Hour,Technology,Charging power (MW),Discharging power (MW),State of charge (MWh)
1,Li-Ion,0.0,0.0,-0.0
1,CAES,0.0,0.0,-0.0
1,PHS,0.0,0.0,-0.0
1,H2,0.0,0.0,-0.0
2,Li-Ion,0.0,0.0,-0.0
2,CAES,0.0,0.0,-0.0
2,PHS,0.0,0.0,-0.0
2,H2,0.0,0.0,-0.0
3,Li-Ion,0.0,0.0,-0.0
3,CAES,0.0,0.0,-0.0
3,PHS,0.0,0.0,-0.0
3,H2,0.0,0.0,-0.0
4,Li-Ion,0.0,0.0,-0.0
4,CAES,0.0,0.0,-0.0
4,PHS,0.0,0.0,-0.0
4,H2,0.0,0.0,-0.0
5,Li-Ion,0.0,0.0,-0.0
5,CAES,0.0,0.0,-0.0
5,PHS,0.0,0.0,-0.0
5,H2,0.0,0.0,-0.0
6,Li-Ion,0.0,0.0,-0.0
6,CAES,0.0,0.0,-0.0
6,PHS,0.0,0.0,-0.0
6,H2,0.0,0.0,-0.0
7,Li-Ion,0.0,0.0,-0.0
7,CAES,0.0,0.0,-0.0
7,PHS,0.0,0.0,-0.0
7,H2,0.0,0.0,-0.0
8,Li-Ion,0.0,0.0,-0.0
8,CAES,0.0,0.0,-0.0
8,PHS,0.0,0.0,-0.0
8,H2,0.0,0.0,-0.0
9,Li-Ion,0.0,0.0,-0.0
9,CAES,0.0,0.0,-0.0
9,PHS,0.0,0.0,-0.0
9,H2,0.0,0.0,-0.0
10,Li-Ion,0.0,0.0,-0.0
10,CAES,0.0,0.0,-0.0
10,PHS,0.0,0.0,-0.0
10,H2,0.0,0.0,-0.0
11,Li-Ion,0.0,0.0,-0.0
11,CAES,0.0,0.0,-0.0
11,PHS,0.0,0.0,-0.0
11,H2,0.0,0.0,-0.0
12,Li-Ion,0.0,0.0,-0.0
12,CAES,0.0,0.0,-0.0
12,PHS,0.0,0.0,-0.0
12,H2,0.0,0.0,-0.0
13,Li-Ion,0.0,0.0,-0.0
13,CAES,0.0,0.0,-0.0
13,PHS,0.0,0.0,-0.0
13,H2,0.0,0.0,-0.0
14,Li-Ion,0.0,0.0,-0.0
14,CAES,0.0,0.0,-0.0
14,PHS,0.0,0.0,-0.0
14,H2,0.0,0.0,-0.0
15,Li-Ion,0.0,0.0,-0.0
15,CAES,0.0,0.0,-0.0
15,PHS,0.0,0.0,-0.0
15,H2,0.0,0.0,-0.0
16,Li-Ion,0.0,0.0,-0.0
16,CAES,0.0,0.0,-0.0
16,PHS,0.0,0.0,-0.0
16,H2,0.0,0.0,-0.0
17,Li-Ion,0.0,0.0,-0.0
17,CAES,0.0,0.0,-0.0
17,PHS,0.0,0.0,-0.0
17,H2,0.0,0.0,-0.0
18,Li-Ion,0.0,0.0,-0.0
18,CAES,0.0,0.0,-0.0
18,PHS,0.0,0.0,-0.0
18,H2,0.0,0.0,-0.0
19,Li-Ion,0.0,0.0,-0.0
19,CAES,0.0,0.0,-0.0
19,PHS,0.0,0.0,-0.0
19,H2,0.0,0.0,-0.0
20,Li-Ion,0.0,0.0,-0.0
20,CAES,0.0,0.0,-0.0
20,PHS,0.0,0.0,-0.0
20,H2,0.0,0.0,-0.0
21,Li-Ion,0.0,0.0,-0.0
21,CAES,0.0,0.0,-0.0
21,PHS,0.0,0.0,-0.0
21,H2,0.0,0.0,-0.0
22,Li-Ion,0.0,0.0,-0.0
22,CAES,0.0,0.0,-0.0
22,PHS,0.0,0.0,-0.0
22,H2,0.0,0.0,-0.0
23,Li-Ion,0.0,0.0,-0.0
23,CAES,0.0,0.0,-0.0
23,PHS,0.0,0.0,-0.0
23,H2,0.0,0.0,-0.0
24,Li-Ion,0.0,0.0,-0.0
24,CAES,0.0,0.0,-0.0
24,PHS,0.0,0.0,-0.0
24,H2,0.0,0.0,-0.0
25,Li-Ion,0.0,0.0,-0.0
25,CAES,0.0,0.0,-0.0
25,PHS,0.0,0.0,-0.0
25,H2,0.0,0.0,-0.0
26,Li-Ion,0.0,0.0,-0.0
26,CAES,0.0,0.0,-0.0
26,PHS,0.0,0.0,-0.0
26,H2,0.0,0.0,-0.0
27,Li-Ion,0.0,0.0,-0.0
27,CAES,0.0,0.0,-0.0
27,PHS,0.0,0.0,-0.0
27,H2,0.0,0.0,-0.0
28,Li-Ion,0.0,0.0,-0.0
28,CAES,0.0,0.0,-0.0
28,PHS,0.0,0.0,-0.0
28,H2,0.0,0.0,-0.0
29,Li-Ion,0.0,0.0,-0.0
29,CAES,0.0,0.0,-0.0
29,PHS,0.0,0.0,-0.0
29,H2,0.0,0.0,-0.0
30,Li-Ion,0.0,0.0,-0.0
30,CAES,0.0,0.0,-0.0
30,PHS,0.0,0.0,-0.0
30,H2,0.0,0.0,-0.0
31,Li-Ion,0.0,0.0,-0.0
31,CAES,0.0,0.0,-0.0
31,PHS,0.0,0.0,-0.0
31,H2,0.0,0.0,-0.0
32,Li-Ion,0.0,0.0,-0.0
32,CAES,0.0,0.0,-0.0
32,PHS,0.0,0.0,-0.0
32,H2,0.0,0.0,-0.0
33,Li-Ion,0.0,0.0,-0.0
33,CAES,0.0,0.0,-0.0
33,PHS,0.0,0.0,-0.0
33,H2,0.0,0.0,-0.0
34,Li-Ion,0.0,0.0,-0.0
34,CAES,0.0,0.0,-0.0
34,PHS,0.0,0.0,-0.0
34,H2,0.0,0.0,-0.0
35,Li-Ion,0.0,0.0,-0.0
35,CAES,0.0,0.0,-0.0
35,PHS,0.0,0.0,-0.0
35,H2,0.0,0.0,-0.0
36,Li-Ion,0.0,0.0,-0.0
36,CAES,0.0,0.0,-0.0
36,PHS,0.0,0.0,-0.0
36,H2,0.0,0.0,-0.0
37,Li-Ion,0.0,0.0,-0.0
37,CAES,0.0,0.0,-0.0
37,PHS,0.0,0.0,-0.0
37,H2,0.0,0.0,-0.0
38,Li-Ion,0.0,0.0,-0.0
38,CAES,0.0,0.0,-0.0
38,PHS,0.0,0.0,-0.0
38,H2,0.0,0.0,-0.0
39,Li-Ion,0.0,0.0,-0.0
39,CAES,0.0,0.0,-0.0
39,PHS,0.0,0.0,-0.0
39,H2,0.0,0.0,-0.0
40,Li-Ion,0.0,0.0,-0.0
40,CAES,0.0,0.0,-0.0
40,PHS,0.0,0.0,-0.0
40,H2,0.0,0.0,-0.0
41,Li-Ion,0.0,0.0,-0.0
41,CAES,0.0,0.0,-0.0
41,PHS,0.0,0.0,-0.0
41,H2,0.0,0.0,-0.0
42,Li-Ion,0.0,0.0,-0.0
42,CAES,0.0,0.0,-0.0
42,PHS,0.0,0.0,-0.0
42,H2,0.0,0.0,-0.0
43,Li-Ion,0.0,0.0,-0.0
43,CAES,0.0,0.0,-0.0
43,PHS,0.0,0.0,-0.0
43,H2,0.0,0.0,-0.0
44,Li-Ion,0.0,0.0,-0.0
44,CAES,0.0,0.0,-0.0
44,PHS,0.0,0.0,-0.0
44,H2,0.0,0.0,-0.0
45,Li-Ion,0.0,0.0,-0.0
45,CAES,0.0,0.0,-0.0
45,PHS,0.0,0.0,-0.0
45,H2,0.0,0.0,-0.0
46,Li-Ion,0.0,0.0,-0.0
46,CAES,0.0,0.0,-0.0
46,PHS,0.0,0.0,-0.0
46,H2,0.0,0.0,-0.0
47,Li-Ion,0.0,0.0,-0.0
47,CAES,0.0,0.0,-0.0
47,PHS,0.0,0.0,-0.0
47,H2,0.0,0.0,-0.0
48,Li-Ion,0.0,0.0,-0.0
48,CAES,0.0,0.0,-0.0
48,PHS,0.0,0.0,-0.0
48,H2,0.0,0.0,-0.0
49,Li-Ion,0.0,0.0,-0.0
49,CAES,0.0,0.0,-0.0
49,PHS,0.0,0.0,-0.0
49,H2,0.0,0.0,-0.0
50,Li-Ion,0.0,0.0,-0.0
50,CAES,0.0,0.0,-0.0
50,PHS,0.0,0.0,-0.0
50,H2,0.0,0.0,-0.0
51,Li-Ion,0.0,0.0,-0.0
51,CAES,0.0,0.0,-0.0
51,PHS,0.0,0.0,-0.0
51,H2,0.0,0.0,-0.0
52,Li-Ion,0.0,0.0,-0.0
52,CAES,0.0,0.0,-0.0
52,PHS,0.0,0.0,-0.0
52,H2,0.0,0.0,-0.0
53,Li-Ion,0.0,0.0,-0.0
53,CAES,0.0,0.0,-0.0
53,PHS,0.0,0.0,-0.0
53,H2,0.0,0.0,-0.0
54,Li-Ion,0.0,0.0,-0.0
54,CAES,0.0,0.0,-0.0
54,PHS,0.0,0.0,-0.0
54,H2,0.0,0.0,-0.0
55,Li-Ion,0.0,0.0,-0.0
55,CAES,0.0,0.0,-0.0
55,PHS,0.0,0.0,-0.0
55,H2,0.0,0.0,-0.0
56,Li-Ion,0.0,0.0,-0.0
56,CAES,0.0,0.0,-0.0
56,PHS,0.0,0.0,-0.0
56,H2,0.0,0.0,-0.0
57,Li-Ion,0.0,0.0,-0.0
57,CAES,0.0,0.0,-0.0
57,PHS,0.0,0.0,-0.0
57,H2,0.0,0.0,-0.0
58,Li-Ion,0.0,0.0,-0.0
58,CAES,0.0,0.0,-0.0
58,PHS,0.0,0.0,-0.0
58,H2,0.0,0.0,-0.0
59,Li-Ion,0.0,0.0,-0.0
59,CAES,0.0,0.0,-0.0
59,PHS,0.0,0.0,-0.0
59,H2,0.0,0.0,-0.0
60,Li-Ion,0.0,0.0,-0.0
60,CAES,0.0,0.0,-0.0
60,PHS,0.0,0.0,-0.0
60,H2,0.0,0.0,-0.0
61,Li-Ion,0.0,0.0,-0.0
61,CAES,0.0,0.0,-0.0
61,PHS,0.0,0.0,-0.0
61,H2,0.0,0.0,-0.0
62,Li-Ion,0.0,0.0,-0.0
62,CAES,0.0,0.0,-0.0
62,PHS,0.0,0.0,-0.0
62,H2,0.0,0.0,-0.0
63,Li-Ion,0.0,0.0,-0.0
63,CAES,0.0,0.0,-0.0
63,PHS,0.0,0.0,-0.0
63,H2,0.0,0.0,-0.0
64,Li-Ion,0.0,0.0,-0.0
64,CAES,0.0,0.0,-0.0
64,PHS,0.0,0.0,-0.0
64,H2,0.0,0.0,-0.0
65,Li-Ion,0.0,0.0,-0.0
65,CAES,0.0,0.0,-0.0
65,PHS,0.0,0.0,-0.0
65,H2,0.0,0.0,-0.0
66,Li-Ion,0.0,0.0,-0.0
66,CAES,0.0,0.0,-0.0
66,PHS,0.0,0.0,-0.0
66,H2,0.0,0.0,-0.0
67,Li-Ion,0.0,0.0,-0.0
67,CAES,0.0,0.0,-0.0
67,PHS,0.0,0.0,-0.0
67,H2,0.0,0.0,-0.0
68,Li-Ion,0.0,0.0,-0.0
68,CAES,0.0,0.0,-0.0
68,PHS,0.0,0.0,-0.0
68,H2,0.0,0.0,-0.0
69,Li-Ion,0.0,0.0,-0.0
69,CAES,0.0,0.0,-0.0
69,PHS,0.0,0.0,-0.0
69,H2,0.0,0.0,-0.0
70,Li-Ion,0.0,0.0,-0.0
70,CAES,0.0,0.0,-0.0
70,PHS,0.0,0.0,-0.0
70,H2,0.0,0.0,-0.0
71,Li-Ion,0.0,0.0,-0.0
71,CAES,0.0,0.0,-0.0
71,PHS,0.0,0.0,-0.0
71,H2,0.0,0.0,-0.0
72,Li-Ion,0.0,0.0,-0.0
72,CAES,0.0,0.0,-0.0
72,PHS,0.0,0.0,-0.0
72,H2,0.0,0.0,-0.0
73,Li-Ion,0.0,0.0,-0.0
73,CAES,0.0,0.0,-0.0
73,PHS,0.0,0.0,-0.0
73,H2,0.0,0.0,-0.0
74,Li-Ion,0.0,0.0,-0.0
74,CAES,0.0,0.0,-0.0
74,PHS,0.0,0.0,-0.0
74,H2,0.0,0.0,-0.0
75,Li-Ion,0.0,0.0,-0.0
75,CAES,0.0,0.0,-0.0
75,PHS,0.0,0.0,-0.0
75,H2,0.0,0.0,-0.0
76,Li-Ion,0.0,0.0,-0.0
76,CAES,0.0,0.0,-0.0
76,PHS,0.0,0.0,-0.0
76,H2,0.0,0.0,-0.0
77,Li-Ion,0.0,0.0,-0.0
77,CAES,0.0,0.0,-0.0
77,PHS,0.0,0.0,-0.0
77,H2,0.0,0.0,-0.0
78,Li-Ion,0.0,0.0,-0.0
78,CAES,0.0,0.0,-0.0
78,PHS,0.0,0.0,-0.0
78,H2,0.0,0.0,-0.0
79,Li-Ion,0.0,0.0,-0.0
79,CAES,0.0,0.0,-0.0
79,PHS,0.0,0.0,-0.0
79,H2,0.0,0.0,-0.0
80,Li-Ion,0.0,0.0,-0.0
80,CAES,0.0,0.0,-0.0
80,PHS,0.0,0.0,-0.0
80,H2,0.0,0.0,-0.0
81,Li-Ion,0.0,0.0,-0.0
81,CAES,0.0,0.0,-0.0
81,PHS,0.0,0.0,-0.0
81,H2,0.0,0.0,-0.0
82,Li-Ion,0.0,0.0,-0.0
82,CAES,0.0,0.0,-0.0
82,PHS,0.0,0.0,-0.0
82,H2,0.0,0.0,-0.0
83,Li-Ion,0.0,0.0,-0.0
83,CAES,0.0,0.0,-0.0
83,PHS,0.0,0.0,-0.0
83,H2,0.0,0.0,-0.0
84,Li-Ion,0.0,0.0,-0.0
84,CAES,0.0,0.0,-0.0
84,PHS,0.0,0.0,-0.0
84,H2,0.0,0.0,-0.0
85,Li-Ion,0.0,0.0,-0.0
85,CAES,0.0,0.0,-0.0
85,PHS,0.0,0.0,-0.0
85,H2,0.0,0.0,-0.0
86,Li-Ion,0.0,0.0,-0.0
86,CAES,0.0,0.0,-0.0
86,PHS,0.0,0.0,-0.0
86,H2,0.0,0.0,-0.0
87,Li-Ion,0.0,0.0,-0.0
87,CAES,0.0,0.0,-0.0
87,PHS,0.0,0.0,-0.0
87,H2,0.0,0.0,-0.0
88,Li-Ion,0.0,0.0,-0.0
88,CAES,0.0,0.0,-0.0
88,PHS,0.0,0.0,-0.0
88,H2,0.0,0.0,-0.0
89,Li-Ion,0.0,0.0,-0.0
89,CAES,0.0,0.0,-0.0
89,PHS,0.0,0.0,-0.0
89,H2,0.0,0.0,-0.0
90,Li-Ion,0.0,0.0,-0.0
90,CAES,0.0,0.0,-0.0
90,PHS,0.0,0.0,-0.0
90,H2,0.0,0.0,-0.0
91,Li-Ion,0.0,0.0,-0.0
91,CAES,0.0,0.0,-0.0
91,PHS,0.0,0.0,-0.0
91,H2,0.0,0.0,-0.0
92,Li-Ion,0.0,0.0,-0.0
92,CAES,0.0,0.0,-0.0
92,PHS,0.0,0.0,-0.0
92,H2,0.0,0.0,-0.0
93,Li-Ion,0.0,0.0,-0.0
93,CAES,0.0,0.0,-0.0
93,PHS,0.0,0.0,-0.0
93,H2,0.0,0.0,-0.0
94,Li-Ion,0.0,0.0,-0.0
94,CAES,0.0,0.0,-0.0
94,PHS,0.0,0.0,-0.0
94,H2,0.0,0.0,-0.0
95,Li-Ion,0.0,0.0,-0.0
95,CAES,0.0,0.0,-0.0
95,PHS,0.0,0.0,-0.0
95,H2,0.0,0.0,-0.0
96,Li-Ion,0.0,0.0,-0.0
96,CAES,0.0,0.0,-0.0
96,PHS,0.0,0.0,-0.0
96,H2,0.0,0.0,-0.0
97,Li-Ion,0.0,0.0,-0.0
97,CAES,0.0,0.0,-0.0
97,PHS,0.0,0.0,-0.0
97,H2,0.0,0.0,-0.0
98,Li-Ion,0.0,0.0,-0.0
98,CAES,0.0,0.0,-0.0
98,PHS,0.0,0.0,-0.0
98,H2,0.0,0.0,-0.0
99,Li-Ion,0.0,0.0,-0.0
99,CAES,0.0,0.0,-0.0
99,PHS,0.0,0.0,-0.0
99,H2,0.0,0.0,-0.0
100,Li-Ion,0.0,0.0,-0.0
100,CAES,0.0,0.0,-0.0
100,PHS,0.0,0.0,-0.0
100,H2,0.0,0.0,-0.0
101,Li-Ion,0.0,0.0,-0.0
101,CAES,0.0,0.0,-0.0
101,PHS,0.0,0.0,-0.0
101,H2,0.0,0.0,-0.0
102,Li-Ion,0.0,0.0,-0.0
102,CAES,0.0,0.0,-0.0
102,PHS,0.0,0.0,-0.0
102,H2,0.0,0.0,-0.0
103,Li-Ion,0.0,0.0,-0.0
103,CAES,0.0,0.0,-0.0
103,PHS,0.0,0.0,-0.0
103,H2,0.0,0.0,-0.0
104,Li-Ion,0.0,0.0,-0.0
104,CAES,0.0,0.0,-0.0
104,PHS,0.0,0.0,-0.0
104,H2,0.0,0.0,-0.0
105,Li-Ion,0.0,0.0,-0.0
105,CAES,0.0,0.0,-0.0
105,PHS,0.0,0.0,-0.0
105,H2,0.0,0.0,-0.0
106,Li-Ion,0.0,0.0,-0.0
106,CAES,0.0,0.0,-0.0
106,PHS,0.0,0.0,-0.0
106,H2,0.0,0.0,-0.0
107,Li-Ion,0.0,0.0,-0.0
107,CAES,0.0,0.0,-0.0
107,PHS,0.0,0.0,-0.0
107,H2,0.0,0.0,-0.0
108,Li-Ion,0.0,0.0,-0.0
108,CAES,0.0,0.0,-0.0
108,PHS,0.0,0.0,-0.0
108,H2,0.0,0.0,-0.0
109,Li-Ion,0.0,0.0,-0.0
109,CAES,0.0,0.0,-0.0
109,PHS,0.0,0.0,-0.0
109,H2,0.0,0.0,-0.0
110,Li-Ion,0.0,0.0,-0.0
110,CAES,0.0,0.0,-0.0
110,PHS,0.0,0.0,-0.0
110,H2,0.0,0.0,-0.0
111,Li-Ion,0.0,0.0,-0.0
111,CAES,0.0,0.0,-0.0
111,PHS,0.0,0.0,-0.0
111,H2,0.0,0.0,-0.0
112,Li-Ion,0.0,0.0,-0.0
112,CAES,0.0,0.0,-0.0
112,PHS,0.0,0.0,-0.0
112,H2,0.0,0.0,-0.0
113,Li-Ion,0.0,0.0,-0.0
113,CAES,0.0,0.0,-0.0
113,PHS,0.0,0.0,-0.0
113,H2,0.0,0.0,-0.0
114,Li-Ion,0.0,0.0,-0.0
114,CAES,0.0,0.0,-0.0
114,PHS,0.0,0.0,-0.0
114,H2,0.0,0.0,-0.0
115,Li-Ion,0.0,0.0,-0.0
115,CAES,0.0,0.0,-0.0
115,PHS,0.0,0.0,-0.0
115,H2,0.0,0.0,-0.0
116,Li-Ion,0.0,0.0,-0.0
116,CAES,0.0,0.0,-0.0
116,PHS,0.0,0.0,-0.0
116,H2,0.0,0.0,-0.0
117,Li-Ion,0.0,0.0,-0.0
117,CAES,0.0,0.0,-0.0
117,PHS,0.0,0.0,-0.0
117,H2,0.0,0.0,-0.0
118,Li-Ion,0.0,0.0,-0.0
118,CAES,0.0,0.0,-0.0
118,PHS,0.0,0.0,-0.0
118,H2,0.0,0.0,-0.0
119,Li-Ion,0.0,0.0,-0.0
119,CAES,0.0,0.0,-0.0
119,PHS,0.0,0.0,-0.0
119,H2,0.0,0.0,-0.0
120,Li-Ion,0.0,0.0,-0.0
120,CAES,0.0,0.0,-0.0
120,PHS,0.0,0.0,-0.0
120,H2,0.0,0.0,-0.0
121,Li-Ion,0.0,0.0,-0.0
121,CAES,0.0,0.0,-0.0
121,PHS,0.0,0.0,-0.0
121,H2,0.0,0.0,-0.0
122,Li-Ion,0.0,0.0,-0.0
122,CAES,0.0,0.0,-0.0
122,PHS,0.0,0.0,-0.0
122,H2,0.0,0.0,-0.0
123,Li-Ion,0.0,0.0,-0.0
123,CAES,0.0,0.0,-0.0
123,PHS,0.0,0.0,-0.0
123,H2,0.0,0.0,-0.0
124,Li-Ion,0.0,0.0,-0.0
124,CAES,0.0,0.0,-0.0
124,PHS,0.0,0.0,-0.0
124,H2,0.0,0.0,-0.0
125,Li-Ion,0.0,0.0,-0.0
125,CAES,0.0,0.0,-0.0
125,PHS,0.0,0.0,-0.0
125,H2,0.0,0.0,-0.0
126,Li-Ion,0.0,0.0,-0.0
126,CAES,0.0,0.0,-0.0
126,PHS,0.0,0.0,-0.0
126,H2,0.0,0.0,-0.0
127,Li-Ion,0.0,0.0,-0.0
127,CAES,0.0,0.0,-0.0
127,PHS,0.0,0.0,-0.0
127,H2,0.0,0.0,-0.0
128,Li-Ion,0.0,0.0,-0.0
128,CAES,0.0,0.0,-0.0
128,PHS,0.0,0.0,-0.0
128,H2,0.0,0.0,-0.0
129,Li-Ion,0.0,0.0,-0.0
129,CAES,0.0,0.0,-0.0
129,PHS,0.0,0.0,-0.0
129,H2,0.0,0.0,-0.0
130,Li-Ion,0.0,0.0,-0.0
130,CAES,0.0,0.0,-0.0
130,PHS,0.0,0.0,-0.0
130,H2,0.0,0.0,-0.0
131,Li-Ion,0.0,0.0,-0.0
131,CAES,0.0,0.0,-0.0
131,PHS,0.0,0.0,-0.0
131,H2,0.0,0.0,-0.0
132,Li-Ion,0.0,0.0,-0.0
132,CAES,0.0,0.0,-0.0
132,PHS,0.0,0.0,-0.0
132,H2,0.0,0.0,-0.0
133,Li-Ion,0.0,0.0,-0.0
133,CAES,0.0,0.0,-0.0
133,PHS,0.0,0.0,-0.0
133,H2,0.0,0.0,-0.0
134,Li-Ion,0.0,0.0,-0.0
134,CAES,0.0,0.0,-0.0
134,PHS,0.0,0.0,-0.0
134,H2,0.0,0.0,-0.0
135,Li-Ion,0.0,0.0,-0.0
135,CAES,0.0,0.0,-0.0
135,PHS,0.0,0.0,-0.0
135,H2,0.0,0.0,-0.0
136,Li-Ion,0.0,0.0,-0.0
136,CAES,0.0,0.0,-0.0
136,PHS,0.0,0.0,-0.0
136,H2,0.0,0.0,-0.0
137,Li-Ion,0.0,0.0,-0.0
137,CAES,0.0,0.0,-0.0
137,PHS,0.0,0.0,-0.0
137,H2,0.0,0.0,-0.0
138,Li-Ion,0.0,0.0,-0.0
138,CAES,0.0,0.0,-0.0
138,PHS,0.0,0.0,-0.0
138,H2,0.0,0.0,-0.0
139,Li-Ion,0.0,0.0,-0.0
139,CAES,0.0,0.0,-0.0
139,PHS,0.0,0.0,-0.0
139,H2,0.0,0.0,-0.0
140,Li-Ion,0.0,0.0,-0.0
140,CAES,0.0,0.0,-0.0
140,PHS,0.0,0.0,-0.0
140,H2,0.0,0.0,-0.0
141,Li-Ion,0.0,0.0,-0.0
141,CAES,0.0,0.0,-0.0
141,PHS,0.0,0.0,-0.0
141,H2,0.0,0.0,-0.0
142,Li-Ion,0.0,0.0,-0.0
142,CAES,0.0,0.0,-0.0
142,PHS,0.0,0.0,-0.0
142,H2,0.0,0.0,-0.0
143,Li-Ion,0.0,0.0,-0.0
143,CAES,0.0,0.0,-0.0
143,PHS,0.0,0.0,-0.0
143,H2,0.0,0.0,-0.0
144,Li-Ion,0.0,0.0,-0.0
144,CAES,0.0,0.0,-0.0
144,PHS,0.0,0.0,-0.0
144,H2,0.0,0.0,-0.0
145,Li-Ion,0.0,0.0,-0.0
145,CAES,0.0,0.0,-0.0
145,PHS,0.0,0.0,-0.0
145,H2,0.0,0.0,-0.0
146,Li-Ion,0.0,0.0,-0.0
146,CAES,0.0,0.0,-0.0
146,PHS,0.0,0.0,-0.0
146,H2,0.0,0.0,-0.0
147,Li-Ion,0.0,0.0,-0.0
147,CAES,0.0,0.0,-0.0
147,PHS,0.0,0.0,-0.0
147,H2,0.0,0.0,-0.0
148,Li-Ion,0.0,0.0,-0.0
148,CAES,0.0,0.0,-0.0
148,PHS,0.0,0.0,-0.0
148,H2,0.0,0.0,-0.0
149,Li-Ion,0.0,0.0,-0.0
149,CAES,0.0,0.0,-0.0
149,PHS,0.0,0.0,-0.0
149,H2,0.0,0.0,-0.0
150,Li-Ion,0.0,0.0,-0.0
150,CAES,0.0,0.0,-0.0
150,PHS,0.0,0.0,-0.0
150,H2,0.0,0.0,-0.0
151,Li-Ion,0.0,0.0,-0.0
151,CAES,0.0,0.0,-0.0
151,PHS,0.0,0.0,-0.0
151,H2,0.0,0.0,-0.0
152,Li-Ion,0.0,0.0,-0.0
152,CAES,0.0,0.0,-0.0
152,PHS,0.0,0.0,-0.0
152,H2,0.0,0.0,-0.0
153,Li-Ion,0.0,0.0,-0.0
153,CAES,0.0,0.0,-0.0
153,PHS,0.0,0.0,-0.0
153,H2,0.0,0.0,-0.0
154,Li-Ion,0.0,0.0,-0.0
154,CAES,0.0,0.0,-0.0
154,PHS,0.0,0.0,-0.0
154,H2,0.0,0.0,-0.0
155,Li-Ion,0.0,0.0,-0.0
155,CAES,0.0,0.0,-0.0
155,PHS,0.0,0.0,-0.0
155,H2,0.0,0.0,-0.0
156,Li-Ion,0.0,0.0,-0.0
156,CAES,0.0,0.0,-0.0
156,PHS,0.0,0.0,-0.0
156,H2,0.0,0.0,-0.0
157,Li-Ion,0.0,0.0,-0.0
157,CAES,0.0,0.0,-0.0
157,PHS,0.0,0.0,-0.0
157,H2,0.0,0.0,-0.0
158,Li-Ion,0.0,0.0,-0.0
158,CAES,0.0,0.0,-0.0
158,PHS,0.0,0.0,-0.0
158,H2,0.0,0.0,-0.0
159,Li-Ion,0.0,0.0,-0.0
159,CAES,0.0,0.0,-0.0
159,PHS,0.0,0.0,-0.0
159,H2,0.0,0.0,-0.0
160,Li-Ion,0.0,0.0,-0.0
160,CAES,0.0,0.0,-0.0
160,PHS,0.0,0.0,-0.0
160,H2,0.0,0.0,-0.0
161,Li-Ion,0.0,0.0,-0.0
161,CAES,0.0,0.0,-0.0
161,PHS,0.0,0.0,-0.0
161,H2,0.0,0.0,-0.0
162,Li-Ion,0.0,0.0,-0.0
162,CAES,0.0,0.0,-0.0
162,PHS,0.0,0.0,-0.0
162,H2,0.0,0.0,-0.0
163,Li-Ion,0.0,0.0,-0.0
163,CAES,0.0,0.0,-0.0
163,PHS,0.0,0.0,-0.0
163,H2,0.0,0.0,-0.0
164,Li-Ion,0.0,0.0,-0.0
164,CAES,0.0,0.0,-0.0
164,PHS,0.0,0.0,-0.0
164,H2,0.0,0.0,-0.0
165,Li-Ion,0.0,0.0,-0.0
165,CAES,0.0,0.0,-0.0
165,PHS,0.0,0.0,-0.0
165,H2,0.0,0.0,-0.0
166,Li-Ion,0.0,0.0,-0.0
166,CAES,0.0,0.0,-0.0
166,PHS,0.0,0.0,-0.0
166,H2,0.0,0.0,-0.0
167,Li-Ion,0.0,0.0,-0.0
167,CAES,0.0,0.0,-0.0
167,PHS,0.0,0.0,-0.0
167,H2,0.0,0.0,-0.0
168,Li-Ion,0.0,0.0,-0.0
168,CAES,0.0,0.0,-0.0
168,PHS,0.0,0.0,-0.0
168,H2,0.0,0.0,-0.0
169,Li-Ion,0.0,0.0,-0.0
169,CAES,0.0,0.0,-0.0
169,PHS,0.0,0.0,-0.0
169,H2,0.0,0.0,-0.0
170,Li-Ion,0.0,0.0,-0.0
170,CAES,0.0,0.0,-0.0
170,PHS,0.0,0.0,-0.0
170,H2,0.0,0.0,-0.0
171,Li-Ion,0.0,0.0,-0.0
171,CAES,0.0,0.0,-0.0
171,PHS,0.0,0.0,-0.0
171,H2,0.0,0.0,-0.0
172,Li-Ion,0.0,0.0,-0.0
172,CAES,0.0,0.0,-0.0
172,PHS,0.0,0.0,-0.0
172,H2,0.0,0.0,-0.0
173,Li-Ion,0.0,0.0,-0.0
173,CAES,0.0,0.0,-0.0
173,PHS,0.0,0.0,-0.0
173,H2,0.0,0.0,-0.0
174,Li-Ion,0.0,0.0,-0.0
174,CAES,0.0,0.0,-0.0
174,PHS,0.0,0.0,-0.0
174,H2,0.0,0.0,-0.0
175,Li-Ion,0.0,0.0,-0.0
175,CAES,0.0,0.0,-0.0
175,PHS,0.0,0.0,-0.0
175,H2,0.0,0.0,-0.0
176,Li-Ion,0.0,0.0,-0.0
176,CAES,0.0,0.0,-0.0
176,PHS,0.0,0.0,-0.0
176,H2,0.0,0.0,-0.0
177,Li-Ion,0.0,0.0,-0.0
177,CAES,0.0,0.0,-0.0
177,PHS,0.0,0.0,-0.0
177,H2,0.0,0.0,-0.0
178,Li-Ion,0.0,0.0,-0.0
178,CAES,0.0,0.0,-0.0
178,PHS,0.0,0.0,-0.0
178,H2,0.0,0.0,-0.0
179,Li-Ion,0.0,0.0,-0.0
179,CAES,0.0,0.0,-0.0
179,PHS,0.0,0.0,-0.0
179,H2,0.0,0.0,-0.0
180,Li-Ion,0.0,0.0,-0.0
180,CAES,0.0,0.0,-0.0
180,PHS,0.0,0.0,-0.0
180,H2,0.0,0.0,-0.0
181,Li-Ion,0.0,0.0,-0.0
181,CAES,0.0,0.0,-0.0
181,PHS,0.0,0.0,-0.0
181,H2,0.0,0.0,-0.0
182,Li-Ion,0.0,0.0,-0.0
182,CAES,0.0,0.0,-0.0
182,PHS,0.0,0.0,-0.0
182,H2,0.0,0.0,-0.0
183,Li-Ion,0.0,0.0,-0.0
183,CAES,0.0,0.0,-0.0
183,PHS,0.0,0.0,-0.0
183,H2,0.0,0.0,-0.0
184,Li-Ion,0.0,0.0,-0.0
184,CAES,0.0,0.0,-0.0
184,PHS,0.0,0.0,-0.0
184,H2,0.0,0.0,-0.0
185,Li-Ion,0.0,0.0,-0.0
185,CAES,0.0,0.0,-0.0
185,PHS,0.0,0.0,-0.0
185,H2,0.0,0.0,-0.0
186,Li-Ion,0.0,0.0,-0.0
186,CAES,0.0,0.0,-0.0
186,PHS,0.0,0.0,-0.0
186,H2,0.0,0.0,-0.0
187,Li-Ion,0.0,0.0,-0.0
187,CAES,0.0,0.0,-0.0
187,PHS,0.0,0.0,-0.0
187,H2,0.0,0.0,-0.0
188,Li-Ion,0.0,0.0,-0.0
188,CAES,0.0,0.0,-0.0
188,PHS,0.0,0.0,-0.0
188,H2,0.0,0.0,-0.0
189,Li-Ion,0.0,0.0,-0.0
189,CAES,0.0,-0.0,-0.0
189,PHS,0.0,-0.0,-0.0
189,H2,0.0,-0.0,-0.0
190,Li-Ion,0.0,0.0,-0.0
190,CAES,0.0,0.0,-0.0
190,PHS,0.0,-0.0,-0.0
190,H2,0.0,-0.0,-0.0
191,Li-Ion,0.0,0.0,-0.0
191,CAES,0.0,0.0,-0.0
191,PHS,0.0,0.0,-0.0
191,H2,0.0,0.0,-0.0
192,Li-Ion,0.0,0.0,-0.0
192,CAES,0.0,0.0,-0.0
192,PHS,0.0,-0.0,-0.0
192,H2,0.0,-0.0,-0.0
193,Li-Ion,0.0,0.0,-0.0
193,CAES,0.0,0.0,-0.0
193,PHS,0.0,0.0,-0.0
193,H2,0.0,0.0,-0.0
194,Li-Ion,0.0,0.0,-0.0
194,CAES,0.0,0.0,-0.0
194,PHS,0.0,0.0,-0.0
194,H2,0.0,0.0,-0.0
195,Li-Ion,0.0,0.0,-0.0
195,CAES,0.0,0.0,-0.0
195,PHS,0.0,0.0,-0.0
195,H2,0.0,0.0,-0.0
196,Li-Ion,0.0,0.0,-0.0
196,CAES,0.0,0.0,-0.0
196,PHS,0.0,0.0,-0.0
196,H2,0.0,0.0,-0.0
197,Li-Ion,0.0,0.0,-0.0
197,CAES,0.0,0.0,-0.0
197,PHS,0.0,-0.0,-0.0
197,H2,0.0,-0.0,-0.0
198,Li-Ion,0.0,0.0,-0.0
198,CAES,0.0,0.0,-0.0
198,PHS,0.0,0.0,-0.0
198,H2,0.0,0.0,-0.0
199,Li-Ion,0.0,0.0,-0.0
199,CAES,0.0,0.0,-0.0
199,PHS,0.0,-0.0,-0.0
199,H2,0.0,-0.0,-0.0
200,Li-Ion,0.0,0.0,-0.0
200,CAES,0.0,0.0,-0.0
200,PHS,0.0,0.0,-0.0
200,H2,0.0,0.0,-0.0
201,Li-Ion,0.0,0.0,-0.0
201,CAES,0.0,0.0,-0.0
201,PHS,0.0,0.0,-0.0
201,H2,0.0,0.0,-0.0
202,Li-Ion,0.0,0.0,-0.0
202,CAES,0.0,0.0,-0.0
202,PHS,0.0,0.0,-0.0
202,H2,0.0,0.0,-0.0
203,Li-Ion,0.0,0.0,-0.0
203,CAES,0.0,0.0,-0.0
203,PHS,0.0,0.0,-0.0
203,H2,0.0,0.0,-0.0
204,Li-Ion,0.0,0.0,-0.0
204,CAES,0.0,0.0,-0.0
204,PHS,0.0,0.0,-0.0
204,H2,0.0,0.0,-0.0
205,Li-Ion,0.0,0.0,-0.0
205,CAES,0.0,0.0,-0.0
205,PHS,0.0,0.0,-0.0
205,H2,0.0,0.0,-0.0
206,Li-Ion,0.0,0.0,-0.0
206,CAES,0.0,0.0,-0.0
206,PHS,0.0,0.0,-0.0
206,H2,0.0,0.0,-0.0
207,Li-Ion,0.0,0.0,-0.0
207,CAES,0.0,0.0,-0.0
207,PHS,0.0,0.0,-0.0
207,H2,0.0,0.0,-0.0
208,Li-Ion,0.0,0.0,-0.0
208,CAES,0.0,0.0,-0.0
208,PHS,0.0,0.0,-0.0
208,H2,0.0,0.0,-0.0
209,Li-Ion,0.0,0.0,-0.0
209,CAES,0.0,0.0,-0.0
209,PHS,0.0,0.0,-0.0
209,H2,0.0,0.0,-0.0
210,Li-Ion,0.0,0.0,-0.0
210,CAES,0.0,0.0,-0.0
210,PHS,0.0,-0.0,-0.0
210,H2,0.0,-0.0,-0.0
211,Li-Ion,0.0,-0.0,-0.0
211,CAES,0.0,-0.0,-0.0
211,PHS,0.0,-0.0,-0.0
211,H2,0.0,-0.0,-0.0
212,Li-Ion,0.0,0.0,-0.0
212,CAES,0.0,0.0,-0.0
212,PHS,0.0,-0.0,-0.0
212,H2,0.0,-0.0,-0.0
213,Li-Ion,0.0,0.0,-0.0
213,CAES,0.0,-0.0,-0.0
213,PHS,0.0,-0.0,-0.0
213,H2,0.0,-0.0,-0.0
214,Li-Ion,0.0,0.0,-0.0
214,CAES,0.0,0.0,-0.0
214,PHS,0.0,-0.0,-0.0
214,H2,0.0,-0.0,-0.0
215,Li-Ion,0.0,0.0,-0.0
215,CAES,0.0,0.0,-0.0
215,PHS,0.0,-0.0,-0.0
215,H2,0.0,-0.0,-0.0
216,Li-Ion,0.0,0.0,-0.0
216,CAES,0.0,0.0,-0.0
216,PHS,0.0,-0.0,-0.0
216,H2,0.0,-0.0,-0.0
217,Li-Ion,0.0,0.0,-0.0
217,CAES,0.0,0.0,-0.0
217,PHS,0.0,-0.0,-0.0
217,H2,0.0,-0.0,-0.0
218,Li-Ion,0.0,0.0,-0.0
218,CAES,0.0,0.0,-0.0
218,PHS,0.0,-0.0,-0.0
218,H2,0.0,-0.0,-0.0
219,Li-Ion,0.0,0.0,-0.0
219,CAES,0.0,-0.0,-0.0
219,PHS,0.0,-0.0,-0.0
219,H2,0.0,-0.0,-0.0
220,Li-Ion,0.0,0.0,-0.0
220,CAES,0.0,0.0,-0.0
220,PHS,0.0,-0.0,-0.0
220,H2,0.0,-0.0,-0.0
221,Li-Ion,0.0,0.0,-0.0
221,CAES,0.0,0.0,-0.0
221,PHS,0.0,-0.0,-0.0
221,H2,0.0,-0.0,-0.0
222,Li-Ion,0.0,0.0,-0.0
222,CAES,0.0,0.0,-0.0
222,PHS,0.0,-0.0,-0.0
222,H2,0.0,-0.0,-0.0
223,Li-Ion,0.0,0.0,-0.0
223,CAES,0.0,0.0,-0.0
223,PHS,0.0,-0.0,-0.0
223,H2,0.0,-0.0,-0.0
224,Li-Ion,0.0,0.0,-0.0
224,CAES,0.0,0.0,-0.0
224,PHS,0.0,0.0,-0.0
224,H2,0.0,0.0,-0.0
225,Li-Ion,0.0,0.0,-0.0
225,CAES,0.0,0.0,-0.0
225,PHS,0.0,0.0,-0.0
225,H2,0.0,0.0,-0.0
226,Li-Ion,0.0,0.0,-0.0
226,CAES,0.0,0.0,-0.0
226,PHS,0.0,0.0,-0.0
226,H2,0.0,0.0,0.0
227,Li-Ion,0.0,0.0,-0.0
227,CAES,0.0,0.0,-0.0
227,PHS,0.0,0.0,-0.0
227,H2,0.0,0.0,-0.0
228,Li-Ion,0.0,0.0,-0.0
228,CAES,0.0,0.0,-0.0
228,PHS,0.0,0.0,-0.0
228,H2,0.0,0.0,-0.0
229,Li-Ion,0.0,0.0,-0.0
229,CAES,0.0,0.0,-0.0
229,PHS,0.0,0.0,-0.0
229,H2,0.0,0.0,-0.0
230,Li-Ion,0.0,0.0,-0.0
230,CAES,0.0,0.0,-0.0
230,PHS,0.0,0.0,-0.0
230,H2,0.0,0.0,-0.0
231,Li-Ion,0.0,0.0,-0.0
231,CAES,0.0,0.0,-0.0
231,PHS,0.0,0.0,-0.0
231,H2,0.0,0.0,-0.0
232,Li-Ion,0.0,0.0,-0.0
232,CAES,0.0,0.0,-0.0
232,PHS,0.0,0.0,-0.0
232,H2,0.0,0.0,-0.0
233,Li-Ion,0.0,0.0,-0.0
233,CAES,0.0,0.0,-0.0
233,PHS,0.0,0.0,-0.0
233,H2,0.0,0.0,-0.0
234,Li-Ion,0.0,0.0,-0.0
234,CAES,0.0,0.0,-0.0
234,PHS,0.0,0.0,-0.0
234,H2,0.0,0.0,-0.0
235,Li-Ion,0.0,0.0,-0.0
235,CAES,0.0,-0.0,-0.0
235,PHS,0.0,-0.0,-0.0
235,H2,0.0,-0.0,-0.0
236,Li-Ion,0.0,0.0,-0.0
236,CAES,0.0,0.0,-0.0
236,PHS,0.0,0.0,-0.0
236,H2,0.0,0.0,-0.0
237,Li-Ion,0.0,0.0,-0.0
237,CAES,0.0,0.0,-0.0
237,PHS,0.0,0.0,-0.0
237,H2,0.0,0.0,-0.0
238,Li-Ion,0.0,0.0,-0.0
238,CAES,0.0,0.0,-0.0
238,PHS,0.0,0.0,-0.0
238,H2,0.0,0.0,-0.0
239,Li-Ion,0.0,0.0,-0.0
239,CAES,0.0,0.0,-0.0
239,PHS,0.0,0.0,-0.0
239,H2,0.0,0.0,-0.0
240,Li-Ion,0.0,0.0,-0.0
240,CAES,0.0,0.0,-0.0
240,PHS,0.0,0.0,-0.0
240,H2,0.0,0.0,-0.0
241,Li-Ion,0.0,0.0,-0.0
241,CAES,0.0,0.0,-0.0
241,PHS,0.0,0.0,-0.0
241,H2,0.0,0.0,-0.0
242,Li-Ion,0.0,0.0,-0.0
242,CAES,0.0,0.0,-0.0
242,PHS,0.0,0.0,-0.0
242,H2,0.0,0.0,-0.0
243,Li-Ion,0.0,0.0,-0.0
243,CAES,0.0,0.0,-0.0
243,PHS,0.0,0.0,-0.0
243,H2,0.0,0.0,-0.0
244,Li-Ion,0.0,0.0,-0.0
244,CAES,0.0,0.0,-0.0
244,PHS,0.0,0.0,-0.0
244,H2,0.0,0.0,-0.0
245,Li-Ion,0.0,0.0,-0.0
245,CAES,0.0,0.0,-0.0
245,PHS,0.0,0.0,-0.0
245,H2,0.0,0.0,-0.0
246,Li-Ion,0.0,0.0,-0.0
246,CAES,0.0,0.0,-0.0
246,PHS,0.0,0.0,-0.0
246,H2,0.0,0.0,-0.0
247,Li-Ion,0.0,0.0,-0.0
247,CAES,0.0,0.0,-0.0
247,PHS,0.0,0.0,-0.0
247,H2,0.0,0.0,-0.0
248,Li-Ion,0.0,0.0,-0.0
248,CAES,0.0,0.0,-0.0
248,PHS,0.0,0.0,-0.0
248,H2,0.0,0.0,-0.0
249,Li-Ion,0.0,0.0,-0.0
249,CAES,0.0,0.0,-0.0
249,PHS,0.0,0.0,-0.0
249,H2,0.0,0.0,-0.0
250,Li-Ion,0.0,0.0,-0.0
250,CAES,0.0,0.0,-0.0
250,PHS,0.0,0.0,-0.0
250,H2,0.0,0.0,-0.0
251,Li-Ion,0.0,0.0,-0.0
251,CAES,0.0,0.0,-0.0
251,PHS,0.0,0.0,-0.0
251,H2,0.0,0.0,-0.0
252,Li-Ion,0.0,0.0,-0.0
252,CAES,0.0,0.0,-0.0
252,PHS,0.0,0.0,-0.0
252,H2,0.0,0.0,-0.0
253,Li-Ion,0.0,0.0,-0.0
253,CAES,0.0,0.0,-0.0
253,PHS,0.0,0.0,-0.0
253,H2,0.0,0.0,-0.0
254,Li-Ion,0.0,0.0,-0.0
254,CAES,0.0,0.0,-0.0
254,PHS,0.0,0.0,-0.0
254,H2,0.0,0.0,-0.0
255,Li-Ion,0.0,0.0,-0.0
255,CAES,0.0,0.0,-0.0
255,PHS,0.0,0.0,-0.0
255,H2,0.0,0.0,-0.0
256,Li-Ion,0.0,0.0,-0.0
256,CAES,0.0,0.0,-0.0
256,PHS,0.0,0.0,-0.0
256,H2,0.0,0.0,-0.0
257,Li-Ion,0.0,0.0,-0.0
257,CAES,0.0,0.0,-0.0
257,PHS,0.0,0.0,-0.0
257,H2,0.0,0.0,-0.0
258,Li-Ion,0.0,0.0,-0.0
258,CAES,0.0,0.0,0.0
258,PHS,0.0,0.0,-0.0
258,H2,0.0,0.0,-0.0
259,Li-Ion,0.0,0.0,-0.0
259,CAES,0.0,0.0,-0.0
259,PHS,0.0,0.0,-0.0
259,H2,0.0,0.0,-0.0
260,Li-Ion,0.0,0.0,-0.0
260,CAES,0.0,0.0,-0.0
260,PHS,0.0,0.0,-0.0
260,H2,0.0,0.0,-0.0
261,Li-Ion,0.0,0.0,-0.0
261,CAES,0.0,0.0,-0.0
261,PHS,0.0,0.0,-0.0
261,H2,0.0,0.0,-0.0
262,Li-Ion,0.0,0.0,-0.0
262,CAES,0.0,0.0,-0.0
262,PHS,0.0,0.0,-0.0
262,H2,0.0,0.0,-0.0
263,Li-Ion,0.0,0.0,-0.0
263,CAES,0.0,0.0,-0.0
263,PHS,0.0,0.0,-0.0
263,H2,0.0,0.0,-0.0
264,Li-Ion,0.0,0.0,-0.0
264,CAES,0.0,0.0,-0.0
264,PHS,0.0,0.0,-0.0
264,H2,0.0,0.0,-0.0
265,Li-Ion,0.0,0.0,-0.0
265,CAES,0.0,0.0,-0.0
265,PHS,0.0,0.0,-0.0
265,H2,0.0,0.0,-0.0
266,Li-Ion,0.0,0.0,-0.0
266,CAES,0.0,0.0,-0.0
266,PHS,0.0,0.0,-0.0
266,H2,0.0,0.0,-0.0
267,Li-Ion,0.0,0.0,-0.0
267,CAES,0.0,0.0,-0.0
267,PHS,0.0,0.0,-0.0
267,H2,0.0,0.0,-0.0
268,Li-Ion,0.0,0.0,-0.0
268,CAES,0.0,0.0,-0.0
268,PHS,0.0,0.0,-0.0
268,H2,0.0,0.0,-0.0
269,Li-Ion,0.0,0.0,-0.0
269,CAES,0.0,0.0,-0.0
269,PHS,0.0,0.0,-0.0
269,H2,0.0,0.0,-0.0
270,Li-Ion,0.0,0.0,-0.0
270,CAES,0.0,0.0,-0.0
270,PHS,0.0,0.0,-0.0
270,H2,0.0,0.0,-0.0
271,Li-Ion,0.0,0.0,-0.0
271,CAES,0.0,0.0,-0.0
271,PHS,0.0,0.0,-0.0
271,H2,0.0,0.0,-0.0
272,Li-Ion,0.0,0.0,-0.0
272,CAES,0.0,0.0,-0.0
272,PHS,0.0,0.0,-0.0
272,H2,0.0,0.0,-0.0
273,Li-Ion,0.0,0.0,-0.0
273,CAES,0.0,0.0,-0.0
273,PHS,0.0,0.0,-0.0
273,H2,0.0,0.0,-0.0
274,Li-Ion,0.0,0.0,-0.0
274,CAES,0.0,0.0,-0.0
274,PHS,0.0,0.0,-0.0
274,H2,0.0,0.0,-0.0
275,Li-Ion,0.0,0.0,-0.0
275,CAES,0.0,0.0,-0.0
275,PHS,0.0,0.0,-0.0
275,H2,0.0,0.0,-0.0
276,Li-Ion,0.0,0.0,-0.0
276,CAES,0.0,0.0,-0.0
276,PHS,0.0,0.0,-0.0
276,H2,0.0,0.0,-0.0
277,Li-Ion,0.0,0.0,-0.0
277,CAES,0.0,0.0,-0.0
277,PHS,0.0,0.0,-0.0
277,H2,0.0,0.0,-0.0
278,Li-Ion,0.0,0.0,-0.0
278,CAES,0.0,0.0,-0.0
278,PHS,0.0,0.0,-0.0
278,H2,0.0,0.0,-0.0
279,Li-Ion,0.0,0.0,-0.0
279,CAES,0.0,0.0,-0.0
279,PHS,0.0,0.0,-0.0
279,H2,0.0,0.0,-0.0
280,Li-Ion,0.0,0.0,-0.0
280,CAES,0.0,0.0,-0.0
280,PHS,0.0,0.0,-0.0
280,H2,0.0,0.0,-0.0
281,Li-Ion,0.0,0.0,-0.0
281,CAES,0.0,0.0,-0.0
281,PHS,0.0,0.0,-0.0
281,H2,0.0,0.0,-0.0
282,Li-Ion,0.0,0.0,-0.0
282,CAES,0.0,0.0,-0.0
282,PHS,0.0,0.0,-0.0
282,H2,0.0,0.0,-0.0
283,Li-Ion,0.0,0.0,-0.0
283,CAES,0.0,0.0,-0.0
283,PHS,0.0,0.0,-0.0
283,H2,0.0,0.0,-0.0
284,Li-Ion,0.0,0.0,-0.0
284,CAES,0.0,0.0,-0.0
284,PHS,0.0,0.0,-0.0
284,H2,0.0,0.0,-0.0
285,Li-Ion,0.0,0.0,-0.0
285,CAES,0.0,0.0,-0.0
285,PHS,0.0,0.0,-0.0
285,H2,0.0,0.0,-0.0
286,Li-Ion,0.0,0.0,-0.0
286,CAES,0.0,0.0,-0.0
286,PHS,0.0,0.0,-0.0
286,H2,0.0,0.0,-0.0
287,Li-Ion,0.0,0.0,-0.0
287,CAES,0.0,0.0,-0.0
287,PHS,0.0,0.0,-0.0
287,H2,0.0,0.0,-0.0
288,Li-Ion,0.0,0.0,-0.0
288,CAES,0.0,0.0,-0.0
288,PHS,0.0,0.0,-0.0
288,H2,0.0,0.0,-0.0
289,Li-Ion,0.0,0.0,-0.0
289,CAES,0.0,0.0,-0.0
289,PHS,0.0,0.0,-0.0
289,H2,0.0,0.0,-0.0
290,Li-Ion,0.0,0.0,-0.0
290,CAES,0.0,0.0,-0.0
290,PHS,0.0,0.0,-0.0
290,H2,0.0,0.0,-0.0
291,Li-Ion,0.0,0.0,-0.0
291,CAES,0.0,0.0,-0.0
291,PHS,0.0,0.0,-0.0
291,H2,0.0,0.0,-0.0
292,Li-Ion,0.0,0.0,-0.0
292,CAES,0.0,0.0,-0.0
292,PHS,0.0,0.0,-0.0
292,H2,0.0,0.0,-0.0
293,Li-Ion,0.0,0.0,-0.0
293,CAES,0.0,0.0,-0.0
293,PHS,0.0,0.0,-0.0
293,H2,0.0,0.0,-0.0
294,Li-Ion,0.0,0.0,-0.0
294,CAES,0.0,0.0,-0.0
294,PHS,0.0,0.0,-0.0
294,H2,0.0,0.0,-0.0
295,Li-Ion,0.0,0.0,-0.0
295,CAES,0.0,0.0,-0.0
295,PHS,0.0,0.0,-0.0
295,H2,0.0,0.0,-0.0
296,Li-Ion,0.0,0.0,-0.0
296,CAES,0.0,0.0,-0.0
296,PHS,0.0,0.0,-0.0
296,H2,0.0,0.0,-0.0
297,Li-Ion,0.0,0.0,-0.0
297,CAES,0.0,0.0,-0.0
297,PHS,0.0,0.0,-0.0
297,H2,0.0,0.0,-0.0
298,Li-Ion,0.0,0.0,-0.0
298,CAES,0.0,0.0,-0.0
298,PHS,0.0,0.0,-0.0
298,H2,0.0,0.0,-0.0
299,Li-Ion,0.0,0.0,-0.0
299,CAES,0.0,0.0,-0.0
299,PHS,0.0,0.0,-0.0
299,H2,0.0,0.0,-0.0
300,Li-Ion,0.0,0.0,-0.0
300,CAES,0.0,0.0,-0.0
300,PHS,0.0,0.0,-0.0
300,H2,0.0,0.0,-0.0
301,Li-Ion,0.0,0.0,-0.0
301,CAES,0.0,0.0,-0.0
301,PHS,0.0,0.0,-0.0
301,H2,0.0,0.0,-0.0
302,Li-Ion,0.0,0.0,-0.0
302,CAES,0.0,0.0,-0.0
302,PHS,0.0,0.0,-0.0
302,H2,0.0,0.0,-0.0
303,Li-Ion,0.0,0.0,-0.0
303,CAES,0.0,0.0,-0.0
303,PHS,0.0,0.0,-0.0
303,H2,0.0,0.0,-0.0
304,Li-Ion,0.0,0.0,-0.0
304,CAES,0.0,0.0,-0.0
304,PHS,0.0,0.0,-0.0
304,H2,0.0,0.0,-0.0
305,Li-Ion,0.0,0.0,-0.0
305,CAES,0.0,0.0,-0.0
305,PHS,0.0,0.0,-0.0
305,H2,0.0,0.0,-0.0
306,Li-Ion,0.0,0.0,-0.0
306,CAES,0.0,0.0,-0.0
306,PHS,0.0,0.0,-0.0
306,H2,0.0,0.0,-0.0
307,Li-Ion,0.0,0.0,-0.0
307,CAES,0.0,-0.0,-0.0
307,PHS,0.0,-0.0,-0.0
307,H2,0.0,-0.0,-0.0
308,Li-Ion,0.0,0.0,-0.0
308,CAES,0.0,-0.0,-0.0
308,PHS,0.0,-0.0,-0.0
308,H2,0.0,-0.0,-0.0
309,Li-Ion,0.0,0.0,-0.0
309,CAES,0.0,0.0,-0.0
309,PHS,0.0,0.0,-0.0
309,H2,0.0,0.0,-0.0
310,Li-Ion,0.0,0.0,-0.0
310,CAES,0.0,0.0,-0.0
310,PHS,0.0,0.0,-0.0
310,H2,0.0,0.0,-0.0
311,Li-Ion,0.0,0.0,-0.0
311,CAES,0.0,0.0,-0.0
311,PHS,0.0,0.0,-0.0
311,H2,0.0,0.0,-0.0
312,Li-Ion,0.0,0.0,-0.0
312,CAES,0.0,0.0,-0.0
312,PHS,0.0,0.0,-0.0
312,H2,0.0,0.0,-0.0
313,Li-Ion,0.0,0.0,-0.0
313,CAES,0.0,0.0,-0.0
313,PHS,0.0,0.0,-0.0
313,H2,0.0,0.0,-0.0
314,Li-Ion,0.0,0.0,-0.0
314,CAES,0.0,0.0,-0.0
314,PHS,0.0,0.0,-0.0
314,H2,0.0,0.0,-0.0
315,Li-Ion,0.0,0.0,-0.0
315,CAES,0.0,0.0,-0.0
315,PHS,0.0,0.0,-0.0
315,H2,0.0,0.0,-0.0
316,Li-Ion,0.0,0.0,-0.0
316,CAES,0.0,0.0,-0.0
316,PHS,0.0,0.0,-0.0
316,H2,0.0,0.0,-0.0
317,Li-Ion,0.0,0.0,-0.0
317,CAES,0.0,0.0,-0.0
317,PHS,0.0,0.0,-0.0
317,H2,0.0,0.0,-0.0
318,Li-Ion,0.0,0.0,-0.0
318,CAES,0.0,0.0,-0.0
318,PHS,0.0,0.0,-0.0
318,H2,0.0,0.0,-0.0
319,Li-Ion,0.0,0.0,-0.0
319,CAES,0.0,0.0,-0.0
319,PHS,0.0,0.0,-0.0
319,H2,0.0,0.0,-0.0
320,Li-Ion,0.0,0.0,-0.0
320,CAES,0.0,0.0,-0.0
320,PHS,0.0,0.0,-0.0
320,H2,0.0,0.0,-0.0
321,Li-Ion,0.0,0.0,-0.0
321,CAES,0.0,0.0,-0.0
321,PHS,0.0,0.0,-0.0
321,H2,0.0,0.0,-0.0
322,Li-Ion,0.0,0.0,-0.0
322,CAES,0.0,0.0,-0.0
322,PHS,0.0,0.0,-0.0
322,H2,0.0,0.0,-0.0
323,Li-Ion,0.0,0.0,-0.0
323,CAES,0.0,0.0,-0.0
323,PHS,0.0,0.0,-0.0
323,H2,0.0,0.0,-0.0
324,Li-Ion,0.0,0.0,-0.0
324,CAES,0.0,0.0,-0.0
324,PHS,0.0,0.0,-0.0
324,H2,0.0,0.0,-0.0
325,Li-Ion,0.0,0.0,-0.0
325,CAES,0.0,0.0,-0.0
325,PHS,0.0,0.0,-0.0
325,H2,0.0,0.0,-0.0
326,Li-Ion,0.0,0.0,-0.0
326,CAES,0.0,0.0,-0.0
326,PHS,0.0,0.0,-0.0
326,H2,0.0,0.0,-0.0
327,Li-Ion,0.0,0.0,-0.0
327,CAES,0.0,0.0,-0.0
327,PHS,0.0,0.0,-0.0
327,H2,0.0,0.0,-0.0
328,Li-Ion,0.0,0.0,-0.0
328,CAES,0.0,0.0,-0.0
328,PHS,0.0,0.0,-0.0
328,H2,0.0,0.0,-0.0
329,Li-Ion,0.0,0.0,-0.0
329,CAES,0.0,0.0,-0.0
329,PHS,0.0,0.0,-0.0
329,H2,0.0,0.0,-0.0
330,Li-Ion,0.0,0.0,-0.0
330,CAES,0.0,0.0,-0.0
330,PHS,0.0,0.0,-0.0
330,H2,0.0,0.0,-0.0
331,Li-Ion,0.0,0.0,-0.0
331,CAES,0.0,0.0,-0.0
331,PHS,0.0,0.0,-0.0
331,H2,0.0,0.0,-0.0
332,Li-Ion,0.0,0.0,-0.0
332,CAES,0.0,0.0,-0.0
332,PHS,0.0,0.0,-0.0
332,H2,0.0,0.0,-0.0
333,Li-Ion,0.0,0.0,-0.0
333,CAES,0.0,0.0,-0.0
333,PHS,0.0,0.0,-0.0
333,H2,0.0,0.0,-0.0
334,Li-Ion,0.0,0.0,-0.0
334,CAES,0.0,0.0,-0.0
334,PHS,0.0,0.0,-0.0
334,H2,0.0,0.0,-0.0
335,Li-Ion,0.0,0.0,-0.0
335,CAES,0.0,0.0,-0.0
335,PHS,0.0,0.0,-0.0
335,H2,0.0,0.0,-0.0
336,Li-Ion,0.0,0.0,-0.0
336,CAES,0.0,0.0,-0.0
336,PHS,0.0,0.0,-0.0
336,H2,0.0,0.0,-0.0
337,Li-Ion,0.0,0.0,-0.0
337,CAES,0.0,0.0,-0.0
337,PHS,0.0,0.0,-0.0
337,H2,0.0,0.0,-0.0
338,Li-Ion,0.0,0.0,-0.0
338,CAES,0.0,0.0,-0.0
338,PHS,0.0,0.0,-0.0
338,H2,0.0,0.0,-0.0
339,Li-Ion,0.0,0.0,-0.0
339,CAES,0.0,0.0,-0.0
339,PHS,0.0,0.0,-0.0
339,H2,0.0,0.0,-0.0
340,Li-Ion,0.0,0.0,-0.0
340,CAES,0.0,0.0,-0.0
340,PHS,0.0,0.0,-0.0
340,H2,0.0,0.0,-0.0
341,Li-Ion,0.0,0.0,-0.0
341,CAES,0.0,0.0,-0.0
341,PHS,0.0,0.0,-0.0
341,H2,0.0,0.0,-0.0
342,Li-Ion,0.0,0.0,-0.0
342,CAES,0.0,0.0,-0.0
342,PHS,0.0,0.0,-0.0
342,H2,0.0,0.0,-0.0
343,Li-Ion,0.0,0.0,-0.0
343,CAES,0.0,0.0,-0.0
343,PHS,0.0,0.0,-0.0
343,H2,0.0,0.0,-0.0
344,Li-Ion,0.0,0.0,-0.0
344,CAES,0.0,0.0,-0.0
344,PHS,0.0,0.0,-0.0
344,H2,0.0,0.0,-0.0
345,Li-Ion,0.0,0.0,-0.0
345,CAES,0.0,0.0,-0.0
345,PHS,0.0,0.0,-0.0
345,H2,0.0,0.0,-0.0
346,Li-Ion,0.0,0.0,-0.0
346,CAES,0.0,0.0,-0.0
346,PHS,0.0,0.0,-0.0
346,H2,0.0,0.0,-0.0
347,Li-Ion,0.0,0.0,-0.0
347,CAES,0.0,0.0,-0.0
347,PHS,0.0,0.0,-0.0
347,H2,0.0,0.0,-0.0
348,Li-Ion,0.0,0.0,-0.0
348,CAES,0.0,0.0,-0.0
348,PHS,0.0,0.0,-0.0
348,H2,0.0,0.0,-0.0
349,Li-Ion,0.0,0.0,-0.0
349,CAES,0.0,0.0,-0.0
349,PHS,0.0,0.0,-0.0
349,H2,0.0,0.0,-0.0
350,Li-Ion,0.0,0.0,-0.0
350,CAES,0.0,0.0,-0.0
350,PHS,0.0,0.0,-0.0
350,H2,0.0,0.0,-0.0
351,Li-Ion,0.0,0.0,-0.0
351,CAES,0.0,0.0,-0.0
351,PHS,0.0,0.0,-0.0
351,H2,0.0,0.0,-0.0
352,Li-Ion,0.0,0.0,-0.0
352,CAES,0.0,0.0,-0.0
352,PHS,0.0,0.0,-0.0
352,H2,0.0,0.0,-0.0
353,Li-Ion,0.0,0.0,-0.0
353,CAES,0.0,0.0,-0.0
353,PHS,0.0,0.0,-0.0
353,H2,0.0,0.0,-0.0
354,Li-Ion,0.0,0.0,-0.0
354,CAES,0.0,0.0,-0.0
354,PHS,0.0,0.0,-0.0
354,H2,0.0,0.0,-0.0
355,Li-Ion,0.0,0.0,-0.0
355,CAES,0.0,0.0,-0.0
355,PHS,0.0,0.0,-0.0
355,H2,0.0,0.0,-0.0
356,Li-Ion,0.0,0.0,-0.0
356,CAES,0.0,0.0,-0.0
356,PHS,0.0,0.0,-0.0
356,H2,0.0,0.0,-0.0
357,Li-Ion,0.0,0.0,-0.0
357,CAES,0.0,0.0,-0.0
357,PHS,0.0,0.0,-0.0
357,H2,0.0,0.0,-0.0
358,Li-Ion,0.0,0.0,-0.0
358,CAES,0.0,0.0,-0.0
358,PHS,0.0,0.0,-0.0
358,H2,0.0,0.0,-0.0
359,Li-Ion,0.0,0.0,-0.0
359,CAES,0.0,0.0,-0.0
359,PHS,0.0,0.0,-0.0
359,H2,0.0,0.0,-0.0
360,Li-Ion,0.0,0.0,-0.0
360,CAES,0.0,0.0,-0.0
360,PHS,0.0,0.0,-0.0
360,H2,0.0,0.0,-0.0
361,Li-Ion,0.0,0.0,-0.0
361,CAES,0.0,0.0,-0.0
361,PHS,0.0,0.0,-0.0
361,H2,0.0,0.0,-0.0
362,Li-Ion,0.0,0.0,-0.0
362,CAES,0.0,0.0,-0.0
362,PHS,0.0,0.0,-0.0
362,H2,0.0,0.0,-0.0
363,Li-Ion,0.0,0.0,-0.0
363,CAES,0.0,0.0,-0.0
363,PHS,0.0,0.0,-0.0
363,H2,0.0,0.0,-0.0
364,Li-Ion,0.0,0.0,-0.0
364,CAES,0.0,0.0,-0.0
364,PHS,0.0,0.0,-0.0
364,H2,0.0,0.0,-0.0
365,Li-Ion,0.0,0.0,-0.0
365,CAES,0.0,0.0,-0.0
365,PHS,0.0,0.0,-0.0
365,H2,0.0,0.0,-0.0
366,Li-Ion,0.0,0.0,-0.0
366,CAES,0.0,0.0,-0.0
366,PHS,0.0,0.0,-0.0
366,H2,0.0,0.0,-0.0
367,Li-Ion,0.0,0.0,-0.0
367,CAES,0.0,0.0,-0.0
367,PHS,0.0,0.0,-0.0
367,H2,0.0,0.0,-0.0
368,Li-Ion,0.0,0.0,-0.0
368,CAES,0.0,0.0,-0.0
368,PHS,0.0,0.0,-0.0
368,H2,0.0,0.0,-0.0
369,Li-Ion,0.0,0.0,-0.0
369,CAES,0.0,0.0,-0.0
369,PHS,0.0,0.0,-0.0
369,H2,0.0,0.0,-0.0
370,Li-Ion,0.0,0.0,-0.0
370,CAES,0.0,0.0,-0.0
370,PHS,0.0,0.0,-0.0
370,H2,0.0,0.0,-0.0
371,Li-Ion,0.0,0.0,-0.0
371,CAES,0.0,0.0,-0.0
371,PHS,0.0,0.0,-0.0
371,H2,0.0,0.0,-0.0
372,Li-Ion,0.0,0.0,-0.0
372,CAES,0.0,0.0,-0.0
372,PHS,0.0,0.0,-0.0
372,H2,0.0,0.0,-0.0
373,Li-Ion,0.0,0.0,-0.0
373,CAES,0.0,0.0,-0.0
373,PHS,0.0,0.0,-0.0
373,H2,0.0,0.0,-0.0
374,Li-Ion,0.0,0.0,-0.0
374,CAES,0.0,0.0,-0.0
374,PHS,0.0,0.0,-0.0
374,H2,0.0,0.0,-0.0
375,Li-Ion,0.0,0.0,-0.0
375,CAES,0.0,0.0,-0.0
375,PHS,0.0,0.0,-0.0
375,H2,0.0,0.0,-0.0
376,Li-Ion,0.0,0.0,-0.0
376,CAES,0.0,0.0,-0.0
376,PHS,0.0,0.0,-0.0
376,H2,0.0,0.0,-0.0
377,Li-Ion,0.0,0.0,-0.0
377,CAES,0.0,0.0,-0.0
377,PHS,0.0,0.0,-0.0
377,H2,0.0,0.0,-0.0
378,Li-Ion,0.0,0.0,-0.0
378,CAES,0.0,0.0,-0.0
378,PHS,0.0,0.0,-0.0
378,H2,0.0,0.0,-0.0
379,Li-Ion,0.0,0.0,-0.0
379,CAES,0.0,0.0,-0.0
379,PHS,0.0,0.0,-0.0
379,H2,0.0,0.0,-0.0
380,Li-Ion,0.0,0.0,-0.0
380,CAES,0.0,0.0,-0.0
380,PHS,0.0,0.0,-0.0
380,H2,0.0,0.0,-0.0
381,Li-Ion,0.0,0.0,-0.0
381,CAES,0.0,0.0,-0.0
381,PHS,0.0,0.0,-0.0
381,H2,0.0,0.0,-0.0
382,Li-Ion,0.0,0.0,-0.0
382,CAES,0.0,0.0,-0.0
382,PHS,0.0,0.0,-0.0
382,H2,0.0,0.0,-0.0
383,Li-Ion,0.0,0.0,-0.0
383,CAES,0.0,0.0,-0.0
383,PHS,0.0,0.0,-0.0
383,H2,0.0,0.0,-0.0
384,Li-Ion,0.0,0.0,-0.0
384,CAES,0.0,0.0,-0.0
384,PHS,0.0,0.0,-0.0
384,H2,0.0,0.0,-0.0
385,Li-Ion,0.0,0.0,-0.0
385,CAES,0.0,0.0,-0.0
385,PHS,0.0,0.0,-0.0
385,H2,0.0,0.0,-0.0
386,Li-Ion,0.0,0.0,-0.0
386,CAES,0.0,0.0,-0.0
386,PHS,0.0,0.0,-0.0
386,H2,0.0,0.0,-0.0
387,Li-Ion,0.0,0.0,-0.0
387,CAES,0.0,0.0,-0.0
387,PHS,0.0,0.0,-0.0
387,H2,0.0,0.0,-0.0
388,Li-Ion,0.0,0.0,-0.0
388,CAES,0.0,0.0,-0.0
388,PHS,0.0,0.0,-0.0
388,H2,0.0,0.0,-0.0
389,Li-Ion,0.0,0.0,-0.0
389,CAES,0.0,0.0,-0.0
389,PHS,0.0,0.0,-0.0
389,H2,0.0,0.0,-0.0
390,Li-Ion,0.0,0.0,-0.0
390,CAES,0.0,0.0,-0.0
390,PHS,0.0,0.0,-0.0
390,H2,0.0,0.0,-0.0
391,Li-Ion,0.0,0.0,-0.0
391,CAES,0.0,0.0,-0.0
391,PHS,0.0,0.0,-0.0
391,H2,0.0,0.0,-0.0
392,Li-Ion,0.0,0.0,-0.0
392,CAES,0.0,0.0,-0.0
392,PHS,0.0,0.0,-0.0
392,H2,0.0,0.0,-0.0
393,Li-Ion,0.0,0.0,-0.0
393,CAES,0.0,0.0,-0.0
393,PHS,0.0,0.0,-0.0
393,H2,0.0,0.0,-0.0
394,Li-Ion,0.0,0.0,-0.0
394,CAES,0.0,0.0,-0.0
394,PHS,0.0,0.0,-0.0
394,H2,0.0,0.0,-0.0
395,Li-Ion,0.0,0.0,-0.0
395,CAES,0.0,0.0,-0.0
395,PHS,0.0,0.0,-0.0
395,H2,0.0,0.0,-0.0
396,Li-Ion,0.0,0.0,-0.0
396,CAES,0.0,0.0,-0.0
396,PHS,0.0,0.0,-0.0
396,H2,0.0,0.0,-0.0
397,Li-Ion,0.0,0.0,-0.0
397,CAES,0.0,0.0,-0.0
397,PHS,0.0,0.0,-0.0
397,H2,0.0,0.0,-0.0
398,Li-Ion,0.0,0.0,-0.0
398,CAES,0.0,0.0,-0.0
398,PHS,0.0,0.0,-0.0
398,H2,0.0,0.0,-0.0
399,Li-Ion,0.0,0.0,-0.0
399,CAES,0.0,0.0,-0.0
399,PHS,0.0,0.0,-0.0
399,H2,0.0,0.0,-0.0
400,Li-Ion,0.0,0.0,-0.0
400,CAES,0.0,0.0,-0.0
400,PHS,0.0,0.0,-0.0
400,H2,0.0,0.0,-0.0
401,Li-Ion,0.0,0.0,-0.0
401,CAES,0.0,0.0,-0.0
401,PHS,0.0,0.0,-0.0
401,H2,0.0,0.0,-0.0
402,Li-Ion,0.0,0.0,-0.0
402,CAES,0.0,0.0,-0.0
402,PHS,0.0,0.0,-0.0
402,H2,0.0,0.0,-0.0
403,Li-Ion,0.0,0.0,-0.0
403,CAES,0.0,0.0,-0.0
403,PHS,0.0,0.0,-0.0
403,H2,0.0,0.0,-0.0
404,Li-Ion,0.0,0.0,-0.0
404,CAES,0.0,0.0,-0.0
404,PHS,0.0,0.0,-0.0
404,H2,0.0,0.0,-0.0
405,Li-Ion,0.0,0.0,-0.0
405,CAES,0.0,0.0,-0.0
405,PHS,0.0,0.0,-0.0
405,H2,0.0,0.0,-0.0
406,Li-Ion,0.0,0.0,-0.0
406,CAES,0.0,0.0,-0.0
406,PHS,0.0,0.0,-0.0
406,H2,0.0,0.0,-0.0
407,Li-Ion,0.0,0.0,-0.0
407,CAES,0.0,0.0,-0.0
407,PHS,0.0,0.0,-0.0
407,H2,0.0,0.0,-0.0
408,Li-Ion,0.0,0.0,-0.0
408,CAES,0.0,0.0,-0.0
408,PHS,0.0,0.0,-0.0
408,H2,0.0,0.0,-0.0
409,Li-Ion,0.0,0.0,-0.0
409,CAES,0.0,0.0,-0.0
409,PHS,0.0,0.0,-0.0
409,H2,0.0,0.0,-0.0
410,Li-Ion,0.0,0.0,-0.0
410,CAES,0.0,0.0,-0.0
410,PHS,0.0,0.0,-0.0
410,H2,0.0,0.0,-0.0
411,Li-Ion,0.0,0.0,-0.0
411,CAES,0.0,0.0,-0.0
411,PHS,0.0,0.0,-0.0
411,H2,0.0,0.0,-0.0
412,Li-Ion,0.0,0.0,-0.0
412,CAES,0.0,0.0,-0.0
412,PHS,0.0,0.0,-0.0
412,H2,0.0,0.0,-0.0
413,Li-Ion,0.0,0.0,-0.0
413,CAES,0.0,0.0,-0.0
413,PHS,0.0,0.0,-0.0
413,H2,0.0,0.0,-0.0
414,Li-Ion,0.0,0.0,-0.0
414,CAES,0.0,0.0,-0.0
414,PHS,0.0,0.0,-0.0
414,H2,0.0,0.0,-0.0
415,Li-Ion,0.0,0.0,-0.0
415,CAES,0.0,0.0,-0.0
415,PHS,0.0,0.0,-0.0
415,H2,0.0,0.0,-0.0
416,Li-Ion,0.0,0.0,-0.0
416,CAES,0.0,0.0,-0.0
416,PHS,0.0,0.0,-0.0
416,H2,0.0,0.0,-0.0
417,Li-Ion,0.0,0.0,-0.0
417,CAES,0.0,0.0,-0.0
417,PHS,0.0,0.0,0.0
417,H2,0.0,0.0,-0.0
418,Li-Ion,0.0,0.0,-0.0
418,CAES,0.0,0.0,-0.0
418,PHS,0.0,0.0,-0.0
418,H2,0.0,0.0,-0.0
419,Li-Ion,0.0,0.0,-0.0
419,CAES,0.0,0.0,-0.0
419,PHS,0.0,0.0,-0.0
419,H2,0.0,0.0,-0.0
420,Li-Ion,0.0,0.0,-0.0
420,CAES,0.0,0.0,-0.0
420,PHS,0.0,0.0,-0.0
420,H2,0.0,0.0,-0.0
421,Li-Ion,0.0,0.0,-0.0
421,CAES,0.0,0.0,-0.0
421,PHS,0.0,0.0,-0.0
421,H2,0.0,0.0,-0.0
422,Li-Ion,0.0,0.0,-0.0
422,CAES,0.0,0.0,-0.0
422,PHS,0.0,0.0,-0.0
422,H2,0.0,0.0,-0.0
423,Li-Ion,0.0,0.0,-0.0
423,CAES,0.0,0.0,-0.0
423,PHS,0.0,0.0,-0.0
423,H2,0.0,0.0,-0.0
424,Li-Ion,0.0,0.0,-0.0
424,CAES,0.0,0.0,-0.0
424,PHS,0.0,0.0,-0.0
424,H2,0.0,0.0,-0.0
425,Li-Ion,0.0,0.0,-0.0
425,CAES,0.0,0.0,-0.0
425,PHS,0.0,0.0,-0.0
425,H2,0.0,0.0,-0.0
426,Li-Ion,0.0,0.0,-0.0
426,CAES,0.0,0.0,-0.0
426,PHS,0.0,0.0,-0.0
426,H2,0.0,0.0,-0.0
427,Li-Ion,0.0,0.0,-0.0
427,CAES,0.0,0.0,-0.0
427,PHS,0.0,0.0,-0.0
427,H2,0.0,0.0,-0.0
428,Li-Ion,0.0,0.0,-0.0
428,CAES,0.0,0.0,-0.0
428,PHS,0.0,0.0,-0.0
428,H2,0.0,0.0,-0.0
429,Li-Ion,0.0,0.0,-0.0
429,CAES,0.0,0.0,-0.0
429,PHS,0.0,0.0,-0.0
429,H2,0.0,0.0,-0.0
430,Li-Ion,0.0,0.0,-0.0
430,CAES,0.0,0.0,-0.0
430,PHS,0.0,0.0,-0.0
430,H2,0.0,0.0,-0.0
431,Li-Ion,0.0,0.0,-0.0
431,CAES,0.0,0.0,-0.0
431,PHS,0.0,0.0,-0.0
431,H2,0.0,0.0,-0.0
432,Li-Ion,0.0,0.0,-0.0
432,CAES,0.0,0.0,-0.0
432,PHS,0.0,0.0,-0.0
432,H2,0.0,0.0,-0.0
433,Li-Ion,0.0,0.0,-0.0
433,CAES,0.0,0.0,-0.0
433,PHS,0.0,0.0,-0.0
433,H2,0.0,0.0,-0.0
434,Li-Ion,0.0,0.0,-0.0
434,CAES,0.0,0.0,-0.0
434,PHS,0.0,0.0,-0.0
434,H2,0.0,0.0,-0.0
435,Li-Ion,0.0,0.0,-0.0
435,CAES,0.0,0.0,-0.0
435,PHS,0.0,0.0,-0.0
435,H2,0.0,0.0,-0.0
436,Li-Ion,0.0,0.0,-0.0
436,CAES,0.0,0.0,-0.0
436,PHS,0.0,0.0,-0.0
436,H2,0.0,0.0,-0.0
437,Li-Ion,0.0,0.0,-0.0
437,CAES,0.0,0.0,-0.0
437,PHS,0.0,0.0,-0.0
437,H2,0.0,0.0,-0.0
438,Li-Ion,0.0,0.0,-0.0
438,CAES,0.0,0.0,-0.0
438,PHS,0.0,0.0,-0.0
438,H2,0.0,0.0,-0.0
439,Li-Ion,0.0,0.0,-0.0
439,CAES,0.0,0.0,-0.0
439,PHS,0.0,0.0,-0.0
439,H2,0.0,0.0,-0.0
440,Li-Ion,0.0,0.0,-0.0
440,CAES,0.0,0.0,-0.0
440,PHS,0.0,0.0,-0.0
440,H2,0.0,0.0,-0.0
441,Li-Ion,0.0,0.0,-0.0
441,CAES,0.0,0.0,-0.0
441,PHS,0.0,0.0,-0.0
441,H2,0.0,0.0,-0.0
442,Li-Ion,0.0,0.0,-0.0
442,CAES,0.0,0.0,-0.0
442,PHS,0.0,0.0,-0.0
442,H2,0.0,0.0,-0.0
443,Li-Ion,0.0,0.0,-0.0
443,CAES,0.0,0.0,-0.0
443,PHS,0.0,0.0,-0.0
443,H2,0.0,0.0,-0.0
444,Li-Ion,0.0,0.0,-0.0
444,CAES,0.0,0.0,-0.0
444,PHS,0.0,0.0,-0.0
444,H2,0.0,0.0,-0.0
445,Li-Ion,0.0,0.0,-0.0
445,CAES,0.0,0.0,-0.0
445,PHS,0.0,0.0,-0.0
445,H2,0.0,0.0,-0.0
446,Li-Ion,0.0,0.0,-0.0
446,CAES,0.0,0.0,-0.0
446,PHS,0.0,0.0,-0.0
446,H2,0.0,0.0,-0.0
447,Li-Ion,0.0,0.0,-0.0
447,CAES,0.0,0.0,-0.0
447,PHS,0.0,0.0,-0.0
447,H2,0.0,0.0,-0.0
448,Li-Ion,0.0,0.0,-0.0
448,CAES,0.0,0.0,-0.0
448,PHS,0.0,0.0,-0.0
448,H2,0.0,0.0,-0.0
449,Li-Ion,0.0,0.0,-0.0
449,CAES,0.0,0.0,-0.0
449,PHS,0.0,0.0,-0.0
449,H2,0.0,0.0,-0.0
450,Li-Ion,0.0,0.0,-0.0
450,CAES,0.0,0.0,-0.0
450,PHS,0.0,0.0,-0.0
450,H2,0.0,0.0,-0.0
451,Li-Ion,0.0,0.0,-0.0
451,CAES,0.0,0.0,-0.0
451,PHS,0.0,0.0,-0.0
451,H2,0.0,0.0,-0.0
452,Li-Ion,0.0,0.0,-0.0
452,CAES,0.0,0.0,-0.0
452,PHS,0.0,0.0,-0.0
452,H2,0.0,0.0,-0.0
453,Li-Ion,0.0,0.0,-0.0
453,CAES,0.0,0.0,-0.0
453,PHS,0.0,0.0,-0.0
453,H2,0.0,0.0,-0.0
454,Li-Ion,0.0,0.0,-0.0
454,CAES,0.0,0.0,-0.0
454,PHS,0.0,0.0,-0.0
454,H2,0.0,0.0,-0.0
455,Li-Ion,0.0,0.0,-0.0
455,CAES,0.0,0.0,-0.0
455,PHS,0.0,0.0,-0.0
455,H2,0.0,0.0,-0.0
456,Li-Ion,0.0,0.0,-0.0
456,CAES,0.0,0.0,-0.0
456,PHS,0.0,0.0,-0.0
456,H2,0.0,0.0,-0.0
457,Li-Ion,0.0,0.0,-0.0
457,CAES,0.0,0.0,-0.0
457,PHS,0.0,0.0,-0.0
457,H2,0.0,0.0,-0.0
458,Li-Ion,0.0,0.0,-0.0
458,CAES,0.0,0.0,-0.0
458,PHS,0.0,0.0,-0.0
458,H2,0.0,0.0,-0.0
459,Li-Ion,0.0,0.0,-0.0
459,CAES,0.0,0.0,-0.0
459,PHS,0.0,0.0,-0.0
459,H2,0.0,0.0,-0.0
460,Li-Ion,0.0,0.0,-0.0
460,CAES,0.0,0.0,-0.0
460,PHS,0.0,0.0,-0.0
460,H2,0.0,0.0,-0.0
461,Li-Ion,0.0,0.0,-0.0
461,CAES,0.0,0.0,-0.0
461,PHS,0.0,0.0,-0.0
461,H2,0.0,0.0,-0.0
462,Li-Ion,0.0,0.0,-0.0
462,CAES,0.0,0.0,-0.0
462,PHS,0.0,0.0,-0.0
462,H2,0.0,0.0,-0.0
463,Li-Ion,0.0,0.0,-0.0
463,CAES,0.0,0.0,-0.0
463,PHS,0.0,0.0,-0.0
463,H2,0.0,0.0,-0.0
464,Li-Ion,0.0,0.0,-0.0
464,CAES,0.0,0.0,-0.0
464,PHS,0.0,0.0,-0.0
464,H2,0.0,0.0,-0.0
465,Li-Ion,0.0,0.0,-0.0
465,CAES,0.0,0.0,-0.0
465,PHS,0.0,0.0,-0.0
465,H2,0.0,0.0,-0.0
466,Li-Ion,0.0,0.0,-0.0
466,CAES,0.0,0.0,-0.0
466,PHS,0.0,0.0,-0.0
466,H2,0.0,0.0,-0.0
467,Li-Ion,0.0,0.0,-0.0
467,CAES,0.0,0.0,-0.0
467,PHS,0.0,0.0,-0.0
467,H2,0.0,0.0,-0.0
468,Li-Ion,0.0,0.0,-0.0
468,CAES,0.0,0.0,-0.0
468,PHS,0.0,0.0,-0.0
468,H2,0.0,0.0,-0.0
469,Li-Ion,0.0,0.0,-0.0
469,CAES,0.0,0.0,-0.0
469,PHS,0.0,0.0,-0.0
469,H2,0.0,0.0,-0.0
470,Li-Ion,0.0,0.0,-0.0
470,CAES,0.0,0.0,-0.0
470,PHS,0.0,0.0,-0.0
470,H2,0.0,0.0,-0.0
471,Li-Ion,0.0,0.0,-0.0
471,CAES,0.0,0.0,-0.0
471,PHS,0.0,0.0,-0.0
471,H2,0.0,0.0,-0.0
472,Li-Ion,0.0,0.0,-0.0
472,CAES,0.0,0.0,-0.0
472,PHS,0.0,0.0,-0.0
472,H2,0.0,0.0,-0.0
473,Li-Ion,0.0,0.0,-0.0
473,CAES,0.0,0.0,-0.0
473,PHS,0.0,0.0,-0.0
473,H2,0.0,0.0,-0.0
474,Li-Ion,0.0,0.0,-0.0
474,CAES,0.0,0.0,-0.0
474,PHS,0.0,0.0,-0.0
474,H2,0.0,0.0,-0.0
475,Li-Ion,0.0,0.0,-0.0
475,CAES,0.0,0.0,-0.0
475,PHS,0.0,0.0,-0.0
475,H2,0.0,0.0,-0.0
476,Li-Ion,0.0,0.0,-0.0
476,CAES,0.0,0.0,-0.0
476,PHS,0.0,0.0,-0.0
476,H2,0.0,0.0,-0.0
477,Li-Ion,0.0,0.0,-0.0
477,CAES,0.0,0.0,-0.0
477,PHS,0.0,0.0,-0.0
477,H2,0.0,0.0,-0.0
478,Li-Ion,0.0,0.0,-0.0
478,CAES,0.0,0.0,-0.0
478,PHS,0.0,0.0,-0.0
478,H2,0.0,0.0,-0.0
479,Li-Ion,0.0,0.0,-0.0
479,CAES,0.0,0.0,-0.0
479,PHS,0.0,0.0,-0.0
479,H2,0.0,0.0,-0.0
480,Li-Ion,0.0,0.0,-0.0
480,CAES,0.0,0.0,-0.0
480,PHS,0.0,0.0,-0.0
480,H2,0.0,0.0,-0.0
481,Li-Ion,0.0,0.0,-0.0
481,CAES,0.0,0.0,-0.0
481,PHS,0.0,0.0,-0.0
481,H2,0.0,0.0,-0.0
482,Li-Ion,0.0,0.0,-0.0
482,CAES,0.0,0.0,-0.0
482,PHS,0.0,0.0,-0.0
482,H2,0.0,0.0,-0.0
483,Li-Ion,0.0,0.0,-0.0
483,CAES,0.0,0.0,-0.0
483,PHS,0.0,0.0,-0.0
483,H2,0.0,0.0,-0.0
484,Li-Ion,0.0,0.0,-0.0
484,CAES,0.0,0.0,-0.0
484,PHS,0.0,0.0,-0.0
484,H2,0.0,0.0,-0.0
485,Li-Ion,0.0,0.0,-0.0
485,CAES,0.0,0.0,-0.0
485,PHS,0.0,0.0,-0.0
485,H2,0.0,0.0,-0.0
486,Li-Ion,0.0,0.0,-0.0
486,CAES,0.0,0.0,-0.0
486,PHS,0.0,0.0,-0.0
486,H2,0.0,0.0,-0.0
487,Li-Ion,0.0,0.0,-0.0
487,CAES,0.0,0.0,-0.0
487,PHS,0.0,0.0,-0.0
487,H2,0.0,0.0,-0.0
488,Li-Ion,0.0,0.0,-0.0
488,CAES,0.0,0.0,-0.0
488,PHS,0.0,0.0,-0.0
488,H2,0.0,0.0,-0.0
489,Li-Ion,0.0,0.0,-0.0
489,CAES,0.0,0.0,-0.0
489,PHS,0.0,0.0,-0.0
489,H2,0.0,0.0,-0.0
490,Li-Ion,0.0,0.0,-0.0
490,CAES,0.0,0.0,-0.0
490,PHS,0.0,0.0,-0.0
490,H2,0.0,0.0,-0.0
491,Li-Ion,0.0,0.0,-0.0
491,CAES,0.0,0.0,-0.0
491,PHS,0.0,0.0,-0.0
491,H2,0.0,0.0,-0.0
492,Li-Ion,0.0,0.0,-0.0
492,CAES,0.0,0.0,-0.0
492,PHS,0.0,0.0,-0.0
492,H2,0.0,0.0,-0.0
493,Li-Ion,0.0,0.0,-0.0
493,CAES,0.0,0.0,-0.0
493,PHS,0.0,0.0,-0.0
493,H2,0.0,0.0,-0.0
494,Li-Ion,0.0,0.0,-0.0
494,CAES,0.0,0.0,-0.0
494,PHS,0.0,0.0,-0.0
494,H2,0.0,0.0,-0.0
495,Li-Ion,0.0,0.0,-0.0
495,CAES,0.0,0.0,-0.0
495,PHS,0.0,0.0,-0.0
495,H2,0.0,0.0,-0.0
496,Li-Ion,0.0,0.0,-0.0
496,CAES,0.0,0.0,-0.0
496,PHS,0.0,0.0,-0.0
496,H2,0.0,0.0,-0.0
497,Li-Ion,0.0,0.0,-0.0
497,CAES,0.0,0.0,-0.0
497,PHS,0.0,0.0,-0.0
497,H2,0.0,0.0,-0.0
498,Li-Ion,0.0,0.0,-0.0
498,CAES,0.0,0.0,-0.0
498,PHS,0.0,0.0,-0.0
498,H2,0.0,0.0,-0.0
499,Li-Ion,0.0,0.0,-0.0
499,CAES,0.0,0.0,-0.0
499,PHS,0.0,0.0,-0.0
499,H2,0.0,0.0,-0.0
500,Li-Ion,0.0,0.0,-0.0
500,CAES,0.0,0.0,-0.0
500,PHS,0.0,0.0,-0.0
500,H2,0.0,0.0,-0.0
501,Li-Ion,0.0,0.0,-0.0
501,CAES,0.0,0.0,-0.0
501,PHS,0.0,0.0,-0.0
501,H2,0.0,0.0,-0.0
502,Li-Ion,0.0,0.0,-0.0
502,CAES,0.0,0.0,-0.0
502,PHS,0.0,0.0,-0.0
502,H2,0.0,0.0,-0.0
503,Li-Ion,0.0,0.0,-0.0
503,CAES,0.0,0.0,-0.0
503,PHS,0.0,0.0,-0.0
503,H2,0.0,0.0,-0.0
504,Li-Ion,0.0,0.0,-0.0
504,CAES,0.0,0.0,-0.0
504,PHS,0.0,0.0,-0.0
504,H2,0.0,0.0,-0.0
505,Li-Ion,0.0,0.0,-0.0
505,CAES,0.0,0.0,-0.0
505,PHS,0.0,0.0,-0.0
505,H2,0.0,0.0,-0.0
506,Li-Ion,0.0,0.0,-0.0
506,CAES,0.0,0.0,-0.0
506,PHS,0.0,0.0,-0.0
506,H2,0.0,0.0,-0.0
507,Li-Ion,0.0,0.0,-0.0
507,CAES,0.0,0.0,-0.0
507,PHS,0.0,0.0,-0.0
507,H2,0.0,0.0,-0.0
508,Li-Ion,0.0,0.0,-0.0
508,CAES,0.0,0.0,-0.0
508,PHS,0.0,0.0,-0.0
508,H2,0.0,0.0,-0.0
509,Li-Ion,0.0,0.0,-0.0
509,CAES,0.0,0.0,-0.0
509,PHS,0.0,0.0,-0.0
509,H2,0.0,0.0,-0.0
510,Li-Ion,0.0,0.0,-0.0
510,CAES,0.0,0.0,-0.0
510,PHS,0.0,0.0,-0.0
510,H2,0.0,0.0,-0.0
511,Li-Ion,0.0,0.0,-0.0
511,CAES,0.0,0.0,-0.0
511,PHS,0.0,0.0,-0.0
511,H2,0.0,0.0,-0.0
512,Li-Ion,0.0,0.0,-0.0
512,CAES,0.0,0.0,-0.0
512,PHS,0.0,0.0,-0.0
512,H2,0.0,0.0,-0.0
513,Li-Ion,0.0,0.0,-0.0
513,CAES,0.0,0.0,-0.0
513,PHS,0.0,0.0,-0.0
513,H2,0.0,0.0,-0.0
514,Li-Ion,0.0,0.0,-0.0
514,CAES,0.0,0.0,-0.0
514,PHS,0.0,0.0,-0.0
514,H2,0.0,0.0,-0.0
515,Li-Ion,0.0,0.0,-0.0
515,CAES,0.0,0.0,-0.0
515,PHS,0.0,0.0,-0.0
515,H2,0.0,0.0,-0.0
516,Li-Ion,0.0,0.0,-0.0
516,CAES,0.0,0.0,-0.0
516,PHS,0.0,0.0,-0.0
516,H2,0.0,0.0,-0.0
517,Li-Ion,0.0,0.0,-0.0
517,CAES,0.0,0.0,-0.0
517,PHS,0.0,0.0,-0.0
517,H2,0.0,0.0,-0.0
518,Li-Ion,0.0,0.0,-0.0
518,CAES,0.0,0.0,-0.0
518,PHS,0.0,0.0,-0.0
518,H2,0.0,0.0,-0.0
519,Li-Ion,0.0,0.0,-0.0
519,CAES,0.0,0.0,-0.0
519,PHS,0.0,0.0,-0.0
519,H2,0.0,0.0,-0.0
520,Li-Ion,0.0,0.0,-0.0
520,CAES,0.0,0.0,-0.0
520,PHS,0.0,0.0,-0.0
520,H2,0.0,0.0,-0.0
521,Li-Ion,0.0,0.0,-0.0
521,CAES,0.0,0.0,-0.0
521,PHS,0.0,0.0,-0.0
521,H2,0.0,0.0,-0.0
522,Li-Ion,0.0,0.0,-0.0
522,CAES,0.0,0.0,-0.0
522,PHS,0.0,0.0,-0.0
522,H2,0.0,0.0,-0.0
523,Li-Ion,0.0,0.0,-0.0
523,CAES,0.0,0.0,-0.0
523,PHS,0.0,0.0,-0.0
523,H2,0.0,0.0,-0.0
524,Li-Ion,0.0,0.0,-0.0
524,CAES,0.0,0.0,-0.0
524,PHS,0.0,0.0,-0.0
524,H2,0.0,0.0,-0.0
525,Li-Ion,0.0,0.0,-0.0
525,CAES,0.0,0.0,-0.0
525,PHS,0.0,0.0,-0.0
525,H2,0.0,0.0,-0.0
526,Li-Ion,0.0,0.0,-0.0
526,CAES,0.0,0.0,-0.0
526,PHS,0.0,0.0,-0.0
526,H2,0.0,0.0,-0.0
527,Li-Ion,0.0,0.0,-0.0
527,CAES,0.0,0.0,-0.0
527,PHS,0.0,0.0,-0.0
527,H2,0.0,0.0,-0.0
528,Li-Ion,0.0,0.0,-0.0
528,CAES,0.0,0.0,-0.0
528,PHS,0.0,0.0,-0.0
528,H2,0.0,0.0,-0.0
529,Li-Ion,0.0,0.0,-0.0
529,CAES,0.0,0.0,-0.0
529,PHS,0.0,0.0,-0.0
529,H2,0.0,0.0,-0.0
530,Li-Ion,0.0,0.0,-0.0
530,CAES,0.0,0.0,-0.0
530,PHS,0.0,0.0,-0.0
530,H2,0.0,0.0,-0.0
531,Li-Ion,0.0,0.0,-0.0
531,CAES,0.0,0.0,-0.0
531,PHS,0.0,0.0,-0.0
531,H2,0.0,0.0,-0.0
532,Li-Ion,0.0,0.0,-0.0
532,CAES,0.0,0.0,-0.0
532,PHS,0.0,0.0,-0.0
532,H2,0.0,0.0,-0.0
533,Li-Ion,0.0,0.0,-0.0
533,CAES,0.0,0.0,-0.0
533,PHS,0.0,0.0,-0.0
533,H2,0.0,0.0,-0.0
534,Li-Ion,0.0,0.0,-0.0
534,CAES,0.0,0.0,-0.0
534,PHS,0.0,0.0,-0.0
534,H2,0.0,0.0,-0.0
535,Li-Ion,0.0,0.0,-0.0
535,CAES,0.0,0.0,-0.0
535,PHS,0.0,0.0,-0.0
535,H2,0.0,0.0,-0.0
536,Li-Ion,0.0,0.0,-0.0
536,CAES,0.0,0.0,-0.0
536,PHS,0.0,0.0,-0.0
536,H2,0.0,0.0,-0.0
537,Li-Ion,0.0,0.0,-0.0
537,CAES,0.0,0.0,-0.0
537,PHS,0.0,0.0,-0.0
537,H2,0.0,0.0,-0.0
538,Li-Ion,0.0,0.0,-0.0
538,CAES,0.0,0.0,-0.0
538,PHS,0.0,0.0,-0.0
538,H2,0.0,0.0,-0.0
539,Li-Ion,0.0,0.0,-0.0
539,CAES,0.0,0.0,-0.0
539,PHS,0.0,0.0,-0.0
539,H2,0.0,0.0,-0.0
540,Li-Ion,0.0,0.0,-0.0
540,CAES,0.0,0.0,-0.0
540,PHS,0.0,0.0,-0.0
540,H2,0.0,0.0,-0.0
541,Li-Ion,0.0,0.0,-0.0
541,CAES,0.0,0.0,-0.0
541,PHS,0.0,0.0,-0.0
541,H2,0.0,0.0,-0.0
542,Li-Ion,0.0,0.0,-0.0
542,CAES,0.0,0.0,-0.0
542,PHS,0.0,0.0,-0.0
542,H2,0.0,0.0,-0.0
543,Li-Ion,0.0,0.0,-0.0
543,CAES,0.0,0.0,-0.0
543,PHS,0.0,0.0,-0.0
543,H2,0.0,0.0,-0.0
544,Li-Ion,0.0,0.0,-0.0
544,CAES,0.0,0.0,-0.0
544,PHS,0.0,0.0,-0.0
544,H2,0.0,0.0,-0.0
545,Li-Ion,0.0,0.0,-0.0
545,CAES,0.0,0.0,-0.0
545,PHS,0.0,0.0,-0.0
545,H2,0.0,0.0,-0.0
546,Li-Ion,0.0,0.0,-0.0
546,CAES,0.0,0.0,-0.0
546,PHS,0.0,-0.0,-0.0
546,H2,0.0,0.0,-0.0
547,Li-Ion,0.0,0.0,-0.0
547,CAES,0.0,0.0,-0.0
547,PHS,0.0,0.0,-0.0
547,H2,0.0,0.0,-0.0
548,Li-Ion,0.0,0.0,-0.0
548,CAES,0.0,0.0,-0.0
548,PHS,0.0,0.0,-0.0
548,H2,0.0,0.0,-0.0
549,Li-Ion,0.0,0.0,-0.0
549,CAES,0.0,0.0,-0.0
549,PHS,0.0,0.0,-0.0
549,H2,0.0,0.0,-0.0
550,Li-Ion,0.0,0.0,-0.0
550,CAES,0.0,0.0,-0.0
550,PHS,0.0,0.0,-0.0
550,H2,0.0,0.0,-0.0
551,Li-Ion,0.0,0.0,-0.0
551,CAES,0.0,0.0,-0.0
551,PHS,0.0,0.0,-0.0
551,H2,0.0,0.0,-0.0
552,Li-Ion,0.0,0.0,-0.0
552,CAES,0.0,0.0,-0.0
552,PHS,0.0,0.0,-0.0
552,H2,0.0,0.0,-0.0
553,Li-Ion,0.0,0.0,-0.0
553,CAES,0.0,0.0,-0.0
553,PHS,0.0,0.0,-0.0
553,H2,0.0,0.0,-0.0
554,Li-Ion,0.0,0.0,-0.0
554,CAES,0.0,0.0,-0.0
554,PHS,0.0,0.0,-0.0
554,H2,0.0,0.0,-0.0
555,Li-Ion,0.0,0.0,-0.0
555,CAES,0.0,0.0,-0.0
555,PHS,0.0,0.0,-0.0
555,H2,0.0,0.0,-0.0
556,Li-Ion,0.0,0.0,-0.0
556,CAES,0.0,0.0,-0.0
556,PHS,0.0,0.0,-0.0
556,H2,0.0,0.0,-0.0
557,Li-Ion,0.0,0.0,-0.0
557,CAES,0.0,0.0,-0.0
557,PHS,0.0,0.0,-0.0
557,H2,0.0,0.0,-0.0
558,Li-Ion,0.0,0.0,-0.0
558,CAES,0.0,0.0,-0.0
558,PHS,0.0,0.0,-0.0
558,H2,0.0,0.0,-0.0
559,Li-Ion,0.0,0.0,-0.0
559,CAES,0.0,0.0,-0.0
559,PHS,0.0,0.0,-0.0
559,H2,0.0,0.0,-0.0
560,Li-Ion,0.0,0.0,-0.0
560,CAES,0.0,0.0,-0.0
560,PHS,0.0,0.0,-0.0
560,H2,0.0,0.0,-0.0
561,Li-Ion,0.0,0.0,-0.0
561,CAES,0.0,0.0,-0.0
561,PHS,0.0,0.0,-0.0
561,H2,0.0,0.0,-0.0
562,Li-Ion,0.0,0.0,-0.0
562,CAES,0.0,0.0,-0.0
562,PHS,0.0,0.0,-0.0
562,H2,0.0,0.0,-0.0
563,Li-Ion,0.0,0.0,-0.0
563,CAES,0.0,0.0,-0.0
563,PHS,0.0,0.0,-0.0
563,H2,0.0,0.0,-0.0
564,Li-Ion,0.0,0.0,-0.0
564,CAES,0.0,0.0,-0.0
564,PHS,0.0,0.0,-0.0
564,H2,0.0,0.0,-0.0
565,Li-Ion,0.0,0.0,-0.0
565,CAES,0.0,0.0,-0.0
565,PHS,0.0,0.0,-0.0
565,H2,0.0,0.0,-0.0
566,Li-Ion,0.0,0.0,-0.0
566,CAES,0.0,0.0,-0.0
566,PHS,0.0,0.0,-0.0
566,H2,0.0,0.0,-0.0
567,Li-Ion,0.0,0.0,-0.0
567,CAES,0.0,0.0,-0.0
567,PHS,0.0,0.0,-0.0
567,H2,0.0,0.0,-0.0
568,Li-Ion,0.0,0.0,-0.0
568,CAES,0.0,0.0,-0.0
568,PHS,0.0,0.0,-0.0
568,H2,0.0,0.0,-0.0
569,Li-Ion,0.0,0.0,-0.0
569,CAES,0.0,0.0,-0.0
569,PHS,0.0,0.0,-0.0
569,H2,0.0,0.0,-0.0
570,Li-Ion,0.0,0.0,-0.0
570,CAES,0.0,0.0,-0.0
570,PHS,0.0,0.0,-0.0
570,H2,0.0,0.0,-0.0
571,Li-Ion,0.0,0.0,-0.0
571,CAES,0.0,0.0,-0.0
571,PHS,0.0,0.0,-0.0
571,H2,0.0,0.0,-0.0
572,Li-Ion,0.0,0.0,-0.0
572,CAES,0.0,0.0,-0.0
572,PHS,0.0,0.0,-0.0
572,H2,0.0,0.0,-0.0
573,Li-Ion,0.0,0.0,-0.0
573,CAES,0.0,0.0,-0.0
573,PHS,0.0,0.0,-0.0
573,H2,0.0,0.0,-0.0
574,Li-Ion,0.0,0.0,-0.0
574,CAES,0.0,0.0,-0.0
574,PHS,0.0,0.0,-0.0
574,H2,0.0,0.0,-0.0
575,Li-Ion,0.0,0.0,-0.0
575,CAES,0.0,0.0,-0.0
575,PHS,0.0,0.0,-0.0
575,H2,0.0,0.0,-0.0
576,Li-Ion,0.0,0.0,-0.0
576,CAES,0.0,0.0,-0.0
576,PHS,0.0,0.0,-0.0
576,H2,0.0,0.0,-0.0
577,Li-Ion,0.0,0.0,-0.0
577,CAES,0.0,0.0,-0.0
577,PHS,0.0,0.0,-0.0
577,H2,0.0,0.0,-0.0
578,Li-Ion,0.0,0.0,-0.0
578,CAES,0.0,0.0,-0.0
578,PHS,0.0,0.0,-0.0
578,H2,0.0,0.0,-0.0
579,Li-Ion,0.0,0.0,-0.0
579,CAES,0.0,0.0,-0.0
579,PHS,0.0,0.0,-0.0
579,H2,0.0,0.0,-0.0
580,Li-Ion,0.0,0.0,-0.0
580,CAES,0.0,0.0,-0.0
580,PHS,0.0,0.0,-0.0
580,H2,0.0,0.0,-0.0
581,Li-Ion,0.0,0.0,-0.0
581,CAES,0.0,0.0,-0.0
581,PHS,0.0,0.0,-0.0
581,H2,0.0,0.0,-0.0
582,Li-Ion,0.0,0.0,-0.0
582,CAES,0.0,0.0,-0.0
582,PHS,0.0,0.0,-0.0
582,H2,0.0,0.0,-0.0
583,Li-Ion,0.0,0.0,-0.0
583,CAES,0.0,0.0,-0.0
583,PHS,0.0,0.0,-0.0
583,H2,0.0,0.0,-0.0
584,Li-Ion,0.0,0.0,-0.0
584,CAES,0.0,0.0,-0.0
584,PHS,0.0,0.0,-0.0
584,H2,0.0,0.0,-0.0
585,Li-Ion,0.0,0.0,-0.0
585,CAES,0.0,0.0,-0.0
585,PHS,0.0,0.0,-0.0
585,H2,0.0,0.0,-0.0
586,Li-Ion,0.0,0.0,-0.0
586,CAES,0.0,0.0,-0.0
586,PHS,0.0,0.0,-0.0
586,H2,0.0,0.0,-0.0
587,Li-Ion,0.0,0.0,-0.0
587,CAES,0.0,0.0,-0.0
587,PHS,0.0,0.0,-0.0
587,H2,0.0,0.0,-0.0
588,Li-Ion,0.0,0.0,-0.0
588,CAES,0.0,0.0,-0.0
588,PHS,0.0,0.0,-0.0
588,H2,0.0,0.0,-0.0
589,Li-Ion,0.0,0.0,-0.0
589,CAES,0.0,0.0,-0.0
589,PHS,0.0,0.0,-0.0
589,H2,0.0,0.0,-0.0
590,Li-Ion,0.0,0.0,-0.0
590,CAES,0.0,0.0,-0.0
590,PHS,0.0,0.0,-0.0
590,H2,0.0,0.0,-0.0
591,Li-Ion,0.0,0.0,-0.0
591,CAES,0.0,0.0,-0.0
591,PHS,0.0,0.0,-0.0
591,H2,0.0,0.0,-0.0
592,Li-Ion,0.0,0.0,-0.0
592,CAES,0.0,0.0,-0.0
592,PHS,0.0,0.0,-0.0
592,H2,0.0,0.0,-0.0
593,Li-Ion,0.0,0.0,-0.0
593,CAES,0.0,0.0,-0.0
593,PHS,0.0,0.0,-0.0
593,H2,0.0,0.0,-0.0
594,Li-Ion,0.0,0.0,-0.0
594,CAES,0.0,0.0,-0.0
594,PHS,0.0,0.0,-0.0
594,H2,0.0,0.0,-0.0
595,Li-Ion,0.0,0.0,-0.0
595,CAES,0.0,0.0,-0.0
595,PHS,0.0,0.0,-0.0
595,H2,0.0,0.0,-0.0
596,Li-Ion,0.0,0.0,-0.0
596,CAES,0.0,0.0,-0.0
596,PHS,0.0,0.0,-0.0
596,H2,0.0,0.0,-0.0
597,Li-Ion,0.0,0.0,-0.0
597,CAES,0.0,0.0,-0.0
597,PHS,0.0,0.0,-0.0
597,H2,0.0,0.0,-0.0
598,Li-Ion,0.0,0.0,-0.0
598,CAES,0.0,0.0,-0.0
598,PHS,0.0,0.0,-0.0
598,H2,0.0,0.0,-0.0
599,Li-Ion,0.0,0.0,-0.0
599,CAES,0.0,0.0,-0.0
599,PHS,0.0,0.0,-0.0
599,H2,0.0,0.0,-0.0
600,Li-Ion,0.0,0.0,-0.0
600,CAES,0.0,0.0,-0.0
600,PHS,0.0,0.0,-0.0
600,H2,0.0,0.0,-0.0
601,Li-Ion,0.0,0.0,-0.0
601,CAES,0.0,0.0,-0.0
601,PHS,0.0,0.0,-0.0
601,H2,0.0,0.0,-0.0
602,Li-Ion,0.0,0.0,-0.0
602,CAES,0.0,0.0,-0.0
602,PHS,0.0,0.0,-0.0
602,H2,0.0,0.0,-0.0
603,Li-Ion,0.0,0.0,-0.0
603,CAES,0.0,0.0,-0.0
603,PHS,0.0,0.0,-0.0
603,H2,0.0,0.0,-0.0
604,Li-Ion,0.0,0.0,-0.0
604,CAES,0.0,0.0,-0.0
604,PHS,0.0,0.0,-0.0
604,H2,0.0,0.0,-0.0
605,Li-Ion,0.0,0.0,-0.0
605,CAES,0.0,0.0,-0.0
605,PHS,0.0,0.0,-0.0
605,H2,0.0,0.0,-0.0
606,Li-Ion,0.0,0.0,-0.0
606,CAES,0.0,0.0,-0.0
606,PHS,0.0,0.0,-0.0
606,H2,0.0,0.0,-0.0
607,Li-Ion,0.0,0.0,-0.0
607,CAES,0.0,0.0,-0.0
607,PHS,0.0,0.0,-0.0
607,H2,0.0,0.0,-0.0
608,Li-Ion,0.0,0.0,-0.0
608,CAES,0.0,0.0,-0.0
608,PHS,0.0,0.0,-0.0
608,H2,0.0,0.0,-0.0
609,Li-Ion,0.0,0.0,-0.0
609,CAES,0.0,0.0,-0.0
609,PHS,0.0,0.0,-0.0
609,H2,0.0,0.0,-0.0
610,Li-Ion,0.0,0.0,-0.0
610,CAES,0.0,0.0,-0.0
610,PHS,0.0,0.0,-0.0
610,H2,0.0,0.0,-0.0
611,Li-Ion,0.0,0.0,-0.0
611,CAES,0.0,0.0,-0.0
611,PHS,0.0,0.0,-0.0
611,H2,0.0,0.0,-0.0
612,Li-Ion,0.0,0.0,-0.0
612,CAES,0.0,0.0,-0.0
612,PHS,0.0,0.0,-0.0
612,H2,0.0,0.0,-0.0
613,Li-Ion,0.0,0.0,-0.0
613,CAES,0.0,0.0,-0.0
613,PHS,0.0,0.0,-0.0
613,H2,0.0,0.0,-0.0
614,Li-Ion,0.0,0.0,-0.0
614,CAES,0.0,0.0,-0.0
614,PHS,0.0,0.0,-0.0
614,H2,0.0,0.0,-0.0
615,Li-Ion,0.0,0.0,-0.0
615,CAES,0.0,0.0,-0.0
615,PHS,0.0,0.0,-0.0
615,H2,0.0,0.0,-0.0
616,Li-Ion,0.0,0.0,-0.0
616,CAES,0.0,0.0,-0.0
616,PHS,0.0,0.0,-0.0
616,H2,0.0,0.0,-0.0
617,Li-Ion,0.0,0.0,-0.0
617,CAES,0.0,0.0,-0.0
617,PHS,0.0,0.0,-0.0
617,H2,0.0,0.0,-0.0
618,Li-Ion,0.0,0.0,-0.0
618,CAES,0.0,0.0,-0.0
618,PHS,0.0,0.0,-0.0
618,H2,0.0,0.0,-0.0
619,Li-Ion,0.0,0.0,-0.0
619,CAES,0.0,0.0,-0.0
619,PHS,0.0,0.0,-0.0
619,H2,0.0,0.0,-0.0
620,Li-Ion,0.0,0.0,-0.0
620,CAES,0.0,0.0,-0.0
620,PHS,0.0,0.0,-0.0
620,H2,0.0,0.0,-0.0
621,Li-Ion,0.0,0.0,-0.0
621,CAES,0.0,0.0,-0.0
621,PHS,0.0,0.0,-0.0
621,H2,0.0,0.0,-0.0
622,Li-Ion,0.0,0.0,-0.0
622,CAES,0.0,0.0,-0.0
622,PHS,0.0,0.0,-0.0
622,H2,0.0,0.0,-0.0
623,Li-Ion,0.0,0.0,-0.0
623,CAES,0.0,0.0,-0.0
623,PHS,0.0,0.0,-0.0
623,H2,0.0,0.0,-0.0
624,Li-Ion,0.0,0.0,-0.0
624,CAES,0.0,0.0,-0.0
624,PHS,0.0,0.0,-0.0
624,H2,0.0,0.0,-0.0
625,Li-Ion,0.0,0.0,-0.0
625,CAES,0.0,0.0,-0.0
625,PHS,0.0,0.0,-0.0
625,H2,0.0,0.0,-0.0
626,Li-Ion,0.0,0.0,-0.0
626,CAES,0.0,0.0,-0.0
626,PHS,0.0,0.0,-0.0
626,H2,0.0,0.0,-0.0
627,Li-Ion,0.0,0.0,-0.0
627,CAES,0.0,0.0,-0.0
627,PHS,0.0,0.0,-0.0
627,H2,0.0,0.0,-0.0
628,Li-Ion,0.0,0.0,-0.0
628,CAES,0.0,0.0,-0.0
628,PHS,0.0,0.0,-0.0
628,H2,0.0,0.0,-0.0
629,Li-Ion,0.0,0.0,-0.0
629,CAES,0.0,0.0,-0.0
629,PHS,0.0,0.0,-0.0
629,H2,0.0,0.0,-0.0
630,Li-Ion,0.0,0.0,-0.0
630,CAES,0.0,0.0,-0.0
630,PHS,0.0,0.0,-0.0
630,H2,0.0,0.0,-0.0
631,Li-Ion,0.0,0.0,-0.0
631,CAES,0.0,0.0,-0.0
631,PHS,0.0,0.0,-0.0
631,H2,0.0,0.0,-0.0
632,Li-Ion,0.0,0.0,-0.0
632,CAES,0.0,0.0,-0.0
632,PHS,0.0,0.0,-0.0
632,H2,0.0,0.0,-0.0
633,Li-Ion,0.0,0.0,-0.0
633,CAES,0.0,0.0,-0.0
633,PHS,0.0,0.0,-0.0
633,H2,0.0,0.0,-0.0
634,Li-Ion,0.0,0.0,-0.0
634,CAES,0.0,0.0,-0.0
634,PHS,0.0,0.0,-0.0
634,H2,0.0,0.0,-0.0
635,Li-Ion,0.0,0.0,-0.0
635,CAES,0.0,0.0,-0.0
635,PHS,0.0,0.0,-0.0
635,H2,0.0,0.0,-0.0
636,Li-Ion,0.0,0.0,-0.0
636,CAES,0.0,0.0,-0.0
636,PHS,0.0,0.0,-0.0
636,H2,0.0,0.0,-0.0
637,Li-Ion,0.0,0.0,-0.0
637,CAES,0.0,0.0,-0.0
637,PHS,0.0,0.0,-0.0
637,H2,0.0,0.0,-0.0
638,Li-Ion,0.0,0.0,-0.0
638,CAES,0.0,0.0,-0.0
638,PHS,0.0,0.0,-0.0
638,H2,0.0,0.0,-0.0
639,Li-Ion,0.0,0.0,-0.0
639,CAES,0.0,0.0,-0.0
639,PHS,0.0,0.0,-0.0
639,H2,0.0,0.0,-0.0
640,Li-Ion,0.0,0.0,-0.0
640,CAES,0.0,0.0,-0.0
640,PHS,0.0,0.0,-0.0
640,H2,0.0,0.0,-0.0
641,Li-Ion,0.0,0.0,-0.0
641,CAES,0.0,0.0,-0.0
641,PHS,0.0,0.0,-0.0
641,H2,0.0,0.0,-0.0
642,Li-Ion,0.0,0.0,-0.0
642,CAES,0.0,0.0,-0.0
642,PHS,0.0,0.0,-0.0
642,H2,0.0,0.0,-0.0
643,Li-Ion,0.0,0.0,-0.0
643,CAES,0.0,0.0,-0.0
643,PHS,0.0,0.0,-0.0
643,H2,0.0,0.0,-0.0
644,Li-Ion,0.0,0.0,-0.0
644,CAES,0.0,0.0,-0.0
644,PHS,0.0,0.0,-0.0
644,H2,0.0,0.0,-0.0
645,Li-Ion,0.0,0.0,-0.0
645,CAES,0.0,0.0,-0.0
645,PHS,0.0,0.0,-0.0
645,H2,0.0,0.0,-0.0
646,Li-Ion,0.0,0.0,-0.0
646,CAES,0.0,0.0,-0.0
646,PHS,0.0,0.0,-0.0
646,H2,0.0,0.0,-0.0
647,Li-Ion,0.0,0.0,-0.0
647,CAES,0.0,0.0,-0.0
647,PHS,0.0,0.0,-0.0
647,H2,0.0,0.0,-0.0
648,Li-Ion,0.0,0.0,-0.0
648,CAES,0.0,0.0,-0.0
648,PHS,0.0,0.0,-0.0
648,H2,0.0,0.0,-0.0
649,Li-Ion,0.0,0.0,-0.0
649,CAES,0.0,0.0,-0.0
649,PHS,0.0,0.0,-0.0
649,H2,0.0,0.0,-0.0
650,Li-Ion,0.0,0.0,-0.0
650,CAES,0.0,0.0,-0.0
650,PHS,0.0,0.0,-0.0
650,H2,0.0,0.0,-0.0
651,Li-Ion,0.0,0.0,-0.0
651,CAES,0.0,0.0,-0.0
651,PHS,0.0,0.0,-0.0
651,H2,0.0,0.0,-0.0
652,Li-Ion,0.0,0.0,-0.0
652,CAES,0.0,0.0,-0.0
652,PHS,0.0,0.0,-0.0
652,H2,0.0,0.0,-0.0
653,Li-Ion,0.0,0.0,-0.0
653,CAES,0.0,0.0,-0.0
653,PHS,0.0,0.0,-0.0
653,H2,0.0,0.0,-0.0
654,Li-Ion,0.0,0.0,-0.0
654,CAES,0.0,0.0,-0.0
654,PHS,0.0,0.0,-0.0
654,H2,0.0,0.0,-0.0
655,Li-Ion,0.0,0.0,-0.0
655,CAES,0.0,0.0,-0.0
655,PHS,0.0,0.0,-0.0
655,H2,0.0,0.0,-0.0
656,Li-Ion,0.0,0.0,-0.0
656,CAES,0.0,0.0,-0.0
656,PHS,0.0,0.0,-0.0
656,H2,0.0,0.0,-0.0
657,Li-Ion,0.0,0.0,-0.0
657,CAES,0.0,0.0,-0.0
657,PHS,0.0,0.0,-0.0
657,H2,0.0,0.0,-0.0
658,Li-Ion,0.0,0.0,-0.0
658,CAES,0.0,0.0,-0.0
658,PHS,0.0,0.0,-0.0
658,H2,0.0,0.0,-0.0
659,Li-Ion,0.0,0.0,-0.0
659,CAES,0.0,0.0,-0.0
659,PHS,0.0,0.0,-0.0
659,H2,0.0,0.0,-0.0
660,Li-Ion,0.0,0.0,-0.0
660,CAES,0.0,0.0,-0.0
660,PHS,0.0,0.0,-0.0
660,H2,0.0,0.0,-0.0
661,Li-Ion,0.0,0.0,-0.0
661,CAES,0.0,0.0,-0.0
661,PHS,0.0,0.0,-0.0
661,H2,0.0,0.0,-0.0
662,Li-Ion,0.0,0.0,-0.0
662,CAES,0.0,0.0,-0.0
662,PHS,0.0,0.0,-0.0
662,H2,0.0,0.0,-0.0
663,Li-Ion,0.0,0.0,-0.0
663,CAES,0.0,0.0,-0.0
663,PHS,0.0,0.0,-0.0
663,H2,0.0,0.0,-0.0
664,Li-Ion,0.0,0.0,-0.0
664,CAES,0.0,0.0,-0.0
664,PHS,0.0,0.0,-0.0
664,H2,0.0,0.0,-0.0
665,Li-Ion,0.0,0.0,-0.0
665,CAES,0.0,0.0,-0.0
665,PHS,0.0,0.0,-0.0
665,H2,0.0,0.0,-0.0
666,Li-Ion,0.0,0.0,-0.0
666,CAES,0.0,0.0,-0.0
666,PHS,0.0,0.0,-0.0
666,H2,0.0,0.0,-0.0
667,Li-Ion,0.0,0.0,-0.0
667,CAES,0.0,0.0,-0.0
667,PHS,0.0,0.0,-0.0
667,H2,0.0,0.0,-0.0
668,Li-Ion,0.0,0.0,-0.0
668,CAES,0.0,0.0,-0.0
668,PHS,0.0,0.0,-0.0
668,H2,0.0,0.0,-0.0
669,Li-Ion,0.0,0.0,-0.0
669,CAES,0.0,0.0,-0.0
669,PHS,0.0,0.0,-0.0
669,H2,0.0,0.0,-0.0
670,Li-Ion,0.0,0.0,-0.0
670,CAES,0.0,0.0,-0.0
670,PHS,0.0,0.0,-0.0
670,H2,0.0,0.0,-0.0
671,Li-Ion,0.0,0.0,-0.0
671,CAES,0.0,0.0,-0.0
671,PHS,0.0,0.0,-0.0
671,H2,0.0,0.0,-0.0
672,Li-Ion,0.0,0.0,-0.0
672,CAES,0.0,0.0,-0.0
672,PHS,0.0,0.0,-0.0
672,H2,0.0,0.0,-0.0
673,Li-Ion,0.0,0.0,-0.0
673,CAES,0.0,0.0,-0.0
673,PHS,0.0,0.0,-0.0
673,H2,0.0,0.0,-0.0
674,Li-Ion,0.0,0.0,-0.0
674,CAES,0.0,0.0,-0.0
674,PHS,0.0,0.0,-0.0
674,H2,0.0,0.0,-0.0
675,Li-Ion,0.0,0.0,-0.0
675,CAES,0.0,0.0,-0.0
675,PHS,0.0,0.0,-0.0
675,H2,0.0,0.0,-0.0
676,Li-Ion,0.0,0.0,-0.0
676,CAES,0.0,0.0,-0.0
676,PHS,0.0,0.0,-0.0
676,H2,0.0,0.0,-0.0
677,Li-Ion,0.0,0.0,-0.0
677,CAES,0.0,0.0,-0.0
677,PHS,0.0,0.0,-0.0
677,H2,0.0,0.0,-0.0
678,Li-Ion,0.0,0.0,-0.0
678,CAES,0.0,0.0,-0.0
678,PHS,0.0,0.0,-0.0
678,H2,0.0,0.0,-0.0
679,Li-Ion,0.0,0.0,-0.0
679,CAES,0.0,0.0,-0.0
679,PHS,0.0,0.0,-0.0
679,H2,0.0,0.0,-0.0
680,Li-Ion,0.0,0.0,-0.0
680,CAES,0.0,0.0,-0.0
680,PHS,0.0,0.0,-0.0
680,H2,0.0,0.0,-0.0
681,Li-Ion,0.0,0.0,-0.0
681,CAES,0.0,0.0,-0.0
681,PHS,0.0,0.0,-0.0
681,H2,0.0,0.0,-0.0
682,Li-Ion,0.0,0.0,-0.0
682,CAES,0.0,0.0,-0.0
682,PHS,0.0,0.0,-0.0
682,H2,0.0,0.0,-0.0
683,Li-Ion,0.0,0.0,-0.0
683,CAES,0.0,0.0,-0.0
683,PHS,0.0,0.0,-0.0
683,H2,0.0,0.0,-0.0
684,Li-Ion,0.0,0.0,-0.0
684,CAES,0.0,0.0,-0.0
684,PHS,0.0,0.0,-0.0
684,H2,0.0,0.0,-0.0
685,Li-Ion,0.0,0.0,-0.0
685,CAES,0.0,0.0,-0.0
685,PHS,0.0,0.0,-0.0
685,H2,0.0,0.0,-0.0
686,Li-Ion,0.0,0.0,-0.0
686,CAES,0.0,0.0,-0.0
686,PHS,0.0,0.0,-0.0
686,H2,0.0,0.0,-0.0
687,Li-Ion,0.0,0.0,-0.0
687,CAES,0.0,0.0,-0.0
687,PHS,0.0,0.0,-0.0
687,H2,0.0,0.0,-0.0
688,Li-Ion,0.0,0.0,-0.0
688,CAES,0.0,0.0,-0.0
688,PHS,0.0,0.0,-0.0
688,H2,0.0,0.0,-0.0
689,Li-Ion,0.0,0.0,-0.0
689,CAES,0.0,0.0,-0.0
689,PHS,0.0,0.0,-0.0
689,H2,0.0,0.0,-0.0
690,Li-Ion,0.0,0.0,-0.0
690,CAES,0.0,0.0,-0.0
690,PHS,0.0,0.0,-0.0
690,H2,0.0,0.0,-0.0
691,Li-Ion,0.0,0.0,-0.0
691,CAES,0.0,0.0,-0.0
691,PHS,0.0,0.0,-0.0
691,H2,0.0,0.0,-0.0
692,Li-Ion,0.0,0.0,-0.0
692,CAES,0.0,0.0,-0.0
692,PHS,0.0,0.0,-0.0
692,H2,0.0,0.0,-0.0
693,Li-Ion,0.0,0.0,-0.0
693,CAES,0.0,0.0,-0.0
693,PHS,0.0,0.0,-0.0
693,H2,0.0,0.0,-0.0
694,Li-Ion,0.0,0.0,-0.0
694,CAES,0.0,0.0,-0.0
694,PHS,0.0,0.0,-0.0
694,H2,0.0,0.0,-0.0
695,Li-Ion,0.0,0.0,-0.0
695,CAES,0.0,0.0,-0.0
695,PHS,0.0,0.0,-0.0
695,H2,0.0,0.0,-0.0
696,Li-Ion,0.0,0.0,-0.0
696,CAES,0.0,0.0,-0.0
696,PHS,0.0,0.0,-0.0
696,H2,0.0,0.0,-0.0
697,Li-Ion,0.0,0.0,-0.0
697,CAES,0.0,0.0,-0.0
697,PHS,0.0,0.0,-0.0
697,H2,0.0,0.0,-0.0
698,Li-Ion,0.0,0.0,-0.0
698,CAES,0.0,0.0,-0.0
698,PHS,0.0,0.0,-0.0
698,H2,0.0,0.0,-0.0
699,Li-Ion,0.0,0.0,-0.0
699,CAES,0.0,0.0,-0.0
699,PHS,0.0,0.0,-0.0
699,H2,0.0,0.0,-0.0
700,Li-Ion,0.0,0.0,-0.0
700,CAES,0.0,0.0,-0.0
700,PHS,0.0,0.0,-0.0
700,H2,0.0,0.0,-0.0
701,Li-Ion,0.0,0.0,-0.0
701,CAES,0.0,0.0,-0.0
701,PHS,0.0,0.0,-0.0
701,H2,0.0,0.0,-0.0
702,Li-Ion,0.0,0.0,-0.0
702,CAES,0.0,0.0,-0.0
702,PHS,0.0,0.0,-0.0
702,H2,0.0,0.0,-0.0
703,Li-Ion,0.0,0.0,-0.0
703,CAES,0.0,0.0,-0.0
703,PHS,0.0,0.0,-0.0
703,H2,0.0,0.0,-0.0
704,Li-Ion,0.0,0.0,-0.0
704,CAES,0.0,0.0,-0.0
704,PHS,0.0,0.0,-0.0
704,H2,0.0,0.0,-0.0
705,Li-Ion,0.0,0.0,-0.0
705,CAES,0.0,0.0,-0.0
705,PHS,0.0,0.0,-0.0
705,H2,0.0,0.0,-0.0
706,Li-Ion,0.0,0.0,-0.0
706,CAES,0.0,0.0,-0.0
706,PHS,0.0,0.0,-0.0
706,H2,0.0,0.0,-0.0
707,Li-Ion,0.0,0.0,-0.0
707,CAES,0.0,0.0,-0.0
707,PHS,0.0,0.0,-0.0
707,H2,0.0,0.0,-0.0
708,Li-Ion,0.0,0.0,-0.0
708,CAES,0.0,0.0,-0.0
708,PHS,0.0,0.0,-0.0
708,H2,0.0,0.0,-0.0
709,Li-Ion,0.0,0.0,-0.0
709,CAES,0.0,0.0,-0.0
709,PHS,0.0,0.0,-0.0
709,H2,0.0,0.0,-0.0
710,Li-Ion,0.0,0.0,-0.0
710,CAES,0.0,0.0,-0.0
710,PHS,0.0,0.0,-0.0
710,H2,0.0,0.0,-0.0
711,Li-Ion,0.0,0.0,-0.0
711,CAES,0.0,0.0,-0.0
711,PHS,0.0,0.0,-0.0
711,H2,0.0,0.0,-0.0
712,Li-Ion,0.0,0.0,-0.0
712,CAES,0.0,0.0,-0.0
712,PHS,0.0,0.0,-0.0
712,H2,0.0,0.0,-0.0
713,Li-Ion,0.0,0.0,-0.0
713,CAES,0.0,0.0,-0.0
713,PHS,0.0,0.0,-0.0
713,H2,0.0,0.0,-0.0
714,Li-Ion,0.0,0.0,-0.0
714,CAES,0.0,0.0,-0.0
714,PHS,0.0,0.0,-0.0
714,H2,0.0,0.0,-0.0
715,Li-Ion,0.0,0.0,-0.0
715,CAES,0.0,0.0,-0.0
715,PHS,0.0,0.0,-0.0
715,H2,0.0,0.0,-0.0
716,Li-Ion,0.0,0.0,-0.0
716,CAES,0.0,0.0,-0.0
716,PHS,0.0,0.0,-0.0
716,H2,0.0,0.0,-0.0
717,Li-Ion,0.0,0.0,-0.0
717,CAES,0.0,0.0,-0.0
717,PHS,0.0,0.0,-0.0
717,H2,0.0,0.0,-0.0
718,Li-Ion,0.0,0.0,-0.0
718,CAES,0.0,0.0,-0.0
718,PHS,0.0,0.0,-0.0
718,H2,0.0,0.0,-0.0
719,Li-Ion,0.0,0.0,-0.0
719,CAES,0.0,0.0,-0.0
719,PHS,0.0,0.0,-0.0
719,H2,0.0,0.0,-0.0
720,Li-Ion,0.0,0.0,-0.0
720,CAES,0.0,0.0,-0.0
720,PHS,0.0,0.0,-0.0
720,H2,0.0,0.0,-0.0
721,Li-Ion,0.0,0.0,-0.0
721,CAES,0.0,0.0,-0.0
721,PHS,0.0,0.0,-0.0
721,H2,0.0,0.0,-0.0
722,Li-Ion,0.0,0.0,-0.0
722,CAES,0.0,0.0,-0.0
722,PHS,0.0,0.0,-0.0
722,H2,0.0,0.0,-0.0
723,Li-Ion,0.0,0.0,-0.0
723,CAES,0.0,0.0,-0.0
723,PHS,0.0,0.0,-0.0
723,H2,0.0,0.0,-0.0
724,Li-Ion,0.0,0.0,-0.0
724,CAES,0.0,0.0,-0.0
724,PHS,0.0,0.0,-0.0
724,H2,0.0,0.0,-0.0
725,Li-Ion,0.0,0.0,-0.0
725,CAES,0.0,0.0,-0.0
725,PHS,0.0,0.0,-0.0
725,H2,0.0,0.0,-0.0
726,Li-Ion,0.0,0.0,-0.0
726,CAES,0.0,0.0,-0.0
726,PHS,0.0,0.0,-0.0
726,H2,0.0,0.0,-0.0
727,Li-Ion,0.0,0.0,-0.0
727,CAES,0.0,0.0,-0.0
727,PHS,0.0,0.0,-0.0
727,H2,0.0,0.0,-0.0
728,Li-Ion,0.0,0.0,-0.0
728,CAES,0.0,0.0,-0.0
728,PHS,0.0,0.0,-0.0
728,H2,0.0,0.0,-0.0
729,Li-Ion,0.0,0.0,-0.0
729,CAES,0.0,0.0,-0.0
729,PHS,0.0,0.0,-0.0
729,H2,0.0,0.0,-0.0
730,Li-Ion,0.0,0.0,-0.0
730,CAES,0.0,0.0,-0.0
730,PHS,0.0,0.0,-0.0
730,H2,0.0,0.0,-0.0
731,Li-Ion,0.0,0.0,-0.0
731,CAES,0.0,0.0,-0.0
731,PHS,0.0,0.0,-0.0
731,H2,0.0,0.0,-0.0
732,Li-Ion,0.0,0.0,-0.0
732,CAES,0.0,0.0,-0.0
732,PHS,0.0,0.0,-0.0
732,H2,0.0,0.0,-0.0
733,Li-Ion,0.0,0.0,-0.0
733,CAES,0.0,0.0,-0.0
733,PHS,0.0,0.0,-0.0
733,H2,0.0,0.0,-0.0
734,Li-Ion,0.0,0.0,-0.0
734,CAES,0.0,0.0,-0.0
734,PHS,0.0,0.0,-0.0
734,H2,0.0,0.0,-0.0
735,Li-Ion,0.0,0.0,-0.0
735,CAES,0.0,0.0,-0.0
735,PHS,0.0,0.0,-0.0
735,H2,0.0,0.0,-0.0
736,Li-Ion,0.0,0.0,-0.0
736,CAES,0.0,0.0,-0.0
736,PHS,0.0,0.0,-0.0
736,H2,0.0,0.0,-0.0
737,Li-Ion,0.0,0.0,-0.0
737,CAES,0.0,0.0,-0.0
737,PHS,0.0,0.0,-0.0
737,H2,0.0,0.0,-0.0
738,Li-Ion,0.0,0.0,-0.0
738,CAES,0.0,0.0,-0.0
738,PHS,0.0,0.0,-0.0
738,H2,0.0,0.0,-0.0
739,Li-Ion,0.0,0.0,-0.0
739,CAES,0.0,0.0,-0.0
739,PHS,0.0,0.0,-0.0
739,H2,0.0,0.0,-0.0
740,Li-Ion,0.0,0.0,-0.0
740,CAES,0.0,0.0,-0.0
740,PHS,0.0,0.0,-0.0
740,H2,0.0,0.0,-0.0
741,Li-Ion,0.0,0.0,-0.0
741,CAES,0.0,0.0,-0.0
741,PHS,0.0,0.0,-0.0
741,H2,0.0,0.0,-0.0
742,Li-Ion,0.0,0.0,-0.0
742,CAES,0.0,0.0,-0.0
742,PHS,0.0,0.0,-0.0
742,H2,0.0,0.0,-0.0
743,Li-Ion,0.0,0.0,-0.0
743,CAES,0.0,0.0,-0.0
743,PHS,0.0,0.0,-0.0
743,H2,0.0,0.0,-0.0
744,Li-Ion,0.0,0.0,-0.0
744,CAES,0.0,0.0,-0.0
744,PHS,0.0,0.0,-0.0
744,H2,0.0,0.0,-0.0
745,Li-Ion,0.0,0.0,-0.0
745,CAES,0.0,0.0,-0.0
745,PHS,0.0,0.0,-0.0
745,H2,0.0,0.0,-0.0
746,Li-Ion,0.0,0.0,-0.0
746,CAES,0.0,0.0,-0.0
746,PHS,0.0,0.0,-0.0
746,H2,0.0,0.0,-0.0
747,Li-Ion,0.0,0.0,-0.0
747,CAES,0.0,0.0,-0.0
747,PHS,0.0,0.0,-0.0
747,H2,0.0,0.0,-0.0
748,Li-Ion,0.0,0.0,-0.0
748,CAES,0.0,0.0,-0.0
748,PHS,0.0,0.0,-0.0
748,H2,0.0,0.0,-0.0
749,Li-Ion,0.0,0.0,-0.0
749,CAES,0.0,0.0,-0.0
749,PHS,0.0,0.0,-0.0
749,H2,0.0,0.0,-0.0
750,Li-Ion,0.0,0.0,-0.0
750,CAES,0.0,0.0,-0.0
750,PHS,0.0,0.0,-0.0
750,H2,0.0,0.0,-0.0
751,Li-Ion,0.0,0.0,-0.0
751,CAES,0.0,0.0,-0.0
751,PHS,0.0,0.0,-0.0
751,H2,0.0,0.0,-0.0
752,Li-Ion,0.0,0.0,-0.0
752,CAES,0.0,0.0,-0.0
752,PHS,0.0,0.0,-0.0
752,H2,0.0,0.0,-0.0
753,Li-Ion,0.0,0.0,-0.0
753,CAES,0.0,0.0,-0.0
753,PHS,0.0,0.0,-0.0
753,H2,0.0,0.0,-0.0
754,Li-Ion,0.0,0.0,-0.0
754,CAES,0.0,0.0,-0.0
754,PHS,0.0,0.0,-0.0
754,H2,0.0,0.0,-0.0
755,Li-Ion,0.0,0.0,-0.0
755,CAES,0.0,0.0,-0.0
755,PHS,0.0,0.0,-0.0
755,H2,0.0,0.0,-0.0
756,Li-Ion,0.0,0.0,-0.0
756,CAES,0.0,0.0,-0.0
756,PHS,0.0,0.0,-0.0
756,H2,0.0,0.0,-0.0
757,Li-Ion,0.0,0.0,-0.0
757,CAES,0.0,0.0,-0.0
757,PHS,0.0,0.0,-0.0
757,H2,0.0,0.0,-0.0
758,Li-Ion,0.0,0.0,-0.0
758,CAES,0.0,0.0,-0.0
758,PHS,0.0,0.0,-0.0
758,H2,0.0,0.0,-0.0
759,Li-Ion,0.0,0.0,-0.0
759,CAES,0.0,0.0,-0.0
759,PHS,0.0,0.0,-0.0
759,H2,0.0,0.0,-0.0
760,Li-Ion,0.0,0.0,-0.0
760,CAES,0.0,0.0,-0.0
760,PHS,0.0,0.0,-0.0
760,H2,0.0,0.0,-0.0
761,Li-Ion,0.0,0.0,-0.0
761,CAES,0.0,0.0,-0.0
761,PHS,0.0,0.0,-0.0
761,H2,0.0,0.0,-0.0
762,Li-Ion,0.0,0.0,-0.0
762,CAES,0.0,0.0,-0.0
762,PHS,0.0,0.0,-0.0
762,H2,0.0,0.0,-0.0
763,Li-Ion,0.0,0.0,-0.0
763,CAES,0.0,0.0,-0.0
763,PHS,0.0,0.0,-0.0
763,H2,0.0,0.0,-0.0
764,Li-Ion,0.0,0.0,-0.0
764,CAES,0.0,0.0,-0.0
764,PHS,0.0,0.0,-0.0
764,H2,0.0,0.0,-0.0
765,Li-Ion,0.0,0.0,-0.0
765,CAES,0.0,0.0,-0.0
765,PHS,0.0,0.0,-0.0
765,H2,0.0,0.0,-0.0
766,Li-Ion,0.0,0.0,-0.0
766,CAES,0.0,0.0,-0.0
766,PHS,0.0,0.0,-0.0
766,H2,0.0,0.0,-0.0
767,Li-Ion,0.0,0.0,-0.0
767,CAES,0.0,0.0,-0.0
767,PHS,0.0,0.0,-0.0
767,H2,0.0,0.0,-0.0
768,Li-Ion,0.0,0.0,-0.0
768,CAES,0.0,0.0,-0.0
768,PHS,0.0,0.0,-0.0
768,H2,0.0,0.0,-0.0
769,Li-Ion,0.0,0.0,-0.0
769,CAES,0.0,0.0,-0.0
769,PHS,0.0,0.0,-0.0
769,H2,0.0,0.0,-0.0
770,Li-Ion,0.0,0.0,-0.0
770,CAES,0.0,0.0,-0.0
770,PHS,0.0,0.0,-0.0
770,H2,0.0,0.0,-0.0
771,Li-Ion,0.0,0.0,-0.0
771,CAES,0.0,0.0,-0.0
771,PHS,0.0,0.0,-0.0
771,H2,0.0,0.0,-0.0
772,Li-Ion,0.0,0.0,-0.0
772,CAES,0.0,0.0,-0.0
772,PHS,0.0,0.0,-0.0
772,H2,0.0,0.0,-0.0
773,Li-Ion,0.0,0.0,-0.0
773,CAES,0.0,0.0,-0.0
773,PHS,0.0,0.0,-0.0
773,H2,0.0,0.0,-0.0
774,Li-Ion,0.0,0.0,-0.0
774,CAES,0.0,0.0,-0.0
774,PHS,0.0,0.0,-0.0
774,H2,0.0,0.0,-0.0
775,Li-Ion,0.0,0.0,-0.0
775,CAES,0.0,0.0,-0.0
775,PHS,0.0,0.0,-0.0
775,H2,0.0,0.0,-0.0
776,Li-Ion,0.0,0.0,-0.0
776,CAES,0.0,0.0,-0.0
776,PHS,0.0,0.0,-0.0
776,H2,0.0,0.0,-0.0
777,Li-Ion,0.0,0.0,-0.0
777,CAES,0.0,0.0,-0.0
777,PHS,0.0,0.0,-0.0
777,H2,0.0,0.0,-0.0
778,Li-Ion,0.0,0.0,-0.0
778,CAES,0.0,0.0,-0.0
778,PHS,0.0,0.0,-0.0
778,H2,0.0,0.0,-0.0
779,Li-Ion,0.0,0.0,-0.0
779,CAES,0.0,0.0,-0.0
779,PHS,0.0,0.0,-0.0
779,H2,0.0,0.0,-0.0
780,Li-Ion,0.0,0.0,-0.0
780,CAES,0.0,0.0,-0.0
780,PHS,0.0,0.0,-0.0
780,H2,0.0,0.0,-0.0
781,Li-Ion,0.0,0.0,-0.0
781,CAES,0.0,0.0,-0.0
781,PHS,0.0,0.0,-0.0
781,H2,0.0,0.0,-0.0
782,Li-Ion,0.0,0.0,-0.0
782,CAES,0.0,0.0,-0.0
782,PHS,0.0,0.0,-0.0
782,H2,0.0,0.0,-0.0
783,Li-Ion,0.0,0.0,-0.0
783,CAES,0.0,0.0,-0.0
783,PHS,0.0,0.0,-0.0
783,H2,0.0,0.0,-0.0
784,Li-Ion,0.0,0.0,-0.0
784,CAES,0.0,0.0,-0.0
784,PHS,0.0,0.0,-0.0
784,H2,0.0,0.0,-0.0
785,Li-Ion,0.0,0.0,-0.0
785,CAES,0.0,0.0,-0.0
785,PHS,0.0,0.0,-0.0
785,H2,0.0,0.0,-0.0
786,Li-Ion,0.0,0.0,-0.0
786,CAES,0.0,0.0,-0.0
786,PHS,0.0,0.0,-0.0
786,H2,0.0,0.0,-0.0
787,Li-Ion,0.0,0.0,-0.0
787,CAES,0.0,0.0,-0.0
787,PHS,0.0,0.0,-0.0
787,H2,0.0,0.0,-0.0
788,Li-Ion,0.0,0.0,-0.0
788,CAES,0.0,0.0,-0.0
788,PHS,0.0,0.0,-0.0
788,H2,0.0,0.0,-0.0
789,Li-Ion,0.0,0.0,-0.0
789,CAES,0.0,0.0,-0.0
789,PHS,0.0,0.0,-0.0
789,H2,0.0,0.0,-0.0
790,Li-Ion,0.0,0.0,-0.0
790,CAES,0.0,0.0,-0.0
790,PHS,0.0,0.0,-0.0
790,H2,0.0,0.0,-0.0
791,Li-Ion,0.0,0.0,-0.0
791,CAES,0.0,0.0,-0.0
791,PHS,0.0,0.0,-0.0
791,H2,0.0,0.0,-0.0
792,Li-Ion,0.0,0.0,-0.0
792,CAES,0.0,0.0,-0.0
792,PHS,0.0,0.0,-0.0
792,H2,0.0,0.0,-0.0
793,Li-Ion,0.0,0.0,-0.0
793,CAES,0.0,0.0,-0.0
793,PHS,0.0,0.0,-0.0
793,H2,0.0,0.0,-0.0
794,Li-Ion,0.0,0.0,-0.0
794,CAES,0.0,0.0,-0.0
794,PHS,0.0,0.0,-0.0
794,H2,0.0,0.0,-0.0
795,Li-Ion,0.0,0.0,-0.0
795,CAES,0.0,0.0,-0.0
795,PHS,0.0,0.0,-0.0
795,H2,0.0,0.0,-0.0
796,Li-Ion,0.0,0.0,-0.0
796,CAES,0.0,0.0,-0.0
796,PHS,0.0,0.0,-0.0
796,H2,0.0,0.0,-0.0
797,Li-Ion,0.0,0.0,-0.0
797,CAES,0.0,0.0,-0.0
797,PHS,0.0,0.0,-0.0
797,H2,0.0,0.0,-0.0
798,Li-Ion,0.0,0.0,-0.0
798,CAES,0.0,0.0,-0.0
798,PHS,0.0,0.0,-0.0
798,H2,0.0,0.0,-0.0
799,Li-Ion,0.0,0.0,-0.0
799,CAES,0.0,0.0,-0.0
799,PHS,0.0,0.0,-0.0
799,H2,0.0,0.0,-0.0
800,Li-Ion,0.0,0.0,-0.0
800,CAES,0.0,0.0,-0.0
800,PHS,0.0,0.0,-0.0
800,H2,0.0,0.0,-0.0
801,Li-Ion,0.0,0.0,-0.0
801,CAES,0.0,0.0,-0.0
801,PHS,0.0,0.0,-0.0
801,H2,0.0,0.0,-0.0
802,Li-Ion,0.0,0.0,-0.0
802,CAES,0.0,0.0,-0.0
802,PHS,0.0,0.0,-0.0
802,H2,0.0,0.0,-0.0
803,Li-Ion,0.0,0.0,-0.0
803,CAES,0.0,0.0,-0.0
803,PHS,0.0,0.0,-0.0
803,H2,0.0,0.0,-0.0
804,Li-Ion,0.0,0.0,-0.0
804,CAES,0.0,0.0,-0.0
804,PHS,0.0,0.0,-0.0
804,H2,0.0,0.0,-0.0
805,Li-Ion,0.0,0.0,-0.0
805,CAES,0.0,0.0,-0.0
805,PHS,0.0,0.0,-0.0
805,H2,0.0,0.0,-0.0
806,Li-Ion,0.0,0.0,-0.0
806,CAES,0.0,0.0,-0.0
806,PHS,0.0,0.0,-0.0
806,H2,0.0,0.0,-0.0
807,Li-Ion,0.0,0.0,-0.0
807,CAES,0.0,0.0,-0.0
807,PHS,0.0,0.0,-0.0
807,H2,0.0,0.0,-0.0
808,Li-Ion,0.0,0.0,-0.0
808,CAES,0.0,0.0,-0.0
808,PHS,0.0,0.0,-0.0
808,H2,0.0,0.0,-0.0
809,Li-Ion,0.0,0.0,-0.0
809,CAES,0.0,0.0,-0.0
809,PHS,0.0,0.0,-0.0
809,H2,0.0,0.0,-0.0
810,Li-Ion,0.0,0.0,-0.0
810,CAES,0.0,0.0,-0.0
810,PHS,0.0,0.0,-0.0
810,H2,0.0,0.0,-0.0
811,Li-Ion,0.0,0.0,-0.0
811,CAES,0.0,0.0,-0.0
811,PHS,0.0,0.0,-0.0
811,H2,0.0,0.0,-0.0
812,Li-Ion,0.0,0.0,-0.0
812,CAES,0.0,0.0,-0.0
812,PHS,0.0,0.0,-0.0
812,H2,0.0,0.0,-0.0
813,Li-Ion,0.0,0.0,-0.0
813,CAES,0.0,0.0,-0.0
813,PHS,0.0,0.0,-0.0
813,H2,0.0,0.0,-0.0
814,Li-Ion,0.0,0.0,-0.0
814,CAES,0.0,0.0,-0.0
814,PHS,0.0,0.0,-0.0
814,H2,0.0,0.0,-0.0
815,Li-Ion,0.0,0.0,-0.0
815,CAES,0.0,0.0,-0.0
815,PHS,0.0,0.0,-0.0
815,H2,0.0,0.0,-0.0
816,Li-Ion,0.0,0.0,-0.0
816,CAES,0.0,0.0,-0.0
816,PHS,0.0,0.0,-0.0
816,H2,0.0,0.0,-0.0
817,Li-Ion,0.0,0.0,-0.0
817,CAES,0.0,0.0,-0.0
817,PHS,0.0,0.0,-0.0
817,H2,0.0,0.0,-0.0
818,Li-Ion,0.0,0.0,-0.0
818,CAES,0.0,0.0,-0.0
818,PHS,0.0,0.0,-0.0
818,H2,0.0,0.0,-0.0
819,Li-Ion,0.0,0.0,-0.0
819,CAES,0.0,0.0,-0.0
819,PHS,0.0,0.0,-0.0
819,H2,0.0,0.0,-0.0
820,Li-Ion,0.0,0.0,-0.0
820,CAES,0.0,0.0,-0.0
820,PHS,0.0,0.0,-0.0
820,H2,0.0,0.0,-0.0
821,Li-Ion,0.0,0.0,-0.0
821,CAES,0.0,0.0,-0.0
821,PHS,0.0,0.0,-0.0
821,H2,0.0,0.0,-0.0
822,Li-Ion,0.0,0.0,-0.0
822,CAES,0.0,0.0,-0.0
822,PHS,0.0,0.0,-0.0
822,H2,0.0,0.0,-0.0
823,Li-Ion,0.0,0.0,-0.0
823,CAES,0.0,0.0,-0.0
823,PHS,0.0,0.0,-0.0
823,H2,0.0,0.0,-0.0
824,Li-Ion,0.0,0.0,-0.0
824,CAES,0.0,0.0,-0.0
824,PHS,0.0,0.0,-0.0
824,H2,0.0,0.0,-0.0
825,Li-Ion,0.0,0.0,-0.0
825,CAES,0.0,0.0,-0.0
825,PHS,0.0,0.0,-0.0
825,H2,0.0,0.0,-0.0
826,Li-Ion,0.0,0.0,-0.0
826,CAES,0.0,0.0,-0.0
826,PHS,0.0,0.0,-0.0
826,H2,0.0,0.0,-0.0
827,Li-Ion,0.0,0.0,-0.0
827,CAES,0.0,0.0,-0.0
827,PHS,0.0,0.0,-0.0
827,H2,0.0,0.0,-0.0
828,Li-Ion,0.0,0.0,-0.0
828,CAES,0.0,0.0,-0.0
828,PHS,0.0,0.0,-0.0
828,H2,0.0,0.0,-0.0
829,Li-Ion,0.0,0.0,-0.0
829,CAES,0.0,0.0,-0.0
829,PHS,0.0,0.0,-0.0
829,H2,0.0,0.0,-0.0
830,Li-Ion,0.0,0.0,-0.0
830,CAES,0.0,0.0,-0.0
830,PHS,0.0,0.0,-0.0
830,H2,0.0,0.0,-0.0
831,Li-Ion,0.0,0.0,-0.0
831,CAES,0.0,0.0,-0.0
831,PHS,0.0,0.0,-0.0
831,H2,0.0,0.0,-0.0
832,Li-Ion,0.0,0.0,-0.0
832,CAES,0.0,0.0,-0.0
832,PHS,0.0,0.0,-0.0
832,H2,0.0,0.0,-0.0
833,Li-Ion,0.0,0.0,-0.0
833,CAES,0.0,0.0,-0.0
833,PHS,0.0,0.0,-0.0
833,H2,0.0,0.0,-0.0
834,Li-Ion,0.0,0.0,-0.0
834,CAES,0.0,0.0,-0.0
834,PHS,0.0,0.0,-0.0
834,H2,0.0,0.0,-0.0
835,Li-Ion,0.0,0.0,-0.0
835,CAES,0.0,0.0,-0.0
835,PHS,0.0,0.0,-0.0
835,H2,0.0,0.0,-0.0
836,Li-Ion,0.0,0.0,-0.0
836,CAES,0.0,0.0,-0.0
836,PHS,0.0,0.0,-0.0
836,H2,0.0,0.0,-0.0
837,Li-Ion,0.0,0.0,-0.0
837,CAES,0.0,0.0,-0.0
837,PHS,0.0,0.0,-0.0
837,H2,0.0,0.0,-0.0
838,Li-Ion,0.0,0.0,-0.0
838,CAES,0.0,0.0,-0.0
838,PHS,0.0,0.0,-0.0
838,H2,0.0,0.0,-0.0
839,Li-Ion,0.0,0.0,-0.0
839,CAES,0.0,0.0,-0.0
839,PHS,0.0,0.0,-0.0
839,H2,0.0,0.0,-0.0
840,Li-Ion,0.0,0.0,-0.0
840,CAES,0.0,0.0,-0.0
840,PHS,0.0,0.0,-0.0
840,H2,0.0,0.0,-0.0
841,Li-Ion,0.0,0.0,-0.0
841,CAES,0.0,0.0,-0.0
841,PHS,0.0,0.0,-0.0
841,H2,0.0,0.0,-0.0
842,Li-Ion,0.0,0.0,-0.0
842,CAES,0.0,0.0,-0.0
842,PHS,0.0,0.0,-0.0
842,H2,0.0,0.0,-0.0
843,Li-Ion,0.0,0.0,-0.0
843,CAES,0.0,0.0,-0.0
843,PHS,0.0,0.0,-0.0
843,H2,0.0,0.0,-0.0
844,Li-Ion,0.0,0.0,-0.0
844,CAES,0.0,0.0,-0.0
844,PHS,0.0,0.0,-0.0
844,H2,0.0,0.0,-0.0
845,Li-Ion,0.0,0.0,-0.0
845,CAES,0.0,0.0,-0.0
845,PHS,0.0,0.0,-0.0
845,H2,0.0,0.0,-0.0
846,Li-Ion,0.0,0.0,-0.0
846,CAES,0.0,0.0,-0.0
846,PHS,0.0,0.0,-0.0
846,H2,0.0,0.0,-0.0
847,Li-Ion,0.0,0.0,-0.0
847,CAES,0.0,0.0,-0.0
847,PHS,0.0,0.0,-0.0
847,H2,0.0,0.0,-0.0
848,Li-Ion,0.0,0.0,-0.0
848,CAES,0.0,0.0,-0.0
848,PHS,0.0,0.0,-0.0
848,H2,0.0,0.0,-0.0
849,Li-Ion,0.0,0.0,-0.0
849,CAES,0.0,0.0,-0.0
849,PHS,0.0,0.0,-0.0
849,H2,0.0,0.0,-0.0
850,Li-Ion,0.0,0.0,-0.0
850,CAES,0.0,0.0,-0.0
850,PHS,0.0,0.0,-0.0
850,H2,0.0,0.0,-0.0
851,Li-Ion,0.0,0.0,-0.0
851,CAES,0.0,0.0,-0.0
851,PHS,0.0,0.0,-0.0
851,H2,0.0,0.0,-0.0
852,Li-Ion,0.0,0.0,-0.0
852,CAES,0.0,0.0,-0.0
852,PHS,0.0,0.0,-0.0
852,H2,0.0,0.0,-0.0
853,Li-Ion,0.0,0.0,-0.0
853,CAES,0.0,0.0,-0.0
853,PHS,0.0,0.0,-0.0
853,H2,0.0,0.0,-0.0
854,Li-Ion,0.0,0.0,-0.0
854,CAES,0.0,0.0,-0.0
854,PHS,0.0,0.0,-0.0
854,H2,0.0,0.0,-0.0
855,Li-Ion,0.0,0.0,-0.0
855,CAES,0.0,0.0,-0.0
855,PHS,0.0,0.0,-0.0
855,H2,0.0,0.0,-0.0
856,Li-Ion,0.0,0.0,-0.0
856,CAES,0.0,0.0,-0.0
856,PHS,0.0,0.0,-0.0
856,H2,0.0,0.0,-0.0
857,Li-Ion,0.0,0.0,-0.0
857,CAES,0.0,0.0,-0.0
857,PHS,0.0,0.0,-0.0
857,H2,0.0,0.0,-0.0
858,Li-Ion,0.0,0.0,-0.0
858,CAES,0.0,0.0,-0.0
858,PHS,0.0,0.0,-0.0
858,H2,0.0,0.0,-0.0
859,Li-Ion,0.0,0.0,-0.0
859,CAES,0.0,0.0,-0.0
859,PHS,0.0,0.0,-0.0
859,H2,0.0,0.0,-0.0
860,Li-Ion,0.0,0.0,-0.0
860,CAES,0.0,0.0,-0.0
860,PHS,0.0,0.0,-0.0
860,H2,0.0,0.0,-0.0
861,Li-Ion,0.0,0.0,-0.0
861,CAES,0.0,0.0,-0.0
861,PHS,0.0,0.0,-0.0
861,H2,0.0,0.0,-0.0
862,Li-Ion,0.0,0.0,-0.0
862,CAES,0.0,0.0,-0.0
862,PHS,0.0,0.0,-0.0
862,H2,0.0,0.0,-0.0
863,Li-Ion,0.0,0.0,-0.0
863,CAES,0.0,0.0,-0.0
863,PHS,0.0,0.0,-0.0
863,H2,0.0,0.0,-0.0
864,Li-Ion,0.0,0.0,-0.0
864,CAES,0.0,0.0,-0.0
864,PHS,0.0,0.0,-0.0
864,H2,0.0,0.0,-0.0
865,Li-Ion,0.0,0.0,-0.0
865,CAES,0.0,0.0,-0.0
865,PHS,0.0,0.0,-0.0
865,H2,0.0,0.0,-0.0
866,Li-Ion,0.0,0.0,-0.0
866,CAES,0.0,0.0,-0.0
866,PHS,0.0,0.0,-0.0
866,H2,0.0,0.0,-0.0
867,Li-Ion,0.0,0.0,-0.0
867,CAES,0.0,0.0,-0.0
867,PHS,0.0,0.0,-0.0
867,H2,0.0,0.0,-0.0
868,Li-Ion,0.0,0.0,-0.0
868,CAES,0.0,0.0,-0.0
868,PHS,0.0,0.0,-0.0
868,H2,0.0,0.0,-0.0
869,Li-Ion,0.0,0.0,-0.0
869,CAES,0.0,0.0,-0.0
869,PHS,0.0,0.0,-0.0
869,H2,0.0,0.0,-0.0
870,Li-Ion,0.0,0.0,-0.0
870,CAES,0.0,0.0,-0.0
870,PHS,0.0,0.0,-0.0
870,H2,0.0,0.0,-0.0
871,Li-Ion,0.0,0.0,-0.0
871,CAES,0.0,0.0,-0.0
871,PHS,0.0,0.0,-0.0
871,H2,0.0,0.0,-0.0
872,Li-Ion,0.0,0.0,-0.0
872,CAES,0.0,0.0,-0.0
872,PHS,0.0,0.0,-0.0
872,H2,0.0,0.0,-0.0
873,Li-Ion,0.0,0.0,-0.0
873,CAES,0.0,0.0,-0.0
873,PHS,0.0,0.0,-0.0
873,H2,0.0,0.0,-0.0
874,Li-Ion,0.0,0.0,-0.0
874,CAES,0.0,0.0,-0.0
874,PHS,0.0,0.0,-0.0
874,H2,0.0,0.0,-0.0
875,Li-Ion,0.0,0.0,-0.0
875,CAES,0.0,0.0,-0.0
875,PHS,0.0,0.0,-0.0
875,H2,0.0,0.0,-0.0
876,Li-Ion,0.0,0.0,-0.0
876,CAES,0.0,0.0,-0.0
876,PHS,0.0,0.0,-0.0
876,H2,0.0,0.0,-0.0
877,Li-Ion,0.0,0.0,-0.0
877,CAES,0.0,0.0,-0.0
877,PHS,0.0,0.0,-0.0
877,H2,0.0,0.0,-0.0
878,Li-Ion,0.0,0.0,-0.0
878,CAES,0.0,0.0,-0.0
878,PHS,0.0,0.0,-0.0
878,H2,0.0,0.0,-0.0
879,Li-Ion,0.0,0.0,-0.0
879,CAES,0.0,0.0,-0.0
879,PHS,0.0,0.0,-0.0
879,H2,0.0,0.0,-0.0
880,Li-Ion,0.0,0.0,-0.0
880,CAES,0.0,0.0,-0.0
880,PHS,0.0,0.0,-0.0
880,H2,0.0,0.0,-0.0
881,Li-Ion,0.0,0.0,-0.0
881,CAES,0.0,0.0,-0.0
881,PHS,0.0,0.0,-0.0
881,H2,0.0,0.0,-0.0
882,Li-Ion,0.0,0.0,-0.0
882,CAES,0.0,0.0,-0.0
882,PHS,0.0,0.0,-0.0
882,H2,0.0,0.0,-0.0
883,Li-Ion,0.0,0.0,-0.0
883,CAES,0.0,0.0,-0.0
883,PHS,0.0,0.0,-0.0
883,H2,0.0,0.0,-0.0
884,Li-Ion,0.0,0.0,-0.0
884,CAES,0.0,0.0,-0.0
884,PHS,0.0,0.0,-0.0
884,H2,0.0,0.0,-0.0
885,Li-Ion,0.0,0.0,-0.0
885,CAES,0.0,0.0,-0.0
885,PHS,0.0,0.0,-0.0
885,H2,0.0,0.0,-0.0
886,Li-Ion,0.0,0.0,-0.0
886,CAES,0.0,0.0,-0.0
886,PHS,0.0,0.0,-0.0
886,H2,0.0,0.0,-0.0
887,Li-Ion,0.0,0.0,-0.0
887,CAES,0.0,0.0,-0.0
887,PHS,0.0,0.0,-0.0
887,H2,0.0,0.0,-0.0
888,Li-Ion,0.0,0.0,-0.0
888,CAES,0.0,0.0,-0.0
888,PHS,0.0,0.0,-0.0
888,H2,0.0,0.0,-0.0
889,Li-Ion,0.0,0.0,-0.0
889,CAES,0.0,0.0,-0.0
889,PHS,0.0,0.0,-0.0
889,H2,0.0,0.0,-0.0
890,Li-Ion,0.0,0.0,-0.0
890,CAES,0.0,0.0,-0.0
890,PHS,0.0,0.0,-0.0
890,H2,0.0,0.0,-0.0
891,Li-Ion,0.0,0.0,-0.0
891,CAES,0.0,0.0,-0.0
891,PHS,0.0,0.0,-0.0
891,H2,0.0,0.0,-0.0
892,Li-Ion,0.0,0.0,-0.0
892,CAES,0.0,0.0,-0.0
892,PHS,0.0,0.0,-0.0
892,H2,0.0,0.0,-0.0
893,Li-Ion,0.0,0.0,-0.0
893,CAES,0.0,0.0,-0.0
893,PHS,0.0,0.0,-0.0
893,H2,0.0,0.0,-0.0
894,Li-Ion,0.0,0.0,-0.0
894,CAES,0.0,0.0,-0.0
894,PHS,0.0,0.0,-0.0
894,H2,0.0,0.0,-0.0
895,Li-Ion,0.0,0.0,-0.0
895,CAES,0.0,0.0,-0.0
895,PHS,0.0,0.0,-0.0
895,H2,0.0,0.0,-0.0
896,Li-Ion,0.0,0.0,-0.0
896,CAES,0.0,0.0,-0.0
896,PHS,0.0,0.0,-0.0
896,H2,0.0,0.0,-0.0
897,Li-Ion,0.0,0.0,-0.0
897,CAES,0.0,0.0,-0.0
897,PHS,0.0,0.0,-0.0
897,H2,0.0,0.0,-0.0
898,Li-Ion,0.0,0.0,-0.0
898,CAES,0.0,0.0,-0.0
898,PHS,0.0,0.0,-0.0
898,H2,0.0,0.0,-0.0
899,Li-Ion,0.0,0.0,-0.0
899,CAES,0.0,0.0,-0.0
899,PHS,0.0,0.0,-0.0
899,H2,0.0,0.0,-0.0
900,Li-Ion,0.0,0.0,-0.0
900,CAES,0.0,0.0,-0.0
900,PHS,0.0,0.0,-0.0
900,H2,0.0,0.0,-0.0
901,Li-Ion,0.0,0.0,-0.0
901,CAES,0.0,0.0,-0.0
901,PHS,0.0,0.0,-0.0
901,H2,0.0,0.0,-0.0
902,Li-Ion,0.0,0.0,-0.0
902,CAES,0.0,0.0,-0.0
902,PHS,0.0,0.0,-0.0
902,H2,0.0,0.0,-0.0
903,Li-Ion,0.0,0.0,-0.0
903,CAES,0.0,0.0,-0.0
903,PHS,0.0,0.0,-0.0
903,H2,0.0,0.0,-0.0
904,Li-Ion,0.0,0.0,-0.0
904,CAES,0.0,0.0,-0.0
904,PHS,0.0,0.0,-0.0
904,H2,0.0,0.0,-0.0
905,Li-Ion,0.0,0.0,-0.0
905,CAES,0.0,0.0,-0.0
905,PHS,0.0,0.0,-0.0
905,H2,0.0,0.0,-0.0
906,Li-Ion,0.0,0.0,-0.0
906,CAES,0.0,0.0,-0.0
906,PHS,0.0,0.0,-0.0
906,H2,0.0,0.0,-0.0
907,Li-Ion,0.0,0.0,-0.0
907,CAES,0.0,0.0,-0.0
907,PHS,0.0,0.0,-0.0
907,H2,0.0,0.0,-0.0
908,Li-Ion,0.0,0.0,-0.0
908,CAES,0.0,0.0,-0.0
908,PHS,0.0,0.0,-0.0
908,H2,0.0,0.0,-0.0
909,Li-Ion,0.0,0.0,-0.0
909,CAES,0.0,0.0,-0.0
909,PHS,0.0,0.0,-0.0
909,H2,0.0,0.0,-0.0
910,Li-Ion,0.0,0.0,-0.0
910,CAES,0.0,0.0,-0.0
910,PHS,0.0,0.0,-0.0
910,H2,0.0,0.0,-0.0
911,Li-Ion,0.0,0.0,-0.0
911,CAES,0.0,0.0,-0.0
911,PHS,0.0,0.0,-0.0
911,H2,0.0,0.0,-0.0
912,Li-Ion,0.0,0.0,-0.0
912,CAES,0.0,0.0,-0.0
912,PHS,0.0,0.0,-0.0
912,H2,0.0,0.0,-0.0
913,Li-Ion,0.0,0.0,-0.0
913,CAES,0.0,0.0,-0.0
913,PHS,0.0,0.0,-0.0
913,H2,0.0,0.0,-0.0
914,Li-Ion,0.0,0.0,-0.0
914,CAES,0.0,0.0,-0.0
914,PHS,0.0,0.0,-0.0
914,H2,0.0,0.0,-0.0
915,Li-Ion,0.0,0.0,-0.0
915,CAES,0.0,0.0,-0.0
915,PHS,0.0,0.0,-0.0
915,H2,0.0,0.0,-0.0
916,Li-Ion,0.0,0.0,-0.0
916,CAES,0.0,0.0,-0.0
916,PHS,0.0,0.0,-0.0
916,H2,0.0,0.0,-0.0
917,Li-Ion,0.0,0.0,-0.0
917,CAES,0.0,0.0,-0.0
917,PHS,0.0,0.0,-0.0
917,H2,0.0,0.0,-0.0
918,Li-Ion,0.0,0.0,-0.0
918,CAES,0.0,0.0,-0.0
918,PHS,0.0,0.0,-0.0
918,H2,0.0,0.0,-0.0
919,Li-Ion,0.0,0.0,-0.0
919,CAES,0.0,0.0,-0.0
919,PHS,0.0,0.0,-0.0
919,H2,0.0,0.0,-0.0
920,Li-Ion,0.0,0.0,-0.0
920,CAES,0.0,0.0,-0.0
920,PHS,0.0,0.0,-0.0
920,H2,0.0,0.0,-0.0
921,Li-Ion,0.0,0.0,-0.0
921,CAES,0.0,0.0,-0.0
921,PHS,0.0,0.0,-0.0
921,H2,0.0,0.0,-0.0
922,Li-Ion,0.0,0.0,-0.0
922,CAES,0.0,0.0,-0.0
922,PHS,0.0,0.0,-0.0
922,H2,0.0,0.0,-0.0
923,Li-Ion,0.0,0.0,-0.0
923,CAES,0.0,0.0,-0.0
923,PHS,0.0,0.0,-0.0
923,H2,0.0,0.0,-0.0
924,Li-Ion,0.0,0.0,-0.0
924,CAES,0.0,0.0,-0.0
924,PHS,0.0,0.0,-0.0
924,H2,0.0,0.0,-0.0
925,Li-Ion,0.0,0.0,-0.0
925,CAES,0.0,0.0,-0.0
925,PHS,0.0,0.0,-0.0
925,H2,0.0,0.0,-0.0
926,Li-Ion,0.0,0.0,-0.0
926,CAES,0.0,0.0,-0.0
926,PHS,0.0,0.0,-0.0
926,H2,0.0,0.0,-0.0
927,Li-Ion,0.0,0.0,-0.0
927,CAES,0.0,0.0,-0.0
927,PHS,0.0,0.0,-0.0
927,H2,0.0,0.0,-0.0
928,Li-Ion,0.0,0.0,-0.0
928,CAES,0.0,0.0,-0.0
928,PHS,0.0,0.0,-0.0
928,H2,0.0,0.0,-0.0
929,Li-Ion,0.0,0.0,-0.0
929,CAES,0.0,0.0,-0.0
929,PHS,0.0,0.0,-0.0
929,H2,0.0,0.0,-0.0
930,Li-Ion,0.0,0.0,-0.0
930,CAES,0.0,0.0,-0.0
930,PHS,0.0,0.0,-0.0
930,H2,0.0,0.0,-0.0
931,Li-Ion,0.0,0.0,-0.0
931,CAES,0.0,0.0,-0.0
931,PHS,0.0,0.0,-0.0
931,H2,0.0,0.0,-0.0
932,Li-Ion,0.0,0.0,-0.0
932,CAES,0.0,0.0,-0.0
932,PHS,0.0,0.0,-0.0
932,H2,0.0,0.0,-0.0
933,Li-Ion,0.0,0.0,-0.0
933,CAES,0.0,0.0,-0.0
933,PHS,0.0,0.0,-0.0
933,H2,0.0,0.0,-0.0
934,Li-Ion,0.0,0.0,-0.0
934,CAES,0.0,0.0,-0.0
934,PHS,0.0,0.0,-0.0
934,H2,0.0,0.0,-0.0
935,Li-Ion,0.0,0.0,-0.0
935,CAES,0.0,0.0,-0.0
935,PHS,0.0,0.0,-0.0
935,H2,0.0,0.0,-0.0
936,Li-Ion,0.0,0.0,-0.0
936,CAES,0.0,0.0,-0.0
936,PHS,0.0,0.0,-0.0
936,H2,0.0,0.0,-0.0
937,Li-Ion,0.0,0.0,-0.0
937,CAES,0.0,0.0,-0.0
937,PHS,0.0,0.0,-0.0
937,H2,0.0,0.0,-0.0
938,Li-Ion,0.0,0.0,-0.0
938,CAES,0.0,0.0,-0.0
938,PHS,0.0,0.0,-0.0
938,H2,0.0,0.0,-0.0
939,Li-Ion,0.0,0.0,-0.0
939,CAES,0.0,0.0,-0.0
939,PHS,0.0,0.0,-0.0
939,H2,0.0,0.0,-0.0
940,Li-Ion,0.0,0.0,-0.0
940,CAES,0.0,0.0,-0.0
940,PHS,0.0,0.0,-0.0
940,H2,0.0,0.0,-0.0
941,Li-Ion,0.0,0.0,-0.0
941,CAES,0.0,0.0,-0.0
941,PHS,0.0,0.0,-0.0
941,H2,0.0,0.0,-0.0
942,Li-Ion,0.0,0.0,-0.0
942,CAES,0.0,0.0,-0.0
942,PHS,0.0,0.0,-0.0
942,H2,0.0,0.0,-0.0
943,Li-Ion,0.0,0.0,-0.0
943,CAES,0.0,0.0,-0.0
943,PHS,0.0,0.0,-0.0
943,H2,0.0,0.0,-0.0
944,Li-Ion,0.0,0.0,-0.0
944,CAES,0.0,0.0,-0.0
944,PHS,0.0,0.0,-0.0
944,H2,0.0,0.0,-0.0
945,Li-Ion,0.0,0.0,-0.0
945,CAES,0.0,0.0,-0.0
945,PHS,0.0,0.0,-0.0
945,H2,0.0,0.0,-0.0
946,Li-Ion,0.0,0.0,-0.0
946,CAES,0.0,0.0,-0.0
946,PHS,0.0,0.0,-0.0
946,H2,0.0,0.0,-0.0
947,Li-Ion,0.0,0.0,-0.0
947,CAES,0.0,0.0,-0.0
947,PHS,0.0,0.0,-0.0
947,H2,0.0,0.0,-0.0
948,Li-Ion,0.0,0.0,-0.0
948,CAES,0.0,0.0,-0.0
948,PHS,0.0,0.0,-0.0
948,H2,0.0,0.0,-0.0
949,Li-Ion,0.0,0.0,-0.0
949,CAES,0.0,0.0,-0.0
949,PHS,0.0,0.0,-0.0
949,H2,0.0,0.0,-0.0
950,Li-Ion,0.0,0.0,-0.0
950,CAES,0.0,0.0,-0.0
950,PHS,0.0,0.0,-0.0
950,H2,0.0,0.0,-0.0
951,Li-Ion,0.0,0.0,-0.0
951,CAES,0.0,0.0,-0.0
951,PHS,0.0,0.0,-0.0
951,H2,0.0,0.0,-0.0
952,Li-Ion,0.0,0.0,-0.0
952,CAES,0.0,0.0,-0.0
952,PHS,0.0,0.0,-0.0
952,H2,0.0,0.0,-0.0
953,Li-Ion,0.0,0.0,-0.0
953,CAES,0.0,0.0,-0.0
953,PHS,0.0,0.0,-0.0
953,H2,0.0,0.0,-0.0
954,Li-Ion,0.0,0.0,-0.0
954,CAES,0.0,0.0,-0.0
954,PHS,0.0,0.0,-0.0
954,H2,0.0,0.0,-0.0
955,Li-Ion,0.0,0.0,-0.0
955,CAES,0.0,0.0,-0.0
955,PHS,0.0,0.0,-0.0
955,H2,0.0,0.0,-0.0
956,Li-Ion,0.0,0.0,-0.0
956,CAES,0.0,0.0,-0.0
956,PHS,0.0,0.0,-0.0
956,H2,0.0,0.0,-0.0
957,Li-Ion,0.0,0.0,-0.0
957,CAES,0.0,0.0,-0.0
957,PHS,0.0,0.0,-0.0
957,H2,0.0,0.0,-0.0
958,Li-Ion,0.0,0.0,-0.0
958,CAES,0.0,0.0,-0.0
958,PHS,0.0,0.0,-0.0
958,H2,0.0,0.0,-0.0
959,Li-Ion,0.0,0.0,-0.0
959,CAES,0.0,0.0,-0.0
959,PHS,0.0,0.0,-0.0
959,H2,0.0,0.0,-0.0
960,Li-Ion,0.0,0.0,-0.0
960,CAES,0.0,0.0,-0.0
960,PHS,0.0,0.0,-0.0
960,H2,0.0,0.0,-0.0
961,Li-Ion,0.0,0.0,-0.0
961,CAES,0.0,0.0,-0.0
961,PHS,0.0,0.0,-0.0
961,H2,0.0,0.0,-0.0
962,Li-Ion,0.0,0.0,-0.0
962,CAES,0.0,0.0,-0.0
962,PHS,0.0,0.0,-0.0
962,H2,0.0,0.0,-0.0
963,Li-Ion,0.0,0.0,-0.0
963,CAES,0.0,0.0,-0.0
963,PHS,0.0,0.0,-0.0
963,H2,0.0,0.0,-0.0
964,Li-Ion,0.0,0.0,-0.0
964,CAES,0.0,0.0,-0.0
964,PHS,0.0,0.0,-0.0
964,H2,0.0,0.0,-0.0
965,Li-Ion,0.0,0.0,-0.0
965,CAES,0.0,0.0,-0.0
965,PHS,0.0,0.0,-0.0
965,H2,0.0,0.0,-0.0
966,Li-Ion,0.0,0.0,-0.0
966,CAES,0.0,0.0,-0.0
966,PHS,0.0,0.0,-0.0
966,H2,0.0,0.0,-0.0
967,Li-Ion,0.0,0.0,-0.0
967,CAES,0.0,0.0,-0.0
967,PHS,0.0,0.0,-0.0
967,H2,0.0,0.0,-0.0
968,Li-Ion,0.0,0.0,-0.0
968,CAES,0.0,0.0,-0.0
968,PHS,0.0,0.0,-0.0
968,H2,0.0,0.0,-0.0
969,Li-Ion,0.0,0.0,-0.0
969,CAES,0.0,0.0,-0.0
969,PHS,0.0,0.0,-0.0
969,H2,0.0,0.0,-0.0
970,Li-Ion,0.0,0.0,-0.0
970,CAES,0.0,0.0,-0.0
970,PHS,0.0,0.0,-0.0
970,H2,0.0,0.0,-0.0
971,Li-Ion,0.0,0.0,-0.0
971,CAES,0.0,0.0,-0.0
971,PHS,0.0,0.0,-0.0
971,H2,0.0,0.0,-0.0
972,Li-Ion,0.0,0.0,-0.0
972,CAES,0.0,0.0,-0.0
972,PHS,0.0,0.0,-0.0
972,H2,0.0,0.0,-0.0
973,Li-Ion,0.0,0.0,-0.0
973,CAES,0.0,0.0,-0.0
973,PHS,0.0,0.0,-0.0
973,H2,0.0,0.0,-0.0
974,Li-Ion,0.0,0.0,-0.0
974,CAES,0.0,0.0,-0.0
974,PHS,0.0,0.0,-0.0
974,H2,0.0,0.0,-0.0
975,Li-Ion,0.0,0.0,-0.0
975,CAES,0.0,0.0,-0.0
975,PHS,0.0,0.0,-0.0
975,H2,0.0,0.0,-0.0
976,Li-Ion,0.0,0.0,-0.0
976,CAES,0.0,0.0,-0.0
976,PHS,0.0,0.0,-0.0
976,H2,0.0,0.0,-0.0
977,Li-Ion,0.0,0.0,-0.0
977,CAES,0.0,0.0,-0.0
977,PHS,0.0,0.0,-0.0
977,H2,0.0,0.0,-0.0
978,Li-Ion,0.0,0.0,-0.0
978,CAES,0.0,0.0,-0.0
978,PHS,0.0,0.0,-0.0
978,H2,0.0,0.0,-0.0
979,Li-Ion,0.0,0.0,-0.0
979,CAES,0.0,0.0,-0.0
979,PHS,0.0,0.0,-0.0
979,H2,0.0,0.0,-0.0
980,Li-Ion,0.0,0.0,-0.0
980,CAES,0.0,0.0,-0.0
980,PHS,0.0,0.0,-0.0
980,H2,0.0,0.0,-0.0
981,Li-Ion,0.0,0.0,-0.0
981,CAES,0.0,0.0,-0.0
981,PHS,0.0,0.0,-0.0
981,H2,0.0,0.0,-0.0
982,Li-Ion,0.0,0.0,-0.0
982,CAES,0.0,0.0,-0.0
982,PHS,0.0,0.0,-0.0
982,H2,0.0,0.0,-0.0
983,Li-Ion,0.0,0.0,-0.0
983,CAES,0.0,0.0,-0.0
983,PHS,0.0,0.0,-0.0
983,H2,0.0,0.0,-0.0
984,Li-Ion,0.0,0.0,-0.0
984,CAES,0.0,0.0,-0.0
984,PHS,0.0,0.0,-0.0
984,H2,0.0,0.0,-0.0
985,Li-Ion,0.0,0.0,-0.0
985,CAES,0.0,0.0,-0.0
985,PHS,0.0,0.0,-0.0
985,H2,0.0,0.0,-0.0
986,Li-Ion,0.0,0.0,-0.0
986,CAES,0.0,0.0,-0.0
986,PHS,0.0,0.0,-0.0
986,H2,0.0,0.0,-0.0
987,Li-Ion,0.0,0.0,-0.0
987,CAES,0.0,0.0,-0.0
987,PHS,0.0,0.0,-0.0
987,H2,0.0,0.0,-0.0
988,Li-Ion,0.0,0.0,-0.0
988,CAES,0.0,0.0,-0.0
988,PHS,0.0,0.0,-0.0
988,H2,0.0,0.0,-0.0
989,Li-Ion,0.0,0.0,-0.0
989,CAES,0.0,0.0,-0.0
989,PHS,0.0,0.0,-0.0
989,H2,0.0,0.0,-0.0
990,Li-Ion,0.0,0.0,-0.0
990,CAES,0.0,0.0,-0.0
990,PHS,0.0,0.0,-0.0
990,H2,0.0,0.0,-0.0
991,Li-Ion,0.0,0.0,-0.0
991,CAES,0.0,0.0,-0.0
991,PHS,0.0,0.0,-0.0
991,H2,0.0,0.0,-0.0
992,Li-Ion,0.0,0.0,-0.0
992,CAES,0.0,0.0,-0.0
992,PHS,0.0,0.0,-0.0
992,H2,0.0,0.0,-0.0
993,Li-Ion,0.0,0.0,-0.0
993,CAES,0.0,0.0,-0.0
993,PHS,0.0,0.0,-0.0
993,H2,0.0,0.0,-0.0
994,Li-Ion,0.0,0.0,-0.0
994,CAES,0.0,0.0,-0.0
994,PHS,0.0,0.0,-0.0
994,H2,0.0,0.0,-0.0
995,Li-Ion,0.0,0.0,-0.0
995,CAES,0.0,0.0,-0.0
995,PHS,0.0,0.0,-0.0
995,H2,0.0,0.0,-0.0
996,Li-Ion,0.0,0.0,-0.0
996,CAES,0.0,0.0,-0.0
996,PHS,0.0,0.0,-0.0
996,H2,0.0,0.0,-0.0
997,Li-Ion,0.0,0.0,-0.0
997,CAES,0.0,0.0,-0.0
997,PHS,0.0,0.0,-0.0
997,H2,0.0,0.0,-0.0
998,Li-Ion,0.0,0.0,-0.0
998,CAES,0.0,0.0,-0.0
998,PHS,0.0,0.0,-0.0
998,H2,0.0,0.0,-0.0
999,Li-Ion,0.0,0.0,-0.0
999,CAES,0.0,0.0,-0.0
999,PHS,0.0,0.0,-0.0
999,H2,0.0,0.0,-0.0
1000,Li-Ion,0.0,0.0,-0.0
1000,CAES,0.0,0.0,-0.0
1000,PHS,0.0,0.0,-0.0
1000,H2,0.0,0.0,-0.0
1001,Li-Ion,0.0,0.0,-0.0
1001,CAES,0.0,0.0,-0.0
1001,PHS,0.0,0.0,-0.0
1001,H2,0.0,0.0,-0.0
1002,Li-Ion,0.0,0.0,-0.0
1002,CAES,0.0,0.0,-0.0
1002,PHS,0.0,0.0,-0.0
1002,H2,0.0,0.0,-0.0
1003,Li-Ion,0.0,0.0,-0.0
1003,CAES,0.0,0.0,-0.0
1003,PHS,0.0,0.0,-0.0
1003,H2,0.0,0.0,-0.0
1004,Li-Ion,0.0,0.0,-0.0
1004,CAES,0.0,0.0,-0.0
1004,PHS,0.0,0.0,-0.0
1004,H2,0.0,0.0,-0.0
1005,Li-Ion,0.0,0.0,-0.0
1005,CAES,0.0,0.0,-0.0
1005,PHS,0.0,0.0,-0.0
1005,H2,0.0,0.0,-0.0
1006,Li-Ion,0.0,0.0,-0.0
1006,CAES,0.0,0.0,-0.0
1006,PHS,0.0,0.0,-0.0
1006,H2,0.0,0.0,-0.0
1007,Li-Ion,0.0,0.0,-0.0
1007,CAES,0.0,0.0,-0.0
1007,PHS,0.0,0.0,-0.0
1007,H2,0.0,0.0,-0.0
1008,Li-Ion,0.0,0.0,-0.0
1008,CAES,0.0,0.0,-0.0
1008,PHS,0.0,0.0,-0.0
1008,H2,0.0,0.0,-0.0
1009,Li-Ion,0.0,0.0,-0.0
1009,CAES,0.0,0.0,-0.0
1009,PHS,0.0,0.0,-0.0
1009,H2,0.0,0.0,-0.0
1010,Li-Ion,0.0,0.0,-0.0
1010,CAES,0.0,0.0,-0.0
1010,PHS,0.0,0.0,-0.0
1010,H2,0.0,0.0,-0.0
1011,Li-Ion,0.0,0.0,-0.0
1011,CAES,0.0,0.0,-0.0
1011,PHS,0.0,0.0,-0.0
1011,H2,0.0,0.0,-0.0
1012,Li-Ion,0.0,0.0,-0.0
1012,CAES,0.0,0.0,-0.0
1012,PHS,0.0,0.0,-0.0
1012,H2,0.0,0.0,-0.0
1013,Li-Ion,0.0,0.0,-0.0
1013,CAES,0.0,0.0,-0.0
1013,PHS,0.0,0.0,-0.0
1013,H2,0.0,0.0,-0.0
1014,Li-Ion,0.0,0.0,-0.0
1014,CAES,0.0,0.0,-0.0
1014,PHS,0.0,0.0,-0.0
1014,H2,0.0,0.0,-0.0
1015,Li-Ion,0.0,0.0,-0.0
1015,CAES,0.0,0.0,-0.0
1015,PHS,0.0,0.0,-0.0
1015,H2,0.0,0.0,-0.0
1016,Li-Ion,0.0,0.0,-0.0
1016,CAES,0.0,0.0,-0.0
1016,PHS,0.0,0.0,-0.0
1016,H2,0.0,0.0,-0.0
1017,Li-Ion,0.0,0.0,-0.0
1017,CAES,0.0,0.0,-0.0
1017,PHS,0.0,0.0,-0.0
1017,H2,0.0,0.0,-0.0
1018,Li-Ion,0.0,0.0,-0.0
1018,CAES,0.0,0.0,-0.0
1018,PHS,0.0,0.0,-0.0
1018,H2,0.0,0.0,-0.0
1019,Li-Ion,0.0,0.0,-0.0
1019,CAES,0.0,0.0,-0.0
1019,PHS,0.0,0.0,-0.0
1019,H2,0.0,0.0,-0.0
1020,Li-Ion,0.0,0.0,-0.0
1020,CAES,0.0,0.0,-0.0
1020,PHS,0.0,0.0,-0.0
1020,H2,0.0,0.0,-0.0
1021,Li-Ion,0.0,0.0,-0.0
1021,CAES,0.0,0.0,-0.0
1021,PHS,0.0,0.0,-0.0
1021,H2,0.0,0.0,-0.0
1022,Li-Ion,0.0,0.0,-0.0
1022,CAES,0.0,0.0,-0.0
1022,PHS,0.0,0.0,-0.0
1022,H2,0.0,0.0,-0.0
1023,Li-Ion,0.0,0.0,-0.0
1023,CAES,0.0,0.0,-0.0
1023,PHS,0.0,0.0,-0.0
1023,H2,0.0,0.0,-0.0
1024,Li-Ion,0.0,0.0,-0.0
1024,CAES,0.0,0.0,-0.0
1024,PHS,0.0,0.0,-0.0
1024,H2,0.0,0.0,-0.0
1025,Li-Ion,0.0,0.0,-0.0
1025,CAES,0.0,0.0,-0.0
1025,PHS,0.0,0.0,-0.0
1025,H2,0.0,0.0,-0.0
1026,Li-Ion,0.0,0.0,-0.0
1026,CAES,0.0,0.0,-0.0
1026,PHS,0.0,0.0,-0.0
1026,H2,0.0,0.0,-0.0
1027,Li-Ion,0.0,0.0,-0.0
1027,CAES,0.0,0.0,-0.0
1027,PHS,0.0,0.0,-0.0
1027,H2,0.0,0.0,-0.0
1028,Li-Ion,0.0,0.0,-0.0
1028,CAES,0.0,0.0,-0.0
1028,PHS,0.0,0.0,-0.0
1028,H2,0.0,0.0,-0.0
1029,Li-Ion,0.0,0.0,-0.0
1029,CAES,0.0,0.0,-0.0
1029,PHS,0.0,0.0,-0.0
1029,H2,0.0,0.0,-0.0
1030,Li-Ion,0.0,0.0,-0.0
1030,CAES,0.0,0.0,-0.0
1030,PHS,0.0,0.0,-0.0
1030,H2,0.0,0.0,-0.0
1031,Li-Ion,0.0,0.0,-0.0
1031,CAES,0.0,0.0,-0.0
1031,PHS,0.0,0.0,-0.0
1031,H2,0.0,0.0,-0.0
1032,Li-Ion,0.0,0.0,-0.0
1032,CAES,0.0,0.0,-0.0
1032,PHS,0.0,0.0,-0.0
1032,H2,0.0,0.0,-0.0
1033,Li-Ion,0.0,0.0,-0.0
1033,CAES,0.0,0.0,-0.0
1033,PHS,0.0,0.0,-0.0
1033,H2,0.0,0.0,-0.0
1034,Li-Ion,0.0,0.0,-0.0
1034,CAES,0.0,0.0,-0.0
1034,PHS,0.0,0.0,-0.0
1034,H2,0.0,0.0,-0.0
1035,Li-Ion,0.0,0.0,-0.0
1035,CAES,0.0,0.0,-0.0
1035,PHS,0.0,0.0,-0.0
1035,H2,0.0,0.0,-0.0
1036,Li-Ion,0.0,0.0,-0.0
1036,CAES,0.0,0.0,-0.0
1036,PHS,0.0,0.0,-0.0
1036,H2,0.0,0.0,-0.0
1037,Li-Ion,0.0,0.0,-0.0
1037,CAES,0.0,0.0,-0.0
1037,PHS,0.0,0.0,-0.0
1037,H2,0.0,0.0,-0.0
1038,Li-Ion,0.0,0.0,-0.0
1038,CAES,0.0,0.0,-0.0
1038,PHS,0.0,0.0,-0.0
1038,H2,0.0,0.0,-0.0
1039,Li-Ion,0.0,0.0,-0.0
1039,CAES,0.0,0.0,-0.0
1039,PHS,0.0,0.0,-0.0
1039,H2,0.0,0.0,-0.0
1040,Li-Ion,0.0,0.0,-0.0
1040,CAES,0.0,0.0,-0.0
1040,PHS,0.0,0.0,-0.0
1040,H2,0.0,0.0,-0.0
1041,Li-Ion,0.0,0.0,-0.0
1041,CAES,0.0,0.0,-0.0
1041,PHS,0.0,0.0,-0.0
1041,H2,0.0,0.0,-0.0
1042,Li-Ion,0.0,0.0,-0.0
1042,CAES,0.0,0.0,-0.0
1042,PHS,0.0,0.0,-0.0
1042,H2,0.0,0.0,-0.0
1043,Li-Ion,0.0,0.0,-0.0
1043,CAES,0.0,0.0,-0.0
1043,PHS,0.0,0.0,-0.0
1043,H2,0.0,0.0,-0.0
1044,Li-Ion,0.0,0.0,-0.0
1044,CAES,0.0,0.0,-0.0
1044,PHS,0.0,0.0,-0.0
1044,H2,0.0,0.0,-0.0
1045,Li-Ion,0.0,0.0,-0.0
1045,CAES,0.0,0.0,-0.0
1045,PHS,0.0,0.0,-0.0
1045,H2,0.0,0.0,-0.0
1046,Li-Ion,0.0,0.0,-0.0
1046,CAES,0.0,0.0,-0.0
1046,PHS,0.0,0.0,-0.0
1046,H2,0.0,0.0,-0.0
1047,Li-Ion,0.0,0.0,-0.0
1047,CAES,0.0,0.0,-0.0
1047,PHS,0.0,0.0,-0.0
1047,H2,0.0,0.0,-0.0
1048,Li-Ion,0.0,0.0,-0.0
1048,CAES,0.0,0.0,-0.0
1048,PHS,0.0,0.0,-0.0
1048,H2,0.0,0.0,-0.0
1049,Li-Ion,0.0,0.0,-0.0
1049,CAES,0.0,0.0,-0.0
1049,PHS,0.0,0.0,-0.0
1049,H2,0.0,0.0,-0.0
1050,Li-Ion,0.0,0.0,-0.0
1050,CAES,0.0,0.0,-0.0
1050,PHS,0.0,0.0,-0.0
1050,H2,0.0,0.0,-0.0
1051,Li-Ion,0.0,0.0,-0.0
1051,CAES,0.0,0.0,-0.0
1051,PHS,0.0,0.0,-0.0
1051,H2,0.0,0.0,-0.0
1052,Li-Ion,0.0,0.0,-0.0
1052,CAES,0.0,0.0,-0.0
1052,PHS,0.0,0.0,-0.0
1052,H2,0.0,0.0,-0.0
1053,Li-Ion,0.0,0.0,-0.0
1053,CAES,0.0,0.0,-0.0
1053,PHS,0.0,0.0,-0.0
1053,H2,0.0,0.0,-0.0
1054,Li-Ion,0.0,0.0,-0.0
1054,CAES,0.0,0.0,-0.0
1054,PHS,0.0,0.0,-0.0
1054,H2,0.0,0.0,-0.0
1055,Li-Ion,0.0,0.0,-0.0
1055,CAES,0.0,0.0,-0.0
1055,PHS,0.0,0.0,-0.0
1055,H2,0.0,0.0,-0.0
1056,Li-Ion,0.0,0.0,-0.0
1056,CAES,0.0,0.0,-0.0
1056,PHS,0.0,0.0,-0.0
1056,H2,0.0,0.0,-0.0
1057,Li-Ion,0.0,0.0,-0.0
1057,CAES,0.0,0.0,-0.0
1057,PHS,0.0,0.0,-0.0
1057,H2,0.0,0.0,-0.0
1058,Li-Ion,0.0,0.0,-0.0
1058,CAES,0.0,0.0,-0.0
1058,PHS,0.0,0.0,-0.0
1058,H2,0.0,0.0,-0.0
1059,Li-Ion,0.0,0.0,-0.0
1059,CAES,0.0,0.0,-0.0
1059,PHS,0.0,0.0,-0.0
1059,H2,0.0,0.0,-0.0
1060,Li-Ion,0.0,0.0,-0.0
1060,CAES,0.0,0.0,-0.0
1060,PHS,0.0,0.0,-0.0
1060,H2,0.0,0.0,-0.0
1061,Li-Ion,0.0,0.0,-0.0
1061,CAES,0.0,0.0,-0.0
1061,PHS,0.0,0.0,-0.0
1061,H2,0.0,0.0,-0.0
1062,Li-Ion,0.0,0.0,-0.0
1062,CAES,0.0,0.0,-0.0
1062,PHS,0.0,0.0,-0.0
1062,H2,0.0,0.0,-0.0
1063,Li-Ion,0.0,0.0,-0.0
1063,CAES,0.0,0.0,-0.0
1063,PHS,0.0,0.0,-0.0
1063,H2,0.0,0.0,-0.0
1064,Li-Ion,0.0,0.0,-0.0
1064,CAES,0.0,0.0,-0.0
1064,PHS,0.0,0.0,-0.0
1064,H2,0.0,0.0,-0.0
1065,Li-Ion,0.0,0.0,-0.0
1065,CAES,0.0,0.0,-0.0
1065,PHS,0.0,0.0,-0.0
1065,H2,0.0,0.0,-0.0
1066,Li-Ion,0.0,0.0,-0.0
1066,CAES,0.0,0.0,-0.0
1066,PHS,0.0,0.0,-0.0
1066,H2,0.0,0.0,-0.0
1067,Li-Ion,0.0,0.0,-0.0
1067,CAES,0.0,0.0,-0.0
1067,PHS,0.0,0.0,-0.0
1067,H2,0.0,0.0,-0.0
1068,Li-Ion,0.0,0.0,-0.0
1068,CAES,0.0,0.0,-0.0
1068,PHS,0.0,0.0,-0.0
1068,H2,0.0,0.0,-0.0
1069,Li-Ion,0.0,0.0,-0.0
1069,CAES,0.0,0.0,-0.0
1069,PHS,0.0,0.0,-0.0
1069,H2,0.0,0.0,-0.0
1070,Li-Ion,0.0,0.0,-0.0
1070,CAES,0.0,0.0,-0.0
1070,PHS,0.0,0.0,-0.0
1070,H2,0.0,0.0,-0.0
1071,Li-Ion,0.0,0.0,-0.0
1071,CAES,0.0,0.0,-0.0
1071,PHS,0.0,0.0,-0.0
1071,H2,0.0,0.0,-0.0
1072,Li-Ion,0.0,0.0,-0.0
1072,CAES,0.0,0.0,-0.0
1072,PHS,0.0,0.0,-0.0
1072,H2,0.0,0.0,-0.0
1073,Li-Ion,0.0,0.0,-0.0
1073,CAES,0.0,0.0,-0.0
1073,PHS,0.0,0.0,-0.0
1073,H2,0.0,0.0,-0.0
1074,Li-Ion,0.0,0.0,-0.0
1074,CAES,0.0,0.0,-0.0
1074,PHS,0.0,0.0,-0.0
1074,H2,0.0,0.0,-0.0
1075,Li-Ion,0.0,0.0,-0.0
1075,CAES,0.0,0.0,-0.0
1075,PHS,0.0,0.0,-0.0
1075,H2,0.0,0.0,-0.0
1076,Li-Ion,0.0,0.0,-0.0
1076,CAES,0.0,0.0,-0.0
1076,PHS,0.0,0.0,-0.0
1076,H2,0.0,0.0,-0.0
1077,Li-Ion,0.0,0.0,-0.0
1077,CAES,0.0,0.0,-0.0
1077,PHS,0.0,0.0,-0.0
1077,H2,0.0,0.0,-0.0
1078,Li-Ion,0.0,0.0,-0.0
1078,CAES,0.0,0.0,-0.0
1078,PHS,0.0,0.0,-0.0
1078,H2,0.0,0.0,-0.0
1079,Li-Ion,0.0,0.0,-0.0
1079,CAES,0.0,0.0,-0.0
1079,PHS,0.0,0.0,-0.0
1079,H2,0.0,0.0,-0.0
1080,Li-Ion,0.0,0.0,-0.0
1080,CAES,0.0,0.0,-0.0
1080,PHS,0.0,0.0,-0.0
1080,H2,0.0,0.0,-0.0
1081,Li-Ion,0.0,0.0,-0.0
1081,CAES,0.0,0.0,-0.0
1081,PHS,0.0,0.0,-0.0
1081,H2,0.0,0.0,-0.0
1082,Li-Ion,0.0,0.0,-0.0
1082,CAES,0.0,0.0,-0.0
1082,PHS,0.0,0.0,-0.0
1082,H2,0.0,0.0,-0.0
1083,Li-Ion,0.0,0.0,-0.0
1083,CAES,0.0,0.0,-0.0
1083,PHS,0.0,0.0,-0.0
1083,H2,0.0,0.0,-0.0
1084,Li-Ion,0.0,0.0,-0.0
1084,CAES,0.0,0.0,-0.0
1084,PHS,0.0,0.0,-0.0
1084,H2,0.0,0.0,-0.0
1085,Li-Ion,0.0,0.0,-0.0
1085,CAES,0.0,0.0,-0.0
1085,PHS,0.0,0.0,-0.0
1085,H2,0.0,0.0,-0.0
1086,Li-Ion,0.0,0.0,-0.0
1086,CAES,0.0,0.0,-0.0
1086,PHS,0.0,0.0,-0.0
1086,H2,0.0,0.0,-0.0
1087,Li-Ion,0.0,0.0,-0.0
1087,CAES,0.0,0.0,-0.0
1087,PHS,0.0,0.0,-0.0
1087,H2,0.0,0.0,-0.0
1088,Li-Ion,0.0,0.0,-0.0
1088,CAES,0.0,0.0,-0.0
1088,PHS,0.0,0.0,-0.0
1088,H2,0.0,0.0,-0.0
1089,Li-Ion,0.0,0.0,-0.0
1089,CAES,0.0,0.0,-0.0
1089,PHS,0.0,0.0,-0.0
1089,H2,0.0,0.0,-0.0
1090,Li-Ion,0.0,0.0,-0.0
1090,CAES,0.0,0.0,-0.0
1090,PHS,0.0,0.0,-0.0
1090,H2,0.0,0.0,-0.0
1091,Li-Ion,0.0,0.0,-0.0
1091,CAES,0.0,0.0,-0.0
1091,PHS,0.0,0.0,-0.0
1091,H2,0.0,0.0,-0.0
1092,Li-Ion,0.0,0.0,-0.0
1092,CAES,0.0,0.0,-0.0
1092,PHS,0.0,0.0,-0.0
1092,H2,0.0,0.0,-0.0
1093,Li-Ion,0.0,0.0,-0.0
1093,CAES,0.0,0.0,-0.0
1093,PHS,0.0,0.0,-0.0
1093,H2,0.0,0.0,-0.0
1094,Li-Ion,0.0,0.0,-0.0
1094,CAES,0.0,0.0,-0.0
1094,PHS,0.0,0.0,-0.0
1094,H2,0.0,0.0,-0.0
1095,Li-Ion,0.0,0.0,-0.0
1095,CAES,0.0,0.0,-0.0
1095,PHS,0.0,0.0,-0.0
1095,H2,0.0,0.0,-0.0
1096,Li-Ion,0.0,0.0,-0.0
1096,CAES,0.0,0.0,-0.0
1096,PHS,0.0,0.0,-0.0
1096,H2,0.0,0.0,-0.0
1097,Li-Ion,0.0,0.0,-0.0
1097,CAES,0.0,0.0,-0.0
1097,PHS,0.0,0.0,-0.0
1097,H2,0.0,0.0,-0.0
1098,Li-Ion,0.0,0.0,-0.0
1098,CAES,0.0,0.0,-0.0
1098,PHS,0.0,0.0,-0.0
1098,H2,0.0,0.0,-0.0
1099,Li-Ion,0.0,0.0,-0.0
1099,CAES,0.0,0.0,-0.0
1099,PHS,0.0,0.0,-0.0
1099,H2,0.0,0.0,-0.0
1100,Li-Ion,0.0,0.0,-0.0
1100,CAES,0.0,0.0,-0.0
1100,PHS,0.0,0.0,-0.0
1100,H2,0.0,0.0,-0.0
1101,Li-Ion,0.0,0.0,-0.0
1101,CAES,0.0,0.0,-0.0
1101,PHS,0.0,0.0,-0.0
1101,H2,0.0,0.0,-0.0
1102,Li-Ion,0.0,0.0,-0.0
1102,CAES,0.0,0.0,-0.0
1102,PHS,0.0,0.0,-0.0
1102,H2,0.0,0.0,-0.0
1103,Li-Ion,0.0,0.0,-0.0
1103,CAES,0.0,0.0,-0.0
1103,PHS,0.0,0.0,-0.0
1103,H2,0.0,0.0,-0.0
1104,Li-Ion,0.0,0.0,-0.0
1104,CAES,0.0,0.0,-0.0
1104,PHS,0.0,0.0,-0.0
1104,H2,0.0,0.0,-0.0
1105,Li-Ion,0.0,0.0,-0.0
1105,CAES,0.0,0.0,-0.0
1105,PHS,0.0,0.0,-0.0
1105,H2,0.0,0.0,-0.0
1106,Li-Ion,0.0,0.0,-0.0
1106,CAES,0.0,0.0,-0.0
1106,PHS,0.0,0.0,-0.0
1106,H2,0.0,0.0,-0.0
1107,Li-Ion,0.0,0.0,-0.0
1107,CAES,0.0,0.0,-0.0
1107,PHS,0.0,0.0,-0.0
1107,H2,0.0,0.0,-0.0
1108,Li-Ion,0.0,0.0,-0.0
1108,CAES,0.0,0.0,-0.0
1108,PHS,0.0,0.0,-0.0
1108,H2,0.0,0.0,-0.0
1109,Li-Ion,0.0,0.0,-0.0
1109,CAES,0.0,0.0,-0.0
1109,PHS,0.0,0.0,-0.0
1109,H2,0.0,0.0,-0.0
1110,Li-Ion,0.0,0.0,-0.0
1110,CAES,0.0,0.0,-0.0
1110,PHS,0.0,0.0,-0.0
1110,H2,0.0,0.0,-0.0
1111,Li-Ion,0.0,0.0,-0.0
1111,CAES,0.0,0.0,-0.0
1111,PHS,0.0,0.0,-0.0
1111,H2,0.0,0.0,-0.0
1112,Li-Ion,0.0,0.0,-0.0
1112,CAES,0.0,0.0,-0.0
1112,PHS,0.0,0.0,-0.0
1112,H2,0.0,0.0,-0.0
1113,Li-Ion,0.0,0.0,-0.0
1113,CAES,0.0,0.0,-0.0
1113,PHS,0.0,0.0,-0.0
1113,H2,0.0,0.0,-0.0
1114,Li-Ion,0.0,0.0,-0.0
1114,CAES,0.0,0.0,-0.0
1114,PHS,0.0,0.0,-0.0
1114,H2,0.0,0.0,-0.0
1115,Li-Ion,0.0,0.0,-0.0
1115,CAES,0.0,0.0,-0.0
1115,PHS,0.0,0.0,-0.0
1115,H2,0.0,0.0,-0.0
1116,Li-Ion,0.0,0.0,-0.0
1116,CAES,0.0,0.0,-0.0
1116,PHS,0.0,0.0,-0.0
1116,H2,0.0,0.0,-0.0
1117,Li-Ion,0.0,0.0,-0.0
1117,CAES,0.0,0.0,-0.0
1117,PHS,0.0,0.0,-0.0
1117,H2,0.0,0.0,-0.0
1118,Li-Ion,0.0,0.0,-0.0
1118,CAES,0.0,0.0,-0.0
1118,PHS,0.0,0.0,-0.0
1118,H2,0.0,0.0,-0.0
1119,Li-Ion,0.0,0.0,-0.0
1119,CAES,0.0,0.0,-0.0
1119,PHS,0.0,0.0,-0.0
1119,H2,0.0,0.0,-0.0
1120,Li-Ion,0.0,0.0,-0.0
1120,CAES,0.0,0.0,-0.0
1120,PHS,0.0,0.0,-0.0
1120,H2,0.0,0.0,-0.0
1121,Li-Ion,0.0,0.0,-0.0
1121,CAES,0.0,0.0,-0.0
1121,PHS,0.0,0.0,-0.0
1121,H2,0.0,0.0,-0.0
1122,Li-Ion,0.0,0.0,-0.0
1122,CAES,0.0,0.0,-0.0
1122,PHS,0.0,0.0,-0.0
1122,H2,0.0,0.0,-0.0
1123,Li-Ion,0.0,0.0,-0.0
1123,CAES,0.0,0.0,-0.0
1123,PHS,0.0,0.0,-0.0
1123,H2,0.0,0.0,-0.0
1124,Li-Ion,0.0,0.0,-0.0
1124,CAES,0.0,0.0,-0.0
1124,PHS,0.0,0.0,-0.0
1124,H2,0.0,0.0,-0.0
1125,Li-Ion,0.0,0.0,-0.0
1125,CAES,0.0,0.0,-0.0
1125,PHS,0.0,0.0,-0.0
1125,H2,0.0,0.0,-0.0
1126,Li-Ion,0.0,0.0,-0.0
1126,CAES,0.0,0.0,-0.0
1126,PHS,0.0,0.0,-0.0
1126,H2,0.0,0.0,-0.0
1127,Li-Ion,0.0,0.0,-0.0
1127,CAES,0.0,0.0,-0.0
1127,PHS,0.0,0.0,-0.0
1127,H2,0.0,0.0,-0.0
1128,Li-Ion,0.0,0.0,-0.0
1128,CAES,0.0,0.0,-0.0
1128,PHS,0.0,0.0,-0.0
1128,H2,0.0,0.0,-0.0
1129,Li-Ion,0.0,0.0,-0.0
1129,CAES,0.0,0.0,-0.0
1129,PHS,0.0,0.0,-0.0
1129,H2,0.0,0.0,-0.0
1130,Li-Ion,0.0,0.0,-0.0
1130,CAES,0.0,0.0,-0.0
1130,PHS,0.0,0.0,-0.0
1130,H2,0.0,0.0,-0.0
1131,Li-Ion,0.0,0.0,-0.0
1131,CAES,0.0,0.0,-0.0
1131,PHS,0.0,0.0,-0.0
1131,H2,0.0,0.0,-0.0
1132,Li-Ion,0.0,0.0,-0.0
1132,CAES,0.0,0.0,-0.0
1132,PHS,0.0,0.0,-0.0
1132,H2,0.0,0.0,-0.0
1133,Li-Ion,0.0,0.0,-0.0
1133,CAES,0.0,0.0,-0.0
1133,PHS,0.0,0.0,-0.0
1133,H2,0.0,0.0,-0.0
1134,Li-Ion,0.0,0.0,-0.0
1134,CAES,0.0,0.0,-0.0
1134,PHS,0.0,0.0,-0.0
1134,H2,0.0,0.0,-0.0
1135,Li-Ion,0.0,0.0,-0.0
1135,CAES,0.0,0.0,-0.0
1135,PHS,0.0,0.0,-0.0
1135,H2,0.0,0.0,-0.0
1136,Li-Ion,0.0,0.0,-0.0
1136,CAES,0.0,0.0,-0.0
1136,PHS,0.0,0.0,-0.0
1136,H2,0.0,0.0,-0.0
1137,Li-Ion,0.0,0.0,-0.0
1137,CAES,0.0,0.0,-0.0
1137,PHS,0.0,0.0,-0.0
1137,H2,0.0,0.0,-0.0
1138,Li-Ion,0.0,0.0,-0.0
1138,CAES,0.0,0.0,-0.0
1138,PHS,0.0,0.0,-0.0
1138,H2,0.0,0.0,-0.0
1139,Li-Ion,0.0,0.0,-0.0
1139,CAES,0.0,0.0,-0.0
1139,PHS,0.0,0.0,-0.0
1139,H2,0.0,0.0,-0.0
1140,Li-Ion,0.0,0.0,-0.0
1140,CAES,0.0,0.0,-0.0
1140,PHS,0.0,0.0,-0.0
1140,H2,0.0,0.0,-0.0
1141,Li-Ion,0.0,0.0,-0.0
1141,CAES,0.0,0.0,-0.0
1141,PHS,0.0,0.0,-0.0
1141,H2,0.0,0.0,-0.0
1142,Li-Ion,0.0,0.0,-0.0
1142,CAES,0.0,0.0,-0.0
1142,PHS,0.0,0.0,-0.0
1142,H2,0.0,0.0,-0.0
1143,Li-Ion,0.0,0.0,-0.0
1143,CAES,0.0,0.0,-0.0
1143,PHS,0.0,0.0,-0.0
1143,H2,0.0,0.0,-0.0
1144,Li-Ion,0.0,0.0,-0.0
1144,CAES,0.0,0.0,-0.0
1144,PHS,0.0,0.0,-0.0
1144,H2,0.0,0.0,-0.0
1145,Li-Ion,0.0,0.0,-0.0
1145,CAES,0.0,0.0,-0.0
1145,PHS,0.0,0.0,-0.0
1145,H2,0.0,0.0,-0.0
1146,Li-Ion,0.0,0.0,-0.0
1146,CAES,0.0,0.0,-0.0
1146,PHS,0.0,0.0,-0.0
1146,H2,0.0,0.0,-0.0
1147,Li-Ion,0.0,0.0,-0.0
1147,CAES,0.0,0.0,-0.0
1147,PHS,0.0,0.0,-0.0
1147,H2,0.0,0.0,-0.0
1148,Li-Ion,0.0,0.0,-0.0
1148,CAES,0.0,0.0,-0.0
1148,PHS,0.0,0.0,-0.0
1148,H2,0.0,0.0,-0.0
1149,Li-Ion,0.0,0.0,-0.0
1149,CAES,0.0,0.0,-0.0
1149,PHS,0.0,0.0,-0.0
1149,H2,0.0,0.0,-0.0
1150,Li-Ion,0.0,0.0,-0.0
1150,CAES,0.0,0.0,-0.0
1150,PHS,0.0,0.0,-0.0
1150,H2,0.0,0.0,-0.0
1151,Li-Ion,0.0,0.0,-0.0
1151,CAES,0.0,0.0,-0.0
1151,PHS,0.0,0.0,-0.0
1151,H2,0.0,0.0,-0.0
1152,Li-Ion,0.0,0.0,-0.0
1152,CAES,0.0,0.0,-0.0
1152,PHS,0.0,0.0,-0.0
1152,H2,0.0,0.0,-0.0
1153,Li-Ion,0.0,0.0,-0.0
1153,CAES,0.0,0.0,-0.0
1153,PHS,0.0,0.0,-0.0
1153,H2,0.0,0.0,-0.0
1154,Li-Ion,0.0,0.0,-0.0
1154,CAES,0.0,0.0,-0.0
1154,PHS,0.0,0.0,-0.0
1154,H2,0.0,0.0,-0.0
1155,Li-Ion,0.0,0.0,-0.0
1155,CAES,0.0,0.0,-0.0
1155,PHS,0.0,0.0,-0.0
1155,H2,0.0,0.0,-0.0
1156,Li-Ion,0.0,0.0,-0.0
1156,CAES,0.0,0.0,-0.0
1156,PHS,0.0,0.0,-0.0
1156,H2,0.0,0.0,-0.0
1157,Li-Ion,0.0,0.0,-0.0
1157,CAES,0.0,0.0,-0.0
1157,PHS,0.0,0.0,-0.0
1157,H2,0.0,0.0,-0.0
1158,Li-Ion,0.0,0.0,-0.0
1158,CAES,0.0,0.0,-0.0
1158,PHS,0.0,0.0,-0.0
1158,H2,0.0,0.0,-0.0
1159,Li-Ion,0.0,0.0,-0.0
1159,CAES,0.0,0.0,-0.0
1159,PHS,0.0,0.0,-0.0
1159,H2,0.0,0.0,-0.0
1160,Li-Ion,0.0,0.0,-0.0
1160,CAES,0.0,0.0,-0.0
1160,PHS,0.0,0.0,-0.0
1160,H2,0.0,0.0,-0.0
1161,Li-Ion,0.0,0.0,-0.0
1161,CAES,0.0,0.0,-0.0
1161,PHS,0.0,0.0,-0.0
1161,H2,0.0,0.0,-0.0
1162,Li-Ion,0.0,0.0,-0.0
1162,CAES,0.0,0.0,-0.0
1162,PHS,0.0,0.0,-0.0
1162,H2,0.0,0.0,-0.0
1163,Li-Ion,0.0,0.0,-0.0
1163,CAES,0.0,0.0,-0.0
1163,PHS,0.0,0.0,-0.0
1163,H2,0.0,0.0,-0.0
1164,Li-Ion,0.0,0.0,-0.0
1164,CAES,0.0,0.0,-0.0
1164,PHS,0.0,0.0,-0.0
1164,H2,0.0,0.0,-0.0
1165,Li-Ion,0.0,0.0,-0.0
1165,CAES,0.0,0.0,-0.0
1165,PHS,0.0,0.0,-0.0
1165,H2,0.0,0.0,-0.0
1166,Li-Ion,0.0,0.0,-0.0
1166,CAES,0.0,0.0,-0.0
1166,PHS,0.0,0.0,-0.0
1166,H2,0.0,0.0,-0.0
1167,Li-Ion,0.0,0.0,-0.0
1167,CAES,0.0,0.0,-0.0
1167,PHS,0.0,0.0,-0.0
1167,H2,0.0,0.0,-0.0
1168,Li-Ion,0.0,0.0,-0.0
1168,CAES,0.0,0.0,-0.0
1168,PHS,0.0,0.0,-0.0
1168,H2,0.0,0.0,-0.0
1169,Li-Ion,0.0,0.0,-0.0
1169,CAES,0.0,0.0,-0.0
1169,PHS,0.0,0.0,-0.0
1169,H2,0.0,0.0,-0.0
1170,Li-Ion,0.0,0.0,-0.0
1170,CAES,0.0,0.0,-0.0
1170,PHS,0.0,0.0,-0.0
1170,H2,0.0,0.0,-0.0
1171,Li-Ion,0.0,0.0,-0.0
1171,CAES,0.0,0.0,-0.0
1171,PHS,0.0,0.0,-0.0
1171,H2,0.0,0.0,-0.0
1172,Li-Ion,0.0,0.0,-0.0
1172,CAES,0.0,0.0,-0.0
1172,PHS,0.0,0.0,-0.0
1172,H2,0.0,0.0,-0.0
1173,Li-Ion,0.0,0.0,-0.0
1173,CAES,0.0,0.0,-0.0
1173,PHS,0.0,0.0,-0.0
1173,H2,0.0,0.0,-0.0
1174,Li-Ion,0.0,0.0,-0.0
1174,CAES,0.0,0.0,-0.0
1174,PHS,0.0,0.0,-0.0
1174,H2,0.0,0.0,-0.0
1175,Li-Ion,0.0,0.0,-0.0
1175,CAES,0.0,0.0,-0.0
1175,PHS,0.0,0.0,-0.0
1175,H2,0.0,0.0,-0.0
1176,Li-Ion,0.0,0.0,-0.0
1176,CAES,0.0,0.0,-0.0
1176,PHS,0.0,0.0,-0.0
1176,H2,0.0,0.0,-0.0
1177,Li-Ion,0.0,0.0,-0.0
1177,CAES,0.0,0.0,-0.0
1177,PHS,0.0,0.0,-0.0
1177,H2,0.0,0.0,-0.0
1178,Li-Ion,0.0,0.0,-0.0
1178,CAES,0.0,0.0,-0.0
1178,PHS,0.0,0.0,-0.0
1178,H2,0.0,0.0,-0.0
1179,Li-Ion,0.0,0.0,-0.0
1179,CAES,0.0,0.0,-0.0
1179,PHS,0.0,0.0,-0.0
1179,H2,0.0,0.0,-0.0
1180,Li-Ion,0.0,0.0,-0.0
1180,CAES,0.0,0.0,-0.0
1180,PHS,0.0,0.0,-0.0
1180,H2,0.0,0.0,-0.0
1181,Li-Ion,0.0,0.0,-0.0
1181,CAES,0.0,0.0,-0.0
1181,PHS,0.0,0.0,-0.0
1181,H2,0.0,0.0,-0.0
1182,Li-Ion,0.0,0.0,-0.0
1182,CAES,0.0,0.0,-0.0
1182,PHS,0.0,0.0,-0.0
1182,H2,0.0,0.0,-0.0
1183,Li-Ion,0.0,0.0,-0.0
1183,CAES,0.0,0.0,-0.0
1183,PHS,0.0,0.0,-0.0
1183,H2,0.0,0.0,-0.0
1184,Li-Ion,0.0,0.0,-0.0
1184,CAES,0.0,0.0,-0.0
1184,PHS,0.0,0.0,-0.0
1184,H2,0.0,0.0,-0.0
1185,Li-Ion,0.0,0.0,-0.0
1185,CAES,0.0,0.0,-0.0
1185,PHS,0.0,0.0,-0.0
1185,H2,0.0,0.0,-0.0
1186,Li-Ion,0.0,0.0,-0.0
1186,CAES,0.0,0.0,-0.0
1186,PHS,0.0,0.0,-0.0
1186,H2,0.0,0.0,-0.0
1187,Li-Ion,0.0,0.0,-0.0
1187,CAES,0.0,0.0,-0.0
1187,PHS,0.0,0.0,-0.0
1187,H2,0.0,0.0,-0.0
1188,Li-Ion,0.0,0.0,-0.0
1188,CAES,0.0,0.0,-0.0
1188,PHS,0.0,0.0,-0.0
1188,H2,0.0,0.0,-0.0
1189,Li-Ion,0.0,0.0,-0.0
1189,CAES,0.0,0.0,-0.0
1189,PHS,0.0,0.0,-0.0
1189,H2,0.0,0.0,-0.0
1190,Li-Ion,0.0,0.0,-0.0
1190,CAES,0.0,0.0,-0.0
1190,PHS,0.0,0.0,-0.0
1190,H2,0.0,0.0,-0.0
1191,Li-Ion,0.0,0.0,-0.0
1191,CAES,0.0,0.0,-0.0
1191,PHS,0.0,0.0,-0.0
1191,H2,0.0,0.0,-0.0
1192,Li-Ion,0.0,0.0,-0.0
1192,CAES,0.0,0.0,-0.0
1192,PHS,0.0,0.0,-0.0
1192,H2,0.0,0.0,-0.0
1193,Li-Ion,0.0,0.0,-0.0
1193,CAES,0.0,0.0,-0.0
1193,PHS,0.0,0.0,-0.0
1193,H2,0.0,0.0,-0.0
1194,Li-Ion,0.0,0.0,-0.0
1194,CAES,0.0,0.0,-0.0
1194,PHS,0.0,0.0,-0.0
1194,H2,0.0,0.0,-0.0
1195,Li-Ion,0.0,0.0,-0.0
1195,CAES,0.0,0.0,-0.0
1195,PHS,0.0,0.0,-0.0
1195,H2,0.0,0.0,-0.0
1196,Li-Ion,0.0,0.0,-0.0
1196,CAES,0.0,0.0,-0.0
1196,PHS,0.0,0.0,-0.0
1196,H2,0.0,0.0,-0.0
1197,Li-Ion,0.0,0.0,-0.0
1197,CAES,0.0,0.0,-0.0
1197,PHS,0.0,0.0,-0.0
1197,H2,0.0,0.0,-0.0
1198,Li-Ion,0.0,0.0,-0.0
1198,CAES,0.0,0.0,-0.0
1198,PHS,0.0,0.0,-0.0
1198,H2,0.0,0.0,-0.0
1199,Li-Ion,0.0,0.0,-0.0
1199,CAES,0.0,0.0,-0.0
1199,PHS,0.0,0.0,-0.0
1199,H2,0.0,0.0,-0.0
1200,Li-Ion,0.0,0.0,-0.0
1200,CAES,0.0,0.0,-0.0
1200,PHS,0.0,0.0,-0.0
1200,H2,0.0,0.0,-0.0
1201,Li-Ion,0.0,0.0,-0.0
1201,CAES,0.0,0.0,-0.0
1201,PHS,0.0,0.0,-0.0
1201,H2,0.0,0.0,-0.0
1202,Li-Ion,0.0,0.0,-0.0
1202,CAES,0.0,0.0,-0.0
1202,PHS,0.0,0.0,-0.0
1202,H2,0.0,0.0,-0.0
1203,Li-Ion,0.0,0.0,-0.0
1203,CAES,0.0,0.0,-0.0
1203,PHS,0.0,0.0,-0.0
1203,H2,0.0,0.0,-0.0
1204,Li-Ion,0.0,0.0,-0.0
1204,CAES,0.0,0.0,-0.0
1204,PHS,0.0,0.0,-0.0
1204,H2,0.0,0.0,-0.0
1205,Li-Ion,0.0,0.0,-0.0
1205,CAES,0.0,0.0,-0.0
1205,PHS,0.0,0.0,-0.0
1205,H2,0.0,0.0,-0.0
1206,Li-Ion,0.0,0.0,-0.0
1206,CAES,0.0,0.0,-0.0
1206,PHS,0.0,0.0,-0.0
1206,H2,0.0,0.0,-0.0
1207,Li-Ion,0.0,0.0,-0.0
1207,CAES,0.0,0.0,-0.0
1207,PHS,0.0,0.0,-0.0
1207,H2,0.0,0.0,-0.0
1208,Li-Ion,0.0,0.0,-0.0
1208,CAES,0.0,0.0,-0.0
1208,PHS,0.0,0.0,-0.0
1208,H2,0.0,0.0,-0.0
1209,Li-Ion,0.0,0.0,-0.0
1209,CAES,0.0,0.0,-0.0
1209,PHS,0.0,0.0,-0.0
1209,H2,0.0,0.0,-0.0
1210,Li-Ion,0.0,0.0,-0.0
1210,CAES,0.0,0.0,-0.0
1210,PHS,0.0,0.0,-0.0
1210,H2,0.0,0.0,-0.0
1211,Li-Ion,0.0,0.0,-0.0
1211,CAES,0.0,0.0,-0.0
1211,PHS,0.0,0.0,-0.0
1211,H2,0.0,0.0,-0.0
1212,Li-Ion,0.0,0.0,-0.0
1212,CAES,0.0,0.0,-0.0
1212,PHS,0.0,0.0,-0.0
1212,H2,0.0,0.0,-0.0
1213,Li-Ion,0.0,0.0,-0.0
1213,CAES,0.0,0.0,-0.0
1213,PHS,0.0,0.0,-0.0
1213,H2,0.0,0.0,-0.0
1214,Li-Ion,0.0,0.0,-0.0
1214,CAES,0.0,0.0,-0.0
1214,PHS,0.0,0.0,-0.0
1214,H2,0.0,0.0,-0.0
1215,Li-Ion,0.0,0.0,-0.0
1215,CAES,0.0,0.0,-0.0
1215,PHS,0.0,0.0,-0.0
1215,H2,0.0,0.0,-0.0
1216,Li-Ion,0.0,0.0,-0.0
1216,CAES,0.0,0.0,-0.0
1216,PHS,0.0,0.0,-0.0
1216,H2,0.0,0.0,-0.0
1217,Li-Ion,0.0,0.0,-0.0
1217,CAES,0.0,0.0,-0.0
1217,PHS,0.0,0.0,-0.0
1217,H2,0.0,0.0,-0.0
1218,Li-Ion,0.0,0.0,-0.0
1218,CAES,0.0,0.0,-0.0
1218,PHS,0.0,0.0,-0.0
1218,H2,0.0,0.0,-0.0
1219,Li-Ion,0.0,0.0,-0.0
1219,CAES,0.0,0.0,-0.0
1219,PHS,0.0,0.0,-0.0
1219,H2,0.0,0.0,-0.0
1220,Li-Ion,0.0,0.0,-0.0
1220,CAES,0.0,0.0,-0.0
1220,PHS,0.0,0.0,-0.0
1220,H2,0.0,0.0,-0.0
1221,Li-Ion,0.0,0.0,-0.0
1221,CAES,0.0,0.0,-0.0
1221,PHS,0.0,0.0,-0.0
1221,H2,0.0,0.0,-0.0
1222,Li-Ion,0.0,0.0,-0.0
1222,CAES,0.0,0.0,-0.0
1222,PHS,0.0,0.0,-0.0
1222,H2,0.0,0.0,-0.0
1223,Li-Ion,0.0,0.0,-0.0
1223,CAES,0.0,0.0,-0.0
1223,PHS,0.0,0.0,-0.0
1223,H2,0.0,0.0,-0.0
1224,Li-Ion,0.0,0.0,-0.0
1224,CAES,0.0,0.0,-0.0
1224,PHS,0.0,0.0,-0.0
1224,H2,0.0,0.0,-0.0
1225,Li-Ion,0.0,0.0,-0.0
1225,CAES,0.0,0.0,-0.0
1225,PHS,0.0,0.0,-0.0
1225,H2,0.0,0.0,-0.0
1226,Li-Ion,0.0,0.0,-0.0
1226,CAES,0.0,0.0,-0.0
1226,PHS,0.0,0.0,-0.0
1226,H2,0.0,0.0,-0.0
1227,Li-Ion,0.0,0.0,-0.0
1227,CAES,0.0,0.0,-0.0
1227,PHS,0.0,0.0,-0.0
1227,H2,0.0,0.0,-0.0
1228,Li-Ion,0.0,0.0,-0.0
1228,CAES,0.0,0.0,-0.0
1228,PHS,0.0,0.0,-0.0
1228,H2,0.0,0.0,-0.0
1229,Li-Ion,0.0,0.0,-0.0
1229,CAES,0.0,0.0,-0.0
1229,PHS,0.0,0.0,-0.0
1229,H2,0.0,0.0,-0.0
1230,Li-Ion,0.0,0.0,-0.0
1230,CAES,0.0,0.0,-0.0
1230,PHS,0.0,0.0,-0.0
1230,H2,0.0,0.0,-0.0
1231,Li-Ion,0.0,0.0,-0.0
1231,CAES,0.0,0.0,-0.0
1231,PHS,0.0,0.0,-0.0
1231,H2,0.0,0.0,-0.0
1232,Li-Ion,0.0,0.0,-0.0
1232,CAES,0.0,0.0,-0.0
1232,PHS,0.0,0.0,-0.0
1232,H2,0.0,0.0,-0.0
1233,Li-Ion,0.0,0.0,-0.0
1233,CAES,0.0,0.0,-0.0
1233,PHS,0.0,0.0,-0.0
1233,H2,0.0,0.0,-0.0
1234,Li-Ion,0.0,0.0,-0.0
1234,CAES,0.0,0.0,-0.0
1234,PHS,0.0,0.0,-0.0
1234,H2,0.0,0.0,-0.0
1235,Li-Ion,0.0,0.0,-0.0
1235,CAES,0.0,0.0,-0.0
1235,PHS,0.0,0.0,-0.0
1235,H2,0.0,0.0,-0.0
1236,Li-Ion,0.0,0.0,-0.0
1236,CAES,0.0,0.0,-0.0
1236,PHS,0.0,0.0,-0.0
1236,H2,0.0,0.0,-0.0
1237,Li-Ion,0.0,0.0,-0.0
1237,CAES,0.0,0.0,-0.0
1237,PHS,0.0,0.0,-0.0
1237,H2,0.0,0.0,-0.0
1238,Li-Ion,0.0,0.0,-0.0
1238,CAES,0.0,0.0,-0.0
1238,PHS,0.0,0.0,-0.0
1238,H2,0.0,0.0,-0.0
1239,Li-Ion,0.0,0.0,-0.0
1239,CAES,0.0,0.0,-0.0
1239,PHS,0.0,0.0,-0.0
1239,H2,0.0,0.0,-0.0
1240,Li-Ion,0.0,0.0,-0.0
1240,CAES,0.0,0.0,-0.0
1240,PHS,0.0,0.0,-0.0
1240,H2,0.0,0.0,-0.0
1241,Li-Ion,0.0,0.0,-0.0
1241,CAES,0.0,0.0,-0.0
1241,PHS,0.0,0.0,-0.0
1241,H2,0.0,0.0,-0.0
1242,Li-Ion,0.0,0.0,-0.0
1242,CAES,0.0,0.0,-0.0
1242,PHS,0.0,0.0,-0.0
1242,H2,0.0,0.0,-0.0
1243,Li-Ion,0.0,0.0,-0.0
1243,CAES,0.0,0.0,-0.0
1243,PHS,0.0,0.0,-0.0
1243,H2,0.0,0.0,-0.0
1244,Li-Ion,0.0,0.0,-0.0
1244,CAES,0.0,0.0,-0.0
1244,PHS,0.0,0.0,-0.0
1244,H2,0.0,0.0,-0.0
1245,Li-Ion,0.0,0.0,-0.0
1245,CAES,0.0,0.0,-0.0
1245,PHS,0.0,0.0,-0.0
1245,H2,0.0,0.0,-0.0
1246,Li-Ion,0.0,0.0,-0.0
1246,CAES,0.0,0.0,-0.0
1246,PHS,0.0,0.0,-0.0
1246,H2,0.0,0.0,-0.0
1247,Li-Ion,0.0,0.0,-0.0
1247,CAES,0.0,0.0,-0.0
1247,PHS,0.0,0.0,-0.0
1247,H2,0.0,0.0,-0.0
1248,Li-Ion,0.0,0.0,-0.0
1248,CAES,0.0,0.0,-0.0
1248,PHS,0.0,0.0,-0.0
1248,H2,0.0,0.0,-0.0
1249,Li-Ion,0.0,0.0,-0.0
1249,CAES,0.0,0.0,-0.0
1249,PHS,0.0,0.0,-0.0
1249,H2,0.0,0.0,-0.0
1250,Li-Ion,0.0,0.0,-0.0
1250,CAES,0.0,0.0,-0.0
1250,PHS,0.0,0.0,-0.0
1250,H2,0.0,0.0,-0.0
1251,Li-Ion,0.0,0.0,-0.0
1251,CAES,0.0,0.0,-0.0
1251,PHS,0.0,0.0,-0.0
1251,H2,0.0,0.0,-0.0
1252,Li-Ion,0.0,0.0,-0.0
1252,CAES,0.0,0.0,-0.0
1252,PHS,0.0,0.0,-0.0
1252,H2,0.0,0.0,-0.0
1253,Li-Ion,0.0,0.0,-0.0
1253,CAES,0.0,0.0,-0.0
1253,PHS,0.0,0.0,-0.0
1253,H2,0.0,0.0,-0.0
1254,Li-Ion,0.0,0.0,-0.0
1254,CAES,0.0,0.0,-0.0
1254,PHS,0.0,0.0,-0.0
1254,H2,0.0,0.0,-0.0
1255,Li-Ion,0.0,0.0,-0.0
1255,CAES,0.0,0.0,-0.0
1255,PHS,0.0,0.0,-0.0
1255,H2,0.0,0.0,-0.0
1256,Li-Ion,0.0,0.0,-0.0
1256,CAES,0.0,0.0,-0.0
1256,PHS,0.0,0.0,-0.0
1256,H2,0.0,0.0,-0.0
1257,Li-Ion,0.0,0.0,-0.0
1257,CAES,0.0,0.0,-0.0
1257,PHS,0.0,0.0,-0.0
1257,H2,0.0,0.0,-0.0
1258,Li-Ion,0.0,0.0,-0.0
1258,CAES,0.0,0.0,-0.0
1258,PHS,0.0,0.0,-0.0
1258,H2,0.0,0.0,-0.0
1259,Li-Ion,0.0,0.0,-0.0
1259,CAES,0.0,0.0,-0.0
1259,PHS,0.0,0.0,-0.0
1259,H2,0.0,0.0,-0.0
1260,Li-Ion,0.0,0.0,-0.0
1260,CAES,0.0,0.0,-0.0
1260,PHS,0.0,0.0,-0.0
1260,H2,0.0,0.0,-0.0
1261,Li-Ion,0.0,0.0,-0.0
1261,CAES,0.0,0.0,-0.0
1261,PHS,0.0,0.0,-0.0
1261,H2,0.0,0.0,-0.0
1262,Li-Ion,0.0,0.0,-0.0
1262,CAES,0.0,0.0,-0.0
1262,PHS,0.0,0.0,-0.0
1262,H2,0.0,0.0,-0.0
1263,Li-Ion,0.0,0.0,-0.0
1263,CAES,0.0,0.0,-0.0
1263,PHS,0.0,0.0,-0.0
1263,H2,0.0,0.0,-0.0
1264,Li-Ion,0.0,0.0,-0.0
1264,CAES,0.0,0.0,-0.0
1264,PHS,0.0,0.0,-0.0
1264,H2,0.0,0.0,-0.0
1265,Li-Ion,0.0,0.0,-0.0
1265,CAES,0.0,0.0,-0.0
1265,PHS,0.0,0.0,-0.0
1265,H2,0.0,0.0,-0.0
1266,Li-Ion,0.0,0.0,-0.0
1266,CAES,0.0,0.0,-0.0
1266,PHS,0.0,0.0,-0.0
1266,H2,0.0,0.0,-0.0
1267,Li-Ion,0.0,0.0,-0.0
1267,CAES,0.0,0.0,-0.0
1267,PHS,0.0,0.0,-0.0
1267,H2,0.0,0.0,-0.0
1268,Li-Ion,0.0,0.0,-0.0
1268,CAES,0.0,0.0,-0.0
1268,PHS,0.0,0.0,-0.0
1268,H2,0.0,0.0,-0.0
1269,Li-Ion,0.0,0.0,-0.0
1269,CAES,0.0,0.0,-0.0
1269,PHS,0.0,0.0,-0.0
1269,H2,0.0,0.0,-0.0
1270,Li-Ion,0.0,0.0,-0.0
1270,CAES,0.0,0.0,-0.0
1270,PHS,0.0,0.0,-0.0
1270,H2,0.0,0.0,-0.0
1271,Li-Ion,0.0,0.0,-0.0
1271,CAES,0.0,0.0,-0.0
1271,PHS,0.0,0.0,-0.0
1271,H2,0.0,0.0,-0.0
1272,Li-Ion,0.0,0.0,-0.0
1272,CAES,0.0,0.0,-0.0
1272,PHS,0.0,0.0,-0.0
1272,H2,0.0,0.0,-0.0
1273,Li-Ion,0.0,0.0,-0.0
1273,CAES,0.0,0.0,-0.0
1273,PHS,0.0,0.0,-0.0
1273,H2,0.0,0.0,-0.0
1274,Li-Ion,0.0,0.0,-0.0
1274,CAES,0.0,0.0,-0.0
1274,PHS,0.0,0.0,-0.0
1274,H2,0.0,0.0,-0.0
1275,Li-Ion,0.0,0.0,-0.0
1275,CAES,0.0,0.0,-0.0
1275,PHS,0.0,0.0,-0.0
1275,H2,0.0,0.0,-0.0
1276,Li-Ion,0.0,0.0,-0.0
1276,CAES,0.0,0.0,-0.0
1276,PHS,0.0,0.0,-0.0
1276,H2,0.0,0.0,-0.0
1277,Li-Ion,0.0,0.0,-0.0
1277,CAES,0.0,0.0,-0.0
1277,PHS,0.0,0.0,-0.0
1277,H2,0.0,0.0,-0.0
1278,Li-Ion,0.0,0.0,-0.0
1278,CAES,0.0,0.0,-0.0
1278,PHS,0.0,0.0,-0.0
1278,H2,0.0,0.0,-0.0
1279,Li-Ion,0.0,0.0,-0.0
1279,CAES,0.0,0.0,-0.0
1279,PHS,0.0,0.0,-0.0
1279,H2,0.0,0.0,-0.0
1280,Li-Ion,0.0,0.0,-0.0
1280,CAES,0.0,0.0,-0.0
1280,PHS,0.0,0.0,-0.0
1280,H2,0.0,0.0,-0.0
1281,Li-Ion,0.0,0.0,-0.0
1281,CAES,0.0,0.0,-0.0
1281,PHS,0.0,0.0,-0.0
1281,H2,0.0,0.0,-0.0
1282,Li-Ion,0.0,0.0,-0.0
1282,CAES,0.0,0.0,-0.0
1282,PHS,0.0,0.0,-0.0
1282,H2,0.0,0.0,-0.0
1283,Li-Ion,0.0,0.0,-0.0
1283,CAES,0.0,0.0,-0.0
1283,PHS,0.0,0.0,-0.0
1283,H2,0.0,0.0,-0.0
1284,Li-Ion,0.0,0.0,-0.0
1284,CAES,0.0,0.0,-0.0
1284,PHS,0.0,0.0,-0.0
1284,H2,0.0,0.0,-0.0
1285,Li-Ion,0.0,0.0,-0.0
1285,CAES,0.0,0.0,-0.0
1285,PHS,0.0,0.0,-0.0
1285,H2,0.0,0.0,-0.0
1286,Li-Ion,0.0,0.0,-0.0
1286,CAES,0.0,0.0,-0.0
1286,PHS,0.0,0.0,-0.0
1286,H2,0.0,0.0,-0.0
1287,Li-Ion,0.0,0.0,-0.0
1287,CAES,0.0,0.0,-0.0
1287,PHS,0.0,0.0,-0.0
1287,H2,0.0,0.0,-0.0
1288,Li-Ion,0.0,0.0,-0.0
1288,CAES,0.0,0.0,-0.0
1288,PHS,0.0,0.0,-0.0
1288,H2,0.0,0.0,-0.0
1289,Li-Ion,0.0,0.0,-0.0
1289,CAES,0.0,0.0,-0.0
1289,PHS,0.0,0.0,-0.0
1289,H2,0.0,0.0,-0.0
1290,Li-Ion,0.0,0.0,-0.0
1290,CAES,0.0,0.0,-0.0
1290,PHS,0.0,0.0,-0.0
1290,H2,0.0,0.0,-0.0
1291,Li-Ion,0.0,0.0,-0.0
1291,CAES,0.0,0.0,-0.0
1291,PHS,0.0,0.0,-0.0
1291,H2,0.0,0.0,-0.0
1292,Li-Ion,0.0,0.0,-0.0
1292,CAES,0.0,0.0,-0.0
1292,PHS,0.0,0.0,-0.0
1292,H2,0.0,0.0,-0.0
1293,Li-Ion,0.0,0.0,-0.0
1293,CAES,0.0,0.0,-0.0
1293,PHS,0.0,0.0,-0.0
1293,H2,0.0,0.0,-0.0
1294,Li-Ion,0.0,0.0,-0.0
1294,CAES,0.0,0.0,-0.0
1294,PHS,0.0,0.0,-0.0
1294,H2,0.0,0.0,-0.0
1295,Li-Ion,0.0,0.0,-0.0
1295,CAES,0.0,0.0,-0.0
1295,PHS,0.0,0.0,-0.0
1295,H2,0.0,0.0,-0.0
1296,Li-Ion,0.0,0.0,-0.0
1296,CAES,0.0,0.0,-0.0
1296,PHS,0.0,0.0,-0.0
1296,H2,0.0,0.0,-0.0
1297,Li-Ion,0.0,0.0,-0.0
1297,CAES,0.0,0.0,-0.0
1297,PHS,0.0,0.0,-0.0
1297,H2,0.0,0.0,-0.0
1298,Li-Ion,0.0,0.0,-0.0
1298,CAES,0.0,0.0,-0.0
1298,PHS,0.0,0.0,-0.0
1298,H2,0.0,0.0,-0.0
1299,Li-Ion,0.0,0.0,-0.0
1299,CAES,0.0,0.0,-0.0
1299,PHS,0.0,0.0,-0.0
1299,H2,0.0,0.0,-0.0
1300,Li-Ion,0.0,0.0,-0.0
1300,CAES,0.0,0.0,-0.0
1300,PHS,0.0,0.0,-0.0
1300,H2,0.0,0.0,-0.0
1301,Li-Ion,0.0,0.0,-0.0
1301,CAES,0.0,0.0,-0.0
1301,PHS,0.0,0.0,-0.0
1301,H2,0.0,0.0,-0.0
1302,Li-Ion,0.0,0.0,-0.0
1302,CAES,0.0,0.0,-0.0
1302,PHS,0.0,0.0,-0.0
1302,H2,0.0,0.0,-0.0
1303,Li-Ion,0.0,0.0,-0.0
1303,CAES,0.0,0.0,-0.0
1303,PHS,0.0,0.0,-0.0
1303,H2,0.0,0.0,-0.0
1304,Li-Ion,0.0,0.0,-0.0
1304,CAES,0.0,0.0,-0.0
1304,PHS,0.0,0.0,-0.0
1304,H2,0.0,0.0,-0.0
1305,Li-Ion,0.0,0.0,-0.0
1305,CAES,0.0,0.0,-0.0
1305,PHS,0.0,0.0,-0.0
1305,H2,0.0,0.0,-0.0
1306,Li-Ion,0.0,0.0,-0.0
1306,CAES,0.0,0.0,-0.0
1306,PHS,0.0,0.0,-0.0
1306,H2,0.0,0.0,-0.0
1307,Li-Ion,0.0,0.0,-0.0
1307,CAES,0.0,0.0,-0.0
1307,PHS,0.0,0.0,-0.0
1307,H2,0.0,0.0,-0.0
1308,Li-Ion,0.0,0.0,-0.0
1308,CAES,0.0,0.0,-0.0
1308,PHS,0.0,0.0,-0.0
1308,H2,0.0,0.0,-0.0
1309,Li-Ion,0.0,0.0,-0.0
1309,CAES,0.0,0.0,-0.0
1309,PHS,0.0,0.0,-0.0
1309,H2,0.0,0.0,-0.0
1310,Li-Ion,0.0,0.0,-0.0
1310,CAES,0.0,0.0,-0.0
1310,PHS,0.0,0.0,-0.0
1310,H2,0.0,0.0,-0.0
1311,Li-Ion,0.0,0.0,-0.0
1311,CAES,0.0,0.0,-0.0
1311,PHS,0.0,0.0,-0.0
1311,H2,0.0,0.0,-0.0
1312,Li-Ion,0.0,0.0,-0.0
1312,CAES,0.0,0.0,-0.0
1312,PHS,0.0,0.0,-0.0
1312,H2,0.0,0.0,-0.0
1313,Li-Ion,0.0,0.0,-0.0
1313,CAES,0.0,0.0,-0.0
1313,PHS,0.0,0.0,-0.0
1313,H2,0.0,0.0,-0.0
1314,Li-Ion,0.0,0.0,-0.0
1314,CAES,0.0,0.0,-0.0
1314,PHS,0.0,0.0,-0.0
1314,H2,0.0,0.0,-0.0
1315,Li-Ion,0.0,0.0,-0.0
1315,CAES,0.0,0.0,-0.0
1315,PHS,0.0,0.0,-0.0
1315,H2,0.0,0.0,-0.0
1316,Li-Ion,0.0,0.0,-0.0
1316,CAES,0.0,0.0,-0.0
1316,PHS,0.0,0.0,-0.0
1316,H2,0.0,0.0,-0.0
1317,Li-Ion,0.0,0.0,-0.0
1317,CAES,0.0,0.0,-0.0
1317,PHS,0.0,0.0,-0.0
1317,H2,0.0,0.0,-0.0
1318,Li-Ion,0.0,0.0,-0.0
1318,CAES,0.0,0.0,-0.0
1318,PHS,0.0,0.0,-0.0
1318,H2,0.0,0.0,-0.0
1319,Li-Ion,0.0,0.0,-0.0
1319,CAES,0.0,0.0,-0.0
1319,PHS,0.0,0.0,-0.0
1319,H2,0.0,0.0,-0.0
1320,Li-Ion,0.0,0.0,-0.0
1320,CAES,0.0,0.0,-0.0
1320,PHS,0.0,0.0,-0.0
1320,H2,0.0,0.0,-0.0
1321,Li-Ion,0.0,0.0,-0.0
1321,CAES,0.0,0.0,-0.0
1321,PHS,0.0,0.0,-0.0
1321,H2,0.0,0.0,-0.0
1322,Li-Ion,0.0,0.0,-0.0
1322,CAES,0.0,0.0,-0.0
1322,PHS,0.0,0.0,-0.0
1322,H2,0.0,0.0,-0.0
1323,Li-Ion,0.0,0.0,-0.0
1323,CAES,0.0,0.0,-0.0
1323,PHS,0.0,0.0,-0.0
1323,H2,0.0,0.0,-0.0
1324,Li-Ion,0.0,0.0,-0.0
1324,CAES,0.0,0.0,-0.0
1324,PHS,0.0,0.0,-0.0
1324,H2,0.0,0.0,-0.0
1325,Li-Ion,0.0,0.0,-0.0
1325,CAES,0.0,0.0,-0.0
1325,PHS,0.0,0.0,-0.0
1325,H2,0.0,0.0,-0.0
1326,Li-Ion,0.0,0.0,-0.0
1326,CAES,0.0,0.0,-0.0
1326,PHS,0.0,0.0,-0.0
1326,H2,0.0,0.0,-0.0
1327,Li-Ion,0.0,0.0,-0.0
1327,CAES,0.0,0.0,-0.0
1327,PHS,0.0,0.0,-0.0
1327,H2,0.0,0.0,-0.0
1328,Li-Ion,0.0,0.0,-0.0
1328,CAES,0.0,0.0,-0.0
1328,PHS,0.0,0.0,-0.0
1328,H2,0.0,0.0,-0.0
1329,Li-Ion,0.0,0.0,-0.0
1329,CAES,0.0,0.0,-0.0
1329,PHS,0.0,0.0,-0.0
1329,H2,0.0,0.0,-0.0
1330,Li-Ion,0.0,0.0,-0.0
1330,CAES,0.0,0.0,-0.0
1330,PHS,0.0,0.0,-0.0
1330,H2,0.0,0.0,-0.0
1331,Li-Ion,0.0,0.0,-0.0
1331,CAES,0.0,0.0,-0.0
1331,PHS,0.0,0.0,-0.0
1331,H2,0.0,0.0,-0.0
1332,Li-Ion,0.0,0.0,-0.0
1332,CAES,0.0,0.0,-0.0
1332,PHS,0.0,0.0,-0.0
1332,H2,0.0,0.0,-0.0
1333,Li-Ion,0.0,0.0,-0.0
1333,CAES,0.0,0.0,-0.0
1333,PHS,0.0,0.0,-0.0
1333,H2,0.0,0.0,-0.0
1334,Li-Ion,0.0,0.0,-0.0
1334,CAES,0.0,0.0,-0.0
1334,PHS,0.0,0.0,-0.0
1334,H2,0.0,0.0,-0.0
1335,Li-Ion,0.0,0.0,-0.0
1335,CAES,0.0,0.0,-0.0
1335,PHS,0.0,0.0,-0.0
1335,H2,0.0,0.0,-0.0
1336,Li-Ion,0.0,0.0,-0.0
1336,CAES,0.0,0.0,-0.0
1336,PHS,0.0,0.0,-0.0
1336,H2,0.0,0.0,-0.0
1337,Li-Ion,0.0,0.0,-0.0
1337,CAES,0.0,0.0,-0.0
1337,PHS,0.0,0.0,-0.0
1337,H2,0.0,0.0,-0.0
1338,Li-Ion,0.0,0.0,-0.0
1338,CAES,0.0,0.0,-0.0
1338,PHS,0.0,0.0,-0.0
1338,H2,0.0,0.0,-0.0
1339,Li-Ion,0.0,0.0,-0.0
1339,CAES,0.0,0.0,-0.0
1339,PHS,0.0,0.0,-0.0
1339,H2,0.0,0.0,-0.0
1340,Li-Ion,0.0,0.0,-0.0
1340,CAES,0.0,0.0,-0.0
1340,PHS,0.0,0.0,-0.0
1340,H2,0.0,0.0,-0.0
1341,Li-Ion,0.0,0.0,-0.0
1341,CAES,0.0,0.0,-0.0
1341,PHS,0.0,0.0,-0.0
1341,H2,0.0,0.0,-0.0
1342,Li-Ion,0.0,0.0,-0.0
1342,CAES,0.0,0.0,-0.0
1342,PHS,0.0,0.0,-0.0
1342,H2,0.0,0.0,-0.0
1343,Li-Ion,0.0,0.0,-0.0
1343,CAES,0.0,0.0,-0.0
1343,PHS,0.0,0.0,-0.0
1343,H2,0.0,0.0,-0.0
1344,Li-Ion,0.0,0.0,-0.0
1344,CAES,0.0,0.0,-0.0
1344,PHS,0.0,0.0,-0.0
1344,H2,0.0,0.0,-0.0
1345,Li-Ion,0.0,0.0,-0.0
1345,CAES,0.0,0.0,-0.0
1345,PHS,0.0,0.0,-0.0
1345,H2,0.0,0.0,-0.0
1346,Li-Ion,0.0,0.0,-0.0
1346,CAES,0.0,0.0,-0.0
1346,PHS,0.0,0.0,-0.0
1346,H2,0.0,0.0,-0.0
1347,Li-Ion,0.0,0.0,-0.0
1347,CAES,0.0,0.0,-0.0
1347,PHS,0.0,0.0,-0.0
1347,H2,0.0,0.0,-0.0
1348,Li-Ion,0.0,0.0,-0.0
1348,CAES,0.0,0.0,-0.0
1348,PHS,0.0,0.0,-0.0
1348,H2,0.0,0.0,-0.0
1349,Li-Ion,0.0,0.0,-0.0
1349,CAES,0.0,0.0,-0.0
1349,PHS,0.0,0.0,-0.0
1349,H2,0.0,0.0,-0.0
1350,Li-Ion,0.0,0.0,-0.0
1350,CAES,0.0,0.0,-0.0
1350,PHS,0.0,0.0,-0.0
1350,H2,0.0,0.0,-0.0
1351,Li-Ion,0.0,0.0,-0.0
1351,CAES,0.0,0.0,-0.0
1351,PHS,0.0,0.0,-0.0
1351,H2,0.0,0.0,-0.0
1352,Li-Ion,0.0,0.0,-0.0
1352,CAES,0.0,0.0,-0.0
1352,PHS,0.0,0.0,-0.0
1352,H2,0.0,0.0,-0.0
1353,Li-Ion,0.0,0.0,-0.0
1353,CAES,0.0,0.0,-0.0
1353,PHS,0.0,0.0,-0.0
1353,H2,0.0,0.0,-0.0
1354,Li-Ion,0.0,0.0,-0.0
1354,CAES,0.0,0.0,-0.0
1354,PHS,0.0,0.0,-0.0
1354,H2,0.0,0.0,-0.0
1355,Li-Ion,0.0,0.0,-0.0
1355,CAES,0.0,0.0,-0.0
1355,PHS,0.0,0.0,-0.0
1355,H2,0.0,0.0,-0.0
1356,Li-Ion,0.0,0.0,-0.0
1356,CAES,0.0,0.0,-0.0
1356,PHS,0.0,0.0,-0.0
1356,H2,0.0,0.0,-0.0
1357,Li-Ion,0.0,0.0,-0.0
1357,CAES,0.0,0.0,-0.0
1357,PHS,0.0,0.0,-0.0
1357,H2,0.0,0.0,-0.0
1358,Li-Ion,0.0,0.0,-0.0
1358,CAES,0.0,0.0,-0.0
1358,PHS,0.0,0.0,-0.0
1358,H2,0.0,0.0,-0.0
1359,Li-Ion,0.0,0.0,-0.0
1359,CAES,0.0,0.0,-0.0
1359,PHS,0.0,0.0,-0.0
1359,H2,0.0,0.0,-0.0
1360,Li-Ion,0.0,0.0,-0.0
1360,CAES,0.0,0.0,-0.0
1360,PHS,0.0,0.0,-0.0
1360,H2,0.0,0.0,-0.0
1361,Li-Ion,0.0,0.0,-0.0
1361,CAES,0.0,0.0,-0.0
1361,PHS,0.0,0.0,-0.0
1361,H2,0.0,0.0,-0.0
1362,Li-Ion,0.0,0.0,-0.0
1362,CAES,0.0,0.0,-0.0
1362,PHS,0.0,0.0,-0.0
1362,H2,0.0,0.0,-0.0
1363,Li-Ion,0.0,0.0,-0.0
1363,CAES,0.0,0.0,-0.0
1363,PHS,0.0,0.0,-0.0
1363,H2,0.0,0.0,-0.0
1364,Li-Ion,0.0,0.0,-0.0
1364,CAES,0.0,0.0,-0.0
1364,PHS,0.0,0.0,-0.0
1364,H2,0.0,0.0,-0.0
1365,Li-Ion,0.0,0.0,-0.0
1365,CAES,0.0,0.0,-0.0
1365,PHS,0.0,0.0,-0.0
1365,H2,0.0,0.0,-0.0
1366,Li-Ion,0.0,0.0,-0.0
1366,CAES,0.0,0.0,-0.0
1366,PHS,0.0,0.0,-0.0
1366,H2,0.0,0.0,-0.0
1367,Li-Ion,0.0,0.0,-0.0
1367,CAES,0.0,0.0,-0.0
1367,PHS,0.0,0.0,-0.0
1367,H2,0.0,0.0,-0.0
1368,Li-Ion,0.0,0.0,-0.0
1368,CAES,0.0,0.0,-0.0
1368,PHS,0.0,0.0,-0.0
1368,H2,0.0,0.0,-0.0
1369,Li-Ion,0.0,0.0,-0.0
1369,CAES,0.0,0.0,-0.0
1369,PHS,0.0,0.0,-0.0
1369,H2,0.0,0.0,-0.0
1370,Li-Ion,0.0,0.0,-0.0
1370,CAES,0.0,0.0,-0.0
1370,PHS,0.0,0.0,-0.0
1370,H2,0.0,0.0,-0.0
1371,Li-Ion,0.0,0.0,-0.0
1371,CAES,0.0,0.0,-0.0
1371,PHS,0.0,0.0,-0.0
1371,H2,0.0,0.0,-0.0
1372,Li-Ion,0.0,0.0,-0.0
1372,CAES,0.0,0.0,-0.0
1372,PHS,0.0,0.0,-0.0
1372,H2,0.0,0.0,-0.0
1373,Li-Ion,0.0,0.0,-0.0
1373,CAES,0.0,0.0,-0.0
1373,PHS,0.0,0.0,-0.0
1373,H2,0.0,0.0,-0.0
1374,Li-Ion,0.0,0.0,-0.0
1374,CAES,0.0,0.0,-0.0
1374,PHS,0.0,0.0,-0.0
1374,H2,0.0,0.0,-0.0
1375,Li-Ion,0.0,0.0,-0.0
1375,CAES,0.0,0.0,-0.0
1375,PHS,0.0,0.0,-0.0
1375,H2,0.0,0.0,-0.0
1376,Li-Ion,0.0,0.0,-0.0
1376,CAES,0.0,0.0,-0.0
1376,PHS,0.0,0.0,-0.0
1376,H2,0.0,0.0,-0.0
1377,Li-Ion,0.0,0.0,-0.0
1377,CAES,0.0,0.0,-0.0
1377,PHS,0.0,0.0,-0.0
1377,H2,0.0,0.0,-0.0
1378,Li-Ion,0.0,0.0,-0.0
1378,CAES,0.0,0.0,-0.0
1378,PHS,0.0,0.0,-0.0
1378,H2,0.0,0.0,-0.0
1379,Li-Ion,0.0,0.0,-0.0
1379,CAES,0.0,0.0,-0.0
1379,PHS,0.0,0.0,-0.0
1379,H2,0.0,0.0,-0.0
1380,Li-Ion,0.0,0.0,-0.0
1380,CAES,0.0,0.0,-0.0
1380,PHS,0.0,0.0,-0.0
1380,H2,0.0,0.0,-0.0
1381,Li-Ion,0.0,0.0,-0.0
1381,CAES,0.0,0.0,-0.0
1381,PHS,0.0,0.0,-0.0
1381,H2,0.0,0.0,-0.0
1382,Li-Ion,0.0,0.0,-0.0
1382,CAES,0.0,0.0,-0.0
1382,PHS,0.0,0.0,-0.0
1382,H2,0.0,0.0,-0.0
1383,Li-Ion,0.0,0.0,-0.0
1383,CAES,0.0,0.0,-0.0
1383,PHS,0.0,0.0,-0.0
1383,H2,0.0,0.0,-0.0
1384,Li-Ion,0.0,0.0,-0.0
1384,CAES,0.0,0.0,-0.0
1384,PHS,0.0,0.0,-0.0
1384,H2,0.0,0.0,-0.0
1385,Li-Ion,0.0,0.0,-0.0
1385,CAES,0.0,0.0,-0.0
1385,PHS,0.0,0.0,-0.0
1385,H2,0.0,0.0,-0.0
1386,Li-Ion,0.0,0.0,-0.0
1386,CAES,0.0,0.0,-0.0
1386,PHS,0.0,0.0,-0.0
1386,H2,0.0,0.0,-0.0
1387,Li-Ion,0.0,0.0,-0.0
1387,CAES,0.0,0.0,-0.0
1387,PHS,0.0,0.0,-0.0
1387,H2,0.0,0.0,-0.0
1388,Li-Ion,0.0,0.0,-0.0
1388,CAES,0.0,0.0,-0.0
1388,PHS,0.0,0.0,-0.0
1388,H2,0.0,0.0,-0.0
1389,Li-Ion,0.0,0.0,-0.0
1389,CAES,0.0,0.0,-0.0
1389,PHS,0.0,0.0,-0.0
1389,H2,0.0,0.0,-0.0
1390,Li-Ion,0.0,0.0,-0.0
1390,CAES,0.0,0.0,-0.0
1390,PHS,0.0,0.0,-0.0
1390,H2,0.0,0.0,-0.0
1391,Li-Ion,0.0,0.0,-0.0
1391,CAES,0.0,0.0,-0.0
1391,PHS,0.0,0.0,-0.0
1391,H2,0.0,0.0,-0.0
1392,Li-Ion,0.0,0.0,-0.0
1392,CAES,0.0,0.0,-0.0
1392,PHS,0.0,0.0,-0.0
1392,H2,0.0,0.0,-0.0
1393,Li-Ion,0.0,0.0,-0.0
1393,CAES,0.0,0.0,-0.0
1393,PHS,0.0,0.0,-0.0
1393,H2,0.0,0.0,-0.0
1394,Li-Ion,0.0,0.0,-0.0
1394,CAES,0.0,0.0,-0.0
1394,PHS,0.0,0.0,-0.0
1394,H2,0.0,0.0,-0.0
1395,Li-Ion,0.0,0.0,-0.0
1395,CAES,0.0,0.0,-0.0
1395,PHS,0.0,0.0,-0.0
1395,H2,0.0,0.0,-0.0
1396,Li-Ion,0.0,0.0,-0.0
1396,CAES,0.0,0.0,-0.0
1396,PHS,0.0,0.0,-0.0
1396,H2,0.0,0.0,-0.0
1397,Li-Ion,0.0,0.0,-0.0
1397,CAES,0.0,0.0,-0.0
1397,PHS,0.0,0.0,-0.0
1397,H2,0.0,0.0,-0.0
1398,Li-Ion,0.0,0.0,-0.0
1398,CAES,0.0,0.0,-0.0
1398,PHS,0.0,0.0,-0.0
1398,H2,0.0,0.0,-0.0
1399,Li-Ion,0.0,0.0,-0.0
1399,CAES,0.0,0.0,-0.0
1399,PHS,0.0,0.0,-0.0
1399,H2,0.0,0.0,-0.0
1400,Li-Ion,0.0,0.0,-0.0
1400,CAES,0.0,0.0,-0.0
1400,PHS,0.0,0.0,-0.0
1400,H2,0.0,0.0,-0.0
1401,Li-Ion,0.0,0.0,-0.0
1401,CAES,0.0,0.0,-0.0
1401,PHS,0.0,0.0,-0.0
1401,H2,0.0,0.0,-0.0
1402,Li-Ion,0.0,0.0,-0.0
1402,CAES,0.0,0.0,-0.0
1402,PHS,0.0,0.0,-0.0
1402,H2,0.0,0.0,-0.0
1403,Li-Ion,0.0,0.0,-0.0
1403,CAES,0.0,0.0,-0.0
1403,PHS,0.0,0.0,-0.0
1403,H2,0.0,0.0,-0.0
1404,Li-Ion,0.0,0.0,-0.0
1404,CAES,0.0,0.0,-0.0
1404,PHS,0.0,0.0,-0.0
1404,H2,0.0,0.0,-0.0
1405,Li-Ion,0.0,0.0,-0.0
1405,CAES,0.0,0.0,-0.0
1405,PHS,0.0,0.0,-0.0
1405,H2,0.0,0.0,-0.0
1406,Li-Ion,0.0,0.0,-0.0
1406,CAES,0.0,0.0,-0.0
1406,PHS,0.0,0.0,-0.0
1406,H2,0.0,0.0,-0.0
1407,Li-Ion,0.0,0.0,-0.0
1407,CAES,0.0,0.0,-0.0
1407,PHS,0.0,0.0,-0.0
1407,H2,0.0,0.0,-0.0
1408,Li-Ion,0.0,0.0,-0.0
1408,CAES,0.0,0.0,-0.0
1408,PHS,0.0,0.0,-0.0
1408,H2,0.0,0.0,-0.0
1409,Li-Ion,0.0,0.0,-0.0
1409,CAES,0.0,0.0,-0.0
1409,PHS,0.0,0.0,-0.0
1409,H2,0.0,0.0,-0.0
1410,Li-Ion,0.0,0.0,-0.0
1410,CAES,0.0,0.0,-0.0
1410,PHS,0.0,0.0,-0.0
1410,H2,0.0,0.0,-0.0
1411,Li-Ion,0.0,0.0,-0.0
1411,CAES,0.0,0.0,-0.0
1411,PHS,0.0,0.0,-0.0
1411,H2,0.0,0.0,-0.0
1412,Li-Ion,0.0,0.0,-0.0
1412,CAES,0.0,0.0,-0.0
1412,PHS,0.0,0.0,-0.0
1412,H2,0.0,0.0,-0.0
1413,Li-Ion,0.0,0.0,-0.0
1413,CAES,0.0,0.0,-0.0
1413,PHS,0.0,0.0,-0.0
1413,H2,0.0,0.0,-0.0
1414,Li-Ion,0.0,0.0,-0.0
1414,CAES,0.0,0.0,-0.0
1414,PHS,0.0,0.0,-0.0
1414,H2,0.0,0.0,-0.0
1415,Li-Ion,0.0,0.0,-0.0
1415,CAES,0.0,0.0,-0.0
1415,PHS,0.0,0.0,-0.0
1415,H2,0.0,0.0,-0.0
1416,Li-Ion,0.0,0.0,-0.0
1416,CAES,0.0,0.0,-0.0
1416,PHS,0.0,0.0,-0.0
1416,H2,0.0,0.0,-0.0
1417,Li-Ion,0.0,0.0,-0.0
1417,CAES,0.0,0.0,-0.0
1417,PHS,0.0,0.0,-0.0
1417,H2,0.0,0.0,-0.0
1418,Li-Ion,0.0,0.0,-0.0
1418,CAES,0.0,0.0,-0.0
1418,PHS,0.0,0.0,-0.0
1418,H2,0.0,0.0,-0.0
1419,Li-Ion,0.0,0.0,-0.0
1419,CAES,0.0,0.0,-0.0
1419,PHS,0.0,0.0,-0.0
1419,H2,0.0,0.0,-0.0
1420,Li-Ion,0.0,0.0,-0.0
1420,CAES,0.0,0.0,-0.0
1420,PHS,0.0,0.0,-0.0
1420,H2,0.0,0.0,-0.0
1421,Li-Ion,0.0,0.0,-0.0
1421,CAES,0.0,0.0,-0.0
1421,PHS,0.0,0.0,-0.0
1421,H2,0.0,0.0,-0.0
1422,Li-Ion,0.0,0.0,-0.0
1422,CAES,0.0,0.0,-0.0
1422,PHS,0.0,0.0,-0.0
1422,H2,0.0,0.0,-0.0
1423,Li-Ion,0.0,0.0,-0.0
1423,CAES,0.0,0.0,-0.0
1423,PHS,0.0,0.0,-0.0
1423,H2,0.0,0.0,-0.0
1424,Li-Ion,0.0,0.0,-0.0
1424,CAES,0.0,0.0,-0.0
1424,PHS,0.0,0.0,-0.0
1424,H2,0.0,0.0,-0.0
1425,Li-Ion,0.0,0.0,-0.0
1425,CAES,0.0,0.0,-0.0
1425,PHS,0.0,0.0,-0.0
1425,H2,0.0,0.0,-0.0
1426,Li-Ion,0.0,0.0,-0.0
1426,CAES,0.0,0.0,-0.0
1426,PHS,0.0,0.0,-0.0
1426,H2,0.0,0.0,-0.0
1427,Li-Ion,0.0,0.0,-0.0
1427,CAES,0.0,0.0,-0.0
1427,PHS,0.0,0.0,-0.0
1427,H2,0.0,0.0,-0.0
1428,Li-Ion,0.0,0.0,-0.0
1428,CAES,0.0,0.0,-0.0
1428,PHS,0.0,0.0,-0.0
1428,H2,0.0,0.0,-0.0
1429,Li-Ion,0.0,0.0,-0.0
1429,CAES,0.0,0.0,-0.0
1429,PHS,0.0,0.0,-0.0
1429,H2,0.0,0.0,-0.0
1430,Li-Ion,0.0,0.0,-0.0
1430,CAES,0.0,0.0,-0.0
1430,PHS,0.0,0.0,-0.0
1430,H2,0.0,0.0,-0.0
1431,Li-Ion,0.0,0.0,-0.0
1431,CAES,0.0,0.0,-0.0
1431,PHS,0.0,0.0,-0.0
1431,H2,0.0,0.0,-0.0
1432,Li-Ion,0.0,0.0,-0.0
1432,CAES,0.0,0.0,-0.0
1432,PHS,0.0,0.0,-0.0
1432,H2,0.0,0.0,-0.0
1433,Li-Ion,0.0,0.0,-0.0
1433,CAES,0.0,0.0,-0.0
1433,PHS,0.0,0.0,-0.0
1433,H2,0.0,0.0,-0.0
1434,Li-Ion,0.0,0.0,-0.0
1434,CAES,0.0,0.0,-0.0
1434,PHS,0.0,0.0,-0.0
1434,H2,0.0,0.0,-0.0
1435,Li-Ion,0.0,0.0,-0.0
1435,CAES,0.0,0.0,-0.0
1435,PHS,0.0,0.0,-0.0
1435,H2,0.0,0.0,-0.0
1436,Li-Ion,0.0,0.0,-0.0
1436,CAES,0.0,0.0,-0.0
1436,PHS,0.0,0.0,-0.0
1436,H2,0.0,0.0,-0.0
1437,Li-Ion,0.0,0.0,-0.0
1437,CAES,0.0,0.0,-0.0
1437,PHS,0.0,0.0,-0.0
1437,H2,0.0,0.0,-0.0
1438,Li-Ion,0.0,0.0,-0.0
1438,CAES,0.0,0.0,-0.0
1438,PHS,0.0,0.0,-0.0
1438,H2,0.0,0.0,-0.0
1439,Li-Ion,0.0,0.0,-0.0
1439,CAES,0.0,0.0,-0.0
1439,PHS,0.0,0.0,-0.0
1439,H2,0.0,0.0,-0.0
1440,Li-Ion,0.0,0.0,-0.0
1440,CAES,0.0,0.0,-0.0
1440,PHS,0.0,0.0,-0.0
1440,H2,0.0,0.0,-0.0
1441,Li-Ion,0.0,0.0,-0.0
1441,CAES,0.0,0.0,-0.0
1441,PHS,0.0,0.0,-0.0
1441,H2,0.0,0.0,-0.0
1442,Li-Ion,0.0,0.0,-0.0
1442,CAES,0.0,0.0,-0.0
1442,PHS,0.0,0.0,-0.0
1442,H2,0.0,0.0,-0.0
1443,Li-Ion,0.0,0.0,-0.0
1443,CAES,0.0,0.0,-0.0
1443,PHS,0.0,0.0,-0.0
1443,H2,0.0,0.0,-0.0
1444,Li-Ion,0.0,0.0,-0.0
1444,CAES,0.0,0.0,-0.0
1444,PHS,0.0,0.0,-0.0
1444,H2,0.0,0.0,-0.0
1445,Li-Ion,0.0,0.0,-0.0
1445,CAES,0.0,0.0,-0.0
1445,PHS,0.0,0.0,-0.0
1445,H2,0.0,0.0,-0.0
1446,Li-Ion,0.0,0.0,-0.0
1446,CAES,0.0,0.0,-0.0
1446,PHS,0.0,0.0,-0.0
1446,H2,0.0,0.0,-0.0
1447,Li-Ion,0.0,0.0,-0.0
1447,CAES,0.0,0.0,-0.0
1447,PHS,0.0,0.0,-0.0
1447,H2,0.0,0.0,-0.0
1448,Li-Ion,0.0,0.0,-0.0
1448,CAES,0.0,0.0,-0.0
1448,PHS,0.0,0.0,-0.0
1448,H2,0.0,0.0,-0.0
1449,Li-Ion,0.0,0.0,-0.0
1449,CAES,0.0,0.0,-0.0
1449,PHS,0.0,0.0,-0.0
1449,H2,0.0,0.0,-0.0
1450,Li-Ion,0.0,0.0,-0.0
1450,CAES,0.0,0.0,-0.0
1450,PHS,0.0,0.0,-0.0
1450,H2,0.0,0.0,-0.0
1451,Li-Ion,0.0,0.0,-0.0
1451,CAES,0.0,0.0,-0.0
1451,PHS,0.0,0.0,-0.0
1451,H2,0.0,0.0,-0.0
1452,Li-Ion,0.0,0.0,-0.0
1452,CAES,0.0,0.0,-0.0
1452,PHS,0.0,0.0,-0.0
1452,H2,0.0,0.0,-0.0
1453,Li-Ion,0.0,0.0,-0.0
1453,CAES,0.0,0.0,-0.0
1453,PHS,0.0,0.0,-0.0
1453,H2,0.0,0.0,-0.0
1454,Li-Ion,0.0,0.0,-0.0
1454,CAES,0.0,0.0,-0.0
1454,PHS,0.0,0.0,-0.0
1454,H2,0.0,0.0,-0.0
1455,Li-Ion,0.0,0.0,-0.0
1455,CAES,0.0,0.0,-0.0
1455,PHS,0.0,0.0,-0.0
1455,H2,0.0,0.0,-0.0
1456,Li-Ion,0.0,0.0,-0.0
1456,CAES,0.0,0.0,-0.0
1456,PHS,0.0,0.0,-0.0
1456,H2,0.0,0.0,-0.0
1457,Li-Ion,0.0,0.0,-0.0
1457,CAES,0.0,0.0,-0.0
1457,PHS,0.0,0.0,-0.0
1457,H2,0.0,0.0,-0.0
1458,Li-Ion,0.0,0.0,-0.0
1458,CAES,0.0,0.0,-0.0
1458,PHS,0.0,0.0,-0.0
1458,H2,0.0,0.0,-0.0
1459,Li-Ion,0.0,0.0,-0.0
1459,CAES,0.0,0.0,-0.0
1459,PHS,0.0,0.0,-0.0
1459,H2,0.0,0.0,-0.0
1460,Li-Ion,0.0,0.0,-0.0
1460,CAES,0.0,0.0,-0.0
1460,PHS,0.0,0.0,-0.0
1460,H2,0.0,0.0,-0.0
1461,Li-Ion,0.0,0.0,-0.0
1461,CAES,0.0,0.0,-0.0
1461,PHS,0.0,0.0,-0.0
1461,H2,0.0,0.0,-0.0
1462,Li-Ion,0.0,0.0,-0.0
1462,CAES,0.0,0.0,-0.0
1462,PHS,0.0,0.0,-0.0
1462,H2,0.0,0.0,-0.0
1463,Li-Ion,0.0,0.0,-0.0
1463,CAES,0.0,0.0,-0.0
1463,PHS,0.0,0.0,-0.0
1463,H2,0.0,0.0,-0.0
1464,Li-Ion,0.0,0.0,-0.0
1464,CAES,0.0,0.0,-0.0
1464,PHS,0.0,0.0,-0.0
1464,H2,0.0,0.0,-0.0
1465,Li-Ion,0.0,0.0,-0.0
1465,CAES,0.0,0.0,-0.0
1465,PHS,0.0,0.0,-0.0
1465,H2,0.0,0.0,-0.0
1466,Li-Ion,0.0,0.0,-0.0
1466,CAES,0.0,0.0,-0.0
1466,PHS,0.0,0.0,-0.0
1466,H2,0.0,0.0,-0.0
1467,Li-Ion,0.0,0.0,-0.0
1467,CAES,0.0,0.0,-0.0
1467,PHS,0.0,0.0,-0.0
1467,H2,0.0,0.0,-0.0
1468,Li-Ion,0.0,0.0,-0.0
1468,CAES,0.0,0.0,-0.0
1468,PHS,0.0,0.0,-0.0
1468,H2,0.0,0.0,-0.0
1469,Li-Ion,0.0,0.0,-0.0
1469,CAES,0.0,0.0,-0.0
1469,PHS,0.0,0.0,-0.0
1469,H2,0.0,0.0,-0.0
1470,Li-Ion,0.0,0.0,-0.0
1470,CAES,0.0,0.0,-0.0
1470,PHS,0.0,0.0,-0.0
1470,H2,0.0,0.0,-0.0
1471,Li-Ion,0.0,0.0,-0.0
1471,CAES,0.0,0.0,-0.0
1471,PHS,0.0,0.0,-0.0
1471,H2,0.0,0.0,-0.0
1472,Li-Ion,0.0,0.0,-0.0
1472,CAES,0.0,0.0,-0.0
1472,PHS,0.0,0.0,-0.0
1472,H2,0.0,0.0,-0.0
1473,Li-Ion,0.0,0.0,-0.0
1473,CAES,0.0,0.0,-0.0
1473,PHS,0.0,0.0,-0.0
1473,H2,0.0,0.0,-0.0
1474,Li-Ion,0.0,0.0,-0.0
1474,CAES,0.0,0.0,-0.0
1474,PHS,0.0,0.0,-0.0
1474,H2,0.0,0.0,-0.0
1475,Li-Ion,0.0,0.0,-0.0
1475,CAES,0.0,0.0,-0.0
1475,PHS,0.0,0.0,-0.0
1475,H2,0.0,0.0,-0.0
1476,Li-Ion,0.0,0.0,-0.0
1476,CAES,0.0,0.0,-0.0
1476,PHS,0.0,0.0,-0.0
1476,H2,0.0,0.0,-0.0
1477,Li-Ion,0.0,0.0,-0.0
1477,CAES,0.0,0.0,-0.0
1477,PHS,0.0,0.0,-0.0
1477,H2,0.0,0.0,-0.0
1478,Li-Ion,0.0,0.0,-0.0
1478,CAES,0.0,0.0,-0.0
1478,PHS,0.0,0.0,-0.0
1478,H2,0.0,0.0,-0.0
1479,Li-Ion,0.0,0.0,-0.0
1479,CAES,0.0,0.0,-0.0
1479,PHS,0.0,0.0,-0.0
1479,H2,0.0,0.0,-0.0
1480,Li-Ion,0.0,0.0,-0.0
1480,CAES,0.0,0.0,-0.0
1480,PHS,0.0,0.0,-0.0
1480,H2,0.0,0.0,-0.0
1481,Li-Ion,0.0,0.0,-0.0
1481,CAES,0.0,0.0,-0.0
1481,PHS,0.0,0.0,-0.0
1481,H2,0.0,0.0,-0.0
1482,Li-Ion,0.0,0.0,-0.0
1482,CAES,0.0,0.0,-0.0
1482,PHS,0.0,0.0,-0.0
1482,H2,0.0,0.0,-0.0
1483,Li-Ion,0.0,0.0,-0.0
1483,CAES,0.0,0.0,-0.0
1483,PHS,0.0,0.0,-0.0
1483,H2,0.0,0.0,-0.0
1484,Li-Ion,0.0,0.0,-0.0
1484,CAES,0.0,0.0,-0.0
1484,PHS,0.0,0.0,-0.0
1484,H2,0.0,0.0,-0.0
1485,Li-Ion,0.0,0.0,-0.0
1485,CAES,0.0,0.0,-0.0
1485,PHS,0.0,0.0,-0.0
1485,H2,0.0,0.0,-0.0
1486,Li-Ion,0.0,0.0,-0.0
1486,CAES,0.0,0.0,-0.0
1486,PHS,0.0,0.0,-0.0
1486,H2,0.0,0.0,-0.0
1487,Li-Ion,0.0,0.0,-0.0
1487,CAES,0.0,0.0,-0.0
1487,PHS,0.0,0.0,-0.0
1487,H2,0.0,0.0,-0.0
1488,Li-Ion,0.0,0.0,-0.0
1488,CAES,0.0,0.0,-0.0
1488,PHS,0.0,0.0,-0.0
1488,H2,0.0,0.0,-0.0
1489,Li-Ion,0.0,0.0,-0.0
1489,CAES,0.0,0.0,-0.0
1489,PHS,0.0,0.0,-0.0
1489,H2,0.0,0.0,-0.0
1490,Li-Ion,0.0,0.0,-0.0
1490,CAES,0.0,0.0,-0.0
1490,PHS,0.0,0.0,-0.0
1490,H2,0.0,0.0,-0.0
1491,Li-Ion,0.0,0.0,-0.0
1491,CAES,0.0,0.0,-0.0
1491,PHS,0.0,0.0,-0.0
1491,H2,0.0,0.0,-0.0
1492,Li-Ion,0.0,0.0,-0.0
1492,CAES,0.0,0.0,-0.0
1492,PHS,0.0,0.0,-0.0
1492,H2,0.0,0.0,-0.0
1493,Li-Ion,0.0,0.0,-0.0
1493,CAES,0.0,0.0,-0.0
1493,PHS,0.0,0.0,-0.0
1493,H2,0.0,0.0,-0.0
1494,Li-Ion,0.0,0.0,-0.0
1494,CAES,0.0,0.0,-0.0
1494,PHS,0.0,0.0,-0.0
1494,H2,0.0,0.0,-0.0
1495,Li-Ion,0.0,0.0,-0.0
1495,CAES,0.0,0.0,-0.0
1495,PHS,0.0,0.0,-0.0
1495,H2,0.0,0.0,-0.0
1496,Li-Ion,0.0,0.0,-0.0
1496,CAES,0.0,0.0,-0.0
1496,PHS,0.0,0.0,-0.0
1496,H2,0.0,0.0,-0.0
1497,Li-Ion,0.0,0.0,-0.0
1497,CAES,0.0,0.0,-0.0
1497,PHS,0.0,0.0,-0.0
1497,H2,0.0,0.0,-0.0
1498,Li-Ion,0.0,0.0,-0.0
1498,CAES,0.0,0.0,-0.0
1498,PHS,0.0,0.0,-0.0
1498,H2,0.0,0.0,-0.0
1499,Li-Ion,0.0,0.0,-0.0
1499,CAES,0.0,0.0,-0.0
1499,PHS,0.0,0.0,-0.0
1499,H2,0.0,0.0,-0.0
1500,Li-Ion,0.0,0.0,-0.0
1500,CAES,0.0,0.0,-0.0
1500,PHS,0.0,0.0,-0.0
1500,H2,0.0,0.0,-0.0
1501,Li-Ion,0.0,0.0,-0.0
1501,CAES,0.0,0.0,-0.0
1501,PHS,0.0,0.0,-0.0
1501,H2,0.0,0.0,-0.0
1502,Li-Ion,0.0,0.0,-0.0
1502,CAES,0.0,0.0,-0.0
1502,PHS,0.0,0.0,-0.0
1502,H2,0.0,0.0,-0.0
1503,Li-Ion,0.0,0.0,-0.0
1503,CAES,0.0,0.0,-0.0
1503,PHS,0.0,0.0,-0.0
1503,H2,0.0,0.0,-0.0
1504,Li-Ion,0.0,0.0,-0.0
1504,CAES,0.0,0.0,-0.0
1504,PHS,0.0,0.0,-0.0
1504,H2,0.0,0.0,-0.0
1505,Li-Ion,0.0,0.0,-0.0
1505,CAES,0.0,0.0,-0.0
1505,PHS,0.0,0.0,-0.0
1505,H2,0.0,0.0,-0.0
1506,Li-Ion,0.0,0.0,-0.0
1506,CAES,0.0,0.0,-0.0
1506,PHS,0.0,0.0,-0.0
1506,H2,0.0,0.0,-0.0
1507,Li-Ion,0.0,0.0,-0.0
1507,CAES,0.0,0.0,-0.0
1507,PHS,0.0,0.0,-0.0
1507,H2,0.0,0.0,-0.0
1508,Li-Ion,0.0,0.0,-0.0
1508,CAES,0.0,-0.0,-0.0
1508,PHS,0.0,-0.0,-0.0
1508,H2,0.0,-0.0,-0.0
1509,Li-Ion,0.0,0.0,-0.0
1509,CAES,0.0,0.0,-0.0
1509,PHS,0.0,0.0,-0.0
1509,H2,0.0,0.0,-0.0
1510,Li-Ion,0.0,0.0,-0.0
1510,CAES,0.0,0.0,-0.0
1510,PHS,0.0,0.0,-0.0
1510,H2,0.0,0.0,-0.0
1511,Li-Ion,0.0,0.0,-0.0
1511,CAES,0.0,0.0,-0.0
1511,PHS,0.0,0.0,-0.0
1511,H2,0.0,0.0,-0.0
1512,Li-Ion,0.0,0.0,-0.0
1512,CAES,0.0,0.0,-0.0
1512,PHS,0.0,0.0,-0.0
1512,H2,0.0,0.0,-0.0
1513,Li-Ion,0.0,0.0,-0.0
1513,CAES,0.0,0.0,-0.0
1513,PHS,0.0,0.0,-0.0
1513,H2,0.0,0.0,-0.0
1514,Li-Ion,0.0,0.0,-0.0
1514,CAES,0.0,0.0,-0.0
1514,PHS,0.0,0.0,-0.0
1514,H2,0.0,0.0,-0.0
1515,Li-Ion,0.0,0.0,-0.0
1515,CAES,0.0,0.0,-0.0
1515,PHS,0.0,0.0,-0.0
1515,H2,0.0,0.0,-0.0
1516,Li-Ion,0.0,0.0,-0.0
1516,CAES,0.0,0.0,-0.0
1516,PHS,0.0,0.0,-0.0
1516,H2,0.0,0.0,-0.0
1517,Li-Ion,0.0,0.0,-0.0
1517,CAES,0.0,0.0,-0.0
1517,PHS,0.0,0.0,-0.0
1517,H2,0.0,0.0,-0.0
1518,Li-Ion,0.0,0.0,-0.0
1518,CAES,0.0,0.0,-0.0
1518,PHS,0.0,0.0,-0.0
1518,H2,0.0,0.0,-0.0
1519,Li-Ion,0.0,0.0,-0.0
1519,CAES,0.0,0.0,-0.0
1519,PHS,0.0,0.0,-0.0
1519,H2,0.0,0.0,-0.0
1520,Li-Ion,0.0,0.0,-0.0
1520,CAES,0.0,0.0,-0.0
1520,PHS,0.0,0.0,-0.0
1520,H2,0.0,0.0,-0.0
1521,Li-Ion,0.0,0.0,-0.0
1521,CAES,0.0,0.0,-0.0
1521,PHS,0.0,0.0,-0.0
1521,H2,0.0,0.0,-0.0
1522,Li-Ion,0.0,0.0,-0.0
1522,CAES,0.0,0.0,-0.0
1522,PHS,0.0,0.0,-0.0
1522,H2,0.0,0.0,-0.0
1523,Li-Ion,0.0,0.0,-0.0
1523,CAES,0.0,0.0,-0.0
1523,PHS,0.0,0.0,-0.0
1523,H2,0.0,0.0,-0.0
1524,Li-Ion,0.0,0.0,-0.0
1524,CAES,0.0,0.0,-0.0
1524,PHS,0.0,0.0,-0.0
1524,H2,0.0,0.0,-0.0
1525,Li-Ion,0.0,0.0,-0.0
1525,CAES,0.0,0.0,-0.0
1525,PHS,0.0,0.0,-0.0
1525,H2,0.0,0.0,-0.0
1526,Li-Ion,0.0,0.0,-0.0
1526,CAES,0.0,0.0,-0.0
1526,PHS,0.0,0.0,-0.0
1526,H2,0.0,0.0,-0.0
1527,Li-Ion,0.0,0.0,-0.0
1527,CAES,0.0,0.0,-0.0
1527,PHS,0.0,0.0,-0.0
1527,H2,0.0,0.0,-0.0
1528,Li-Ion,0.0,0.0,-0.0
1528,CAES,0.0,0.0,-0.0
1528,PHS,0.0,0.0,-0.0
1528,H2,0.0,0.0,-0.0
1529,Li-Ion,0.0,0.0,-0.0
1529,CAES,0.0,0.0,-0.0
1529,PHS,0.0,0.0,-0.0
1529,H2,0.0,0.0,-0.0
1530,Li-Ion,0.0,0.0,-0.0
1530,CAES,0.0,0.0,-0.0
1530,PHS,0.0,0.0,-0.0
1530,H2,0.0,0.0,-0.0
1531,Li-Ion,0.0,0.0,-0.0
1531,CAES,0.0,0.0,-0.0
1531,PHS,0.0,0.0,-0.0
1531,H2,0.0,0.0,-0.0
1532,Li-Ion,0.0,0.0,-0.0
1532,CAES,0.0,0.0,-0.0
1532,PHS,0.0,0.0,-0.0
1532,H2,0.0,0.0,-0.0
1533,Li-Ion,0.0,0.0,-0.0
1533,CAES,0.0,0.0,-0.0
1533,PHS,0.0,0.0,-0.0
1533,H2,0.0,0.0,-0.0
1534,Li-Ion,0.0,0.0,-0.0
1534,CAES,0.0,0.0,-0.0
1534,PHS,0.0,0.0,-0.0
1534,H2,0.0,0.0,-0.0
1535,Li-Ion,0.0,0.0,-0.0
1535,CAES,0.0,0.0,-0.0
1535,PHS,0.0,0.0,-0.0
1535,H2,0.0,0.0,-0.0
1536,Li-Ion,0.0,0.0,-0.0
1536,CAES,0.0,0.0,-0.0
1536,PHS,0.0,0.0,-0.0
1536,H2,0.0,0.0,-0.0
1537,Li-Ion,0.0,0.0,-0.0
1537,CAES,0.0,0.0,-0.0
1537,PHS,0.0,0.0,-0.0
1537,H2,0.0,0.0,-0.0
1538,Li-Ion,0.0,0.0,-0.0
1538,CAES,0.0,0.0,-0.0
1538,PHS,0.0,0.0,-0.0
1538,H2,0.0,0.0,-0.0
1539,Li-Ion,0.0,0.0,-0.0
1539,CAES,0.0,0.0,-0.0
1539,PHS,0.0,0.0,-0.0
1539,H2,0.0,0.0,-0.0
1540,Li-Ion,0.0,0.0,-0.0
1540,CAES,0.0,0.0,-0.0
1540,PHS,0.0,0.0,-0.0
1540,H2,0.0,0.0,-0.0
1541,Li-Ion,0.0,0.0,-0.0
1541,CAES,0.0,0.0,-0.0
1541,PHS,0.0,0.0,-0.0
1541,H2,0.0,0.0,-0.0
1542,Li-Ion,0.0,0.0,-0.0
1542,CAES,0.0,0.0,-0.0
1542,PHS,0.0,0.0,-0.0
1542,H2,0.0,0.0,-0.0
1543,Li-Ion,0.0,0.0,-0.0
1543,CAES,0.0,0.0,-0.0
1543,PHS,0.0,0.0,-0.0
1543,H2,0.0,0.0,-0.0
1544,Li-Ion,0.0,0.0,-0.0
1544,CAES,0.0,0.0,-0.0
1544,PHS,0.0,0.0,-0.0
1544,H2,0.0,0.0,-0.0
1545,Li-Ion,0.0,0.0,-0.0
1545,CAES,0.0,0.0,-0.0
1545,PHS,0.0,0.0,-0.0
1545,H2,0.0,0.0,-0.0
1546,Li-Ion,0.0,0.0,-0.0
1546,CAES,0.0,0.0,-0.0
1546,PHS,0.0,0.0,-0.0
1546,H2,0.0,0.0,-0.0
1547,Li-Ion,0.0,0.0,-0.0
1547,CAES,0.0,0.0,-0.0
1547,PHS,0.0,0.0,-0.0
1547,H2,0.0,0.0,-0.0
1548,Li-Ion,0.0,0.0,-0.0
1548,CAES,0.0,0.0,-0.0
1548,PHS,0.0,0.0,-0.0
1548,H2,0.0,0.0,-0.0
1549,Li-Ion,0.0,0.0,-0.0
1549,CAES,0.0,0.0,-0.0
1549,PHS,0.0,0.0,-0.0
1549,H2,0.0,0.0,-0.0
1550,Li-Ion,0.0,0.0,-0.0
1550,CAES,0.0,0.0,-0.0
1550,PHS,0.0,0.0,-0.0
1550,H2,0.0,0.0,-0.0
1551,Li-Ion,0.0,0.0,-0.0
1551,CAES,0.0,0.0,-0.0
1551,PHS,0.0,0.0,-0.0
1551,H2,0.0,0.0,-0.0
1552,Li-Ion,0.0,0.0,-0.0
1552,CAES,0.0,0.0,-0.0
1552,PHS,0.0,0.0,-0.0
1552,H2,0.0,0.0,-0.0
1553,Li-Ion,0.0,0.0,-0.0
1553,CAES,0.0,0.0,-0.0
1553,PHS,0.0,0.0,-0.0
1553,H2,0.0,0.0,-0.0
1554,Li-Ion,0.0,0.0,-0.0
1554,CAES,0.0,0.0,-0.0
1554,PHS,0.0,0.0,-0.0
1554,H2,0.0,0.0,-0.0
1555,Li-Ion,0.0,0.0,-0.0
1555,CAES,0.0,0.0,-0.0
1555,PHS,0.0,0.0,-0.0
1555,H2,0.0,0.0,-0.0
1556,Li-Ion,0.0,0.0,-0.0
1556,CAES,0.0,0.0,-0.0
1556,PHS,0.0,0.0,-0.0
1556,H2,0.0,0.0,-0.0
1557,Li-Ion,0.0,0.0,-0.0
1557,CAES,0.0,0.0,-0.0
1557,PHS,0.0,0.0,-0.0
1557,H2,0.0,0.0,-0.0
1558,Li-Ion,0.0,0.0,-0.0
1558,CAES,0.0,0.0,-0.0
1558,PHS,0.0,0.0,-0.0
1558,H2,0.0,0.0,-0.0
1559,Li-Ion,0.0,0.0,-0.0
1559,CAES,0.0,0.0,-0.0
1559,PHS,0.0,0.0,-0.0
1559,H2,0.0,0.0,-0.0
1560,Li-Ion,0.0,0.0,-0.0
1560,CAES,0.0,0.0,-0.0
1560,PHS,0.0,0.0,-0.0
1560,H2,0.0,0.0,-0.0
1561,Li-Ion,0.0,0.0,-0.0
1561,CAES,0.0,0.0,-0.0
1561,PHS,0.0,0.0,-0.0
1561,H2,0.0,0.0,-0.0
1562,Li-Ion,0.0,0.0,-0.0
1562,CAES,0.0,0.0,-0.0
1562,PHS,0.0,0.0,-0.0
1562,H2,0.0,0.0,-0.0
1563,Li-Ion,0.0,0.0,-0.0
1563,CAES,0.0,0.0,-0.0
1563,PHS,0.0,0.0,-0.0
1563,H2,0.0,0.0,-0.0
1564,Li-Ion,0.0,0.0,-0.0
1564,CAES,0.0,0.0,-0.0
1564,PHS,0.0,0.0,-0.0
1564,H2,0.0,0.0,-0.0
1565,Li-Ion,0.0,0.0,-0.0
1565,CAES,0.0,0.0,-0.0
1565,PHS,0.0,0.0,-0.0
1565,H2,0.0,0.0,-0.0
1566,Li-Ion,0.0,0.0,-0.0
1566,CAES,0.0,0.0,-0.0
1566,PHS,0.0,0.0,-0.0
1566,H2,0.0,0.0,-0.0
1567,Li-Ion,0.0,0.0,-0.0
1567,CAES,0.0,0.0,-0.0
1567,PHS,0.0,0.0,-0.0
1567,H2,0.0,0.0,-0.0
1568,Li-Ion,0.0,0.0,-0.0
1568,CAES,0.0,0.0,-0.0
1568,PHS,0.0,0.0,-0.0
1568,H2,0.0,0.0,-0.0
1569,Li-Ion,0.0,0.0,-0.0
1569,CAES,0.0,0.0,-0.0
1569,PHS,0.0,0.0,-0.0
1569,H2,0.0,0.0,-0.0
1570,Li-Ion,0.0,0.0,-0.0
1570,CAES,0.0,0.0,-0.0
1570,PHS,0.0,0.0,-0.0
1570,H2,0.0,0.0,-0.0
1571,Li-Ion,0.0,0.0,-0.0
1571,CAES,0.0,0.0,-0.0
1571,PHS,0.0,0.0,-0.0
1571,H2,0.0,0.0,-0.0
1572,Li-Ion,0.0,0.0,-0.0
1572,CAES,0.0,0.0,-0.0
1572,PHS,0.0,0.0,-0.0
1572,H2,0.0,0.0,-0.0
1573,Li-Ion,0.0,0.0,-0.0
1573,CAES,0.0,0.0,-0.0
1573,PHS,0.0,0.0,-0.0
1573,H2,0.0,0.0,-0.0
1574,Li-Ion,0.0,0.0,-0.0
1574,CAES,0.0,0.0,-0.0
1574,PHS,0.0,0.0,-0.0
1574,H2,0.0,0.0,-0.0
1575,Li-Ion,0.0,0.0,-0.0
1575,CAES,0.0,0.0,-0.0
1575,PHS,0.0,0.0,-0.0
1575,H2,0.0,0.0,-0.0
1576,Li-Ion,0.0,0.0,-0.0
1576,CAES,0.0,0.0,-0.0
1576,PHS,0.0,0.0,-0.0
1576,H2,0.0,0.0,-0.0
1577,Li-Ion,0.0,0.0,-0.0
1577,CAES,0.0,0.0,-0.0
1577,PHS,0.0,0.0,-0.0
1577,H2,0.0,0.0,-0.0
1578,Li-Ion,0.0,0.0,-0.0
1578,CAES,0.0,0.0,-0.0
1578,PHS,0.0,0.0,-0.0
1578,H2,0.0,0.0,-0.0
1579,Li-Ion,0.0,0.0,-0.0
1579,CAES,0.0,0.0,-0.0
1579,PHS,0.0,0.0,-0.0
1579,H2,0.0,0.0,-0.0
1580,Li-Ion,0.0,0.0,-0.0
1580,CAES,0.0,0.0,-0.0
1580,PHS,0.0,0.0,-0.0
1580,H2,0.0,0.0,-0.0
1581,Li-Ion,0.0,0.0,-0.0
1581,CAES,0.0,0.0,-0.0
1581,PHS,0.0,0.0,-0.0
1581,H2,0.0,0.0,-0.0
1582,Li-Ion,0.0,0.0,-0.0
1582,CAES,0.0,0.0,-0.0
1582,PHS,0.0,0.0,-0.0
1582,H2,0.0,0.0,-0.0
1583,Li-Ion,0.0,0.0,-0.0
1583,CAES,0.0,0.0,-0.0
1583,PHS,0.0,0.0,-0.0
1583,H2,0.0,0.0,-0.0
1584,Li-Ion,0.0,0.0,-0.0
1584,CAES,0.0,0.0,-0.0
1584,PHS,0.0,0.0,-0.0
1584,H2,0.0,0.0,-0.0
1585,Li-Ion,0.0,0.0,-0.0
1585,CAES,0.0,0.0,-0.0
1585,PHS,0.0,0.0,-0.0
1585,H2,0.0,0.0,-0.0
1586,Li-Ion,0.0,0.0,-0.0
1586,CAES,0.0,0.0,-0.0
1586,PHS,0.0,0.0,-0.0
1586,H2,0.0,0.0,-0.0
1587,Li-Ion,0.0,0.0,-0.0
1587,CAES,0.0,0.0,-0.0
1587,PHS,0.0,0.0,-0.0
1587,H2,0.0,0.0,-0.0
1588,Li-Ion,0.0,0.0,-0.0
1588,CAES,0.0,0.0,-0.0
1588,PHS,0.0,0.0,-0.0
1588,H2,0.0,0.0,-0.0
1589,Li-Ion,0.0,0.0,-0.0
1589,CAES,0.0,0.0,-0.0
1589,PHS,0.0,0.0,-0.0
1589,H2,0.0,0.0,-0.0
1590,Li-Ion,0.0,0.0,-0.0
1590,CAES,0.0,0.0,-0.0
1590,PHS,0.0,0.0,-0.0
1590,H2,0.0,0.0,-0.0
1591,Li-Ion,0.0,0.0,-0.0
1591,CAES,0.0,0.0,-0.0
1591,PHS,0.0,0.0,-0.0
1591,H2,0.0,0.0,-0.0
1592,Li-Ion,0.0,0.0,-0.0
1592,CAES,0.0,0.0,-0.0
1592,PHS,0.0,0.0,-0.0
1592,H2,0.0,0.0,-0.0
1593,Li-Ion,0.0,0.0,-0.0
1593,CAES,0.0,0.0,-0.0
1593,PHS,0.0,0.0,-0.0
1593,H2,0.0,0.0,-0.0
1594,Li-Ion,0.0,0.0,-0.0
1594,CAES,0.0,0.0,-0.0
1594,PHS,0.0,0.0,-0.0
1594,H2,0.0,0.0,-0.0
1595,Li-Ion,0.0,0.0,-0.0
1595,CAES,0.0,0.0,-0.0
1595,PHS,0.0,0.0,-0.0
1595,H2,0.0,0.0,-0.0
1596,Li-Ion,0.0,0.0,-0.0
1596,CAES,0.0,0.0,-0.0
1596,PHS,0.0,0.0,-0.0
1596,H2,0.0,0.0,-0.0
1597,Li-Ion,0.0,0.0,-0.0
1597,CAES,0.0,0.0,-0.0
1597,PHS,0.0,0.0,-0.0
1597,H2,0.0,0.0,-0.0
1598,Li-Ion,0.0,0.0,-0.0
1598,CAES,0.0,0.0,-0.0
1598,PHS,0.0,0.0,-0.0
1598,H2,0.0,0.0,-0.0
1599,Li-Ion,0.0,0.0,-0.0
1599,CAES,0.0,0.0,-0.0
1599,PHS,0.0,0.0,-0.0
1599,H2,0.0,0.0,-0.0
1600,Li-Ion,0.0,0.0,-0.0
1600,CAES,0.0,0.0,-0.0
1600,PHS,0.0,0.0,-0.0
1600,H2,0.0,0.0,-0.0
1601,Li-Ion,0.0,0.0,-0.0
1601,CAES,0.0,0.0,-0.0
1601,PHS,0.0,0.0,-0.0
1601,H2,0.0,0.0,-0.0
1602,Li-Ion,0.0,0.0,-0.0
1602,CAES,0.0,0.0,-0.0
1602,PHS,0.0,0.0,-0.0
1602,H2,0.0,0.0,-0.0
1603,Li-Ion,0.0,0.0,-0.0
1603,CAES,0.0,0.0,-0.0
1603,PHS,0.0,0.0,-0.0
1603,H2,0.0,0.0,-0.0
1604,Li-Ion,0.0,0.0,-0.0
1604,CAES,0.0,0.0,-0.0
1604,PHS,0.0,0.0,-0.0
1604,H2,0.0,0.0,-0.0
1605,Li-Ion,0.0,0.0,-0.0
1605,CAES,0.0,0.0,-0.0
1605,PHS,0.0,0.0,-0.0
1605,H2,0.0,0.0,-0.0
1606,Li-Ion,0.0,0.0,-0.0
1606,CAES,0.0,0.0,-0.0
1606,PHS,0.0,0.0,-0.0
1606,H2,0.0,0.0,-0.0
1607,Li-Ion,0.0,0.0,-0.0
1607,CAES,0.0,0.0,-0.0
1607,PHS,0.0,0.0,-0.0
1607,H2,0.0,0.0,-0.0
1608,Li-Ion,0.0,0.0,-0.0
1608,CAES,0.0,0.0,-0.0
1608,PHS,0.0,0.0,-0.0
1608,H2,0.0,0.0,-0.0
1609,Li-Ion,0.0,0.0,-0.0
1609,CAES,0.0,0.0,-0.0
1609,PHS,0.0,0.0,-0.0
1609,H2,0.0,0.0,-0.0
1610,Li-Ion,0.0,0.0,-0.0
1610,CAES,0.0,0.0,-0.0
1610,PHS,0.0,0.0,-0.0
1610,H2,0.0,0.0,-0.0
1611,Li-Ion,0.0,0.0,-0.0
1611,CAES,0.0,0.0,-0.0
1611,PHS,0.0,0.0,-0.0
1611,H2,0.0,0.0,-0.0
1612,Li-Ion,0.0,0.0,-0.0
1612,CAES,0.0,0.0,-0.0
1612,PHS,0.0,0.0,-0.0
1612,H2,0.0,0.0,-0.0
1613,Li-Ion,0.0,0.0,-0.0
1613,CAES,0.0,0.0,-0.0
1613,PHS,0.0,0.0,-0.0
1613,H2,0.0,0.0,-0.0
1614,Li-Ion,0.0,0.0,-0.0
1614,CAES,0.0,0.0,-0.0
1614,PHS,0.0,0.0,-0.0
1614,H2,0.0,0.0,-0.0
1615,Li-Ion,0.0,0.0,-0.0
1615,CAES,0.0,0.0,-0.0
1615,PHS,0.0,0.0,-0.0
1615,H2,0.0,0.0,-0.0
1616,Li-Ion,0.0,0.0,-0.0
1616,CAES,0.0,0.0,-0.0
1616,PHS,0.0,0.0,-0.0
1616,H2,0.0,0.0,-0.0
1617,Li-Ion,0.0,0.0,-0.0
1617,CAES,0.0,0.0,-0.0
1617,PHS,0.0,0.0,-0.0
1617,H2,0.0,0.0,-0.0
1618,Li-Ion,0.0,0.0,-0.0
1618,CAES,0.0,0.0,-0.0
1618,PHS,0.0,0.0,-0.0
1618,H2,0.0,0.0,-0.0
1619,Li-Ion,0.0,0.0,-0.0
1619,CAES,0.0,0.0,-0.0
1619,PHS,0.0,0.0,-0.0
1619,H2,0.0,0.0,-0.0
1620,Li-Ion,0.0,0.0,-0.0
1620,CAES,0.0,0.0,-0.0
1620,PHS,0.0,0.0,-0.0
1620,H2,0.0,0.0,-0.0
1621,Li-Ion,0.0,0.0,-0.0
1621,CAES,0.0,0.0,-0.0
1621,PHS,0.0,0.0,-0.0
1621,H2,0.0,0.0,-0.0
1622,Li-Ion,0.0,0.0,-0.0
1622,CAES,0.0,0.0,-0.0
1622,PHS,0.0,0.0,-0.0
1622,H2,0.0,0.0,-0.0
1623,Li-Ion,0.0,0.0,-0.0
1623,CAES,0.0,0.0,-0.0
1623,PHS,0.0,0.0,-0.0
1623,H2,0.0,0.0,-0.0
1624,Li-Ion,0.0,0.0,-0.0
1624,CAES,0.0,0.0,-0.0
1624,PHS,0.0,0.0,-0.0
1624,H2,0.0,0.0,-0.0
1625,Li-Ion,0.0,0.0,-0.0
1625,CAES,0.0,0.0,-0.0
1625,PHS,0.0,0.0,-0.0
1625,H2,0.0,0.0,-0.0
1626,Li-Ion,0.0,0.0,-0.0
1626,CAES,0.0,0.0,-0.0
1626,PHS,0.0,0.0,-0.0
1626,H2,0.0,0.0,-0.0
1627,Li-Ion,0.0,0.0,-0.0
1627,CAES,0.0,0.0,-0.0
1627,PHS,0.0,0.0,-0.0
1627,H2,0.0,0.0,-0.0
1628,Li-Ion,0.0,0.0,-0.0
1628,CAES,0.0,0.0,-0.0
1628,PHS,0.0,0.0,-0.0
1628,H2,0.0,0.0,-0.0
1629,Li-Ion,0.0,0.0,-0.0
1629,CAES,0.0,0.0,-0.0
1629,PHS,0.0,0.0,-0.0
1629,H2,0.0,0.0,-0.0
1630,Li-Ion,0.0,0.0,-0.0
1630,CAES,0.0,0.0,-0.0
1630,PHS,0.0,0.0,-0.0
1630,H2,0.0,0.0,-0.0
1631,Li-Ion,0.0,0.0,-0.0
1631,CAES,0.0,0.0,-0.0
1631,PHS,0.0,0.0,-0.0
1631,H2,0.0,0.0,-0.0
1632,Li-Ion,0.0,0.0,-0.0
1632,CAES,0.0,0.0,-0.0
1632,PHS,0.0,0.0,-0.0
1632,H2,0.0,0.0,-0.0
1633,Li-Ion,0.0,0.0,-0.0
1633,CAES,0.0,0.0,-0.0
1633,PHS,0.0,0.0,-0.0
1633,H2,0.0,0.0,-0.0
1634,Li-Ion,0.0,0.0,-0.0
1634,CAES,0.0,0.0,-0.0
1634,PHS,0.0,0.0,-0.0
1634,H2,0.0,0.0,-0.0
1635,Li-Ion,0.0,0.0,-0.0
1635,CAES,0.0,0.0,-0.0
1635,PHS,0.0,0.0,-0.0
1635,H2,0.0,0.0,-0.0
1636,Li-Ion,0.0,0.0,-0.0
1636,CAES,0.0,0.0,-0.0
1636,PHS,0.0,0.0,-0.0
1636,H2,0.0,0.0,-0.0
1637,Li-Ion,0.0,0.0,-0.0
1637,CAES,0.0,0.0,-0.0
1637,PHS,0.0,0.0,-0.0
1637,H2,0.0,0.0,-0.0
1638,Li-Ion,0.0,0.0,-0.0
1638,CAES,0.0,0.0,-0.0
1638,PHS,0.0,0.0,-0.0
1638,H2,0.0,0.0,-0.0
1639,Li-Ion,0.0,0.0,-0.0
1639,CAES,0.0,0.0,-0.0
1639,PHS,0.0,0.0,-0.0
1639,H2,0.0,0.0,-0.0
1640,Li-Ion,0.0,0.0,-0.0
1640,CAES,0.0,0.0,-0.0
1640,PHS,0.0,0.0,-0.0
1640,H2,0.0,0.0,-0.0
1641,Li-Ion,0.0,0.0,-0.0
1641,CAES,0.0,0.0,-0.0
1641,PHS,0.0,0.0,-0.0
1641,H2,0.0,0.0,-0.0
1642,Li-Ion,0.0,0.0,-0.0
1642,CAES,0.0,0.0,-0.0
1642,PHS,0.0,0.0,-0.0
1642,H2,0.0,0.0,-0.0
1643,Li-Ion,0.0,0.0,-0.0
1643,CAES,0.0,0.0,-0.0
1643,PHS,0.0,0.0,-0.0
1643,H2,0.0,0.0,-0.0
1644,Li-Ion,0.0,0.0,-0.0
1644,CAES,0.0,0.0,-0.0
1644,PHS,0.0,0.0,-0.0
1644,H2,0.0,0.0,-0.0
1645,Li-Ion,0.0,0.0,-0.0
1645,CAES,0.0,0.0,-0.0
1645,PHS,0.0,0.0,-0.0
1645,H2,0.0,0.0,-0.0
1646,Li-Ion,0.0,0.0,-0.0
1646,CAES,0.0,0.0,-0.0
1646,PHS,0.0,0.0,-0.0
1646,H2,0.0,0.0,-0.0
1647,Li-Ion,0.0,0.0,-0.0
1647,CAES,0.0,0.0,-0.0
1647,PHS,0.0,0.0,-0.0
1647,H2,0.0,0.0,-0.0
1648,Li-Ion,0.0,0.0,-0.0
1648,CAES,0.0,0.0,-0.0
1648,PHS,0.0,0.0,-0.0
1648,H2,0.0,0.0,-0.0
1649,Li-Ion,0.0,0.0,-0.0
1649,CAES,0.0,0.0,-0.0
1649,PHS,0.0,0.0,-0.0
1649,H2,0.0,0.0,-0.0
1650,Li-Ion,0.0,0.0,-0.0
1650,CAES,0.0,0.0,-0.0
1650,PHS,0.0,0.0,-0.0
1650,H2,0.0,0.0,-0.0
1651,Li-Ion,0.0,0.0,-0.0
1651,CAES,0.0,0.0,-0.0
1651,PHS,0.0,0.0,-0.0
1651,H2,0.0,0.0,-0.0
1652,Li-Ion,0.0,0.0,-0.0
1652,CAES,0.0,0.0,-0.0
1652,PHS,0.0,0.0,-0.0
1652,H2,0.0,0.0,-0.0
1653,Li-Ion,0.0,0.0,-0.0
1653,CAES,0.0,0.0,-0.0
1653,PHS,0.0,0.0,-0.0
1653,H2,0.0,0.0,-0.0
1654,Li-Ion,0.0,0.0,-0.0
1654,CAES,0.0,0.0,-0.0
1654,PHS,0.0,0.0,-0.0
1654,H2,0.0,0.0,-0.0
1655,Li-Ion,0.0,0.0,-0.0
1655,CAES,0.0,0.0,-0.0
1655,PHS,0.0,0.0,-0.0
1655,H2,0.0,0.0,-0.0
1656,Li-Ion,0.0,0.0,-0.0
1656,CAES,0.0,0.0,-0.0
1656,PHS,0.0,0.0,-0.0
1656,H2,0.0,0.0,-0.0
1657,Li-Ion,0.0,0.0,-0.0
1657,CAES,0.0,0.0,-0.0
1657,PHS,0.0,0.0,-0.0
1657,H2,0.0,0.0,-0.0
1658,Li-Ion,0.0,0.0,-0.0
1658,CAES,0.0,0.0,-0.0
1658,PHS,0.0,0.0,-0.0
1658,H2,0.0,0.0,-0.0
1659,Li-Ion,0.0,0.0,-0.0
1659,CAES,0.0,0.0,-0.0
1659,PHS,0.0,0.0,-0.0
1659,H2,0.0,0.0,-0.0
1660,Li-Ion,0.0,0.0,-0.0
1660,CAES,0.0,0.0,-0.0
1660,PHS,0.0,0.0,-0.0
1660,H2,0.0,0.0,-0.0
1661,Li-Ion,0.0,0.0,-0.0
1661,CAES,0.0,0.0,-0.0
1661,PHS,0.0,0.0,-0.0
1661,H2,0.0,0.0,-0.0
1662,Li-Ion,0.0,0.0,-0.0
1662,CAES,0.0,0.0,-0.0
1662,PHS,0.0,0.0,-0.0
1662,H2,0.0,0.0,-0.0
1663,Li-Ion,0.0,0.0,-0.0
1663,CAES,0.0,0.0,-0.0
1663,PHS,0.0,0.0,-0.0
1663,H2,0.0,0.0,-0.0
1664,Li-Ion,0.0,0.0,-0.0
1664,CAES,0.0,0.0,-0.0
1664,PHS,0.0,0.0,-0.0
1664,H2,0.0,0.0,-0.0
1665,Li-Ion,0.0,0.0,-0.0
1665,CAES,0.0,0.0,-0.0
1665,PHS,0.0,0.0,-0.0
1665,H2,0.0,0.0,-0.0
1666,Li-Ion,0.0,0.0,-0.0
1666,CAES,0.0,0.0,-0.0
1666,PHS,0.0,0.0,-0.0
1666,H2,0.0,0.0,-0.0
1667,Li-Ion,0.0,0.0,-0.0
1667,CAES,0.0,0.0,-0.0
1667,PHS,0.0,0.0,-0.0
1667,H2,0.0,0.0,-0.0
1668,Li-Ion,0.0,0.0,-0.0
1668,CAES,0.0,0.0,-0.0
1668,PHS,0.0,0.0,-0.0
1668,H2,0.0,0.0,-0.0
1669,Li-Ion,0.0,0.0,-0.0
1669,CAES,0.0,0.0,-0.0
1669,PHS,0.0,0.0,-0.0
1669,H2,0.0,0.0,-0.0
1670,Li-Ion,0.0,0.0,-0.0
1670,CAES,0.0,0.0,-0.0
1670,PHS,0.0,0.0,-0.0
1670,H2,0.0,0.0,-0.0
1671,Li-Ion,0.0,0.0,-0.0
1671,CAES,0.0,0.0,-0.0
1671,PHS,0.0,0.0,-0.0
1671,H2,0.0,0.0,-0.0
1672,Li-Ion,0.0,0.0,-0.0
1672,CAES,0.0,0.0,-0.0
1672,PHS,0.0,0.0,-0.0
1672,H2,0.0,0.0,-0.0
1673,Li-Ion,0.0,0.0,-0.0
1673,CAES,0.0,0.0,-0.0
1673,PHS,0.0,0.0,-0.0
1673,H2,0.0,0.0,-0.0
1674,Li-Ion,0.0,0.0,-0.0
1674,CAES,0.0,0.0,-0.0
1674,PHS,0.0,0.0,-0.0
1674,H2,0.0,0.0,-0.0
1675,Li-Ion,0.0,0.0,-0.0
1675,CAES,0.0,0.0,-0.0
1675,PHS,0.0,0.0,-0.0
1675,H2,0.0,0.0,-0.0
1676,Li-Ion,0.0,0.0,-0.0
1676,CAES,0.0,0.0,-0.0
1676,PHS,0.0,0.0,-0.0
1676,H2,0.0,0.0,-0.0
1677,Li-Ion,0.0,0.0,-0.0
1677,CAES,0.0,0.0,-0.0
1677,PHS,0.0,0.0,-0.0
1677,H2,0.0,0.0,-0.0
1678,Li-Ion,0.0,0.0,-0.0
1678,CAES,0.0,0.0,-0.0
1678,PHS,0.0,0.0,-0.0
1678,H2,0.0,0.0,-0.0
1679,Li-Ion,0.0,0.0,-0.0
1679,CAES,0.0,0.0,-0.0
1679,PHS,0.0,0.0,-0.0
1679,H2,0.0,0.0,-0.0
1680,Li-Ion,0.0,0.0,-0.0
1680,CAES,0.0,0.0,-0.0
1680,PHS,0.0,0.0,-0.0
1680,H2,0.0,0.0,-0.0
1681,Li-Ion,0.0,0.0,-0.0
1681,CAES,0.0,0.0,-0.0
1681,PHS,0.0,0.0,-0.0
1681,H2,0.0,0.0,-0.0
1682,Li-Ion,0.0,0.0,-0.0
1682,CAES,0.0,0.0,-0.0
1682,PHS,0.0,0.0,-0.0
1682,H2,0.0,0.0,-0.0
1683,Li-Ion,0.0,0.0,-0.0
1683,CAES,0.0,0.0,-0.0
1683,PHS,0.0,0.0,-0.0
1683,H2,0.0,0.0,-0.0
1684,Li-Ion,0.0,0.0,-0.0
1684,CAES,0.0,0.0,-0.0
1684,PHS,0.0,0.0,-0.0
1684,H2,0.0,0.0,-0.0
1685,Li-Ion,0.0,0.0,-0.0
1685,CAES,0.0,0.0,-0.0
1685,PHS,0.0,0.0,-0.0
1685,H2,0.0,0.0,-0.0
1686,Li-Ion,0.0,0.0,-0.0
1686,CAES,0.0,0.0,-0.0
1686,PHS,0.0,0.0,-0.0
1686,H2,0.0,0.0,-0.0
1687,Li-Ion,0.0,0.0,-0.0
1687,CAES,0.0,0.0,-0.0
1687,PHS,0.0,0.0,-0.0
1687,H2,0.0,0.0,-0.0
1688,Li-Ion,0.0,0.0,-0.0
1688,CAES,0.0,0.0,-0.0
1688,PHS,0.0,0.0,-0.0
1688,H2,0.0,0.0,-0.0
1689,Li-Ion,0.0,0.0,-0.0
1689,CAES,0.0,0.0,-0.0
1689,PHS,0.0,0.0,-0.0
1689,H2,0.0,0.0,-0.0
1690,Li-Ion,0.0,0.0,-0.0
1690,CAES,0.0,0.0,-0.0
1690,PHS,0.0,0.0,-0.0
1690,H2,0.0,0.0,-0.0
1691,Li-Ion,0.0,0.0,-0.0
1691,CAES,0.0,0.0,-0.0
1691,PHS,0.0,0.0,-0.0
1691,H2,0.0,0.0,-0.0
1692,Li-Ion,0.0,0.0,-0.0
1692,CAES,0.0,0.0,-0.0
1692,PHS,0.0,0.0,-0.0
1692,H2,0.0,0.0,-0.0
1693,Li-Ion,0.0,0.0,-0.0
1693,CAES,0.0,0.0,-0.0
1693,PHS,0.0,0.0,-0.0
1693,H2,0.0,0.0,-0.0
1694,Li-Ion,0.0,0.0,-0.0
1694,CAES,0.0,0.0,-0.0
1694,PHS,0.0,0.0,-0.0
1694,H2,0.0,0.0,-0.0
1695,Li-Ion,0.0,0.0,-0.0
1695,CAES,0.0,0.0,-0.0
1695,PHS,0.0,0.0,-0.0
1695,H2,0.0,0.0,-0.0
1696,Li-Ion,0.0,0.0,-0.0
1696,CAES,0.0,0.0,-0.0
1696,PHS,0.0,0.0,-0.0
1696,H2,0.0,0.0,-0.0
1697,Li-Ion,0.0,0.0,-0.0
1697,CAES,0.0,0.0,-0.0
1697,PHS,0.0,0.0,-0.0
1697,H2,0.0,0.0,-0.0
1698,Li-Ion,0.0,0.0,-0.0
1698,CAES,0.0,0.0,-0.0
1698,PHS,0.0,0.0,-0.0
1698,H2,0.0,0.0,-0.0
1699,Li-Ion,0.0,0.0,-0.0
1699,CAES,0.0,0.0,-0.0
1699,PHS,0.0,0.0,-0.0
1699,H2,0.0,0.0,-0.0
1700,Li-Ion,0.0,0.0,-0.0
1700,CAES,0.0,0.0,-0.0
1700,PHS,0.0,0.0,-0.0
1700,H2,0.0,0.0,-0.0
1701,Li-Ion,0.0,0.0,-0.0
1701,CAES,0.0,0.0,-0.0
1701,PHS,0.0,0.0,-0.0
1701,H2,0.0,0.0,-0.0
1702,Li-Ion,0.0,0.0,-0.0
1702,CAES,0.0,0.0,-0.0
1702,PHS,0.0,0.0,-0.0
1702,H2,0.0,0.0,-0.0
1703,Li-Ion,0.0,0.0,-0.0
1703,CAES,0.0,0.0,-0.0
1703,PHS,0.0,0.0,-0.0
1703,H2,0.0,0.0,-0.0
1704,Li-Ion,0.0,0.0,-0.0
1704,CAES,0.0,0.0,-0.0
1704,PHS,0.0,0.0,-0.0
1704,H2,0.0,0.0,-0.0
1705,Li-Ion,0.0,0.0,-0.0
1705,CAES,0.0,0.0,-0.0
1705,PHS,0.0,0.0,-0.0
1705,H2,0.0,0.0,-0.0
1706,Li-Ion,0.0,0.0,-0.0
1706,CAES,0.0,0.0,-0.0
1706,PHS,0.0,0.0,-0.0
1706,H2,0.0,0.0,-0.0
1707,Li-Ion,0.0,0.0,-0.0
1707,CAES,0.0,0.0,-0.0
1707,PHS,0.0,0.0,-0.0
1707,H2,0.0,0.0,-0.0
1708,Li-Ion,0.0,0.0,-0.0
1708,CAES,0.0,0.0,-0.0
1708,PHS,0.0,0.0,-0.0
1708,H2,0.0,0.0,-0.0
1709,Li-Ion,0.0,0.0,-0.0
1709,CAES,0.0,0.0,-0.0
1709,PHS,0.0,0.0,-0.0
1709,H2,0.0,0.0,-0.0
1710,Li-Ion,0.0,0.0,-0.0
1710,CAES,0.0,0.0,-0.0
1710,PHS,0.0,0.0,-0.0
1710,H2,0.0,0.0,-0.0
1711,Li-Ion,0.0,0.0,-0.0
1711,CAES,0.0,0.0,-0.0
1711,PHS,0.0,0.0,-0.0
1711,H2,0.0,0.0,-0.0
1712,Li-Ion,0.0,0.0,-0.0
1712,CAES,0.0,0.0,-0.0
1712,PHS,0.0,0.0,-0.0
1712,H2,0.0,0.0,-0.0
1713,Li-Ion,0.0,0.0,-0.0
1713,CAES,0.0,0.0,-0.0
1713,PHS,0.0,0.0,-0.0
1713,H2,0.0,0.0,-0.0
1714,Li-Ion,0.0,0.0,-0.0
1714,CAES,0.0,0.0,-0.0
1714,PHS,0.0,0.0,-0.0
1714,H2,0.0,0.0,-0.0
1715,Li-Ion,0.0,0.0,-0.0
1715,CAES,0.0,0.0,-0.0
1715,PHS,0.0,0.0,-0.0
1715,H2,0.0,0.0,-0.0
1716,Li-Ion,0.0,0.0,-0.0
1716,CAES,0.0,0.0,-0.0
1716,PHS,0.0,0.0,-0.0
1716,H2,0.0,0.0,-0.0
1717,Li-Ion,0.0,0.0,-0.0
1717,CAES,0.0,0.0,-0.0
1717,PHS,0.0,0.0,-0.0
1717,H2,0.0,0.0,-0.0
1718,Li-Ion,0.0,0.0,-0.0
1718,CAES,0.0,0.0,-0.0
1718,PHS,0.0,0.0,-0.0
1718,H2,0.0,0.0,-0.0
1719,Li-Ion,0.0,0.0,-0.0
1719,CAES,0.0,0.0,-0.0
1719,PHS,0.0,0.0,-0.0
1719,H2,0.0,0.0,-0.0
1720,Li-Ion,0.0,0.0,-0.0
1720,CAES,0.0,0.0,-0.0
1720,PHS,0.0,0.0,-0.0
1720,H2,0.0,0.0,-0.0
1721,Li-Ion,0.0,0.0,-0.0
1721,CAES,0.0,0.0,-0.0
1721,PHS,0.0,0.0,-0.0
1721,H2,0.0,0.0,-0.0
1722,Li-Ion,0.0,0.0,-0.0
1722,CAES,0.0,0.0,-0.0
1722,PHS,0.0,0.0,-0.0
1722,H2,0.0,0.0,-0.0
1723,Li-Ion,0.0,0.0,-0.0
1723,CAES,0.0,0.0,-0.0
1723,PHS,0.0,0.0,-0.0
1723,H2,0.0,0.0,-0.0
1724,Li-Ion,0.0,0.0,-0.0
1724,CAES,0.0,0.0,-0.0
1724,PHS,0.0,0.0,-0.0
1724,H2,0.0,0.0,-0.0
1725,Li-Ion,0.0,0.0,-0.0
1725,CAES,0.0,0.0,-0.0
1725,PHS,0.0,0.0,-0.0
1725,H2,0.0,0.0,-0.0
1726,Li-Ion,0.0,0.0,-0.0
1726,CAES,0.0,0.0,-0.0
1726,PHS,0.0,0.0,-0.0
1726,H2,0.0,0.0,-0.0
1727,Li-Ion,0.0,0.0,-0.0
1727,CAES,0.0,0.0,-0.0
1727,PHS,0.0,0.0,-0.0
1727,H2,0.0,0.0,-0.0
1728,Li-Ion,0.0,0.0,-0.0
1728,CAES,0.0,0.0,-0.0
1728,PHS,0.0,0.0,-0.0
1728,H2,0.0,0.0,-0.0
1729,Li-Ion,0.0,0.0,-0.0
1729,CAES,0.0,0.0,-0.0
1729,PHS,0.0,0.0,-0.0
1729,H2,0.0,0.0,-0.0
1730,Li-Ion,0.0,0.0,-0.0
1730,CAES,0.0,0.0,-0.0
1730,PHS,0.0,0.0,-0.0
1730,H2,0.0,0.0,-0.0
1731,Li-Ion,0.0,0.0,-0.0
1731,CAES,0.0,0.0,-0.0
1731,PHS,0.0,0.0,-0.0
1731,H2,0.0,0.0,-0.0
1732,Li-Ion,0.0,0.0,-0.0
1732,CAES,0.0,0.0,-0.0
1732,PHS,0.0,0.0,-0.0
1732,H2,0.0,0.0,-0.0
1733,Li-Ion,0.0,0.0,-0.0
1733,CAES,0.0,0.0,-0.0
1733,PHS,0.0,0.0,-0.0
1733,H2,0.0,0.0,-0.0
1734,Li-Ion,0.0,0.0,-0.0
1734,CAES,0.0,0.0,-0.0
1734,PHS,0.0,0.0,-0.0
1734,H2,0.0,0.0,-0.0
1735,Li-Ion,0.0,0.0,-0.0
1735,CAES,0.0,0.0,-0.0
1735,PHS,0.0,0.0,-0.0
1735,H2,0.0,0.0,-0.0
1736,Li-Ion,0.0,0.0,-0.0
1736,CAES,0.0,0.0,-0.0
1736,PHS,0.0,0.0,-0.0
1736,H2,0.0,0.0,-0.0
1737,Li-Ion,0.0,0.0,-0.0
1737,CAES,0.0,0.0,-0.0
1737,PHS,0.0,0.0,-0.0
1737,H2,0.0,0.0,-0.0
1738,Li-Ion,0.0,0.0,-0.0
1738,CAES,0.0,0.0,-0.0
1738,PHS,0.0,0.0,-0.0
1738,H2,0.0,0.0,-0.0
1739,Li-Ion,0.0,0.0,-0.0
1739,CAES,0.0,0.0,-0.0
1739,PHS,0.0,0.0,-0.0
1739,H2,0.0,0.0,-0.0
1740,Li-Ion,0.0,0.0,-0.0
1740,CAES,0.0,0.0,-0.0
1740,PHS,0.0,0.0,-0.0
1740,H2,0.0,0.0,-0.0
1741,Li-Ion,0.0,0.0,-0.0
1741,CAES,0.0,0.0,-0.0
1741,PHS,0.0,0.0,-0.0
1741,H2,0.0,0.0,-0.0
1742,Li-Ion,0.0,0.0,-0.0
1742,CAES,0.0,0.0,-0.0
1742,PHS,0.0,0.0,-0.0
1742,H2,0.0,0.0,-0.0
1743,Li-Ion,0.0,0.0,-0.0
1743,CAES,0.0,0.0,-0.0
1743,PHS,0.0,0.0,-0.0
1743,H2,0.0,0.0,-0.0
1744,Li-Ion,0.0,0.0,-0.0
1744,CAES,0.0,0.0,-0.0
1744,PHS,0.0,0.0,-0.0
1744,H2,0.0,0.0,-0.0
1745,Li-Ion,0.0,0.0,-0.0
1745,CAES,0.0,0.0,-0.0
1745,PHS,0.0,0.0,-0.0
1745,H2,0.0,0.0,-0.0
1746,Li-Ion,0.0,0.0,-0.0
1746,CAES,0.0,0.0,-0.0
1746,PHS,0.0,0.0,-0.0
1746,H2,0.0,0.0,-0.0
1747,Li-Ion,0.0,0.0,-0.0
1747,CAES,0.0,0.0,-0.0
1747,PHS,0.0,0.0,-0.0
1747,H2,0.0,0.0,-0.0
1748,Li-Ion,0.0,0.0,-0.0
1748,CAES,0.0,0.0,-0.0
1748,PHS,0.0,0.0,-0.0
1748,H2,0.0,0.0,-0.0
1749,Li-Ion,0.0,0.0,-0.0
1749,CAES,0.0,0.0,-0.0
1749,PHS,0.0,0.0,-0.0
1749,H2,0.0,0.0,-0.0
1750,Li-Ion,0.0,0.0,-0.0
1750,CAES,0.0,0.0,-0.0
1750,PHS,0.0,0.0,-0.0
1750,H2,0.0,0.0,-0.0
1751,Li-Ion,0.0,0.0,-0.0
1751,CAES,0.0,0.0,-0.0
1751,PHS,0.0,0.0,-0.0
1751,H2,0.0,0.0,-0.0
1752,Li-Ion,0.0,0.0,-0.0
1752,CAES,0.0,0.0,-0.0
1752,PHS,0.0,0.0,-0.0
1752,H2,0.0,0.0,-0.0
1753,Li-Ion,0.0,0.0,-0.0
1753,CAES,0.0,0.0,-0.0
1753,PHS,0.0,0.0,-0.0
1753,H2,0.0,0.0,-0.0
1754,Li-Ion,0.0,0.0,-0.0
1754,CAES,0.0,0.0,-0.0
1754,PHS,0.0,0.0,-0.0
1754,H2,0.0,0.0,-0.0
1755,Li-Ion,0.0,0.0,-0.0
1755,CAES,0.0,0.0,-0.0
1755,PHS,0.0,0.0,-0.0
1755,H2,0.0,0.0,-0.0
1756,Li-Ion,0.0,0.0,-0.0
1756,CAES,0.0,0.0,-0.0
1756,PHS,0.0,0.0,-0.0
1756,H2,0.0,0.0,-0.0
1757,Li-Ion,0.0,0.0,-0.0
1757,CAES,0.0,0.0,-0.0
1757,PHS,0.0,0.0,-0.0
1757,H2,0.0,0.0,-0.0
1758,Li-Ion,0.0,0.0,-0.0
1758,CAES,0.0,0.0,-0.0
1758,PHS,0.0,0.0,-0.0
1758,H2,0.0,0.0,-0.0
1759,Li-Ion,0.0,0.0,-0.0
1759,CAES,0.0,0.0,-0.0
1759,PHS,0.0,0.0,-0.0
1759,H2,0.0,0.0,-0.0
1760,Li-Ion,0.0,0.0,-0.0
1760,CAES,0.0,0.0,-0.0
1760,PHS,0.0,0.0,-0.0
1760,H2,0.0,0.0,-0.0
1761,Li-Ion,0.0,0.0,-0.0
1761,CAES,0.0,0.0,-0.0
1761,PHS,0.0,0.0,-0.0
1761,H2,0.0,0.0,-0.0
1762,Li-Ion,0.0,0.0,-0.0
1762,CAES,0.0,0.0,-0.0
1762,PHS,0.0,0.0,-0.0
1762,H2,0.0,0.0,-0.0
1763,Li-Ion,0.0,0.0,-0.0
1763,CAES,0.0,0.0,-0.0
1763,PHS,0.0,0.0,-0.0
1763,H2,0.0,0.0,-0.0
1764,Li-Ion,0.0,0.0,-0.0
1764,CAES,0.0,0.0,-0.0
1764,PHS,0.0,0.0,-0.0
1764,H2,0.0,0.0,-0.0
1765,Li-Ion,0.0,0.0,-0.0
1765,CAES,0.0,0.0,-0.0
1765,PHS,0.0,0.0,-0.0
1765,H2,0.0,0.0,-0.0
1766,Li-Ion,0.0,0.0,-0.0
1766,CAES,0.0,0.0,-0.0
1766,PHS,0.0,0.0,-0.0
1766,H2,0.0,0.0,-0.0
1767,Li-Ion,0.0,0.0,-0.0
1767,CAES,0.0,0.0,-0.0
1767,PHS,0.0,0.0,-0.0
1767,H2,0.0,0.0,-0.0
1768,Li-Ion,0.0,0.0,-0.0
1768,CAES,0.0,0.0,-0.0
1768,PHS,0.0,0.0,-0.0
1768,H2,0.0,0.0,-0.0
1769,Li-Ion,0.0,0.0,-0.0
1769,CAES,0.0,0.0,-0.0
1769,PHS,0.0,0.0,-0.0
1769,H2,0.0,0.0,-0.0
1770,Li-Ion,0.0,0.0,-0.0
1770,CAES,0.0,0.0,-0.0
1770,PHS,0.0,0.0,-0.0
1770,H2,0.0,0.0,-0.0
1771,Li-Ion,0.0,0.0,-0.0
1771,CAES,0.0,0.0,-0.0
1771,PHS,0.0,0.0,-0.0
1771,H2,0.0,0.0,-0.0
1772,Li-Ion,0.0,0.0,-0.0
1772,CAES,0.0,0.0,-0.0
1772,PHS,0.0,0.0,-0.0
1772,H2,0.0,0.0,-0.0
1773,Li-Ion,0.0,0.0,-0.0
1773,CAES,0.0,0.0,-0.0
1773,PHS,0.0,0.0,-0.0
1773,H2,0.0,0.0,-0.0
1774,Li-Ion,0.0,0.0,-0.0
1774,CAES,0.0,0.0,-0.0
1774,PHS,0.0,0.0,-0.0
1774,H2,0.0,0.0,-0.0
1775,Li-Ion,0.0,0.0,-0.0
1775,CAES,0.0,0.0,-0.0
1775,PHS,0.0,0.0,-0.0
1775,H2,0.0,0.0,-0.0
1776,Li-Ion,0.0,0.0,-0.0
1776,CAES,0.0,0.0,-0.0
1776,PHS,0.0,0.0,-0.0
1776,H2,0.0,0.0,-0.0
1777,Li-Ion,0.0,0.0,-0.0
1777,CAES,0.0,0.0,-0.0
1777,PHS,0.0,0.0,-0.0
1777,H2,0.0,0.0,-0.0
1778,Li-Ion,0.0,0.0,-0.0
1778,CAES,0.0,0.0,-0.0
1778,PHS,0.0,0.0,-0.0
1778,H2,0.0,0.0,-0.0
1779,Li-Ion,0.0,0.0,-0.0
1779,CAES,0.0,0.0,-0.0
1779,PHS,0.0,0.0,-0.0
1779,H2,0.0,0.0,-0.0
1780,Li-Ion,0.0,0.0,-0.0
1780,CAES,0.0,0.0,-0.0
1780,PHS,0.0,0.0,-0.0
1780,H2,0.0,0.0,-0.0
1781,Li-Ion,0.0,0.0,-0.0
1781,CAES,0.0,0.0,-0.0
1781,PHS,0.0,0.0,-0.0
1781,H2,0.0,0.0,-0.0
1782,Li-Ion,0.0,0.0,-0.0
1782,CAES,0.0,0.0,-0.0
1782,PHS,0.0,0.0,-0.0
1782,H2,0.0,0.0,-0.0
1783,Li-Ion,0.0,0.0,-0.0
1783,CAES,0.0,0.0,-0.0
1783,PHS,0.0,0.0,-0.0
1783,H2,0.0,0.0,-0.0
1784,Li-Ion,0.0,0.0,-0.0
1784,CAES,0.0,0.0,-0.0
1784,PHS,0.0,0.0,-0.0
1784,H2,0.0,0.0,-0.0
1785,Li-Ion,0.0,0.0,-0.0
1785,CAES,0.0,0.0,-0.0
1785,PHS,0.0,0.0,-0.0
1785,H2,0.0,0.0,-0.0
1786,Li-Ion,0.0,0.0,-0.0
1786,CAES,0.0,0.0,-0.0
1786,PHS,0.0,0.0,-0.0
1786,H2,0.0,0.0,-0.0
1787,Li-Ion,0.0,0.0,-0.0
1787,CAES,0.0,0.0,-0.0
1787,PHS,0.0,0.0,-0.0
1787,H2,0.0,0.0,-0.0
1788,Li-Ion,0.0,0.0,-0.0
1788,CAES,0.0,0.0,-0.0
1788,PHS,0.0,0.0,-0.0
1788,H2,0.0,0.0,-0.0
1789,Li-Ion,0.0,0.0,-0.0
1789,CAES,0.0,0.0,-0.0
1789,PHS,0.0,0.0,-0.0
1789,H2,0.0,0.0,-0.0
1790,Li-Ion,0.0,0.0,-0.0
1790,CAES,0.0,0.0,-0.0
1790,PHS,0.0,0.0,-0.0
1790,H2,0.0,0.0,-0.0
1791,Li-Ion,0.0,0.0,-0.0
1791,CAES,0.0,0.0,-0.0
1791,PHS,0.0,0.0,-0.0
1791,H2,0.0,0.0,-0.0
1792,Li-Ion,0.0,0.0,-0.0
1792,CAES,0.0,0.0,-0.0
1792,PHS,0.0,0.0,-0.0
1792,H2,0.0,0.0,-0.0
1793,Li-Ion,0.0,0.0,-0.0
1793,CAES,0.0,0.0,-0.0
1793,PHS,0.0,0.0,-0.0
1793,H2,0.0,0.0,-0.0
1794,Li-Ion,0.0,0.0,-0.0
1794,CAES,0.0,0.0,-0.0
1794,PHS,0.0,0.0,-0.0
1794,H2,0.0,0.0,-0.0
1795,Li-Ion,0.0,0.0,-0.0
1795,CAES,0.0,0.0,-0.0
1795,PHS,0.0,0.0,-0.0
1795,H2,0.0,0.0,-0.0
1796,Li-Ion,0.0,0.0,-0.0
1796,CAES,0.0,0.0,-0.0
1796,PHS,0.0,0.0,-0.0
1796,H2,0.0,0.0,-0.0
1797,Li-Ion,0.0,0.0,-0.0
1797,CAES,0.0,0.0,-0.0
1797,PHS,0.0,0.0,-0.0
1797,H2,0.0,0.0,-0.0
1798,Li-Ion,0.0,0.0,-0.0
1798,CAES,0.0,0.0,-0.0
1798,PHS,0.0,0.0,-0.0
1798,H2,0.0,0.0,-0.0
1799,Li-Ion,0.0,0.0,-0.0
1799,CAES,0.0,0.0,-0.0
1799,PHS,0.0,0.0,-0.0
1799,H2,0.0,0.0,-0.0
1800,Li-Ion,0.0,0.0,-0.0
1800,CAES,0.0,0.0,-0.0
1800,PHS,0.0,0.0,-0.0
1800,H2,0.0,0.0,-0.0
1801,Li-Ion,0.0,0.0,-0.0
1801,CAES,0.0,0.0,-0.0
1801,PHS,0.0,0.0,-0.0
1801,H2,0.0,0.0,-0.0
1802,Li-Ion,0.0,0.0,-0.0
1802,CAES,0.0,0.0,-0.0
1802,PHS,0.0,0.0,-0.0
1802,H2,0.0,0.0,-0.0
1803,Li-Ion,0.0,0.0,-0.0
1803,CAES,0.0,0.0,-0.0
1803,PHS,0.0,0.0,-0.0
1803,H2,0.0,0.0,-0.0
1804,Li-Ion,0.0,0.0,-0.0
1804,CAES,0.0,0.0,-0.0
1804,PHS,0.0,0.0,-0.0
1804,H2,0.0,0.0,-0.0
1805,Li-Ion,0.0,0.0,-0.0
1805,CAES,0.0,0.0,-0.0
1805,PHS,0.0,0.0,-0.0
1805,H2,0.0,0.0,-0.0
1806,Li-Ion,0.0,0.0,-0.0
1806,CAES,0.0,0.0,-0.0
1806,PHS,0.0,0.0,-0.0
1806,H2,0.0,0.0,-0.0
1807,Li-Ion,0.0,0.0,-0.0
1807,CAES,0.0,0.0,-0.0
1807,PHS,0.0,0.0,-0.0
1807,H2,0.0,0.0,-0.0
1808,Li-Ion,0.0,0.0,-0.0
1808,CAES,0.0,0.0,-0.0
1808,PHS,0.0,0.0,-0.0
1808,H2,0.0,0.0,-0.0
1809,Li-Ion,0.0,0.0,-0.0
1809,CAES,0.0,0.0,-0.0
1809,PHS,0.0,0.0,-0.0
1809,H2,0.0,0.0,-0.0
1810,Li-Ion,0.0,0.0,-0.0
1810,CAES,0.0,0.0,-0.0
1810,PHS,0.0,0.0,-0.0
1810,H2,0.0,0.0,-0.0
1811,Li-Ion,0.0,0.0,-0.0
1811,CAES,0.0,0.0,-0.0
1811,PHS,0.0,0.0,-0.0
1811,H2,0.0,0.0,-0.0
1812,Li-Ion,0.0,0.0,-0.0
1812,CAES,0.0,0.0,-0.0
1812,PHS,0.0,0.0,-0.0
1812,H2,0.0,0.0,-0.0
1813,Li-Ion,0.0,0.0,-0.0
1813,CAES,0.0,0.0,-0.0
1813,PHS,0.0,0.0,-0.0
1813,H2,0.0,0.0,-0.0
1814,Li-Ion,0.0,0.0,-0.0
1814,CAES,0.0,0.0,-0.0
1814,PHS,0.0,0.0,-0.0
1814,H2,0.0,0.0,-0.0
1815,Li-Ion,0.0,0.0,-0.0
1815,CAES,0.0,0.0,-0.0
1815,PHS,0.0,0.0,-0.0
1815,H2,0.0,0.0,-0.0
1816,Li-Ion,0.0,0.0,-0.0
1816,CAES,0.0,0.0,-0.0
1816,PHS,0.0,0.0,-0.0
1816,H2,0.0,0.0,-0.0
1817,Li-Ion,0.0,0.0,-0.0
1817,CAES,0.0,0.0,-0.0
1817,PHS,0.0,0.0,-0.0
1817,H2,0.0,0.0,-0.0
1818,Li-Ion,0.0,0.0,-0.0
1818,CAES,0.0,0.0,-0.0
1818,PHS,0.0,0.0,-0.0
1818,H2,0.0,0.0,-0.0
1819,Li-Ion,0.0,0.0,-0.0
1819,CAES,0.0,0.0,-0.0
1819,PHS,0.0,0.0,-0.0
1819,H2,0.0,0.0,-0.0
1820,Li-Ion,0.0,0.0,-0.0
1820,CAES,0.0,0.0,-0.0
1820,PHS,0.0,0.0,-0.0
1820,H2,0.0,0.0,-0.0
1821,Li-Ion,0.0,0.0,-0.0
1821,CAES,0.0,0.0,-0.0
1821,PHS,0.0,0.0,-0.0
1821,H2,0.0,0.0,-0.0
1822,Li-Ion,0.0,0.0,-0.0
1822,CAES,0.0,0.0,-0.0
1822,PHS,0.0,0.0,-0.0
1822,H2,0.0,0.0,-0.0
1823,Li-Ion,0.0,0.0,-0.0
1823,CAES,0.0,0.0,-0.0
1823,PHS,0.0,0.0,-0.0
1823,H2,0.0,0.0,-0.0
1824,Li-Ion,0.0,0.0,-0.0
1824,CAES,0.0,0.0,-0.0
1824,PHS,0.0,0.0,-0.0
1824,H2,0.0,0.0,-0.0
1825,Li-Ion,0.0,0.0,-0.0
1825,CAES,0.0,0.0,-0.0
1825,PHS,0.0,0.0,-0.0
1825,H2,0.0,0.0,-0.0
1826,Li-Ion,0.0,0.0,-0.0
1826,CAES,0.0,0.0,-0.0
1826,PHS,0.0,0.0,-0.0
1826,H2,0.0,0.0,-0.0
1827,Li-Ion,0.0,0.0,-0.0
1827,CAES,0.0,0.0,-0.0
1827,PHS,0.0,0.0,-0.0
1827,H2,0.0,0.0,-0.0
1828,Li-Ion,0.0,0.0,-0.0
1828,CAES,0.0,0.0,-0.0
1828,PHS,0.0,0.0,-0.0
1828,H2,0.0,0.0,-0.0
1829,Li-Ion,0.0,0.0,-0.0
1829,CAES,0.0,0.0,-0.0
1829,PHS,0.0,0.0,-0.0
1829,H2,0.0,0.0,-0.0
1830,Li-Ion,0.0,0.0,-0.0
1830,CAES,0.0,0.0,-0.0
1830,PHS,0.0,0.0,-0.0
1830,H2,0.0,0.0,-0.0
1831,Li-Ion,0.0,0.0,-0.0
1831,CAES,0.0,0.0,-0.0
1831,PHS,0.0,0.0,-0.0
1831,H2,0.0,0.0,-0.0
1832,Li-Ion,0.0,0.0,-0.0
1832,CAES,0.0,0.0,-0.0
1832,PHS,0.0,0.0,-0.0
1832,H2,0.0,0.0,-0.0
1833,Li-Ion,0.0,0.0,-0.0
1833,CAES,0.0,0.0,-0.0
1833,PHS,0.0,0.0,-0.0
1833,H2,0.0,0.0,-0.0
1834,Li-Ion,0.0,0.0,-0.0
1834,CAES,0.0,0.0,-0.0
1834,PHS,0.0,0.0,-0.0
1834,H2,0.0,0.0,-0.0
1835,Li-Ion,0.0,0.0,-0.0
1835,CAES,0.0,0.0,-0.0
1835,PHS,0.0,0.0,-0.0
1835,H2,0.0,0.0,-0.0
1836,Li-Ion,0.0,0.0,-0.0
1836,CAES,0.0,0.0,-0.0
1836,PHS,0.0,0.0,-0.0
1836,H2,0.0,0.0,-0.0
1837,Li-Ion,0.0,0.0,-0.0
1837,CAES,0.0,0.0,-0.0
1837,PHS,0.0,0.0,-0.0
1837,H2,0.0,0.0,-0.0
1838,Li-Ion,0.0,0.0,-0.0
1838,CAES,0.0,0.0,-0.0
1838,PHS,0.0,0.0,-0.0
1838,H2,0.0,0.0,-0.0
1839,Li-Ion,0.0,0.0,-0.0
1839,CAES,0.0,0.0,-0.0
1839,PHS,0.0,0.0,-0.0
1839,H2,0.0,0.0,-0.0
1840,Li-Ion,0.0,0.0,-0.0
1840,CAES,0.0,0.0,-0.0
1840,PHS,0.0,0.0,-0.0
1840,H2,0.0,0.0,-0.0
1841,Li-Ion,0.0,0.0,-0.0
1841,CAES,0.0,0.0,-0.0
1841,PHS,0.0,0.0,-0.0
1841,H2,0.0,0.0,-0.0
1842,Li-Ion,0.0,0.0,-0.0
1842,CAES,0.0,0.0,-0.0
1842,PHS,0.0,0.0,-0.0
1842,H2,0.0,0.0,-0.0
1843,Li-Ion,0.0,0.0,-0.0
1843,CAES,0.0,0.0,-0.0
1843,PHS,0.0,0.0,-0.0
1843,H2,0.0,0.0,-0.0
1844,Li-Ion,0.0,0.0,-0.0
1844,CAES,0.0,0.0,-0.0
1844,PHS,0.0,0.0,-0.0
1844,H2,0.0,0.0,-0.0
1845,Li-Ion,0.0,0.0,-0.0
1845,CAES,0.0,0.0,-0.0
1845,PHS,0.0,0.0,-0.0
1845,H2,0.0,0.0,-0.0
1846,Li-Ion,0.0,0.0,-0.0
1846,CAES,0.0,0.0,-0.0
1846,PHS,0.0,0.0,-0.0
1846,H2,0.0,0.0,-0.0
1847,Li-Ion,0.0,0.0,-0.0
1847,CAES,0.0,0.0,-0.0
1847,PHS,0.0,0.0,-0.0
1847,H2,0.0,0.0,-0.0
1848,Li-Ion,0.0,0.0,-0.0
1848,CAES,0.0,0.0,-0.0
1848,PHS,0.0,0.0,-0.0
1848,H2,0.0,0.0,-0.0
1849,Li-Ion,0.0,0.0,-0.0
1849,CAES,0.0,0.0,-0.0
1849,PHS,0.0,0.0,-0.0
1849,H2,0.0,0.0,-0.0
1850,Li-Ion,0.0,0.0,-0.0
1850,CAES,0.0,0.0,-0.0
1850,PHS,0.0,0.0,-0.0
1850,H2,0.0,0.0,-0.0
1851,Li-Ion,0.0,0.0,-0.0
1851,CAES,0.0,0.0,-0.0
1851,PHS,0.0,0.0,-0.0
1851,H2,0.0,0.0,-0.0
1852,Li-Ion,0.0,0.0,-0.0
1852,CAES,0.0,0.0,-0.0
1852,PHS,0.0,0.0,-0.0
1852,H2,0.0,0.0,-0.0
1853,Li-Ion,0.0,0.0,-0.0
1853,CAES,0.0,0.0,-0.0
1853,PHS,0.0,0.0,-0.0
1853,H2,0.0,0.0,-0.0
1854,Li-Ion,0.0,0.0,-0.0
1854,CAES,0.0,0.0,-0.0
1854,PHS,0.0,0.0,-0.0
1854,H2,0.0,0.0,-0.0
1855,Li-Ion,0.0,0.0,-0.0
1855,CAES,0.0,0.0,-0.0
1855,PHS,0.0,0.0,-0.0
1855,H2,0.0,0.0,-0.0
1856,Li-Ion,0.0,0.0,-0.0
1856,CAES,0.0,0.0,-0.0
1856,PHS,0.0,0.0,-0.0
1856,H2,0.0,0.0,-0.0
1857,Li-Ion,0.0,0.0,-0.0
1857,CAES,0.0,0.0,-0.0
1857,PHS,0.0,0.0,-0.0
1857,H2,0.0,0.0,-0.0
1858,Li-Ion,0.0,0.0,-0.0
1858,CAES,0.0,0.0,-0.0
1858,PHS,0.0,0.0,-0.0
1858,H2,0.0,0.0,-0.0
1859,Li-Ion,0.0,0.0,-0.0
1859,CAES,0.0,0.0,-0.0
1859,PHS,0.0,0.0,-0.0
1859,H2,0.0,0.0,-0.0
1860,Li-Ion,0.0,0.0,-0.0
1860,CAES,0.0,0.0,-0.0
1860,PHS,0.0,0.0,-0.0
1860,H2,0.0,0.0,-0.0
1861,Li-Ion,0.0,0.0,-0.0
1861,CAES,0.0,0.0,-0.0
1861,PHS,0.0,0.0,-0.0
1861,H2,0.0,0.0,-0.0
1862,Li-Ion,0.0,0.0,-0.0
1862,CAES,0.0,0.0,-0.0
1862,PHS,0.0,0.0,-0.0
1862,H2,0.0,0.0,-0.0
1863,Li-Ion,0.0,0.0,-0.0
1863,CAES,0.0,0.0,-0.0
1863,PHS,0.0,0.0,-0.0
1863,H2,0.0,0.0,-0.0
1864,Li-Ion,0.0,0.0,-0.0
1864,CAES,0.0,0.0,-0.0
1864,PHS,0.0,0.0,-0.0
1864,H2,0.0,0.0,-0.0
1865,Li-Ion,0.0,0.0,-0.0
1865,CAES,0.0,0.0,-0.0
1865,PHS,0.0,0.0,-0.0
1865,H2,0.0,0.0,-0.0
1866,Li-Ion,0.0,0.0,-0.0
1866,CAES,0.0,0.0,-0.0
1866,PHS,0.0,0.0,-0.0
1866,H2,0.0,0.0,-0.0
1867,Li-Ion,0.0,0.0,-0.0
1867,CAES,0.0,0.0,-0.0
1867,PHS,0.0,0.0,-0.0
1867,H2,0.0,0.0,-0.0
1868,Li-Ion,0.0,0.0,-0.0
1868,CAES,0.0,0.0,-0.0
1868,PHS,0.0,0.0,-0.0
1868,H2,0.0,0.0,-0.0
1869,Li-Ion,0.0,0.0,-0.0
1869,CAES,0.0,0.0,-0.0
1869,PHS,0.0,0.0,-0.0
1869,H2,0.0,0.0,-0.0
1870,Li-Ion,0.0,0.0,-0.0
1870,CAES,0.0,0.0,-0.0
1870,PHS,0.0,0.0,-0.0
1870,H2,0.0,0.0,-0.0
1871,Li-Ion,0.0,0.0,-0.0
1871,CAES,0.0,0.0,-0.0
1871,PHS,0.0,0.0,-0.0
1871,H2,0.0,0.0,-0.0
1872,Li-Ion,0.0,0.0,-0.0
1872,CAES,0.0,0.0,-0.0
1872,PHS,0.0,0.0,-0.0
1872,H2,0.0,0.0,-0.0
1873,Li-Ion,0.0,0.0,-0.0
1873,CAES,0.0,0.0,-0.0
1873,PHS,0.0,0.0,-0.0
1873,H2,0.0,0.0,-0.0
1874,Li-Ion,0.0,0.0,-0.0
1874,CAES,0.0,0.0,-0.0
1874,PHS,0.0,0.0,-0.0
1874,H2,0.0,0.0,-0.0
1875,Li-Ion,0.0,0.0,-0.0
1875,CAES,0.0,0.0,-0.0
1875,PHS,0.0,0.0,-0.0
1875,H2,0.0,0.0,-0.0
1876,Li-Ion,0.0,0.0,-0.0
1876,CAES,0.0,0.0,-0.0
1876,PHS,0.0,0.0,-0.0
1876,H2,0.0,0.0,-0.0
1877,Li-Ion,0.0,0.0,-0.0
1877,CAES,0.0,0.0,-0.0
1877,PHS,0.0,0.0,-0.0
1877,H2,0.0,0.0,-0.0
1878,Li-Ion,0.0,0.0,-0.0
1878,CAES,0.0,0.0,-0.0
1878,PHS,0.0,0.0,-0.0
1878,H2,0.0,0.0,-0.0
1879,Li-Ion,0.0,0.0,-0.0
1879,CAES,0.0,0.0,-0.0
1879,PHS,0.0,0.0,-0.0
1879,H2,0.0,0.0,-0.0
1880,Li-Ion,0.0,0.0,-0.0
1880,CAES,0.0,0.0,-0.0
1880,PHS,0.0,0.0,-0.0
1880,H2,0.0,0.0,-0.0
1881,Li-Ion,0.0,0.0,-0.0
1881,CAES,0.0,0.0,-0.0
1881,PHS,0.0,0.0,-0.0
1881,H2,0.0,0.0,-0.0
1882,Li-Ion,0.0,0.0,-0.0
1882,CAES,0.0,0.0,-0.0
1882,PHS,0.0,0.0,-0.0
1882,H2,0.0,0.0,-0.0
1883,Li-Ion,0.0,0.0,-0.0
1883,CAES,0.0,0.0,-0.0
1883,PHS,0.0,0.0,-0.0
1883,H2,0.0,0.0,-0.0
1884,Li-Ion,0.0,0.0,-0.0
1884,CAES,0.0,0.0,-0.0
1884,PHS,0.0,0.0,-0.0
1884,H2,0.0,0.0,-0.0
1885,Li-Ion,0.0,0.0,-0.0
1885,CAES,0.0,0.0,-0.0
1885,PHS,0.0,0.0,-0.0
1885,H2,0.0,0.0,-0.0
1886,Li-Ion,0.0,0.0,-0.0
1886,CAES,0.0,0.0,-0.0
1886,PHS,0.0,0.0,-0.0
1886,H2,0.0,0.0,-0.0
1887,Li-Ion,0.0,0.0,-0.0
1887,CAES,0.0,0.0,-0.0
1887,PHS,0.0,0.0,-0.0
1887,H2,0.0,0.0,-0.0
1888,Li-Ion,0.0,0.0,-0.0
1888,CAES,0.0,0.0,-0.0
1888,PHS,0.0,0.0,-0.0
1888,H2,0.0,0.0,-0.0
1889,Li-Ion,0.0,0.0,-0.0
1889,CAES,0.0,0.0,-0.0
1889,PHS,0.0,0.0,-0.0
1889,H2,0.0,0.0,-0.0
1890,Li-Ion,0.0,0.0,-0.0
1890,CAES,0.0,0.0,-0.0
1890,PHS,0.0,0.0,-0.0
1890,H2,0.0,0.0,-0.0
1891,Li-Ion,0.0,0.0,-0.0
1891,CAES,0.0,0.0,-0.0
1891,PHS,0.0,0.0,-0.0
1891,H2,0.0,0.0,-0.0
1892,Li-Ion,0.0,0.0,-0.0
1892,CAES,0.0,0.0,-0.0
1892,PHS,0.0,0.0,-0.0
1892,H2,0.0,0.0,-0.0
1893,Li-Ion,0.0,0.0,-0.0
1893,CAES,0.0,0.0,-0.0
1893,PHS,0.0,0.0,-0.0
1893,H2,0.0,0.0,-0.0
1894,Li-Ion,0.0,0.0,-0.0
1894,CAES,0.0,0.0,-0.0
1894,PHS,0.0,0.0,-0.0
1894,H2,0.0,0.0,-0.0
1895,Li-Ion,0.0,0.0,-0.0
1895,CAES,0.0,0.0,-0.0
1895,PHS,0.0,0.0,-0.0
1895,H2,0.0,0.0,-0.0
1896,Li-Ion,0.0,0.0,-0.0
1896,CAES,0.0,0.0,-0.0
1896,PHS,0.0,0.0,-0.0
1896,H2,0.0,0.0,-0.0
1897,Li-Ion,0.0,0.0,-0.0
1897,CAES,0.0,0.0,-0.0
1897,PHS,0.0,0.0,-0.0
1897,H2,0.0,0.0,-0.0
1898,Li-Ion,0.0,0.0,-0.0
1898,CAES,0.0,0.0,-0.0
1898,PHS,0.0,0.0,-0.0
1898,H2,0.0,0.0,-0.0
1899,Li-Ion,0.0,0.0,-0.0
1899,CAES,0.0,0.0,-0.0
1899,PHS,0.0,0.0,-0.0
1899,H2,0.0,0.0,-0.0
1900,Li-Ion,0.0,0.0,-0.0
1900,CAES,0.0,0.0,-0.0
1900,PHS,0.0,0.0,-0.0
1900,H2,0.0,0.0,-0.0
1901,Li-Ion,0.0,0.0,-0.0
1901,CAES,0.0,0.0,-0.0
1901,PHS,0.0,0.0,-0.0
1901,H2,0.0,0.0,-0.0
1902,Li-Ion,0.0,0.0,-0.0
1902,CAES,0.0,0.0,-0.0
1902,PHS,0.0,0.0,-0.0
1902,H2,0.0,0.0,-0.0
1903,Li-Ion,0.0,0.0,-0.0
1903,CAES,0.0,0.0,-0.0
1903,PHS,0.0,0.0,-0.0
1903,H2,0.0,0.0,-0.0
1904,Li-Ion,0.0,0.0,-0.0
1904,CAES,0.0,0.0,-0.0
1904,PHS,0.0,0.0,-0.0
1904,H2,0.0,0.0,-0.0
1905,Li-Ion,0.0,0.0,-0.0
1905,CAES,0.0,0.0,-0.0
1905,PHS,0.0,0.0,-0.0
1905,H2,0.0,0.0,-0.0
1906,Li-Ion,0.0,0.0,-0.0
1906,CAES,0.0,0.0,-0.0
1906,PHS,0.0,0.0,-0.0
1906,H2,0.0,0.0,-0.0
1907,Li-Ion,0.0,0.0,-0.0
1907,CAES,0.0,0.0,-0.0
1907,PHS,0.0,0.0,-0.0
1907,H2,0.0,0.0,-0.0
1908,Li-Ion,0.0,0.0,-0.0
1908,CAES,0.0,0.0,-0.0
1908,PHS,0.0,0.0,-0.0
1908,H2,0.0,0.0,-0.0
1909,Li-Ion,0.0,0.0,-0.0
1909,CAES,0.0,0.0,-0.0
1909,PHS,0.0,0.0,-0.0
1909,H2,0.0,0.0,-0.0
1910,Li-Ion,0.0,0.0,-0.0
1910,CAES,0.0,0.0,-0.0
1910,PHS,0.0,0.0,-0.0
1910,H2,0.0,0.0,-0.0
1911,Li-Ion,0.0,0.0,-0.0
1911,CAES,0.0,0.0,-0.0
1911,PHS,0.0,0.0,-0.0
1911,H2,0.0,0.0,-0.0
1912,Li-Ion,0.0,0.0,-0.0
1912,CAES,0.0,0.0,-0.0
1912,PHS,0.0,0.0,-0.0
1912,H2,0.0,0.0,-0.0
1913,Li-Ion,0.0,0.0,-0.0
1913,CAES,0.0,0.0,-0.0
1913,PHS,0.0,0.0,-0.0
1913,H2,0.0,0.0,-0.0
1914,Li-Ion,0.0,0.0,-0.0
1914,CAES,0.0,0.0,-0.0
1914,PHS,0.0,0.0,-0.0
1914,H2,0.0,0.0,-0.0
1915,Li-Ion,0.0,0.0,-0.0
1915,CAES,0.0,0.0,-0.0
1915,PHS,0.0,0.0,-0.0
1915,H2,0.0,0.0,-0.0
1916,Li-Ion,0.0,0.0,-0.0
1916,CAES,0.0,0.0,-0.0
1916,PHS,0.0,0.0,-0.0
1916,H2,0.0,0.0,-0.0
1917,Li-Ion,0.0,0.0,-0.0
1917,CAES,0.0,0.0,-0.0
1917,PHS,0.0,0.0,-0.0
1917,H2,0.0,0.0,-0.0
1918,Li-Ion,0.0,0.0,-0.0
1918,CAES,0.0,0.0,-0.0
1918,PHS,0.0,0.0,-0.0
1918,H2,0.0,0.0,-0.0
1919,Li-Ion,0.0,0.0,-0.0
1919,CAES,0.0,0.0,-0.0
1919,PHS,0.0,0.0,-0.0
1919,H2,0.0,0.0,-0.0
1920,Li-Ion,0.0,0.0,-0.0
1920,CAES,0.0,0.0,-0.0
1920,PHS,0.0,0.0,-0.0
1920,H2,0.0,0.0,-0.0
1921,Li-Ion,0.0,0.0,-0.0
1921,CAES,0.0,0.0,-0.0
1921,PHS,0.0,0.0,-0.0
1921,H2,0.0,0.0,-0.0
1922,Li-Ion,0.0,0.0,-0.0
1922,CAES,0.0,0.0,-0.0
1922,PHS,0.0,0.0,-0.0
1922,H2,0.0,0.0,-0.0
1923,Li-Ion,0.0,0.0,-0.0
1923,CAES,0.0,0.0,-0.0
1923,PHS,0.0,0.0,-0.0
1923,H2,0.0,0.0,-0.0
1924,Li-Ion,0.0,0.0,-0.0
1924,CAES,0.0,0.0,-0.0
1924,PHS,0.0,0.0,-0.0
1924,H2,0.0,0.0,-0.0
1925,Li-Ion,0.0,0.0,-0.0
1925,CAES,0.0,0.0,-0.0
1925,PHS,0.0,0.0,-0.0
1925,H2,0.0,0.0,-0.0
1926,Li-Ion,0.0,0.0,-0.0
1926,CAES,0.0,0.0,-0.0
1926,PHS,0.0,0.0,-0.0
1926,H2,0.0,0.0,-0.0
1927,Li-Ion,0.0,0.0,-0.0
1927,CAES,0.0,0.0,-0.0
1927,PHS,0.0,0.0,-0.0
1927,H2,0.0,0.0,-0.0
1928,Li-Ion,0.0,0.0,-0.0
1928,CAES,0.0,0.0,-0.0
1928,PHS,0.0,0.0,-0.0
1928,H2,0.0,0.0,-0.0
1929,Li-Ion,0.0,0.0,-0.0
1929,CAES,0.0,0.0,-0.0
1929,PHS,0.0,0.0,-0.0
1929,H2,0.0,0.0,-0.0
1930,Li-Ion,0.0,0.0,-0.0
1930,CAES,0.0,0.0,-0.0
1930,PHS,0.0,0.0,-0.0
1930,H2,0.0,0.0,-0.0
1931,Li-Ion,0.0,0.0,-0.0
1931,CAES,0.0,0.0,-0.0
1931,PHS,0.0,0.0,-0.0
1931,H2,0.0,0.0,-0.0
1932,Li-Ion,0.0,0.0,-0.0
1932,CAES,0.0,0.0,-0.0
1932,PHS,0.0,0.0,-0.0
1932,H2,0.0,0.0,-0.0
1933,Li-Ion,0.0,0.0,-0.0
1933,CAES,0.0,0.0,-0.0
1933,PHS,0.0,0.0,-0.0
1933,H2,0.0,0.0,-0.0
1934,Li-Ion,0.0,0.0,-0.0
1934,CAES,0.0,0.0,-0.0
1934,PHS,0.0,0.0,-0.0
1934,H2,0.0,0.0,-0.0
1935,Li-Ion,0.0,0.0,-0.0
1935,CAES,0.0,0.0,-0.0
1935,PHS,0.0,0.0,-0.0
1935,H2,0.0,0.0,-0.0
1936,Li-Ion,0.0,0.0,-0.0
1936,CAES,0.0,0.0,-0.0
1936,PHS,0.0,0.0,-0.0
1936,H2,0.0,0.0,-0.0
1937,Li-Ion,0.0,0.0,-0.0
1937,CAES,0.0,0.0,-0.0
1937,PHS,0.0,0.0,-0.0
1937,H2,0.0,0.0,-0.0
1938,Li-Ion,0.0,0.0,-0.0
1938,CAES,0.0,0.0,-0.0
1938,PHS,0.0,0.0,-0.0
1938,H2,0.0,0.0,-0.0
1939,Li-Ion,0.0,0.0,-0.0
1939,CAES,0.0,0.0,-0.0
1939,PHS,0.0,0.0,-0.0
1939,H2,0.0,0.0,-0.0
1940,Li-Ion,0.0,0.0,-0.0
1940,CAES,0.0,0.0,-0.0
1940,PHS,0.0,0.0,-0.0
1940,H2,0.0,0.0,-0.0
1941,Li-Ion,0.0,0.0,-0.0
1941,CAES,0.0,0.0,-0.0
1941,PHS,0.0,0.0,-0.0
1941,H2,0.0,0.0,-0.0
1942,Li-Ion,0.0,0.0,-0.0
1942,CAES,0.0,0.0,-0.0
1942,PHS,0.0,0.0,-0.0
1942,H2,0.0,0.0,-0.0
1943,Li-Ion,0.0,0.0,-0.0
1943,CAES,0.0,0.0,-0.0
1943,PHS,0.0,0.0,-0.0
1943,H2,0.0,0.0,-0.0
1944,Li-Ion,0.0,0.0,-0.0
1944,CAES,0.0,0.0,-0.0
1944,PHS,0.0,0.0,-0.0
1944,H2,0.0,0.0,-0.0
1945,Li-Ion,0.0,0.0,-0.0
1945,CAES,0.0,0.0,-0.0
1945,PHS,0.0,0.0,-0.0
1945,H2,0.0,0.0,-0.0
1946,Li-Ion,0.0,0.0,-0.0
1946,CAES,0.0,0.0,-0.0
1946,PHS,0.0,0.0,-0.0
1946,H2,0.0,0.0,-0.0
1947,Li-Ion,0.0,0.0,-0.0
1947,CAES,0.0,0.0,-0.0
1947,PHS,0.0,0.0,-0.0
1947,H2,0.0,0.0,-0.0
1948,Li-Ion,0.0,0.0,-0.0
1948,CAES,0.0,0.0,-0.0
1948,PHS,0.0,0.0,-0.0
1948,H2,0.0,0.0,-0.0
1949,Li-Ion,0.0,0.0,-0.0
1949,CAES,0.0,0.0,-0.0
1949,PHS,0.0,0.0,-0.0
1949,H2,0.0,0.0,-0.0
1950,Li-Ion,0.0,0.0,-0.0
1950,CAES,0.0,0.0,-0.0
1950,PHS,0.0,0.0,-0.0
1950,H2,0.0,0.0,-0.0
1951,Li-Ion,0.0,0.0,-0.0
1951,CAES,0.0,0.0,-0.0
1951,PHS,0.0,0.0,-0.0
1951,H2,0.0,0.0,-0.0
1952,Li-Ion,0.0,0.0,-0.0
1952,CAES,0.0,0.0,-0.0
1952,PHS,0.0,0.0,-0.0
1952,H2,0.0,0.0,-0.0
1953,Li-Ion,0.0,0.0,-0.0
1953,CAES,0.0,0.0,-0.0
1953,PHS,0.0,0.0,-0.0
1953,H2,0.0,0.0,-0.0
1954,Li-Ion,0.0,0.0,-0.0
1954,CAES,0.0,0.0,-0.0
1954,PHS,0.0,0.0,-0.0
1954,H2,0.0,0.0,-0.0
1955,Li-Ion,0.0,0.0,-0.0
1955,CAES,0.0,0.0,-0.0
1955,PHS,0.0,0.0,-0.0
1955,H2,0.0,0.0,-0.0
1956,Li-Ion,0.0,0.0,-0.0
1956,CAES,0.0,0.0,-0.0
1956,PHS,0.0,0.0,-0.0
1956,H2,0.0,0.0,-0.0
1957,Li-Ion,0.0,0.0,-0.0
1957,CAES,0.0,0.0,-0.0
1957,PHS,0.0,0.0,-0.0
1957,H2,0.0,0.0,-0.0
1958,Li-Ion,0.0,0.0,-0.0
1958,CAES,0.0,0.0,-0.0
1958,PHS,0.0,0.0,-0.0
1958,H2,0.0,0.0,-0.0
1959,Li-Ion,0.0,0.0,-0.0
1959,CAES,0.0,0.0,-0.0
1959,PHS,0.0,0.0,-0.0
1959,H2,0.0,0.0,-0.0
1960,Li-Ion,0.0,0.0,-0.0
1960,CAES,0.0,0.0,-0.0
1960,PHS,0.0,0.0,-0.0
1960,H2,0.0,0.0,-0.0
1961,Li-Ion,0.0,0.0,-0.0
1961,CAES,0.0,0.0,-0.0
1961,PHS,0.0,0.0,-0.0
1961,H2,0.0,0.0,-0.0
1962,Li-Ion,0.0,0.0,-0.0
1962,CAES,0.0,0.0,-0.0
1962,PHS,0.0,0.0,-0.0
1962,H2,0.0,0.0,-0.0
1963,Li-Ion,0.0,0.0,-0.0
1963,CAES,0.0,0.0,-0.0
1963,PHS,0.0,0.0,-0.0
1963,H2,0.0,0.0,-0.0
1964,Li-Ion,0.0,0.0,-0.0
1964,CAES,0.0,0.0,-0.0
1964,PHS,0.0,0.0,-0.0
1964,H2,0.0,0.0,-0.0
1965,Li-Ion,0.0,0.0,-0.0
1965,CAES,0.0,0.0,-0.0
1965,PHS,0.0,0.0,-0.0
1965,H2,0.0,0.0,-0.0
1966,Li-Ion,0.0,0.0,-0.0
1966,CAES,0.0,0.0,-0.0
1966,PHS,0.0,0.0,-0.0
1966,H2,0.0,0.0,-0.0
1967,Li-Ion,0.0,0.0,-0.0
1967,CAES,0.0,0.0,-0.0
1967,PHS,0.0,0.0,-0.0
1967,H2,0.0,0.0,-0.0
1968,Li-Ion,0.0,0.0,-0.0
1968,CAES,0.0,0.0,-0.0
1968,PHS,0.0,0.0,-0.0
1968,H2,0.0,0.0,-0.0
1969,Li-Ion,0.0,0.0,-0.0
1969,CAES,0.0,0.0,-0.0
1969,PHS,0.0,0.0,-0.0
1969,H2,0.0,0.0,-0.0
1970,Li-Ion,0.0,0.0,-0.0
1970,CAES,0.0,0.0,-0.0
1970,PHS,0.0,0.0,-0.0
1970,H2,0.0,0.0,-0.0
1971,Li-Ion,0.0,0.0,-0.0
1971,CAES,0.0,0.0,-0.0
1971,PHS,0.0,0.0,-0.0
1971,H2,0.0,0.0,-0.0
1972,Li-Ion,0.0,0.0,-0.0
1972,CAES,0.0,0.0,-0.0
1972,PHS,0.0,0.0,-0.0
1972,H2,0.0,0.0,-0.0
1973,Li-Ion,0.0,0.0,-0.0
1973,CAES,0.0,0.0,-0.0
1973,PHS,0.0,0.0,-0.0
1973,H2,0.0,0.0,-0.0
1974,Li-Ion,0.0,0.0,-0.0
1974,CAES,0.0,0.0,-0.0
1974,PHS,0.0,0.0,-0.0
1974,H2,0.0,0.0,-0.0
1975,Li-Ion,0.0,0.0,-0.0
1975,CAES,0.0,0.0,-0.0
1975,PHS,0.0,0.0,-0.0
1975,H2,0.0,0.0,-0.0
1976,Li-Ion,0.0,0.0,-0.0
1976,CAES,0.0,0.0,-0.0
1976,PHS,0.0,0.0,-0.0
1976,H2,0.0,0.0,-0.0
1977,Li-Ion,0.0,0.0,-0.0
1977,CAES,0.0,0.0,-0.0
1977,PHS,0.0,0.0,-0.0
1977,H2,0.0,0.0,-0.0
1978,Li-Ion,0.0,0.0,-0.0
1978,CAES,0.0,0.0,-0.0
1978,PHS,0.0,0.0,-0.0
1978,H2,0.0,0.0,-0.0
1979,Li-Ion,0.0,0.0,-0.0
1979,CAES,0.0,0.0,-0.0
1979,PHS,0.0,0.0,-0.0
1979,H2,0.0,0.0,-0.0
1980,Li-Ion,0.0,0.0,-0.0
1980,CAES,0.0,0.0,-0.0
1980,PHS,0.0,0.0,-0.0
1980,H2,0.0,0.0,-0.0
1981,Li-Ion,0.0,0.0,-0.0
1981,CAES,0.0,0.0,-0.0
1981,PHS,0.0,0.0,-0.0
1981,H2,0.0,0.0,-0.0
1982,Li-Ion,0.0,0.0,-0.0
1982,CAES,0.0,0.0,-0.0
1982,PHS,0.0,0.0,-0.0
1982,H2,0.0,0.0,-0.0
1983,Li-Ion,0.0,0.0,-0.0
1983,CAES,0.0,0.0,-0.0
1983,PHS,0.0,0.0,-0.0
1983,H2,0.0,0.0,-0.0
1984,Li-Ion,0.0,0.0,-0.0
1984,CAES,0.0,0.0,-0.0
1984,PHS,0.0,0.0,-0.0
1984,H2,0.0,0.0,-0.0
1985,Li-Ion,0.0,0.0,-0.0
1985,CAES,0.0,0.0,-0.0
1985,PHS,0.0,0.0,-0.0
1985,H2,0.0,0.0,-0.0
1986,Li-Ion,0.0,0.0,-0.0
1986,CAES,0.0,0.0,-0.0
1986,PHS,0.0,0.0,-0.0
1986,H2,0.0,0.0,-0.0
1987,Li-Ion,0.0,0.0,-0.0
1987,CAES,0.0,0.0,-0.0
1987,PHS,0.0,0.0,-0.0
1987,H2,0.0,0.0,-0.0
1988,Li-Ion,0.0,0.0,-0.0
1988,CAES,0.0,0.0,-0.0
1988,PHS,0.0,0.0,-0.0
1988,H2,0.0,0.0,-0.0
1989,Li-Ion,0.0,0.0,-0.0
1989,CAES,0.0,0.0,-0.0
1989,PHS,0.0,0.0,-0.0
1989,H2,0.0,0.0,-0.0
1990,Li-Ion,0.0,0.0,-0.0
1990,CAES,0.0,0.0,-0.0
1990,PHS,0.0,0.0,-0.0
1990,H2,0.0,0.0,-0.0
1991,Li-Ion,0.0,0.0,-0.0
1991,CAES,0.0,0.0,-0.0
1991,PHS,0.0,0.0,-0.0
1991,H2,0.0,0.0,-0.0
1992,Li-Ion,0.0,0.0,-0.0
1992,CAES,0.0,0.0,-0.0
1992,PHS,0.0,0.0,-0.0
1992,H2,0.0,0.0,-0.0
1993,Li-Ion,0.0,0.0,-0.0
1993,CAES,0.0,0.0,-0.0
1993,PHS,0.0,0.0,-0.0
1993,H2,0.0,0.0,-0.0
1994,Li-Ion,0.0,0.0,-0.0
1994,CAES,0.0,0.0,-0.0
1994,PHS,0.0,0.0,-0.0
1994,H2,0.0,0.0,-0.0
1995,Li-Ion,0.0,0.0,-0.0
1995,CAES,0.0,0.0,-0.0
1995,PHS,0.0,0.0,-0.0
1995,H2,0.0,0.0,-0.0
1996,Li-Ion,0.0,0.0,-0.0
1996,CAES,0.0,0.0,-0.0
1996,PHS,0.0,0.0,-0.0
1996,H2,0.0,0.0,-0.0
1997,Li-Ion,0.0,0.0,-0.0
1997,CAES,0.0,0.0,-0.0
1997,PHS,0.0,0.0,-0.0
1997,H2,0.0,0.0,-0.0
1998,Li-Ion,0.0,0.0,-0.0
1998,CAES,0.0,0.0,-0.0
1998,PHS,0.0,0.0,-0.0
1998,H2,0.0,0.0,-0.0
1999,Li-Ion,0.0,0.0,-0.0
1999,CAES,0.0,0.0,-0.0
1999,PHS,0.0,0.0,-0.0
1999,H2,0.0,0.0,-0.0
2000,Li-Ion,0.0,0.0,-0.0
2000,CAES,0.0,0.0,-0.0
2000,PHS,0.0,0.0,-0.0
2000,H2,0.0,0.0,-0.0
2001,Li-Ion,0.0,0.0,-0.0
2001,CAES,0.0,0.0,-0.0
2001,PHS,0.0,0.0,-0.0
2001,H2,0.0,0.0,-0.0
2002,Li-Ion,0.0,0.0,-0.0
2002,CAES,0.0,0.0,-0.0
2002,PHS,0.0,0.0,-0.0
2002,H2,0.0,0.0,-0.0
2003,Li-Ion,0.0,0.0,-0.0
2003,CAES,0.0,0.0,-0.0
2003,PHS,0.0,0.0,-0.0
2003,H2,0.0,0.0,-0.0
2004,Li-Ion,0.0,0.0,-0.0
2004,CAES,0.0,0.0,-0.0
2004,PHS,0.0,0.0,-0.0
2004,H2,0.0,0.0,-0.0
2005,Li-Ion,0.0,0.0,-0.0
2005,CAES,0.0,0.0,-0.0
2005,PHS,0.0,0.0,-0.0
2005,H2,0.0,0.0,-0.0
2006,Li-Ion,0.0,0.0,-0.0
2006,CAES,0.0,0.0,-0.0
2006,PHS,0.0,0.0,-0.0
2006,H2,0.0,0.0,-0.0
2007,Li-Ion,0.0,0.0,-0.0
2007,CAES,0.0,0.0,-0.0
2007,PHS,0.0,0.0,-0.0
2007,H2,0.0,0.0,-0.0
2008,Li-Ion,0.0,0.0,-0.0
2008,CAES,0.0,0.0,-0.0
2008,PHS,0.0,0.0,-0.0
2008,H2,0.0,0.0,-0.0
2009,Li-Ion,0.0,0.0,-0.0
2009,CAES,0.0,0.0,-0.0
2009,PHS,0.0,0.0,-0.0
2009,H2,0.0,0.0,-0.0
2010,Li-Ion,0.0,0.0,-0.0
2010,CAES,0.0,0.0,-0.0
2010,PHS,0.0,0.0,-0.0
2010,H2,0.0,0.0,-0.0
2011,Li-Ion,0.0,0.0,-0.0
2011,CAES,0.0,0.0,-0.0
2011,PHS,0.0,0.0,-0.0
2011,H2,0.0,0.0,-0.0
2012,Li-Ion,0.0,0.0,-0.0
2012,CAES,0.0,0.0,-0.0
2012,PHS,0.0,0.0,-0.0
2012,H2,0.0,0.0,-0.0
2013,Li-Ion,0.0,0.0,-0.0
2013,CAES,0.0,0.0,-0.0
2013,PHS,0.0,0.0,-0.0
2013,H2,0.0,0.0,-0.0
2014,Li-Ion,0.0,0.0,-0.0
2014,CAES,0.0,0.0,-0.0
2014,PHS,0.0,0.0,-0.0
2014,H2,0.0,0.0,-0.0
2015,Li-Ion,0.0,0.0,-0.0
2015,CAES,0.0,0.0,-0.0
2015,PHS,0.0,0.0,-0.0
2015,H2,0.0,0.0,-0.0
2016,Li-Ion,0.0,0.0,-0.0
2016,CAES,0.0,0.0,-0.0
2016,PHS,0.0,0.0,-0.0
2016,H2,0.0,0.0,-0.0
2017,Li-Ion,0.0,0.0,-0.0
2017,CAES,0.0,0.0,-0.0
2017,PHS,0.0,0.0,-0.0
2017,H2,0.0,0.0,-0.0
2018,Li-Ion,0.0,0.0,-0.0
2018,CAES,0.0,0.0,-0.0
2018,PHS,0.0,0.0,-0.0
2018,H2,0.0,0.0,-0.0
2019,Li-Ion,0.0,0.0,-0.0
2019,CAES,0.0,0.0,-0.0
2019,PHS,0.0,0.0,-0.0
2019,H2,0.0,0.0,-0.0
2020,Li-Ion,0.0,0.0,-0.0
2020,CAES,0.0,0.0,-0.0
2020,PHS,0.0,0.0,-0.0
2020,H2,0.0,0.0,-0.0
2021,Li-Ion,0.0,0.0,-0.0
2021,CAES,0.0,0.0,-0.0
2021,PHS,0.0,0.0,-0.0
2021,H2,0.0,0.0,-0.0
2022,Li-Ion,0.0,0.0,-0.0
2022,CAES,0.0,0.0,-0.0
2022,PHS,0.0,0.0,-0.0
2022,H2,0.0,0.0,-0.0
2023,Li-Ion,0.0,0.0,-0.0
2023,CAES,0.0,0.0,-0.0
2023,PHS,0.0,0.0,-0.0
2023,H2,0.0,0.0,-0.0
2024,Li-Ion,0.0,0.0,-0.0
2024,CAES,0.0,0.0,-0.0
2024,PHS,0.0,0.0,-0.0
2024,H2,0.0,0.0,-0.0
2025,Li-Ion,0.0,0.0,-0.0
2025,CAES,0.0,0.0,-0.0
2025,PHS,0.0,0.0,-0.0
2025,H2,0.0,0.0,-0.0
2026,Li-Ion,0.0,0.0,-0.0
2026,CAES,0.0,0.0,-0.0
2026,PHS,0.0,0.0,-0.0
2026,H2,0.0,0.0,-0.0
2027,Li-Ion,0.0,0.0,-0.0
2027,CAES,0.0,0.0,-0.0
2027,PHS,0.0,0.0,-0.0
2027,H2,0.0,0.0,-0.0
2028,Li-Ion,0.0,0.0,-0.0
2028,CAES,0.0,0.0,-0.0
2028,PHS,0.0,0.0,-0.0
2028,H2,0.0,0.0,-0.0
2029,Li-Ion,0.0,0.0,-0.0
2029,CAES,0.0,0.0,-0.0
2029,PHS,0.0,0.0,-0.0
2029,H2,0.0,0.0,-0.0
2030,Li-Ion,0.0,0.0,-0.0
2030,CAES,0.0,0.0,-0.0
2030,PHS,0.0,0.0,-0.0
2030,H2,0.0,0.0,-0.0
2031,Li-Ion,0.0,0.0,-0.0
2031,CAES,0.0,0.0,-0.0
2031,PHS,0.0,0.0,-0.0
2031,H2,0.0,0.0,-0.0
2032,Li-Ion,0.0,0.0,-0.0
2032,CAES,0.0,0.0,-0.0
2032,PHS,0.0,0.0,-0.0
2032,H2,0.0,0.0,-0.0
2033,Li-Ion,0.0,0.0,-0.0
2033,CAES,0.0,0.0,-0.0
2033,PHS,0.0,0.0,-0.0
2033,H2,0.0,0.0,-0.0
2034,Li-Ion,0.0,0.0,-0.0
2034,CAES,0.0,0.0,-0.0
2034,PHS,0.0,0.0,-0.0
2034,H2,0.0,0.0,-0.0
2035,Li-Ion,0.0,0.0,-0.0
2035,CAES,0.0,0.0,-0.0
2035,PHS,0.0,0.0,-0.0
2035,H2,0.0,0.0,-0.0
2036,Li-Ion,0.0,0.0,-0.0
2036,CAES,0.0,0.0,-0.0
2036,PHS,0.0,0.0,-0.0
2036,H2,0.0,0.0,-0.0
2037,Li-Ion,0.0,0.0,-0.0
2037,CAES,0.0,0.0,-0.0
2037,PHS,0.0,0.0,-0.0
2037,H2,0.0,0.0,-0.0
2038,Li-Ion,0.0,0.0,-0.0
2038,CAES,0.0,0.0,-0.0
2038,PHS,0.0,0.0,-0.0
2038,H2,0.0,0.0,-0.0
2039,Li-Ion,0.0,0.0,-0.0
2039,CAES,0.0,0.0,-0.0
2039,PHS,0.0,0.0,-0.0
2039,H2,0.0,0.0,-0.0
2040,Li-Ion,0.0,0.0,-0.0
2040,CAES,0.0,0.0,-0.0
2040,PHS,0.0,0.0,-0.0
2040,H2,0.0,0.0,-0.0
2041,Li-Ion,0.0,0.0,-0.0
2041,CAES,0.0,0.0,-0.0
2041,PHS,0.0,0.0,-0.0
2041,H2,0.0,0.0,-0.0
2042,Li-Ion,0.0,0.0,-0.0
2042,CAES,0.0,0.0,-0.0
2042,PHS,0.0,0.0,-0.0
2042,H2,0.0,0.0,-0.0
2043,Li-Ion,0.0,0.0,-0.0
2043,CAES,0.0,0.0,-0.0
2043,PHS,0.0,0.0,-0.0
2043,H2,0.0,0.0,-0.0
2044,Li-Ion,0.0,0.0,-0.0
2044,CAES,0.0,0.0,-0.0
2044,PHS,0.0,0.0,-0.0
2044,H2,0.0,0.0,-0.0
2045,Li-Ion,0.0,0.0,-0.0
2045,CAES,0.0,0.0,-0.0
2045,PHS,0.0,0.0,-0.0
2045,H2,0.0,0.0,-0.0
2046,Li-Ion,0.0,0.0,-0.0
2046,CAES,0.0,0.0,-0.0
2046,PHS,0.0,0.0,-0.0
2046,H2,0.0,0.0,-0.0
2047,Li-Ion,0.0,0.0,-0.0
2047,CAES,0.0,0.0,-0.0
2047,PHS,0.0,0.0,-0.0
2047,H2,0.0,0.0,-0.0
2048,Li-Ion,0.0,0.0,-0.0
2048,CAES,0.0,0.0,-0.0
2048,PHS,0.0,0.0,-0.0
2048,H2,0.0,0.0,-0.0
2049,Li-Ion,0.0,0.0,-0.0
2049,CAES,0.0,0.0,-0.0
2049,PHS,0.0,0.0,-0.0
2049,H2,0.0,0.0,-0.0
2050,Li-Ion,0.0,0.0,-0.0
2050,CAES,0.0,0.0,-0.0
2050,PHS,0.0,0.0,-0.0
2050,H2,0.0,0.0,-0.0
2051,Li-Ion,0.0,0.0,-0.0
2051,CAES,0.0,0.0,-0.0
2051,PHS,0.0,0.0,-0.0
2051,H2,0.0,0.0,-0.0
2052,Li-Ion,0.0,0.0,-0.0
2052,CAES,0.0,0.0,-0.0
2052,PHS,0.0,0.0,-0.0
2052,H2,0.0,0.0,-0.0
2053,Li-Ion,0.0,0.0,-0.0
2053,CAES,0.0,0.0,-0.0
2053,PHS,0.0,0.0,-0.0
2053,H2,0.0,0.0,-0.0
2054,Li-Ion,0.0,0.0,-0.0
2054,CAES,0.0,0.0,-0.0
2054,PHS,0.0,0.0,-0.0
2054,H2,0.0,0.0,-0.0
2055,Li-Ion,0.0,0.0,-0.0
2055,CAES,0.0,0.0,-0.0
2055,PHS,0.0,0.0,-0.0
2055,H2,0.0,0.0,-0.0
2056,Li-Ion,0.0,0.0,-0.0
2056,CAES,0.0,0.0,-0.0
2056,PHS,0.0,0.0,-0.0
2056,H2,0.0,0.0,-0.0
2057,Li-Ion,0.0,0.0,-0.0
2057,CAES,0.0,0.0,-0.0
2057,PHS,0.0,0.0,-0.0
2057,H2,0.0,0.0,-0.0
2058,Li-Ion,0.0,0.0,-0.0
2058,CAES,0.0,0.0,-0.0
2058,PHS,0.0,0.0,-0.0
2058,H2,0.0,0.0,-0.0
2059,Li-Ion,0.0,0.0,-0.0
2059,CAES,0.0,0.0,-0.0
2059,PHS,0.0,0.0,-0.0
2059,H2,0.0,0.0,-0.0
2060,Li-Ion,0.0,0.0,-0.0
2060,CAES,0.0,0.0,-0.0
2060,PHS,0.0,0.0,-0.0
2060,H2,0.0,0.0,-0.0
2061,Li-Ion,0.0,0.0,-0.0
2061,CAES,0.0,0.0,-0.0
2061,PHS,0.0,0.0,-0.0
2061,H2,0.0,0.0,-0.0
2062,Li-Ion,0.0,0.0,-0.0
2062,CAES,0.0,0.0,-0.0
2062,PHS,0.0,0.0,-0.0
2062,H2,0.0,0.0,-0.0
2063,Li-Ion,0.0,0.0,-0.0
2063,CAES,0.0,0.0,-0.0
2063,PHS,0.0,0.0,-0.0
2063,H2,0.0,0.0,-0.0
2064,Li-Ion,0.0,0.0,-0.0
2064,CAES,0.0,0.0,-0.0
2064,PHS,0.0,0.0,-0.0
2064,H2,0.0,0.0,-0.0
2065,Li-Ion,0.0,0.0,-0.0
2065,CAES,0.0,0.0,-0.0
2065,PHS,0.0,0.0,-0.0
2065,H2,0.0,0.0,-0.0
2066,Li-Ion,0.0,0.0,-0.0
2066,CAES,0.0,0.0,-0.0
2066,PHS,0.0,0.0,-0.0
2066,H2,0.0,0.0,-0.0
2067,Li-Ion,0.0,0.0,-0.0
2067,CAES,0.0,0.0,-0.0
2067,PHS,0.0,0.0,-0.0
2067,H2,0.0,0.0,-0.0
2068,Li-Ion,0.0,0.0,-0.0
2068,CAES,0.0,0.0,-0.0
2068,PHS,0.0,0.0,-0.0
2068,H2,0.0,0.0,-0.0
2069,Li-Ion,0.0,0.0,-0.0
2069,CAES,0.0,0.0,-0.0
2069,PHS,0.0,0.0,-0.0
2069,H2,0.0,0.0,-0.0
2070,Li-Ion,0.0,0.0,-0.0
2070,CAES,0.0,0.0,-0.0
2070,PHS,0.0,0.0,-0.0
2070,H2,0.0,0.0,-0.0
2071,Li-Ion,0.0,0.0,-0.0
2071,CAES,0.0,0.0,-0.0
2071,PHS,0.0,0.0,-0.0
2071,H2,0.0,0.0,-0.0
2072,Li-Ion,0.0,0.0,-0.0
2072,CAES,0.0,0.0,-0.0
2072,PHS,0.0,0.0,-0.0
2072,H2,0.0,0.0,-0.0
2073,Li-Ion,0.0,0.0,-0.0
2073,CAES,0.0,0.0,-0.0
2073,PHS,0.0,0.0,-0.0
2073,H2,0.0,0.0,-0.0
2074,Li-Ion,0.0,0.0,-0.0
2074,CAES,0.0,0.0,-0.0
2074,PHS,0.0,0.0,-0.0
2074,H2,0.0,0.0,-0.0
2075,Li-Ion,0.0,0.0,-0.0
2075,CAES,0.0,0.0,-0.0
2075,PHS,0.0,0.0,-0.0
2075,H2,0.0,0.0,-0.0
2076,Li-Ion,0.0,0.0,-0.0
2076,CAES,0.0,0.0,-0.0
2076,PHS,0.0,0.0,-0.0
2076,H2,0.0,0.0,-0.0
2077,Li-Ion,0.0,0.0,-0.0
2077,CAES,0.0,0.0,-0.0
2077,PHS,0.0,0.0,-0.0
2077,H2,0.0,0.0,-0.0
2078,Li-Ion,0.0,0.0,-0.0
2078,CAES,0.0,0.0,-0.0
2078,PHS,0.0,0.0,-0.0
2078,H2,0.0,0.0,-0.0
2079,Li-Ion,0.0,0.0,-0.0
2079,CAES,0.0,0.0,-0.0
2079,PHS,0.0,0.0,-0.0
2079,H2,0.0,0.0,-0.0
2080,Li-Ion,0.0,0.0,-0.0
2080,CAES,0.0,0.0,-0.0
2080,PHS,0.0,0.0,-0.0
2080,H2,0.0,0.0,-0.0
2081,Li-Ion,0.0,0.0,-0.0
2081,CAES,0.0,0.0,-0.0
2081,PHS,0.0,0.0,-0.0
2081,H2,0.0,0.0,-0.0
2082,Li-Ion,0.0,0.0,-0.0
2082,CAES,0.0,0.0,-0.0
2082,PHS,0.0,0.0,-0.0
2082,H2,0.0,0.0,-0.0
2083,Li-Ion,0.0,0.0,-0.0
2083,CAES,0.0,0.0,-0.0
2083,PHS,0.0,0.0,-0.0
2083,H2,0.0,0.0,-0.0
2084,Li-Ion,0.0,0.0,-0.0
2084,CAES,0.0,0.0,-0.0
2084,PHS,0.0,0.0,-0.0
2084,H2,0.0,0.0,-0.0
2085,Li-Ion,0.0,0.0,-0.0
2085,CAES,0.0,0.0,-0.0
2085,PHS,0.0,0.0,-0.0
2085,H2,0.0,0.0,-0.0
2086,Li-Ion,0.0,0.0,-0.0
2086,CAES,0.0,0.0,-0.0
2086,PHS,0.0,0.0,-0.0
2086,H2,0.0,0.0,-0.0
2087,Li-Ion,0.0,0.0,-0.0
2087,CAES,0.0,0.0,-0.0
2087,PHS,0.0,0.0,-0.0
2087,H2,0.0,0.0,-0.0
2088,Li-Ion,0.0,0.0,-0.0
2088,CAES,0.0,0.0,-0.0
2088,PHS,0.0,0.0,-0.0
2088,H2,0.0,0.0,-0.0
2089,Li-Ion,0.0,0.0,-0.0
2089,CAES,0.0,0.0,-0.0
2089,PHS,0.0,0.0,-0.0
2089,H2,0.0,0.0,-0.0
2090,Li-Ion,0.0,0.0,-0.0
2090,CAES,0.0,0.0,-0.0
2090,PHS,0.0,0.0,-0.0
2090,H2,0.0,0.0,-0.0
2091,Li-Ion,0.0,0.0,-0.0
2091,CAES,0.0,0.0,-0.0
2091,PHS,0.0,0.0,-0.0
2091,H2,0.0,0.0,-0.0
2092,Li-Ion,0.0,0.0,-0.0
2092,CAES,0.0,0.0,-0.0
2092,PHS,0.0,0.0,-0.0
2092,H2,0.0,0.0,-0.0
2093,Li-Ion,0.0,0.0,-0.0
2093,CAES,0.0,0.0,-0.0
2093,PHS,0.0,0.0,-0.0
2093,H2,0.0,0.0,-0.0
2094,Li-Ion,0.0,0.0,-0.0
2094,CAES,0.0,0.0,-0.0
2094,PHS,0.0,0.0,-0.0
2094,H2,0.0,0.0,-0.0
2095,Li-Ion,0.0,0.0,-0.0
2095,CAES,0.0,0.0,-0.0
2095,PHS,0.0,0.0,-0.0
2095,H2,0.0,0.0,-0.0
2096,Li-Ion,0.0,0.0,-0.0
2096,CAES,0.0,0.0,-0.0
2096,PHS,0.0,0.0,-0.0
2096,H2,0.0,0.0,-0.0
2097,Li-Ion,0.0,0.0,-0.0
2097,CAES,0.0,0.0,-0.0
2097,PHS,0.0,0.0,-0.0
2097,H2,0.0,0.0,-0.0
2098,Li-Ion,0.0,0.0,-0.0
2098,CAES,0.0,0.0,-0.0
2098,PHS,0.0,0.0,-0.0
2098,H2,0.0,0.0,-0.0
2099,Li-Ion,0.0,0.0,-0.0
2099,CAES,0.0,0.0,-0.0
2099,PHS,0.0,0.0,-0.0
2099,H2,0.0,0.0,-0.0
2100,Li-Ion,0.0,0.0,-0.0
2100,CAES,0.0,0.0,-0.0
2100,PHS,0.0,0.0,-0.0
2100,H2,0.0,0.0,-0.0
2101,Li-Ion,0.0,0.0,-0.0
2101,CAES,0.0,0.0,-0.0
2101,PHS,0.0,0.0,-0.0
2101,H2,0.0,0.0,-0.0
2102,Li-Ion,0.0,0.0,-0.0
2102,CAES,0.0,0.0,-0.0
2102,PHS,0.0,0.0,-0.0
2102,H2,0.0,0.0,-0.0
2103,Li-Ion,0.0,0.0,-0.0
2103,CAES,0.0,0.0,-0.0
2103,PHS,0.0,0.0,-0.0
2103,H2,0.0,0.0,-0.0
2104,Li-Ion,0.0,0.0,-0.0
2104,CAES,0.0,0.0,-0.0
2104,PHS,0.0,0.0,-0.0
2104,H2,0.0,0.0,-0.0
2105,Li-Ion,0.0,0.0,-0.0
2105,CAES,0.0,0.0,-0.0
2105,PHS,0.0,0.0,-0.0
2105,H2,0.0,0.0,-0.0
2106,Li-Ion,0.0,0.0,-0.0
2106,CAES,0.0,0.0,-0.0
2106,PHS,0.0,0.0,-0.0
2106,H2,0.0,0.0,-0.0
2107,Li-Ion,0.0,0.0,-0.0
2107,CAES,0.0,0.0,-0.0
2107,PHS,0.0,0.0,-0.0
2107,H2,0.0,0.0,-0.0
2108,Li-Ion,0.0,0.0,-0.0
2108,CAES,0.0,0.0,-0.0
2108,PHS,0.0,0.0,-0.0
2108,H2,0.0,0.0,-0.0
2109,Li-Ion,0.0,0.0,-0.0
2109,CAES,0.0,0.0,-0.0
2109,PHS,0.0,0.0,-0.0
2109,H2,0.0,0.0,-0.0
2110,Li-Ion,0.0,0.0,-0.0
2110,CAES,0.0,0.0,-0.0
2110,PHS,0.0,0.0,-0.0
2110,H2,0.0,0.0,-0.0
2111,Li-Ion,0.0,0.0,-0.0
2111,CAES,0.0,0.0,-0.0
2111,PHS,0.0,0.0,-0.0
2111,H2,0.0,0.0,-0.0
2112,Li-Ion,0.0,0.0,-0.0
2112,CAES,0.0,0.0,-0.0
2112,PHS,0.0,0.0,-0.0
2112,H2,0.0,0.0,-0.0
2113,Li-Ion,0.0,0.0,-0.0
2113,CAES,0.0,0.0,-0.0
2113,PHS,0.0,0.0,-0.0
2113,H2,0.0,0.0,-0.0
2114,Li-Ion,0.0,0.0,-0.0
2114,CAES,0.0,0.0,-0.0
2114,PHS,0.0,0.0,-0.0
2114,H2,0.0,0.0,-0.0
2115,Li-Ion,0.0,0.0,-0.0
2115,CAES,0.0,0.0,-0.0
2115,PHS,0.0,0.0,-0.0
2115,H2,0.0,0.0,-0.0
2116,Li-Ion,0.0,0.0,-0.0
2116,CAES,0.0,0.0,-0.0
2116,PHS,0.0,0.0,-0.0
2116,H2,0.0,0.0,-0.0
2117,Li-Ion,0.0,0.0,-0.0
2117,CAES,0.0,0.0,-0.0
2117,PHS,0.0,0.0,-0.0
2117,H2,0.0,0.0,-0.0
2118,Li-Ion,0.0,0.0,-0.0
2118,CAES,0.0,0.0,-0.0
2118,PHS,0.0,0.0,-0.0
2118,H2,0.0,0.0,-0.0
2119,Li-Ion,0.0,0.0,-0.0
2119,CAES,0.0,0.0,-0.0
2119,PHS,0.0,0.0,-0.0
2119,H2,0.0,0.0,-0.0
2120,Li-Ion,0.0,0.0,-0.0
2120,CAES,0.0,0.0,-0.0
2120,PHS,0.0,0.0,-0.0
2120,H2,0.0,0.0,-0.0
2121,Li-Ion,0.0,0.0,-0.0
2121,CAES,0.0,0.0,-0.0
2121,PHS,0.0,0.0,-0.0
2121,H2,0.0,0.0,-0.0
2122,Li-Ion,0.0,0.0,-0.0
2122,CAES,0.0,0.0,-0.0
2122,PHS,0.0,0.0,-0.0
2122,H2,0.0,0.0,-0.0
2123,Li-Ion,0.0,0.0,-0.0
2123,CAES,0.0,0.0,-0.0
2123,PHS,0.0,0.0,-0.0
2123,H2,0.0,0.0,-0.0
2124,Li-Ion,0.0,0.0,-0.0
2124,CAES,0.0,0.0,-0.0
2124,PHS,0.0,0.0,-0.0
2124,H2,0.0,0.0,-0.0
2125,Li-Ion,0.0,0.0,-0.0
2125,CAES,0.0,0.0,-0.0
2125,PHS,0.0,0.0,-0.0
2125,H2,0.0,0.0,-0.0
2126,Li-Ion,0.0,0.0,-0.0
2126,CAES,0.0,0.0,-0.0
2126,PHS,0.0,0.0,-0.0
2126,H2,0.0,0.0,-0.0
2127,Li-Ion,0.0,0.0,-0.0
2127,CAES,0.0,0.0,-0.0
2127,PHS,0.0,0.0,-0.0
2127,H2,0.0,0.0,-0.0
2128,Li-Ion,0.0,0.0,-0.0
2128,CAES,0.0,0.0,-0.0
2128,PHS,0.0,0.0,-0.0
2128,H2,0.0,0.0,-0.0
2129,Li-Ion,0.0,0.0,-0.0
2129,CAES,0.0,0.0,-0.0
2129,PHS,0.0,0.0,-0.0
2129,H2,0.0,0.0,-0.0
2130,Li-Ion,0.0,0.0,-0.0
2130,CAES,0.0,0.0,-0.0
2130,PHS,0.0,0.0,-0.0
2130,H2,0.0,0.0,-0.0
2131,Li-Ion,0.0,0.0,-0.0
2131,CAES,0.0,0.0,-0.0
2131,PHS,0.0,0.0,-0.0
2131,H2,0.0,0.0,-0.0
2132,Li-Ion,0.0,0.0,-0.0
2132,CAES,0.0,0.0,-0.0
2132,PHS,0.0,0.0,-0.0
2132,H2,0.0,0.0,-0.0
2133,Li-Ion,0.0,0.0,-0.0
2133,CAES,0.0,0.0,-0.0
2133,PHS,0.0,0.0,-0.0
2133,H2,0.0,0.0,-0.0
2134,Li-Ion,0.0,0.0,-0.0
2134,CAES,0.0,0.0,-0.0
2134,PHS,0.0,0.0,-0.0
2134,H2,0.0,0.0,-0.0
2135,Li-Ion,0.0,0.0,-0.0
2135,CAES,0.0,0.0,-0.0
2135,PHS,0.0,0.0,-0.0
2135,H2,0.0,0.0,-0.0
2136,Li-Ion,0.0,0.0,-0.0
2136,CAES,0.0,0.0,-0.0
2136,PHS,0.0,0.0,-0.0
2136,H2,0.0,0.0,-0.0
2137,Li-Ion,0.0,0.0,-0.0
2137,CAES,0.0,0.0,-0.0
2137,PHS,0.0,0.0,-0.0
2137,H2,0.0,0.0,-0.0
2138,Li-Ion,0.0,0.0,-0.0
2138,CAES,0.0,0.0,-0.0
2138,PHS,0.0,0.0,-0.0
2138,H2,0.0,0.0,-0.0
2139,Li-Ion,0.0,0.0,-0.0
2139,CAES,0.0,0.0,-0.0
2139,PHS,0.0,0.0,-0.0
2139,H2,0.0,0.0,-0.0
2140,Li-Ion,0.0,0.0,-0.0
2140,CAES,0.0,0.0,-0.0
2140,PHS,0.0,0.0,-0.0
2140,H2,0.0,0.0,-0.0
2141,Li-Ion,0.0,0.0,-0.0
2141,CAES,0.0,0.0,-0.0
2141,PHS,0.0,0.0,-0.0
2141,H2,0.0,0.0,-0.0
2142,Li-Ion,0.0,0.0,-0.0
2142,CAES,0.0,0.0,-0.0
2142,PHS,0.0,0.0,-0.0
2142,H2,0.0,0.0,-0.0
2143,Li-Ion,0.0,0.0,-0.0
2143,CAES,0.0,0.0,-0.0
2143,PHS,0.0,0.0,-0.0
2143,H2,0.0,0.0,-0.0
2144,Li-Ion,0.0,0.0,-0.0
2144,CAES,0.0,0.0,-0.0
2144,PHS,0.0,0.0,-0.0
2144,H2,0.0,0.0,-0.0
2145,Li-Ion,0.0,0.0,-0.0
2145,CAES,0.0,0.0,-0.0
2145,PHS,0.0,0.0,-0.0
2145,H2,0.0,0.0,-0.0
2146,Li-Ion,0.0,0.0,-0.0
2146,CAES,0.0,0.0,-0.0
2146,PHS,0.0,0.0,-0.0
2146,H2,0.0,0.0,-0.0
2147,Li-Ion,0.0,0.0,-0.0
2147,CAES,0.0,0.0,-0.0
2147,PHS,0.0,0.0,-0.0
2147,H2,0.0,0.0,-0.0
2148,Li-Ion,0.0,0.0,-0.0
2148,CAES,0.0,0.0,-0.0
2148,PHS,0.0,0.0,-0.0
2148,H2,0.0,0.0,-0.0
2149,Li-Ion,0.0,0.0,-0.0
2149,CAES,0.0,0.0,-0.0
2149,PHS,0.0,0.0,-0.0
2149,H2,0.0,0.0,-0.0
2150,Li-Ion,0.0,0.0,-0.0
2150,CAES,0.0,0.0,-0.0
2150,PHS,0.0,0.0,-0.0
2150,H2,0.0,0.0,-0.0
2151,Li-Ion,0.0,0.0,-0.0
2151,CAES,0.0,0.0,-0.0
2151,PHS,0.0,0.0,-0.0
2151,H2,0.0,0.0,-0.0
2152,Li-Ion,0.0,0.0,-0.0
2152,CAES,0.0,0.0,-0.0
2152,PHS,0.0,0.0,-0.0
2152,H2,0.0,0.0,-0.0
2153,Li-Ion,0.0,0.0,-0.0
2153,CAES,0.0,0.0,-0.0
2153,PHS,0.0,0.0,-0.0
2153,H2,0.0,0.0,-0.0
2154,Li-Ion,0.0,0.0,-0.0
2154,CAES,0.0,0.0,-0.0
2154,PHS,0.0,0.0,-0.0
2154,H2,0.0,0.0,-0.0
2155,Li-Ion,0.0,0.0,-0.0
2155,CAES,0.0,0.0,-0.0
2155,PHS,0.0,0.0,-0.0
2155,H2,0.0,0.0,-0.0
2156,Li-Ion,0.0,0.0,-0.0
2156,CAES,0.0,0.0,-0.0
2156,PHS,0.0,0.0,-0.0
2156,H2,0.0,0.0,-0.0
2157,Li-Ion,0.0,0.0,-0.0
2157,CAES,0.0,0.0,-0.0
2157,PHS,0.0,0.0,-0.0
2157,H2,0.0,0.0,-0.0
2158,Li-Ion,0.0,0.0,-0.0
2158,CAES,0.0,0.0,-0.0
2158,PHS,0.0,0.0,-0.0
2158,H2,0.0,0.0,-0.0
2159,Li-Ion,0.0,0.0,-0.0
2159,CAES,0.0,0.0,-0.0
2159,PHS,0.0,0.0,-0.0
2159,H2,0.0,0.0,-0.0
2160,Li-Ion,0.0,0.0,-0.0
2160,CAES,0.0,0.0,-0.0
2160,PHS,0.0,0.0,-0.0
2160,H2,0.0,0.0,-0.0
2161,Li-Ion,0.0,0.0,-0.0
2161,CAES,0.0,0.0,-0.0
2161,PHS,0.0,0.0,-0.0
2161,H2,0.0,0.0,-0.0
2162,Li-Ion,0.0,0.0,-0.0
2162,CAES,0.0,0.0,-0.0
2162,PHS,0.0,0.0,-0.0
2162,H2,0.0,0.0,-0.0
2163,Li-Ion,0.0,0.0,-0.0
2163,CAES,0.0,0.0,-0.0
2163,PHS,0.0,0.0,-0.0
2163,H2,0.0,0.0,-0.0
2164,Li-Ion,0.0,0.0,-0.0
2164,CAES,0.0,0.0,-0.0
2164,PHS,0.0,0.0,-0.0
2164,H2,0.0,0.0,-0.0
2165,Li-Ion,0.0,0.0,-0.0
2165,CAES,0.0,0.0,-0.0
2165,PHS,0.0,0.0,-0.0
2165,H2,0.0,0.0,-0.0
2166,Li-Ion,0.0,0.0,-0.0
2166,CAES,0.0,0.0,-0.0
2166,PHS,0.0,0.0,-0.0
2166,H2,0.0,0.0,-0.0
2167,Li-Ion,0.0,0.0,-0.0
2167,CAES,0.0,0.0,-0.0
2167,PHS,0.0,0.0,-0.0
2167,H2,0.0,0.0,-0.0
2168,Li-Ion,0.0,0.0,-0.0
2168,CAES,0.0,0.0,-0.0
2168,PHS,0.0,0.0,-0.0
2168,H2,0.0,0.0,-0.0
2169,Li-Ion,0.0,0.0,-0.0
2169,CAES,0.0,0.0,-0.0
2169,PHS,0.0,0.0,-0.0
2169,H2,0.0,0.0,-0.0
2170,Li-Ion,0.0,0.0,-0.0
2170,CAES,0.0,0.0,-0.0
2170,PHS,0.0,0.0,-0.0
2170,H2,0.0,0.0,-0.0
2171,Li-Ion,0.0,0.0,-0.0
2171,CAES,0.0,0.0,-0.0
2171,PHS,0.0,0.0,-0.0
2171,H2,0.0,0.0,-0.0
2172,Li-Ion,0.0,0.0,-0.0
2172,CAES,0.0,0.0,-0.0
2172,PHS,0.0,0.0,-0.0
2172,H2,0.0,0.0,-0.0
2173,Li-Ion,0.0,0.0,-0.0
2173,CAES,0.0,0.0,-0.0
2173,PHS,0.0,0.0,-0.0
2173,H2,0.0,0.0,-0.0
2174,Li-Ion,0.0,0.0,-0.0
2174,CAES,0.0,0.0,-0.0
2174,PHS,0.0,0.0,-0.0
2174,H2,0.0,0.0,-0.0
2175,Li-Ion,0.0,0.0,-0.0
2175,CAES,0.0,0.0,-0.0
2175,PHS,0.0,0.0,-0.0
2175,H2,0.0,0.0,-0.0
2176,Li-Ion,0.0,0.0,-0.0
2176,CAES,0.0,0.0,-0.0
2176,PHS,0.0,0.0,-0.0
2176,H2,0.0,0.0,-0.0
2177,Li-Ion,0.0,0.0,-0.0
2177,CAES,0.0,0.0,-0.0
2177,PHS,0.0,0.0,-0.0
2177,H2,0.0,0.0,-0.0
2178,Li-Ion,0.0,0.0,-0.0
2178,CAES,0.0,0.0,-0.0
2178,PHS,0.0,0.0,-0.0
2178,H2,0.0,0.0,-0.0
2179,Li-Ion,0.0,0.0,-0.0
2179,CAES,0.0,0.0,-0.0
2179,PHS,0.0,0.0,-0.0
2179,H2,0.0,0.0,-0.0
2180,Li-Ion,0.0,0.0,-0.0
2180,CAES,0.0,0.0,-0.0
2180,PHS,0.0,0.0,-0.0
2180,H2,0.0,0.0,-0.0
2181,Li-Ion,0.0,0.0,-0.0
2181,CAES,0.0,0.0,-0.0
2181,PHS,0.0,0.0,-0.0
2181,H2,0.0,0.0,-0.0
2182,Li-Ion,0.0,0.0,-0.0
2182,CAES,0.0,0.0,-0.0
2182,PHS,0.0,0.0,-0.0
2182,H2,0.0,0.0,-0.0
2183,Li-Ion,0.0,0.0,-0.0
2183,CAES,0.0,0.0,-0.0
2183,PHS,0.0,0.0,-0.0
2183,H2,0.0,0.0,-0.0
2184,Li-Ion,0.0,0.0,-0.0
2184,CAES,0.0,0.0,-0.0
2184,PHS,0.0,0.0,-0.0
2184,H2,0.0,0.0,-0.0
2185,Li-Ion,0.0,0.0,-0.0
2185,CAES,0.0,0.0,-0.0
2185,PHS,0.0,0.0,-0.0
2185,H2,0.0,0.0,-0.0
2186,Li-Ion,0.0,0.0,-0.0
2186,CAES,0.0,0.0,-0.0
2186,PHS,0.0,0.0,-0.0
2186,H2,0.0,0.0,-0.0
2187,Li-Ion,0.0,0.0,-0.0
2187,CAES,0.0,0.0,-0.0
2187,PHS,0.0,0.0,-0.0
2187,H2,0.0,0.0,-0.0
2188,Li-Ion,0.0,0.0,-0.0
2188,CAES,0.0,0.0,-0.0
2188,PHS,0.0,0.0,-0.0
2188,H2,0.0,0.0,-0.0
2189,Li-Ion,0.0,0.0,-0.0
2189,CAES,0.0,0.0,-0.0
2189,PHS,0.0,0.0,-0.0
2189,H2,0.0,0.0,-0.0
2190,Li-Ion,0.0,0.0,-0.0
2190,CAES,0.0,0.0,-0.0
2190,PHS,0.0,0.0,-0.0
2190,H2,0.0,0.0,-0.0
2191,Li-Ion,0.0,0.0,-0.0
2191,CAES,0.0,0.0,-0.0
2191,PHS,0.0,0.0,-0.0
2191,H2,0.0,0.0,-0.0
2192,Li-Ion,0.0,0.0,-0.0
2192,CAES,0.0,0.0,-0.0
2192,PHS,0.0,0.0,-0.0
2192,H2,0.0,0.0,-0.0
2193,Li-Ion,0.0,0.0,-0.0
2193,CAES,0.0,0.0,-0.0
2193,PHS,0.0,0.0,-0.0
2193,H2,0.0,0.0,-0.0
2194,Li-Ion,0.0,0.0,-0.0
2194,CAES,0.0,0.0,-0.0
2194,PHS,0.0,0.0,-0.0
2194,H2,0.0,0.0,-0.0
2195,Li-Ion,0.0,0.0,-0.0
2195,CAES,0.0,0.0,-0.0
2195,PHS,0.0,0.0,-0.0
2195,H2,0.0,0.0,-0.0
2196,Li-Ion,0.0,0.0,-0.0
2196,CAES,0.0,0.0,-0.0
2196,PHS,0.0,0.0,-0.0
2196,H2,0.0,0.0,-0.0
2197,Li-Ion,0.0,0.0,-0.0
2197,CAES,0.0,0.0,-0.0
2197,PHS,0.0,0.0,-0.0
2197,H2,0.0,0.0,-0.0
2198,Li-Ion,0.0,0.0,-0.0
2198,CAES,0.0,0.0,-0.0
2198,PHS,0.0,0.0,-0.0
2198,H2,0.0,0.0,-0.0
2199,Li-Ion,0.0,0.0,-0.0
2199,CAES,0.0,0.0,-0.0
2199,PHS,0.0,0.0,-0.0
2199,H2,0.0,0.0,-0.0
2200,Li-Ion,0.0,0.0,-0.0
2200,CAES,0.0,0.0,-0.0
2200,PHS,0.0,0.0,-0.0
2200,H2,0.0,0.0,-0.0
2201,Li-Ion,0.0,0.0,-0.0
2201,CAES,0.0,0.0,-0.0
2201,PHS,0.0,0.0,-0.0
2201,H2,0.0,0.0,-0.0
2202,Li-Ion,0.0,0.0,-0.0
2202,CAES,0.0,0.0,-0.0
2202,PHS,0.0,0.0,-0.0
2202,H2,0.0,0.0,-0.0
2203,Li-Ion,0.0,0.0,-0.0
2203,CAES,0.0,0.0,-0.0
2203,PHS,0.0,0.0,-0.0
2203,H2,0.0,0.0,-0.0
2204,Li-Ion,0.0,0.0,-0.0
2204,CAES,0.0,0.0,-0.0
2204,PHS,0.0,0.0,-0.0
2204,H2,0.0,0.0,-0.0
2205,Li-Ion,0.0,0.0,-0.0
2205,CAES,0.0,0.0,-0.0
2205,PHS,0.0,0.0,-0.0
2205,H2,0.0,0.0,-0.0
2206,Li-Ion,0.0,0.0,-0.0
2206,CAES,0.0,0.0,-0.0
2206,PHS,0.0,0.0,-0.0
2206,H2,0.0,0.0,-0.0
2207,Li-Ion,0.0,0.0,-0.0
2207,CAES,0.0,0.0,-0.0
2207,PHS,0.0,0.0,-0.0
2207,H2,0.0,0.0,-0.0
2208,Li-Ion,0.0,0.0,-0.0
2208,CAES,0.0,0.0,-0.0
2208,PHS,0.0,0.0,-0.0
2208,H2,0.0,0.0,-0.0
2209,Li-Ion,0.0,0.0,-0.0
2209,CAES,0.0,0.0,-0.0
2209,PHS,0.0,0.0,-0.0
2209,H2,0.0,0.0,-0.0
2210,Li-Ion,0.0,0.0,-0.0
2210,CAES,0.0,0.0,-0.0
2210,PHS,0.0,0.0,-0.0
2210,H2,0.0,0.0,-0.0
2211,Li-Ion,0.0,0.0,-0.0
2211,CAES,0.0,0.0,-0.0
2211,PHS,0.0,0.0,-0.0
2211,H2,0.0,0.0,-0.0
2212,Li-Ion,0.0,0.0,-0.0
2212,CAES,0.0,0.0,-0.0
2212,PHS,0.0,0.0,-0.0
2212,H2,0.0,0.0,-0.0
2213,Li-Ion,0.0,0.0,-0.0
2213,CAES,0.0,0.0,-0.0
2213,PHS,0.0,0.0,-0.0
2213,H2,0.0,0.0,-0.0
2214,Li-Ion,0.0,0.0,-0.0
2214,CAES,0.0,0.0,-0.0
2214,PHS,0.0,0.0,-0.0
2214,H2,0.0,0.0,-0.0
2215,Li-Ion,0.0,0.0,-0.0
2215,CAES,0.0,0.0,-0.0
2215,PHS,0.0,0.0,-0.0
2215,H2,0.0,0.0,-0.0
2216,Li-Ion,0.0,0.0,-0.0
2216,CAES,0.0,0.0,-0.0
2216,PHS,0.0,0.0,-0.0
2216,H2,0.0,0.0,-0.0
2217,Li-Ion,0.0,0.0,-0.0
2217,CAES,0.0,0.0,-0.0
2217,PHS,0.0,0.0,-0.0
2217,H2,0.0,0.0,-0.0
2218,Li-Ion,0.0,0.0,-0.0
2218,CAES,0.0,0.0,-0.0
2218,PHS,0.0,0.0,-0.0
2218,H2,0.0,0.0,-0.0
2219,Li-Ion,0.0,0.0,-0.0
2219,CAES,0.0,0.0,-0.0
2219,PHS,0.0,0.0,-0.0
2219,H2,0.0,0.0,-0.0
2220,Li-Ion,0.0,0.0,-0.0
2220,CAES,0.0,0.0,-0.0
2220,PHS,0.0,0.0,-0.0
2220,H2,0.0,0.0,-0.0
2221,Li-Ion,0.0,0.0,-0.0
2221,CAES,0.0,0.0,-0.0
2221,PHS,0.0,0.0,-0.0
2221,H2,0.0,0.0,-0.0
2222,Li-Ion,0.0,0.0,-0.0
2222,CAES,0.0,0.0,-0.0
2222,PHS,0.0,0.0,-0.0
2222,H2,0.0,0.0,-0.0
2223,Li-Ion,0.0,0.0,-0.0
2223,CAES,0.0,0.0,-0.0
2223,PHS,0.0,0.0,-0.0
2223,H2,0.0,0.0,-0.0
2224,Li-Ion,0.0,0.0,-0.0
2224,CAES,0.0,0.0,-0.0
2224,PHS,0.0,0.0,-0.0
2224,H2,0.0,0.0,-0.0
2225,Li-Ion,0.0,0.0,-0.0
2225,CAES,0.0,0.0,-0.0
2225,PHS,0.0,0.0,-0.0
2225,H2,0.0,0.0,-0.0
2226,Li-Ion,0.0,0.0,-0.0
2226,CAES,0.0,0.0,-0.0
2226,PHS,0.0,0.0,-0.0
2226,H2,0.0,0.0,-0.0
2227,Li-Ion,0.0,0.0,-0.0
2227,CAES,0.0,0.0,-0.0
2227,PHS,0.0,0.0,-0.0
2227,H2,0.0,0.0,-0.0
2228,Li-Ion,0.0,0.0,-0.0
2228,CAES,0.0,0.0,-0.0
2228,PHS,0.0,0.0,-0.0
2228,H2,0.0,0.0,-0.0
2229,Li-Ion,0.0,0.0,-0.0
2229,CAES,0.0,0.0,-0.0
2229,PHS,0.0,0.0,-0.0
2229,H2,0.0,0.0,-0.0
2230,Li-Ion,0.0,0.0,-0.0
2230,CAES,0.0,0.0,-0.0
2230,PHS,0.0,0.0,-0.0
2230,H2,0.0,0.0,-0.0
2231,Li-Ion,0.0,0.0,-0.0
2231,CAES,0.0,0.0,-0.0
2231,PHS,0.0,0.0,-0.0
2231,H2,0.0,0.0,-0.0
2232,Li-Ion,0.0,0.0,-0.0
2232,CAES,0.0,0.0,-0.0
2232,PHS,0.0,0.0,-0.0
2232,H2,0.0,0.0,-0.0
2233,Li-Ion,0.0,0.0,-0.0
2233,CAES,0.0,0.0,-0.0
2233,PHS,0.0,0.0,-0.0
2233,H2,0.0,0.0,-0.0
2234,Li-Ion,0.0,0.0,-0.0
2234,CAES,0.0,0.0,-0.0
2234,PHS,0.0,0.0,-0.0
2234,H2,0.0,0.0,-0.0
2235,Li-Ion,0.0,0.0,-0.0
2235,CAES,0.0,0.0,-0.0
2235,PHS,0.0,0.0,-0.0
2235,H2,0.0,0.0,-0.0
2236,Li-Ion,0.0,0.0,-0.0
2236,CAES,0.0,0.0,-0.0
2236,PHS,0.0,0.0,-0.0
2236,H2,0.0,0.0,-0.0
2237,Li-Ion,0.0,0.0,-0.0
2237,CAES,0.0,0.0,-0.0
2237,PHS,0.0,0.0,-0.0
2237,H2,0.0,0.0,-0.0
2238,Li-Ion,0.0,0.0,-0.0
2238,CAES,0.0,0.0,-0.0
2238,PHS,0.0,0.0,-0.0
2238,H2,0.0,0.0,-0.0
2239,Li-Ion,0.0,0.0,-0.0
2239,CAES,0.0,0.0,-0.0
2239,PHS,0.0,0.0,-0.0
2239,H2,0.0,0.0,-0.0
2240,Li-Ion,0.0,0.0,-0.0
2240,CAES,0.0,0.0,-0.0
2240,PHS,0.0,0.0,-0.0
2240,H2,0.0,0.0,-0.0
2241,Li-Ion,0.0,0.0,-0.0
2241,CAES,0.0,0.0,-0.0
2241,PHS,0.0,0.0,-0.0
2241,H2,0.0,0.0,-0.0
2242,Li-Ion,0.0,0.0,-0.0
2242,CAES,0.0,0.0,-0.0
2242,PHS,0.0,0.0,-0.0
2242,H2,0.0,0.0,-0.0
2243,Li-Ion,0.0,0.0,-0.0
2243,CAES,0.0,0.0,-0.0
2243,PHS,0.0,0.0,-0.0
2243,H2,0.0,0.0,-0.0
2244,Li-Ion,0.0,0.0,-0.0
2244,CAES,0.0,0.0,-0.0
2244,PHS,0.0,0.0,-0.0
2244,H2,0.0,0.0,-0.0
2245,Li-Ion,0.0,0.0,-0.0
2245,CAES,0.0,0.0,-0.0
2245,PHS,0.0,0.0,-0.0
2245,H2,0.0,0.0,-0.0
2246,Li-Ion,0.0,0.0,-0.0
2246,CAES,0.0,0.0,-0.0
2246,PHS,0.0,0.0,-0.0
2246,H2,0.0,0.0,-0.0
2247,Li-Ion,0.0,0.0,-0.0
2247,CAES,0.0,0.0,-0.0
2247,PHS,0.0,0.0,-0.0
2247,H2,0.0,0.0,-0.0
2248,Li-Ion,0.0,0.0,-0.0
2248,CAES,0.0,0.0,-0.0
2248,PHS,0.0,0.0,-0.0
2248,H2,0.0,0.0,-0.0
2249,Li-Ion,0.0,0.0,-0.0
2249,CAES,0.0,0.0,-0.0
2249,PHS,0.0,0.0,-0.0
2249,H2,0.0,0.0,-0.0
2250,Li-Ion,0.0,0.0,-0.0
2250,CAES,0.0,0.0,-0.0
2250,PHS,0.0,0.0,-0.0
2250,H2,0.0,0.0,-0.0
2251,Li-Ion,0.0,0.0,-0.0
2251,CAES,0.0,0.0,-0.0
2251,PHS,0.0,0.0,-0.0
2251,H2,0.0,0.0,-0.0
2252,Li-Ion,0.0,0.0,-0.0
2252,CAES,0.0,0.0,-0.0
2252,PHS,0.0,0.0,-0.0
2252,H2,0.0,0.0,-0.0
2253,Li-Ion,0.0,0.0,-0.0
2253,CAES,0.0,0.0,-0.0
2253,PHS,0.0,0.0,-0.0
2253,H2,0.0,0.0,-0.0
2254,Li-Ion,0.0,0.0,-0.0
2254,CAES,0.0,0.0,-0.0
2254,PHS,0.0,0.0,-0.0
2254,H2,0.0,0.0,-0.0
2255,Li-Ion,0.0,0.0,-0.0
2255,CAES,0.0,0.0,-0.0
2255,PHS,0.0,0.0,-0.0
2255,H2,0.0,0.0,-0.0
2256,Li-Ion,0.0,0.0,-0.0
2256,CAES,0.0,0.0,-0.0
2256,PHS,0.0,0.0,-0.0
2256,H2,0.0,0.0,-0.0
2257,Li-Ion,0.0,0.0,-0.0
2257,CAES,0.0,0.0,-0.0
2257,PHS,0.0,0.0,-0.0
2257,H2,0.0,0.0,-0.0
2258,Li-Ion,0.0,0.0,-0.0
2258,CAES,0.0,0.0,-0.0
2258,PHS,0.0,0.0,-0.0
2258,H2,0.0,0.0,-0.0
2259,Li-Ion,0.0,0.0,-0.0
2259,CAES,0.0,0.0,-0.0
2259,PHS,0.0,0.0,-0.0
2259,H2,0.0,0.0,-0.0
2260,Li-Ion,0.0,0.0,-0.0
2260,CAES,0.0,0.0,-0.0
2260,PHS,0.0,0.0,-0.0
2260,H2,0.0,0.0,-0.0
2261,Li-Ion,0.0,0.0,-0.0
2261,CAES,0.0,0.0,-0.0
2261,PHS,0.0,0.0,-0.0
2261,H2,0.0,0.0,-0.0
2262,Li-Ion,0.0,0.0,-0.0
2262,CAES,0.0,0.0,-0.0
2262,PHS,0.0,0.0,-0.0
2262,H2,0.0,0.0,-0.0
2263,Li-Ion,0.0,0.0,-0.0
2263,CAES,0.0,0.0,-0.0
2263,PHS,0.0,0.0,-0.0
2263,H2,0.0,0.0,-0.0
2264,Li-Ion,0.0,0.0,-0.0
2264,CAES,0.0,0.0,-0.0
2264,PHS,0.0,0.0,-0.0
2264,H2,0.0,0.0,-0.0
2265,Li-Ion,0.0,0.0,-0.0
2265,CAES,0.0,0.0,-0.0
2265,PHS,0.0,0.0,-0.0
2265,H2,0.0,0.0,-0.0
2266,Li-Ion,0.0,0.0,-0.0
2266,CAES,0.0,0.0,-0.0
2266,PHS,0.0,0.0,-0.0
2266,H2,0.0,0.0,-0.0
2267,Li-Ion,0.0,0.0,-0.0
2267,CAES,0.0,0.0,-0.0
2267,PHS,0.0,0.0,-0.0
2267,H2,0.0,0.0,-0.0
2268,Li-Ion,0.0,0.0,-0.0
2268,CAES,0.0,0.0,-0.0
2268,PHS,0.0,0.0,-0.0
2268,H2,0.0,0.0,-0.0
2269,Li-Ion,0.0,0.0,-0.0
2269,CAES,0.0,0.0,-0.0
2269,PHS,0.0,0.0,-0.0
2269,H2,0.0,0.0,-0.0
2270,Li-Ion,0.0,0.0,-0.0
2270,CAES,0.0,0.0,-0.0
2270,PHS,0.0,0.0,-0.0
2270,H2,0.0,0.0,-0.0
2271,Li-Ion,0.0,0.0,-0.0
2271,CAES,0.0,0.0,-0.0
2271,PHS,0.0,0.0,-0.0
2271,H2,0.0,0.0,-0.0
2272,Li-Ion,0.0,0.0,-0.0
2272,CAES,0.0,0.0,-0.0
2272,PHS,0.0,0.0,-0.0
2272,H2,0.0,0.0,-0.0
2273,Li-Ion,0.0,0.0,-0.0
2273,CAES,0.0,0.0,-0.0
2273,PHS,0.0,0.0,-0.0
2273,H2,0.0,0.0,-0.0
2274,Li-Ion,0.0,0.0,-0.0
2274,CAES,0.0,0.0,-0.0
2274,PHS,0.0,0.0,-0.0
2274,H2,0.0,0.0,-0.0
2275,Li-Ion,0.0,0.0,-0.0
2275,CAES,0.0,0.0,-0.0
2275,PHS,0.0,0.0,-0.0
2275,H2,0.0,0.0,-0.0
2276,Li-Ion,0.0,0.0,-0.0
2276,CAES,0.0,0.0,-0.0
2276,PHS,0.0,0.0,-0.0
2276,H2,0.0,0.0,-0.0
2277,Li-Ion,0.0,0.0,-0.0
2277,CAES,0.0,0.0,-0.0
2277,PHS,0.0,0.0,-0.0
2277,H2,0.0,0.0,-0.0
2278,Li-Ion,0.0,0.0,-0.0
2278,CAES,0.0,0.0,-0.0
2278,PHS,0.0,0.0,-0.0
2278,H2,0.0,0.0,-0.0
2279,Li-Ion,0.0,0.0,-0.0
2279,CAES,0.0,0.0,-0.0
2279,PHS,0.0,0.0,-0.0
2279,H2,0.0,0.0,-0.0
2280,Li-Ion,0.0,0.0,-0.0
2280,CAES,0.0,0.0,-0.0
2280,PHS,0.0,0.0,-0.0
2280,H2,0.0,0.0,-0.0
2281,Li-Ion,0.0,0.0,-0.0
2281,CAES,0.0,0.0,-0.0
2281,PHS,0.0,0.0,-0.0
2281,H2,0.0,0.0,-0.0
2282,Li-Ion,0.0,0.0,-0.0
2282,CAES,0.0,0.0,-0.0
2282,PHS,0.0,0.0,-0.0
2282,H2,0.0,0.0,-0.0
2283,Li-Ion,0.0,0.0,-0.0
2283,CAES,0.0,0.0,-0.0
2283,PHS,0.0,0.0,-0.0
2283,H2,0.0,0.0,-0.0
2284,Li-Ion,0.0,0.0,-0.0
2284,CAES,0.0,0.0,-0.0
2284,PHS,0.0,0.0,-0.0
2284,H2,0.0,0.0,-0.0
2285,Li-Ion,0.0,0.0,-0.0
2285,CAES,0.0,0.0,-0.0
2285,PHS,0.0,0.0,-0.0
2285,H2,0.0,0.0,-0.0
2286,Li-Ion,0.0,0.0,-0.0
2286,CAES,0.0,0.0,-0.0
2286,PHS,0.0,0.0,-0.0
2286,H2,0.0,0.0,-0.0
2287,Li-Ion,0.0,0.0,-0.0
2287,CAES,0.0,0.0,-0.0
2287,PHS,0.0,0.0,-0.0
2287,H2,0.0,0.0,-0.0
2288,Li-Ion,0.0,0.0,-0.0
2288,CAES,0.0,0.0,-0.0
2288,PHS,0.0,0.0,-0.0
2288,H2,0.0,0.0,-0.0
2289,Li-Ion,0.0,0.0,-0.0
2289,CAES,0.0,0.0,-0.0
2289,PHS,0.0,0.0,-0.0
2289,H2,0.0,0.0,-0.0
2290,Li-Ion,0.0,0.0,-0.0
2290,CAES,0.0,0.0,-0.0
2290,PHS,0.0,0.0,-0.0
2290,H2,0.0,0.0,-0.0
2291,Li-Ion,0.0,0.0,-0.0
2291,CAES,0.0,0.0,-0.0
2291,PHS,0.0,0.0,-0.0
2291,H2,0.0,0.0,-0.0
2292,Li-Ion,0.0,0.0,-0.0
2292,CAES,0.0,0.0,-0.0
2292,PHS,0.0,0.0,-0.0
2292,H2,0.0,0.0,-0.0
2293,Li-Ion,0.0,0.0,-0.0
2293,CAES,0.0,0.0,-0.0
2293,PHS,0.0,0.0,-0.0
2293,H2,0.0,0.0,-0.0
2294,Li-Ion,0.0,0.0,-0.0
2294,CAES,0.0,0.0,-0.0
2294,PHS,0.0,0.0,-0.0
2294,H2,0.0,0.0,-0.0
2295,Li-Ion,0.0,0.0,-0.0
2295,CAES,0.0,0.0,-0.0
2295,PHS,0.0,0.0,-0.0
2295,H2,0.0,0.0,-0.0
2296,Li-Ion,0.0,0.0,-0.0
2296,CAES,0.0,0.0,-0.0
2296,PHS,0.0,0.0,-0.0
2296,H2,0.0,0.0,-0.0
2297,Li-Ion,0.0,0.0,-0.0
2297,CAES,0.0,0.0,-0.0
2297,PHS,0.0,0.0,-0.0
2297,H2,0.0,0.0,-0.0
2298,Li-Ion,0.0,0.0,-0.0
2298,CAES,0.0,0.0,-0.0
2298,PHS,0.0,0.0,-0.0
2298,H2,0.0,0.0,-0.0
2299,Li-Ion,0.0,0.0,-0.0
2299,CAES,0.0,0.0,-0.0
2299,PHS,0.0,0.0,-0.0
2299,H2,0.0,0.0,-0.0
2300,Li-Ion,0.0,0.0,-0.0
2300,CAES,0.0,0.0,-0.0
2300,PHS,0.0,0.0,-0.0
2300,H2,0.0,0.0,-0.0
2301,Li-Ion,0.0,0.0,-0.0
2301,CAES,0.0,0.0,-0.0
2301,PHS,0.0,0.0,-0.0
2301,H2,0.0,0.0,-0.0
2302,Li-Ion,0.0,0.0,-0.0
2302,CAES,0.0,0.0,-0.0
2302,PHS,0.0,0.0,-0.0
2302,H2,0.0,0.0,-0.0
2303,Li-Ion,0.0,0.0,-0.0
2303,CAES,0.0,0.0,-0.0
2303,PHS,0.0,0.0,-0.0
2303,H2,0.0,0.0,-0.0
2304,Li-Ion,0.0,0.0,-0.0
2304,CAES,0.0,0.0,-0.0
2304,PHS,0.0,0.0,-0.0
2304,H2,0.0,0.0,-0.0
2305,Li-Ion,0.0,0.0,-0.0
2305,CAES,0.0,0.0,-0.0
2305,PHS,0.0,0.0,-0.0
2305,H2,0.0,0.0,-0.0
2306,Li-Ion,0.0,0.0,-0.0
2306,CAES,0.0,0.0,-0.0
2306,PHS,0.0,0.0,-0.0
2306,H2,0.0,0.0,-0.0
2307,Li-Ion,0.0,0.0,-0.0
2307,CAES,0.0,0.0,-0.0
2307,PHS,0.0,0.0,-0.0
2307,H2,0.0,0.0,-0.0
2308,Li-Ion,0.0,0.0,-0.0
2308,CAES,0.0,0.0,-0.0
2308,PHS,0.0,0.0,-0.0
2308,H2,0.0,0.0,-0.0
2309,Li-Ion,0.0,0.0,-0.0
2309,CAES,0.0,0.0,-0.0
2309,PHS,0.0,0.0,-0.0
2309,H2,0.0,0.0,-0.0
2310,Li-Ion,0.0,0.0,-0.0
2310,CAES,0.0,0.0,-0.0
2310,PHS,0.0,0.0,-0.0
2310,H2,0.0,0.0,-0.0
2311,Li-Ion,0.0,0.0,-0.0
2311,CAES,0.0,0.0,-0.0
2311,PHS,0.0,0.0,-0.0
2311,H2,0.0,0.0,-0.0
2312,Li-Ion,0.0,0.0,-0.0
2312,CAES,0.0,0.0,-0.0
2312,PHS,0.0,0.0,-0.0
2312,H2,0.0,0.0,-0.0
2313,Li-Ion,0.0,0.0,-0.0
2313,CAES,0.0,0.0,-0.0
2313,PHS,0.0,0.0,-0.0
2313,H2,0.0,0.0,-0.0
2314,Li-Ion,0.0,0.0,-0.0
2314,CAES,0.0,0.0,-0.0
2314,PHS,0.0,0.0,-0.0
2314,H2,0.0,0.0,-0.0
2315,Li-Ion,0.0,0.0,-0.0
2315,CAES,0.0,0.0,-0.0
2315,PHS,0.0,0.0,-0.0
2315,H2,0.0,0.0,-0.0
2316,Li-Ion,0.0,0.0,-0.0
2316,CAES,0.0,0.0,-0.0
2316,PHS,0.0,0.0,-0.0
2316,H2,0.0,0.0,-0.0
2317,Li-Ion,0.0,0.0,-0.0
2317,CAES,0.0,0.0,-0.0
2317,PHS,0.0,0.0,-0.0
2317,H2,0.0,0.0,-0.0
2318,Li-Ion,0.0,0.0,-0.0
2318,CAES,0.0,0.0,-0.0
2318,PHS,0.0,0.0,-0.0
2318,H2,0.0,0.0,-0.0
2319,Li-Ion,0.0,0.0,-0.0
2319,CAES,0.0,0.0,-0.0
2319,PHS,0.0,0.0,-0.0
2319,H2,0.0,0.0,-0.0
2320,Li-Ion,0.0,0.0,-0.0
2320,CAES,0.0,0.0,-0.0
2320,PHS,0.0,0.0,-0.0
2320,H2,0.0,0.0,-0.0
2321,Li-Ion,0.0,0.0,-0.0
2321,CAES,0.0,0.0,-0.0
2321,PHS,0.0,0.0,-0.0
2321,H2,0.0,0.0,-0.0
2322,Li-Ion,0.0,0.0,-0.0
2322,CAES,0.0,0.0,-0.0
2322,PHS,0.0,0.0,-0.0
2322,H2,0.0,0.0,-0.0
2323,Li-Ion,0.0,0.0,-0.0
2323,CAES,0.0,0.0,-0.0
2323,PHS,0.0,0.0,-0.0
2323,H2,0.0,0.0,-0.0
2324,Li-Ion,0.0,0.0,-0.0
2324,CAES,0.0,0.0,-0.0
2324,PHS,0.0,0.0,-0.0
2324,H2,0.0,0.0,-0.0
2325,Li-Ion,0.0,0.0,-0.0
2325,CAES,0.0,0.0,-0.0
2325,PHS,0.0,0.0,-0.0
2325,H2,0.0,0.0,-0.0
2326,Li-Ion,0.0,0.0,-0.0
2326,CAES,0.0,0.0,-0.0
2326,PHS,0.0,0.0,-0.0
2326,H2,0.0,0.0,-0.0
2327,Li-Ion,0.0,0.0,-0.0
2327,CAES,0.0,0.0,-0.0
2327,PHS,0.0,0.0,-0.0
2327,H2,0.0,0.0,-0.0
2328,Li-Ion,0.0,0.0,-0.0
2328,CAES,0.0,0.0,-0.0
2328,PHS,0.0,0.0,-0.0
2328,H2,0.0,0.0,-0.0
2329,Li-Ion,0.0,0.0,-0.0
2329,CAES,0.0,0.0,-0.0
2329,PHS,0.0,0.0,-0.0
2329,H2,0.0,0.0,-0.0
2330,Li-Ion,0.0,0.0,-0.0
2330,CAES,0.0,0.0,-0.0
2330,PHS,0.0,0.0,-0.0
2330,H2,0.0,0.0,-0.0
2331,Li-Ion,0.0,0.0,-0.0
2331,CAES,0.0,0.0,-0.0
2331,PHS,0.0,0.0,-0.0
2331,H2,0.0,0.0,-0.0
2332,Li-Ion,0.0,0.0,-0.0
2332,CAES,0.0,0.0,-0.0
2332,PHS,0.0,0.0,-0.0
2332,H2,0.0,0.0,-0.0
2333,Li-Ion,0.0,0.0,-0.0
2333,CAES,0.0,0.0,-0.0
2333,PHS,0.0,0.0,-0.0
2333,H2,0.0,0.0,-0.0
2334,Li-Ion,0.0,0.0,-0.0
2334,CAES,0.0,0.0,-0.0
2334,PHS,0.0,0.0,-0.0
2334,H2,0.0,0.0,-0.0
2335,Li-Ion,0.0,0.0,-0.0
2335,CAES,0.0,0.0,-0.0
2335,PHS,0.0,0.0,-0.0
2335,H2,0.0,0.0,-0.0
2336,Li-Ion,0.0,0.0,-0.0
2336,CAES,0.0,0.0,-0.0
2336,PHS,0.0,0.0,-0.0
2336,H2,0.0,0.0,-0.0
2337,Li-Ion,0.0,0.0,-0.0
2337,CAES,0.0,0.0,-0.0
2337,PHS,0.0,0.0,-0.0
2337,H2,0.0,0.0,-0.0
2338,Li-Ion,0.0,0.0,-0.0
2338,CAES,0.0,0.0,-0.0
2338,PHS,0.0,0.0,-0.0
2338,H2,0.0,0.0,-0.0
2339,Li-Ion,0.0,0.0,-0.0
2339,CAES,0.0,0.0,-0.0
2339,PHS,0.0,0.0,-0.0
2339,H2,0.0,0.0,-0.0
2340,Li-Ion,0.0,0.0,-0.0
2340,CAES,0.0,0.0,-0.0
2340,PHS,0.0,0.0,-0.0
2340,H2,0.0,0.0,-0.0
2341,Li-Ion,0.0,0.0,-0.0
2341,CAES,0.0,0.0,-0.0
2341,PHS,0.0,0.0,-0.0
2341,H2,0.0,0.0,-0.0
2342,Li-Ion,0.0,0.0,-0.0
2342,CAES,0.0,0.0,-0.0
2342,PHS,0.0,0.0,-0.0
2342,H2,0.0,0.0,-0.0
2343,Li-Ion,0.0,0.0,-0.0
2343,CAES,0.0,0.0,-0.0
2343,PHS,0.0,0.0,-0.0
2343,H2,0.0,0.0,-0.0
2344,Li-Ion,0.0,0.0,-0.0
2344,CAES,0.0,0.0,-0.0
2344,PHS,0.0,0.0,-0.0
2344,H2,0.0,0.0,-0.0
2345,Li-Ion,0.0,0.0,-0.0
2345,CAES,0.0,0.0,-0.0
2345,PHS,0.0,0.0,-0.0
2345,H2,0.0,0.0,-0.0
2346,Li-Ion,0.0,0.0,-0.0
2346,CAES,0.0,0.0,-0.0
2346,PHS,0.0,0.0,-0.0
2346,H2,0.0,0.0,-0.0
2347,Li-Ion,0.0,0.0,-0.0
2347,CAES,0.0,0.0,-0.0
2347,PHS,0.0,0.0,-0.0
2347,H2,0.0,0.0,-0.0
2348,Li-Ion,0.0,0.0,-0.0
2348,CAES,0.0,0.0,-0.0
2348,PHS,0.0,0.0,-0.0
2348,H2,0.0,0.0,-0.0
2349,Li-Ion,0.0,0.0,-0.0
2349,CAES,0.0,0.0,-0.0
2349,PHS,0.0,0.0,-0.0
2349,H2,0.0,0.0,-0.0
2350,Li-Ion,0.0,0.0,-0.0
2350,CAES,0.0,0.0,-0.0
2350,PHS,0.0,0.0,-0.0
2350,H2,0.0,0.0,-0.0
2351,Li-Ion,0.0,0.0,-0.0
2351,CAES,0.0,0.0,-0.0
2351,PHS,0.0,0.0,-0.0
2351,H2,0.0,0.0,-0.0
2352,Li-Ion,0.0,0.0,-0.0
2352,CAES,0.0,0.0,-0.0
2352,PHS,0.0,0.0,-0.0
2352,H2,0.0,0.0,-0.0
2353,Li-Ion,0.0,0.0,-0.0
2353,CAES,0.0,0.0,-0.0
2353,PHS,0.0,0.0,-0.0
2353,H2,0.0,0.0,-0.0
2354,Li-Ion,0.0,0.0,-0.0
2354,CAES,0.0,0.0,-0.0
2354,PHS,0.0,0.0,-0.0
2354,H2,0.0,0.0,-0.0
2355,Li-Ion,0.0,0.0,-0.0
2355,CAES,0.0,0.0,-0.0
2355,PHS,0.0,0.0,-0.0
2355,H2,0.0,0.0,-0.0
2356,Li-Ion,0.0,0.0,-0.0
2356,CAES,0.0,0.0,-0.0
2356,PHS,0.0,0.0,-0.0
2356,H2,0.0,0.0,-0.0
2357,Li-Ion,0.0,0.0,-0.0
2357,CAES,0.0,0.0,-0.0
2357,PHS,0.0,0.0,-0.0
2357,H2,0.0,0.0,-0.0
2358,Li-Ion,0.0,0.0,-0.0
2358,CAES,0.0,0.0,-0.0
2358,PHS,0.0,0.0,-0.0
2358,H2,0.0,0.0,-0.0
2359,Li-Ion,0.0,0.0,-0.0
2359,CAES,0.0,0.0,-0.0
2359,PHS,0.0,0.0,-0.0
2359,H2,0.0,0.0,-0.0
2360,Li-Ion,0.0,0.0,-0.0
2360,CAES,0.0,0.0,-0.0
2360,PHS,0.0,0.0,-0.0
2360,H2,0.0,0.0,-0.0
2361,Li-Ion,0.0,0.0,-0.0
2361,CAES,0.0,0.0,-0.0
2361,PHS,0.0,0.0,-0.0
2361,H2,0.0,0.0,-0.0
2362,Li-Ion,0.0,0.0,-0.0
2362,CAES,0.0,0.0,-0.0
2362,PHS,0.0,0.0,-0.0
2362,H2,0.0,0.0,-0.0
2363,Li-Ion,0.0,0.0,-0.0
2363,CAES,0.0,0.0,-0.0
2363,PHS,0.0,0.0,-0.0
2363,H2,0.0,0.0,-0.0
2364,Li-Ion,0.0,0.0,-0.0
2364,CAES,0.0,0.0,-0.0
2364,PHS,0.0,0.0,-0.0
2364,H2,0.0,0.0,-0.0
2365,Li-Ion,0.0,0.0,-0.0
2365,CAES,0.0,0.0,-0.0
2365,PHS,0.0,0.0,-0.0
2365,H2,0.0,0.0,-0.0
2366,Li-Ion,0.0,0.0,-0.0
2366,CAES,0.0,0.0,-0.0
2366,PHS,0.0,0.0,-0.0
2366,H2,0.0,0.0,-0.0
2367,Li-Ion,0.0,0.0,-0.0
2367,CAES,0.0,0.0,-0.0
2367,PHS,0.0,0.0,-0.0
2367,H2,0.0,0.0,-0.0
2368,Li-Ion,0.0,0.0,-0.0
2368,CAES,0.0,0.0,-0.0
2368,PHS,0.0,0.0,-0.0
2368,H2,0.0,0.0,-0.0
2369,Li-Ion,0.0,0.0,-0.0
2369,CAES,0.0,0.0,-0.0
2369,PHS,0.0,0.0,-0.0
2369,H2,0.0,0.0,-0.0
2370,Li-Ion,0.0,0.0,-0.0
2370,CAES,0.0,0.0,-0.0
2370,PHS,0.0,0.0,-0.0
2370,H2,0.0,0.0,-0.0
2371,Li-Ion,0.0,0.0,-0.0
2371,CAES,0.0,0.0,-0.0
2371,PHS,0.0,0.0,-0.0
2371,H2,0.0,0.0,-0.0
2372,Li-Ion,0.0,0.0,-0.0
2372,CAES,0.0,0.0,-0.0
2372,PHS,0.0,0.0,-0.0
2372,H2,0.0,0.0,-0.0
2373,Li-Ion,0.0,0.0,-0.0
2373,CAES,0.0,0.0,-0.0
2373,PHS,0.0,0.0,-0.0
2373,H2,0.0,0.0,-0.0
2374,Li-Ion,0.0,0.0,-0.0
2374,CAES,0.0,0.0,-0.0
2374,PHS,0.0,0.0,-0.0
2374,H2,0.0,0.0,-0.0
2375,Li-Ion,0.0,0.0,-0.0
2375,CAES,0.0,0.0,-0.0
2375,PHS,0.0,0.0,-0.0
2375,H2,0.0,0.0,-0.0
2376,Li-Ion,0.0,0.0,-0.0
2376,CAES,0.0,0.0,-0.0
2376,PHS,0.0,0.0,-0.0
2376,H2,0.0,0.0,-0.0
2377,Li-Ion,0.0,0.0,-0.0
2377,CAES,0.0,0.0,-0.0
2377,PHS,0.0,0.0,-0.0
2377,H2,0.0,0.0,-0.0
2378,Li-Ion,0.0,0.0,-0.0
2378,CAES,0.0,0.0,-0.0
2378,PHS,0.0,0.0,-0.0
2378,H2,0.0,0.0,-0.0
2379,Li-Ion,0.0,0.0,-0.0
2379,CAES,0.0,0.0,-0.0
2379,PHS,0.0,0.0,-0.0
2379,H2,0.0,0.0,-0.0
2380,Li-Ion,0.0,0.0,-0.0
2380,CAES,0.0,0.0,-0.0
2380,PHS,0.0,0.0,-0.0
2380,H2,0.0,0.0,-0.0
2381,Li-Ion,0.0,0.0,-0.0
2381,CAES,0.0,0.0,-0.0
2381,PHS,0.0,0.0,-0.0
2381,H2,0.0,0.0,-0.0
2382,Li-Ion,0.0,0.0,-0.0
2382,CAES,0.0,0.0,-0.0
2382,PHS,0.0,0.0,-0.0
2382,H2,0.0,0.0,-0.0
2383,Li-Ion,0.0,0.0,-0.0
2383,CAES,0.0,0.0,-0.0
2383,PHS,0.0,0.0,-0.0
2383,H2,0.0,0.0,-0.0
2384,Li-Ion,0.0,0.0,-0.0
2384,CAES,0.0,0.0,-0.0
2384,PHS,0.0,0.0,-0.0
2384,H2,0.0,0.0,-0.0
2385,Li-Ion,0.0,0.0,-0.0
2385,CAES,0.0,0.0,-0.0
2385,PHS,0.0,0.0,-0.0
2385,H2,0.0,0.0,-0.0
2386,Li-Ion,0.0,0.0,-0.0
2386,CAES,0.0,0.0,-0.0
2386,PHS,0.0,0.0,-0.0
2386,H2,0.0,0.0,-0.0
2387,Li-Ion,0.0,0.0,-0.0
2387,CAES,0.0,0.0,-0.0
2387,PHS,0.0,0.0,-0.0
2387,H2,0.0,0.0,-0.0
2388,Li-Ion,0.0,0.0,-0.0
2388,CAES,0.0,0.0,-0.0
2388,PHS,0.0,0.0,-0.0
2388,H2,0.0,0.0,-0.0
2389,Li-Ion,0.0,0.0,-0.0
2389,CAES,0.0,0.0,-0.0
2389,PHS,0.0,0.0,-0.0
2389,H2,0.0,0.0,-0.0
2390,Li-Ion,0.0,0.0,-0.0
2390,CAES,0.0,0.0,-0.0
2390,PHS,0.0,0.0,-0.0
2390,H2,0.0,0.0,-0.0
2391,Li-Ion,0.0,0.0,-0.0
2391,CAES,0.0,0.0,-0.0
2391,PHS,0.0,0.0,-0.0
2391,H2,0.0,0.0,-0.0
2392,Li-Ion,0.0,0.0,-0.0
2392,CAES,0.0,0.0,-0.0
2392,PHS,0.0,0.0,-0.0
2392,H2,0.0,0.0,-0.0
2393,Li-Ion,0.0,0.0,-0.0
2393,CAES,0.0,0.0,-0.0
2393,PHS,0.0,0.0,-0.0
2393,H2,0.0,0.0,-0.0
2394,Li-Ion,0.0,0.0,-0.0
2394,CAES,0.0,0.0,-0.0
2394,PHS,0.0,0.0,-0.0
2394,H2,0.0,0.0,-0.0
2395,Li-Ion,0.0,0.0,-0.0
2395,CAES,0.0,0.0,-0.0
2395,PHS,0.0,0.0,-0.0
2395,H2,0.0,0.0,-0.0
2396,Li-Ion,0.0,0.0,-0.0
2396,CAES,0.0,0.0,-0.0
2396,PHS,0.0,0.0,-0.0
2396,H2,0.0,0.0,-0.0
2397,Li-Ion,0.0,0.0,-0.0
2397,CAES,0.0,0.0,-0.0
2397,PHS,0.0,0.0,-0.0
2397,H2,0.0,0.0,-0.0
2398,Li-Ion,0.0,0.0,-0.0
2398,CAES,0.0,0.0,-0.0
2398,PHS,0.0,0.0,-0.0
2398,H2,0.0,0.0,-0.0
2399,Li-Ion,0.0,0.0,-0.0
2399,CAES,0.0,0.0,-0.0
2399,PHS,0.0,0.0,-0.0
2399,H2,0.0,0.0,-0.0
2400,Li-Ion,0.0,0.0,-0.0
2400,CAES,0.0,0.0,-0.0
2400,PHS,0.0,0.0,-0.0
2400,H2,0.0,0.0,-0.0
2401,Li-Ion,0.0,0.0,-0.0
2401,CAES,0.0,0.0,-0.0
2401,PHS,0.0,0.0,-0.0
2401,H2,0.0,0.0,-0.0
2402,Li-Ion,0.0,0.0,-0.0
2402,CAES,0.0,0.0,-0.0
2402,PHS,0.0,0.0,-0.0
2402,H2,0.0,0.0,-0.0
2403,Li-Ion,0.0,0.0,-0.0
2403,CAES,0.0,0.0,-0.0
2403,PHS,0.0,0.0,-0.0
2403,H2,0.0,0.0,-0.0
2404,Li-Ion,0.0,0.0,-0.0
2404,CAES,0.0,0.0,-0.0
2404,PHS,0.0,0.0,-0.0
2404,H2,0.0,0.0,-0.0
2405,Li-Ion,0.0,0.0,-0.0
2405,CAES,0.0,0.0,-0.0
2405,PHS,0.0,0.0,-0.0
2405,H2,0.0,0.0,-0.0
2406,Li-Ion,0.0,0.0,-0.0
2406,CAES,0.0,0.0,-0.0
2406,PHS,0.0,0.0,-0.0
2406,H2,0.0,0.0,-0.0
2407,Li-Ion,0.0,0.0,-0.0
2407,CAES,0.0,0.0,-0.0
2407,PHS,0.0,0.0,-0.0
2407,H2,0.0,0.0,-0.0
2408,Li-Ion,0.0,0.0,-0.0
2408,CAES,0.0,0.0,-0.0
2408,PHS,0.0,0.0,-0.0
2408,H2,0.0,0.0,-0.0
2409,Li-Ion,0.0,0.0,-0.0
2409,CAES,0.0,0.0,-0.0
2409,PHS,0.0,0.0,-0.0
2409,H2,0.0,0.0,-0.0
2410,Li-Ion,0.0,0.0,-0.0
2410,CAES,0.0,0.0,-0.0
2410,PHS,0.0,0.0,-0.0
2410,H2,0.0,0.0,-0.0
2411,Li-Ion,0.0,0.0,-0.0
2411,CAES,0.0,0.0,-0.0
2411,PHS,0.0,0.0,-0.0
2411,H2,0.0,0.0,-0.0
2412,Li-Ion,0.0,0.0,-0.0
2412,CAES,0.0,0.0,-0.0
2412,PHS,0.0,0.0,-0.0
2412,H2,0.0,0.0,-0.0
2413,Li-Ion,0.0,0.0,-0.0
2413,CAES,0.0,0.0,-0.0
2413,PHS,0.0,0.0,-0.0
2413,H2,0.0,0.0,-0.0
2414,Li-Ion,0.0,0.0,-0.0
2414,CAES,0.0,0.0,-0.0
2414,PHS,0.0,0.0,-0.0
2414,H2,0.0,0.0,-0.0
2415,Li-Ion,0.0,0.0,-0.0
2415,CAES,0.0,0.0,-0.0
2415,PHS,0.0,0.0,-0.0
2415,H2,0.0,0.0,-0.0
2416,Li-Ion,0.0,0.0,-0.0
2416,CAES,0.0,0.0,-0.0
2416,PHS,0.0,0.0,-0.0
2416,H2,0.0,0.0,-0.0
2417,Li-Ion,0.0,0.0,-0.0
2417,CAES,0.0,0.0,-0.0
2417,PHS,0.0,0.0,-0.0
2417,H2,0.0,0.0,-0.0
2418,Li-Ion,0.0,0.0,-0.0
2418,CAES,0.0,0.0,-0.0
2418,PHS,0.0,0.0,-0.0
2418,H2,0.0,0.0,-0.0
2419,Li-Ion,0.0,0.0,-0.0
2419,CAES,0.0,0.0,-0.0
2419,PHS,0.0,0.0,-0.0
2419,H2,0.0,0.0,-0.0
2420,Li-Ion,0.0,0.0,-0.0
2420,CAES,0.0,0.0,-0.0
2420,PHS,0.0,0.0,-0.0
2420,H2,0.0,0.0,-0.0
2421,Li-Ion,0.0,0.0,-0.0
2421,CAES,0.0,0.0,-0.0
2421,PHS,0.0,0.0,-0.0
2421,H2,0.0,0.0,-0.0
2422,Li-Ion,0.0,0.0,-0.0
2422,CAES,0.0,0.0,-0.0
2422,PHS,0.0,0.0,-0.0
2422,H2,0.0,0.0,-0.0
2423,Li-Ion,0.0,0.0,-0.0
2423,CAES,0.0,0.0,-0.0
2423,PHS,0.0,0.0,-0.0
2423,H2,0.0,0.0,-0.0
2424,Li-Ion,0.0,0.0,-0.0
2424,CAES,0.0,0.0,-0.0
2424,PHS,0.0,0.0,-0.0
2424,H2,0.0,0.0,-0.0
2425,Li-Ion,0.0,0.0,-0.0
2425,CAES,0.0,0.0,-0.0
2425,PHS,0.0,0.0,-0.0
2425,H2,0.0,0.0,-0.0
2426,Li-Ion,0.0,0.0,-0.0
2426,CAES,0.0,0.0,-0.0
2426,PHS,0.0,0.0,-0.0
2426,H2,0.0,0.0,-0.0
2427,Li-Ion,0.0,0.0,-0.0
2427,CAES,0.0,0.0,-0.0
2427,PHS,0.0,0.0,-0.0
2427,H2,0.0,0.0,-0.0
2428,Li-Ion,0.0,0.0,-0.0
2428,CAES,0.0,0.0,-0.0
2428,PHS,0.0,0.0,-0.0
2428,H2,0.0,0.0,-0.0
2429,Li-Ion,0.0,0.0,-0.0
2429,CAES,0.0,0.0,-0.0
2429,PHS,0.0,0.0,-0.0
2429,H2,0.0,0.0,-0.0
2430,Li-Ion,0.0,0.0,-0.0
2430,CAES,0.0,0.0,-0.0
2430,PHS,0.0,0.0,-0.0
2430,H2,0.0,0.0,-0.0
2431,Li-Ion,0.0,0.0,-0.0
2431,CAES,0.0,0.0,-0.0
2431,PHS,0.0,0.0,-0.0
2431,H2,0.0,0.0,-0.0
2432,Li-Ion,0.0,0.0,-0.0
2432,CAES,0.0,0.0,-0.0
2432,PHS,0.0,0.0,-0.0
2432,H2,0.0,0.0,-0.0
2433,Li-Ion,0.0,0.0,-0.0
2433,CAES,0.0,0.0,-0.0
2433,PHS,0.0,0.0,-0.0
2433,H2,0.0,0.0,-0.0
2434,Li-Ion,0.0,0.0,-0.0
2434,CAES,0.0,0.0,-0.0
2434,PHS,0.0,0.0,-0.0
2434,H2,0.0,0.0,-0.0
2435,Li-Ion,0.0,0.0,-0.0
2435,CAES,0.0,0.0,-0.0
2435,PHS,0.0,0.0,-0.0
2435,H2,0.0,0.0,-0.0
2436,Li-Ion,0.0,0.0,-0.0
2436,CAES,0.0,0.0,-0.0
2436,PHS,0.0,0.0,-0.0
2436,H2,0.0,0.0,-0.0
2437,Li-Ion,0.0,0.0,-0.0
2437,CAES,0.0,0.0,-0.0
2437,PHS,0.0,0.0,-0.0
2437,H2,0.0,0.0,-0.0
2438,Li-Ion,0.0,0.0,-0.0
2438,CAES,0.0,0.0,-0.0
2438,PHS,0.0,0.0,-0.0
2438,H2,0.0,0.0,-0.0
2439,Li-Ion,0.0,0.0,-0.0
2439,CAES,0.0,0.0,-0.0
2439,PHS,0.0,0.0,-0.0
2439,H2,0.0,0.0,-0.0
2440,Li-Ion,0.0,0.0,-0.0
2440,CAES,0.0,0.0,-0.0
2440,PHS,0.0,0.0,-0.0
2440,H2,0.0,0.0,-0.0
2441,Li-Ion,0.0,0.0,-0.0
2441,CAES,0.0,0.0,-0.0
2441,PHS,0.0,0.0,-0.0
2441,H2,0.0,0.0,-0.0
2442,Li-Ion,0.0,0.0,-0.0
2442,CAES,0.0,0.0,-0.0
2442,PHS,0.0,0.0,-0.0
2442,H2,0.0,0.0,-0.0
2443,Li-Ion,0.0,0.0,-0.0
2443,CAES,0.0,0.0,-0.0
2443,PHS,0.0,0.0,-0.0
2443,H2,0.0,0.0,-0.0
2444,Li-Ion,0.0,0.0,-0.0
2444,CAES,0.0,0.0,-0.0
2444,PHS,0.0,0.0,-0.0
2444,H2,0.0,0.0,-0.0
2445,Li-Ion,0.0,0.0,-0.0
2445,CAES,0.0,0.0,-0.0
2445,PHS,0.0,0.0,-0.0
2445,H2,0.0,0.0,-0.0
2446,Li-Ion,0.0,0.0,-0.0
2446,CAES,0.0,0.0,-0.0
2446,PHS,0.0,0.0,-0.0
2446,H2,0.0,0.0,-0.0
2447,Li-Ion,0.0,0.0,-0.0
2447,CAES,0.0,0.0,-0.0
2447,PHS,0.0,0.0,-0.0
2447,H2,0.0,0.0,-0.0
2448,Li-Ion,0.0,0.0,-0.0
2448,CAES,0.0,0.0,-0.0
2448,PHS,0.0,0.0,-0.0
2448,H2,0.0,0.0,-0.0
2449,Li-Ion,0.0,0.0,-0.0
2449,CAES,0.0,0.0,-0.0
2449,PHS,0.0,0.0,-0.0
2449,H2,0.0,0.0,-0.0
2450,Li-Ion,0.0,0.0,-0.0
2450,CAES,0.0,0.0,-0.0
2450,PHS,0.0,0.0,-0.0
2450,H2,0.0,0.0,-0.0
2451,Li-Ion,0.0,0.0,-0.0
2451,CAES,0.0,0.0,-0.0
2451,PHS,0.0,0.0,-0.0
2451,H2,0.0,0.0,-0.0
2452,Li-Ion,0.0,0.0,-0.0
2452,CAES,0.0,0.0,-0.0
2452,PHS,0.0,0.0,-0.0
2452,H2,0.0,0.0,-0.0
2453,Li-Ion,0.0,0.0,-0.0
2453,CAES,0.0,0.0,-0.0
2453,PHS,0.0,0.0,-0.0
2453,H2,0.0,0.0,-0.0
2454,Li-Ion,0.0,0.0,-0.0
2454,CAES,0.0,0.0,-0.0
2454,PHS,0.0,0.0,-0.0
2454,H2,0.0,0.0,-0.0
2455,Li-Ion,0.0,0.0,-0.0
2455,CAES,0.0,0.0,-0.0
2455,PHS,0.0,0.0,-0.0
2455,H2,0.0,0.0,-0.0
2456,Li-Ion,0.0,0.0,-0.0
2456,CAES,0.0,0.0,-0.0
2456,PHS,0.0,0.0,-0.0
2456,H2,0.0,0.0,-0.0
2457,Li-Ion,0.0,0.0,-0.0
2457,CAES,0.0,0.0,-0.0
2457,PHS,0.0,0.0,-0.0
2457,H2,0.0,0.0,-0.0
2458,Li-Ion,0.0,0.0,-0.0
2458,CAES,0.0,0.0,-0.0
2458,PHS,0.0,0.0,-0.0
2458,H2,0.0,0.0,-0.0
2459,Li-Ion,0.0,0.0,-0.0
2459,CAES,0.0,0.0,-0.0
2459,PHS,0.0,0.0,-0.0
2459,H2,0.0,0.0,-0.0
2460,Li-Ion,0.0,0.0,-0.0
2460,CAES,0.0,0.0,-0.0
2460,PHS,0.0,0.0,-0.0
2460,H2,0.0,0.0,-0.0
2461,Li-Ion,0.0,0.0,-0.0
2461,CAES,0.0,0.0,-0.0
2461,PHS,0.0,0.0,-0.0
2461,H2,0.0,0.0,-0.0
2462,Li-Ion,0.0,0.0,-0.0
2462,CAES,0.0,0.0,-0.0
2462,PHS,0.0,0.0,-0.0
2462,H2,0.0,0.0,-0.0
2463,Li-Ion,0.0,0.0,-0.0
2463,CAES,0.0,0.0,-0.0
2463,PHS,0.0,0.0,-0.0
2463,H2,0.0,0.0,-0.0
2464,Li-Ion,0.0,0.0,-0.0
2464,CAES,0.0,0.0,-0.0
2464,PHS,0.0,0.0,-0.0
2464,H2,0.0,0.0,-0.0
2465,Li-Ion,0.0,0.0,-0.0
2465,CAES,0.0,0.0,-0.0
2465,PHS,0.0,0.0,-0.0
2465,H2,0.0,0.0,-0.0
2466,Li-Ion,0.0,0.0,-0.0
2466,CAES,0.0,0.0,-0.0
2466,PHS,0.0,0.0,-0.0
2466,H2,0.0,0.0,-0.0
2467,Li-Ion,0.0,0.0,-0.0
2467,CAES,0.0,0.0,-0.0
2467,PHS,0.0,0.0,-0.0
2467,H2,0.0,0.0,-0.0
2468,Li-Ion,0.0,0.0,-0.0
2468,CAES,0.0,0.0,-0.0
2468,PHS,0.0,0.0,-0.0
2468,H2,0.0,0.0,-0.0
2469,Li-Ion,0.0,0.0,-0.0
2469,CAES,0.0,0.0,-0.0
2469,PHS,0.0,0.0,-0.0
2469,H2,0.0,0.0,-0.0
2470,Li-Ion,0.0,0.0,-0.0
2470,CAES,0.0,0.0,-0.0
2470,PHS,0.0,0.0,-0.0
2470,H2,0.0,0.0,-0.0
2471,Li-Ion,0.0,0.0,-0.0
2471,CAES,0.0,0.0,-0.0
2471,PHS,0.0,0.0,-0.0
2471,H2,0.0,0.0,-0.0
2472,Li-Ion,0.0,0.0,-0.0
2472,CAES,0.0,0.0,-0.0
2472,PHS,0.0,0.0,-0.0
2472,H2,0.0,0.0,-0.0
2473,Li-Ion,0.0,0.0,-0.0
2473,CAES,0.0,0.0,-0.0
2473,PHS,0.0,0.0,-0.0
2473,H2,0.0,0.0,-0.0
2474,Li-Ion,0.0,0.0,-0.0
2474,CAES,0.0,0.0,-0.0
2474,PHS,0.0,0.0,-0.0
2474,H2,0.0,0.0,-0.0
2475,Li-Ion,0.0,0.0,-0.0
2475,CAES,0.0,0.0,-0.0
2475,PHS,0.0,0.0,-0.0
2475,H2,0.0,0.0,-0.0
2476,Li-Ion,0.0,0.0,-0.0
2476,CAES,0.0,0.0,-0.0
2476,PHS,0.0,0.0,-0.0
2476,H2,0.0,0.0,-0.0
2477,Li-Ion,0.0,0.0,-0.0
2477,CAES,0.0,0.0,-0.0
2477,PHS,0.0,0.0,-0.0
2477,H2,0.0,0.0,-0.0
2478,Li-Ion,0.0,0.0,-0.0
2478,CAES,0.0,0.0,-0.0
2478,PHS,0.0,0.0,-0.0
2478,H2,0.0,0.0,-0.0
2479,Li-Ion,0.0,0.0,-0.0
2479,CAES,0.0,0.0,-0.0
2479,PHS,0.0,0.0,-0.0
2479,H2,0.0,0.0,-0.0
2480,Li-Ion,0.0,0.0,-0.0
2480,CAES,0.0,0.0,-0.0
2480,PHS,0.0,0.0,-0.0
2480,H2,0.0,0.0,-0.0
2481,Li-Ion,0.0,0.0,-0.0
2481,CAES,0.0,0.0,-0.0
2481,PHS,0.0,0.0,-0.0
2481,H2,0.0,0.0,-0.0
2482,Li-Ion,0.0,0.0,-0.0
2482,CAES,0.0,0.0,-0.0
2482,PHS,0.0,0.0,-0.0
2482,H2,0.0,0.0,-0.0
2483,Li-Ion,0.0,0.0,-0.0
2483,CAES,0.0,0.0,-0.0
2483,PHS,0.0,0.0,-0.0
2483,H2,0.0,0.0,-0.0
2484,Li-Ion,0.0,0.0,-0.0
2484,CAES,0.0,0.0,-0.0
2484,PHS,0.0,0.0,-0.0
2484,H2,0.0,0.0,-0.0
2485,Li-Ion,0.0,0.0,-0.0
2485,CAES,0.0,0.0,-0.0
2485,PHS,0.0,0.0,-0.0
2485,H2,0.0,0.0,-0.0
2486,Li-Ion,0.0,0.0,-0.0
2486,CAES,0.0,0.0,-0.0
2486,PHS,0.0,0.0,-0.0
2486,H2,0.0,0.0,-0.0
2487,Li-Ion,0.0,0.0,-0.0
2487,CAES,0.0,0.0,-0.0
2487,PHS,0.0,0.0,-0.0
2487,H2,0.0,0.0,-0.0
2488,Li-Ion,0.0,0.0,-0.0
2488,CAES,0.0,0.0,-0.0
2488,PHS,0.0,0.0,-0.0
2488,H2,0.0,0.0,-0.0
2489,Li-Ion,0.0,0.0,-0.0
2489,CAES,0.0,0.0,-0.0
2489,PHS,0.0,0.0,-0.0
2489,H2,0.0,0.0,-0.0
2490,Li-Ion,0.0,0.0,-0.0
2490,CAES,0.0,0.0,-0.0
2490,PHS,0.0,0.0,-0.0
2490,H2,0.0,0.0,-0.0
2491,Li-Ion,0.0,0.0,-0.0
2491,CAES,0.0,0.0,-0.0
2491,PHS,0.0,0.0,-0.0
2491,H2,0.0,0.0,-0.0
2492,Li-Ion,0.0,0.0,-0.0
2492,CAES,0.0,0.0,-0.0
2492,PHS,0.0,0.0,-0.0
2492,H2,0.0,0.0,-0.0
2493,Li-Ion,0.0,0.0,-0.0
2493,CAES,0.0,0.0,-0.0
2493,PHS,0.0,0.0,-0.0
2493,H2,0.0,0.0,-0.0
2494,Li-Ion,0.0,0.0,-0.0
2494,CAES,0.0,0.0,-0.0
2494,PHS,0.0,0.0,-0.0
2494,H2,0.0,0.0,-0.0
2495,Li-Ion,0.0,0.0,-0.0
2495,CAES,0.0,0.0,-0.0
2495,PHS,0.0,0.0,-0.0
2495,H2,0.0,0.0,-0.0
2496,Li-Ion,0.0,0.0,-0.0
2496,CAES,0.0,0.0,-0.0
2496,PHS,0.0,0.0,-0.0
2496,H2,0.0,0.0,-0.0
2497,Li-Ion,0.0,0.0,-0.0
2497,CAES,0.0,0.0,-0.0
2497,PHS,0.0,0.0,-0.0
2497,H2,0.0,0.0,-0.0
2498,Li-Ion,0.0,0.0,-0.0
2498,CAES,0.0,0.0,-0.0
2498,PHS,0.0,0.0,-0.0
2498,H2,0.0,0.0,-0.0
2499,Li-Ion,0.0,0.0,-0.0
2499,CAES,0.0,0.0,-0.0
2499,PHS,0.0,0.0,-0.0
2499,H2,0.0,0.0,-0.0
2500,Li-Ion,0.0,0.0,-0.0
2500,CAES,0.0,0.0,-0.0
2500,PHS,0.0,0.0,-0.0
2500,H2,0.0,0.0,-0.0
2501,Li-Ion,0.0,0.0,-0.0
2501,CAES,0.0,0.0,-0.0
2501,PHS,0.0,0.0,-0.0
2501,H2,0.0,0.0,-0.0
2502,Li-Ion,0.0,0.0,-0.0
2502,CAES,0.0,0.0,-0.0
2502,PHS,0.0,0.0,-0.0
2502,H2,0.0,0.0,-0.0
2503,Li-Ion,0.0,0.0,-0.0
2503,CAES,0.0,0.0,-0.0
2503,PHS,0.0,0.0,-0.0
2503,H2,0.0,0.0,-0.0
2504,Li-Ion,0.0,0.0,-0.0
2504,CAES,0.0,0.0,-0.0
2504,PHS,0.0,0.0,-0.0
2504,H2,0.0,0.0,-0.0
2505,Li-Ion,0.0,0.0,-0.0
2505,CAES,0.0,0.0,-0.0
2505,PHS,0.0,0.0,-0.0
2505,H2,0.0,0.0,-0.0
2506,Li-Ion,0.0,0.0,-0.0
2506,CAES,0.0,0.0,-0.0
2506,PHS,0.0,0.0,-0.0
2506,H2,0.0,0.0,-0.0
2507,Li-Ion,0.0,0.0,-0.0
2507,CAES,0.0,0.0,-0.0
2507,PHS,0.0,0.0,-0.0
2507,H2,0.0,0.0,-0.0
2508,Li-Ion,0.0,0.0,-0.0
2508,CAES,0.0,0.0,-0.0
2508,PHS,0.0,0.0,-0.0
2508,H2,0.0,0.0,-0.0
2509,Li-Ion,0.0,0.0,-0.0
2509,CAES,0.0,0.0,-0.0
2509,PHS,0.0,0.0,-0.0
2509,H2,0.0,0.0,-0.0
2510,Li-Ion,0.0,0.0,-0.0
2510,CAES,0.0,0.0,-0.0
2510,PHS,0.0,0.0,-0.0
2510,H2,0.0,0.0,-0.0
2511,Li-Ion,0.0,0.0,-0.0
2511,CAES,0.0,0.0,-0.0
2511,PHS,0.0,0.0,-0.0
2511,H2,0.0,0.0,-0.0
2512,Li-Ion,0.0,0.0,-0.0
2512,CAES,0.0,0.0,-0.0
2512,PHS,0.0,0.0,-0.0
2512,H2,0.0,0.0,-0.0
2513,Li-Ion,0.0,0.0,-0.0
2513,CAES,0.0,0.0,-0.0
2513,PHS,0.0,0.0,-0.0
2513,H2,0.0,0.0,-0.0
2514,Li-Ion,0.0,0.0,-0.0
2514,CAES,0.0,0.0,-0.0
2514,PHS,0.0,0.0,-0.0
2514,H2,0.0,0.0,-0.0
2515,Li-Ion,0.0,0.0,-0.0
2515,CAES,0.0,0.0,-0.0
2515,PHS,0.0,0.0,-0.0
2515,H2,0.0,0.0,-0.0
2516,Li-Ion,0.0,0.0,-0.0
2516,CAES,0.0,0.0,-0.0
2516,PHS,0.0,0.0,-0.0
2516,H2,0.0,0.0,-0.0
2517,Li-Ion,0.0,0.0,-0.0
2517,CAES,0.0,0.0,-0.0
2517,PHS,0.0,0.0,-0.0
2517,H2,0.0,0.0,-0.0
2518,Li-Ion,0.0,0.0,-0.0
2518,CAES,0.0,0.0,-0.0
2518,PHS,0.0,0.0,-0.0
2518,H2,0.0,0.0,-0.0
2519,Li-Ion,0.0,0.0,-0.0
2519,CAES,0.0,0.0,-0.0
2519,PHS,0.0,0.0,-0.0
2519,H2,0.0,0.0,-0.0
2520,Li-Ion,0.0,0.0,-0.0
2520,CAES,0.0,0.0,-0.0
2520,PHS,0.0,0.0,-0.0
2520,H2,0.0,0.0,-0.0
2521,Li-Ion,0.0,0.0,-0.0
2521,CAES,0.0,0.0,-0.0
2521,PHS,0.0,0.0,-0.0
2521,H2,0.0,0.0,-0.0
2522,Li-Ion,0.0,0.0,-0.0
2522,CAES,0.0,0.0,-0.0
2522,PHS,0.0,0.0,-0.0
2522,H2,0.0,0.0,-0.0
2523,Li-Ion,0.0,0.0,-0.0
2523,CAES,0.0,0.0,-0.0
2523,PHS,0.0,0.0,-0.0
2523,H2,0.0,0.0,-0.0
2524,Li-Ion,0.0,0.0,-0.0
2524,CAES,0.0,0.0,-0.0
2524,PHS,0.0,0.0,-0.0
2524,H2,0.0,0.0,-0.0
2525,Li-Ion,0.0,0.0,-0.0
2525,CAES,0.0,0.0,-0.0
2525,PHS,0.0,0.0,-0.0
2525,H2,0.0,0.0,-0.0
2526,Li-Ion,0.0,0.0,-0.0
2526,CAES,0.0,0.0,-0.0
2526,PHS,0.0,0.0,-0.0
2526,H2,0.0,0.0,-0.0
2527,Li-Ion,0.0,0.0,-0.0
2527,CAES,0.0,0.0,-0.0
2527,PHS,0.0,0.0,-0.0
2527,H2,0.0,0.0,-0.0
2528,Li-Ion,0.0,0.0,-0.0
2528,CAES,0.0,0.0,-0.0
2528,PHS,0.0,0.0,-0.0
2528,H2,0.0,0.0,-0.0
2529,Li-Ion,0.0,0.0,-0.0
2529,CAES,0.0,-0.0,-0.0
2529,PHS,0.0,-0.0,-0.0
2529,H2,0.0,-0.0,-0.0
2530,Li-Ion,0.0,0.0,-0.0
2530,CAES,0.0,0.0,-0.0
2530,PHS,0.0,0.0,-0.0
2530,H2,0.0,0.0,-0.0
2531,Li-Ion,0.0,0.0,-0.0
2531,CAES,0.0,-0.0,-0.0
2531,PHS,0.0,-0.0,-0.0
2531,H2,0.0,-0.0,-0.0
2532,Li-Ion,0.0,0.0,-0.0
2532,CAES,0.0,-0.0,-0.0
2532,PHS,0.0,-0.0,-0.0
2532,H2,0.0,-0.0,-0.0
2533,Li-Ion,0.0,0.0,-0.0
2533,CAES,0.0,0.0,-0.0
2533,PHS,0.0,0.0,-0.0
2533,H2,0.0,0.0,-0.0
2534,Li-Ion,0.0,0.0,-0.0
2534,CAES,0.0,-0.0,-0.0
2534,PHS,0.0,-0.0,-0.0
2534,H2,0.0,-0.0,-0.0
2535,Li-Ion,0.0,0.0,-0.0
2535,CAES,0.0,0.0,-0.0
2535,PHS,0.0,0.0,-0.0
2535,H2,0.0,0.0,-0.0
2536,Li-Ion,0.0,0.0,-0.0
2536,CAES,0.0,0.0,-0.0
2536,PHS,0.0,0.0,-0.0
2536,H2,0.0,0.0,-0.0
2537,Li-Ion,0.0,0.0,-0.0
2537,CAES,0.0,0.0,-0.0
2537,PHS,0.0,0.0,-0.0
2537,H2,0.0,0.0,-0.0
2538,Li-Ion,0.0,0.0,-0.0
2538,CAES,0.0,0.0,-0.0
2538,PHS,0.0,0.0,-0.0
2538,H2,0.0,0.0,-0.0
2539,Li-Ion,0.0,0.0,-0.0
2539,CAES,0.0,0.0,-0.0
2539,PHS,0.0,0.0,-0.0
2539,H2,0.0,0.0,-0.0
2540,Li-Ion,0.0,0.0,-0.0
2540,CAES,0.0,0.0,-0.0
2540,PHS,0.0,0.0,-0.0
2540,H2,0.0,0.0,-0.0
2541,Li-Ion,0.0,0.0,-0.0
2541,CAES,0.0,0.0,-0.0
2541,PHS,0.0,0.0,-0.0
2541,H2,0.0,0.0,-0.0
2542,Li-Ion,0.0,0.0,-0.0
2542,CAES,0.0,0.0,-0.0
2542,PHS,0.0,0.0,-0.0
2542,H2,0.0,0.0,-0.0
2543,Li-Ion,0.0,0.0,-0.0
2543,CAES,0.0,0.0,-0.0
2543,PHS,0.0,0.0,-0.0
2543,H2,0.0,0.0,-0.0
2544,Li-Ion,0.0,0.0,-0.0
2544,CAES,0.0,0.0,-0.0
2544,PHS,0.0,0.0,-0.0
2544,H2,0.0,0.0,-0.0
2545,Li-Ion,0.0,0.0,-0.0
2545,CAES,0.0,0.0,-0.0
2545,PHS,0.0,0.0,-0.0
2545,H2,0.0,0.0,-0.0
2546,Li-Ion,0.0,0.0,-0.0
2546,CAES,0.0,0.0,-0.0
2546,PHS,0.0,0.0,-0.0
2546,H2,0.0,0.0,-0.0
2547,Li-Ion,0.0,0.0,-0.0
2547,CAES,0.0,0.0,-0.0
2547,PHS,0.0,0.0,-0.0
2547,H2,0.0,0.0,-0.0
2548,Li-Ion,0.0,0.0,-0.0
2548,CAES,0.0,0.0,-0.0
2548,PHS,0.0,0.0,-0.0
2548,H2,0.0,0.0,-0.0
2549,Li-Ion,0.0,0.0,-0.0
2549,CAES,0.0,0.0,-0.0
2549,PHS,0.0,0.0,-0.0
2549,H2,0.0,0.0,-0.0
2550,Li-Ion,0.0,0.0,-0.0
2550,CAES,0.0,0.0,-0.0
2550,PHS,0.0,0.0,-0.0
2550,H2,0.0,0.0,-0.0
2551,Li-Ion,0.0,0.0,-0.0
2551,CAES,0.0,0.0,-0.0
2551,PHS,0.0,0.0,-0.0
2551,H2,0.0,0.0,-0.0
2552,Li-Ion,0.0,0.0,-0.0
2552,CAES,0.0,0.0,-0.0
2552,PHS,0.0,0.0,-0.0
2552,H2,0.0,0.0,-0.0
2553,Li-Ion,0.0,0.0,-0.0
2553,CAES,0.0,0.0,-0.0
2553,PHS,0.0,0.0,-0.0
2553,H2,0.0,0.0,-0.0
2554,Li-Ion,0.0,0.0,-0.0
2554,CAES,0.0,0.0,-0.0
2554,PHS,0.0,0.0,-0.0
2554,H2,0.0,0.0,-0.0
2555,Li-Ion,0.0,0.0,-0.0
2555,CAES,0.0,0.0,-0.0
2555,PHS,0.0,0.0,-0.0
2555,H2,0.0,0.0,-0.0
2556,Li-Ion,0.0,0.0,-0.0
2556,CAES,0.0,0.0,-0.0
2556,PHS,0.0,0.0,-0.0
2556,H2,0.0,0.0,-0.0
2557,Li-Ion,0.0,0.0,-0.0
2557,CAES,0.0,0.0,-0.0
2557,PHS,0.0,0.0,-0.0
2557,H2,0.0,0.0,-0.0
2558,Li-Ion,0.0,0.0,-0.0
2558,CAES,0.0,0.0,-0.0
2558,PHS,0.0,0.0,-0.0
2558,H2,0.0,0.0,-0.0
2559,Li-Ion,0.0,0.0,-0.0
2559,CAES,0.0,0.0,-0.0
2559,PHS,0.0,0.0,-0.0
2559,H2,0.0,0.0,-0.0
2560,Li-Ion,0.0,0.0,-0.0
2560,CAES,0.0,0.0,-0.0
2560,PHS,0.0,0.0,-0.0
2560,H2,0.0,0.0,-0.0
2561,Li-Ion,0.0,0.0,-0.0
2561,CAES,0.0,0.0,-0.0
2561,PHS,0.0,0.0,-0.0
2561,H2,0.0,0.0,-0.0
2562,Li-Ion,0.0,0.0,-0.0
2562,CAES,0.0,0.0,-0.0
2562,PHS,0.0,0.0,-0.0
2562,H2,0.0,0.0,-0.0
2563,Li-Ion,0.0,0.0,-0.0
2563,CAES,0.0,0.0,-0.0
2563,PHS,0.0,0.0,-0.0
2563,H2,0.0,0.0,-0.0
2564,Li-Ion,0.0,0.0,-0.0
2564,CAES,0.0,0.0,-0.0
2564,PHS,0.0,0.0,-0.0
2564,H2,0.0,0.0,-0.0
2565,Li-Ion,0.0,0.0,-0.0
2565,CAES,0.0,0.0,-0.0
2565,PHS,0.0,0.0,-0.0
2565,H2,0.0,0.0,-0.0
2566,Li-Ion,0.0,0.0,-0.0
2566,CAES,0.0,0.0,-0.0
2566,PHS,0.0,0.0,-0.0
2566,H2,0.0,0.0,-0.0
2567,Li-Ion,0.0,0.0,-0.0
2567,CAES,0.0,0.0,-0.0
2567,PHS,0.0,0.0,-0.0
2567,H2,0.0,0.0,-0.0
2568,Li-Ion,0.0,0.0,-0.0
2568,CAES,0.0,0.0,-0.0
2568,PHS,0.0,0.0,-0.0
2568,H2,0.0,0.0,-0.0
2569,Li-Ion,0.0,0.0,-0.0
2569,CAES,0.0,0.0,-0.0
2569,PHS,0.0,0.0,-0.0
2569,H2,0.0,0.0,-0.0
2570,Li-Ion,0.0,0.0,-0.0
2570,CAES,0.0,0.0,-0.0
2570,PHS,0.0,0.0,-0.0
2570,H2,0.0,0.0,-0.0
2571,Li-Ion,0.0,0.0,-0.0
2571,CAES,0.0,0.0,-0.0
2571,PHS,0.0,0.0,-0.0
2571,H2,0.0,0.0,-0.0
2572,Li-Ion,0.0,0.0,-0.0
2572,CAES,0.0,0.0,-0.0
2572,PHS,0.0,0.0,-0.0
2572,H2,0.0,0.0,-0.0
2573,Li-Ion,0.0,0.0,-0.0
2573,CAES,0.0,0.0,-0.0
2573,PHS,0.0,0.0,-0.0
2573,H2,0.0,0.0,-0.0
2574,Li-Ion,0.0,0.0,-0.0
2574,CAES,0.0,0.0,-0.0
2574,PHS,0.0,0.0,-0.0
2574,H2,0.0,0.0,-0.0
2575,Li-Ion,0.0,0.0,-0.0
2575,CAES,0.0,0.0,-0.0
2575,PHS,0.0,0.0,-0.0
2575,H2,0.0,0.0,-0.0
2576,Li-Ion,0.0,0.0,-0.0
2576,CAES,0.0,0.0,-0.0
2576,PHS,0.0,0.0,-0.0
2576,H2,0.0,0.0,-0.0
2577,Li-Ion,0.0,0.0,-0.0
2577,CAES,0.0,0.0,-0.0
2577,PHS,0.0,0.0,-0.0
2577,H2,0.0,0.0,-0.0
2578,Li-Ion,0.0,0.0,-0.0
2578,CAES,0.0,0.0,-0.0
2578,PHS,0.0,0.0,-0.0
2578,H2,0.0,0.0,-0.0
2579,Li-Ion,0.0,0.0,-0.0
2579,CAES,0.0,0.0,-0.0
2579,PHS,0.0,0.0,-0.0
2579,H2,0.0,0.0,-0.0
2580,Li-Ion,0.0,0.0,-0.0
2580,CAES,0.0,0.0,-0.0
2580,PHS,0.0,0.0,-0.0
2580,H2,0.0,0.0,-0.0
2581,Li-Ion,0.0,0.0,-0.0
2581,CAES,0.0,0.0,-0.0
2581,PHS,0.0,0.0,-0.0
2581,H2,0.0,0.0,-0.0
2582,Li-Ion,0.0,0.0,-0.0
2582,CAES,0.0,0.0,-0.0
2582,PHS,0.0,0.0,-0.0
2582,H2,0.0,0.0,-0.0
2583,Li-Ion,0.0,0.0,-0.0
2583,CAES,0.0,0.0,-0.0
2583,PHS,0.0,0.0,-0.0
2583,H2,0.0,0.0,-0.0
2584,Li-Ion,0.0,0.0,-0.0
2584,CAES,0.0,0.0,-0.0
2584,PHS,0.0,0.0,-0.0
2584,H2,0.0,0.0,-0.0
2585,Li-Ion,0.0,0.0,-0.0
2585,CAES,0.0,0.0,-0.0
2585,PHS,0.0,0.0,-0.0
2585,H2,0.0,0.0,-0.0
2586,Li-Ion,0.0,0.0,-0.0
2586,CAES,0.0,0.0,-0.0
2586,PHS,0.0,0.0,-0.0
2586,H2,0.0,0.0,-0.0
2587,Li-Ion,0.0,0.0,-0.0
2587,CAES,0.0,0.0,-0.0
2587,PHS,0.0,0.0,-0.0
2587,H2,0.0,0.0,-0.0
2588,Li-Ion,0.0,0.0,-0.0
2588,CAES,0.0,0.0,-0.0
2588,PHS,0.0,0.0,-0.0
2588,H2,0.0,0.0,-0.0
2589,Li-Ion,0.0,0.0,-0.0
2589,CAES,0.0,0.0,-0.0
2589,PHS,0.0,0.0,-0.0
2589,H2,0.0,0.0,-0.0
2590,Li-Ion,0.0,0.0,-0.0
2590,CAES,0.0,0.0,-0.0
2590,PHS,0.0,0.0,-0.0
2590,H2,0.0,0.0,-0.0
2591,Li-Ion,0.0,0.0,-0.0
2591,CAES,0.0,0.0,-0.0
2591,PHS,0.0,0.0,-0.0
2591,H2,0.0,0.0,-0.0
2592,Li-Ion,0.0,0.0,-0.0
2592,CAES,0.0,0.0,-0.0
2592,PHS,0.0,0.0,-0.0
2592,H2,0.0,0.0,-0.0
2593,Li-Ion,0.0,0.0,-0.0
2593,CAES,0.0,0.0,-0.0
2593,PHS,0.0,0.0,-0.0
2593,H2,0.0,0.0,-0.0
2594,Li-Ion,0.0,0.0,-0.0
2594,CAES,0.0,0.0,-0.0
2594,PHS,0.0,0.0,-0.0
2594,H2,0.0,0.0,-0.0
2595,Li-Ion,0.0,0.0,-0.0
2595,CAES,0.0,0.0,-0.0
2595,PHS,0.0,0.0,-0.0
2595,H2,0.0,0.0,-0.0
2596,Li-Ion,0.0,0.0,-0.0
2596,CAES,0.0,0.0,-0.0
2596,PHS,0.0,0.0,-0.0
2596,H2,0.0,0.0,-0.0
2597,Li-Ion,0.0,0.0,-0.0
2597,CAES,0.0,0.0,-0.0
2597,PHS,0.0,0.0,-0.0
2597,H2,0.0,0.0,-0.0
2598,Li-Ion,0.0,0.0,-0.0
2598,CAES,0.0,0.0,-0.0
2598,PHS,0.0,0.0,-0.0
2598,H2,0.0,0.0,-0.0
2599,Li-Ion,0.0,0.0,-0.0
2599,CAES,0.0,0.0,-0.0
2599,PHS,0.0,0.0,-0.0
2599,H2,0.0,0.0,-0.0
2600,Li-Ion,0.0,0.0,-0.0
2600,CAES,0.0,0.0,-0.0
2600,PHS,0.0,0.0,-0.0
2600,H2,0.0,0.0,-0.0
2601,Li-Ion,0.0,0.0,-0.0
2601,CAES,0.0,0.0,-0.0
2601,PHS,0.0,0.0,-0.0
2601,H2,0.0,0.0,-0.0
2602,Li-Ion,0.0,0.0,-0.0
2602,CAES,0.0,0.0,-0.0
2602,PHS,0.0,0.0,-0.0
2602,H2,0.0,0.0,-0.0
2603,Li-Ion,0.0,0.0,-0.0
2603,CAES,0.0,0.0,-0.0
2603,PHS,0.0,0.0,-0.0
2603,H2,0.0,0.0,-0.0
2604,Li-Ion,0.0,0.0,-0.0
2604,CAES,0.0,0.0,-0.0
2604,PHS,0.0,0.0,-0.0
2604,H2,0.0,0.0,-0.0
2605,Li-Ion,0.0,0.0,-0.0
2605,CAES,0.0,0.0,-0.0
2605,PHS,0.0,0.0,-0.0
2605,H2,0.0,0.0,-0.0
2606,Li-Ion,0.0,0.0,-0.0
2606,CAES,0.0,0.0,-0.0
2606,PHS,0.0,0.0,-0.0
2606,H2,0.0,0.0,-0.0
2607,Li-Ion,0.0,0.0,-0.0
2607,CAES,0.0,0.0,-0.0
2607,PHS,0.0,0.0,-0.0
2607,H2,0.0,0.0,-0.0
2608,Li-Ion,0.0,0.0,-0.0
2608,CAES,0.0,0.0,-0.0
2608,PHS,0.0,0.0,-0.0
2608,H2,0.0,0.0,-0.0
2609,Li-Ion,0.0,0.0,-0.0
2609,CAES,0.0,0.0,-0.0
2609,PHS,0.0,0.0,-0.0
2609,H2,0.0,0.0,-0.0
2610,Li-Ion,0.0,0.0,-0.0
2610,CAES,0.0,0.0,-0.0
2610,PHS,0.0,0.0,-0.0
2610,H2,0.0,0.0,-0.0
2611,Li-Ion,0.0,0.0,-0.0
2611,CAES,0.0,0.0,-0.0
2611,PHS,0.0,0.0,-0.0
2611,H2,0.0,0.0,-0.0
2612,Li-Ion,0.0,0.0,-0.0
2612,CAES,0.0,0.0,-0.0
2612,PHS,0.0,0.0,-0.0
2612,H2,0.0,0.0,-0.0
2613,Li-Ion,0.0,0.0,-0.0
2613,CAES,0.0,0.0,-0.0
2613,PHS,0.0,0.0,-0.0
2613,H2,0.0,0.0,-0.0
2614,Li-Ion,0.0,0.0,-0.0
2614,CAES,0.0,0.0,-0.0
2614,PHS,0.0,0.0,-0.0
2614,H2,0.0,0.0,-0.0
2615,Li-Ion,0.0,0.0,-0.0
2615,CAES,0.0,0.0,-0.0
2615,PHS,0.0,0.0,-0.0
2615,H2,0.0,0.0,-0.0
2616,Li-Ion,0.0,0.0,-0.0
2616,CAES,0.0,0.0,-0.0
2616,PHS,0.0,0.0,-0.0
2616,H2,0.0,0.0,-0.0
2617,Li-Ion,0.0,0.0,-0.0
2617,CAES,0.0,0.0,-0.0
2617,PHS,0.0,0.0,-0.0
2617,H2,0.0,0.0,-0.0
2618,Li-Ion,0.0,0.0,-0.0
2618,CAES,0.0,0.0,-0.0
2618,PHS,0.0,0.0,-0.0
2618,H2,0.0,0.0,-0.0
2619,Li-Ion,0.0,0.0,-0.0
2619,CAES,0.0,0.0,-0.0
2619,PHS,0.0,0.0,-0.0
2619,H2,0.0,0.0,-0.0
2620,Li-Ion,0.0,0.0,-0.0
2620,CAES,0.0,0.0,-0.0
2620,PHS,0.0,0.0,-0.0
2620,H2,0.0,0.0,-0.0
2621,Li-Ion,0.0,0.0,-0.0
2621,CAES,0.0,0.0,-0.0
2621,PHS,0.0,0.0,-0.0
2621,H2,0.0,0.0,-0.0
2622,Li-Ion,0.0,0.0,-0.0
2622,CAES,0.0,0.0,-0.0
2622,PHS,0.0,0.0,-0.0
2622,H2,0.0,0.0,-0.0
2623,Li-Ion,0.0,0.0,-0.0
2623,CAES,0.0,0.0,-0.0
2623,PHS,0.0,0.0,-0.0
2623,H2,0.0,0.0,-0.0
2624,Li-Ion,0.0,0.0,-0.0
2624,CAES,0.0,0.0,-0.0
2624,PHS,0.0,0.0,-0.0
2624,H2,0.0,0.0,-0.0
2625,Li-Ion,0.0,0.0,-0.0
2625,CAES,0.0,0.0,-0.0
2625,PHS,0.0,0.0,-0.0
2625,H2,0.0,0.0,-0.0
2626,Li-Ion,0.0,0.0,-0.0
2626,CAES,0.0,0.0,-0.0
2626,PHS,0.0,0.0,-0.0
2626,H2,0.0,0.0,-0.0
2627,Li-Ion,0.0,0.0,-0.0
2627,CAES,0.0,0.0,-0.0
2627,PHS,0.0,0.0,-0.0
2627,H2,0.0,0.0,-0.0
2628,Li-Ion,0.0,0.0,-0.0
2628,CAES,0.0,0.0,-0.0
2628,PHS,0.0,0.0,-0.0
2628,H2,0.0,0.0,-0.0
2629,Li-Ion,0.0,0.0,-0.0
2629,CAES,0.0,0.0,-0.0
2629,PHS,0.0,0.0,-0.0
2629,H2,0.0,0.0,-0.0
2630,Li-Ion,0.0,0.0,-0.0
2630,CAES,0.0,0.0,-0.0
2630,PHS,0.0,0.0,-0.0
2630,H2,0.0,0.0,-0.0
2631,Li-Ion,0.0,0.0,-0.0
2631,CAES,0.0,0.0,-0.0
2631,PHS,0.0,0.0,-0.0
2631,H2,0.0,0.0,-0.0
2632,Li-Ion,0.0,0.0,-0.0
2632,CAES,0.0,0.0,-0.0
2632,PHS,0.0,0.0,-0.0
2632,H2,0.0,0.0,-0.0
2633,Li-Ion,0.0,0.0,-0.0
2633,CAES,0.0,0.0,-0.0
2633,PHS,0.0,0.0,-0.0
2633,H2,0.0,0.0,-0.0
2634,Li-Ion,0.0,0.0,-0.0
2634,CAES,0.0,0.0,-0.0
2634,PHS,0.0,0.0,-0.0
2634,H2,0.0,0.0,-0.0
2635,Li-Ion,0.0,0.0,-0.0
2635,CAES,0.0,0.0,-0.0
2635,PHS,0.0,0.0,-0.0
2635,H2,0.0,0.0,-0.0
2636,Li-Ion,0.0,0.0,-0.0
2636,CAES,0.0,0.0,-0.0
2636,PHS,0.0,0.0,-0.0
2636,H2,0.0,0.0,-0.0
2637,Li-Ion,0.0,0.0,-0.0
2637,CAES,0.0,0.0,-0.0
2637,PHS,0.0,0.0,-0.0
2637,H2,0.0,0.0,-0.0
2638,Li-Ion,0.0,0.0,-0.0
2638,CAES,0.0,0.0,-0.0
2638,PHS,0.0,0.0,-0.0
2638,H2,0.0,0.0,-0.0
2639,Li-Ion,0.0,0.0,-0.0
2639,CAES,0.0,0.0,-0.0
2639,PHS,0.0,0.0,-0.0
2639,H2,0.0,0.0,-0.0
2640,Li-Ion,0.0,0.0,-0.0
2640,CAES,0.0,0.0,-0.0
2640,PHS,0.0,0.0,-0.0
2640,H2,0.0,0.0,-0.0
2641,Li-Ion,0.0,0.0,-0.0
2641,CAES,0.0,0.0,-0.0
2641,PHS,0.0,0.0,-0.0
2641,H2,0.0,0.0,-0.0
2642,Li-Ion,0.0,0.0,-0.0
2642,CAES,0.0,0.0,-0.0
2642,PHS,0.0,0.0,-0.0
2642,H2,0.0,0.0,-0.0
2643,Li-Ion,0.0,0.0,-0.0
2643,CAES,0.0,0.0,-0.0
2643,PHS,0.0,0.0,-0.0
2643,H2,0.0,0.0,-0.0
2644,Li-Ion,0.0,0.0,-0.0
2644,CAES,0.0,0.0,-0.0
2644,PHS,0.0,0.0,-0.0
2644,H2,0.0,0.0,-0.0
2645,Li-Ion,0.0,0.0,-0.0
2645,CAES,0.0,0.0,-0.0
2645,PHS,0.0,0.0,-0.0
2645,H2,0.0,0.0,-0.0
2646,Li-Ion,0.0,0.0,-0.0
2646,CAES,0.0,0.0,-0.0
2646,PHS,0.0,0.0,-0.0
2646,H2,0.0,0.0,-0.0
2647,Li-Ion,0.0,0.0,-0.0
2647,CAES,0.0,0.0,-0.0
2647,PHS,0.0,0.0,-0.0
2647,H2,0.0,0.0,-0.0
2648,Li-Ion,0.0,0.0,-0.0
2648,CAES,0.0,0.0,-0.0
2648,PHS,0.0,0.0,-0.0
2648,H2,0.0,0.0,-0.0
2649,Li-Ion,0.0,0.0,-0.0
2649,CAES,0.0,0.0,-0.0
2649,PHS,0.0,0.0,-0.0
2649,H2,0.0,0.0,-0.0
2650,Li-Ion,0.0,0.0,-0.0
2650,CAES,0.0,0.0,-0.0
2650,PHS,0.0,0.0,-0.0
2650,H2,0.0,0.0,-0.0
2651,Li-Ion,0.0,0.0,-0.0
2651,CAES,0.0,0.0,-0.0
2651,PHS,0.0,0.0,-0.0
2651,H2,0.0,0.0,-0.0
2652,Li-Ion,0.0,0.0,-0.0
2652,CAES,0.0,0.0,-0.0
2652,PHS,0.0,0.0,-0.0
2652,H2,0.0,0.0,-0.0
2653,Li-Ion,0.0,0.0,-0.0
2653,CAES,0.0,0.0,-0.0
2653,PHS,0.0,0.0,-0.0
2653,H2,0.0,0.0,-0.0
2654,Li-Ion,0.0,0.0,-0.0
2654,CAES,0.0,0.0,-0.0
2654,PHS,0.0,0.0,-0.0
2654,H2,0.0,0.0,-0.0
2655,Li-Ion,0.0,0.0,-0.0
2655,CAES,0.0,0.0,-0.0
2655,PHS,0.0,0.0,-0.0
2655,H2,0.0,0.0,-0.0
2656,Li-Ion,0.0,0.0,-0.0
2656,CAES,0.0,0.0,-0.0
2656,PHS,0.0,0.0,-0.0
2656,H2,0.0,0.0,-0.0
2657,Li-Ion,0.0,0.0,-0.0
2657,CAES,0.0,0.0,-0.0
2657,PHS,0.0,0.0,-0.0
2657,H2,0.0,0.0,-0.0
2658,Li-Ion,0.0,0.0,-0.0
2658,CAES,0.0,0.0,-0.0
2658,PHS,0.0,0.0,-0.0
2658,H2,0.0,0.0,-0.0
2659,Li-Ion,0.0,0.0,-0.0
2659,CAES,0.0,0.0,-0.0
2659,PHS,0.0,0.0,-0.0
2659,H2,0.0,0.0,-0.0
2660,Li-Ion,0.0,0.0,-0.0
2660,CAES,0.0,0.0,-0.0
2660,PHS,0.0,0.0,-0.0
2660,H2,0.0,0.0,-0.0
2661,Li-Ion,0.0,0.0,-0.0
2661,CAES,0.0,0.0,-0.0
2661,PHS,0.0,0.0,-0.0
2661,H2,0.0,0.0,-0.0
2662,Li-Ion,0.0,0.0,-0.0
2662,CAES,0.0,0.0,-0.0
2662,PHS,0.0,0.0,-0.0
2662,H2,0.0,0.0,-0.0
2663,Li-Ion,0.0,0.0,-0.0
2663,CAES,0.0,0.0,-0.0
2663,PHS,0.0,0.0,-0.0
2663,H2,0.0,0.0,-0.0
2664,Li-Ion,0.0,0.0,-0.0
2664,CAES,0.0,0.0,-0.0
2664,PHS,0.0,0.0,-0.0
2664,H2,0.0,0.0,-0.0
2665,Li-Ion,0.0,0.0,-0.0
2665,CAES,0.0,0.0,-0.0
2665,PHS,0.0,0.0,-0.0
2665,H2,0.0,0.0,-0.0
2666,Li-Ion,0.0,0.0,-0.0
2666,CAES,0.0,0.0,-0.0
2666,PHS,0.0,0.0,-0.0
2666,H2,0.0,0.0,-0.0
2667,Li-Ion,0.0,0.0,-0.0
2667,CAES,0.0,0.0,-0.0
2667,PHS,0.0,0.0,-0.0
2667,H2,0.0,0.0,-0.0
2668,Li-Ion,0.0,0.0,-0.0
2668,CAES,0.0,0.0,-0.0
2668,PHS,0.0,0.0,-0.0
2668,H2,0.0,0.0,-0.0
2669,Li-Ion,0.0,0.0,-0.0
2669,CAES,0.0,0.0,-0.0
2669,PHS,0.0,0.0,-0.0
2669,H2,0.0,0.0,-0.0
2670,Li-Ion,0.0,0.0,-0.0
2670,CAES,0.0,0.0,-0.0
2670,PHS,0.0,0.0,-0.0
2670,H2,0.0,0.0,-0.0
2671,Li-Ion,0.0,0.0,-0.0
2671,CAES,0.0,0.0,-0.0
2671,PHS,0.0,0.0,-0.0
2671,H2,0.0,0.0,-0.0
2672,Li-Ion,0.0,0.0,-0.0
2672,CAES,0.0,0.0,-0.0
2672,PHS,0.0,0.0,-0.0
2672,H2,0.0,0.0,-0.0
2673,Li-Ion,0.0,0.0,-0.0
2673,CAES,0.0,0.0,-0.0
2673,PHS,0.0,0.0,-0.0
2673,H2,0.0,0.0,-0.0
2674,Li-Ion,0.0,0.0,-0.0
2674,CAES,0.0,0.0,-0.0
2674,PHS,0.0,0.0,-0.0
2674,H2,0.0,0.0,-0.0
2675,Li-Ion,0.0,0.0,-0.0
2675,CAES,0.0,0.0,-0.0
2675,PHS,0.0,0.0,-0.0
2675,H2,0.0,0.0,-0.0
2676,Li-Ion,0.0,0.0,-0.0
2676,CAES,0.0,0.0,-0.0
2676,PHS,0.0,0.0,-0.0
2676,H2,0.0,0.0,-0.0
2677,Li-Ion,0.0,0.0,-0.0
2677,CAES,0.0,0.0,-0.0
2677,PHS,0.0,0.0,-0.0
2677,H2,0.0,0.0,-0.0
2678,Li-Ion,0.0,0.0,-0.0
2678,CAES,0.0,0.0,-0.0
2678,PHS,0.0,0.0,-0.0
2678,H2,0.0,0.0,-0.0
2679,Li-Ion,0.0,0.0,-0.0
2679,CAES,0.0,0.0,-0.0
2679,PHS,0.0,0.0,-0.0
2679,H2,0.0,0.0,-0.0
2680,Li-Ion,0.0,0.0,-0.0
2680,CAES,0.0,0.0,-0.0
2680,PHS,0.0,0.0,-0.0
2680,H2,0.0,0.0,-0.0
2681,Li-Ion,0.0,0.0,-0.0
2681,CAES,0.0,0.0,-0.0
2681,PHS,0.0,0.0,-0.0
2681,H2,0.0,0.0,-0.0
2682,Li-Ion,0.0,0.0,-0.0
2682,CAES,0.0,0.0,-0.0
2682,PHS,0.0,0.0,-0.0
2682,H2,0.0,0.0,-0.0
2683,Li-Ion,0.0,0.0,-0.0
2683,CAES,0.0,0.0,-0.0
2683,PHS,0.0,0.0,-0.0
2683,H2,0.0,0.0,-0.0
2684,Li-Ion,0.0,-0.0,-0.0
2684,CAES,0.0,-0.0,-0.0
2684,PHS,0.0,-0.0,-0.0
2684,H2,0.0,-0.0,-0.0
2685,Li-Ion,0.0,0.0,-0.0
2685,CAES,0.0,0.0,-0.0
2685,PHS,0.0,0.0,-0.0
2685,H2,0.0,0.0,-0.0
2686,Li-Ion,0.0,0.0,-0.0
2686,CAES,0.0,0.0,-0.0
2686,PHS,0.0,0.0,-0.0
2686,H2,0.0,0.0,-0.0
2687,Li-Ion,0.0,0.0,-0.0
2687,CAES,0.0,0.0,-0.0
2687,PHS,0.0,0.0,-0.0
2687,H2,0.0,0.0,-0.0
2688,Li-Ion,0.0,0.0,-0.0
2688,CAES,0.0,0.0,-0.0
2688,PHS,0.0,0.0,-0.0
2688,H2,0.0,0.0,-0.0
2689,Li-Ion,0.0,0.0,-0.0
2689,CAES,0.0,0.0,-0.0
2689,PHS,0.0,0.0,-0.0
2689,H2,0.0,0.0,-0.0
2690,Li-Ion,0.0,0.0,-0.0
2690,CAES,0.0,0.0,-0.0
2690,PHS,0.0,0.0,-0.0
2690,H2,0.0,0.0,-0.0
2691,Li-Ion,0.0,0.0,-0.0
2691,CAES,0.0,0.0,-0.0
2691,PHS,0.0,0.0,-0.0
2691,H2,0.0,0.0,-0.0
2692,Li-Ion,0.0,0.0,-0.0
2692,CAES,0.0,0.0,-0.0
2692,PHS,0.0,0.0,-0.0
2692,H2,0.0,0.0,-0.0
2693,Li-Ion,0.0,0.0,-0.0
2693,CAES,0.0,0.0,-0.0
2693,PHS,0.0,0.0,-0.0
2693,H2,0.0,0.0,-0.0
2694,Li-Ion,0.0,0.0,-0.0
2694,CAES,0.0,0.0,-0.0
2694,PHS,0.0,0.0,-0.0
2694,H2,0.0,0.0,-0.0
2695,Li-Ion,0.0,0.0,0.0
2695,CAES,0.0,0.0,-0.0
2695,PHS,0.0,0.0,-0.0
2695,H2,0.0,0.0,-0.0
2696,Li-Ion,0.0,0.0,-0.0
2696,CAES,0.0,0.0,-0.0
2696,PHS,0.0,0.0,-0.0
2696,H2,0.0,0.0,-0.0
2697,Li-Ion,0.0,0.0,-0.0
2697,CAES,0.0,0.0,-0.0
2697,PHS,0.0,0.0,-0.0
2697,H2,0.0,0.0,-0.0
2698,Li-Ion,0.0,0.0,-0.0
2698,CAES,0.0,0.0,-0.0
2698,PHS,0.0,0.0,-0.0
2698,H2,0.0,0.0,-0.0
2699,Li-Ion,0.0,0.0,-0.0
2699,CAES,0.0,0.0,-0.0
2699,PHS,0.0,0.0,-0.0
2699,H2,0.0,0.0,-0.0
2700,Li-Ion,0.0,0.0,-0.0
2700,CAES,0.0,0.0,-0.0
2700,PHS,0.0,0.0,-0.0
2700,H2,0.0,0.0,-0.0
2701,Li-Ion,0.0,0.0,-0.0
2701,CAES,0.0,0.0,-0.0
2701,PHS,0.0,0.0,-0.0
2701,H2,0.0,0.0,-0.0
2702,Li-Ion,0.0,0.0,-0.0
2702,CAES,0.0,0.0,-0.0
2702,PHS,0.0,0.0,-0.0
2702,H2,0.0,0.0,-0.0
2703,Li-Ion,0.0,0.0,-0.0
2703,CAES,0.0,0.0,-0.0
2703,PHS,0.0,0.0,-0.0
2703,H2,0.0,0.0,-0.0
2704,Li-Ion,0.0,0.0,-0.0
2704,CAES,0.0,0.0,-0.0
2704,PHS,0.0,0.0,-0.0
2704,H2,0.0,0.0,-0.0
2705,Li-Ion,0.0,0.0,-0.0
2705,CAES,0.0,0.0,-0.0
2705,PHS,0.0,0.0,-0.0
2705,H2,0.0,0.0,-0.0
2706,Li-Ion,0.0,0.0,-0.0
2706,CAES,0.0,0.0,-0.0
2706,PHS,0.0,0.0,-0.0
2706,H2,0.0,0.0,-0.0
2707,Li-Ion,0.0,0.0,-0.0
2707,CAES,0.0,0.0,-0.0
2707,PHS,0.0,0.0,-0.0
2707,H2,0.0,0.0,-0.0
2708,Li-Ion,0.0,0.0,-0.0
2708,CAES,0.0,0.0,-0.0
2708,PHS,0.0,0.0,-0.0
2708,H2,0.0,0.0,-0.0
2709,Li-Ion,0.0,0.0,-0.0
2709,CAES,0.0,0.0,-0.0
2709,PHS,0.0,0.0,-0.0
2709,H2,0.0,0.0,-0.0
2710,Li-Ion,0.0,0.0,-0.0
2710,CAES,0.0,0.0,-0.0
2710,PHS,0.0,0.0,-0.0
2710,H2,0.0,0.0,-0.0
2711,Li-Ion,0.0,0.0,-0.0
2711,CAES,0.0,0.0,-0.0
2711,PHS,0.0,0.0,-0.0
2711,H2,0.0,0.0,-0.0
2712,Li-Ion,0.0,0.0,-0.0
2712,CAES,0.0,0.0,-0.0
2712,PHS,0.0,0.0,-0.0
2712,H2,0.0,0.0,-0.0
2713,Li-Ion,0.0,0.0,-0.0
2713,CAES,0.0,0.0,-0.0
2713,PHS,0.0,0.0,-0.0
2713,H2,0.0,0.0,-0.0
2714,Li-Ion,0.0,0.0,-0.0
2714,CAES,0.0,0.0,-0.0
2714,PHS,0.0,0.0,-0.0
2714,H2,0.0,0.0,-0.0
2715,Li-Ion,0.0,0.0,-0.0
2715,CAES,0.0,0.0,-0.0
2715,PHS,0.0,0.0,-0.0
2715,H2,0.0,0.0,-0.0
2716,Li-Ion,0.0,0.0,-0.0
2716,CAES,0.0,0.0,-0.0
2716,PHS,0.0,0.0,-0.0
2716,H2,0.0,0.0,-0.0
2717,Li-Ion,0.0,0.0,-0.0
2717,CAES,0.0,0.0,-0.0
2717,PHS,0.0,0.0,-0.0
2717,H2,0.0,0.0,-0.0
2718,Li-Ion,0.0,0.0,-0.0
2718,CAES,0.0,0.0,-0.0
2718,PHS,0.0,0.0,-0.0
2718,H2,0.0,0.0,-0.0
2719,Li-Ion,0.0,0.0,-0.0
2719,CAES,0.0,0.0,-0.0
2719,PHS,0.0,0.0,-0.0
2719,H2,0.0,0.0,-0.0
2720,Li-Ion,0.0,0.0,-0.0
2720,CAES,0.0,0.0,-0.0
2720,PHS,0.0,0.0,-0.0
2720,H2,0.0,0.0,-0.0
2721,Li-Ion,0.0,0.0,-0.0
2721,CAES,0.0,0.0,-0.0
2721,PHS,0.0,0.0,-0.0
2721,H2,0.0,0.0,-0.0
2722,Li-Ion,0.0,0.0,-0.0
2722,CAES,0.0,0.0,-0.0
2722,PHS,0.0,0.0,-0.0
2722,H2,0.0,0.0,-0.0
2723,Li-Ion,0.0,0.0,-0.0
2723,CAES,0.0,0.0,-0.0
2723,PHS,0.0,0.0,-0.0
2723,H2,0.0,0.0,-0.0
2724,Li-Ion,0.0,0.0,-0.0
2724,CAES,0.0,0.0,-0.0
2724,PHS,0.0,0.0,-0.0
2724,H2,0.0,0.0,-0.0
2725,Li-Ion,0.0,0.0,-0.0
2725,CAES,0.0,0.0,-0.0
2725,PHS,0.0,0.0,-0.0
2725,H2,0.0,0.0,-0.0
2726,Li-Ion,0.0,0.0,-0.0
2726,CAES,0.0,0.0,-0.0
2726,PHS,0.0,0.0,-0.0
2726,H2,0.0,0.0,-0.0
2727,Li-Ion,0.0,0.0,-0.0
2727,CAES,0.0,0.0,-0.0
2727,PHS,0.0,0.0,-0.0
2727,H2,0.0,0.0,-0.0
2728,Li-Ion,0.0,0.0,-0.0
2728,CAES,0.0,0.0,-0.0
2728,PHS,0.0,0.0,-0.0
2728,H2,0.0,0.0,-0.0
2729,Li-Ion,0.0,0.0,-0.0
2729,CAES,0.0,0.0,-0.0
2729,PHS,0.0,0.0,-0.0
2729,H2,0.0,0.0,-0.0
2730,Li-Ion,0.0,0.0,-0.0
2730,CAES,0.0,0.0,-0.0
2730,PHS,0.0,0.0,-0.0
2730,H2,0.0,0.0,-0.0
2731,Li-Ion,0.0,0.0,-0.0
2731,CAES,0.0,0.0,-0.0
2731,PHS,0.0,0.0,-0.0
2731,H2,0.0,0.0,-0.0
2732,Li-Ion,0.0,0.0,-0.0
2732,CAES,0.0,0.0,-0.0
2732,PHS,0.0,0.0,-0.0
2732,H2,0.0,0.0,-0.0
2733,Li-Ion,0.0,0.0,-0.0
2733,CAES,0.0,0.0,-0.0
2733,PHS,0.0,0.0,-0.0
2733,H2,0.0,0.0,-0.0
2734,Li-Ion,0.0,0.0,-0.0
2734,CAES,0.0,0.0,-0.0
2734,PHS,0.0,0.0,-0.0
2734,H2,0.0,0.0,-0.0
2735,Li-Ion,0.0,0.0,-0.0
2735,CAES,0.0,0.0,-0.0
2735,PHS,0.0,0.0,-0.0
2735,H2,0.0,0.0,-0.0
2736,Li-Ion,0.0,0.0,-0.0
2736,CAES,0.0,0.0,-0.0
2736,PHS,0.0,0.0,-0.0
2736,H2,0.0,0.0,-0.0
2737,Li-Ion,0.0,0.0,-0.0
2737,CAES,0.0,0.0,-0.0
2737,PHS,0.0,0.0,-0.0
2737,H2,0.0,0.0,-0.0
2738,Li-Ion,0.0,0.0,-0.0
2738,CAES,0.0,0.0,-0.0
2738,PHS,0.0,0.0,-0.0
2738,H2,0.0,0.0,-0.0
2739,Li-Ion,0.0,0.0,-0.0
2739,CAES,0.0,0.0,-0.0
2739,PHS,0.0,0.0,-0.0
2739,H2,0.0,0.0,-0.0
2740,Li-Ion,0.0,0.0,-0.0
2740,CAES,0.0,0.0,-0.0
2740,PHS,0.0,0.0,-0.0
2740,H2,0.0,0.0,-0.0
2741,Li-Ion,0.0,0.0,-0.0
2741,CAES,0.0,0.0,-0.0
2741,PHS,0.0,0.0,-0.0
2741,H2,0.0,0.0,-0.0
2742,Li-Ion,0.0,0.0,-0.0
2742,CAES,0.0,0.0,-0.0
2742,PHS,0.0,0.0,-0.0
2742,H2,0.0,0.0,-0.0
2743,Li-Ion,0.0,0.0,-0.0
2743,CAES,0.0,0.0,-0.0
2743,PHS,0.0,0.0,-0.0
2743,H2,0.0,0.0,-0.0
2744,Li-Ion,0.0,0.0,-0.0
2744,CAES,0.0,0.0,-0.0
2744,PHS,0.0,0.0,-0.0
2744,H2,0.0,0.0,-0.0
2745,Li-Ion,0.0,0.0,-0.0
2745,CAES,0.0,0.0,-0.0
2745,PHS,0.0,0.0,-0.0
2745,H2,0.0,0.0,-0.0
2746,Li-Ion,0.0,0.0,-0.0
2746,CAES,0.0,0.0,-0.0
2746,PHS,0.0,0.0,-0.0
2746,H2,0.0,0.0,-0.0
2747,Li-Ion,0.0,0.0,-0.0
2747,CAES,0.0,0.0,-0.0
2747,PHS,0.0,0.0,-0.0
2747,H2,0.0,0.0,-0.0
2748,Li-Ion,0.0,0.0,-0.0
2748,CAES,0.0,0.0,-0.0
2748,PHS,0.0,0.0,-0.0
2748,H2,0.0,0.0,-0.0
2749,Li-Ion,0.0,0.0,-0.0
2749,CAES,0.0,0.0,-0.0
2749,PHS,0.0,0.0,-0.0
2749,H2,0.0,0.0,-0.0
2750,Li-Ion,0.0,0.0,-0.0
2750,CAES,0.0,0.0,-0.0
2750,PHS,0.0,0.0,-0.0
2750,H2,0.0,0.0,-0.0
2751,Li-Ion,0.0,0.0,-0.0
2751,CAES,0.0,0.0,-0.0
2751,PHS,0.0,0.0,-0.0
2751,H2,0.0,0.0,-0.0
2752,Li-Ion,0.0,0.0,-0.0
2752,CAES,0.0,0.0,-0.0
2752,PHS,0.0,0.0,-0.0
2752,H2,0.0,0.0,-0.0
2753,Li-Ion,0.0,0.0,-0.0
2753,CAES,0.0,0.0,-0.0
2753,PHS,0.0,0.0,-0.0
2753,H2,0.0,0.0,-0.0
2754,Li-Ion,0.0,0.0,-0.0
2754,CAES,0.0,0.0,-0.0
2754,PHS,0.0,0.0,-0.0
2754,H2,0.0,0.0,-0.0
2755,Li-Ion,0.0,0.0,-0.0
2755,CAES,0.0,0.0,-0.0
2755,PHS,0.0,0.0,-0.0
2755,H2,0.0,0.0,-0.0
2756,Li-Ion,0.0,0.0,-0.0
2756,CAES,0.0,0.0,-0.0
2756,PHS,0.0,0.0,-0.0
2756,H2,0.0,0.0,-0.0
2757,Li-Ion,0.0,0.0,-0.0
2757,CAES,0.0,0.0,-0.0
2757,PHS,0.0,0.0,-0.0
2757,H2,0.0,0.0,-0.0
2758,Li-Ion,0.0,0.0,-0.0
2758,CAES,0.0,0.0,-0.0
2758,PHS,0.0,0.0,-0.0
2758,H2,0.0,0.0,-0.0
2759,Li-Ion,0.0,0.0,-0.0
2759,CAES,0.0,0.0,-0.0
2759,PHS,0.0,0.0,-0.0
2759,H2,0.0,0.0,-0.0
2760,Li-Ion,0.0,0.0,-0.0
2760,CAES,0.0,0.0,-0.0
2760,PHS,0.0,0.0,-0.0
2760,H2,0.0,0.0,-0.0
2761,Li-Ion,0.0,0.0,-0.0
2761,CAES,0.0,0.0,-0.0
2761,PHS,0.0,0.0,-0.0
2761,H2,0.0,0.0,-0.0
2762,Li-Ion,0.0,0.0,-0.0
2762,CAES,0.0,0.0,-0.0
2762,PHS,0.0,0.0,-0.0
2762,H2,0.0,0.0,-0.0
2763,Li-Ion,0.0,0.0,-0.0
2763,CAES,0.0,0.0,-0.0
2763,PHS,0.0,0.0,-0.0
2763,H2,0.0,0.0,-0.0
2764,Li-Ion,0.0,0.0,-0.0
2764,CAES,0.0,0.0,-0.0
2764,PHS,0.0,0.0,-0.0
2764,H2,0.0,0.0,-0.0
2765,Li-Ion,0.0,0.0,-0.0
2765,CAES,0.0,0.0,-0.0
2765,PHS,0.0,0.0,-0.0
2765,H2,0.0,0.0,-0.0
2766,Li-Ion,0.0,0.0,-0.0
2766,CAES,0.0,0.0,-0.0
2766,PHS,0.0,0.0,-0.0
2766,H2,0.0,0.0,-0.0
2767,Li-Ion,0.0,0.0,-0.0
2767,CAES,0.0,0.0,-0.0
2767,PHS,0.0,0.0,-0.0
2767,H2,0.0,0.0,-0.0
2768,Li-Ion,0.0,0.0,-0.0
2768,CAES,0.0,0.0,-0.0
2768,PHS,0.0,0.0,-0.0
2768,H2,0.0,0.0,-0.0
2769,Li-Ion,0.0,0.0,-0.0
2769,CAES,0.0,0.0,-0.0
2769,PHS,0.0,0.0,-0.0
2769,H2,0.0,0.0,-0.0
2770,Li-Ion,0.0,0.0,-0.0
2770,CAES,0.0,0.0,-0.0
2770,PHS,0.0,0.0,-0.0
2770,H2,0.0,0.0,-0.0
2771,Li-Ion,0.0,0.0,-0.0
2771,CAES,0.0,0.0,-0.0
2771,PHS,0.0,0.0,-0.0
2771,H2,0.0,0.0,-0.0
2772,Li-Ion,0.0,0.0,-0.0
2772,CAES,0.0,0.0,-0.0
2772,PHS,0.0,0.0,-0.0
2772,H2,0.0,0.0,-0.0
2773,Li-Ion,0.0,0.0,-0.0
2773,CAES,0.0,0.0,-0.0
2773,PHS,0.0,0.0,-0.0
2773,H2,0.0,0.0,-0.0
2774,Li-Ion,0.0,0.0,-0.0
2774,CAES,0.0,0.0,-0.0
2774,PHS,0.0,0.0,-0.0
2774,H2,0.0,0.0,-0.0
2775,Li-Ion,0.0,0.0,-0.0
2775,CAES,0.0,0.0,-0.0
2775,PHS,0.0,0.0,-0.0
2775,H2,0.0,0.0,-0.0
2776,Li-Ion,0.0,0.0,-0.0
2776,CAES,0.0,0.0,-0.0
2776,PHS,0.0,0.0,-0.0
2776,H2,0.0,0.0,-0.0
2777,Li-Ion,0.0,0.0,-0.0
2777,CAES,0.0,0.0,-0.0
2777,PHS,0.0,0.0,-0.0
2777,H2,0.0,0.0,-0.0
2778,Li-Ion,0.0,0.0,-0.0
2778,CAES,0.0,0.0,-0.0
2778,PHS,0.0,0.0,-0.0
2778,H2,0.0,0.0,-0.0
2779,Li-Ion,0.0,0.0,-0.0
2779,CAES,0.0,0.0,-0.0
2779,PHS,0.0,0.0,-0.0
2779,H2,0.0,0.0,-0.0
2780,Li-Ion,0.0,0.0,-0.0
2780,CAES,0.0,0.0,-0.0
2780,PHS,0.0,0.0,-0.0
2780,H2,0.0,0.0,-0.0
2781,Li-Ion,0.0,0.0,-0.0
2781,CAES,0.0,0.0,-0.0
2781,PHS,0.0,0.0,-0.0
2781,H2,0.0,0.0,-0.0
2782,Li-Ion,0.0,0.0,-0.0
2782,CAES,0.0,0.0,-0.0
2782,PHS,0.0,0.0,-0.0
2782,H2,0.0,0.0,-0.0
2783,Li-Ion,0.0,0.0,-0.0
2783,CAES,0.0,0.0,-0.0
2783,PHS,0.0,0.0,-0.0
2783,H2,0.0,0.0,-0.0
2784,Li-Ion,0.0,0.0,-0.0
2784,CAES,0.0,0.0,-0.0
2784,PHS,0.0,0.0,-0.0
2784,H2,0.0,0.0,-0.0
2785,Li-Ion,0.0,0.0,-0.0
2785,CAES,0.0,0.0,-0.0
2785,PHS,0.0,0.0,-0.0
2785,H2,0.0,0.0,-0.0
2786,Li-Ion,0.0,0.0,-0.0
2786,CAES,0.0,0.0,-0.0
2786,PHS,0.0,0.0,-0.0
2786,H2,0.0,0.0,-0.0
2787,Li-Ion,0.0,0.0,-0.0
2787,CAES,0.0,0.0,-0.0
2787,PHS,0.0,0.0,-0.0
2787,H2,0.0,0.0,-0.0
2788,Li-Ion,0.0,0.0,-0.0
2788,CAES,0.0,0.0,-0.0
2788,PHS,0.0,0.0,-0.0
2788,H2,0.0,0.0,-0.0
2789,Li-Ion,0.0,0.0,-0.0
2789,CAES,0.0,0.0,-0.0
2789,PHS,0.0,0.0,-0.0
2789,H2,0.0,0.0,-0.0
2790,Li-Ion,0.0,0.0,-0.0
2790,CAES,0.0,0.0,-0.0
2790,PHS,0.0,0.0,-0.0
2790,H2,0.0,0.0,-0.0
2791,Li-Ion,0.0,0.0,-0.0
2791,CAES,0.0,0.0,-0.0
2791,PHS,0.0,0.0,-0.0
2791,H2,0.0,0.0,-0.0
2792,Li-Ion,0.0,0.0,-0.0
2792,CAES,0.0,0.0,-0.0
2792,PHS,0.0,0.0,-0.0
2792,H2,0.0,0.0,-0.0
2793,Li-Ion,0.0,0.0,-0.0
2793,CAES,0.0,0.0,-0.0
2793,PHS,0.0,0.0,-0.0
2793,H2,0.0,0.0,-0.0
2794,Li-Ion,0.0,0.0,-0.0
2794,CAES,0.0,0.0,-0.0
2794,PHS,0.0,0.0,-0.0
2794,H2,0.0,0.0,-0.0
2795,Li-Ion,0.0,0.0,-0.0
2795,CAES,0.0,0.0,-0.0
2795,PHS,0.0,0.0,-0.0
2795,H2,0.0,0.0,-0.0
2796,Li-Ion,0.0,0.0,-0.0
2796,CAES,0.0,0.0,-0.0
2796,PHS,0.0,0.0,-0.0
2796,H2,0.0,0.0,-0.0
2797,Li-Ion,0.0,0.0,-0.0
2797,CAES,0.0,0.0,-0.0
2797,PHS,0.0,0.0,-0.0
2797,H2,0.0,0.0,-0.0
2798,Li-Ion,0.0,0.0,-0.0
2798,CAES,0.0,0.0,-0.0
2798,PHS,0.0,0.0,-0.0
2798,H2,0.0,0.0,-0.0
2799,Li-Ion,0.0,0.0,-0.0
2799,CAES,0.0,0.0,-0.0
2799,PHS,0.0,0.0,-0.0
2799,H2,0.0,0.0,-0.0
2800,Li-Ion,0.0,0.0,-0.0
2800,CAES,0.0,0.0,-0.0
2800,PHS,0.0,0.0,-0.0
2800,H2,0.0,0.0,-0.0
2801,Li-Ion,0.0,0.0,-0.0
2801,CAES,0.0,0.0,-0.0
2801,PHS,0.0,0.0,-0.0
2801,H2,0.0,0.0,-0.0
2802,Li-Ion,0.0,0.0,-0.0
2802,CAES,0.0,0.0,-0.0
2802,PHS,0.0,0.0,-0.0
2802,H2,0.0,0.0,-0.0
2803,Li-Ion,0.0,0.0,-0.0
2803,CAES,0.0,0.0,-0.0
2803,PHS,0.0,0.0,-0.0
2803,H2,0.0,0.0,-0.0
2804,Li-Ion,0.0,0.0,-0.0
2804,CAES,0.0,0.0,-0.0
2804,PHS,0.0,0.0,-0.0
2804,H2,0.0,0.0,-0.0
2805,Li-Ion,0.0,0.0,-0.0
2805,CAES,0.0,0.0,-0.0
2805,PHS,0.0,0.0,-0.0
2805,H2,0.0,0.0,-0.0
2806,Li-Ion,0.0,0.0,-0.0
2806,CAES,0.0,0.0,-0.0
2806,PHS,0.0,0.0,-0.0
2806,H2,0.0,0.0,-0.0
2807,Li-Ion,0.0,0.0,-0.0
2807,CAES,0.0,0.0,-0.0
2807,PHS,0.0,0.0,-0.0
2807,H2,0.0,0.0,-0.0
2808,Li-Ion,0.0,0.0,-0.0
2808,CAES,0.0,0.0,-0.0
2808,PHS,0.0,0.0,-0.0
2808,H2,0.0,0.0,-0.0
2809,Li-Ion,0.0,0.0,-0.0
2809,CAES,0.0,0.0,-0.0
2809,PHS,0.0,0.0,-0.0
2809,H2,0.0,0.0,-0.0
2810,Li-Ion,0.0,0.0,-0.0
2810,CAES,0.0,0.0,-0.0
2810,PHS,0.0,0.0,-0.0
2810,H2,0.0,0.0,-0.0
2811,Li-Ion,0.0,0.0,-0.0
2811,CAES,0.0,0.0,-0.0
2811,PHS,0.0,0.0,-0.0
2811,H2,0.0,0.0,-0.0
2812,Li-Ion,0.0,0.0,-0.0
2812,CAES,0.0,0.0,-0.0
2812,PHS,0.0,0.0,-0.0
2812,H2,0.0,0.0,-0.0
2813,Li-Ion,0.0,0.0,-0.0
2813,CAES,0.0,0.0,-0.0
2813,PHS,0.0,0.0,-0.0
2813,H2,0.0,0.0,-0.0
2814,Li-Ion,0.0,0.0,-0.0
2814,CAES,0.0,0.0,-0.0
2814,PHS,0.0,0.0,-0.0
2814,H2,0.0,0.0,-0.0
2815,Li-Ion,0.0,0.0,-0.0
2815,CAES,0.0,0.0,-0.0
2815,PHS,0.0,0.0,-0.0
2815,H2,0.0,0.0,-0.0
2816,Li-Ion,0.0,0.0,-0.0
2816,CAES,0.0,0.0,-0.0
2816,PHS,0.0,0.0,-0.0
2816,H2,0.0,0.0,-0.0
2817,Li-Ion,0.0,0.0,-0.0
2817,CAES,0.0,0.0,-0.0
2817,PHS,0.0,0.0,-0.0
2817,H2,0.0,0.0,-0.0
2818,Li-Ion,0.0,0.0,-0.0
2818,CAES,0.0,0.0,-0.0
2818,PHS,0.0,0.0,-0.0
2818,H2,0.0,0.0,-0.0
2819,Li-Ion,0.0,0.0,-0.0
2819,CAES,0.0,0.0,-0.0
2819,PHS,0.0,0.0,-0.0
2819,H2,0.0,0.0,-0.0
2820,Li-Ion,0.0,0.0,-0.0
2820,CAES,0.0,0.0,-0.0
2820,PHS,0.0,0.0,-0.0
2820,H2,0.0,0.0,-0.0
2821,Li-Ion,0.0,0.0,-0.0
2821,CAES,0.0,0.0,-0.0
2821,PHS,0.0,0.0,-0.0
2821,H2,0.0,0.0,-0.0
2822,Li-Ion,0.0,0.0,-0.0
2822,CAES,0.0,0.0,-0.0
2822,PHS,0.0,0.0,-0.0
2822,H2,0.0,0.0,-0.0
2823,Li-Ion,0.0,0.0,-0.0
2823,CAES,0.0,0.0,-0.0
2823,PHS,0.0,0.0,-0.0
2823,H2,0.0,0.0,-0.0
2824,Li-Ion,0.0,0.0,-0.0
2824,CAES,0.0,0.0,-0.0
2824,PHS,0.0,0.0,-0.0
2824,H2,0.0,0.0,-0.0
2825,Li-Ion,0.0,0.0,-0.0
2825,CAES,0.0,0.0,-0.0
2825,PHS,0.0,0.0,-0.0
2825,H2,0.0,0.0,-0.0
2826,Li-Ion,0.0,0.0,-0.0
2826,CAES,0.0,0.0,-0.0
2826,PHS,0.0,0.0,-0.0
2826,H2,0.0,0.0,-0.0
2827,Li-Ion,0.0,0.0,-0.0
2827,CAES,0.0,0.0,-0.0
2827,PHS,0.0,0.0,-0.0
2827,H2,0.0,0.0,-0.0
2828,Li-Ion,0.0,0.0,-0.0
2828,CAES,0.0,0.0,-0.0
2828,PHS,0.0,0.0,-0.0
2828,H2,0.0,0.0,-0.0
2829,Li-Ion,0.0,0.0,-0.0
2829,CAES,0.0,0.0,-0.0
2829,PHS,0.0,0.0,-0.0
2829,H2,0.0,0.0,-0.0
2830,Li-Ion,0.0,0.0,-0.0
2830,CAES,0.0,0.0,-0.0
2830,PHS,0.0,0.0,-0.0
2830,H2,0.0,0.0,-0.0
2831,Li-Ion,0.0,0.0,-0.0
2831,CAES,0.0,0.0,-0.0
2831,PHS,0.0,0.0,-0.0
2831,H2,0.0,0.0,-0.0
2832,Li-Ion,0.0,0.0,-0.0
2832,CAES,0.0,0.0,-0.0
2832,PHS,0.0,0.0,-0.0
2832,H2,0.0,0.0,-0.0
2833,Li-Ion,0.0,0.0,-0.0
2833,CAES,0.0,0.0,-0.0
2833,PHS,0.0,0.0,-0.0
2833,H2,0.0,0.0,-0.0
2834,Li-Ion,0.0,0.0,-0.0
2834,CAES,0.0,0.0,-0.0
2834,PHS,0.0,0.0,-0.0
2834,H2,0.0,0.0,-0.0
2835,Li-Ion,0.0,0.0,-0.0
2835,CAES,0.0,0.0,-0.0
2835,PHS,0.0,0.0,-0.0
2835,H2,0.0,0.0,-0.0
2836,Li-Ion,0.0,0.0,-0.0
2836,CAES,0.0,0.0,-0.0
2836,PHS,0.0,0.0,-0.0
2836,H2,0.0,0.0,-0.0
2837,Li-Ion,0.0,0.0,-0.0
2837,CAES,0.0,0.0,-0.0
2837,PHS,0.0,0.0,-0.0
2837,H2,0.0,0.0,-0.0
2838,Li-Ion,0.0,0.0,-0.0
2838,CAES,0.0,0.0,-0.0
2838,PHS,0.0,0.0,-0.0
2838,H2,0.0,0.0,-0.0
2839,Li-Ion,0.0,0.0,-0.0
2839,CAES,0.0,0.0,-0.0
2839,PHS,0.0,0.0,-0.0
2839,H2,0.0,0.0,-0.0
2840,Li-Ion,0.0,0.0,-0.0
2840,CAES,0.0,0.0,-0.0
2840,PHS,0.0,0.0,-0.0
2840,H2,0.0,0.0,-0.0
2841,Li-Ion,0.0,0.0,-0.0
2841,CAES,0.0,0.0,-0.0
2841,PHS,0.0,0.0,-0.0
2841,H2,0.0,0.0,-0.0
2842,Li-Ion,0.0,0.0,-0.0
2842,CAES,0.0,0.0,-0.0
2842,PHS,0.0,0.0,-0.0
2842,H2,0.0,0.0,-0.0
2843,Li-Ion,0.0,0.0,-0.0
2843,CAES,0.0,0.0,-0.0
2843,PHS,0.0,0.0,-0.0
2843,H2,0.0,0.0,-0.0
2844,Li-Ion,0.0,0.0,-0.0
2844,CAES,0.0,0.0,-0.0
2844,PHS,0.0,0.0,-0.0
2844,H2,0.0,0.0,-0.0
2845,Li-Ion,0.0,0.0,-0.0
2845,CAES,0.0,0.0,-0.0
2845,PHS,0.0,0.0,-0.0
2845,H2,0.0,0.0,-0.0
2846,Li-Ion,0.0,0.0,-0.0
2846,CAES,0.0,0.0,-0.0
2846,PHS,0.0,0.0,-0.0
2846,H2,0.0,0.0,-0.0
2847,Li-Ion,0.0,0.0,-0.0
2847,CAES,0.0,0.0,-0.0
2847,PHS,0.0,0.0,-0.0
2847,H2,0.0,0.0,-0.0
2848,Li-Ion,0.0,0.0,-0.0
2848,CAES,0.0,0.0,-0.0
2848,PHS,0.0,0.0,-0.0
2848,H2,0.0,0.0,-0.0
2849,Li-Ion,0.0,0.0,-0.0
2849,CAES,0.0,0.0,-0.0
2849,PHS,0.0,0.0,-0.0
2849,H2,0.0,0.0,-0.0
2850,Li-Ion,0.0,0.0,-0.0
2850,CAES,0.0,0.0,-0.0
2850,PHS,0.0,0.0,-0.0
2850,H2,0.0,0.0,-0.0
2851,Li-Ion,0.0,0.0,-0.0
2851,CAES,0.0,0.0,-0.0
2851,PHS,0.0,0.0,-0.0
2851,H2,0.0,0.0,-0.0
2852,Li-Ion,0.0,0.0,-0.0
2852,CAES,0.0,0.0,-0.0
2852,PHS,0.0,0.0,-0.0
2852,H2,0.0,0.0,-0.0
2853,Li-Ion,0.0,0.0,-0.0
2853,CAES,0.0,0.0,-0.0
2853,PHS,0.0,0.0,-0.0
2853,H2,0.0,0.0,-0.0
2854,Li-Ion,0.0,0.0,-0.0
2854,CAES,0.0,0.0,-0.0
2854,PHS,0.0,0.0,-0.0
2854,H2,0.0,0.0,-0.0
2855,Li-Ion,0.0,0.0,-0.0
2855,CAES,0.0,0.0,-0.0
2855,PHS,0.0,0.0,-0.0
2855,H2,0.0,0.0,-0.0
2856,Li-Ion,0.0,0.0,-0.0
2856,CAES,0.0,0.0,-0.0
2856,PHS,0.0,0.0,-0.0
2856,H2,0.0,0.0,-0.0
2857,Li-Ion,0.0,0.0,-0.0
2857,CAES,0.0,0.0,-0.0
2857,PHS,0.0,0.0,-0.0
2857,H2,0.0,0.0,-0.0
2858,Li-Ion,0.0,0.0,-0.0
2858,CAES,0.0,0.0,-0.0
2858,PHS,0.0,0.0,-0.0
2858,H2,0.0,0.0,-0.0
2859,Li-Ion,0.0,0.0,-0.0
2859,CAES,0.0,0.0,-0.0
2859,PHS,0.0,0.0,-0.0
2859,H2,0.0,0.0,-0.0
2860,Li-Ion,0.0,0.0,-0.0
2860,CAES,0.0,0.0,-0.0
2860,PHS,0.0,0.0,-0.0
2860,H2,0.0,0.0,-0.0
2861,Li-Ion,0.0,0.0,-0.0
2861,CAES,0.0,0.0,-0.0
2861,PHS,0.0,0.0,-0.0
2861,H2,0.0,0.0,-0.0
2862,Li-Ion,0.0,0.0,-0.0
2862,CAES,0.0,0.0,-0.0
2862,PHS,0.0,0.0,-0.0
2862,H2,0.0,0.0,-0.0
2863,Li-Ion,0.0,0.0,-0.0
2863,CAES,0.0,0.0,-0.0
2863,PHS,0.0,0.0,-0.0
2863,H2,0.0,0.0,-0.0
2864,Li-Ion,0.0,0.0,-0.0
2864,CAES,0.0,0.0,-0.0
2864,PHS,0.0,0.0,-0.0
2864,H2,0.0,0.0,-0.0
2865,Li-Ion,0.0,0.0,-0.0
2865,CAES,0.0,0.0,-0.0
2865,PHS,0.0,0.0,-0.0
2865,H2,0.0,0.0,-0.0
2866,Li-Ion,0.0,0.0,-0.0
2866,CAES,0.0,0.0,-0.0
2866,PHS,0.0,0.0,-0.0
2866,H2,0.0,0.0,-0.0
2867,Li-Ion,0.0,0.0,-0.0
2867,CAES,0.0,0.0,-0.0
2867,PHS,0.0,0.0,-0.0
2867,H2,0.0,0.0,-0.0
2868,Li-Ion,0.0,0.0,-0.0
2868,CAES,0.0,0.0,-0.0
2868,PHS,0.0,0.0,-0.0
2868,H2,0.0,0.0,-0.0
2869,Li-Ion,0.0,0.0,-0.0
2869,CAES,0.0,0.0,-0.0
2869,PHS,0.0,0.0,-0.0
2869,H2,0.0,0.0,-0.0
2870,Li-Ion,0.0,0.0,-0.0
2870,CAES,0.0,0.0,-0.0
2870,PHS,0.0,0.0,-0.0
2870,H2,0.0,0.0,-0.0
2871,Li-Ion,0.0,0.0,-0.0
2871,CAES,0.0,0.0,-0.0
2871,PHS,0.0,0.0,-0.0
2871,H2,0.0,0.0,-0.0
2872,Li-Ion,0.0,0.0,-0.0
2872,CAES,0.0,0.0,-0.0
2872,PHS,0.0,0.0,-0.0
2872,H2,0.0,0.0,-0.0
2873,Li-Ion,0.0,0.0,-0.0
2873,CAES,0.0,0.0,-0.0
2873,PHS,0.0,0.0,-0.0
2873,H2,0.0,0.0,-0.0
2874,Li-Ion,0.0,0.0,-0.0
2874,CAES,0.0,0.0,-0.0
2874,PHS,0.0,0.0,-0.0
2874,H2,0.0,0.0,-0.0
2875,Li-Ion,0.0,0.0,-0.0
2875,CAES,0.0,0.0,-0.0
2875,PHS,0.0,0.0,-0.0
2875,H2,0.0,0.0,-0.0
2876,Li-Ion,0.0,0.0,-0.0
2876,CAES,0.0,0.0,-0.0
2876,PHS,0.0,0.0,-0.0
2876,H2,0.0,0.0,-0.0
2877,Li-Ion,0.0,0.0,-0.0
2877,CAES,0.0,0.0,-0.0
2877,PHS,0.0,0.0,-0.0
2877,H2,0.0,0.0,-0.0
2878,Li-Ion,0.0,0.0,-0.0
2878,CAES,0.0,0.0,-0.0
2878,PHS,0.0,0.0,-0.0
2878,H2,0.0,0.0,-0.0
2879,Li-Ion,0.0,0.0,-0.0
2879,CAES,0.0,0.0,-0.0
2879,PHS,0.0,0.0,-0.0
2879,H2,0.0,0.0,-0.0
2880,Li-Ion,0.0,0.0,-0.0
2880,CAES,0.0,0.0,-0.0
2880,PHS,0.0,0.0,-0.0
2880,H2,0.0,0.0,-0.0
2881,Li-Ion,0.0,0.0,-0.0
2881,CAES,0.0,0.0,-0.0
2881,PHS,0.0,0.0,-0.0
2881,H2,0.0,0.0,-0.0
2882,Li-Ion,0.0,0.0,-0.0
2882,CAES,0.0,0.0,-0.0
2882,PHS,0.0,0.0,-0.0
2882,H2,0.0,0.0,-0.0
2883,Li-Ion,0.0,0.0,-0.0
2883,CAES,0.0,0.0,-0.0
2883,PHS,0.0,0.0,-0.0
2883,H2,0.0,0.0,-0.0
2884,Li-Ion,0.0,0.0,-0.0
2884,CAES,0.0,0.0,-0.0
2884,PHS,0.0,0.0,-0.0
2884,H2,0.0,0.0,-0.0
2885,Li-Ion,0.0,0.0,-0.0
2885,CAES,0.0,0.0,-0.0
2885,PHS,0.0,0.0,-0.0
2885,H2,0.0,0.0,-0.0
2886,Li-Ion,0.0,0.0,-0.0
2886,CAES,0.0,0.0,-0.0
2886,PHS,0.0,0.0,-0.0
2886,H2,0.0,0.0,-0.0
2887,Li-Ion,0.0,0.0,-0.0
2887,CAES,0.0,0.0,-0.0
2887,PHS,0.0,0.0,-0.0
2887,H2,0.0,0.0,-0.0
2888,Li-Ion,0.0,0.0,-0.0
2888,CAES,0.0,0.0,-0.0
2888,PHS,0.0,0.0,-0.0
2888,H2,0.0,0.0,-0.0
2889,Li-Ion,0.0,0.0,-0.0
2889,CAES,0.0,0.0,-0.0
2889,PHS,0.0,0.0,-0.0
2889,H2,0.0,0.0,-0.0
2890,Li-Ion,0.0,0.0,-0.0
2890,CAES,0.0,0.0,-0.0
2890,PHS,0.0,0.0,-0.0
2890,H2,0.0,0.0,-0.0
2891,Li-Ion,0.0,0.0,-0.0
2891,CAES,0.0,0.0,-0.0
2891,PHS,0.0,0.0,-0.0
2891,H2,0.0,0.0,-0.0
2892,Li-Ion,0.0,0.0,-0.0
2892,CAES,0.0,0.0,-0.0
2892,PHS,0.0,0.0,-0.0
2892,H2,0.0,0.0,-0.0
2893,Li-Ion,0.0,0.0,-0.0
2893,CAES,0.0,0.0,-0.0
2893,PHS,0.0,0.0,-0.0
2893,H2,0.0,0.0,-0.0
2894,Li-Ion,0.0,0.0,-0.0
2894,CAES,0.0,0.0,-0.0
2894,PHS,0.0,0.0,-0.0
2894,H2,0.0,0.0,-0.0
2895,Li-Ion,0.0,0.0,-0.0
2895,CAES,0.0,0.0,-0.0
2895,PHS,0.0,0.0,-0.0
2895,H2,0.0,0.0,-0.0
2896,Li-Ion,0.0,0.0,-0.0
2896,CAES,0.0,0.0,-0.0
2896,PHS,0.0,0.0,-0.0
2896,H2,0.0,0.0,-0.0
2897,Li-Ion,0.0,0.0,-0.0
2897,CAES,0.0,0.0,-0.0
2897,PHS,0.0,0.0,-0.0
2897,H2,0.0,0.0,-0.0
2898,Li-Ion,0.0,0.0,-0.0
2898,CAES,0.0,0.0,-0.0
2898,PHS,0.0,0.0,-0.0
2898,H2,0.0,0.0,-0.0
2899,Li-Ion,0.0,0.0,-0.0
2899,CAES,0.0,0.0,-0.0
2899,PHS,0.0,0.0,-0.0
2899,H2,0.0,0.0,-0.0
2900,Li-Ion,0.0,0.0,-0.0
2900,CAES,0.0,0.0,-0.0
2900,PHS,0.0,0.0,-0.0
2900,H2,0.0,0.0,-0.0
2901,Li-Ion,0.0,0.0,-0.0
2901,CAES,0.0,0.0,-0.0
2901,PHS,0.0,0.0,-0.0
2901,H2,0.0,0.0,-0.0
2902,Li-Ion,0.0,0.0,-0.0
2902,CAES,0.0,0.0,-0.0
2902,PHS,0.0,0.0,-0.0
2902,H2,0.0,0.0,-0.0
2903,Li-Ion,0.0,0.0,-0.0
2903,CAES,0.0,0.0,-0.0
2903,PHS,0.0,0.0,-0.0
2903,H2,0.0,0.0,-0.0
2904,Li-Ion,0.0,0.0,-0.0
2904,CAES,0.0,0.0,-0.0
2904,PHS,0.0,0.0,-0.0
2904,H2,0.0,0.0,-0.0
2905,Li-Ion,0.0,0.0,-0.0
2905,CAES,0.0,0.0,-0.0
2905,PHS,0.0,0.0,-0.0
2905,H2,0.0,0.0,-0.0
2906,Li-Ion,0.0,0.0,-0.0
2906,CAES,0.0,0.0,-0.0
2906,PHS,0.0,0.0,-0.0
2906,H2,0.0,0.0,-0.0
2907,Li-Ion,0.0,0.0,-0.0
2907,CAES,0.0,0.0,-0.0
2907,PHS,0.0,0.0,-0.0
2907,H2,0.0,0.0,-0.0
2908,Li-Ion,0.0,0.0,-0.0
2908,CAES,0.0,0.0,-0.0
2908,PHS,0.0,0.0,-0.0
2908,H2,0.0,0.0,-0.0
2909,Li-Ion,0.0,0.0,-0.0
2909,CAES,0.0,0.0,-0.0
2909,PHS,0.0,0.0,-0.0
2909,H2,0.0,0.0,-0.0
2910,Li-Ion,0.0,0.0,-0.0
2910,CAES,0.0,0.0,-0.0
2910,PHS,0.0,0.0,-0.0
2910,H2,0.0,0.0,-0.0
2911,Li-Ion,0.0,0.0,-0.0
2911,CAES,0.0,0.0,-0.0
2911,PHS,0.0,0.0,-0.0
2911,H2,0.0,0.0,-0.0
2912,Li-Ion,0.0,0.0,-0.0
2912,CAES,0.0,0.0,-0.0
2912,PHS,0.0,0.0,-0.0
2912,H2,0.0,0.0,-0.0
2913,Li-Ion,0.0,0.0,-0.0
2913,CAES,0.0,0.0,-0.0
2913,PHS,0.0,0.0,-0.0
2913,H2,0.0,0.0,-0.0
2914,Li-Ion,0.0,0.0,-0.0
2914,CAES,0.0,0.0,-0.0
2914,PHS,0.0,0.0,-0.0
2914,H2,0.0,0.0,-0.0
2915,Li-Ion,0.0,0.0,-0.0
2915,CAES,0.0,0.0,-0.0
2915,PHS,0.0,0.0,-0.0
2915,H2,0.0,0.0,-0.0
2916,Li-Ion,0.0,0.0,-0.0
2916,CAES,0.0,0.0,-0.0
2916,PHS,0.0,0.0,-0.0
2916,H2,0.0,0.0,-0.0
2917,Li-Ion,0.0,0.0,-0.0
2917,CAES,0.0,0.0,-0.0
2917,PHS,0.0,0.0,-0.0
2917,H2,0.0,0.0,-0.0
2918,Li-Ion,0.0,0.0,-0.0
2918,CAES,0.0,0.0,-0.0
2918,PHS,0.0,0.0,-0.0
2918,H2,0.0,0.0,-0.0
2919,Li-Ion,0.0,0.0,-0.0
2919,CAES,0.0,0.0,-0.0
2919,PHS,0.0,0.0,-0.0
2919,H2,0.0,0.0,-0.0
2920,Li-Ion,0.0,0.0,-0.0
2920,CAES,0.0,0.0,-0.0
2920,PHS,0.0,0.0,-0.0
2920,H2,0.0,0.0,-0.0
2921,Li-Ion,0.0,0.0,-0.0
2921,CAES,0.0,0.0,-0.0
2921,PHS,0.0,0.0,-0.0
2921,H2,0.0,0.0,-0.0
2922,Li-Ion,0.0,0.0,-0.0
2922,CAES,0.0,0.0,-0.0
2922,PHS,0.0,0.0,-0.0
2922,H2,0.0,0.0,-0.0
2923,Li-Ion,0.0,0.0,-0.0
2923,CAES,0.0,0.0,-0.0
2923,PHS,0.0,0.0,-0.0
2923,H2,0.0,0.0,-0.0
2924,Li-Ion,0.0,0.0,-0.0
2924,CAES,0.0,0.0,-0.0
2924,PHS,0.0,0.0,-0.0
2924,H2,0.0,0.0,-0.0
2925,Li-Ion,0.0,0.0,-0.0
2925,CAES,0.0,0.0,-0.0
2925,PHS,0.0,0.0,-0.0
2925,H2,0.0,0.0,-0.0
2926,Li-Ion,0.0,0.0,-0.0
2926,CAES,0.0,0.0,-0.0
2926,PHS,0.0,0.0,-0.0
2926,H2,0.0,0.0,-0.0
2927,Li-Ion,0.0,0.0,-0.0
2927,CAES,0.0,0.0,-0.0
2927,PHS,0.0,0.0,-0.0
2927,H2,0.0,0.0,-0.0
2928,Li-Ion,0.0,0.0,-0.0
2928,CAES,0.0,0.0,-0.0
2928,PHS,0.0,0.0,-0.0
2928,H2,0.0,0.0,-0.0
2929,Li-Ion,0.0,0.0,-0.0
2929,CAES,0.0,0.0,-0.0
2929,PHS,0.0,0.0,-0.0
2929,H2,0.0,0.0,-0.0
2930,Li-Ion,0.0,0.0,-0.0
2930,CAES,0.0,0.0,-0.0
2930,PHS,0.0,0.0,-0.0
2930,H2,0.0,0.0,-0.0
2931,Li-Ion,0.0,0.0,-0.0
2931,CAES,0.0,0.0,-0.0
2931,PHS,0.0,0.0,-0.0
2931,H2,0.0,0.0,-0.0
2932,Li-Ion,0.0,0.0,-0.0
2932,CAES,0.0,0.0,-0.0
2932,PHS,0.0,0.0,-0.0
2932,H2,0.0,0.0,-0.0
2933,Li-Ion,0.0,0.0,-0.0
2933,CAES,0.0,0.0,-0.0
2933,PHS,0.0,0.0,-0.0
2933,H2,0.0,0.0,-0.0
2934,Li-Ion,0.0,0.0,-0.0
2934,CAES,0.0,0.0,-0.0
2934,PHS,0.0,0.0,-0.0
2934,H2,0.0,0.0,-0.0
2935,Li-Ion,0.0,0.0,-0.0
2935,CAES,0.0,0.0,-0.0
2935,PHS,0.0,0.0,-0.0
2935,H2,0.0,0.0,-0.0
2936,Li-Ion,0.0,0.0,-0.0
2936,CAES,0.0,0.0,-0.0
2936,PHS,0.0,0.0,-0.0
2936,H2,0.0,0.0,-0.0
2937,Li-Ion,0.0,0.0,-0.0
2937,CAES,0.0,0.0,-0.0
2937,PHS,0.0,0.0,-0.0
2937,H2,0.0,0.0,-0.0
2938,Li-Ion,0.0,0.0,-0.0
2938,CAES,0.0,0.0,-0.0
2938,PHS,0.0,0.0,-0.0
2938,H2,0.0,0.0,-0.0
2939,Li-Ion,0.0,0.0,-0.0
2939,CAES,0.0,0.0,-0.0
2939,PHS,0.0,0.0,-0.0
2939,H2,0.0,0.0,-0.0
2940,Li-Ion,0.0,0.0,-0.0
2940,CAES,0.0,0.0,-0.0
2940,PHS,0.0,0.0,-0.0
2940,H2,0.0,0.0,-0.0
2941,Li-Ion,0.0,0.0,-0.0
2941,CAES,0.0,0.0,-0.0
2941,PHS,0.0,0.0,-0.0
2941,H2,0.0,0.0,-0.0
2942,Li-Ion,0.0,0.0,-0.0
2942,CAES,0.0,0.0,-0.0
2942,PHS,0.0,0.0,-0.0
2942,H2,0.0,0.0,-0.0
2943,Li-Ion,0.0,0.0,-0.0
2943,CAES,0.0,0.0,-0.0
2943,PHS,0.0,0.0,-0.0
2943,H2,0.0,0.0,-0.0
2944,Li-Ion,0.0,0.0,-0.0
2944,CAES,0.0,0.0,-0.0
2944,PHS,0.0,0.0,-0.0
2944,H2,0.0,0.0,-0.0
2945,Li-Ion,0.0,0.0,-0.0
2945,CAES,0.0,0.0,-0.0
2945,PHS,0.0,0.0,-0.0
2945,H2,0.0,0.0,-0.0
2946,Li-Ion,0.0,0.0,-0.0
2946,CAES,0.0,0.0,-0.0
2946,PHS,0.0,0.0,-0.0
2946,H2,0.0,0.0,-0.0
2947,Li-Ion,0.0,0.0,-0.0
2947,CAES,0.0,0.0,-0.0
2947,PHS,0.0,0.0,-0.0
2947,H2,0.0,0.0,-0.0
2948,Li-Ion,0.0,0.0,-0.0
2948,CAES,0.0,0.0,-0.0
2948,PHS,0.0,0.0,-0.0
2948,H2,0.0,0.0,-0.0
2949,Li-Ion,0.0,0.0,-0.0
2949,CAES,0.0,0.0,-0.0
2949,PHS,0.0,0.0,-0.0
2949,H2,0.0,0.0,-0.0
2950,Li-Ion,0.0,0.0,-0.0
2950,CAES,0.0,0.0,-0.0
2950,PHS,0.0,0.0,-0.0
2950,H2,0.0,0.0,-0.0
2951,Li-Ion,0.0,0.0,-0.0
2951,CAES,0.0,0.0,-0.0
2951,PHS,0.0,0.0,-0.0
2951,H2,0.0,0.0,-0.0
2952,Li-Ion,0.0,0.0,-0.0
2952,CAES,0.0,0.0,-0.0
2952,PHS,0.0,0.0,-0.0
2952,H2,0.0,0.0,-0.0
2953,Li-Ion,0.0,0.0,-0.0
2953,CAES,0.0,0.0,-0.0
2953,PHS,0.0,0.0,-0.0
2953,H2,0.0,0.0,-0.0
2954,Li-Ion,0.0,0.0,-0.0
2954,CAES,0.0,0.0,-0.0
2954,PHS,0.0,0.0,-0.0
2954,H2,0.0,0.0,-0.0
2955,Li-Ion,0.0,0.0,-0.0
2955,CAES,0.0,0.0,-0.0
2955,PHS,0.0,0.0,-0.0
2955,H2,0.0,0.0,-0.0
2956,Li-Ion,0.0,0.0,-0.0
2956,CAES,0.0,0.0,-0.0
2956,PHS,0.0,0.0,-0.0
2956,H2,0.0,0.0,-0.0
2957,Li-Ion,0.0,0.0,-0.0
2957,CAES,0.0,0.0,-0.0
2957,PHS,0.0,0.0,-0.0
2957,H2,0.0,0.0,-0.0
2958,Li-Ion,0.0,0.0,-0.0
2958,CAES,0.0,0.0,-0.0
2958,PHS,0.0,0.0,-0.0
2958,H2,0.0,0.0,-0.0
2959,Li-Ion,0.0,0.0,-0.0
2959,CAES,0.0,0.0,-0.0
2959,PHS,0.0,0.0,-0.0
2959,H2,0.0,0.0,-0.0
2960,Li-Ion,0.0,0.0,-0.0
2960,CAES,0.0,0.0,-0.0
2960,PHS,0.0,0.0,-0.0
2960,H2,0.0,0.0,-0.0
2961,Li-Ion,0.0,0.0,-0.0
2961,CAES,0.0,0.0,-0.0
2961,PHS,0.0,0.0,-0.0
2961,H2,0.0,0.0,-0.0
2962,Li-Ion,0.0,0.0,-0.0
2962,CAES,0.0,0.0,-0.0
2962,PHS,0.0,0.0,-0.0
2962,H2,0.0,0.0,-0.0
2963,Li-Ion,0.0,0.0,-0.0
2963,CAES,0.0,0.0,-0.0
2963,PHS,0.0,0.0,-0.0
2963,H2,0.0,0.0,-0.0
2964,Li-Ion,0.0,0.0,-0.0
2964,CAES,0.0,0.0,-0.0
2964,PHS,0.0,0.0,-0.0
2964,H2,0.0,0.0,-0.0
2965,Li-Ion,0.0,0.0,-0.0
2965,CAES,0.0,0.0,-0.0
2965,PHS,0.0,0.0,-0.0
2965,H2,0.0,0.0,-0.0
2966,Li-Ion,0.0,0.0,-0.0
2966,CAES,0.0,0.0,-0.0
2966,PHS,0.0,0.0,-0.0
2966,H2,0.0,0.0,-0.0
2967,Li-Ion,0.0,0.0,-0.0
2967,CAES,0.0,0.0,-0.0
2967,PHS,0.0,0.0,-0.0
2967,H2,0.0,0.0,-0.0
2968,Li-Ion,0.0,0.0,-0.0
2968,CAES,0.0,0.0,-0.0
2968,PHS,0.0,0.0,-0.0
2968,H2,0.0,0.0,-0.0
2969,Li-Ion,0.0,0.0,-0.0
2969,CAES,0.0,0.0,-0.0
2969,PHS,0.0,0.0,-0.0
2969,H2,0.0,0.0,-0.0
2970,Li-Ion,0.0,0.0,-0.0
2970,CAES,0.0,0.0,-0.0
2970,PHS,0.0,0.0,-0.0
2970,H2,0.0,0.0,-0.0
2971,Li-Ion,0.0,0.0,-0.0
2971,CAES,0.0,0.0,-0.0
2971,PHS,0.0,0.0,-0.0
2971,H2,0.0,0.0,-0.0
2972,Li-Ion,0.0,0.0,-0.0
2972,CAES,0.0,0.0,-0.0
2972,PHS,0.0,0.0,-0.0
2972,H2,0.0,0.0,-0.0
2973,Li-Ion,0.0,0.0,-0.0
2973,CAES,0.0,0.0,-0.0
2973,PHS,0.0,0.0,-0.0
2973,H2,0.0,0.0,-0.0
2974,Li-Ion,0.0,0.0,-0.0
2974,CAES,0.0,0.0,-0.0
2974,PHS,0.0,0.0,-0.0
2974,H2,0.0,0.0,-0.0
2975,Li-Ion,0.0,0.0,-0.0
2975,CAES,0.0,0.0,-0.0
2975,PHS,0.0,0.0,-0.0
2975,H2,0.0,0.0,-0.0
2976,Li-Ion,0.0,0.0,-0.0
2976,CAES,0.0,0.0,-0.0
2976,PHS,0.0,0.0,-0.0
2976,H2,0.0,0.0,-0.0
2977,Li-Ion,0.0,0.0,-0.0
2977,CAES,0.0,0.0,-0.0
2977,PHS,0.0,0.0,-0.0
2977,H2,0.0,0.0,-0.0
2978,Li-Ion,0.0,0.0,-0.0
2978,CAES,0.0,0.0,-0.0
2978,PHS,0.0,0.0,-0.0
2978,H2,0.0,0.0,-0.0
2979,Li-Ion,0.0,0.0,-0.0
2979,CAES,0.0,0.0,-0.0
2979,PHS,0.0,0.0,-0.0
2979,H2,0.0,0.0,-0.0
2980,Li-Ion,0.0,0.0,-0.0
2980,CAES,0.0,0.0,-0.0
2980,PHS,0.0,0.0,-0.0
2980,H2,0.0,0.0,-0.0
2981,Li-Ion,0.0,0.0,-0.0
2981,CAES,0.0,0.0,-0.0
2981,PHS,0.0,0.0,-0.0
2981,H2,0.0,0.0,-0.0
2982,Li-Ion,0.0,0.0,-0.0
2982,CAES,0.0,0.0,-0.0
2982,PHS,0.0,0.0,-0.0
2982,H2,0.0,0.0,-0.0
2983,Li-Ion,0.0,0.0,-0.0
2983,CAES,0.0,0.0,-0.0
2983,PHS,0.0,0.0,-0.0
2983,H2,0.0,0.0,-0.0
2984,Li-Ion,0.0,0.0,-0.0
2984,CAES,0.0,0.0,-0.0
2984,PHS,0.0,0.0,-0.0
2984,H2,0.0,0.0,-0.0
2985,Li-Ion,0.0,0.0,-0.0
2985,CAES,0.0,0.0,-0.0
2985,PHS,0.0,0.0,-0.0
2985,H2,0.0,0.0,-0.0
2986,Li-Ion,0.0,0.0,-0.0
2986,CAES,0.0,0.0,-0.0
2986,PHS,0.0,0.0,-0.0
2986,H2,0.0,0.0,-0.0
2987,Li-Ion,0.0,0.0,-0.0
2987,CAES,0.0,0.0,-0.0
2987,PHS,0.0,0.0,-0.0
2987,H2,0.0,0.0,-0.0
2988,Li-Ion,0.0,0.0,-0.0
2988,CAES,0.0,0.0,-0.0
2988,PHS,0.0,0.0,-0.0
2988,H2,0.0,0.0,-0.0
2989,Li-Ion,0.0,0.0,-0.0
2989,CAES,0.0,0.0,-0.0
2989,PHS,0.0,0.0,-0.0
2989,H2,0.0,0.0,-0.0
2990,Li-Ion,0.0,0.0,-0.0
2990,CAES,0.0,0.0,-0.0
2990,PHS,0.0,0.0,-0.0
2990,H2,0.0,0.0,-0.0
2991,Li-Ion,0.0,0.0,-0.0
2991,CAES,0.0,0.0,-0.0
2991,PHS,0.0,0.0,-0.0
2991,H2,0.0,0.0,-0.0
2992,Li-Ion,0.0,0.0,-0.0
2992,CAES,0.0,0.0,-0.0
2992,PHS,0.0,0.0,-0.0
2992,H2,0.0,0.0,-0.0
2993,Li-Ion,0.0,0.0,-0.0
2993,CAES,0.0,0.0,-0.0
2993,PHS,0.0,0.0,-0.0
2993,H2,0.0,0.0,-0.0
2994,Li-Ion,0.0,0.0,-0.0
2994,CAES,0.0,0.0,-0.0
2994,PHS,0.0,0.0,-0.0
2994,H2,0.0,0.0,-0.0
2995,Li-Ion,0.0,0.0,-0.0
2995,CAES,0.0,0.0,-0.0
2995,PHS,0.0,0.0,-0.0
2995,H2,0.0,0.0,-0.0
2996,Li-Ion,0.0,0.0,-0.0
2996,CAES,0.0,0.0,-0.0
2996,PHS,0.0,0.0,-0.0
2996,H2,0.0,0.0,-0.0
2997,Li-Ion,0.0,0.0,-0.0
2997,CAES,0.0,0.0,-0.0
2997,PHS,0.0,0.0,-0.0
2997,H2,0.0,0.0,-0.0
2998,Li-Ion,0.0,0.0,-0.0
2998,CAES,0.0,0.0,-0.0
2998,PHS,0.0,0.0,-0.0
2998,H2,0.0,0.0,-0.0
2999,Li-Ion,0.0,0.0,-0.0
2999,CAES,0.0,0.0,-0.0
2999,PHS,0.0,0.0,-0.0
2999,H2,0.0,0.0,-0.0
3000,Li-Ion,0.0,0.0,-0.0
3000,CAES,0.0,0.0,-0.0
3000,PHS,0.0,0.0,-0.0
3000,H2,0.0,0.0,-0.0
3001,Li-Ion,0.0,0.0,-0.0
3001,CAES,0.0,0.0,-0.0
3001,PHS,0.0,0.0,-0.0
3001,H2,0.0,0.0,-0.0
3002,Li-Ion,0.0,0.0,-0.0
3002,CAES,0.0,0.0,-0.0
3002,PHS,0.0,0.0,-0.0
3002,H2,0.0,0.0,-0.0
3003,Li-Ion,0.0,0.0,-0.0
3003,CAES,0.0,0.0,-0.0
3003,PHS,0.0,0.0,-0.0
3003,H2,0.0,0.0,-0.0
3004,Li-Ion,0.0,0.0,-0.0
3004,CAES,0.0,0.0,-0.0
3004,PHS,0.0,0.0,-0.0
3004,H2,0.0,0.0,-0.0
3005,Li-Ion,0.0,0.0,-0.0
3005,CAES,0.0,0.0,-0.0
3005,PHS,0.0,0.0,-0.0
3005,H2,0.0,0.0,-0.0
3006,Li-Ion,0.0,0.0,-0.0
3006,CAES,0.0,0.0,-0.0
3006,PHS,0.0,0.0,-0.0
3006,H2,0.0,0.0,-0.0
3007,Li-Ion,0.0,0.0,-0.0
3007,CAES,0.0,0.0,-0.0
3007,PHS,0.0,0.0,-0.0
3007,H2,0.0,0.0,-0.0
3008,Li-Ion,0.0,0.0,-0.0
3008,CAES,0.0,0.0,-0.0
3008,PHS,0.0,0.0,-0.0
3008,H2,0.0,0.0,-0.0
3009,Li-Ion,0.0,0.0,-0.0
3009,CAES,0.0,0.0,-0.0
3009,PHS,0.0,0.0,-0.0
3009,H2,0.0,0.0,-0.0
3010,Li-Ion,0.0,0.0,-0.0
3010,CAES,0.0,0.0,-0.0
3010,PHS,0.0,0.0,-0.0
3010,H2,0.0,0.0,-0.0
3011,Li-Ion,0.0,0.0,-0.0
3011,CAES,0.0,0.0,-0.0
3011,PHS,0.0,0.0,-0.0
3011,H2,0.0,0.0,-0.0
3012,Li-Ion,0.0,0.0,-0.0
3012,CAES,0.0,0.0,-0.0
3012,PHS,0.0,0.0,-0.0
3012,H2,0.0,0.0,-0.0
3013,Li-Ion,0.0,0.0,-0.0
3013,CAES,0.0,0.0,-0.0
3013,PHS,0.0,0.0,-0.0
3013,H2,0.0,0.0,-0.0
3014,Li-Ion,0.0,0.0,-0.0
3014,CAES,0.0,0.0,-0.0
3014,PHS,0.0,0.0,-0.0
3014,H2,0.0,0.0,-0.0
3015,Li-Ion,0.0,0.0,-0.0
3015,CAES,0.0,0.0,-0.0
3015,PHS,0.0,0.0,-0.0
3015,H2,0.0,0.0,-0.0
3016,Li-Ion,0.0,0.0,-0.0
3016,CAES,0.0,0.0,-0.0
3016,PHS,0.0,0.0,-0.0
3016,H2,0.0,0.0,-0.0
3017,Li-Ion,0.0,0.0,-0.0
3017,CAES,0.0,0.0,-0.0
3017,PHS,0.0,0.0,-0.0
3017,H2,0.0,0.0,-0.0
3018,Li-Ion,0.0,0.0,-0.0
3018,CAES,0.0,0.0,-0.0
3018,PHS,0.0,0.0,-0.0
3018,H2,0.0,0.0,-0.0
3019,Li-Ion,0.0,0.0,-0.0
3019,CAES,0.0,0.0,-0.0
3019,PHS,0.0,0.0,-0.0
3019,H2,0.0,0.0,-0.0
3020,Li-Ion,0.0,0.0,-0.0
3020,CAES,0.0,0.0,-0.0
3020,PHS,0.0,0.0,-0.0
3020,H2,0.0,0.0,-0.0
3021,Li-Ion,0.0,0.0,-0.0
3021,CAES,0.0,0.0,-0.0
3021,PHS,0.0,0.0,-0.0
3021,H2,0.0,0.0,-0.0
3022,Li-Ion,0.0,0.0,-0.0
3022,CAES,0.0,0.0,-0.0
3022,PHS,0.0,0.0,-0.0
3022,H2,0.0,0.0,-0.0
3023,Li-Ion,0.0,0.0,-0.0
3023,CAES,0.0,0.0,-0.0
3023,PHS,0.0,0.0,-0.0
3023,H2,0.0,0.0,-0.0
3024,Li-Ion,0.0,0.0,-0.0
3024,CAES,0.0,0.0,-0.0
3024,PHS,0.0,0.0,-0.0
3024,H2,0.0,0.0,-0.0
3025,Li-Ion,0.0,0.0,-0.0
3025,CAES,0.0,0.0,-0.0
3025,PHS,0.0,0.0,-0.0
3025,H2,0.0,0.0,-0.0
3026,Li-Ion,0.0,0.0,-0.0
3026,CAES,0.0,0.0,-0.0
3026,PHS,0.0,0.0,-0.0
3026,H2,0.0,0.0,-0.0
3027,Li-Ion,0.0,0.0,-0.0
3027,CAES,0.0,0.0,-0.0
3027,PHS,0.0,0.0,-0.0
3027,H2,0.0,0.0,-0.0
3028,Li-Ion,0.0,0.0,-0.0
3028,CAES,0.0,0.0,-0.0
3028,PHS,0.0,0.0,-0.0
3028,H2,0.0,0.0,-0.0
3029,Li-Ion,0.0,0.0,-0.0
3029,CAES,0.0,0.0,-0.0
3029,PHS,0.0,0.0,-0.0
3029,H2,0.0,0.0,-0.0
3030,Li-Ion,0.0,0.0,-0.0
3030,CAES,0.0,0.0,-0.0
3030,PHS,0.0,0.0,-0.0
3030,H2,0.0,0.0,-0.0
3031,Li-Ion,0.0,0.0,-0.0
3031,CAES,0.0,0.0,-0.0
3031,PHS,0.0,0.0,-0.0
3031,H2,0.0,0.0,-0.0
3032,Li-Ion,0.0,0.0,-0.0
3032,CAES,0.0,0.0,-0.0
3032,PHS,0.0,0.0,-0.0
3032,H2,0.0,0.0,-0.0
3033,Li-Ion,0.0,0.0,-0.0
3033,CAES,0.0,0.0,-0.0
3033,PHS,0.0,0.0,-0.0
3033,H2,0.0,0.0,-0.0
3034,Li-Ion,0.0,0.0,-0.0
3034,CAES,0.0,0.0,-0.0
3034,PHS,0.0,0.0,-0.0
3034,H2,0.0,0.0,-0.0
3035,Li-Ion,0.0,0.0,-0.0
3035,CAES,0.0,0.0,-0.0
3035,PHS,0.0,0.0,-0.0
3035,H2,0.0,0.0,-0.0
3036,Li-Ion,0.0,0.0,-0.0
3036,CAES,0.0,0.0,-0.0
3036,PHS,0.0,0.0,-0.0
3036,H2,0.0,0.0,-0.0
3037,Li-Ion,0.0,0.0,-0.0
3037,CAES,0.0,0.0,-0.0
3037,PHS,0.0,0.0,-0.0
3037,H2,0.0,0.0,-0.0
3038,Li-Ion,0.0,0.0,-0.0
3038,CAES,0.0,0.0,-0.0
3038,PHS,0.0,0.0,-0.0
3038,H2,0.0,0.0,-0.0
3039,Li-Ion,0.0,0.0,-0.0
3039,CAES,0.0,0.0,-0.0
3039,PHS,0.0,0.0,-0.0
3039,H2,0.0,0.0,-0.0
3040,Li-Ion,0.0,0.0,-0.0
3040,CAES,0.0,0.0,-0.0
3040,PHS,0.0,0.0,-0.0
3040,H2,0.0,0.0,-0.0
3041,Li-Ion,0.0,0.0,-0.0
3041,CAES,0.0,0.0,-0.0
3041,PHS,0.0,0.0,-0.0
3041,H2,0.0,0.0,-0.0
3042,Li-Ion,0.0,0.0,-0.0
3042,CAES,0.0,0.0,-0.0
3042,PHS,0.0,0.0,-0.0
3042,H2,0.0,0.0,-0.0
3043,Li-Ion,0.0,0.0,-0.0
3043,CAES,0.0,0.0,-0.0
3043,PHS,0.0,0.0,-0.0
3043,H2,0.0,0.0,-0.0
3044,Li-Ion,0.0,0.0,-0.0
3044,CAES,0.0,0.0,-0.0
3044,PHS,0.0,0.0,-0.0
3044,H2,0.0,0.0,-0.0
3045,Li-Ion,0.0,0.0,-0.0
3045,CAES,0.0,0.0,-0.0
3045,PHS,0.0,0.0,-0.0
3045,H2,0.0,0.0,-0.0
3046,Li-Ion,0.0,0.0,-0.0
3046,CAES,0.0,0.0,-0.0
3046,PHS,0.0,0.0,-0.0
3046,H2,0.0,0.0,-0.0
3047,Li-Ion,0.0,0.0,-0.0
3047,CAES,0.0,0.0,-0.0
3047,PHS,0.0,0.0,-0.0
3047,H2,0.0,0.0,-0.0
3048,Li-Ion,0.0,0.0,-0.0
3048,CAES,0.0,0.0,-0.0
3048,PHS,0.0,0.0,-0.0
3048,H2,0.0,0.0,-0.0
3049,Li-Ion,0.0,0.0,-0.0
3049,CAES,0.0,0.0,-0.0
3049,PHS,0.0,0.0,-0.0
3049,H2,0.0,0.0,-0.0
3050,Li-Ion,0.0,0.0,-0.0
3050,CAES,0.0,0.0,-0.0
3050,PHS,0.0,0.0,-0.0
3050,H2,0.0,0.0,-0.0
3051,Li-Ion,0.0,0.0,-0.0
3051,CAES,0.0,0.0,-0.0
3051,PHS,0.0,0.0,-0.0
3051,H2,0.0,0.0,-0.0
3052,Li-Ion,0.0,0.0,-0.0
3052,CAES,0.0,0.0,-0.0
3052,PHS,0.0,0.0,-0.0
3052,H2,0.0,0.0,-0.0
3053,Li-Ion,0.0,0.0,-0.0
3053,CAES,0.0,0.0,-0.0
3053,PHS,0.0,0.0,-0.0
3053,H2,0.0,0.0,-0.0
3054,Li-Ion,0.0,0.0,-0.0
3054,CAES,0.0,0.0,-0.0
3054,PHS,0.0,0.0,-0.0
3054,H2,0.0,0.0,-0.0
3055,Li-Ion,0.0,0.0,-0.0
3055,CAES,0.0,0.0,-0.0
3055,PHS,0.0,0.0,-0.0
3055,H2,0.0,0.0,-0.0
3056,Li-Ion,0.0,0.0,-0.0
3056,CAES,0.0,0.0,-0.0
3056,PHS,0.0,0.0,-0.0
3056,H2,0.0,0.0,-0.0
3057,Li-Ion,0.0,0.0,-0.0
3057,CAES,0.0,0.0,-0.0
3057,PHS,0.0,0.0,-0.0
3057,H2,0.0,0.0,-0.0
3058,Li-Ion,0.0,0.0,-0.0
3058,CAES,0.0,0.0,-0.0
3058,PHS,0.0,0.0,-0.0
3058,H2,0.0,0.0,-0.0
3059,Li-Ion,0.0,0.0,-0.0
3059,CAES,0.0,0.0,-0.0
3059,PHS,0.0,0.0,-0.0
3059,H2,0.0,0.0,-0.0
3060,Li-Ion,0.0,0.0,-0.0
3060,CAES,0.0,0.0,-0.0
3060,PHS,0.0,0.0,-0.0
3060,H2,0.0,0.0,-0.0
3061,Li-Ion,0.0,0.0,-0.0
3061,CAES,0.0,0.0,-0.0
3061,PHS,0.0,0.0,-0.0
3061,H2,0.0,0.0,-0.0
3062,Li-Ion,0.0,0.0,-0.0
3062,CAES,0.0,0.0,-0.0
3062,PHS,0.0,0.0,-0.0
3062,H2,0.0,0.0,-0.0
3063,Li-Ion,0.0,0.0,-0.0
3063,CAES,0.0,0.0,-0.0
3063,PHS,0.0,0.0,-0.0
3063,H2,0.0,0.0,-0.0
3064,Li-Ion,0.0,0.0,-0.0
3064,CAES,0.0,0.0,-0.0
3064,PHS,0.0,0.0,-0.0
3064,H2,0.0,0.0,-0.0
3065,Li-Ion,0.0,0.0,-0.0
3065,CAES,0.0,0.0,-0.0
3065,PHS,0.0,0.0,-0.0
3065,H2,0.0,0.0,-0.0
3066,Li-Ion,0.0,0.0,-0.0
3066,CAES,0.0,0.0,-0.0
3066,PHS,0.0,0.0,-0.0
3066,H2,0.0,0.0,-0.0
3067,Li-Ion,0.0,0.0,-0.0
3067,CAES,0.0,0.0,-0.0
3067,PHS,0.0,0.0,-0.0
3067,H2,0.0,0.0,-0.0
3068,Li-Ion,0.0,0.0,-0.0
3068,CAES,0.0,0.0,-0.0
3068,PHS,0.0,0.0,-0.0
3068,H2,0.0,0.0,-0.0
3069,Li-Ion,0.0,0.0,-0.0
3069,CAES,0.0,0.0,-0.0
3069,PHS,0.0,0.0,-0.0
3069,H2,0.0,0.0,-0.0
3070,Li-Ion,0.0,0.0,-0.0
3070,CAES,0.0,0.0,-0.0
3070,PHS,0.0,0.0,-0.0
3070,H2,0.0,0.0,-0.0
3071,Li-Ion,0.0,0.0,-0.0
3071,CAES,0.0,0.0,-0.0
3071,PHS,0.0,0.0,-0.0
3071,H2,0.0,0.0,-0.0
3072,Li-Ion,0.0,0.0,-0.0
3072,CAES,0.0,0.0,-0.0
3072,PHS,0.0,0.0,-0.0
3072,H2,0.0,0.0,-0.0
3073,Li-Ion,0.0,0.0,-0.0
3073,CAES,0.0,0.0,-0.0
3073,PHS,0.0,0.0,-0.0
3073,H2,0.0,0.0,-0.0
3074,Li-Ion,0.0,0.0,-0.0
3074,CAES,0.0,0.0,-0.0
3074,PHS,0.0,0.0,-0.0
3074,H2,0.0,0.0,-0.0
3075,Li-Ion,0.0,0.0,-0.0
3075,CAES,0.0,0.0,-0.0
3075,PHS,0.0,0.0,-0.0
3075,H2,0.0,0.0,-0.0
3076,Li-Ion,0.0,0.0,-0.0
3076,CAES,0.0,0.0,-0.0
3076,PHS,0.0,0.0,-0.0
3076,H2,0.0,0.0,-0.0
3077,Li-Ion,0.0,0.0,-0.0
3077,CAES,0.0,0.0,-0.0
3077,PHS,0.0,0.0,-0.0
3077,H2,0.0,0.0,-0.0
3078,Li-Ion,0.0,0.0,-0.0
3078,CAES,0.0,0.0,-0.0
3078,PHS,0.0,0.0,-0.0
3078,H2,0.0,0.0,-0.0
3079,Li-Ion,0.0,0.0,-0.0
3079,CAES,0.0,0.0,-0.0
3079,PHS,0.0,0.0,-0.0
3079,H2,0.0,0.0,-0.0
3080,Li-Ion,0.0,0.0,-0.0
3080,CAES,0.0,0.0,-0.0
3080,PHS,0.0,0.0,-0.0
3080,H2,0.0,0.0,-0.0
3081,Li-Ion,0.0,0.0,-0.0
3081,CAES,0.0,0.0,-0.0
3081,PHS,0.0,0.0,-0.0
3081,H2,0.0,0.0,-0.0
3082,Li-Ion,0.0,0.0,-0.0
3082,CAES,0.0,0.0,-0.0
3082,PHS,0.0,0.0,-0.0
3082,H2,0.0,0.0,-0.0
3083,Li-Ion,0.0,0.0,-0.0
3083,CAES,0.0,0.0,-0.0
3083,PHS,0.0,0.0,-0.0
3083,H2,0.0,0.0,-0.0
3084,Li-Ion,0.0,0.0,-0.0
3084,CAES,0.0,0.0,-0.0
3084,PHS,0.0,0.0,-0.0
3084,H2,0.0,0.0,-0.0
3085,Li-Ion,0.0,0.0,-0.0
3085,CAES,0.0,0.0,-0.0
3085,PHS,0.0,0.0,-0.0
3085,H2,0.0,0.0,-0.0
3086,Li-Ion,0.0,0.0,-0.0
3086,CAES,0.0,0.0,-0.0
3086,PHS,0.0,0.0,-0.0
3086,H2,0.0,0.0,-0.0
3087,Li-Ion,0.0,0.0,-0.0
3087,CAES,0.0,0.0,-0.0
3087,PHS,0.0,0.0,-0.0
3087,H2,0.0,0.0,-0.0
3088,Li-Ion,0.0,0.0,-0.0
3088,CAES,0.0,0.0,-0.0
3088,PHS,0.0,0.0,-0.0
3088,H2,0.0,0.0,-0.0
3089,Li-Ion,0.0,0.0,-0.0
3089,CAES,0.0,0.0,-0.0
3089,PHS,0.0,0.0,-0.0
3089,H2,0.0,0.0,-0.0
3090,Li-Ion,0.0,0.0,-0.0
3090,CAES,0.0,0.0,-0.0
3090,PHS,0.0,0.0,-0.0
3090,H2,0.0,0.0,-0.0
3091,Li-Ion,0.0,0.0,-0.0
3091,CAES,0.0,0.0,-0.0
3091,PHS,0.0,0.0,-0.0
3091,H2,0.0,0.0,-0.0
3092,Li-Ion,0.0,0.0,-0.0
3092,CAES,0.0,0.0,-0.0
3092,PHS,0.0,0.0,-0.0
3092,H2,0.0,0.0,-0.0
3093,Li-Ion,0.0,0.0,-0.0
3093,CAES,0.0,0.0,-0.0
3093,PHS,0.0,0.0,-0.0
3093,H2,0.0,0.0,-0.0
3094,Li-Ion,0.0,0.0,-0.0
3094,CAES,0.0,0.0,-0.0
3094,PHS,0.0,0.0,-0.0
3094,H2,0.0,0.0,-0.0
3095,Li-Ion,0.0,0.0,-0.0
3095,CAES,0.0,0.0,-0.0
3095,PHS,0.0,0.0,-0.0
3095,H2,0.0,0.0,-0.0
3096,Li-Ion,0.0,0.0,-0.0
3096,CAES,0.0,0.0,-0.0
3096,PHS,0.0,0.0,-0.0
3096,H2,0.0,0.0,-0.0
3097,Li-Ion,0.0,0.0,-0.0
3097,CAES,0.0,0.0,-0.0
3097,PHS,0.0,0.0,-0.0
3097,H2,0.0,0.0,-0.0
3098,Li-Ion,0.0,0.0,-0.0
3098,CAES,0.0,0.0,-0.0
3098,PHS,0.0,0.0,-0.0
3098,H2,0.0,0.0,-0.0
3099,Li-Ion,0.0,0.0,-0.0
3099,CAES,0.0,0.0,-0.0
3099,PHS,0.0,0.0,-0.0
3099,H2,0.0,0.0,-0.0
3100,Li-Ion,0.0,0.0,-0.0
3100,CAES,0.0,0.0,-0.0
3100,PHS,0.0,0.0,-0.0
3100,H2,0.0,0.0,-0.0
3101,Li-Ion,0.0,0.0,-0.0
3101,CAES,0.0,0.0,-0.0
3101,PHS,0.0,0.0,-0.0
3101,H2,0.0,0.0,-0.0
3102,Li-Ion,0.0,0.0,-0.0
3102,CAES,0.0,0.0,-0.0
3102,PHS,0.0,0.0,-0.0
3102,H2,0.0,0.0,-0.0
3103,Li-Ion,0.0,0.0,-0.0
3103,CAES,0.0,0.0,-0.0
3103,PHS,0.0,0.0,-0.0
3103,H2,0.0,0.0,-0.0
3104,Li-Ion,0.0,0.0,-0.0
3104,CAES,0.0,0.0,-0.0
3104,PHS,0.0,0.0,-0.0
3104,H2,0.0,0.0,-0.0
3105,Li-Ion,0.0,0.0,-0.0
3105,CAES,0.0,0.0,-0.0
3105,PHS,0.0,0.0,-0.0
3105,H2,0.0,0.0,-0.0
3106,Li-Ion,0.0,0.0,-0.0
3106,CAES,0.0,0.0,-0.0
3106,PHS,0.0,0.0,-0.0
3106,H2,0.0,0.0,-0.0
3107,Li-Ion,0.0,0.0,-0.0
3107,CAES,0.0,0.0,-0.0
3107,PHS,0.0,0.0,-0.0
3107,H2,0.0,0.0,-0.0
3108,Li-Ion,0.0,0.0,-0.0
3108,CAES,0.0,0.0,-0.0
3108,PHS,0.0,0.0,-0.0
3108,H2,0.0,0.0,-0.0
3109,Li-Ion,0.0,0.0,-0.0
3109,CAES,0.0,0.0,-0.0
3109,PHS,0.0,0.0,-0.0
3109,H2,0.0,0.0,-0.0
3110,Li-Ion,0.0,0.0,-0.0
3110,CAES,0.0,0.0,-0.0
3110,PHS,0.0,0.0,-0.0
3110,H2,0.0,0.0,-0.0
3111,Li-Ion,0.0,0.0,-0.0
3111,CAES,0.0,0.0,-0.0
3111,PHS,0.0,0.0,-0.0
3111,H2,0.0,0.0,-0.0
3112,Li-Ion,0.0,0.0,-0.0
3112,CAES,0.0,0.0,-0.0
3112,PHS,0.0,0.0,-0.0
3112,H2,0.0,0.0,-0.0
3113,Li-Ion,0.0,0.0,-0.0
3113,CAES,0.0,0.0,-0.0
3113,PHS,0.0,0.0,-0.0
3113,H2,0.0,0.0,-0.0
3114,Li-Ion,0.0,0.0,-0.0
3114,CAES,0.0,0.0,-0.0
3114,PHS,0.0,0.0,-0.0
3114,H2,0.0,0.0,-0.0
3115,Li-Ion,0.0,0.0,-0.0
3115,CAES,0.0,0.0,-0.0
3115,PHS,0.0,0.0,-0.0
3115,H2,0.0,0.0,-0.0
3116,Li-Ion,0.0,0.0,-0.0
3116,CAES,0.0,0.0,-0.0
3116,PHS,0.0,0.0,-0.0
3116,H2,0.0,0.0,-0.0
3117,Li-Ion,0.0,0.0,-0.0
3117,CAES,0.0,0.0,-0.0
3117,PHS,0.0,0.0,-0.0
3117,H2,0.0,0.0,-0.0
3118,Li-Ion,0.0,0.0,-0.0
3118,CAES,0.0,0.0,-0.0
3118,PHS,0.0,0.0,-0.0
3118,H2,0.0,0.0,-0.0
3119,Li-Ion,0.0,0.0,-0.0
3119,CAES,0.0,0.0,-0.0
3119,PHS,0.0,0.0,-0.0
3119,H2,0.0,0.0,-0.0
3120,Li-Ion,0.0,0.0,-0.0
3120,CAES,0.0,0.0,-0.0
3120,PHS,0.0,0.0,-0.0
3120,H2,0.0,0.0,-0.0
3121,Li-Ion,0.0,0.0,-0.0
3121,CAES,0.0,0.0,-0.0
3121,PHS,0.0,0.0,-0.0
3121,H2,0.0,0.0,-0.0
3122,Li-Ion,0.0,0.0,-0.0
3122,CAES,0.0,0.0,-0.0
3122,PHS,0.0,0.0,-0.0
3122,H2,0.0,0.0,-0.0
3123,Li-Ion,0.0,0.0,-0.0
3123,CAES,0.0,0.0,-0.0
3123,PHS,0.0,0.0,-0.0
3123,H2,0.0,0.0,-0.0
3124,Li-Ion,0.0,0.0,-0.0
3124,CAES,0.0,0.0,-0.0
3124,PHS,0.0,0.0,-0.0
3124,H2,0.0,0.0,-0.0
3125,Li-Ion,0.0,0.0,-0.0
3125,CAES,0.0,0.0,-0.0
3125,PHS,0.0,0.0,-0.0
3125,H2,0.0,0.0,-0.0
3126,Li-Ion,0.0,0.0,-0.0
3126,CAES,0.0,0.0,-0.0
3126,PHS,0.0,0.0,-0.0
3126,H2,0.0,0.0,-0.0
3127,Li-Ion,0.0,0.0,-0.0
3127,CAES,0.0,0.0,-0.0
3127,PHS,0.0,0.0,-0.0
3127,H2,0.0,0.0,-0.0
3128,Li-Ion,0.0,0.0,-0.0
3128,CAES,0.0,0.0,-0.0
3128,PHS,0.0,0.0,-0.0
3128,H2,0.0,0.0,-0.0
3129,Li-Ion,0.0,0.0,-0.0
3129,CAES,0.0,0.0,-0.0
3129,PHS,0.0,0.0,-0.0
3129,H2,0.0,0.0,-0.0
3130,Li-Ion,0.0,0.0,-0.0
3130,CAES,0.0,0.0,-0.0
3130,PHS,0.0,0.0,-0.0
3130,H2,0.0,0.0,-0.0
3131,Li-Ion,0.0,0.0,-0.0
3131,CAES,0.0,0.0,-0.0
3131,PHS,0.0,0.0,-0.0
3131,H2,0.0,0.0,-0.0
3132,Li-Ion,0.0,0.0,-0.0
3132,CAES,0.0,0.0,-0.0
3132,PHS,0.0,0.0,-0.0
3132,H2,0.0,0.0,-0.0
3133,Li-Ion,0.0,0.0,-0.0
3133,CAES,0.0,0.0,-0.0
3133,PHS,0.0,0.0,-0.0
3133,H2,0.0,0.0,-0.0
3134,Li-Ion,0.0,0.0,-0.0
3134,CAES,0.0,0.0,-0.0
3134,PHS,0.0,0.0,-0.0
3134,H2,0.0,0.0,-0.0
3135,Li-Ion,0.0,0.0,-0.0
3135,CAES,0.0,0.0,-0.0
3135,PHS,0.0,0.0,-0.0
3135,H2,0.0,0.0,-0.0
3136,Li-Ion,0.0,0.0,-0.0
3136,CAES,0.0,0.0,-0.0
3136,PHS,0.0,0.0,-0.0
3136,H2,0.0,0.0,-0.0
3137,Li-Ion,0.0,0.0,-0.0
3137,CAES,0.0,0.0,-0.0
3137,PHS,0.0,0.0,-0.0
3137,H2,0.0,0.0,-0.0
3138,Li-Ion,0.0,0.0,-0.0
3138,CAES,0.0,0.0,-0.0
3138,PHS,0.0,0.0,-0.0
3138,H2,0.0,0.0,-0.0
3139,Li-Ion,0.0,0.0,-0.0
3139,CAES,0.0,0.0,-0.0
3139,PHS,0.0,0.0,-0.0
3139,H2,0.0,0.0,-0.0
3140,Li-Ion,0.0,0.0,-0.0
3140,CAES,0.0,0.0,-0.0
3140,PHS,0.0,0.0,-0.0
3140,H2,0.0,0.0,-0.0
3141,Li-Ion,0.0,0.0,-0.0
3141,CAES,0.0,0.0,-0.0
3141,PHS,0.0,0.0,-0.0
3141,H2,0.0,0.0,-0.0
3142,Li-Ion,0.0,0.0,-0.0
3142,CAES,0.0,0.0,-0.0
3142,PHS,0.0,0.0,-0.0
3142,H2,0.0,0.0,-0.0
3143,Li-Ion,0.0,0.0,-0.0
3143,CAES,0.0,0.0,-0.0
3143,PHS,0.0,0.0,-0.0
3143,H2,0.0,0.0,-0.0
3144,Li-Ion,0.0,0.0,-0.0
3144,CAES,0.0,0.0,-0.0
3144,PHS,0.0,0.0,-0.0
3144,H2,0.0,0.0,-0.0
3145,Li-Ion,0.0,0.0,-0.0
3145,CAES,0.0,0.0,-0.0
3145,PHS,0.0,0.0,-0.0
3145,H2,0.0,0.0,-0.0
3146,Li-Ion,0.0,0.0,-0.0
3146,CAES,0.0,0.0,-0.0
3146,PHS,0.0,0.0,-0.0
3146,H2,0.0,0.0,-0.0
3147,Li-Ion,0.0,0.0,-0.0
3147,CAES,0.0,0.0,-0.0
3147,PHS,0.0,0.0,-0.0
3147,H2,0.0,0.0,-0.0
3148,Li-Ion,0.0,0.0,-0.0
3148,CAES,0.0,0.0,-0.0
3148,PHS,0.0,0.0,-0.0
3148,H2,0.0,0.0,-0.0
3149,Li-Ion,0.0,0.0,-0.0
3149,CAES,0.0,0.0,-0.0
3149,PHS,0.0,0.0,-0.0
3149,H2,0.0,0.0,-0.0
3150,Li-Ion,0.0,0.0,-0.0
3150,CAES,0.0,0.0,-0.0
3150,PHS,0.0,0.0,-0.0
3150,H2,0.0,0.0,-0.0
3151,Li-Ion,0.0,0.0,-0.0
3151,CAES,0.0,0.0,-0.0
3151,PHS,0.0,0.0,-0.0
3151,H2,0.0,0.0,-0.0
3152,Li-Ion,0.0,0.0,-0.0
3152,CAES,0.0,0.0,-0.0
3152,PHS,0.0,0.0,-0.0
3152,H2,0.0,0.0,-0.0
3153,Li-Ion,0.0,0.0,-0.0
3153,CAES,0.0,0.0,-0.0
3153,PHS,0.0,0.0,-0.0
3153,H2,0.0,0.0,-0.0
3154,Li-Ion,0.0,0.0,-0.0
3154,CAES,0.0,0.0,-0.0
3154,PHS,0.0,0.0,-0.0
3154,H2,0.0,0.0,-0.0
3155,Li-Ion,0.0,0.0,-0.0
3155,CAES,0.0,0.0,-0.0
3155,PHS,0.0,0.0,-0.0
3155,H2,0.0,0.0,-0.0
3156,Li-Ion,0.0,0.0,-0.0
3156,CAES,0.0,0.0,-0.0
3156,PHS,0.0,0.0,-0.0
3156,H2,0.0,0.0,-0.0
3157,Li-Ion,0.0,0.0,-0.0
3157,CAES,0.0,0.0,-0.0
3157,PHS,0.0,0.0,-0.0
3157,H2,0.0,0.0,-0.0
3158,Li-Ion,0.0,0.0,-0.0
3158,CAES,0.0,0.0,-0.0
3158,PHS,0.0,0.0,-0.0
3158,H2,0.0,0.0,-0.0
3159,Li-Ion,0.0,0.0,-0.0
3159,CAES,0.0,0.0,-0.0
3159,PHS,0.0,0.0,-0.0
3159,H2,0.0,0.0,-0.0
3160,Li-Ion,0.0,0.0,-0.0
3160,CAES,0.0,0.0,-0.0
3160,PHS,0.0,0.0,-0.0
3160,H2,0.0,0.0,-0.0
3161,Li-Ion,0.0,0.0,-0.0
3161,CAES,0.0,0.0,-0.0
3161,PHS,0.0,0.0,-0.0
3161,H2,0.0,0.0,-0.0
3162,Li-Ion,0.0,0.0,-0.0
3162,CAES,0.0,0.0,-0.0
3162,PHS,0.0,0.0,-0.0
3162,H2,0.0,0.0,-0.0
3163,Li-Ion,0.0,0.0,-0.0
3163,CAES,0.0,0.0,-0.0
3163,PHS,0.0,0.0,-0.0
3163,H2,0.0,0.0,-0.0
3164,Li-Ion,0.0,0.0,-0.0
3164,CAES,0.0,0.0,-0.0
3164,PHS,0.0,0.0,-0.0
3164,H2,0.0,0.0,-0.0
3165,Li-Ion,0.0,0.0,-0.0
3165,CAES,0.0,0.0,-0.0
3165,PHS,0.0,0.0,-0.0
3165,H2,0.0,0.0,-0.0
3166,Li-Ion,0.0,0.0,-0.0
3166,CAES,0.0,0.0,-0.0
3166,PHS,0.0,0.0,-0.0
3166,H2,0.0,0.0,-0.0
3167,Li-Ion,0.0,0.0,-0.0
3167,CAES,0.0,0.0,-0.0
3167,PHS,0.0,0.0,-0.0
3167,H2,0.0,0.0,-0.0
3168,Li-Ion,0.0,0.0,-0.0
3168,CAES,0.0,0.0,-0.0
3168,PHS,0.0,0.0,-0.0
3168,H2,0.0,0.0,-0.0
3169,Li-Ion,0.0,0.0,-0.0
3169,CAES,0.0,0.0,-0.0
3169,PHS,0.0,0.0,-0.0
3169,H2,0.0,0.0,-0.0
3170,Li-Ion,0.0,0.0,-0.0
3170,CAES,0.0,0.0,-0.0
3170,PHS,0.0,0.0,-0.0
3170,H2,0.0,0.0,-0.0
3171,Li-Ion,0.0,0.0,-0.0
3171,CAES,0.0,0.0,-0.0
3171,PHS,0.0,0.0,-0.0
3171,H2,0.0,0.0,-0.0
3172,Li-Ion,0.0,0.0,-0.0
3172,CAES,0.0,0.0,-0.0
3172,PHS,0.0,0.0,-0.0
3172,H2,0.0,0.0,-0.0
3173,Li-Ion,0.0,0.0,-0.0
3173,CAES,0.0,0.0,-0.0
3173,PHS,0.0,0.0,-0.0
3173,H2,0.0,0.0,-0.0
3174,Li-Ion,0.0,0.0,-0.0
3174,CAES,0.0,0.0,-0.0
3174,PHS,0.0,0.0,-0.0
3174,H2,0.0,0.0,-0.0
3175,Li-Ion,0.0,0.0,-0.0
3175,CAES,0.0,0.0,-0.0
3175,PHS,0.0,0.0,-0.0
3175,H2,0.0,0.0,-0.0
3176,Li-Ion,0.0,0.0,-0.0
3176,CAES,0.0,0.0,-0.0
3176,PHS,0.0,0.0,-0.0
3176,H2,0.0,0.0,-0.0
3177,Li-Ion,0.0,0.0,-0.0
3177,CAES,0.0,0.0,-0.0
3177,PHS,0.0,0.0,-0.0
3177,H2,0.0,0.0,-0.0
3178,Li-Ion,0.0,0.0,-0.0
3178,CAES,0.0,0.0,-0.0
3178,PHS,0.0,0.0,-0.0
3178,H2,0.0,0.0,-0.0
3179,Li-Ion,0.0,0.0,-0.0
3179,CAES,0.0,0.0,-0.0
3179,PHS,0.0,0.0,-0.0
3179,H2,0.0,0.0,-0.0
3180,Li-Ion,0.0,0.0,-0.0
3180,CAES,0.0,0.0,-0.0
3180,PHS,0.0,0.0,-0.0
3180,H2,0.0,0.0,-0.0
3181,Li-Ion,0.0,0.0,-0.0
3181,CAES,0.0,0.0,-0.0
3181,PHS,0.0,0.0,-0.0
3181,H2,0.0,0.0,-0.0
3182,Li-Ion,0.0,0.0,-0.0
3182,CAES,0.0,0.0,-0.0
3182,PHS,0.0,0.0,-0.0
3182,H2,0.0,0.0,-0.0
3183,Li-Ion,0.0,0.0,-0.0
3183,CAES,0.0,0.0,-0.0
3183,PHS,0.0,0.0,-0.0
3183,H2,0.0,0.0,-0.0
3184,Li-Ion,0.0,0.0,-0.0
3184,CAES,0.0,0.0,-0.0
3184,PHS,0.0,0.0,-0.0
3184,H2,0.0,0.0,-0.0
3185,Li-Ion,0.0,0.0,-0.0
3185,CAES,0.0,0.0,-0.0
3185,PHS,0.0,0.0,-0.0
3185,H2,0.0,0.0,-0.0
3186,Li-Ion,0.0,0.0,-0.0
3186,CAES,0.0,0.0,-0.0
3186,PHS,0.0,0.0,-0.0
3186,H2,0.0,0.0,-0.0
3187,Li-Ion,0.0,0.0,-0.0
3187,CAES,0.0,0.0,-0.0
3187,PHS,0.0,0.0,-0.0
3187,H2,0.0,0.0,-0.0
3188,Li-Ion,0.0,0.0,-0.0
3188,CAES,0.0,0.0,-0.0
3188,PHS,0.0,0.0,-0.0
3188,H2,0.0,0.0,-0.0
3189,Li-Ion,0.0,0.0,-0.0
3189,CAES,0.0,0.0,-0.0
3189,PHS,0.0,0.0,-0.0
3189,H2,0.0,0.0,-0.0
3190,Li-Ion,0.0,0.0,-0.0
3190,CAES,0.0,0.0,-0.0
3190,PHS,0.0,0.0,-0.0
3190,H2,0.0,0.0,-0.0
3191,Li-Ion,0.0,0.0,-0.0
3191,CAES,0.0,0.0,-0.0
3191,PHS,0.0,0.0,-0.0
3191,H2,0.0,0.0,-0.0
3192,Li-Ion,0.0,0.0,-0.0
3192,CAES,0.0,0.0,-0.0
3192,PHS,0.0,0.0,-0.0
3192,H2,0.0,0.0,-0.0
3193,Li-Ion,0.0,0.0,-0.0
3193,CAES,0.0,0.0,-0.0
3193,PHS,0.0,0.0,-0.0
3193,H2,0.0,0.0,-0.0
3194,Li-Ion,0.0,0.0,-0.0
3194,CAES,0.0,0.0,-0.0
3194,PHS,0.0,0.0,-0.0
3194,H2,0.0,0.0,-0.0
3195,Li-Ion,0.0,0.0,-0.0
3195,CAES,0.0,0.0,-0.0
3195,PHS,0.0,0.0,-0.0
3195,H2,0.0,0.0,-0.0
3196,Li-Ion,0.0,0.0,-0.0
3196,CAES,0.0,0.0,-0.0
3196,PHS,0.0,0.0,-0.0
3196,H2,0.0,0.0,-0.0
3197,Li-Ion,0.0,0.0,-0.0
3197,CAES,0.0,0.0,-0.0
3197,PHS,0.0,0.0,-0.0
3197,H2,0.0,0.0,-0.0
3198,Li-Ion,0.0,0.0,-0.0
3198,CAES,0.0,0.0,-0.0
3198,PHS,0.0,0.0,-0.0
3198,H2,0.0,0.0,-0.0
3199,Li-Ion,0.0,0.0,-0.0
3199,CAES,0.0,0.0,-0.0
3199,PHS,0.0,0.0,-0.0
3199,H2,0.0,0.0,-0.0
3200,Li-Ion,0.0,0.0,-0.0
3200,CAES,0.0,0.0,-0.0
3200,PHS,0.0,0.0,-0.0
3200,H2,0.0,0.0,-0.0
3201,Li-Ion,0.0,0.0,-0.0
3201,CAES,0.0,0.0,-0.0
3201,PHS,0.0,0.0,-0.0
3201,H2,0.0,0.0,-0.0
3202,Li-Ion,0.0,0.0,-0.0
3202,CAES,0.0,0.0,-0.0
3202,PHS,0.0,0.0,-0.0
3202,H2,0.0,0.0,-0.0
3203,Li-Ion,0.0,0.0,-0.0
3203,CAES,0.0,0.0,-0.0
3203,PHS,0.0,0.0,-0.0
3203,H2,0.0,0.0,-0.0
3204,Li-Ion,0.0,0.0,-0.0
3204,CAES,0.0,0.0,-0.0
3204,PHS,0.0,0.0,-0.0
3204,H2,0.0,0.0,-0.0
3205,Li-Ion,0.0,0.0,-0.0
3205,CAES,0.0,0.0,-0.0
3205,PHS,0.0,0.0,-0.0
3205,H2,0.0,0.0,-0.0
3206,Li-Ion,0.0,0.0,-0.0
3206,CAES,0.0,0.0,-0.0
3206,PHS,0.0,0.0,-0.0
3206,H2,0.0,0.0,-0.0
3207,Li-Ion,0.0,0.0,-0.0
3207,CAES,0.0,0.0,-0.0
3207,PHS,0.0,0.0,-0.0
3207,H2,0.0,0.0,-0.0
3208,Li-Ion,0.0,0.0,-0.0
3208,CAES,0.0,0.0,-0.0
3208,PHS,0.0,0.0,-0.0
3208,H2,0.0,0.0,-0.0
3209,Li-Ion,0.0,0.0,-0.0
3209,CAES,0.0,0.0,-0.0
3209,PHS,0.0,0.0,-0.0
3209,H2,0.0,0.0,-0.0
3210,Li-Ion,0.0,0.0,-0.0
3210,CAES,0.0,0.0,-0.0
3210,PHS,0.0,0.0,-0.0
3210,H2,0.0,0.0,-0.0
3211,Li-Ion,0.0,0.0,-0.0
3211,CAES,0.0,0.0,-0.0
3211,PHS,0.0,0.0,-0.0
3211,H2,0.0,0.0,-0.0
3212,Li-Ion,0.0,0.0,-0.0
3212,CAES,0.0,0.0,-0.0
3212,PHS,0.0,0.0,-0.0
3212,H2,0.0,0.0,-0.0
3213,Li-Ion,0.0,0.0,-0.0
3213,CAES,0.0,0.0,-0.0
3213,PHS,0.0,0.0,-0.0
3213,H2,0.0,0.0,-0.0
3214,Li-Ion,0.0,0.0,-0.0
3214,CAES,0.0,0.0,-0.0
3214,PHS,0.0,0.0,-0.0
3214,H2,0.0,0.0,-0.0
3215,Li-Ion,0.0,0.0,-0.0
3215,CAES,0.0,0.0,-0.0
3215,PHS,0.0,0.0,-0.0
3215,H2,0.0,0.0,-0.0
3216,Li-Ion,0.0,0.0,-0.0
3216,CAES,0.0,0.0,-0.0
3216,PHS,0.0,0.0,-0.0
3216,H2,0.0,0.0,-0.0
3217,Li-Ion,0.0,0.0,-0.0
3217,CAES,0.0,0.0,-0.0
3217,PHS,0.0,0.0,-0.0
3217,H2,0.0,0.0,-0.0
3218,Li-Ion,0.0,0.0,-0.0
3218,CAES,0.0,0.0,-0.0
3218,PHS,0.0,0.0,-0.0
3218,H2,0.0,0.0,-0.0
3219,Li-Ion,0.0,0.0,-0.0
3219,CAES,0.0,0.0,-0.0
3219,PHS,0.0,0.0,-0.0
3219,H2,0.0,0.0,-0.0
3220,Li-Ion,0.0,0.0,-0.0
3220,CAES,0.0,0.0,-0.0
3220,PHS,0.0,0.0,-0.0
3220,H2,0.0,0.0,-0.0
3221,Li-Ion,0.0,0.0,-0.0
3221,CAES,0.0,0.0,-0.0
3221,PHS,0.0,0.0,-0.0
3221,H2,0.0,0.0,-0.0
3222,Li-Ion,0.0,0.0,-0.0
3222,CAES,0.0,0.0,-0.0
3222,PHS,0.0,0.0,-0.0
3222,H2,0.0,0.0,-0.0
3223,Li-Ion,0.0,0.0,-0.0
3223,CAES,0.0,0.0,-0.0
3223,PHS,0.0,0.0,-0.0
3223,H2,0.0,0.0,-0.0
3224,Li-Ion,0.0,0.0,-0.0
3224,CAES,0.0,0.0,-0.0
3224,PHS,0.0,0.0,-0.0
3224,H2,0.0,0.0,-0.0
3225,Li-Ion,0.0,0.0,-0.0
3225,CAES,0.0,0.0,-0.0
3225,PHS,0.0,0.0,-0.0
3225,H2,0.0,0.0,-0.0
3226,Li-Ion,0.0,0.0,-0.0
3226,CAES,0.0,0.0,-0.0
3226,PHS,0.0,0.0,-0.0
3226,H2,0.0,0.0,-0.0
3227,Li-Ion,0.0,0.0,-0.0
3227,CAES,0.0,0.0,-0.0
3227,PHS,0.0,0.0,-0.0
3227,H2,0.0,0.0,-0.0
3228,Li-Ion,0.0,0.0,-0.0
3228,CAES,0.0,0.0,-0.0
3228,PHS,0.0,0.0,-0.0
3228,H2,0.0,0.0,-0.0
3229,Li-Ion,0.0,0.0,-0.0
3229,CAES,0.0,0.0,-0.0
3229,PHS,0.0,0.0,-0.0
3229,H2,0.0,0.0,-0.0
3230,Li-Ion,0.0,0.0,-0.0
3230,CAES,0.0,0.0,-0.0
3230,PHS,0.0,0.0,-0.0
3230,H2,0.0,0.0,-0.0
3231,Li-Ion,0.0,0.0,-0.0
3231,CAES,0.0,0.0,-0.0
3231,PHS,0.0,0.0,-0.0
3231,H2,0.0,0.0,-0.0
3232,Li-Ion,0.0,0.0,-0.0
3232,CAES,0.0,0.0,-0.0
3232,PHS,0.0,0.0,-0.0
3232,H2,0.0,0.0,-0.0
3233,Li-Ion,0.0,0.0,-0.0
3233,CAES,0.0,0.0,-0.0
3233,PHS,0.0,0.0,-0.0
3233,H2,0.0,0.0,-0.0
3234,Li-Ion,0.0,0.0,-0.0
3234,CAES,0.0,0.0,-0.0
3234,PHS,0.0,0.0,-0.0
3234,H2,0.0,0.0,-0.0
3235,Li-Ion,0.0,0.0,-0.0
3235,CAES,0.0,0.0,-0.0
3235,PHS,0.0,0.0,-0.0
3235,H2,0.0,0.0,-0.0
3236,Li-Ion,0.0,0.0,-0.0
3236,CAES,0.0,0.0,-0.0
3236,PHS,0.0,0.0,-0.0
3236,H2,0.0,0.0,-0.0
3237,Li-Ion,0.0,0.0,-0.0
3237,CAES,0.0,0.0,-0.0
3237,PHS,0.0,0.0,-0.0
3237,H2,0.0,0.0,-0.0
3238,Li-Ion,0.0,0.0,-0.0
3238,CAES,0.0,0.0,-0.0
3238,PHS,0.0,0.0,-0.0
3238,H2,0.0,0.0,-0.0
3239,Li-Ion,0.0,0.0,-0.0
3239,CAES,0.0,0.0,-0.0
3239,PHS,0.0,0.0,-0.0
3239,H2,0.0,0.0,-0.0
3240,Li-Ion,0.0,0.0,-0.0
3240,CAES,0.0,0.0,-0.0
3240,PHS,0.0,0.0,-0.0
3240,H2,0.0,0.0,-0.0
3241,Li-Ion,0.0,0.0,-0.0
3241,CAES,0.0,0.0,-0.0
3241,PHS,0.0,0.0,-0.0
3241,H2,0.0,0.0,-0.0
3242,Li-Ion,0.0,0.0,-0.0
3242,CAES,0.0,0.0,-0.0
3242,PHS,0.0,0.0,-0.0
3242,H2,0.0,0.0,-0.0
3243,Li-Ion,0.0,0.0,-0.0
3243,CAES,0.0,0.0,-0.0
3243,PHS,0.0,0.0,-0.0
3243,H2,0.0,0.0,-0.0
3244,Li-Ion,0.0,0.0,-0.0
3244,CAES,0.0,0.0,-0.0
3244,PHS,0.0,0.0,-0.0
3244,H2,0.0,0.0,-0.0
3245,Li-Ion,0.0,0.0,-0.0
3245,CAES,0.0,0.0,-0.0
3245,PHS,0.0,0.0,-0.0
3245,H2,0.0,0.0,-0.0
3246,Li-Ion,0.0,0.0,-0.0
3246,CAES,0.0,0.0,-0.0
3246,PHS,0.0,0.0,-0.0
3246,H2,0.0,0.0,-0.0
3247,Li-Ion,0.0,0.0,-0.0
3247,CAES,0.0,0.0,-0.0
3247,PHS,0.0,0.0,-0.0
3247,H2,0.0,0.0,-0.0
3248,Li-Ion,0.0,0.0,-0.0
3248,CAES,0.0,0.0,-0.0
3248,PHS,0.0,0.0,-0.0
3248,H2,0.0,0.0,-0.0
3249,Li-Ion,0.0,0.0,-0.0
3249,CAES,0.0,0.0,-0.0
3249,PHS,0.0,0.0,-0.0
3249,H2,0.0,0.0,-0.0
3250,Li-Ion,0.0,0.0,-0.0
3250,CAES,0.0,0.0,-0.0
3250,PHS,0.0,0.0,-0.0
3250,H2,0.0,0.0,-0.0
3251,Li-Ion,0.0,0.0,-0.0
3251,CAES,0.0,0.0,-0.0
3251,PHS,0.0,0.0,-0.0
3251,H2,0.0,0.0,-0.0
3252,Li-Ion,0.0,0.0,-0.0
3252,CAES,0.0,0.0,-0.0
3252,PHS,0.0,0.0,-0.0
3252,H2,0.0,0.0,-0.0
3253,Li-Ion,0.0,0.0,-0.0
3253,CAES,0.0,0.0,-0.0
3253,PHS,0.0,0.0,-0.0
3253,H2,0.0,0.0,-0.0
3254,Li-Ion,0.0,0.0,-0.0
3254,CAES,0.0,0.0,-0.0
3254,PHS,0.0,0.0,-0.0
3254,H2,0.0,0.0,-0.0
3255,Li-Ion,0.0,0.0,-0.0
3255,CAES,0.0,0.0,-0.0
3255,PHS,0.0,0.0,-0.0
3255,H2,0.0,0.0,-0.0
3256,Li-Ion,0.0,0.0,-0.0
3256,CAES,0.0,0.0,-0.0
3256,PHS,0.0,0.0,-0.0
3256,H2,0.0,0.0,-0.0
3257,Li-Ion,0.0,0.0,-0.0
3257,CAES,0.0,0.0,-0.0
3257,PHS,0.0,0.0,-0.0
3257,H2,0.0,0.0,-0.0
3258,Li-Ion,0.0,0.0,-0.0
3258,CAES,0.0,0.0,-0.0
3258,PHS,0.0,0.0,-0.0
3258,H2,0.0,0.0,-0.0
3259,Li-Ion,0.0,0.0,-0.0
3259,CAES,0.0,0.0,-0.0
3259,PHS,0.0,0.0,-0.0
3259,H2,0.0,0.0,-0.0
3260,Li-Ion,0.0,0.0,-0.0
3260,CAES,0.0,0.0,-0.0
3260,PHS,0.0,0.0,-0.0
3260,H2,0.0,0.0,-0.0
3261,Li-Ion,0.0,0.0,-0.0
3261,CAES,0.0,0.0,-0.0
3261,PHS,0.0,0.0,-0.0
3261,H2,0.0,0.0,-0.0
3262,Li-Ion,0.0,0.0,-0.0
3262,CAES,0.0,0.0,-0.0
3262,PHS,0.0,0.0,-0.0
3262,H2,0.0,0.0,-0.0
3263,Li-Ion,0.0,0.0,-0.0
3263,CAES,0.0,0.0,-0.0
3263,PHS,0.0,0.0,-0.0
3263,H2,0.0,0.0,-0.0
3264,Li-Ion,0.0,0.0,-0.0
3264,CAES,0.0,0.0,-0.0
3264,PHS,0.0,0.0,-0.0
3264,H2,0.0,0.0,-0.0
3265,Li-Ion,0.0,0.0,-0.0
3265,CAES,0.0,0.0,-0.0
3265,PHS,0.0,0.0,-0.0
3265,H2,0.0,0.0,-0.0
3266,Li-Ion,0.0,0.0,-0.0
3266,CAES,0.0,0.0,-0.0
3266,PHS,0.0,0.0,-0.0
3266,H2,0.0,0.0,-0.0
3267,Li-Ion,0.0,0.0,-0.0
3267,CAES,0.0,0.0,-0.0
3267,PHS,0.0,0.0,-0.0
3267,H2,0.0,0.0,-0.0
3268,Li-Ion,0.0,0.0,-0.0
3268,CAES,0.0,0.0,-0.0
3268,PHS,0.0,0.0,-0.0
3268,H2,0.0,0.0,-0.0
3269,Li-Ion,0.0,0.0,-0.0
3269,CAES,0.0,0.0,-0.0
3269,PHS,0.0,0.0,-0.0
3269,H2,0.0,0.0,-0.0
3270,Li-Ion,0.0,0.0,-0.0
3270,CAES,0.0,0.0,-0.0
3270,PHS,0.0,0.0,-0.0
3270,H2,0.0,0.0,-0.0
3271,Li-Ion,0.0,0.0,-0.0
3271,CAES,0.0,0.0,-0.0
3271,PHS,0.0,0.0,-0.0
3271,H2,0.0,0.0,-0.0
3272,Li-Ion,0.0,0.0,-0.0
3272,CAES,0.0,0.0,-0.0
3272,PHS,0.0,0.0,-0.0
3272,H2,0.0,0.0,-0.0
3273,Li-Ion,0.0,0.0,-0.0
3273,CAES,0.0,0.0,-0.0
3273,PHS,0.0,0.0,-0.0
3273,H2,0.0,0.0,-0.0
3274,Li-Ion,0.0,0.0,-0.0
3274,CAES,0.0,0.0,-0.0
3274,PHS,0.0,0.0,-0.0
3274,H2,0.0,0.0,-0.0
3275,Li-Ion,0.0,0.0,-0.0
3275,CAES,0.0,0.0,-0.0
3275,PHS,0.0,0.0,-0.0
3275,H2,0.0,0.0,-0.0
3276,Li-Ion,0.0,0.0,-0.0
3276,CAES,0.0,0.0,-0.0
3276,PHS,0.0,0.0,-0.0
3276,H2,0.0,0.0,-0.0
3277,Li-Ion,0.0,0.0,-0.0
3277,CAES,0.0,0.0,-0.0
3277,PHS,0.0,0.0,-0.0
3277,H2,0.0,0.0,-0.0
3278,Li-Ion,0.0,0.0,-0.0
3278,CAES,0.0,0.0,-0.0
3278,PHS,0.0,0.0,-0.0
3278,H2,0.0,0.0,-0.0
3279,Li-Ion,0.0,0.0,-0.0
3279,CAES,0.0,0.0,-0.0
3279,PHS,0.0,0.0,-0.0
3279,H2,0.0,0.0,-0.0
3280,Li-Ion,0.0,0.0,-0.0
3280,CAES,0.0,0.0,-0.0
3280,PHS,0.0,0.0,-0.0
3280,H2,0.0,0.0,-0.0
3281,Li-Ion,0.0,0.0,-0.0
3281,CAES,0.0,0.0,-0.0
3281,PHS,0.0,0.0,-0.0
3281,H2,0.0,0.0,-0.0
3282,Li-Ion,0.0,0.0,-0.0
3282,CAES,0.0,0.0,-0.0
3282,PHS,0.0,0.0,-0.0
3282,H2,0.0,0.0,-0.0
3283,Li-Ion,0.0,0.0,-0.0
3283,CAES,0.0,0.0,-0.0
3283,PHS,0.0,0.0,-0.0
3283,H2,0.0,0.0,-0.0
3284,Li-Ion,0.0,0.0,-0.0
3284,CAES,0.0,0.0,-0.0
3284,PHS,0.0,0.0,-0.0
3284,H2,0.0,0.0,-0.0
3285,Li-Ion,0.0,0.0,-0.0
3285,CAES,0.0,0.0,-0.0
3285,PHS,0.0,0.0,-0.0
3285,H2,0.0,0.0,-0.0
3286,Li-Ion,0.0,0.0,-0.0
3286,CAES,0.0,0.0,-0.0
3286,PHS,0.0,0.0,-0.0
3286,H2,0.0,0.0,-0.0
3287,Li-Ion,0.0,0.0,-0.0
3287,CAES,0.0,0.0,-0.0
3287,PHS,0.0,0.0,-0.0
3287,H2,0.0,0.0,-0.0
3288,Li-Ion,0.0,0.0,-0.0
3288,CAES,0.0,0.0,-0.0
3288,PHS,0.0,0.0,-0.0
3288,H2,0.0,0.0,-0.0
3289,Li-Ion,0.0,0.0,-0.0
3289,CAES,0.0,0.0,-0.0
3289,PHS,0.0,0.0,-0.0
3289,H2,0.0,0.0,-0.0
3290,Li-Ion,0.0,0.0,-0.0
3290,CAES,0.0,0.0,-0.0
3290,PHS,0.0,0.0,-0.0
3290,H2,0.0,0.0,-0.0
3291,Li-Ion,0.0,0.0,-0.0
3291,CAES,0.0,0.0,-0.0
3291,PHS,0.0,0.0,-0.0
3291,H2,0.0,0.0,-0.0
3292,Li-Ion,0.0,0.0,-0.0
3292,CAES,0.0,0.0,-0.0
3292,PHS,0.0,0.0,-0.0
3292,H2,0.0,0.0,-0.0
3293,Li-Ion,0.0,0.0,-0.0
3293,CAES,0.0,0.0,-0.0
3293,PHS,0.0,0.0,-0.0
3293,H2,0.0,0.0,-0.0
3294,Li-Ion,0.0,0.0,-0.0
3294,CAES,0.0,0.0,-0.0
3294,PHS,0.0,0.0,-0.0
3294,H2,0.0,0.0,-0.0
3295,Li-Ion,0.0,0.0,-0.0
3295,CAES,0.0,0.0,-0.0
3295,PHS,0.0,0.0,-0.0
3295,H2,0.0,0.0,-0.0
3296,Li-Ion,0.0,0.0,-0.0
3296,CAES,0.0,0.0,-0.0
3296,PHS,0.0,0.0,-0.0
3296,H2,0.0,0.0,-0.0
3297,Li-Ion,0.0,0.0,-0.0
3297,CAES,0.0,0.0,-0.0
3297,PHS,0.0,0.0,-0.0
3297,H2,0.0,0.0,-0.0
3298,Li-Ion,0.0,0.0,-0.0
3298,CAES,0.0,0.0,-0.0
3298,PHS,0.0,0.0,-0.0
3298,H2,0.0,0.0,-0.0
3299,Li-Ion,0.0,0.0,-0.0
3299,CAES,0.0,0.0,-0.0
3299,PHS,0.0,0.0,-0.0
3299,H2,0.0,0.0,-0.0
3300,Li-Ion,0.0,0.0,-0.0
3300,CAES,0.0,0.0,-0.0
3300,PHS,0.0,0.0,-0.0
3300,H2,0.0,0.0,-0.0
3301,Li-Ion,0.0,0.0,-0.0
3301,CAES,0.0,0.0,-0.0
3301,PHS,0.0,0.0,-0.0
3301,H2,0.0,0.0,-0.0
3302,Li-Ion,0.0,0.0,-0.0
3302,CAES,0.0,0.0,-0.0
3302,PHS,0.0,0.0,-0.0
3302,H2,0.0,0.0,-0.0
3303,Li-Ion,0.0,0.0,-0.0
3303,CAES,0.0,0.0,-0.0
3303,PHS,0.0,0.0,-0.0
3303,H2,0.0,0.0,-0.0
3304,Li-Ion,0.0,0.0,-0.0
3304,CAES,0.0,0.0,-0.0
3304,PHS,0.0,0.0,-0.0
3304,H2,0.0,0.0,-0.0
3305,Li-Ion,0.0,0.0,-0.0
3305,CAES,0.0,0.0,-0.0
3305,PHS,0.0,0.0,-0.0
3305,H2,0.0,0.0,-0.0
3306,Li-Ion,0.0,0.0,-0.0
3306,CAES,0.0,0.0,-0.0
3306,PHS,0.0,0.0,-0.0
3306,H2,0.0,0.0,-0.0
3307,Li-Ion,0.0,0.0,-0.0
3307,CAES,0.0,0.0,-0.0
3307,PHS,0.0,0.0,-0.0
3307,H2,0.0,0.0,-0.0
3308,Li-Ion,0.0,0.0,-0.0
3308,CAES,0.0,0.0,-0.0
3308,PHS,0.0,0.0,-0.0
3308,H2,0.0,0.0,-0.0
3309,Li-Ion,0.0,0.0,-0.0
3309,CAES,0.0,0.0,-0.0
3309,PHS,0.0,0.0,-0.0
3309,H2,0.0,0.0,-0.0
3310,Li-Ion,0.0,0.0,-0.0
3310,CAES,0.0,0.0,-0.0
3310,PHS,0.0,0.0,-0.0
3310,H2,0.0,0.0,-0.0
3311,Li-Ion,0.0,0.0,-0.0
3311,CAES,0.0,0.0,-0.0
3311,PHS,0.0,0.0,-0.0
3311,H2,0.0,0.0,-0.0
3312,Li-Ion,0.0,0.0,-0.0
3312,CAES,0.0,0.0,-0.0
3312,PHS,0.0,0.0,-0.0
3312,H2,0.0,0.0,-0.0
3313,Li-Ion,0.0,0.0,-0.0
3313,CAES,0.0,0.0,-0.0
3313,PHS,0.0,0.0,-0.0
3313,H2,0.0,0.0,-0.0
3314,Li-Ion,0.0,0.0,-0.0
3314,CAES,0.0,0.0,-0.0
3314,PHS,0.0,0.0,-0.0
3314,H2,0.0,0.0,-0.0
3315,Li-Ion,0.0,0.0,-0.0
3315,CAES,0.0,0.0,-0.0
3315,PHS,0.0,0.0,-0.0
3315,H2,0.0,0.0,-0.0
3316,Li-Ion,0.0,0.0,-0.0
3316,CAES,0.0,0.0,-0.0
3316,PHS,0.0,0.0,-0.0
3316,H2,0.0,0.0,-0.0
3317,Li-Ion,0.0,0.0,-0.0
3317,CAES,0.0,0.0,-0.0
3317,PHS,0.0,0.0,-0.0
3317,H2,0.0,0.0,-0.0
3318,Li-Ion,0.0,0.0,-0.0
3318,CAES,0.0,0.0,-0.0
3318,PHS,0.0,0.0,-0.0
3318,H2,0.0,0.0,-0.0
3319,Li-Ion,0.0,0.0,-0.0
3319,CAES,0.0,0.0,-0.0
3319,PHS,0.0,0.0,-0.0
3319,H2,0.0,0.0,-0.0
3320,Li-Ion,0.0,0.0,-0.0
3320,CAES,0.0,0.0,-0.0
3320,PHS,0.0,0.0,-0.0
3320,H2,0.0,0.0,-0.0
3321,Li-Ion,0.0,0.0,-0.0
3321,CAES,0.0,0.0,-0.0
3321,PHS,0.0,0.0,-0.0
3321,H2,0.0,0.0,-0.0
3322,Li-Ion,0.0,0.0,-0.0
3322,CAES,0.0,0.0,-0.0
3322,PHS,0.0,0.0,-0.0
3322,H2,0.0,0.0,-0.0
3323,Li-Ion,0.0,0.0,-0.0
3323,CAES,0.0,0.0,-0.0
3323,PHS,0.0,0.0,-0.0
3323,H2,0.0,0.0,-0.0
3324,Li-Ion,0.0,0.0,-0.0
3324,CAES,0.0,0.0,-0.0
3324,PHS,0.0,0.0,-0.0
3324,H2,0.0,0.0,-0.0
3325,Li-Ion,0.0,0.0,-0.0
3325,CAES,0.0,0.0,-0.0
3325,PHS,0.0,0.0,-0.0
3325,H2,0.0,0.0,-0.0
3326,Li-Ion,0.0,0.0,-0.0
3326,CAES,0.0,0.0,-0.0
3326,PHS,0.0,0.0,-0.0
3326,H2,0.0,0.0,-0.0
3327,Li-Ion,0.0,0.0,-0.0
3327,CAES,0.0,0.0,-0.0
3327,PHS,0.0,0.0,-0.0
3327,H2,0.0,0.0,-0.0
3328,Li-Ion,0.0,0.0,-0.0
3328,CAES,0.0,0.0,-0.0
3328,PHS,0.0,0.0,-0.0
3328,H2,0.0,0.0,-0.0
3329,Li-Ion,0.0,0.0,-0.0
3329,CAES,0.0,0.0,-0.0
3329,PHS,0.0,0.0,-0.0
3329,H2,0.0,0.0,-0.0
3330,Li-Ion,0.0,0.0,-0.0
3330,CAES,0.0,0.0,-0.0
3330,PHS,0.0,0.0,-0.0
3330,H2,0.0,0.0,-0.0
3331,Li-Ion,0.0,0.0,-0.0
3331,CAES,0.0,0.0,-0.0
3331,PHS,0.0,0.0,-0.0
3331,H2,0.0,0.0,-0.0
3332,Li-Ion,0.0,0.0,-0.0
3332,CAES,0.0,0.0,-0.0
3332,PHS,0.0,0.0,-0.0
3332,H2,0.0,0.0,-0.0
3333,Li-Ion,0.0,0.0,-0.0
3333,CAES,0.0,0.0,-0.0
3333,PHS,0.0,0.0,-0.0
3333,H2,0.0,0.0,-0.0
3334,Li-Ion,0.0,0.0,-0.0
3334,CAES,0.0,0.0,-0.0
3334,PHS,0.0,0.0,-0.0
3334,H2,0.0,0.0,-0.0
3335,Li-Ion,0.0,0.0,-0.0
3335,CAES,0.0,0.0,-0.0
3335,PHS,0.0,0.0,-0.0
3335,H2,0.0,0.0,-0.0
3336,Li-Ion,0.0,0.0,-0.0
3336,CAES,0.0,0.0,-0.0
3336,PHS,0.0,0.0,-0.0
3336,H2,0.0,0.0,-0.0
3337,Li-Ion,0.0,0.0,-0.0
3337,CAES,0.0,0.0,-0.0
3337,PHS,0.0,0.0,-0.0
3337,H2,0.0,0.0,-0.0
3338,Li-Ion,0.0,0.0,-0.0
3338,CAES,0.0,0.0,-0.0
3338,PHS,0.0,0.0,-0.0
3338,H2,0.0,0.0,-0.0
3339,Li-Ion,0.0,0.0,-0.0
3339,CAES,0.0,0.0,-0.0
3339,PHS,0.0,0.0,-0.0
3339,H2,0.0,0.0,-0.0
3340,Li-Ion,0.0,0.0,-0.0
3340,CAES,0.0,0.0,-0.0
3340,PHS,0.0,0.0,-0.0
3340,H2,0.0,0.0,-0.0
3341,Li-Ion,0.0,0.0,-0.0
3341,CAES,0.0,0.0,-0.0
3341,PHS,0.0,0.0,-0.0
3341,H2,0.0,0.0,-0.0
3342,Li-Ion,0.0,0.0,-0.0
3342,CAES,0.0,0.0,-0.0
3342,PHS,0.0,0.0,-0.0
3342,H2,0.0,0.0,-0.0
3343,Li-Ion,0.0,0.0,-0.0
3343,CAES,0.0,0.0,-0.0
3343,PHS,0.0,0.0,-0.0
3343,H2,0.0,0.0,-0.0
3344,Li-Ion,0.0,0.0,-0.0
3344,CAES,0.0,0.0,-0.0
3344,PHS,0.0,0.0,-0.0
3344,H2,0.0,0.0,-0.0
3345,Li-Ion,0.0,0.0,-0.0
3345,CAES,0.0,0.0,-0.0
3345,PHS,0.0,0.0,-0.0
3345,H2,0.0,0.0,-0.0
3346,Li-Ion,0.0,0.0,-0.0
3346,CAES,0.0,0.0,-0.0
3346,PHS,0.0,0.0,-0.0
3346,H2,0.0,0.0,-0.0
3347,Li-Ion,0.0,0.0,-0.0
3347,CAES,0.0,0.0,-0.0
3347,PHS,0.0,0.0,-0.0
3347,H2,0.0,0.0,-0.0
3348,Li-Ion,0.0,0.0,-0.0
3348,CAES,0.0,0.0,-0.0
3348,PHS,0.0,0.0,-0.0
3348,H2,0.0,0.0,-0.0
3349,Li-Ion,0.0,0.0,-0.0
3349,CAES,0.0,0.0,-0.0
3349,PHS,0.0,0.0,-0.0
3349,H2,0.0,0.0,-0.0
3350,Li-Ion,0.0,0.0,-0.0
3350,CAES,0.0,0.0,-0.0
3350,PHS,0.0,0.0,-0.0
3350,H2,0.0,0.0,-0.0
3351,Li-Ion,0.0,0.0,-0.0
3351,CAES,0.0,0.0,-0.0
3351,PHS,0.0,0.0,-0.0
3351,H2,0.0,0.0,-0.0
3352,Li-Ion,0.0,0.0,-0.0
3352,CAES,0.0,0.0,-0.0
3352,PHS,0.0,0.0,-0.0
3352,H2,0.0,0.0,-0.0
3353,Li-Ion,0.0,0.0,-0.0
3353,CAES,0.0,0.0,-0.0
3353,PHS,0.0,0.0,-0.0
3353,H2,0.0,0.0,-0.0
3354,Li-Ion,0.0,0.0,-0.0
3354,CAES,0.0,0.0,-0.0
3354,PHS,0.0,0.0,-0.0
3354,H2,0.0,0.0,-0.0
3355,Li-Ion,0.0,0.0,-0.0
3355,CAES,0.0,0.0,-0.0
3355,PHS,0.0,0.0,-0.0
3355,H2,0.0,0.0,-0.0
3356,Li-Ion,0.0,0.0,-0.0
3356,CAES,0.0,0.0,-0.0
3356,PHS,0.0,0.0,-0.0
3356,H2,0.0,0.0,-0.0
3357,Li-Ion,0.0,0.0,-0.0
3357,CAES,0.0,0.0,-0.0
3357,PHS,0.0,0.0,-0.0
3357,H2,0.0,0.0,-0.0
3358,Li-Ion,0.0,0.0,-0.0
3358,CAES,0.0,0.0,-0.0
3358,PHS,0.0,0.0,-0.0
3358,H2,0.0,0.0,-0.0
3359,Li-Ion,0.0,0.0,-0.0
3359,CAES,0.0,0.0,-0.0
3359,PHS,0.0,0.0,-0.0
3359,H2,0.0,0.0,-0.0
3360,Li-Ion,0.0,0.0,-0.0
3360,CAES,0.0,0.0,-0.0
3360,PHS,0.0,0.0,-0.0
3360,H2,0.0,0.0,-0.0
3361,Li-Ion,0.0,0.0,-0.0
3361,CAES,0.0,0.0,-0.0
3361,PHS,0.0,0.0,-0.0
3361,H2,0.0,0.0,-0.0
3362,Li-Ion,0.0,0.0,-0.0
3362,CAES,0.0,0.0,-0.0
3362,PHS,0.0,0.0,-0.0
3362,H2,0.0,0.0,-0.0
3363,Li-Ion,0.0,0.0,-0.0
3363,CAES,0.0,0.0,-0.0
3363,PHS,0.0,0.0,-0.0
3363,H2,0.0,0.0,-0.0
3364,Li-Ion,0.0,0.0,-0.0
3364,CAES,0.0,0.0,-0.0
3364,PHS,0.0,0.0,-0.0
3364,H2,0.0,0.0,-0.0
3365,Li-Ion,0.0,0.0,-0.0
3365,CAES,0.0,0.0,-0.0
3365,PHS,0.0,0.0,-0.0
3365,H2,0.0,0.0,-0.0
3366,Li-Ion,0.0,0.0,-0.0
3366,CAES,0.0,0.0,-0.0
3366,PHS,0.0,0.0,-0.0
3366,H2,0.0,0.0,-0.0
3367,Li-Ion,0.0,0.0,-0.0
3367,CAES,0.0,0.0,-0.0
3367,PHS,0.0,0.0,-0.0
3367,H2,0.0,0.0,-0.0
3368,Li-Ion,0.0,0.0,-0.0
3368,CAES,0.0,0.0,-0.0
3368,PHS,0.0,0.0,-0.0
3368,H2,0.0,0.0,-0.0
3369,Li-Ion,0.0,0.0,-0.0
3369,CAES,0.0,0.0,-0.0
3369,PHS,0.0,0.0,-0.0
3369,H2,0.0,0.0,-0.0
3370,Li-Ion,0.0,0.0,-0.0
3370,CAES,0.0,0.0,-0.0
3370,PHS,0.0,0.0,-0.0
3370,H2,0.0,0.0,-0.0
3371,Li-Ion,0.0,0.0,-0.0
3371,CAES,0.0,0.0,-0.0
3371,PHS,0.0,0.0,-0.0
3371,H2,0.0,0.0,-0.0
3372,Li-Ion,0.0,0.0,-0.0
3372,CAES,0.0,0.0,-0.0
3372,PHS,0.0,0.0,-0.0
3372,H2,0.0,0.0,-0.0
3373,Li-Ion,0.0,0.0,-0.0
3373,CAES,0.0,0.0,-0.0
3373,PHS,0.0,0.0,-0.0
3373,H2,0.0,0.0,-0.0
3374,Li-Ion,0.0,0.0,-0.0
3374,CAES,0.0,0.0,-0.0
3374,PHS,0.0,0.0,-0.0
3374,H2,0.0,0.0,-0.0
3375,Li-Ion,0.0,0.0,-0.0
3375,CAES,0.0,0.0,-0.0
3375,PHS,0.0,0.0,-0.0
3375,H2,0.0,0.0,-0.0
3376,Li-Ion,0.0,0.0,-0.0
3376,CAES,0.0,0.0,-0.0
3376,PHS,0.0,0.0,-0.0
3376,H2,0.0,0.0,-0.0
3377,Li-Ion,0.0,0.0,-0.0
3377,CAES,0.0,0.0,-0.0
3377,PHS,0.0,0.0,-0.0
3377,H2,0.0,0.0,-0.0
3378,Li-Ion,0.0,0.0,-0.0
3378,CAES,0.0,0.0,-0.0
3378,PHS,0.0,0.0,-0.0
3378,H2,0.0,0.0,-0.0
3379,Li-Ion,0.0,0.0,-0.0
3379,CAES,0.0,0.0,-0.0
3379,PHS,0.0,0.0,-0.0
3379,H2,0.0,0.0,-0.0
3380,Li-Ion,0.0,0.0,-0.0
3380,CAES,0.0,0.0,-0.0
3380,PHS,0.0,0.0,-0.0
3380,H2,0.0,0.0,-0.0
3381,Li-Ion,0.0,0.0,-0.0
3381,CAES,0.0,0.0,-0.0
3381,PHS,0.0,0.0,-0.0
3381,H2,0.0,0.0,-0.0
3382,Li-Ion,0.0,0.0,-0.0
3382,CAES,0.0,0.0,-0.0
3382,PHS,0.0,0.0,-0.0
3382,H2,0.0,0.0,-0.0
3383,Li-Ion,0.0,0.0,-0.0
3383,CAES,0.0,0.0,-0.0
3383,PHS,0.0,0.0,-0.0
3383,H2,0.0,0.0,-0.0
3384,Li-Ion,0.0,0.0,-0.0
3384,CAES,0.0,0.0,-0.0
3384,PHS,0.0,0.0,-0.0
3384,H2,0.0,0.0,-0.0
3385,Li-Ion,0.0,0.0,-0.0
3385,CAES,0.0,0.0,-0.0
3385,PHS,0.0,0.0,-0.0
3385,H2,0.0,0.0,-0.0
3386,Li-Ion,0.0,0.0,-0.0
3386,CAES,0.0,0.0,-0.0
3386,PHS,0.0,0.0,-0.0
3386,H2,0.0,0.0,-0.0
3387,Li-Ion,0.0,0.0,-0.0
3387,CAES,0.0,0.0,-0.0
3387,PHS,0.0,0.0,-0.0
3387,H2,0.0,0.0,-0.0
3388,Li-Ion,0.0,0.0,-0.0
3388,CAES,0.0,0.0,-0.0
3388,PHS,0.0,0.0,-0.0
3388,H2,0.0,0.0,-0.0
3389,Li-Ion,0.0,0.0,-0.0
3389,CAES,0.0,0.0,-0.0
3389,PHS,0.0,0.0,-0.0
3389,H2,0.0,0.0,-0.0
3390,Li-Ion,0.0,0.0,-0.0
3390,CAES,0.0,0.0,-0.0
3390,PHS,0.0,0.0,-0.0
3390,H2,0.0,0.0,-0.0
3391,Li-Ion,0.0,0.0,-0.0
3391,CAES,0.0,0.0,-0.0
3391,PHS,0.0,0.0,-0.0
3391,H2,0.0,0.0,-0.0
3392,Li-Ion,0.0,0.0,-0.0
3392,CAES,0.0,0.0,-0.0
3392,PHS,0.0,0.0,-0.0
3392,H2,0.0,0.0,-0.0
3393,Li-Ion,0.0,0.0,-0.0
3393,CAES,0.0,0.0,-0.0
3393,PHS,0.0,0.0,-0.0
3393,H2,0.0,0.0,-0.0
3394,Li-Ion,0.0,0.0,-0.0
3394,CAES,0.0,0.0,-0.0
3394,PHS,0.0,0.0,-0.0
3394,H2,0.0,0.0,-0.0
3395,Li-Ion,0.0,0.0,-0.0
3395,CAES,0.0,0.0,-0.0
3395,PHS,0.0,0.0,-0.0
3395,H2,0.0,0.0,-0.0
3396,Li-Ion,0.0,0.0,-0.0
3396,CAES,0.0,0.0,-0.0
3396,PHS,0.0,0.0,-0.0
3396,H2,0.0,0.0,-0.0
3397,Li-Ion,0.0,0.0,-0.0
3397,CAES,0.0,0.0,-0.0
3397,PHS,0.0,0.0,-0.0
3397,H2,0.0,0.0,-0.0
3398,Li-Ion,0.0,0.0,-0.0
3398,CAES,0.0,0.0,-0.0
3398,PHS,0.0,0.0,-0.0
3398,H2,0.0,0.0,-0.0
3399,Li-Ion,0.0,0.0,-0.0
3399,CAES,0.0,0.0,-0.0
3399,PHS,0.0,0.0,-0.0
3399,H2,0.0,0.0,-0.0
3400,Li-Ion,0.0,0.0,-0.0
3400,CAES,0.0,0.0,-0.0
3400,PHS,0.0,0.0,-0.0
3400,H2,0.0,0.0,-0.0
3401,Li-Ion,0.0,0.0,-0.0
3401,CAES,0.0,0.0,-0.0
3401,PHS,0.0,0.0,-0.0
3401,H2,0.0,0.0,-0.0
3402,Li-Ion,0.0,0.0,-0.0
3402,CAES,0.0,0.0,-0.0
3402,PHS,0.0,0.0,-0.0
3402,H2,0.0,0.0,-0.0
3403,Li-Ion,0.0,0.0,-0.0
3403,CAES,0.0,0.0,-0.0
3403,PHS,0.0,0.0,-0.0
3403,H2,0.0,0.0,-0.0
3404,Li-Ion,0.0,0.0,-0.0
3404,CAES,0.0,0.0,-0.0
3404,PHS,0.0,0.0,-0.0
3404,H2,0.0,0.0,-0.0
3405,Li-Ion,0.0,0.0,-0.0
3405,CAES,0.0,0.0,-0.0
3405,PHS,0.0,0.0,-0.0
3405,H2,0.0,0.0,-0.0
3406,Li-Ion,0.0,0.0,-0.0
3406,CAES,0.0,0.0,-0.0
3406,PHS,0.0,0.0,-0.0
3406,H2,0.0,0.0,-0.0
3407,Li-Ion,0.0,0.0,-0.0
3407,CAES,0.0,0.0,-0.0
3407,PHS,0.0,0.0,-0.0
3407,H2,0.0,0.0,-0.0
3408,Li-Ion,0.0,0.0,-0.0
3408,CAES,0.0,0.0,-0.0
3408,PHS,0.0,0.0,-0.0
3408,H2,0.0,0.0,-0.0
3409,Li-Ion,0.0,0.0,-0.0
3409,CAES,0.0,0.0,-0.0
3409,PHS,0.0,0.0,-0.0
3409,H2,0.0,0.0,-0.0
3410,Li-Ion,0.0,0.0,-0.0
3410,CAES,0.0,0.0,-0.0
3410,PHS,0.0,0.0,-0.0
3410,H2,0.0,0.0,-0.0
3411,Li-Ion,0.0,0.0,-0.0
3411,CAES,0.0,0.0,-0.0
3411,PHS,0.0,0.0,-0.0
3411,H2,0.0,0.0,-0.0
3412,Li-Ion,0.0,0.0,-0.0
3412,CAES,0.0,0.0,-0.0
3412,PHS,0.0,0.0,-0.0
3412,H2,0.0,0.0,-0.0
3413,Li-Ion,0.0,0.0,-0.0
3413,CAES,0.0,0.0,-0.0
3413,PHS,0.0,0.0,-0.0
3413,H2,0.0,0.0,-0.0
3414,Li-Ion,0.0,0.0,-0.0
3414,CAES,0.0,0.0,-0.0
3414,PHS,0.0,0.0,-0.0
3414,H2,0.0,0.0,-0.0
3415,Li-Ion,0.0,0.0,-0.0
3415,CAES,0.0,0.0,-0.0
3415,PHS,0.0,0.0,-0.0
3415,H2,0.0,0.0,-0.0
3416,Li-Ion,0.0,0.0,-0.0
3416,CAES,0.0,0.0,-0.0
3416,PHS,0.0,0.0,-0.0
3416,H2,0.0,0.0,-0.0
3417,Li-Ion,0.0,0.0,-0.0
3417,CAES,0.0,0.0,-0.0
3417,PHS,0.0,0.0,-0.0
3417,H2,0.0,0.0,-0.0
3418,Li-Ion,0.0,0.0,-0.0
3418,CAES,0.0,0.0,-0.0
3418,PHS,0.0,0.0,-0.0
3418,H2,0.0,0.0,-0.0
3419,Li-Ion,0.0,0.0,-0.0
3419,CAES,0.0,0.0,-0.0
3419,PHS,0.0,0.0,-0.0
3419,H2,0.0,0.0,-0.0
3420,Li-Ion,0.0,0.0,-0.0
3420,CAES,0.0,0.0,-0.0
3420,PHS,0.0,0.0,-0.0
3420,H2,0.0,0.0,-0.0
3421,Li-Ion,0.0,0.0,-0.0
3421,CAES,0.0,0.0,-0.0
3421,PHS,0.0,0.0,-0.0
3421,H2,0.0,0.0,-0.0
3422,Li-Ion,0.0,0.0,-0.0
3422,CAES,0.0,0.0,-0.0
3422,PHS,0.0,0.0,-0.0
3422,H2,0.0,0.0,-0.0
3423,Li-Ion,0.0,0.0,-0.0
3423,CAES,0.0,0.0,-0.0
3423,PHS,0.0,0.0,-0.0
3423,H2,0.0,0.0,-0.0
3424,Li-Ion,0.0,0.0,-0.0
3424,CAES,0.0,0.0,-0.0
3424,PHS,0.0,0.0,-0.0
3424,H2,0.0,0.0,-0.0
3425,Li-Ion,0.0,0.0,-0.0
3425,CAES,0.0,0.0,-0.0
3425,PHS,0.0,0.0,-0.0
3425,H2,0.0,0.0,-0.0
3426,Li-Ion,0.0,0.0,-0.0
3426,CAES,0.0,0.0,-0.0
3426,PHS,0.0,0.0,-0.0
3426,H2,0.0,0.0,-0.0
3427,Li-Ion,0.0,0.0,-0.0
3427,CAES,0.0,0.0,-0.0
3427,PHS,0.0,0.0,-0.0
3427,H2,0.0,0.0,-0.0
3428,Li-Ion,0.0,0.0,-0.0
3428,CAES,0.0,0.0,-0.0
3428,PHS,0.0,0.0,-0.0
3428,H2,0.0,0.0,-0.0
3429,Li-Ion,0.0,0.0,-0.0
3429,CAES,0.0,0.0,-0.0
3429,PHS,0.0,0.0,-0.0
3429,H2,0.0,0.0,-0.0
3430,Li-Ion,0.0,0.0,-0.0
3430,CAES,0.0,0.0,-0.0
3430,PHS,0.0,0.0,-0.0
3430,H2,0.0,0.0,-0.0
3431,Li-Ion,0.0,0.0,-0.0
3431,CAES,0.0,0.0,-0.0
3431,PHS,0.0,0.0,-0.0
3431,H2,0.0,0.0,-0.0
3432,Li-Ion,0.0,0.0,-0.0
3432,CAES,0.0,0.0,-0.0
3432,PHS,0.0,0.0,-0.0
3432,H2,0.0,0.0,-0.0
3433,Li-Ion,0.0,0.0,-0.0
3433,CAES,0.0,0.0,-0.0
3433,PHS,0.0,0.0,-0.0
3433,H2,0.0,0.0,-0.0
3434,Li-Ion,0.0,0.0,-0.0
3434,CAES,0.0,0.0,-0.0
3434,PHS,0.0,0.0,-0.0
3434,H2,0.0,0.0,-0.0
3435,Li-Ion,0.0,0.0,-0.0
3435,CAES,0.0,0.0,-0.0
3435,PHS,0.0,0.0,-0.0
3435,H2,0.0,0.0,-0.0
3436,Li-Ion,0.0,0.0,-0.0
3436,CAES,0.0,0.0,-0.0
3436,PHS,0.0,0.0,-0.0
3436,H2,0.0,0.0,-0.0
3437,Li-Ion,0.0,0.0,-0.0
3437,CAES,0.0,0.0,-0.0
3437,PHS,0.0,0.0,-0.0
3437,H2,0.0,0.0,-0.0
3438,Li-Ion,0.0,0.0,-0.0
3438,CAES,0.0,0.0,-0.0
3438,PHS,0.0,0.0,-0.0
3438,H2,0.0,0.0,-0.0
3439,Li-Ion,0.0,0.0,-0.0
3439,CAES,0.0,0.0,-0.0
3439,PHS,0.0,0.0,-0.0
3439,H2,0.0,0.0,-0.0
3440,Li-Ion,0.0,0.0,-0.0
3440,CAES,0.0,0.0,-0.0
3440,PHS,0.0,0.0,-0.0
3440,H2,0.0,0.0,-0.0
3441,Li-Ion,0.0,0.0,-0.0
3441,CAES,0.0,0.0,-0.0
3441,PHS,0.0,0.0,-0.0
3441,H2,0.0,0.0,-0.0
3442,Li-Ion,0.0,0.0,-0.0
3442,CAES,0.0,0.0,-0.0
3442,PHS,0.0,0.0,-0.0
3442,H2,0.0,0.0,-0.0
3443,Li-Ion,0.0,0.0,-0.0
3443,CAES,0.0,0.0,-0.0
3443,PHS,0.0,0.0,-0.0
3443,H2,0.0,0.0,-0.0
3444,Li-Ion,0.0,0.0,-0.0
3444,CAES,0.0,0.0,-0.0
3444,PHS,0.0,0.0,-0.0
3444,H2,0.0,0.0,-0.0
3445,Li-Ion,0.0,0.0,-0.0
3445,CAES,0.0,0.0,-0.0
3445,PHS,0.0,0.0,-0.0
3445,H2,0.0,0.0,-0.0
3446,Li-Ion,0.0,0.0,-0.0
3446,CAES,0.0,0.0,-0.0
3446,PHS,0.0,0.0,-0.0
3446,H2,0.0,0.0,-0.0
3447,Li-Ion,0.0,0.0,-0.0
3447,CAES,0.0,0.0,-0.0
3447,PHS,0.0,0.0,-0.0
3447,H2,0.0,0.0,-0.0
3448,Li-Ion,0.0,0.0,-0.0
3448,CAES,0.0,0.0,-0.0
3448,PHS,0.0,0.0,-0.0
3448,H2,0.0,0.0,-0.0
3449,Li-Ion,0.0,0.0,-0.0
3449,CAES,0.0,0.0,-0.0
3449,PHS,0.0,0.0,-0.0
3449,H2,0.0,0.0,-0.0
3450,Li-Ion,0.0,0.0,-0.0
3450,CAES,0.0,0.0,-0.0
3450,PHS,0.0,0.0,-0.0
3450,H2,0.0,0.0,-0.0
3451,Li-Ion,0.0,0.0,-0.0
3451,CAES,0.0,0.0,-0.0
3451,PHS,0.0,0.0,-0.0
3451,H2,0.0,0.0,-0.0
3452,Li-Ion,0.0,0.0,-0.0
3452,CAES,0.0,0.0,-0.0
3452,PHS,0.0,0.0,-0.0
3452,H2,0.0,0.0,-0.0
3453,Li-Ion,0.0,0.0,-0.0
3453,CAES,0.0,0.0,-0.0
3453,PHS,0.0,0.0,-0.0
3453,H2,0.0,0.0,-0.0
3454,Li-Ion,0.0,0.0,-0.0
3454,CAES,0.0,0.0,-0.0
3454,PHS,0.0,0.0,-0.0
3454,H2,0.0,0.0,-0.0
3455,Li-Ion,0.0,0.0,-0.0
3455,CAES,0.0,0.0,-0.0
3455,PHS,0.0,0.0,-0.0
3455,H2,0.0,0.0,-0.0
3456,Li-Ion,0.0,0.0,-0.0
3456,CAES,0.0,0.0,-0.0
3456,PHS,0.0,0.0,-0.0
3456,H2,0.0,0.0,-0.0
3457,Li-Ion,0.0,0.0,-0.0
3457,CAES,0.0,0.0,-0.0
3457,PHS,0.0,0.0,-0.0
3457,H2,0.0,0.0,-0.0
3458,Li-Ion,0.0,0.0,-0.0
3458,CAES,0.0,0.0,-0.0
3458,PHS,0.0,0.0,-0.0
3458,H2,0.0,0.0,-0.0
3459,Li-Ion,0.0,0.0,-0.0
3459,CAES,0.0,0.0,-0.0
3459,PHS,0.0,0.0,-0.0
3459,H2,0.0,0.0,-0.0
3460,Li-Ion,0.0,0.0,-0.0
3460,CAES,0.0,0.0,-0.0
3460,PHS,0.0,0.0,-0.0
3460,H2,0.0,0.0,-0.0
3461,Li-Ion,0.0,0.0,-0.0
3461,CAES,0.0,0.0,-0.0
3461,PHS,0.0,0.0,-0.0
3461,H2,0.0,0.0,-0.0
3462,Li-Ion,0.0,0.0,-0.0
3462,CAES,0.0,0.0,-0.0
3462,PHS,0.0,0.0,-0.0
3462,H2,0.0,0.0,-0.0
3463,Li-Ion,0.0,0.0,-0.0
3463,CAES,0.0,0.0,-0.0
3463,PHS,0.0,0.0,-0.0
3463,H2,0.0,0.0,-0.0
3464,Li-Ion,0.0,0.0,-0.0
3464,CAES,0.0,0.0,-0.0
3464,PHS,0.0,0.0,-0.0
3464,H2,0.0,0.0,-0.0
3465,Li-Ion,0.0,0.0,-0.0
3465,CAES,0.0,0.0,-0.0
3465,PHS,0.0,0.0,-0.0
3465,H2,0.0,0.0,-0.0
3466,Li-Ion,0.0,0.0,-0.0
3466,CAES,0.0,0.0,-0.0
3466,PHS,0.0,0.0,-0.0
3466,H2,0.0,0.0,-0.0
3467,Li-Ion,0.0,0.0,-0.0
3467,CAES,0.0,0.0,-0.0
3467,PHS,0.0,0.0,-0.0
3467,H2,0.0,0.0,-0.0
3468,Li-Ion,0.0,0.0,-0.0
3468,CAES,0.0,0.0,-0.0
3468,PHS,0.0,0.0,-0.0
3468,H2,0.0,0.0,-0.0
3469,Li-Ion,0.0,0.0,-0.0
3469,CAES,0.0,0.0,-0.0
3469,PHS,0.0,0.0,-0.0
3469,H2,0.0,0.0,-0.0
3470,Li-Ion,0.0,0.0,-0.0
3470,CAES,0.0,0.0,-0.0
3470,PHS,0.0,0.0,-0.0
3470,H2,0.0,0.0,-0.0
3471,Li-Ion,0.0,0.0,-0.0
3471,CAES,0.0,0.0,-0.0
3471,PHS,0.0,0.0,-0.0
3471,H2,0.0,0.0,-0.0
3472,Li-Ion,0.0,0.0,-0.0
3472,CAES,0.0,0.0,-0.0
3472,PHS,0.0,0.0,-0.0
3472,H2,0.0,0.0,-0.0
3473,Li-Ion,0.0,0.0,-0.0
3473,CAES,0.0,0.0,-0.0
3473,PHS,0.0,0.0,-0.0
3473,H2,0.0,0.0,-0.0
3474,Li-Ion,0.0,0.0,-0.0
3474,CAES,0.0,0.0,-0.0
3474,PHS,0.0,0.0,-0.0
3474,H2,0.0,0.0,-0.0
3475,Li-Ion,0.0,0.0,-0.0
3475,CAES,0.0,0.0,-0.0
3475,PHS,0.0,0.0,-0.0
3475,H2,0.0,0.0,-0.0
3476,Li-Ion,0.0,0.0,-0.0
3476,CAES,0.0,0.0,-0.0
3476,PHS,0.0,0.0,-0.0
3476,H2,0.0,0.0,-0.0
3477,Li-Ion,0.0,0.0,-0.0
3477,CAES,0.0,0.0,-0.0
3477,PHS,0.0,0.0,-0.0
3477,H2,0.0,0.0,-0.0
3478,Li-Ion,0.0,0.0,-0.0
3478,CAES,0.0,0.0,-0.0
3478,PHS,0.0,0.0,-0.0
3478,H2,0.0,0.0,-0.0
3479,Li-Ion,0.0,0.0,-0.0
3479,CAES,0.0,0.0,-0.0
3479,PHS,0.0,0.0,-0.0
3479,H2,0.0,0.0,-0.0
3480,Li-Ion,0.0,0.0,-0.0
3480,CAES,0.0,0.0,-0.0
3480,PHS,0.0,0.0,-0.0
3480,H2,0.0,0.0,-0.0
3481,Li-Ion,0.0,0.0,-0.0
3481,CAES,0.0,0.0,-0.0
3481,PHS,0.0,0.0,-0.0
3481,H2,0.0,0.0,-0.0
3482,Li-Ion,0.0,0.0,-0.0
3482,CAES,0.0,0.0,-0.0
3482,PHS,0.0,0.0,-0.0
3482,H2,0.0,0.0,-0.0
3483,Li-Ion,0.0,0.0,-0.0
3483,CAES,0.0,0.0,-0.0
3483,PHS,0.0,0.0,-0.0
3483,H2,0.0,0.0,-0.0
3484,Li-Ion,0.0,0.0,-0.0
3484,CAES,0.0,0.0,-0.0
3484,PHS,0.0,0.0,-0.0
3484,H2,0.0,0.0,-0.0
3485,Li-Ion,0.0,0.0,-0.0
3485,CAES,0.0,0.0,-0.0
3485,PHS,0.0,0.0,-0.0
3485,H2,0.0,0.0,-0.0
3486,Li-Ion,0.0,0.0,-0.0
3486,CAES,0.0,0.0,-0.0
3486,PHS,0.0,0.0,-0.0
3486,H2,0.0,0.0,-0.0
3487,Li-Ion,0.0,0.0,-0.0
3487,CAES,0.0,0.0,-0.0
3487,PHS,0.0,0.0,-0.0
3487,H2,0.0,0.0,-0.0
3488,Li-Ion,0.0,0.0,-0.0
3488,CAES,0.0,0.0,-0.0
3488,PHS,0.0,0.0,-0.0
3488,H2,0.0,0.0,-0.0
3489,Li-Ion,0.0,0.0,-0.0
3489,CAES,0.0,0.0,-0.0
3489,PHS,0.0,0.0,-0.0
3489,H2,0.0,0.0,-0.0
3490,Li-Ion,0.0,0.0,-0.0
3490,CAES,0.0,0.0,-0.0
3490,PHS,0.0,0.0,-0.0
3490,H2,0.0,0.0,-0.0
3491,Li-Ion,0.0,0.0,-0.0
3491,CAES,0.0,0.0,-0.0
3491,PHS,0.0,0.0,-0.0
3491,H2,0.0,0.0,-0.0
3492,Li-Ion,0.0,0.0,-0.0
3492,CAES,0.0,0.0,-0.0
3492,PHS,0.0,0.0,-0.0
3492,H2,0.0,0.0,-0.0
3493,Li-Ion,0.0,0.0,-0.0
3493,CAES,0.0,0.0,-0.0
3493,PHS,0.0,0.0,-0.0
3493,H2,0.0,0.0,-0.0
3494,Li-Ion,0.0,0.0,-0.0
3494,CAES,0.0,0.0,-0.0
3494,PHS,0.0,0.0,-0.0
3494,H2,0.0,0.0,-0.0
3495,Li-Ion,0.0,0.0,-0.0
3495,CAES,0.0,0.0,-0.0
3495,PHS,0.0,0.0,-0.0
3495,H2,0.0,0.0,-0.0
3496,Li-Ion,0.0,0.0,-0.0
3496,CAES,0.0,0.0,-0.0
3496,PHS,0.0,0.0,-0.0
3496,H2,0.0,0.0,-0.0
3497,Li-Ion,0.0,0.0,-0.0
3497,CAES,0.0,0.0,-0.0
3497,PHS,0.0,0.0,-0.0
3497,H2,0.0,0.0,-0.0
3498,Li-Ion,0.0,0.0,-0.0
3498,CAES,0.0,0.0,-0.0
3498,PHS,0.0,0.0,-0.0
3498,H2,0.0,0.0,-0.0
3499,Li-Ion,0.0,0.0,-0.0
3499,CAES,0.0,0.0,-0.0
3499,PHS,0.0,0.0,-0.0
3499,H2,0.0,0.0,-0.0
3500,Li-Ion,0.0,0.0,-0.0
3500,CAES,0.0,0.0,-0.0
3500,PHS,0.0,0.0,-0.0
3500,H2,0.0,0.0,-0.0
3501,Li-Ion,0.0,0.0,-0.0
3501,CAES,0.0,0.0,-0.0
3501,PHS,0.0,0.0,-0.0
3501,H2,0.0,0.0,-0.0
3502,Li-Ion,0.0,0.0,-0.0
3502,CAES,0.0,0.0,-0.0
3502,PHS,0.0,0.0,-0.0
3502,H2,0.0,0.0,-0.0
3503,Li-Ion,0.0,0.0,-0.0
3503,CAES,0.0,0.0,-0.0
3503,PHS,0.0,0.0,-0.0
3503,H2,0.0,0.0,-0.0
3504,Li-Ion,0.0,0.0,-0.0
3504,CAES,0.0,0.0,-0.0
3504,PHS,0.0,0.0,-0.0
3504,H2,0.0,0.0,-0.0
3505,Li-Ion,0.0,0.0,-0.0
3505,CAES,0.0,0.0,-0.0
3505,PHS,0.0,0.0,-0.0
3505,H2,0.0,0.0,-0.0
3506,Li-Ion,0.0,0.0,-0.0
3506,CAES,0.0,0.0,-0.0
3506,PHS,0.0,0.0,-0.0
3506,H2,0.0,0.0,-0.0
3507,Li-Ion,0.0,0.0,-0.0
3507,CAES,0.0,0.0,-0.0
3507,PHS,0.0,0.0,-0.0
3507,H2,0.0,0.0,-0.0
3508,Li-Ion,0.0,0.0,-0.0
3508,CAES,0.0,0.0,-0.0
3508,PHS,0.0,0.0,-0.0
3508,H2,0.0,0.0,-0.0
3509,Li-Ion,0.0,0.0,-0.0
3509,CAES,0.0,0.0,-0.0
3509,PHS,0.0,0.0,-0.0
3509,H2,0.0,0.0,-0.0
3510,Li-Ion,0.0,0.0,-0.0
3510,CAES,0.0,0.0,-0.0
3510,PHS,0.0,0.0,-0.0
3510,H2,0.0,0.0,-0.0
3511,Li-Ion,0.0,0.0,-0.0
3511,CAES,0.0,0.0,-0.0
3511,PHS,0.0,0.0,-0.0
3511,H2,0.0,0.0,-0.0
3512,Li-Ion,0.0,0.0,-0.0
3512,CAES,0.0,0.0,-0.0
3512,PHS,0.0,0.0,-0.0
3512,H2,0.0,0.0,-0.0
3513,Li-Ion,0.0,0.0,-0.0
3513,CAES,0.0,0.0,-0.0
3513,PHS,0.0,0.0,-0.0
3513,H2,0.0,0.0,-0.0
3514,Li-Ion,0.0,0.0,-0.0
3514,CAES,0.0,0.0,-0.0
3514,PHS,0.0,0.0,-0.0
3514,H2,0.0,0.0,-0.0
3515,Li-Ion,0.0,0.0,-0.0
3515,CAES,0.0,0.0,-0.0
3515,PHS,0.0,0.0,-0.0
3515,H2,0.0,0.0,-0.0
3516,Li-Ion,0.0,0.0,-0.0
3516,CAES,0.0,0.0,-0.0
3516,PHS,0.0,0.0,-0.0
3516,H2,0.0,0.0,-0.0
3517,Li-Ion,0.0,0.0,-0.0
3517,CAES,0.0,0.0,-0.0
3517,PHS,0.0,0.0,-0.0
3517,H2,0.0,0.0,-0.0
3518,Li-Ion,0.0,0.0,-0.0
3518,CAES,0.0,0.0,-0.0
3518,PHS,0.0,0.0,-0.0
3518,H2,0.0,0.0,-0.0
3519,Li-Ion,0.0,0.0,-0.0
3519,CAES,0.0,0.0,-0.0
3519,PHS,0.0,0.0,-0.0
3519,H2,0.0,0.0,-0.0
3520,Li-Ion,0.0,0.0,-0.0
3520,CAES,0.0,0.0,-0.0
3520,PHS,0.0,0.0,-0.0
3520,H2,0.0,0.0,-0.0
3521,Li-Ion,0.0,0.0,-0.0
3521,CAES,0.0,0.0,-0.0
3521,PHS,0.0,0.0,-0.0
3521,H2,0.0,0.0,-0.0
3522,Li-Ion,0.0,0.0,-0.0
3522,CAES,0.0,0.0,-0.0
3522,PHS,0.0,0.0,-0.0
3522,H2,0.0,0.0,-0.0
3523,Li-Ion,0.0,0.0,-0.0
3523,CAES,0.0,0.0,-0.0
3523,PHS,0.0,0.0,-0.0
3523,H2,0.0,0.0,-0.0
3524,Li-Ion,0.0,0.0,-0.0
3524,CAES,0.0,0.0,-0.0
3524,PHS,0.0,0.0,-0.0
3524,H2,0.0,0.0,-0.0
3525,Li-Ion,0.0,0.0,-0.0
3525,CAES,0.0,0.0,-0.0
3525,PHS,0.0,0.0,-0.0
3525,H2,0.0,0.0,-0.0
3526,Li-Ion,0.0,0.0,-0.0
3526,CAES,0.0,0.0,-0.0
3526,PHS,0.0,0.0,-0.0
3526,H2,0.0,0.0,-0.0
3527,Li-Ion,0.0,0.0,-0.0
3527,CAES,0.0,0.0,-0.0
3527,PHS,0.0,0.0,-0.0
3527,H2,0.0,0.0,-0.0
3528,Li-Ion,0.0,0.0,-0.0
3528,CAES,0.0,0.0,-0.0
3528,PHS,0.0,0.0,-0.0
3528,H2,0.0,0.0,-0.0
3529,Li-Ion,0.0,0.0,-0.0
3529,CAES,0.0,0.0,-0.0
3529,PHS,0.0,0.0,-0.0
3529,H2,0.0,0.0,-0.0
3530,Li-Ion,0.0,0.0,-0.0
3530,CAES,0.0,0.0,-0.0
3530,PHS,0.0,0.0,-0.0
3530,H2,0.0,0.0,-0.0
3531,Li-Ion,0.0,0.0,-0.0
3531,CAES,0.0,0.0,-0.0
3531,PHS,0.0,0.0,-0.0
3531,H2,0.0,0.0,-0.0
3532,Li-Ion,0.0,0.0,-0.0
3532,CAES,0.0,0.0,-0.0
3532,PHS,0.0,0.0,-0.0
3532,H2,0.0,0.0,-0.0
3533,Li-Ion,0.0,0.0,-0.0
3533,CAES,0.0,0.0,-0.0
3533,PHS,0.0,0.0,-0.0
3533,H2,0.0,0.0,-0.0
3534,Li-Ion,0.0,0.0,-0.0
3534,CAES,0.0,0.0,-0.0
3534,PHS,0.0,0.0,-0.0
3534,H2,0.0,0.0,-0.0
3535,Li-Ion,0.0,0.0,-0.0
3535,CAES,0.0,0.0,-0.0
3535,PHS,0.0,0.0,-0.0
3535,H2,0.0,0.0,-0.0
3536,Li-Ion,0.0,0.0,-0.0
3536,CAES,0.0,0.0,-0.0
3536,PHS,0.0,0.0,-0.0
3536,H2,0.0,0.0,-0.0
3537,Li-Ion,0.0,0.0,-0.0
3537,CAES,0.0,0.0,-0.0
3537,PHS,0.0,0.0,-0.0
3537,H2,0.0,0.0,-0.0
3538,Li-Ion,0.0,0.0,-0.0
3538,CAES,0.0,0.0,-0.0
3538,PHS,0.0,0.0,-0.0
3538,H2,0.0,0.0,-0.0
3539,Li-Ion,0.0,0.0,-0.0
3539,CAES,0.0,0.0,-0.0
3539,PHS,0.0,0.0,-0.0
3539,H2,0.0,0.0,-0.0
3540,Li-Ion,0.0,0.0,-0.0
3540,CAES,0.0,0.0,-0.0
3540,PHS,0.0,0.0,-0.0
3540,H2,0.0,0.0,-0.0
3541,Li-Ion,0.0,0.0,-0.0
3541,CAES,0.0,0.0,-0.0
3541,PHS,0.0,0.0,-0.0
3541,H2,0.0,0.0,-0.0
3542,Li-Ion,0.0,0.0,-0.0
3542,CAES,0.0,0.0,-0.0
3542,PHS,0.0,0.0,-0.0
3542,H2,0.0,0.0,-0.0
3543,Li-Ion,0.0,0.0,-0.0
3543,CAES,0.0,0.0,-0.0
3543,PHS,0.0,0.0,-0.0
3543,H2,0.0,0.0,-0.0
3544,Li-Ion,0.0,0.0,-0.0
3544,CAES,0.0,0.0,-0.0
3544,PHS,0.0,0.0,-0.0
3544,H2,0.0,0.0,-0.0
3545,Li-Ion,0.0,0.0,-0.0
3545,CAES,0.0,0.0,-0.0
3545,PHS,0.0,0.0,-0.0
3545,H2,0.0,0.0,-0.0
3546,Li-Ion,0.0,0.0,-0.0
3546,CAES,0.0,0.0,-0.0
3546,PHS,0.0,0.0,-0.0
3546,H2,0.0,0.0,-0.0
3547,Li-Ion,0.0,0.0,-0.0
3547,CAES,0.0,0.0,-0.0
3547,PHS,0.0,0.0,-0.0
3547,H2,0.0,0.0,-0.0
3548,Li-Ion,0.0,0.0,-0.0
3548,CAES,0.0,0.0,-0.0
3548,PHS,0.0,0.0,-0.0
3548,H2,0.0,0.0,-0.0
3549,Li-Ion,0.0,0.0,-0.0
3549,CAES,0.0,0.0,-0.0
3549,PHS,0.0,0.0,-0.0
3549,H2,0.0,0.0,-0.0
3550,Li-Ion,0.0,0.0,-0.0
3550,CAES,0.0,0.0,-0.0
3550,PHS,0.0,0.0,-0.0
3550,H2,0.0,0.0,-0.0
3551,Li-Ion,0.0,0.0,-0.0
3551,CAES,0.0,0.0,-0.0
3551,PHS,0.0,0.0,-0.0
3551,H2,0.0,0.0,-0.0
3552,Li-Ion,0.0,0.0,-0.0
3552,CAES,0.0,0.0,-0.0
3552,PHS,0.0,0.0,-0.0
3552,H2,0.0,0.0,-0.0
3553,Li-Ion,0.0,0.0,-0.0
3553,CAES,0.0,0.0,-0.0
3553,PHS,0.0,0.0,-0.0
3553,H2,0.0,0.0,-0.0
3554,Li-Ion,0.0,0.0,-0.0
3554,CAES,0.0,0.0,-0.0
3554,PHS,0.0,0.0,-0.0
3554,H2,0.0,0.0,-0.0
3555,Li-Ion,0.0,0.0,-0.0
3555,CAES,0.0,0.0,-0.0
3555,PHS,0.0,0.0,-0.0
3555,H2,0.0,0.0,-0.0
3556,Li-Ion,0.0,0.0,-0.0
3556,CAES,0.0,0.0,-0.0
3556,PHS,0.0,0.0,-0.0
3556,H2,0.0,0.0,-0.0
3557,Li-Ion,0.0,0.0,-0.0
3557,CAES,0.0,0.0,-0.0
3557,PHS,0.0,0.0,-0.0
3557,H2,0.0,0.0,-0.0
3558,Li-Ion,0.0,0.0,-0.0
3558,CAES,0.0,0.0,-0.0
3558,PHS,0.0,0.0,-0.0
3558,H2,0.0,0.0,-0.0
3559,Li-Ion,0.0,0.0,-0.0
3559,CAES,0.0,0.0,-0.0
3559,PHS,0.0,0.0,-0.0
3559,H2,0.0,0.0,-0.0
3560,Li-Ion,0.0,0.0,-0.0
3560,CAES,0.0,0.0,-0.0
3560,PHS,0.0,0.0,-0.0
3560,H2,0.0,0.0,-0.0
3561,Li-Ion,0.0,0.0,-0.0
3561,CAES,0.0,0.0,-0.0
3561,PHS,0.0,0.0,-0.0
3561,H2,0.0,0.0,-0.0
3562,Li-Ion,0.0,0.0,-0.0
3562,CAES,0.0,0.0,-0.0
3562,PHS,0.0,0.0,-0.0
3562,H2,0.0,0.0,-0.0
3563,Li-Ion,0.0,0.0,-0.0
3563,CAES,0.0,0.0,-0.0
3563,PHS,0.0,0.0,-0.0
3563,H2,0.0,0.0,-0.0
3564,Li-Ion,0.0,0.0,-0.0
3564,CAES,0.0,0.0,-0.0
3564,PHS,0.0,0.0,-0.0
3564,H2,0.0,0.0,-0.0
3565,Li-Ion,0.0,0.0,-0.0
3565,CAES,0.0,0.0,-0.0
3565,PHS,0.0,0.0,-0.0
3565,H2,0.0,0.0,-0.0
3566,Li-Ion,0.0,0.0,-0.0
3566,CAES,0.0,0.0,-0.0
3566,PHS,0.0,0.0,-0.0
3566,H2,0.0,0.0,-0.0
3567,Li-Ion,0.0,0.0,-0.0
3567,CAES,0.0,0.0,-0.0
3567,PHS,0.0,0.0,-0.0
3567,H2,0.0,0.0,-0.0
3568,Li-Ion,0.0,0.0,-0.0
3568,CAES,0.0,0.0,-0.0
3568,PHS,0.0,0.0,-0.0
3568,H2,0.0,0.0,-0.0
3569,Li-Ion,0.0,0.0,-0.0
3569,CAES,0.0,0.0,-0.0
3569,PHS,0.0,0.0,-0.0
3569,H2,0.0,0.0,-0.0
3570,Li-Ion,0.0,0.0,-0.0
3570,CAES,0.0,0.0,-0.0
3570,PHS,0.0,0.0,-0.0
3570,H2,0.0,0.0,-0.0
3571,Li-Ion,0.0,0.0,-0.0
3571,CAES,0.0,0.0,-0.0
3571,PHS,0.0,0.0,-0.0
3571,H2,0.0,0.0,-0.0
3572,Li-Ion,0.0,0.0,-0.0
3572,CAES,0.0,0.0,-0.0
3572,PHS,0.0,0.0,-0.0
3572,H2,0.0,0.0,-0.0
3573,Li-Ion,0.0,0.0,-0.0
3573,CAES,0.0,0.0,-0.0
3573,PHS,0.0,0.0,-0.0
3573,H2,0.0,0.0,-0.0
3574,Li-Ion,0.0,0.0,-0.0
3574,CAES,0.0,0.0,-0.0
3574,PHS,0.0,0.0,-0.0
3574,H2,0.0,0.0,-0.0
3575,Li-Ion,0.0,0.0,-0.0
3575,CAES,0.0,0.0,-0.0
3575,PHS,0.0,0.0,-0.0
3575,H2,0.0,0.0,-0.0
3576,Li-Ion,0.0,0.0,-0.0
3576,CAES,0.0,0.0,-0.0
3576,PHS,0.0,0.0,-0.0
3576,H2,0.0,0.0,-0.0
3577,Li-Ion,0.0,0.0,-0.0
3577,CAES,0.0,0.0,-0.0
3577,PHS,0.0,0.0,-0.0
3577,H2,0.0,0.0,-0.0
3578,Li-Ion,0.0,0.0,-0.0
3578,CAES,0.0,0.0,-0.0
3578,PHS,0.0,0.0,-0.0
3578,H2,0.0,0.0,-0.0
3579,Li-Ion,0.0,0.0,-0.0
3579,CAES,0.0,0.0,-0.0
3579,PHS,0.0,0.0,-0.0
3579,H2,0.0,0.0,-0.0
3580,Li-Ion,0.0,0.0,-0.0
3580,CAES,0.0,0.0,-0.0
3580,PHS,0.0,0.0,-0.0
3580,H2,0.0,0.0,-0.0
3581,Li-Ion,0.0,0.0,-0.0
3581,CAES,0.0,0.0,-0.0
3581,PHS,0.0,0.0,-0.0
3581,H2,0.0,0.0,-0.0
3582,Li-Ion,0.0,0.0,-0.0
3582,CAES,0.0,0.0,-0.0
3582,PHS,0.0,0.0,-0.0
3582,H2,0.0,0.0,-0.0
3583,Li-Ion,0.0,0.0,-0.0
3583,CAES,0.0,0.0,-0.0
3583,PHS,0.0,0.0,-0.0
3583,H2,0.0,0.0,-0.0
3584,Li-Ion,0.0,0.0,-0.0
3584,CAES,0.0,0.0,-0.0
3584,PHS,0.0,0.0,-0.0
3584,H2,0.0,0.0,-0.0
3585,Li-Ion,0.0,0.0,-0.0
3585,CAES,0.0,0.0,-0.0
3585,PHS,0.0,0.0,-0.0
3585,H2,0.0,0.0,-0.0
3586,Li-Ion,0.0,0.0,-0.0
3586,CAES,0.0,0.0,-0.0
3586,PHS,0.0,0.0,-0.0
3586,H2,0.0,0.0,-0.0
3587,Li-Ion,0.0,0.0,-0.0
3587,CAES,0.0,0.0,-0.0
3587,PHS,0.0,0.0,-0.0
3587,H2,0.0,0.0,-0.0
3588,Li-Ion,0.0,0.0,-0.0
3588,CAES,0.0,0.0,-0.0
3588,PHS,0.0,0.0,-0.0
3588,H2,0.0,0.0,-0.0
3589,Li-Ion,0.0,0.0,-0.0
3589,CAES,0.0,0.0,-0.0
3589,PHS,0.0,0.0,-0.0
3589,H2,0.0,0.0,-0.0
3590,Li-Ion,0.0,0.0,-0.0
3590,CAES,0.0,0.0,-0.0
3590,PHS,0.0,0.0,-0.0
3590,H2,0.0,0.0,-0.0
3591,Li-Ion,0.0,0.0,-0.0
3591,CAES,0.0,0.0,-0.0
3591,PHS,0.0,0.0,-0.0
3591,H2,0.0,0.0,-0.0
3592,Li-Ion,0.0,0.0,-0.0
3592,CAES,0.0,0.0,-0.0
3592,PHS,0.0,0.0,-0.0
3592,H2,0.0,0.0,-0.0
3593,Li-Ion,0.0,0.0,-0.0
3593,CAES,0.0,0.0,-0.0
3593,PHS,0.0,0.0,-0.0
3593,H2,0.0,0.0,-0.0
3594,Li-Ion,0.0,0.0,-0.0
3594,CAES,0.0,0.0,-0.0
3594,PHS,0.0,0.0,-0.0
3594,H2,0.0,0.0,-0.0
3595,Li-Ion,0.0,0.0,-0.0
3595,CAES,0.0,0.0,-0.0
3595,PHS,0.0,0.0,-0.0
3595,H2,0.0,0.0,-0.0
3596,Li-Ion,0.0,0.0,-0.0
3596,CAES,0.0,0.0,-0.0
3596,PHS,0.0,0.0,-0.0
3596,H2,0.0,0.0,-0.0
3597,Li-Ion,0.0,0.0,-0.0
3597,CAES,0.0,0.0,-0.0
3597,PHS,0.0,0.0,-0.0
3597,H2,0.0,0.0,-0.0
3598,Li-Ion,0.0,0.0,-0.0
3598,CAES,0.0,0.0,-0.0
3598,PHS,0.0,0.0,-0.0
3598,H2,0.0,0.0,-0.0
3599,Li-Ion,0.0,0.0,-0.0
3599,CAES,0.0,0.0,-0.0
3599,PHS,0.0,0.0,-0.0
3599,H2,0.0,0.0,-0.0
3600,Li-Ion,0.0,0.0,-0.0
3600,CAES,0.0,0.0,-0.0
3600,PHS,0.0,0.0,-0.0
3600,H2,0.0,0.0,-0.0
3601,Li-Ion,0.0,0.0,-0.0
3601,CAES,0.0,0.0,-0.0
3601,PHS,0.0,0.0,-0.0
3601,H2,0.0,0.0,-0.0
3602,Li-Ion,0.0,0.0,-0.0
3602,CAES,0.0,0.0,-0.0
3602,PHS,0.0,0.0,-0.0
3602,H2,0.0,0.0,-0.0
3603,Li-Ion,0.0,0.0,-0.0
3603,CAES,0.0,0.0,-0.0
3603,PHS,0.0,0.0,-0.0
3603,H2,0.0,0.0,-0.0
3604,Li-Ion,0.0,0.0,-0.0
3604,CAES,0.0,0.0,-0.0
3604,PHS,0.0,0.0,-0.0
3604,H2,0.0,0.0,-0.0
3605,Li-Ion,0.0,0.0,-0.0
3605,CAES,0.0,0.0,-0.0
3605,PHS,0.0,0.0,-0.0
3605,H2,0.0,0.0,-0.0
3606,Li-Ion,0.0,0.0,-0.0
3606,CAES,0.0,0.0,-0.0
3606,PHS,0.0,0.0,-0.0
3606,H2,0.0,0.0,-0.0
3607,Li-Ion,0.0,0.0,-0.0
3607,CAES,0.0,0.0,-0.0
3607,PHS,0.0,0.0,-0.0
3607,H2,0.0,0.0,-0.0
3608,Li-Ion,0.0,0.0,-0.0
3608,CAES,0.0,0.0,-0.0
3608,PHS,0.0,0.0,-0.0
3608,H2,0.0,0.0,-0.0
3609,Li-Ion,0.0,0.0,-0.0
3609,CAES,0.0,0.0,-0.0
3609,PHS,0.0,0.0,-0.0
3609,H2,0.0,0.0,-0.0
3610,Li-Ion,0.0,0.0,-0.0
3610,CAES,0.0,0.0,-0.0
3610,PHS,0.0,0.0,-0.0
3610,H2,0.0,0.0,-0.0
3611,Li-Ion,0.0,0.0,-0.0
3611,CAES,0.0,0.0,-0.0
3611,PHS,0.0,0.0,-0.0
3611,H2,0.0,0.0,-0.0
3612,Li-Ion,0.0,0.0,-0.0
3612,CAES,0.0,0.0,-0.0
3612,PHS,0.0,0.0,-0.0
3612,H2,0.0,0.0,-0.0
3613,Li-Ion,0.0,0.0,-0.0
3613,CAES,0.0,0.0,-0.0
3613,PHS,0.0,0.0,-0.0
3613,H2,0.0,0.0,-0.0
3614,Li-Ion,0.0,0.0,-0.0
3614,CAES,0.0,0.0,-0.0
3614,PHS,0.0,0.0,-0.0
3614,H2,0.0,0.0,-0.0
3615,Li-Ion,0.0,0.0,-0.0
3615,CAES,0.0,0.0,-0.0
3615,PHS,0.0,0.0,-0.0
3615,H2,0.0,0.0,-0.0
3616,Li-Ion,0.0,0.0,-0.0
3616,CAES,0.0,0.0,-0.0
3616,PHS,0.0,0.0,-0.0
3616,H2,0.0,0.0,-0.0
3617,Li-Ion,0.0,0.0,-0.0
3617,CAES,0.0,0.0,-0.0
3617,PHS,0.0,0.0,-0.0
3617,H2,0.0,0.0,-0.0
3618,Li-Ion,0.0,0.0,-0.0
3618,CAES,0.0,0.0,-0.0
3618,PHS,0.0,0.0,-0.0
3618,H2,0.0,0.0,-0.0
3619,Li-Ion,0.0,0.0,-0.0
3619,CAES,0.0,0.0,-0.0
3619,PHS,0.0,0.0,-0.0
3619,H2,0.0,0.0,-0.0
3620,Li-Ion,0.0,0.0,-0.0
3620,CAES,0.0,0.0,-0.0
3620,PHS,0.0,0.0,-0.0
3620,H2,0.0,0.0,-0.0
3621,Li-Ion,0.0,0.0,-0.0
3621,CAES,0.0,0.0,-0.0
3621,PHS,0.0,0.0,-0.0
3621,H2,0.0,0.0,-0.0
3622,Li-Ion,0.0,0.0,-0.0
3622,CAES,0.0,0.0,-0.0
3622,PHS,0.0,0.0,-0.0
3622,H2,0.0,0.0,-0.0
3623,Li-Ion,0.0,0.0,-0.0
3623,CAES,0.0,0.0,-0.0
3623,PHS,0.0,0.0,-0.0
3623,H2,0.0,0.0,-0.0
3624,Li-Ion,0.0,0.0,-0.0
3624,CAES,0.0,0.0,-0.0
3624,PHS,0.0,0.0,-0.0
3624,H2,0.0,0.0,-0.0
3625,Li-Ion,0.0,0.0,-0.0
3625,CAES,0.0,0.0,-0.0
3625,PHS,0.0,0.0,-0.0
3625,H2,0.0,0.0,-0.0
3626,Li-Ion,0.0,0.0,-0.0
3626,CAES,0.0,0.0,-0.0
3626,PHS,0.0,0.0,-0.0
3626,H2,0.0,0.0,-0.0
3627,Li-Ion,0.0,0.0,-0.0
3627,CAES,0.0,0.0,-0.0
3627,PHS,0.0,0.0,-0.0
3627,H2,0.0,0.0,-0.0
3628,Li-Ion,0.0,0.0,-0.0
3628,CAES,0.0,0.0,-0.0
3628,PHS,0.0,0.0,-0.0
3628,H2,0.0,0.0,-0.0
3629,Li-Ion,0.0,0.0,-0.0
3629,CAES,0.0,0.0,-0.0
3629,PHS,0.0,0.0,-0.0
3629,H2,0.0,0.0,-0.0
3630,Li-Ion,0.0,0.0,-0.0
3630,CAES,0.0,0.0,-0.0
3630,PHS,0.0,0.0,-0.0
3630,H2,0.0,0.0,-0.0
3631,Li-Ion,0.0,0.0,-0.0
3631,CAES,0.0,0.0,-0.0
3631,PHS,0.0,0.0,-0.0
3631,H2,0.0,0.0,-0.0
3632,Li-Ion,0.0,0.0,-0.0
3632,CAES,0.0,0.0,-0.0
3632,PHS,0.0,0.0,-0.0
3632,H2,0.0,0.0,-0.0
3633,Li-Ion,0.0,0.0,-0.0
3633,CAES,0.0,0.0,-0.0
3633,PHS,0.0,0.0,-0.0
3633,H2,0.0,0.0,-0.0
3634,Li-Ion,0.0,0.0,-0.0
3634,CAES,0.0,0.0,-0.0
3634,PHS,0.0,0.0,-0.0
3634,H2,0.0,0.0,-0.0
3635,Li-Ion,0.0,0.0,-0.0
3635,CAES,0.0,0.0,-0.0
3635,PHS,0.0,0.0,-0.0
3635,H2,0.0,0.0,-0.0
3636,Li-Ion,0.0,0.0,-0.0
3636,CAES,0.0,0.0,-0.0
3636,PHS,0.0,0.0,-0.0
3636,H2,0.0,0.0,-0.0
3637,Li-Ion,0.0,0.0,-0.0
3637,CAES,0.0,0.0,-0.0
3637,PHS,0.0,0.0,-0.0
3637,H2,0.0,0.0,-0.0
3638,Li-Ion,0.0,0.0,-0.0
3638,CAES,0.0,0.0,-0.0
3638,PHS,0.0,0.0,-0.0
3638,H2,0.0,0.0,-0.0
3639,Li-Ion,0.0,0.0,-0.0
3639,CAES,0.0,0.0,-0.0
3639,PHS,0.0,0.0,-0.0
3639,H2,0.0,0.0,-0.0
3640,Li-Ion,0.0,0.0,-0.0
3640,CAES,0.0,0.0,-0.0
3640,PHS,0.0,0.0,-0.0
3640,H2,0.0,0.0,-0.0
3641,Li-Ion,0.0,0.0,-0.0
3641,CAES,0.0,0.0,-0.0
3641,PHS,0.0,0.0,-0.0
3641,H2,0.0,0.0,-0.0
3642,Li-Ion,0.0,0.0,-0.0
3642,CAES,0.0,0.0,-0.0
3642,PHS,0.0,0.0,-0.0
3642,H2,0.0,0.0,-0.0
3643,Li-Ion,0.0,0.0,-0.0
3643,CAES,0.0,0.0,-0.0
3643,PHS,0.0,0.0,-0.0
3643,H2,0.0,0.0,-0.0
3644,Li-Ion,0.0,0.0,-0.0
3644,CAES,0.0,0.0,-0.0
3644,PHS,0.0,0.0,-0.0
3644,H2,0.0,0.0,-0.0
3645,Li-Ion,0.0,0.0,-0.0
3645,CAES,0.0,0.0,-0.0
3645,PHS,0.0,0.0,-0.0
3645,H2,0.0,0.0,-0.0
3646,Li-Ion,0.0,0.0,-0.0
3646,CAES,0.0,0.0,-0.0
3646,PHS,0.0,0.0,-0.0
3646,H2,0.0,0.0,-0.0
3647,Li-Ion,0.0,0.0,-0.0
3647,CAES,0.0,0.0,-0.0
3647,PHS,0.0,0.0,-0.0
3647,H2,0.0,0.0,-0.0
3648,Li-Ion,0.0,0.0,-0.0
3648,CAES,0.0,0.0,-0.0
3648,PHS,0.0,0.0,-0.0
3648,H2,0.0,0.0,-0.0
3649,Li-Ion,0.0,0.0,-0.0
3649,CAES,0.0,0.0,-0.0
3649,PHS,0.0,0.0,-0.0
3649,H2,0.0,0.0,-0.0
3650,Li-Ion,0.0,0.0,-0.0
3650,CAES,0.0,0.0,-0.0
3650,PHS,0.0,0.0,-0.0
3650,H2,0.0,0.0,-0.0
3651,Li-Ion,0.0,0.0,-0.0
3651,CAES,0.0,0.0,-0.0
3651,PHS,0.0,0.0,-0.0
3651,H2,0.0,0.0,-0.0
3652,Li-Ion,0.0,0.0,-0.0
3652,CAES,0.0,0.0,-0.0
3652,PHS,0.0,0.0,-0.0
3652,H2,0.0,0.0,-0.0
3653,Li-Ion,0.0,0.0,-0.0
3653,CAES,0.0,0.0,-0.0
3653,PHS,0.0,0.0,-0.0
3653,H2,0.0,0.0,-0.0
3654,Li-Ion,0.0,0.0,-0.0
3654,CAES,0.0,0.0,-0.0
3654,PHS,0.0,0.0,-0.0
3654,H2,0.0,0.0,-0.0
3655,Li-Ion,0.0,0.0,-0.0
3655,CAES,0.0,0.0,-0.0
3655,PHS,0.0,0.0,-0.0
3655,H2,0.0,0.0,-0.0
3656,Li-Ion,0.0,0.0,-0.0
3656,CAES,0.0,0.0,-0.0
3656,PHS,0.0,0.0,-0.0
3656,H2,0.0,0.0,-0.0
3657,Li-Ion,0.0,0.0,-0.0
3657,CAES,0.0,0.0,-0.0
3657,PHS,0.0,0.0,-0.0
3657,H2,0.0,0.0,-0.0
3658,Li-Ion,0.0,0.0,-0.0
3658,CAES,0.0,0.0,-0.0
3658,PHS,0.0,0.0,-0.0
3658,H2,0.0,0.0,-0.0
3659,Li-Ion,0.0,0.0,-0.0
3659,CAES,0.0,0.0,-0.0
3659,PHS,0.0,0.0,-0.0
3659,H2,0.0,0.0,-0.0
3660,Li-Ion,0.0,0.0,-0.0
3660,CAES,0.0,0.0,-0.0
3660,PHS,0.0,0.0,-0.0
3660,H2,0.0,0.0,-0.0
3661,Li-Ion,0.0,0.0,-0.0
3661,CAES,0.0,0.0,-0.0
3661,PHS,0.0,0.0,-0.0
3661,H2,0.0,0.0,-0.0
3662,Li-Ion,0.0,0.0,-0.0
3662,CAES,0.0,0.0,-0.0
3662,PHS,0.0,0.0,-0.0
3662,H2,0.0,0.0,-0.0
3663,Li-Ion,0.0,0.0,-0.0
3663,CAES,0.0,0.0,-0.0
3663,PHS,0.0,0.0,-0.0
3663,H2,0.0,0.0,-0.0
3664,Li-Ion,0.0,0.0,-0.0
3664,CAES,0.0,0.0,-0.0
3664,PHS,0.0,0.0,-0.0
3664,H2,0.0,0.0,-0.0
3665,Li-Ion,0.0,0.0,-0.0
3665,CAES,0.0,0.0,-0.0
3665,PHS,0.0,0.0,-0.0
3665,H2,0.0,0.0,-0.0
3666,Li-Ion,0.0,0.0,-0.0
3666,CAES,0.0,0.0,-0.0
3666,PHS,0.0,0.0,-0.0
3666,H2,0.0,0.0,-0.0
3667,Li-Ion,0.0,0.0,-0.0
3667,CAES,0.0,0.0,-0.0
3667,PHS,0.0,0.0,-0.0
3667,H2,0.0,0.0,-0.0
3668,Li-Ion,0.0,0.0,-0.0
3668,CAES,0.0,0.0,-0.0
3668,PHS,0.0,0.0,-0.0
3668,H2,0.0,0.0,-0.0
3669,Li-Ion,0.0,0.0,-0.0
3669,CAES,0.0,0.0,-0.0
3669,PHS,0.0,0.0,-0.0
3669,H2,0.0,0.0,-0.0
3670,Li-Ion,0.0,0.0,-0.0
3670,CAES,0.0,0.0,-0.0
3670,PHS,0.0,0.0,-0.0
3670,H2,0.0,0.0,-0.0
3671,Li-Ion,0.0,0.0,-0.0
3671,CAES,0.0,0.0,-0.0
3671,PHS,0.0,0.0,-0.0
3671,H2,0.0,0.0,-0.0
3672,Li-Ion,0.0,0.0,-0.0
3672,CAES,0.0,0.0,-0.0
3672,PHS,0.0,0.0,-0.0
3672,H2,0.0,0.0,-0.0
3673,Li-Ion,0.0,0.0,-0.0
3673,CAES,0.0,0.0,-0.0
3673,PHS,0.0,0.0,-0.0
3673,H2,0.0,0.0,-0.0
3674,Li-Ion,0.0,0.0,-0.0
3674,CAES,0.0,0.0,-0.0
3674,PHS,0.0,0.0,-0.0
3674,H2,0.0,0.0,-0.0
3675,Li-Ion,0.0,0.0,-0.0
3675,CAES,0.0,0.0,-0.0
3675,PHS,0.0,0.0,-0.0
3675,H2,0.0,0.0,-0.0
3676,Li-Ion,0.0,0.0,-0.0
3676,CAES,0.0,0.0,-0.0
3676,PHS,0.0,0.0,-0.0
3676,H2,0.0,0.0,-0.0
3677,Li-Ion,0.0,0.0,-0.0
3677,CAES,0.0,0.0,-0.0
3677,PHS,0.0,0.0,-0.0
3677,H2,0.0,0.0,-0.0
3678,Li-Ion,0.0,0.0,-0.0
3678,CAES,0.0,0.0,-0.0
3678,PHS,0.0,0.0,-0.0
3678,H2,0.0,0.0,-0.0
3679,Li-Ion,0.0,0.0,-0.0
3679,CAES,0.0,0.0,-0.0
3679,PHS,0.0,0.0,-0.0
3679,H2,0.0,0.0,-0.0
3680,Li-Ion,0.0,0.0,-0.0
3680,CAES,0.0,0.0,-0.0
3680,PHS,0.0,0.0,-0.0
3680,H2,0.0,0.0,-0.0
3681,Li-Ion,0.0,0.0,-0.0
3681,CAES,0.0,0.0,-0.0
3681,PHS,0.0,0.0,-0.0
3681,H2,0.0,0.0,-0.0
3682,Li-Ion,0.0,0.0,-0.0
3682,CAES,0.0,0.0,-0.0
3682,PHS,0.0,0.0,-0.0
3682,H2,0.0,0.0,-0.0
3683,Li-Ion,0.0,0.0,-0.0
3683,CAES,0.0,0.0,-0.0
3683,PHS,0.0,0.0,-0.0
3683,H2,0.0,0.0,-0.0
3684,Li-Ion,0.0,0.0,-0.0
3684,CAES,0.0,0.0,-0.0
3684,PHS,0.0,0.0,-0.0
3684,H2,0.0,0.0,-0.0
3685,Li-Ion,0.0,0.0,-0.0
3685,CAES,0.0,0.0,-0.0
3685,PHS,0.0,0.0,-0.0
3685,H2,0.0,0.0,-0.0
3686,Li-Ion,0.0,0.0,-0.0
3686,CAES,0.0,0.0,-0.0
3686,PHS,0.0,0.0,-0.0
3686,H2,0.0,0.0,-0.0
3687,Li-Ion,0.0,0.0,-0.0
3687,CAES,0.0,0.0,-0.0
3687,PHS,0.0,0.0,-0.0
3687,H2,0.0,0.0,-0.0
3688,Li-Ion,0.0,0.0,-0.0
3688,CAES,0.0,0.0,-0.0
3688,PHS,0.0,0.0,-0.0
3688,H2,0.0,0.0,-0.0
3689,Li-Ion,0.0,0.0,-0.0
3689,CAES,0.0,0.0,-0.0
3689,PHS,0.0,0.0,-0.0
3689,H2,0.0,0.0,-0.0
3690,Li-Ion,0.0,0.0,-0.0
3690,CAES,0.0,0.0,-0.0
3690,PHS,0.0,0.0,-0.0
3690,H2,0.0,0.0,-0.0
3691,Li-Ion,0.0,0.0,-0.0
3691,CAES,0.0,0.0,-0.0
3691,PHS,0.0,0.0,-0.0
3691,H2,0.0,0.0,-0.0
3692,Li-Ion,0.0,0.0,-0.0
3692,CAES,0.0,0.0,-0.0
3692,PHS,0.0,0.0,-0.0
3692,H2,0.0,0.0,-0.0
3693,Li-Ion,0.0,0.0,-0.0
3693,CAES,0.0,0.0,-0.0
3693,PHS,0.0,0.0,-0.0
3693,H2,0.0,0.0,-0.0
3694,Li-Ion,0.0,0.0,-0.0
3694,CAES,0.0,0.0,-0.0
3694,PHS,0.0,0.0,-0.0
3694,H2,0.0,0.0,-0.0
3695,Li-Ion,0.0,0.0,-0.0
3695,CAES,0.0,0.0,-0.0
3695,PHS,0.0,0.0,-0.0
3695,H2,0.0,0.0,-0.0
3696,Li-Ion,0.0,0.0,-0.0
3696,CAES,0.0,0.0,-0.0
3696,PHS,0.0,0.0,-0.0
3696,H2,0.0,0.0,-0.0
3697,Li-Ion,0.0,0.0,-0.0
3697,CAES,0.0,0.0,-0.0
3697,PHS,0.0,0.0,-0.0
3697,H2,0.0,0.0,-0.0
3698,Li-Ion,0.0,0.0,-0.0
3698,CAES,0.0,0.0,-0.0
3698,PHS,0.0,0.0,-0.0
3698,H2,0.0,0.0,-0.0
3699,Li-Ion,0.0,0.0,-0.0
3699,CAES,0.0,0.0,-0.0
3699,PHS,0.0,0.0,-0.0
3699,H2,0.0,0.0,-0.0
3700,Li-Ion,0.0,0.0,-0.0
3700,CAES,0.0,0.0,-0.0
3700,PHS,0.0,0.0,-0.0
3700,H2,0.0,0.0,-0.0
3701,Li-Ion,0.0,0.0,-0.0
3701,CAES,0.0,0.0,-0.0
3701,PHS,0.0,0.0,-0.0
3701,H2,0.0,0.0,-0.0
3702,Li-Ion,0.0,0.0,-0.0
3702,CAES,0.0,0.0,-0.0
3702,PHS,0.0,0.0,-0.0
3702,H2,0.0,0.0,-0.0
3703,Li-Ion,0.0,0.0,-0.0
3703,CAES,0.0,0.0,-0.0
3703,PHS,0.0,0.0,-0.0
3703,H2,0.0,0.0,-0.0
3704,Li-Ion,0.0,0.0,-0.0
3704,CAES,0.0,0.0,-0.0
3704,PHS,0.0,0.0,-0.0
3704,H2,0.0,0.0,-0.0
3705,Li-Ion,0.0,0.0,-0.0
3705,CAES,0.0,0.0,-0.0
3705,PHS,0.0,0.0,-0.0
3705,H2,0.0,0.0,-0.0
3706,Li-Ion,0.0,0.0,-0.0
3706,CAES,0.0,0.0,-0.0
3706,PHS,0.0,0.0,-0.0
3706,H2,0.0,0.0,-0.0
3707,Li-Ion,0.0,0.0,-0.0
3707,CAES,0.0,0.0,-0.0
3707,PHS,0.0,0.0,-0.0
3707,H2,0.0,0.0,-0.0
3708,Li-Ion,0.0,0.0,-0.0
3708,CAES,0.0,0.0,-0.0
3708,PHS,0.0,0.0,-0.0
3708,H2,0.0,0.0,-0.0
3709,Li-Ion,0.0,0.0,-0.0
3709,CAES,0.0,0.0,-0.0
3709,PHS,0.0,0.0,-0.0
3709,H2,0.0,0.0,-0.0
3710,Li-Ion,0.0,0.0,-0.0
3710,CAES,0.0,0.0,-0.0
3710,PHS,0.0,0.0,-0.0
3710,H2,0.0,0.0,-0.0
3711,Li-Ion,0.0,0.0,-0.0
3711,CAES,0.0,0.0,-0.0
3711,PHS,0.0,0.0,-0.0
3711,H2,0.0,0.0,-0.0
3712,Li-Ion,0.0,0.0,-0.0
3712,CAES,0.0,0.0,-0.0
3712,PHS,0.0,0.0,-0.0
3712,H2,0.0,0.0,-0.0
3713,Li-Ion,0.0,0.0,-0.0
3713,CAES,0.0,0.0,-0.0
3713,PHS,0.0,0.0,-0.0
3713,H2,0.0,0.0,-0.0
3714,Li-Ion,0.0,0.0,-0.0
3714,CAES,0.0,0.0,-0.0
3714,PHS,0.0,0.0,-0.0
3714,H2,0.0,0.0,-0.0
3715,Li-Ion,0.0,0.0,-0.0
3715,CAES,0.0,0.0,-0.0
3715,PHS,0.0,0.0,-0.0
3715,H2,0.0,0.0,-0.0
3716,Li-Ion,0.0,0.0,-0.0
3716,CAES,0.0,0.0,-0.0
3716,PHS,0.0,0.0,-0.0
3716,H2,0.0,0.0,-0.0
3717,Li-Ion,0.0,0.0,-0.0
3717,CAES,0.0,0.0,-0.0
3717,PHS,0.0,0.0,-0.0
3717,H2,0.0,0.0,-0.0
3718,Li-Ion,0.0,0.0,-0.0
3718,CAES,0.0,0.0,-0.0
3718,PHS,0.0,0.0,-0.0
3718,H2,0.0,0.0,-0.0
3719,Li-Ion,0.0,0.0,-0.0
3719,CAES,0.0,0.0,-0.0
3719,PHS,0.0,0.0,-0.0
3719,H2,0.0,0.0,-0.0
3720,Li-Ion,0.0,0.0,-0.0
3720,CAES,0.0,0.0,-0.0
3720,PHS,0.0,0.0,-0.0
3720,H2,0.0,0.0,-0.0
3721,Li-Ion,0.0,0.0,-0.0
3721,CAES,0.0,0.0,-0.0
3721,PHS,0.0,0.0,-0.0
3721,H2,0.0,0.0,-0.0
3722,Li-Ion,0.0,0.0,-0.0
3722,CAES,0.0,0.0,-0.0
3722,PHS,0.0,0.0,-0.0
3722,H2,0.0,0.0,-0.0
3723,Li-Ion,0.0,0.0,-0.0
3723,CAES,0.0,0.0,-0.0
3723,PHS,0.0,0.0,-0.0
3723,H2,0.0,0.0,-0.0
3724,Li-Ion,0.0,0.0,-0.0
3724,CAES,0.0,0.0,-0.0
3724,PHS,0.0,0.0,-0.0
3724,H2,0.0,0.0,-0.0
3725,Li-Ion,0.0,0.0,-0.0
3725,CAES,0.0,0.0,-0.0
3725,PHS,0.0,0.0,-0.0
3725,H2,0.0,0.0,-0.0
3726,Li-Ion,0.0,0.0,-0.0
3726,CAES,0.0,0.0,-0.0
3726,PHS,0.0,0.0,-0.0
3726,H2,0.0,0.0,-0.0
3727,Li-Ion,0.0,0.0,-0.0
3727,CAES,0.0,0.0,-0.0
3727,PHS,0.0,0.0,-0.0
3727,H2,0.0,0.0,-0.0
3728,Li-Ion,0.0,0.0,-0.0
3728,CAES,0.0,0.0,-0.0
3728,PHS,0.0,0.0,-0.0
3728,H2,0.0,0.0,-0.0
3729,Li-Ion,0.0,0.0,-0.0
3729,CAES,0.0,0.0,-0.0
3729,PHS,0.0,0.0,-0.0
3729,H2,0.0,0.0,-0.0
3730,Li-Ion,0.0,0.0,-0.0
3730,CAES,0.0,0.0,-0.0
3730,PHS,0.0,0.0,-0.0
3730,H2,0.0,0.0,-0.0
3731,Li-Ion,0.0,0.0,-0.0
3731,CAES,0.0,0.0,-0.0
3731,PHS,0.0,0.0,-0.0
3731,H2,0.0,0.0,-0.0
3732,Li-Ion,0.0,0.0,-0.0
3732,CAES,0.0,0.0,-0.0
3732,PHS,0.0,0.0,-0.0
3732,H2,0.0,0.0,-0.0
3733,Li-Ion,0.0,0.0,-0.0
3733,CAES,0.0,0.0,-0.0
3733,PHS,0.0,0.0,-0.0
3733,H2,0.0,0.0,-0.0
3734,Li-Ion,0.0,0.0,-0.0
3734,CAES,0.0,0.0,-0.0
3734,PHS,0.0,0.0,-0.0
3734,H2,0.0,0.0,-0.0
3735,Li-Ion,0.0,0.0,-0.0
3735,CAES,0.0,0.0,-0.0
3735,PHS,0.0,0.0,-0.0
3735,H2,0.0,0.0,-0.0
3736,Li-Ion,0.0,0.0,-0.0
3736,CAES,0.0,0.0,-0.0
3736,PHS,0.0,0.0,-0.0
3736,H2,0.0,0.0,-0.0
3737,Li-Ion,0.0,0.0,-0.0
3737,CAES,0.0,0.0,-0.0
3737,PHS,0.0,0.0,-0.0
3737,H2,0.0,0.0,-0.0
3738,Li-Ion,0.0,0.0,-0.0
3738,CAES,0.0,0.0,-0.0
3738,PHS,0.0,0.0,-0.0
3738,H2,0.0,0.0,-0.0
3739,Li-Ion,0.0,0.0,-0.0
3739,CAES,0.0,0.0,-0.0
3739,PHS,0.0,0.0,-0.0
3739,H2,0.0,0.0,-0.0
3740,Li-Ion,0.0,0.0,-0.0
3740,CAES,0.0,0.0,-0.0
3740,PHS,0.0,0.0,-0.0
3740,H2,0.0,0.0,-0.0
3741,Li-Ion,0.0,0.0,-0.0
3741,CAES,0.0,0.0,-0.0
3741,PHS,0.0,0.0,-0.0
3741,H2,0.0,0.0,-0.0
3742,Li-Ion,0.0,0.0,-0.0
3742,CAES,0.0,0.0,-0.0
3742,PHS,0.0,0.0,-0.0
3742,H2,0.0,0.0,-0.0
3743,Li-Ion,0.0,0.0,-0.0
3743,CAES,0.0,0.0,-0.0
3743,PHS,0.0,0.0,-0.0
3743,H2,0.0,0.0,-0.0
3744,Li-Ion,0.0,0.0,-0.0
3744,CAES,0.0,0.0,-0.0
3744,PHS,0.0,0.0,-0.0
3744,H2,0.0,0.0,-0.0
3745,Li-Ion,0.0,0.0,-0.0
3745,CAES,0.0,0.0,-0.0
3745,PHS,0.0,0.0,-0.0
3745,H2,0.0,0.0,-0.0
3746,Li-Ion,0.0,0.0,-0.0
3746,CAES,0.0,0.0,-0.0
3746,PHS,0.0,0.0,-0.0
3746,H2,0.0,0.0,-0.0
3747,Li-Ion,0.0,0.0,-0.0
3747,CAES,0.0,0.0,-0.0
3747,PHS,0.0,0.0,-0.0
3747,H2,0.0,0.0,-0.0
3748,Li-Ion,0.0,0.0,-0.0
3748,CAES,0.0,0.0,-0.0
3748,PHS,0.0,0.0,-0.0
3748,H2,0.0,0.0,-0.0
3749,Li-Ion,0.0,0.0,-0.0
3749,CAES,0.0,0.0,-0.0
3749,PHS,0.0,0.0,-0.0
3749,H2,0.0,0.0,-0.0
3750,Li-Ion,0.0,0.0,-0.0
3750,CAES,0.0,0.0,-0.0
3750,PHS,0.0,0.0,-0.0
3750,H2,0.0,0.0,-0.0
3751,Li-Ion,0.0,0.0,-0.0
3751,CAES,0.0,0.0,-0.0
3751,PHS,0.0,0.0,-0.0
3751,H2,0.0,0.0,-0.0
3752,Li-Ion,0.0,0.0,-0.0
3752,CAES,0.0,0.0,-0.0
3752,PHS,0.0,0.0,-0.0
3752,H2,0.0,0.0,-0.0
3753,Li-Ion,0.0,0.0,-0.0
3753,CAES,0.0,0.0,-0.0
3753,PHS,0.0,0.0,-0.0
3753,H2,0.0,0.0,-0.0
3754,Li-Ion,0.0,0.0,-0.0
3754,CAES,0.0,0.0,-0.0
3754,PHS,0.0,0.0,-0.0
3754,H2,0.0,0.0,-0.0
3755,Li-Ion,0.0,0.0,-0.0
3755,CAES,0.0,0.0,-0.0
3755,PHS,0.0,0.0,-0.0
3755,H2,0.0,0.0,-0.0
3756,Li-Ion,0.0,0.0,-0.0
3756,CAES,0.0,0.0,-0.0
3756,PHS,0.0,0.0,-0.0
3756,H2,0.0,0.0,-0.0
3757,Li-Ion,0.0,0.0,-0.0
3757,CAES,0.0,0.0,-0.0
3757,PHS,0.0,0.0,-0.0
3757,H2,0.0,0.0,-0.0
3758,Li-Ion,0.0,0.0,-0.0
3758,CAES,0.0,0.0,-0.0
3758,PHS,0.0,0.0,-0.0
3758,H2,0.0,0.0,-0.0
3759,Li-Ion,0.0,0.0,-0.0
3759,CAES,0.0,0.0,-0.0
3759,PHS,0.0,0.0,-0.0
3759,H2,0.0,0.0,-0.0
3760,Li-Ion,0.0,0.0,-0.0
3760,CAES,0.0,0.0,-0.0
3760,PHS,0.0,0.0,-0.0
3760,H2,0.0,0.0,-0.0
3761,Li-Ion,0.0,0.0,-0.0
3761,CAES,0.0,0.0,-0.0
3761,PHS,0.0,0.0,-0.0
3761,H2,0.0,0.0,-0.0
3762,Li-Ion,0.0,0.0,-0.0
3762,CAES,0.0,0.0,-0.0
3762,PHS,0.0,0.0,-0.0
3762,H2,0.0,0.0,-0.0
3763,Li-Ion,0.0,0.0,-0.0
3763,CAES,0.0,0.0,-0.0
3763,PHS,0.0,0.0,-0.0
3763,H2,0.0,0.0,-0.0
3764,Li-Ion,0.0,0.0,-0.0
3764,CAES,0.0,0.0,-0.0
3764,PHS,0.0,0.0,-0.0
3764,H2,0.0,0.0,-0.0
3765,Li-Ion,0.0,0.0,-0.0
3765,CAES,0.0,0.0,-0.0
3765,PHS,0.0,0.0,-0.0
3765,H2,0.0,0.0,-0.0
3766,Li-Ion,0.0,0.0,-0.0
3766,CAES,0.0,0.0,-0.0
3766,PHS,0.0,0.0,-0.0
3766,H2,0.0,0.0,-0.0
3767,Li-Ion,0.0,0.0,-0.0
3767,CAES,0.0,0.0,-0.0
3767,PHS,0.0,0.0,-0.0
3767,H2,0.0,0.0,-0.0
3768,Li-Ion,0.0,0.0,-0.0
3768,CAES,0.0,0.0,-0.0
3768,PHS,0.0,0.0,-0.0
3768,H2,0.0,0.0,-0.0
3769,Li-Ion,0.0,0.0,-0.0
3769,CAES,0.0,0.0,-0.0
3769,PHS,0.0,0.0,-0.0
3769,H2,0.0,0.0,-0.0
3770,Li-Ion,0.0,0.0,-0.0
3770,CAES,0.0,0.0,-0.0
3770,PHS,0.0,0.0,-0.0
3770,H2,0.0,0.0,-0.0
3771,Li-Ion,0.0,0.0,-0.0
3771,CAES,0.0,0.0,-0.0
3771,PHS,0.0,0.0,-0.0
3771,H2,0.0,0.0,-0.0
3772,Li-Ion,0.0,0.0,-0.0
3772,CAES,0.0,0.0,-0.0
3772,PHS,0.0,0.0,-0.0
3772,H2,0.0,0.0,-0.0
3773,Li-Ion,0.0,0.0,-0.0
3773,CAES,0.0,0.0,-0.0
3773,PHS,0.0,0.0,-0.0
3773,H2,0.0,0.0,-0.0
3774,Li-Ion,0.0,0.0,-0.0
3774,CAES,0.0,0.0,-0.0
3774,PHS,0.0,0.0,-0.0
3774,H2,0.0,0.0,-0.0
3775,Li-Ion,0.0,0.0,-0.0
3775,CAES,0.0,0.0,-0.0
3775,PHS,0.0,0.0,-0.0
3775,H2,0.0,0.0,-0.0
3776,Li-Ion,0.0,0.0,-0.0
3776,CAES,0.0,0.0,-0.0
3776,PHS,0.0,0.0,-0.0
3776,H2,0.0,0.0,-0.0
3777,Li-Ion,0.0,0.0,-0.0
3777,CAES,0.0,0.0,-0.0
3777,PHS,0.0,0.0,-0.0
3777,H2,0.0,0.0,-0.0
3778,Li-Ion,0.0,0.0,-0.0
3778,CAES,0.0,0.0,-0.0
3778,PHS,0.0,0.0,-0.0
3778,H2,0.0,0.0,-0.0
3779,Li-Ion,0.0,0.0,-0.0
3779,CAES,0.0,0.0,-0.0
3779,PHS,0.0,0.0,-0.0
3779,H2,0.0,0.0,-0.0
3780,Li-Ion,0.0,0.0,-0.0
3780,CAES,0.0,0.0,-0.0
3780,PHS,0.0,0.0,-0.0
3780,H2,0.0,0.0,-0.0
3781,Li-Ion,0.0,0.0,-0.0
3781,CAES,0.0,0.0,-0.0
3781,PHS,0.0,0.0,-0.0
3781,H2,0.0,0.0,-0.0
3782,Li-Ion,0.0,0.0,-0.0
3782,CAES,0.0,0.0,-0.0
3782,PHS,0.0,0.0,-0.0
3782,H2,0.0,0.0,-0.0
3783,Li-Ion,0.0,0.0,-0.0
3783,CAES,0.0,0.0,-0.0
3783,PHS,0.0,0.0,-0.0
3783,H2,0.0,0.0,-0.0
3784,Li-Ion,0.0,0.0,-0.0
3784,CAES,0.0,0.0,-0.0
3784,PHS,0.0,0.0,-0.0
3784,H2,0.0,0.0,-0.0
3785,Li-Ion,0.0,0.0,-0.0
3785,CAES,0.0,0.0,-0.0
3785,PHS,0.0,0.0,-0.0
3785,H2,0.0,0.0,-0.0
3786,Li-Ion,0.0,0.0,-0.0
3786,CAES,0.0,0.0,-0.0
3786,PHS,0.0,0.0,-0.0
3786,H2,0.0,0.0,-0.0
3787,Li-Ion,0.0,0.0,-0.0
3787,CAES,0.0,0.0,-0.0
3787,PHS,0.0,0.0,-0.0
3787,H2,0.0,0.0,-0.0
3788,Li-Ion,0.0,0.0,-0.0
3788,CAES,0.0,0.0,-0.0
3788,PHS,0.0,0.0,-0.0
3788,H2,0.0,0.0,-0.0
3789,Li-Ion,0.0,0.0,-0.0
3789,CAES,0.0,0.0,-0.0
3789,PHS,0.0,0.0,-0.0
3789,H2,0.0,0.0,-0.0
3790,Li-Ion,0.0,0.0,-0.0
3790,CAES,0.0,0.0,-0.0
3790,PHS,0.0,0.0,-0.0
3790,H2,0.0,0.0,-0.0
3791,Li-Ion,0.0,0.0,-0.0
3791,CAES,0.0,0.0,-0.0
3791,PHS,0.0,0.0,-0.0
3791,H2,0.0,0.0,-0.0
3792,Li-Ion,0.0,0.0,-0.0
3792,CAES,0.0,0.0,-0.0
3792,PHS,0.0,0.0,-0.0
3792,H2,0.0,0.0,-0.0
3793,Li-Ion,0.0,0.0,-0.0
3793,CAES,0.0,0.0,-0.0
3793,PHS,0.0,0.0,-0.0
3793,H2,0.0,0.0,-0.0
3794,Li-Ion,0.0,0.0,-0.0
3794,CAES,0.0,0.0,-0.0
3794,PHS,0.0,0.0,-0.0
3794,H2,0.0,0.0,-0.0
3795,Li-Ion,0.0,0.0,-0.0
3795,CAES,0.0,0.0,-0.0
3795,PHS,0.0,0.0,-0.0
3795,H2,0.0,0.0,-0.0
3796,Li-Ion,0.0,0.0,-0.0
3796,CAES,0.0,0.0,-0.0
3796,PHS,0.0,0.0,-0.0
3796,H2,0.0,0.0,-0.0
3797,Li-Ion,0.0,0.0,-0.0
3797,CAES,0.0,0.0,-0.0
3797,PHS,0.0,0.0,-0.0
3797,H2,0.0,0.0,-0.0
3798,Li-Ion,0.0,0.0,-0.0
3798,CAES,0.0,0.0,-0.0
3798,PHS,0.0,0.0,-0.0
3798,H2,0.0,0.0,-0.0
3799,Li-Ion,0.0,0.0,-0.0
3799,CAES,0.0,0.0,-0.0
3799,PHS,0.0,0.0,-0.0
3799,H2,0.0,0.0,-0.0
3800,Li-Ion,0.0,0.0,-0.0
3800,CAES,0.0,0.0,-0.0
3800,PHS,0.0,0.0,-0.0
3800,H2,0.0,0.0,-0.0
3801,Li-Ion,0.0,0.0,-0.0
3801,CAES,0.0,0.0,-0.0
3801,PHS,0.0,0.0,-0.0
3801,H2,0.0,0.0,-0.0
3802,Li-Ion,0.0,0.0,-0.0
3802,CAES,0.0,0.0,-0.0
3802,PHS,0.0,0.0,-0.0
3802,H2,0.0,0.0,-0.0
3803,Li-Ion,0.0,0.0,-0.0
3803,CAES,0.0,0.0,-0.0
3803,PHS,0.0,0.0,-0.0
3803,H2,0.0,0.0,-0.0
3804,Li-Ion,0.0,0.0,-0.0
3804,CAES,0.0,0.0,-0.0
3804,PHS,0.0,0.0,-0.0
3804,H2,0.0,0.0,-0.0
3805,Li-Ion,0.0,0.0,-0.0
3805,CAES,0.0,0.0,-0.0
3805,PHS,0.0,0.0,-0.0
3805,H2,0.0,0.0,-0.0
3806,Li-Ion,0.0,0.0,-0.0
3806,CAES,0.0,0.0,-0.0
3806,PHS,0.0,0.0,-0.0
3806,H2,0.0,0.0,-0.0
3807,Li-Ion,0.0,0.0,-0.0
3807,CAES,0.0,0.0,-0.0
3807,PHS,0.0,0.0,-0.0
3807,H2,0.0,0.0,-0.0
3808,Li-Ion,0.0,0.0,-0.0
3808,CAES,0.0,0.0,-0.0
3808,PHS,0.0,0.0,-0.0
3808,H2,0.0,0.0,-0.0
3809,Li-Ion,0.0,0.0,-0.0
3809,CAES,0.0,0.0,-0.0
3809,PHS,0.0,0.0,-0.0
3809,H2,0.0,0.0,-0.0
3810,Li-Ion,0.0,0.0,-0.0
3810,CAES,0.0,0.0,-0.0
3810,PHS,0.0,0.0,-0.0
3810,H2,0.0,0.0,-0.0
3811,Li-Ion,0.0,0.0,-0.0
3811,CAES,0.0,0.0,-0.0
3811,PHS,0.0,0.0,-0.0
3811,H2,0.0,0.0,-0.0
3812,Li-Ion,0.0,0.0,-0.0
3812,CAES,0.0,0.0,-0.0
3812,PHS,0.0,0.0,-0.0
3812,H2,0.0,0.0,-0.0
3813,Li-Ion,0.0,0.0,-0.0
3813,CAES,0.0,0.0,-0.0
3813,PHS,0.0,0.0,-0.0
3813,H2,0.0,0.0,-0.0
3814,Li-Ion,0.0,0.0,-0.0
3814,CAES,0.0,0.0,-0.0
3814,PHS,0.0,0.0,-0.0
3814,H2,0.0,0.0,-0.0
3815,Li-Ion,0.0,0.0,-0.0
3815,CAES,0.0,0.0,-0.0
3815,PHS,0.0,0.0,-0.0
3815,H2,0.0,0.0,-0.0
3816,Li-Ion,0.0,0.0,-0.0
3816,CAES,0.0,0.0,-0.0
3816,PHS,0.0,0.0,-0.0
3816,H2,0.0,0.0,-0.0
3817,Li-Ion,0.0,0.0,-0.0
3817,CAES,0.0,0.0,-0.0
3817,PHS,0.0,0.0,-0.0
3817,H2,0.0,0.0,-0.0
3818,Li-Ion,0.0,0.0,-0.0
3818,CAES,0.0,0.0,-0.0
3818,PHS,0.0,0.0,-0.0
3818,H2,0.0,0.0,-0.0
3819,Li-Ion,0.0,0.0,-0.0
3819,CAES,0.0,0.0,-0.0
3819,PHS,0.0,0.0,-0.0
3819,H2,0.0,0.0,-0.0
3820,Li-Ion,0.0,0.0,-0.0
3820,CAES,0.0,0.0,-0.0
3820,PHS,0.0,0.0,-0.0
3820,H2,0.0,0.0,-0.0
3821,Li-Ion,0.0,0.0,-0.0
3821,CAES,0.0,0.0,-0.0
3821,PHS,0.0,0.0,-0.0
3821,H2,0.0,0.0,-0.0
3822,Li-Ion,0.0,0.0,-0.0
3822,CAES,0.0,0.0,-0.0
3822,PHS,0.0,0.0,-0.0
3822,H2,0.0,0.0,-0.0
3823,Li-Ion,0.0,0.0,-0.0
3823,CAES,0.0,0.0,-0.0
3823,PHS,0.0,0.0,-0.0
3823,H2,0.0,0.0,-0.0
3824,Li-Ion,0.0,0.0,-0.0
3824,CAES,0.0,0.0,-0.0
3824,PHS,0.0,0.0,-0.0
3824,H2,0.0,0.0,-0.0
3825,Li-Ion,0.0,0.0,-0.0
3825,CAES,0.0,0.0,-0.0
3825,PHS,0.0,0.0,-0.0
3825,H2,0.0,0.0,-0.0
3826,Li-Ion,0.0,0.0,-0.0
3826,CAES,0.0,0.0,-0.0
3826,PHS,0.0,0.0,-0.0
3826,H2,0.0,0.0,-0.0
3827,Li-Ion,0.0,0.0,-0.0
3827,CAES,0.0,0.0,-0.0
3827,PHS,0.0,0.0,-0.0
3827,H2,0.0,0.0,-0.0
3828,Li-Ion,0.0,0.0,-0.0
3828,CAES,0.0,0.0,-0.0
3828,PHS,0.0,0.0,-0.0
3828,H2,0.0,0.0,-0.0
3829,Li-Ion,0.0,0.0,-0.0
3829,CAES,0.0,0.0,-0.0
3829,PHS,0.0,0.0,-0.0
3829,H2,0.0,0.0,-0.0
3830,Li-Ion,0.0,0.0,-0.0
3830,CAES,0.0,0.0,-0.0
3830,PHS,0.0,0.0,-0.0
3830,H2,0.0,0.0,-0.0
3831,Li-Ion,0.0,0.0,-0.0
3831,CAES,0.0,0.0,-0.0
3831,PHS,0.0,0.0,-0.0
3831,H2,0.0,0.0,-0.0
3832,Li-Ion,0.0,0.0,-0.0
3832,CAES,0.0,0.0,-0.0
3832,PHS,0.0,0.0,-0.0
3832,H2,0.0,0.0,-0.0
3833,Li-Ion,0.0,0.0,-0.0
3833,CAES,0.0,0.0,-0.0
3833,PHS,0.0,0.0,-0.0
3833,H2,0.0,0.0,-0.0
3834,Li-Ion,0.0,0.0,-0.0
3834,CAES,0.0,0.0,-0.0
3834,PHS,0.0,0.0,-0.0
3834,H2,0.0,0.0,-0.0
3835,Li-Ion,0.0,0.0,-0.0
3835,CAES,0.0,0.0,-0.0
3835,PHS,0.0,0.0,-0.0
3835,H2,0.0,0.0,-0.0
3836,Li-Ion,0.0,0.0,-0.0
3836,CAES,0.0,0.0,-0.0
3836,PHS,0.0,0.0,-0.0
3836,H2,0.0,0.0,-0.0
3837,Li-Ion,0.0,0.0,-0.0
3837,CAES,0.0,0.0,-0.0
3837,PHS,0.0,0.0,-0.0
3837,H2,0.0,0.0,-0.0
3838,Li-Ion,0.0,0.0,-0.0
3838,CAES,0.0,0.0,-0.0
3838,PHS,0.0,0.0,-0.0
3838,H2,0.0,0.0,-0.0
3839,Li-Ion,0.0,0.0,-0.0
3839,CAES,0.0,0.0,-0.0
3839,PHS,0.0,0.0,-0.0
3839,H2,0.0,0.0,-0.0
3840,Li-Ion,0.0,0.0,-0.0
3840,CAES,0.0,0.0,-0.0
3840,PHS,0.0,0.0,-0.0
3840,H2,0.0,0.0,-0.0
3841,Li-Ion,0.0,0.0,-0.0
3841,CAES,0.0,0.0,-0.0
3841,PHS,0.0,0.0,-0.0
3841,H2,0.0,0.0,-0.0
3842,Li-Ion,0.0,0.0,-0.0
3842,CAES,0.0,0.0,-0.0
3842,PHS,0.0,0.0,-0.0
3842,H2,0.0,0.0,-0.0
3843,Li-Ion,0.0,0.0,-0.0
3843,CAES,0.0,0.0,-0.0
3843,PHS,0.0,0.0,-0.0
3843,H2,0.0,0.0,-0.0
3844,Li-Ion,0.0,0.0,-0.0
3844,CAES,0.0,0.0,-0.0
3844,PHS,0.0,0.0,-0.0
3844,H2,0.0,0.0,-0.0
3845,Li-Ion,0.0,0.0,-0.0
3845,CAES,0.0,0.0,-0.0
3845,PHS,0.0,0.0,-0.0
3845,H2,0.0,0.0,-0.0
3846,Li-Ion,0.0,0.0,-0.0
3846,CAES,0.0,0.0,-0.0
3846,PHS,0.0,0.0,-0.0
3846,H2,0.0,0.0,-0.0
3847,Li-Ion,0.0,0.0,-0.0
3847,CAES,0.0,0.0,-0.0
3847,PHS,0.0,0.0,-0.0
3847,H2,0.0,0.0,-0.0
3848,Li-Ion,0.0,0.0,-0.0
3848,CAES,0.0,0.0,-0.0
3848,PHS,0.0,0.0,-0.0
3848,H2,0.0,0.0,-0.0
3849,Li-Ion,0.0,0.0,-0.0
3849,CAES,0.0,0.0,-0.0
3849,PHS,0.0,0.0,-0.0
3849,H2,0.0,0.0,-0.0
3850,Li-Ion,0.0,0.0,-0.0
3850,CAES,0.0,0.0,-0.0
3850,PHS,0.0,0.0,-0.0
3850,H2,0.0,0.0,-0.0
3851,Li-Ion,0.0,0.0,-0.0
3851,CAES,0.0,0.0,-0.0
3851,PHS,0.0,0.0,-0.0
3851,H2,0.0,0.0,-0.0
3852,Li-Ion,0.0,0.0,-0.0
3852,CAES,0.0,0.0,-0.0
3852,PHS,0.0,0.0,-0.0
3852,H2,0.0,0.0,-0.0
3853,Li-Ion,0.0,0.0,-0.0
3853,CAES,0.0,0.0,-0.0
3853,PHS,0.0,0.0,-0.0
3853,H2,0.0,0.0,-0.0
3854,Li-Ion,0.0,0.0,-0.0
3854,CAES,0.0,0.0,-0.0
3854,PHS,0.0,0.0,-0.0
3854,H2,0.0,0.0,-0.0
3855,Li-Ion,0.0,0.0,-0.0
3855,CAES,0.0,0.0,-0.0
3855,PHS,0.0,0.0,-0.0
3855,H2,0.0,0.0,-0.0
3856,Li-Ion,0.0,0.0,-0.0
3856,CAES,0.0,0.0,-0.0
3856,PHS,0.0,0.0,-0.0
3856,H2,0.0,0.0,-0.0
3857,Li-Ion,0.0,0.0,-0.0
3857,CAES,0.0,0.0,-0.0
3857,PHS,0.0,0.0,-0.0
3857,H2,0.0,0.0,-0.0
3858,Li-Ion,0.0,0.0,-0.0
3858,CAES,0.0,0.0,-0.0
3858,PHS,0.0,0.0,-0.0
3858,H2,0.0,0.0,-0.0
3859,Li-Ion,0.0,0.0,-0.0
3859,CAES,0.0,0.0,-0.0
3859,PHS,0.0,0.0,-0.0
3859,H2,0.0,0.0,-0.0
3860,Li-Ion,0.0,0.0,-0.0
3860,CAES,0.0,0.0,-0.0
3860,PHS,0.0,0.0,-0.0
3860,H2,0.0,0.0,-0.0
3861,Li-Ion,0.0,0.0,-0.0
3861,CAES,0.0,0.0,-0.0
3861,PHS,0.0,0.0,-0.0
3861,H2,0.0,0.0,-0.0
3862,Li-Ion,0.0,0.0,-0.0
3862,CAES,0.0,0.0,-0.0
3862,PHS,0.0,0.0,-0.0
3862,H2,0.0,0.0,-0.0
3863,Li-Ion,0.0,0.0,-0.0
3863,CAES,0.0,0.0,-0.0
3863,PHS,0.0,0.0,-0.0
3863,H2,0.0,0.0,-0.0
3864,Li-Ion,0.0,0.0,-0.0
3864,CAES,0.0,0.0,-0.0
3864,PHS,0.0,0.0,-0.0
3864,H2,0.0,0.0,-0.0
3865,Li-Ion,0.0,0.0,-0.0
3865,CAES,0.0,0.0,-0.0
3865,PHS,0.0,0.0,-0.0
3865,H2,0.0,0.0,-0.0
3866,Li-Ion,0.0,0.0,-0.0
3866,CAES,0.0,0.0,-0.0
3866,PHS,0.0,0.0,-0.0
3866,H2,0.0,0.0,-0.0
3867,Li-Ion,0.0,0.0,-0.0
3867,CAES,0.0,0.0,-0.0
3867,PHS,0.0,0.0,-0.0
3867,H2,0.0,0.0,-0.0
3868,Li-Ion,0.0,0.0,-0.0
3868,CAES,0.0,0.0,-0.0
3868,PHS,0.0,0.0,-0.0
3868,H2,0.0,0.0,-0.0
3869,Li-Ion,0.0,0.0,-0.0
3869,CAES,0.0,0.0,-0.0
3869,PHS,0.0,0.0,-0.0
3869,H2,0.0,0.0,-0.0
3870,Li-Ion,0.0,0.0,-0.0
3870,CAES,0.0,0.0,-0.0
3870,PHS,0.0,0.0,-0.0
3870,H2,0.0,0.0,-0.0
3871,Li-Ion,0.0,0.0,-0.0
3871,CAES,0.0,0.0,-0.0
3871,PHS,0.0,0.0,-0.0
3871,H2,0.0,0.0,-0.0
3872,Li-Ion,0.0,0.0,-0.0
3872,CAES,0.0,0.0,-0.0
3872,PHS,0.0,0.0,-0.0
3872,H2,0.0,0.0,-0.0
3873,Li-Ion,0.0,0.0,-0.0
3873,CAES,0.0,0.0,-0.0
3873,PHS,0.0,0.0,-0.0
3873,H2,0.0,0.0,-0.0
3874,Li-Ion,0.0,0.0,-0.0
3874,CAES,0.0,0.0,-0.0
3874,PHS,0.0,0.0,-0.0
3874,H2,0.0,0.0,-0.0
3875,Li-Ion,0.0,0.0,-0.0
3875,CAES,0.0,0.0,-0.0
3875,PHS,0.0,0.0,-0.0
3875,H2,0.0,0.0,-0.0
3876,Li-Ion,0.0,0.0,-0.0
3876,CAES,0.0,0.0,-0.0
3876,PHS,0.0,0.0,-0.0
3876,H2,0.0,0.0,-0.0
3877,Li-Ion,0.0,0.0,-0.0
3877,CAES,0.0,0.0,-0.0
3877,PHS,0.0,0.0,-0.0
3877,H2,0.0,0.0,-0.0
3878,Li-Ion,0.0,0.0,-0.0
3878,CAES,0.0,0.0,-0.0
3878,PHS,0.0,0.0,-0.0
3878,H2,0.0,0.0,-0.0
3879,Li-Ion,0.0,0.0,-0.0
3879,CAES,0.0,0.0,-0.0
3879,PHS,0.0,0.0,-0.0
3879,H2,0.0,0.0,-0.0
3880,Li-Ion,0.0,0.0,-0.0
3880,CAES,0.0,0.0,-0.0
3880,PHS,0.0,0.0,-0.0
3880,H2,0.0,0.0,-0.0
3881,Li-Ion,0.0,0.0,-0.0
3881,CAES,0.0,0.0,-0.0
3881,PHS,0.0,0.0,-0.0
3881,H2,0.0,0.0,-0.0
3882,Li-Ion,0.0,0.0,-0.0
3882,CAES,0.0,0.0,-0.0
3882,PHS,0.0,0.0,-0.0
3882,H2,0.0,0.0,-0.0
3883,Li-Ion,0.0,0.0,-0.0
3883,CAES,0.0,0.0,-0.0
3883,PHS,0.0,0.0,-0.0
3883,H2,0.0,0.0,-0.0
3884,Li-Ion,0.0,0.0,-0.0
3884,CAES,0.0,0.0,-0.0
3884,PHS,0.0,0.0,-0.0
3884,H2,0.0,0.0,-0.0
3885,Li-Ion,0.0,0.0,-0.0
3885,CAES,0.0,0.0,-0.0
3885,PHS,0.0,0.0,-0.0
3885,H2,0.0,0.0,-0.0
3886,Li-Ion,0.0,0.0,-0.0
3886,CAES,0.0,0.0,-0.0
3886,PHS,0.0,0.0,-0.0
3886,H2,0.0,0.0,-0.0
3887,Li-Ion,0.0,0.0,-0.0
3887,CAES,0.0,0.0,-0.0
3887,PHS,0.0,0.0,-0.0
3887,H2,0.0,0.0,-0.0
3888,Li-Ion,0.0,0.0,-0.0
3888,CAES,0.0,0.0,-0.0
3888,PHS,0.0,0.0,-0.0
3888,H2,0.0,0.0,-0.0
3889,Li-Ion,0.0,0.0,-0.0
3889,CAES,0.0,0.0,-0.0
3889,PHS,0.0,0.0,-0.0
3889,H2,0.0,0.0,-0.0
3890,Li-Ion,0.0,0.0,-0.0
3890,CAES,0.0,0.0,-0.0
3890,PHS,0.0,0.0,-0.0
3890,H2,0.0,0.0,-0.0
3891,Li-Ion,0.0,0.0,-0.0
3891,CAES,0.0,0.0,-0.0
3891,PHS,0.0,0.0,-0.0
3891,H2,0.0,0.0,-0.0
3892,Li-Ion,0.0,0.0,-0.0
3892,CAES,0.0,0.0,-0.0
3892,PHS,0.0,0.0,-0.0
3892,H2,0.0,0.0,-0.0
3893,Li-Ion,0.0,0.0,-0.0
3893,CAES,0.0,0.0,-0.0
3893,PHS,0.0,0.0,-0.0
3893,H2,0.0,0.0,-0.0
3894,Li-Ion,0.0,0.0,-0.0
3894,CAES,0.0,0.0,-0.0
3894,PHS,0.0,0.0,-0.0
3894,H2,0.0,0.0,-0.0
3895,Li-Ion,0.0,0.0,-0.0
3895,CAES,0.0,0.0,-0.0
3895,PHS,0.0,0.0,-0.0
3895,H2,0.0,0.0,-0.0
3896,Li-Ion,0.0,0.0,-0.0
3896,CAES,0.0,0.0,-0.0
3896,PHS,0.0,0.0,-0.0
3896,H2,0.0,0.0,-0.0
3897,Li-Ion,0.0,0.0,-0.0
3897,CAES,0.0,0.0,-0.0
3897,PHS,0.0,0.0,-0.0
3897,H2,0.0,0.0,-0.0
3898,Li-Ion,0.0,0.0,-0.0
3898,CAES,0.0,0.0,-0.0
3898,PHS,0.0,0.0,-0.0
3898,H2,0.0,0.0,-0.0
3899,Li-Ion,0.0,0.0,-0.0
3899,CAES,0.0,0.0,-0.0
3899,PHS,0.0,0.0,-0.0
3899,H2,0.0,0.0,-0.0
3900,Li-Ion,0.0,0.0,-0.0
3900,CAES,0.0,0.0,-0.0
3900,PHS,0.0,0.0,-0.0
3900,H2,0.0,0.0,-0.0
3901,Li-Ion,0.0,0.0,-0.0
3901,CAES,0.0,0.0,-0.0
3901,PHS,0.0,0.0,-0.0
3901,H2,0.0,0.0,-0.0
3902,Li-Ion,0.0,0.0,-0.0
3902,CAES,0.0,0.0,-0.0
3902,PHS,0.0,0.0,-0.0
3902,H2,0.0,0.0,-0.0
3903,Li-Ion,0.0,0.0,-0.0
3903,CAES,0.0,0.0,-0.0
3903,PHS,0.0,0.0,-0.0
3903,H2,0.0,0.0,-0.0
3904,Li-Ion,0.0,0.0,-0.0
3904,CAES,0.0,0.0,-0.0
3904,PHS,0.0,0.0,-0.0
3904,H2,0.0,0.0,-0.0
3905,Li-Ion,0.0,0.0,-0.0
3905,CAES,0.0,0.0,-0.0
3905,PHS,0.0,0.0,-0.0
3905,H2,0.0,0.0,-0.0
3906,Li-Ion,0.0,0.0,-0.0
3906,CAES,0.0,0.0,-0.0
3906,PHS,0.0,0.0,-0.0
3906,H2,0.0,0.0,-0.0
3907,Li-Ion,0.0,0.0,-0.0
3907,CAES,0.0,0.0,-0.0
3907,PHS,0.0,0.0,-0.0
3907,H2,0.0,0.0,-0.0
3908,Li-Ion,0.0,0.0,-0.0
3908,CAES,0.0,0.0,-0.0
3908,PHS,0.0,0.0,-0.0
3908,H2,0.0,0.0,-0.0
3909,Li-Ion,0.0,0.0,-0.0
3909,CAES,0.0,0.0,-0.0
3909,PHS,0.0,0.0,-0.0
3909,H2,0.0,0.0,-0.0
3910,Li-Ion,0.0,0.0,-0.0
3910,CAES,0.0,0.0,-0.0
3910,PHS,0.0,0.0,-0.0
3910,H2,0.0,0.0,-0.0
3911,Li-Ion,0.0,0.0,-0.0
3911,CAES,0.0,0.0,-0.0
3911,PHS,0.0,0.0,-0.0
3911,H2,0.0,0.0,-0.0
3912,Li-Ion,0.0,0.0,-0.0
3912,CAES,0.0,0.0,-0.0
3912,PHS,0.0,0.0,-0.0
3912,H2,0.0,0.0,-0.0
3913,Li-Ion,0.0,0.0,-0.0
3913,CAES,0.0,0.0,-0.0
3913,PHS,0.0,0.0,-0.0
3913,H2,0.0,0.0,-0.0
3914,Li-Ion,0.0,0.0,-0.0
3914,CAES,0.0,0.0,-0.0
3914,PHS,0.0,0.0,-0.0
3914,H2,0.0,0.0,-0.0
3915,Li-Ion,0.0,0.0,-0.0
3915,CAES,0.0,0.0,-0.0
3915,PHS,0.0,0.0,-0.0
3915,H2,0.0,0.0,-0.0
3916,Li-Ion,0.0,0.0,-0.0
3916,CAES,0.0,0.0,-0.0
3916,PHS,0.0,0.0,-0.0
3916,H2,0.0,0.0,-0.0
3917,Li-Ion,0.0,0.0,-0.0
3917,CAES,0.0,0.0,-0.0
3917,PHS,0.0,0.0,-0.0
3917,H2,0.0,0.0,-0.0
3918,Li-Ion,0.0,0.0,-0.0
3918,CAES,0.0,0.0,-0.0
3918,PHS,0.0,0.0,-0.0
3918,H2,0.0,0.0,-0.0
3919,Li-Ion,0.0,0.0,-0.0
3919,CAES,0.0,0.0,-0.0
3919,PHS,0.0,0.0,-0.0
3919,H2,0.0,0.0,-0.0
3920,Li-Ion,0.0,0.0,-0.0
3920,CAES,0.0,0.0,-0.0
3920,PHS,0.0,0.0,-0.0
3920,H2,0.0,0.0,-0.0
3921,Li-Ion,0.0,0.0,-0.0
3921,CAES,0.0,0.0,-0.0
3921,PHS,0.0,0.0,-0.0
3921,H2,0.0,0.0,-0.0
3922,Li-Ion,0.0,0.0,-0.0
3922,CAES,0.0,0.0,-0.0
3922,PHS,0.0,0.0,-0.0
3922,H2,0.0,0.0,-0.0
3923,Li-Ion,0.0,0.0,-0.0
3923,CAES,0.0,0.0,-0.0
3923,PHS,0.0,0.0,-0.0
3923,H2,0.0,0.0,-0.0
3924,Li-Ion,0.0,0.0,-0.0
3924,CAES,0.0,0.0,-0.0
3924,PHS,0.0,0.0,-0.0
3924,H2,0.0,0.0,-0.0
3925,Li-Ion,0.0,0.0,-0.0
3925,CAES,0.0,0.0,-0.0
3925,PHS,0.0,0.0,-0.0
3925,H2,0.0,0.0,-0.0
3926,Li-Ion,0.0,0.0,-0.0
3926,CAES,0.0,0.0,-0.0
3926,PHS,0.0,0.0,-0.0
3926,H2,0.0,0.0,-0.0
3927,Li-Ion,0.0,0.0,-0.0
3927,CAES,0.0,0.0,-0.0
3927,PHS,0.0,0.0,-0.0
3927,H2,0.0,0.0,-0.0
3928,Li-Ion,0.0,0.0,-0.0
3928,CAES,0.0,0.0,-0.0
3928,PHS,0.0,0.0,-0.0
3928,H2,0.0,0.0,-0.0
3929,Li-Ion,0.0,0.0,-0.0
3929,CAES,0.0,0.0,-0.0
3929,PHS,0.0,0.0,-0.0
3929,H2,0.0,0.0,-0.0
3930,Li-Ion,0.0,0.0,-0.0
3930,CAES,0.0,0.0,-0.0
3930,PHS,0.0,0.0,-0.0
3930,H2,0.0,0.0,-0.0
3931,Li-Ion,0.0,0.0,-0.0
3931,CAES,0.0,0.0,-0.0
3931,PHS,0.0,0.0,-0.0
3931,H2,0.0,0.0,-0.0
3932,Li-Ion,0.0,0.0,-0.0
3932,CAES,0.0,0.0,-0.0
3932,PHS,0.0,0.0,-0.0
3932,H2,0.0,0.0,-0.0
3933,Li-Ion,0.0,0.0,-0.0
3933,CAES,0.0,0.0,-0.0
3933,PHS,0.0,0.0,-0.0
3933,H2,0.0,0.0,-0.0
3934,Li-Ion,0.0,0.0,-0.0
3934,CAES,0.0,0.0,-0.0
3934,PHS,0.0,0.0,-0.0
3934,H2,0.0,0.0,-0.0
3935,Li-Ion,0.0,0.0,-0.0
3935,CAES,0.0,0.0,-0.0
3935,PHS,0.0,0.0,-0.0
3935,H2,0.0,0.0,-0.0
3936,Li-Ion,0.0,0.0,-0.0
3936,CAES,0.0,0.0,-0.0
3936,PHS,0.0,0.0,-0.0
3936,H2,0.0,0.0,-0.0
3937,Li-Ion,0.0,0.0,-0.0
3937,CAES,0.0,0.0,-0.0
3937,PHS,0.0,0.0,-0.0
3937,H2,0.0,0.0,-0.0
3938,Li-Ion,0.0,0.0,-0.0
3938,CAES,0.0,0.0,-0.0
3938,PHS,0.0,0.0,-0.0
3938,H2,0.0,0.0,-0.0
3939,Li-Ion,0.0,0.0,-0.0
3939,CAES,0.0,0.0,-0.0
3939,PHS,0.0,0.0,-0.0
3939,H2,0.0,0.0,-0.0
3940,Li-Ion,0.0,0.0,-0.0
3940,CAES,0.0,0.0,-0.0
3940,PHS,0.0,0.0,-0.0
3940,H2,0.0,0.0,-0.0
3941,Li-Ion,0.0,0.0,-0.0
3941,CAES,0.0,0.0,-0.0
3941,PHS,0.0,0.0,-0.0
3941,H2,0.0,0.0,-0.0
3942,Li-Ion,0.0,0.0,-0.0
3942,CAES,0.0,0.0,-0.0
3942,PHS,0.0,0.0,-0.0
3942,H2,0.0,0.0,-0.0
3943,Li-Ion,0.0,0.0,-0.0
3943,CAES,0.0,0.0,-0.0
3943,PHS,0.0,0.0,-0.0
3943,H2,0.0,0.0,-0.0
3944,Li-Ion,0.0,0.0,-0.0
3944,CAES,0.0,0.0,-0.0
3944,PHS,0.0,0.0,-0.0
3944,H2,0.0,0.0,-0.0
3945,Li-Ion,0.0,0.0,-0.0
3945,CAES,0.0,0.0,-0.0
3945,PHS,0.0,0.0,-0.0
3945,H2,0.0,0.0,-0.0
3946,Li-Ion,0.0,0.0,-0.0
3946,CAES,0.0,0.0,-0.0
3946,PHS,0.0,0.0,-0.0
3946,H2,0.0,0.0,-0.0
3947,Li-Ion,0.0,0.0,-0.0
3947,CAES,0.0,0.0,-0.0
3947,PHS,0.0,0.0,-0.0
3947,H2,0.0,0.0,-0.0
3948,Li-Ion,0.0,0.0,-0.0
3948,CAES,0.0,0.0,-0.0
3948,PHS,0.0,0.0,-0.0
3948,H2,0.0,0.0,-0.0
3949,Li-Ion,0.0,0.0,-0.0
3949,CAES,0.0,0.0,-0.0
3949,PHS,0.0,0.0,-0.0
3949,H2,0.0,0.0,-0.0
3950,Li-Ion,0.0,0.0,-0.0
3950,CAES,0.0,0.0,-0.0
3950,PHS,0.0,0.0,-0.0
3950,H2,0.0,0.0,-0.0
3951,Li-Ion,0.0,0.0,-0.0
3951,CAES,0.0,0.0,-0.0
3951,PHS,0.0,0.0,-0.0
3951,H2,0.0,0.0,-0.0
3952,Li-Ion,0.0,0.0,-0.0
3952,CAES,0.0,0.0,-0.0
3952,PHS,0.0,0.0,-0.0
3952,H2,0.0,0.0,-0.0
3953,Li-Ion,0.0,0.0,-0.0
3953,CAES,0.0,0.0,-0.0
3953,PHS,0.0,0.0,-0.0
3953,H2,0.0,0.0,-0.0
3954,Li-Ion,0.0,0.0,-0.0
3954,CAES,0.0,0.0,-0.0
3954,PHS,0.0,0.0,-0.0
3954,H2,0.0,0.0,-0.0
3955,Li-Ion,0.0,0.0,-0.0
3955,CAES,0.0,0.0,-0.0
3955,PHS,0.0,0.0,-0.0
3955,H2,0.0,0.0,-0.0
3956,Li-Ion,0.0,0.0,-0.0
3956,CAES,0.0,0.0,-0.0
3956,PHS,0.0,0.0,-0.0
3956,H2,0.0,0.0,-0.0
3957,Li-Ion,0.0,0.0,-0.0
3957,CAES,0.0,0.0,-0.0
3957,PHS,0.0,0.0,-0.0
3957,H2,0.0,0.0,-0.0
3958,Li-Ion,0.0,0.0,-0.0
3958,CAES,0.0,0.0,-0.0
3958,PHS,0.0,0.0,-0.0
3958,H2,0.0,0.0,-0.0
3959,Li-Ion,0.0,0.0,-0.0
3959,CAES,0.0,0.0,-0.0
3959,PHS,0.0,0.0,-0.0
3959,H2,0.0,0.0,-0.0
3960,Li-Ion,0.0,0.0,-0.0
3960,CAES,0.0,0.0,-0.0
3960,PHS,0.0,0.0,-0.0
3960,H2,0.0,0.0,-0.0
3961,Li-Ion,0.0,0.0,-0.0
3961,CAES,0.0,0.0,-0.0
3961,PHS,0.0,0.0,-0.0
3961,H2,0.0,0.0,-0.0
3962,Li-Ion,0.0,0.0,-0.0
3962,CAES,0.0,0.0,-0.0
3962,PHS,0.0,0.0,-0.0
3962,H2,0.0,0.0,-0.0
3963,Li-Ion,0.0,0.0,-0.0
3963,CAES,0.0,0.0,-0.0
3963,PHS,0.0,0.0,-0.0
3963,H2,0.0,0.0,-0.0
3964,Li-Ion,0.0,0.0,-0.0
3964,CAES,0.0,0.0,-0.0
3964,PHS,0.0,0.0,-0.0
3964,H2,0.0,0.0,-0.0
3965,Li-Ion,0.0,0.0,-0.0
3965,CAES,0.0,0.0,-0.0
3965,PHS,0.0,0.0,-0.0
3965,H2,0.0,0.0,-0.0
3966,Li-Ion,0.0,0.0,-0.0
3966,CAES,0.0,0.0,-0.0
3966,PHS,0.0,0.0,-0.0
3966,H2,0.0,0.0,-0.0
3967,Li-Ion,0.0,0.0,-0.0
3967,CAES,0.0,0.0,-0.0
3967,PHS,0.0,0.0,-0.0
3967,H2,0.0,0.0,-0.0
3968,Li-Ion,0.0,0.0,-0.0
3968,CAES,0.0,0.0,-0.0
3968,PHS,0.0,0.0,-0.0
3968,H2,0.0,0.0,-0.0
3969,Li-Ion,0.0,0.0,-0.0
3969,CAES,0.0,0.0,-0.0
3969,PHS,0.0,0.0,-0.0
3969,H2,0.0,0.0,-0.0
3970,Li-Ion,0.0,0.0,-0.0
3970,CAES,0.0,0.0,-0.0
3970,PHS,0.0,0.0,-0.0
3970,H2,0.0,0.0,-0.0
3971,Li-Ion,0.0,0.0,-0.0
3971,CAES,0.0,0.0,-0.0
3971,PHS,0.0,0.0,-0.0
3971,H2,0.0,0.0,-0.0
3972,Li-Ion,0.0,0.0,-0.0
3972,CAES,0.0,0.0,-0.0
3972,PHS,0.0,0.0,-0.0
3972,H2,0.0,0.0,-0.0
3973,Li-Ion,0.0,0.0,-0.0
3973,CAES,0.0,0.0,-0.0
3973,PHS,0.0,0.0,-0.0
3973,H2,0.0,0.0,-0.0
3974,Li-Ion,0.0,0.0,-0.0
3974,CAES,0.0,0.0,-0.0
3974,PHS,0.0,0.0,-0.0
3974,H2,0.0,0.0,-0.0
3975,Li-Ion,0.0,0.0,-0.0
3975,CAES,0.0,0.0,-0.0
3975,PHS,0.0,0.0,-0.0
3975,H2,0.0,0.0,-0.0
3976,Li-Ion,0.0,0.0,-0.0
3976,CAES,0.0,0.0,-0.0
3976,PHS,0.0,0.0,-0.0
3976,H2,0.0,0.0,-0.0
3977,Li-Ion,0.0,0.0,-0.0
3977,CAES,0.0,0.0,-0.0
3977,PHS,0.0,0.0,-0.0
3977,H2,0.0,0.0,-0.0
3978,Li-Ion,0.0,0.0,-0.0
3978,CAES,0.0,0.0,-0.0
3978,PHS,0.0,0.0,-0.0
3978,H2,0.0,0.0,-0.0
3979,Li-Ion,0.0,0.0,-0.0
3979,CAES,0.0,0.0,-0.0
3979,PHS,0.0,0.0,-0.0
3979,H2,0.0,0.0,-0.0
3980,Li-Ion,0.0,0.0,-0.0
3980,CAES,0.0,0.0,-0.0
3980,PHS,0.0,0.0,-0.0
3980,H2,0.0,0.0,-0.0
3981,Li-Ion,0.0,0.0,-0.0
3981,CAES,0.0,0.0,-0.0
3981,PHS,0.0,0.0,-0.0
3981,H2,0.0,0.0,-0.0
3982,Li-Ion,0.0,0.0,-0.0
3982,CAES,0.0,0.0,-0.0
3982,PHS,0.0,0.0,-0.0
3982,H2,0.0,0.0,-0.0
3983,Li-Ion,0.0,0.0,-0.0
3983,CAES,0.0,0.0,-0.0
3983,PHS,0.0,0.0,-0.0
3983,H2,0.0,0.0,-0.0
3984,Li-Ion,0.0,0.0,-0.0
3984,CAES,0.0,0.0,-0.0
3984,PHS,0.0,0.0,-0.0
3984,H2,0.0,0.0,-0.0
3985,Li-Ion,0.0,0.0,-0.0
3985,CAES,0.0,0.0,-0.0
3985,PHS,0.0,0.0,-0.0
3985,H2,0.0,0.0,-0.0
3986,Li-Ion,0.0,0.0,-0.0
3986,CAES,0.0,0.0,-0.0
3986,PHS,0.0,0.0,-0.0
3986,H2,0.0,0.0,-0.0
3987,Li-Ion,0.0,0.0,-0.0
3987,CAES,0.0,0.0,-0.0
3987,PHS,0.0,0.0,-0.0
3987,H2,0.0,0.0,-0.0
3988,Li-Ion,0.0,0.0,-0.0
3988,CAES,0.0,0.0,-0.0
3988,PHS,0.0,0.0,-0.0
3988,H2,0.0,0.0,-0.0
3989,Li-Ion,0.0,0.0,-0.0
3989,CAES,0.0,0.0,-0.0
3989,PHS,0.0,0.0,-0.0
3989,H2,0.0,0.0,-0.0
3990,Li-Ion,0.0,0.0,-0.0
3990,CAES,0.0,0.0,-0.0
3990,PHS,0.0,0.0,-0.0
3990,H2,0.0,0.0,-0.0
3991,Li-Ion,0.0,0.0,-0.0
3991,CAES,0.0,0.0,-0.0
3991,PHS,0.0,0.0,-0.0
3991,H2,0.0,0.0,-0.0
3992,Li-Ion,0.0,0.0,-0.0
3992,CAES,0.0,0.0,-0.0
3992,PHS,0.0,0.0,-0.0
3992,H2,0.0,0.0,-0.0
3993,Li-Ion,0.0,0.0,-0.0
3993,CAES,0.0,0.0,-0.0
3993,PHS,0.0,0.0,-0.0
3993,H2,0.0,0.0,-0.0
3994,Li-Ion,0.0,0.0,-0.0
3994,CAES,0.0,0.0,-0.0
3994,PHS,0.0,0.0,-0.0
3994,H2,0.0,0.0,-0.0
3995,Li-Ion,0.0,0.0,-0.0
3995,CAES,0.0,0.0,-0.0
3995,PHS,0.0,0.0,-0.0
3995,H2,0.0,0.0,-0.0
3996,Li-Ion,0.0,0.0,-0.0
3996,CAES,0.0,0.0,-0.0
3996,PHS,0.0,0.0,-0.0
3996,H2,0.0,0.0,-0.0
3997,Li-Ion,0.0,0.0,-0.0
3997,CAES,0.0,0.0,-0.0
3997,PHS,0.0,0.0,-0.0
3997,H2,0.0,0.0,-0.0
3998,Li-Ion,0.0,0.0,-0.0
3998,CAES,0.0,0.0,-0.0
3998,PHS,0.0,0.0,-0.0
3998,H2,0.0,0.0,-0.0
3999,Li-Ion,0.0,0.0,-0.0
3999,CAES,0.0,0.0,-0.0
3999,PHS,0.0,0.0,-0.0
3999,H2,0.0,0.0,-0.0
4000,Li-Ion,0.0,0.0,-0.0
4000,CAES,0.0,0.0,-0.0
4000,PHS,0.0,0.0,-0.0
4000,H2,0.0,0.0,-0.0
4001,Li-Ion,0.0,0.0,-0.0
4001,CAES,0.0,0.0,-0.0
4001,PHS,0.0,0.0,-0.0
4001,H2,0.0,0.0,-0.0
4002,Li-Ion,0.0,0.0,-0.0
4002,CAES,0.0,0.0,-0.0
4002,PHS,0.0,0.0,-0.0
4002,H2,0.0,0.0,-0.0
4003,Li-Ion,0.0,0.0,-0.0
4003,CAES,0.0,0.0,-0.0
4003,PHS,0.0,0.0,-0.0
4003,H2,0.0,0.0,-0.0
4004,Li-Ion,0.0,0.0,-0.0
4004,CAES,0.0,0.0,-0.0
4004,PHS,0.0,0.0,-0.0
4004,H2,0.0,0.0,-0.0
4005,Li-Ion,0.0,0.0,-0.0
4005,CAES,0.0,0.0,-0.0
4005,PHS,0.0,0.0,-0.0
4005,H2,0.0,0.0,-0.0
4006,Li-Ion,0.0,0.0,-0.0
4006,CAES,0.0,0.0,-0.0
4006,PHS,0.0,0.0,-0.0
4006,H2,0.0,0.0,-0.0
4007,Li-Ion,0.0,0.0,-0.0
4007,CAES,0.0,0.0,-0.0
4007,PHS,0.0,0.0,-0.0
4007,H2,0.0,0.0,-0.0
4008,Li-Ion,0.0,0.0,-0.0
4008,CAES,0.0,0.0,-0.0
4008,PHS,0.0,0.0,-0.0
4008,H2,0.0,0.0,-0.0
4009,Li-Ion,0.0,0.0,-0.0
4009,CAES,0.0,0.0,-0.0
4009,PHS,0.0,0.0,-0.0
4009,H2,0.0,0.0,-0.0
4010,Li-Ion,0.0,0.0,-0.0
4010,CAES,0.0,0.0,-0.0
4010,PHS,0.0,0.0,-0.0
4010,H2,0.0,0.0,-0.0
4011,Li-Ion,0.0,0.0,-0.0
4011,CAES,0.0,0.0,-0.0
4011,PHS,0.0,0.0,-0.0
4011,H2,0.0,0.0,-0.0
4012,Li-Ion,0.0,0.0,-0.0
4012,CAES,0.0,0.0,-0.0
4012,PHS,0.0,0.0,-0.0
4012,H2,0.0,0.0,-0.0
4013,Li-Ion,0.0,0.0,-0.0
4013,CAES,0.0,0.0,-0.0
4013,PHS,0.0,0.0,-0.0
4013,H2,0.0,0.0,-0.0
4014,Li-Ion,0.0,0.0,-0.0
4014,CAES,0.0,0.0,-0.0
4014,PHS,0.0,0.0,-0.0
4014,H2,0.0,0.0,-0.0
4015,Li-Ion,0.0,0.0,-0.0
4015,CAES,0.0,-0.0,-0.0
4015,PHS,0.0,-0.0,-0.0
4015,H2,0.0,-0.0,-0.0
4016,Li-Ion,0.0,0.0,-0.0
4016,CAES,0.0,0.0,-0.0
4016,PHS,0.0,0.0,-0.0
4016,H2,0.0,0.0,-0.0
4017,Li-Ion,0.0,0.0,-0.0
4017,CAES,0.0,0.0,-0.0
4017,PHS,0.0,0.0,-0.0
4017,H2,0.0,0.0,-0.0
4018,Li-Ion,0.0,0.0,-0.0
4018,CAES,0.0,0.0,-0.0
4018,PHS,0.0,0.0,-0.0
4018,H2,0.0,0.0,-0.0
4019,Li-Ion,0.0,0.0,-0.0
4019,CAES,0.0,0.0,-0.0
4019,PHS,0.0,0.0,-0.0
4019,H2,0.0,0.0,-0.0
4020,Li-Ion,0.0,0.0,-0.0
4020,CAES,0.0,0.0,-0.0
4020,PHS,0.0,0.0,-0.0
4020,H2,0.0,0.0,-0.0
4021,Li-Ion,0.0,0.0,-0.0
4021,CAES,0.0,0.0,-0.0
4021,PHS,0.0,0.0,-0.0
4021,H2,0.0,0.0,-0.0
4022,Li-Ion,0.0,0.0,-0.0
4022,CAES,0.0,0.0,-0.0
4022,PHS,0.0,0.0,-0.0
4022,H2,0.0,0.0,-0.0
4023,Li-Ion,0.0,0.0,-0.0
4023,CAES,0.0,0.0,-0.0
4023,PHS,0.0,0.0,-0.0
4023,H2,0.0,0.0,-0.0
4024,Li-Ion,0.0,0.0,-0.0
4024,CAES,0.0,0.0,-0.0
4024,PHS,0.0,0.0,-0.0
4024,H2,0.0,0.0,-0.0
4025,Li-Ion,0.0,0.0,-0.0
4025,CAES,0.0,0.0,-0.0
4025,PHS,0.0,0.0,-0.0
4025,H2,0.0,0.0,-0.0
4026,Li-Ion,0.0,0.0,-0.0
4026,CAES,0.0,0.0,-0.0
4026,PHS,0.0,0.0,-0.0
4026,H2,0.0,0.0,-0.0
4027,Li-Ion,0.0,0.0,-0.0
4027,CAES,0.0,0.0,-0.0
4027,PHS,0.0,0.0,-0.0
4027,H2,0.0,0.0,-0.0
4028,Li-Ion,0.0,0.0,-0.0
4028,CAES,0.0,0.0,-0.0
4028,PHS,0.0,0.0,-0.0
4028,H2,0.0,0.0,-0.0
4029,Li-Ion,0.0,0.0,-0.0
4029,CAES,0.0,0.0,-0.0
4029,PHS,0.0,0.0,-0.0
4029,H2,0.0,0.0,-0.0
4030,Li-Ion,0.0,0.0,-0.0
4030,CAES,0.0,0.0,-0.0
4030,PHS,0.0,0.0,-0.0
4030,H2,0.0,0.0,-0.0
4031,Li-Ion,0.0,0.0,-0.0
4031,CAES,0.0,0.0,-0.0
4031,PHS,0.0,0.0,-0.0
4031,H2,0.0,0.0,-0.0
4032,Li-Ion,0.0,0.0,-0.0
4032,CAES,0.0,0.0,-0.0
4032,PHS,0.0,0.0,-0.0
4032,H2,0.0,0.0,-0.0
4033,Li-Ion,0.0,0.0,-0.0
4033,CAES,0.0,0.0,-0.0
4033,PHS,0.0,0.0,-0.0
4033,H2,0.0,0.0,-0.0
4034,Li-Ion,0.0,0.0,-0.0
4034,CAES,0.0,0.0,-0.0
4034,PHS,0.0,0.0,-0.0
4034,H2,0.0,0.0,-0.0
4035,Li-Ion,0.0,0.0,-0.0
4035,CAES,0.0,0.0,-0.0
4035,PHS,0.0,0.0,-0.0
4035,H2,0.0,0.0,-0.0
4036,Li-Ion,0.0,0.0,-0.0
4036,CAES,0.0,0.0,-0.0
4036,PHS,0.0,0.0,-0.0
4036,H2,0.0,0.0,-0.0
4037,Li-Ion,0.0,0.0,-0.0
4037,CAES,0.0,0.0,-0.0
4037,PHS,0.0,0.0,-0.0
4037,H2,0.0,0.0,-0.0
4038,Li-Ion,0.0,0.0,-0.0
4038,CAES,0.0,0.0,-0.0
4038,PHS,0.0,0.0,-0.0
4038,H2,0.0,0.0,-0.0
4039,Li-Ion,0.0,0.0,-0.0
4039,CAES,0.0,0.0,-0.0
4039,PHS,0.0,0.0,-0.0
4039,H2,0.0,0.0,-0.0
4040,Li-Ion,0.0,0.0,-0.0
4040,CAES,0.0,0.0,-0.0
4040,PHS,0.0,0.0,-0.0
4040,H2,0.0,0.0,-0.0
4041,Li-Ion,0.0,0.0,-0.0
4041,CAES,0.0,0.0,-0.0
4041,PHS,0.0,0.0,-0.0
4041,H2,0.0,0.0,-0.0
4042,Li-Ion,0.0,0.0,-0.0
4042,CAES,0.0,0.0,-0.0
4042,PHS,0.0,0.0,-0.0
4042,H2,0.0,0.0,-0.0
4043,Li-Ion,0.0,0.0,-0.0
4043,CAES,0.0,0.0,-0.0
4043,PHS,0.0,0.0,-0.0
4043,H2,0.0,0.0,-0.0
4044,Li-Ion,0.0,0.0,-0.0
4044,CAES,0.0,0.0,-0.0
4044,PHS,0.0,0.0,-0.0
4044,H2,0.0,0.0,-0.0
4045,Li-Ion,0.0,0.0,-0.0
4045,CAES,0.0,0.0,-0.0
4045,PHS,0.0,0.0,-0.0
4045,H2,0.0,0.0,-0.0
4046,Li-Ion,0.0,0.0,-0.0
4046,CAES,0.0,0.0,-0.0
4046,PHS,0.0,0.0,-0.0
4046,H2,0.0,0.0,-0.0
4047,Li-Ion,0.0,0.0,-0.0
4047,CAES,0.0,0.0,-0.0
4047,PHS,0.0,0.0,-0.0
4047,H2,0.0,0.0,-0.0
4048,Li-Ion,0.0,0.0,-0.0
4048,CAES,0.0,0.0,-0.0
4048,PHS,0.0,0.0,-0.0
4048,H2,0.0,0.0,-0.0
4049,Li-Ion,0.0,0.0,-0.0
4049,CAES,0.0,0.0,-0.0
4049,PHS,0.0,0.0,-0.0
4049,H2,0.0,0.0,-0.0
4050,Li-Ion,0.0,0.0,-0.0
4050,CAES,0.0,0.0,-0.0
4050,PHS,0.0,0.0,-0.0
4050,H2,0.0,0.0,-0.0
4051,Li-Ion,0.0,0.0,-0.0
4051,CAES,0.0,0.0,-0.0
4051,PHS,0.0,0.0,-0.0
4051,H2,0.0,0.0,-0.0
4052,Li-Ion,0.0,0.0,-0.0
4052,CAES,0.0,0.0,-0.0
4052,PHS,0.0,0.0,-0.0
4052,H2,0.0,0.0,-0.0
4053,Li-Ion,0.0,0.0,-0.0
4053,CAES,0.0,0.0,-0.0
4053,PHS,0.0,0.0,-0.0
4053,H2,0.0,0.0,-0.0
4054,Li-Ion,0.0,0.0,-0.0
4054,CAES,0.0,0.0,-0.0
4054,PHS,0.0,0.0,-0.0
4054,H2,0.0,0.0,-0.0
4055,Li-Ion,0.0,0.0,-0.0
4055,CAES,0.0,0.0,-0.0
4055,PHS,0.0,0.0,-0.0
4055,H2,0.0,0.0,-0.0
4056,Li-Ion,0.0,0.0,-0.0
4056,CAES,0.0,0.0,-0.0
4056,PHS,0.0,0.0,-0.0
4056,H2,0.0,0.0,-0.0
4057,Li-Ion,0.0,0.0,-0.0
4057,CAES,0.0,0.0,-0.0
4057,PHS,0.0,0.0,-0.0
4057,H2,0.0,0.0,-0.0
4058,Li-Ion,0.0,0.0,-0.0
4058,CAES,0.0,0.0,-0.0
4058,PHS,0.0,0.0,-0.0
4058,H2,0.0,0.0,-0.0
4059,Li-Ion,0.0,0.0,-0.0
4059,CAES,0.0,0.0,-0.0
4059,PHS,0.0,0.0,-0.0
4059,H2,0.0,0.0,-0.0
4060,Li-Ion,0.0,0.0,-0.0
4060,CAES,0.0,0.0,-0.0
4060,PHS,0.0,0.0,-0.0
4060,H2,0.0,0.0,-0.0
4061,Li-Ion,0.0,0.0,-0.0
4061,CAES,0.0,0.0,-0.0
4061,PHS,0.0,0.0,-0.0
4061,H2,0.0,0.0,-0.0
4062,Li-Ion,0.0,0.0,-0.0
4062,CAES,0.0,0.0,-0.0
4062,PHS,0.0,0.0,-0.0
4062,H2,0.0,0.0,-0.0
4063,Li-Ion,0.0,0.0,-0.0
4063,CAES,0.0,0.0,-0.0
4063,PHS,0.0,0.0,-0.0
4063,H2,0.0,0.0,-0.0
4064,Li-Ion,0.0,0.0,-0.0
4064,CAES,0.0,0.0,-0.0
4064,PHS,0.0,0.0,-0.0
4064,H2,0.0,0.0,-0.0
4065,Li-Ion,0.0,0.0,-0.0
4065,CAES,0.0,0.0,-0.0
4065,PHS,0.0,0.0,-0.0
4065,H2,0.0,0.0,-0.0
4066,Li-Ion,0.0,0.0,-0.0
4066,CAES,0.0,0.0,-0.0
4066,PHS,0.0,0.0,-0.0
4066,H2,0.0,0.0,-0.0
4067,Li-Ion,0.0,0.0,-0.0
4067,CAES,0.0,0.0,-0.0
4067,PHS,0.0,0.0,-0.0
4067,H2,0.0,0.0,-0.0
4068,Li-Ion,0.0,0.0,-0.0
4068,CAES,0.0,0.0,-0.0
4068,PHS,0.0,0.0,-0.0
4068,H2,0.0,0.0,-0.0
4069,Li-Ion,0.0,0.0,-0.0
4069,CAES,0.0,0.0,-0.0
4069,PHS,0.0,0.0,-0.0
4069,H2,0.0,0.0,-0.0
4070,Li-Ion,0.0,0.0,-0.0
4070,CAES,0.0,0.0,-0.0
4070,PHS,0.0,0.0,-0.0
4070,H2,0.0,0.0,-0.0
4071,Li-Ion,0.0,0.0,-0.0
4071,CAES,0.0,0.0,-0.0
4071,PHS,0.0,0.0,-0.0
4071,H2,0.0,0.0,-0.0
4072,Li-Ion,0.0,0.0,-0.0
4072,CAES,0.0,0.0,-0.0
4072,PHS,0.0,0.0,-0.0
4072,H2,0.0,0.0,-0.0
4073,Li-Ion,0.0,0.0,-0.0
4073,CAES,0.0,0.0,-0.0
4073,PHS,0.0,0.0,-0.0
4073,H2,0.0,0.0,-0.0
4074,Li-Ion,0.0,0.0,-0.0
4074,CAES,0.0,0.0,-0.0
4074,PHS,0.0,0.0,-0.0
4074,H2,0.0,0.0,-0.0
4075,Li-Ion,0.0,0.0,-0.0
4075,CAES,0.0,0.0,-0.0
4075,PHS,0.0,0.0,-0.0
4075,H2,0.0,0.0,-0.0
4076,Li-Ion,0.0,0.0,-0.0
4076,CAES,0.0,0.0,-0.0
4076,PHS,0.0,0.0,-0.0
4076,H2,0.0,0.0,-0.0
4077,Li-Ion,0.0,0.0,-0.0
4077,CAES,0.0,0.0,-0.0
4077,PHS,0.0,0.0,-0.0
4077,H2,0.0,0.0,-0.0
4078,Li-Ion,0.0,0.0,-0.0
4078,CAES,0.0,0.0,-0.0
4078,PHS,0.0,0.0,-0.0
4078,H2,0.0,0.0,-0.0
4079,Li-Ion,0.0,0.0,-0.0
4079,CAES,0.0,0.0,-0.0
4079,PHS,0.0,0.0,-0.0
4079,H2,0.0,0.0,-0.0
4080,Li-Ion,0.0,0.0,-0.0
4080,CAES,0.0,0.0,-0.0
4080,PHS,0.0,0.0,-0.0
4080,H2,0.0,0.0,-0.0
4081,Li-Ion,0.0,0.0,-0.0
4081,CAES,0.0,0.0,-0.0
4081,PHS,0.0,0.0,-0.0
4081,H2,0.0,0.0,-0.0
4082,Li-Ion,0.0,0.0,-0.0
4082,CAES,0.0,0.0,-0.0
4082,PHS,0.0,0.0,-0.0
4082,H2,0.0,0.0,-0.0
4083,Li-Ion,0.0,0.0,-0.0
4083,CAES,0.0,0.0,-0.0
4083,PHS,0.0,0.0,-0.0
4083,H2,0.0,0.0,-0.0
4084,Li-Ion,0.0,0.0,-0.0
4084,CAES,0.0,0.0,-0.0
4084,PHS,0.0,0.0,-0.0
4084,H2,0.0,0.0,-0.0
4085,Li-Ion,0.0,0.0,-0.0
4085,CAES,0.0,0.0,-0.0
4085,PHS,0.0,0.0,-0.0
4085,H2,0.0,0.0,-0.0
4086,Li-Ion,0.0,0.0,-0.0
4086,CAES,0.0,0.0,-0.0
4086,PHS,0.0,0.0,-0.0
4086,H2,0.0,0.0,-0.0
4087,Li-Ion,0.0,0.0,-0.0
4087,CAES,0.0,0.0,-0.0
4087,PHS,0.0,0.0,-0.0
4087,H2,0.0,0.0,-0.0
4088,Li-Ion,0.0,0.0,-0.0
4088,CAES,0.0,0.0,-0.0
4088,PHS,0.0,0.0,-0.0
4088,H2,0.0,0.0,-0.0
4089,Li-Ion,0.0,0.0,-0.0
4089,CAES,0.0,0.0,-0.0
4089,PHS,0.0,0.0,-0.0
4089,H2,0.0,0.0,-0.0
4090,Li-Ion,0.0,0.0,-0.0
4090,CAES,0.0,0.0,-0.0
4090,PHS,0.0,0.0,-0.0
4090,H2,0.0,0.0,-0.0
4091,Li-Ion,0.0,0.0,-0.0
4091,CAES,0.0,0.0,-0.0
4091,PHS,0.0,0.0,-0.0
4091,H2,0.0,0.0,-0.0
4092,Li-Ion,0.0,0.0,-0.0
4092,CAES,0.0,0.0,-0.0
4092,PHS,0.0,0.0,-0.0
4092,H2,0.0,0.0,-0.0
4093,Li-Ion,0.0,0.0,-0.0
4093,CAES,0.0,0.0,-0.0
4093,PHS,0.0,0.0,-0.0
4093,H2,0.0,0.0,-0.0
4094,Li-Ion,0.0,0.0,-0.0
4094,CAES,0.0,0.0,-0.0
4094,PHS,0.0,0.0,-0.0
4094,H2,0.0,0.0,-0.0
4095,Li-Ion,0.0,0.0,-0.0
4095,CAES,0.0,0.0,-0.0
4095,PHS,0.0,0.0,-0.0
4095,H2,0.0,0.0,-0.0
4096,Li-Ion,0.0,0.0,-0.0
4096,CAES,0.0,0.0,-0.0
4096,PHS,0.0,0.0,-0.0
4096,H2,0.0,0.0,-0.0
4097,Li-Ion,0.0,0.0,-0.0
4097,CAES,0.0,0.0,-0.0
4097,PHS,0.0,0.0,-0.0
4097,H2,0.0,0.0,-0.0
4098,Li-Ion,0.0,0.0,-0.0
4098,CAES,0.0,0.0,-0.0
4098,PHS,0.0,0.0,-0.0
4098,H2,0.0,0.0,-0.0
4099,Li-Ion,0.0,0.0,-0.0
4099,CAES,0.0,0.0,-0.0
4099,PHS,0.0,0.0,-0.0
4099,H2,0.0,0.0,-0.0
4100,Li-Ion,0.0,0.0,-0.0
4100,CAES,0.0,0.0,-0.0
4100,PHS,0.0,0.0,-0.0
4100,H2,0.0,0.0,-0.0
4101,Li-Ion,0.0,0.0,-0.0
4101,CAES,0.0,0.0,-0.0
4101,PHS,0.0,0.0,-0.0
4101,H2,0.0,0.0,-0.0
4102,Li-Ion,0.0,0.0,-0.0
4102,CAES,0.0,0.0,-0.0
4102,PHS,0.0,0.0,-0.0
4102,H2,0.0,0.0,-0.0
4103,Li-Ion,0.0,0.0,-0.0
4103,CAES,0.0,0.0,-0.0
4103,PHS,0.0,0.0,-0.0
4103,H2,0.0,0.0,-0.0
4104,Li-Ion,0.0,0.0,-0.0
4104,CAES,0.0,0.0,-0.0
4104,PHS,0.0,0.0,-0.0
4104,H2,0.0,0.0,-0.0
4105,Li-Ion,0.0,0.0,-0.0
4105,CAES,0.0,0.0,-0.0
4105,PHS,0.0,0.0,-0.0
4105,H2,0.0,0.0,-0.0
4106,Li-Ion,0.0,0.0,-0.0
4106,CAES,0.0,0.0,-0.0
4106,PHS,0.0,0.0,-0.0
4106,H2,0.0,0.0,-0.0
4107,Li-Ion,0.0,0.0,-0.0
4107,CAES,0.0,0.0,-0.0
4107,PHS,0.0,0.0,-0.0
4107,H2,0.0,0.0,-0.0
4108,Li-Ion,0.0,0.0,-0.0
4108,CAES,0.0,0.0,-0.0
4108,PHS,0.0,0.0,-0.0
4108,H2,0.0,0.0,-0.0
4109,Li-Ion,0.0,0.0,-0.0
4109,CAES,0.0,0.0,-0.0
4109,PHS,0.0,0.0,-0.0
4109,H2,0.0,0.0,-0.0
4110,Li-Ion,0.0,0.0,-0.0
4110,CAES,0.0,0.0,-0.0
4110,PHS,0.0,0.0,-0.0
4110,H2,0.0,0.0,-0.0
4111,Li-Ion,0.0,0.0,-0.0
4111,CAES,0.0,0.0,-0.0
4111,PHS,0.0,0.0,-0.0
4111,H2,0.0,0.0,-0.0
4112,Li-Ion,0.0,0.0,-0.0
4112,CAES,0.0,0.0,-0.0
4112,PHS,0.0,0.0,-0.0
4112,H2,0.0,0.0,-0.0
4113,Li-Ion,0.0,0.0,-0.0
4113,CAES,0.0,0.0,-0.0
4113,PHS,0.0,0.0,-0.0
4113,H2,0.0,0.0,-0.0
4114,Li-Ion,0.0,0.0,-0.0
4114,CAES,0.0,0.0,-0.0
4114,PHS,0.0,0.0,-0.0
4114,H2,0.0,0.0,-0.0
4115,Li-Ion,0.0,0.0,-0.0
4115,CAES,0.0,0.0,-0.0
4115,PHS,0.0,0.0,-0.0
4115,H2,0.0,0.0,-0.0
4116,Li-Ion,0.0,0.0,-0.0
4116,CAES,0.0,0.0,-0.0
4116,PHS,0.0,0.0,-0.0
4116,H2,0.0,0.0,-0.0
4117,Li-Ion,0.0,0.0,-0.0
4117,CAES,0.0,0.0,-0.0
4117,PHS,0.0,0.0,-0.0
4117,H2,0.0,0.0,-0.0
4118,Li-Ion,0.0,0.0,-0.0
4118,CAES,0.0,0.0,-0.0
4118,PHS,0.0,0.0,-0.0
4118,H2,0.0,0.0,-0.0
4119,Li-Ion,0.0,0.0,-0.0
4119,CAES,0.0,0.0,-0.0
4119,PHS,0.0,0.0,-0.0
4119,H2,0.0,0.0,-0.0
4120,Li-Ion,0.0,0.0,-0.0
4120,CAES,0.0,0.0,-0.0
4120,PHS,0.0,0.0,-0.0
4120,H2,0.0,0.0,-0.0
4121,Li-Ion,0.0,0.0,-0.0
4121,CAES,0.0,0.0,-0.0
4121,PHS,0.0,0.0,-0.0
4121,H2,0.0,0.0,-0.0
4122,Li-Ion,0.0,0.0,-0.0
4122,CAES,0.0,0.0,-0.0
4122,PHS,0.0,0.0,-0.0
4122,H2,0.0,0.0,-0.0
4123,Li-Ion,0.0,0.0,-0.0
4123,CAES,0.0,0.0,-0.0
4123,PHS,0.0,0.0,-0.0
4123,H2,0.0,0.0,-0.0
4124,Li-Ion,0.0,0.0,-0.0
4124,CAES,0.0,0.0,-0.0
4124,PHS,0.0,0.0,-0.0
4124,H2,0.0,0.0,-0.0
4125,Li-Ion,0.0,0.0,-0.0
4125,CAES,0.0,0.0,-0.0
4125,PHS,0.0,0.0,-0.0
4125,H2,0.0,0.0,-0.0
4126,Li-Ion,0.0,0.0,-0.0
4126,CAES,0.0,0.0,-0.0
4126,PHS,0.0,0.0,-0.0
4126,H2,0.0,0.0,-0.0
4127,Li-Ion,0.0,0.0,-0.0
4127,CAES,0.0,0.0,-0.0
4127,PHS,0.0,0.0,-0.0
4127,H2,0.0,0.0,-0.0
4128,Li-Ion,0.0,0.0,-0.0
4128,CAES,0.0,0.0,-0.0
4128,PHS,0.0,0.0,-0.0
4128,H2,0.0,0.0,-0.0
4129,Li-Ion,0.0,0.0,-0.0
4129,CAES,0.0,0.0,-0.0
4129,PHS,0.0,0.0,-0.0
4129,H2,0.0,0.0,-0.0
4130,Li-Ion,0.0,0.0,-0.0
4130,CAES,0.0,0.0,-0.0
4130,PHS,0.0,0.0,-0.0
4130,H2,0.0,0.0,-0.0
4131,Li-Ion,0.0,0.0,-0.0
4131,CAES,0.0,0.0,-0.0
4131,PHS,0.0,0.0,-0.0
4131,H2,0.0,0.0,-0.0
4132,Li-Ion,0.0,0.0,-0.0
4132,CAES,0.0,0.0,-0.0
4132,PHS,0.0,0.0,-0.0
4132,H2,0.0,0.0,-0.0
4133,Li-Ion,0.0,0.0,-0.0
4133,CAES,0.0,0.0,-0.0
4133,PHS,0.0,0.0,-0.0
4133,H2,0.0,0.0,-0.0
4134,Li-Ion,0.0,0.0,-0.0
4134,CAES,0.0,0.0,-0.0
4134,PHS,0.0,0.0,-0.0
4134,H2,0.0,0.0,-0.0
4135,Li-Ion,0.0,0.0,-0.0
4135,CAES,0.0,0.0,-0.0
4135,PHS,0.0,0.0,-0.0
4135,H2,0.0,0.0,-0.0
4136,Li-Ion,0.0,0.0,-0.0
4136,CAES,0.0,0.0,-0.0
4136,PHS,0.0,0.0,-0.0
4136,H2,0.0,0.0,-0.0
4137,Li-Ion,0.0,0.0,-0.0
4137,CAES,0.0,0.0,-0.0
4137,PHS,0.0,0.0,-0.0
4137,H2,0.0,0.0,-0.0
4138,Li-Ion,0.0,0.0,-0.0
4138,CAES,0.0,0.0,-0.0
4138,PHS,0.0,0.0,-0.0
4138,H2,0.0,0.0,-0.0
4139,Li-Ion,0.0,0.0,-0.0
4139,CAES,0.0,0.0,-0.0
4139,PHS,0.0,0.0,-0.0
4139,H2,0.0,0.0,-0.0
4140,Li-Ion,0.0,0.0,-0.0
4140,CAES,0.0,0.0,-0.0
4140,PHS,0.0,0.0,-0.0
4140,H2,0.0,0.0,-0.0
4141,Li-Ion,0.0,0.0,-0.0
4141,CAES,0.0,0.0,-0.0
4141,PHS,0.0,0.0,-0.0
4141,H2,0.0,0.0,-0.0
4142,Li-Ion,0.0,0.0,-0.0
4142,CAES,0.0,0.0,-0.0
4142,PHS,0.0,0.0,-0.0
4142,H2,0.0,0.0,-0.0
4143,Li-Ion,0.0,0.0,-0.0
4143,CAES,0.0,0.0,-0.0
4143,PHS,0.0,0.0,-0.0
4143,H2,0.0,0.0,-0.0
4144,Li-Ion,0.0,0.0,-0.0
4144,CAES,0.0,0.0,-0.0
4144,PHS,0.0,0.0,-0.0
4144,H2,0.0,0.0,-0.0
4145,Li-Ion,0.0,0.0,-0.0
4145,CAES,0.0,0.0,-0.0
4145,PHS,0.0,0.0,-0.0
4145,H2,0.0,0.0,-0.0
4146,Li-Ion,0.0,0.0,-0.0
4146,CAES,0.0,0.0,-0.0
4146,PHS,0.0,0.0,-0.0
4146,H2,0.0,0.0,-0.0
4147,Li-Ion,0.0,0.0,-0.0
4147,CAES,0.0,0.0,-0.0
4147,PHS,0.0,0.0,-0.0
4147,H2,0.0,0.0,-0.0
4148,Li-Ion,0.0,0.0,-0.0
4148,CAES,0.0,0.0,-0.0
4148,PHS,0.0,0.0,-0.0
4148,H2,0.0,0.0,-0.0
4149,Li-Ion,0.0,0.0,-0.0
4149,CAES,0.0,0.0,-0.0
4149,PHS,0.0,0.0,-0.0
4149,H2,0.0,0.0,-0.0
4150,Li-Ion,0.0,0.0,-0.0
4150,CAES,0.0,0.0,-0.0
4150,PHS,0.0,0.0,-0.0
4150,H2,0.0,0.0,-0.0
4151,Li-Ion,0.0,0.0,-0.0
4151,CAES,0.0,0.0,-0.0
4151,PHS,0.0,0.0,-0.0
4151,H2,0.0,0.0,-0.0
4152,Li-Ion,0.0,0.0,-0.0
4152,CAES,0.0,0.0,-0.0
4152,PHS,0.0,0.0,-0.0
4152,H2,0.0,0.0,-0.0
4153,Li-Ion,0.0,0.0,-0.0
4153,CAES,0.0,0.0,-0.0
4153,PHS,0.0,0.0,-0.0
4153,H2,0.0,0.0,-0.0
4154,Li-Ion,0.0,0.0,-0.0
4154,CAES,0.0,0.0,-0.0
4154,PHS,0.0,0.0,-0.0
4154,H2,0.0,0.0,-0.0
4155,Li-Ion,0.0,0.0,-0.0
4155,CAES,0.0,0.0,-0.0
4155,PHS,0.0,0.0,-0.0
4155,H2,0.0,0.0,-0.0
4156,Li-Ion,0.0,0.0,-0.0
4156,CAES,0.0,0.0,-0.0
4156,PHS,0.0,0.0,-0.0
4156,H2,0.0,0.0,-0.0
4157,Li-Ion,0.0,0.0,-0.0
4157,CAES,0.0,0.0,-0.0
4157,PHS,0.0,0.0,-0.0
4157,H2,0.0,0.0,-0.0
4158,Li-Ion,0.0,0.0,-0.0
4158,CAES,0.0,0.0,-0.0
4158,PHS,0.0,0.0,-0.0
4158,H2,0.0,0.0,-0.0
4159,Li-Ion,0.0,0.0,-0.0
4159,CAES,0.0,0.0,-0.0
4159,PHS,0.0,0.0,-0.0
4159,H2,0.0,0.0,-0.0
4160,Li-Ion,0.0,0.0,-0.0
4160,CAES,0.0,0.0,-0.0
4160,PHS,0.0,0.0,-0.0
4160,H2,0.0,0.0,-0.0
4161,Li-Ion,0.0,0.0,-0.0
4161,CAES,0.0,0.0,-0.0
4161,PHS,0.0,0.0,-0.0
4161,H2,0.0,0.0,-0.0
4162,Li-Ion,0.0,0.0,-0.0
4162,CAES,0.0,0.0,-0.0
4162,PHS,0.0,0.0,-0.0
4162,H2,0.0,0.0,-0.0
4163,Li-Ion,0.0,0.0,-0.0
4163,CAES,0.0,0.0,-0.0
4163,PHS,0.0,0.0,-0.0
4163,H2,0.0,0.0,-0.0
4164,Li-Ion,0.0,0.0,-0.0
4164,CAES,0.0,0.0,-0.0
4164,PHS,0.0,0.0,-0.0
4164,H2,0.0,0.0,-0.0
4165,Li-Ion,0.0,0.0,-0.0
4165,CAES,0.0,0.0,-0.0
4165,PHS,0.0,0.0,-0.0
4165,H2,0.0,0.0,-0.0
4166,Li-Ion,0.0,0.0,-0.0
4166,CAES,0.0,0.0,-0.0
4166,PHS,0.0,0.0,-0.0
4166,H2,0.0,0.0,-0.0
4167,Li-Ion,0.0,0.0,-0.0
4167,CAES,0.0,0.0,-0.0
4167,PHS,0.0,0.0,-0.0
4167,H2,0.0,0.0,-0.0
4168,Li-Ion,0.0,0.0,-0.0
4168,CAES,0.0,0.0,-0.0
4168,PHS,0.0,0.0,-0.0
4168,H2,0.0,0.0,-0.0
4169,Li-Ion,0.0,0.0,-0.0
4169,CAES,0.0,0.0,-0.0
4169,PHS,0.0,0.0,-0.0
4169,H2,0.0,0.0,-0.0
4170,Li-Ion,0.0,0.0,-0.0
4170,CAES,0.0,0.0,-0.0
4170,PHS,0.0,0.0,-0.0
4170,H2,0.0,0.0,-0.0
4171,Li-Ion,0.0,0.0,-0.0
4171,CAES,0.0,0.0,-0.0
4171,PHS,0.0,0.0,-0.0
4171,H2,0.0,0.0,-0.0
4172,Li-Ion,0.0,0.0,-0.0
4172,CAES,0.0,0.0,-0.0
4172,PHS,0.0,0.0,-0.0
4172,H2,0.0,0.0,-0.0
4173,Li-Ion,0.0,0.0,-0.0
4173,CAES,0.0,0.0,-0.0
4173,PHS,0.0,0.0,-0.0
4173,H2,0.0,0.0,-0.0
4174,Li-Ion,0.0,0.0,-0.0
4174,CAES,0.0,0.0,-0.0
4174,PHS,0.0,0.0,-0.0
4174,H2,0.0,0.0,-0.0
4175,Li-Ion,0.0,0.0,-0.0
4175,CAES,0.0,0.0,-0.0
4175,PHS,0.0,0.0,-0.0
4175,H2,0.0,0.0,-0.0
4176,Li-Ion,0.0,0.0,-0.0
4176,CAES,0.0,0.0,-0.0
4176,PHS,0.0,0.0,-0.0
4176,H2,0.0,0.0,-0.0
4177,Li-Ion,0.0,0.0,-0.0
4177,CAES,0.0,0.0,-0.0
4177,PHS,0.0,0.0,-0.0
4177,H2,0.0,0.0,-0.0
4178,Li-Ion,0.0,0.0,-0.0
4178,CAES,0.0,0.0,-0.0
4178,PHS,0.0,0.0,-0.0
4178,H2,0.0,0.0,-0.0
4179,Li-Ion,0.0,0.0,-0.0
4179,CAES,0.0,0.0,-0.0
4179,PHS,0.0,0.0,-0.0
4179,H2,0.0,0.0,-0.0
4180,Li-Ion,0.0,0.0,-0.0
4180,CAES,0.0,0.0,-0.0
4180,PHS,0.0,0.0,-0.0
4180,H2,0.0,0.0,-0.0
4181,Li-Ion,0.0,0.0,-0.0
4181,CAES,0.0,0.0,-0.0
4181,PHS,0.0,0.0,-0.0
4181,H2,0.0,0.0,-0.0
4182,Li-Ion,0.0,0.0,-0.0
4182,CAES,0.0,0.0,-0.0
4182,PHS,0.0,0.0,-0.0
4182,H2,0.0,0.0,-0.0
4183,Li-Ion,0.0,0.0,-0.0
4183,CAES,0.0,0.0,-0.0
4183,PHS,0.0,0.0,-0.0
4183,H2,0.0,0.0,-0.0
4184,Li-Ion,0.0,0.0,-0.0
4184,CAES,0.0,0.0,-0.0
4184,PHS,0.0,0.0,-0.0
4184,H2,0.0,0.0,-0.0
4185,Li-Ion,0.0,0.0,-0.0
4185,CAES,0.0,0.0,-0.0
4185,PHS,0.0,0.0,-0.0
4185,H2,0.0,0.0,-0.0
4186,Li-Ion,0.0,0.0,-0.0
4186,CAES,0.0,0.0,-0.0
4186,PHS,0.0,0.0,-0.0
4186,H2,0.0,0.0,-0.0
4187,Li-Ion,0.0,0.0,-0.0
4187,CAES,0.0,0.0,-0.0
4187,PHS,0.0,0.0,-0.0
4187,H2,0.0,0.0,-0.0
4188,Li-Ion,0.0,0.0,-0.0
4188,CAES,0.0,0.0,-0.0
4188,PHS,0.0,0.0,-0.0
4188,H2,0.0,0.0,-0.0
4189,Li-Ion,0.0,0.0,-0.0
4189,CAES,0.0,0.0,-0.0
4189,PHS,0.0,0.0,-0.0
4189,H2,0.0,0.0,-0.0
4190,Li-Ion,0.0,0.0,-0.0
4190,CAES,0.0,0.0,-0.0
4190,PHS,0.0,0.0,-0.0
4190,H2,0.0,0.0,-0.0
4191,Li-Ion,0.0,0.0,-0.0
4191,CAES,0.0,0.0,-0.0
4191,PHS,0.0,0.0,-0.0
4191,H2,0.0,0.0,-0.0
4192,Li-Ion,0.0,0.0,-0.0
4192,CAES,0.0,0.0,-0.0
4192,PHS,0.0,0.0,-0.0
4192,H2,0.0,0.0,-0.0
4193,Li-Ion,0.0,0.0,-0.0
4193,CAES,0.0,0.0,-0.0
4193,PHS,0.0,0.0,-0.0
4193,H2,0.0,0.0,-0.0
4194,Li-Ion,0.0,0.0,-0.0
4194,CAES,0.0,0.0,-0.0
4194,PHS,0.0,0.0,-0.0
4194,H2,0.0,0.0,-0.0
4195,Li-Ion,0.0,0.0,-0.0
4195,CAES,0.0,0.0,-0.0
4195,PHS,0.0,0.0,-0.0
4195,H2,0.0,0.0,-0.0
4196,Li-Ion,0.0,0.0,-0.0
4196,CAES,0.0,0.0,-0.0
4196,PHS,0.0,0.0,-0.0
4196,H2,0.0,0.0,-0.0
4197,Li-Ion,0.0,0.0,-0.0
4197,CAES,0.0,0.0,-0.0
4197,PHS,0.0,0.0,-0.0
4197,H2,0.0,0.0,-0.0
4198,Li-Ion,0.0,0.0,-0.0
4198,CAES,0.0,0.0,-0.0
4198,PHS,0.0,0.0,-0.0
4198,H2,0.0,0.0,-0.0
4199,Li-Ion,0.0,0.0,-0.0
4199,CAES,0.0,0.0,-0.0
4199,PHS,0.0,0.0,-0.0
4199,H2,0.0,0.0,-0.0
4200,Li-Ion,0.0,0.0,-0.0
4200,CAES,0.0,0.0,-0.0
4200,PHS,0.0,0.0,-0.0
4200,H2,0.0,0.0,-0.0
4201,Li-Ion,0.0,0.0,-0.0
4201,CAES,0.0,0.0,-0.0
4201,PHS,0.0,0.0,-0.0
4201,H2,0.0,0.0,-0.0
4202,Li-Ion,0.0,0.0,-0.0
4202,CAES,0.0,0.0,-0.0
4202,PHS,0.0,0.0,-0.0
4202,H2,0.0,0.0,-0.0
4203,Li-Ion,0.0,0.0,-0.0
4203,CAES,0.0,0.0,-0.0
4203,PHS,0.0,0.0,-0.0
4203,H2,0.0,0.0,-0.0
4204,Li-Ion,0.0,0.0,-0.0
4204,CAES,0.0,0.0,-0.0
4204,PHS,0.0,0.0,-0.0
4204,H2,0.0,0.0,-0.0
4205,Li-Ion,0.0,0.0,-0.0
4205,CAES,0.0,0.0,-0.0
4205,PHS,0.0,0.0,-0.0
4205,H2,0.0,0.0,-0.0
4206,Li-Ion,0.0,0.0,-0.0
4206,CAES,0.0,0.0,-0.0
4206,PHS,0.0,0.0,-0.0
4206,H2,0.0,0.0,-0.0
4207,Li-Ion,0.0,0.0,-0.0
4207,CAES,0.0,0.0,-0.0
4207,PHS,0.0,0.0,-0.0
4207,H2,0.0,0.0,-0.0
4208,Li-Ion,0.0,0.0,-0.0
4208,CAES,0.0,0.0,-0.0
4208,PHS,0.0,0.0,-0.0
4208,H2,0.0,0.0,-0.0
4209,Li-Ion,0.0,0.0,-0.0
4209,CAES,0.0,0.0,-0.0
4209,PHS,0.0,0.0,-0.0
4209,H2,0.0,0.0,-0.0
4210,Li-Ion,0.0,0.0,-0.0
4210,CAES,0.0,0.0,-0.0
4210,PHS,0.0,0.0,-0.0
4210,H2,0.0,0.0,-0.0
4211,Li-Ion,0.0,0.0,-0.0
4211,CAES,0.0,0.0,-0.0
4211,PHS,0.0,0.0,-0.0
4211,H2,0.0,0.0,-0.0
4212,Li-Ion,0.0,0.0,-0.0
4212,CAES,0.0,0.0,-0.0
4212,PHS,0.0,0.0,-0.0
4212,H2,0.0,0.0,-0.0
4213,Li-Ion,0.0,0.0,-0.0
4213,CAES,0.0,0.0,-0.0
4213,PHS,0.0,0.0,-0.0
4213,H2,0.0,0.0,-0.0
4214,Li-Ion,0.0,0.0,-0.0
4214,CAES,0.0,0.0,-0.0
4214,PHS,0.0,0.0,-0.0
4214,H2,0.0,0.0,-0.0
4215,Li-Ion,0.0,0.0,-0.0
4215,CAES,0.0,0.0,-0.0
4215,PHS,0.0,0.0,-0.0
4215,H2,0.0,0.0,-0.0
4216,Li-Ion,0.0,0.0,-0.0
4216,CAES,0.0,0.0,-0.0
4216,PHS,0.0,0.0,-0.0
4216,H2,0.0,0.0,-0.0
4217,Li-Ion,0.0,0.0,-0.0
4217,CAES,0.0,0.0,-0.0
4217,PHS,0.0,0.0,-0.0
4217,H2,0.0,0.0,-0.0
4218,Li-Ion,0.0,0.0,-0.0
4218,CAES,0.0,0.0,-0.0
4218,PHS,0.0,0.0,-0.0
4218,H2,0.0,0.0,-0.0
4219,Li-Ion,0.0,0.0,-0.0
4219,CAES,0.0,0.0,-0.0
4219,PHS,0.0,0.0,-0.0
4219,H2,0.0,0.0,-0.0
4220,Li-Ion,0.0,0.0,-0.0
4220,CAES,0.0,0.0,-0.0
4220,PHS,0.0,0.0,-0.0
4220,H2,0.0,0.0,-0.0
4221,Li-Ion,0.0,0.0,-0.0
4221,CAES,0.0,0.0,-0.0
4221,PHS,0.0,0.0,-0.0
4221,H2,0.0,0.0,-0.0
4222,Li-Ion,0.0,0.0,-0.0
4222,CAES,0.0,0.0,-0.0
4222,PHS,0.0,0.0,-0.0
4222,H2,0.0,0.0,-0.0
4223,Li-Ion,0.0,0.0,-0.0
4223,CAES,0.0,0.0,-0.0
4223,PHS,0.0,0.0,-0.0
4223,H2,0.0,0.0,-0.0
4224,Li-Ion,0.0,0.0,-0.0
4224,CAES,0.0,0.0,-0.0
4224,PHS,0.0,0.0,-0.0
4224,H2,0.0,0.0,-0.0
4225,Li-Ion,0.0,0.0,-0.0
4225,CAES,0.0,0.0,-0.0
4225,PHS,0.0,0.0,-0.0
4225,H2,0.0,0.0,-0.0
4226,Li-Ion,0.0,0.0,-0.0
4226,CAES,0.0,0.0,-0.0
4226,PHS,0.0,0.0,-0.0
4226,H2,0.0,0.0,-0.0
4227,Li-Ion,0.0,0.0,-0.0
4227,CAES,0.0,0.0,-0.0
4227,PHS,0.0,0.0,-0.0
4227,H2,0.0,0.0,-0.0
4228,Li-Ion,0.0,0.0,-0.0
4228,CAES,0.0,0.0,-0.0
4228,PHS,0.0,0.0,-0.0
4228,H2,0.0,0.0,-0.0
4229,Li-Ion,0.0,0.0,-0.0
4229,CAES,0.0,0.0,-0.0
4229,PHS,0.0,0.0,-0.0
4229,H2,0.0,0.0,-0.0
4230,Li-Ion,0.0,0.0,-0.0
4230,CAES,0.0,0.0,-0.0
4230,PHS,0.0,0.0,-0.0
4230,H2,0.0,0.0,-0.0
4231,Li-Ion,0.0,0.0,-0.0
4231,CAES,0.0,0.0,-0.0
4231,PHS,0.0,0.0,-0.0
4231,H2,0.0,0.0,-0.0
4232,Li-Ion,0.0,0.0,-0.0
4232,CAES,0.0,0.0,-0.0
4232,PHS,0.0,0.0,-0.0
4232,H2,0.0,0.0,-0.0
4233,Li-Ion,0.0,0.0,-0.0
4233,CAES,0.0,0.0,-0.0
4233,PHS,0.0,0.0,-0.0
4233,H2,0.0,0.0,-0.0
4234,Li-Ion,0.0,0.0,-0.0
4234,CAES,0.0,0.0,-0.0
4234,PHS,0.0,0.0,-0.0
4234,H2,0.0,0.0,-0.0
4235,Li-Ion,0.0,0.0,-0.0
4235,CAES,0.0,0.0,-0.0
4235,PHS,0.0,0.0,-0.0
4235,H2,0.0,0.0,-0.0
4236,Li-Ion,0.0,0.0,-0.0
4236,CAES,0.0,0.0,-0.0
4236,PHS,0.0,0.0,-0.0
4236,H2,0.0,0.0,-0.0
4237,Li-Ion,0.0,0.0,-0.0
4237,CAES,0.0,0.0,-0.0
4237,PHS,0.0,0.0,-0.0
4237,H2,0.0,0.0,-0.0
4238,Li-Ion,0.0,0.0,-0.0
4238,CAES,0.0,0.0,-0.0
4238,PHS,0.0,0.0,-0.0
4238,H2,0.0,0.0,-0.0
4239,Li-Ion,0.0,0.0,-0.0
4239,CAES,0.0,0.0,-0.0
4239,PHS,0.0,0.0,-0.0
4239,H2,0.0,0.0,-0.0
4240,Li-Ion,0.0,0.0,-0.0
4240,CAES,0.0,0.0,-0.0
4240,PHS,0.0,0.0,-0.0
4240,H2,0.0,0.0,-0.0
4241,Li-Ion,0.0,0.0,-0.0
4241,CAES,0.0,0.0,-0.0
4241,PHS,0.0,0.0,-0.0
4241,H2,0.0,0.0,-0.0
4242,Li-Ion,0.0,0.0,-0.0
4242,CAES,0.0,0.0,-0.0
4242,PHS,0.0,0.0,-0.0
4242,H2,0.0,0.0,-0.0
4243,Li-Ion,0.0,0.0,-0.0
4243,CAES,0.0,0.0,-0.0
4243,PHS,0.0,0.0,-0.0
4243,H2,0.0,0.0,-0.0
4244,Li-Ion,0.0,0.0,-0.0
4244,CAES,0.0,0.0,-0.0
4244,PHS,0.0,0.0,-0.0
4244,H2,0.0,0.0,-0.0
4245,Li-Ion,0.0,0.0,-0.0
4245,CAES,0.0,0.0,-0.0
4245,PHS,0.0,0.0,-0.0
4245,H2,0.0,0.0,-0.0
4246,Li-Ion,0.0,0.0,-0.0
4246,CAES,0.0,0.0,-0.0
4246,PHS,0.0,0.0,-0.0
4246,H2,0.0,0.0,-0.0
4247,Li-Ion,0.0,0.0,-0.0
4247,CAES,0.0,0.0,-0.0
4247,PHS,0.0,0.0,-0.0
4247,H2,0.0,0.0,-0.0
4248,Li-Ion,0.0,0.0,-0.0
4248,CAES,0.0,0.0,-0.0
4248,PHS,0.0,0.0,-0.0
4248,H2,0.0,0.0,-0.0
4249,Li-Ion,0.0,0.0,-0.0
4249,CAES,0.0,0.0,-0.0
4249,PHS,0.0,0.0,-0.0
4249,H2,0.0,0.0,-0.0
4250,Li-Ion,0.0,0.0,-0.0
4250,CAES,0.0,0.0,-0.0
4250,PHS,0.0,0.0,-0.0
4250,H2,0.0,0.0,-0.0
4251,Li-Ion,0.0,0.0,-0.0
4251,CAES,0.0,0.0,-0.0
4251,PHS,0.0,0.0,-0.0
4251,H2,0.0,0.0,-0.0
4252,Li-Ion,0.0,0.0,-0.0
4252,CAES,0.0,0.0,-0.0
4252,PHS,0.0,0.0,-0.0
4252,H2,0.0,0.0,-0.0
4253,Li-Ion,0.0,0.0,-0.0
4253,CAES,0.0,0.0,-0.0
4253,PHS,0.0,0.0,-0.0
4253,H2,0.0,0.0,-0.0
4254,Li-Ion,0.0,0.0,-0.0
4254,CAES,0.0,0.0,-0.0
4254,PHS,0.0,0.0,-0.0
4254,H2,0.0,0.0,-0.0
4255,Li-Ion,0.0,0.0,-0.0
4255,CAES,0.0,0.0,-0.0
4255,PHS,0.0,0.0,-0.0
4255,H2,0.0,0.0,-0.0
4256,Li-Ion,0.0,0.0,-0.0
4256,CAES,0.0,0.0,-0.0
4256,PHS,0.0,0.0,-0.0
4256,H2,0.0,0.0,-0.0
4257,Li-Ion,0.0,0.0,-0.0
4257,CAES,0.0,0.0,-0.0
4257,PHS,0.0,0.0,-0.0
4257,H2,0.0,0.0,-0.0
4258,Li-Ion,0.0,0.0,-0.0
4258,CAES,0.0,0.0,-0.0
4258,PHS,0.0,0.0,-0.0
4258,H2,0.0,0.0,-0.0
4259,Li-Ion,0.0,0.0,-0.0
4259,CAES,0.0,0.0,-0.0
4259,PHS,0.0,0.0,-0.0
4259,H2,0.0,0.0,-0.0
4260,Li-Ion,0.0,0.0,-0.0
4260,CAES,0.0,0.0,-0.0
4260,PHS,0.0,0.0,-0.0
4260,H2,0.0,0.0,-0.0
4261,Li-Ion,0.0,0.0,-0.0
4261,CAES,0.0,0.0,-0.0
4261,PHS,0.0,0.0,-0.0
4261,H2,0.0,0.0,-0.0
4262,Li-Ion,0.0,0.0,-0.0
4262,CAES,0.0,0.0,-0.0
4262,PHS,0.0,0.0,-0.0
4262,H2,0.0,0.0,-0.0
4263,Li-Ion,0.0,0.0,-0.0
4263,CAES,0.0,0.0,-0.0
4263,PHS,0.0,0.0,-0.0
4263,H2,0.0,0.0,-0.0
4264,Li-Ion,0.0,0.0,-0.0
4264,CAES,0.0,0.0,-0.0
4264,PHS,0.0,0.0,-0.0
4264,H2,0.0,0.0,-0.0
4265,Li-Ion,0.0,0.0,-0.0
4265,CAES,0.0,0.0,-0.0
4265,PHS,0.0,0.0,-0.0
4265,H2,0.0,0.0,-0.0
4266,Li-Ion,0.0,0.0,-0.0
4266,CAES,0.0,0.0,-0.0
4266,PHS,0.0,0.0,-0.0
4266,H2,0.0,0.0,-0.0
4267,Li-Ion,0.0,0.0,-0.0
4267,CAES,0.0,0.0,-0.0
4267,PHS,0.0,0.0,-0.0
4267,H2,0.0,0.0,-0.0
4268,Li-Ion,0.0,0.0,-0.0
4268,CAES,0.0,0.0,-0.0
4268,PHS,0.0,0.0,-0.0
4268,H2,0.0,0.0,-0.0
4269,Li-Ion,0.0,0.0,-0.0
4269,CAES,0.0,0.0,-0.0
4269,PHS,0.0,0.0,-0.0
4269,H2,0.0,0.0,-0.0
4270,Li-Ion,0.0,0.0,-0.0
4270,CAES,0.0,0.0,-0.0
4270,PHS,0.0,0.0,-0.0
4270,H2,0.0,0.0,-0.0
4271,Li-Ion,0.0,0.0,-0.0
4271,CAES,0.0,0.0,-0.0
4271,PHS,0.0,0.0,-0.0
4271,H2,0.0,0.0,-0.0
4272,Li-Ion,0.0,0.0,-0.0
4272,CAES,0.0,0.0,-0.0
4272,PHS,0.0,0.0,-0.0
4272,H2,0.0,0.0,-0.0
4273,Li-Ion,0.0,0.0,-0.0
4273,CAES,0.0,0.0,-0.0
4273,PHS,0.0,0.0,-0.0
4273,H2,0.0,0.0,-0.0
4274,Li-Ion,0.0,0.0,-0.0
4274,CAES,0.0,0.0,-0.0
4274,PHS,0.0,0.0,-0.0
4274,H2,0.0,0.0,-0.0
4275,Li-Ion,0.0,0.0,-0.0
4275,CAES,0.0,0.0,-0.0
4275,PHS,0.0,0.0,-0.0
4275,H2,0.0,0.0,-0.0
4276,Li-Ion,0.0,0.0,-0.0
4276,CAES,0.0,0.0,-0.0
4276,PHS,0.0,0.0,-0.0
4276,H2,0.0,0.0,-0.0
4277,Li-Ion,0.0,0.0,-0.0
4277,CAES,0.0,0.0,-0.0
4277,PHS,0.0,0.0,-0.0
4277,H2,0.0,0.0,-0.0
4278,Li-Ion,0.0,0.0,-0.0
4278,CAES,0.0,0.0,-0.0
4278,PHS,0.0,0.0,-0.0
4278,H2,0.0,0.0,-0.0
4279,Li-Ion,0.0,0.0,-0.0
4279,CAES,0.0,0.0,-0.0
4279,PHS,0.0,0.0,-0.0
4279,H2,0.0,0.0,-0.0
4280,Li-Ion,0.0,0.0,-0.0
4280,CAES,0.0,0.0,-0.0
4280,PHS,0.0,0.0,-0.0
4280,H2,0.0,0.0,-0.0
4281,Li-Ion,0.0,0.0,-0.0
4281,CAES,0.0,0.0,-0.0
4281,PHS,0.0,0.0,-0.0
4281,H2,0.0,0.0,-0.0
4282,Li-Ion,0.0,0.0,-0.0
4282,CAES,0.0,0.0,-0.0
4282,PHS,0.0,0.0,-0.0
4282,H2,0.0,0.0,-0.0
4283,Li-Ion,0.0,0.0,-0.0
4283,CAES,0.0,0.0,-0.0
4283,PHS,0.0,0.0,-0.0
4283,H2,0.0,0.0,-0.0
4284,Li-Ion,0.0,0.0,-0.0
4284,CAES,0.0,0.0,-0.0
4284,PHS,0.0,0.0,-0.0
4284,H2,0.0,0.0,-0.0
4285,Li-Ion,0.0,0.0,-0.0
4285,CAES,0.0,0.0,-0.0
4285,PHS,0.0,0.0,-0.0
4285,H2,0.0,0.0,-0.0
4286,Li-Ion,0.0,0.0,-0.0
4286,CAES,0.0,0.0,-0.0
4286,PHS,0.0,0.0,-0.0
4286,H2,0.0,0.0,-0.0
4287,Li-Ion,0.0,0.0,-0.0
4287,CAES,0.0,0.0,-0.0
4287,PHS,0.0,0.0,-0.0
4287,H2,0.0,0.0,-0.0
4288,Li-Ion,0.0,0.0,-0.0
4288,CAES,0.0,0.0,-0.0
4288,PHS,0.0,0.0,-0.0
4288,H2,0.0,0.0,-0.0
4289,Li-Ion,0.0,0.0,-0.0
4289,CAES,0.0,0.0,-0.0
4289,PHS,0.0,0.0,-0.0
4289,H2,0.0,0.0,-0.0
4290,Li-Ion,0.0,0.0,-0.0
4290,CAES,0.0,0.0,-0.0
4290,PHS,0.0,0.0,-0.0
4290,H2,0.0,0.0,-0.0
4291,Li-Ion,0.0,0.0,-0.0
4291,CAES,0.0,0.0,-0.0
4291,PHS,0.0,0.0,-0.0
4291,H2,0.0,0.0,-0.0
4292,Li-Ion,0.0,0.0,-0.0
4292,CAES,0.0,0.0,-0.0
4292,PHS,0.0,0.0,-0.0
4292,H2,0.0,0.0,-0.0
4293,Li-Ion,0.0,0.0,-0.0
4293,CAES,0.0,0.0,-0.0
4293,PHS,0.0,0.0,-0.0
4293,H2,0.0,0.0,-0.0
4294,Li-Ion,0.0,0.0,-0.0
4294,CAES,0.0,0.0,-0.0
4294,PHS,0.0,0.0,-0.0
4294,H2,0.0,0.0,-0.0
4295,Li-Ion,0.0,0.0,-0.0
4295,CAES,0.0,0.0,-0.0
4295,PHS,0.0,0.0,-0.0
4295,H2,0.0,0.0,-0.0
4296,Li-Ion,0.0,0.0,-0.0
4296,CAES,0.0,0.0,-0.0
4296,PHS,0.0,0.0,-0.0
4296,H2,0.0,0.0,-0.0
4297,Li-Ion,0.0,0.0,-0.0
4297,CAES,0.0,0.0,-0.0
4297,PHS,0.0,0.0,-0.0
4297,H2,0.0,0.0,-0.0
4298,Li-Ion,0.0,0.0,-0.0
4298,CAES,0.0,0.0,-0.0
4298,PHS,0.0,0.0,-0.0
4298,H2,0.0,0.0,-0.0
4299,Li-Ion,0.0,0.0,-0.0
4299,CAES,0.0,0.0,-0.0
4299,PHS,0.0,0.0,-0.0
4299,H2,0.0,0.0,-0.0
4300,Li-Ion,0.0,0.0,-0.0
4300,CAES,0.0,0.0,-0.0
4300,PHS,0.0,0.0,-0.0
4300,H2,0.0,0.0,-0.0
4301,Li-Ion,0.0,0.0,-0.0
4301,CAES,0.0,0.0,-0.0
4301,PHS,0.0,0.0,-0.0
4301,H2,0.0,0.0,-0.0
4302,Li-Ion,0.0,0.0,-0.0
4302,CAES,0.0,0.0,-0.0
4302,PHS,0.0,0.0,-0.0
4302,H2,0.0,0.0,-0.0
4303,Li-Ion,0.0,0.0,-0.0
4303,CAES,0.0,0.0,-0.0
4303,PHS,0.0,0.0,-0.0
4303,H2,0.0,0.0,-0.0
4304,Li-Ion,0.0,0.0,-0.0
4304,CAES,0.0,0.0,-0.0
4304,PHS,0.0,0.0,-0.0
4304,H2,0.0,0.0,-0.0
4305,Li-Ion,0.0,0.0,-0.0
4305,CAES,0.0,0.0,-0.0
4305,PHS,0.0,0.0,-0.0
4305,H2,0.0,0.0,-0.0
4306,Li-Ion,0.0,0.0,-0.0
4306,CAES,0.0,0.0,-0.0
4306,PHS,0.0,0.0,-0.0
4306,H2,0.0,0.0,-0.0
4307,Li-Ion,0.0,0.0,-0.0
4307,CAES,0.0,0.0,-0.0
4307,PHS,0.0,0.0,-0.0
4307,H2,0.0,0.0,-0.0
4308,Li-Ion,0.0,0.0,-0.0
4308,CAES,0.0,0.0,-0.0
4308,PHS,0.0,0.0,-0.0
4308,H2,0.0,0.0,-0.0
4309,Li-Ion,0.0,0.0,-0.0
4309,CAES,0.0,0.0,-0.0
4309,PHS,0.0,0.0,-0.0
4309,H2,0.0,0.0,-0.0
4310,Li-Ion,0.0,0.0,-0.0
4310,CAES,0.0,0.0,-0.0
4310,PHS,0.0,0.0,-0.0
4310,H2,0.0,0.0,-0.0
4311,Li-Ion,0.0,0.0,-0.0
4311,CAES,0.0,0.0,-0.0
4311,PHS,0.0,0.0,-0.0
4311,H2,0.0,0.0,-0.0
4312,Li-Ion,0.0,0.0,-0.0
4312,CAES,0.0,0.0,-0.0
4312,PHS,0.0,0.0,-0.0
4312,H2,0.0,0.0,-0.0
4313,Li-Ion,0.0,0.0,-0.0
4313,CAES,0.0,0.0,-0.0
4313,PHS,0.0,0.0,-0.0
4313,H2,0.0,0.0,-0.0
4314,Li-Ion,0.0,0.0,-0.0
4314,CAES,0.0,0.0,-0.0
4314,PHS,0.0,0.0,-0.0
4314,H2,0.0,0.0,-0.0
4315,Li-Ion,0.0,0.0,-0.0
4315,CAES,0.0,0.0,-0.0
4315,PHS,0.0,0.0,-0.0
4315,H2,0.0,0.0,-0.0
4316,Li-Ion,0.0,0.0,-0.0
4316,CAES,0.0,0.0,-0.0
4316,PHS,0.0,0.0,-0.0
4316,H2,0.0,0.0,-0.0
4317,Li-Ion,0.0,0.0,-0.0
4317,CAES,0.0,0.0,-0.0
4317,PHS,0.0,0.0,-0.0
4317,H2,0.0,0.0,-0.0
4318,Li-Ion,0.0,0.0,-0.0
4318,CAES,0.0,0.0,-0.0
4318,PHS,0.0,0.0,-0.0
4318,H2,0.0,0.0,-0.0
4319,Li-Ion,0.0,0.0,-0.0
4319,CAES,0.0,0.0,-0.0
4319,PHS,0.0,0.0,-0.0
4319,H2,0.0,0.0,-0.0
4320,Li-Ion,0.0,0.0,-0.0
4320,CAES,0.0,0.0,-0.0
4320,PHS,0.0,0.0,-0.0
4320,H2,0.0,0.0,-0.0
4321,Li-Ion,0.0,0.0,-0.0
4321,CAES,0.0,0.0,-0.0
4321,PHS,0.0,0.0,-0.0
4321,H2,0.0,0.0,-0.0
4322,Li-Ion,0.0,0.0,-0.0
4322,CAES,0.0,0.0,-0.0
4322,PHS,0.0,0.0,-0.0
4322,H2,0.0,0.0,-0.0
4323,Li-Ion,0.0,0.0,-0.0
4323,CAES,0.0,0.0,-0.0
4323,PHS,0.0,0.0,-0.0
4323,H2,0.0,0.0,-0.0
4324,Li-Ion,0.0,0.0,-0.0
4324,CAES,0.0,0.0,-0.0
4324,PHS,0.0,0.0,-0.0
4324,H2,0.0,0.0,-0.0
4325,Li-Ion,0.0,0.0,-0.0
4325,CAES,0.0,0.0,-0.0
4325,PHS,0.0,0.0,-0.0
4325,H2,0.0,0.0,-0.0
4326,Li-Ion,0.0,0.0,-0.0
4326,CAES,0.0,0.0,-0.0
4326,PHS,0.0,0.0,-0.0
4326,H2,0.0,0.0,-0.0
4327,Li-Ion,0.0,0.0,-0.0
4327,CAES,0.0,0.0,-0.0
4327,PHS,0.0,0.0,-0.0
4327,H2,0.0,0.0,-0.0
4328,Li-Ion,0.0,0.0,-0.0
4328,CAES,0.0,0.0,-0.0
4328,PHS,0.0,0.0,-0.0
4328,H2,0.0,0.0,-0.0
4329,Li-Ion,0.0,0.0,-0.0
4329,CAES,0.0,0.0,-0.0
4329,PHS,0.0,0.0,-0.0
4329,H2,0.0,0.0,-0.0
4330,Li-Ion,0.0,0.0,-0.0
4330,CAES,0.0,0.0,-0.0
4330,PHS,0.0,0.0,-0.0
4330,H2,0.0,0.0,-0.0
4331,Li-Ion,0.0,0.0,-0.0
4331,CAES,0.0,0.0,-0.0
4331,PHS,0.0,0.0,-0.0
4331,H2,0.0,0.0,-0.0
4332,Li-Ion,0.0,0.0,-0.0
4332,CAES,0.0,0.0,-0.0
4332,PHS,0.0,0.0,-0.0
4332,H2,0.0,0.0,-0.0
4333,Li-Ion,0.0,0.0,-0.0
4333,CAES,0.0,0.0,-0.0
4333,PHS,0.0,0.0,-0.0
4333,H2,0.0,0.0,-0.0
4334,Li-Ion,0.0,0.0,-0.0
4334,CAES,0.0,0.0,-0.0
4334,PHS,0.0,0.0,-0.0
4334,H2,0.0,0.0,-0.0
4335,Li-Ion,0.0,0.0,-0.0
4335,CAES,0.0,0.0,-0.0
4335,PHS,0.0,0.0,-0.0
4335,H2,0.0,0.0,-0.0
4336,Li-Ion,0.0,0.0,-0.0
4336,CAES,0.0,0.0,-0.0
4336,PHS,0.0,0.0,-0.0
4336,H2,0.0,0.0,-0.0
4337,Li-Ion,0.0,0.0,-0.0
4337,CAES,0.0,0.0,-0.0
4337,PHS,0.0,0.0,-0.0
4337,H2,0.0,0.0,-0.0
4338,Li-Ion,0.0,0.0,-0.0
4338,CAES,0.0,0.0,-0.0
4338,PHS,0.0,0.0,-0.0
4338,H2,0.0,0.0,-0.0
4339,Li-Ion,0.0,0.0,-0.0
4339,CAES,0.0,0.0,-0.0
4339,PHS,0.0,0.0,-0.0
4339,H2,0.0,0.0,-0.0
4340,Li-Ion,0.0,0.0,-0.0
4340,CAES,0.0,0.0,-0.0
4340,PHS,0.0,0.0,-0.0
4340,H2,0.0,0.0,-0.0
4341,Li-Ion,0.0,0.0,-0.0
4341,CAES,0.0,0.0,-0.0
4341,PHS,0.0,0.0,-0.0
4341,H2,0.0,0.0,-0.0
4342,Li-Ion,0.0,0.0,-0.0
4342,CAES,0.0,0.0,-0.0
4342,PHS,0.0,0.0,-0.0
4342,H2,0.0,0.0,-0.0
4343,Li-Ion,0.0,0.0,-0.0
4343,CAES,0.0,0.0,-0.0
4343,PHS,0.0,0.0,-0.0
4343,H2,0.0,0.0,-0.0
4344,Li-Ion,0.0,0.0,-0.0
4344,CAES,0.0,0.0,-0.0
4344,PHS,0.0,0.0,-0.0
4344,H2,0.0,0.0,-0.0
4345,Li-Ion,0.0,0.0,-0.0
4345,CAES,0.0,0.0,-0.0
4345,PHS,0.0,0.0,-0.0
4345,H2,0.0,0.0,-0.0
4346,Li-Ion,0.0,0.0,-0.0
4346,CAES,0.0,0.0,-0.0
4346,PHS,0.0,0.0,-0.0
4346,H2,0.0,0.0,-0.0
4347,Li-Ion,0.0,0.0,-0.0
4347,CAES,0.0,0.0,-0.0
4347,PHS,0.0,0.0,-0.0
4347,H2,0.0,0.0,-0.0
4348,Li-Ion,0.0,0.0,-0.0
4348,CAES,0.0,0.0,-0.0
4348,PHS,0.0,0.0,-0.0
4348,H2,0.0,0.0,-0.0
4349,Li-Ion,0.0,0.0,-0.0
4349,CAES,0.0,0.0,-0.0
4349,PHS,0.0,0.0,-0.0
4349,H2,0.0,0.0,-0.0
4350,Li-Ion,0.0,0.0,-0.0
4350,CAES,0.0,0.0,-0.0
4350,PHS,0.0,0.0,-0.0
4350,H2,0.0,0.0,-0.0
4351,Li-Ion,0.0,0.0,-0.0
4351,CAES,0.0,0.0,-0.0
4351,PHS,0.0,0.0,-0.0
4351,H2,0.0,0.0,-0.0
4352,Li-Ion,0.0,0.0,-0.0
4352,CAES,0.0,0.0,-0.0
4352,PHS,0.0,0.0,-0.0
4352,H2,0.0,0.0,-0.0
4353,Li-Ion,0.0,0.0,-0.0
4353,CAES,0.0,0.0,-0.0
4353,PHS,0.0,0.0,-0.0
4353,H2,0.0,0.0,-0.0
4354,Li-Ion,0.0,0.0,-0.0
4354,CAES,0.0,0.0,-0.0
4354,PHS,0.0,0.0,-0.0
4354,H2,0.0,0.0,-0.0
4355,Li-Ion,0.0,0.0,-0.0
4355,CAES,0.0,0.0,-0.0
4355,PHS,0.0,0.0,-0.0
4355,H2,0.0,0.0,-0.0
4356,Li-Ion,0.0,0.0,-0.0
4356,CAES,0.0,0.0,-0.0
4356,PHS,0.0,0.0,-0.0
4356,H2,0.0,0.0,-0.0
4357,Li-Ion,0.0,0.0,-0.0
4357,CAES,0.0,0.0,-0.0
4357,PHS,0.0,0.0,-0.0
4357,H2,0.0,0.0,-0.0
4358,Li-Ion,0.0,0.0,-0.0
4358,CAES,0.0,0.0,-0.0
4358,PHS,0.0,0.0,-0.0
4358,H2,0.0,0.0,-0.0
4359,Li-Ion,0.0,0.0,-0.0
4359,CAES,0.0,0.0,-0.0
4359,PHS,0.0,0.0,-0.0
4359,H2,0.0,0.0,-0.0
4360,Li-Ion,0.0,0.0,-0.0
4360,CAES,0.0,0.0,-0.0
4360,PHS,0.0,0.0,-0.0
4360,H2,0.0,0.0,-0.0
4361,Li-Ion,0.0,0.0,-0.0
4361,CAES,0.0,0.0,-0.0
4361,PHS,0.0,0.0,-0.0
4361,H2,0.0,0.0,-0.0
4362,Li-Ion,0.0,0.0,-0.0
4362,CAES,0.0,0.0,-0.0
4362,PHS,0.0,0.0,-0.0
4362,H2,0.0,0.0,-0.0
4363,Li-Ion,0.0,0.0,-0.0
4363,CAES,0.0,0.0,-0.0
4363,PHS,0.0,0.0,-0.0
4363,H2,0.0,0.0,-0.0
4364,Li-Ion,0.0,0.0,-0.0
4364,CAES,0.0,0.0,-0.0
4364,PHS,0.0,0.0,-0.0
4364,H2,0.0,0.0,-0.0
4365,Li-Ion,0.0,0.0,-0.0
4365,CAES,0.0,0.0,-0.0
4365,PHS,0.0,0.0,-0.0
4365,H2,0.0,0.0,-0.0
4366,Li-Ion,0.0,0.0,-0.0
4366,CAES,0.0,0.0,-0.0
4366,PHS,0.0,0.0,-0.0
4366,H2,0.0,0.0,-0.0
4367,Li-Ion,0.0,0.0,-0.0
4367,CAES,0.0,0.0,-0.0
4367,PHS,0.0,0.0,-0.0
4367,H2,0.0,0.0,-0.0
4368,Li-Ion,0.0,0.0,-0.0
4368,CAES,0.0,0.0,-0.0
4368,PHS,0.0,0.0,-0.0
4368,H2,0.0,0.0,-0.0
4369,Li-Ion,0.0,0.0,-0.0
4369,CAES,0.0,0.0,-0.0
4369,PHS,0.0,0.0,-0.0
4369,H2,0.0,0.0,-0.0
4370,Li-Ion,0.0,0.0,-0.0
4370,CAES,0.0,0.0,-0.0
4370,PHS,0.0,0.0,-0.0
4370,H2,0.0,0.0,-0.0
4371,Li-Ion,0.0,0.0,-0.0
4371,CAES,0.0,0.0,-0.0
4371,PHS,0.0,0.0,-0.0
4371,H2,0.0,0.0,-0.0
4372,Li-Ion,0.0,0.0,-0.0
4372,CAES,0.0,0.0,-0.0
4372,PHS,0.0,0.0,-0.0
4372,H2,0.0,0.0,-0.0
4373,Li-Ion,0.0,0.0,-0.0
4373,CAES,0.0,0.0,-0.0
4373,PHS,0.0,0.0,-0.0
4373,H2,0.0,0.0,-0.0
4374,Li-Ion,0.0,0.0,-0.0
4374,CAES,0.0,0.0,-0.0
4374,PHS,0.0,0.0,-0.0
4374,H2,0.0,0.0,-0.0
4375,Li-Ion,0.0,0.0,-0.0
4375,CAES,0.0,0.0,-0.0
4375,PHS,0.0,0.0,-0.0
4375,H2,0.0,0.0,-0.0
4376,Li-Ion,0.0,0.0,-0.0
4376,CAES,0.0,0.0,-0.0
4376,PHS,0.0,0.0,-0.0
4376,H2,0.0,0.0,-0.0
4377,Li-Ion,0.0,0.0,-0.0
4377,CAES,0.0,0.0,-0.0
4377,PHS,0.0,0.0,-0.0
4377,H2,0.0,0.0,-0.0
4378,Li-Ion,0.0,0.0,-0.0
4378,CAES,0.0,0.0,-0.0
4378,PHS,0.0,0.0,-0.0
4378,H2,0.0,0.0,-0.0
4379,Li-Ion,0.0,0.0,-0.0
4379,CAES,0.0,0.0,-0.0
4379,PHS,0.0,0.0,-0.0
4379,H2,0.0,0.0,-0.0
4380,Li-Ion,0.0,0.0,-0.0
4380,CAES,0.0,0.0,-0.0
4380,PHS,0.0,0.0,-0.0
4380,H2,0.0,0.0,-0.0
