Scenario,Hour,Solar PV Generation (MW),Solar PV Curtailment (MW),Wind Generation (MW),Wind Curtailment (MW),All Thermal Generation (MW),Hydro Generation (MW),Nuclear Generation (MW),Other Renewables Generation (MW),Imports (MW),Storage Charge/Discharge (MW),Exports (MW),Load (MW),Net Load (MW)
Data,1,0.0,0.0,818.1768958108564,0.0,1695.2031041891437,456.22,0.0,540.4,0,0,0,3510,1695.2031041891437
Data,2,0.0,0.0,1090.995632840648,0.0,1578.404367159352,467.4,0.0,537.2,0,0,0,3674,1578.4043671593518
Data,3,0.0,0.0,1356.168951082098,0.0,1423.081048917902,476.35,0.0,540.4,0,0,0,3796,1423.081048917902
Data,4,0.0,0.0,1439.7753985305415,0.0,1358.6246014694586,590.4,0.0,537.2,0,0,0,3926,1358.6246014694584
Data,5,0.0,0.0,1636.1307075187403,0.0,1178.35929248126,646.31,0.0,537.2,0,0,0,3998,1178.3592924812597
Data,6,0.0,0.0,1812.1816427379947,0.0,987.9083572620054,621.71,0.0,537.2,0,0,0,3959,987.9083572620052
Data,7,62.58292763657455,0.0,2231.9395179511725,0.0,881.5478544122525,615.0,0.0,235.9297,0,0,0,4027,881.5478544122531
Data,8,438.0020359621189,0.0,2363.5736680803107,0.0,517.4442959575708,527.78,0.0,35.2,0,0,0,3882,517.4442959575704
Data,9,927.0799004550486,0.0,2478.7431074689516,0.0,206.01699207599995,415.96,0.0,35.2,0,0,0,4063,206.01699207599984
Data,10,1349.7565726081275,0.0,1825.404731719615,0.0,620.4386956722578,369.0,0.0,38.4,0,0,0,4203,620.4386956722575
Data,11,1630.712858274538,0.0,1877.419241552896,0.0,127.41790017256608,360.05,0.0,38.4,0,0,0,4034,127.41790017256588
Data,12,1786.5032886677996,0.0,1588.010451531845,0.0,316.89625980035566,349.99,0.0,41.6,0,0,0,4083,316.8962598003553
Data,13,1823.535225789985,0.0,1577.234749549563,0.0,32.94002466045208,337.69,0.0,41.6,0,0,0,3813,32.940024660452046
Data,14,1702.2137877180794,0.0,1415.7822098938113,0.0,406.9140023881089,337.69,0.0,38.4,0,0,0,3901,406.9140023881093
Data,15,1501.7287382981126,0.0,1649.4262216529314,0.0,370.21504004895587,352.23,0.0,38.4,0,0,0,3912,370.215040048956
Data,16,1292.2995345732115,0.0,1915.9559365214154,0.0,252.95452890537308,399.19,0.0,41.6,0,0,0,3902,252.95452890537305
Data,17,844.0718719057431,0.0,2097.9592454102667,0.0,519.68888268399,490.88,0.0,38.4,0,0,0,3991,519.6888826839902
Data,18,363.9381617177482,0.0,1861.3892578517134,0.0,1176.5525804305385,640.72,0.0,38.4,0,0,0,4081,1176.5525804305382
Data,19,51.07582853081073,0.0,1846.6767151877984,0.0,1448.5774562813908,693.27,0.0,189.4,0,0,0,4229,1448.5774562813904
Data,20,0.0,0.0,1960.7957828416297,0.0,1361.1242171583704,638.48,0.0,192.6,0,0,0,4153,1361.1242171583704
Data,21,0.0,0.0,2112.1358154927243,0.0,1173.6141845072757,537.85,0.0,189.4,0,0,0,4013,1173.6141845072757
Data,22,0.0,0.0,2168.997828567051,0.0,1005.7321714329493,471.87,0.0,189.4,0,0,0,3836,1005.7321714329491
Data,23,0.0,0.0,2303.7536953718463,0.0,780.1663046281535,441.68,0.0,189.4,0,0,0,3715,780.1663046281536
Data,24,0.0,0.0,1992.4541777990203,0.0,821.6858222009802,428.26,0.0,543.6,0,0,0,3786,821.6858222009797
Data,25,0.0,0.0,1913.1083370357119,0.0,826.0216629642881,422.67,0.0,537.2,0,0,0,3699,826.021662964288
Data,26,0.0,0.0,1950.4687026322924,0.0,940.0012973677078,438.33,0.0,537.2,0,0,0,3866,940.0012973677076
Data,27,0.0,0.0,1940.6226381840675,0.0,999.1773618159326,492.0,0.0,537.2,0,0,0,3969,999.1773618159325
Data,28,0.0,0.0,2020.9649861190437,0.0,860.9850138809562,630.65,0.0,540.4,0,0,0,4053,860.9850138809563
Data,29,0.0,0.0,1947.2506764625082,0.0,933.699323537492,679.85,0.0,537.2,0,0,0,4098,933.6993235374918
Data,30,0.0,0.0,2182.6429826710714,0.0,606.9070173289288,655.25,0.0,537.2,0,0,0,3982,606.9070173289285
Data,31,71.50092944354151,0.0,2189.4148213552726,0.0,881.434249201186,532.25,0.0,189.4,0,0,0,3864,881.4342492011862
Data,32,515.9103274077335,0.0,2402.8692370996955,0.0,293.63043549257145,448.39,0.0,35.2,0,0,0,3696,293.63043549257117
Data,33,557.4420657832857,584.166775500355,2707.7779342167146,0.0,0.0,355.58,0.0,35.2,0,0,0,3656,-584.1667755003552
Data,34,764.0220612079456,894.7785798838431,2513.3579387920545,0.0,0.0,333.22,0.0,38.4,0,0,0,3649,-894.7785798838432
Data,35,291.8766793745931,1675.941877702889,2961.063320625407,0.0,0.0,329.86,0.0,35.2,0,0,0,3618,-1675.941877702889
Data,36,257.6761234192122,1832.7453441305902,2908.9338765807875,0.0,0.0,349.99,0.0,38.4,0,0,0,3555,-1832.74534413059
Data,37,2127.4534046719878,0.0,888.5965953280124,1353.4345559118728,0.0,328.75,0.0,35.2,0,0,0,3380,-1353.434555911873
Data,38,2114.6648331658093,0.0,803.1651668341906,1533.3841703418643,0.0,336.57,0.0,41.6,0,0,0,3296,-1533.3841703418643
Data,39,859.3218703751731,1091.8898504928547,1908.828129624827,0.0,0.0,335.45,0.0,38.4,0,0,0,3142,-1091.8898504928547
Data,40,1644.7567496831632,0.0,1131.3232503168367,877.9764860391524,0.0,345.52,0.0,38.4,0,0,0,3160,-877.9764860391523
Data,41,727.9278265338166,397.1003310383371,2137.3921734661835,0.0,0.0,417.08,0.0,41.6,0,0,0,3324,-397.1003310383373
Data,42,510.78443780607506,0.0,2107.667323732555,0.0,414.27823846137017,471.87,0.0,38.4,0,0,0,3543,414.27823846137017
Data,43,70.24560954109454,0.0,1891.8381209164354,0.0,1137.7762695424703,506.54,0.0,192.6,0,0,0,3799,1137.7762695424701
Data,44,0.0,0.0,1748.7050441718932,0.0,1342.2449558281066,507.65,0.0,189.4,0,0,0,3788,1342.2449558281069
Data,45,0.0,0.0,1764.4245692408222,0.0,1221.0654307591776,474.11,0.0,189.4,0,0,0,3649,1221.0654307591778
Data,46,0.0,0.0,1852.030464669555,0.0,1049.219535330445,427.15,0.0,192.6,0,0,0,3521,1049.219535330445
Data,47,0.0,0.0,1940.6144083674983,0.0,955.2155916325016,385.77,0.0,189.4,0,0,0,3471,955.2155916325017
Data,48,0.0,0.0,1918.2595111397436,0.0,1077.7904888602566,372.35,0.0,192.6,0,0,0,3561,1077.7904888602563
Data,49,0.0,0.0,2249.6485135492326,0.0,719.3214864507678,376.83,0.0,186.2,0,0,0,3532,719.3214864507675
Data,50,0.0,0.0,2061.2440135979195,0.0,984.4159864020806,408.14,0.0,186.2,0,0,0,3640,984.4159864020805
Data,51,0.0,0.0,2285.0037372931984,0.0,784.2462627068016,446.15,0.0,192.6,0,0,0,3708,784.2462627068016
Data,52,0.0,0.0,2152.99102606463,0.0,806.6689739353695,512.13,0.0,358.21,0,0,0,3830,806.6689739353699
Data,53,0.0,0.0,2175.23071453139,0.0,575.86928546861,553.5,0.0,540.4,0,0,0,3845,575.8692854686102
Data,54,0.0,0.0,2499.1773461984085,0.0,106.4826538015916,555.74,0.0,543.6,0,0,0,3705,106.48265380159148
Data,55,74.06387424437071,0.0,2039.138505202404,0.0,339.97762055322505,505.42,0.0,540.4,0,0,0,3499,339.9776205532252
Data,56,515.9103274077335,0.0,2059.783500585762,0.0,223.65617200650468,409.25,0.0,38.4,0,0,0,3247,223.65617200650476
Data,57,821.4164440005145,321.4738696835409,1993.5835559994855,0.0,0.0,344.4,0.0,41.6,0,0,0,3201,-321.4738696835409
Data,58,1240.127643590158,513.1619726587321,1663.1523564098418,0.0,0.0,296.32,0.0,38.4,0,0,0,3238,-513.1619726587319
Data,59,2281.9623626648345,0.0,630.8276373351655,1057.60664692572,0.0,289.61,0.0,41.6,0,0,0,3244,-1057.60664692572
Data,60,2506.716930198776,0.0,481.533069801224,1187.8238451176292,0.0,279.55,0.0,3.2,0,0,0,3271,-1187.8238451176292
Data,61,2529.7049759123356,0.0,349.34502408766457,1333.4582034311165,0.0,273.95,0.0,0.0,0,0,0,3153,-1333.4582034311168
Data,62,2446.6969473630306,0.0,284.4630526369692,1324.5775014379908,0.0,272.84,0.0,0.0,0,0,0,3004,-1324.5775014379906
Data,63,859.6950578914457,1357.1475848339524,1698.8149421085545,0.0,0.0,288.49,0.0,0.0,0,0,0,2847,-1357.1475848339526
Data,64,368.87910164682944,1422.7239241246607,2234.6208983531706,0.0,0.0,307.5,0.0,0.0,0,0,0,2911,-1422.7239241246607
Data,65,210.41988063787585,945.2328520543902,2065.617719362124,0.0,0.0,389.13,0.0,454.8324,0,0,0,3120,-945.2328520543898
Data,66,521.0100645114243,0.0,1875.3999354885755,124.62782177234067,0.0,497.59,0.0,502.0,0,0,0,3396,-124.6278217723405
Data,67,67.68266474026534,0.0,1911.7404403799135,0.0,628.3468948798211,598.23,0.0,502.0,0,0,0,3708,628.3468948798211
Data,68,0.0,0.0,1814.7885222127918,0.0,783.2114777872082,615.0,0.0,502.0,0,0,0,3715,783.2114777872082
Data,69,0.0,0.0,1767.4058031147988,0.0,789.8641968852012,536.73,0.0,502.0,0,0,0,3596,789.8641968852012
Data,70,0.0,0.0,1836.1880918805211,0.0,599.461908119479,476.35,0.0,502.0,0,0,0,3414,599.4619081194788
Data,71,0.0,0.0,1653.4629074669308,0.0,634.0370925330692,455.1,0.0,508.4,0,0,0,3251,634.0370925330692
Data,72,0.0,0.0,1694.9330419188077,0.0,644.6269580811922,445.04,0.0,540.4,0,0,0,3325,644.6269580811922
Data,73,0.0,0.0,1699.5989351060493,0.0,599.3510648939508,433.85,0.0,537.2,0,0,0,3270,599.3510648939506
Data,74,0.0,0.0,1716.6975136939748,0.0,696.9924863060253,474.11,0.0,537.2,0,0,0,3425,696.9924863060252
Data,75,0.0,0.0,1832.459021661286,0.0,668.7409783387143,516.6,0.0,537.2,0,0,0,3555,668.740978338714
Data,76,0.0,0.0,1790.6317044408092,0.0,684.6782955591912,657.49,0.0,537.2,0,0,0,3670,684.6782955591907
Data,77,0.0,0.0,1888.2138749658193,0.0,633.5361250341808,710.05,0.0,537.2,0,0,0,3769,633.5361250341807
Data,78,0.0,0.0,1937.999811262444,0.0,516.4501887375563,722.35,0.0,537.2,0,0,0,3714,516.450188737556
Data,79,74.06387424437071,0.0,1782.8475430969752,0.0,602.478582658654,658.61,0.0,534.0,0,0,0,3652,602.4785826586541
Data,80,505.68470070238425,0.0,1633.9731362484385,0.0,296.8321630491773,523.31,0.0,537.2,0,0,0,3497,296.8321630491771
Data,81,1095.6589023544884,0.0,1346.039509034849,0.0,175.83158861066272,447.27,0.0,537.2,0,0,0,3602,175.8315886106625
Data,82,1633.2496505773997,0.0,1065.3672978147595,0.0,301.45685160784046,402.55,0.0,321.3762,0,0,0,3724,301.4568516078408
Data,83,1989.5251303906275,0.0,901.4082774741665,0.0,88.29539213520559,362.29,0.0,358.4812,0,0,0,3700,88.29539213520593
Data,84,2181.06602550566,0.0,855.8286744943398,10.162171180373207,0.0,367.88,0.0,273.2253,0,0,0,3678,-10.162171180373036
Data,85,2118.509250367053,0.0,792.5307496329469,124.44732685664962,0.0,366.76,0.0,186.2,0,0,0,3464,-124.44732685664957
Data,86,1989.5251303906275,0.0,621.9671696093724,501.9819248685733,0.0,375.71,0.0,494.7977,0,0,0,3482,-501.9819248685732
Data,87,1713.6947343258757,0.0,727.4652656741241,282.83258415850105,0.0,420.44,0.0,540.4,0,0,0,3402,-282.8325841585009
Data,88,1324.2317345917058,0.0,981.0834141738235,0.0,46.874851234470725,486.41,0.0,540.4,0,0,0,3379,46.87485123447067
Data,89,810.8843519848017,0.0,1006.8584960640748,0.0,628.7071519511234,550.15,0.0,540.4,0,0,0,3537,628.7071519511238
Data,90,335.85037890049745,0.0,947.8205191588288,0.0,1192.4591019406737,668.67,0.0,537.2,0,0,0,3682,1192.4591019406735
Data,91,43.41314662629074,0.0,963.7266504256204,0.0,1615.8302029480888,696.63,0.0,540.4,0,0,0,3860,1615.830202948089
Data,92,0.0,0.0,1127.6002965106843,0.0,1477.4497034893159,648.55,0.0,540.4,0,0,0,3794,1477.4497034893157
Data,93,0.0,0.0,1133.0701574976074,0.0,1325.8798425023924,611.65,0.0,540.4,0,0,0,3611,1325.8798425023926
Data,94,0.0,0.0,1483.5066883140191,0.0,919.123311685981,557.97,0.0,540.4,0,0,0,3501,919.1233116859809
Data,95,0.0,0.0,1601.0519564545089,0.0,678.358043545491,522.19,0.0,540.4,0,0,0,3342,678.3580435454911
Data,96,0.0,0.0,1750.0279421772934,0.0,581.7320578227063,518.84,0.0,540.4,0,0,0,3391,581.7320578227066
Data,97,0.0,0.0,1728.9518536282417,0.0,512.2581463717584,497.59,0.0,537.2,0,0,0,3276,512.2581463717584
Data,98,0.0,0.0,1886.702085809091,0.0,508.09791419090936,492.0,0.0,537.2,0,0,0,3424,508.097914190909
Data,99,0.0,0.0,1896.6492808056264,0.0,624.0307191943739,493.12,0.0,537.2,0,0,0,3551,624.0307191943735
Data,100,0.0,0.0,1897.857878118035,0.0,644.0021218819649,555.74,0.0,540.4,0,0,0,3638,644.0021218819651
Data,101,0.0,0.0,1895.99435992102,0.0,539.69564007898,720.11,0.0,537.2,0,0,0,3693,539.6956400789799
Data,102,0.0,0.0,2027.8780851382248,0.0,315.97191486177564,746.95,0.0,537.2,0,0,0,3628,315.9719148617751
Data,103,66.40119233985072,0.0,2045.6138741392213,0.0,168.2249335209283,686.56,0.0,537.2,0,0,0,3504,168.22493352092806
Data,104,224.3319907250616,131.94348908816664,2090.9580092749384,0.0,0.0,572.51,0.0,537.2,0,0,0,3425,-131.94348908816664
Data,105,574.6488378430643,0.0,1947.2283897289833,0.0,404.3427724279529,478.58,0.0,186.2,0,0,0,3591,404.3427724279527
Data,106,1024.1318204129793,0.0,1672.8281795870207,98.76299862091741,0.0,445.04,0.0,534.0,0,0,0,3676,-98.76299862091747
Data,107,1319.1058449900474,0.0,1645.4481286890448,0.0,60.176026320907795,398.07,0.0,186.2,0,0,0,3609,60.176026320907795
Data,108,1467.2597459767567,0.0,1547.2902540232435,191.90999903575448,0.0,390.25,0.0,186.2,0,0,0,3591,-191.90999903575465
Data,109,694.522675604926,748.4675522578559,1764.627324395074,0.0,0.0,365.65,0.0,537.2,0,0,0,3362,-748.467552257856
Data,110,1354.882462209786,0.0,1510.007537790214,572.0146744514004,0.0,375.71,0.0,189.4,0,0,0,3430,-572.0146744514003
Data,111,413.38163966158527,858.4927939988952,2317.2583603384146,0.0,0.0,415.96,0.0,189.4,0,0,0,3336,-858.4927939988951
Data,112,349.23740078490164,774.5092843868376,2356.0125992150984,0.0,0.0,427.15,0.0,192.6,0,0,0,3325,-774.5092843868374
Data,113,761.0899958544055,0.0,1702.3700041455945,796.3097335855409,0.0,481.94,0.0,543.6,0,0,0,3489,-796.3097335855409
Data,114,54.12943320484101,280.4394732952418,2386.5105667951593,0.0,0.0,612.76,0.0,543.6,0,0,0,3597,-280.43947329524224
Data,115,40.85020182546154,0.0,2277.664569167109,0.0,248.38522900742964,676.5,0.0,543.6,0,0,0,3787,248.38522900742907
Data,116,0.0,0.0,1761.3775293081544,0.0,735.4124706918454,658.61,0.0,543.6,0,0,0,3699,735.4124706918456
Data,117,0.0,0.0,1677.3097478588143,0.0,680.6402521411854,636.25,0.0,546.8,0,0,0,3541,680.6402521411858
Data,118,0.0,0.0,1864.9032060509135,0.0,378.9667939490863,610.53,0.0,543.6,0,0,0,3398,378.96679394908654
Data,119,0.0,0.0,2081.59,107.86807890526961,0.0,584.81,0.0,543.6,0,0,0,3210,-107.86807890526973
Data,120,0.0,0.0,2126.13,331.75009672488613,0.0,570.27,0.0,543.6,0,0,0,3240,-331.75009672488625
Data,121,0.0,0.0,2467.94,31.05523318916903,0.0,526.66,0.0,189.4,0,0,0,3184,-31.05523318916906
Data,122,0.0,0.0,2280.6000999999997,184.95737266707783,0.0,525.55,0.0,456.8499,0,0,0,3263,-184.95737266707744
Data,123,0.0,0.0,2275.75,280.3881355331059,0.0,556.85,0.0,540.4,0,0,0,3373,-280.3881355331059
Data,124,0.0,0.0,2218.9981707653646,0.0,115.42182923463528,626.18,0.0,540.4,0,0,0,3501,115.42182923463542
Data,125,0.0,0.0,1955.5876660475092,0.0,676.252333952491,735.76,0.0,189.4,0,0,0,3557,676.2523339524909
Data,126,0.0,0.0,2143.498239739659,0.0,620.041760260341,748.06,0.0,38.4,0,0,0,3550,620.0417602603412
Data,127,66.40119233985072,0.0,2017.926392388432,0.0,831.8324152717171,666.44,0.0,38.4,0,0,0,3621,831.8324152717172
Data,128,342.2315884046028,0.0,2357.824235164307,0.0,361.21417643109,561.33,0.0,38.4,0,0,0,3661,361.21417643109
Data,129,503.12175590155505,0.0,2116.7586517516024,0.0,770.2295923468423,534.49,0.0,38.4,0,0,0,3963,770.2295923468427
Data,130,881.1038090279285,0.0,2022.3548650315374,0.0,699.8213259405334,493.12,0.0,41.6,0,0,0,4138,699.821325940534
Data,131,1113.52105846639,0.0,2436.937203133932,0.0,106.09173839967798,464.05,0.0,38.4,0,0,0,4159,106.09173839967778
Data,132,1233.5610241378804,0.0,2072.2512778122396,0.0,372.37769804987965,437.21,0.0,41.6,0,0,0,4157,372.37769804988005
Data,133,822.1505941820528,467.5859955903293,2593.419405817947,0.0,0.0,426.03,0.0,38.4,0,0,0,3880,-467.58599559032893
Data,134,663.0923041649262,449.14728190104915,2589.3576958350736,0.0,0.0,451.75,0.0,44.8,0,0,0,3749,-449.147281901049
Data,135,766.1897329580963,0.0,2201.368618622007,0.0,111.71164841989685,512.13,0.0,41.6,0,0,0,3633,111.71164841989687
Data,136,489.07786449292973,0.0,2357.936530047028,0.0,137.20560546004208,576.98,0.0,44.8,0,0,0,3606,137.20560546004225
Data,137,263.06797705654134,0.0,2674.7621895293696,0.0,86.0598334140891,646.31,0.0,44.8,0,0,0,3715,86.05983341408928
Data,138,94.48897515710149,0.0,2420.3482171744636,0.0,517.2128076684348,722.35,0.0,41.6,0,0,0,3796,517.2128076684351
Data,139,14.04389140862538,0.0,2313.4389472574426,0.0,860.7671613339321,746.95,0.0,44.8,0,0,0,3980,860.7671613339321
Data,140,0.0,0.0,2335.281086666076,0.0,683.248913333924,717.87,0.0,192.6,0,0,0,3929,683.2489133339238
Data,141,0.0,0.0,2323.3971951281583,0.0,562.062804871842,678.74,0.0,195.8,0,0,0,3760,562.0628048718418
Data,142,0.0,0.0,2415.7579361863773,0.0,301.4820638136225,661.96,0.0,195.8,0,0,0,3575,301.4820638136227
Data,143,0.0,0.0,2335.842254537597,0.0,218.82774546240324,659.73,0.0,192.6,0,0,0,3407,218.827745462403
Data,144,0.0,0.0,2434.631159337417,0.0,143.6688406625826,651.9,0.0,195.8,0,0,0,3426,143.6688406625829
Data,145,0.0,0.0,2588.6,12.642187949471008,0.0,615.0,0.0,189.4,0,0,0,3393,-12.642187949470923
Data,146,0.0,0.0,2434.3512284107182,0.0,211.47877158928145,631.77,0.0,189.4,0,0,0,3467,211.47877158928176
Data,147,0.0,0.0,2796.8500000000004,130.70927453160175,0.0,648.55,0.0,192.6,0,0,0,3638,-130.70927453160206
Data,148,0.0,0.0,2553.4692450771504,0.0,290.80075492284965,684.33,0.0,189.4,0,0,0,3718,290.8007549228496
Data,149,0.0,0.0,2680.485383093519,0.0,124.85461690648116,797.26,0.0,189.4,0,0,0,3792,124.85461690648103
Data,150,0.0,0.0,2675.678354097203,0.0,86.11164590279733,781.61,0.0,192.6,0,0,0,3736,86.11164590279716
Data,151,66.40119233985072,0.0,2688.258807660149,215.10095523560312,0.0,727.94,0.0,189.4,0,0,0,3672,-215.10095523560304
Data,152,0.0,319.2435426910429,2888.71,465.8844134987171,0.0,632.89,0.0,38.4,0,0,0,3560,-785.12795618976
Data,153,169.53305677250728,221.21141536207705,2964.536943227493,0.0,0.0,561.33,0.0,41.6,0,0,0,3737,-221.21141536207708
Data,154,0.0,521.0100645114243,3325.94,41.447063186983996,0.0,526.66,0.0,38.4,0,0,0,3891,-562.4571276984084
Data,155,514.6288550073189,0.0,2787.441144992681,579.5601119743324,0.0,487.53,0.0,38.4,0,0,0,3828,-579.560111974332
Data,156,216.81151948912247,227.57172597710178,3100.0184805108775,0.0,0.0,459.57,0.0,41.6,0,0,0,3818,-227.5717259771017
Data,157,471.2157083810281,0.0,2587.114291618972,996.2061400094708,0.0,447.27,0.0,38.4,0,0,0,3544,-996.2061400094707
Data,158,446.94619026705357,0.0,2638.9338097329464,749.2084394062372,0.0,468.52,0.0,41.6,0,0,0,3596,-749.2084394062373
Data,159,0.0,376.70058072595896,3114.31,248.59693046345228,0.0,509.89,0.0,44.8,0,0,0,3669,-625.297511189411
Data,160,3.0580147551740993,286.8162727182034,3151.551985244826,0.0,0.0,546.79,0.0,41.6,0,0,0,3743,-286.81627271820355
Data,161,0.0,189.00410281217063,3050.3199999999997,694.3185860787021,0.0,613.88,0.0,195.8,0,0,0,3860,-883.3226888908723
Data,162,76.62681904519994,0.0,2961.1531809548,447.0162228437898,0.0,677.62,0.0,192.6,0,0,0,3908,-447.01622284379005
Data,163,14.04389140862538,0.0,3064.946108591375,295.23663725261486,0.0,732.41,0.0,192.6,0,0,0,4004,-295.2366372526151
Data,164,0.0,0.0,3015.22,19.666706549889568,0.0,699.98,0.0,195.8,0,0,0,3911,-19.666706549889398
Data,165,0.0,0.0,2526.0932408649824,0.0,377.05675913501767,655.25,0.0,192.6,0,0,0,3751,377.0567591350176
Data,166,0.0,0.0,2594.5475285058073,0.0,156.22247149419246,647.43,0.0,195.8,0,0,0,3594,156.2224714941927
Data,167,0.0,0.0,2523.988522027255,0.0,76.22147797274528,645.19,0.0,192.6,0,0,0,3438,76.22147797274502
Data,168,0.0,0.0,2328.211230199385,0.0,432.24876980061487,604.94,0.0,192.6,0,0,0,3558,432.2487698006147
Data,169,0.0,0.0,2365.07,48.95511034817446,0.0,561.33,0.0,543.6,0,0,0,3470,-48.955110348174685
Data,170,0.0,0.0,2282.0633076697654,0.0,170.89669233023443,592.64,0.0,540.4,0,0,0,3586,170.8966923302346
Data,171,0.0,0.0,2379.9269997227857,0.0,164.2630002772146,609.41,0.0,540.4,0,0,0,3694,164.26300027721436
Data,172,0.0,0.0,2334.1101597830257,0.0,216.02984021697407,723.46,0.0,540.4,0,0,0,3814,216.02984021697432
Data,173,0.0,0.0,2079.3129777691834,0.0,452.8370222308168,778.25,0.0,543.6,0,0,0,3854,452.8370222308166
Data,174,0.0,0.0,1987.1022177662028,0.0,522.3177822337973,749.18,0.0,540.4,0,0,0,3799,522.3177822337973
Data,175,70.24560954109454,0.0,2031.3976832943442,0.0,586.1567071645616,688.8,0.0,540.4,0,0,0,3917,586.1567071645615
Data,176,326.90622459556283,0.0,2362.0971167172956,0.0,468.2566586871412,580.34,0.0,38.4,0,0,0,3776,468.25665868714145
Data,177,487.7963920925151,0.0,2138.8111391417406,0.0,646.8924687657441,528.9,0.0,41.6,0,0,0,3844,646.8924687657445
Data,178,804.5031424806963,0.0,1646.6595452944173,0.0,981.0273122248866,486.41,0.0,38.4,0,0,0,3957,981.0273122248865
Data,179,1114.8025308668045,0.0,1744.4542093801003,0.0,602.9432597530947,467.4,0.0,38.4,0,0,0,3968,602.9432597530949
Data,180,1411.0580278442872,0.0,1237.7653700655783,0.0,916.4866020901345,436.09,0.0,41.6,0,0,0,4043,916.4866020901346
Data,181,1495.3475287940073,0.0,1541.0762759661548,0.0,197.56619523983795,412.61,0.0,38.4,0,0,0,3685,197.56619523983792
Data,182,1586.0182392478328,0.0,1169.0704050092381,0.0,409.62135574292915,460.69,0.0,41.6,0,0,0,3667,409.6213557429291
Data,183,1395.7326640352474,0.0,1328.5604314010386,0.0,224.47690456371402,524.43,0.0,44.8,0,0,0,3518,224.47690456371384
Data,184,994.7625651953138,0.0,1574.9175017813545,0.0,249.71993302333158,615.0,0.0,41.6,0,0,0,3476,249.7199330233315
Data,185,555.4790568327803,0.0,1424.8298604744377,0.0,941.5810826927823,695.51,0.0,41.6,0,0,0,3659,941.5810826927819
Data,186,199.20357701955217,0.0,1416.702417038459,0.0,1313.8240059419884,742.47,0.0,44.8,0,0,0,3717,1313.8240059419888
Data,187,28.08778281725076,0.0,1251.508169563213,0.0,1705.1640476195366,715.64,0.0,192.6,0,0,0,3893,1705.1640476195364
Data,188,0.0,0.0,1464.7690114395377,0.0,1524.5609885604622,644.07,0.0,192.6,0,0,0,3826,1524.5609885604622
Data,189,0.0,0.0,1034.4035902058483,0.0,1818.7464097941513,606.05,0.0,195.8,0,0,0,3655,1818.7464097941518
Data,190,0.0,0.0,728.790530005015,0.0,1988.8594699949851,593.75,0.0,192.6,0,0,0,3504,1988.8594699949851
Data,191,0.0,0.0,649.6566221533196,0.0,1684.9433778466807,565.8,0.0,543.6,0,0,0,3444,1684.9433778466805
Data,192,0.0,0.0,674.6593043600749,0.0,1718.8706956399249,545.67,0.0,546.8,0,0,0,3486,1718.870695639925
Data,193,0.0,0.0,993.3958606187784,0.0,1661.0541393812214,569.15,0.0,189.4,0,0,0,3413,1661.0541393812216
Data,194,0.0,0.0,1042.3396205999995,0.0,1706.4603794000006,565.8,0.0,189.4,0,0,0,3504,1706.4603794000004
Data,195,0.0,0.0,1150.4133146391741,0.0,1697.5566853608257,573.63,0.0,189.4,0,0,0,3611,1697.556685360826
Data,196,0.0,0.0,1095.7734450830337,0.0,1669.9865549169665,715.64,0.0,192.6,0,0,0,3674,1669.9865549169663
Data,197,0.0,0.0,1014.6723635918718,0.0,1745.757636408128,730.17,0.0,189.4,0,0,0,3680,1745.7576364081283
Data,198,0.0,0.0,1160.5044168682448,0.0,1515.4555831317552,715.64,0.0,189.4,0,0,0,3581,1515.4555831317552
Data,199,77.90829144561454,0.0,969.4715889033471,0.0,1712.8501196510383,656.37,0.0,38.4,0,0,0,3455,1712.8501196510385
Data,200,305.19965128241745,0.0,1169.7641459559732,0.0,1139.0462027616095,571.39,0.0,41.6,0,0,0,3227,1139.0462027616093
Data,201,453.32739977115887,0.0,1071.7775779030196,0.0,1209.3650223258212,512.13,0.0,38.4,0,0,0,3285,1209.3650223258214
Data,202,877.2855443246526,0.0,1022.0758177792148,0.0,929.5886378961324,488.65,0.0,38.4,0,0,0,3356,929.5886378961326
Data,203,1316.5690526871858,0.0,1027.2777693210758,0.0,460.5231779917383,475.23,0.0,38.4,0,0,0,3318,460.5231779917384
Data,204,1634.5311229778142,0.0,999.3358361951878,0.0,171.5330408269981,492.0,0.0,41.6,0,0,0,3339,171.53304082699802
Data,205,1886.0920009285915,0.0,855.6479990714083,17.897598171617688,0.0,452.86,0.0,38.4,0,0,0,3233,-17.89759817161748
Data,206,1836.392285632082,144.18869045361134,758.3177143679183,0.0,0.0,460.69,0.0,41.6,0,0,0,3097,-144.18869045361149
Data,207,1718.8206239275341,0.0,396.8911884428332,0.0,411.41818762963277,496.47,0.0,38.4,0,0,0,3062,411.41818762963265
Data,208,1299.9622164777315,0.0,424.9480158650104,0.0,787.5197676572584,557.97,0.0,41.6,0,0,0,3112,787.5197676572581
Data,209,736.820477740431,0.0,256.7993935435741,0.0,1584.8101287159948,631.77,0.0,44.8,0,0,0,3255,1584.8101287159952
Data,210,302.63670648158825,0.0,358.4461494064803,0.0,2032.5771441119311,678.74,0.0,41.6,0,0,0,3414,2032.5771441119316
Data,211,54.92024573205456,0.0,623.9957352382683,0.0,2034.244019029677,691.04,0.0,195.8,0,0,0,3600,2034.2440190296775
Data,212,0.0,0.0,550.3679791900684,0.0,2152.422020809932,658.61,0.0,192.6,0,0,0,3554,2152.422020809932
Data,213,0.0,0.0,532.8404860412259,0.0,2044.719513958774,641.84,0.0,192.6,0,0,0,3412,2044.719513958774
Data,214,0.0,0.0,386.82043456193605,0.0,2081.949565438064,647.43,0.0,195.8,0,0,0,3312,2081.949565438064
Data,215,0.0,0.0,522.8615021051983,0.0,1837.488497894802,606.05,0.0,192.6,0,0,0,3159,1837.4884978948019
Data,216,0.0,0.0,378.49225670115896,0.0,2005.027743298841,613.88,0.0,192.6,0,0,0,3190,2005.027743298841
Data,217,0.0,0.0,355.7727951670239,0.0,1997.3772048329756,581.45,0.0,189.4,0,0,0,3124,1997.377204832976
Data,218,0.0,0.0,342.0712165367916,0.0,2111.6887834632084,592.64,0.0,192.6,0,0,0,3239,2111.6887834632084
Data,219,0.0,0.0,432.51898867139334,0.0,2062.2510113286066,622.83,0.0,189.4,0,0,0,3307,2062.2510113286066
Data,220,0.0,0.0,397.4766204335351,0.0,2106.6633795664648,723.46,0.0,189.4,0,0,0,3417,2106.6633795664648
Data,221,0.0,0.0,357.4759404779158,0.0,2147.8740595220843,759.25,0.0,189.4,0,0,0,3454,2147.8740595220843
Data,222,0.0,0.0,451.22232671019776,0.0,1939.9776732898022,787.2,0.0,192.6,0,0,0,3371,1939.9776732898022
Data,223,109.81433896614146,0.0,397.0202197002949,0.0,1829.8954413335637,717.87,0.0,189.4,0,0,0,3244,1829.8954413335637
Data,224,552.9422645299188,0.0,397.5500115686996,0.0,1411.1077239013816,615.0,0.0,38.4,0,0,0,3015,1411.1077239013816
Data,225,1054.7825480310592,0.0,268.6657095574929,0.0,1070.101742411448,587.05,0.0,38.4,0,0,0,3019,1070.101742411448
Data,226,1519.5908944100142,0.0,136.25927751797232,0.0,788.2498280720133,553.5,0.0,38.4,0,0,0,3036,788.2498280720134
Data,227,1887.3734733290062,0.0,240.42216920800544,0.0,293.7243574629882,540.08,0.0,38.4,0,0,0,3000,293.72435746298834
Data,228,2150.4414503855473,0.0,281.8885496144526,68.7871453512214,0.0,521.07,0.0,41.6,0,0,0,2995,-68.78714535122137
Data,229,2210.4352807233254,0.0,136.97446963918864,0.0,184.83024963748576,514.36,0.0,38.4,0,0,0,3085,184.83024963748596
Data,230,2139.0093430676866,43.338154838388164,335.27065693231333,0.0,0.0,542.32,0.0,38.4,0,0,0,3055,-43.33815483838813
Data,231,1751.9578062158562,227.36784996738993,663.9921937841436,0.0,0.0,581.45,0.0,41.6,0,0,0,3039,-227.3678499673898
Data,232,1612.824549664669,0.0,541.1695763684792,0.0,286.23587396685195,607.17,0.0,41.6,0,0,0,3089,286.23587396685195
Data,233,1040.738656622434,0.0,602.3093076581207,0.0,828.1020357194453,655.25,0.0,41.6,0,0,0,3168,828.1020357194452
Data,234,458.4271368748497,0.0,345.69887563139014,0.0,1614.0739874937601,738.0,0.0,195.8,0,0,0,3352,1614.0739874937603
Data,235,68.96413714067994,0.0,479.5869395355042,0.0,2015.118923323816,782.73,0.0,192.6,0,0,0,3539,2015.1189233238156
Data,236,0.0,0.0,946.6185614245207,0.0,1611.2314385754796,771.55,0.0,192.6,0,0,0,3522,1611.2314385754794
Data,237,0.0,0.0,1317.3925950609687,0.0,1158.6574049390315,722.35,0.0,192.6,0,0,0,3391,1158.6574049390313
Data,238,0.0,0.0,1653.6784072303767,0.0,705.2115927696235,695.51,0.0,192.6,0,0,0,3247,705.2115927696233
Data,239,0.0,0.0,1211.036698021155,0.0,1007.733301978845,696.63,0.0,192.6,0,0,0,3108,1007.733301978845
Data,240,0.0,0.0,1431.4943082214559,0.0,819.4056917785441,676.5,0.0,192.6,0,0,0,3120,819.4056917785441
Data,241,0.0,0.0,1635.5500684098379,0.0,600.9799315901619,644.07,0.0,189.4,0,0,0,3070,600.9799315901621
Data,242,0.0,0.0,1330.772673758466,0.0,1010.2773262415342,648.55,0.0,189.4,0,0,0,3179,1010.2773262415341
Data,243,0.0,0.0,1329.5881233898997,0.0,1072.7618766101007,729.05,0.0,192.6,0,0,0,3324,1072.7618766101004
Data,244,0.0,0.0,1713.07417099772,0.0,696.6058290022796,812.92,0.0,189.4,0,0,0,3412,696.60582900228
Data,245,0.0,0.0,1921.486457549428,0.0,496.1835424505721,831.93,0.0,189.4,0,0,0,3439,496.1835424505721
Data,246,0.0,0.0,1735.157497209319,0.0,656.342502790681,824.1,0.0,189.4,0,0,0,3405,656.342502790681
Data,247,112.37728376697069,0.0,1301.271875215594,0.0,1084.6808410174351,816.27,0.0,189.4,0,0,0,3504,1084.6808410174351
Data,248,550.3793197290895,0.0,1474.1045970544901,0.0,674.0460832164204,767.07,0.0,38.4,0,0,0,3504,674.0460832164201
Data,249,1026.6947652138085,0.0,1180.8967653284244,0.0,747.1584694577671,660.85,0.0,38.4,0,0,0,3654,747.1584694577668
Data,250,1328.0499992949822,0.0,821.4178655471634,0.0,880.9821351578543,673.15,0.0,38.4,0,0,0,3742,880.9821351578545
Data,251,1577.074084942898,0.0,996.2849649763967,0.0,358.93095008070543,646.31,0.0,38.4,0,0,0,3617,358.9309500807053
Data,252,1792.8844981719049,0.0,826.8748902791633,0.0,306.60061154893174,617.24,0.0,38.4,0,0,0,3582,306.60061154893185
Data,253,1535.5790046754892,276.4491220087316,1175.610995324511,0.0,0.0,609.41,0.0,38.4,0,0,0,3359,-276.4491220087316
Data,254,1616.642814367945,0.0,972.1225390325773,0.0,214.35464659947763,638.48,0.0,38.4,0,0,0,3480,214.35464659947772
Data,255,1363.800464016753,0.0,1095.051226869567,0.0,247.89830911368017,679.85,0.0,38.4,0,0,0,3425,247.89830911368014
Data,256,1076.4891213442045,0.0,1010.8484740809913,0.0,553.432404574804,745.83,0.0,38.4,0,0,0,3425,553.4324045748044
Data,257,660.1936586952311,0.0,1080.984885143961,0.0,736.3214561608081,848.7,0.0,195.8,0,0,0,3522,736.3214561608079
Data,258,237.51698654215215,0.0,984.3613227553045,0.0,836.9716907025437,913.55,0.0,543.6,0,0,0,3516,836.9716907025434
Data,259,31.93220001849458,0.0,875.8418947228954,0.0,1297.0059052586105,923.62,0.0,543.6,0,0,0,3672,1297.0059052586098
Data,260,0.0,0.0,1132.871278467907,0.0,1261.464321532093,868.83,0.0,359.8344,0,0,0,3623,1261.464321532093
Data,261,0.0,0.0,750.9708812332169,0.0,1270.5991187667832,868.83,0.0,543.6,0,0,0,3434,1270.599118766783
Data,262,0.0,0.0,985.5548009958208,0.0,864.7851990041794,871.06,0.0,543.6,0,0,0,3265,864.7851990041793
Data,263,0.0,0.0,711.1476156201544,0.0,983.3723843798456,859.88,0.0,543.6,0,0,0,3098,983.3723843798456
Data,264,0.0,0.0,990.2221464167559,0.0,697.7178535832442,846.46,0.0,543.6,0,0,0,3078,697.717853583244
Data,265,0.0,0.0,1584.17,286.4859130251175,0.0,893.43,0.0,540.4,0,0,0,3018,-286.4859130251175
Data,266,0.0,0.0,1558.3483409848277,0.0,108.14165901517242,916.91,0.0,543.6,0,0,0,3127,108.14165901517231
Data,267,0.0,0.0,1574.3356961853563,0.0,210.81430381464352,931.45,0.0,540.4,0,0,0,3257,210.81430381464372
Data,268,0.0,0.0,1568.7872883267635,0.0,312.5927116732364,948.22,0.0,540.4,0,0,0,3370,312.5927116732365
Data,269,0.0,0.0,1708.6279931964032,0.0,200.04200680359685,954.93,0.0,540.4,0,0,0,3404,200.0420068035969
Data,270,0.0,0.0,1636.2763333241437,0.0,246.63366667585612,952.69,0.0,540.4,0,0,0,3376,246.63366667585626
Data,271,89.38923805341071,0.0,1562.0697390746413,0.0,669.9910228719477,919.15,0.0,189.4,0,0,0,3430,669.991022871948
Data,272,241.36140374339595,0.0,1520.2883228530848,0.0,645.9802734035195,877.77,0.0,41.6,0,0,0,3327,645.9802734035194
Data,273,273.2674512639229,0.0,1478.2622883278177,0.0,920.0802604082592,841.99,0.0,38.4,0,0,0,3552,920.0802604082595
Data,274,514.6288550073189,0.0,1404.726346280524,0.0,831.6747987121571,828.57,0.0,38.4,0,0,0,3618,831.6747987121573
Data,275,948.786473768194,0.0,779.3074450110558,0.0,987.69608122075,830.81,0.0,38.4,0,0,0,3585,987.6960812207503
Data,276,1413.6209726451166,0.0,1121.0464516548795,0.0,187.42257570000402,818.51,0.0,38.4,0,0,0,3579,187.42257570000388
Data,277,1667.7447953967235,0.0,796.1752046032766,174.07115791840033,0.0,810.68,0.0,38.4,0,0,0,3313,-174.07115791840036
Data,278,1785.2218162673848,0.0,805.0381837326152,0.0,0.0,826.34,0.0,38.4,0,0,0,3455,-2.1316282072803006e-14
Data,279,1792.8844981719049,0.0,808.0155018280948,109.48771493158301,0.0,848.7,0.0,38.4,0,0,0,3488,-109.4877149315827
Data,280,1451.9343821677166,0.0,993.2304987165336,0.0,127.30511911574956,881.13,0.0,38.4,0,0,0,3492,127.30511911574976
Data,281,967.9562547784776,0.0,1038.5131325536377,0.0,457.0306126678847,897.9,0.0,192.6,0,0,0,3554,457.0306126678847
Data,282,475.0339730843043,0.0,908.6543705387429,0.0,795.281656376953,893.43,0.0,543.6,0,0,0,3616,795.2816563769528
Data,283,74.06387424437071,0.0,970.0264134498228,0.0,1211.7597123058067,913.55,0.0,543.6,0,0,0,3713,1211.7597123058065
Data,284,0.0,0.0,847.7872426972588,0.0,1299.162757302741,931.45,0.0,543.6,0,0,0,3622,1299.1627573027413
Data,285,0.0,0.0,944.479427439834,0.0,1014.1205725601661,934.8,0.0,543.6,0,0,0,3437,1014.120572560166
Data,286,0.0,0.0,1019.9366511937438,0.0,783.2533488062562,929.21,0.0,543.6,0,0,0,3276,783.2533488062561
Data,287,0.0,0.0,1120.3111693265487,0.0,524.8388306734514,901.25,0.0,543.6,0,0,0,3090,524.8388306734513
Data,288,0.0,0.0,1228.6070497086298,0.0,412.48295029137023,892.31,0.0,543.6,0,0,0,3077,412.48295029137023
Data,289,0.0,0.0,1571.3265631993424,0.0,31.063436800657612,880.01,0.0,543.6,0,0,0,3026,31.06343680065754
Data,290,0.0,0.0,1432.9843443642076,0.0,263.8956556357923,886.72,0.0,540.4,0,0,0,3124,263.8956556357924
Data,291,0.0,0.0,1335.9001582535698,0.0,498.44984174643,901.25,0.0,540.4,0,0,0,3276,498.44984174643025
Data,292,0.0,0.0,1778.422100200912,0.0,122.78789979908811,940.39,0.0,540.4,0,0,0,3382,122.78789979908811
Data,293,0.0,0.0,1790.2902883469685,0.0,138.37971165303162,954.93,0.0,540.4,0,0,0,3424,138.37971165303156
Data,294,0.0,0.0,1655.8582188935172,0.0,292.3417811064826,959.4,0.0,540.4,0,0,0,3448,292.3417811064828
Data,295,121.32143807190528,0.0,1454.9818824718393,0.0,845.1466794562555,919.15,0.0,189.4,0,0,0,3530,845.1466794562552
Data,296,593.7924663553804,0.0,1731.7433640833738,0.0,264.9241695612459,900.14,0.0,38.4,0,0,0,3529,264.9241695612459
Data,297,1122.4652127713246,0.0,1390.6404313598794,0.0,344.30435586879594,891.19,0.0,38.4,0,0,0,3787,344.3043558687963
Data,298,1671.5630600999993,0.0,1004.3991856886942,0.0,297.6177542113064,899.02,0.0,38.4,0,0,0,3911,297.61775421130653
Data,299,1962.7188199737916,0.0,990.6747377602987,0.0,5.686442265909591,911.32,0.0,41.6,0,0,0,3912,5.686442265909612
Data,300,1969.100029477897,0.0,934.8231218589921,0.0,62.41684866311118,920.26,0.0,38.4,0,0,0,3925,62.41684866311105
Data,301,2058.4892675313076,0.0,759.8968641940392,0.0,13.863868274653214,864.35,0.0,38.4,0,0,0,3735,13.863868274653193
Data,302,1939.7307742602316,0.0,714.8876262117848,0.0,270.64159952798366,900.14,0.0,41.6,0,0,0,3867,270.64159952798366
Data,303,1774.9961895620359,0.0,730.9247198434057,0.0,360.98909059455855,903.49,0.0,41.6,0,0,0,3812,360.98909059455843
Data,304,1416.1577649479782,0.0,787.81011564952,0.0,596.4321194025015,934.8,0.0,44.8,0,0,0,3780,596.4321194025019
Data,305,962.8303651768192,0.0,604.315700353587,0.0,734.2739344695937,945.98,0.0,543.6,0,0,0,3791,734.2739344695938
Data,306,454.6088721715735,0.0,611.6829690754195,0.0,1240.798158753007,966.11,0.0,546.8,0,0,0,3820,1240.7981587530069
Data,307,68.96413714067994,0.0,597.7445582636634,0.0,1707.8513045956565,1010.84,0.0,543.6,0,0,0,3929,1707.8513045956565
Data,308,0.0,0.0,516.8504542077842,0.0,1790.2195457922155,1004.13,0.0,546.8,0,0,0,3858,1790.2195457922157
Data,309,0.0,0.0,616.3533188788153,0.0,1519.0966811211845,992.95,0.0,543.6,0,0,0,3672,1519.0966811211847
Data,310,0.0,0.0,781.5529583270995,0.0,1171.8170416729004,991.83,0.0,546.8,0,0,0,3492,1171.8170416729004
Data,311,0.0,0.0,944.627319199261,0.0,850.4726808007391,996.3,0.0,543.6,0,0,0,3335,850.472680800739
Data,312,0.0,0.0,1030.6122863391656,0.0,823.6577136608344,954.93,0.0,546.8,0,0,0,3356,823.6577136608345
Data,313,0.0,0.0,1077.0988921451608,0.0,698.1111078548392,940.39,0.0,540.4,0,0,0,3256,698.1111078548392
Data,314,0.0,0.0,1073.6398588611037,0.0,805.6801411388963,958.28,0.0,540.4,0,0,0,3378,805.6801411388964
Data,315,0.0,0.0,1085.7054259342226,0.0,886.4545740657775,986.24,0.0,543.6,0,0,0,3502,886.4545740657774
Data,316,0.0,0.0,1091.3521151472564,0.0,946.1778848527434,1013.07,0.0,540.4,0,0,0,3591,946.1778848527435
Data,317,0.0,0.0,1218.8882170379316,0.0,870.6617829620686,1029.85,0.0,543.6,0,0,0,3663,870.6617829620685
Data,318,0.0,0.0,1289.3471106676654,0.0,745.2328893323345,1022.02,0.0,540.4,0,0,0,3597,745.2328893323346
Data,319,140.46506658422143,0.0,1363.0574795498314,0.0,506.5274538659471,1017.55,0.0,540.4,0,0,0,3568,506.5274538659472
Data,320,422.193311097446,259.70692091093053,1550.496688902554,0.0,0.0,990.71,0.0,543.6,0,0,0,3507,-259.70692091093053
Data,321,902.6685194780587,402.39343410336346,1284.591480521941,0.0,0.0,949.34,0.0,540.4,0,0,0,3677,-402.39343410336323
Data,322,1015.5334717140629,772.2251368561836,1310.1865282859374,0.0,0.0,933.68,0.0,543.6,0,0,0,3803,-772.2251368561838
Data,323,780.4364505680105,1307.422072180963,1571.3135494319895,0.0,0.0,906.85,0.0,540.4,0,0,0,3799,-1307.422072180963
Data,324,994.6662333509107,1248.9827197913237,1352.280166649089,0.0,0.0,901.25,0.0,509.8036,0,0,0,3758,-1248.9827197913235
Data,325,1064.8142220736834,1085.627228311864,1382.9757779263166,0.0,0.0,904.61,0.0,192.6,0,0,0,3545,-1085.627228311864
Data,326,1174.2287227769402,848.5100800325968,1336.4612772230598,0.0,0.0,916.91,0.0,189.4,0,0,0,3617,-848.5100800325968
Data,327,1706.0320524213557,0.0,734.2471475786442,358.6533583057519,0.0,937.04,0.0,217.6808,0,0,0,3595,-358.6533583057518
Data,328,1005.9599978784656,267.19590818242955,1320.2066021215344,0.0,0.0,928.09,0.0,352.7434,0,0,0,3607,-267.1959081824296
Data,329,818.5470338893217,0.0,1347.9105613955055,0.0,21.32240471517298,923.62,0.0,543.6,0,0,0,3655,21.322404715172524
Data,330,370.3193712218536,0.0,1288.3777127682883,0.0,566.3629160098578,949.34,0.0,543.6,0,0,0,3718,566.362916009858
Data,331,70.24560954109454,0.0,1237.0094570819645,0.0,1069.524933376941,997.42,0.0,546.8,0,0,0,3921,1069.5249333769411
Data,332,0.0,0.0,1296.9797176045436,0.0,1017.1102823954567,1015.31,0.0,543.6,0,0,0,3873,1017.1102823954565
Data,333,1.2814724004146063,0.0,1351.1913184406335,0.0,1144.9015091589522,1004.13,0.0,202.4957,0,0,0,3704,1144.9015091589517
Data,334,0.0,0.0,1583.2673405138116,0.0,677.4336594861884,972.82,0.0,274.479,0,0,0,3508,677.4336594861884
Data,335,0.0,0.0,1808.7591413760413,0.0,347.5315586239587,967.23,0.0,258.4793,0,0,0,3382,347.5315586239587
Data,336,0.0,0.0,1913.13,315.33615581661616,0.0,939.27,0.0,543.6,0,0,0,3396,-315.33615581661627
Data,337,0.0,0.0,1880.5500000000002,520.4455595414697,0.0,925.85,0.0,543.6,0,0,0,3350,-520.44555954147
Data,338,0.0,0.0,1951.86,783.4863796519883,0.0,924.74,0.0,540.4,0,0,0,3417,-783.4863796519882
Data,339,0.0,0.0,2034.21,723.5738794737692,0.0,940.39,0.0,540.4,0,0,0,3515,-723.573879473769
Data,340,0.0,0.0,2133.65,516.8363988281762,0.0,962.75,0.0,543.6,0,0,0,3640,-516.8363988281764
Data,341,0.0,0.0,2240.3599999999997,571.6349529951663,0.0,986.24,0.0,540.4,0,0,0,3767,-571.6349529951659
Data,342,0.0,0.0,2152.18,724.4651683241123,0.0,997.42,0.0,540.4,0,0,0,3690,-724.465168324112
Data,343,0.0,150.69069328957065,2190.45,1058.5093076523253,0.0,992.95,0.0,543.6,0,0,0,3727,-1209.2000009418962
Data,344,0.0,695.944123417002,2150.85,1213.2536909666414,0.0,943.75,0.0,540.4,0,0,0,3635,-1909.1978143836432
Data,345,-0.0,1331.8944164962259,2445.5299999999997,237.5183154514732,0.0,890.07,0.0,540.4,0,0,0,3876,-1569.412731947699
Data,346,1870.766637119552,0.0,705.6233628804484,1721.6127643817467,0.0,880.01,0.0,543.6,0,0,0,4000,-1721.6127643817472
Data,347,-0.0,2161.9223969933437,2522.47,43.540248417357475,0.0,881.13,0.0,540.4,0,0,0,3944,-2205.462645410701
Data,348,-0.0,2233.423326436885,2463.48,404.52292601557303,0.0,862.12,0.0,540.4,0,0,0,3866,-2637.946252452458
Data,349,-0.0,2119.7907227674677,2346.83,641.212180632178,0.0,828.57,0.0,543.6,0,0,0,3719,-2761.0029033996457
Data,350,2027.8385399132276,0.0,338.7714600867721,2549.7938133778907,0.0,841.99,0.0,540.4,0,0,0,3749,-2549.7938133778903
Data,351,-0.0,1721.3574162303958,2257.17,461.0175569936612,0.0,844.23,0.0,543.6,0,0,0,3645,-2182.3749732240567
Data,352,-0.0,1268.0300164592368,2207.21,341.05439561705225,0.0,841.99,0.0,546.8,0,0,0,3596,-1609.084412076289
Data,353,0.0,767.4712053585109,2233.69,185.34027733165613,0.0,867.71,0.0,543.6,0,0,0,3645,-952.811482690167
Data,354,188.84567250833288,122.73518827818998,2090.7643274916672,0.0,0.0,915.79,0.0,543.6,0,0,0,3739,-122.7351882781901
Data,355,57.457038034916124,0.0,1847.605471007648,0.0,561.0674909574361,939.27,0.0,543.6,0,0,0,3949,561.067490957436
Data,356,0.0,0.0,1765.9924937714286,0.0,725.0575062285712,919.15,0.0,546.8,0,0,0,3957,725.0575062285715
Data,357,1.2814724004146063,0.0,1554.6498235801887,0.0,769.1587040193972,892.31,0.0,543.6,0,0,0,3761,769.1587040193966
Data,358,0.0,0.0,1364.0102180139356,0.0,814.7397819860644,857.65,0.0,543.6,0,0,0,3580,814.7397819860644
Data,359,0.0,0.0,1301.7685113908053,0.0,784.3814886091943,852.05,0.0,546.8,0,0,0,3485,784.3814886091948
Data,360,0.0,0.0,1185.97713841325,0.0,957.79286158675,819.63,0.0,543.6,0,0,0,3507,957.79286158675
Data,361,0.0,0.0,1216.4738749329672,0.0,800.1461250670327,822.98,0.0,540.4,0,0,0,3380,800.1461250670328
Data,362,0.0,0.0,1390.5777096537863,0.0,691.4522903462135,828.57,0.0,540.4,0,0,0,3451,691.4522903462137
Data,363,0.0,0.0,1275.3573885877545,0.0,908.8626114122457,872.18,0.0,543.6,0,0,0,3600,908.8626114122455
Data,364,0.0,0.0,1296.9932816367827,0.0,946.9867183632174,923.62,0.0,540.4,0,0,0,3708,946.9867183632173
Data,365,0.0,0.0,1603.0428878710875,0.0,648.1071121289121,931.45,0.0,540.4,0,0,0,3723,648.1071121289125
Data,366,0.0,0.0,978.2121533604568,0.0,1167.887846639543,922.5,0.0,540.4,0,0,0,3609,1167.887846639543
Data,367,85.5448208521669,0.0,814.8436817537005,0.0,1126.1914973941325,899.02,0.0,540.4,0,0,0,3466,1126.1914973941325
Data,368,183.87821321051217,0.0,964.8627219207921,0.0,1201.949064868696,867.71,0.0,41.6,0,0,0,3260,1201.9490648686958
Data,369,218.373358029836,0.0,852.3997970004317,0.0,1325.176844969732,857.65,0.0,38.4,0,0,0,3292,1325.1768449697324
Data,370,301.35523408117365,0.0,795.9638754501536,0.0,1357.4108904686725,840.87,0.0,38.4,0,0,0,3334,1357.4108904686725
Data,371,329.4691693963921,0.0,1028.8986544141846,0.0,1094.2821761894236,820.75,0.0,41.6,0,0,0,3315,1094.2821761894231
Data,372,423.9581445534935,0.0,1182.7016995003798,0.0,785.7301559461264,806.21,0.0,38.4,0,0,0,3237,785.7301559461265
Data,373,435.4390911612897,0.0,1537.7487047670868,0.0,375.9022040716236,695.51,0.0,38.4,0,0,0,3083,375.9022040716237
Data,374,402.25157124034814,0.0,1516.259226599901,0.0,374.3292021597508,686.56,0.0,41.6,0,0,0,3021,374.3292021597507
Data,375,326.90622459556283,0.0,1396.8942231019657,0.0,476.5495523024713,679.85,0.0,44.8,0,0,0,2925,476.54955230247134
Data,376,307.7625960832467,0.0,1223.4219079285074,0.0,641.8754959882458,703.34,0.0,41.6,0,0,0,2918,641.875495988246
Data,377,266.8862417598175,0.0,1415.9555415784328,0.0,576.2382166617499,788.32,0.0,41.6,0,0,0,3089,576.2382166617497
Data,378,159.63484759450523,0.0,1292.4650228964524,0.0,830.6101295090425,829.69,0.0,192.6,0,0,0,3305,830.6101295090424
Data,379,45.976091427119954,0.0,1164.949109906457,0.0,962.4247986664234,852.05,0.0,543.6,0,0,0,3569,962.424798666423
Data,380,0.0,0.0,1094.67843007689,0.0,1471.7015699231097,849.82,0.0,195.8,0,0,0,3612,1471.70156992311
Data,381,0.0,0.0,921.799201872738,0.0,1530.1507981272619,827.45,0.0,192.6,0,0,0,3472,1530.150798127262
Data,382,0.0,0.0,992.0563872300172,0.0,1290.303612769983,814.04,0.0,192.6,0,0,0,3289,1290.303612769983
Data,383,0.0,0.0,1280.790718617078,0.0,886.8492813829218,809.56,0.0,195.8,0,0,0,3173,886.8492813829221
Data,384,0.0,0.0,1473.501107102112,0.0,513.538892897888,760.36,0.0,543.6,0,0,0,3291,513.538892897888
Data,385,0.0,0.0,1995.8883931867047,0.0,304.3416068132953,779.37,0.0,189.4,0,0,0,3269,304.34160681329536
Data,386,0.0,0.0,1722.6522518811908,0.0,663.2777481188092,791.67,0.0,189.4,0,0,0,3367,663.2777481188093
Data,387,0.0,0.0,2156.0442605384806,0.0,298.2757394615194,835.28,0.0,189.4,0,0,0,3479,298.2757394615195
Data,388,0.0,0.0,1683.7496496181773,0.0,464.50035038182267,864.35,0.0,540.4,0,0,0,3553,464.5003503818227
Data,389,0.0,0.0,1743.6051938894907,0.0,787.0448061105088,869.95,0.0,189.4,0,0,0,3590,787.0448061105093
Data,390,0.0,0.0,1809.1634073410712,0.0,553.7365926589284,848.7,0.0,189.4,0,0,0,3401,553.7365926589288
Data,391,123.85823037476685,0.0,1892.8822648752548,0.0,348.74950474997786,843.11,0.0,38.4,0,0,0,3247,348.74950474997854
Data,392,379.2635255267882,0.0,1686.2450012775453,0.0,199.0214731956662,767.07,0.0,38.4,0,0,0,3070,199.0214731956664
Data,393,687.0261216100348,0.0,1448.969616981838,0.0,245.5442614081271,748.06,0.0,38.4,0,0,0,3168,245.5442614081272
Data,394,1100.758639458179,0.0,995.2242468252542,0.0,376.33711371656625,712.28,0.0,38.4,0,0,0,3223,376.3371137165668
Data,395,1279.5371155650005,0.0,1297.143738336506,0.0,60.269146098493366,611.65,0.0,38.4,0,0,0,3287,60.26914609849357
Data,396,950.9450289002048,306.8855133516504,1648.544971099795,0.0,0.0,597.11,0.0,38.4,0,0,0,3235,-306.88551335165016
Data,397,764.416442924434,386.1365526641414,1781.2435570755658,0.0,0.0,604.94,0.0,38.4,0,0,0,3189,-386.1365526641413
Data,398,187.57445734164003,876.1522449943539,2316.88554265836,0.0,0.0,654.14,0.0,38.4,0,0,0,3197,-876.1522449943536
Data,399,322.68566698514724,594.1947592625197,2115.4743330148526,0.0,0.0,691.04,0.0,44.8,0,0,0,3174,-594.1947592625195
Data,400,732.9760605391872,0.0,1666.1739394608126,664.9314807733731,0.0,704.45,0.0,38.4,0,0,0,3142,-664.9314807733728
Data,401,0.0,540.1536930237404,2337.9399999999996,476.7845038380806,0.0,797.26,0.0,44.8,0,0,0,3180,-1016.9381968618204
Data,402,246.46114084708677,0.0,1718.118859152913,803.6710177534414,0.0,849.82,0.0,543.6,0,0,0,3358,-803.6710177534414
Data,403,45.976091427119954,0.0,2140.07390857288,484.15713945300195,0.0,864.35,0.0,543.6,0,0,0,3594,-484.1571394530022
Data,404,0.0,0.0,2244.76,100.77495435751007,0.0,838.64,0.0,543.6,0,0,0,3627,-100.7749543575103
Data,405,0.0,0.0,2123.63,350.6763630734049,0.0,803.97,0.0,540.4,0,0,0,3468,-350.676363073405
Data,406,0.0,0.0,1998.31,458.7568030269513,0.0,805.09,0.0,543.6,0,0,0,3347,-458.7568030269513
Data,407,0.0,0.0,1804.25,613.1415864901792,0.0,796.15,0.0,543.6,0,0,0,3144,-613.1415864901792
Data,408,0.0,0.0,1829.1000000000001,526.9081205993928,0.0,750.3,0.0,543.6,0,0,0,3123,-526.9081205993929
Data,409,0.0,0.0,1826.4699999999998,398.9178909045222,0.0,758.13,0.0,540.4,0,0,0,3125,-398.917890904522
Data,410,0.0,0.0,1936.58,343.2665223513286,0.0,776.02,0.0,540.4,0,0,0,3253,-343.2665223513285
Data,411,0.0,0.0,2010.09,196.95907548110995,0.0,818.51,0.0,540.4,0,0,0,3369,-196.95907548110983
Data,412,0.0,0.0,2062.19,319.63465284829,0.0,855.41,0.0,540.4,0,0,0,3458,-319.63465284829
Data,413,0.0,0.0,2097.48,451.47649139207215,0.0,862.12,0.0,540.4,0,0,0,3500,-451.47649139207215
Data,414,0.0,0.0,2044.4299999999998,149.4066673297766,0.0,853.17,0.0,540.4,0,0,0,3438,-149.40666732977638
Data,415,176.2155313059922,0.0,1967.0344686940077,331.11597682321894,0.0,845.35,0.0,540.4,0,0,0,3529,-331.1159768232187
Data,416,775.1338872630309,0.0,1433.066112736969,701.0715811524965,0.0,836.4,0.0,540.4,0,0,0,3585,-701.0715811524963
Data,417,180.88664760916026,1273.584526861418,2304.32335239084,0.0,0.0,694.39,0.0,540.4,0,0,0,3720,-1273.584526861418
Data,418,371.2087096092059,1685.999085521687,2243.6512903907937,0.0,0.0,678.74,0.0,540.4,0,0,0,3834,-1685.9990855216865
Data,419,463.0419619341974,1958.1039949144442,2243.1280380658027,0.0,0.0,647.43,0.0,540.4,0,0,0,3894,-1958.1039949144442
Data,420,480.3267135775486,2078.7475175524523,2238.7932864224513,0.0,0.0,638.48,0.0,540.4,0,0,0,3898,-2078.7475175524523
Data,421,-0.0,2561.6110234328626,2459.54,242.42643488329298,0.0,625.06,0.0,540.4,0,0,0,3625,-2804.0374583161556
Data,422,0.0,2458.1778939708265,2543.75,21.713489693222982,0.0,660.85,0.0,540.4,0,0,0,3745,-2479.8913836640495
Data,423,0.0,2195.136069412253,2591.37,26.73330294773905,0.0,672.03,0.0,543.6,0,0,0,3807,-2221.869372359992
Data,424,0.0,1773.7147171616211,2595.31,228.78621060278465,0.0,682.09,0.0,543.6,0,0,0,3821,-2002.5009277644058
Data,425,0.0,1135.2276317795354,2535.25,105.75958799825503,0.0,765.95,0.0,546.8,0,0,0,3848,-1240.9872197777904
Data,426,495.45907399703503,0.0,1996.790926002965,668.0206269469982,0.0,815.15,0.0,543.6,0,0,0,3851,-668.0206269469982
Data,427,83.00802854930531,0.0,2451.751971450695,175.5883376083657,0.0,838.64,0.0,543.6,0,0,0,3917,-175.58833760836592
Data,428,0.0,0.0,2444.58,184.08054136629153,0.0,849.82,0.0,543.6,0,0,0,3838,-184.08054136629153
Data,429,0.0,0.0,2255.2400000000002,230.28749273413405,0.0,834.16,0.0,543.6,0,0,0,3633,-230.28749273413428
Data,430,0.0,0.0,2075.06,452.46133772218445,0.0,826.34,0.0,543.6,0,0,0,3445,-452.46133772218445
Data,431,0.0,0.0,2000.33,547.5489972252735,0.0,767.07,0.0,543.6,0,0,0,3311,-547.5489972252735
Data,432,0.0,0.0,2014.8600000000001,479.4227955557594,0.0,752.54,0.0,543.6,0,0,0,3311,-479.42279555575954
Data,433,0.0,0.0,1939.77,528.2537072208042,0.0,745.83,0.0,540.4,0,0,0,3226,-528.2537072208042
Data,434,0.0,0.0,2024.71,528.4761718188252,0.0,755.89,0.0,540.4,0,0,0,3321,-528.4761718188252
Data,435,0.0,0.0,2138.59,492.758090444408,0.0,757.01,0.0,540.4,0,0,0,3436,-492.75809044440814
Data,436,0.0,0.0,2207.98,561.3343777164496,0.0,800.62,0.0,540.4,0,0,0,3549,-561.3343777164496
Data,437,0.0,0.0,2274.8599999999997,496.20407630728323,0.0,801.74,0.0,540.4,0,0,0,3617,-496.2040763072829
Data,438,0.0,0.0,2202.16,531.5723018626663,0.0,789.44,0.0,540.4,0,0,0,3532,-531.5723018626662
Data,439,127.70264757601066,0.0,2092.0373524239894,689.2161751696476,0.0,772.66,0.0,543.6,0,0,0,3536,-689.2161751696478
Data,440,353.71253501239903,0.0,2275.817464987601,413.32309259709064,0.0,767.07,0.0,38.4,0,0,0,3435,-413.3230925970904
Data,441,260.65394050772784,342.08268015258705,2565.836059492272,0.0,0.0,720.11,0.0,38.4,0,0,0,3585,-342.0826801525866
Data,442,509.2660011072808,562.1233831332329,2428.053998892719,0.0,0.0,712.28,0.0,38.4,0,0,0,3688,-562.1233831332326
Data,443,473.9491096854845,906.4581905407231,2534.7508903145153,0.0,0.0,651.9,0.0,38.4,0,0,0,3699,-906.4581905407229
Data,444,1537.4792030198837,0.0,1423.3907969801162,1127.8562008233657,0.0,659.73,0.0,38.4,0,0,0,3659,-1127.8562008233657
Data,445,-0.0,1525.9982564120874,2781.31,230.34894209833928,0.0,608.29,0.0,38.4,0,0,0,3428,-1756.3471985104266
Data,446,0.0,1377.870507923346,2798.59,299.5588738134843,0.0,634.01,0.0,38.4,0,0,0,3471,-1677.4293817368305
Data,447,-0.0,1233.5610241378804,2665.8500000000004,721.10286872065,0.0,667.55,0.0,41.6,0,0,0,3375,-1954.6638928585305
Data,448,0.0,973.0559918821685,2645.79,621.1968740104048,0.0,658.61,0.0,41.6,0,0,0,3346,-1594.2528658925735
Data,449,667.856340599751,0.0,1998.353659400249,1183.0814078004014,0.0,768.19,0.0,41.6,0,0,0,3476,-1183.0814078004014
Data,450,0.0,356.27547981322823,2181.07,1146.5458911730789,0.0,807.33,0.0,543.6,0,0,0,3532,-1502.8213709863073
Data,451,60.01998283574534,0.0,2282.6300171642547,970.6725300947437,0.0,820.75,0.0,543.6,0,0,0,3707,-970.6725300947438
Data,452,0.0,0.0,2382.8900000000003,578.9466150240123,0.0,818.51,0.0,543.6,0,0,0,3745,-578.9466150240127
Data,453,0.0,0.0,2204.64,881.7231892447012,0.0,809.56,0.0,546.8,0,0,0,3561,-881.723189244701
Data,454,0.0,0.0,2038.95,1105.1543419187585,0.0,808.45,0.0,543.6,0,0,0,3391,-1105.1543419187587
Data,455,0.0,0.0,1817.7200000000003,1374.7086723123607,0.0,810.68,0.0,543.6,0,0,0,3172,-1374.708672312361
Data,456,0.0,0.0,1924.75,1374.9638468259732,0.0,753.65,0.0,543.6,0,0,0,3222,-1374.9638468259732
Data,457,0.0,0.0,1884.54,1477.0312843678912,0.0,748.06,0.0,540.4,0,0,0,3173,-1477.0312843678912
Data,458,0.0,0.0,1965.06,1356.4795139161156,0.0,752.54,0.0,540.4,0,0,0,3258,-1356.4795139161156
Data,459,0.0,0.0,2067.3599999999997,1278.2229102001143,0.0,740.24,0.0,540.4,0,0,0,3348,-1278.2229102001138
Data,460,0.0,0.0,2171.0,1292.572935205902,0.0,762.6,0.0,540.4,0,0,0,3474,-1292.572935205902
Data,461,0.0,0.0,2240.94,1276.5676787945067,0.0,772.66,0.0,540.4,0,0,0,3554,-1276.5676787945067
Data,462,0.0,0.0,2160.54,1410.4443484218318,0.0,748.06,0.0,540.4,0,0,0,3449,-1410.4443484218318
Data,463,0.0,178.77847610682142,2145.75,1406.586635059773,0.0,783.85,0.0,540.4,0,0,0,3470,-1585.3651111665945
Data,464,672.9560777034418,0.0,1772.5839222965583,1906.225694763175,0.0,748.06,0.0,189.4,0,0,0,3383,-1906.225694763175
Data,465,-0.0,1224.6168698329461,2625.25,1442.1246550983885,0.0,722.35,0.0,189.4,0,0,0,3537,-2666.741524931335
Data,466,-0.0,1698.3693705168357,2799.38,835.1729348804632,0.0,702.22,0.0,189.4,0,0,0,3691,-2533.542305397299
Data,467,-0.0,1847.7785914059914,2795.3999999999996,566.8317520195792,0.0,664.2,0.0,189.4,0,0,0,3649,-2414.61034342557
Data,468,-0.0,1570.6928754387925,2795.55,614.8789221937166,0.0,660.85,0.0,192.6,0,0,0,3649,-2185.5717976325095
Data,469,-0.0,1162.060094694339,2383.8286,1154.779312380637,0.0,620.59,0.0,436.5814,0,0,0,3441,-2316.839407074976
Data,470,847.916289106987,0.0,1810.423710893013,1500.2006558770638,0.0,625.06,0.0,192.6,0,0,0,3476,-1500.200655877064
Data,471,703.6068053215218,0.0,1866.6531946784785,1415.5072839528661,0.0,654.14,0.0,192.6,0,0,0,3417,-1415.5072839528664
Data,472,501.84028350114045,0.0,1681.8897164988596,1621.8507486611682,0.0,668.67,0.0,543.6,0,0,0,3396,-1621.850748661168
Data,473,0.0,335.85037890049745,2194.31,1371.2809232983827,0.0,755.89,0.0,546.8,0,0,0,3497,-1707.1313021988803
Data,474,0.0,167.2713770010576,2203.02,1387.1255873903006,0.0,798.38,0.0,543.6,0,0,0,3545,-1554.3969643913583
Data,475,40.85020182546154,0.0,2274.009798174538,1293.8052905660388,0.0,826.34,0.0,546.8,0,0,0,3688,-1293.8052905660384
Data,476,0.0,0.0,2291.12,1292.730127941954,0.0,835.28,0.0,543.6,0,0,0,3670,-1292.730127941954
Data,477,0.0,0.0,2104.65,1436.3694314753966,0.0,839.75,0.0,543.6,0,0,0,3488,-1436.3694314753966
Data,478,0.0,0.0,1942.9799999999998,1523.1669980929807,0.0,825.22,0.0,546.8,0,0,0,3315,-1523.1669980929805
Data,479,0.0,0.0,1811.48,1631.6079658604995,0.0,812.92,0.0,543.6,0,0,0,3168,-1631.6079658604995
Data,480,0.0,0.0,1887.0900000000001,1565.6693400287,0.0,769.31,0.0,543.6,0,0,0,3200,-1565.6693400287
Data,481,0.0,0.0,1834.9900000000002,1613.0268607023172,0.0,732.41,0.0,543.6,0,0,0,3111,-1613.0268607023174
Data,482,0.0,0.0,1908.2399999999998,1815.0598568499436,0.0,760.36,0.0,540.4,0,0,0,3209,-1815.0598568499433
Data,483,0.0,0.0,2047.35,1732.21776035338,0.0,759.25,0.0,540.4,0,0,0,3347,-1732.21776035338
Data,484,0.0,0.0,2134.96,1451.2970179630133,0.0,789.44,0.0,543.6,0,0,0,3468,-1451.2970179630133
Data,485,0.0,0.0,2516.35,1016.880971904483,0.0,778.25,0.0,189.4,0,0,0,3484,-1016.8809719044829
Data,486,0.0,0.0,2232.7615,1677.3805380365266,0.0,770.43,0.0,428.8085,0,0,0,3432,-1677.3805380365266
Data,487,181.34142090765062,0.0,1939.308579092349,1983.7843983418368,0.0,746.95,0.0,540.4,0,0,0,3408,-1983.784398341836
Data,488,730.4392682363257,0.0,1782.280731763674,2213.7976016420826,0.0,736.88,0.0,38.4,0,0,0,3288,-2213.797601642083
Data,489,-0.0,1334.4312087990875,2699.02,1145.2430428201367,0.0,675.38,0.0,41.6,0,0,0,3416,-2479.674251619224
Data,490,-0.0,1970.3815018783116,2855.75,1103.032311705899,0.0,660.85,0.0,38.4,0,0,0,3555,-3073.4138135842104
Data,491,-0.0,2409.6650102408453,2891.34,811.7132285276346,0.0,625.06,0.0,41.6,0,0,0,3558,-3221.37823876848
Data,492,-0.0,2565.4554406341067,2910.31,1063.8900165530263,0.0,608.29,0.0,38.4,0,0,0,3557,-3629.345457187133
Data,493,-0.0,2567.9922329369683,2684.6,1161.421049313082,0.0,615.0,0.0,38.4,0,0,0,3338,-3729.41328225005
Data,494,2454.35962926755,0.0,297.85037073244985,3435.817779644297,0.0,645.19,0.0,41.6,0,0,0,3439,-3435.817779644297
Data,495,2195.136069412253,0.0,489.913930587747,2887.0112961493364,0.0,648.55,0.0,38.4,0,0,0,3372,-2887.0112961493364
Data,496,-0.0,1759.6708257529956,2641.69,710.6570344055757,0.0,670.91,0.0,38.4,0,0,0,3351,-2470.3278601585716
Data,497,0.0,1146.734730885299,2539.37,172.27646096513354,0.0,745.83,0.0,195.8,0,0,0,3481,-1319.0111918504326
Data,498,533.772483519635,0.0,1953.937516480365,836.1996724338742,0.0,829.69,0.0,192.6,0,0,0,3510,-836.1996724338743
Data,499,103.43312946203608,0.0,2469.086870537964,79.05752856239815,0.0,859.88,0.0,192.6,0,0,0,3625,-79.05752856239812
Data,500,0.0,0.0,2561.31,113.84164470669293,0.0,878.89,0.0,195.8,0,0,0,3636,-113.84164470669288
Data,501,0.0,0.0,2355.3900000000003,401.6798795060754,0.0,880.01,0.0,192.6,0,0,0,3428,-401.67987950607574
Data,502,0.0,0.0,2192.86,579.2839905095561,0.0,875.54,0.0,192.6,0,0,0,3261,-579.2839905095562
Data,503,0.0,0.0,2076.98,975.2136419876874,0.0,874.42,0.0,192.6,0,0,0,3144,-975.2136419876874
Data,504,0.0,0.0,2134.29,814.0460875358499,0.0,793.91,0.0,195.8,0,0,0,3124,-814.0460875358499
Data,505,0.0,0.0,1762.17,1019.1600511962865,0.0,770.43,0.0,540.4,0,0,0,3073,-1019.1600511962865
Data,506,0.0,0.0,1820.69,879.9709971577636,0.0,793.91,0.0,540.4,0,0,0,3155,-879.9709971577636
Data,507,0.0,0.0,1886.94,1301.213785863269,0.0,846.46,0.0,543.6,0,0,0,3277,-1301.213785863269
Data,508,0.0,0.0,1988.12,839.2535778044589,0.0,884.48,0.0,540.4,0,0,0,3413,-839.2535778044588
Data,509,0.0,0.0,1995.2399999999998,1641.0396744283184,0.0,883.36,0.0,540.4,0,0,0,3419,-1641.0396744283182
Data,510,0.0,0.0,1983.59,1525.7827013751782,0.0,880.01,0.0,540.4,0,0,0,3404,-1525.782701375178
Data,511,154.50895799284683,0.0,1798.7410420071533,1664.2102299054782,0.0,864.35,0.0,540.4,0,0,0,3358,-1664.2102299054782
Data,512,517.1656473101805,0.0,2039.6143526898197,1530.6742015390557,0.0,800.62,0.0,41.6,0,0,0,3399,-1530.6742015390557
Data,513,0.0,870.904334820547,2880.25,321.8070823983021,0.0,722.35,0.0,38.4,0,0,0,3641,-1192.711417218849
Data,514,1179.9222508062408,0.0,1890.2177491937591,1190.8678617289365,0.0,723.46,0.0,38.4,0,0,0,3832,-1190.8678617289365
Data,515,132.27185059899466,1145.9837925655913,2923.8981494010054,0.0,0.0,721.23,0.0,41.6,0,0,0,3819,-1145.9837925655916
Data,516,0.0,1301.243688878146,2888.48,70.20021522150819,0.0,739.12,0.0,38.4,0,0,0,3666,-1371.443904099654
Data,517,-0.0,1404.6768183401819,2626.55,581.0385178552194,0.0,729.05,0.0,38.4,0,0,0,3394,-1985.7153361954017
Data,518,-0.0,1458.315591671822,2639.94,617.7794561536936,0.0,772.66,0.0,38.4,0,0,0,3451,-2076.0950478255154
Data,519,-0.0,1234.842496538295,2657.05,730.3103583491092,0.0,790.55,0.0,38.4,0,0,0,3486,-1965.1528548874046
Data,520,936.0240547599832,0.0,1534.2359452400165,1828.0657565409824,0.0,826.34,0.0,189.4,0,0,0,3486,-1828.0657565409822
Data,521,707.4512225227655,0.0,1784.1787774772347,1469.0327897729098,0.0,877.77,0.0,192.6,0,0,0,3562,-1469.0327897729098
Data,522,0.0,399.68862643951894,2437.35,613.0579224976614,0.0,925.85,0.0,195.8,0,0,0,3559,-1012.7465489371803
Data,523,0.0,81.72655614889071,2525.95,270.3054537940825,0.0,950.45,0.0,192.6,0,0,0,3669,-352.0320099429731
Data,524,0.0,0.0,2455.2400000000002,754.1422849737723,0.0,957.16,0.0,192.6,0,0,0,3605,-754.1422849737726
Data,525,1.2814724004146063,0.0,2223.548527599585,57.81497817525042,0.0,951.57,0.0,192.6,0,0,0,3369,-57.81497817525039
Data,526,0.0,0.0,2103.55,780.9424001787538,0.0,906.85,0.0,192.6,0,0,0,3203,-780.942400178754
Data,527,0.0,0.0,2082.9700000000003,934.189482673497,0.0,893.43,0.0,192.6,0,0,0,3169,-934.1894826734972
Data,528,0.0,0.0,2226.6,992.2657914324145,0.0,885.6,0.0,44.8,0,0,0,3157,-992.2657914324144
Data,529,0.0,0.0,2201.25,1449.7971979085592,0.0,864.35,0.0,38.4,0,0,0,3104,-1449.7971979085592
Data,530,0.0,0.0,2205.99,1203.9943725926114,0.0,904.61,0.0,38.4,0,0,0,3149,-1203.9943725926112
Data,531,0.0,0.0,2274.39,497.0648573392373,0.0,929.21,0.0,38.4,0,0,0,3242,-497.06485733923716
Data,532,0.0,0.0,2368.6099999999997,507.21752818704,0.0,964.99,0.0,38.4,0,0,0,3372,-507.21752818703965
Data,533,0.0,0.0,2349.7799999999997,687.054954182162,0.0,972.82,0.0,38.4,0,0,0,3361,-687.0549541821617
Data,534,0.0,0.0,2222.25,1005.1729193690344,0.0,968.35,0.0,38.4,0,0,0,3229,-1005.1729193690344
Data,535,0.0,194.10383991586139,2166.8,966.8967671761984,0.0,934.8,0.0,38.4,0,0,0,3140,-1161.0006070920601
Data,536,671.7007578009949,0.0,1358.869242199005,744.4674227171872,0.0,918.03,0.0,38.4,0,0,0,2987,-744.4674227171869
Data,537,0.0,1185.0219879099313,2159.42,6.857298458186506,0.0,872.18,0.0,38.4,0,0,0,3070,-1191.8792863681178
Data,538,790.0987083621108,798.4563231885836,1573.9212916378892,0.0,0.0,847.58,0.0,38.4,0,0,0,3250,-798.4563231885836
Data,539,1011.7705104779022,658.5110772216826,1403.0994895220977,0.0,0.0,856.53,0.0,41.6,0,0,0,3313,-658.5110772216825
Data,540,556.0499926503903,1138.5011131631693,1887.0800073496098,0.0,0.0,865.47,0.0,38.4,0,0,0,3347,-1138.5011131631695
Data,541,946.3592434379655,722.6408718612049,1388.4207565620343,0.0,0.0,849.82,0.0,38.4,0,0,0,3223,-722.6408718612047
Data,542,897.0563776099168,683.8359720362573,1360.4836223900832,0.0,0.0,871.06,0.0,38.4,0,0,0,3167,-683.8359720362572
Data,543,362.8449428906197,979.2489478129878,1749.7050571093805,0.0,0.0,906.85,0.0,41.6,0,0,0,3061,-979.248947812988
Data,544,1089.2515403524153,0.0,1019.3584596475848,784.4459825785248,0.0,915.79,0.0,41.6,0,0,0,3066,-784.4459825785249
Data,545,247.314794125336,502.2681026233058,1891.935205874664,0.0,0.0,938.15,0.0,41.6,0,0,0,3119,-502.2681026233058
Data,546,370.3193712218536,0.0,1356.890647072993,0.0,469.23998170515324,992.95,0.0,41.6,0,0,0,3231,469.23998170515335
Data,547,60.01998283574534,0.0,1068.6442883375842,0.0,1074.9557288266703,1019.78,0.0,192.6,0,0,0,3416,1074.9557288266706
Data,548,0.0,0.0,1009.398974282816,0.0,1264.221025717184,1019.78,0.0,192.6,0,0,0,3486,1264.2210257171841
Data,549,1.2814724004146063,0.0,699.6715829428271,0.0,1102.098344656758,1013.07,0.0,516.8786,0,0,0,3333,1102.0983446567582
Data,550,0.0,0.0,728.1784861290187,0.0,929.4915138709812,979.53,0.0,546.8,0,0,0,3184,929.4915138709814
Data,551,0.0,0.0,919.8239054545223,0.0,658.9360945454779,961.64,0.0,543.6,0,0,0,3084,658.9360945454777
Data,552,0.0,0.0,969.2750044765929,0.0,639.6149955234072,941.51,0.0,543.6,0,0,0,3094,639.6149955234071
Data,553,0.0,0.0,1539.83405697527,0.0,34.02594302472989,924.74,0.0,540.4,0,0,0,3039,34.025943024730054
Data,554,0.0,0.0,1419.3447616301246,0.0,238.1552383698754,947.1,0.0,540.4,0,0,0,3145,238.1552383698754
Data,555,0.0,0.0,1349.0573884980372,0.0,453.90261150196284,961.64,0.0,540.4,0,0,0,3305,453.90261150196284
Data,556,0.0,0.0,1515.0466748156266,0.0,317.55332518437325,984.0,0.0,540.4,0,0,0,3357,317.5533251843734
Data,557,0.0,0.0,1514.2356824841993,0.0,287.7743175158005,989.59,0.0,540.4,0,0,0,3332,287.7743175158007
Data,558,0.0,0.0,1656.8918877664914,0.0,234.45181223350892,985.12,0.0,296.5363,0,0,0,3173,234.45181223350858
Data,559,186.44115801134143,0.0,1881.9988419886586,50.697855809539305,0.0,957.16,0.0,38.4,0,0,0,3064,-50.69785580953933
Data,560,0.0,720.2136415309765,1892.55,174.49903561441647,0.0,956.05,0.0,38.4,0,0,0,2887,-894.7126771453928
Data,561,105.59024558896931,1167.5656604719259,1996.1197544110307,0.0,0.0,878.89,0.0,38.4,0,0,0,3019,-1167.5656604719259
Data,562,1686.8884239090396,0.0,484.2415760909605,1601.4305754977802,0.0,865.47,0.0,38.4,0,0,0,3075,-1601.4305754977804
Data,563,91.02308541403431,1698.0169955566269,2037.5769145859656,0.0,0.0,861.0,0.0,38.4,0,0,0,3028,-1698.0169955566269
Data,564,-0.0,1767.3335076575158,2105.54,142.43835699573344,0.0,871.06,0.0,38.4,0,0,0,3015,-1909.7718646532494
Data,565,-0.0,1574.5111401420688,2102.29,355.86648616561354,0.0,843.11,0.0,41.6,0,0,0,2987,-1930.3776263076822
Data,566,-0.0,1455.7526468709927,1981.55,554.8172671007533,0.0,852.05,0.0,38.4,0,0,0,2872,-2010.5699139717462
Data,567,-0.0,1238.6607612415714,1904.1299999999999,383.9274409214475,0.0,865.47,0.0,38.4,0,0,0,2808,-1622.5882021630189
Data,568,-0.0,1048.4013385269539,1940.68,295.56766540228915,0.0,886.72,0.0,41.6,0,0,0,2869,-1343.9690039292432
Data,569,817.2655614889071,0.0,1216.394438511093,1655.301664858769,0.0,924.74,0.0,41.6,0,0,0,3000,-1655.3016648587693
Data,570,0.0,457.1456644744351,2035.56,1227.8385682819649,0.0,961.64,0.0,195.8,0,0,0,3193,-1684.9842327563997
Data,571,104.71460186245069,0.0,2132.2653981375493,791.4111184089975,0.0,997.42,0.0,192.6,0,0,0,3427,-791.4111184089975
Data,572,0.0,0.0,2317.18,350.6374672757988,0.0,997.42,0.0,189.4,0,0,0,3504,-350.6374672757986
Data,573,0.0,0.0,2013.1770999999999,678.8623669731796,0.0,973.94,0.0,356.8829,0,0,0,3344,-678.8623669731796
Data,574,0.0,0.0,1992.5173,450.51403564772636,0.0,966.11,0.0,250.3727,0,0,0,3209,-450.51403564772636
Data,575,0.0,0.0,1514.65,1038.9957895316334,0.0,962.75,0.0,543.6,0,0,0,3021,-1038.9957895316334
Data,576,0.0,0.0,1475.7499999999998,1129.146883575065,0.0,931.45,0.0,546.8,0,0,0,2954,-1129.1468835750647
Data,577,0.0,0.0,1413.46,876.6643486003886,0.0,900.14,0.0,540.4,0,0,0,2854,-876.6643486003886
Data,578,0.0,0.0,1471.98,245.61512867739407,0.0,923.62,0.0,540.4,0,0,0,2936,-245.61512867739407
Data,579,0.0,0.0,1555.5314246913633,0.0,33.41857530863663,931.45,0.0,543.6,0,0,0,3064,33.418575308636605
Data,580,0.0,0.0,1563.0874213445938,0.0,162.88257865540592,942.63,0.0,540.4,0,0,0,3209,162.88257865540618
Data,581,0.0,0.0,1328.5405283148496,0.0,407.3094716851504,943.75,0.0,540.4,0,0,0,3220,407.30947168515047
Data,582,1.2814724004146063,0.0,1182.300731054521,0.0,453.1877965450642,942.63,0.0,543.6,0,0,0,3123,453.1877965450642
Data,583,208.14773132448676,0.0,1312.8362560176397,0.0,207.4660126578733,938.15,0.0,540.4,0,0,0,3207,207.46601265787353
Data,584,853.0160262106779,0.0,1351.3639737893222,47.59539416801999,0.0,948.22,0.0,38.4,0,0,0,3191,-47.59539416802013
Data,585,1518.3355745075673,0.0,802.5944254924325,399.31376570113093,0.0,914.67,0.0,38.4,0,0,0,3274,-399.3137657011307
Data,586,1441.4028353022507,659.2181064549334,1069.9871646977497,0.0,0.0,880.01,0.0,41.6,0,0,0,3433,-659.2181064549337
Data,587,2459.4593663712412,0.0,209.6906336287584,816.4014765133272,0.0,827.45,0.0,38.4,0,0,0,3535,-816.4014765133269
Data,588,2582.0361243455936,0.0,168.70387565440615,803.2619447480788,0.0,821.86,0.0,38.4,0,0,0,3611,-803.2619447480786
Data,589,1594.7369694654244,977.0996806727876,960.5230305345754,0.0,0.0,826.34,0.0,38.4,0,0,0,3420,-977.0996806727874
Data,590,1500.6102365786921,995.8810669147349,1013.789763421308,0.0,0.0,861.0,0.0,41.6,0,0,0,3417,-995.881066914735
Data,591,1172.467963581531,1101.831717178784,1211.862036418469,0.0,0.0,890.07,0.0,41.6,0,0,0,3316,-1101.831717178784
Data,592,924.5706705943978,916.8267113074885,1484.439329405602,0.0,0.0,891.19,0.0,44.8,0,0,0,3345,-916.8267113074883
Data,593,498.8966360479874,679.7441423578387,1452.5333639520127,0.0,0.0,926.97,0.0,543.6,0,0,0,3422,-679.7441423578388
Data,594,336.0344381990383,201.5824625218405,1581.5255618009617,0.0,0.0,961.64,0.0,546.8,0,0,0,3426,-201.58246252184028
Data,595,99.61486475875991,0.0,1633.6967515742645,0.0,266.258383666976,991.83,0.0,543.6,0,0,0,3535,266.25838366697576
Data,596,0.0,0.0,1857.2916383629235,0.0,155.26836163707628,1010.84,0.0,543.6,0,0,0,3567,155.2683616370764
Data,597,0.0,0.0,1837.33,328.7364929782034,0.0,1013.07,0.0,543.6,0,0,0,3394,-328.7364929782034
Data,598,0.0,0.0,1725.6799999999998,577.5789550871132,0.0,960.52,0.0,546.8,0,0,0,3233,-577.578955087113
Data,599,0.0,0.0,1661.0100000000002,721.1790909915953,0.0,940.39,0.0,543.6,0,0,0,3145,-721.1790909915956
Data,600,0.0,0.0,1652.5500000000002,936.0408088019517,0.0,925.85,0.0,543.6,0,0,0,3122,-936.0408088019519
Data,601,0.0,0.0,1586.05,879.7197237468647,0.0,894.55,0.0,540.4,0,0,0,3021,-879.7197237468646
Data,602,0.0,0.0,1660.15,675.2784730247495,0.0,901.25,0.0,543.6,0,0,0,3105,-675.2784730247496
Data,603,0.0,0.0,1769.4499999999998,607.7848434935822,0.0,919.15,0.0,540.4,0,0,0,3229,-607.784843493582
Data,604,0.0,0.0,1839.3799999999999,467.94052583544203,0.0,948.22,0.0,540.4,0,0,0,3328,-467.9405258354419
Data,605,0.0,0.0,1841.5,405.0468933767793,0.0,947.1,0.0,540.4,0,0,0,3329,-405.0468933767793
Data,606,1.2814724004146063,0.0,1989.3416275995853,309.80254960438583,0.0,948.22,0.0,303.1569,0,0,0,3242,-309.8025496043859
Data,607,111.09581136655606,0.0,2091.7641886334436,427.18465519146685,0.0,924.74,0.0,189.4,0,0,0,3317,-427.1846551914665
Data,608,195.38531231627599,0.0,2005.9546876837242,694.4053638369712,0.0,920.26,0.0,189.4,0,0,0,3311,-694.4053638369716
Data,609,0.0,266.8862417598175,2478.18,2.8081076086068606,0.0,874.42,0.0,189.4,0,0,0,3542,-269.6943493684241
Data,610,390.7444721345843,0.0,2288.015527865416,134.8121481887033,0.0,838.64,0.0,192.6,0,0,0,3710,-134.8121481887035
Data,611,252.5456695235648,213.54414925580483,2509.884330476435,0.0,0.0,853.17,0.0,189.4,0,0,0,3805,-213.54414925580457
Data,612,468.6527635801989,0.0,2127.052526570159,0.0,153.1547098496426,875.54,0.0,192.6,0,0,0,3817,153.15470984964205
Data,613,276.33609130775676,210.20498088231136,2304.263908692243,0.0,0.0,861.0,0.0,189.4,0,0,0,3631,-210.20498088231116
Data,614,0.0,468.6527635801989,2288.21,169.7303518146482,0.0,891.19,0.0,543.6,0,0,0,3723,-638.3831153948473
Data,615,139.09254514287454,264.4404984978882,2023.5374548571256,0.0,0.0,926.97,0.0,540.4,0,0,0,3630,-264.44049849788814
Data,616,320.5250150914575,0.0,1700.1849849085424,263.46831403634224,0.0,952.69,0.0,543.6,0,0,0,3517,-263.46831403634235
Data,617,205.58478652365756,0.0,1839.5152134763423,341.6426277261746,0.0,947.1,0.0,546.8,0,0,0,3539,-341.6426277261743
Data,618,103.43312946203608,0.0,1895.3868705379641,0.9380660929107307,0.0,970.58,0.0,543.6,0,0,0,3513,-0.9380660929109581
Data,619,30.65072761807997,0.0,1879.884832338768,0.0,206.90444004315145,981.76,0.0,546.8,0,0,0,3646,206.9044400431519
Data,620,0.0,0.0,2075.2200000000003,23.977055397437198,0.0,995.18,0.0,543.6,0,0,0,3614,-23.977055397437425
Data,621,0.0,0.0,1863.68,736.2736749977973,0.0,1009.72,0.0,543.6,0,0,0,3417,-736.2736749977975
Data,622,0.0,0.0,2087.17,446.7389463484815,0.0,967.23,0.0,192.6,0,0,0,3247,-446.7389463484816
Data,623,0.0,0.0,1607.7200000000003,794.9931443275655,0.0,933.68,0.0,543.6,0,0,0,3085,-794.9931443275657
Data,624,0.0,0.0,1573.2399999999998,869.9354426204218,0.0,907.96,0.0,546.8,0,0,0,3028,-869.9354426204216
Data,625,0.0,0.0,1537.4099999999999,798.4138410509827,0.0,891.19,0.0,540.4,0,0,0,2969,-798.4138410509826
Data,626,0.0,0.0,1588.11,837.732928135895,0.0,903.49,0.0,540.4,0,0,0,3032,-837.7329281358949
Data,627,0.0,0.0,1661.1499999999999,1008.7433037027542,0.0,931.45,0.0,540.4,0,0,0,3133,-1008.7433037027541
Data,628,0.0,0.0,1735.7,795.6228609393972,0.0,971.7,0.0,543.6,0,0,0,3251,-795.6228609393974
Data,629,0.0,0.0,1745.4299999999998,814.566724135434,0.0,976.17,0.0,540.4,0,0,0,3262,-814.5667241354338
Data,630,1.2814724004146063,0.0,2219.788527599585,809.2409396495605,0.0,979.53,0.0,38.4,0,0,0,3239,-809.2409396495601
Data,631,196.6667847166906,0.0,2171.193215283309,1607.2535087568635,0.0,924.74,0.0,38.4,0,0,0,3331,-1607.2535087568633
Data,632,0.0,764.9082605576818,2303.37,991.6726762868329,0.0,918.03,0.0,41.6,0,0,0,3263,-1756.5809368445146
Data,633,-0.0,1465.978273576342,2428.8199999999997,1073.6061868893796,0.0,896.78,0.0,38.4,0,0,0,3364,-2539.584460465721
Data,634,-0.0,2024.0202752099517,2645.63,569.2539989575106,0.0,877.77,0.0,41.6,0,0,0,3565,-2593.2742741674624
Data,635,-0.0,2359.8445016124815,2701.84,382.5485121956877,0.0,858.76,0.0,38.4,0,0,0,3599,-2742.393013808169
Data,636,-0.0,2505.4354577983613,2641.27,848.2431578165474,0.0,881.13,0.0,41.6,0,0,0,3564,-3353.6786156149087
Data,637,-0.0,2561.6110234328626,2470.7599999999998,1400.9563918329707,0.0,887.84,0.0,38.4,0,0,0,3397,-3962.5674152658335
Data,638,-0.0,2487.547149188492,2510.63,1506.5019949307173,0.0,926.97,0.0,38.4,0,0,0,3476,-3994.049144119209
Data,639,-0.0,2278.117945463591,2397.09,1297.9011474257493,0.0,941.51,0.0,38.4,0,0,0,3377,-3576.0190928893403
Data,640,-0.0,1912.9244638433956,2383.21,1596.0200433193202,0.0,964.99,0.0,44.8,0,0,0,3393,-3508.944507162716
Data,641,-0.0,1299.9622164777315,2435.1000000000004,1582.0620464322099,0.0,996.3,0.0,41.6,0,0,0,3473,-2882.024262909942
Data,642,641.050030182915,0.0,1792.219969817085,1869.8163602053967,0.0,1004.13,0.0,41.6,0,0,0,3479,-1869.816360205397
Data,643,0.0,125.13970277518145,2580.6800000000003,711.9533109301988,0.0,1009.72,0.0,41.6,0,0,0,3632,-837.0930137053805
Data,644,0.0,0.0,2609.91,546.0375610463346,0.0,1026.49,0.0,41.6,0,0,0,3678,-546.0375610463346
Data,645,0.0,0.0,2425.8500000000004,642.0094711715284,0.0,1036.55,0.0,41.6,0,0,0,3504,-642.0094711715286
Data,646,0.0,0.0,2262.37,623.7760047938327,0.0,991.83,0.0,44.8,0,0,0,3299,-623.7760047938326
Data,647,0.0,0.0,2144.65,599.9865828579382,0.0,962.75,0.0,41.6,0,0,0,3149,-599.9865828579383
Data,648,0.0,0.0,2136.4300000000003,536.8042127796311,0.0,926.97,0.0,41.6,0,0,0,3105,-536.8042127796315
Data,649,0.0,0.0,2040.1599999999999,299.24582667105904,0.0,912.44,0.0,38.4,0,0,0,2991,-299.24582667105904
Data,650,0.0,0.0,2091.98,408.31079511670123,0.0,923.62,0.0,38.4,0,0,0,3054,-408.31079511670123
Data,651,0.0,0.0,2176.60847379253,0.0,18.34152620746986,950.45,0.0,41.6,0,0,0,3187,18.34152620747013
Data,652,0.0,0.0,2164.884984468086,0.0,138.48501553191423,967.23,0.0,38.4,0,0,0,3309,138.48501553191417
Data,653,0.0,0.0,1882.5666718095401,0.0,418.7433281904598,977.29,0.0,38.4,0,0,0,3317,418.7433281904599
Data,654,5.09973710369078,0.0,1885.1100511122697,0.0,271.68021178403956,990.71,0.0,38.4,0,0,0,3191,271.68021178403967
Data,655,209.42920372490138,0.0,1991.2207962750983,1.155055620077519,0.0,992.95,0.0,38.4,0,0,0,3232,-1.1550556200774267
Data,656,822.3652985925979,0.0,1334.6447014074024,603.6475295284743,0.0,940.39,0.0,41.6,0,0,0,3139,-603.6475295284745
Data,657,878.9659633416909,492.49718257958193,1484.1640366583092,0.0,0.0,865.47,0.0,38.4,0,0,0,3267,-492.49718257958205
Data,658,1837.5791171986102,0.0,712.1508828013898,648.4972857865655,0.0,840.87,0.0,38.4,0,0,0,3429,-648.4972857865655
Data,659,1147.5801190152742,1016.9052227788989,1423.2698809847257,0.0,0.0,839.75,0.0,38.4,0,0,0,3449,-1016.9052227788987
Data,660,1300.1818386009427,1034.1378249951176,1257.828161399057,0.0,0.0,866.59,0.0,38.4,0,0,0,3463,-1034.1378249951174
Data,661,2308.7686730816704,0.0,45.481326918329614,1280.7799389248908,0.0,845.35,0.0,38.4,0,0,0,3238,-1280.7799389248908
Data,662,1992.088075191457,0.0,394.8619248085429,1038.40923110625,0.0,857.65,0.0,38.4,0,0,0,3283,-1038.4092311062498
Data,663,648.1265170650222,962.1350877988175,1685.673482934978,0.0,0.0,885.6,0.0,41.6,0,0,0,3261,-962.1350877988177
Data,664,1054.7825480310592,0.0,1219.4828212510793,0.0,1.8746307178616917,920.26,0.0,41.6,0,0,0,3238,1.874630717861372
Data,665,632.1058758779802,0.0,1202.5507838872866,0.0,535.1633402347336,970.58,0.0,41.6,0,0,0,3382,535.1633402347334
Data,666,307.7625960832467,0.0,1426.344104269557,0.0,513.2732996471959,972.82,0.0,195.8,0,0,0,3416,513.2732996471964
Data,667,63.838247539021516,0.0,1273.804464009161,0.0,1049.8072884518172,992.95,0.0,192.6,0,0,0,3573,1049.8072884518174
Data,668,1.2814724004146063,0.0,1076.0300694633263,0.0,1298.2484581362594,1010.84,0.0,192.6,0,0,0,3579,1298.248458136259
Data,669,0.0,0.0,1521.696870496865,0.0,661.0431295031353,1018.66,0.0,192.6,0,0,0,3394,661.0431295031351
Data,670,0.0,0.0,1158.6756030866577,0.0,881.6643969133424,994.06,0.0,192.6,0,0,0,3227,881.6643969133423
Data,671,0.0,0.0,864.1132441017953,0.0,1112.4367558982044,980.65,0.0,195.8,0,0,0,3153,1112.4367558982046
Data,672,0.0,0.0,855.6880407706374,0.0,1152.6219592293626,928.09,0.0,192.6,0,0,0,3129,1152.6219592293626
Data,673,0.0,0.0,800.3013234064439,0.0,749.548676593556,943.75,0.0,540.4,0,0,0,3034,749.5486765935561
Data,674,0.0,0.0,923.4105098515579,0.0,664.6094901484421,970.58,0.0,540.4,0,0,0,3099,664.6094901484421
Data,675,0.0,0.0,730.7255388720413,0.0,993.6744611279588,984.0,0.0,543.6,0,0,0,3252,993.6744611279587
Data,676,0.0,0.0,646.8189729737742,0.0,1203.1310270262256,999.65,0.0,540.4,0,0,0,3390,1203.1310270262259
Data,677,0.0,0.0,404.72877296707225,0.0,1427.2212270329276,999.65,0.0,540.4,0,0,0,3372,1427.2212270329278
Data,678,5.09973710369078,0.0,472.78939728447136,0.0,1232.6608656118378,975.05,0.0,540.4,0,0,0,3226,1232.660865611838
Data,679,251.56087795077752,0.0,702.5561226078174,0.0,654.8029994414052,933.68,0.0,540.4,0,0,0,3083,654.8029994414052
Data,680,483.9781273892388,0.0,512.2947674049914,0.0,491.8371052057697,903.49,0.0,540.4,0,0,0,2932,491.83710520577006
Data,681,864.5231253164416,0.0,425.605688239673,0.0,720.9611864438856,892.31,0.0,192.6,0,0,0,3096,720.9611864438855
Data,682,1228.4612870341898,0.0,445.05298595779743,0.0,192.96572700801278,862.12,0.0,540.4,0,0,0,3269,192.96572700801278
Data,683,1295.4773297557858,199.87019903822147,630.8926702442141,0.0,0.0,844.23,0.0,540.4,0,0,0,3311,-199.87019903822136
Data,684,1605.161867760149,0.0,568.2056877334311,0.0,55.42244450641988,830.81,0.0,189.4,0,0,0,3249,55.42244450641985
Data,685,1534.9162582190543,0.0,287.05374178094553,541.3904713336316,0.0,819.63,0.0,540.4,0,0,0,3182,-541.3904713336314
Data,686,866.3290931886232,645.599119316871,936.7609068113767,0.0,0.0,818.51,0.0,540.4,0,0,0,3162,-645.5991193168709
Data,687,527.8431538580905,884.4963463866113,1176.0368461419096,0.0,0.0,837.52,0.0,543.6,0,0,0,3085,-884.4963463866114
Data,688,370.8143731075056,666.0798663136843,1275.1756268924946,0.0,0.0,855.41,0.0,543.6,0,0,0,3045,-666.0798663136845
Data,689,243.46336874434792,380.9798252291124,1458.1566312556522,0.0,0.0,896.78,0.0,543.6,0,0,0,3142,-380.97982522911263
Data,690,323.0879598922867,0.0,1462.1520401077137,50.810413086636345,0.0,957.16,0.0,543.6,0,0,0,3286,-50.81041308663657
Data,691,81.72655614889071,0.0,1447.1588543190423,0.0,426.35458953206717,957.16,0.0,543.6,0,0,0,3456,426.35458953206694
Data,692,0.0,0.0,1286.6140797103958,0.0,731.9759202896043,953.81,0.0,543.6,0,0,0,3516,731.9759202896042
Data,693,0.0,0.0,1144.8923306735105,0.0,761.5276693264896,945.98,0.0,543.6,0,0,0,3396,761.5276693264894
Data,694,0.0,0.0,1223.6579980442039,0.0,540.2320019557962,941.51,0.0,543.6,0,0,0,3249,540.2320019557961
Data,695,0.0,0.0,1560.5559509749817,0.0,70.11404902501833,905.73,0.0,543.6,0,0,0,3080,70.11404902501829
Data,696,0.0,0.0,1637.2109867355605,0.0,0.38901326443951945,885.6,0.0,546.8,0,0,0,3070,0.38901326443954076
Data,697,0.0,0.0,1385.414666142112,0.0,189.295333857888,878.89,0.0,540.4,0,0,0,2994,189.29533385788795
Data,698,0.0,0.0,1356.1905275675635,0.0,247.92947243243634,884.48,0.0,540.4,0,0,0,3029,247.92947243243646
Data,699,0.0,0.0,1485.670581494881,0.0,194.43941850511888,903.49,0.0,540.4,0,0,0,3124,194.43941850511908
Data,700,0.0,0.0,1169.2588007969346,0.0,620.6711992030653,914.67,0.0,540.4,0,0,0,3245,620.6711992030655
Data,701,0.0,0.0,1034.880987526581,0.0,751.5190124734188,910.2,0.0,540.4,0,0,0,3237,751.5190124734189
Data,702,11.480946607796167,0.0,914.5228635215708,0.0,798.5261898706328,890.07,0.0,540.4,0,0,0,3155,798.5261898706328
Data,703,154.50895799284683,0.0,1006.7938439236941,0.0,899.9871980834591,892.31,0.0,38.4,0,0,0,2992,899.9871980834592
Data,704,189.00410281217063,0.0,934.4289140365713,0.0,733.0369831512578,881.13,0.0,38.4,0,0,0,2776,733.0369831512583
Data,705,233.69872183887594,0.0,894.2303788983213,0.0,853.5008992628027,853.17,0.0,38.4,0,0,0,2873,853.5008992628029
Data,706,340.95011600418826,0.0,832.0388736973324,0.0,937.501010298479,843.11,0.0,38.4,0,0,0,2992,937.5010102984794
Data,707,486.5410721900681,0.0,1028.2584396081218,0.0,655.0504882018101,820.75,0.0,38.4,0,0,0,3029,655.0504882018103
Data,708,698.5070682178309,0.0,1243.7013623005973,0.0,285.0815694815717,769.31,0.0,38.4,0,0,0,3035,285.0815694815716
Data,709,825.9886821144269,274.76995734375214,1349.361317885573,0.0,0.0,759.25,0.0,38.4,0,0,0,2973,-274.769957343752
Data,710,687.575423937523,678.7879848800592,1380.3945760624772,0.0,0.0,770.43,0.0,41.6,0,0,0,2880,-678.7879848800594
Data,711,839.9495134675947,543.0207315594419,1118.3704865324055,0.0,0.0,786.08,0.0,41.6,0,0,0,2786,-543.0207315594421
Data,712,1049.5687839374104,212.08002301772103,940.9112160625896,0.0,0.0,812.92,0.0,41.6,0,0,0,2845,-212.080023017721
Data,713,807.0399347835578,0.0,1274.8490885463368,0.0,40.630976670105156,859.88,0.0,41.6,0,0,0,3024,40.630976670105404
Data,714,390.7444721345843,0.0,1189.667448529606,0.0,487.60807933580986,921.38,0.0,192.6,0,0,0,3182,487.60807933580986
Data,715,97.05191995793069,0.0,1269.5146028505308,0.0,504.62347719153854,929.21,0.0,543.6,0,0,0,3344,504.6234771915384
Data,716,1.2814724004146063,0.0,1265.9885911972126,0.0,1057.5699364023733,932.56,0.0,192.6,0,0,0,3450,1057.5699364023728
Data,717,0.0,0.0,1341.0967154883986,0.0,484.74328451160153,932.56,0.0,543.6,0,0,0,3302,484.7432845116015
Data,718,0.0,0.0,1472.3995136791725,0.0,206.4204863208271,921.38,0.0,546.8,0,0,0,3147,206.42048632082754
Data,719,0.0,0.0,1575.81,61.943867490319235,0.0,866.59,0.0,543.6,0,0,0,2986,-61.943867490319235
Data,720,0.0,0.0,1610.1376182786275,0.0,377.25238172137233,806.21,0.0,189.4,0,0,0,2983,377.25238172137244
Data,721,0.0,0.0,1625.2748046382917,0.0,316.83519536170814,780.49,0.0,189.4,0,0,0,2912,316.8351953617083
Data,722,0.0,0.0,1497.8536677360603,0.0,476.00633226393956,801.74,0.0,189.4,0,0,0,2965,476.0063322639397
Data,723,0.0,0.0,1260.181625077847,0.0,753.5383749221529,859.88,0.0,189.4,0,0,0,3063,753.538374922153
Data,724,0.0,0.0,1140.6709381563883,0.0,959.1590618436115,877.77,0.0,189.4,0,0,0,3167,959.1590618436118
Data,725,0.0,0.0,1154.1834156552716,0.0,907.9865843447285,893.43,0.0,189.4,0,0,0,3145,907.9865843447285
Data,726,20.42510091273077,0.0,974.6467255081288,0.0,1006.5381735791407,891.19,0.0,186.2,0,0,0,3079,1006.5381735791404
Data,727,303.91817888200285,0.0,760.4729627788038,0.0,995.7988583391934,855.41,0.0,38.4,0,0,0,2954,995.7988583391934
Data,728,872.1858072209618,0.0,386.65737761221766,0.0,726.1168151668205,838.64,0.0,38.4,0,0,0,2862,726.1168151668205
Data,729,1431.4831287570182,0.0,131.40973419145945,0.0,639.8271370515226,786.08,0.0,35.2,0,0,0,3024,639.8271370515223
Data,730,1887.6594275726563,58.45255619168074,354.80057242734375,0.0,0.0,777.14,0.0,38.4,0,0,0,3058,-58.45255619168082
Data,731,2197.672861715115,0.0,101.6271382848854,219.1404932066324,0.0,750.3,0.0,38.4,0,0,0,3088,-219.14049320663256
Data,732,2257.69284455086,0.0,66.96715544913968,560.318742008546,0.0,727.94,0.0,38.4,0,0,0,3091,-560.3187420085459
Data,733,1616.16770187049,571.3056856372432,761.8622981295099,0.0,0.0,705.57,0.0,38.4,0,0,0,3122,-571.3056856372431
Data,734,1048.0424845383175,972.1333734703903,1346.8575154616822,0.0,0.0,725.7,0.0,38.4,0,0,0,3159,-972.13337347039
Data,735,1785.2218162673848,0.0,430.5681837326151,1066.8959063984944,0.0,732.41,0.0,195.8,0,0,0,3144,-1066.8959063984944
Data,736,1449.3714373668872,0.0,344.5885626331128,1485.9158847621502,0.0,789.44,0.0,543.6,0,0,0,3127,-1485.9158847621502
Data,737,948.786473768194,0.0,792.1835262318062,1394.7446832415058,0.0,893.43,0.0,543.6,0,0,0,3178,-1394.744683241506
Data,738,0.0,495.45907399703503,1816.44,713.1789102304915,0.0,957.16,0.0,540.4,0,0,0,3314,-1208.6379842275264
Data,739,127.70264757601066,0.0,1826.9973524239895,409.77205305301413,0.0,971.7,0.0,543.6,0,0,0,3470,-409.7720530530145
Data,740,1.2814724004146063,0.0,1977.5985275995854,544.7603136157713,0.0,960.52,0.0,543.6,0,0,0,3483,-544.7603136157715
Data,741,1.2814724004146063,0.0,1866.8985275995853,391.44204625799307,0.0,948.22,0.0,543.6,0,0,0,3360,-391.4420462579932
Data,742,0.0,0.0,1722.08,1048.401185576714,0.0,911.32,0.0,543.6,0,0,0,3177,-1048.401185576714
Data,743,0.0,0.0,1606.46,663.0096881932918,0.0,850.94,0.0,543.6,0,0,0,3001,-663.0096881932919
Data,744,0.0,0.0,1662.43,845.9268984222365,0.0,803.97,0.0,543.6,0,0,0,3010,-845.9268984222366
Data,745,0.0,0.0,1936.27,461.34962787797485,0.0,807.33,0.0,189.4,0,0,0,2933,-461.34962787797485
Data,746,0.0,0.0,1961.37,197.86921561310965,0.0,844.23,0.0,189.4,0,0,0,2995,-197.86921561310956
Data,747,0.0,0.0,1743.96,400.606099730202,0.0,838.64,0.0,540.4,0,0,0,3123,-400.606099730202
Data,748,0.0,0.0,2185.8500000000004,0.0,0.0,869.95,0.0,186.2,0,0,0,3242,-3.979039320256561e-13
Data,749,0.0,0.0,1827.2399999999998,216.04431759800582,0.0,883.36,0.0,540.4,0,0,0,3251,-216.0443175980056
Data,750,24.269518113974584,0.0,1564.4077450888874,0.0,601.2727367971377,876.65,0.0,189.4,0,0,0,3256,601.2727367971379
Data,751,280.93013316844286,0.0,1815.8793651890976,0.0,269.1605016424594,819.63,0.0,38.4,0,0,0,3224,269.1605016424596
Data,752,430.7810893289434,304.757916011073,1847.7789106710566,0.0,0.0,814.04,0.0,38.4,0,0,0,3131,-304.757916011073
Data,753,863.840277582914,501.2416588342535,1592.7097224170861,0.0,0.0,759.25,0.0,35.2,0,0,0,3251,-501.24165883425366
Data,754,1160.0346389505185,835.8717009442146,1399.2753610494815,0.0,0.0,731.29,0.0,38.4,0,0,0,3329,-835.8717009442145
Data,755,1153.941406096549,1205.9030955159326,1359.8385939034508,0.0,0.0,726.82,0.0,38.4,0,0,0,3279,-1205.9030955159324
Data,756,1059.5242005159284,1443.3483124816034,1461.7657994840715,0.0,0.0,720.11,0.0,41.6,0,0,0,3283,-1443.3483124816034
Data,757,783.8678407838527,1741.9927179272397,1626.392159216147,0.0,0.0,703.34,0.0,38.4,0,0,0,3152,-1741.9927179272395
Data,758,794.6514659137422,1645.6642719451827,1552.278534086258,0.0,0.0,742.47,0.0,41.6,0,0,0,3131,-1645.664271945183
Data,759,655.8386635693012,1564.8222438593732,1700.9713364306988,0.0,0.0,743.59,0.0,41.6,0,0,0,3142,-1564.8222438593732
Data,760,393.34239764994936,1454.436193756042,1905.8576023500505,0.0,0.0,787.2,0.0,41.6,0,0,0,3128,-1454.4361937560418
Data,761,389.2692617504083,895.367590918283,1983.1807382495915,0.0,0.0,869.95,0.0,41.6,0,0,0,3284,-895.3675909182829
Data,762,536.8518657520513,173.136149073576,1891.578134247949,0.0,0.0,926.97,0.0,41.6,0,0,0,3397,-173.1361490735761
Data,763,185.1596856109268,0.0,2161.0903143890732,235.14616407296944,0.0,938.15,0.0,192.6,0,0,0,3477,-235.1461640729694
Data,764,1.2814724004146063,0.0,2185.0124260484663,0.0,222.7161015511192,940.39,0.0,192.6,0,0,0,3542,222.716101551119
Data,765,0.0,0.0,2100.197801604147,0.0,191.28219839585245,886.72,0.0,195.8,0,0,0,3374,191.28219839585284
Data,766,0.0,0.0,2132.57,17.350626183692384,0.0,868.83,0.0,192.6,0,0,0,3194,-17.350626183692583
Data,767,0.0,0.0,1988.94,355.91576149626735,0.0,846.46,0.0,192.6,0,0,0,3028,-355.91576149626746
Data,768,0.0,0.0,2011.3200000000002,469.8604596797809,0.0,786.08,0.0,192.6,0,0,0,2990,-469.8604596797811
Data,769,0.0,0.0,1938.35,524.5116361895816,0.0,759.25,0.0,189.4,0,0,0,2887,-524.5116361895815
Data,770,0.0,0.0,1996.46,644.3324824695214,0.0,777.14,0.0,189.4,0,0,0,2963,-644.3324824695214
Data,771,0.0,0.0,2098.37,536.9173491653,0.0,795.03,0.0,192.6,0,0,0,3086,-536.9173491652999
Data,772,0.0,0.0,2125.31,392.1472682224571,0.0,854.29,0.0,189.4,0,0,0,3169,-392.147268222457
Data,773,0.0,0.0,2125.89,262.4604994273709,0.0,867.71,0.0,189.4,0,0,0,3183,-262.4604994273708
Data,774,28.08778281725076,0.0,2081.1622171827494,321.63004204836034,0.0,845.35,0.0,189.4,0,0,0,3144,-321.63004204836034
Data,775,0.0,328.1876969959774,2188.1499999999996,172.6877886293587,0.0,827.45,0.0,38.4,0,0,0,3054,-500.87548562533595
Data,776,846.6348167065726,0.0,1159.5851832934272,1302.3280961029209,0.0,798.38,0.0,38.4,0,0,0,2843,-1302.3280961029207
Data,777,-0.0,1330.6129440958111,2151.08,429.8695603481294,0.0,714.52,0.0,38.4,0,0,0,2904,-1760.4825044439403
Data,778,415.7895736810733,1093.6018465215595,1886.0604263189266,0.0,0.0,697.75,0.0,38.4,0,0,0,3038,-1093.6018465215595
Data,779,-0.0,1439.1458106615382,2323.5,553.93872677071,0.0,701.1,0.0,38.4,0,0,0,3063,-1993.084537432248
Data,780,1495.3475287940073,0.0,824.5724712059928,1627.3471331303595,0.0,687.68,0.0,38.4,0,0,0,3046,-1627.3471331303595
Data,781,0.0,1580.8923496461741,2204.22,243.68883717696872,0.0,675.38,0.0,38.4,0,0,0,2918,-1824.5811868231426
Data,782,0.0,1586.0182392478328,2074.12,504.21029495296625,0.0,712.28,0.0,41.6,0,0,0,2828,-2090.228534200799
Data,783,-0.0,1608.980132463425,2040.79,393.8639963468032,0.0,732.41,0.0,44.8,0,0,0,2818,-2002.844128810228
Data,784,1427.6648640537421,0.0,623.8151359462579,1509.1163916076237,0.0,812.92,0.0,41.6,0,0,0,2906,-1509.1163916076237
Data,785,976.9004090834123,0.0,1188.3295909165877,215.06796543567907,0.0,853.17,0.0,41.6,0,0,0,3060,-215.06796543567904
Data,786,546.5349025278458,0.0,1424.6731843106825,0.0,303.6919131614718,922.5,0.0,41.6,0,0,0,3239,303.6919131614719
Data,787,145.56480368791222,0.0,2210.3251963120883,1.663901875828742,0.0,941.51,0.0,41.6,0,0,0,3339,-1.6639018758290618
Data,788,2.5629448008292126,0.0,2287.577055199171,4.441666963202806,0.0,920.26,0.0,192.6,0,0,0,3403,-4.441666963203119
Data,789,1.2814724004146063,0.0,2204.9885275995853,134.26246785181138,0.0,881.13,0.0,192.6,0,0,0,3280,-134.26246785181135
Data,790,0.0,0.0,2095.9900000000002,176.24739093149492,0.0,855.41,0.0,192.6,0,0,0,3144,-176.24739093149512
Data,791,0.0,0.0,1945.3166895053073,0.0,79.38331049469252,799.5,0.0,195.8,0,0,0,3020,79.3833104946927
Data,792,0.0,0.0,1874.4781715930576,0.0,184.03182840694262,755.89,0.0,192.6,0,0,0,3007,184.03182840694242
Data,793,0.0,0.0,1722.3863917075985,0.0,250.91360829240148,750.3,0.0,189.4,0,0,0,2913,250.91360829240156
Data,794,0.0,0.0,1813.3121805196415,0.0,197.09781948035834,768.19,0.0,189.4,0,0,0,2968,197.09781948035842
Data,795,0.0,0.0,1759.540599116003,0.0,324.439400883997,800.62,0.0,189.4,0,0,0,3074,324.439400883997
Data,796,0.0,0.0,1324.9678061279367,0.0,963.102193872063,856.53,0.0,38.4,0,0,0,3183,963.1021938720634
Data,797,0.0,0.0,1430.2949970750274,0.0,834.2750029249728,868.83,0.0,41.6,0,0,0,3175,834.2750029249726
Data,798,28.08778281725076,0.0,1906.8283204664617,0.0,333.4938967162875,891.19,0.0,38.4,0,0,0,3198,333.4938967162876
Data,799,330.724489298839,0.0,1837.2553502679998,0.0,190.36016043316135,797.26,0.0,38.4,0,0,0,3194,190.36016043316098
Data,800,402.2876141190643,263.0057816798576,1856.4023858809358,0.0,0.0,793.91,0.0,38.4,0,0,0,3091,-263.00578167985736
Data,801,352.53948087282333,732.8937947763159,2098.4505191271764,0.0,0.0,781.61,0.0,38.4,0,0,0,3271,-732.8937947763159
Data,802,615.587243881427,877.1973401117511,1949.9627561185732,0.0,0.0,729.05,0.0,38.4,0,0,0,3333,-877.1973401117513
Data,803,385.04308628854096,1246.925091888444,2004.1369137114593,0.0,0.0,702.22,0.0,41.6,0,0,0,3133,-1246.9250918884443
Data,804,194.21861172695117,1486.288602677983,1942.7813882730488,0.0,0.0,713.4,0.0,41.6,0,0,0,2892,-1486.288602677983
Data,805,103.43540029849123,1472.357212243992,1877.0645997015088,0.0,0.0,701.1,0.0,38.4,0,0,0,2720,-1472.357212243992
Data,806,256.5264888107247,1008.9667353456505,1738.2935111892755,0.0,0.0,724.58,0.0,41.6,0,0,0,2761,-1008.9667353456507
Data,807,1055.7223788212273,15.667005419286397,980.4076211787727,0.0,0.0,742.47,0.0,38.4,0,0,0,2817,-15.667005419286419
Data,808,841.5350796028818,0.0,1188.474920397118,1.7637707165060874,0.0,768.19,0.0,44.8,0,0,0,2843,-1.7637707165059027
Data,809,630.8244034775657,0.0,1485.5355965224344,78.9835028615953,0.0,814.04,0.0,41.6,0,0,0,2972,-78.98350286159538
Data,810,377.98205312637356,0.0,1261.2716556452315,0.0,608.996291228395,888.95,0.0,44.8,0,0,0,3182,608.996291228395
Data,811,117.47702087066148,0.0,1066.1098031894046,0.0,1094.153175939934,895.66,0.0,192.6,0,0,0,3366,1094.153175939934
Data,812,2.5629448008292126,0.0,837.4847329558279,0.0,1566.692322243343,895.66,0.0,192.6,0,0,0,3495,1566.6923222433427
Data,813,1.2814724004146063,0.0,732.1500413646402,0.0,1527.9884862349452,896.78,0.0,195.8,0,0,0,3354,1527.9884862349452
Data,814,0.0,0.0,767.2072141277391,0.0,1379.1827858722613,880.01,0.0,192.6,0,0,0,3219,1379.1827858722609
Data,815,0.0,0.0,814.4001153046207,0.0,1247.5298846953792,816.27,0.0,195.8,0,0,0,3074,1247.5298846953792
Data,816,0.0,0.0,851.8310728120798,0.0,1224.78892718792,773.78,0.0,192.6,0,0,0,3043,1224.7889271879203
Data,817,0.0,0.0,933.2817114271338,0.0,1078.0082885728661,769.31,0.0,189.4,0,0,0,2970,1078.0082885728661
Data,818,0.0,0.0,891.6250468560875,0.0,1138.6249531439125,796.15,0.0,192.6,0,0,0,3019,1138.6249531439125
Data,819,0.0,0.0,1130.919365204161,0.0,1012.770634795839,793.91,0.0,189.4,0,0,0,3127,1012.770634795839
Data,820,0.0,0.0,1626.4654628219841,0.0,598.664537178016,816.27,0.0,192.6,0,0,0,3234,598.6645371780158
Data,821,0.0,0.0,1717.543166880992,0.0,472.30683311900793,839.75,0.0,189.4,0,0,0,3219,472.30683311900805
Data,822,28.08778281725076,0.0,1778.9230851770292,0.0,322.59913200571987,841.99,0.0,189.4,0,0,0,3161,322.5991320057202
Data,823,143.9211721043962,145.9531153689813,2018.4988278956039,0.0,0.0,822.98,0.0,41.6,0,0,0,3027,-145.95311536898143
Data,824,664.038075896475,0.0,1282.231924103525,912.0662611174278,0.0,807.33,0.0,38.4,0,0,0,2792,-912.0662611174275
Data,825,502.16206827010706,676.478710135719,1514.687931729893,0.0,0.0,771.55,0.0,41.6,0,0,0,2830,-676.4787101357191
Data,826,910.5120782905785,718.9193075835449,1327.8279217094216,0.0,0.0,674.26,0.0,38.4,0,0,0,2951,-718.919307583545
Data,827,1928.2236751544679,0.0,270.936324845532,1058.4628386005472,0.0,666.44,0.0,38.4,0,0,0,2904,-1058.4628386005472
Data,828,1045.1849730353235,1147.3881515761002,1085.7750269646765,0.0,0.0,666.44,0.0,41.6,0,0,0,2839,-1147.3881515761002
Data,829,2028.05,227.0798997500308,0.0,1080.980342308434,0.0,648.55,0.0,38.4,0,0,0,2715,-1308.0602420584648
Data,830,1932.73,152.56557794814398,0.0,1055.5068557094542,0.0,668.67,0.0,41.6,0,0,0,2643,-1208.0724336575981
Data,831,1842.678854302301,0.0,45.52114569769901,960.4811410283121,0.0,664.2,0.0,41.6,0,0,0,2594,-960.4811410283122
Data,832,1040.7460030134034,399.6812800485495,828.6939969865964,0.0,0.0,735.76,0.0,44.8,0,0,0,2650,-399.68128004854935
Data,833,925.7984280546339,0.0,938.5929804158918,0.0,153.73859152947443,816.27,0.0,41.6,0,0,0,2876,153.73859152947435
Data,834,446.94619026705357,0.0,1205.8527701789499,0.0,331.6510395539967,888.95,0.0,192.6,0,0,0,3066,331.6510395539964
Data,835,108.53286656572686,0.0,1270.5852081032886,0.0,744.9919253309843,928.09,0.0,195.8,0,0,0,3248,744.9919253309843
Data,836,1.2814724004146063,0.0,1301.2990897815016,0.0,963.2594378180838,932.56,0.0,192.6,0,0,0,3391,963.2594378180837
Data,837,0.0,0.0,1151.782245520564,0.0,1003.7677544794362,906.85,0.0,192.6,0,0,0,3255,1003.767754479436
Data,838,0.0,0.0,1062.1113595258053,0.0,952.3486404741948,850.94,0.0,192.6,0,0,0,3058,952.3486404741947
Data,839,0.0,0.0,1209.4533923151241,0.0,647.6966076848757,833.05,0.0,195.8,0,0,0,2886,647.696607684876
Data,840,0.0,0.0,1098.7246121373219,0.0,758.7153878626782,784.96,0.0,192.6,0,0,0,2835,758.7153878626781
Data,841,0.0,0.0,1203.6006886784376,0.0,292.62931132156245,779.37,0.0,540.4,0,0,0,2816,292.62931132156245
Data,842,0.0,0.0,1530.6299999999999,173.2895116506204,0.0,803.97,0.0,540.4,0,0,0,2875,-173.28951165062028
Data,843,0.0,0.0,1632.1100000000001,265.7595950807379,0.0,854.29,0.0,543.6,0,0,0,3030,-265.759595080738
Data,844,0.0,0.0,1705.5299999999997,470.99942487004245,0.0,890.07,0.0,540.4,0,0,0,3136,-470.99942487004205
Data,845,0.0,0.0,1731.8799999999999,623.6223807589664,0.0,886.72,0.0,540.4,0,0,0,3159,-623.6223807589664
Data,846,21.70657331314537,0.0,1680.1534266868548,897.9292787450108,0.0,875.54,0.0,543.6,0,0,0,3121,-897.929278745011
Data,847,162.17163989736682,0.0,2030.3883601026332,584.5121392039196,0.0,814.04,0.0,38.4,0,0,0,3045,-584.5121392039194
Data,848,208.14773132448676,0.0,1877.6022686755132,754.7310970010053,0.0,802.85,0.0,38.4,0,0,0,2927,-754.7310970010053
Data,849,161.00054018724768,173.5683663128351,2103.1494598127524,0.0,0.0,778.25,0.0,41.6,0,0,0,3084,-173.5683663128353
Data,850,450.7644549703298,0.0,1662.23071737574,0.0,309.9548276539301,753.65,0.0,38.4,0,0,0,3215,309.9548276539301
Data,851,566.9861559385442,0.0,1618.0406524618882,0.0,260.7731915995678,762.6,0.0,41.6,0,0,0,3250,260.7731915995673
Data,852,841.5350796028818,0.0,1622.534920397118,140.6950557623136,0.0,733.53,0.0,38.4,0,0,0,3236,-140.69505576231305
Data,853,551.4677652475141,406.26286282561443,1797.972234752486,0.0,0.0,711.16,0.0,38.4,0,0,0,3099,-406.26286282561455
Data,854,865.7784452188887,0.0,1485.581554781111,172.5268397404684,0.0,740.24,0.0,38.4,0,0,0,3130,-172.52683974046832
Data,855,707.4512225227655,0.0,1603.5666579528443,0.0,15.672119524390382,744.71,0.0,41.6,0,0,0,3113,15.67211952439029
Data,856,587.411256851275,0.0,1483.793452247039,0.0,282.07529090168566,788.32,0.0,38.4,0,0,0,3180,282.0752909016858
Data,857,381.82647032761736,0.0,1659.6133511871822,0.0,418.9301784852005,844.23,0.0,38.4,0,0,0,3343,418.9301784852006
Data,858,210.710676125316,0.0,1471.097568010603,0.0,578.4017558640808,891.19,0.0,192.6,0,0,0,3344,578.4017558640807
Data,859,81.72655614889071,0.0,1489.254620917058,0.0,712.6288229340514,915.79,0.0,192.6,0,0,0,3392,712.6288229340513
Data,860,3.8182647032761734,0.0,1447.631871309815,0.0,857.8498639869083,897.9,0.0,195.8,0,0,0,3403,857.8498639869085
Data,861,0.0,0.0,1601.898773293733,0.0,518.3612267062672,900.14,0.0,192.6,0,0,0,3213,518.361226706267
Data,862,0.0,0.0,1704.2984235419062,0.0,292.5615764580939,875.54,0.0,192.6,0,0,0,3065,292.5615764580938
Data,863,0.0,0.0,1815.6747342073268,0.0,72.82526579267301,848.7,0.0,195.8,0,0,0,2933,72.82526579267318
Data,864,0.0,0.0,1771.2116713211306,0.0,130.2183286788695,803.97,0.0,192.6,0,0,0,2898,130.21832867886943
Data,865,0.0,0.0,1814.4499999999998,95.49809506941688,0.0,815.15,0.0,189.4,0,0,0,2819,-95.49809506941668
Data,866,0.0,0.0,1830.7600000000002,13.173728091222529,0.0,838.64,0.0,192.6,0,0,0,2862,-13.173728091222728
Data,867,0.0,0.0,1946.9499999999998,403.7590677332555,0.0,857.65,0.0,189.4,0,0,0,2994,-403.7590677332553
Data,868,0.0,0.0,1984.94,281.0841826113606,0.0,895.66,0.0,189.4,0,0,0,3070,-281.0841826113606
Data,869,0.0,0.0,1961.69,623.1007085109059,0.0,916.91,0.0,189.4,0,0,0,3068,-623.1007085109059
Data,870,39.59488192301457,0.0,1829.0451180769853,522.7979787541501,0.0,907.96,0.0,189.4,0,0,0,2966,-522.7979787541502
Data,871,303.91817888200285,0.0,1601.861821117997,636.7582645032712,0.0,849.82,0.0,38.4,0,0,0,2794,-636.758264503271
Data,872,0.0,618.0619844693549,1876.9099999999999,307.46709820661863,0.0,829.69,0.0,38.4,0,0,0,2745,-925.5290826759732
Data,873,-0.0,1159.49714989351,2014.6299999999999,154.11459527417506,0.0,803.97,0.0,38.4,0,0,0,2857,-1313.611745167685
Data,874,187.72608697380724,1514.4877007442722,2034.1239130261931,0.0,0.0,790.55,0.0,41.6,0,0,0,3054,-1514.4877007442724
Data,875,99.92709030581273,2044.106998077662,2217.352909694187,0.0,0.0,788.32,0.0,38.4,0,0,0,3144,-2044.1069980776617
Data,876,288.5247747087551,2055.9943630946864,2101.825225291245,0.0,0.0,759.25,0.0,38.4,0,0,0,3188,-2055.9943630946864
Data,877,416.28843101154143,1903.987341175893,1930.5415689884585,0.0,0.0,754.77,0.0,38.4,0,0,0,3140,-1903.987341175893
Data,878,333.1685644867566,1835.1350420106924,2077.651435513243,0.0,0.0,773.78,0.0,38.4,0,0,0,3223,-1835.1350420106921
Data,879,380.7042172273018,1488.7809474918354,1947.865782772698,0.0,0.0,795.03,0.0,38.4,0,0,0,3162,-1488.7809474918351
Data,880,105.02131278058141,1410.751316926157,2141.2786872194188,0.0,0.0,824.1,0.0,41.6,0,0,0,3112,-1410.7513169261572
Data,881,0.0,1089.2515403524153,2195.05,39.7873129384011,0.0,845.35,0.0,192.6,0,0,0,3233,-1129.0388532908166
Data,882,627.0061387742894,0.0,1595.4438612257104,864.6868087848607,0.0,888.95,0.0,192.6,0,0,0,3304,-864.6868087848605
Data,883,183.87821321051217,0.0,2056.431786789488,462.0860489428569,0.0,928.09,0.0,192.6,0,0,0,3361,-462.0860489428569
Data,884,7.662681904519992,0.0,2276.48731809548,294.9720657761595,0.0,901.25,0.0,192.6,0,0,0,3378,-294.97206577615964
Data,885,0.0,0.0,2075.67,202.6744598197106,0.0,905.73,0.0,192.6,0,0,0,3174,-202.67445981971068
Data,886,0.0,0.0,1900.0300000000002,508.118934381715,0.0,902.37,0.0,192.6,0,0,0,2995,-508.11893438171523
Data,887,0.0,0.0,1789.2200000000003,868.2599464518339,0.0,872.18,0.0,192.6,0,0,0,2854,-868.2599464518341
Data,888,0.0,0.0,1782.17,1487.443280495544,0.0,844.23,0.0,192.6,0,0,0,2819,-1487.443280495544
Data,889,0.0,0.0,1920.67,1465.9266017289374,0.0,831.93,0.0,38.4,0,0,0,2791,-1465.9266017289374
Data,890,0.0,0.0,1956.77,1309.4861087054805,0.0,868.83,0.0,38.4,0,0,0,2864,-1309.4861087054805
Data,891,0.0,0.0,2049.29,1079.1136219905206,0.0,892.31,0.0,38.4,0,0,0,2980,-1079.1136219905206
Data,892,0.0,0.0,2090.39,1058.3018834284408,0.0,929.21,0.0,38.4,0,0,0,3058,-1058.3018834284408
Data,893,0.0,0.0,2078.45,1357.5148930780083,0.0,919.15,0.0,38.4,0,0,0,3036,-1357.514893078008
Data,894,31.93220001849458,0.0,1944.5777999815052,1436.2048490156092,0.0,928.09,0.0,38.4,0,0,0,2943,-1436.2048490156092
Data,895,194.10383991586139,0.0,1621.1561600841383,1980.4588272863762,0.0,949.34,0.0,38.4,0,0,0,2803,-1980.458827286376
Data,896,254.12382275160672,0.0,1402.2561772483932,2148.1120135289993,0.0,948.22,0.0,38.4,0,0,0,2643,-2148.1120135289993
Data,897,432.90229885842814,0.0,1302.227701141572,2108.1658124314063,0.0,939.27,0.0,41.6,0,0,0,2716,-2108.1658124314063
Data,898,639.7685577825002,0.0,1211.9214422174998,1947.6218893823145,0.0,916.91,0.0,38.4,0,0,0,2807,-1947.6218893823147
Data,899,0.0,749.5828967486418,1909.1,1411.195297564083,0.0,922.5,0.0,38.4,0,0,0,2870,-2160.7781943127247
Data,900,855.5789710115071,0.0,1019.7610289884929,1684.7875717555935,0.0,920.26,0.0,38.4,0,0,0,2834,-1684.7875717555935
Data,901,-0.0,905.3733271419032,1858.35,838.6858298031516,0.0,901.25,0.0,38.4,0,0,0,2798,-1744.0591569450548
Data,902,854.2974986110925,0.0,824.6325013889074,1769.4258086492814,0.0,914.67,0.0,38.4,0,0,0,2632,-1769.4258086492812
Data,903,685.7446492096203,0.0,992.2053507903797,1105.2426791387297,0.0,931.45,0.0,41.6,0,0,0,2651,-1105.2426791387297
Data,904,559.3234740340242,0.0,1155.6265259659758,921.8050558443501,0.0,950.45,0.0,41.6,0,0,0,2707,-921.80505584435
Data,905,0.0,421.3951997526643,1803.75,372.45248145392134,0.0,980.65,0.0,41.6,0,0,0,2826,-793.8476812065855
Data,906,277.1118684651667,0.0,1744.9981315348334,159.57794269669535,0.0,977.29,0.0,41.6,0,0,0,3041,-159.5779426966952
Data,907,117.47702087066148,0.0,1753.7787221393235,0.0,298.3842569900154,981.76,0.0,41.6,0,0,0,3193,298.38425699001516
Data,908,10.225626705349207,0.0,1617.4444213875472,0.0,672.9099519071035,972.82,0.0,41.6,0,0,0,3315,672.9099519071037
Data,909,0.0,0.0,1187.021151957846,0.0,992.0288480421541,968.35,0.0,41.6,0,0,0,3189,992.0288480421539
Data,910,0.0,0.0,1422.5195594008921,0.0,480.75044059910783,954.93,0.0,195.8,0,0,0,3054,480.7504405991079
Data,911,0.0,0.0,1261.5430724330924,0.0,540.9969275669075,944.86,0.0,192.6,0,0,0,2940,540.9969275669075
Data,912,0.0,0.0,1421.4189286221608,0.0,378.0310713778392,888.95,0.0,192.6,0,0,0,2881,378.0310713778391
Data,913,0.0,0.0,1771.1799999999998,0.0,0.0,874.42,0.0,189.4,0,0,0,2835,1.9895196601282805e-13
Data,914,0.0,0.0,1695.3011381461856,0.0,118.80886185381428,903.49,0.0,189.4,0,0,0,2907,118.80886185381436
Data,915,0.0,0.0,1872.7438849900295,0.0,86.36611500997037,903.49,0.0,189.4,0,0,0,3052,86.36611500997046
Data,916,0.0,0.0,1683.9194777827593,0.0,378.6005222172407,909.08,0.0,189.4,0,0,0,3161,378.6005222172407
Data,917,0.0,0.0,1573.430390351331,0.0,487.609609648669,932.56,0.0,189.4,0,0,0,3183,487.6096096486691
Data,918,45.976091427119954,0.0,1672.9302217442525,0.0,316.65368682862754,937.04,0.0,189.4,0,0,0,3162,316.65368682862743
Data,919,273.33632316480634,105.92720236198187,1874.4136768351937,0.0,0.0,906.85,0.0,38.4,0,0,0,3093,-105.92720236198195
Data,920,776.4153596634455,0.0,1282.1646403365544,208.03872650870017,0.0,899.02,0.0,38.4,0,0,0,2996,-208.03872650870008
Data,921,1225.8983422333608,0.0,1039.6916577666393,73.15678222869724,0.0,880.01,0.0,38.4,0,0,0,3184,-73.15678222869738
Data,922,1722.6388886308102,0.0,823.4911113691899,172.8292699247885,0.0,865.47,0.0,38.4,0,0,0,3450,-172.82926992478863
Data,923,2009.9502313033586,0.0,664.6497686966413,436.83249457622946,0.0,861.0,0.0,38.4,0,0,0,3574,-436.83249457622935
Data,924,1353.265821136189,850.788250083031,1214.3441788638106,0.0,0.0,841.99,0.0,38.4,0,0,0,3448,-850.7882500830307
Data,925,2209.1799608208785,0.0,190.95003917912163,1091.155567686478,0.0,816.27,0.0,41.6,0,0,0,3258,-1091.155567686478
Data,926,2050.8265856267876,0.0,430.2634143732125,354.35624665070213,0.0,818.51,0.0,38.4,0,0,0,3338,-354.35624665070225
Data,927,1653.6747514901303,0.0,612.3077908566216,0.0,124.13745765324802,835.28,0.0,41.6,0,0,0,3267,124.13745765324805
Data,928,1208.0100336234914,0.0,1061.052707492206,0.0,64.7572588843027,847.58,0.0,41.6,0,0,0,3223,64.7572588843025
Data,929,807.0399347835578,0.0,1162.0294984467307,0.0,519.8005667697114,856.53,0.0,41.6,0,0,0,3387,519.8005667697115
Data,930,523.5730093122534,0.0,1567.9816915876636,0.0,380.5352991000832,892.31,0.0,41.6,0,0,0,3406,380.5352991000831
Data,931,172.39726660271603,0.0,1526.9678412314288,0.0,658.3048921658552,905.73,0.0,192.6,0,0,0,3456,658.304892165855
Data,932,10.225626705349207,0.0,1482.1787723344587,0.0,923.7856009601921,929.21,0.0,192.6,0,0,0,3538,923.7856009601923
Data,933,1.2814724004146063,0.0,767.8532248790588,0.0,1119.0553027205265,929.21,0.0,543.6,0,0,0,3361,1119.0553027205265
Data,934,0.0,0.0,748.671598641329,0.0,955.5184013586711,929.21,0.0,543.6,0,0,0,3177,955.518401358671
Data,935,0.0,0.0,1056.8341355062112,0.0,548.425864493789,900.14,0.0,543.6,0,0,0,3049,548.4258644937888
Data,936,0.0,0.0,668.3545337077977,0.0,935.9354662922022,843.11,0.0,543.6,0,0,0,2991,935.9354662922022
Data,937,0.0,0.0,581.154896547241,0.0,909.4651034527589,822.98,0.0,540.4,0,0,0,2854,909.465103452759
Data,938,0.0,0.0,899.3108964575989,0.0,630.999103542401,854.29,0.0,540.4,0,0,0,2925,630.9991035424011
Data,939,0.0,0.0,746.8219595328707,0.0,947.2480404671293,856.53,0.0,540.4,0,0,0,3091,947.2480404671294
Data,940,0.0,0.0,868.4865982478134,0.0,912.3934017521865,886.72,0.0,540.4,0,0,0,3208,912.3934017521866
Data,941,0.0,0.0,1192.1902547723053,0.0,923.2697452276948,900.14,0.0,189.4,0,0,0,3205,923.2697452276948
Data,942,42.13167422587614,0.0,1324.8231277424904,0.0,696.7351980316334,916.91,0.0,189.4,0,0,0,3170,696.7351980316337
Data,943,305.19965128241745,0.0,1075.395876531274,0.0,825.1644721863081,887.84,0.0,38.4,0,0,0,3132,825.1644721863083
Data,944,629.542931077151,0.0,1277.0527481400607,0.0,207.7043207827885,873.3,0.0,38.4,0,0,0,3026,207.70432078278836
Data,945,990.9443004920378,0.0,1187.3869006821687,0.0,100.57879882579346,829.69,0.0,38.4,0,0,0,3147,100.57879882579354
Data,946,1454.4711744705783,0.0,812.7630311297553,0.0,241.72579439966648,789.44,0.0,41.6,0,0,0,3340,241.7257943996664
Data,947,1698.020156741392,24.618731889418314,864.2098432586081,0.0,0.0,779.37,0.0,38.4,0,0,0,3380,-24.618731889418335
Data,948,1754.5710886493052,0.0,787.7813612446377,0.0,13.357550106057147,755.89,0.0,38.4,0,0,0,3350,13.357550106057126
Data,949,1567.0294930797197,119.85893082931989,816.4505069202803,0.0,0.0,739.12,0.0,38.4,0,0,0,3161,-119.85893082931992
Data,950,1612.9337671339754,65.01050247012972,874.9562328660244,0.0,0.0,744.71,0.0,38.4,0,0,0,3271,-65.01050247012952
Data,951,1358.7007269130622,0.0,1053.0092730869378,162.61023102829017,0.0,755.89,0.0,38.4,0,0,0,3206,-162.6102310282902
Data,952,1202.9102965198006,0.0,1194.8497034801992,196.48351867771407,0.0,789.44,0.0,44.8,0,0,0,3232,-196.4835186777139
Data,953,898.9921176377978,0.0,1619.7078823622019,450.4128609102054,0.0,848.7,0.0,41.6,0,0,0,3409,-450.41286091020527
Data,954,0.0,514.6288550073189,1971.8500000000001,257.7232951343624,0.0,894.55,0.0,543.6,0,0,0,3410,-772.3521501416811
Data,955,164.73458469819604,0.0,1789.8654153018042,491.6914287869122,0.0,934.8,0.0,543.6,0,0,0,3433,-491.6914287869125
Data,956,6.381209504105387,0.0,2031.628790495895,296.7017269435464,0.0,940.39,0.0,543.6,0,0,0,3522,-296.70172694354665
Data,957,0.0,0.0,1866.5500000000002,525.5560329445298,0.0,925.85,0.0,543.6,0,0,0,3336,-525.55603294453
Data,958,0.0,0.0,1698.31,789.209722752877,0.0,928.09,0.0,543.6,0,0,0,3170,-789.209722752877
Data,959,0.0,0.0,1657.81,1015.1000921813079,0.0,866.59,0.0,543.6,0,0,0,3068,-1015.1000921813079
Data,960,0.0,0.0,1667.13,1171.3044070860537,0.0,816.27,0.0,543.6,0,0,0,3027,-1171.3044070860537
Data,961,0.0,0.0,1555.8,1397.3833929770938,0.0,811.8,0.0,540.4,0,0,0,2908,-1397.3833929770935
Data,962,0.0,0.0,1568.1999999999998,1496.9848201980876,0.0,836.4,0.0,540.4,0,0,0,2945,-1496.9848201980874
Data,963,0.0,0.0,1724.9099999999999,1568.081341796078,0.0,829.69,0.0,540.4,0,0,0,3095,-1568.081341796078
Data,964,0.0,0.0,1799.6599999999999,1474.8922099641318,0.0,850.94,0.0,540.4,0,0,0,3191,-1474.8922099641318
Data,965,0.0,0.0,1793.6499999999999,1382.194721970808,0.0,869.95,0.0,540.4,0,0,0,3204,-1382.1947219708077
Data,966,44.694619026705354,0.0,2020.5953809732946,1157.9435074020448,0.0,892.31,0.0,189.4,0,0,0,3147,-1157.9435074020448
Data,967,0.0,325.62475219514823,2189.95,1084.609200966263,0.0,857.65,0.0,38.4,0,0,0,3086,-1410.233953161411
Data,968,790.459251072071,0.0,1355.5007489279292,1910.3728656668009,0.0,838.64,0.0,38.4,0,0,0,3023,-1910.3728656668009
Data,969,1321.6687897908769,0.0,1049.7112102091232,1880.1012555214102,0.0,825.22,0.0,38.4,0,0,0,3235,-1880.1012555214104
Data,970,-0.0,1703.4952601184941,2587.23,59.78069268163582,0.0,779.37,0.0,38.4,0,0,0,3405,-1763.2759528001297
Data,971,34.53956378748353,1840.071490533312,2628.9104362125163,0.0,0.0,746.95,0.0,41.6,0,0,0,3452,-1840.0714905333118
Data,972,1884.8105285281772,0.0,797.719471471823,1421.978194047378,0.0,717.87,0.0,41.6,0,0,0,3442,-1421.9781940473783
Data,973,1926.968355252021,0.0,563.881644747979,2065.6467390107014,0.0,716.75,0.0,38.4,0,0,0,3246,-2065.6467390107014
Data,974,1944.8305113639226,0.0,610.3094886360773,2119.808477773962,0.0,723.46,0.0,38.4,0,0,0,3317,-2119.808477773962
Data,975,1785.2218162673848,0.0,742.0881837326151,2090.1405894282098,0.0,731.29,0.0,38.4,0,0,0,3297,-2090.1405894282098
Data,976,-0.0,1504.291683098942,2503.72,310.04712054963693,0.0,761.48,0.0,44.8,0,0,0,3310,-1814.3388036485787
Data,977,1054.7825480310592,0.0,992.9322519689408,1351.7237341105456,0.0,835.28,0.0,538.0052,0,0,0,3421,-1351.7237341105456
Data,978,597.6368835566241,0.0,1343.1031164433762,1003.8363667069639,0.0,895.66,0.0,543.6,0,0,0,3380,-1003.8363667069641
Data,979,181.34142090765062,0.0,1775.5885790923492,319.8570123601828,0.0,939.27,0.0,546.8,0,0,0,3443,-319.85701236018235
Data,980,6.381209504105387,0.0,2003.3887904958947,36.771094199095614,0.0,942.63,0.0,543.6,0,0,0,3496,-36.771094199095614
Data,981,0.0,0.0,1825.13,74.58482647678375,0.0,939.27,0.0,543.6,0,0,0,3308,-74.58482647678386
Data,982,0.0,0.0,1658.0700000000002,151.7345317353056,0.0,930.33,0.0,543.6,0,0,0,3132,-151.73453173530584
Data,983,0.0,0.0,1557.1000000000001,183.50365416621094,0.0,873.3,0.0,543.6,0,0,0,2974,-183.50365416621105
Data,984,0.0,0.0,1513.2400000000002,527.2488753889986,0.0,834.16,0.0,543.6,0,0,0,2891,-527.2488753889988
Data,985,0.0,0.0,1486.62,492.54588321334586,0.0,822.98,0.0,540.4,0,0,0,2850,-492.54588321334575
Data,986,0.0,0.0,1540.96,60.048046300661326,0.0,838.64,0.0,540.4,0,0,0,2920,-60.048046300661326
Data,987,0.0,0.0,1661.02,169.7734576741518,0.0,847.58,0.0,540.4,0,0,0,3049,-169.7734576741518
Data,988,0.0,0.0,1740.59,218.7565406042886,0.0,880.01,0.0,540.4,0,0,0,3161,-218.7565406042885
Data,989,0.0,0.0,1685.17,74.32694534109714,0.0,893.43,0.0,540.4,0,0,0,3119,-74.32694534109714
Data,990,47.25756382753456,0.0,1625.6224361724653,595.6466038605008,0.0,886.72,0.0,540.4,0,0,0,3100,-595.6466038605005
Data,991,0.0,311.58086078652286,1661.1299999999999,501.3905005462591,0.0,865.47,0.0,540.4,0,0,0,3067,-812.9713613327818
Data,992,605.2995654611441,0.0,1110.9404345388562,1254.2124509503674,0.0,834.16,0.0,543.6,0,0,0,3094,-1254.2124509503676
Data,993,0.0,955.1676832722994,1978.2599999999998,249.26198068744316,0.0,826.34,0.0,540.4,0,0,0,3345,-1204.4296639597426
Data,994,546.2385196729158,706.466132977281,1947.751480327084,0.0,0.0,781.61,0.0,189.4,0,0,0,3465,-706.4661329772807
Data,995,1570.6928754387925,0.0,451.7871245612075,1316.5305486494694,0.0,739.12,0.0,540.4,0,0,0,3302,-1316.5305486494694
Data,996,412.8568137071211,1245.9438273846677,2077.9231862928787,0.0,0.0,726.82,0.0,189.4,0,0,0,3407,-1245.9438273846674
Data,997,256.1536776141693,1359.2338168513288,2131.0963223858307,0.0,0.0,722.35,0.0,189.4,0,0,0,3299,-1359.2338168513288
Data,998,0.0,1556.6228315321996,2119.19,1.2803940206790685,0.0,732.41,0.0,540.4,0,0,0,3392,-1557.9032255528787
Data,999,0.0,1389.351454531142,2059.47,254.31351976599217,0.0,758.13,0.0,540.4,0,0,0,3358,-1643.664974297134
Data,1000,1131.409367076259,0.0,908.3406329237409,1274.9541005418114,0.0,783.85,0.0,540.4,0,0,0,3364,-1274.9541005418114
Data,1001,800.6587252794525,0.0,1322.0012747205474,706.526035471127,0.0,850.94,0.0,540.4,0,0,0,3514,-706.5260354711269
Data,1002,0.0,508.24764550321345,1994.43,297.3463027422165,0.0,926.97,0.0,543.6,0,0,0,3465,-805.5939482454299
Data,1003,0.0,185.1596856109268,2020.3600000000001,593.7608684640395,0.0,937.04,0.0,543.6,0,0,0,3501,-778.9205540749664
Data,1004,10.225626705349207,0.0,2035.124373294651,696.0690404276966,0.0,956.05,0.0,543.6,0,0,0,3545,-696.0690404276965
Data,1005,0.0,0.0,1782.75,1122.2800839650104,0.0,999.65,0.0,543.6,0,0,0,3326,-1122.2800839650104
Data,1006,0.0,0.0,1642.98,695.0291083032589,0.0,997.42,0.0,543.6,0,0,0,3184,-695.0291083032589
Data,1007,0.0,0.0,1584.48,506.23441090883534,0.0,935.92,0.0,543.6,0,0,0,3064,-506.23441090883534
Data,1008,0.0,0.0,1559.7400000000002,614.16845954985,0.0,895.66,0.0,543.6,0,0,0,2999,-614.1684595498502
Data,1009,0.0,0.0,1486.1799999999998,491.06242700321445,0.0,874.42,0.0,540.4,0,0,0,2901,-491.0624270032142
Data,1010,0.0,0.0,1549.68,524.6697865447784,0.0,886.72,0.0,543.6,0,0,0,2980,-524.6697865447785
Data,1011,0.0,0.0,1673.4099999999999,47.23734489328217,0.0,891.19,0.0,540.4,0,0,0,3105,-47.23734489328206
Data,1012,0.0,0.0,1554.806714036994,0.0,216.94328596300602,925.85,0.0,540.4,0,0,0,3238,216.94328596300602
Data,1013,0.0,0.0,1393.406491372242,0.0,322.0435086277578,938.15,0.0,540.4,0,0,0,3194,322.043508627758
Data,1014,51.07582853081073,0.0,1341.3659468509445,0.0,285.64822461824474,941.51,0.0,540.4,0,0,0,3160,285.64822461824485
Data,1015,398.40715403910434,0.0,1100.1825447516112,0.0,187.25030120928454,932.56,0.0,543.6,0,0,0,3162,187.25030120928466
Data,1016,913.0360090464231,0.0,803.5239909535768,168.16607021058678,0.0,937.04,0.0,540.4,0,0,0,3194,-168.16607021058678
Data,1017,1215.8107777868906,229.71624237875312,740.8692222131092,0.0,0.0,935.92,0.0,540.4,0,0,0,3433,-229.7162423787529
Data,1018,1443.9670592249172,536.613916860776,607.5529407750829,0.0,0.0,909.08,0.0,540.4,0,0,0,3501,-536.6139168607762
Data,1019,1420.445280964324,871.7165559078917,558.2647190356762,0.0,0.0,878.89,0.0,540.4,0,0,0,3398,-871.7165559078918
Data,1020,1628.7776125322412,811.5381253266837,454.6423874677588,0.0,0.0,872.18,0.0,540.4,0,0,0,3496,-811.5381253266836
Data,1021,1998.59,483.85741208480135,0.0,712.1531392835923,0.0,880.01,0.0,540.4,0,0,0,3419,-1196.0105513683934
Data,1022,1156.1917382355914,1231.7666986921085,966.2682617644086,0.0,0.0,900.14,0.0,540.4,0,0,0,3563,-1231.7666986921085
Data,1023,2089.75,69.60945219251425,0.0,936.7826948225295,0.0,906.85,0.0,540.4,0,0,0,3537,-1006.3921470150437
Data,1024,697.7682624651625,1014.6711519582664,1361.2717375348375,0.0,0.0,932.56,0.0,540.4,0,0,0,3532,-1014.6711519582663
Data,1025,1139.072048980779,0.0,928.367951019221,997.5602391644661,0.0,957.16,0.0,540.4,0,0,0,3565,-997.5602391644661
Data,1026,627.0061387742894,0.0,1395.1838612257106,929.3098562833889,0.0,978.41,0.0,540.4,0,0,0,3541,-929.3098562833889
Data,1027,0.0,205.58478652365756,2015.3400000000001,558.3962075468494,0.0,994.06,0.0,543.6,0,0,0,3553,-763.9809940705069
Data,1028,11.480946607796167,0.0,1941.859053392204,344.5990582110819,0.0,994.06,0.0,543.6,0,0,0,3491,-344.59905821108225
Data,1029,0.0,0.0,1757.69,435.6036678161922,0.0,990.71,0.0,543.6,0,0,0,3292,-435.60366781619234
Data,1030,0.0,0.0,1596.52,732.3553246578394,0.0,982.88,0.0,543.6,0,0,0,3123,-732.3553246578394
Data,1031,0.0,0.0,1541.89,538.8459530430725,0.0,941.51,0.0,543.6,0,0,0,3027,-538.8459530430727
Data,1032,0.0,0.0,1527.06,539.664648611571,0.0,900.14,0.0,546.8,0,0,0,2974,-539.6646486115709
Data,1033,0.0,0.0,1440.2399999999998,724.7332173867121,0.0,883.36,0.0,540.4,0,0,0,2864,-724.7332173867119
Data,1034,0.0,0.0,1476.58,1248.9646106858795,0.0,899.02,0.0,540.4,0,0,0,2916,-1248.9646106858795
Data,1035,0.0,0.0,2079.64,669.2839519556892,0.0,907.96,0.0,38.4,0,0,0,3026,-669.2839519556891
Data,1036,0.0,0.0,2185.74,312.6621388878766,0.0,944.86,0.0,38.4,0,0,0,3169,-312.6621388878764
Data,1037,0.0,0.0,2116.08,339.0416578439176,0.0,960.52,0.0,38.4,0,0,0,3115,-339.0416578439175
Data,1038,49.79435613039614,0.0,1993.1656438696039,718.7514420444334,0.0,961.64,0.0,38.4,0,0,0,3043,-718.7514420444331
Data,1039,0.0,360.119897014472,1967.85,968.5018340347879,0.0,943.75,0.0,38.4,0,0,0,2950,-1328.6217310492598
Data,1040,0.0,801.9401976798672,1986.09,735.783234752905,0.0,941.51,0.0,38.4,0,0,0,2966,-1537.7234324327721
Data,1041,-0.0,1324.2317345917058,2089.8,147.66168183096926,0.0,934.8,0.0,38.4,0,0,0,3063,-1471.8934164226755
Data,1042,-0.0,1759.6708257529956,2263.8199999999997,332.2338328332477,0.0,896.78,0.0,38.4,0,0,0,3199,-2091.904658586243
Data,1043,1971.6629742787263,0.0,179.63702572127386,1809.581668106065,0.0,873.3,0.0,38.4,0,0,0,3063,-1809.5816681060653
Data,1044,2122.3275150703294,0.0,24.092484929670718,1991.8011914888864,0.0,872.18,0.0,38.4,0,0,0,3057,-1991.8011914888864
Data,1045,2032.77,88.30219516788247,0.0,2082.9412018052426,0.0,868.83,0.0,38.4,0,0,0,2940,-2171.243396973125
Data,1046,38.5236061122946,1935.6761604692933,2050.1363938877057,0.0,0.0,900.14,0.0,35.2,0,0,0,3024,-1935.6761604692936
Data,1047,-0.0,1769.8964524583448,1956.1599999999999,798.3966296782478,0.0,912.44,0.0,38.4,0,0,0,2907,-2568.2930821365926
Data,1048,-0.0,1440.427283061953,1864.2599999999998,1152.5677814235478,0.0,949.34,0.0,38.4,0,0,0,2852,-2592.9950644855007
Data,1049,-0.0,1004.9881919006632,1952.2800000000002,1198.1856963800933,0.0,985.12,0.0,41.6,0,0,0,2979,-2203.1738882807567
Data,1050,529.9542188163588,0.0,1513.3557811836413,1483.8575450834528,0.0,1001.89,0.0,44.8,0,0,0,3090,-1483.8575450834528
Data,1051,0.0,154.50895799284683,2175.1000000000004,883.281565320181,0.0,996.3,0.0,41.6,0,0,0,3213,-1037.790523313028
Data,1052,6.381209504105387,0.0,2273.4487904958946,764.7279730301107,0.0,1000.77,0.0,38.4,0,0,0,3319,-764.7279730301105
Data,1053,0.0,0.0,2092.8500000000004,873.840724309819,0.0,1017.55,0.0,41.6,0,0,0,3152,-873.8407243098194
Data,1054,0.0,0.0,1965.0900000000001,724.4891990862852,0.0,1015.31,0.0,41.6,0,0,0,3022,-724.4891990862853
Data,1055,0.0,0.0,1901.4,947.2127368610572,0.0,984.0,0.0,41.6,0,0,0,2927,-947.2127368610574
Data,1056,0.0,0.0,1879.25,931.6417083587467,0.0,968.35,0.0,38.4,0,0,0,2886,-931.6417083587467
Data,1057,0.0,0.0,1788.3799999999999,911.0789288522121,0.0,948.22,0.0,38.4,0,0,0,2775,-911.078928852212
Data,1058,0.0,0.0,1820.4299999999998,689.5735728068375,0.0,976.17,0.0,38.4,0,0,0,2835,-689.5735728068373
Data,1059,0.0,0.0,1939.9499999999998,914.5414111145747,0.0,980.65,0.0,38.4,0,0,0,2959,-914.5414111145744
Data,1060,0.0,0.0,2048.77,764.8762963089484,0.0,991.83,0.0,38.4,0,0,0,3079,-764.8762963089484
Data,1061,0.0,0.0,2016.6200000000003,704.1170183371155,0.0,995.18,0.0,35.2,0,0,0,3047,-704.1170183371158
Data,1062,0.0,40.85020182546154,1951.77,752.042219246769,0.0,991.83,0.0,38.4,0,0,0,2982,-792.8924210722307
Data,1063,233.69872183887594,0.0,1544.751278161124,407.92610560135313,0.0,938.15,0.0,38.4,0,0,0,2755,-407.9261056013529
Data,1064,0.0,384.36326263047897,1613.6299999999999,680.9584044416922,0.0,926.97,0.0,38.4,0,0,0,2579,-1065.321667072171
Data,1065,624.4431939734603,0.0,1018.4168060265396,1037.5291860127754,0.0,924.74,0.0,38.4,0,0,0,2606,-1037.5291860127757
Data,1066,-0.0,892.6109081336924,1802.0099999999998,585.9438537005574,0.0,866.59,0.0,38.4,0,0,0,2707,-1478.5547618342498
Data,1067,-0.0,1066.2634946388555,1954.32,368.4318351467095,0.0,835.28,0.0,38.4,0,0,0,2828,-1434.6953297855648
Data,1068,-0.0,1201.628824119386,1990.55,327.9311297586568,0.0,833.05,0.0,38.4,0,0,0,2862,-1529.5599538780427
Data,1069,-0.0,1151.83446798899,2037.9699999999998,652.6803943298337,0.0,819.63,0.0,38.4,0,0,0,2896,-1804.5148623188234
Data,1070,-0.0,1008.8064566039393,1930.32,944.3222021173281,0.0,835.28,0.0,38.4,0,0,0,2804,-1953.1286587212674
Data,1071,-0.0,937.3055271603978,1803.35,1324.7496288646912,0.0,882.25,0.0,38.4,0,0,0,2724,-2262.0551560250888
Data,1072,-0.0,762.3453157568524,1729.14,1296.4637559051641,0.0,920.26,0.0,41.6,0,0,0,2691,-2058.809071662017
Data,1073,522.2915369118388,0.0,1333.4784630881613,1870.8811401853932,0.0,942.63,0.0,41.6,0,0,0,2840,-1870.8811401853932
Data,1074,270.73065896106135,0.0,1774.3193410389388,1483.3170168283375,0.0,987.35,0.0,41.6,0,0,0,3074,-1483.3170168283375
Data,1075,85.5448208521669,0.0,1653.5552791478333,1494.2179628032825,0.0,995.18,0.0,423.7199,0,0,0,3158,-1494.2179628032827
Data,1076,3.8182647032761734,0.0,1980.845235296724,1520.6771749920024,0.0,995.18,0.0,337.1565,0,0,0,3317,-1520.6771749920026
Data,1077,0.0,0.0,1643.5700000000002,1888.9489040361136,0.0,991.83,0.0,543.6,0,0,0,3179,-1888.9489040361138
Data,1078,0.0,0.0,1493.31,2081.0346760650673,0.0,977.29,0.0,540.4,0,0,0,3011,-2081.0346760650673
Data,1079,0.0,0.0,1330.3399999999997,1916.3192873539901,0.0,944.86,0.0,546.8,0,0,0,2822,-1916.3192873539897
Data,1080,0.0,0.0,1293.4499999999998,1884.1991416711135,0.0,919.15,0.0,540.4,0,0,0,2753,-1884.1991416711132
Data,1081,0.0,0.0,1248.17,1874.105325189405,0.0,893.43,0.0,540.4,0,0,0,2682,-1874.105325189405
Data,1082,0.0,0.0,1298.4499999999998,1567.658424600933,0.0,919.15,0.0,540.4,0,0,0,2758,-1567.6584246009327
Data,1083,0.0,0.0,1435.94,1745.8374865191704,0.0,944.86,0.0,537.2,0,0,0,2918,-1745.8374865191704
Data,1084,0.0,0.0,1521.48,1554.7626873496415,0.0,985.12,0.0,540.4,0,0,0,3047,-1554.7626873496415
Data,1085,0.0,0.0,1514.8500000000001,2137.977884554117,0.0,992.95,0.0,537.2,0,0,0,3045,-2137.9778845541173
Data,1086,0.0,43.41314662629074,1475.54,2077.7941144497336,0.0,994.06,0.0,540.4,0,0,0,3010,-2121.207261076024
Data,1087,0.0,266.8862417598175,1589.1613,1681.160196251543,0.0,941.51,0.0,434.3287,0,0,0,2965,-1948.0464380113606
Data,1088,0.0,429.05788165718434,2029.4699999999998,924.7795069764597,0.0,881.13,0.0,38.4,0,0,0,2949,-1353.8373886336437
Data,1089,671.7007578009949,0.0,1550.309242199005,1062.959632967012,0.0,866.59,0.0,38.4,0,0,0,3127,-1062.9596329670119
Data,1090,941.123791863674,0.0,1411.056208136326,1759.5326078477838,0.0,874.42,0.0,38.4,0,0,0,3265,-1759.5326078477835
Data,1091,-0.0,1200.3473517189714,2401.02,1174.9587082193111,0.0,847.58,0.0,38.4,0,0,0,3287,-2375.3060599382825
Data,1092,-0.0,1380.4073002262076,2445.0299999999997,1194.141848069277,0.0,828.57,0.0,38.4,0,0,0,3312,-2574.549148295485
Data,1093,-0.0,1485.121902088658,2276.1499999999996,1266.2198137939986,0.0,808.45,0.0,38.4,0,0,0,3123,-2751.3417158826564
Data,1094,-0.0,1444.2717002631966,2381.31,886.5230205781202,0.0,854.29,0.0,38.4,0,0,0,3274,-2330.794720841317
Data,1095,1366.3634088175822,0.0,1004.0665911824176,1813.4849995347963,0.0,853.17,0.0,38.4,0,0,0,3262,-1813.484999534796
Data,1096,0.0,1062.4452299355794,2360.6400000000003,375.6180708052634,0.0,858.76,0.0,41.6,0,0,0,3261,-1438.063300740843
Data,1097,0.0,754.6826338523325,1946.6200000000001,1114.2887786316826,0.0,896.78,0.0,543.6,0,0,0,3387,-1868.9714124840152
Data,1098,430.33935405759894,0.0,1497.2106459424012,1641.5483663358527,0.0,925.85,0.0,543.6,0,0,0,3397,-1641.548366335853
Data,1099,137.90212178339223,0.0,1833.1178782166078,1262.5687016900558,0.0,921.38,0.0,543.6,0,0,0,3436,-1262.568701690056
Data,1100,6.381209504105387,0.0,2035.1687904958949,956.7850104722088,0.0,925.85,0.0,543.6,0,0,0,3511,-956.785010472209
Data,1101,1.2814724004146063,0.0,1844.4085275995853,1281.3220610643302,0.0,916.91,0.0,540.4,0,0,0,3303,-1281.3220610643302
Data,1102,0.0,0.0,1695.68,1354.7379515707723,0.0,886.72,0.0,543.6,0,0,0,3126,-1354.7379515707726
Data,1103,0.0,0.0,1571.23,1360.9951493126791,0.0,853.17,0.0,543.6,0,0,0,2968,-1360.9951493126791
Data,1104,0.0,0.0,1540.65,1132.7056035511969,0.0,820.75,0.0,543.6,0,0,0,2905,-1132.7056035511969
Data,1105,0.0,0.0,1455.56,1327.2719186630961,0.0,814.04,0.0,540.4,0,0,0,2810,-1327.2719186630961
Data,1106,0.0,0.0,1509.7399999999998,1735.9488811109336,0.0,821.86,0.0,540.4,0,0,0,2872,-1735.9488811109334
Data,1107,0.0,0.0,1666.33,1423.1580850508085,0.0,816.27,0.0,540.4,0,0,0,3023,-1423.1580850508085
Data,1108,0.0,0.0,1769.07,1242.6543349389606,0.0,856.53,0.0,540.4,0,0,0,3166,-1242.6543349389603
Data,1109,0.0,0.0,1743.6200000000003,1622.677012606871,0.0,872.18,0.0,537.2,0,0,0,3153,-1622.6770126068714
Data,1110,51.07582853081073,0.0,1602.6941714691893,1686.6202023865044,0.0,868.83,0.0,540.4,0,0,0,3063,-1686.6202023865044
Data,1111,340.95011600418826,0.0,1311.4898839958119,1845.4237088261789,0.0,834.16,0.0,540.4,0,0,0,3027,-1845.4237088261789
Data,1112,612.9622473656641,0.0,1029.9677526343357,1857.127390383168,0.0,791.67,0.0,540.4,0,0,0,2975,-1857.1273903831677
Data,1113,1010.0879290043539,0.0,831.312070995646,1376.7666368743744,0.0,787.2,0.0,540.4,0,0,0,3169,-1376.7666368743744
Data,1114,81.73039005169176,1345.9344740020504,1930.919609948308,0.0,0.0,746.95,0.0,540.4,0,0,0,3300,-1345.9344740020501
Data,1115,398.1565605515434,1370.458419506387,1886.1503394484566,0.0,0.0,749.18,0.0,244.5131,0,0,0,3278,-1370.458419506387
Data,1116,763.0333211069717,1286.5117921194012,1566.616678893028,0.0,0.0,765.95,0.0,189.4,0,0,0,3285,-1286.511792119401
Data,1117,473.89998878088295,1702.066299621086,1554.9953112191172,0.0,0.0,761.48,0.0,366.6247,0,0,0,3157,-1702.0662996210863
Data,1118,514.8285252505552,1668.8004450559342,1461.1214747494446,0.0,0.0,753.65,0.0,540.4,0,0,0,3270,-1668.800445055934
Data,1119,726.7908953522424,1293.3849626564654,1300.1803046477576,0.0,0.0,745.83,0.0,475.1988,0,0,0,3248,-1293.3849626564654
Data,1120,1671.5630600999993,0.0,311.45693990000063,1171.8663460304624,0.0,798.38,0.0,543.6,0,0,0,3325,-1171.8663460304624
Data,1121,1155.652732692266,0.0,851.2072673077341,899.412733476011,0.0,875.54,0.0,543.6,0,0,0,3426,-899.4127334760111
Data,1122,294.9250495542751,351.22471773233065,1636.1549504457248,0.0,0.0,911.32,0.0,543.6,0,0,0,3386,-351.22471773233065
Data,1123,196.6667847166906,0.0,1428.63356326012,0.0,362.47965202318983,923.62,0.0,543.6,0,0,0,3455,362.4796520231896
Data,1124,17.8883086098692,0.0,1455.278485157398,0.0,551.7332062327328,922.5,0.0,543.6,0,0,0,3491,551.7332062327329
Data,1125,1.2814724004146063,0.0,1438.2866526548248,0.0,390.45187494476045,921.38,0.0,543.6,0,0,0,3295,390.45187494476045
Data,1126,0.0,0.0,1502.1902448583899,0.0,166.91975514161004,903.49,0.0,540.4,0,0,0,3113,166.91975514161015
Data,1127,0.0,0.0,1470.9318484561463,0.0,72.46815154385376,861.0,0.0,543.6,0,0,0,2948,72.46815154385365
Data,1128,0.0,0.0,1364.1905072428885,0.0,108.60949275711118,836.4,0.0,546.8,0,0,0,2856,108.60949275711152
Data,1129,0.0,0.0,1140.690015346921,0.0,260.76998465307906,826.34,0.0,537.2,0,0,0,2765,260.76998465307895
Data,1130,0.0,0.0,1182.5905682857428,0.0,277.4894317142571,837.52,0.0,540.4,0,0,0,2838,277.4894317142572
Data,1131,0.0,0.0,1413.7548623462383,0.0,202.0351376537617,830.81,0.0,540.4,0,0,0,2987,202.0351376537618
Data,1132,0.0,0.0,1659.8430947848763,0.0,20.206905215123697,894.55,0.0,540.4,0,0,0,3115,20.20690521512381
Data,1133,0.0,0.0,1615.11,318.90153350550463,0.0,903.49,0.0,540.4,0,0,0,3059,-318.9015335055045
Data,1134,53.63877333163995,0.0,1550.3612266683601,143.3448901142508,0.0,885.6,0.0,540.4,0,0,0,3030,-143.34489011425103
Data,1135,0.0,371.60084362226814,1600.31,7.203841021599146,0.0,854.29,0.0,540.4,0,0,0,2995,-378.8046846438673
Data,1136,617.2296907590285,102.983950771948,1451.9703092409713,0.0,0.0,836.4,0.0,38.4,0,0,0,2944,-102.9839507719478
Data,1137,1173.5410413021355,0.0,1068.0889586978647,97.16052707594531,0.0,803.97,0.0,38.4,0,0,0,3084,-97.16052707594545
Data,1138,1342.4993522037962,233.2932603386871,1057.0806477962037,0.0,0.0,776.02,0.0,38.4,0,0,0,3214,-233.29326033868702
Data,1139,1994.6510199922864,0.0,475.7589800077135,710.5233764696657,0.0,768.19,0.0,38.4,0,0,0,3277,-710.5233764696655
Data,1140,1128.3813285911694,1165.061980681461,1346.1986714088305,0.0,0.0,776.02,0.0,38.4,0,0,0,3289,-1165.061980681461
Data,1141,2308.47,75.64401972645601,-0.0,1593.4386645975587,0.0,758.13,0.0,38.4,0,0,0,3105,-1669.0826843240145
Data,1142,917.0759240085858,1373.830592961183,1514.9640759914141,0.0,0.0,760.36,0.0,41.6,0,0,0,3234,-1373.830592961183
Data,1143,1960.1558751729626,0.0,446.01412482703745,1122.7098531398854,0.0,770.43,0.0,38.4,0,0,0,3215,-1122.7098531398854
Data,1144,662.46886731359,869.9105986026027,1771.80113268641,0.0,0.0,807.33,0.0,38.4,0,0,0,3280,-869.9105986026027
Data,1145,1039.4571842220194,0.0,1485.7928157779806,522.592771180676,0.0,864.35,0.0,38.4,0,0,0,3428,-522.592771180676
Data,1146,615.4990396685257,0.0,1707.4109603314741,167.38297173378555,0.0,903.49,0.0,192.6,0,0,0,3419,-167.3829717337854
Data,1147,203.047994220796,0.0,1778.8320057792037,544.5541693348666,0.0,911.32,0.0,546.8,0,0,0,3440,-544.5541693348661
Data,1148,14.04389140862538,0.0,2054.3961085913747,429.5475913481787,0.0,907.96,0.0,543.6,0,0,0,3520,-429.5475913481788
Data,1149,0.0,0.0,1853.44,327.19209762314085,0.0,907.96,0.0,543.6,0,0,0,3305,-327.19209762314097
Data,1150,0.0,0.0,2022.2499999999998,703.8102362885118,0.0,888.95,0.0,195.8,0,0,0,3107,-703.8102362885115
Data,1151,0.0,0.0,1527.9900000000002,1422.5335557905446,0.0,855.41,0.0,543.6,0,0,0,2927,-1422.5335557905448
Data,1152,0.0,0.0,1479.13,1870.316541495602,0.0,816.27,0.0,543.6,0,0,0,2839,-1870.316541495602
Data,1153,0.0,0.0,1428.9,2065.7694662671947,0.0,799.5,0.0,543.6,0,0,0,2772,-2065.7694662671947
Data,1154,0.0,0.0,1812.8,2218.929691382974,0.0,811.8,0.0,189.4,0,0,0,2814,-2218.929691382974
Data,1155,0.0,0.0,1637.6799999999998,2112.130217014598,0.0,812.92,0.0,540.4,0,0,0,2991,-2112.130217014598
Data,1156,0.0,0.0,1715.71,1939.5937631564275,0.0,829.69,0.0,543.6,0,0,0,3089,-1939.5937631564275
Data,1157,0.0,0.0,1659.4299999999998,1609.6326736348337,0.0,853.17,0.0,540.4,0,0,0,3053,-1609.6326736348335
Data,1158,45.976091427119954,0.0,1886.33390857288,641.9992973500073,0.0,854.29,0.0,189.4,0,0,0,2976,-641.9992973500074
Data,1159,283.4930779692721,0.0,1789.036922030728,459.536538663398,0.0,840.87,0.0,41.6,0,0,0,2955,-459.53653866339823
Data,1160,371.00766491025024,100.20804347077785,1769.3223350897497,0.0,0.0,816.27,0.0,38.4,0,0,0,2995,-100.20804347077765
Data,1161,679.1381012606814,43.63848507112425,1786.3918987393183,0.0,0.0,767.07,0.0,38.4,0,0,0,3271,-43.63848507112382
Data,1162,475.80148245962573,541.9491284492481,2155.778517540374,0.0,0.0,776.02,0.0,38.4,0,0,0,3446,-541.9491284492477
Data,1163,194.3518430995323,1090.285009569159,2418.6681569004677,0.0,0.0,798.38,0.0,41.6,0,0,0,3453,-1090.2850095691588
Data,1164,1524.7167840116729,0.0,1035.3932159883268,1158.3813017670443,0.0,780.49,0.0,38.4,0,0,0,3379,-1158.381301767044
Data,1165,1476.1777477837236,0.0,904.5222522162762,1351.112914302074,0.0,774.9,0.0,38.4,0,0,0,3194,-1351.1129143020737
Data,1166,179.91302541252207,1123.8936082664532,2450.136974587478,0.0,0.0,790.55,0.0,38.4,0,0,0,3459,-1123.8936082664534
Data,1167,0.0,1117.3654756676337,2642.52,37.1376565995979,0.0,786.08,0.0,38.4,0,0,0,3467,-1154.5031322672316
Data,1168,918.1357461501138,0.0,1739.8242538498862,645.4237487861333,0.0,789.44,0.0,41.6,0,0,0,3489,-645.4237487861334
Data,1169,621.8802491726311,0.0,1895.499750827369,506.35668626733286,0.0,825.22,0.0,189.4,0,0,0,3532,-506.356686267333
Data,1170,403.53304364076274,0.0,2045.0169563592374,527.7264521473428,0.0,852.05,0.0,189.4,0,0,0,3490,-527.7264521473427
Data,1171,149.40922088915602,0.0,1986.0260214122434,0.0,329.90475769860063,871.06,0.0,192.6,0,0,0,3529,329.9047576986005
Data,1172,14.04389140862538,0.0,1908.3074830390383,0.0,522.6186255523367,893.43,0.0,192.6,0,0,0,3531,522.6186255523364
Data,1173,1.2814724004146063,0.0,2234.048527599585,54.77194623783225,0.0,890.07,0.0,192.6,0,0,0,3318,-54.771946237832225
Data,1174,0.0,0.0,2065.1657784954223,0.0,34.86422150457747,853.17,0.0,195.8,0,0,0,3149,34.864221504577756
Data,1175,0.0,0.0,1975.1100000000001,328.68574414141494,0.0,854.29,0.0,192.6,0,0,0,3022,-328.68574414141506
Data,1176,0.0,0.0,1937.54,652.547543425736,0.0,821.86,0.0,192.6,0,0,0,2952,-652.547543425736
Data,1177,0.0,0.0,1488.4499999999998,846.5522464866804,0.0,796.15,0.0,540.4,0,0,0,2825,-846.5522464866801
Data,1178,0.0,0.0,1520.95,824.313645088647,0.0,808.45,0.0,543.6,0,0,0,2873,-824.3136450886471
Data,1179,0.0,0.0,1678.2599999999998,1050.1501351080633,0.0,826.34,0.0,540.4,0,0,0,3045,-1050.150135108063
Data,1180,0.0,0.0,1765.07,570.1436553999254,0.0,856.53,0.0,540.4,0,0,0,3162,-570.1436553999253
Data,1181,0.0,0.0,1735.77,253.42491665049488,0.0,868.83,0.0,540.4,0,0,0,3145,-253.42491665049488
Data,1182,49.79435613039614,0.0,1550.1583631700114,0.0,71.32728069959262,862.12,0.0,543.6,0,0,0,3077,71.32728069959262
Data,1183,321.8064874918721,0.0,1654.213512508128,342.5296255884996,0.0,847.58,0.0,189.4,0,0,0,3013,-342.52962558849936
Data,1184,410.1733853287458,131.26178009540922,1553.446614671254,0.0,0.0,822.98,0.0,189.4,0,0,0,2976,-131.26178009540914
Data,1185,910.4730642455941,0.0,1297.4569357544058,42.35747416503159,0.0,791.67,0.0,189.4,0,0,0,3189,-42.35747416503162
Data,1186,1074.7777018012525,300.52986132126443,1505.8122981987476,0.0,0.0,757.01,0.0,189.4,0,0,0,3527,-300.52986132126455
Data,1187,1705.2324813164792,62.101026341036686,981.5175186835207,0.0,0.0,753.65,0.0,192.6,0,0,0,3633,-62.101026341036544
Data,1188,2100.620941757184,0.0,485.1961211581787,0.0,169.60293708463735,749.18,0.0,189.4,0,0,0,3694,169.60293708463732
Data,1189,1190.2299085699142,1142.8082826257314,1244.4700914300856,0.0,0.0,774.9,0.0,189.4,0,0,0,3399,-1142.8082826257312
Data,1190,2358.5891817100346,0.0,133.0408182899655,1226.6248051881867,0.0,803.97,0.0,189.4,0,0,0,3485,-1226.6248051881869
Data,1191,2119.7907227674677,0.0,279.2992772325324,1209.5993126208052,0.0,818.51,0.0,189.4,0,0,0,3407,-1209.5993126208054
Data,1192,667.8086787145855,976.9480709685777,1655.1413212854143,0.0,0.0,827.45,0.0,192.6,0,0,0,3343,-976.9480709685776
Data,1193,847.2761071764337,285.4147323002401,1212.443892823566,0.0,0.0,859.88,0.0,540.4,0,0,0,3460,-285.41473230023985
Data,1194,77.15619366408009,574.0933107262164,1931.2538063359198,0.0,0.0,891.19,0.0,540.4,0,0,0,3440,-574.0933107262161
Data,1195,201.76652182038137,0.0,1751.8934781796188,437.2681597371693,0.0,924.74,0.0,543.6,0,0,0,3422,-437.26815973716964
Data,1196,10.225626705349207,0.0,2007.614373294651,385.03103630827286,0.0,932.56,0.0,543.6,0,0,0,3494,-385.03103630827275
Data,1197,1.2814724004146063,0.0,1882.788527599585,580.3217577685755,0.0,881.13,0.0,546.8,0,0,0,3312,-580.3217577685751
Data,1198,0.0,0.0,1710.27,786.0382068903241,0.0,881.13,0.0,543.6,0,0,0,3135,-786.0382068903241
Data,1199,0.0,0.0,1606.0500000000002,797.1578391241037,0.0,864.35,0.0,543.6,0,0,0,3014,-797.1578391241039
Data,1200,0.0,0.0,1556.56,483.5589204772609,0.0,838.64,0.0,546.8,0,0,0,2942,-483.5589204772608
Data,1201,0.0,0.0,1464.92,633.6508140589453,0.0,810.68,0.0,540.4,0,0,0,2816,-633.6508140589453
Data,1202,0.0,0.0,1513.8,416.07379621373457,0.0,811.8,0.0,540.4,0,0,0,2866,-416.07379621373445
Data,1203,0.0,0.0,1644.8400000000001,168.92535430522867,0.0,809.56,0.0,543.6,0,0,0,2998,-168.92535430522878
Data,1204,0.0,0.0,1682.5433715586746,0.0,100.36662844132525,829.69,0.0,540.4,0,0,0,3153,100.36662844132536
Data,1205,0.0,0.0,1465.806137370261,0.0,209.51386262973892,835.28,0.0,540.4,0,0,0,3051,209.51386262973904
Data,1206,37.031937122185354,0.0,1369.4613661269645,0.0,169.58669675085002,837.52,0.0,540.4,0,0,0,2954,169.58669675085014
Data,1207,197.92210461913754,0.0,1211.2187574243087,0.0,104.19913795655361,797.26,0.0,540.4,0,0,0,2851,104.19913795655395
Data,1208,297.53696937789744,0.0,982.6917423652852,0.0,532.9212882568173,778.25,0.0,192.6,0,0,0,2784,532.9212882568172
Data,1209,377.98205312637356,0.0,717.9969495676827,0.0,528.4509973059436,730.17,0.0,540.4,0,0,0,2895,528.4509973059438
Data,1210,412.4510454477297,0.0,413.70681318758795,0.0,1262.7321413646823,744.71,0.0,189.4,0,0,0,3023,1262.7321413646825
Data,1211,351.1757427095374,0.0,717.6768780425786,0.0,1048.9173792478841,745.83,0.0,189.4,0,0,0,3053,1048.9173792478841
Data,1212,384.36326263047897,0.0,326.56620506948036,0.0,1076.3705323000404,750.3,0.0,540.4,0,0,0,3078,1076.3705323000408
Data,1213,404.8145160411774,0.0,258.4921278426897,0.0,1402.9433561161331,741.35,0.0,189.4,0,0,0,2997,1402.943356116133
Data,1214,386.92620743130817,0.0,305.21102832238347,0.0,962.852764246308,781.61,0.0,540.4,0,0,0,2977,962.8527642463082
Data,1215,372.88231602268286,0.0,303.49424647807996,0.0,1019.8534374992371,779.37,0.0,540.4,0,0,0,3016,1019.8534374992371
Data,1216,328.1876969959774,0.0,276.3156086145698,0.0,1095.4766943894529,800.62,0.0,540.4,0,0,0,3041,1095.4766943894526
Data,1217,302.63670648158825,0.0,584.4050107905189,0.0,866.208282727893,845.35,0.0,540.4,0,0,0,3139,866.208282727893
Data,1218,213.24746842817757,0.0,723.4789310863739,0.0,801.8336004854484,887.84,0.0,543.6,0,0,0,3170,801.8336004854486
Data,1219,91.95218285423991,0.0,797.4093425139808,0.0,911.2384746317791,885.6,0.0,546.8,0,0,0,3233,911.2384746317795
Data,1220,7.662681904519992,0.0,539.3548471894347,0.0,1324.1324709060455,882.25,0.0,543.6,0,0,0,3297,1324.1324709060452
Data,1221,1.2814724004146063,0.0,440.40750615113524,0.0,1317.37102144845,826.34,0.0,543.6,0,0,0,3129,1317.37102144845
Data,1222,0.0,0.0,438.1683735241975,0.0,1177.5416264758026,829.69,0.0,543.6,0,0,0,2989,1177.5416264758023
Data,1223,0.0,0.0,776.5229881935161,0.0,813.907011806484,803.97,0.0,543.6,0,0,0,2938,813.9070118064839
Data,1224,0.0,0.0,971.3915987040461,0.0,549.2684012959539,801.74,0.0,543.6,0,0,0,2866,549.2684012959538
Data,1225,0.0,0.0,970.9851776667186,0.0,507.9548223332814,772.66,0.0,540.4,0,0,0,2792,507.9548223332814
Data,1226,0.0,0.0,1236.9809462748963,0.0,230.49905372510375,812.92,0.0,543.6,0,0,0,2824,230.49905372510375
Data,1227,0.0,0.0,1377.2794692506604,0.0,228.5205307493395,811.8,0.0,540.4,0,0,0,2958,228.52053074933963
Data,1228,0.0,0.0,1687.3252689626627,0.0,25.764731037337242,818.51,0.0,540.4,0,0,0,3072,25.764731037337356
Data,1229,0.0,0.0,1590.2016532550056,0.0,45.70834674499429,829.69,0.0,540.4,0,0,0,3006,45.7083467449944
Data,1230,56.17556563450152,0.0,1487.4944343654986,221.01986663785055,0.0,831.93,0.0,540.4,0,0,0,2916,-221.01986663785078
Data,1231,395.8703617362428,0.0,1654.2163670102952,0.0,1.8632712534617895,753.65,0.0,38.4,0,0,0,2844,1.8632712534622229
Data,1232,792.9960433749325,0.0,1152.8292370819931,0.0,59.954719543074134,726.82,0.0,38.4,0,0,0,2771,59.95471954307434
Data,1233,1210.5729784243208,0.0,896.397021575679,280.354053742504,0.0,696.63,0.0,38.4,0,0,0,2842,-280.35405374250377
Data,1234,960.0665477976754,788.1233313475241,1184.3534522023247,0.0,0.0,749.18,0.0,38.4,0,0,0,2932,-788.1233313475241
Data,1235,933.8147379737354,1168.0876761838629,1205.4652620262648,0.0,0.0,739.12,0.0,41.6,0,0,0,2920,-1168.087676183863
Data,1236,2193.89,65.08431695127479,-0.0,1493.3079990042202,0.0,744.71,0.0,38.4,0,0,0,2977,-1558.3923159554952
Data,1237,336.2972437864694,1834.569307511809,1911.0927562135305,0.0,0.0,683.21,0.0,38.4,0,0,0,2969,-1834.569307511809
Data,1238,673.0036949075752,1118.599330863915,1439.6063050924245,0.0,0.0,718.99,0.0,38.4,0,0,0,2870,-1118.5993308639147
Data,1239,727.553287398101,684.7862128466008,1368.3967126018988,0.0,0.0,734.65,0.0,38.4,0,0,0,2869,-684.7862128466006
Data,1240,786.4208072083609,329.66319605885815,1369.989192791639,0.0,0.0,768.19,0.0,38.4,0,0,0,2963,-329.66319605885803
Data,1241,800.6587252794525,0.0,1384.9512747205472,44.60311437396513,0.0,841.99,0.0,38.4,0,0,0,3066,-44.60311437396481
Data,1242,427.59245458847863,66.5851470081418,1639.9075454115214,0.0,0.0,897.9,0.0,192.6,0,0,0,3158,-66.585147008142
Data,1243,180.059948507236,0.0,1593.5500514927642,511.325944212899,0.0,915.79,0.0,543.6,0,0,0,3233,-511.32594421289934
Data,1244,16.606836209454592,0.0,2158.7531637905454,466.1151343436254,0.0,937.04,0.0,192.6,0,0,0,3305,-466.1151343436255
Data,1245,1.2814724004146063,0.0,1727.1685275995853,1011.295625851322,0.0,888.95,0.0,543.6,0,0,0,3161,-1011.2956258513221
Data,1246,0.0,0.0,1576.52,1475.6001530637886,0.0,859.88,0.0,543.6,0,0,0,2980,-1475.6001530637886
Data,1247,0.0,0.0,1433.0500000000002,1182.0145057745935,0.0,845.35,0.0,543.6,0,0,0,2822,-1182.0145057745938
Data,1248,0.0,0.0,1738.7800000000002,706.5910634608017,0.0,800.62,0.0,192.6,0,0,0,2732,-706.5910634608019
Data,1249,0.0,0.0,1699.54,448.2674235605796,0.0,748.06,0.0,189.4,0,0,0,2637,-448.26742356057946
Data,1250,0.0,0.0,1664.56,348.9950657093152,0.0,814.04,0.0,189.4,0,0,0,2668,-348.9950657093151
Data,1251,0.0,0.0,1785.08,266.51854873976714,0.0,837.52,0.0,189.4,0,0,0,2812,-266.51854873976697
Data,1252,0.0,0.0,1562.55,366.6079568578882,0.0,852.05,0.0,540.4,0,0,0,2955,-366.6079568578881
Data,1253,0.0,0.0,1554.96,330.25735716443023,0.0,838.64,0.0,540.4,0,0,0,2934,-330.25735716443023
Data,1254,51.07582853081073,0.0,1581.7417890996546,0.0,252.38238236953453,836.4,0.0,189.4,0,0,0,2911,252.38238236953472
Data,1255,326.90622459556283,0.0,1390.0208000808548,0.0,254.3529753235821,788.32,0.0,189.4,0,0,0,2949,254.35297532358229
Data,1256,277.4413244618829,317.63261429391196,1802.8186755381168,0.0,0.0,703.34,0.0,189.4,0,0,0,2973,-317.63261429391196
Data,1257,938.5869995608123,0.0,1330.1818803050908,0.0,55.081120134096864,697.75,0.0,189.4,0,0,0,3211,55.08112013409695
Data,1258,1169.0405073056709,88.79003494618428,1194.369492694329,0.0,0.0,768.19,0.0,189.4,0,0,0,3321,-88.79003494618419
Data,1259,909.1786453214836,620.6378757938801,1489.7013546785165,0.0,0.0,763.72,0.0,189.4,0,0,0,3352,-620.6378757938802
Data,1260,563.7186515253011,1149.9760828005747,1876.8913484746986,0.0,0.0,718.99,0.0,189.4,0,0,0,3349,-1149.9760828005744
Data,1261,-0.0,1804.365444779701,2267.75,348.8722768304855,0.0,679.85,0.0,189.4,0,0,0,3137,-2153.237721610187
Data,1262,1785.2218162673848,0.0,733.1081837326151,2008.60468952581,0.0,693.27,0.0,189.4,0,0,0,3401,-2008.60468952581
Data,1263,1528.535048714949,0.0,896.024951285051,1538.4387478350054,0.0,691.04,0.0,189.4,0,0,0,3305,-1538.4387478350054
Data,1264,184.95607472220263,956.652766561438,2232.7139252777974,0.0,0.0,708.93,0.0,189.4,0,0,0,3316,-956.652766561438
Data,1265,764.9082605576818,0.0,1642.2417394423178,828.1656034724501,0.0,827.45,0.0,189.4,0,0,0,3424,-828.1656034724498
Data,1266,454.6088721715735,0.0,1520.5611278284266,860.8196635507582,0.0,893.43,0.0,540.4,0,0,0,3409,-860.8196635507584
Data,1267,0.0,169.8343218018868,1989.1000000000001,535.2207282398415,0.0,873.3,0.0,543.6,0,0,0,3406,-705.0550500417284
Data,1268,15.325363809039985,0.0,1998.30463619096,564.3366892852587,0.0,877.77,0.0,543.6,0,0,0,3435,-564.3366892852588
Data,1269,1.2814724004146063,0.0,1841.4085275995853,961.1299188386747,0.0,867.71,0.0,543.6,0,0,0,3254,-961.1299188386748
Data,1270,0.0,0.0,1690.52,1149.535055058523,0.0,859.88,0.0,543.6,0,0,0,3094,-1149.535055058523
Data,1271,0.0,0.0,1621.4900000000002,971.9290186778803,0.0,793.91,0.0,543.6,0,0,0,2959,-971.9290186778805
Data,1272,0.0,0.0,1548.29,872.5676559348722,0.0,793.91,0.0,546.8,0,0,0,2889,-872.567655934872
Data,1273,0.0,0.0,1468.11,888.1450120596812,0.0,780.49,0.0,540.4,0,0,0,2789,-888.1450120596811
Data,1274,0.0,0.0,1427.7799999999997,600.168289878588,0.0,849.82,0.0,540.4,0,0,0,2818,-600.1682898785878
Data,1275,0.0,0.0,1537.31,741.80468762184,0.0,854.29,0.0,540.4,0,0,0,2932,-741.8046876218399
Data,1276,0.0,0.0,1663.25,638.439240935123,0.0,864.35,0.0,540.4,0,0,0,3068,-638.439240935123
Data,1277,0.0,0.0,1680.46,676.9971804481456,0.0,850.94,0.0,543.6,0,0,0,3075,-676.9971804481457
Data,1278,0.0,56.17556563450152,1654.61,834.662175818298,0.0,841.99,0.0,540.4,0,0,0,3037,-890.8377414527996
Data,1279,0.0,393.3074169354136,1702.42,744.3820950949103,0.0,798.38,0.0,537.2,0,0,0,3038,-1137.6895120303238
Data,1280,0.0,851.7345538102634,2318.1499999999996,162.12082613044504,0.0,704.45,0.0,38.4,0,0,0,3061,-1013.8553799407083
Data,1281,0.6001456719545786,1370.8630002493182,2511.549854328045,0.0,0.0,704.45,0.0,38.4,0,0,0,3255,-1370.863000249318
Data,1282,1915.461256146257,0.0,633.998743853743,1788.2131135371371,0.0,777.14,0.0,38.4,0,0,0,3365,-1788.2131135371371
Data,1283,0.0,2187.473387507733,2470.7,255.78471264031168,0.0,774.9,0.0,38.4,0,0,0,3284,-2443.258100148045
Data,1284,0.0,2345.800610203856,2502.7799999999997,235.8551691621974,0.0,726.82,0.0,38.4,0,0,0,3268,-2581.6557793660536
Data,1285,0.0,2347.082082604271,2330.79,434.51604835786566,0.0,707.81,0.0,38.4,0,0,0,3077,-2781.5981309621366
Data,1286,0.0,2288.3435721689398,2466.0699999999997,111.14070727068429,0.0,733.53,0.0,38.4,0,0,0,3238,-2399.4842794396236
Data,1287,0.0,2096.8026770539077,2471.0099999999998,80.08008366148897,0.0,743.59,0.0,38.4,0,0,0,3253,-2176.8827607153967
Data,1288,1736.6827800394358,0.0,694.4272199605639,1824.226572983192,0.0,780.49,0.0,38.4,0,0,0,3250,-1824.2265729831918
Data,1289,1223.3353974325314,0.0,1298.7446025674685,1201.0624748367459,0.0,837.52,0.0,38.4,0,0,0,3398,-1201.0624748367459
Data,1290,717.6506967301472,0.0,1215.2293032698526,1618.1390856188423,0.0,886.72,0.0,540.4,0,0,0,3360,-1618.1390856188418
Data,1291,238.79845894256675,0.0,1676.4115410574332,1003.5817512410854,0.0,891.19,0.0,543.6,0,0,0,3350,-1003.5817512410855
Data,1292,14.04389140862538,0.0,2011.0561085913748,487.8818027177506,0.0,873.3,0.0,543.6,0,0,0,3442,-487.8818027177507
Data,1293,0.0,0.0,1876.0500000000002,652.4243538048959,0.0,845.35,0.0,543.6,0,0,0,3265,-652.4243538048961
Data,1294,0.0,0.0,1706.88,1046.9479549271796,0.0,837.52,0.0,543.6,0,0,0,3088,-1046.9479549271796
Data,1295,0.0,0.0,1547.42,1098.0214246283972,0.0,822.98,0.0,543.6,0,0,0,2914,-1098.0214246283972
Data,1296,0.0,0.0,1476.5500000000002,981.6388936777103,0.0,802.85,0.0,543.6,0,0,0,2823,-981.6388936777105
Data,1297,0.0,0.0,1397.05,1106.5689514971007,0.0,771.55,0.0,540.4,0,0,0,2709,-1106.5689514971004
Data,1298,0.0,0.0,1349.8999999999999,1244.4037565045717,0.0,848.7,0.0,540.4,0,0,0,2739,-1244.4037565045714
Data,1299,0.0,0.0,1472.6,873.1127727418743,0.0,861.0,0.0,540.4,0,0,0,2874,-873.1127727418742
Data,1300,0.0,0.0,1623.84,910.6344565811576,0.0,858.76,0.0,540.4,0,0,0,3023,-910.6344565811575
Data,1301,0.0,0.0,1581.6,1276.8442878247984,0.0,861.0,0.0,540.4,0,0,0,2983,-1276.8442878247984
Data,1302,60.01998283574534,0.0,1415.4300171642547,1594.509644120795,0.0,869.95,0.0,543.6,0,0,0,2889,-1594.5096441207952
Data,1303,0.0,450.7644549703298,1558.9056,1133.9239221206917,0.0,822.98,0.0,480.1144,0,0,0,2862,-1584.6883770910217
Data,1304,0.0,996.0440375957285,2095.25,637.9690715109537,0.0,741.35,0.0,38.4,0,0,0,2875,-1634.0131091066821
Data,1305,1097.2041855904477,418.5684441162907,1253.3958144095523,0.0,0.0,738.0,0.0,38.4,0,0,0,3127,-418.5684441162906
Data,1306,2022.738802809537,0.0,482.42119719046286,914.3417235879238,0.0,789.44,0.0,38.4,0,0,0,3333,-914.3417235879236
Data,1307,2317.712827386605,0.0,303.12717261339503,1207.4155523836262,0.0,735.76,0.0,38.4,0,0,0,3395,-1207.4155523836264
Data,1308,951.5999005907718,1496.3785191726736,1758.3400994092283,0.0,0.0,649.66,0.0,38.4,0,0,0,3398,-1496.3785191726736
Data,1309,2458.1778939708265,0.0,93.29210602917328,1822.775519016951,0.0,635.13,0.0,38.4,0,0,0,3225,-1822.7755190169507
Data,1310,2372.63307311866,0.0,290.3469268813401,1155.6632050697249,0.0,677.62,0.0,38.4,0,0,0,3379,-1155.6632050697249
Data,1311,863.3645979482735,1288.3321723397212,1749.7254020517266,0.0,0.0,695.51,0.0,38.4,0,0,0,3347,-1288.3321723397214
Data,1312,540.4895493551867,1237.0695850076781,2079.650450644813,0.0,0.0,723.46,0.0,38.4,0,0,0,3382,-1237.0695850076781
Data,1313,-0.0,1261.6488069551315,2155.31,395.1442751547292,0.0,805.09,0.0,543.6,0,0,0,3504,-1656.7930821098607
Data,1314,0.0,748.3014243482271,2004.42,640.9966933972069,0.0,872.18,0.0,540.4,0,0,0,3417,-1389.298117745434
Data,1315,0.0,241.36140374339595,1968.81,16.243414715514113,0.0,866.59,0.0,543.6,0,0,0,3379,-257.6048184589099
Data,1316,14.04389140862538,0.0,2051.716108591375,27.64909937628181,0.0,838.64,0.0,543.6,0,0,0,3448,-27.649099376282038
Data,1317,0.0,0.0,1939.6100000000001,808.0392294133153,0.0,792.79,0.0,543.6,0,0,0,3276,-808.0392294133154
Data,1318,0.0,0.0,1783.02,1256.0475118690088,0.0,798.38,0.0,543.6,0,0,0,3125,-1256.0475118690088
Data,1319,0.0,0.0,1629.6499999999999,1518.6794947396463,0.0,771.55,0.0,546.8,0,0,0,2948,-1518.679494739646
Data,1320,0.0,0.0,1555.0500000000002,1910.6809338623775,0.0,741.35,0.0,543.6,0,0,0,2840,-1910.6809338623777
Data,1321,0.0,0.0,1411.17,1700.0950431925164,0.0,770.43,0.0,540.4,0,0,0,2722,-1700.0950431925166
Data,1322,0.0,0.0,1392.5,1766.3661610344575,0.0,824.1,0.0,540.4,0,0,0,2757,-1766.3661610344575
Data,1323,0.0,0.0,1555.7200000000003,1320.59125983485,0.0,810.68,0.0,543.6,0,0,0,2910,-1320.5912598348502
Data,1324,0.0,0.0,1663.86,1168.3023551697108,0.0,801.74,0.0,540.4,0,0,0,3006,-1168.3023551697106
Data,1325,0.0,0.0,1634.98,1690.1374158708823,0.0,800.62,0.0,540.4,0,0,0,2976,-1690.1374158708823
Data,1326,0.0,62.58292763657455,1905.5500000000002,1544.8013092692927,0.0,802.85,0.0,192.6,0,0,0,2901,-1607.3842369058673
Data,1327,453.32739977115887,0.0,1521.1426002288408,1950.1266057623816,0.0,758.13,0.0,189.4,0,0,0,2922,-1950.1266057623814
Data,1328,-0.0,990.9443004920378,2105.92,990.8745150839878,0.0,687.68,0.0,189.4,0,0,0,2983,-1981.8188155760254
Data,1329,1508.109947802218,0.0,799.760052197782,1602.393845303552,0.0,659.73,0.0,189.4,0,0,0,3157,-1602.393845303552
Data,1330,170.46703399379157,1838.22787740712,2299.2229660062085,0.0,0.0,670.91,0.0,189.4,0,0,0,3330,-1838.22787740712
Data,1331,105.52524542770743,2187.918063844923,2453.1447545722926,0.0,0.0,659.73,0.0,192.6,0,0,0,3411,-2187.918063844923
Data,1332,2400.7208559359105,0.0,221.38914406408912,2254.7751061573704,0.0,657.49,0.0,189.4,0,0,0,3469,-2254.77510615737
Data,1333,-0.0,2330.475246394816,2454.7599999999998,20.252801246286452,0.0,641.84,0.0,189.4,0,0,0,3286,-2350.7280476411024
Data,1334,209.6827905250443,1913.9261969456998,2368.0172094749555,0.0,0.0,651.9,0.0,189.4,0,0,0,3419,-1913.9261969456995
Data,1335,277.30253346978316,1436.3922008560926,2325.677466530217,0.0,0.0,677.62,0.0,189.4,0,0,0,3470,-1436.3922008560926
Data,1336,346.438138547142,865.4163122775933,2256.181861452858,0.0,0.0,699.98,0.0,189.4,0,0,0,3492,-865.416312277593
Data,1337,535.4042379834682,189.90914065119887,2055.0657620165316,0.0,0.0,758.13,0.0,189.4,0,0,0,3538,-189.90914065119867
Data,1338,0.0,421.3951997526643,2421.31,63.139809145069194,0.0,854.29,0.0,189.4,0,0,0,3465,-484.5350088977333
Data,1339,148.12774848874142,0.0,1934.9322515112585,278.25819387240654,0.0,826.34,0.0,543.6,0,0,0,3453,-278.25819387240654
Data,1340,10.225626705349207,0.0,2401.5376974932456,0.0,102.98667580140545,808.45,0.0,195.8,0,0,0,3519,102.9866758014054
Data,1341,0.0,0.0,2327.6000000000004,33.13994389870322,0.0,811.8,0.0,192.6,0,0,0,3332,-33.139943898703535
Data,1342,0.0,0.0,2167.42,413.9795197395092,0.0,822.98,0.0,192.6,0,0,0,3183,-413.9795197395093
Data,1343,0.0,0.0,1649.7200000000003,867.698831164962,0.0,810.68,0.0,543.6,0,0,0,3004,-867.6988311649623
Data,1344,0.0,0.0,1906.19,594.9841541659589,0.0,806.21,0.0,192.6,0,0,0,2905,-594.984154165959
Data,1345,0.0,0.0,1463.69,1136.5450705886278,0.0,793.91,0.0,540.4,0,0,0,2798,-1136.5450705886278
Data,1346,0.0,0.0,1449.1499999999999,1201.526969070402,0.0,827.45,0.0,540.4,0,0,0,2817,-1201.5269690704017
Data,1347,0.0,0.0,1596.32,1070.8481716522385,0.0,835.28,0.0,540.4,0,0,0,2972,-1070.8481716522383
Data,1348,0.0,0.0,1748.32,980.8946141571053,0.0,835.28,0.0,540.4,0,0,0,3124,-980.8946141571051
Data,1349,0.0,0.0,1705.67,1072.3915101145303,0.0,831.93,0.0,540.4,0,0,0,3078,-1072.3915101145303
Data,1350,53.63877333163995,0.0,1599.7112266683603,993.5506300325128,0.0,833.05,0.0,543.6,0,0,0,3030,-993.5506300325131
Data,1351,294.97402457706823,0.0,1369.7659754229317,1268.397673790264,0.0,821.86,0.0,540.4,0,0,0,3027,-1268.3976737902638
Data,1352,0.0,473.7525006838897,2062.67,644.0761702798172,0.0,831.93,0.0,189.4,0,0,0,3084,-1117.8286709637068
Data,1353,580.5930724204325,333.7244090264053,1737.7769275795674,0.0,0.0,844.23,0.0,189.4,0,0,0,3352,-333.72440902640494
Data,1354,1206.5609238261939,343.68069820190044,1269.099076173806,0.0,0.0,850.94,0.0,189.4,0,0,0,3516,-343.6806982019003
Data,1355,1494.9636902495224,480.5175487324798,1134.6563097504775,0.0,0.0,822.98,0.0,189.4,0,0,0,3642,-480.51754873247967
Data,1356,1741.987548467895,495.28019517023404,924.5624515321052,0.0,0.0,833.05,0.0,189.4,0,0,0,3689,-495.28019517023426
Data,1357,1278.0112171655765,1048.6457645259634,1256.2987828344235,0.0,0.0,805.09,0.0,192.6,0,0,0,3532,-1048.6457645259634
Data,1358,1345.191334576222,909.9385651738087,1295.078665423778,0.0,0.0,807.33,0.0,189.4,0,0,0,3637,-909.9385651738087
Data,1359,1047.2931069516214,1072.4976158158463,1539.4368930483786,0.0,0.0,840.87,0.0,189.4,0,0,0,3617,-1072.4976158158463
Data,1360,987.4752560058075,790.0838783570573,1576.7747439941925,0.0,0.0,845.35,0.0,189.4,0,0,0,3599,-790.0838783570573
Data,1361,1252.7046526501967,0.0,1336.3153473498032,747.4634192914491,0.0,847.58,0.0,189.4,0,0,0,3626,-747.4634192914491
Data,1362,709.9880148256273,0.0,1791.1919851743726,444.7360378786591,0.0,874.42,0.0,189.4,0,0,0,3565,-444.73603787865864
Data,1363,248.99793314994832,0.0,1887.3320668500517,116.30546122441228,0.0,890.07,0.0,543.6,0,0,0,3570,-116.30546122441251
Data,1364,20.42510091273077,0.0,2070.3048990872694,140.08803796717348,0.0,914.67,0.0,543.6,0,0,0,3549,-140.08803796717348
Data,1365,1.2814724004146063,0.0,1892.5685275995854,38.755034099025124,0.0,913.55,0.0,543.6,0,0,0,3351,-38.75503409902524
Data,1366,0.0,0.0,1700.08,190.03482572236203,0.0,911.32,0.0,543.6,0,0,0,3155,-190.03482572236203
Data,1367,0.0,0.0,1571.79,373.01408784161276,0.0,904.61,0.0,543.6,0,0,0,3020,-373.01408784161276
Data,1368,0.0,0.0,1443.7800000000002,521.2941095412091,0.0,923.62,0.0,543.6,0,0,0,2911,-521.2941095412093
Data,1369,0.0,0.0,1674.4499999999998,522.1261815969197,0.0,919.15,0.0,189.4,0,0,0,2783,-522.1261815969194
Data,1370,0.0,0.0,1300.5099999999998,624.9254291329648,0.0,928.09,0.0,540.4,0,0,0,2769,-624.9254291329646
Data,1371,0.0,0.0,1418.56,524.7383761807175,0.0,937.04,0.0,540.4,0,0,0,2896,-524.7383761807174
Data,1372,0.0,0.0,1551.6799999999998,400.0647217207827,0.0,935.92,0.0,540.4,0,0,0,3028,-400.0647217207825
Data,1373,0.0,0.0,1559.3700000000001,574.911805597407,0.0,918.03,0.0,543.6,0,0,0,3021,-574.9118055974071
Data,1374,0.0,51.07582853081073,1702.5317999999997,380.9133706881644,0.0,911.32,0.0,307.1482,0,0,0,2921,-431.9891992189748
Data,1375,269.4491865606467,0.0,1624.4808134393531,440.2134666596228,0.0,914.67,0.0,38.4,0,0,0,2847,-440.2134666596228
Data,1376,155.33757910525355,312.03371207453074,1804.3024208947463,0.0,0.0,907.96,0.0,38.4,0,0,0,2906,-312.0337120745306
Data,1377,841.5350796028818,0.0,1275.6949203971183,102.91640583317258,0.0,902.37,0.0,38.4,0,0,0,3058,-102.91640583317238
Data,1378,793.0838736702226,430.2515237623088,1470.7861263297773,0.0,0.0,905.73,0.0,38.4,0,0,0,3208,-430.2515237623087
Data,1379,656.3080404997975,855.6201720056968,1564.9719595002023,0.0,0.0,911.32,0.0,38.4,0,0,0,3171,-855.6201720056965
Data,1380,467.9696690641549,1119.3038900861247,1767.960330935845,0.0,0.0,914.67,0.0,38.4,0,0,0,3189,-1119.3038900861245
Data,1381,1528.535048714949,0.0,583.2849512850507,1387.204488835305,0.0,896.78,0.0,38.4,0,0,0,3047,-1387.2044888353048
Data,1382,-0.0,1344.6568355044365,2139.58,432.33117203481976,0.0,899.02,0.0,38.4,0,0,0,3077,-1776.9880075392562
Data,1383,1059.88228513475,0.0,1106.21771486525,1293.976801468364,0.0,922.5,0.0,38.4,0,0,0,3127,-1293.976801468364
Data,1384,718.9321691305618,0.0,1394.4078308694384,602.6598500978607,0.0,920.26,0.0,38.4,0,0,0,3072,-602.6598500978608
Data,1385,0.0,450.7644549703298,2121.2,292.2576363700314,0.0,910.2,0.0,41.6,0,0,0,3073,-743.0220913403613
Data,1386,223.47309513352678,0.0,1943.2569048664732,875.9126204454506,0.0,914.67,0.0,41.6,0,0,0,3123,-875.9126204454506
Data,1387,70.24560954109454,0.0,2174.8043904589053,703.7604780272004,0.0,919.15,0.0,44.8,0,0,0,3209,-703.7604780272001
Data,1388,5.09973710369078,0.0,2315.2702628963093,377.5599711399691,0.0,918.03,0.0,41.6,0,0,0,3280,-377.559971139969
Data,1389,0.0,0.0,2178.3900000000003,491.35049138646946,0.0,880.01,0.0,41.6,0,0,0,3100,-491.3504913864698
Data,1390,0.0,0.0,2052.63,610.6493312572438,0.0,877.77,0.0,41.6,0,0,0,2972,-610.649331257244
Data,1391,0.0,0.0,1938.8000000000002,717.7346809431024,0.0,885.6,0.0,41.6,0,0,0,2866,-717.7346809431026
Data,1392,0.0,0.0,1897.23,776.2581219186745,0.0,853.17,0.0,41.6,0,0,0,2792,-776.2581219186745
Data,1393,0.0,0.0,1811.04,728.8035439268192,0.0,809.56,0.0,38.4,0,0,0,2659,-728.8035439268191
Data,1394,0.0,0.0,1845.55,807.1136504118156,0.0,833.05,0.0,38.4,0,0,0,2717,-807.1136504118155
Data,1395,0.0,0.0,1966.1999999999998,608.626283303523,0.0,836.4,0.0,38.4,0,0,0,2841,-608.6262833035228
Data,1396,0.0,0.0,2120.05,798.5664231930494,0.0,845.35,0.0,41.6,0,0,0,3007,-798.5664231930498
Data,1397,0.0,0.0,2067.2,675.7392998561817,0.0,836.4,0.0,38.4,0,0,0,2942,-675.7392998561816
Data,1398,0.0,56.17556563450152,1947.1999999999998,1039.4194788415707,0.0,836.4,0.0,38.4,0,0,0,2822,-1095.5950444760722
Data,1399,0.0,339.6686436037736,1793.32,1366.6924954304852,0.0,835.28,0.0,38.4,0,0,0,2667,-1706.3611390342587
Data,1400,615.4990396685257,0.0,1153.8209603314742,1406.2849138633253,0.0,835.28,0.0,38.4,0,0,0,2643,-1406.2849138633253
Data,1401,-0.0,952.6308909694377,1925.6399999999999,878.6944686603791,0.0,784.96,0.0,38.4,0,0,0,2749,-1831.3253596298168
Data,1402,-0.0,1256.5490698514407,2076.0,774.0114527869122,0.0,762.6,0.0,38.4,0,0,0,2877,-2030.560522638353
Data,1403,1449.3714373668872,0.0,543.6885626331127,2578.663725931286,0.0,752.54,0.0,38.4,0,0,0,2784,-2578.663725931286
Data,1404,-0.0,1611.5430772642544,1983.6499999999999,1247.779147152501,0.0,746.95,0.0,38.4,0,0,0,2769,-2859.3222244167555
Data,1405,-0.0,1683.0440067077957,2024.1299999999999,1434.9537587555656,0.0,742.47,0.0,38.4,0,0,0,2805,-3117.997765463361
Data,1406,-0.0,1617.9242867683597,1905.58,1653.0218582970854,0.0,776.02,0.0,38.4,0,0,0,2720,-3270.9461450654453
Data,1407,-0.0,1557.9043039326143,1835.05,1929.9413934970166,0.0,790.55,0.0,38.4,0,0,0,2664,-3487.8456974296305
Data,1408,-0.0,1311.4431630855274,1801.1799999999998,1963.270557592013,0.0,874.42,0.0,38.4,0,0,0,2714,-3274.7137206775406
Data,1409,-0.0,929.6428452558778,1897.04,1860.0737702917165,0.0,883.36,0.0,41.6,0,0,0,2822,-2789.7166155475943
Data,1410,533.772483519635,0.0,1353.427516480365,2542.7846556083978,0.0,910.2,0.0,192.6,0,0,0,2990,-2542.7846556083978
Data,1411,189.00410281217063,0.0,1832.0758971878292,1505.6080087439611,0.0,911.32,0.0,192.6,0,0,0,3125,-1505.608008743961
Data,1412,15.325363809039985,0.0,2165.98463619096,1589.6660648695474,0.0,928.09,0.0,192.6,0,0,0,3302,-1589.6660648695474
Data,1413,1.2814724004146063,0.0,2052.6085275995856,1342.3822232287812,0.0,941.51,0.0,192.6,0,0,0,3188,-1342.3822232287814
Data,1414,0.0,0.0,1853.02,1901.0875505484892,0.0,921.38,0.0,192.6,0,0,0,2967,-1901.0875505484892
Data,1415,0.0,0.0,1688.7400000000002,903.007129404069,0.0,895.66,0.0,192.6,0,0,0,2777,-903.0071294040692
Data,1416,0.0,0.0,1602.92,596.9525018778611,0.0,884.48,0.0,192.6,0,0,0,2680,-596.9525018778614
Data,1417,0.0,0.0,1553.9499999999998,882.9306786575803,0.0,857.65,0.0,189.4,0,0,0,2601,-882.9306786575801
Data,1418,0.0,0.0,1612.0099999999998,524.3951687033023,0.0,866.59,0.0,189.4,0,0,0,2668,-524.395168703302
Data,1419,0.0,0.0,1757.36,1174.2170372453,0.0,863.24,0.0,189.4,0,0,0,2810,-1174.2170372453
Data,1420,0.0,0.0,1878.48,682.468727701515,0.0,862.12,0.0,189.4,0,0,0,2930,-682.468727701515
Data,1421,0.0,0.0,1924.7000000000003,379.86560643759094,0.0,824.1,0.0,186.2,0,0,0,2935,-379.8656064375912
Data,1422,0.0,71.50092944354151,1913.56,64.50570879354905,0.0,814.04,0.0,189.4,0,0,0,2917,-136.00663823709024
Data,1423,389.48915223213737,0.0,1447.1437946326087,0.0,193.04705313525392,812.92,0.0,38.4,0,0,0,2881,193.04705313525412
Data,1424,578.7527397233666,141.46090180760984,1381.5772602766333,0.0,0.0,816.27,0.0,38.4,0,0,0,2815,-141.46090180760976
Data,1425,-0.0,1230.9980793370514,2143.22,167.35179756952851,0.0,798.38,0.0,38.4,0,0,0,2980,-1398.3498769065798
Data,1426,1709.8764696225994,0.0,687.1935303774003,1760.0361664268403,0.0,733.53,0.0,38.4,0,0,0,3169,-1760.03616642684
Data,1427,-0.0,1949.956400965581,2427.84,788.2527861977109,0.0,735.76,0.0,38.4,0,0,0,3202,-2738.209187163292
Data,1428,-0.0,2002.2875493988386,2429.19,821.2326239908048,0.0,732.41,0.0,38.4,0,0,0,3200,-2823.5201733896433
Data,1429,-0.0,1980.5809760856932,2275.14,1256.5908090315593,0.0,723.46,0.0,38.4,0,0,0,3037,-3237.1717851172525
Data,1430,1860.5671629121703,0.0,513.7928370878294,2969.813011174272,0.0,740.24,0.0,38.4,0,0,0,3153,-2969.8130111742717
Data,1431,-0.0,1625.5869686728797,2327.5299999999997,956.7991493595416,0.0,767.07,0.0,38.4,0,0,0,3133,-2582.3861180324216
Data,1432,0.0,1274.411225963342,2336.81,414.45926659834004,0.0,792.79,0.0,38.4,0,0,0,3168,-1688.870492561682
Data,1433,844.0718719057431,0.0,1568.8281280942565,1239.6877085870728,0.0,848.7,0.0,38.4,0,0,0,3300,-1239.6877085870726
Data,1434,0.0,522.2915369118388,2388.24,659.372446037853,0.0,883.36,0.0,38.4,0,0,0,3310,-1181.6639829496914
Data,1435,223.47309513352678,0.0,2158.026904866473,866.7274991680788,0.0,897.9,0.0,41.6,0,0,0,3321,-866.7274991680788
Data,1436,24.269518113974584,0.0,2426.290481886025,1017.7507468482036,0.0,887.84,0.0,41.6,0,0,0,3380,-1017.7507468482036
Data,1437,1.2814724004146063,0.0,2343.7685275995855,677.0760827249451,0.0,845.35,0.0,41.6,0,0,0,3232,-677.0760827249453
Data,1438,0.0,0.0,2161.2400000000002,524.1151716963741,0.0,834.16,0.0,41.6,0,0,0,3037,-524.1151716963743
Data,1439,0.0,0.0,2053.78,642.5420867604616,0.0,800.62,0.0,41.6,0,0,0,2896,-642.5420867604619
Data,1440,0.0,0.0,1983.6399999999999,717.2361493152166,0.0,809.56,0.0,44.8,0,0,0,2838,-717.2361493152164
Data,1441,0.0,0.0,1899.1,1056.3472127190716,0.0,799.5,0.0,38.4,0,0,0,2737,-1056.3472127190716
Data,1442,0.0,0.0,1941.5099999999998,728.6161765942993,0.0,805.09,0.0,38.4,0,0,0,2785,-728.6161765942991
Data,1443,0.0,0.0,2073.04,928.5964882026246,0.0,809.56,0.0,38.4,0,0,0,2921,-928.5964882026245
Data,1444,0.0,0.0,2184.97,1024.942806971063,0.0,819.63,0.0,38.4,0,0,0,3043,-1024.9428069710627
Data,1445,0.0,0.0,2205.45,954.8538196711829,0.0,815.15,0.0,38.4,0,0,0,3059,-954.8538196711827
Data,1446,102.15165706162146,0.0,1997.4083429383784,1671.5751668534783,0.0,814.04,0.0,38.4,0,0,0,2952,-1671.575166853478
Data,1447,501.84028350114045,0.0,1608.3097164988592,1938.8734264341995,0.0,808.45,0.0,38.4,0,0,0,2957,-1938.873426434199
Data,1448,-0.0,989.662828091623,2214.05,1488.6155534827572,0.0,790.55,0.0,38.4,0,0,0,3043,-2478.27838157438
Data,1449,1462.1338563750983,0.0,957.4461436249017,2821.3683101269494,0.0,776.02,0.0,38.4,0,0,0,3234,-2821.3683101269494
Data,1450,-0.0,1960.1558751729626,2649.72,1479.6482823576366,0.0,736.88,0.0,38.4,0,0,0,3425,-3439.8041575305992
Data,1451,-0.0,2210.4352807233254,2663.0099999999998,1121.4333538335186,0.0,743.59,0.0,38.4,0,0,0,3445,-3331.868634556844
Data,1452,-0.0,2299.824518776736,2674.6499999999996,1102.7716344963249,0.0,746.95,0.0,38.4,0,0,0,3460,-3402.5961532730603
Data,1453,-0.0,2219.3794350282596,2552.0699999999997,1092.751624390377,0.0,733.53,0.0,38.4,0,0,0,3324,-3312.131059418636
Data,1454,-0.0,2063.5890046349987,2720.13,1027.5678332887403,0.0,742.47,0.0,38.4,0,0,0,3501,-3091.1568379237387
Data,1455,-0.0,1819.690808588741,2734.95,631.3888876933524,0.0,753.65,0.0,38.4,0,0,0,3527,-2451.079696282093
Data,1456,-0.0,1517.0541021071529,2677.99,1071.8871596834801,0.0,781.61,0.0,38.4,0,0,0,3498,-2588.941261790633
Data,1457,0.0,1031.7945023174993,2684.77,504.3576229539476,0.0,819.63,0.0,41.6,0,0,0,3546,-1536.152125271447
Data,1458,703.6068053215218,0.0,1955.9331946784782,649.6921952573593,0.0,821.86,0.0,41.6,0,0,0,3523,-649.6921952573593
Data,1459,278.3933408655813,0.0,2292.70744537313,0.0,76.18921376128844,843.11,0.0,41.6,0,0,0,3532,76.18921376128858
Data,1460,26.806310416836155,0.0,2586.7736895831636,66.29630731785937,0.0,849.82,0.0,41.6,0,0,0,3505,-66.29630731785934
Data,1461,1.2814724004146063,0.0,2398.8285275995854,322.3091439368709,0.0,854.29,0.0,41.6,0,0,0,3296,-322.309143936871
Data,1462,0.0,0.0,2229.2,477.26420035637966,0.0,836.4,0.0,38.4,0,0,0,3104,-477.26420035637943
Data,1463,0.0,0.0,1897.83,801.429464743313,0.0,828.57,0.0,192.6,0,0,0,2919,-801.429464743313
Data,1464,0.0,0.0,1839.3600000000001,955.3489668755715,0.0,814.04,0.0,192.6,0,0,0,2846,-955.3489668755716
Data,1465,0.0,0.0,1792.35,1218.439730187485,0.0,778.25,0.0,189.4,0,0,0,2760,-1218.439730187485
Data,1466,0.0,0.0,1824.92,966.6561674138843,0.0,810.68,0.0,189.4,0,0,0,2825,-966.6561674138843
Data,1467,0.0,0.0,1930.73,1034.9825146073263,0.0,840.87,0.0,189.4,0,0,0,2961,-1034.9825146073263
Data,1468,0.0,0.0,2091.34,841.6495156837391,0.0,846.46,0.0,186.2,0,0,0,3124,-841.6495156837393
Data,1469,0.0,0.0,2090.49,839.310819072828,0.0,843.11,0.0,189.4,0,0,0,3123,-839.3108190728278
Data,1470,103.43312946203608,0.0,1901.986870537964,950.2404578108471,0.0,872.18,0.0,189.4,0,0,0,3067,-950.2404578108471
Data,1471,0.0,541.435165424155,2180.1499999999996,607.574234013649,0.0,827.45,0.0,38.4,0,0,0,3046,-1149.0093994378037
Data,1472,0.0,1027.976237614223,2230.67,376.83603009687795,0.0,831.93,0.0,38.4,0,0,0,3101,-1404.812267711101
Data,1473,518.2541054236538,974.5304785695243,1875.3058945763462,0.0,0.0,814.04,0.0,38.4,0,0,0,3246,-974.5304785695242
Data,1474,1043.18162470726,914.4374581628408,1463.79837529274,0.0,0.0,800.62,0.0,38.4,0,0,0,3346,-914.4374581628408
Data,1475,2233.423326436885,0.0,365.386673563115,1040.4539220653726,0.0,792.79,0.0,38.4,0,0,0,3430,-1040.4539220653726
Data,1476,1046.6155866095644,1251.9536122647248,1554.8844133904356,0.0,0.0,774.9,0.0,41.6,0,0,0,3418,-1251.9536122647248
Data,1477,1105.1430636042196,1141.0688343388442,1273.4469363957805,0.0,0.0,757.01,0.0,38.4,0,0,0,3174,-1141.0688343388445
Data,1478,913.1284102311897,1250.0754591625687,1528.7415897688102,0.0,0.0,782.73,0.0,38.4,0,0,0,3263,-1250.0754591625687
Data,1479,2027.8385399132276,0.0,407.86146008677224,972.4591813982254,0.0,774.9,0.0,38.4,0,0,0,3249,-972.4591813982252
Data,1480,1466.6023868057027,253.4735570242783,1032.677613194297,0.0,0.0,788.32,0.0,38.4,0,0,0,3326,-253.4735570242781
Data,1481,1034.033753855226,208.47142458758935,1069.7462461447742,0.0,0.0,800.62,0.0,543.6,0,0,0,3448,-208.47142458758935
Data,1482,750.8643691490563,0.0,1181.4148084641754,0.0,93.78082238676825,826.34,0.0,543.6,0,0,0,3396,93.78082238676848
Data,1483,303.91817888200285,0.0,1240.0422094390506,0.0,467.6896116789467,839.75,0.0,543.6,0,0,0,3395,467.68961167894656
Data,1484,37.031937122185354,0.0,1722.890943088479,0.0,338.7271197893358,820.75,0.0,543.6,0,0,0,3463,338.7271197893357
Data,1485,0.0,0.0,1608.148122133694,0.0,320.1318778663058,812.92,0.0,546.8,0,0,0,3288,320.1318778663061
Data,1486,0.0,0.0,1514.7304961263771,0.0,197.869503873623,811.8,0.0,543.6,0,0,0,3068,197.86950387362288
Data,1487,0.0,0.0,1338.4297674946454,0.0,265.8202325053546,796.15,0.0,543.6,0,0,0,2944,265.8202325053546
Data,1488,0.0,0.0,1104.80448089748,0.0,414.09551910252003,799.5,0.0,543.6,0,0,0,2862,414.0955191025199
Data,1489,0.0,0.0,1453.6399999999999,123.37789709411868,0.0,784.96,0.0,540.4,0,0,0,2779,-123.37789709411857
Data,1490,0.0,0.0,1487.778919459726,0.0,12.74108054027397,786.08,0.0,540.4,0,0,0,2827,12.74108054027397
Data,1491,0.0,0.0,1372.9069906841685,0.0,268.02300931583136,791.67,0.0,540.4,0,0,0,2973,268.0230093158316
Data,1492,0.0,0.0,745.0782790356988,0.0,1017.4917209643012,795.03,0.0,540.4,0,0,0,3098,1017.4917209643013
Data,1493,0.0,0.0,627.6959137091874,0.0,1159.1140862908126,792.79,0.0,540.4,0,0,0,3120,1159.1140862908128
Data,1494,85.5448208521669,0.0,543.60748890784,0.0,1041.1176902399932,807.33,0.0,540.4,0,0,0,3018,1041.117690239993
Data,1495,305.19965128241745,0.0,575.3285362454654,0.0,824.0518124721171,776.02,0.0,540.4,0,0,0,3021,824.051812472117
Data,1496,529.9542188163588,0.0,413.57904234007026,0.0,1303.176738843571,755.89,0.0,38.4,0,0,0,3041,1303.176738843571
Data,1497,850.4792339078163,0.0,349.0707746746094,0.0,1215.2899914175746,735.76,0.0,38.4,0,0,0,3189,1215.2899914175744
Data,1498,1311.4431630855274,0.0,507.873546673944,0.0,781.1332902405284,692.15,0.0,38.4,0,0,0,3331,781.1332902405286
Data,1499,1606.4433401605634,0.0,334.4960749031615,0.0,641.390584936275,693.27,0.0,38.4,0,0,0,3314,641.3905849362751
Data,1500,1711.1579420230141,0.0,397.6604211183114,0.0,501.1616368586745,677.62,0.0,38.4,0,0,0,3326,501.1616368586745
Data,1501,1637.0940677786434,0.0,512.9368203009317,0.0,365.67911192042493,632.89,0.0,38.4,0,0,0,3187,365.67911192042493
Data,1502,1409.776555443873,0.0,574.8087081304176,0.0,703.1147364257093,651.9,0.0,38.4,0,0,0,3378,703.1147364257096
Data,1503,1177.3854585033791,0.0,441.38778136514986,0.0,1058.746760131471,663.08,0.0,38.4,0,0,0,3379,1058.7467601314709
Data,1504,826.2097157938416,0.0,753.7897377925988,0.0,1008.1805464135596,751.42,0.0,38.4,0,0,0,3378,1008.1805464135598
Data,1505,468.6527635801989,0.0,878.0436993452141,0.0,1152.7535370745868,796.15,0.0,189.4,0,0,0,3485,1152.7535370745868
Data,1506,254.12382275160672,0.0,970.5087550163707,0.0,1184.9874222320223,822.98,0.0,189.4,0,0,0,3422,1184.9874222320223
Data,1507,120.03996567149068,0.0,987.7227710530501,0.0,1263.5872632754595,852.05,0.0,192.6,0,0,0,3416,1263.5872632754592
Data,1508,16.606836209454592,0.0,547.0021863605365,0.0,1859.850977430009,850.94,0.0,192.6,0,0,0,3467,1859.8509774300087
Data,1509,1.2814724004146063,0.0,847.1196203445704,0.0,1434.4889072550152,818.51,0.0,192.6,0,0,0,3294,1434.488907255015
Data,1510,0.0,0.0,930.8106928591159,0.0,1207.979307140884,781.61,0.0,192.6,0,0,0,3113,1207.9793071408842
Data,1511,0.0,0.0,932.7198350563501,0.0,1029.3601649436498,788.32,0.0,192.6,0,0,0,2943,1029.3601649436498
Data,1512,0.0,0.0,867.836205814637,0.0,997.7837941853631,773.78,0.0,192.6,0,0,0,2832,997.783794185363
Data,1513,0.0,0.0,803.846011108181,0.0,628.2739888918189,761.48,0.0,540.4,0,0,0,2734,628.273988891819
Data,1514,0.0,0.0,818.9507293710042,0.0,652.2192706289959,770.43,0.0,540.4,0,0,0,2782,652.2192706289959
Data,1515,0.0,0.0,814.67711639807,0.0,838.84288360193,786.08,0.0,540.4,0,0,0,2980,838.84288360193
Data,1516,0.0,0.0,796.5866120067993,0.0,975.6733879932004,826.34,0.0,540.4,0,0,0,3139,975.6733879932007
Data,1517,0.0,0.0,794.4829844774147,0.0,947.1370155225852,822.98,0.0,540.4,0,0,0,3105,947.1370155225853
Data,1518,84.28950094971992,0.0,836.3096888272318,0.0,762.9108102230481,805.09,0.0,540.4,0,0,0,3029,762.9108102230485
Data,1519,369.037898821439,0.0,829.042983436655,0.0,546.2691177419058,778.25,0.0,540.4,0,0,0,3063,546.2691177419061
Data,1520,561.8602663368857,0.0,854.1336330919701,0.0,764.4261005711444,749.18,0.0,189.4,0,0,0,3119,764.4261005711444
Data,1521,838.9721348020526,0.0,806.6670578350777,0.0,786.2708073628696,706.69,0.0,189.4,0,0,0,3328,786.2708073628697
Data,1522,1223.3353974325314,0.0,808.5687632453757,0.0,545.9158393220926,650.78,0.0,189.4,0,0,0,3418,545.9158393220929
Data,1523,1335.712681199502,0.0,821.2765049687104,0.0,37.590813831787614,653.02,0.0,540.4,0,0,0,3388,37.5908138317875
Data,1524,1121.1837403709098,0.0,860.0222750397375,0.0,538.4939845893525,651.9,0.0,189.4,0,0,0,3361,538.493984589353
Data,1525,927.0799004550486,0.0,964.0166839816836,0.0,158.77341556326814,585.93,0.0,537.2,0,0,0,3173,158.7734155632678
Data,1526,854.2974986110925,0.0,1095.107153897482,0.0,527.6053474914252,620.59,0.0,189.4,0,0,0,3287,527.6053474914254
Data,1527,730.4392682363257,0.0,1191.0264778362832,0.0,536.7642539273911,656.37,0.0,189.4,0,0,0,3304,536.7642539273909
Data,1528,646.1497672866058,0.0,1372.2005182773403,0.0,359.96971443605366,712.28,0.0,189.4,0,0,0,3280,359.969714436054
Data,1529,593.7924663553804,0.0,1496.8575336446193,253.94039481452023,0.0,765.95,0.0,540.4,0,0,0,3397,-253.9403948145199
Data,1530,429.05788165718434,0.0,1873.596477109333,0.0,71.34564123348287,836.4,0.0,192.6,0,0,0,3403,71.3456412334829
Data,1531,0.0,187.722630411756,1977.81,20.54569757199306,0.0,866.59,0.0,543.6,0,0,0,3388,-208.26832798374926
Data,1532,25.55099051438919,0.0,2077.329009485611,11.2354601330062,0.0,837.52,0.0,543.6,0,0,0,3484,-11.235460133006313
Data,1533,1.2814724004146063,0.0,1934.8985275995853,54.87767999795847,0.0,825.22,0.0,543.6,0,0,0,3305,-54.87767999795858
Data,1534,0.0,0.0,2071.867174350055,0.0,56.69282564994501,814.04,0.0,189.4,0,0,0,3132,56.69282564994509
Data,1535,0.0,0.0,1743.15,494.67319081968526,0.0,778.25,0.0,543.6,0,0,0,3065,-494.6731908196854
Data,1536,0.0,0.0,1682.15,468.03016471525007,0.0,759.25,0.0,543.6,0,0,0,2985,-468.0301647152502
Data,1537,0.0,0.0,1586.7599999999998,460.95151563322906,0.0,764.84,0.0,540.4,0,0,0,2892,-460.95151563322884
Data,1538,0.0,0.0,1607.6499999999999,237.98837606256802,0.0,765.95,0.0,540.4,0,0,0,2914,-237.9883760625679
Data,1539,0.0,0.0,1706.57,122.43557636756691,0.0,795.03,0.0,540.4,0,0,0,3042,-122.4355763675668
Data,1540,0.0,0.0,1801.5800000000002,33.10775677259676,0.0,825.22,0.0,537.2,0,0,0,3164,-33.107756772596986
Data,1541,0.0,0.0,1770.9099999999999,62.35371707543777,0.0,829.69,0.0,540.4,0,0,0,3141,-62.35371707543766
Data,1542,90.67071045382531,0.0,1568.1792895461747,262.39009697013626,0.0,820.75,0.0,540.4,0,0,0,3020,-262.39009697013637
Data,1543,261.40740497239904,128.08174725973834,1778.282595027601,0.0,0.0,793.91,0.0,38.4,0,0,0,2872,-128.08174725973825
Data,1544,266.72489295358037,360.28124582070905,1779.5851070464196,0.0,0.0,731.29,0.0,38.4,0,0,0,2816,-360.28124582070893
Data,1545,363.7144497163565,514.8525670087106,1828.9155502836436,0.0,0.0,680.97,0.0,38.4,0,0,0,2912,-514.8525670087107
Data,1546,1191.4293499120045,0.0,1110.2606500879956,744.0556414156138,0.0,670.91,0.0,38.4,0,0,0,3011,-744.0556414156138
Data,1547,1349.7565726081275,0.0,965.1934273918728,944.5767414423947,0.0,679.85,0.0,35.2,0,0,0,3030,-944.576741442395
Data,1548,244.26155182657158,1198.7286760362103,2082.248448173428,0.0,0.0,682.09,0.0,38.4,0,0,0,3047,-1198.7286760362101
Data,1549,-0.0,1449.3714373668872,2253.6499999999996,75.68159846090394,0.0,623.95,0.0,38.4,0,0,0,2916,-1525.0530358277908
Data,1550,-0.0,1280.8185879654152,2200.58,255.81198421233032,0.0,653.02,0.0,38.4,0,0,0,2892,-1536.6305721777453
Data,1551,-0.0,1048.4013385269539,2159.85,732.3465141197212,0.0,697.75,0.0,38.4,0,0,0,2896,-1780.747852646675
Data,1552,814.7026166880779,0.0,1388.667383311922,1649.67476036875,0.0,721.23,0.0,38.4,0,0,0,2963,-1649.67476036875
Data,1553,703.6068053215218,0.0,1562.8931946784783,1809.6051759296147,0.0,774.9,0.0,41.6,0,0,0,3083,-1809.6051759296147
Data,1554,490.3593368933443,0.0,1631.820663106656,1909.9682273399353,0.0,825.22,0.0,192.6,0,0,0,3140,-1909.9682273399355
Data,1555,229.85430463763214,0.0,1584.4356953623678,1716.2758582317,0.0,843.11,0.0,543.6,0,0,0,3201,-1716.2758582317
Data,1556,35.750464721770754,0.0,2269.2595352782296,919.810967661338,0.0,817.39,0.0,192.6,0,0,0,3315,-919.8109676613383
Data,1557,1.2814724004146063,0.0,1986.1787275995853,1203.4462028458988,0.0,810.68,0.0,334.8598,0,0,0,3133,-1203.4462028458988
Data,1558,0.0,0.0,1689.33,1788.0109359492812,0.0,767.07,0.0,543.6,0,0,0,3000,-1788.0109359492812
Data,1559,0.0,0.0,1609.64,2246.9799214759555,0.0,735.76,0.0,543.6,0,0,0,2889,-2246.9799214759555
Data,1560,0.0,0.0,1581.94,2310.2026140768467,0.0,723.46,0.0,543.6,0,0,0,2849,-2310.2026140768467
Data,1561,0.0,0.0,1512.9300000000003,2451.0254259946046,0.0,717.87,0.0,537.2,0,0,0,2768,-2451.025425994605
Data,1562,0.0,0.0,1513.94,2454.289686618192,0.0,772.66,0.0,540.4,0,0,0,2827,-2454.289686618192
Data,1563,0.0,0.0,1632.34,1964.5322894264161,0.0,797.26,0.0,540.4,0,0,0,2970,-1964.532289426416
Data,1564,0.0,0.0,1709.79,1989.534361235514,0.0,830.81,0.0,540.4,0,0,0,3081,-1989.534361235514
Data,1565,0.0,0.0,1715.23,2047.120283219955,0.0,828.57,0.0,537.2,0,0,0,3081,-2047.1202832199547
Data,1566,103.43312946203608,0.0,1826.6568705379639,1843.1931530230493,0.0,818.51,0.0,189.4,0,0,0,2938,-1843.1931530230493
Data,1567,482.6966549888243,0.0,960.4033450111756,2015.0913916144232,0.0,799.5,0.0,540.4,0,0,0,2783,-2015.0913916144232
Data,1568,-0.0,967.9562547784776,1902.9499999999998,1203.6917104514198,0.0,734.65,0.0,38.4,0,0,0,2676,-2171.647965229897
Data,1569,-0.0,1428.9463364541566,1983.0700000000002,1602.5464633347938,0.0,659.73,0.0,35.2,0,0,0,2678,-3031.4927997889504
Data,1570,-0.0,1721.3574162303958,2061.35,1898.317087143896,0.0,655.25,0.0,38.4,0,0,0,2755,-3619.674503374292
Data,1571,-0.0,1781.3773990661412,2055.16,1976.2026442126344,0.0,666.44,0.0,38.4,0,0,0,2760,-3757.5800432787755
Data,1572,-0.0,1634.5311229778142,2006.3999999999999,1903.6071538606027,0.0,664.2,0.0,38.4,0,0,0,2709,-3538.138276838417
Data,1573,1583.4552944470033,0.0,448.09470555299663,3432.516359790825,0.0,606.05,0.0,38.4,0,0,0,2676,-3432.516359790825
Data,1574,1437.8643382611235,0.0,580.8956617388762,3269.41047922109,0.0,641.84,0.0,38.4,0,0,0,2699,-3269.41047922109
Data,1575,-0.0,1319.1058449900474,1960.9899999999998,1947.6848975344221,0.0,658.61,0.0,38.4,0,0,0,2658,-3266.7907425244694
Data,1576,-0.0,1056.0640204314739,2017.48,1762.687478289936,0.0,689.92,0.0,41.6,0,0,0,2749,-2818.75149872141
Data,1577,836.4091900012231,0.0,1099.980809998777,2597.722833974146,0.0,757.01,0.0,192.6,0,0,0,2886,-2597.722833974146
Data,1578,602.7366206603149,0.0,1443.033379339685,2363.2730704115165,0.0,819.63,0.0,192.6,0,0,0,3058,-2363.273070411516
Data,1579,259.2235598552975,0.0,1490.1264401447027,2413.728155525112,0.0,833.05,0.0,543.6,0,0,0,3126,-2413.728155525112
Data,1580,31.93220001849458,0.0,2234.1377999815054,1576.8313042943196,0.0,807.33,0.0,192.6,0,0,0,3266,-1576.8313042943198
Data,1581,1.2814724004146063,0.0,2195.378527599585,1430.3187726840597,0.0,801.74,0.0,192.6,0,0,0,3191,-1430.3187726840595
Data,1582,0.0,0.0,2000.46,1851.545345622927,0.0,777.14,0.0,189.4,0,0,0,2967,-1851.545345622927
Data,1583,0.0,0.0,1896.58,1917.4957303570227,0.0,726.82,0.0,192.6,0,0,0,2816,-1917.4957303570227
Data,1584,0.0,0.0,1862.65,1493.364108308403,0.0,697.75,0.0,192.6,0,0,0,2753,-1493.364108308403
Data,1585,0.0,0.0,1910.6299999999999,1441.9831702845834,0.0,680.97,0.0,38.4,0,0,0,2630,-1441.9831702845834
Data,1586,0.0,0.0,1917.8500000000001,1504.9642254851299,0.0,746.95,0.0,35.2,0,0,0,2700,-1504.96422548513
Data,1587,0.0,0.0,2020.81,1431.1477934150225,0.0,792.79,0.0,38.4,0,0,0,2852,-1431.1477934150225
Data,1588,0.0,0.0,2132.3199999999997,1318.8543219799344,0.0,835.28,0.0,38.4,0,0,0,3006,-1318.8543219799342
Data,1589,0.0,0.0,2133.73,913.4859724904545,0.0,840.87,0.0,38.4,0,0,0,3013,-913.4859724904545
Data,1590,104.71460186245069,0.0,1970.2753981375495,1235.2071547219089,0.0,830.81,0.0,35.2,0,0,0,2941,-1235.207154721909
Data,1591,496.74054639744963,0.0,1626.3094536025505,1693.8651556320879,0.0,771.55,0.0,38.4,0,0,0,2933,-1693.865155632088
Data,1592,0.0,906.6547995423177,2214.83,1024.498137867191,0.0,754.77,0.0,38.4,0,0,0,3008,-1931.152937409509
Data,1593,0.0,1305.0619535814221,2389.42,213.82476563757155,0.0,749.18,0.0,38.4,0,0,0,3177,-1518.8867192189937
Data,1594,0.0,1755.8525610497195,2525.75,90.40045412162769,0.0,679.85,0.0,38.4,0,0,0,3244,-1846.2530151713472
Data,1595,0.0,2122.3275150703294,2516.2799999999997,407.6616056480425,0.0,665.32,0.0,38.4,0,0,0,3220,-2529.989120718372
Data,1596,0.0,2220.6609074286744,2513.05,565.3701527434141,0.0,667.55,0.0,38.4,0,0,0,3219,-2786.0310601720885
Data,1597,0.0,2087.8585227489734,2377.6,555.1402697924905,0.0,615.0,0.0,38.4,0,0,0,3031,-2642.998792541464
Data,1598,0.0,1706.0320524213557,2528.29,179.58059308945167,0.0,646.31,0.0,38.4,0,0,0,3213,-1885.6126455108074
Data,1599,301.80739728233175,1010.9172382036104,2219.482602717668,0.0,0.0,646.31,0.0,38.4,0,0,0,3206,-1010.9172382036103
Data,1600,141.32703082142098,833.0104334611622,2342.842969178579,0.0,0.0,696.63,0.0,35.2,0,0,0,3216,-833.010433461162
Data,1601,786.6148338708272,0.0,1768.7151661291728,476.5220469441938,0.0,767.07,0.0,41.6,0,0,0,3364,-476.5220469441938
Data,1602,581.0300473471696,0.0,1888.4399526528307,1060.9434999220477,0.0,831.93,0.0,41.6,0,0,0,3343,-1060.9434999220482
Data,1603,251.56087795077752,0.0,2199.3091220492224,544.6170266186668,0.0,856.53,0.0,41.6,0,0,0,3349,-544.6170266186667
Data,1604,33.213672418909184,0.0,2137.6856790173433,0.0,388.6306485637477,840.87,0.0,41.6,0,0,0,3442,388.6306485637476
Data,1605,1.2814724004146063,0.0,2235.593483168094,0.0,216.4850444314917,814.04,0.0,41.6,0,0,0,3309,216.4850444314915
Data,1606,0.0,0.0,2313.61,38.89463260992443,0.0,792.79,0.0,41.6,0,0,0,3148,-38.89463260992452
Data,1607,0.0,0.0,2195.31,170.56821058375863,0.0,731.29,0.0,38.4,0,0,0,2965,-170.56821058375854
Data,1608,0.0,0.0,2149.65,319.51541213114433,0.0,716.75,0.0,41.6,0,0,0,2908,-319.51541213114444
Data,1609,0.0,0.0,2057.38,413.3257044446059,0.0,702.22,0.0,38.4,0,0,0,2798,-413.325704444606
Data,1610,0.0,0.0,2082.42,240.07277342635734,0.0,749.18,0.0,38.4,0,0,0,2870,-240.07277342635737
Data,1611,0.0,0.0,2196.8500000000004,94.8494662418243,0.0,765.95,0.0,35.2,0,0,0,2998,-94.84946624182471
Data,1612,0.0,0.0,1952.1987875986347,0.0,368.4312124013654,803.97,0.0,38.4,0,0,0,3163,368.4312124013653
Data,1613,0.0,0.0,1530.6016069318919,0.0,739.2583930681078,801.74,0.0,38.4,0,0,0,3110,739.2583930681081
Data,1614,81.72655614889071,0.0,1495.7810348444598,0.0,628.9524090066495,777.14,0.0,38.4,0,0,0,3022,628.9524090066495
Data,1615,251.56087795077752,0.0,1589.0620777828221,0.0,451.6070442664004,705.57,0.0,35.2,0,0,0,3033,451.60704426640035
Data,1616,371.60084362226814,0.0,1679.5327298177547,0.0,193.83642655997699,696.63,0.0,38.4,0,0,0,2980,193.83642655997707
Data,1617,566.9861559385442,0.0,1583.7164580910112,0.0,258.8673859704443,672.03,0.0,38.4,0,0,0,3120,258.8673859704444
Data,1618,755.9641062527471,0.0,1369.2177352749288,0.0,337.84815847232426,631.77,0.0,186.2,0,0,0,3281,337.8481584723241
Data,1619,881.1038090279285,0.0,1305.5949463054676,0.0,286.59124466660387,646.31,0.0,189.4,0,0,0,3309,286.591244666604
Data,1620,1084.1518032487245,0.0,1352.4281967512754,23.278913690625814,0.0,653.02,0.0,189.4,0,0,0,3279,-23.278913690625956
Data,1621,850.2781592116282,218.54828022805646,1488.061840788372,0.0,0.0,551.26,0.0,189.4,0,0,0,3079,-218.5482802280566
Data,1622,1001.1437746994193,0.0,1225.1676635082204,0.0,148.4685617923601,603.82,0.0,189.4,0,0,0,3168,148.4685617923603
Data,1623,878.5670167250671,0.0,1235.7770578143,0.0,256.60592546063276,630.65,0.0,189.4,0,0,0,3191,256.60592546063276
Data,1624,782.7965691675508,0.0,1257.8115094248938,0.0,271.99192140755576,688.8,0.0,192.6,0,0,0,3194,271.9919214075554
Data,1625,547.8163749282603,0.0,1331.5540722644416,0.0,168.53955280729815,780.49,0.0,543.6,0,0,0,3372,168.53955280729804
Data,1626,330.9292364655155,73.88527957566191,1666.8607635344845,0.0,0.0,830.81,0.0,540.4,0,0,0,3369,-73.88527957566168
Data,1627,194.10383991586139,0.0,1631.5903238367719,0.0,112.35583624736682,845.35,0.0,543.6,0,0,0,3327,112.3558362473666
Data,1628,31.93220001849458,0.0,1618.9510868842158,0.0,366.9967130972898,837.52,0.0,543.6,0,0,0,3399,366.99671309728944
Data,1629,0.0,0.0,1496.6448326757045,0.0,400.41516732429545,826.34,0.0,543.6,0,0,0,3267,400.41516732429545
Data,1630,0.0,0.0,1649.0748067890065,0.0,99.47519321099367,783.85,0.0,543.6,0,0,0,3076,99.47519321099344
Data,1631,0.0,0.0,1468.066326943101,0.0,250.6836730568989,679.85,0.0,540.4,0,0,0,2939,250.6836730568989
Data,1632,0.0,0.0,1468.2541393074357,0.0,190.41586069256437,659.73,0.0,543.6,0,0,0,2862,190.41586069256425
Data,1633,0.0,0.0,1228.9058907769238,0.0,374.92410922307613,631.77,0.0,540.4,0,0,0,2776,374.92410922307624
Data,1634,0.0,0.0,744.6484113454005,0.0,825.1015886545997,710.05,0.0,537.2,0,0,0,2817,825.1015886545995
Data,1635,0.0,0.0,806.4438406379746,0.0,877.8561593620253,750.3,0.0,540.4,0,0,0,2975,877.8561593620254
Data,1636,0.0,0.0,1017.9000008242206,0.0,767.6499991757796,778.25,0.0,537.2,0,0,0,3101,767.6499991757794
Data,1637,0.0,0.0,1188.0057980527324,0.0,594.0442019472675,790.55,0.0,540.4,0,0,0,3113,594.0442019472677
Data,1638,91.95218285423991,0.0,1054.7926931720574,0.0,627.8451239737026,757.01,0.0,540.4,0,0,0,3072,627.8451239737029
Data,1639,367.75642642102434,0.0,1212.0706008281359,0.0,264.17297275084,688.8,0.0,537.2,0,0,0,3070,264.17297275084
Data,1640,725.3133786346671,0.0,866.1541217612016,0.0,653.7124996041312,628.42,0.0,189.4,0,0,0,3063,653.7124996041314
Data,1641,1192.6846698144516,0.0,838.1293205877384,0.0,377.0160095978099,631.77,0.0,189.4,0,0,0,3229,377.01600959781
Data,1642,1688.169896309454,0.0,496.03010369054573,451.2411570587575,0.0,590.4,0.0,540.4,0,0,0,3315,-451.24115705875727
Data,1643,635.7039451242781,1431.7294767119643,1508.6260548757218,0.0,0.0,570.27,0.0,540.4,0,0,0,3255,-1431.7294767119643
Data,1644,437.1086290686053,1874.2229888138945,1651.4013709313945,0.0,0.0,559.09,0.0,540.4,0,0,0,3188,-1874.2229888138943
Data,1645,654.3901650637517,1710.5802261503877,1303.6698349362482,0.0,0.0,506.54,0.0,540.4,0,0,0,3005,-1710.5802261503877
Data,1646,868.9666426754027,1427.039611398057,1557.0133573245973,0.0,0.0,554.62,0.0,189.4,0,0,0,3170,-1427.039611398057
Data,1647,2056.73,52.83509606211851,-0.0,1457.8675260488362,0.0,594.87,0.0,540.4,0,0,0,3192,-1510.702622110955
Data,1648,930.1153748549282,841.0625500038313,1471.5346251450715,0.0,0.0,667.55,0.0,195.8,0,0,0,3265,-841.0625500038309
Data,1649,571.8150861446013,728.1471303331302,1509.2349138553989,0.0,0.0,741.35,0.0,543.6,0,0,0,3366,-728.1471303331305
Data,1650,253.87071768862666,545.5065351904112,1744.4892823113735,0.0,0.0,814.04,0.0,543.6,0,0,0,3356,-545.5065351904112
Data,1651,0.0,298.81844177831204,1954.8700000000001,5.74118021798904,0.0,856.53,0.0,543.6,0,0,0,3355,-304.5596219963014
Data,1652,38.31340952259997,0.0,1769.4398910560715,0.0,221.41669942132853,844.23,0.0,543.6,0,0,0,3417,221.41669942132842
Data,1653,0.0,0.0,1778.8156897517642,0.0,134.5443102482359,814.04,0.0,543.6,0,0,0,3271,134.54431024823577
Data,1654,0.0,0.0,1826.41,136.58463652635965,0.0,718.99,0.0,543.6,0,0,0,3089,-136.58463652635976
Data,1655,0.0,0.0,1766.31,215.5214077260332,0.0,682.09,0.0,543.6,0,0,0,2992,-215.5214077260332
Data,1656,0.0,0.0,1708.7400000000002,409.88744710118317,0.0,649.66,0.0,543.6,0,0,0,2902,-409.8874471011834
Data,1657,0.0,0.0,1630.6800000000003,787.5078926890224,0.0,616.12,0.0,537.2,0,0,0,2784,-787.5078926890227
Data,1658,0.0,0.0,1594.56,775.043719756281,0.0,691.04,0.0,540.4,0,0,0,2826,-775.0437197562809
Data,1659,0.0,0.0,1703.9499999999998,845.1637717651138,0.0,734.65,0.0,540.4,0,0,0,2979,-845.1637717651136
Data,1660,0.0,0.0,1816.36,672.5686572010593,0.0,740.24,0.0,540.4,0,0,0,3097,-672.5686572010592
Data,1661,0.0,0.0,1848.54,668.0146997598099,0.0,748.06,0.0,540.4,0,0,0,3137,-668.0146997598098
Data,1662,75.34534664478532,0.0,1747.1046533552144,791.7166316465064,0.0,692.15,0.0,540.4,0,0,0,3055,-791.7166316465061
Data,1663,0.0,200.4850494199668,1864.0,550.2658871596159,0.0,639.6,0.0,540.4,0,0,0,3044,-750.7509365795827
Data,1664,277.1118684651667,0.0,1997.0781315348333,412.03561451371775,0.0,609.41,0.0,189.4,0,0,0,3073,-412.0356145137175
Data,1665,125.92967841654217,258.4335842139368,2294.7303215834577,0.0,0.0,604.94,0.0,189.4,0,0,0,3215,-258.43358421393657
Data,1666,359.894381694834,90.87007327549577,2202.155618305166,0.0,0.0,544.55,0.0,189.4,0,0,0,3296,-90.87007327549614
Data,1667,483.643857243326,24.603788259887438,2003.2861427566738,0.0,0.0,545.67,0.0,189.4,0,0,0,3222,-24.603788259887125
Data,1668,583.5668396500312,0.0,1949.1231603499689,18.43081714334039,0.0,547.91,0.0,189.4,0,0,0,3270,-18.430817143340647
Data,1669,210.6070233713367,415.1176430025382,2212.942976628663,0.0,0.0,483.05,0.0,189.4,0,0,0,3096,-415.1176430025382
Data,1670,72.09848471799796,496.1691436209609,2523.021515282002,0.0,0.0,515.48,0.0,189.4,0,0,0,3300,-496.16914362096065
Data,1671,0.0,513.3473826069043,2590.52,45.29603085681583,0.0,540.08,0.0,189.4,0,0,0,3320,-558.6434134637202
Data,1672,0.0,436.72056356170435,2496.42,469.29350845301906,0.0,626.18,0.0,189.4,0,0,0,3312,-906.0140720147233
Data,1673,324.34327979473363,0.0,2121.703420205267,729.5860363325437,0.0,694.39,0.0,260.5633,0,0,0,3401,-729.586036332544
Data,1674,0.0,201.76652182038137,2432.38,59.410424892069386,0.0,776.02,0.0,192.6,0,0,0,3401,-261.176946712451
Data,1675,89.38923805341071,0.0,1960.4507619465894,701.3494599998139,0.0,809.56,0.0,543.6,0,0,0,3403,-701.349459999814
Data,1676,19.143628512316162,0.0,2120.636371487684,578.2644922135728,0.0,800.62,0.0,543.6,0,0,0,3484,-578.264492213573
Data,1677,0.0,0.0,2012.21,829.5366060026281,0.0,768.19,0.0,543.6,0,0,0,3324,-829.5366060026282
Data,1678,0.0,0.0,2255.07,477.557105243598,0.0,684.33,0.0,192.6,0,0,0,3132,-477.55710524359824
Data,1679,0.0,0.0,2193.85,592.1987721356304,0.0,618.35,0.0,195.8,0,0,0,3008,-592.1987721356304
Data,1680,0.0,0.0,2174.8900000000003,788.1865603821326,0.0,572.51,0.0,192.6,0,0,0,2940,-788.1865603821328
Data,1681,0.0,0.0,1777.9299999999998,1396.198138027702,0.0,545.67,0.0,540.4,0,0,0,2864,-1396.1981380277018
Data,1682,0.0,0.0,1737.37,1362.0684139005384,0.0,598.23,0.0,540.4,0,0,0,2876,-1362.0684139005384
Data,1683,0.0,0.0,1829.29,1439.3373539221666,0.0,646.31,0.0,540.4,0,0,0,3016,-1439.3373539221666
Data,1684,0.0,0.0,1912.46,1372.5619972118157,0.0,654.14,0.0,540.4,0,0,0,3107,-1372.5619972118157
Data,1685,0.0,0.0,1923.4300000000003,1129.9455016324728,0.0,656.37,0.0,537.2,0,0,0,3117,-1129.9455016324732
Data,1686,74.06387424437071,0.0,1819.5261257556292,709.1468687858503,0.0,634.01,0.0,540.4,0,0,0,3068,-709.1468687858502
Data,1687,217.09188562942137,0.0,1617.6681143705785,1046.6893824536198,0.0,641.84,0.0,540.4,0,0,0,3017,-1046.6893824536198
Data,1688,0.0,343.5130608050174,1908.54,433.727555825953,0.0,625.06,0.0,540.4,0,0,0,3074,-777.2406166309705
Data,1689,540.1536930237404,0.0,1540.7963069762595,612.2323210562295,0.0,611.65,0.0,540.4,0,0,0,3233,-612.2323210562292
Data,1690,678.0819673051003,0.0,1880.5980326948995,111.78621786389544,0.0,566.92,0.0,189.4,0,0,0,3315,-111.78621786389502
Data,1691,818.5470338893217,0.0,1399.2529661106785,644.7795053671807,0.0,565.8,0.0,540.4,0,0,0,3324,-644.7795053671811
Data,1692,628.7245414125794,357.0938694777999,1930.0854585874206,0.0,0.0,546.79,0.0,189.4,0,0,0,3295,-357.0938694777998
Data,1693,244.55856433538793,788.5174103825259,2168.681435664612,0.0,0.0,514.36,0.0,189.4,0,0,0,3117,-788.5174103825254
Data,1694,244.10436827105195,792.789871150138,2248.235631728948,0.0,0.0,551.26,0.0,189.4,0,0,0,3233,-792.7898711501381
Data,1695,472.56909713219625,457.0737481236815,1986.6409028678038,0.0,0.0,571.39,0.0,189.4,0,0,0,3220,-457.0737481236813
Data,1696,803.2216700802817,0.0,1309.9583299197182,651.973559055348,0.0,628.42,0.0,540.4,0,0,0,3282,-651.973559055348
Data,1697,521.3343224855671,67.35840676612247,1668.665677514433,0.0,0.0,688.8,0.0,537.2,0,0,0,3416,-67.35840676612224
Data,1698,33.19859661000032,325.6398280040571,2027.8014033899997,0.0,0.0,762.6,0.0,540.4,0,0,0,3364,-325.63982800405734
Data,1699,0.0,141.74653898463606,1993.6100000000001,106.92087289154733,0.0,792.79,0.0,543.6,0,0,0,3330,-248.66741187618356
Data,1700,24.269518113974584,0.0,1999.3904818860256,270.5260378352564,0.0,801.74,0.0,543.6,0,0,0,3369,-270.5260378352567
Data,1701,0.0,0.0,1943.52,280.13485557629565,0.0,736.88,0.0,543.6,0,0,0,3224,-280.13485557629565
Data,1702,0.0,0.0,1827.25,401.07230383609976,0.0,673.15,0.0,543.6,0,0,0,3044,-401.07230383609976
Data,1703,0.0,0.0,1828.5300000000002,593.1176763104795,0.0,594.87,0.0,543.6,0,0,0,2967,-593.1176763104797
Data,1704,0.0,0.0,1811.27,579.901591648475,0.0,561.33,0.0,540.4,0,0,0,2913,-579.901591648475
Data,1705,0.0,0.0,1768.7599999999998,644.617353766982,0.0,518.84,0.0,540.4,0,0,0,2828,-644.6173537669818
Data,1706,0.0,0.0,1734.6999999999998,749.8237625580255,0.0,528.9,0.0,540.4,0,0,0,2804,-749.8237625580252
Data,1707,0.0,0.0,1787.6499999999999,610.9436382365509,0.0,623.95,0.0,540.4,0,0,0,2952,-610.9436382365508
Data,1708,0.0,0.0,1913.05,334.98945784311513,0.0,648.55,0.0,540.4,0,0,0,3102,-334.989457843115
Data,1709,0.0,0.0,1876.05,240.00426625497653,0.0,667.55,0.0,540.4,0,0,0,3084,-240.00426625497641
Data,1710,94.48897515710149,0.0,1650.5610248428984,421.7256658629876,0.0,667.55,0.0,540.4,0,0,0,2953,-421.7256658629873
Data,1711,326.90622459556283,0.0,1402.2837754044372,608.6356710341279,0.0,609.41,0.0,540.4,0,0,0,2879,-608.6356710341279
Data,1712,513.3473826069043,0.0,1408.0337173930957,560.1872749147383,0.0,557.97,0.0,386.6489,0,0,0,2866,-560.1872749147384
Data,1713,757.2455786531617,0.0,1164.6944213468382,848.56856320202,0.0,526.66,0.0,540.4,0,0,0,2989,-848.56856320202
Data,1714,0.0,1030.5130299170846,2050.43,154.40745515619074,0.0,484.17,0.0,540.4,0,0,0,3075,-1184.9204850732751
Data,1715,1288.4812698699352,0.0,784.1287301300645,1269.5119550771515,0.0,472.99,0.0,540.4,0,0,0,3086,-1269.511955077151
Data,1716,226.86219517963173,1308.0540630394225,2112.3611048203684,0.0,0.0,468.52,0.0,294.2567,0,0,0,3102,-1308.0540630394225
Data,1717,-0.0,1638.3493876810903,2012.9699999999998,43.65024062951609,0.0,450.63,0.0,540.4,0,0,0,3004,-1681.9996283106063
Data,1718,-0.0,1532.3794659161927,1974.6599999999999,553.268704611938,0.0,481.94,0.0,540.4,0,0,0,2997,-2085.648170528131
Data,1719,-0.0,1385.533189827866,1930.94,409.60443202615977,0.0,526.66,0.0,540.4,0,0,0,2998,-1795.1376218540258
Data,1720,-0.0,1082.87033084831,1966.5300000000002,465.0284222387391,0.0,570.27,0.0,537.2,0,0,0,3074,-1547.8987530870493
Data,1721,688.2814415124819,0.0,1261.538558487518,1304.7553858831488,0.0,650.78,0.0,540.4,0,0,0,3141,-1304.7553858831488
Data,1722,439.28350836253355,0.0,1506.1664916374662,1263.0039107790094,0.0,692.15,0.0,540.4,0,0,0,3178,-1263.0039107790092
Data,1723,219.62867793228293,0.0,1682.3813220677168,1167.9216550458702,0.0,743.59,0.0,540.4,0,0,0,3186,-1167.9216550458698
Data,1724,30.65072761807997,0.0,1874.68927238192,1143.6846809739382,0.0,748.06,0.0,543.6,0,0,0,3197,-1143.6846809739382
Data,1725,0.0,0.0,1807.5900000000001,534.5731081809936,0.0,707.81,0.0,543.6,0,0,0,3059,-534.5731081809937
Data,1726,0.0,0.0,1696.96,451.4090031782339,0.0,666.44,0.0,543.6,0,0,0,2907,-451.409003178234
Data,1727,0.0,0.0,1662.58,512.0693212627757,0.0,603.82,0.0,543.6,0,0,0,2810,-512.0693212627757
Data,1728,0.0,0.0,1684.1,635.3314058061933,0.0,553.5,0.0,540.4,0,0,0,2778,-635.3314058061932
Data,1729,0.0,0.0,1637.0,456.88476630924197,0.0,516.6,0.0,540.4,0,0,0,2694,-456.88476630924197
Data,1730,0.0,0.0,1626.3999999999999,460.40142918989864,0.0,541.2,0.0,540.4,0,0,0,2708,-460.4014291898985
Data,1731,0.0,0.0,1693.1799999999998,470.658394475548,0.0,628.42,0.0,540.4,0,0,0,2862,-470.65839447554777
Data,1732,0.0,0.0,1654.9713535058418,0.0,121.13864649415814,657.49,0.0,540.4,0,0,0,2974,121.13864649415825
Data,1733,0.0,0.0,1755.1400000000003,68.5585734627366,0.0,649.66,0.0,537.2,0,0,0,2942,-68.55857346273694
Data,1734,91.95218285423991,0.0,1583.9978171457599,258.74966914700144,0.0,630.65,0.0,540.4,0,0,0,2847,-258.749669147001
Data,1735,148.26395668902182,179.92374030695555,1975.106043310978,0.0,0.0,598.23,0.0,38.4,0,0,0,2760,-179.9237403069557
Data,1736,179.23533457339522,337.93031273678525,1870.6146654266047,0.0,0.0,574.75,0.0,38.4,0,0,0,2663,-337.9303127367849
Data,1737,738.1019501408456,0.0,1377.4580498591545,896.7284029042025,0.0,568.04,0.0,38.4,0,0,0,2722,-896.7284029042024
Data,1738,760.2674509454375,272.8085237724763,1527.5125490545622,0.0,0.0,480.82,0.0,38.4,0,0,0,2807,-272.808523772476
Data,1739,1311.4431630855274,0.0,971.5468369144728,1021.682289977573,0.0,461.81,0.0,35.2,0,0,0,2780,-1021.6822899775732
Data,1740,161.109511970707,1307.4055539084966,2093.270488029293,0.0,0.0,456.22,0.0,38.4,0,0,0,2749,-1307.4055539084968
Data,1741,321.23694751752373,1227.7493546081237,1969.443052482476,0.0,0.0,443.92,0.0,38.4,0,0,0,2773,-1227.7493546081234
Data,1742,213.64381949730478,1289.3663912012228,2015.786180502695,0.0,0.0,484.17,0.0,38.4,0,0,0,2752,-1289.3663912012225
Data,1743,-0.0,1379.125827825793,2193.38,56.390010296704986,0.0,505.42,0.0,35.2,0,0,0,2734,-1435.5158381224983
Data,1744,-0.0,1192.6846698144516,2140.39,228.40948453251028,0.0,560.21,0.0,38.4,0,0,0,2739,-1421.094154346962
Data,1745,828.7465080967033,0.0,1376.993491903297,1097.1826336039692,0.0,649.66,0.0,41.6,0,0,0,2897,-1097.1826336039692
Data,1746,561.8602663368857,0.0,1757.2697336631145,327.202018303622,0.0,693.27,0.0,41.6,0,0,0,3054,-327.20201830362214
Data,1747,246.46114084708677,0.0,1920.0488591529133,63.207673792183414,0.0,755.89,0.0,192.6,0,0,0,3115,-63.20767379218361
Data,1748,35.750464721770754,0.0,1900.1557477418696,0.0,331.55378753635966,777.14,0.0,189.4,0,0,0,3234,331.5537875363598
Data,1749,1.2814724004146063,0.0,1572.8546586868836,0.0,600.0138689127019,778.25,0.0,192.6,0,0,0,3145,600.0138689127017
Data,1750,0.0,0.0,1971.9274172978023,0.0,73.1825827021978,731.29,0.0,192.6,0,0,0,2969,73.18258270219772
Data,1751,0.0,0.0,2044.34,245.63174412060312,0.0,551.26,0.0,189.4,0,0,0,2785,-245.63174412060303
Data,1752,0.0,0.0,2032.93,425.8644052305124,0.0,496.47,0.0,192.6,0,0,0,2722,-425.8644052305125
Data,1753,0.0,0.0,1909.9499999999998,386.5601439411939,0.0,507.65,0.0,189.4,0,0,0,2607,-386.5601439411937
Data,1754,0.0,0.0,1895.65,556.5885025526977,0.0,550.15,0.0,186.2,0,0,0,2632,-556.5885025526977
Data,1755,0.0,0.0,2005.7199999999998,737.5055212868219,0.0,613.88,0.0,189.4,0,0,0,2809,-737.5055212868217
Data,1756,0.0,0.0,2143.9100000000003,553.5686816237549,0.0,632.89,0.0,186.2,0,0,0,2963,-553.5686816237551
Data,1757,0.0,0.0,2142.23,627.4568336036859,0.0,656.37,0.0,189.4,0,0,0,2988,-627.4568336036859
Data,1758,77.90829144561454,0.0,1990.8117085543856,756.8181695552487,0.0,663.08,0.0,186.2,0,0,0,2918,-756.8181695552487
Data,1759,232.41724943846137,0.0,2029.0427505615387,544.6158991798691,0.0,654.14,0.0,38.4,0,0,0,2954,-544.6158991798693
Data,1760,362.65668931733353,0.0,2008.5633106826667,149.4110960839539,0.0,601.58,0.0,35.2,0,0,0,3008,-149.4110960839542
Data,1761,383.7014017646193,170.49618266774655,2111.678598235381,0.0,0.0,579.22,0.0,38.4,0,0,0,3113,-170.49618266774692
Data,1762,632.8195969621775,87.39404456879902,2082.5304030378225,0.0,0.0,532.25,0.0,38.4,0,0,0,3286,-87.39404456879893
Data,1763,594.0992042620592,200.178311513288,2206.550795737941,0.0,0.0,500.95,0.0,38.4,0,0,0,3340,-200.1783115132881
Data,1764,842.8165520032962,0.0,1934.7334479967035,742.933506775551,0.0,483.05,0.0,38.4,0,0,0,3299,-742.9335067755508
Data,1765,941.123791863674,0.0,1693.6062081363261,692.1094344020803,0.0,471.87,0.0,38.4,0,0,0,3145,-692.1094344020803
Data,1766,864.5231253164416,0.0,1824.4768746835584,429.6689582880608,0.0,516.6,0.0,38.4,0,0,0,3244,-429.6689582880608
Data,1767,747.0199519478126,0.0,1863.6800480521872,407.02965729450875,0.0,528.9,0.0,38.4,0,0,0,3178,-407.02965729450875
Data,1768,592.5109939549657,0.0,1970.7090060450341,301.8239805814437,0.0,552.38,0.0,38.4,0,0,0,3154,-301.8239805814435
Data,1769,89.47403594349157,354.9092095227327,2000.2559640565084,0.0,0.0,668.67,0.0,543.6,0,0,0,3302,-354.9092095227327
Data,1770,274.5489236643375,0.0,1762.2010763356625,742.7535282388317,0.0,753.65,0.0,543.6,0,0,0,3334,-742.7535282388317
Data,1771,109.81433896614146,0.0,1871.2656610338586,684.1666433008454,0.0,788.32,0.0,543.6,0,0,0,3313,-684.1666433008454
Data,1772,20.42510091273077,0.0,2076.5148990872694,427.66127978288887,0.0,772.66,0.0,540.4,0,0,0,3410,-427.66127978288887
Data,1773,0.0,0.0,1956.0900000000001,661.0731528848719,0.0,769.31,0.0,543.6,0,0,0,3269,-661.073152884872
Data,1774,0.0,0.0,1784.0500000000002,963.7710924816993,0.0,741.35,0.0,543.6,0,0,0,3069,-963.7710924816995
Data,1775,0.0,0.0,1730.33,1278.0529028604133,0.0,644.07,0.0,543.6,0,0,0,2918,-1278.0529028604133
Data,1776,0.0,0.0,1687.7,1344.510265371134,0.0,602.7,0.0,543.6,0,0,0,2834,-1344.5102653711342
Data,1777,0.0,0.0,1638.5,1267.8035897866994,0.0,578.1,0.0,540.4,0,0,0,2757,-1267.8035897866994
Data,1778,0.0,0.0,1648.1999999999998,1089.1397643536047,0.0,590.4,0.0,540.4,0,0,0,2779,-1089.1397643536045
Data,1779,0.0,0.0,1756.29,862.1301804018476,0.0,646.31,0.0,540.4,0,0,0,2943,-862.1301804018475
Data,1780,0.0,0.0,1872.5099999999998,955.4431292607424,0.0,682.09,0.0,540.4,0,0,0,3095,-955.4431292607421
Data,1781,0.0,0.0,1842.09,962.5055552051911,0.0,695.51,0.0,540.4,0,0,0,3078,-962.505555205191
Data,1782,84.28950094971992,0.0,1691.39049905028,1257.6471229975207,0.0,689.92,0.0,540.4,0,0,0,3006,-1257.6471229975202
Data,1783,289.8742874733775,0.0,1502.8457125266223,1516.812970517145,0.0,613.88,0.0,540.4,0,0,0,2947,-1516.8129705171448
Data,1784,506.96617310279885,0.0,1879.7838268972012,829.0322473954627,0.0,556.85,0.0,38.4,0,0,0,2982,-829.032247395463
Data,1785,845.353344306158,0.0,1716.3366556938422,863.9746899909082,0.0,547.91,0.0,38.4,0,0,0,3148,-863.9746899909082
Data,1786,0.0,1139.072048980779,2715.7599999999998,88.88009708362006,0.0,518.84,0.0,38.4,0,0,0,3273,-1227.952146064399
Data,1787,0.0,1329.3314716953967,2748.48,166.584238702128,0.0,493.12,0.0,38.4,0,0,0,3280,-1495.9157103975247
Data,1788,-0.0,1450.652909767302,2689.89,17.29552820251164,0.0,498.71,0.0,38.4,0,0,0,3227,-1467.9484379698135
Data,1789,0.0,1472.3594830804473,2554.96,649.8833470380273,0.0,469.64,0.0,38.4,0,0,0,3063,-2122.2428301184746
Data,1790,0.0,1501.7287382981126,2688.3599999999997,522.8589726542336,0.0,494.24,0.0,38.4,0,0,0,3221,-2024.587710952346
Data,1791,0.0,1358.7007269130622,2647.59,674.1832874546371,0.0,511.01,0.0,38.4,0,0,0,3197,-2032.8840143676996
Data,1792,1130.1278946758446,0.0,1504.2321053241556,1890.1959396355207,0.0,543.44,0.0,35.2,0,0,0,3213,-1890.1959396355212
Data,1793,0.0,853.0160262106779,2669.69,262.3803992173307,0.0,670.91,0.0,38.4,0,0,0,3379,-1115.3964254280086
Data,1794,551.6607921295042,0.0,1882.8792078704957,1422.1209955630063,0.0,748.06,0.0,189.4,0,0,0,3372,-1422.1209955630065
Data,1795,214.52894082859217,0.0,2142.261059171408,1240.2839009766003,0.0,781.61,0.0,192.6,0,0,0,3331,-1240.2839009766003
Data,1796,30.65072761807997,0.0,2376.0292723819202,617.0274652959606,0.0,763.72,0.0,192.6,0,0,0,3363,-617.027465295961
Data,1797,0.0,0.0,2273.86,793.6979116030047,0.0,752.54,0.0,192.6,0,0,0,3219,-793.6979116030049
Data,1798,0.0,0.0,2108.3500000000004,1039.709981404861,0.0,729.05,0.0,192.6,0,0,0,3030,-1039.7099814048613
Data,1799,0.0,0.0,2105.3500000000004,1222.5654843509833,0.0,587.05,0.0,192.6,0,0,0,2885,-1222.5654843509835
Data,1800,0.0,0.0,2078.37,1360.5833064304256,0.0,549.03,0.0,192.6,0,0,0,2820,-1360.5833064304254
Data,1801,0.0,0.0,2019.87,1092.509258226548,0.0,536.73,0.0,189.4,0,0,0,2746,-1092.509258226548
Data,1802,0.0,0.0,2000.8,888.5655426472247,0.0,565.8,0.0,189.4,0,0,0,2756,-888.5655426472246
Data,1803,0.0,0.0,2128.19,806.377407637136,0.0,609.41,0.0,189.4,0,0,0,2927,-806.377407637136
Data,1804,0.0,0.0,2221.32,223.14126499501117,0.0,638.48,0.0,186.2,0,0,0,3046,-223.14126499501134
Data,1805,0.0,0.0,2239.5099999999998,156.11187796043623,0.0,682.09,0.0,189.4,0,0,0,3111,-156.11187796043603
Data,1806,85.5448208521669,0.0,2023.385179147833,324.3936123349042,0.0,668.67,0.0,189.4,0,0,0,2967,-324.3936123349042
Data,1807,57.218974756432544,245.4177317251557,2184.8410252435674,0.0,0.0,629.54,0.0,38.4,0,0,0,2910,-245.4177317251555
Data,1808,0.0,467.3712911797843,2290.2599999999998,142.1480561276221,0.0,580.34,0.0,38.4,0,0,0,2909,-609.5193473074062
Data,1809,-0.0,704.8882777219364,2438.79,101.94794973789305,0.0,584.81,0.0,38.4,0,0,0,3062,-806.8362274598293
Data,1810,0.0,932.205790056707,2672.97,45.161370682762026,0.0,573.63,0.0,38.4,0,0,0,3285,-977.3671607394688
Data,1811,123.33512608945921,1068.0942238225452,2617.2348739105405,0.0,0.0,549.03,0.0,38.4,0,0,0,3328,-1068.094223822545
Data,1812,0.0,1331.8944164962259,2754.2799999999997,338.12464900984423,0.0,542.32,0.0,38.4,0,0,0,3335,-1670.0190655060699
Data,1813,0.0,1331.8944164962259,2649.66,352.5178672377924,0.0,481.94,0.0,38.4,0,0,0,3170,-1684.412283734018
Data,1814,11.909392377071072,1275.2904050924494,2772.500607622929,0.0,0.0,522.19,0.0,38.4,0,0,0,3345,-1275.2904050924494
Data,1815,0.0,1087.9962204499684,2743.64,77.36213431654278,0.0,538.96,0.0,38.4,0,0,0,3321,-1165.3583547665112
Data,1816,0.0,898.9921176377978,2664.29,83.2795575303632,0.0,597.11,0.0,41.6,0,0,0,3303,-982.271675168161
Data,1817,646.1497672866058,0.0,1533.9002327133944,1064.668052066565,0.0,667.55,0.0,540.4,0,0,0,3388,-1064.668052066565
Data,1818,381.82647032761736,0.0,1715.703529672383,772.959897806601,0.0,717.87,0.0,543.6,0,0,0,3359,-772.9598978066012
Data,1819,164.73458469819604,0.0,1918.3654153018042,427.19699524536145,0.0,750.3,0.0,543.6,0,0,0,3377,-427.1969952453618
Data,1820,29.36925521766537,0.0,2089.7707447823345,453.30525509532436,0.0,748.06,0.0,546.8,0,0,0,3414,-453.3052550953241
Data,1821,1.2814724004146063,0.0,1952.3585275995854,772.7000664828035,0.0,735.76,0.0,543.6,0,0,0,3233,-772.7000664828037
Data,1822,0.0,0.0,1839.8400000000001,924.2747744916337,0.0,686.56,0.0,543.6,0,0,0,3070,-924.2747744916338
Data,1823,0.0,0.0,1817.4700000000003,326.5800507410345,0.0,585.93,0.0,543.6,0,0,0,2947,-326.5800507410347
Data,1824,0.0,0.0,1739.58,542.2070871407568,0.0,554.62,0.0,546.8,0,0,0,2841,-542.2070871407567
Data,1825,0.0,0.0,1617.9699999999998,582.1762893321957,0.0,573.63,0.0,540.4,0,0,0,2732,-582.1762893321954
Data,1826,0.0,0.0,1657.08,145.50097211660977,0.0,591.52,0.0,540.4,0,0,0,2789,-145.50097211660966
Data,1827,0.0,0.0,1581.6762531426803,0.0,260.3537468573195,582.57,0.0,540.4,0,0,0,2965,260.3537468573197
Data,1828,0.0,0.0,1491.806526591803,0.0,448.8434734081968,623.95,0.0,540.4,0,0,0,3105,448.8434734081969
Data,1829,0.0,0.0,1048.3043141270734,0.0,869.5556858729267,629.54,0.0,543.6,0,0,0,3091,869.5556858729266
Data,1830,83.00802854930531,0.0,1160.3083164666352,0.0,969.1636549840593,616.12,0.0,189.4,0,0,0,3018,969.1636549840593
Data,1831,287.3113426725482,0.0,926.4022734564153,0.0,1194.5363838710366,599.35,0.0,38.4,0,0,0,3046,1194.5363838710366
Data,1832,445.6647178666389,0.0,1202.1492234416128,0.0,854.506058691748,589.28,0.0,38.4,0,0,0,3130,854.5060586917483
Data,1833,701.0700130186601,0.0,910.182030823028,0.0,1132.4779561583118,594.87,0.0,38.4,0,0,0,3377,1132.4779561583118
Data,1834,1013.9323462055977,0.0,1108.4469358802169,0.0,776.1707179141856,587.05,0.0,38.4,0,0,0,3524,776.1707179141855
Data,1835,1305.0619535814221,0.0,1614.3880464185777,94.1339149606215,0.0,569.15,0.0,38.4,0,0,0,3527,-94.1339149606213
Data,1836,1382.225589077451,85.03415689930557,1432.1444109225488,0.0,0.0,598.23,0.0,38.4,0,0,0,3451,-85.03415689930549
Data,1837,1147.2176336664222,477.0878626060428,1498.0723663335777,0.0,0.0,572.51,0.0,35.2,0,0,0,3253,-477.08786260604273
Data,1838,581.4448765962125,1111.8247568169327,2207.5651234037873,0.0,0.0,620.59,0.0,38.4,0,0,0,3448,-1111.8247568169324
Data,1839,475.13297993171136,1198.9930249691174,2296.2770200682885,0.0,0.0,645.19,0.0,38.4,0,0,0,3455,-1198.9930249691174
Data,1840,774.3205810451132,657.1625477119051,1945.8194189548872,0.0,0.0,649.66,0.0,35.2,0,0,0,3405,-657.1625477119054
Data,1841,985.6652889843613,108.71214096971244,1606.1947110156384,0.0,0.0,678.74,0.0,189.4,0,0,0,3460,-108.71214096971212
Data,1842,0.0,652.5309767907111,2173.88,318.64706889374065,0.0,714.52,0.0,543.6,0,0,0,3432,-971.1780456844518
Data,1843,270.73065896106135,0.0,1887.4393410389387,556.0844545053503,0.0,721.23,0.0,543.6,0,0,0,3423,-556.0844545053502
Data,1844,53.63877333163995,0.0,2450.3093483000343,0.0,27.871878368325724,724.58,0.0,192.6,0,0,0,3449,27.871878368325525
Data,1845,1.2814724004146063,0.0,2009.0885275995852,594.8745506935888,0.0,721.23,0.0,540.4,0,0,0,3272,-594.8745506935887
Data,1846,0.0,0.0,1831.25,506.87184437876067,0.0,692.15,0.0,543.6,0,0,0,3067,-506.87184437876067
Data,1847,0.0,0.0,1807.0500000000002,147.99228308436705,0.0,618.35,0.0,543.6,0,0,0,2969,-147.99228308436727
Data,1848,0.0,0.0,1768.16,378.23694112807266,0.0,617.24,0.0,543.6,0,0,0,2929,-378.2369411280728
Data,1849,0.0,0.0,1649.84,682.004414503855,0.0,612.76,0.0,540.4,0,0,0,2803,-682.0044145038547
Data,1850,0.0,0.0,1648.12,853.6042794421865,0.0,638.48,0.0,540.4,0,0,0,2827,-853.6042794421863
Data,1851,0.0,0.0,1772.57,1170.0559722109772,0.0,672.03,0.0,540.4,0,0,0,2985,-1170.055972210977
Data,1852,0.0,0.0,1877.8,937.962258477198,0.0,688.8,0.0,540.4,0,0,0,3107,-937.9622584771979
Data,1853,0.0,0.0,1899.09,683.7410082345539,0.0,695.51,0.0,540.4,0,0,0,3135,-683.7410082345538
Data,1854,102.15165706162146,0.0,1697.4283429383786,841.0608448547223,0.0,702.22,0.0,537.2,0,0,0,3039,-841.0608448547223
Data,1855,-0.0,454.6088721715735,1756.8,405.58998194851085,0.0,688.8,0.0,540.4,0,0,0,2986,-860.1988541200845
Data,1856,781.5150967671364,0.0,1070.7349032328636,893.4044774004719,0.0,618.35,0.0,540.4,0,0,0,3011,-893.4044774004717
Data,1857,-0.0,1077.770593744619,2053.95,234.89997712926683,0.0,611.65,0.0,540.4,0,0,0,3206,-1312.6705708738857
Data,1858,-0.0,1434.0460735578476,2275.97,378.62176007676413,0.0,573.63,0.0,540.4,0,0,0,3390,-1812.6678336346115
Data,1859,1669.0001152991704,0.0,1011.4498847008294,1829.3329122408063,0.0,569.15,0.0,189.4,0,0,0,3439,-1829.332912240806
Data,1860,-0.0,1812.0281266842208,2308.62,718.5645556804614,0.0,576.98,0.0,540.4,0,0,0,3426,-2530.592682364682
Data,1861,-0.0,1766.052035257101,2138.5099999999998,1115.9313009574394,0.0,559.09,0.0,540.4,0,0,0,3238,-2881.98333621454
Data,1862,-0.0,1626.8684410732944,2310.68,1063.9888950329403,0.0,566.92,0.0,540.4,0,0,0,3418,-2690.8573361062345
Data,1863,-0.0,1491.5031115927636,2288.23,933.4227030860201,0.0,582.57,0.0,537.2,0,0,0,3408,-2424.925814678784
Data,1864,-0.0,1331.8944164962259,2210.05,940.7478267545945,0.0,648.55,0.0,540.4,0,0,0,3399,-2272.6422432508202
Data,1865,0.0,1077.770593744619,2252.66,990.94918661155,0.0,678.74,0.0,543.6,0,0,0,3475,-2068.719780356169
Data,1866,747.0199519478126,0.0,1406.8000480521875,1021.5060550577975,0.0,724.58,0.0,543.6,0,0,0,3422,-1021.506055057798
Data,1867,0.0,312.86233318693746,2031.96,472.5016530307025,0.0,789.44,0.0,543.6,0,0,0,3365,-785.3639862176402
Data,1868,47.25756382753456,0.0,2022.6424361724655,115.03550747108352,0.0,799.5,0.0,543.6,0,0,0,3413,-115.0355074710834
Data,1869,1.2814724004146063,0.0,1917.8413500088607,0.0,27.927177590724796,741.35,0.0,543.6,0,0,0,3232,27.92717759072457
Data,1870,0.0,0.0,1532.4190202889342,0.0,288.83097971106577,692.15,0.0,543.6,0,0,0,3057,288.83097971106577
Data,1871,0.0,0.0,1231.6062722351287,0.0,545.8437277648713,642.95,0.0,543.6,0,0,0,2964,545.8437277648712
Data,1872,0.0,0.0,830.7397778647287,0.0,849.790222135271,644.07,0.0,540.4,0,0,0,2865,849.7902221352713
Data,1873,0.0,0.0,749.2624331964823,0.0,849.5075668035176,622.83,0.0,540.4,0,0,0,2762,849.5075668035176
Data,1874,0.0,0.0,769.2477796530329,0.0,840.582220346967,631.77,0.0,540.4,0,0,0,2782,840.5822203469671
Data,1875,0.0,0.0,747.085948525466,0.0,953.0040514745339,695.51,0.0,540.4,0,0,0,2936,953.004051474534
Data,1876,0.0,0.0,826.7384042913551,0.0,964.0415957086446,726.82,0.0,540.4,0,0,0,3058,964.0415957086449
Data,1877,0.0,0.0,901.4117961603808,0.0,886.3682038396189,726.82,0.0,540.4,0,0,0,3055,886.3682038396191
Data,1878,109.81433896614146,0.0,927.9241441437334,0.0,630.6515168901255,732.41,0.0,537.2,0,0,0,2938,630.6515168901252
Data,1879,433.56211723143997,102.77331108902433,1085.2178827685598,0.0,0.0,726.82,0.0,540.4,0,0,0,2786,-102.77331108902422
Data,1880,1011.3694014047685,0.0,568.8605985952315,324.08445190835516,0.0,656.37,0.0,540.4,0,0,0,2777,-324.08445190835516
Data,1881,1420.0021821492219,0.0,335.84781785077826,579.9298401963326,0.0,642.95,0.0,537.2,0,0,0,2936,-579.9298401963329
Data,1882,1723.9203610312247,0.0,187.0296389687751,601.7019419656023,0.0,630.65,0.0,540.4,0,0,0,3082,-601.701941965602
Data,1883,1442.355586556615,450.11762387608223,859.474413443385,0.0,0.0,631.77,0.0,189.4,0,0,0,3123,-450.1176238760821
Data,1884,1955.0561380692716,0.0,370.8538619307287,672.1747340220209,0.0,632.89,0.0,186.2,0,0,0,3145,-672.1747340220211
Data,1885,1928.2236751544679,0.0,251.24632484553194,1064.6888458857195,0.0,635.13,0.0,189.4,0,0,0,3004,-1064.6888458857193
Data,1886,293.86083303270243,1435.1592651022133,1599.0991669672976,0.0,0.0,641.84,0.0,537.2,0,0,0,3072,-1435.1592651022133
Data,1887,207.29250450127984,1317.424279510393,1627.58749549872,0.0,0.0,640.72,0.0,540.4,0,0,0,3016,-1317.4242795103928
Data,1888,1368.9263536184112,0.0,432.2036463815889,1220.5097074995863,0.0,668.67,0.0,537.2,0,0,0,3007,-1220.5097074995865
Data,1889,0.0,1093.0959575536592,1823.8700000000001,203.77260652106384,0.0,733.53,0.0,543.6,0,0,0,3101,-1296.868564074723
Data,1890,709.9880148256273,0.0,1158.0119851743727,1208.3957514882443,0.0,762.6,0.0,540.4,0,0,0,3171,-1208.395751488244
Data,1891,293.69255217665363,0.0,1547.0974478233463,553.2658340952751,0.0,781.61,0.0,543.6,0,0,0,3166,-553.2658340952748
Data,1892,47.25756382753456,0.0,1880.1224361724655,414.90157675419255,0.0,776.02,0.0,543.6,0,0,0,3247,-414.90157675419243
Data,1893,1.2814724004146063,0.0,1810.9485275995853,551.158646028111,0.0,779.37,0.0,540.4,0,0,0,3132,-551.158646028111
Data,1894,0.0,0.0,1711.94,542.8916950404337,0.0,723.46,0.0,543.6,0,0,0,2979,-542.8916950404338
Data,1895,0.0,0.0,1696.15,654.1170378210268,0.0,655.25,0.0,543.6,0,0,0,2895,-654.1170378210269
Data,1896,0.0,0.0,1628.35,463.04759101000354,0.0,655.25,0.0,540.4,0,0,0,2824,-463.04759101000343
Data,1897,0.0,0.0,1526.5299999999997,1029.679078515659,0.0,644.07,0.0,540.4,0,0,0,2711,-1029.6790785156588
Data,1898,0.0,0.0,1532.2199999999998,1270.903342244546,0.0,675.38,0.0,540.4,0,0,0,2748,-1270.9033422445457
Data,1899,0.0,0.0,1692.4300000000003,1348.2414160041658,0.0,656.37,0.0,537.2,0,0,0,2886,-1348.2414160041662
Data,1900,0.0,0.0,1756.62,1257.0789118893035,0.0,699.98,0.0,540.4,0,0,0,2997,-1257.0789118893035
Data,1901,0.0,0.0,1741.7399999999998,1219.8346254645357,0.0,698.86,0.0,540.4,0,0,0,2981,-1219.8346254645355
Data,1902,97.05191995793069,0.0,1534.7680800420694,1318.7225995701124,0.0,699.98,0.0,537.2,0,0,0,2869,-1318.7225995701126
Data,1903,0.0,412.4510454477297,1505.85,1255.1269298027178,0.0,697.75,0.0,540.4,0,0,0,2744,-1667.5779752504473
Data,1904,0.0,846.6348167065726,2030.38,557.0970180039949,0.0,628.42,0.0,35.2,0,0,0,2694,-1403.7318347105675
Data,1905,0.0,1273.1559060608952,2154.3,389.9102495292291,0.0,627.3,0.0,38.4,0,0,0,2820,-1663.0661555901245
Data,1906,0.0,1646.0120695856103,2217.9700000000003,160.50080941473243,0.0,622.83,0.0,35.2,0,0,0,2876,-1806.512879000343
Data,1907,67.346153106977,1811.083165917095,2210.373846893023,0.0,0.0,613.88,0.0,38.4,0,0,0,2930,-1811.0831659170947
Data,1908,335.6156704862708,1591.3526847657502,2011.6343295137292,0.0,0.0,618.35,0.0,38.4,0,0,0,3004,-1591.3526847657502
Data,1909,1852.9044810076502,0.0,483.08551899235,1497.2056494939582,0.0,584.81,0.0,35.2,0,0,0,2956,-1497.2056494939584
Data,1910,285.4357102853364,1530.4368336001282,2016.0742897146638,0.0,0.0,608.29,0.0,35.2,0,0,0,2945,-1530.4368336001285
Data,1911,1713.6947343258757,0.0,575.9052656741242,1567.7133729508423,0.0,615.0,0.0,38.4,0,0,0,2943,-1567.7133729508423
Data,1912,72.24668120002798,1457.5698399153357,2196.1233187999724,0.0,0.0,647.43,0.0,35.2,0,0,0,2951,-1457.569839915336
Data,1913,271.9460428161037,919.4833070959007,1863.6139571838962,0.0,0.0,764.84,0.0,192.6,0,0,0,3093,-919.4833070959007
Data,1914,773.8524148626163,0.0,1063.2975851373835,1078.1997504484953,0.0,808.45,0.0,540.4,0,0,0,3186,-1078.1997504484953
Data,1915,301.35523408117365,0.0,1553.4147659188263,374.8288799890213,0.0,819.63,0.0,543.6,0,0,0,3218,-374.8288799890215
Data,1916,39.59488192301457,0.0,1928.0851180769853,155.25510366365666,0.0,812.92,0.0,540.4,0,0,0,3321,-155.25510366365666
Data,1917,1.2814724004146063,0.0,1851.0285275995852,287.3387359649455,0.0,805.09,0.0,543.6,0,0,0,3201,-287.3387359649455
Data,1918,0.0,0.0,1797.4499999999998,300.13763432036285,0.0,673.15,0.0,540.4,0,0,0,3011,-300.1376343203626
Data,1919,0.0,0.0,1621.5500000000002,79.27725887694623,0.0,660.85,0.0,543.6,0,0,0,2826,-79.27725887694646
Data,1920,0.0,0.0,1506.3,143.32522481093883,0.0,627.3,0.0,540.4,0,0,0,2674,-143.32522481093872
Data,1921,0.0,0.0,1511.818001740034,0.0,285.22199825996586,563.56,0.0,189.4,0,0,0,2550,285.22199825996597
Data,1922,0.0,0.0,1612.3691586715386,0.0,185.03084132846152,590.4,0.0,186.2,0,0,0,2574,185.03084132846146
Data,1923,0.0,0.0,1468.4499999999998,276.0391374251269,0.0,673.15,0.0,540.4,0,0,0,2682,-276.0391374251267
Data,1924,0.0,0.0,1704.8528000000001,260.7082817076007,0.0,658.61,0.0,495.5372,0,0,0,2859,-260.7082817076008
Data,1925,0.0,0.0,1654.5800000000002,232.43425025487272,0.0,702.22,0.0,537.2,0,0,0,2894,-232.43425025487295
Data,1926,105.99607426286528,0.0,1842.2039257371346,103.8715192734619,0.0,713.4,0.0,189.4,0,0,0,2851,-103.87151927346193
Data,1927,0.0,500.58496359869343,1605.02,195.36193080643625,0.0,724.58,0.0,540.4,0,0,0,2870,-695.9468944051296
Data,1928,127.1694891604443,847.1679751221388,1881.950510839556,0.0,0.0,687.68,0.0,186.2,0,0,0,2883,-847.1679751221391
Data,1929,93.50791165124747,1336.7198972033239,2218.352088348752,0.0,0.0,678.74,0.0,189.4,0,0,0,3180,-1336.7198972033236
Data,1930,126.30049644187784,1808.3305407146631,2474.029503558122,0.0,0.0,693.27,0.0,189.4,0,0,0,3483,-1808.3305407146631
Data,1931,2280.6808902644198,0.0,330.72910973558055,1943.070551287481,0.0,694.39,0.0,186.2,0,0,0,3492,-1943.0705512874813
Data,1932,2422.427429249056,0.0,277.2625707509442,1691.5808903276238,0.0,670.91,0.0,189.4,0,0,0,3560,-1691.5808903276238
Data,1933,442.89809155640387,1985.9105471967573,2092.141908443596,0.0,0.0,612.76,0.0,186.2,0,0,0,3334,-1985.9105471967573
Data,1934,493.5124491541087,1834.4260049378458,2078.5375508458915,0.0,0.0,667.55,0.0,189.4,0,0,0,3429,-1834.426004937846
Data,1935,537.8098017413963,1553.866985710853,1994.6401982586035,0.0,0.0,673.15,0.0,189.4,0,0,0,3395,-1553.8669857108528
Data,1936,531.7287616311819,1208.7984356094976,1928.2012383688184,0.0,0.0,717.87,0.0,186.2,0,0,0,3364,-1208.7984356094978
Data,1937,65.03538805522521,1224.701201717157,2054.514611944775,0.0,0.0,802.85,0.0,543.6,0,0,0,3466,-1224.7012017171571
Data,1938,832.590925297947,0.0,1222.469074702053,1411.6541751073185,0.0,826.34,0.0,543.6,0,0,0,3425,-1411.6541751073187
Data,1939,0.0,323.0879598922867,2012.61,775.0378088079553,0.0,841.99,0.0,540.4,0,0,0,3395,-1098.1257687002417
Data,1940,45.976091427119954,0.0,1995.9039085728803,617.0841596305602,0.0,837.52,0.0,543.6,0,0,0,3423,-617.0841596305605
Data,1941,0.0,0.0,1911.54,1066.4537577429169,0.0,821.86,0.0,543.6,0,0,0,3277,-1066.4537577429169
Data,1942,0.0,0.0,1820.0500000000002,789.3662810313331,0.0,722.35,0.0,543.6,0,0,0,3086,-789.3662810313333
Data,1943,0.0,0.0,1681.44,1136.747614249452,0.0,711.16,0.0,540.4,0,0,0,2933,-1136.747614249452
Data,1944,0.0,0.0,1548.83,452.32241270583836,0.0,705.57,0.0,543.6,0,0,0,2798,-452.32241270583836
Data,1945,0.0,0.0,1477.5099999999998,298.84062009201693,0.0,682.09,0.0,540.4,0,0,0,2700,-298.8406200920167
Data,1946,0.0,0.0,1504.6299999999999,115.47349819449983,0.0,680.97,0.0,540.4,0,0,0,2726,-115.47349819449971
Data,1947,0.0,0.0,1613.75,58.31237049487322,0.0,679.85,0.0,540.4,0,0,0,2834,-58.31237049487322
Data,1948,0.0,0.0,1764.205300801139,0.0,16.324699198861254,693.27,0.0,537.2,0,0,0,3011,16.324699198861026
Data,1949,0.0,0.0,1726.4899999999998,260.04497434649215,0.0,720.11,0.0,540.4,0,0,0,2987,-260.0449743464919
Data,1950,112.37728376697069,0.0,1578.9327162330292,284.9906177259711,0.0,731.29,0.0,540.4,0,0,0,2963,-284.990617725971
Data,1951,519.7285921110097,0.0,1147.5814078889903,702.7565157033521,0.0,731.29,0.0,540.4,0,0,0,2939,-702.756515703352
Data,1952,69.83005048665518,909.6071508996188,1669.3999495133448,0.0,0.0,656.37,0.0,540.4,0,0,0,2936,-909.6071508996188
Data,1953,177.35460374368995,1223.4777973952482,1870.00539625631,0.0,0.0,617.24,0.0,540.4,0,0,0,3205,-1223.4777973952482
Data,1954,1836.2976447981957,0.0,358.55235520180463,1604.306185852745,0.0,623.95,0.0,537.2,0,0,0,3356,-1604.3061858527456
Data,1955,390.2917111039028,1765.2494763853351,1844.1282888960973,0.0,0.0,626.18,0.0,540.4,0,0,0,3401,-1765.2494763853351
Data,1956,432.5524248613399,1860.8908844112905,1852.2975751386605,0.0,0.0,623.95,0.0,537.2,0,0,0,3446,-1860.890884411291
Data,1957,2108.48,139.01337034347853,0.0,1969.6967947188095,0.0,616.12,0.0,540.4,0,0,0,3265,-2108.710165062288
Data,1958,-0.0,2121.0721951678825,2191.71,286.09101057730743,0.0,632.89,0.0,540.4,0,0,0,3365,-2407.1632057451898
Data,1959,-0.0,1895.0361552335262,2228.03,166.0422427647245,0.0,631.77,0.0,537.2,0,0,0,3397,-2061.0783979982507
Data,1960,1547.7048297252327,0.0,699.115170274767,1815.48299890319,0.0,650.78,0.0,540.4,0,0,0,3438,-1815.4829989031896
Data,1961,-0.0,1170.978096501306,2292.3199999999997,287.696769294198,0.0,712.28,0.0,540.4,0,0,0,3545,-1458.6748657955036
Data,1962,747.0199519478126,0.0,1364.0100480521876,1811.4778037813096,0.0,779.37,0.0,543.6,0,0,0,3434,-1811.47780378131
Data,1963,0.0,324.34327979473363,2059.31,902.0993676833045,0.0,805.09,0.0,543.6,0,0,0,3408,-1226.442647478038
Data,1964,47.25756382753456,0.0,2062.0124361724656,408.8472550165916,0.0,807.33,0.0,540.4,0,0,0,3457,-408.8472550165916
Data,1965,0.0,0.0,1949.31,254.63147632257915,0.0,805.09,0.0,543.6,0,0,0,3298,-254.63147632257915
Data,1966,0.0,0.0,1849.89,420.85396103297967,0.0,695.51,0.0,543.6,0,0,0,3089,-420.8539610329798
Data,1967,0.0,0.0,1695.9,299.2418289123186,0.0,676.5,0.0,543.6,0,0,0,2916,-299.24182891231874
Data,1968,0.0,0.0,1577.81,423.06446488720985,0.0,669.79,0.0,540.4,0,0,0,2788,-423.06446488720974
Data,1969,0.0,0.0,1481.82,780.8978897753593,0.0,650.78,0.0,540.4,0,0,0,2673,-780.8978897753592
Data,1970,0.0,0.0,1455.46,822.90594345315,0.0,654.14,0.0,540.4,0,0,0,2650,-822.90594345315
Data,1971,0.0,0.0,1569.57,755.868455838284,0.0,672.03,0.0,540.4,0,0,0,2782,-755.8684558382839
Data,1972,0.0,0.0,1727.34,467.29347494116814,0.0,674.26,0.0,540.4,0,0,0,2942,-467.29347494116803
Data,1973,0.0,0.0,1721.0500000000002,727.5871416752971,0.0,697.75,0.0,537.2,0,0,0,2956,-727.5871416752973
Data,1974,98.3333923583453,0.0,1529.8766076416548,888.9982231867282,0.0,694.39,0.0,540.4,0,0,0,2863,-888.9982231867284
Data,1975,0.0,446.94619026705357,1632.81,998.7375659581121,0.0,669.79,0.0,540.4,0,0,0,2843,-1445.6837562251658
Data,1976,114.65305719517391,776.6763785381039,2062.7069428048258,0.0,0.0,617.24,0.0,189.4,0,0,0,2984,-776.6763785381037
Data,1977,183.32061255671806,1165.1544876509947,2095.627787443282,0.0,0.0,606.05,0.0,356.0016,0,0,0,3241,-1165.154487650995
Data,1978,624.7365134671713,1147.6967312940353,2095.0434865328284,0.0,0.0,603.82,0.0,38.4,0,0,0,3362,-1147.696731294035
Data,1979,540.4920051592821,1555.0291994942108,2179.6479948407177,0.0,0.0,600.46,0.0,38.4,0,0,0,3359,-1555.0291994942108
Data,1980,2161.9223969933437,0.0,589.2776030066561,1554.4078012008868,0.0,590.4,0.0,38.4,0,0,0,3380,-1554.4078012008865
Data,1981,639.7249161899424,1403.4389875323254,1972.2150838100576,0.0,0.0,575.86,0.0,35.2,0,0,0,3223,-1403.4389875323254
Data,1982,757.5878818419992,920.3563877621059,2004.0821181580009,0.0,0.0,585.93,0.0,38.4,0,0,0,3386,-920.3563877621059
Data,1983,1363.800464016753,0.0,1349.4995359832471,656.8076881469872,0.0,627.3,0.0,38.4,0,0,0,3379,-656.8076881469873
Data,1984,1003.7067195002486,0.0,1697.1032804997512,317.01439075798,0.0,669.79,0.0,38.4,0,0,0,3409,-317.01439075797987
Data,1985,383.30607413042117,281.9873216685007,2314.3339258695787,0.0,0.0,784.96,0.0,38.4,0,0,0,3521,-281.9873216685004
Data,1986,443.10177306580965,0.0,2130.3782269341905,446.27367835339237,0.0,812.92,0.0,41.6,0,0,0,3428,-446.27367835339237
Data,1987,214.52894082859217,0.0,2338.181059171408,412.47014100406477,0.0,829.69,0.0,41.6,0,0,0,3424,-412.4701410040649
Data,1988,37.031937122185354,0.0,2527.518062877815,170.99522550188658,0.0,852.05,0.0,38.4,0,0,0,3455,-170.99522550188672
Data,1989,1.2814724004146063,0.0,2414.5985275995854,310.914215460788,0.0,837.52,0.0,41.6,0,0,0,3295,-310.9142154607881
Data,1990,0.0,0.0,2266.73,393.2111304947334,0.0,791.67,0.0,41.6,0,0,0,3100,-393.2111304947334
Data,1991,0.0,0.0,2138.23,459.839404076532,0.0,730.17,0.0,41.6,0,0,0,2910,-459.839404076532
Data,1992,0.0,0.0,2027.55,331.43318747028957,0.0,729.05,0.0,38.4,0,0,0,2795,-331.43318747028945
Data,1993,0.0,0.0,1911.02,387.78779330939324,0.0,724.58,0.0,38.4,0,0,0,2674,-387.78779330939324
Data,1994,0.0,0.0,1912.6599999999999,152.3431139434033,0.0,727.94,0.0,38.4,0,0,0,2679,-152.3431139434032
Data,1995,0.0,0.0,2024.2600000000002,28.78294556647279,0.0,752.54,0.0,35.2,0,0,0,2812,-28.782945566472975
Data,1996,0.0,0.0,2154.2799999999997,40.363038797663194,0.0,788.32,0.0,38.4,0,0,0,2981,-40.36303879766299
Data,1997,0.0,0.0,2108.532385958153,0.0,54.56761404184681,799.5,0.0,38.4,0,0,0,3001,54.5676140418469
Data,1998,84.28950094971992,0.0,1994.54049905028,142.04698571149515,0.0,803.97,0.0,35.2,0,0,0,2918,-142.04698571149487
Data,1999,266.8862417598175,0.0,1896.5937582401825,81.3591558359035,0.0,739.12,0.0,38.4,0,0,0,2941,-81.35915583590352
Data,2000,483.9781273892388,0.0,1289.2208863806577,0.0,592.2409862301035,711.16,0.0,38.4,0,0,0,3115,592.2409862301038
Data,2001,795.5589881757618,0.0,1333.5635081842374,0.0,535.7475036400011,708.93,0.0,35.2,0,0,0,3409,535.7475036400007
Data,2002,1073.9261765433753,0.0,1411.4737146361024,0.0,380.1601088205223,691.04,0.0,38.4,0,0,0,3595,380.1601088205224
Data,2003,1268.1996390833572,50.906205906690275,1604.270360916643,0.0,0.0,684.33,0.0,35.2,0,0,0,3592,-50.90620590669057
Data,2004,1126.3316009197702,372.8341925775135,1800.0583990802297,0.0,0.0,683.21,0.0,38.4,0,0,0,3648,-372.83419257751336
Data,2005,754.007884005211,690.2638162579856,1815.2321159947887,0.0,0.0,637.36,0.0,189.4,0,0,0,3396,-690.2638162579854
Data,2006,886.2310234261611,268.166389363658,1860.1389765738393,0.0,0.0,647.43,0.0,186.2,0,0,0,3580,-268.1663893636583
Data,2007,850.4792339078163,0.0,1665.7532627968149,0.0,207.21750329536872,673.15,0.0,189.4,0,0,0,3586,207.2175032953689
Data,2008,718.9321691305618,0.0,1680.9733587951168,0.0,279.7444720743215,692.15,0.0,186.2,0,0,0,3558,279.74447207432144
Data,2009,667.856340599751,0.0,1574.526791780749,0.0,446.7268676195001,731.29,0.0,192.6,0,0,0,3613,446.7268676195
Data,2010,449.50913506788277,0.0,1799.5118695201415,0.0,348.278995411976,750.3,0.0,189.4,0,0,0,3537,348.27899541197587
Data,2011,187.722630411756,0.0,1498.0927876681021,0.0,829.7345819201419,783.85,0.0,192.6,0,0,0,3492,829.7345819201416
Data,2012,31.93220001849458,0.0,1562.3559030964695,0.0,913.8118968850356,799.5,0.0,189.4,0,0,0,3497,913.8118968850357
Data,2013,0.0,0.0,1798.0488372854975,0.0,670.0311627145024,788.32,0.0,41.6,0,0,0,3298,670.0311627145024
Data,2014,0.0,0.0,2016.6332070626343,0.0,318.7867929373658,749.18,0.0,38.4,0,0,0,3123,318.7867929373658
Data,2015,0.0,0.0,2039.8325822626982,0.0,186.97741773730172,743.59,0.0,41.6,0,0,0,3012,186.97741773730175
Data,2016,0.0,0.0,2064.4393701038784,0.0,42.02062989612159,727.94,0.0,41.6,0,0,0,2876,42.0206298961215
Data,2017,0.0,0.0,1520.680488818463,0.0,498.8395111815373,712.28,0.0,35.2,0,0,0,2767,498.83951118153715
Data,2018,0.0,0.0,1385.7080921100105,0.0,633.4319078899894,723.46,0.0,38.4,0,0,0,2781,633.4319078899895
Data,2019,0.0,0.0,1232.7018021544116,0.0,894.4881978455885,732.41,0.0,38.4,0,0,0,2898,894.4881978455885
Data,2020,0.0,0.0,1278.6327993664736,0.0,1037.1172006335264,729.05,0.0,35.2,0,0,0,3080,1037.1172006335264
Data,2021,0.0,0.0,1482.6640297235917,0.0,856.5859702764083,722.35,0.0,38.4,0,0,0,3100,856.5859702764083
Data,2022,88.1077656529961,0.0,1449.7230312605586,0.0,784.2792030864455,706.69,0.0,35.2,0,0,0,3064,784.2792030864452
Data,2023,303.91817888200285,0.0,1576.2506902810146,0.0,514.8611308369823,705.57,0.0,38.4,0,0,0,3139,514.8611308369825
Data,2024,532.4910111192205,0.0,1644.3193233826316,0.0,354.92966549814764,698.86,0.0,38.4,0,0,0,3269,354.9296654981481
Data,2025,859.3972357147833,0.0,1641.876267017351,0.0,325.0764972678661,704.45,0.0,35.2,0,0,0,3566,325.0764972678658
Data,2026,1224.6168698329461,0.0,1605.1948176285314,0.0,174.63831253852277,722.35,0.0,35.2,0,0,0,3762,174.63831253852248
Data,2027,935.628186440721,549.493715647937,2081.0518135592793,0.0,0.0,739.12,0.0,35.2,0,0,0,3791,-549.4937156479376
Data,2028,960.0868632170373,623.3684312299661,2061.173136782963,0.0,0.0,752.54,0.0,35.2,0,0,0,3809,-623.3684312299663
Data,2029,1095.6224123623736,459.74509926737915,1715.8275876376267,0.0,0.0,741.35,0.0,35.2,0,0,0,3588,-459.74509926737943
Data,2030,1574.5111401420688,0.0,1105.5121055439593,0.0,176.3267543139723,808.45,0.0,35.2,0,0,0,3700,176.32675431397166
Data,2031,1460.8523839746836,0.0,998.370754789052,0.0,340.0568612362647,837.52,0.0,35.2,0,0,0,3672,340.0568612362645
Data,2032,1236.1239689387098,0.0,1178.1528138224746,0.0,293.8232172388159,848.7,0.0,35.2,0,0,0,3592,293.8232172388155
Data,2033,915.7642305328891,53.47349664600324,1810.865769467111,0.0,0.0,853.17,0.0,35.2,0,0,0,3615,-53.47349664600331
Data,2034,675.519022504271,0.0,1799.610977495729,729.6896902897647,0.0,865.47,0.0,189.4,0,0,0,3530,-729.6896902897648
Data,2035,39.607137331069225,243.8859406382029,2370.6828626689307,0.0,0.0,892.31,0.0,189.4,0,0,0,3492,-243.88594063820292
Data,2036,42.13167422587614,0.0,1759.3855776139326,0.0,596.7127481601913,902.37,0.0,189.4,0,0,0,3490,596.7127481601915
Data,2037,0.0,0.0,1437.6260219472829,0.0,774.533978052717,912.44,0.0,189.4,0,0,0,3314,774.5339780527171
Data,2038,0.0,0.0,1526.3957487754367,0.0,495.40425122456327,934.8,0.0,189.4,0,0,0,3146,495.4042512245634
Data,2039,0.0,0.0,1511.1880616070368,0.0,376.1419383929631,939.27,0.0,189.4,0,0,0,3016,376.1419383929632
Data,2040,0.0,0.0,1450.356296387385,0.0,339.85370361261494,940.39,0.0,189.4,0,0,0,2920,339.85370361261494
Data,2041,0.0,0.0,1577.3277869714427,0.0,100.78221302855741,952.69,0.0,186.2,0,0,0,2817,100.78221302855724
Data,2042,0.0,0.0,1660.5700000000002,63.14313166879879,0.0,967.23,0.0,186.2,0,0,0,2814,-63.14313166879896
Data,2043,0.0,0.0,1765.69,161.5477312368655,0.0,966.11,0.0,186.2,0,0,0,2918,-161.54773123686556
Data,2044,0.0,0.0,1892.55,864.1418335947394,0.0,975.05,0.0,189.4,0,0,0,3057,-864.1418335947393
Data,2045,0.0,0.0,1897.8600000000001,597.8599031008857,0.0,973.94,0.0,186.2,0,0,0,3058,-597.859903100886
Data,2046,100.87018466120688,0.0,1658.0598153387934,803.2795858491934,0.0,963.87,0.0,186.2,0,0,0,2909,-803.2795858491938
Data,2047,0.0,480.1337101879951,1826.23,190.0378659766343,0.0,951.57,0.0,35.2,0,0,0,2813,-670.1715761646298
Data,2048,925.7984280546339,0.0,934.9715719453663,1123.2179509110317,0.0,918.03,0.0,35.2,0,0,0,2814,-1123.217950911032
Data,2049,-0.0,1375.307563122517,1953.19,608.4583550373497,0.0,904.61,0.0,35.2,0,0,0,2893,-1983.7659181598665
Data,2050,-0.0,1856.7227457109266,2193.65,587.4052428389239,0.0,938.15,0.0,35.2,0,0,0,3167,-2444.12798854985
Data,2051,0.0,2206.617016020049,2352.19,512.9827004190392,0.0,904.61,0.0,35.2,0,0,0,3292,-2719.5997164390883
Data,2052,2393.05817403139,0.0,34.09182596861001,2566.982466399215,0.0,876.65,0.0,35.2,0,0,0,3339,-2566.982466399215
Data,2053,2372.33,92.22910347493234,0.0,2486.254529342131,0.0,865.47,0.0,35.2,0,0,0,3273,-2578.483632817063
Data,2054,-0.0,2409.6650102408453,2418.03,536.7081104027706,0.0,877.77,0.0,35.2,0,0,0,3331,-2946.373120643616
Data,2055,-0.0,2205.3355436196343,2343.67,390.9476251476408,0.0,881.13,0.0,35.2,0,0,0,3260,-2596.283168767275
Data,2056,0.0,1809.4651818833918,2363.8500000000004,627.7125589972011,0.0,869.95,0.0,35.2,0,0,0,3269,-2437.1777408805933
Data,2057,-0.0,1317.8505250876005,2477.77,410.352039951583,0.0,868.83,0.0,38.4,0,0,0,3385,-1728.2025650391834
Data,2058,845.353344306158,0.0,1633.116655693842,1221.799569809219,0.0,881.13,0.0,38.4,0,0,0,3398,-1221.7995698092188
Data,2059,0.0,337.13185130091205,2418.23,924.3666803863202,0.0,902.37,0.0,38.4,0,0,0,3359,-1261.4985316872321
Data,2060,0.0,44.694619026705354,2290.91,945.5326205019414,0.0,952.69,0.0,189.4,0,0,0,3433,-990.2272395286467
Data,2061,0.0,0.0,2171.62,1212.8976491940389,0.0,945.98,0.0,189.4,0,0,0,3307,-1212.8976491940389
Data,2062,0.0,0.0,2082.3,1220.2907097734233,0.0,873.3,0.0,189.4,0,0,0,3145,-1220.2907097734235
Data,2063,0.0,0.0,1989.8899999999999,1027.0999033448538,0.0,867.71,0.0,189.4,0,0,0,3047,-1027.0999033448538
Data,2064,0.0,0.0,1888.8700000000001,1198.459338296551,0.0,856.53,0.0,192.6,0,0,0,2938,-1198.459338296551
Data,2065,0.0,0.0,1791.8200000000002,1304.5340395243898,0.0,822.98,0.0,186.2,0,0,0,2801,-1304.53403952439
Data,2066,0.0,0.0,1787.6400000000003,1570.4421541245883,0.0,834.16,0.0,186.2,0,0,0,2808,-1570.4421541245886
Data,2067,0.0,0.0,1860.0200000000002,1568.9302346360462,0.0,896.78,0.0,186.2,0,0,0,2943,-1568.9302346360464
Data,2068,0.0,0.0,1990.5000000000002,1222.507317365564,0.0,873.3,0.0,186.2,0,0,0,3050,-1222.5073173655642
Data,2069,0.0,0.0,1948.6499999999999,1213.8504784006689,0.0,869.95,0.0,189.4,0,0,0,3008,-1213.8504784006689
Data,2070,98.3333923583453,0.0,1810.5866076416548,1343.380572111543,0.0,859.88,0.0,186.2,0,0,0,2955,-1343.3805721115432
Data,2071,0.0,412.4510454477297,1971.3500000000001,1046.2185144625676,0.0,808.45,0.0,35.2,0,0,0,2815,-1458.6695599102973
Data,2072,0.0,709.9880148256273,1944.9500000000003,1172.1155674482507,0.0,802.85,0.0,35.2,0,0,0,2783,-1882.103582273878
Data,2073,-0.0,1079.052066145034,2136.3,812.791806964296,0.0,799.5,0.0,35.2,0,0,0,2971,-1891.8438731093302
Data,2074,-0.0,1519.5908944100142,2236.4700000000003,675.3403020121876,0.0,807.33,0.0,35.2,0,0,0,3079,-2194.9311964222024
Data,2075,1869.4851647191372,0.0,426.6948352808631,2616.538709832111,0.0,800.62,0.0,35.2,0,0,0,3132,-2616.5387098321116
Data,2076,0.0,2076.377576141177,2339.3,657.087630767031,0.0,799.5,0.0,35.2,0,0,0,3174,-2733.465206908208
Data,2077,0.0,2211.71675312374,2367.9500000000003,430.92522942283995,0.0,783.85,0.0,35.2,0,0,0,3187,-2642.6419825465805
Data,2078,2227.04211693278,0.0,130.60788306721997,3318.7471204586154,0.0,796.15,0.0,35.2,0,0,0,3189,-3318.7471204586154
Data,2079,-0.0,2048.2636408259586,2291.8900000000003,925.6867099700414,0.0,793.91,0.0,35.2,0,0,0,3121,-2973.9503507960003
Data,2080,0.0,1700.932315317665,2321.33,164.67298855510853,0.0,791.67,0.0,32.0,0,0,0,3145,-1865.6053038727732
Data,2081,93.82061511638585,1144.8401461251856,2275.899384883614,0.0,0.0,859.88,0.0,38.4,0,0,0,3268,-1144.8401461251854
Data,2082,761.0899958544055,0.0,1334.3615041455946,1786.0960438299044,0.0,909.08,0.0,369.4685,0,0,0,3374,-1786.0960438299046
Data,2083,302.63670648158825,0.0,1640.9832935184118,1130.2113207549774,0.0,945.98,0.0,540.4,0,0,0,3430,-1130.2113207549774
Data,2084,0.0,39.59488192301457,2004.4499999999998,747.0665820501977,0.0,938.15,0.0,540.4,0,0,0,3483,-786.6614639732122
Data,2085,0.0,0.0,1986.8899999999999,782.9059685066995,0.0,867.71,0.0,540.4,0,0,0,3395,-782.9059685066994
Data,2086,0.0,0.0,1790.3400000000001,878.2041971760741,0.0,871.06,0.0,543.6,0,0,0,3205,-878.2041971760742
Data,2087,0.0,0.0,1602.08,1002.3290123503566,0.0,837.52,0.0,540.4,0,0,0,2980,-1002.3290123503565
Data,2088,0.0,0.0,1511.75,924.5520520700898,0.0,802.85,0.0,540.4,0,0,0,2855,-924.5520520700898
Data,2089,0.0,0.0,1373.4900000000002,1294.5557876632247,0.0,769.31,0.0,537.2,0,0,0,2680,-1294.555787663225
Data,2090,0.0,0.0,1522.0861,1032.4766530996944,0.0,830.81,0.0,347.1039,0,0,0,2700,-1032.4766530996944
Data,2091,0.0,0.0,1447.69,809.566064018541,0.0,843.11,0.0,537.2,0,0,0,2828,-809.5660640185412
Data,2092,0.0,0.0,1559.63,405.23265751756503,0.0,853.17,0.0,537.2,0,0,0,2950,-405.23265751756514
Data,2093,0.0,0.0,1904.6757000000002,272.43301135046477,0.0,862.12,0.0,239.2043,0,0,0,3006,-272.433011350465
Data,2094,0.0,91.95218285423991,1905.21,203.95483056025114,0.0,866.59,0.0,186.2,0,0,0,2958,-295.9070134144909
Data,2095,375.41910832554436,0.0,1631.2308916744557,535.5541217472912,0.0,796.15,0.0,186.2,0,0,0,2989,-535.5541217472914
Data,2096,658.9121862948165,0.0,1468.1578137051838,609.3588955505811,0.0,782.73,0.0,186.2,0,0,0,3096,-609.3588955505813
Data,2097,460.657106843345,511.11741263840895,1928.666593156655,0.0,0.0,782.73,0.0,204.9463,0,0,0,3377,-511.1174126384089
Data,2098,646.136950136829,675.5318396540479,1931.4330498631707,0.0,0.0,795.03,0.0,189.4,0,0,0,3562,-675.5318396540475
Data,2099,132.14805919529135,1513.864010390319,2391.371940804709,0.0,0.0,835.28,0.0,186.2,0,0,0,3545,-1513.8640103903194
Data,2100,0.0,1958.874402772548,2221.5600000000004,328.0322914329731,0.0,863.24,0.0,537.2,0,0,0,3622,-2286.9066942055215
Data,2101,0.0,2105.7468313588424,2472.9900000000002,114.89341978587572,0.0,830.81,0.0,186.2,0,0,0,3490,-2220.640251144718
Data,2102,2017.6129132078786,0.0,604.2470867921215,2194.1350859108084,0.0,850.94,0.0,186.2,0,0,0,3659,-2194.1350859108084
Data,2103,0.0,1720.075943829981,2622.75,232.3852492062556,0.0,852.05,0.0,186.2,0,0,0,3661,-1952.4611930362366
Data,2104,-0.0,1278.255643164586,2154.54,699.146239402769,0.0,920.26,0.0,537.2,0,0,0,3612,-1977.4018825673552
Data,2105,0.0,902.810382341074,2182.85,569.6333819914944,0.0,962.75,0.0,540.4,0,0,0,3686,-1472.4437643325682
Data,2106,0.0,527.3912740155296,2070.72,407.35092264891045,0.0,982.88,0.0,540.4,0,0,0,3594,-934.7421966644399
Data,2107,0.0,219.62867793228293,2001.77,416.2239764756223,0.0,991.83,0.0,540.4,0,0,0,3534,-635.852654407905
Data,2108,31.93220001849458,0.0,1974.8177999815055,599.5865530638878,0.0,999.65,0.0,543.6,0,0,0,3550,-599.586553063888
Data,2109,0.0,0.0,1859.71,770.728525766956,0.0,1001.89,0.0,540.4,0,0,0,3402,-770.728525766956
Data,2110,0.0,0.0,1746.75,922.6961522804941,0.0,925.85,0.0,540.4,0,0,0,3213,-922.6961522804941
Data,2111,0.0,0.0,1547.3200000000002,1159.2116445290185,0.0,909.08,0.0,543.6,0,0,0,3000,-1159.2116445290187
Data,2112,0.0,0.0,1383.81,1280.3967613376976,0.0,915.79,0.0,540.4,0,0,0,2840,-1280.3967613376976
Data,2113,0.0,0.0,1280.19,1258.8386620592705,0.0,904.61,0.0,537.2,0,0,0,2722,-1258.8386620592705
Data,2114,0.0,0.0,1229.55,1248.580018868385,0.0,956.05,0.0,540.4,0,0,0,2726,-1248.5800188683847
Data,2115,0.0,0.0,1340.2800000000002,1163.3748801020188,0.0,960.52,0.0,537.2,0,0,0,2838,-1163.374880102019
Data,2116,0.0,0.0,1474.84,1053.0220529100523,0.0,981.76,0.0,540.4,0,0,0,2997,-1053.022052910052
Data,2117,0.0,0.0,1459.3300000000002,1042.3295555801326,0.0,988.47,0.0,537.2,0,0,0,2985,-1042.3295555801328
Data,2118,74.06387424437071,0.0,1364.676125755629,1060.020751159862,0.0,944.86,0.0,540.4,0,0,0,2924,-1060.0207511598617
Data,2119,211.96599602776297,0.0,1244.9340039722372,1391.0222573660797,0.0,897.9,0.0,537.2,0,0,0,2892,-1391.0222573660799
Data,2120,293.69255217665363,0.0,1633.8574478233465,1000.4183512325965,0.0,901.25,0.0,186.2,0,0,0,3015,-1000.4183512325965
Data,2121,0.0,450.7644549703298,1911.6999999999998,728.3460974909954,0.0,897.9,0.0,540.4,0,0,0,3350,-1179.1105524613251
Data,2122,275.31065865133496,439.8032457759507,2310.9993413486654,0.0,0.0,903.49,0.0,186.2,0,0,0,3676,-439.8032457759513
Data,2123,964.1118375772339,0.0,1610.368162422766,718.3545111711446,0.0,911.32,0.0,186.2,0,0,0,3672,-718.3545111711446
Data,2124,129.38381485790478,968.8118797994453,2201.7461851420953,0.0,0.0,914.67,0.0,537.2,0,0,0,3783,-968.8118797994454
Data,2125,152.73856110377028,873.9562041100382,2308.10143889623,0.0,0.0,907.96,0.0,186.2,0,0,0,3555,-873.9562041100387
Data,2126,0.0,898.9921176377978,2252.7700000000004,286.7535618254219,0.0,918.03,0.0,537.2,0,0,0,3708,-1185.7456794632203
Data,2127,0.0,1011.3694014047685,2593.05,122.43156835352102,0.0,913.55,0.0,189.4,0,0,0,3696,-1133.80096975829
Data,2128,0.0,1017.7506109088738,2494.53,315.56638994983996,0.0,939.27,0.0,186.2,0,0,0,3620,-1333.3170008587138
Data,2129,921.9801633513578,0.0,1592.0998366486422,1121.047536013197,0.0,960.52,0.0,189.4,0,0,0,3664,-1121.0475360131973
Data,2130,615.4990396685257,0.0,1863.5809603314742,986.3388001008375,0.0,960.52,0.0,189.4,0,0,0,3629,-986.3388001008374
Data,2131,268.16771416023215,0.0,2153.852285839768,843.1146450897631,0.0,970.58,0.0,189.4,0,0,0,3582,-843.1146450897631
Data,2132,48.512883729981525,0.0,2366.917116270018,763.5830870042828,0.0,976.17,0.0,189.4,0,0,0,3581,-763.5830870042826
Data,2133,1.2814724004146063,0.0,2188.318527599585,946.3767323033103,0.0,984.0,0.0,189.4,0,0,0,3363,-946.3767323033102
Data,2134,0.0,0.0,1982.1299999999999,1040.902710158229,0.0,988.47,0.0,189.4,0,0,0,3160,-1040.902710158229
Data,2135,0.0,0.0,1859.54,1201.747734437814,0.0,994.06,0.0,189.4,0,0,0,3043,-1201.747734437814
Data,2136,0.0,0.0,1733.2000000000003,1363.6227730378405,0.0,1008.6,0.0,186.2,0,0,0,2928,-1363.6227730378407
Data,2137,0.0,0.0,1779.67,1672.30684379053,0.0,1004.13,0.0,35.2,0,0,0,2819,-1672.30684379053
Data,2138,0.0,0.0,1727.73,1419.1937723457831,0.0,1013.07,0.0,35.2,0,0,0,2776,-1419.1937723457831
Data,2139,0.0,0.0,1833.0200000000002,1406.7098341909598,0.0,1019.78,0.0,35.2,0,0,0,2888,-1406.70983419096
Data,2140,0.0,0.0,1990.8600000000001,1596.0829197058251,0.0,1023.14,0.0,32.0,0,0,0,3046,-1596.0829197058251
Data,2141,0.0,0.0,2046.7800000000002,1416.0507589365407,0.0,1022.02,0.0,35.2,0,0,0,3104,-1416.050758936541
Data,2142,0.0,66.40119233985072,2027.6600000000003,1706.3116642095515,0.0,1023.14,0.0,35.2,0,0,0,3086,-1772.7128565494024
Data,2143,238.79845894256675,0.0,1805.1615410574332,2012.966784203149,0.0,1010.84,0.0,35.2,0,0,0,3090,-2012.966784203149
Data,2144,421.3951997526643,0.0,1732.864800247336,1218.4948836843387,0.0,998.54,0.0,35.2,0,0,0,3188,-1218.494883684339
Data,2145,0.0,641.050030182915,2487.35,775.4808939612221,0.0,999.65,0.0,32.0,0,0,0,3519,-1416.5309241441373
Data,2146,919.4172185505286,0.0,1725.3227814494717,1244.1215265237356,0.0,994.06,0.0,35.2,0,0,0,3674,-1244.1215265237358
Data,2147,1022.8503480125646,0.0,1634.0296519874355,1235.887351255959,0.0,1009.72,0.0,38.4,0,0,0,3705,-1235.8873512559592
Data,2148,0.0,1292.2995345732115,2664.25,209.74249195928496,0.0,1017.55,0.0,35.2,0,0,0,3717,-1502.0420265324965
Data,2149,-0.0,1488.966319289902,2489.79,420.91705186930955,0.0,1003.01,0.0,35.2,0,0,0,3528,-1909.8833711592115
Data,2150,0.0,1399.5770812364913,2657.96,213.25246160320012,0.0,1010.84,0.0,35.2,0,0,0,3704,-1612.8295428396914
Data,2151,-0.0,1284.6368526686913,2657.61,469.4586513383582,0.0,1014.19,0.0,35.2,0,0,0,3707,-1754.0955040070496
Data,2152,0.0,1110.9581136655606,2610.94,628.3908890690104,0.0,1018.66,0.0,38.4,0,0,0,3668,-1739.349002734571
Data,2153,795.5589881757618,0.0,1330.731011824238,1856.0999543905814,0.0,1015.31,0.0,540.4,0,0,0,3682,-1856.0999543905814
Data,2154,0.0,476.31544548471885,2216.5285,896.6810682230089,0.0,1015.31,0.0,422.1615,0,0,0,3654,-1372.9965137077277
Data,2155,191.54089511503219,0.0,1871.8691048849678,1021.3419604249902,0.0,1014.19,0.0,540.4,0,0,0,3618,-1021.3419604249901
Data,2156,28.08778281725076,0.0,1999.242217182749,677.9502187304586,0.0,1013.07,0.0,543.6,0,0,0,3584,-677.9502187304583
Data,2157,1.2814724004146063,0.0,2106.9189275995855,819.8153620859666,0.0,1007.48,0.0,291.3196,0,0,0,3407,-819.8153620859669
Data,2158,0.0,0.0,2005.12,830.8643137309095,0.0,1007.48,0.0,189.4,0,0,0,3202,-830.8643137309094
Data,2159,0.0,0.0,1857.8799999999999,1383.0224468255626,0.0,1009.72,0.0,189.4,0,0,0,3057,-1383.0224468255626
Data,2160,0.0,0.0,1681.8500000000001,1629.9891877986022,0.0,1017.55,0.0,192.6,0,0,0,2892,-1629.9891877986022
Data,2161,0.0,0.0,1532.73,1497.2189486809393,0.0,1013.07,0.0,186.2,0,0,0,2732,-1497.2189486809393
Data,2162,0.0,0.0,1530.1400000000003,1415.037164093259,0.0,1018.66,0.0,186.2,0,0,0,2735,-1415.0371640932592
Data,2163,0.0,0.0,1663.4099999999999,1189.5906297436245,0.0,1014.19,0.0,189.4,0,0,0,2867,-1189.5906297436245
Data,2164,0.0,0.0,1460.2500000000002,899.6232237681791,0.0,1017.55,0.0,537.2,0,0,0,3015,-899.6232237681793
Data,2165,0.0,0.0,1473.4900000000002,1088.876938898803,0.0,1015.31,0.0,537.2,0,0,0,3026,-1088.8769388988032
Data,2166,47.25756382753456,0.0,1736.6824361724655,854.4238236940489,0.0,1018.66,0.0,189.4,0,0,0,2992,-854.4238236940487
Data,2167,245.17966844667214,0.0,1532.900331553328,1163.4712383517074,0.0,1009.72,0.0,186.2,0,0,0,2974,-1163.4712383517076
Data,2168,475.0339730843043,0.0,1363.5160269156959,1468.719187232994,0.0,1005.25,0.0,186.2,0,0,0,3030,-1468.7191872329943
Data,2169,786.6148338708272,0.0,920.5651661291727,2026.807780825607,0.0,997.42,0.0,540.4,0,0,0,3245,-2026.8077808256069
Data,2170,1068.8264394396847,0.0,1153.9135605603155,1757.0224547351836,0.0,994.06,0.0,186.2,0,0,0,3403,-1757.0224547351838
Data,2171,1213.1359232251498,0.0,714.3640767748504,2865.165478906403,0.0,996.3,0.0,537.2,0,0,0,3461,-2865.165478906403
Data,2172,1342.0938907036075,0.0,594.3961092963928,3117.288347757097,0.0,1015.31,0.0,537.2,0,0,0,3489,-3117.2883477570977
Data,2173,-0.0,1314.0061078863569,1784.29,2136.900944836789,0.0,990.71,0.0,534.0,0,0,0,3309,-3450.907052723146
Data,2174,-0.0,1159.49714989351,2330.8500000000004,1145.1506721432747,0.0,1011.95,0.0,186.2,0,0,0,3529,-2304.6478220367853
Data,2175,753.4273139498855,0.0,1204.1226860501147,2116.8763494998934,0.0,1024.25,0.0,537.2,0,0,0,3519,-2116.876349499894
Data,2176,577.1856301459258,0.0,1379.7843698540742,1506.9717551700192,0.0,1041.03,0.0,534.0,0,0,0,3532,-1506.971755170019
Data,2177,0.0,383.08179023006437,2002.13,1190.8263842972078,0.0,1037.67,0.0,537.2,0,0,0,3577,-1573.9081745272722
Data,2178,231.13577703804677,0.0,1745.8742229619534,1192.611329220506,0.0,1038.79,0.0,537.2,0,0,0,3553,-1192.6113292205061
Data,2179,100.87018466120688,0.0,1839.8998153387934,735.6363551053041,0.0,1041.03,0.0,537.2,0,0,0,3519,-735.6363551053046
Data,2180,16.606836209454592,0.0,1939.2831637905456,749.618193907475,0.0,1039.91,0.0,537.2,0,0,0,3533,-749.6181939074754
Data,2181,0.0,0.0,1785.05,1174.952588461041,0.0,1036.55,0.0,540.4,0,0,0,3362,-1174.9525884610407
Data,2182,0.0,0.0,1624.44,1658.7920162018868,0.0,1006.36,0.0,537.2,0,0,0,3168,-1658.7920162018868
Data,2183,0.0,0.0,1551.7400000000002,1434.2178881340506,0.0,994.06,0.0,537.2,0,0,0,3083,-1434.2178881340508
Data,2184,0.0,0.0,1395.4500000000003,1906.654521646658,0.0,987.35,0.0,537.2,0,0,0,2920,-1906.6545216466584
Data,2185,0.0,0.0,1249.15,2066.1981489800037,0.0,980.65,0.0,537.2,0,0,0,2767,-2066.1981489800037
Data,2186,0.0,0.0,1213.6800000000003,1971.6192546179686,0.0,985.12,0.0,537.2,0,0,0,2736,-1971.619254617969
Data,2187,0.0,0.0,1365.88,1695.8415529590916,0.0,985.12,0.0,534.0,0,0,0,2885,-1695.8415529590916
Data,2188,0.0,0.0,1505.5600000000002,1437.1334000013728,0.0,986.24,0.0,537.2,0,0,0,3029,-1437.133400001373
Data,2189,0.0,0.0,1542.88,1010.1486166065465,0.0,985.12,0.0,534.0,0,0,0,3062,-1010.1486166065466
Data,2190,45.976091427119954,0.0,1418.33390857288,869.5987634905639,0.0,977.29,0.0,540.4,0,0,0,2982,-869.598763490564
Data,2191,219.62867793228293,0.0,1595.8413220677173,62.93680616178426,0.0,930.33,0.0,186.2,0,0,0,2932,-62.93680616178432
Data,2192,406.0698359436243,0.0,1202.9777196198813,0.0,286.58244443649414,926.97,0.0,189.4,0,0,0,3012,286.5824444364945
Data,2193,735.5390053400164,0.0,1141.4709946599837,30.7309764148431,0.0,915.79,0.0,537.2,0,0,0,3330,-30.730976414843326
Data,2194,979.834365823318,95.37328312047202,1203.783434176682,0.0,0.0,911.32,0.0,437.0622,0,0,0,3532,-95.37328312047208
Data,2195,1352.319517408957,0.0,778.7704825910432,501.63161842792397,0.0,916.91,0.0,502.0,0,0,0,3550,-501.6316184279241
Data,2196,887.6902571156272,740.4596563580815,1255.1597428843727,0.0,0.0,919.15,0.0,502.0,0,0,0,3564,-740.4596563580814
Data,2197,617.2901595668363,1045.3287462282285,1379.0398404331636,0.0,0.0,914.67,0.0,502.0,0,0,0,3413,-1045.3287462282283
Data,2198,749.482011110395,859.49812135303,1369.667988889605,0.0,0.0,925.85,0.0,502.0,0,0,0,3547,-859.4981213530301
Data,2199,149.03518938201455,1194.3401737220074,1970.9248106179855,0.0,0.0,937.04,0.0,502.0,0,0,0,3559,-1194.3401737220072
Data,2200,1130.1278946758446,0.0,1007.7221053241553,570.6694489202266,0.0,938.15,0.0,502.0,0,0,0,3578,-570.6694489202267
Data,2201,849.1977615074017,0.0,1357.198758306486,0.0,23.62348018611226,945.98,0.0,502.0,0,0,0,3678,23.623480186112374
Data,2202,531.2095387188058,0.0,1489.3865522065994,0.0,95.5739090745949,991.83,0.0,502.0,0,0,0,3610,95.57390907459501
Data,2203,251.56087795077752,0.0,1242.9724994963904,0.0,556.9966225528319,988.47,0.0,502.0,0,0,0,3542,556.9966225528322
Data,2204,40.85020182546154,0.0,981.04107810636,0.0,1027.8687200681788,986.24,0.0,502.0,0,0,0,3538,1027.8687200681784
Data,2205,1.2814724004146063,0.0,1028.2457304158552,0.0,872.3527971837302,985.12,0.0,502.0,0,0,0,3389,872.3527971837301
Data,2206,0.0,0.0,942.1063937635427,0.0,767.4836062364575,978.41,0.0,502.0,0,0,0,3190,767.4836062364574
Data,2207,0.0,0.0,839.0947735171322,0.0,782.6452264828678,920.26,0.0,502.0,0,0,0,3044,782.6452264828678
Data,2208,0.0,0.0,869.5346044227351,0.0,633.7253955772649,924.74,0.0,502.0,0,0,0,2930,633.7253955772649
Data,2209,0.0,0.0,980.5884753122248,0.0,432.8615246877753,913.55,0.0,502.0,0,0,0,2829,432.8615246877753
Data,2210,0.0,0.0,996.160937264741,0.0,383.10906273525893,905.73,0.0,502.0,0,0,0,2787,383.10906273525893
Data,2211,0.0,0.0,1485.75,17.286246233758447,0.0,901.25,0.0,502.0,0,0,0,2889,-17.286246233758447
Data,2212,0.0,0.0,1623.55,12.964887086504177,0.0,950.45,0.0,502.0,0,0,0,3076,-12.964887086504177
Data,2213,0.0,0.0,1607.19,426.3902931785881,0.0,953.81,0.0,502.0,0,0,0,3063,-426.3902931785881
Data,2214,53.63877333163995,0.0,1486.6312266683601,832.8570936220883,0.0,905.73,0.0,502.0,0,0,0,2948,-832.8570936220885
Data,2215,0.0,320.5250150914575,1440.98,482.0109183389004,0.0,899.02,0.0,502.0,0,0,0,2842,-802.535933430358
Data,2216,730.4392682363257,0.0,1120.0107317636744,614.070386485723,0.0,894.55,0.0,151.0,0,0,0,2896,-614.0703864857232
Data,2217,1177.3854585033791,0.0,827.7745414966207,730.2943078619953,0.0,887.84,0.0,151.0,0,0,0,3044,-730.2943078619952
Data,2218,386.53383249196645,1199.4844067558663,1745.1061675080334,0.0,0.0,883.36,0.0,151.0,0,0,0,3166,-1199.484406755866
Data,2219,407.48438582932977,1348.3681752203897,1709.79561417067,0.0,0.0,886.72,0.0,151.0,0,0,0,3155,-1348.3681752203895
Data,2220,478.730945145938,1201.776269258996,1678.789054854062,0.0,0.0,884.48,0.0,151.0,0,0,0,3193,-1201.776269258996
Data,2221,1709.8764696225994,0.0,436.8335303774006,1176.6499914203166,0.0,854.29,0.0,151.0,0,0,0,3152,-1176.6499914203166
Data,2222,648.7049290706248,1053.5088586474546,1604.0550709293755,0.0,0.0,863.24,0.0,151.0,0,0,0,3267,-1053.5088586474549
Data,2223,730.598697670009,901.3694805069761,1594.1613023299913,0.0,0.0,863.24,0.0,151.0,0,0,0,3339,-901.3694805069763
Data,2224,759.8400574399375,528.6412124299977,1564.6899425600623,0.0,0.0,865.47,0.0,151.0,0,0,0,3341,-528.6412124299975
Data,2225,932.205790056707,0.0,1117.794209943293,71.09639635183862,0.0,861.0,0.0,502.0,0,0,0,3413,-71.09639635183862
Data,2226,535.0539559200496,0.0,1411.2060440799505,767.6377016059855,0.0,924.74,0.0,502.0,0,0,0,3373,-767.6377016059857
Data,2227,218.373358029836,0.0,1723.9966419701639,480.75569088522184,0.0,942.63,0.0,502.0,0,0,0,3387,-480.7556908852215
Data,2228,34.46899232135615,0.0,2003.2610076786439,157.85715563410145,0.0,939.27,0.0,502.0,0,0,0,3479,-157.85715563410122
Data,2229,1.2814724004146063,0.0,1888.2085275995853,281.99999472738523,0.0,941.51,0.0,502.0,0,0,0,3333,-281.99999472738523
Data,2230,0.0,0.0,1795.94,464.84745612106644,0.0,871.06,0.0,502.0,0,0,0,3169,-464.84745612106644
Data,2231,0.0,0.0,1666.17,831.9435976853915,0.0,868.83,0.0,502.0,0,0,0,3037,-831.9435976853916
Data,2232,0.0,0.0,1618.8899999999999,1052.935008240545,0.0,843.11,0.0,502.0,0,0,0,2964,-1052.935008240545
Data,2233,0.0,0.0,1499.6,1390.7663668813766,0.0,836.4,0.0,502.0,0,0,0,2838,-1390.7663668813766
Data,2234,0.0,0.0,1469.48,1493.9125293934944,0.0,837.52,0.0,502.0,0,0,0,2809,-1493.9125293934944
Data,2235,0.0,0.0,1577.25,1431.1612630528198,0.0,839.75,0.0,502.0,0,0,0,2919,-1431.1612630528198
Data,2236,0.0,0.0,1640.51,1397.960620937891,0.0,903.49,0.0,502.0,0,0,0,3046,-1397.960620937891
Data,2237,0.0,0.0,1568.44,1500.8319701042674,0.0,932.56,0.0,502.0,0,0,0,3003,-1500.8319701042674
Data,2238,49.79435613039614,0.0,1379.9356438696038,1916.0122645790432,0.0,939.27,0.0,502.0,0,0,0,2871,-1916.012264579043
Data,2239,0.0,266.8862417598175,1396.87,1801.896968998803,0.0,881.13,0.0,502.0,0,0,0,2780,-2068.7832107586205
Data,2240,0.0,498.02201879786423,1433.24,949.9633642850802,0.0,858.76,0.0,502.0,0,0,0,2794,-1447.9853830829445
Data,2241,-0.0,892.6109081336924,1626.55,580.9102924259989,0.0,827.45,0.0,502.0,0,0,0,2956,-1473.5212005596916
Data,2242,1252.7046526501967,0.0,635.8453473498032,1479.0878262111585,0.0,808.45,0.0,502.0,0,0,0,3199,-1479.0878262111585
Data,2243,117.43569938775045,1377.9118294062569,1844.8243006122495,0.0,0.0,801.74,0.0,502.0,0,0,0,3266,-1377.9118294062569
Data,2244,1812.0281266842208,0.0,236.001873315779,1830.9109060526266,0.0,803.97,0.0,502.0,0,0,0,3354,-1830.9109060526264
Data,2245,0.0,1806.9283895805302,2118.9700000000003,327.6932818019818,0.0,795.03,0.0,502.0,0,0,0,3416,-2134.6216713825124
Data,2246,1624.305496272465,0.0,820.2445037275352,1202.7977136339146,0.0,808.45,0.0,151.0,0,0,0,3404,-1202.7977136339148
Data,2247,1343.375363104022,0.0,1109.4646368959782,1423.109417082814,0.0,834.16,0.0,151.0,0,0,0,3438,-1423.1094170828137
Data,2248,1127.5649498750154,0.0,1057.7450501249846,2026.9644923370975,0.0,829.69,0.0,502.0,0,0,0,3517,-2026.9644923370975
Data,2249,0.0,932.205790056707,2326.88,899.886764468614,0.0,862.12,0.0,502.0,0,0,0,3691,-1832.0925545253212
Data,2250,0.0,597.6368835566241,2344.51,1071.690716827583,0.0,903.49,0.0,502.0,0,0,0,3750,-1669.3276003842072
Data,2251,248.99793314994832,0.0,2066.9820668500515,916.6200604299647,0.0,899.02,0.0,502.0,0,0,0,3717,-916.6200604299647
Data,2252,35.750464721770754,0.0,2338.1695352782294,470.4358612900746,0.0,909.08,0.0,502.0,0,0,0,3785,-470.43586129007474
Data,2253,1.2814724004146063,0.0,2250.108527599585,1033.6954769868535,0.0,904.61,0.0,502.0,0,0,0,3658,-1033.6954769868535
Data,2254,0.0,0.0,2094.9,786.3212489541756,0.0,824.1,0.0,502.0,0,0,0,3421,-786.3212489541758
Data,2255,0.0,0.0,1843.1399999999999,808.0580856147844,0.0,821.86,0.0,502.0,0,0,0,3167,-808.0580856147843
Data,2256,0.0,0.0,1651.6599999999999,982.7164661918328,0.0,826.34,0.0,502.0,0,0,0,2980,-982.7164661918326
Data,2257,0.0,0.0,1479.2,1229.8581006766865,0.0,811.8,0.0,502.0,0,0,0,2793,-1229.8581006766865
Data,2258,0.0,0.0,1400.6,866.6555072111087,0.0,836.4,0.0,502.0,0,0,0,2739,-866.6555072111086
Data,2259,0.0,0.0,1524.48,981.2172878961337,0.0,837.52,0.0,502.0,0,0,0,2864,-981.2172878961337
Data,2260,0.0,0.0,1631.28,156.41058738276,0.0,886.72,0.0,502.0,0,0,0,3020,-156.41058738276
Data,2261,0.0,0.0,1627.58,32.6632470236932,0.0,874.42,0.0,502.0,0,0,0,3004,-32.66324702369309
Data,2262,49.79435613039614,0.0,1585.5356438696037,419.31122955537376,0.0,791.67,0.0,502.0,0,0,0,2929,-419.3112295553734
Data,2263,0.0,291.1557598737921,1672.33,431.39892178014907,0.0,791.67,0.0,502.0,0,0,0,2966,-722.5546816539412
Data,2264,0.0,670.4192854005803,1846.8,17.88751509605686,0.0,787.2,0.0,502.0,0,0,0,3136,-688.3068004966374
Data,2265,683.1138119289221,374.2316809029662,1618.3761880710776,0.0,0.0,818.51,0.0,502.0,0,0,0,3622,-374.231680902966
Data,2266,1178.918697026081,315.1473593675116,1536.3613029739188,0.0,0.0,763.72,0.0,502.0,0,0,0,3981,-315.1473593675114
Data,2267,1880.9922638249009,0.0,1000.5377361750989,700.6537576900125,0.0,742.47,0.0,502.0,0,0,0,4126,-700.6537576900123
Data,2268,1143.5193402158086,974.9899101512444,1814.4206597841915,0.0,0.0,748.06,0.0,502.0,0,0,0,4208,-974.9899101512444
Data,2269,1174.028297805018,966.1875258751804,1701.7317021949823,0.0,0.0,740.24,0.0,502.0,0,0,0,4118,-966.1875258751807
Data,2270,758.622869240824,1326.67270870732,2149.497130759176,0.0,0.0,736.88,0.0,502.0,0,0,0,4147,-1326.67270870732
Data,2271,485.8594994256623,1379.8074005901985,2372.4905005743376,0.0,0.0,753.65,0.0,502.0,0,0,0,4114,-1379.8074005901985
Data,2272,631.6912921611747,859.8118194315889,2233.838707838825,0.0,0.0,742.47,0.0,502.0,0,0,0,4110,-859.8118194315887
Data,2273,356.1180470411573,710.1454475976982,2430.681952958843,0.0,0.0,787.2,0.0,502.0,0,0,0,4076,-710.1454475976982
Data,2274,676.8004949046858,0.0,1903.2095050953144,180.13141279639922,0.0,841.99,0.0,502.0,0,0,0,3924,-180.13141279639945
Data,2275,273.2674512639229,0.0,1993.0329762149038,0.0,208.82957252117353,840.87,0.0,502.0,0,0,0,3818,208.82957252117342
Data,2276,34.46899232135615,0.0,1226.9469406300925,0.0,1199.8340670485516,839.75,0.0,502.0,0,0,0,3803,1199.8340670485516
Data,2277,1.2814724004146063,0.0,1688.2184443977465,0.0,525.7400832018386,858.76,0.0,502.0,0,0,0,3576,525.7400832018388
Data,2278,0.0,0.0,1889.317732510991,0.0,183.59226748900892,805.09,0.0,502.0,0,0,0,3380,183.59226748900903
Data,2279,0.0,0.0,1362.8396177508669,0.0,517.9603822491331,787.2,0.0,502.0,0,0,0,3170,517.9603822491331
Data,2280,0.0,0.0,1477.4598491773493,0.0,298.3601508226509,749.18,0.0,502.0,0,0,0,3027,298.3601508226508
Data,2281,0.0,0.0,1651.3600000000001,79.45894912857898,0.0,715.64,0.0,502.0,0,0,0,2869,-79.45894912857909
Data,2282,0.0,0.0,1544.5848507817022,0.0,59.545149218297865,717.87,0.0,502.0,0,0,0,2824,59.54514921829775
Data,2283,0.0,0.0,1212.4235568314457,0.0,503.7064431685544,717.87,0.0,502.0,0,0,0,2936,503.7064431685543
Data,2284,0.0,0.0,1197.439362333111,0.0,636.5406376668891,776.02,0.0,502.0,0,0,0,3112,636.5406376668891
Data,2285,0.0,0.0,1171.2291517263127,0.0,673.3408482736875,770.43,0.0,502.0,0,0,0,3117,673.3408482736874
Data,2286,45.976091427119954,0.0,1249.3100447379995,0.0,531.1838638348806,733.53,0.0,502.0,0,0,0,3062,531.1838638348804
Data,2287,242.6167236458429,0.0,1080.4628264783616,0.0,599.5704498757955,741.35,0.0,502.0,0,0,0,3166,599.5704498757956
Data,2288,462.27155407609354,0.0,1164.9207291651974,0.0,490.05771675870915,716.75,0.0,502.0,0,0,0,3336,490.0577167587089
Data,2289,698.5070682178309,0.0,1261.3031098068013,0.0,404.56982197536786,800.62,0.0,502.0,0,0,0,3667,404.5698219753675
Data,2290,1021.5688756121501,0.0,1419.5978789029627,0.0,124.99324548488698,764.84,0.0,502.0,0,0,0,3833,124.99324548488732
Data,2291,892.5150859063015,519.8244143384004,1699.0049140936985,0.0,0.0,761.48,0.0,502.0,0,0,0,3855,-519.8244143384004
Data,2292,767.4858355788353,1033.0613444975895,1822.5041644211644,0.0,0.0,757.01,0.0,502.0,0,0,0,3849,-1033.0613444975893
Data,2293,694.3065110898831,1419.1030021734794,1786.2234889101167,0.0,0.0,742.47,0.0,502.0,0,0,0,3725,-1419.1030021734791
Data,2294,695.128034486466,1552.3653358570125,1930.4519655135339,0.0,0.0,751.42,0.0,502.0,0,0,0,3879,-1552.3653358570123
Data,2295,487.49420212834593,1569.713593002547,2110.135797871654,0.0,0.0,779.37,0.0,502.0,0,0,0,3879,-1569.713593002547
Data,2296,1707.3135248217704,0.0,876.8364751782296,1108.5675336567506,0.0,783.85,0.0,502.0,0,0,0,3870,-1108.5675336567506
Data,2297,332.71121657591266,820.4047238134917,2352.2587834240876,0.0,0.0,795.03,0.0,502.0,0,0,0,3982,-820.404723813492
Data,2298,0.0,592.5109939549657,2530.14,109.15185172515521,0.0,821.86,0.0,502.0,0,0,0,3854,-701.6628456801208
Data,2299,201.76652182038137,0.0,2160.9834781796185,656.9552994870014,0.0,882.25,0.0,502.0,0,0,0,3747,-656.9552994870014
Data,2300,21.70657331314537,0.0,2211.4518600436136,0.0,168.66156664324126,872.18,0.0,502.0,0,0,0,3776,168.66156664324114
Data,2301,0.0,0.0,1985.0613563486327,0.0,259.4686436513671,865.47,0.0,502.0,0,0,0,3612,259.4686436513673
Data,2302,0.0,0.0,1534.9409889493008,0.0,535.6090110506993,808.45,0.0,502.0,0,0,0,3381,535.6090110506991
Data,2303,0.0,0.0,1506.9707200349922,0.0,419.1992799650079,745.83,0.0,502.0,0,0,0,3174,419.1992799650078
Data,2304,0.0,0.0,1381.8768418915768,0.0,401.6531581084232,742.47,0.0,502.0,0,0,0,3028,401.6531581084232
Data,2305,0.0,0.0,1146.3323944494023,0.0,484.37760555059776,731.29,0.0,502.0,0,0,0,2864,484.37760555059776
Data,2306,0.0,0.0,1061.1935314628545,0.0,520.7564685371456,729.05,0.0,502.0,0,0,0,2813,520.7564685371456
Data,2307,0.0,0.0,1024.7125747277137,0.0,652.5774252722863,744.71,0.0,502.0,0,0,0,2924,652.5774252722863
Data,2308,0.0,0.0,791.2910946830915,0.0,968.3789053169086,807.33,0.0,502.0,0,0,0,3069,968.3789053169085
Data,2309,0.0,0.0,800.8703656678588,0.0,976.4496343321414,810.68,0.0,502.0,0,0,0,3090,976.4496343321413
Data,2310,42.13167422587614,0.0,747.0505401740745,0.0,928.3677856000493,827.45,0.0,502.0,0,0,0,3047,928.3677856000495
Data,2311,172.39726660271603,0.0,685.8044765593795,0.0,961.8382568379045,784.96,0.0,502.0,0,0,0,3107,961.8382568379043
Data,2312,218.373358029836,0.0,746.9806042141223,0.0,1078.1160377560418,733.53,0.0,502.0,0,0,0,3279,1078.1160377560418
Data,2313,303.91817888200285,0.0,872.4631072454761,0.0,1275.6287138725213,718.99,0.0,502.0,0,0,0,3673,1275.628713872521
Data,2314,402.25157124034814,0.0,826.9238847065715,0.0,1400.5345440530803,731.29,0.0,502.0,0,0,0,3863,1400.5345440530803
Data,2315,506.96617310279885,0.0,888.2543242781295,0.0,1213.179502619072,762.6,0.0,502.0,0,0,0,3873,1213.1795026190714
Data,2316,656.3753939919548,0.0,873.2338763922992,0.0,1117.6107296157463,773.78,0.0,502.0,0,0,0,3923,1117.610729615746
Data,2317,856.8604434119216,0.0,961.9637656787648,0.0,729.4557909093134,763.72,0.0,502.0,0,0,0,3814,729.4557909093136
Data,2318,1024.1318204129793,0.0,786.9842131995306,0.0,901.69396638749,768.19,0.0,502.0,0,0,0,3983,901.69396638749
Data,2319,1257.8305422518551,0.0,892.9722254281484,0.0,590.3072323199966,755.89,0.0,502.0,0,0,0,3999,590.3072323199965
Data,2320,1237.3792888411567,0.0,1048.5213144188333,0.0,458.6793967400099,751.42,0.0,502.0,0,0,0,3998,458.67939674001
Data,2321,817.2655614889071,0.0,1023.338401890459,0.0,951.506036620634,755.89,0.0,502.0,0,0,0,4050,951.5060366206338
Data,2322,375.41910832554436,0.0,989.8416892290631,0.0,1230.3392024453926,836.4,0.0,502.0,0,0,0,3934,1230.3392024453924
Data,2323,143.02801138505066,0.0,917.0935325127219,0.0,1402.5984561022274,835.28,0.0,502.0,0,0,0,3800,1402.5984561022274
Data,2324,20.42510091273077,0.0,869.7952185884045,0.0,1595.9196804988646,821.86,0.0,502.0,0,0,0,3810,1595.9196804988649
Data,2325,0.0,0.0,1054.5992066007602,0.0,1230.8407933992398,809.56,0.0,502.0,0,0,0,3597,1230.8407933992398
Data,2326,0.0,0.0,840.4242165868818,0.0,1286.8757834131184,725.7,0.0,502.0,0,0,0,3355,1286.8757834131181
Data,2327,0.0,0.0,968.6724861200265,0.0,1015.1175138799734,683.21,0.0,502.0,0,0,0,3169,1015.1175138799734
Data,2328,0.0,0.0,971.7943494584233,0.0,904.7156505415767,657.49,0.0,502.0,0,0,0,3036,904.7156505415767
Data,2329,0.0,0.0,920.8020222469058,0.0,803.0579777530943,654.14,0.0,502.0,0,0,0,2880,803.0579777530942
Data,2330,0.0,0.0,959.8619257756011,0.0,713.6480742243989,657.49,0.0,502.0,0,0,0,2833,713.6480742243989
Data,2331,0.0,0.0,984.4794399918832,0.0,802.5505600081168,680.97,0.0,502.0,0,0,0,2970,802.5505600081168
Data,2332,0.0,0.0,1045.0978856224044,0.0,830.7821143775957,739.12,0.0,502.0,0,0,0,3117,830.7821143775956
Data,2333,0.0,0.0,1094.2518519562439,0.0,755.908148043756,764.84,0.0,502.0,0,0,0,3117,755.9081480437561
Data,2334,47.25756382753456,0.0,1205.4841826165753,0.0,480.76825355589017,780.49,0.0,502.0,0,0,0,3016,480.7682535558904
Data,2335,292.43723227420674,0.0,1236.4000444178982,0.0,306.712723307895,685.45,0.0,502.0,0,0,0,3023,306.7127233078952
Data,2336,694.6626510165872,0.0,1110.3307147675089,0.0,567.2266342159041,650.78,0.0,151.0,0,0,0,3174,567.2266342159041
Data,2337,1215.6727155280114,0.0,1247.734960496851,0.0,298.4523239751377,654.14,0.0,151.0,0,0,0,3567,298.4523239751376
Data,2338,1176.5072691067603,396.72239863489403,1488.3527308932398,0.0,0.0,654.14,0.0,502.0,0,0,0,3821,-396.72239863489415
Data,2339,1030.2923161376352,812.3865381646658,1860.652983862365,0.0,0.0,647.43,0.0,369.6247,0,0,0,3908,-812.3865381646663
Data,2340,1884.8105285281772,0.0,1235.409471471823,382.8166184155864,0.0,650.78,0.0,151.0,0,0,0,3922,-382.8166184155866
Data,2341,1307.798303138414,639.5951530263376,1288.6516968615858,0.0,0.0,648.55,0.0,502.0,0,0,0,3747,-639.5951530263374
Data,2342,1831.197907694505,0.0,1220.6138395778887,0.0,69.0482527276065,654.14,0.0,151.0,0,0,0,3926,69.04825272760638
Data,2343,1557.9043039326143,0.0,1316.5135550857408,0.0,8.622140981644861,661.96,0.0,502.0,0,0,0,4047,8.622140981644861
Data,2344,1225.8983422333608,0.0,1273.6332857285345,0.0,695.6683720381045,688.8,0.0,151.0,0,0,0,4035,695.6683720381047
Data,2345,971.7745194817539,0.0,1242.1949023365903,0.0,1065.4605781816556,705.57,0.0,151.0,0,0,0,4136,1065.4605781816558
Data,2346,652.5309767907111,0.0,1665.5606743573417,0.0,424.4683488519472,789.44,0.0,502.0,0,0,0,4034,424.4683488519472
Data,2347,303.91817888200285,0.0,1604.2120088022464,0.0,710.839812315751,795.03,0.0,502.0,0,0,0,3916,710.8398123157508
Data,2348,43.41314662629074,0.0,1551.686619783101,0.0,945.8202335906085,786.08,0.0,502.0,0,0,0,3829,945.8202335906084
Data,2349,1.2814724004146063,0.0,1634.6093462863478,0.0,729.0991813132373,757.01,0.0,502.0,0,0,0,3624,729.0991813132375
Data,2350,0.0,0.0,1811.2190313725928,0.0,390.9309686274073,660.85,0.0,502.0,0,0,0,3365,390.9309686274072
Data,2351,0.0,0.0,1807.026912124712,0.0,216.95308787528802,653.02,0.0,502.0,0,0,0,3179,216.95308787528802
Data,2352,0.0,0.0,1807.8101974817312,0.0,78.1098025182689,663.08,0.0,502.0,0,0,0,3051,78.1098025182688
Data,2353,0.0,0.0,1711.81,153.36779059458786,0.0,645.19,0.0,502.0,0,0,0,2859,-153.36779059458786
Data,2354,0.0,0.0,1670.05,81.2293259407063,0.0,642.95,0.0,502.0,0,0,0,2815,-81.2293259407063
Data,2355,0.0,0.0,1657.2722849404206,0.0,124.53771505957934,645.19,0.0,502.0,0,0,0,2929,124.53771505957934
Data,2356,0.0,0.0,1593.0329599318136,0.0,309.3370400681863,696.63,0.0,502.0,0,0,0,3101,309.3370400681864
Data,2357,0.0,0.0,1607.2870968654875,0.0,301.4829031345125,721.23,0.0,502.0,0,0,0,3132,301.4829031345125
Data,2358,49.79435613039614,0.0,1624.7672038035546,0.0,174.91844006604924,714.52,0.0,502.0,0,0,0,3066,174.91844006604947
Data,2359,293.69255217665363,0.0,1675.4574478233465,236.02355946077023,0.0,660.85,0.0,502.0,0,0,0,3132,-236.02355946077012
Data,2360,508.24764550321345,0.0,1682.7011742908608,0.0,110.514580205926,636.25,0.0,327.2866,0,0,0,3265,110.51458020592588
Data,2361,761.0899958544055,0.0,1509.397137377679,0.0,519.6728667679154,641.84,0.0,151.0,0,0,0,3583,519.6728667679155
Data,2362,1100.758639458179,0.0,1638.412097976294,0.0,362.5892625655272,617.24,0.0,151.0,0,0,0,3870,362.58926256552695
Data,2363,1554.086039229338,0.0,1232.563960770662,596.3379670421334,0.0,618.35,0.0,502.0,0,0,0,3907,-596.3379670421335
Data,2364,1411.741365189359,540.7518280790837,1721.548634810641,0.0,0.0,621.71,0.0,151.0,0,0,0,3906,-540.7518280790837
Data,2365,711.4090282161612,1442.8506868726624,1918.060971783839,0.0,0.0,610.53,0.0,502.0,0,0,0,3742,-1442.8506868726627
Data,2366,1149.7845592511476,1056.8324567689015,1982.6254407488523,0.0,0.0,620.59,0.0,151.0,0,0,0,3904,-1056.8324567689015
Data,2367,1095.0615999971321,980.0345037436302,2033.1684000028679,0.0,0.0,631.77,0.0,151.0,0,0,0,3911,-980.0345037436302
Data,2368,1134.207178860468,622.9268545896662,1989.2428211395318,0.0,0.0,667.55,0.0,151.0,0,0,0,3942,-622.9268545896659
Data,2369,949.8621583285753,364.1439495577815,1861.7096416714248,0.0,0.0,738.0,0.0,484.4282,0,0,0,4034,-364.1439495577817
Data,2370,822.3652985925979,0.0,1714.4047014074022,352.97059664182007,0.0,844.23,0.0,502.0,0,0,0,3883,-352.97059664182007
Data,2371,325.62475219514823,0.0,1871.299474508298,0.0,302.1926732965537,868.83,0.0,355.0531,0,0,0,3723,302.1926732965537
Data,2372,37.031937122185354,0.0,1887.0352409925467,0.0,741.600121885268,841.99,0.0,202.3427,0,0,0,3710,741.6001218852679
Data,2373,1.2814724004146063,0.0,2006.265762640102,0.0,214.19276495948316,797.26,0.0,502.0,0,0,0,3521,214.19276495948338
Data,2374,0.0,0.0,1775.3384072280464,0.0,321.31159277195366,722.35,0.0,502.0,0,0,0,3321,321.31159277195354
Data,2375,0.0,0.0,1977.2693215609597,0.0,316.6806784390401,710.05,0.0,151.0,0,0,0,3155,316.6806784390403
Data,2376,0.0,0.0,2182.7200000000003,123.59806710203111,0.0,712.28,0.0,151.0,0,0,0,3046,-123.59806710203134
Data,2377,0.0,0.0,1970.35,142.3184328936618,0.0,734.65,0.0,151.0,0,0,0,2856,-142.31843289366168
Data,2378,0.0,0.0,1644.9036232362644,0.0,251.85637676373562,740.24,0.0,151.0,0,0,0,2788,251.85637676373562
Data,2379,0.0,0.0,1649.333415918905,0.0,336.4265840810949,740.24,0.0,151.0,0,0,0,2877,336.4265840810949
Data,2380,0.0,0.0,1774.1192183800408,0.0,335.57078161995923,769.31,0.0,151.0,0,0,0,3030,335.57078161995923
Data,2381,0.0,0.0,1500.286150750268,0.0,571.1638492497318,790.55,0.0,151.0,0,0,0,3013,571.163849249732
Data,2382,52.357300931225346,0.0,1701.7248990687744,59.1591511222789,0.0,731.29,0.0,442.6278,0,0,0,2928,-59.15915112227867
Data,2383,342.2315884046028,0.0,1482.5223850060618,0.0,200.3160265893356,708.93,0.0,151.0,0,0,0,2885,200.31602658933537
Data,2384,841.5350796028818,0.0,1309.9649203971182,229.9437712237666,0.0,676.5,0.0,151.0,0,0,0,2979,-229.94377122376636
Data,2385,878.3134629912304,415.2675439823954,1459.7165370087694,0.0,0.0,680.97,0.0,151.0,0,0,0,3170,-415.2675439823952
Data,2386,1145.9703245477147,620.0817107093862,1405.1796754522854,0.0,0.0,679.85,0.0,151.0,0,0,0,3382,-620.0817107093864
Data,2387,1155.008088180391,958.4014250829714,1428.491911819609,0.0,0.0,676.5,0.0,151.0,0,0,0,3411,-958.4014250829714
Data,2388,1256.8508332661077,908.8898284305124,1362.6991667338925,0.0,0.0,685.45,0.0,151.0,0,0,0,3456,-908.8898284305126
Data,2389,975.2564442873631,1239.0232536372064,1625.3635557126368,0.0,0.0,675.38,0.0,151.0,0,0,0,3427,-1239.0232536372064
Data,2390,660.971511361128,1499.669413231801,1882.5784886388722,0.0,0.0,685.45,0.0,151.0,0,0,0,3380,-1499.6694132318012
Data,2391,949.3501303041023,915.035297311344,1640.0098696958978,0.0,0.0,715.64,0.0,151.0,0,0,0,3456,-915.0352973113442
Data,2392,1037.4050979986985,456.6609583948941,1519.1249020013013,0.0,0.0,742.47,0.0,151.0,0,0,0,3450,-456.6609583948939
Data,2393,625.9424069011363,407.1335678167775,1646.3475930988636,0.0,0.0,744.71,0.0,502.0,0,0,0,3519,-407.13356781677726
Data,2394,589.9742016521042,0.0,1636.635798347896,654.5060386808495,0.0,817.39,0.0,502.0,0,0,0,3546,-654.5060386808497
Data,2395,210.710676125316,0.0,2012.6093238746842,262.4070309600568,0.0,810.68,0.0,502.0,0,0,0,3536,-262.4070309600571
Data,2396,25.55099051438919,0.0,2063.0942480218328,0.0,181.96476146377836,817.39,0.0,502.0,0,0,0,3590,181.96476146377825
Data,2397,1.2814724004146063,0.0,2187.6585275995853,39.494663366881014,0.0,748.06,0.0,502.0,0,0,0,3439,-39.494663366881014
Data,2398,0.0,0.0,1954.05,523.2314374696859,0.0,746.95,0.0,502.0,0,0,0,3203,-523.2314374696859
Data,2399,0.0,0.0,1870.6100000000001,753.2913555644332,0.0,694.39,0.0,502.0,0,0,0,3067,-753.2913555644333
Data,2400,0.0,0.0,1757.79,502.39613178196714,0.0,683.21,0.0,502.0,0,0,0,2943,-502.39613178196714
Data,2401,0.0,0.0,1644.3400000000001,218.4456276818512,0.0,649.66,0.0,502.0,0,0,0,2796,-218.4456276818513
Data,2402,0.0,0.0,1567.56,239.87552621754912,0.0,666.44,0.0,502.0,0,0,0,2736,-239.87552621754912
Data,2403,0.0,0.0,1660.37,44.3418965850251,0.0,696.63,0.0,502.0,0,0,0,2859,-44.34189658502498
Data,2404,0.0,0.0,1638.5364915364912,0.0,130.6935084635088,754.77,0.0,502.0,0,0,0,3026,130.6935084635088
Data,2405,0.0,0.0,1722.6799999999998,15.818965524808391,0.0,788.32,0.0,502.0,0,0,0,3013,-15.818965524808277
Data,2406,44.694619026705354,0.0,1635.2453809732947,129.92791608458242,0.0,748.06,0.0,502.0,0,0,0,2930,-129.92791608458242
Data,2407,256.6606150544683,0.0,1439.1693849455316,407.03794189640485,0.0,730.17,0.0,502.0,0,0,0,2928,-407.03794189640496
Data,2408,260.52586124487743,180.03911951807072,1770.3841387551224,0.0,0.0,682.09,0.0,151.0,0,0,0,2864,-180.03911951807038
Data,2409,603.9046236835061,51.18929790803418,1524.2953763164937,0.0,0.0,688.8,0.0,151.0,0,0,0,2968,-51.18929790803418
Data,2410,740.5032928317803,161.05176960684662,1474.13060716822,0.0,0.0,694.39,0.0,245.9761,0,0,0,3155,-161.05176960684688
Data,2411,682.7035371418133,488.27455935949274,1747.9564628581866,0.0,0.0,703.34,0.0,151.0,0,0,0,3285,-488.2745593594926
Data,2412,933.3501967676832,637.3426786711093,1554.909803232317,0.0,0.0,678.74,0.0,151.0,0,0,0,3318,-637.3426786711095
Data,2413,1813.3095990846355,0.0,632.2969009153644,1050.3251693978668,0.0,675.38,0.0,254.0135,0,0,0,3375,-1050.3251693978666
Data,2414,1677.944269604105,0.0,447.4257303958948,1146.8172684235037,0.0,696.63,0.0,502.0,0,0,0,3324,-1146.8172684235037
Data,2415,1082.9572272720984,404.7276196173889,1375.9427727279017,0.0,0.0,701.1,0.0,151.0,0,0,0,3311,-404.727619617389
Data,2416,715.7643576853334,613.5671140100633,1796.3756423146665,0.0,0.0,698.86,0.0,151.0,0,0,0,3362,-613.5671140100632
Data,2417,988.7408793588802,151.6126420223136,1268.6791206411199,0.0,0.0,724.58,0.0,502.0,0,0,0,3484,-151.6126420223137
Data,2418,730.4392682363257,0.0,1445.5968440803729,0.0,101.41388768330125,771.55,0.0,502.0,0,0,0,3551,101.41388768330125
Data,2419,288.5928150729629,0.0,1466.1750580784305,0.0,517.0521268486068,749.18,0.0,502.0,0,0,0,3523,517.0521268486067
Data,2420,37.031937122185354,0.0,1439.4028158582516,0.0,887.0352470195633,733.53,0.0,502.0,0,0,0,3599,887.035247019563
Data,2421,1.2814724004146063,0.0,1521.1290574076381,0.0,775.209470191947,675.38,0.0,502.0,0,0,0,3475,775.2094701919472
Data,2422,0.0,0.0,1546.1277219875044,0.0,588.3822780124958,657.49,0.0,502.0,0,0,0,3294,588.3822780124956
Data,2423,0.0,0.0,1770.7540076982204,0.0,165.7059923017796,629.54,0.0,502.0,0,0,0,3068,165.7059923017796
Data,2424,0.0,0.0,1246.040182567275,0.0,546.009817432725,623.95,0.0,502.0,0,0,0,2918,546.009817432725
Data,2425,0.0,0.0,1107.1138837551678,0.0,550.4261162448322,600.46,0.0,502.0,0,0,0,2760,550.4261162448322
Data,2426,0.0,0.0,996.1646786378399,0.0,619.72532136216,597.11,0.0,502.0,0,0,0,2715,619.7253213621601
Data,2427,0.0,0.0,911.1305532403356,0.0,784.2194467596643,611.65,0.0,502.0,0,0,0,2809,784.2194467596644
Data,2428,0.0,0.0,479.55714195516055,0.0,1314.1828580448396,674.26,0.0,502.0,0,0,0,2970,1314.1828580448396
Data,2429,0.0,0.0,989.51558870756,0.0,846.8244112924401,649.66,0.0,502.0,0,0,0,2988,846.82441129244
Data,2430,44.694619026705354,0.0,1526.759626975532,0.0,322.8357539977626,621.71,0.0,502.0,0,0,0,3018,322.8357539977626
Data,2431,256.6606150544683,0.0,1201.489320169406,0.0,543.3800647761257,619.47,0.0,502.0,0,0,0,3123,543.3800647761254
Data,2432,372.0483218326822,90.22323224341136,1793.541678167318,0.0,0.0,609.41,0.0,502.0,0,0,0,3277,-90.22323224341164
Data,2433,782.7965691675508,0.0,1770.2534308324493,33.59764268301069,0.0,623.95,0.0,502.0,0,0,0,3679,-33.59764268301092
Data,2434,1103.3215842590084,0.0,1695.6184157409916,838.2294600957562,0.0,625.06,0.0,502.0,0,0,0,3926,-838.2294600957562
Data,2435,1423.820446852498,0.0,1413.639553147502,1524.9813242858452,0.0,629.54,0.0,502.0,0,0,0,3969,-1524.9813242858454
Data,2436,1458.315591671822,0.0,1356.9644083281778,1472.5371653493285,0.0,640.72,0.0,502.0,0,0,0,3958,-1472.5371653493282
Data,2437,0.0,1262.9302793555462,2671.46,350.3624848976051,0.0,629.54,0.0,502.0,0,0,0,3803,-1613.2927642531513
Data,2438,0.0,996.0440375957285,2856.27,117.31737431107558,0.0,659.73,0.0,502.0,0,0,0,4018,-1113.3614119068043
Data,2439,724.0580587322202,0.0,2081.1419412677797,854.5528824131334,0.0,688.8,0.0,502.0,0,0,0,3996,-854.5528824131331
Data,2440,658.9121862948165,0.0,2084.6878137051835,861.6092833133494,0.0,713.4,0.0,502.0,0,0,0,3959,-861.6092833133492
Data,2441,593.7924663553804,0.0,2155.6075336446197,781.0392732515043,0.0,762.6,0.0,502.0,0,0,0,4014,-781.0392732515044
Data,2442,434.18377125884274,0.0,2131.8262287411576,673.4073510437261,0.0,841.99,0.0,502.0,0,0,0,3910,-673.4073510437263
Data,2443,180.059948507236,0.0,2378.860051492764,365.6872446919069,0.0,786.08,0.0,502.0,0,0,0,3847,-365.68724469190704
Data,2444,26.806310416836155,0.0,2284.608527788431,0.0,249.51516179473265,767.07,0.0,502.0,0,0,0,3830,249.51516179473276
Data,2445,1.2814724004146063,0.0,2302.3982831256476,0.0,74.43024447393782,755.89,0.0,502.0,0,0,0,3636,74.4302444739377
Data,2446,0.0,0.0,2218.08,210.2010960701923,0.0,689.92,0.0,502.0,0,0,0,3410,-210.2010960701922
Data,2447,0.0,0.0,2051.51,601.0865008025316,0.0,657.49,0.0,502.0,0,0,0,3211,-601.0865008025319
Data,2448,0.0,0.0,1901.53,909.210620521035,0.0,619.47,0.0,502.0,0,0,0,3023,-909.210620521035
Data,2449,0.0,0.0,1753.77,1089.8125371402634,0.0,598.23,0.0,502.0,0,0,0,2854,-1089.8125371402634
Data,2450,0.0,0.0,1683.65,862.8480309944184,0.0,618.35,0.0,502.0,0,0,0,2804,-862.8480309944185
Data,2451,0.0,0.0,1774.4099999999999,684.8642904934973,0.0,620.59,0.0,502.0,0,0,0,2897,-684.8642904934972
Data,2452,0.0,0.0,1919.63,655.6709898003778,0.0,656.37,0.0,502.0,0,0,0,3078,-655.6709898003779
Data,2453,0.0,0.0,1905.37,326.6102571238198,0.0,696.63,0.0,502.0,0,0,0,3104,-326.6102571238197
Data,2454,0.0,43.41314662629074,1868.0900000000001,493.4252381327774,0.0,670.91,0.0,502.0,0,0,0,3041,-536.8383847590682
Data,2455,0.0,270.73065896106135,1988.28,49.11601471032327,0.0,640.72,0.0,502.0,0,0,0,3131,-319.84667367138445
Data,2456,80.20303782616566,473.9945466062002,2129.6769621738345,0.0,0.0,616.12,0.0,502.0,0,0,0,3328,-473.9945466062005
Data,2457,724.0580587322202,0.0,1848.8119412677797,585.7880896732904,0.0,635.13,0.0,502.0,0,0,0,3710,-585.7880896732903
Data,2458,856.8604434119216,0.0,1947.7095565880786,650.1434374824516,0.0,647.43,0.0,502.0,0,0,0,3954,-650.1434374824518
Data,2459,909.217744343147,0.0,1939.8522556568532,480.4688235476874,0.0,708.93,0.0,502.0,0,0,0,4060,-480.4688235476875
Data,2460,160.22365762966456,741.3314048089624,2718.2963423703354,0.0,0.0,638.48,0.0,502.0,0,0,0,4019,-741.3314048089624
Data,2461,809.6028795843871,0.0,1899.3971204156128,910.497075758416,0.0,615.0,0.0,502.0,0,0,0,3826,-910.497075758416
Data,2462,685.7446492096203,0.0,2133.1853507903797,866.0156456353861,0.0,644.07,0.0,502.0,0,0,0,3965,-866.0156456353865
Data,2463,551.6607921295042,0.0,2310.559207870496,733.4832220611102,0.0,650.78,0.0,502.0,0,0,0,4015,-733.4832220611104
Data,2464,0.0,418.85840744980277,2795.32,299.9775892650723,0.0,687.68,0.0,502.0,0,0,0,3985,-718.835996714875
Data,2465,314.14380558735206,0.0,2526.0561944126475,554.4464231953793,0.0,688.8,0.0,502.0,0,0,0,4031,-554.4464231953791
Data,2466,234.95404174132295,0.0,2440.5859582586772,227.342948799836,0.0,723.46,0.0,502.0,0,0,0,3901,-227.342948799836
Data,2467,116.19554847024685,0.0,2483.928068308379,0.0,0.04638322137452633,745.83,0.0,502.0,0,0,0,3848,0.04638322137441264
Data,2468,19.143628512316162,0.0,2644.2863714876835,135.74996030822876,0.0,705.57,0.0,502.0,0,0,0,3871,-135.74996030822865
Data,2469,0.0,0.0,2484.33,446.96654302152365,0.0,668.67,0.0,502.0,0,0,0,3655,-446.96654302152353
Data,2470,0.0,0.0,2266.57,124.81133000626778,0.0,647.43,0.0,502.0,0,0,0,3416,-124.8113300062679
Data,2471,0.0,0.0,2021.8842346678778,0.0,37.76576533212233,618.35,0.0,502.0,0,0,0,3180,37.765765332122214
Data,2472,0.0,0.0,1802.6142762926333,0.0,111.20572370736681,626.18,0.0,502.0,0,0,0,3042,111.2057237073667
Data,2473,0.0,0.0,1767.47,343.9826676558271,0.0,610.53,0.0,502.0,0,0,0,2880,-343.9826676558271
Data,2474,0.0,0.0,1671.35,791.792108150913,0.0,611.65,0.0,502.0,0,0,0,2785,-791.7921081509129
Data,2475,0.0,0.0,1810.13,293.51070956284866,0.0,594.87,0.0,502.0,0,0,0,2907,-293.5107095628488
Data,2476,0.0,0.0,1932.908293380748,0.0,11.501706619251763,620.59,0.0,502.0,0,0,0,3067,11.501706619251877
Data,2477,0.0,0.0,1255.606685203681,0.0,656.1433147963189,655.25,0.0,502.0,0,0,0,3069,656.1433147963189
Data,2478,42.13167422587614,0.0,1124.3531893045933,0.0,699.4351364695306,663.08,0.0,502.0,0,0,0,3031,699.4351364695307
Data,2479,293.69255217665363,0.0,572.8488342425904,0.0,1018.4586135807559,615.0,0.0,502.0,0,0,0,3002,1018.4586135807562
Data,2480,637.205612981671,0.0,1179.4028487893704,0.0,236.68153822895852,621.71,0.0,502.0,0,0,0,3177,236.68153822895852
Data,2481,932.205790056707,0.0,1397.9707678815782,0.0,82.51344206171484,646.31,0.0,502.0,0,0,0,3561,82.51344206171484
Data,2482,1280.8185879654152,0.0,1405.291412034585,304.3271404487532,0.0,632.89,0.0,502.0,0,0,0,3821,-304.3271404487533
Data,2483,514.4299906470592,1023.0492123728245,2239.720009352941,0.0,0.0,679.85,0.0,502.0,0,0,0,3936,-1023.0492123728246
Data,2484,1750.726671448061,0.0,1081.4333285519388,1143.9424795976875,0.0,641.84,0.0,502.0,0,0,0,3976,-1143.9424795976875
Data,2485,24.798239821060633,1748.9164773405605,2655.2017601789394,0.0,0.0,615.0,0.0,502.0,0,0,0,3797,-1748.9164773405605
Data,2486,-0.0,1588.5550315506944,2789.58,157.29881631066263,0.0,628.42,0.0,502.0,0,0,0,3920,-1745.8538478613568
Data,2487,8.070785052775136,1437.4562351128686,2744.449214947225,0.0,0.0,638.48,0.0,502.0,0,0,0,3893,-1437.4562351128689
Data,2488,222.57675340025708,920.3135602837983,2478.273246599743,0.0,0.0,673.15,0.0,502.0,0,0,0,3876,-920.3135602837982
Data,2489,570.5376020270382,214.7957594433742,2111.472397972962,0.0,0.0,718.99,0.0,502.0,0,0,0,3903,-214.79575944337444
Data,2490,322.23762029078443,157.8960898972107,2244.3323797092157,0.0,0.0,770.43,0.0,502.0,0,0,0,3839,-157.89608989721103
Data,2491,209.42920372490138,0.0,2073.803541913305,0.0,170.53725436179366,844.23,0.0,502.0,0,0,0,3800,170.53725436179366
Data,2492,28.08778281725076,0.0,2363.407055893117,0.0,106.35516128963218,796.15,0.0,502.0,0,0,0,3796,106.35516128963229
Data,2493,1.2814724004146063,0.0,2172.917612608902,0.0,183.75091499068333,710.05,0.0,502.0,0,0,0,3570,183.75091499068344
Data,2494,0.0,0.0,2110.757581406242,0.0,24.03241859375794,683.21,0.0,502.0,0,0,0,3320,24.03241859375794
Data,2495,0.0,0.0,1967.17,244.4619786732933,0.0,622.83,0.0,502.0,0,0,0,3092,-244.4619786732934
Data,2496,0.0,0.0,1848.24,666.6496779715465,0.0,612.76,0.0,502.0,0,0,0,2963,-666.6496779715465
Data,2497,0.0,0.0,1670.72,1191.0598558997387,0.0,589.28,0.0,502.0,0,0,0,2762,-1191.0598558997387
Data,2498,0.0,0.0,1614.95,948.9845988922063,0.0,587.05,0.0,502.0,0,0,0,2704,-948.9845988922063
Data,2499,0.0,0.0,1710.4299999999998,861.0818541003705,0.0,582.57,0.0,502.0,0,0,0,2795,-861.0818541003704
Data,2500,0.0,0.0,1900.6100000000001,343.13047561385383,0.0,571.39,0.0,502.0,0,0,0,2974,-343.13047561385395
Data,2501,0.0,0.0,2302.7799999999997,3.0902591786984885,0.0,579.22,0.0,151.0,0,0,0,3033,-3.090259178698261
Data,2502,43.41314662629074,0.0,2340.476853373709,0.0,0.0,597.11,0.0,0.0,0,0,0,2981,1.1368683772161603e-13
Data,2503,275.8303960647521,0.0,2153.9996039352477,112.29066774801277,0.0,607.17,0.0,0.0,0,0,0,3037,-112.29066774801265
Data,2504,674.2375501038564,0.0,1950.1124498961435,437.93636835192183,0.0,611.65,0.0,0.0,0,0,0,3236,-437.9363683519217
Data,2505,363.46931652692865,718.1195419209666,2649.4106834730715,0.0,0.0,616.12,0.0,0.0,0,0,0,3629,-718.1195419209668
Data,2506,1449.3714373668872,0.0,1809.7485626331127,1017.7389167908723,0.0,613.88,0.0,0.0,0,0,0,3873,-1017.7389167908722
Data,2507,757.9516980773174,968.5316077547366,2432.9683019226827,0.0,0.0,663.08,0.0,0.0,0,0,0,3854,-968.5316077547365
Data,2508,1804.365444779701,0.0,1387.6845552202992,1256.1795759162935,0.0,623.95,0.0,0.0,0,0,0,3816,-1256.1795759162937
Data,2509,309.1768369236729,1419.8432612112429,2780.3731630763273,0.0,0.0,581.45,0.0,0.0,0,0,0,3671,-1419.843261211243
Data,2510,286.55233092494245,1327.553691140141,2981.167669075058,0.0,0.0,589.28,0.0,0.0,0,0,0,3857,-1327.5536911401412
Data,2511,290.6070868291008,1135.7763048242266,3038.7529131708993,0.0,0.0,592.64,0.0,0.0,0,0,0,3922,-1135.7763048242268
Data,2512,319.56414603220855,925.4778247134682,2968.1458539677915,0.0,0.0,608.29,0.0,0.0,0,0,0,3896,-925.4778247134682
Data,2513,920.6986909509432,0.0,2303.3813090490567,461.22879985455893,0.0,689.92,0.0,0.0,0,0,0,3914,-461.2287998545588
Data,2514,513.3473826069043,0.0,2569.6026173930954,668.7055070909919,0.0,710.05,0.0,0.0,0,0,0,3793,-668.7055070909917
Data,2515,204.30331412324293,0.0,2771.046685876757,634.2284799770646,0.0,734.65,0.0,0.0,0,0,0,3710,-634.2284799770645
Data,2516,30.65072761807997,0.0,2998.01927238192,233.79871250935776,0.0,684.33,0.0,0.0,0,0,0,3713,-233.79871250935787
Data,2517,1.2814724004146063,0.0,2898.878527599585,77.69433367575402,0.0,641.84,0.0,0.0,0,0,0,3542,-77.69433367575391
Data,2518,0.0,0.0,2673.7,163.34474798810515,0.0,627.3,0.0,0.0,0,0,0,3301,-163.34474798810493
Data,2519,0.0,0.0,2545.43,116.76767841744277,0.0,582.57,0.0,0.0,0,0,0,3128,-116.76767841744265
Data,2520,0.0,0.0,2400.95,53.20511288396165,0.0,587.05,0.0,0.0,0,0,0,2988,-53.20511288396142
Data,2521,0.0,0.0,2247.96,178.5596353243718,0.0,568.04,0.0,0.0,0,0,0,2816,-178.5596353243718
Data,2522,0.0,0.0,2181.3414601461345,0.0,22.738539853865404,566.92,0.0,0.0,0,0,0,2771,22.738539853865518
Data,2523,0.0,0.0,2088.0074003338673,0.0,234.60259966613285,571.39,0.0,0.0,0,0,0,2894,234.60259966613273
Data,2524,0.0,0.0,1914.8334444471861,0.0,567.2465555528138,566.92,0.0,0.0,0,0,0,3049,567.2465555528139
Data,2525,0.0,0.0,1603.4899970556478,0.0,899.1100029443521,590.4,0.0,0.0,0,0,0,3093,899.1100029443522
Data,2526,34.46899232135615,0.0,1564.0926699016027,0.0,857.4483377770416,595.99,0.0,0.0,0,0,0,3052,857.4483377770414
Data,2527,162.17163989736682,0.0,1162.5977623656252,0.0,1073.410597737008,603.82,0.0,0.0,0,0,0,3002,1073.4105977370082
Data,2528,213.24746842817757,0.0,892.5151186444797,0.0,1408.127412927343,597.11,0.0,0.0,0,0,0,3111,1408.127412927343
Data,2529,270.73065896106135,0.0,758.5116758559321,0.0,1843.5176651830066,617.24,0.0,0.0,0,0,0,3490,1843.5176651830066
Data,2530,356.27547981322823,0.0,1073.9883896770527,0.0,1669.5761305097192,588.16,0.0,0.0,0,0,0,3688,1669.576130509719
Data,2531,436.72056356170435,0.0,811.823115474928,0.0,1904.9963209633675,600.46,0.0,0.0,0,0,0,3754,1904.9963209633677
Data,2532,514.6288550073189,0.0,971.9191691329029,0.0,1733.9319758597783,591.52,0.0,0.0,0,0,0,3812,1733.9319758597785
Data,2533,485.25959978965346,0.0,959.6704325401947,0.0,1595.8699676701522,541.2,0.0,0.0,0,0,0,3582,1595.869967670152
Data,2534,420.1137273522497,0.0,1024.3001131063968,0.0,1739.2661595413533,542.32,0.0,0.0,0,0,0,3726,1739.2661595413533
Data,2535,366.50110651857733,0.0,1278.1696012784932,0.0,1602.3992922029297,585.93,0.0,0.0,0,0,0,3833,1602.3992922029297
Data,2536,300.0999141787267,0.0,1588.5644831499305,0.0,1264.2756026713428,625.06,0.0,0.0,0,0,0,3778,1264.275602671343
Data,2537,203.047994220796,0.0,1859.6963253541762,0.0,1051.3356804250277,689.92,0.0,0.0,0,0,0,3804,1051.335680425028
Data,2538,113.65875616738528,0.0,2434.7531618046737,0.0,399.5280820279411,748.06,0.0,0.0,0,0,0,3696,399.52808202794085
Data,2539,57.457038034916124,0.0,2813.412961965084,43.84014474180913,0.0,758.13,0.0,0.0,0,0,0,3629,-43.84014474180901
Data,2540,12.762419008210774,0.0,2583.090324669568,0.0,300.96725632222143,749.18,0.0,0.0,0,0,0,3646,300.9672563222215
Data,2541,1.2814724004146063,0.0,2165.1982505107494,0.0,554.5902770888362,708.93,0.0,0.0,0,0,0,3430,554.5902770888359
Data,2542,0.0,0.0,1894.6624865029173,0.0,683.1975134970828,654.14,0.0,0.0,0,0,0,3232,683.1975134970827
Data,2543,0.0,0.0,2178.1262016462347,0.0,263.0937983537656,650.78,0.0,0.0,0,0,0,3092,263.09379835376535
Data,2544,0.0,0.0,2014.5983456186523,0.0,273.68165438134747,640.72,0.0,0.0,0,0,0,2929,273.6816543813477
Data,2545,0.0,0.0,1900.1000236179066,0.0,290.60997638209346,608.29,0.0,0.0,0,0,0,2799,290.60997638209346
Data,2546,0.0,0.0,2099.5299999999997,129.28799025091212,0.0,619.47,0.0,0.0,0,0,0,2719,-129.2879902509119
Data,2547,0.0,0.0,2169.15,105.92101458358502,0.0,660.85,0.0,0.0,0,0,0,2830,-105.92101458358513
Data,2548,0.0,0.0,2284.5305865657024,0.0,18.79941343429755,668.67,0.0,0.0,0,0,0,2972,18.799413434297662
Data,2549,0.0,0.0,2215.9110914887124,0.0,44.73890851128772,741.35,0.0,0.0,0,0,0,3002,44.738908511287605
Data,2550,37.031937122185354,0.0,2244.7480628778144,0.0,0.0,702.22,0.0,0.0,0,0,0,2984,2.2737367544323206e-13
Data,2551,186.44115801134143,0.0,2009.0488419886583,130.6878061295838,0.0,695.51,0.0,0.0,0,0,0,2891,-130.68780612958358
Data,2552,321.8064874918721,0.0,1583.9685902431431,0.0,355.5949222649847,696.63,0.0,0.0,0,0,0,2958,355.59492226498503
Data,2553,503.12175590155505,0.0,1584.3349325197767,0.0,350.0433115786683,676.5,0.0,0.0,0,0,0,3114,350.0433115786684
Data,2554,729.157795835911,0.0,1429.2152366303396,0.0,456.7269675337493,651.9,0.0,0.0,0,0,0,3267,456.7269675337492
Data,2555,955.1676832722994,0.0,1394.757854076721,0.0,350.5744626509795,676.5,0.0,0.0,0,0,0,3377,350.5744626509793
Data,2556,1154.397412789819,0.0,1370.855793528915,0.0,188.07679368126583,668.67,0.0,0.0,0,0,0,3382,188.07679368126594
Data,2557,1220.7986051296698,0.0,1316.7044945463483,0.0,12.646900323981981,660.85,0.0,0.0,0,0,0,3211,12.646900323981868
Data,2558,1208.0100336234914,0.0,1326.2971312786126,0.0,24.37283509789586,665.32,0.0,0.0,0,0,0,3224,24.372835097895972
Data,2559,1167.7735975168803,7.048916185669668,1376.4264024831195,0.0,0.0,688.8,0.0,0.0,0,0,0,3233,-7.048916185669668
Data,2560,976.9004090834123,0.0,1357.5986230545648,0.0,167.16096786202274,703.34,0.0,0.0,0,0,0,3205,167.16096786202286
Data,2561,687.0261216100348,0.0,1797.3018242113026,0.0,10.322054178662711,722.35,0.0,0.0,0,0,0,3217,10.322054178662597
Data,2562,404.8145160411774,0.0,2145.7454839588227,296.3324591888554,0.0,789.44,0.0,0.0,0,0,0,3340,-296.3324591888554
Data,2563,176.2155313059922,0.0,2276.884468694008,197.9172827254697,0.0,774.9,0.0,151.0,0,0,0,3379,-197.9172827254696
Data,2564,28.08778281725076,0.0,2329.192957352623,0.0,164.53925983012627,749.18,0.0,151.0,0,0,0,3422,164.5392598301263
Data,2565,0.0,0.0,2200.273040154603,0.0,186.8569598453969,717.87,0.0,151.0,0,0,0,3256,186.85695984539677
Data,2566,0.0,0.0,2158.48,216.08796947016526,0.0,714.52,0.0,151.0,0,0,0,3024,-216.08796947016526
Data,2567,0.0,0.0,2079.9,350.2114193334778,0.0,701.1,0.0,151.0,0,0,0,2932,-350.2114193334779
Data,2568,0.0,0.0,1884.3581,337.86281487888937,0.0,692.15,0.0,245.4919,0,0,0,2822,-337.86281487888925
Data,2569,0.0,0.0,1844.85,552.8005479145568,0.0,692.15,0.0,151.0,0,0,0,2688,-552.8005479145567
Data,2570,0.0,0.0,1485.3897000000002,897.544044028286,0.0,684.33,0.0,474.2803,0,0,0,2644,-897.5440440282862
Data,2571,0.0,0.0,1544.12,888.8817544062999,0.0,736.88,0.0,502.0,0,0,0,2783,-888.8817544062998
Data,2572,0.0,0.0,1659.7,785.4731686966795,0.0,750.3,0.0,502.0,0,0,0,2912,-785.4731686966795
Data,2573,0.0,0.0,1664.35,529.4518064101644,0.0,734.65,0.0,502.0,0,0,0,2901,-529.4518064101643
Data,2574,0.0,39.59488192301457,1560.42,1092.7175524948602,0.0,724.58,0.0,502.0,0,0,0,2787,-1132.312434417875
Data,2575,213.24746842817757,0.0,1308.6025315718223,954.9098716137476,0.0,673.15,0.0,502.0,0,0,0,2697,-954.9098716137472
Data,2576,0.0,372.88231602268286,1576.62,540.8973620152174,0.0,675.38,0.0,502.0,0,0,0,2754,-913.7796780379002
Data,2577,382.6947926175428,235.3671918518121,1684.9552073824573,0.0,0.0,741.35,0.0,151.0,0,0,0,2960,-235.36719185181198
Data,2578,20.01368509106669,967.0861981997273,2175.9863149089333,0.0,0.0,738.0,0.0,151.0,0,0,0,3085,-967.0861981997273
Data,2579,-0.0,1339.557098400746,2315.59,303.3228534861356,0.0,732.41,0.0,151.0,0,0,0,3199,-1642.8799518868818
Data,2580,-0.0,1623.050176370018,2353.36,263.03707015970866,0.0,715.64,0.0,151.0,0,0,0,3220,-1886.0872465297266
Data,2581,-0.0,1683.0440067077957,2407.92,322.56464849984064,0.0,663.08,0.0,151.0,0,0,0,3222,-2005.6086552076363
Data,2582,-0.0,1509.3914202026328,2056.9700000000003,277.0540000557774,0.0,672.03,0.0,502.0,0,0,0,3231,-1786.4454202584106
Data,2583,0.0,1201.628824119386,2369.0299999999997,110.68955540100569,0.0,680.97,0.0,151.0,0,0,0,3201,-1312.3183795203915
Data,2584,850.4792339078163,0.0,1474.070766092184,1140.617821298309,0.0,685.45,0.0,151.0,0,0,0,3161,-1140.6178212983093
Data,2585,647.4312396870203,0.0,1384.5787603129797,1197.8217432483075,0.0,718.99,0.0,502.0,0,0,0,3253,-1197.8217432483073
Data,2586,415.0139902485589,0.0,1654.796009751441,1365.930529653821,0.0,768.19,0.0,502.0,0,0,0,3340,-1365.930529653821
Data,2587,167.2713770010576,0.0,1876.9286229989425,949.5563166524676,0.0,811.8,0.0,502.0,0,0,0,3358,-949.5563166524678
Data,2588,26.806310416836155,0.0,1998.7936895831638,1080.905121078941,0.0,836.4,0.0,502.0,0,0,0,3364,-1080.9051210789412
Data,2589,1.2814724004146063,0.0,1826.7685275995852,1287.7095685830488,0.0,869.95,0.0,502.0,0,0,0,3200,-1287.7095685830488
Data,2590,0.0,0.0,1669.6,1064.8879055978946,0.0,836.4,0.0,502.0,0,0,0,3008,-1064.8879055978946
Data,2591,0.0,0.0,1493.6599999999999,1572.0149069698791,0.0,826.34,0.0,502.0,0,0,0,2822,-1572.0149069698791
Data,2592,0.0,0.0,1368.85,1551.4056565559104,0.0,815.15,0.0,502.0,0,0,0,2686,-1551.4056565559104
Data,2593,0.0,0.0,1267.3200000000002,1144.535582135567,0.0,810.68,0.0,502.0,0,0,0,2580,-1144.535582135567
Data,2594,0.0,0.0,1227.8899999999999,1072.461597195821,0.0,843.11,0.0,502.0,0,0,0,2573,-1072.461597195821
Data,2595,0.0,0.0,1298.1799999999998,1030.8254891100182,0.0,849.82,0.0,502.0,0,0,0,2650,-1030.8254891100182
Data,2596,0.0,0.0,1557.33,658.718631107306,0.0,791.67,0.0,502.0,0,0,0,2851,-658.7186311073059
Data,2597,0.0,0.0,1589.05,638.50483102147,0.0,765.95,0.0,502.0,0,0,0,2857,-638.50483102147
Data,2598,38.31340952259997,0.0,1463.0265904774,654.9077618785282,0.0,772.66,0.0,502.0,0,0,0,2776,-654.9077618785283
Data,2599,210.710676125316,0.0,1255.269323874684,779.1447070457555,0.0,776.02,0.0,502.0,0,0,0,2744,-779.1447070457557
Data,2600,0.0,375.41910832554436,1466.8600000000001,407.3901370037438,0.0,777.14,0.0,502.0,0,0,0,2746,-782.8092453292885
Data,2601,50.94195191370204,593.926342972489,1960.508048086298,0.0,0.0,771.55,0.0,151.0,0,0,0,2934,-593.926342972489
Data,2602,982.0001461871032,0.0,1234.049853812897,861.8999309678236,0.0,765.95,0.0,151.0,0,0,0,3133,-861.899930967824
Data,2603,314.9763733992181,950.516850757157,1941.363626600782,0.0,0.0,772.66,0.0,151.0,0,0,0,3180,-950.5168507571572
Data,2604,395.3735918563009,1120.3990378504375,1862.9664081436993,0.0,0.0,772.66,0.0,151.0,0,0,0,3182,-1120.3990378504377
Data,2605,1505.547003001389,0.0,718.4629969986113,1626.6505555447634,0.0,718.99,0.0,151.0,0,0,0,3094,-1626.6505555447636
Data,2606,1.9259338454164663,1335.0682197545002,1908.5440661545836,0.0,0.0,733.53,0.0,502.0,0,0,0,3146,-1335.0682197545002
Data,2607,0.0,1116.084003267219,2300.88,21.323358298941148,0.0,739.12,0.0,151.0,0,0,0,3191,-1137.40736156616
Data,2608,-0.0,1122.4652127713246,1939.42,596.1766188211358,0.0,724.58,0.0,502.0,0,0,0,3166,-1718.6418315924607
Data,2609,0.0,910.4730642455941,2042.1599999999999,585.8954679869784,0.0,764.84,0.0,502.0,0,0,0,3309,-1496.3685322325728
Data,2610,537.6169007208788,0.0,1555.163099279121,911.7436636773341,0.0,825.22,0.0,502.0,0,0,0,3420,-911.7436636773339
Data,2611,204.30331412324293,0.0,1880.646685876757,636.4317034749645,0.0,852.05,0.0,502.0,0,0,0,3439,-636.4317034749645
Data,2612,25.55099051438919,0.0,2141.869009485611,193.2984058107604,0.0,847.58,0.0,502.0,0,0,0,3517,-193.29840581076053
Data,2613,0.0,0.0,2071.26,268.350738920029,0.0,801.74,0.0,502.0,0,0,0,3375,-268.35073892002924
Data,2614,0.0,0.0,1924.65,421.3295261226831,0.0,741.35,0.0,502.0,0,0,0,3168,-421.3295261226832
Data,2615,0.0,0.0,1755.95,528.3753520263415,0.0,710.05,0.0,502.0,0,0,0,2968,-528.3753520263415
Data,2616,0.0,0.0,1630.49,801.7048585169848,0.0,695.51,0.0,502.0,0,0,0,2828,-801.7048585169848
Data,2617,0.0,0.0,1520.98,827.3081494765752,0.0,653.02,0.0,502.0,0,0,0,2676,-827.3081494765752
Data,2618,0.0,0.0,1501.92,725.5107518229033,0.0,663.08,0.0,502.0,0,0,0,2667,-725.5107518229034
Data,2619,0.0,0.0,1595.44,572.1973548814694,0.0,686.56,0.0,502.0,0,0,0,2784,-572.1973548814694
Data,2620,0.0,0.0,1797.44,350.28942783444427,0.0,686.56,0.0,502.0,0,0,0,2986,-350.28942783444427
Data,2621,0.0,0.0,1694.8966124361332,0.0,92.00338756386691,701.1,0.0,502.0,0,0,0,2990,92.0033875638668
Data,2622,38.31340952259997,0.0,1178.1955395482012,0.0,510.101050929199,694.39,0.0,502.0,0,0,0,2923,510.1010509291988
Data,2623,210.710676125316,0.0,901.3426333076463,0.0,613.9666905670376,699.98,0.0,502.0,0,0,0,2928,613.9666905670374
Data,2624,365.21963411816284,0.0,731.4010887691135,0.0,781.3292771127238,710.05,0.0,502.0,0,0,0,3090,781.3292771127236
Data,2625,623.1617215730457,0.0,732.4845845380426,0.0,877.3636938889119,718.99,0.0,502.0,0,0,0,3454,877.3636938889117
Data,2626,867.0599176193032,0.0,688.3620756462368,0.0,916.0080067344599,705.57,0.0,502.0,0,0,0,3679,916.00800673446
Data,2627,969.2377271788923,0.0,746.9818704362084,0.0,839.3304023848995,685.45,0.0,502.0,0,0,0,3743,839.3304023848992
Data,2628,1072.6708566409286,0.0,779.5781866206822,0.0,767.0309567383889,640.72,0.0,502.0,0,0,0,3762,767.0309567383889
Data,2629,1155.652732692266,0.0,765.8094002369077,0.0,572.5378670708265,615.0,0.0,502.0,0,0,0,3611,572.5378670708263
Data,2630,1262.9302793555462,0.0,879.6556589426883,0.0,496.1140617017654,627.3,0.0,502.0,0,0,0,3768,496.11406170176554
Data,2631,1233.5610241378804,0.0,1108.934717797622,0.0,311.77425806449764,659.73,0.0,502.0,0,0,0,3816,311.77425806449764
Data,2632,1068.8264394396847,0.0,1140.4429035012843,0.0,458.3906570590309,703.34,0.0,502.0,0,0,0,3873,458.390657059031
Data,2633,784.051889069998,0.0,1625.0638391087948,0.0,313.4242718212072,723.46,0.0,502.0,0,0,0,3948,313.4242718212074
Data,2634,500.58496359869343,0.0,1590.325566212707,0.0,529.0294701885997,748.06,0.0,502.0,0,0,0,3870,529.0294701885998
Data,2635,218.373358029836,0.0,1698.2353395176349,0.0,544.6013024525294,792.79,0.0,502.0,0,0,0,3756,544.6013024525294
Data,2636,22.988045713559977,0.0,1363.9655358858968,0.0,1102.4264184005433,800.62,0.0,502.0,0,0,0,3792,1102.4264184005433
Data,2637,1.2814724004146063,0.0,1068.9962148905968,0.0,1246.3023127089884,751.42,0.0,502.0,0,0,0,3570,1246.3023127089887
Data,2638,0.0,0.0,996.0820132405132,0.0,1085.2679867594866,734.65,0.0,502.0,0,0,0,3318,1085.2679867594868
Data,2639,0.0,0.0,777.4465066042601,0.0,1123.5934933957399,661.96,0.0,502.0,0,0,0,3065,1123.5934933957399
Data,2640,0.0,0.0,510.5661028963943,0.0,1256.4138971036057,653.02,0.0,502.0,0,0,0,2922,1256.4138971036057
Data,2641,0.0,0.0,756.0176065072055,0.0,821.3623934927946,677.62,0.0,502.0,0,0,0,2757,821.3623934927945
Data,2642,0.0,0.0,495.05719570209965,0.0,1034.0228042979002,689.92,0.0,502.0,0,0,0,2721,1034.0228042979004
Data,2643,0.0,0.0,1201.6467818999513,0.0,431.7232181000486,696.63,0.0,502.0,0,0,0,2832,431.7232181000487
Data,2644,0.0,0.0,1273.4531588908335,0.0,562.7468411091666,688.8,0.0,502.0,0,0,0,3027,562.7468411091666
Data,2645,0.0,0.0,1365.3559079007418,0.0,507.6140920992582,672.03,0.0,502.0,0,0,0,3047,507.6140920992582
Data,2646,39.59488192301457,0.0,1487.0607110921912,0.0,373.90440698479415,666.44,0.0,502.0,0,0,0,3069,373.9044069847939
Data,2647,232.41724943846137,0.0,1169.5834220318613,0.0,519.0893285296775,670.91,0.0,502.0,0,0,0,3094,519.0893285296771
Data,2648,413.7325178481443,0.0,1028.2098033168122,0.0,624.1976788350435,698.86,0.0,502.0,0,0,0,3267,624.1976788350436
Data,2649,709.9880148256273,0.0,682.911023028064,0.0,1357.6409621463085,723.46,0.0,151.0,0,0,0,3625,1357.640962146309
Data,2650,1004.9881919006632,0.0,782.9764875047792,0.0,823.4053205945575,696.63,0.0,502.0,0,0,0,3810,823.4053205945578
Data,2651,1293.5810069736258,0.0,801.6766166462187,0.0,519.4123763801556,684.33,0.0,502.0,0,0,0,3801,519.4123763801555
Data,2652,1615.387494465498,0.0,1020.0420883075459,0.0,66.15041722695594,628.42,0.0,502.0,0,0,0,3832,66.15041722695605
Data,2653,1517.832941993309,430.8419865718572,1025.217058006691,0.0,0.0,623.95,0.0,502.0,0,0,0,3669,-430.84198657185743
Data,2654,2103.183886558013,0.0,567.1361134419872,566.4854664979689,0.0,687.68,0.0,502.0,0,0,0,3860,-566.485466497969
Data,2655,1743.3888891181887,264.0245498823085,896.1511108818113,0.0,0.0,723.46,0.0,502.0,0,0,0,3865,-264.0245498823085
Data,2656,1676.6627972036902,0.0,1076.5281557267,0.0,182.7490470696098,748.06,0.0,151.0,0,0,0,3835,182.74904706960956
Data,2657,1232.2795517374661,0.0,960.1839489662802,0.0,393.34649929625357,768.19,0.0,502.0,0,0,0,3856,393.34649929625357
Data,2658,766.1897329580963,0.0,1386.5009732449232,0.0,306.9692937969803,826.34,0.0,502.0,0,0,0,3788,306.96929379698065
Data,2659,292.43723227420674,0.0,1437.2294153907617,0.0,632.1633523350317,853.17,0.0,502.0,0,0,0,3717,632.1633523350318
Data,2660,31.93220001849458,0.0,1121.3387008530183,0.0,1255.1590991284868,828.57,0.0,502.0,0,0,0,3739,1255.159099128487
Data,2661,1.2814724004146063,0.0,725.1003149678269,0.0,1511.4182126317587,787.2,0.0,502.0,0,0,0,3527,1511.4182126317583
Data,2662,0.0,0.0,546.4362325133433,0.0,1481.4337674866565,758.13,0.0,502.0,0,0,0,3288,1481.4337674866567
Data,2663,0.0,0.0,589.9966342112515,0.0,1300.8433657887485,711.16,0.0,502.0,0,0,0,3104,1300.8433657887485
Data,2664,0.0,0.0,471.27247274394585,0.0,1285.577527256054,692.15,0.0,502.0,0,0,0,2951,1285.577527256054
Data,2665,0.0,0.0,635.0896801728761,0.0,977.6603198271239,655.25,0.0,502.0,0,0,0,2770,977.6603198271239
Data,2666,0.0,0.0,764.107299202573,0.0,807.4627007974271,647.43,0.0,502.0,0,0,0,2721,807.462700797427
Data,2667,0.0,0.0,528.8269587098824,0.0,1128.6230412901177,648.55,0.0,502.0,0,0,0,2808,1128.6230412901177
Data,2668,0.0,0.0,552.5041705375246,0.0,1205.8558294624754,715.64,0.0,502.0,0,0,0,2976,1205.8558294624754
Data,2669,0.0,0.0,510.27763016040916,0.0,1259.9623698395908,735.76,0.0,502.0,0,0,0,3008,1259.9623698395908
Data,2670,39.59488192301457,0.0,609.5683922492896,0.0,1060.4867258276959,741.35,0.0,502.0,0,0,0,2953,1060.4867258276956
Data,2671,242.6167236458429,0.0,600.3010991709908,0.0,946.6421771831662,666.44,0.0,502.0,0,0,0,2958,946.6421771831664
Data,2672,462.27155407609354,0.0,333.26086263876914,0.0,1094.0875832851373,675.38,0.0,502.0,0,0,0,3067,1094.087583285137
Data,2673,740.6387424437072,0.0,268.4114054046895,0.0,1229.1598521516034,669.79,0.0,502.0,0,0,0,3410,1229.1598521516034
Data,2674,1089.2515403524153,0.0,294.43004822116706,0.0,1042.9984114264175,665.32,0.0,502.0,0,0,0,3594,1042.9984114264175
Data,2675,1411.0580278442872,0.0,296.94724674638144,0.0,792.0347254093314,661.96,0.0,502.0,0,0,0,3664,792.0347254093314
Data,2676,1686.8884239090396,0.0,404.9534582478685,0.0,477.95811784309205,664.2,0.0,502.0,0,0,0,3736,477.95811784309205
Data,2677,1832.4532275969518,0.0,541.7579522194392,0.0,85.31882018360875,619.47,0.0,502.0,0,0,0,3581,85.31882018360898
Data,2678,1868.2298448166903,0.0,497.2691640146371,0.0,257.5509911686728,623.95,0.0,502.0,0,0,0,3749,257.55099116867257
Data,2679,1861.8224828146172,0.0,528.4345329416026,0.0,266.3229842437802,628.42,0.0,502.0,0,0,0,3787,266.3229842437803
Data,2680,1681.7886868053488,0.0,550.4814013214036,0.0,409.28991187324755,666.44,0.0,502.0,0,0,0,3810,409.28991187324755
Data,2681,1293.5810069736258,0.0,715.9823301821666,0.0,722.0866628442077,722.35,0.0,502.0,0,0,0,3956,722.0866628442076
Data,2682,823.6467709930125,0.0,606.9002773111163,0.0,1133.8929516958713,809.56,0.0,502.0,0,0,0,3876,1133.8929516958713
Data,2683,324.34327979473363,0.0,528.9881700377316,0.0,1561.4285501675351,863.24,0.0,502.0,0,0,0,3780,1561.428550167535
Data,2684,31.93220001849458,0.0,451.2234057197369,0.0,1922.0143942617688,868.83,0.0,502.0,0,0,0,3776,1922.0143942617683
Data,2685,1.2814724004146063,0.0,643.7295090008902,0.0,1640.149018598695,764.84,0.0,502.0,0,0,0,3552,1640.149018598695
Data,2686,0.0,0.0,620.9288327748092,0.0,1459.131167225191,727.94,0.0,502.0,0,0,0,3310,1459.131167225191
Data,2687,0.0,0.0,835.8135906058922,0.0,1091.8064093941077,675.38,0.0,502.0,0,0,0,3105,1091.806409394108
Data,2688,0.0,0.0,805.1735699050914,0.0,1037.6864300949087,654.14,0.0,502.0,0,0,0,2999,1037.6864300949087
Data,2689,0.0,0.0,983.3396754471736,0.0,718.0603245528265,639.6,0.0,502.0,0,0,0,2843,718.0603245528264
Data,2690,0.0,0.0,810.5637881740624,0.0,724.9662118259375,742.47,0.0,502.0,0,0,0,2780,724.9662118259375
Data,2691,0.0,0.0,767.8549933790495,0.0,876.0350066209504,720.11,0.0,502.0,0,0,0,2866,876.0350066209505
Data,2692,0.0,0.0,750.3092623996853,0.0,1091.1607376003149,733.53,0.0,502.0,0,0,0,3077,1091.1607376003149
Data,2693,0.0,0.0,828.1034390881965,0.0,1006.5465609118036,741.35,0.0,502.0,0,0,0,3078,1006.5465609118035
Data,2694,40.85020182546154,0.0,867.8938571777184,0.0,823.8359409968201,751.42,0.0,502.0,0,0,0,2986,823.83594099682
Data,2695,270.73065896106135,0.0,680.093517733156,0.0,877.0258233057825,692.15,0.0,502.0,0,0,0,3022,877.0258233057829
Data,2696,578.4671025463404,0.0,782.7909413715769,0.0,602.5319560820826,683.21,0.0,502.0,0,0,0,3149,602.5319560820827
Data,2697,952.6308909694377,0.0,736.0731297850105,0.0,638.6159792455521,687.68,0.0,502.0,0,0,0,3517,638.615979245552
Data,2698,1347.2197803052659,0.0,937.9744305848667,0.0,282.4757891098675,684.33,0.0,502.0,0,0,0,3754,282.4757891098674
Data,2699,1677.944269604105,0.0,1016.2157303958948,91.60326520938088,0.0,641.84,0.0,502.0,0,0,0,3838,-91.60326520938077
Data,2700,1631.9565589230365,277.123487719115,1003.0934410769637,0.0,0.0,642.95,0.0,502.0,0,0,0,3780,-277.12348771911525
Data,2701,1087.550143153387,918.5818234466958,1410.2698568466133,0.0,0.0,626.18,0.0,502.0,0,0,0,3626,-918.5818234466959
Data,2702,1196.2220067228222,830.3350607899911,1518.7379932771778,0.0,0.0,691.04,0.0,502.0,0,0,0,3908,-830.3350607899911
Data,2703,1873.3295819203809,0.0,831.330418079619,789.3723042942565,0.0,703.34,0.0,502.0,0,0,0,3910,-789.3723042942564
Data,2704,1588.5550315506944,0.0,1041.4249684493057,483.1859442708019,0.0,776.02,0.0,502.0,0,0,0,3908,-483.1859442708019
Data,2705,1181.2037232066552,0.0,1419.096276793345,128.34659808706738,0.0,848.7,0.0,502.0,0,0,0,3951,-128.34659808706738
Data,2706,709.9880148256273,0.0,1523.4993743339858,0.0,242.16261084038706,864.35,0.0,502.0,0,0,0,3842,242.16261084038717
Data,2707,268.16771416023215,0.0,1785.927583631605,0.0,314.9547022081629,869.95,0.0,502.0,0,0,0,3741,314.95470220816264
Data,2708,34.46899232135615,0.0,1805.6390450473114,0.0,525.5319626313324,883.36,0.0,502.0,0,0,0,3751,525.5319626313327
Data,2709,1.2814724004146063,0.0,1951.0649941228114,0.0,273.21353347677393,789.44,0.0,502.0,0,0,0,3517,273.2135334767738
Data,2710,0.0,0.0,1989.1167098998897,0.0,37.883290100110344,738.0,0.0,502.0,0,0,0,3267,37.883290100110344
Data,2711,0.0,0.0,1907.25,121.94011249961613,0.0,716.75,0.0,502.0,0,0,0,3126,-121.94011249961613
Data,2712,0.0,0.0,1820.02,230.99758640394248,0.0,699.98,0.0,502.0,0,0,0,3022,-230.99758640394248
Data,2713,0.0,0.0,1737.92,116.90700265106398,0.0,663.08,0.0,502.0,0,0,0,2903,-116.90700265106409
Data,2714,0.0,0.0,1610.03,153.15824832791202,0.0,680.97,0.0,502.0,0,0,0,2793,-153.1582483279119
Data,2715,0.0,0.0,1692.0,58.824161163701774,0.0,738.0,0.0,502.0,0,0,0,2932,-58.824161163701774
Data,2716,0.0,0.0,1564.8718409050352,0.0,279.65815909496473,742.47,0.0,502.0,0,0,0,3089,279.65815909496473
Data,2717,0.0,0.0,1878.1799999999998,232.58439515205055,0.0,726.82,0.0,502.0,0,0,0,3107,-232.58439515205043
Data,2718,0.0,39.59488192301457,1856.95,144.04703597936964,0.0,710.05,0.0,502.0,0,0,0,3069,-183.64191790238442
Data,2719,0.0,229.85430463763214,1851.25,492.59148228985896,0.0,697.75,0.0,502.0,0,0,0,3051,-722.4457869274911
Data,2720,412.56470673840295,26.718801624130606,1815.865293261597,0.0,0.0,705.57,0.0,151.0,0,0,0,3085,-26.718801624130606
Data,2721,688.2814415124819,0.0,1690.3285584875182,368.91740457327865,0.0,694.39,0.0,151.0,0,0,0,3224,-368.917404573279
Data,2722,975.6189366829979,0.0,1596.6310633170021,644.6447263837229,0.0,697.75,0.0,151.0,0,0,0,3421,-644.6447263837226
Data,2723,-0.0,1262.9302793555462,2193.23,101.50501932476692,0.0,754.77,0.0,502.0,0,0,0,3450,-1364.4352986803133
Data,2724,0.0,1476.1777477837236,2150.11,238.1676225363185,0.0,755.89,0.0,502.0,0,0,0,3408,-1714.345370320042
Data,2725,1677.944269604105,0.0,733.0157303958949,1914.7867313164143,0.0,691.04,0.0,151.0,0,0,0,3253,-1914.7867313164143
Data,2726,-0.0,1674.1260049008288,2456.19,417.0958310772828,0.0,707.81,0.0,151.0,0,0,0,3315,-2091.2218359781114
Data,2727,-0.0,1564.2855134367196,2437.48,203.5724074169096,0.0,714.52,0.0,151.0,0,0,0,3303,-1767.8579208536294
Data,2728,304.9893653246777,993.6913787526391,2089.8706346753224,0.0,0.0,777.14,0.0,151.0,0,0,0,3323,-993.6913787526393
Data,2729,0.0,951.3494185690231,2017.96,94.39776961484495,0.0,814.04,0.0,502.0,0,0,0,3334,-1045.7471881838683
Data,2730,565.7046835381295,0.0,1449.1253164618704,436.35179202692393,0.0,853.17,0.0,502.0,0,0,0,3370,-436.35179202692404
Data,2731,192.82236751544679,0.0,1847.2876324845533,132.20690224789473,0.0,878.89,0.0,502.0,0,0,0,3421,-132.20690224789485
Data,2732,19.143628512316162,0.0,1955.8702207459503,0.0,96.5161507417331,865.47,0.0,502.0,0,0,0,3439,96.51615074173333
Data,2733,0.0,0.0,1875.1542893779954,0.0,124.81571062200464,795.03,0.0,502.0,0,0,0,3297,124.81571062200464
Data,2734,0.0,0.0,1863.42,60.18922626562926,0.0,724.58,0.0,502.0,0,0,0,3090,-60.18922626562937
Data,2735,0.0,0.0,1766.37,240.1997919140615,0.0,696.63,0.0,502.0,0,0,0,2965,-240.1997919140614
Data,2736,0.0,0.0,1670.55,230.90560302019367,0.0,685.45,0.0,502.0,0,0,0,2858,-230.90560302019367
Data,2737,0.0,0.0,1569.22,281.86907856967855,0.0,650.78,0.0,502.0,0,0,0,2722,-281.86907856967855
Data,2738,0.0,0.0,1459.42,221.00590024185612,0.0,724.58,0.0,502.0,0,0,0,2686,-221.00590024185624
Data,2739,0.0,0.0,1561.0734986986981,0.0,14.68650130130186,740.24,0.0,502.0,0,0,0,2818,14.68650130130186
Data,2740,0.0,0.0,1348.1202367852602,0.0,405.7597632147399,739.12,0.0,502.0,0,0,0,2995,405.7597632147398
Data,2741,0.0,0.0,1236.4444119860852,0.0,475.20558801391485,741.35,0.0,502.0,0,0,0,2955,475.20558801391473
Data,2742,35.750464721770754,0.0,988.2024320030059,0.0,565.0971032752233,746.95,0.0,502.0,0,0,0,2838,565.0971032752234
Data,2743,203.047994220796,0.0,986.3747252039767,0.0,343.2972805752273,712.28,0.0,502.0,0,0,0,2747,343.29728057522755
Data,2744,363.9381617177482,0.0,1134.517890333475,0.0,596.1639479487767,675.38,0.0,0.0,0,0,0,2770,596.1639479487768
Data,2745,634.6688206788095,0.0,1243.2165701429144,0.0,401.3746091782763,678.74,0.0,0.0,0,0,0,2958,401.37460917827616
Data,2746,966.6747823780631,0.0,1330.130384172705,0.0,82.86483344923204,684.33,0.0,0.0,0,0,0,3064,82.8648334492317
Data,2747,1192.6846698144516,0.0,1219.8353301855484,18.54353957743706,0.0,638.48,0.0,0.0,0,0,0,3051,-18.54353957743706
Data,2748,1390.6329269315565,0.0,1047.7770730684433,277.008873163712,0.0,620.59,0.0,0.0,0,0,0,3059,-277.0088731637119
Data,2749,1451.9343821677166,0.0,1025.0656178322834,411.9884754933985,0.0,615.0,0.0,0.0,0,0,0,3092,-411.9884754933985
Data,2750,950.3868619623181,423.6392287597839,1508.953138037682,0.0,0.0,649.66,0.0,0.0,0,0,0,3109,-423.63922875978403
Data,2751,766.5546105825017,410.83084792087743,1580.1653894174985,0.0,0.0,712.28,0.0,0.0,0,0,0,3059,-410.83084792087766
Data,2752,920.6986909509432,0.0,1357.1713090490566,268.1423965701126,0.0,758.13,0.0,0.0,0,0,0,3036,-268.1423965701125
Data,2753,237.7493554916025,393.07504798596324,1599.8206445083977,0.0,0.0,770.43,0.0,502.0,0,0,0,3110,-393.07504798596335
Data,2754,240.44757421809163,133.71621420500577,1685.5124257819084,0.0,0.0,814.04,0.0,502.0,0,0,0,3242,-133.7162142050056
Data,2755,166.01605709861062,0.0,1825.4039429013894,145.52775858697441,0.0,847.58,0.0,502.0,0,0,0,3341,-145.5277585869743
Data,2756,24.269518113974584,0.0,1702.9032676554853,0.0,330.77721423054004,852.05,0.0,502.0,0,0,0,3412,330.77721423054004
Data,2757,1.2814724004146063,0.0,1756.0098005788482,0.0,191.848727020737,821.86,0.0,502.0,0,0,0,3273,191.8487270207371
Data,2758,0.0,0.0,1653.1939390000985,0.0,258.4760609999016,684.33,0.0,502.0,0,0,0,3098,258.4760609999015
Data,2759,0.0,0.0,1687.6130342776514,0.0,71.78696572234867,639.6,0.0,502.0,0,0,0,2901,71.78696572234855
Data,2760,0.0,0.0,1548.785704089123,0.0,101.73429591087688,638.48,0.0,502.0,0,0,0,2791,101.73429591087688
Data,2761,0.0,0.0,1419.6834232382446,0.0,111.84657676175539,619.47,0.0,502.0,0,0,0,2653,111.84657676175539
Data,2762,0.0,0.0,1343.35,27.869359639384584,0.0,734.65,0.0,502.0,0,0,0,2580,-27.86935963938447
Data,2763,0.0,0.0,1447.81,262.7590606949384,0.0,768.19,0.0,502.0,0,0,0,2718,-262.7590606949384
Data,2764,0.0,0.0,1661.1,75.24553047847371,0.0,774.9,0.0,502.0,0,0,0,2938,-75.2455304784736
Data,2765,0.0,0.0,1685.45,181.14827313051296,0.0,771.55,0.0,502.0,0,0,0,2959,-181.14827313051296
Data,2766,37.031937122185354,0.0,1612.6080628778145,287.16282276305833,0.0,760.36,0.0,502.0,0,0,0,2912,-287.1628227630582
Data,2767,219.62867793228293,0.0,1440.4067605144598,0.0,150.93456155325725,672.03,0.0,502.0,0,0,0,2985,150.93456155325748
Data,2768,432.90229885842814,0.0,1472.8857349247749,0.0,44.541966216796936,668.67,0.0,502.0,0,0,0,3121,44.54196621679682
Data,2769,691.1645521648975,37.99324367101349,1596.9854478351026,0.0,0.0,660.85,0.0,502.0,0,0,0,3451,-37.99324367101383
Data,2770,863.0032867899442,184.11657933659512,1652.4467132100556,0.0,0.0,667.55,0.0,502.0,0,0,0,3685,-184.1165793365949
Data,2771,731.6282297482999,597.7032419470968,1843.3617702517,0.0,0.0,634.01,0.0,502.0,0,0,0,3711,-597.7032419470963
Data,2772,518.8232289761772,1032.6998654523318,2052.996771023823,0.0,0.0,626.18,0.0,502.0,0,0,0,3700,-1032.6998654523318
Data,2773,1683.0440067077957,0.0,770.7859932922042,1284.0576037228238,0.0,607.17,0.0,502.0,0,0,0,3563,-1284.0576037228238
Data,2774,499.3620086813901,1119.843750487384,2037.3379913186097,0.0,0.0,627.3,0.0,502.0,0,0,0,3666,-1119.8437504873839
Data,2775,1462.1338563750983,0.0,993.8761436249019,1239.384917826846,0.0,718.99,0.0,502.0,0,0,0,3677,-1239.3849178268463
Data,2776,309.4849422964676,938.1199732500384,2195.6950577035323,0.0,0.0,726.82,0.0,502.0,0,0,0,3734,-938.1199732500385
Data,2777,906.6547995423177,0.0,1768.7452004576824,604.6099788041272,0.0,762.6,0.0,502.0,0,0,0,3940,-604.6099788041275
Data,2778,570.8044206418203,0.0,1985.3955793581795,19.90486960951739,0.0,811.8,0.0,502.0,0,0,0,3870,-19.904869609517164
Data,2779,213.24746842817757,0.0,1825.4414068137655,0.0,404.03112475805733,835.28,0.0,502.0,0,0,0,3780,404.0311247580571
Data,2780,22.988045713559977,0.0,1695.5159955508052,0.0,792.4759587356348,776.02,0.0,502.0,0,0,0,3789,792.4759587356348
Data,2781,1.2814724004146063,0.0,1365.4816910930244,0.0,933.806836506561,770.43,0.0,502.0,0,0,0,3573,933.8068365065609
Data,2782,0.0,0.0,1456.4018866236252,0.0,627.1381133763748,723.46,0.0,502.0,0,0,0,3309,627.1381133763748
Data,2783,0.0,0.0,1436.9831065512271,0.0,597.586893448773,647.43,0.0,502.0,0,0,0,3184,597.5868934487729
Data,2784,0.0,0.0,1466.90793211847,0.0,422.84206788153006,636.25,0.0,502.0,0,0,0,3028,422.84206788153006
Data,2785,0.0,0.0,1275.058035407735,0.0,418.39196459226514,648.55,0.0,502.0,0,0,0,2844,418.39196459226514
Data,2786,0.0,0.0,1557.75,33.001272697903914,0.0,759.25,0.0,502.0,0,0,0,2819,-33.001272697903914
Data,2787,0.0,0.0,1408.2047239785581,0.0,224.4752760214417,788.32,0.0,502.0,0,0,0,2923,224.4752760214418
Data,2788,0.0,0.0,1725.1978994212238,0.0,63.42210057877605,798.38,0.0,502.0,0,0,0,3089,63.42210057877617
Data,2789,0.0,0.0,1796.73,425.5987733077832,0.0,816.27,0.0,502.0,0,0,0,3115,-425.5987733077832
Data,2790,38.31340952259997,0.0,1778.9765904774,365.2680806530375,0.0,744.71,0.0,502.0,0,0,0,3064,-365.2680806530375
Data,2791,0.0,291.1557598737921,1900.0900000000001,59.73697527424247,0.0,670.91,0.0,502.0,0,0,0,3073,-350.89273514803483
Data,2792,755.9641062527471,0.0,1222.3658937472528,837.5695991630205,0.0,668.67,0.0,502.0,0,0,0,3149,-837.5695991630204
Data,2793,1250.1678603473354,0.0,975.6321396526648,1143.036827562198,0.0,664.2,0.0,502.0,0,0,0,3392,-1143.0368275621984
Data,2794,1712.4394144234288,0.0,864.010585576571,1832.1007087049043,0.0,667.55,0.0,502.0,0,0,0,3746,-1832.100708704904
Data,2795,272.1591860804606,1778.667399546327,2506.9508139195395,0.0,0.0,632.89,0.0,502.0,0,0,0,3914,-1778.667399546327
Data,2796,2155.541187489238,0.0,638.4088125107619,2065.393554080846,0.0,606.05,0.0,502.0,0,0,0,3902,-2065.393554080846
Data,2797,0.0,2142.7787684810273,2665.36,108.43408352211327,0.0,592.64,0.0,502.0,0,0,0,3760,-2251.2128520031406
Data,2798,0.0,2149.159977985133,2784.64,48.12539894008705,0.0,637.36,0.0,502.0,0,0,0,3924,-2197.28537692522
Data,2799,0.0,1971.6629742787263,2763.02,106.47840054227254,0.0,699.98,0.0,502.0,0,0,0,3965,-2078.141374820999
Data,2800,1647.293541986025,0.0,1100.1164580139748,1700.3557926554295,0.0,743.59,0.0,502.0,0,0,0,3993,-1700.3557926554295
Data,2801,1201.628824119386,0.0,1546.4911758806138,1152.9191430383985,0.0,859.88,0.0,502.0,0,0,0,4110,-1152.9191430383985
Data,2802,734.2575329396018,0.0,1920.3124670603984,410.47472436161524,0.0,893.43,0.0,502.0,0,0,0,4050,-410.47472436161536
Data,2803,279.6486607680283,0.0,2109.198881769589,0.0,150.00245746238215,919.15,0.0,502.0,0,0,0,3960,150.00245746238272
Data,2804,26.806310416836155,0.0,1853.5501956405337,0.0,652.2634939426298,921.38,0.0,502.0,0,0,0,3956,652.2634939426299
Data,2805,1.2814724004146063,0.0,1769.712527956486,0.0,572.8159996430993,891.19,0.0,502.0,0,0,0,3737,572.8159996430993
Data,2806,0.0,0.0,1502.9565777837545,0.0,695.1534222162456,755.89,0.0,502.0,0,0,0,3456,695.1534222162455
Data,2807,0.0,0.0,1172.3140045243906,0.0,964.1959954756096,657.49,0.0,502.0,0,0,0,3296,964.1959954756094
Data,2808,0.0,0.0,1260.1450735573105,0.0,752.2549264426896,639.6,0.0,502.0,0,0,0,3154,752.2549264426895
Data,2809,0.0,0.0,1056.7636630831748,0.0,751.6363369168253,639.6,0.0,502.0,0,0,0,2950,751.6363369168251
Data,2810,0.0,0.0,1544.4412782999682,0.0,161.1787217000317,675.38,0.0,502.0,0,0,0,2883,161.17872170003182
Data,2811,0.0,0.0,1597.8111762813103,0.0,196.8088237186896,675.38,0.0,502.0,0,0,0,2972,196.80882371868972
Data,2812,0.0,0.0,1685.8339852928905,0.0,257.47601470710947,706.69,0.0,502.0,0,0,0,3152,257.47601470710947
Data,2813,0.0,0.0,1744.5338094565684,0.0,196.63619054343167,745.83,0.0,502.0,0,0,0,3189,196.63619054343155
Data,2814,38.31340952259997,0.0,1835.5165904773999,35.94830286255092,0.0,730.17,0.0,502.0,0,0,0,3106,-35.948302862550804
Data,2815,216.4095392007655,53.0396473598812,1751.8004607992345,0.0,0.0,669.79,0.0,502.0,0,0,0,3140,-53.03964735988143
Data,2816,704.8882777219364,0.0,1424.3817222780635,91.8719143116025,0.0,659.73,0.0,502.0,0,0,0,3291,-91.8719143116025
Data,2817,974.4221364824411,268.0830419603742,1519.547863517559,0.0,0.0,672.03,0.0,502.0,0,0,0,3668,-268.0830419603742
Data,2818,1150.5389593796317,578.4811387552841,1548.0910406203684,0.0,0.0,656.37,0.0,502.0,0,0,0,3857,-578.4811387552842
Data,2819,2099.3394693567693,0.0,706.9105306432307,751.5896750203269,0.0,593.75,0.0,502.0,0,0,0,3902,-751.5896750203269
Data,2820,1575.3769422529654,706.5854204118691,1362.4030577470344,0.0,0.0,579.22,0.0,502.0,0,0,0,4019,-706.5854204118689
Data,2821,2251.311635046755,0.0,635.9383649532451,923.0008080832713,0.0,574.75,0.0,502.0,0,0,0,3964,-923.0008080832713
Data,2822,2135.1160865765078,0.0,819.9339134234924,876.4356233517913,0.0,623.95,0.0,502.0,0,0,0,4081,-876.4356233517915
Data,2823,1879.7107914244864,0.0,983.0192085755136,708.5946775298494,0.0,693.27,0.0,502.0,0,0,0,4058,-708.5946775298492
Data,2824,1251.1714270551875,299.07019497290685,1583.2085729448127,0.0,0.0,800.62,0.0,502.0,0,0,0,4137,-299.07019497290696
Data,2825,1085.4332756491392,0.0,1587.565395287954,0.0,220.721329062907,835.28,0.0,502.0,0,0,0,4231,220.72132906290653
Data,2826,639.7685577825002,0.0,1724.7837971699291,0.0,363.96764504757084,884.48,0.0,502.0,0,0,0,4115,363.9676450475704
Data,2827,228.57283223721754,0.0,2118.3533037976904,0.0,252.22386396509228,906.85,0.0,502.0,0,0,0,4008,252.22386396509216
Data,2828,22.988045713559977,0.0,1722.633636959657,0.0,856.648317326783,905.73,0.0,502.0,0,0,0,4010,856.648317326783
Data,2829,0.0,0.0,1639.6256228127156,0.0,814.6343771872846,801.74,0.0,502.0,0,0,0,3758,814.6343771872844
Data,2830,0.0,0.0,1507.4421233241585,0.0,746.0978766758415,723.46,0.0,502.0,0,0,0,3479,746.0978766758415
Data,2831,0.0,0.0,1485.8348423663886,0.0,645.7851576336113,675.38,0.0,502.0,0,0,0,3309,645.7851576336114
Data,2832,0.0,0.0,1451.469992977441,0.0,550.8200070225589,621.71,0.0,502.0,0,0,0,3126,550.8200070225589
Data,2833,0.0,0.0,1457.8118499817622,0.0,383.06815001823793,616.12,0.0,502.0,0,0,0,2959,383.0681500182378
Data,2834,0.0,0.0,1427.0716649128997,0.0,329.9783350871003,642.95,0.0,502.0,0,0,0,2902,329.9783350871003
Data,2835,0.0,0.0,1475.7669076320115,0.0,361.5730923679887,649.66,0.0,502.0,0,0,0,2989,361.5730923679886
Data,2836,0.0,0.0,1646.057260330683,0.0,301.422739669317,714.52,0.0,502.0,0,0,0,3164,301.422739669317
Data,2837,0.0,0.0,1751.519326308753,0.0,210.31067369124685,730.17,0.0,502.0,0,0,0,3194,210.31067369124696
Data,2838,37.031937122185354,0.0,1901.323149938786,0.0,33.13491293902871,695.51,0.0,502.0,0,0,0,3169,33.13491293902871
Data,2839,273.2674512639229,0.0,1603.9139439928067,0.0,133.09860474327024,640.72,0.0,502.0,0,0,0,3153,133.09860474327047
Data,2840,747.0199519478126,0.0,1399.9200480521874,191.13346935922118,0.0,625.06,0.0,502.0,0,0,0,3274,-191.1334693592214
Data,2841,834.1726903123092,435.1387985473423,1685.2873096876908,0.0,0.0,629.54,0.0,502.0,0,0,0,3651,-435.1387985473423
Data,2842,1768.6149800579303,0.0,1061.7350199420696,769.6247474138634,0.0,611.65,0.0,502.0,0,0,0,3944,-769.6247474138635
Data,2843,898.8131618453328,1249.0653437393855,1958.246838154667,0.0,0.0,604.94,0.0,502.0,0,0,0,3964,-1249.0653437393855
Data,2844,1071.4681992107128,1255.188782480827,1858.3818007892871,0.0,0.0,569.15,0.0,502.0,0,0,0,4001,-1255.1887824808268
Data,2845,1009.6892755753599,1338.6742794293252,1760.3407244246398,0.0,0.0,557.97,0.0,502.0,0,0,0,3830,-1338.674279429325
Data,2846,2229.605061733609,0.0,656.6949382663911,1210.2125107169136,0.0,602.7,0.0,502.0,0,0,0,3991,-1210.2125107169138
Data,2847,2034.2197494173333,0.0,896.2302505826665,946.6775574994306,0.0,648.55,0.0,502.0,0,0,0,4081,-946.6775574994303
Data,2848,1058.350303426537,643.8634842915424,1763.5196965734629,0.0,0.0,758.13,0.0,502.0,0,0,0,4082,-643.8634842915422
Data,2849,976.2627237747943,272.6236641721264,1885.3972762252056,0.0,0.0,826.34,0.0,502.0,0,0,0,4190,-272.6236641721265
Data,2850,775.1338872630309,0.0,1932.6861127369693,229.79046663846384,0.0,872.18,0.0,502.0,0,0,0,4082,-229.79046663846395
Data,2851,280.93013316844286,0.0,2141.6279351850344,0.0,162.8919316465226,913.55,0.0,502.0,0,0,0,4001,162.89193164652283
Data,2852,20.42510091273077,0.0,1795.7652372774912,0.0,787.5596618097782,901.25,0.0,502.0,0,0,0,4007,787.5596618097782
Data,2853,0.0,0.0,1863.6576786911696,0.0,624.5523213088304,792.79,0.0,502.0,0,0,0,3783,624.5523213088304
Data,2854,0.0,0.0,1866.9504380223832,0.0,432.76956197761706,712.28,0.0,502.0,0,0,0,3514,432.76956197761683
Data,2855,0.0,0.0,1911.259372232087,0.0,241.19062776791293,648.55,0.0,502.0,0,0,0,3303,241.19062776791316
Data,2856,0.0,0.0,1858.2455992859543,0.0,166.6344007140458,616.12,0.0,502.0,0,0,0,3143,166.63440071404568
Data,2857,0.0,0.0,1880.13,480.79112631418366,0.0,594.87,0.0,502.0,0,0,0,2977,-480.79112631418377
Data,2858,0.0,0.0,1767.12,330.63938206833427,0.0,613.88,0.0,502.0,0,0,0,2883,-330.63938206833416
Data,2859,0.0,0.0,1834.3899999999999,82.12891939050178,0.0,658.61,0.0,502.0,0,0,0,2995,-82.12891939050166
Data,2860,0.0,0.0,1510.485167394315,0.0,458.53483260568487,699.98,0.0,502.0,0,0,0,3171,458.53483260568487
Data,2861,0.0,0.0,1576.2606515008329,0.0,419.9393484991672,688.8,0.0,502.0,0,0,0,3187,419.9393484991672
Data,2862,35.750464721770754,0.0,1611.956223482802,0.0,317.55331179542713,678.74,0.0,502.0,0,0,0,3146,317.55331179542736
Data,2863,275.8303960647521,0.0,1527.6630420458644,0.0,193.85656188938333,611.65,0.0,502.0,0,0,0,3111,193.85656188938344
Data,2864,690.8443863133111,0.0,1074.3513400186116,0.0,391.8642736680772,604.94,0.0,502.0,0,0,0,3264,391.8642736680772
Data,2865,1225.8983422333608,0.0,1109.3074171555643,0.0,141.26424061107514,610.53,0.0,502.0,0,0,0,3589,141.2642406110749
Data,2866,1711.1579420230141,0.0,1046.142057976986,67.87568227662518,0.0,602.7,0.0,502.0,0,0,0,3862,-67.87568227662541
Data,2867,1790.294352747772,293.745905297925,1028.065647252228,0.0,0.0,592.64,0.0,502.0,0,0,0,3913,-293.7459052979251
Data,2868,2301.105991177151,0.0,737.2740088228493,397.6928175632129,0.0,554.62,0.0,502.0,0,0,0,4095,-397.692817563213
Data,2869,1928.4656195246444,344.55258883525585,997.794380475356,0.0,0.0,555.74,0.0,502.0,0,0,0,3984,-344.5525888352562
Data,2870,2015.076120905017,0.0,962.8738790949828,124.01905704858109,0.0,606.05,0.0,502.0,0,0,0,4086,-124.01905704858086
Data,2871,1648.5750143864395,0.0,1060.9996374459233,0.0,321.4753481676373,642.95,0.0,502.0,0,0,0,4176,321.47534816763687
Data,2872,1322.9502621912911,0.0,1016.1923756465486,0.0,624.1373621621601,763.72,0.0,502.0,0,0,0,4229,624.1373621621602
Data,2873,1043.301601423263,0.0,1404.9400978617352,0.0,477.2983007150017,846.46,0.0,502.0,0,0,0,4274,477.2983007150017
Data,2874,652.5309767907111,0.0,1688.3187834319356,0.0,430.3802397773534,877.77,0.0,502.0,0,0,0,4151,430.3802397773534
Data,2875,257.9420874548829,0.0,1872.518648771419,0.0,524.929263773698,904.61,0.0,502.0,0,0,0,4062,524.9292637736982
Data,2876,35.750464721770754,0.0,1809.2387239773639,0.0,839.8808113008654,881.13,0.0,502.0,0,0,0,4068,839.8808113008655
Data,2877,1.2814724004146063,0.0,1940.674250858481,0.0,609.4342767411042,781.61,0.0,502.0,0,0,0,3835,609.4342767411043
Data,2878,0.0,0.0,2065.9861669360484,0.0,350.4538330639516,686.56,0.0,502.0,0,0,0,3605,350.4538330639516
Data,2879,0.0,0.0,2116.1449417118147,0.0,182.31505828818536,629.54,0.0,502.0,0,0,0,3430,182.31505828818536
Data,2880,0.0,0.0,2155.3487374607603,0.0,25.251262539239633,590.4,0.0,502.0,0,0,0,3273,25.251262539239747
Data,2881,0.0,0.0,2025.0900000000001,531.0582699720821,0.0,547.91,0.0,502.0,0,0,0,3075,-531.0582699720823
Data,2882,0.0,0.0,1979.62,668.3986662809525,0.0,552.38,0.0,502.0,0,0,0,3034,-668.3986662809524
Data,2883,0.0,0.0,1995.8899999999999,451.7570977957648,0.0,597.11,0.0,502.0,0,0,0,3095,-451.7570977957647
Data,2884,0.0,0.0,2094.15,353.2952248699762,0.0,660.85,0.0,502.0,0,0,0,3257,-353.2952248699763
Data,2885,0.0,0.0,2043.0900000000001,346.3672038367318,0.0,670.91,0.0,502.0,0,0,0,3216,-346.36720383673185
Data,2886,20.42510091273077,0.0,1940.8448990872691,575.0860085127886,0.0,659.73,0.0,502.0,0,0,0,3123,-575.0860085127883
Data,2887,0.0,185.1596856109268,2051.55,188.00274833219737,0.0,581.45,0.0,502.0,0,0,0,3135,-373.16243394312437
Data,2888,427.7764092567697,0.0,1706.0235907432304,550.8178274371846,0.0,541.2,0.0,502.0,0,0,0,3177,-550.8178274371846
Data,2889,725.3133786346671,0.0,1672.436621365333,670.4300774505846,0.0,532.25,0.0,502.0,0,0,0,3432,-670.4300774505846
Data,2890,897.7106452373832,0.0,2046.509354762617,218.82305612684286,0.0,527.78,0.0,151.0,0,0,0,3623,-218.82305612684308
Data,2891,644.3919790190657,424.43446042061896,2353.8280209809345,0.0,0.0,527.78,0.0,151.0,0,0,0,3677,-424.4344604206192
Data,2892,186.70670817657037,1027.7106874489941,2592.0432918234296,0.0,0.0,513.25,0.0,502.0,0,0,0,3794,-1027.7106874489941
Data,2893,484.7431173971572,704.1232877140183,2645.306882602843,0.0,0.0,500.95,0.0,151.0,0,0,0,3782,-704.1232877140185
Data,2894,0.0,980.7186737866886,2882.23,51.35682390609372,0.0,508.77,0.0,502.0,0,0,0,3893,-1032.0754976927824
Data,2895,814.7026166880779,0.0,2400.4473833119223,798.1785876024087,0.0,537.85,0.0,151.0,0,0,0,3904,-798.1785876024088
Data,2896,609.1178301644204,0.0,2546.7621698355797,899.7386978380264,0.0,616.12,0.0,151.0,0,0,0,3923,-899.7386978380265
Data,2897,0.0,464.8083463789551,2769.87,713.4125706059476,0.0,758.13,0.0,502.0,0,0,0,4030,-1178.220916984903
Data,2898,294.97402457706823,0.0,2365.735975422932,1154.4449914945199,0.0,854.29,0.0,502.0,0,0,0,4017,-1154.4449914945199
Data,2899,113.65875616738528,0.0,2487.5112438326146,811.8153990501346,0.0,868.83,0.0,502.0,0,0,0,3972,-811.8153990501347
Data,2900,5.09973710369078,0.0,2619.8402628963095,555.7761893880283,0.0,871.06,0.0,502.0,0,0,0,3998,-555.7761893880283
Data,2901,1.2814724004146063,0.0,2507.818527599585,772.6453108801493,0.0,774.9,0.0,502.0,0,0,0,3786,-772.6453108801492
Data,2902,0.0,0.0,2423.05,553.8541472936427,0.0,623.95,0.0,502.0,0,0,0,3549,-553.8541472936429
Data,2903,0.0,0.0,2290.67,444.5144529592285,0.0,561.33,0.0,502.0,0,0,0,3354,-444.5144529592286
Data,2904,0.0,0.0,2165.08,740.6007953267231,0.0,566.92,0.0,502.0,0,0,0,3234,-740.600795326723
Data,2905,0.0,0.0,2021.98,739.7105905626963,0.0,530.02,0.0,502.0,0,0,0,3054,-739.7105905626963
Data,2906,0.0,0.0,1946.27,456.2953588354271,0.0,536.73,0.0,502.0,0,0,0,2985,-456.2953588354271
Data,2907,0.0,0.0,1970.79,401.92467780076413,0.0,560.21,0.0,502.0,0,0,0,3033,-401.92467780076413
Data,2908,0.0,0.0,2057.15,595.8362191240517,0.0,660.85,0.0,502.0,0,0,0,3220,-595.8362191240518
Data,2909,0.0,0.0,2034.92,119.53083707541873,0.0,663.08,0.0,502.0,0,0,0,3200,-119.53083707541884
Data,2910,7.662681904519992,0.0,1920.38731809548,314.1421343759341,0.0,642.95,0.0,502.0,0,0,0,3073,-314.1421343759341
Data,2911,145.56480368791222,0.0,2343.095196312088,4.356565242708712,0.0,580.34,0.0,0.0,0,0,0,3069,-4.356565242708598
Data,2912,246.46114084708677,0.0,2074.844612446894,0.0,223.54424670601895,550.15,0.0,0.0,0,0,0,3095,223.54424670601895
Data,2913,388.20767983172277,0.0,1945.4963156276722,0.0,507.2760045406051,530.02,0.0,0.0,0,0,0,3371,507.27600454060484
Data,2914,538.8722206233258,0.0,1938.7689491235656,0.0,573.6988302531088,526.66,0.0,0.0,0,0,0,3578,573.6988302531084
Data,2915,689.5629139128965,0.0,2261.652000874624,0.0,208.65508521247955,512.13,0.0,0.0,0,0,0,3672,208.65508521247978
Data,2916,809.6028795843871,0.0,2404.6433680138825,0.0,27.32375240173053,524.43,0.0,0.0,0,0,0,3766,27.323752401730303
Data,2917,798.1219329765909,0.0,2433.3613643594817,0.0,28.566702663927572,500.95,0.0,0.0,0,0,0,3761,28.5667026639274
Data,2918,722.7765863318057,0.0,1999.5125928877105,0.0,585.760820780484,500.95,0.0,0.0,0,0,0,3809,585.760820780484
Data,2919,649.9941844878496,0.0,2241.1193979133977,0.0,469.69641759875265,522.19,0.0,0.0,0,0,0,3883,469.69641759875276
Data,2920,442.22737960219,155.40950395443406,2801.52262039781,0.0,0.0,636.25,0.0,0.0,0,0,0,3880,-155.40950395443406
Data,2921,457.1456644744351,0.0,2265.4543355255646,638.890780591802,0.0,713.4,0.0,502.0,0,0,0,3938,-638.8907805918014
Data,2922,289.8742874733775,0.0,2399.1057125266225,711.6683072838341,0.0,776.02,0.0,502.0,0,0,0,3967,-711.6683072838341
Data,2923,126.42117517559606,0.0,2572.548824824404,509.10019290259606,0.0,795.03,0.0,502.0,0,0,0,3996,-509.1001929025963
Data,2924,21.70657331314537,0.0,2720.9634266868547,716.897816790668,0.0,807.33,0.0,502.0,0,0,0,4052,-716.8978167906681
Data,2925,1.2814724004146063,0.0,2569.128527599585,720.0941810850836,0.0,743.59,0.0,502.0,0,0,0,3816,-720.0941810850835
Data,2926,0.0,0.0,2434.45,537.1000695621178,0.0,648.55,0.0,502.0,0,0,0,3585,-537.1000695621176
Data,2927,0.0,0.0,2268.5,824.3805204987561,0.0,553.5,0.0,502.0,0,0,0,3324,-824.3805204987561
Data,2928,0.0,0.0,2084.0299999999997,873.0131213803775,0.0,557.97,0.0,502.0,0,0,0,3144,-873.0131213803772
Data,2929,0.0,0.0,1931.51,1181.9026761128032,0.0,534.49,0.0,502.0,0,0,0,2968,-1181.9026761128032
Data,2930,0.0,0.0,1866.5,1181.4553079511238,0.0,553.5,0.0,502.0,0,0,0,2922,-1181.4553079511238
Data,2931,0.0,0.0,1881.6,1164.021234602974,0.0,590.4,0.0,502.0,0,0,0,2974,-1164.021234602974
Data,2932,0.0,0.0,2019.71,553.9355086270307,0.0,608.29,0.0,502.0,0,0,0,3130,-553.9355086270307
Data,2933,0.0,0.0,2043.1799999999998,533.1700059443551,0.0,603.82,0.0,502.0,0,0,0,3149,-533.170005944355
Data,2934,8.9441543049346,0.0,2022.8958456950656,499.21901305510687,0.0,588.16,0.0,502.0,0,0,0,3122,-499.2190130551072
Data,2935,204.30331412324293,0.0,1755.6026460427497,0.0,91.81403983400762,589.28,0.0,502.0,0,0,0,3143,91.81403983400719
Data,2936,667.856340599751,0.0,1341.8271206661414,0.0,227.50653873410772,584.81,0.0,502.0,0,0,0,3324,227.5065387341076
Data,2937,1172.2595689017207,0.0,1370.4103951768213,0.0,116.05003592145817,589.28,0.0,502.0,0,0,0,3750,116.05003592145795
Data,2938,1688.169896309454,0.0,1354.480103690546,339.8532205385468,0.0,618.35,0.0,502.0,0,0,0,4163,-339.8532205385469
Data,2939,1568.6608997529647,484.7286306746523,1509.3491002470355,0.0,0.0,595.99,0.0,502.0,0,0,0,4176,-484.72863067465255
Data,2940,1641.8763531622765,670.736737120638,1431.1336468377237,0.0,0.0,595.99,0.0,502.0,0,0,0,4171,-670.7367371206383
Data,2941,2408.383537840431,0.0,406.4564621595691,1276.9475181290532,0.0,588.16,0.0,502.0,0,0,0,3905,-1276.9475181290532
Data,2942,1231.1893228222593,1092.904714068451,1992.5106771777405,0.0,0.0,627.3,0.0,151.0,0,0,0,4002,-1092.9047140684509
Data,2943,602.4930372747626,1475.1398587688614,2235.2969627252373,0.0,0.0,683.21,0.0,502.0,0,0,0,4023,-1475.1398587688614
Data,2944,198.16460740180764,1492.5420812105083,2558.3153925981924,0.0,0.0,714.52,0.0,502.0,0,0,0,3973,-1492.542081210508
Data,2945,78.7257650627107,1112.7035848492937,2577.4242349372894,0.0,0.0,802.85,0.0,502.0,0,0,0,3961,-1112.7035848492937
Data,2946,0.0,660.1936586952311,2533.66,79.37860193737924,0.0,826.34,0.0,502.0,0,0,0,3862,-739.5722606326102
Data,2947,0.0,190.25942271461756,2552.5,46.7612008802912,0.0,799.5,0.0,502.0,0,0,0,3854,-237.02062359490856
Data,2948,12.762419008210774,0.0,2657.1807338565227,0.0,150.04804713526693,825.22,0.0,198.7888,0,0,0,3844,150.04804713526667
Data,2949,0.0,0.0,2585.7666,233.31202236936775,0.0,765.95,0.0,249.2834,0,0,0,3601,-233.31202236936767
Data,2950,0.0,0.0,2391.9907000000003,613.073423630958,0.0,710.05,0.0,287.9593,0,0,0,3390,-613.0734236309584
Data,2951,0.0,0.0,2506.0,555.9573779724788,0.0,738.0,0.0,0.0,0,0,0,3244,-555.9573779724788
Data,2952,0.0,0.0,2298.21,757.9590975721931,0.0,792.79,0.0,0.0,0,0,0,3091,-757.9590975721931
Data,2953,0.0,0.0,2116.49,1065.3860501253394,0.0,818.51,0.0,0.0,0,0,0,2935,-1065.3860501253391
Data,2954,0.0,0.0,2061.18,1045.0117421979176,0.0,849.82,0.0,0.0,0,0,0,2911,-1045.0117421979176
Data,2955,0.0,0.0,2039.3400000000001,1140.2662156580768,0.0,895.66,0.0,0.0,0,0,0,2935,-1140.2662156580768
Data,2956,0.0,0.0,2180.68,1474.2412345889186,0.0,911.32,0.0,0.0,0,0,0,3092,-1474.2412345889184
Data,2957,0.0,0.0,2267.69,1793.6569996944077,0.0,892.31,0.0,0.0,0,0,0,3160,-1793.6569996944077
Data,2958,11.480946607796167,0.0,2218.7990533922034,1376.885933905649,0.0,886.72,0.0,0.0,0,0,0,3117,-1376.8859339056487
Data,2959,222.19162273311213,0.0,1866.668377266888,1400.8053600393464,0.0,900.14,0.0,151.0,0,0,0,3140,-1400.8053600393464
Data,2960,602.7366206603149,0.0,1608.593379339685,1368.3193455222188,0.0,914.67,0.0,151.0,0,0,0,3277,-1368.3193455222186
Data,2961,1048.4013385269539,0.0,1175.3986614730463,1824.274555303756,0.0,910.2,0.0,502.0,0,0,0,3636,-1824.274555303756
Data,2962,-0.0,1519.5908944100142,2847.8,330.83393066205576,0.0,910.2,0.0,151.0,0,0,0,3909,-1850.42482507207
Data,2963,-0.0,1795.4212904747665,2530.52,239.40233484341013,0.0,884.48,0.0,502.0,0,0,0,3917,-2034.8236253181767
Data,2964,231.97594342079083,1781.8187050838114,2304.304056579209,0.0,0.0,886.72,0.0,502.0,0,0,0,3925,-1781.8187050838112
Data,2965,2123.608987470744,0.0,238.27101252925604,1970.5343371074505,0.0,862.12,0.0,502.0,0,0,0,3726,-1970.5343371074505
Data,2966,2150.4414503855473,0.0,350.0885496144524,1728.1468237064964,0.0,865.47,0.0,502.0,0,0,0,3868,-1728.1468237064962
Data,2967,344.15310514029807,1612.1845053293882,2118.8368948597017,0.0,0.0,880.01,0.0,502.0,0,0,0,3845,-1612.184505329388
Data,2968,164.71968855066143,1499.180689644818,2304.1003114493387,0.0,0.0,872.18,0.0,502.0,0,0,0,3843,-1499.180689644818
Data,2969,150.66686199295737,1033.099806014527,2398.6831380070425,0.0,0.0,857.65,0.0,502.0,0,0,0,3909,-1033.099806014527
Data,2970,0.0,684.4631768092056,2444.82,119.21902140909879,0.0,872.18,0.0,502.0,0,0,0,3819,-803.6821982183047
Data,2971,0.0,195.38531231627599,2413.75,206.6357742164787,0.0,882.25,0.0,502.0,0,0,0,3798,-402.0210865327549
Data,2972,5.09973710369078,0.0,2441.9002628963094,465.5548105116877,0.0,861.0,0.0,502.0,0,0,0,3810,-465.5548105116877
Data,2973,0.0,0.0,2285.37,428.1235127431437,0.0,819.63,0.0,502.0,0,0,0,3607,-428.1235127431436
Data,2974,0.0,0.0,2089.45,352.6249749364524,0.0,790.55,0.0,502.0,0,0,0,3382,-352.6249749364522
Data,2975,0.0,0.0,1939.75,598.9677711295499,0.0,778.25,0.0,502.0,0,0,0,3220,-598.9677711295499
Data,2976,0.0,0.0,1850.1599999999999,575.011576281298,0.0,764.84,0.0,502.0,0,0,0,3117,-575.0115762812978
Data,2977,0.0,0.0,1704.6399999999999,436.06964778317706,0.0,760.36,0.0,502.0,0,0,0,2967,-436.06964778317695
Data,2978,0.0,0.0,1630.71,409.72738153015666,0.0,731.29,0.0,502.0,0,0,0,2864,-409.72738153015666
Data,2979,0.0,0.0,1723.77,593.3596438796599,0.0,721.23,0.0,502.0,0,0,0,2947,-593.3596438796599
Data,2980,0.0,0.0,1829.81,437.2691882188069,0.0,768.19,0.0,502.0,0,0,0,3100,-437.2691882188069
Data,2981,0.0,0.0,1874.53,273.2443667594182,0.0,742.47,0.0,502.0,0,0,0,3119,-273.2443667594182
Data,2982,8.9441543049346,0.0,1831.5358456950655,334.80971590029935,0.0,714.52,0.0,502.0,0,0,0,3057,-334.8097159002996
Data,2983,0.0,197.92210461913754,1855.49,401.89878631547685,0.0,695.51,0.0,502.0,0,0,0,3053,-599.8208909346142
Data,2984,0.0,498.02201879786423,2014.9,142.83195327666408,0.0,701.1,0.0,502.0,0,0,0,3218,-640.8539720745285
Data,2985,796.8404605761764,0.0,1524.8595394238234,434.2182730576644,0.0,750.3,0.0,502.0,0,0,0,3574,-434.21827305766396
Data,2986,892.6109081336924,0.0,1635.2390918663075,447.91957952273947,0.0,796.15,0.0,502.0,0,0,0,3826,-447.9195795227396
Data,2987,155.01223291268343,761.8681933349835,2480.8377670873165,0.0,0.0,815.15,0.0,502.0,0,0,0,3953,-761.8681933349834
Data,2988,0.0,888.7664909324485,2596.55,82.24201822728264,0.0,827.45,0.0,502.0,0,0,0,3926,-971.0085091597314
Data,2989,0.0,827.4911881942564,2395.61,207.2844152338207,0.0,817.39,0.0,502.0,0,0,0,3715,-1034.775603428077
Data,2990,13.600239999885616,716.8390282364401,2568.179760000114,0.0,0.0,825.22,0.0,502.0,0,0,0,3909,-716.8390282364401
Data,2991,0.0,732.9760605391872,2523.4700000000003,143.56620402094632,0.0,856.53,0.0,502.0,0,0,0,3882,-876.5422645601336
Data,2992,736.820477740431,0.0,1729.2895222595691,1154.5029414321532,0.0,878.89,0.0,502.0,0,0,0,3847,-1154.502941432153
Data,2993,551.6607921295042,0.0,1962.389207870496,1011.3626589820171,0.0,888.95,0.0,502.0,0,0,0,3905,-1011.3626589820176
Data,2994,353.71253501239903,0.0,1990.8374649876012,709.9002681465906,0.0,950.45,0.0,502.0,0,0,0,3797,-709.9002681465906
Data,2995,140.46506658422143,0.0,2200.3049334157786,610.7717111594579,0.0,967.23,0.0,502.0,0,0,0,3810,-610.7717111594579
Data,2996,10.225626705349207,0.0,2227.2284356110845,0.0,185.75593768356657,915.79,0.0,502.0,0,0,0,3841,185.75593768356657
Data,2997,0.0,0.0,1902.257167160505,0.0,407.83283283949504,793.91,0.0,502.0,0,0,0,3606,407.8328328394949
Data,2998,0.0,0.0,1914.747174836077,0.0,192.65282516392313,762.6,0.0,502.0,0,0,0,3372,192.652825163923
Data,2999,0.0,0.0,1933.94,93.03044880854554,0.0,748.06,0.0,502.0,0,0,0,3184,-93.03044880854554
Data,3000,0.0,0.0,1804.29,811.7699799535626,0.0,744.71,0.0,502.0,0,0,0,3051,-811.7699799535626
Data,3001,0.0,0.0,1615.6799999999998,1049.6727596772048,0.0,788.32,0.0,502.0,0,0,0,2906,-1049.6727596772048
Data,3002,0.0,0.0,1624.24,853.3201635226603,0.0,735.76,0.0,502.0,0,0,0,2862,-853.3201635226603
Data,3003,0.0,0.0,1702.83,717.2150607405065,0.0,730.17,0.0,502.0,0,0,0,2935,-717.2150607405064
Data,3004,0.0,0.0,1860.24,699.1720083488415,0.0,735.76,0.0,502.0,0,0,0,3098,-699.1720083488415
Data,3005,0.0,0.0,1882.65,822.4720390296725,0.0,741.35,0.0,502.0,0,0,0,3126,-822.4720390296726
Data,3006,7.662681904519992,0.0,1792.38731809548,861.3306892851058,0.0,765.95,0.0,502.0,0,0,0,3068,-861.3306892851058
Data,3007,185.1596856109268,0.0,1640.5503143890733,1067.278116582664,0.0,731.29,0.0,502.0,0,0,0,3059,-1067.278116582664
Data,3008,0.0,551.6607921295042,1986.0,711.1907495452838,0.0,738.0,0.0,502.0,0,0,0,3226,-1262.8515416747882
Data,3009,1052.21960323023,0.0,1260.2303967697699,1570.6639807860538,0.0,771.55,0.0,502.0,0,0,0,3586,-1570.6639807860536
Data,3010,-0.0,1496.6290011944218,2534.4700000000003,243.14659926766657,0.0,733.53,0.0,502.0,0,0,0,3770,-1739.775600462089
Data,3011,-0.0,1617.9242867683597,2593.42,115.48345386488467,0.0,724.58,0.0,502.0,0,0,0,3820,-1733.4077406332444
Data,3012,-0.0,1603.8803953597344,2653.99,107.60176703725955,0.0,757.01,0.0,502.0,0,0,0,3913,-1711.4821623969935
Data,3013,-0.0,1575.7926125424833,2483.0,233.21449638759225,0.0,738.0,0.0,502.0,0,0,0,3723,-1809.0071089300754
Data,3014,-0.0,1506.8284754018034,2585.57,306.898035783142,0.0,770.43,0.0,502.0,0,0,0,3858,-1813.7265111849451
Data,3015,194.19995489748044,1214.2951281459777,2406.02004510252,0.0,0.0,773.78,0.0,502.0,0,0,0,3876,-1214.295128145978
Data,3016,0.0,1149.2715231881607,2579.55,30.046043252664276,0.0,808.45,0.0,502.0,0,0,0,3890,-1179.3175664408252
Data,3017,781.5150967671364,0.0,1833.3249032328638,755.2887141074164,0.0,834.16,0.0,502.0,0,0,0,3951,-755.2887141074162
Data,3018,0.0,467.3712911797843,2389.79,192.00928947252442,0.0,929.21,0.0,502.0,0,0,0,3821,-659.3805806523087
Data,3019,120.03996567149068,0.0,2223.3200343285093,536.8433568887049,0.0,961.64,0.0,502.0,0,0,0,3807,-536.843356888705
Data,3020,3.8182647032761734,0.0,2406.9217352967235,649.234463563128,0.0,920.26,0.0,502.0,0,0,0,3833,-649.2344635631277
Data,3021,0.0,0.0,2280.91,858.025752069193,0.0,805.09,0.0,502.0,0,0,0,3588,-858.0257520691929
Data,3022,0.0,0.0,2100.99,1121.1883689791516,0.0,757.01,0.0,502.0,0,0,0,3360,-1121.1883689791514
Data,3023,0.0,0.0,1940.35,1206.6533907023581,0.0,734.65,0.0,502.0,0,0,0,3177,-1206.6533907023581
Data,3024,0.0,0.0,1812.48,1339.8121688549045,0.0,714.52,0.0,502.0,0,0,0,3029,-1339.8121688549045
Data,3025,0.0,0.0,1648.8400000000001,1780.5565709372472,0.0,711.16,0.0,502.0,0,0,0,2862,-1780.5565709372472
Data,3026,0.0,0.0,1567.3600000000001,1758.2822382641602,0.0,715.64,0.0,502.0,0,0,0,2785,-1758.2822382641602
Data,3027,0.0,0.0,1653.3600000000001,1382.156132162257,0.0,715.64,0.0,502.0,0,0,0,2871,-1382.156132162257
Data,3028,0.0,0.0,1739.92,1347.0072822193588,0.0,786.08,0.0,502.0,0,0,0,3028,-1347.0072822193588
Data,3029,0.0,0.0,1771.5,1218.1674454223798,0.0,799.5,0.0,502.0,0,0,0,3073,-1218.1674454223798
Data,3030,6.381209504105387,0.0,1762.6787904958946,1105.9744955364936,0.0,727.94,0.0,502.0,0,0,0,2999,-1105.9744955364936
Data,3031,141.74653898463606,0.0,1640.153461015364,847.9482035016135,0.0,701.1,0.0,502.0,0,0,0,2985,-847.9482035016136
Data,3032,270.73065896106135,0.0,1751.4032410389389,842.481582975812,0.0,717.87,0.0,378.9961,0,0,0,3119,-842.481582975812
Data,3033,498.02201879786423,0.0,2137.3479812021355,493.01850384924046,0.0,696.63,0.0,151.0,0,0,0,3483,-493.01850384924035
Data,3034,717.6506967301472,0.0,2179.969303269853,753.5323376879624,0.0,675.38,0.0,151.0,0,0,0,3724,-753.5323376879622
Data,3035,33.827999206191635,917.5214193628315,2933.622000793808,0.0,0.0,648.55,0.0,151.0,0,0,0,3767,-917.5214193628315
Data,3036,68.08548103300109,971.3717031890183,2942.264518966999,0.0,0.0,630.65,0.0,151.0,0,0,0,3792,-971.3717031890181
Data,3037,220.8959824105791,836.4495104213092,2645.944017589421,0.0,0.0,588.16,0.0,151.0,0,0,0,3606,-836.4495104213094
Data,3038,672.6372158209074,288.93782945346493,2286.5327841790927,0.0,0.0,622.83,0.0,151.0,0,0,0,3733,-288.93782945346504
Data,3039,666.5748681993364,0.0,2202.44267139212,0.0,50.60246040854372,675.38,0.0,151.0,0,0,0,3746,50.602460408543834
Data,3040,610.3993025648349,0.0,2090.493456769126,0.0,195.70724066603884,713.4,0.0,151.0,0,0,0,3761,195.70724066603873
Data,3041,429.05788165718434,0.0,2031.8096080992673,0.0,425.4625102435483,791.67,0.0,151.0,0,0,0,3829,425.46251024354854
Data,3042,219.62867793228293,0.0,2498.771322067717,93.9846229568252,0.0,885.6,0.0,151.0,0,0,0,3755,-93.98462295682486
Data,3043,86.82629325258148,0.0,2465.8173579579893,0.0,56.79634878942926,932.56,0.0,151.0,0,0,0,3693,56.79634878942943
Data,3044,2.5629448008292126,0.0,2609.4570551991706,270.03145420572946,0.0,945.98,0.0,151.0,0,0,0,3709,-270.03145420572946
Data,3045,1.2814724004146063,0.0,2505.628527599585,492.9530686154071,0.0,805.09,0.0,151.0,0,0,0,3463,-492.953068615407
Data,3046,0.0,0.0,2360.42,369.9584815719754,0.0,724.58,0.0,151.0,0,0,0,3236,-369.95848157197554
Data,3047,0.0,0.0,2231.1182,564.6658423349331,0.0,684.33,0.0,175.5518,0,0,0,3091,-564.665842334933
Data,3048,0.0,0.0,2113.15,552.514863808778,0.0,679.85,0.0,151.0,0,0,0,2944,-552.5148638087782
Data,3049,0.0,0.0,1848.4999000000003,768.6613036873496,0.0,656.37,0.0,271.1301,0,0,0,2776,-768.6613036873498
Data,3050,0.0,0.0,1589.8,903.0173552041108,0.0,664.2,0.0,502.0,0,0,0,2756,-903.0173552041108
Data,3051,0.0,0.0,1662.33,699.7703921929947,0.0,668.67,0.0,502.0,0,0,0,2833,-699.7703921929946
Data,3052,0.0,0.0,1958.0266000000001,355.9376362712792,0.0,693.27,0.0,336.7034,0,0,0,2988,-355.9376362712793
Data,3053,0.0,0.0,1927.8410999999999,358.65515976452866,0.0,746.95,0.0,340.2089,0,0,0,3015,-358.6551597645286
Data,3054,5.09973710369078,0.0,1857.3318628963093,499.13396330003525,0.0,742.47,0.0,309.0984,0,0,0,2914,-499.1339633000352
Data,3055,0.0,135.36532948053068,1975.83,246.10009903150655,0.0,730.17,0.0,151.0,0,0,0,2857,-381.4654285120372
Data,3056,240.07993134298135,0.0,1849.3000686570188,312.79177170257094,0.0,677.62,0.0,151.0,0,0,0,2918,-312.7917717025713
Data,3057,256.72587593777826,116.1564400849046,2086.864124062222,0.0,0.0,609.41,0.0,151.0,0,0,0,3104,-116.15644008490483
Data,3058,543.9981102249842,0.0,1932.2494635133783,0.0,68.70242626163736,606.05,0.0,151.0,0,0,0,3302,68.70242626163781
Data,3059,704.8882777219364,0.0,1639.6067460881764,0.0,297.97497618988746,610.53,0.0,151.0,0,0,0,3404,297.97497618988723
Data,3060,773.8524148626163,0.0,1695.4568917992647,0.0,119.81069333811888,613.88,0.0,151.0,0,0,0,3354,119.81069333811877
Data,3061,780.2336243667218,0.0,1480.542375633278,193.28163492672388,0.0,598.23,0.0,450.994,0,0,0,3310,-193.28163492672377
Data,3062,732.9760605391872,0.0,1482.4739394608127,224.4591112016683,0.0,648.55,0.0,502.0,0,0,0,3366,-224.45911120166807
Data,3063,582.3115197475842,0.0,1666.2424923501496,0.0,58.4401879022663,695.51,0.0,335.4958,0,0,0,3338,58.44018790226636
Data,3064,444.38324546622425,0.0,1720.2769781522081,0.0,130.58297638156796,741.35,0.0,303.4068,0,0,0,3340,130.58297638156762
Data,3065,185.65968999754205,159.13484320789001,1914.110310002458,0.0,0.0,844.23,0.0,502.0,0,0,0,3446,-159.13484320788984
Data,3066,195.38531231627599,0.0,1807.594687683724,373.11806911854706,0.0,899.02,0.0,502.0,0,0,0,3404,-373.1180691185473
Data,3067,66.40119233985072,0.0,2253.6379076601493,120.1692831049495,0.0,931.45,0.0,199.5109,0,0,0,3451,-120.1692831049495
Data,3068,2.5629448008292126,0.0,2328.265681993163,0.0,137.02137320600764,919.15,0.0,151.0,0,0,0,3538,137.02137320600752
Data,3069,2.5629448008292126,0.0,2063.2870551991705,446.0970989290545,0.0,796.15,0.0,502.0,0,0,0,3364,-446.09709892905437
Data,3070,0.0,0.0,1915.1100000000001,786.6997205063008,0.0,755.89,0.0,502.0,0,0,0,3173,-786.6997205063009
Data,3071,0.0,0.0,1833.37,1058.6308381886852,0.0,696.63,0.0,502.0,0,0,0,3032,-1058.6308381886852
Data,3072,0.0,0.0,1856.8863000000001,1155.646071263282,0.0,660.85,0.0,380.2637,0,0,0,2898,-1155.646071263282
Data,3073,0.0,0.0,1690.3471,1202.0373459831526,0.0,651.9,0.0,411.7529,0,0,0,2754,-1202.0373459831526
Data,3074,0.0,0.0,1802.0767,940.96046566018,0.0,616.12,0.0,271.8033,0,0,0,2690,-940.96046566018
Data,3075,0.0,0.0,1691.95,798.4661364113861,0.0,606.05,0.0,502.0,0,0,0,2800,-798.4661364113861
Data,3076,0.0,0.0,1802.7567,677.6192349427729,0.0,669.79,0.0,496.4533,0,0,0,2969,-677.6192349427728
Data,3077,0.0,0.0,1875.2536,567.0676579640922,0.0,661.96,0.0,428.7864,0,0,0,2966,-567.0676579640922
Data,3078,3.8182647032761734,0.0,1821.554035296724,591.4913761891237,0.0,649.66,0.0,374.9677,0,0,0,2850,-591.4913761891239
Data,3079,0.0,127.70264757601066,1903.7705,271.497944087806,0.0,668.67,0.0,185.5595,0,0,0,2758,-399.20059166381685
Data,3080,233.69872183887594,0.0,1666.9298781611242,99.90223159933453,0.0,653.02,0.0,261.3514,0,0,0,2815,-99.90223159933453
Data,3081,354.99400741281363,0.0,1519.280591432588,0.0,335.2854011545985,666.44,0.0,151.0,0,0,0,3027,335.2854011545985
Data,3082,509.5029654056604,0.0,1577.0886295197695,0.0,76.22080507456985,667.55,0.0,262.6376,0,0,0,3093,76.22080507457031
Data,3083,587.411256851275,0.0,1338.5587431487252,134.62498782422767,0.0,672.03,0.0,502.0,0,0,0,3100,-134.6249878242279
Data,3084,671.7007578009949,0.0,1280.6192421990054,80.66048161327694,0.0,687.68,0.0,502.0,0,0,0,3142,-80.66048161327706
Data,3085,731.7207406367402,0.0,1186.65925936326,281.5535951741831,0.0,677.62,0.0,502.0,0,0,0,3098,-281.5535951741832
Data,3086,393.1687892803095,365.3582617732669,1478.0912107196905,0.0,0.0,678.74,0.0,502.0,0,0,0,3052,-365.35826177326703
Data,3087,652.5309767907111,0.0,1402.151337684736,0.0,185.98768552455294,684.33,0.0,151.0,0,0,0,3076,185.98768552455283
Data,3088,506.96617310279885,0.0,1516.155153511201,0.0,207.28867338600003,743.59,0.0,151.0,0,0,0,3125,207.2886733859999
Data,3089,277.08372058410805,58.766658316389396,1701.166279415892,0.0,0.0,820.75,0.0,502.0,0,0,0,3301,-58.76665831638957
Data,3090,0.0,172.39726660271603,2010.4,105.9226336425304,0.0,885.6,0.0,502.0,0,0,0,3398,-278.3199002452467
Data,3091,53.63877333163995,0.0,2060.6412266683596,229.3855983893891,0.0,886.72,0.0,502.0,0,0,0,3503,-229.38559838938886
Data,3092,1.2814724004146063,0.0,2178.1185275995854,99.861497110252,0.0,885.6,0.0,502.0,0,0,0,3567,-99.86149711025212
Data,3093,1.2814724004146063,0.0,2070.9785275995855,307.5951942549568,0.0,801.74,0.0,502.0,0,0,0,3376,-307.59519425495705
Data,3094,0.0,0.0,1928.24,564.7969334767506,0.0,735.76,0.0,502.0,0,0,0,3166,-564.7969334767506
Data,3095,0.0,0.0,1759.31,725.617763565419,0.0,706.69,0.0,502.0,0,0,0,2968,-725.617763565419
Data,3096,0.0,0.0,1658.55,748.9652166488029,0.0,685.45,0.0,502.0,0,0,0,2846,-748.9652166488029
Data,3097,0.0,0.0,1538.26,986.3417979790454,0.0,678.74,0.0,502.0,0,0,0,2719,-986.3417979790454
Data,3098,0.0,0.0,1473.73,1080.2282396861824,0.0,693.27,0.0,502.0,0,0,0,2669,-1080.2282396861824
Data,3099,0.0,0.0,1529.65,1027.5841234068457,0.0,741.35,0.0,502.0,0,0,0,2773,-1027.5841234068457
Data,3100,0.0,0.0,1631.6599999999999,871.322304986887,0.0,826.34,0.0,502.0,0,0,0,2960,-871.3223049868869
Data,3101,0.0,0.0,1683.19,710.4708133846784,0.0,830.81,0.0,502.0,0,0,0,3016,-710.4708133846784
Data,3102,3.8182647032761734,0.0,1667.501735296724,587.9325374241382,0.0,810.68,0.0,502.0,0,0,0,2984,-587.9325374241386
Data,3103,0.0,128.9841199764253,1772.5,99.2918918228745,0.0,799.5,0.0,502.0,0,0,0,3074,-228.27601179929957
Data,3104,217.09188562942137,0.0,1696.2591012794626,0.0,93.269013091116,798.38,0.0,502.0,0,0,0,3307,93.26901309111588
Data,3105,319.2435426910429,0.0,1813.1652950189375,0.0,329.9411622900195,753.65,0.0,502.0,0,0,0,3718,329.94116229001963
Data,3106,434.18377125884274,0.0,1953.0404388403329,0.0,364.06578990082437,744.71,0.0,502.0,0,0,0,3998,364.0657899008245
Data,3107,483.9781273892388,0.0,1980.4786802311905,0.0,653.0631923795706,761.48,0.0,151.0,0,0,0,4030,653.0631923795709
Data,3108,509.5029654056604,0.0,2617.18862365506,0.0,49.84841093927963,723.46,0.0,151.0,0,0,0,4051,49.8484109392798
Data,3109,101.4698416931069,429.7396970256989,2900.480158306893,0.0,0.0,710.05,0.0,151.0,0,0,0,3863,-429.73969702569843
Data,3110,512.0659102064897,0.0,2618.9840897935105,456.7669487977696,0.0,765.95,0.0,151.0,0,0,0,4048,-456.7669487977698
Data,3111,0.0,496.74054639744963,3113.8061000000002,162.55087166911835,0.0,792.79,0.0,164.4039,0,0,0,4071,-659.2914180665682
Data,3112,0.0,467.3712911797843,3072.31,327.97343392451467,0.0,829.69,0.0,151.0,0,0,0,4053,-795.344725104299
Data,3113,0.0,349.8942703091228,3137.56,164.60194010110217,0.0,912.44,0.0,151.0,0,0,0,4201,-514.4962104102251
Data,3114,191.54089511503219,0.0,2880.549104884968,408.5664584968149,0.0,916.91,0.0,151.0,0,0,0,4140,-408.566458496815
Data,3115,0.0,77.90829144561454,2963.7245,182.10183594231967,0.0,901.25,0.0,224.0255,0,0,0,4089,-260.01012738793384
Data,3116,5.09973710369078,0.0,3020.4902628963096,312.3515387822508,0.0,855.41,0.0,151.0,0,0,0,4032,-312.35153878225094
Data,3117,1.2814724004146063,0.0,2716.5375333782745,0.0,2.8836942213111962,864.35,0.0,174.9473,0,0,0,3760,2.883694221310776
Data,3118,0.0,0.0,2454.5748000000003,541.153828120423,0.0,841.99,0.0,174.4352,0,0,0,3471,-541.1538281204233
Data,3119,0.0,0.0,2344.85,1080.6850191225926,0.0,815.15,0.0,151.0,0,0,0,3311,-1080.6850191225926
Data,3120,0.0,0.0,1819.1518999999998,1702.4681945493217,0.0,867.71,0.0,460.1381,0,0,0,3147,-1702.4681945493217
Data,3121,0.0,0.0,1819.5181999999998,1141.3458995977169,0.0,931.45,0.0,251.0318,0,0,0,3002,-1141.3458995977167
Data,3122,0.0,0.0,1504.04,1134.9207433769125,0.0,907.96,0.0,502.0,0,0,0,2914,-1134.9207433769125
Data,3123,0.0,0.0,1604.4,942.2394811281829,0.0,885.6,0.0,502.0,0,0,0,2992,-942.239481128183
Data,3124,0.0,0.0,2026.08,143.5305534945992,0.0,935.92,0.0,151.0,0,0,0,3113,-143.53055349459908
Data,3125,0.0,0.0,2005.12,237.6126197308604,0.0,982.88,0.0,151.0,0,0,0,3139,-237.61261973086027
Data,3126,3.8182647032761734,0.0,1864.0560445037222,0.0,93.88569079300169,986.24,0.0,151.0,0,0,0,3099,93.88569079300146
Data,3127,145.56480368791222,0.0,1497.5551963120877,355.91108525478035,0.0,982.88,0.0,502.0,0,0,0,3128,-355.91108525478
Data,3128,316.6805978902137,0.0,1578.9794021097862,614.0944815855512,0.0,949.34,0.0,502.0,0,0,0,3347,-614.0944815855513
Data,3129,592.5109939549657,0.0,2092.7990060450343,267.8624941362691,0.0,952.69,0.0,151.0,0,0,0,3789,-267.8624941362691
Data,3130,0.0,952.6308909694377,2557.77,84.89424398208848,0.0,967.23,0.0,502.0,0,0,0,4027,-1037.525134951526
Data,3131,767.3193626620191,393.4592596319055,2255.4606373379806,0.0,0.0,948.22,0.0,151.0,0,0,0,4122,-393.4592596319055
Data,3132,833.4675263024315,614.6224386640415,1925.5524736975685,0.0,0.0,945.98,0.0,502.0,0,0,0,4207,-614.6224386640415
Data,3133,802.7735126141249,841.9832370690383,1837.4864873858753,0.0,0.0,924.74,0.0,502.0,0,0,0,4067,-841.9832370690388
Data,3134,1122.5691991451347,437.8980495883088,1655.6308008548651,0.0,0.0,934.8,0.0,502.0,0,0,0,4215,-437.8980495883088
Data,3135,1312.7246354859421,0.0,1424.397045215178,0.0,369.4783192988798,959.4,0.0,151.0,0,0,0,4217,369.4783192988799
Data,3136,1140.3535213811938,0.0,1456.2318148608501,0.0,78.1146637579559,996.3,0.0,502.0,0,0,0,4173,78.11466375795612
Data,3137,805.7846148811109,0.0,1508.309911822466,0.0,383.895473296423,1003.01,0.0,502.0,0,0,0,4203,383.89547329642323
Data,3138,418.85840744980277,0.0,1661.6262599838428,0.0,528.2653325663546,1005.25,0.0,502.0,0,0,0,4116,528.2653325663546
Data,3139,123.85823037476685,0.0,1435.2974800305847,0.0,987.4842895946485,1006.36,0.0,502.0,0,0,0,4055,987.4842895946487
Data,3140,3.8182647032761734,0.0,1975.290539830413,0.0,571.1811954663106,990.71,0.0,502.0,0,0,0,4043,571.1811954663106
Data,3141,0.0,0.0,1931.3286987430047,0.0,345.9113012569951,981.76,0.0,502.0,0,0,0,3761,345.91130125699533
Data,3142,0.0,0.0,1708.1900636050345,0.0,323.1099363949654,971.7,0.0,502.0,0,0,0,3505,323.1099363949654
Data,3143,0.0,0.0,1811.42,251.59997410097594,0.0,970.58,0.0,502.0,0,0,0,3284,-251.59997410097606
Data,3144,0.0,0.0,1652.83,384.0753799811855,0.0,976.17,0.0,502.0,0,0,0,3131,-384.0753799811854
Data,3145,0.0,0.0,1502.31,560.2761338498085,0.0,952.69,0.0,502.0,0,0,0,2957,-560.2761338498085
Data,3146,0.0,0.0,1399.31,801.0891085168109,0.0,952.69,0.0,502.0,0,0,0,2854,-801.0891085168109
Data,3147,0.0,0.0,1512.67,558.6441757161979,0.0,930.33,0.0,502.0,0,0,0,2945,-558.644175716198
Data,3148,0.0,0.0,1666.5,609.5840224664639,0.0,922.5,0.0,502.0,0,0,0,3091,-609.5840224664639
Data,3149,0.0,0.0,1745.27,209.0052481731534,0.0,905.73,0.0,502.0,0,0,0,3153,-209.0052481731534
Data,3150,2.5629448008292126,0.0,1689.0645982577748,0.0,31.59245694139598,896.78,0.0,502.0,0,0,0,3122,31.592456941395767
Data,3151,150.69069328957065,0.0,1479.4362308500615,0.0,124.26307586036774,904.61,0.0,502.0,0,0,0,3161,124.26307586036762
Data,3152,375.41910832554436,0.0,1127.5722113078157,0.0,402.0486803666399,907.96,0.0,502.0,0,0,0,3315,402.0486803666397
Data,3153,658.9121862948165,0.0,1114.233661481742,0.0,870.2441522234415,904.61,0.0,151.0,0,0,0,3699,870.2441522234416
Data,3154,934.7425823595686,0.0,1264.0653182181761,0.0,216.5720994222554,923.62,0.0,502.0,0,0,0,3841,216.5720994222553
Data,3155,907.3437964388181,344.10553630893173,1537.7962035611818,0.0,0.0,944.86,0.0,502.0,0,0,0,3892,-344.1055363089316
Data,3156,1579.6108772457596,0.0,960.1191227542404,415.62587849886836,0.0,939.27,0.0,502.0,0,0,0,3981,-415.62587849886836
Data,3157,1017.9380033500488,744.295767203776,1372.7319966499513,0.0,0.0,930.33,0.0,502.0,0,0,0,3823,-744.2957672037761
Data,3158,1753.28961624889,0.0,752.0303837511101,593.5985061184399,0.0,933.68,0.0,502.0,0,0,0,3941,-593.59850611844
Data,3159,1102.8742721420278,446.11202998361955,1336.3757278579722,0.0,0.0,943.75,0.0,502.0,0,0,0,3885,-446.11202998361955
Data,3160,1092.4440599098598,139.83549182760635,1270.5659400901404,0.0,0.0,964.99,0.0,502.0,0,0,0,3830,-139.83549182760657
Data,3161,860.6787081151979,0.0,1334.7224450709639,0.0,290.838846813838,981.76,0.0,502.0,0,0,0,3970,290.83884681383824
Data,3162,452.0459273707443,0.0,1421.4169749173311,0.0,509.8270977119246,990.71,0.0,502.0,0,0,0,3876,509.8270977119246
Data,3163,127.70264757601066,0.0,1839.5861769920311,0.0,405.0611754319581,999.65,0.0,502.0,0,0,0,3874,405.0611754319581
Data,3164,3.8182647032761734,0.0,1615.2895221791541,0.0,769.8322131175697,994.06,0.0,502.0,0,0,0,3885,769.8322131175696
Data,3165,1.2814724004146063,0.0,1377.715340175125,0.0,800.0731874244605,954.93,0.0,502.0,0,0,0,3636,800.0731874244603
Data,3166,0.0,0.0,1129.792185201749,0.0,800.3978147982511,953.81,0.0,502.0,0,0,0,3386,800.3978147982511
Data,3167,0.0,0.0,1108.8583771305966,0.0,630.9216228694033,948.22,0.0,502.0,0,0,0,3190,630.9216228694033
Data,3168,0.0,0.0,1064.4471155299382,0.0,545.3328844700618,948.22,0.0,502.0,0,0,0,3060,545.3328844700618
Data,3169,0.0,0.0,936.0118474547131,0.0,544.9581525452869,918.03,0.0,502.0,0,0,0,2901,544.9581525452869
Data,3170,0.0,0.0,1108.4006518866033,0.0,293.7993481133967,934.8,0.0,502.0,0,0,0,2839,293.7993481133967
Data,3171,0.0,0.0,1113.8418270982597,0.0,340.92817290174025,967.23,0.0,502.0,0,0,0,2924,340.92817290174025
Data,3172,0.0,0.0,923.7068008823168,0.0,687.0631991176832,967.23,0.0,502.0,0,0,0,3080,687.0631991176832
Data,3173,0.0,0.0,759.9185495901816,0.0,907.9214504098186,957.16,0.0,502.0,0,0,0,3127,907.9214504098185
Data,3174,2.5629448008292126,0.0,812.7001635972174,0.0,757.5868916019533,938.15,0.0,502.0,0,0,0,3013,757.5868916019532
Data,3175,169.8343218018868,0.0,1128.6327529013515,0.0,229.5529252967617,945.98,0.0,502.0,0,0,0,2976,229.5529252967617
Data,3176,495.45907399703503,0.0,972.1688579792346,0.0,472.33206802373047,937.04,0.0,151.0,0,0,0,3028,472.33206802373047
Data,3177,929.6428452558778,0.0,924.465916091738,0.0,411.22123865238416,914.67,0.0,151.0,0,0,0,3331,411.2212386523845
Data,3178,1345.9383079048514,0.0,785.7046366178847,0.0,433.2070554772638,919.15,0.0,151.0,0,0,0,3635,433.20705547726413
Data,3179,1445.2508872947787,232.69338230932635,848.7891127052212,0.0,0.0,907.96,0.0,502.0,0,0,0,3704,-232.69338230932635
Data,3180,1758.62364392122,224.5202769653024,837.2463560787799,0.0,0.0,881.13,0.0,151.0,0,0,0,3628,-224.5202769653023
Data,3181,2131.2716693752636,0.0,121.13833062473623,739.5863452528669,0.0,866.59,0.0,502.0,0,0,0,3621,-739.5863452528667
Data,3182,2137.6528788793694,0.0,489.9871211206305,442.02101785198045,0.0,883.36,0.0,151.0,0,0,0,3662,-442.02101785198033
Data,3183,1960.1558751729626,0.0,272.2941248270372,718.8014243583073,0.0,894.55,0.0,502.0,0,0,0,3629,-718.801424358307
Data,3184,1344.4160706146909,287.55210756229417,947.973929385309,0.0,0.0,904.61,0.0,502.0,0,0,0,3699,-287.55210756229405
Data,3185,1108.421321362699,0.0,1202.465429504402,0.0,45.453249132899145,895.66,0.0,502.0,0,0,0,3754,45.45324913289903
Data,3186,586.1297844508604,0.0,1569.3515280128358,0.0,138.47868753630382,937.04,0.0,502.0,0,0,0,3733,138.47868753630382
Data,3187,144.30948378546526,0.0,1633.9752931563273,0.0,552.3752230582072,949.34,0.0,502.0,0,0,0,3782,552.3752230582076
Data,3188,2.5629448008292126,0.0,1658.062596533688,0.0,663.2744586654828,947.1,0.0,502.0,0,0,0,3773,663.2744586654825
Data,3189,0.0,0.0,1549.5505112494402,0.0,570.1194887505599,930.33,0.0,502.0,0,0,0,3552,570.1194887505598
Data,3190,0.0,0.0,1428.0681899757958,0.0,558.7318100242042,910.2,0.0,502.0,0,0,0,3399,558.7318100242042
Data,3191,0.0,0.0,1340.657555699244,0.0,428.55244430075595,915.79,0.0,502.0,0,0,0,3187,428.55244430075595
Data,3192,0.0,0.0,1381.4360772485413,0.0,249.95392275145855,904.61,0.0,502.0,0,0,0,3038,249.95392275145866
Data,3193,0.0,0.0,1496.56,123.91710100620253,0.0,912.44,0.0,502.0,0,0,0,2911,-123.91710100620253
Data,3194,0.0,0.0,1430.25,201.46189853651254,0.0,943.75,0.0,502.0,0,0,0,2876,-201.46189853651254
Data,3195,0.0,0.0,1492.8400000000001,199.28821120312023,0.0,957.16,0.0,502.0,0,0,0,2952,-199.28821120312034
Data,3196,0.0,0.0,1663.3200000000002,29.033677796833217,0.0,933.68,0.0,502.0,0,0,0,3099,-29.03367779683333
Data,3197,0.0,0.0,1664.9,31.242510134902204,0.0,947.1,0.0,502.0,0,0,0,3114,-31.242510134902318
Data,3198,1.2814724004146063,0.0,1619.9085275995853,183.39647145779236,0.0,953.81,0.0,502.0,0,0,0,3077,-183.39647145779236
Data,3199,162.17163989736682,0.0,1417.8983601026334,275.33535258822394,0.0,954.93,0.0,502.0,0,0,0,3037,-275.33535258822405
Data,3200,458.4271368748497,0.0,1205.5828631251502,495.0893684591956,0.0,964.99,0.0,502.0,0,0,0,3131,-495.0893684591954
Data,3201,872.1858072209618,0.0,1056.5341927790382,840.4830998156995,0.0,958.28,0.0,502.0,0,0,0,3389,-840.4830998156992
Data,3202,1312.7246354859421,0.0,761.3053645140576,1360.5262070208669,0.0,926.97,0.0,502.0,0,0,0,3503,-1360.5262070208667
Data,3203,177.49769107017642,1427.6641766899727,1992.8823089298237,0.0,0.0,923.62,0.0,502.0,0,0,0,3596,-1427.664176689973
Data,3204,159.62174130094422,1692.0012673062913,1982.1082586990558,0.0,0.0,939.27,0.0,502.0,0,0,0,3583,-1692.0012673062913
Data,3205,16.630238323331014,1921.8190635364863,2153.219761676669,0.0,0.0,938.15,0.0,502.0,0,0,0,3610,-1921.8190635364863
Data,3206,107.3064682312006,1806.8733155146417,2192.7135317687994,0.0,0.0,945.98,0.0,502.0,0,0,0,3748,-1806.8733155146417
Data,3207,444.74869322308086,1261.2833591982749,1863.5113067769194,0.0,0.0,924.74,0.0,502.0,0,0,0,3735,-1261.283359198275
Data,3208,715.211381063938,651.1520277536442,1581.808618936062,0.0,0.0,945.98,0.0,502.0,0,0,0,3745,-651.1520277536442
Data,3209,777.1126397101655,194.66187977158847,1631.7673602898346,0.0,0.0,985.12,0.0,502.0,0,0,0,3896,-194.6618797715886
Data,3210,523.5730093122534,0.0,1671.6159356450498,0.0,217.10105504269677,990.71,0.0,502.0,0,0,0,3905,217.10105504269677
Data,3211,146.84627608832682,0.0,1785.199961543813,0.0,500.53376236786016,997.42,0.0,502.0,0,0,0,3932,500.5337623678603
Data,3212,3.8182647032761734,0.0,2123.5794834164512,0.0,299.83225188027245,1000.77,0.0,502.0,0,0,0,3930,299.83225188027245
Data,3213,0.0,0.0,2074.120070047535,0.0,101.47992995246477,959.4,0.0,502.0,0,0,0,3637,101.47992995246489
Data,3214,0.0,0.0,1935.55,370.6357128054367,0.0,950.45,0.0,502.0,0,0,0,3388,-370.6357128054367
Data,3215,0.0,0.0,1771.6599999999999,338.27519284985476,0.0,949.34,0.0,502.0,0,0,0,3223,-338.27519284985453
Data,3216,0.0,0.0,1667.55,150.9249045040708,0.0,931.45,0.0,502.0,0,0,0,3101,-150.9249045040708
Data,3217,0.0,0.0,1472.49,110.26345024076295,0.0,941.51,0.0,502.0,0,0,0,2916,-110.26345024076295
Data,3218,0.0,0.0,1344.02,229.5791998748689,0.0,945.98,0.0,502.0,0,0,0,2792,-229.5791998748689
Data,3219,0.0,0.0,1440.02,220.76873411291854,0.0,945.98,0.0,502.0,0,0,0,2888,-220.76873411291854
Data,3220,0.0,0.0,1570.48,105.5910851288736,0.0,960.52,0.0,502.0,0,0,0,3033,-105.5910851288736
Data,3221,0.0,0.0,1544.06,254.35389557873782,0.0,973.94,0.0,502.0,0,0,0,3020,-254.35389557873782
Data,3222,1.2814724004146063,0.0,1470.0185275995852,315.0404609123866,0.0,971.7,0.0,502.0,0,0,0,2945,-315.0404609123866
Data,3223,0.0,153.22748559243223,1474.78,157.1679363255057,0.0,948.22,0.0,502.0,0,0,0,2925,-310.39542191793817
Data,3224,188.94427090562476,159.66852700308345,1334.0757290943752,0.0,0.0,945.98,0.0,502.0,0,0,0,2971,-159.66852700308345
Data,3225,624.4431939734603,0.0,1049.2418264683497,0.0,67.33497955818984,945.98,0.0,502.0,0,0,0,3189,67.33497955818984
Data,3226,857.30312163607,82.56535032515683,1156.8368783639298,0.0,0.0,944.86,0.0,502.0,0,0,0,3461,-82.56535032515683
Data,3227,1087.9962204499684,0.0,846.2038027239435,0.0,122.07997682608789,886.72,0.0,502.0,0,0,0,3445,122.07997682608811
Data,3228,1042.9410822326163,212.3265152184099,1017.5089177673837,0.0,0.0,894.55,0.0,502.0,0,0,0,3457,-212.32651521840978
Data,3229,548.4593532429037,687.6646156958061,1418.9806467570963,0.0,0.0,883.36,0.0,505.2,0,0,0,3356,-687.6646156958061
Data,3230,43.464074267669275,1181.1527955652768,1879.735925732331,0.0,0.0,885.6,0.0,537.2,0,0,0,3346,-1181.1527955652773
Data,3231,-0.0,999.8623022990047,1937.85,313.2278603177296,0.0,919.15,0.0,534.0,0,0,0,3391,-1313.0901626167342
Data,3232,823.6467709930125,0.0,1166.4732290069878,1170.6350536563245,0.0,933.68,0.0,537.2,0,0,0,3461,-1170.635053656325
Data,3233,518.447119710595,0.0,1546.5428802894053,547.6684341837849,0.0,953.81,0.0,505.2,0,0,0,3524,-547.6684341837852
Data,3234,0.0,275.8303960647521,2080.76,134.1184068556995,0.0,986.24,0.0,502.0,0,0,0,3569,-409.94880292045195
Data,3235,79.1636113480615,0.0,2044.7063886519384,799.4413465039077,0.0,1004.13,0.0,502.0,0,0,0,3630,-799.4413465039073
Data,3236,3.8182647032761734,0.0,2165.4217352967235,329.8353964848948,0.0,981.76,0.0,502.0,0,0,0,3653,-329.83539648489455
Data,3237,1.2814724004146063,0.0,2056.8685275995854,488.247268083222,0.0,925.85,0.0,502.0,0,0,0,3486,-488.24726808322214
Data,3238,0.0,0.0,1857.38,680.3703626520673,0.0,923.62,0.0,502.0,0,0,0,3283,-680.3703626520675
Data,3239,0.0,0.0,1679.15,826.7253611802721,0.0,925.85,0.0,502.0,0,0,0,3107,-826.7253611802722
Data,3240,0.0,0.0,1566.79,880.3904527466807,0.0,929.21,0.0,502.0,0,0,0,2998,-880.3904527466807
Data,3241,0.0,0.0,1406.96,988.8731840659084,0.0,937.04,0.0,502.0,0,0,0,2846,-988.8731840659084
Data,3242,0.0,0.0,1314.78,1200.1265589294042,0.0,948.22,0.0,502.0,0,0,0,2765,-1200.1265589294042
Data,3243,0.0,0.0,1363.0700000000002,1138.606557592771,0.0,954.93,0.0,502.0,0,0,0,2820,-1138.606557592771
Data,3244,0.0,0.0,1499.77,1062.4931111128003,0.0,967.23,0.0,502.0,0,0,0,2969,-1062.4931111128003
Data,3245,0.0,0.0,1524.71,982.8721731714982,0.0,977.29,0.0,502.0,0,0,0,3004,-982.8721731714982
Data,3246,0.0,0.0,1465.31,950.6233327100399,0.0,952.69,0.0,502.0,0,0,0,2920,-950.6233327100399
Data,3247,159.63484759450523,0.0,1384.0651524054947,388.2616393126673,0.0,873.3,0.0,502.0,0,0,0,2919,-388.26163931266706
Data,3248,116.29049448278533,279.57986725345745,1462.1895055172147,0.0,0.0,837.52,0.0,502.0,0,0,0,2918,-279.5798672534572
Data,3249,239.73198629582248,417.8987275985794,1426.7480137041775,0.0,0.0,837.52,0.0,502.0,0,0,0,3006,-417.8987275985796
Data,3250,872.1858072209618,0.0,965.5341927790382,384.01188119080734,0.0,835.28,0.0,502.0,0,0,0,3175,-384.0118811908071
Data,3251,834.2365895554858,174.5698670484535,1398.4834104445144,0.0,0.0,835.28,0.0,151.0,0,0,0,3219,-174.56986704845372
Data,3252,449.00903676341954,766.6636787645919,1321.0609632365804,0.0,0.0,856.53,0.0,524.4,0,0,0,3151,-766.6636787645917
Data,3253,169.20810796862543,1198.4367732493713,1504.9218920313747,0.0,0.0,840.87,0.0,534.0,0,0,0,3049,-1198.4367732493715
Data,3254,1404.6768183401819,0.0,290.753181659818,1409.4755672091183,0.0,828.57,0.0,534.0,0,0,0,3058,-1409.4755672091183
Data,3255,1250.1678603473354,0.0,396.9021396526648,1494.1005684625209,0.0,831.93,0.0,534.0,0,0,0,3013,-1494.100568462521
Data,3256,939.8684719612269,0.0,672.8915280387731,1561.8686676704183,0.0,863.24,0.0,534.0,0,0,0,3010,-1561.8686676704185
Data,3257,0.0,605.2995654611441,1749.75,804.7418792880417,0.0,882.25,0.0,534.0,0,0,0,3166,-1410.0414447491858
Data,3258,0.0,319.2435426910429,1866.13,552.8550850763836,0.0,963.87,0.0,534.0,0,0,0,3364,-872.0986277674266
Data,3259,97.05191995793069,0.0,1851.9480800420693,611.4537899270367,0.0,984.0,0.0,534.0,0,0,0,3467,-611.4537899270367
Data,3260,1.2814724004146063,0.0,1994.8085275995854,341.79158601670633,0.0,990.71,0.0,537.2,0,0,0,3524,-341.79158601670656
Data,3261,1.2814724004146063,0.0,1830.3485275995854,579.2724782421228,0.0,976.17,0.0,537.2,0,0,0,3345,-579.2724782421229
Data,3262,0.0,0.0,1712.0800000000002,693.304470822821,0.0,886.72,0.0,537.2,0,0,0,3136,-693.3044708228213
Data,3263,0.0,0.0,1487.9100000000003,843.6239178476039,0.0,878.89,0.0,537.2,0,0,0,2904,-843.6239178476043
Data,3264,0.0,0.0,1359.0099999999998,970.6525070573111,0.0,866.59,0.0,540.4,0,0,0,2766,-970.6525070573109
Data,3265,0.0,0.0,1194.06,1090.268533955349,0.0,900.14,0.0,530.8,0,0,0,2625,-1090.268533955349
Data,3266,0.0,0.0,1137.77,1092.4340844983676,0.0,893.43,0.0,530.8,0,0,0,2562,-1092.4340844983676
Data,3267,0.0,0.0,1181.4099999999999,1104.7636005477802,0.0,915.79,0.0,530.8,0,0,0,2628,-1104.76360054778
Data,3268,0.0,0.0,1304.25,984.5606341973757,0.0,943.75,0.0,534.0,0,0,0,2782,-984.5606341973757
Data,3269,0.0,0.0,1325.2199999999998,933.0706667396744,0.0,945.98,0.0,530.8,0,0,0,2802,-933.0706667396742
Data,3270,0.0,0.0,1292.54,958.1027273576583,0.0,895.66,0.0,530.8,0,0,0,2719,-958.1027273576582
Data,3271,174.93405890557761,0.0,1092.2059410944223,768.9681316508631,0.0,871.06,0.0,530.8,0,0,0,2669,-768.9681316508631
Data,3272,313.5984247205331,186.98653887816033,1381.6115752794667,0.0,0.0,841.99,0.0,179.8,0,0,0,2717,-186.98653887816005
Data,3273,771.1951294084947,145.68529683917222,1127.9448705915052,0.0,0.0,821.86,0.0,183.0,0,0,0,2904,-145.6852968391721
Data,3274,1329.3314716953967,0.0,380.6985283046031,709.0331863881759,0.0,853.17,0.0,530.8,0,0,0,3094,-709.0331863881755
Data,3275,745.6394560685544,817.3907374657183,1133.7505439314455,0.0,0.0,830.81,0.0,530.8,0,0,0,3241,-817.3907374657181
Data,3276,497.7798111558543,1209.5337136659161,1489.9201888441455,0.0,0.0,799.5,0.0,530.8,0,0,0,3318,-1209.533713665916
Data,3277,639.2824354458057,1080.7935083841753,1766.367564554194,0.0,0.0,790.55,0.0,179.8,0,0,0,3376,-1080.7935083841749
Data,3278,107.4054810027983,1597.3712515161103,2020.6845189972018,0.0,0.0,793.91,0.0,534.0,0,0,0,3456,-1597.3712515161105
Data,3279,1458.315591671822,0.0,622.9039083281782,1884.9911242682892,0.0,825.22,0.0,496.5605,0,0,0,3403,-1884.9911242682895
Data,3280,0.0,1053.5010756306447,2359.36,352.89227452201794,0.0,838.64,0.0,183.0,0,0,0,3381,-1406.3933501526626
Data,3281,0.0,595.0739387557949,2039.25,700.4709059697975,0.0,839.75,0.0,534.0,0,0,0,3413,-1295.5448447255926
Data,3282,283.4930779692721,0.0,1767.4369220307276,1030.5183148375268,0.0,890.07,0.0,534.0,0,0,0,3475,-1030.5183148375268
Data,3283,79.1636113480615,0.0,2353.216388651939,430.41403113130445,0.0,923.62,0.0,183.0,0,0,0,3539,-430.41403113130457
Data,3284,0.0,0.0,2375.15,563.4667944407215,0.0,925.85,0.0,183.0,0,0,0,3484,-563.4667944407216
Data,3285,0.0,0.0,2177.2,538.7621531276877,0.0,934.8,0.0,183.0,0,0,0,3295,-538.7621531276875
Data,3286,0.0,0.0,2001.33,593.3871163578006,0.0,914.67,0.0,183.0,0,0,0,3099,-593.3871163578004
Data,3287,0.0,0.0,1879.3899999999999,774.2866692426919,0.0,904.61,0.0,183.0,0,0,0,2967,-774.2866692426918
Data,3288,0.0,0.0,1806.1,742.5890415824515,0.0,897.9,0.0,183.0,0,0,0,2887,-742.5890415824514
Data,3289,0.0,0.0,1607.4100000000003,1286.9767850702228,0.0,940.39,0.0,186.2,0,0,0,2734,-1286.976785070223
Data,3290,0.0,0.0,1526.9,1362.4753769539643,0.0,947.1,0.0,183.0,0,0,0,2657,-1362.4753769539643
Data,3291,0.0,0.0,1634.0500000000002,1147.647757980375,0.0,943.75,0.0,186.2,0,0,0,2764,-1147.6477579803752
Data,3292,0.0,0.0,1799.37,954.270251716217,0.0,942.63,0.0,183.0,0,0,0,2925,-954.2702517162169
Data,3293,0.0,0.0,1828.2200000000003,1218.1923953649552,0.0,970.58,0.0,186.2,0,0,0,2985,-1218.1923953649555
Data,3294,0.0,0.0,1998.79,1392.5544924330056,0.0,929.21,0.0,32.0,0,0,0,2960,-1392.5544924330056
Data,3295,0.0,135.36532948053068,2077.3500000000004,1677.108281126892,0.0,931.45,0.0,35.2,0,0,0,3044,-1812.4736106074233
Data,3296,294.97402457706823,0.0,1907.0559754229316,1595.4401961083845,0.0,926.97,0.0,32.0,0,0,0,3161,-1595.4401961083843
Data,3297,0.0,499.30349119827883,2441.2,1131.430277959704,0.0,934.8,0.0,32.0,0,0,0,3408,-1630.7337691579821
Data,3298,638.4870853820858,0.0,2014.4629146179145,1767.735561280016,0.0,925.85,0.0,35.2,0,0,0,3614,-1767.7355612800163
Data,3299,689.5629139128965,0.0,1990.9970860871035,1685.650458061304,0.0,912.44,0.0,32.0,0,0,0,3625,-1685.650458061304
Data,3300,836.4091900012231,0.0,1840.1508099987768,1847.6804603948299,0.0,912.44,0.0,32.0,0,0,0,3621,-1847.6804603948299
Data,3301,0.0,873.4411271234087,2638.8500000000004,1024.737397073082,0.0,888.95,0.0,35.2,0,0,0,3563,-1898.1785241964913
Data,3302,0.0,781.5150967671364,2599.05,956.1001448006723,0.0,888.95,0.0,32.0,0,0,0,3520,-1737.6152415678087
Data,3303,0.0,634.6688206788095,2579.79,1148.1020008829882,0.0,880.01,0.0,35.2,0,0,0,3495,-1782.7708215617977
Data,3304,490.3593368933443,0.0,2101.2206631066556,1575.6740324444831,0.0,874.42,0.0,32.0,0,0,0,3498,-1575.6740324444831
Data,3305,346.049853107879,0.0,2331.9301468921212,1393.1875594344115,0.0,849.82,0.0,35.2,0,0,0,3563,-1393.187559434412
Data,3306,172.39726660271603,0.0,2543.8427333972836,1330.946970939753,0.0,858.76,0.0,32.0,0,0,0,3607,-1330.9469709397529
Data,3307,48.512883729981525,0.0,2745.9371162700186,1280.8045817414509,0.0,864.35,0.0,35.2,0,0,0,3694,-1280.804581741451
Data,3308,0.0,0.0,2747.8,1182.262337821573,0.0,861.0,0.0,35.2,0,0,0,3644,-1182.2623378215733
Data,3309,1.2814724004146063,0.0,2498.5185275995855,910.8103807159091,0.0,861.0,0.0,35.2,0,0,0,3396,-910.8103807159093
Data,3310,0.0,0.0,2282.63,1051.6952911099706,0.0,853.17,0.0,35.2,0,0,0,3171,-1051.6952911099706
Data,3311,0.0,0.0,2122.8100000000004,988.6023946565415,0.0,841.99,0.0,35.2,0,0,0,3000,-988.602394656542
Data,3312,0.0,0.0,1997.8100000000002,757.6279927539392,0.0,841.99,0.0,35.2,0,0,0,2875,-757.6279927539395
Data,3313,0.0,0.0,1559.0387,1044.4885061811347,0.0,829.69,0.0,326.2713,0,0,0,2715,-1044.4885061811347
Data,3314,0.0,0.0,1313.9199999999998,826.6059543955926,0.0,835.28,0.0,530.8,0,0,0,2680,-826.6059543955926
Data,3315,0.0,0.0,1423.27,439.67568411700995,0.0,831.93,0.0,530.8,0,0,0,2786,-439.67568411700984
Data,3316,0.0,0.0,1600.27,63.234227333866556,0.0,831.93,0.0,530.8,0,0,0,2963,-63.23422733386644
Data,3317,0.0,0.0,1624.6299999999997,174.8228077865774,0.0,828.57,0.0,530.8,0,0,0,2984,-174.82280778657707
Data,3318,0.0,0.0,1613.090261530788,0.0,3.2497384692117066,821.86,0.0,530.8,0,0,0,2969,3.2497384692120477
Data,3319,141.74653898463606,0.0,1388.447536746003,0.0,51.02592426936076,822.98,0.0,530.8,0,0,0,2935,51.025924269360985
Data,3320,306.48112368283205,0.0,1346.9688763171678,110.57364256634173,0.0,820.75,0.0,530.8,0,0,0,3005,-110.57364256634128
Data,3321,462.2317091303498,98.37323730408889,1524.8082908696501,0.0,0.0,834.16,0.0,530.8,0,0,0,3352,-98.37323730408878
Data,3322,892.6109081336924,0.0,1372.4290918663075,291.4971722704538,0.0,834.16,0.0,530.8,0,0,0,3630,-291.4971722704539
Data,3323,635.1798402995555,512.8102104881905,1724.0901597004445,0.0,0.0,831.93,0.0,530.8,0,0,0,3722,-512.8102104881904
Data,3324,712.6449825110769,639.67453489788,1723.035017488923,0.0,0.0,837.52,0.0,530.8,0,0,0,3804,-639.6745348978798
Data,3325,307.09783287820574,1216.3374787330524,1988.3821671217943,0.0,0.0,837.52,0.0,534.0,0,0,0,3667,-1216.3374787330522
Data,3326,607.1338747559503,990.3653110996788,1791.31612524405,0.0,0.0,845.35,0.0,537.2,0,0,0,3781,-990.3653110996792
Data,3327,506.3543424860784,935.3544129762893,1866.5356575139215,0.0,0.0,843.11,0.0,534.0,0,0,0,3750,-935.3544129762892
Data,3328,1140.3535213811938,0.0,1249.886478618806,732.8617716829881,0.0,858.76,0.0,534.0,0,0,0,3783,-732.8617716829879
Data,3329,794.2775157753472,0.0,1720.7224842246528,564.0679579606385,0.0,861.0,0.0,534.0,0,0,0,3910,-564.0679579606385
Data,3330,72.63383561484034,353.88725373948245,2385.3061643851597,0.0,0.0,871.06,0.0,534.0,0,0,0,3863,-353.8872537394823
Data,3331,103.43312946203608,0.0,2328.136870537964,0.0,0.0,893.43,0.0,534.0,0,0,0,3859,-1.1368683772161603e-13
Data,3332,0.0,0.0,2361.4296830842477,0.0,55.140316915752464,893.43,0.0,534.0,0,0,0,3844,55.14031691575235
Data,3333,0.0,0.0,2110.57,188.88931488475146,0.0,893.43,0.0,534.0,0,0,0,3538,-188.88931488475157
Data,3334,0.0,0.0,1825.3400000000001,589.9442344876375,0.0,895.66,0.0,534.0,0,0,0,3255,-589.9442344876376
Data,3335,0.0,0.0,1638.45,698.0513668373858,0.0,894.55,0.0,534.0,0,0,0,3067,-698.0513668373858
Data,3336,0.0,0.0,1504.4300000000003,985.7655165717756,0.0,902.37,0.0,537.2,0,0,0,2944,-985.765516571776
Data,3337,0.0,0.0,1381.0499999999997,1040.4280599493713,0.0,919.15,0.0,530.8,0,0,0,2831,-1040.428059949371
Data,3338,0.0,0.0,1287.9999999999998,1239.48778448822,0.0,910.2,0.0,530.8,0,0,0,2729,-1239.4877844882199
Data,3339,0.0,0.0,1430.3599999999997,1136.6330130780707,0.0,887.84,0.0,530.8,0,0,0,2849,-1136.6330130780702
Data,3340,0.0,0.0,1543.6399999999999,858.9840008711644,0.0,883.36,0.0,534.0,0,0,0,2961,-858.9840008711643
Data,3341,0.0,0.0,1629.4799999999998,1014.8318828792837,0.0,886.72,0.0,530.8,0,0,0,3047,-1014.8318828792835
Data,3342,0.0,0.0,1515.0499999999997,1198.3521491592692,0.0,919.15,0.0,530.8,0,0,0,2965,-1198.3521491592687
Data,3343,182.59674081009757,0.0,1725.8832591899022,480.6587464801228,0.0,886.72,0.0,179.8,0,0,0,2975,-480.65874648012283
Data,3344,620.5987767722165,0.0,1407.3912232277835,342.64403540325,0.0,880.01,0.0,183.0,0,0,0,3091,-342.64403540324975
Data,3345,1083.8113884104482,76.96723388347641,1298.4986115895517,0.0,0.0,878.89,0.0,179.8,0,0,0,3441,-76.96723388347658
Data,3346,1620.4872315691887,0.0,997.642768430811,100.70742818193207,0.0,890.07,0.0,179.8,0,0,0,3688,-100.70742818193179
Data,3347,1367.7557106422441,612.8252654434491,1343.2542893577556,0.0,0.0,891.19,0.0,179.8,0,0,0,3782,-612.8252654434489
Data,3348,2170.8665512982784,0.0,598.5534487017217,778.5041000341603,0.0,896.78,0.0,179.8,0,0,0,3846,-778.5041000341603
Data,3349,685.6046579896652,1402.2538647593083,1558.445342010335,0.0,0.0,888.95,0.0,534.0,0,0,0,3667,-1402.2538647593085
Data,3350,1141.204119502798,742.3249366249645,1586.8458804972022,0.0,0.0,888.95,0.0,183.0,0,0,0,3800,-742.3249366249647
Data,3351,1076.3482930404039,380.6858262310036,1663.6717069595966,0.0,0.0,896.78,0.0,186.2,0,0,0,3823,-380.6858262310042
Data,3352,730.2539721638989,253.02764642361876,1993.676027836101,0.0,0.0,890.07,0.0,183.0,0,0,0,3797,-253.02764642361865
Data,3353,584.8483120504457,0.0,2092.3183216337343,0.0,45.63336631582024,910.2,0.0,183.0,0,0,0,3816,45.63336631582001
Data,3354,260.50503225571214,0.0,2258.4521843728407,0.0,165.31278337144704,905.73,0.0,183.0,0,0,0,3773,165.31278337144704
Data,3355,71.50092944354151,0.0,2643.419070556459,2.62847788825502,0.0,909.08,0.0,183.0,0,0,0,3807,-2.6284778882551336
Data,3356,0.0,0.0,2298.32,150.75336160215147,0.0,884.48,0.0,537.2,0,0,0,3720,-150.7533616021517
Data,3357,1.2814724004146063,0.0,2033.9985275995853,283.71965937108985,0.0,886.72,0.0,534.0,0,0,0,3456,-283.71965937108985
Data,3358,1.2814724004146063,0.0,1785.5885275995852,536.2494257845633,0.0,881.13,0.0,534.0,0,0,0,3202,-536.2494257845632
Data,3359,0.0,0.0,1612.0300000000002,680.6026214027443,0.0,877.77,0.0,537.2,0,0,0,3027,-680.6026214027445
Data,3360,0.0,0.0,1473.46,672.0481010068784,0.0,875.54,0.0,534.0,0,0,0,2883,-672.0481010068784
Data,3361,0.0,0.0,1283.1699999999998,670.6579249784278,0.0,918.03,0.0,530.8,0,0,0,2732,-670.6579249784277
Data,3362,0.0,0.0,1222.1247799951043,0.0,35.91522000489567,907.96,0.0,534.0,0,0,0,2700,35.91522000489567
Data,3363,0.0,0.0,832.9472051263122,0.0,573.6527948736878,885.6,0.0,530.8,0,0,0,2823,573.6527948736879
Data,3364,0.0,0.0,616.9191096455138,0.0,984.1308903544862,888.95,0.0,534.0,0,0,0,3024,984.1308903544862
Data,3365,0.0,0.0,531.0632060614166,0.0,1069.046793938583,928.09,0.0,530.8,0,0,0,3059,1069.0467939385835
Data,3366,0.0,0.0,611.6949720357225,0.0,962.2950279642773,929.21,0.0,530.8,0,0,0,3034,962.2950279642776
Data,3367,151.97216568998527,0.0,594.1261240189076,0.0,1334.0317102911067,890.07,0.0,28.8,0,0,0,2999,1334.0317102911072
Data,3368,504.40322830196965,0.0,404.684285552965,0.0,1304.9624861450657,888.95,0.0,32.0,0,0,0,3135,1304.9624861450652
Data,3369,934.7425823595686,0.0,396.92061878562333,0.0,1152.6967988548076,887.84,0.0,28.8,0,0,0,3401,1152.696798854808
Data,3370,1280.8185879654152,0.0,587.9827868305204,0.0,844.1886252040642,929.21,0.0,28.8,0,0,0,3671,844.1886252040645
Data,3371,1492.784583993178,0.0,584.5979901882293,0.0,679.7274258185922,928.09,0.0,28.8,0,0,0,3714,679.7274258185928
Data,3372,1681.7886868053488,0.0,531.177475940514,0.0,583.4338372541368,934.8,0.0,28.8,0,0,0,3760,583.4338372541373
Data,3373,1745.62693434437,0.0,589.6222825242767,0.0,303.780783131353,926.97,0.0,32.0,0,0,0,3598,303.78078313135325
Data,3374,1688.169896309454,0.0,975.1405663411668,0.0,144.0895373493786,934.8,0.0,28.8,0,0,0,3771,144.0895373493791
Data,3375,1522.1538392108437,0.0,1228.9968883882377,0.0,51.929272400918535,935.92,0.0,32.0,0,0,0,3771,51.92927240091865
Data,3376,1196.529087015695,0.0,1649.0209129843051,222.11115390657346,0.0,931.45,0.0,32.0,0,0,0,3809,-222.1111539065737
Data,3377,771.2894700617871,0.0,1699.380529938213,274.67073249011173,0.0,930.33,0.0,534.0,0,0,0,3935,-274.67073249011185
Data,3378,344.79453320543206,0.0,1933.8451881861715,0.0,48.49027860839652,963.87,0.0,534.0,0,0,0,3825,48.49027860839658
Data,3379,91.95218285423991,0.0,1952.2812772132336,0.0,268.6365399325264,1004.13,0.0,534.0,0,0,0,3851,268.6365399325267
Data,3380,0.0,0.0,2261.076103468165,0.0,11.313896531835326,978.41,0.0,537.2,0,0,0,3788,11.313896531834985
Data,3381,1.2814724004146063,0.0,2048.148527599585,316.56708272481774,0.0,951.57,0.0,534.0,0,0,0,3535,-316.5670827248176
Data,3382,0.0,0.0,1806.8400000000001,581.6310267653494,0.0,957.16,0.0,534.0,0,0,0,3298,-581.6310267653495
Data,3383,0.0,0.0,1596.78,981.285408558743,0.0,948.22,0.0,534.0,0,0,0,3079,-981.285408558743
Data,3384,0.0,0.0,1491.0700000000002,983.3708184447532,0.0,954.93,0.0,534.0,0,0,0,2980,-983.3708184447534
Data,3385,0.0,0.0,1353.3399999999997,1119.2828853643991,0.0,944.86,0.0,530.8,0,0,0,2829,-1119.2828853643987
Data,3386,0.0,0.0,1270.6299999999997,1315.6973942493087,0.0,951.57,0.0,530.8,0,0,0,2753,-1315.6973942493082
Data,3387,0.0,0.0,1365.27,1265.6851038464702,0.0,954.93,0.0,530.8,0,0,0,2851,-1265.6851038464702
Data,3388,0.0,0.0,1513.5099999999998,1074.895904314351,0.0,952.69,0.0,530.8,0,0,0,2997,-1074.8959043143507
Data,3389,0.0,0.0,1533.6299999999997,1184.6578494066384,0.0,951.57,0.0,530.8,0,0,0,3016,-1184.657849406638
Data,3390,0.0,0.0,1461.7499999999998,1431.0419793974881,0.0,950.45,0.0,530.8,0,0,0,2943,-1431.041979397488
Data,3391,137.90212178339223,0.0,1271.1978782166077,1670.7850859359494,0.0,947.1,0.0,530.8,0,0,0,2887,-1670.7850859359496
Data,3392,0.0,275.8303960647521,1902.9799999999998,903.139277723081,0.0,948.22,0.0,179.8,0,0,0,3031,-1178.969673787833
Data,3393,0.0,404.8145160411774,1836.9799999999998,1257.0886759389798,0.0,948.22,0.0,530.8,0,0,0,3316,-1661.9031919801569
Data,3394,582.3115197475842,0.0,1537.6684802524155,1580.665821645383,0.0,948.22,0.0,530.8,0,0,0,3599,-1580.6658216453825
Data,3395,0.0,750.8643691490563,2099.06,1053.5630451335674,0.0,949.34,0.0,527.6,0,0,0,3576,-1804.4274142826234
Data,3396,980.7186737866886,0.0,1090.431326213311,2126.467082299309,0.0,956.05,0.0,530.8,0,0,0,3558,-2126.4670822993085
Data,3397,-0.0,1017.7506109088738,2327.02,914.2297640423689,0.0,945.98,0.0,183.0,0,0,0,3456,-1931.9803749512425
Data,3398,0.0,1067.54496703927,2420.55,525.6671060116582,0.0,950.45,0.0,183.0,0,0,0,3554,-1593.2120730509284
Data,3399,0.0,1118.6207955700806,2017.7499999999998,1057.83104613629,0.0,950.45,0.0,530.8,0,0,0,3499,-2176.4518417063705
Data,3400,-0.0,1117.3654756676337,1898.78,1230.3335858810349,0.0,948.22,0.0,534.0,0,0,0,3381,-2347.6990615486684
Data,3401,777.6706795658926,0.0,1216.7593204341074,1635.6479088916585,0.0,951.57,0.0,534.0,0,0,0,3480,-1635.6479088916585
Data,3402,0.0,439.28350836253355,2002.71,680.2641079807559,0.0,977.29,0.0,534.0,0,0,0,3514,-1119.5476163432895
Data,3403,98.3333923583453,0.0,1932.7366076416545,469.2855181421762,0.0,1004.13,0.0,530.8,0,0,0,3566,-469.2855181421761
Data,3404,0.0,0.0,2027.8200000000002,705.9580546899156,0.0,995.18,0.0,534.0,0,0,0,3557,-705.9580546899157
Data,3405,1.2814724004146063,0.0,1888.9685275995853,776.56189149999,0.0,962.75,0.0,534.0,0,0,0,3387,-776.56189149999
Data,3406,0.0,0.0,1682.31,1324.4287115964953,0.0,952.69,0.0,534.0,0,0,0,3169,-1324.4287115964953
Data,3407,0.0,0.0,1471.31,1207.2347203066547,0.0,952.69,0.0,534.0,0,0,0,2958,-1207.2347203066547
Data,3408,0.0,0.0,1344.6,1442.5925013557726,0.0,959.4,0.0,534.0,0,0,0,2838,-1442.5925013557726
Data,3409,0.0,0.0,1197.9799999999998,1389.5866241767633,0.0,948.22,0.0,530.8,0,0,0,2677,-1389.586624176763
Data,3410,0.0,0.0,1117.3899999999999,1420.7275961403543,0.0,953.81,0.0,530.8,0,0,0,2602,-1420.727596140354
Data,3411,0.0,0.0,1221.6299999999997,1342.731322350343,0.0,951.57,0.0,530.8,0,0,0,2704,-1342.7313223503425
Data,3412,0.0,0.0,1416.4299999999998,1320.9814965529335,0.0,951.57,0.0,534.0,0,0,0,2902,-1320.9814965529335
Data,3413,0.0,0.0,1419.6299999999997,1212.244475490993,0.0,951.57,0.0,530.8,0,0,0,2902,-1212.2444754909925
Data,3414,0.0,0.0,1348.6299999999997,977.8502158500714,0.0,951.57,0.0,530.8,0,0,0,2831,-977.8502158500711
Data,3415,163.45311229778142,0.0,1053.7068877022184,890.7557090380517,0.0,937.04,0.0,530.8,0,0,0,2685,-890.7557090380515
Data,3416,-0.0,494.17760159662043,1192.1099999999997,1083.0798820335922,0.0,928.09,0.0,530.8,0,0,0,2651,-1577.2574836302124
Data,3417,933.461109959154,0.0,394.9988900408458,2135.171234691044,0.0,924.74,0.0,530.8,0,0,0,2784,-2135.1712346910435
Data,3418,-0.0,1431.4831287570182,1522.58,1365.296387230802,0.0,923.62,0.0,530.8,0,0,0,2977,-2796.77951598782
Data,3419,-0.0,1771.1779248587595,2027.4299999999998,791.1701926991576,0.0,877.77,0.0,179.8,0,0,0,3085,-2562.3481175579172
Data,3420,-0.0,2017.6129132078786,1738.5499999999997,1176.0286647046153,0.0,876.65,0.0,530.8,0,0,0,3146,-3193.6415779124936
Data,3421,-0.0,2115.9463055662236,1761.6099999999997,1501.0829672367195,0.0,866.59,0.0,530.8,0,0,0,3159,-3617.0292728029426
Data,3422,-0.0,2099.3394693567693,1703.46,2073.21325059361,0.0,875.54,0.0,534.0,0,0,0,3113,-4172.5527199503795
Data,3423,1930.7866199552973,0.0,40.08388004470271,3644.52120266791,0.0,916.91,0.0,207.2195,0,0,0,3095,-3644.52120266791
Data,3424,-0.0,1531.0979935157782,1782.6462,1830.050923161646,0.0,918.03,0.0,451.3238,0,0,0,3152,-3361.1489166774245
Data,3425,-0.0,948.786473768194,1851.33,1230.3609543070093,0.0,914.67,0.0,534.0,0,0,0,3300,-2179.147428075203
Data,3426,0.0,476.31544548471885,1987.1399999999999,502.7523510959586,0.0,944.86,0.0,534.0,0,0,0,3466,-979.0677965806775
Data,3427,107.2775466632799,0.0,1921.14245333672,554.307001240604,0.0,970.58,0.0,534.0,0,0,0,3533,-554.3070012406039
Data,3428,0.0,0.0,2014.4999999999998,367.93917513186193,0.0,971.7,0.0,530.8,0,0,0,3517,-367.9391751318617
Data,3429,1.2814724004146063,0.0,1827.9685275995853,415.90495590326555,0.0,943.75,0.0,534.0,0,0,0,3307,-415.90495590326555
Data,3430,0.0,0.0,1629.97,887.1444374793734,0.0,918.03,0.0,534.0,0,0,0,3082,-887.1444374793734
Data,3431,0.0,0.0,1488.35,719.0853385298046,0.0,857.65,0.0,534.0,0,0,0,2880,-719.0853385298045
Data,3432,0.0,0.0,1335.65,1134.550557300473,0.0,864.35,0.0,534.0,0,0,0,2734,-1134.550557300473
Data,3433,0.0,0.0,1193.23,1230.8512583526717,0.0,853.17,0.0,527.6,0,0,0,2574,-1230.8512583526717
Data,3434,0.0,0.0,1086.31,1099.9426839561975,0.0,878.89,0.0,530.8,0,0,0,2496,-1099.9426839561975
Data,3435,0.0,0.0,1219.31,1196.4589060448257,0.0,878.89,0.0,530.8,0,0,0,2629,-1196.4589060448257
Data,3436,0.0,0.0,1414.9499999999998,830.8984022806767,0.0,882.25,0.0,530.8,0,0,0,2828,-830.8984022806765
Data,3437,0.0,0.0,1449.1399999999999,779.3114409885939,0.0,871.06,0.0,530.8,0,0,0,2851,-779.3114409885936
Data,3438,0.0,0.0,1413.1399999999999,831.4879503988136,0.0,871.06,0.0,530.8,0,0,0,2815,-831.4879503988134
Data,3439,137.90212178339223,0.0,1303.2478782166077,658.7537272286079,0.0,852.05,0.0,530.8,0,0,0,2824,-658.7537272286079
Data,3440,0.0,372.88231602268286,1523.4999999999998,591.5599688454688,0.0,848.7,0.0,530.8,0,0,0,2903,-964.4422848681515
Data,3441,647.4312396870203,0.0,1259.1887603129796,1026.668074095702,0.0,847.58,0.0,530.8,0,0,0,3285,-1026.6680740957017
Data,3442,0.0,933.461109959154,2226.46,64.2304238643369,0.0,850.94,0.0,527.6,0,0,0,3605,-997.6915338234909
Data,3443,1242.5051784428153,0.0,1168.5248215571844,1332.2565262219448,0.0,853.17,0.0,530.8,0,0,0,3795,-1332.2565262219441
Data,3444,240.35394565863362,1177.085291689759,2318.0560543413662,0.0,0.0,841.99,0.0,527.6,0,0,0,3928,-1177.0852916897588
Data,3445,167.55201112695931,1334.1767271711533,2248.3379888730406,0.0,0.0,843.11,0.0,534.0,0,0,0,3793,-1334.1767271711533
Data,3446,505.7338232415932,893.8432579948981,2417.1161767584067,0.0,0.0,864.35,0.0,179.8,0,0,0,3967,-893.8432579948981
Data,3447,285.4298128650694,964.738047482266,2652.620187134931,0.0,0.0,869.95,0.0,183.0,0,0,0,3991,-964.7380474822664
Data,3448,0.0,1084.1518032487245,2911.8999999999996,38.091827845601074,0.0,873.3,0.0,179.8,0,0,0,3965,-1122.2436310943253
Data,3449,0.0,759.808523453991,2837.15,319.354565596955,0.0,925.85,0.0,183.0,0,0,0,3946,-1079.1630890509464
Data,3450,0.0,393.3074169354136,2707.74,77.02850392631444,0.0,969.46,0.0,179.8,0,0,0,3857,-470.33592086172786
Data,3451,90.67071045382531,0.0,2631.6608205511443,0.0,33.568468995030344,947.1,0.0,183.0,0,0,0,3886,33.56846899503023
Data,3452,0.0,0.0,2558.584184110052,0.0,122.49581588994806,935.92,0.0,183.0,0,0,0,3800,122.49581588994818
Data,3453,0.0,0.0,2175.823624656858,0.0,234.53707534314208,910.2,0.0,213.4393,0,0,0,3534,234.53707534314185
Data,3454,0.0,0.0,1795.0839333085833,0.0,466.16606669141675,888.95,0.0,179.8,0,0,0,3330,466.1660666914167
Data,3455,0.0,0.0,1602.103632762953,0.0,446.2463672370468,876.65,0.0,183.0,0,0,0,3108,446.2463672370469
Data,3456,0.0,0.0,1670.9886235388485,0.0,243.88137646115138,881.13,0.0,183.0,0,0,0,2979,243.8813764611515
Data,3457,0.0,0.0,1773.1399999999999,112.43302279835848,0.0,871.06,0.0,179.8,0,0,0,2824,-112.43302279835831
Data,3458,0.0,0.0,1724.4199999999998,207.4440266279205,0.0,896.78,0.0,179.8,0,0,0,2801,-207.44402662792032
Data,3459,0.0,0.0,1442.38,715.9806760330648,0.0,899.02,0.0,527.6,0,0,0,2869,-715.9806760330649
Data,3460,0.0,0.0,1645.2999999999997,472.4348543045685,0.0,897.9,0.0,530.8,0,0,0,3074,-472.43485430456815
Data,3461,0.0,0.0,1712.33,310.56566817928615,0.0,890.07,0.0,527.6,0,0,0,3130,-310.56566817928615
Data,3462,0.0,0.0,1692.1357386558636,0.0,33.79426134413643,865.47,0.0,527.6,0,0,0,3119,33.794261344136316
Data,3463,60.01803157322365,91.95413411676162,2078.591968426776,0.0,0.0,866.59,0.0,179.8,0,0,0,3185,-91.95413411676117
Data,3464,522.2915369118388,0.0,1805.5184630881613,451.71238008339105,0.0,866.59,0.0,176.6,0,0,0,3371,-451.71238008339105
Data,3465,448.6080120243655,497.6416694409668,2271.001987975634,0.0,0.0,866.59,0.0,179.8,0,0,0,3766,-497.6416694409665
Data,3466,266.6773282146696,1069.0353529848323,2403.3226717853304,0.0,0.0,836.4,0.0,527.6,0,0,0,4034,-1069.0353529848326
Data,3467,254.39802717315752,1431.2089243354676,2686.3313728268427,0.0,0.0,862.12,0.0,358.1506,0,0,0,4161,-1431.2089243354678
Data,3468,197.58851748985035,1765.1303024839413,2888.2614825101496,0.0,0.0,845.35,0.0,179.8,0,0,0,4111,-1765.1303024839413
Data,3469,-0.0,2118.509250367053,2885.56,383.3062453128917,0.0,838.64,0.0,179.8,0,0,0,3904,-2501.815495679945
Data,3470,-0.0,2059.7707399317223,2763.9022999999997,676.7441707823826,0.0,874.42,0.0,423.6777,0,0,0,4062,-2736.5149107141046
Data,3471,-0.0,1817.1278637879118,3149.2799999999997,1011.8424650992448,0.0,935.92,0.0,28.8,0,0,0,4114,-2828.970328887156
Data,3472,1434.0460735578476,0.0,1637.7239264421523,2764.688845672629,0.0,967.23,0.0,32.0,0,0,0,4071,-2764.688845672629
Data,3473,0.0,980.7186737866886,3032.8999999999996,921.9978619630702,0.0,996.3,0.0,28.8,0,0,0,4058,-1902.7165357497583
Data,3474,0.0,505.68470070238425,2896.99,1091.6853934410283,0.0,1003.01,0.0,32.0,0,0,0,3932,-1597.3700941434124
Data,3475,105.99607426286528,0.0,2810.5839257371345,533.7637424329378,0.0,997.42,0.0,32.0,0,0,0,3946,-533.7637424329376
Data,3476,0.0,0.0,2884.6099999999997,763.4795015958871,0.0,989.59,0.0,28.8,0,0,0,3903,-763.4795015958867
Data,3477,0.0,0.0,2597.24,884.985297591506,0.0,981.76,0.0,32.0,0,0,0,3611,-884.9852975915057
Data,3478,0.0,0.0,2432.55,1312.0041045573562,0.0,931.45,0.0,32.0,0,0,0,3396,-1312.0041045573564
Data,3479,0.0,0.0,2250.2200000000003,1001.1724878299128,0.0,896.78,0.0,32.0,0,0,0,3179,-1001.172487829913
Data,3480,0.0,0.0,2091.86,786.2372305047993,0.0,900.14,0.0,32.0,0,0,0,3024,-786.2372305047994
Data,3481,0.0,0.0,1979.1999999999998,836.2310554397209,0.0,861.0,0.0,28.8,0,0,0,2869,-836.2310554397206
Data,3482,0.0,0.0,1907.31,1001.8634495079567,0.0,878.89,0.0,28.8,0,0,0,2815,-1001.8634495079567
Data,3483,0.0,0.0,1952.81,691.2568034629135,0.0,940.39,0.0,28.8,0,0,0,2922,-691.2568034629134
Data,3484,0.0,0.0,2116.8900000000003,734.1287491253283,0.0,941.51,0.0,25.6,0,0,0,3084,-734.1287491253287
Data,3485,0.0,0.0,2142.8599999999997,668.6743523973664,0.0,949.34,0.0,28.8,0,0,0,3121,-668.6743523973661
Data,3486,0.0,0.0,2049.68,476.0673230302091,0.0,960.52,0.0,28.8,0,0,0,3039,-476.0673230302089
Data,3487,145.56480368791222,0.0,1921.9051963120876,525.0500058592795,0.0,905.73,0.0,28.8,0,0,0,3002,-525.050005859279
Data,3488,0.0,462.27155407609354,2153.1899999999996,243.86019525819438,0.0,880.01,0.0,28.8,0,0,0,3062,-706.1317493342876
Data,3489,831.3094528975324,0.0,1675.6505471024675,588.5591465208477,0.0,863.24,0.0,28.8,0,0,0,3399,-588.5591465208477
Data,3490,417.29476817029126,869.9050292992292,2377.3252318297086,0.0,0.0,847.58,0.0,28.8,0,0,0,3671,-869.9050292992291
Data,3491,436.74553091396456,1213.1109558728895,2455.344469086035,0.0,0.0,843.11,0.0,28.8,0,0,0,3764,-1213.1109558728892
Data,3492,371.16739904097403,1499.5992380785779,2530.282600959026,0.0,0.0,839.75,0.0,28.8,0,0,0,3770,-1499.5992380785776
Data,3493,38.47041764247342,2027.6815317933542,2672.8595823575265,0.0,0.0,791.67,0.0,32.0,0,0,0,3535,-2027.6815317933542
Data,3494,1974.199766581588,0.0,796.4102334184122,2281.021250555425,0.0,817.39,0.0,32.0,0,0,0,3620,-2281.021250555425
Data,3495,36.127833160108366,1644.3793812448257,2255.852166839891,0.0,0.0,825.22,0.0,530.8,0,0,0,3648,-1644.3793812448253
Data,3496,-0.0,1283.3553802682768,2343.71,615.4944554512525,0.0,854.29,0.0,534.0,0,0,0,3732,-1898.8498357195294
Data,3497,826.2097157938416,0.0,1600.2402842061583,655.0562400517956,0.0,913.55,0.0,534.0,0,0,0,3874,-655.0562400517954
Data,3498,0.0,407.35130834403896,2285.35,361.1207492282556,0.0,999.65,0.0,534.0,0,0,0,3819,-768.4720575722944
Data,3499,81.72655614889071,0.0,2203.203443851109,149.50306549355992,0.0,1013.07,0.0,534.0,0,0,0,3832,-149.5030654935598
Data,3500,0.0,0.0,2300.02,486.5520011805256,0.0,945.98,0.0,534.0,0,0,0,3780,-486.5520011805256
Data,3501,1.2814724004146063,0.0,2055.2285275995855,623.7844411064034,0.0,903.49,0.0,534.0,0,0,0,3494,-623.7844411064036
Data,3502,0.0,0.0,1850.81,967.6283844201594,0.0,891.19,0.0,534.0,0,0,0,3276,-967.6283844201594
Data,3503,0.0,0.0,1657.4500000000003,1322.210244170145,0.0,864.35,0.0,537.2,0,0,0,3059,-1322.2102441701454
Data,3504,0.0,0.0,1520.35,1587.8176407070205,0.0,857.65,0.0,534.0,0,0,0,2912,-1587.8176407070205
Data,3505,0.0,0.0,1389.9799999999998,1849.4141326829183,0.0,825.22,0.0,530.8,0,0,0,2746,-1849.414132682918
Data,3506,0.0,0.0,1337.2599999999998,1495.2658028715487,0.0,850.94,0.0,530.8,0,0,0,2719,-1495.2658028715484
Data,3507,0.0,0.0,1386.7599999999998,1509.3900597908682,0.0,912.44,0.0,530.8,0,0,0,2830,-1509.390059790868
Data,3508,0.0,0.0,1532.2299999999998,1449.8134305003239,0.0,926.97,0.0,530.8,0,0,0,2990,-1449.8134305003236
Data,3509,0.0,0.0,1580.7499999999998,1379.0440673506594,0.0,950.45,0.0,530.8,0,0,0,3062,-1379.0440673506591
Data,3510,0.0,0.0,1545.12,1295.1755993974093,0.0,909.08,0.0,530.8,0,0,0,2985,-1295.1755993974093
Data,3511,143.02801138505066,0.0,1375.041988614949,1180.7317134239454,0.0,881.13,0.0,530.8,0,0,0,2930,-1180.7317134239452
Data,3512,0.0,483.9781273892388,1590.1499999999999,769.655872969737,0.0,852.05,0.0,530.8,0,0,0,2973,-1253.6340003589753
Data,3513,938.5869995608123,0.0,1043.6730004391875,1230.448755056298,0.0,850.94,0.0,530.8,0,0,0,3364,-1230.4487550562978
Data,3514,177.5882304973211,1255.1763706601116,2108.6317695026787,0.0,0.0,822.98,0.0,530.8,0,0,0,3640,-1255.1763706601112
Data,3515,275.2832972973124,1615.90844073497,2102.4667027026876,0.0,0.0,827.45,0.0,530.8,0,0,0,3736,-1615.90844073497
Data,3516,0.0,2221.942379829089,2430.7200000000003,132.7159665011427,0.0,810.68,0.0,527.6,0,0,0,3769,-2354.6583463302322
Data,3517,-0.0,2296.00625407346,2278.7599999999998,450.35761336233264,0.0,789.44,0.0,530.8,0,0,0,3599,-2746.3638674357926
Data,3518,-0.0,2167.0221340970347,2397.32,723.0160684527287,0.0,810.68,0.0,534.0,0,0,0,3742,-2890.0382025497634
Data,3519,0.0,1858.004218111341,2410.3999999999996,318.71109086152137,0.0,811.8,0.0,530.8,0,0,0,3753,-2176.7153089728617
Data,3520,0.0,1464.6968011759275,2385.12,405.5454521573047,0.0,859.88,0.0,534.0,0,0,0,3779,-1870.242253333232
Data,3521,0.0,987.099883290794,2403.55,243.31126995806926,0.0,950.45,0.0,534.0,0,0,0,3888,-1230.4111532488635
Data,3522,506.96617310279885,0.0,1827.653826897201,869.2548549436522,0.0,970.58,0.0,530.8,0,0,0,3836,-869.2548549436523
Data,3523,105.99607426286528,0.0,2274.7139257371346,172.00624164096007,0.0,977.29,0.0,534.0,0,0,0,3892,-172.00624164096007
Data,3524,0.0,0.0,2371.27,26.012286452943044,0.0,905.73,0.0,534.0,0,0,0,3811,-26.012286452943044
Data,3525,0.0,0.0,2148.54,285.4581177802843,0.0,846.46,0.0,534.0,0,0,0,3529,-285.4581177802843
Data,3526,0.0,0.0,1930.9,385.3009955701891,0.0,824.1,0.0,534.0,0,0,0,3289,-385.30099557018923
Data,3527,0.0,0.0,1808.3399999999997,435.3961011667011,0.0,821.86,0.0,530.8,0,0,0,3161,-435.39610116670076
Data,3528,0.0,0.0,1694.78,639.3113033792495,0.0,825.22,0.0,534.0,0,0,0,3054,-639.3113033792495
Data,3529,0.0,0.0,1517.62,692.7731730881023,0.0,798.38,0.0,534.0,0,0,0,2850,-692.7731730881022
Data,3530,0.0,0.0,1442.08,671.8506569893148,0.0,812.92,0.0,534.0,0,0,0,2789,-671.8506569893146
Data,3531,0.0,0.0,1604.04,630.6275437700651,0.0,784.96,0.0,534.0,0,0,0,2923,-630.6275437700651
Data,3532,0.0,0.0,1758.56,173.37308518333475,0.0,789.44,0.0,534.0,0,0,0,3082,-173.37308518333475
Data,3533,0.0,0.0,1795.19,231.69554896520913,0.0,830.81,0.0,534.0,0,0,0,3160,-231.69554896520913
Data,3534,0.0,0.0,1549.6534445416737,0.0,181.9465554583262,885.6,0.0,530.8,0,0,0,3148,181.94655545832632
Data,3535,143.02801138505066,0.0,1420.272881238723,0.0,270.22910737622647,865.47,0.0,534.0,0,0,0,3233,270.22910737622624
Data,3536,431.6208264580135,0.0,1203.3228308580087,0.0,330.2163426839777,814.04,0.0,530.8,0,0,0,3310,330.2163426839777
Data,3537,764.9082605576818,0.0,1147.5438068797619,0.0,385.4479325625564,824.1,0.0,502.0,0,0,0,3624,385.4479325625563
Data,3538,1158.2156774930952,0.0,1356.4626062746943,0.0,57.80171623221054,837.52,0.0,502.0,0,0,0,3912,57.80171623221031
Data,3539,1444.2717002631966,0.0,1159.0882997368035,166.08856963074004,0.0,838.64,0.0,502.0,0,0,0,3944,-166.08856963074015
Data,3540,1478.398668941224,200.82707306329553,1148.081331058776,0.0,0.0,837.52,0.0,502.0,0,0,0,3966,-200.82707306329576
Data,3541,1081.2421302734379,721.8418421058486,1356.6778697265622,0.0,0.0,786.08,0.0,502.0,0,0,0,3726,-721.8418421058487
Data,3542,1835.0161723977808,0.0,670.7738276022192,977.6545964618037,0.0,806.21,0.0,502.0,0,0,0,3814,-977.6545964618037
Data,3543,625.9550250553564,1066.033135957374,1765.5949749446438,0.0,0.0,827.45,0.0,502.0,0,0,0,3721,-1066.0331359573743
Data,3544,203.89111290965002,1211.011332135881,2178.81888709035,0.0,0.0,854.29,0.0,502.0,0,0,0,3739,-1211.0113321358808
Data,3545,481.1876789320279,502.09393965548975,1953.8423210679719,0.0,0.0,926.97,0.0,502.0,0,0,0,3864,-502.0939396554895
Data,3546,416.84486134152553,50.526429838258764,1897.1551386584745,0.0,0.0,984.0,0.0,502.0,0,0,0,3800,-50.526429838258764
Data,3547,90.67071045382531,0.0,1852.0987329311263,0.0,424.6405566150481,989.59,0.0,502.0,0,0,0,3859,424.64055661504824
Data,3548,0.0,0.0,1855.335732533485,0.0,440.4842674665151,995.18,0.0,502.0,0,0,0,3793,440.484267466515
Data,3549,1.2814724004146063,0.0,1706.93613463109,0.0,448.8923929684955,878.89,0.0,502.0,0,0,0,3538,448.8923929684953
Data,3550,0.0,0.0,1714.1598182260248,0.0,155.1301817739752,867.71,0.0,534.0,0,0,0,3271,155.1301817739752
Data,3551,0.0,0.0,1658.1504956115282,0.0,166.34950438847181,799.5,0.0,534.0,0,0,0,3158,166.34950438847181
Data,3552,0.0,0.0,1668.8853783511058,0.0,47.34462164889419,754.77,0.0,534.0,0,0,0,3005,47.34462164889419
Data,3553,0.0,0.0,1475.1699999999998,195.6957459366829,0.0,795.03,0.0,530.8,0,0,0,2801,-195.69574593668267
Data,3554,0.0,0.0,1428.5899999999997,277.8703178780104,0.0,781.61,0.0,530.8,0,0,0,2741,-277.87031787801004
Data,3555,0.0,0.0,1568.5100000000002,174.69371632320826,0.0,755.89,0.0,527.6,0,0,0,2852,-174.6937163232085
Data,3556,0.0,0.0,1712.9999999999998,129.41794655725903,0.0,787.2,0.0,530.8,0,0,0,3031,-129.4179465572588
Data,3557,0.0,0.0,1752.95,109.762221349089,0.0,827.45,0.0,527.6,0,0,0,3108,-109.76222134908915
Data,3558,0.0,0.0,1693.2999999999997,225.6869980988325,0.0,774.9,0.0,530.8,0,0,0,2999,-225.68699809883208
Data,3559,123.85823037476685,0.0,1523.851769625233,184.40397235326577,0.0,780.49,0.0,530.8,0,0,0,2959,-184.40397235326532
Data,3560,120.06724999587277,232.38996511407925,1646.1427500041273,0.0,0.0,768.19,0.0,527.6,0,0,0,3062,-232.38996511407925
Data,3561,687.0261216100348,0.0,1286.383878389965,513.9179629380051,0.0,792.79,0.0,530.8,0,0,0,3297,-513.9179629380048
Data,3562,124.78742098622592,844.4503061926664,1994.692579013774,0.0,0.0,812.92,0.0,527.6,0,0,0,3460,-844.4503061926664
Data,3563,1331.8944164962259,0.0,871.225583503774,1238.053782217591,0.0,835.28,0.0,527.6,0,0,0,3566,-1238.053782217591
Data,3564,118.48494936280031,1544.1339564322645,2191.2750506371995,0.0,0.0,789.44,0.0,530.8,0,0,0,3630,-1544.1339564322643
Data,3565,-0.0,1700.932315317665,2195.23,783.351133774962,0.0,730.17,0.0,527.6,0,0,0,3453,-2484.283449092627
Data,3566,52.95193961398536,1479.4275263022073,2408.5280603860147,0.0,0.0,812.92,0.0,176.6,0,0,0,3451,-1479.4275263022073
Data,3567,1291.0180621727968,0.0,785.8419378272029,1777.988456396181,0.0,826.34,0.0,530.8,0,0,0,3434,-1777.9884563961805
Data,3568,-0.0,980.7186737866886,2052.24,600.3110585947683,0.0,858.76,0.0,534.0,0,0,0,3445,-1581.0297323814568
Data,3569,0.0,667.856340599751,2032.7599999999998,697.6474458765192,0.0,912.44,0.0,530.8,0,0,0,3476,-1365.50378647627
Data,3570,301.35523408117365,0.0,1772.6347659188261,958.0707331761189,0.0,929.21,0.0,530.8,0,0,0,3534,-958.0707331761189
Data,3571,67.68266474026534,0.0,2064.2373352597347,820.0299956071299,0.0,958.28,0.0,530.8,0,0,0,3621,-820.0299956071299
Data,3572,0.0,0.0,2105.64,1014.9759738021567,0.0,883.36,0.0,534.0,0,0,0,3523,-1014.9759738021565
Data,3573,1.2814724004146063,0.0,1981.3385275995852,1083.0998768345735,0.0,847.58,0.0,530.8,0,0,0,3361,-1083.0998768345735
Data,3574,0.0,0.0,1820.3399999999997,1104.699577458986,0.0,821.86,0.0,530.8,0,0,0,3173,-1104.6995774589855
Data,3575,0.0,0.0,1697.1599999999999,1386.0421776730445,0.0,764.84,0.0,534.0,0,0,0,2996,-1386.0421776730445
Data,3576,0.0,0.0,1628.0699999999997,1067.5784818284214,0.0,758.13,0.0,530.8,0,0,0,2917,-1067.578481828421
Data,3577,0.0,0.0,1484.54,1110.926179594932,0.0,772.66,0.0,530.8,0,0,0,2788,-1110.926179594932
Data,3578,0.0,0.0,1472.7400000000002,1203.520727102025,0.0,772.66,0.0,527.6,0,0,0,2773,-1203.5207271020251
Data,3579,0.0,0.0,1535.92,993.6776251998735,0.0,761.48,0.0,527.6,0,0,0,2825,-993.6776251998737
Data,3580,0.0,0.0,1641.2199999999998,1054.1660291432718,0.0,822.98,0.0,530.8,0,0,0,2995,-1054.1660291432715
Data,3581,0.0,0.0,1657.1,867.0947119764369,0.0,824.1,0.0,530.8,0,0,0,3012,-867.0947119764368
Data,3582,0.0,0.0,1624.31,590.3606909498285,0.0,805.09,0.0,527.6,0,0,0,2957,-590.3606909498285
Data,3583,0.0,126.42117517559606,1638.1799999999998,83.09847276040932,0.0,776.02,0.0,530.8,0,0,0,2945,-209.51964793600519
Data,3584,306.6808555055468,55.97583381178674,1360.1791444944533,0.0,0.0,752.54,0.0,527.6,0,0,0,2947,-55.975833811786856
Data,3585,697.2255958174164,0.0,1051.6244041825835,302.5650206775408,0.0,741.35,0.0,530.8,0,0,0,3021,-302.5650206775407
Data,3586,390.3700347337715,729.5322332367239,1438.5599652662286,0.0,0.0,742.47,0.0,527.6,0,0,0,3099,-729.532233236724
Data,3587,217.52225633069588,1197.3801887148352,1649.847743669304,0.0,0.0,745.83,0.0,530.8,0,0,0,3144,-1197.3801887148352
Data,3588,142.26788443260193,1423.2991014045324,1784.2321155673978,0.0,0.0,725.7,0.0,530.8,0,0,0,3183,-1423.2991014045322
Data,3589,1574.5111401420688,0.0,293.13885985793127,1560.8108967251294,0.0,697.75,0.0,527.6,0,0,0,3093,-1560.8108967251296
Data,3590,-0.0,1541.3236202211274,1766.8599999999997,140.72524398119714,0.0,703.34,0.0,530.8,0,0,0,3001,-1682.0488642023242
Data,3591,-0.0,1322.9502621912911,1828.5357,266.4821172930684,0.0,741.35,0.0,445.1143,0,0,0,3015,-1589.4323794843594
Data,3592,-0.0,1127.5649498750154,1755.8600000000001,727.1705617055014,0.0,777.14,0.0,534.0,0,0,0,3067,-1854.7355115805167
Data,3593,0.0,773.8524148626163,2147.83,317.17554576114935,0.0,853.17,0.0,183.0,0,0,0,3184,-1091.027960623766
Data,3594,0.0,386.92620743130817,1966.7299999999998,774.5769089566982,0.0,865.47,0.0,530.8,0,0,0,3363,-1161.5031163880062
Data,3595,74.06387424437071,0.0,2047.636125755629,1124.9833890134764,0.0,873.3,0.0,534.0,0,0,0,3529,-1124.9833890134762
Data,3596,1.2814724004146063,0.0,2069.5385275995854,786.8615599590275,0.0,872.18,0.0,534.0,0,0,0,3477,-786.8615599590277
Data,3597,0.0,0.0,1933.2399999999998,1013.8082062682984,0.0,784.96,0.0,530.8,0,0,0,3249,-1013.8082062682981
Data,3598,0.0,0.0,1789.35,1421.515417536692,0.0,753.65,0.0,534.0,0,0,0,3077,-1421.515417536692
Data,3599,0.0,0.0,1584.65,1091.342110166453,0.0,741.35,0.0,534.0,0,0,0,2860,-1091.342110166453
Data,3600,0.0,0.0,1467.9099999999999,1266.9440048933689,0.0,731.29,0.0,530.8,0,0,0,2730,-1266.9440048933686
Data,3601,0.0,0.0,1380.9799999999998,1271.695126805793,0.0,702.22,0.0,530.8,0,0,0,2614,-1271.6951268057928
Data,3602,0.0,0.0,1306.8600000000001,1131.4405002519852,0.0,703.34,0.0,530.8,0,0,0,2541,-1131.4405002519852
Data,3603,0.0,0.0,1365.9700000000003,1214.3723698455556,0.0,770.43,0.0,527.6,0,0,0,2664,-1214.3723698455558
Data,3604,0.0,0.0,1499.9199999999998,883.3292816308756,0.0,835.28,0.0,530.8,0,0,0,2866,-883.3292816308754
Data,3605,0.0,0.0,1580.8599999999997,698.1043113421779,0.0,826.34,0.0,530.8,0,0,0,2938,-698.1043113421775
Data,3606,0.0,0.0,1555.68,476.5757013155637,0.0,763.72,0.0,527.6,0,0,0,2847,-476.57570131556383
Data,3607,0.0,135.36532948053068,1606.9599999999998,27.30416093406211,0.0,740.24,0.0,530.8,0,0,0,2878,-162.6694904145927
Data,3608,468.6527635801989,0.0,1279.9778761902417,0.0,341.0593602295594,744.71,0.0,176.6,0,0,0,3011,341.0593602295593
Data,3609,907.9362719427323,0.0,994.2577977357481,0.0,391.7159303215195,731.29,0.0,179.8,0,0,0,3205,391.7159303215197
Data,3610,1301.243688878146,0.0,931.9706759783635,0.0,371.8956351434906,731.29,0.0,176.6,0,0,0,3513,371.8956351434907
Data,3611,1447.8793360890345,87.03692213001978,1324.4906639109654,0.0,0.0,745.83,0.0,179.8,0,0,0,3698,-87.03692213001972
Data,3612,1002.7406244230847,635.6087632580056,1463.5593755769155,0.0,0.0,725.7,0.0,534.0,0,0,0,3726,-635.6087632580059
Data,3613,1417.89874012606,214.0694380509251,1237.8612598739398,0.0,0.0,666.44,0.0,179.8,0,0,0,3502,-214.06943805092493
Data,3614,1219.6379678317955,247.62177814496113,1287.4074321682044,0.0,0.0,695.51,0.0,379.4446,0,0,0,3582,-247.62177814496107
Data,3615,1192.6846698144516,0.0,1211.4453301855485,363.4542527094093,0.0,717.87,0.0,534.0,0,0,0,3656,-363.4542527094096
Data,3616,878.5670167250671,0.0,1539.8829832749327,316.4234106054398,0.0,771.55,0.0,534.0,0,0,0,3724,-316.4234106054398
Data,3617,538.8722206233258,0.0,1918.4377793766741,284.48656840022,0.0,829.69,0.0,534.0,0,0,0,3821,-284.4865684002202
Data,3618,240.07993134298135,0.0,2142.9600686570184,69.37042962524674,0.0,858.76,0.0,537.2,0,0,0,3779,-69.37042962524674
Data,3619,60.01998283574534,0.0,2281.9742142466625,0.0,37.395802917591936,904.61,0.0,534.0,0,0,0,3818,37.39580291759205
Data,3620,0.0,0.0,2270.926881677139,0.0,17.843118322860846,844.23,0.0,534.0,0,0,0,3667,17.843118322860846
Data,3621,1.2814724004146063,0.0,2136.4285275995853,168.10902916792793,0.0,731.29,0.0,534.0,0,0,0,3403,-168.10902916792793
Data,3622,0.0,0.0,1943.8100000000002,429.2451299529141,0.0,718.99,0.0,537.2,0,0,0,3200,-429.24512995291434
Data,3623,0.0,0.0,1878.73,421.5602410576971,0.0,693.27,0.0,534.0,0,0,0,3106,-421.5602410576971
Data,3624,0.0,0.0,1691.79,615.9118024643403,0.0,683.21,0.0,534.0,0,0,0,2909,-615.9118024643403
Data,3625,0.0,0.0,1584.3599999999997,773.3558104121416,0.0,641.84,0.0,530.8,0,0,0,2757,-773.3558104121413
Data,3626,0.0,0.0,1538.74,797.950429053011,0.0,674.26,0.0,534.0,0,0,0,2747,-797.950429053011
Data,3627,0.0,0.0,1607.85,828.3531849017618,0.0,741.35,0.0,530.8,0,0,0,2880,-828.3531849017617
Data,3628,0.0,0.0,1719.3399999999997,705.4539867940193,0.0,821.86,0.0,530.8,0,0,0,3072,-705.453986794019
Data,3629,0.0,0.0,1834.05,360.6690652234108,0.0,746.95,0.0,534.0,0,0,0,3115,-360.6690652234108
Data,3630,0.0,0.0,1728.3199999999997,580.4225173777354,0.0,736.88,0.0,530.8,0,0,0,2996,-580.4225173777351
Data,3631,72.78240184395611,0.0,1738.1475981560438,319.3106154061752,0.0,693.27,0.0,530.8,0,0,0,3035,-319.310615406175
Data,3632,323.0879598922867,0.0,1610.7020401077134,28.452467827459486,0.0,683.21,0.0,534.0,0,0,0,3151,-28.452467827459486
Data,3633,566.9861559385442,0.0,1366.8085139824225,0.0,285.9053300790331,676.5,0.0,530.8,0,0,0,3427,285.9053300790331
Data,3634,817.2655614889071,0.0,1280.380339752914,0.0,454.23409875817833,665.32,0.0,530.8,0,0,0,3748,454.2340987581787
Data,3635,980.7186737866886,0.0,1214.9130971196275,0.0,377.76822909368343,688.8,0.0,530.8,0,0,0,3793,377.7682290936839
Data,3636,1117.3654756676337,0.0,1241.9252060415736,0.0,226.95931829079268,642.95,0.0,530.8,0,0,0,3760,226.95931829079268
Data,3637,1066.2634946388555,0.0,1301.0790334739413,0.0,142.627471887203,598.23,0.0,530.8,0,0,0,3639,142.62747188720346
Data,3638,914.3174814468377,0.0,1574.1084522900803,0.0,80.22406626308157,667.55,0.0,530.8,0,0,0,3767,80.22406626308225
Data,3639,732.9760605391872,0.0,1583.910045483559,0.0,202.36389397725384,716.75,0.0,534.0,0,0,0,3770,202.36389397725384
Data,3640,566.9861559385442,0.0,1799.354562124841,0.0,47.099281936614716,809.56,0.0,534.0,0,0,0,3757,47.09928193661449
Data,3641,370.3193712218536,0.0,2082.7006287781464,20.356887470620677,0.0,822.98,0.0,534.0,0,0,0,3810,-20.356887470620677
Data,3642,158.35337519409063,0.0,2120.6640453234354,0.0,53.33257948247365,876.65,0.0,534.0,0,0,0,3743,53.332579482474216
Data,3643,14.04389140862538,0.0,2251.5673193729444,0.0,138.83878921843007,894.55,0.0,534.0,0,0,0,3833,138.8387892184303
Data,3644,0.0,0.0,2239.689264452341,0.0,113.34073554765882,803.97,0.0,534.0,0,0,0,3691,113.34073554765905
Data,3645,0.0,0.0,2190.6,74.13647620408346,0.0,713.4,0.0,534.0,0,0,0,3438,-74.13647620408335
Data,3646,0.0,0.0,2017.38,247.30389861191043,0.0,677.62,0.0,534.0,0,0,0,3229,-247.30389861191054
Data,3647,0.0,0.0,1858.33,450.9177193134242,0.0,668.67,0.0,534.0,0,0,0,3061,-450.9177193134241
Data,3648,0.0,0.0,1739.62,553.3894713630543,0.0,675.38,0.0,534.0,0,0,0,2949,-553.3894713630542
Data,3649,0.0,0.0,1645.7099999999998,312.71725964272287,0.0,657.49,0.0,530.8,0,0,0,2834,-312.71725964272264
Data,3650,0.0,0.0,1550.8799999999997,113.90127435539603,0.0,665.32,0.0,530.8,0,0,0,2747,-113.90127435539569
Data,3651,0.0,0.0,1552.4586584747185,0.0,61.69134152528136,710.05,0.0,530.8,0,0,0,2855,61.69134152528159
Data,3652,0.0,0.0,1551.8532422119417,0.0,235.53675778805814,707.81,0.0,530.8,0,0,0,3026,235.53675778805837
Data,3653,0.0,0.0,1535.2021041945131,0.0,347.7178958054867,712.28,0.0,530.8,0,0,0,3126,347.71789580548693
Data,3654,0.0,0.0,1597.8277464715477,0.0,173.73225352845225,715.64,0.0,530.8,0,0,0,3018,173.73225352845236
Data,3655,57.457038034916124,0.0,1276.6525596151673,0.0,571.5904023499163,676.5,0.0,530.8,0,0,0,3113,571.5904023499168
Data,3656,316.6805978902137,0.0,1175.272510739674,0.0,541.4468913701121,688.8,0.0,530.8,0,0,0,3253,541.4468913701121
Data,3657,563.1417387373003,0.0,1206.9210089552482,0.0,536.7472523074514,694.39,0.0,530.8,0,0,0,3532,536.7472523074515
Data,3658,807.0399347835578,0.0,1070.1660452995866,0.0,678.5940199168554,713.4,0.0,530.8,0,0,0,3800,678.5940199168557
Data,3659,1010.0879290043539,0.0,1136.746344550925,0.0,432.76572644472105,762.6,0.0,530.8,0,0,0,3873,432.76572644472105
Data,3660,1127.5649498750154,0.0,1075.8013473997103,0.0,454.80370272527443,721.23,0.0,527.6,0,0,0,3907,454.8037027252743
Data,3661,1081.9217880103354,155.45750083082135,1387.6682119896648,0.0,0.0,707.81,0.0,527.6,0,0,0,3705,-155.45750083082146
Data,3662,1238.6607612415714,0.0,1278.5892387584286,430.52935839690576,0.0,815.15,0.0,527.6,0,0,0,3860,-430.52935839690576
Data,3663,1026.6947652138085,0.0,1426.4352347861911,794.5292463699295,0.0,890.07,0.0,530.8,0,0,0,3874,-794.5292463699294
Data,3664,735.5390053400164,0.0,1614.5009946599835,549.0762906787345,0.0,907.96,0.0,534.0,0,0,0,3792,-549.0762906787345
Data,3665,166.14017238456972,311.4567455005638,2150.96982761543,0.0,0.0,928.09,0.0,530.8,0,0,0,3776,-311.45674550056367
Data,3666,160.8901674969522,0.0,2054.9824983946946,0.0,35.17733410835308,938.15,0.0,530.8,0,0,0,3720,35.17733410835342
Data,3667,10.225626705349207,0.0,2230.920837839141,0.0,37.00353545550979,956.05,0.0,530.8,0,0,0,3765,37.003535455510246
Data,3668,0.0,0.0,2180.3399999999997,372.4288033860835,0.0,944.86,0.0,530.8,0,0,0,3656,-372.42880338608313
Data,3669,1.2814724004146063,0.0,1979.468527599585,592.4494646528726,0.0,931.45,0.0,530.8,0,0,0,3443,-592.4494646528724
Data,3670,0.0,0.0,1847.6499999999999,1369.8890541805524,0.0,894.55,0.0,530.8,0,0,0,3273,-1369.8890541805522
Data,3671,0.0,0.0,1699.6099999999997,1470.0857259778495,0.0,866.59,0.0,530.8,0,0,0,3097,-1470.085725977849
Data,3672,0.0,0.0,1535.5499999999997,1843.3187504599105,0.0,876.65,0.0,530.8,0,0,0,2943,-1843.31875045991
Data,3673,0.0,0.0,1445.4999999999998,2050.9121080896666,0.0,848.7,0.0,530.8,0,0,0,2825,-2050.9121080896666
Data,3674,0.0,0.0,1400.1100000000001,2151.920570783033,0.0,854.29,0.0,527.6,0,0,0,2782,-2151.920570783033
Data,3675,0.0,0.0,1439.33,2076.5132738193743,0.0,890.07,0.0,527.6,0,0,0,2857,-2076.5132738193743
Data,3676,0.0,0.0,1599.8500000000001,1635.032673479869,0.0,913.55,0.0,527.6,0,0,0,3041,-1635.0326734798691
Data,3677,0.0,0.0,1685.4,1507.2894438165893,0.0,861.0,0.0,527.6,0,0,0,3074,-1507.289443816589
Data,3678,0.0,0.0,1613.0500000000002,1229.5461499362955,0.0,864.35,0.0,527.6,0,0,0,3005,-1229.5461499362957
Data,3679,62.58292763657455,0.0,1600.6070723634252,392.4119406891316,0.0,880.01,0.0,530.8,0,0,0,3074,-392.41194068913114
Data,3680,0.0,338.387171203359,1795.0900000000001,131.93385082219447,0.0,892.31,0.0,527.6,0,0,0,3215,-470.32102202555336
Data,3681,649.9941844878496,0.0,1434.9858155121506,479.50468238688904,0.0,874.42,0.0,527.6,0,0,0,3487,-479.50468238688904
Data,3682,837.6906624016378,0.0,1567.119337598362,676.5039284313643,0.0,866.59,0.0,527.6,0,0,0,3799,-676.5039284313643
Data,3683,0.0,901.5550624386269,2445.4,46.286390092752754,0.0,861.0,0.0,527.6,0,0,0,3834,-947.8414525313798
Data,3684,0.0,927.0799004550486,2457.1800000000003,90.50857462082513,0.0,825.22,0.0,527.6,0,0,0,3810,-1017.588475075874
Data,3685,964.1118375772339,0.0,1324.4181624227658,1465.1869938782197,0.0,791.67,0.0,530.8,0,0,0,3611,-1465.1869938782193
Data,3686,962.8303651768192,0.0,1486.3296348231806,1321.5441201154208,0.0,814.04,0.0,530.8,0,0,0,3794,-1321.5441201154206
Data,3687,0.0,662.7566034960603,2314.1400000000003,724.2664797519778,0.0,920.26,0.0,527.6,0,0,0,3762,-1387.0230832480383
Data,3688,443.10177306580965,0.0,1826.9982269341904,1322.8239619485826,0.0,947.1,0.0,530.8,0,0,0,3748,-1322.8239619485826
Data,3689,271.98597886350825,0.0,2107.8340211364916,1084.441211641597,0.0,921.38,0.0,530.8,0,0,0,3832,-1084.4412116415965
Data,3690,93.20750275668686,0.0,2252.7424972433128,725.6012046103533,0.0,901.25,0.0,530.8,0,0,0,3778,-725.6012046103531
Data,3691,6.381209504105387,0.0,2401.3287904958947,388.0420132368072,0.0,903.49,0.0,530.8,0,0,0,3842,-388.0420132368072
Data,3692,0.0,0.0,2397.8599999999997,454.6847385706956,0.0,826.34,0.0,530.8,0,0,0,3755,-454.68473857069523
Data,3693,0.0,0.0,2175.52,636.637735313453,0.0,810.68,0.0,530.8,0,0,0,3517,-636.6377353134529
Data,3694,0.0,0.0,1972.9,664.6457314430199,0.0,799.5,0.0,527.6,0,0,0,3300,-664.64573144302
Data,3695,0.0,0.0,1818.4799999999998,905.16194262563,0.0,763.72,0.0,530.8,0,0,0,3113,-905.1619426256298
Data,3696,0.0,0.0,1671.69,999.2494365215116,0.0,769.31,0.0,534.0,0,0,0,2975,-999.2494365215116
Data,3697,0.0,0.0,1552.75,1293.5262857659377,0.0,734.65,0.0,527.6,0,0,0,2815,-1293.5262857659377
Data,3698,0.0,0.0,1493.69,1455.2932726625745,0.0,744.71,0.0,527.6,0,0,0,2766,-1455.2932726625745
Data,3699,0.0,0.0,1627.5100000000002,1438.52510158741,0.0,755.89,0.0,527.6,0,0,0,2911,-1438.5251015874103
Data,3700,0.0,0.0,1743.0100000000002,1197.3785699595433,0.0,817.39,0.0,527.6,0,0,0,3088,-1197.3785699595435
Data,3701,0.0,0.0,1802.83,1410.3399663178811,0.0,828.57,0.0,527.6,0,0,0,3159,-1410.3399663178811
Data,3702,0.0,0.0,1694.7600000000002,888.0469116072813,0.0,838.64,0.0,527.6,0,0,0,3061,-888.0469116072816
Data,3703,57.457038034916124,0.0,1652.382961965084,987.0462189763514,0.0,809.56,0.0,527.6,0,0,0,3047,-987.0462189763513
Data,3704,286.0560227701013,0.0,1535.263977229899,600.1901668890691,0.0,786.08,0.0,527.6,0,0,0,3135,-600.1901668890694
Data,3705,466.08981877936964,0.0,2015.8301812206305,187.34100036794052,0.0,761.48,0.0,176.6,0,0,0,3420,-187.3410003679406
Data,3706,755.9641062527471,0.0,1977.7158937472532,4.397313869146274,0.0,763.72,0.0,176.6,0,0,0,3674,-4.397313869146586
Data,3707,1077.770593744619,0.0,1735.2394062553808,76.42201782024517,0.0,768.19,0.0,179.8,0,0,0,3761,-76.422017820245
Data,3708,392.46697756687445,985.4035303564715,2417.3230224331255,0.0,0.0,781.61,0.0,176.6,0,0,0,3768,-985.4035303564715
Data,3709,1542.5789401235743,0.0,1195.181059876426,1189.0592741207552,0.0,715.64,0.0,176.6,0,0,0,3630,-1189.0592741207554
Data,3710,189.59664018971034,1447.497427588933,2541.0733598102897,0.0,0.0,733.53,0.0,179.8,0,0,0,3644,-1447.497427588933
Data,3711,0.0,1495.3475287940073,2695.12,74.28397976514955,0.0,786.08,0.0,179.8,0,0,0,3661,-1569.6315085591568
Data,3712,194.53498606506628,998.1496837493853,2123.535013934934,0.0,0.0,831.93,0.0,534.0,0,0,0,3684,-998.1496837493856
Data,3713,170.0459401718499,576.9740117759627,2123.01405982815,0.0,0.0,900.14,0.0,530.8,0,0,0,3724,-576.9740117759628
Data,3714,137.40523554954507,213.77050715999235,2073.5347644504545,0.0,0.0,920.26,0.0,530.8,0,0,0,3662,-213.77050715999167
Data,3715,39.59488192301457,0.0,2244.275118076985,21.76086799290124,0.0,930.33,0.0,530.8,0,0,0,3745,-21.760867992901126
Data,3716,0.0,0.0,2172.14,293.15908587246895,0.0,944.86,0.0,534.0,0,0,0,3651,-293.15908587246884
Data,3717,0.0,0.0,2010.4999999999998,310.47066246107147,0.0,848.7,0.0,530.8,0,0,0,3390,-310.47066246107124
Data,3718,0.0,0.0,1820.35,758.0718339592449,0.0,783.85,0.0,530.8,0,0,0,3135,-758.0718339592448
Data,3719,0.0,0.0,1741.58,751.2519381838542,0.0,751.42,0.0,534.0,0,0,0,3027,-751.2519381838541
Data,3720,0.0,0.0,1647.79,937.1010627304731,0.0,732.41,0.0,530.8,0,0,0,2911,-937.101062730473
Data,3721,0.0,0.0,1480.3200000000002,1139.0491932756695,0.0,786.08,0.0,527.6,0,0,0,2794,-1139.0491932756697
Data,3722,0.0,0.0,1377.8799999999997,1351.020560452503,0.0,788.32,0.0,530.8,0,0,0,2697,-1351.0205604525027
Data,3723,0.0,0.0,1501.44,1194.658063819772,0.0,784.96,0.0,527.6,0,0,0,2814,-1194.658063819772
Data,3724,0.0,0.0,1689.33,748.0558320247528,0.0,767.07,0.0,527.6,0,0,0,2984,-748.0558320247528
Data,3725,0.0,0.0,1660.7999999999997,627.604276873532,0.0,836.4,0.0,530.8,0,0,0,3028,-627.6042768735316
Data,3726,0.0,0.0,1520.3500000000001,756.3428301593592,0.0,852.05,0.0,527.6,0,0,0,2900,-756.3428301593593
Data,3727,72.78240184395611,0.0,1413.817598156044,766.0014962903829,0.0,811.8,0.0,527.6,0,0,0,2826,-766.0014962903828
Data,3728,0.0,536.3354283204643,1496.4099999999999,744.9858384478171,0.0,792.79,0.0,530.8,0,0,0,2820,-1281.3212667682812
Data,3729,-0.0,1153.1159403894044,1775.27,534.299659106476,0.0,758.13,0.0,527.6,0,0,0,3061,-1687.4155994958805
Data,3730,-0.0,1737.9642524398503,1929.5,846.9386009300197,0.0,774.9,0.0,527.6,0,0,0,3232,-2584.90285336987
Data,3731,-0.0,2155.541187489238,2059.9300000000003,1042.0676623147963,0.0,742.47,0.0,527.6,0,0,0,3330,-3197.608849804035
Data,3732,-0.0,2387.9584369277,2112.75,988.269049035102,0.0,734.65,0.0,527.6,0,0,0,3375,-3376.227485962802
Data,3733,-0.0,2447.9784197634453,1958.18,1656.9375057726584,0.0,702.22,0.0,527.6,0,0,0,3188,-4104.915925536104
Data,3734,1956.29,409.9618636145542,0.0,3605.691628570356,0.0,720.11,0.0,527.6,0,0,0,3204,-4015.65349218491
Data,3735,1893.83,202.97267705390777,0.0,3670.666904368424,0.0,730.17,0.0,534.0,0,0,0,3158,-3873.639581422332
Data,3736,-0.0,1656.2376962909595,1853.2999999999997,1082.7877936813472,0.0,774.9,0.0,530.8,0,0,0,3159,-2739.0254899723063
Data,3737,-0.0,1063.7267023359939,1946.52,1076.830034142946,0.0,810.68,0.0,530.8,0,0,0,3288,-2140.55673647894
Data,3738,0.0,443.10177306580965,2001.2199999999998,979.5711396121342,0.0,822.98,0.0,530.8,0,0,0,3355,-1422.6729126779435
Data,3739,0.0,40.85020182546154,2084.25,671.357134401514,0.0,888.95,0.0,530.8,0,0,0,3504,-712.2073362269757
Data,3740,0.0,0.0,2018.5499999999997,596.835212481802,0.0,876.65,0.0,530.8,0,0,0,3426,-596.8352124818017
Data,3741,0.0,0.0,1868.9799999999998,888.5746785111083,0.0,825.22,0.0,530.8,0,0,0,3225,-888.5746785111082
Data,3742,0.0,0.0,1692.77,493.90176061539887,0.0,770.43,0.0,530.8,0,0,0,2994,-493.90176061539876
Data,3743,0.0,0.0,1533.098687328398,0.0,86.13131267160202,754.77,0.0,534.0,0,0,0,2908,86.13131267160202
Data,3744,0.0,0.0,1606.7999999999997,620.2051309438007,0.0,713.4,0.0,530.8,0,0,0,2851,-620.2051309438003
Data,3745,0.0,0.0,1445.3500000000001,795.920665004415,0.0,729.05,0.0,527.6,0,0,0,2702,-795.9206650044151
Data,3746,0.0,0.0,1429.75,978.3191805353804,0.0,734.65,0.0,527.6,0,0,0,2692,-978.3191805353804
Data,3747,0.0,0.0,1530.7299999999998,415.03741351755343,0.0,742.47,0.0,530.8,0,0,0,2804,-415.0374135175532
Data,3748,0.0,0.0,1684.63,293.82077877130087,0.0,754.77,0.0,527.6,0,0,0,2967,-293.820778771301
Data,3749,0.0,0.0,1730.45,180.46504134729184,0.0,765.95,0.0,527.6,0,0,0,3024,-180.46504134729196
Data,3750,0.0,0.0,1568.33,65.90038959548906,0.0,767.07,0.0,527.6,0,0,0,2863,-65.90038959548906
Data,3751,58.73851043533074,0.0,1315.8656794057363,0.0,150.63581015893323,711.16,0.0,527.6,0,0,0,2764,150.63581015893305
Data,3752,353.71253501239903,0.0,1318.1697522266068,0.0,135.24771276099432,693.27,0.0,176.6,0,0,0,2677,135.24771276099446
Data,3753,621.8802491726311,0.0,1085.832607758297,0.0,188.78714306907204,651.9,0.0,176.6,0,0,0,2725,188.78714306907207
Data,3754,914.3174814468377,0.0,1100.4816883996662,0.0,39.35083015349619,636.25,0.0,176.6,0,0,0,2867,39.350830153496105
Data,3755,837.7613641634111,265.5602200955973,1280.038635836589,0.0,0.0,639.6,0.0,176.6,0,0,0,2934,-265.5602200955975
Data,3756,777.3749817161299,462.567251925856,1410.1950182838702,0.0,0.0,622.83,0.0,176.6,0,0,0,2987,-462.5672519258562
Data,3757,1294.8624793740405,0.0,895.8375206259593,628.5182968405616,0.0,602.7,0.0,176.6,0,0,0,2970,-628.5182968405614
Data,3758,494.3943254809542,769.8174262750063,1675.0356745190456,0.0,0.0,631.77,0.0,179.8,0,0,0,2981,-769.817426275006
Data,3759,359.0648398409455,705.9433348954628,1805.5551601590544,0.0,0.0,650.78,0.0,176.6,0,0,0,2992,-705.9433348954627
Data,3760,796.8404605761764,0.0,1359.3795394238234,349.18628973075556,0.0,699.98,0.0,179.8,0,0,0,3036,-349.18628973075516
Data,3761,407.35130834403896,0.0,1459.6586916559609,345.90104790497276,0.0,768.19,0.0,530.8,0,0,0,3166,-345.90104790497253
Data,3762,148.12774848874142,0.0,1744.2729390920813,0.0,148.24931241917716,790.55,0.0,530.8,0,0,0,3362,148.2493124191774
Data,3763,8.9441543049346,0.0,2163.795845695065,73.05762258776076,0.0,846.46,0.0,530.8,0,0,0,3550,-73.05762258776053
Data,3764,0.0,0.0,2106.27,373.20252460236725,0.0,831.93,0.0,530.8,0,0,0,3469,-373.20252460236713
Data,3765,1.2814724004146063,0.0,1922.1885275995855,421.5826539264226,0.0,831.93,0.0,527.6,0,0,0,3283,-421.58265392642284
Data,3766,0.0,0.0,1794.08,564.3497045448985,0.0,739.12,0.0,530.8,0,0,0,3064,-564.3497045448984
Data,3767,0.0,0.0,1957.3199999999997,573.8824712875585,0.0,736.88,0.0,179.8,0,0,0,2874,-573.8824712875582
Data,3768,0.0,0.0,1883.9299999999998,623.7646419671875,0.0,693.27,0.0,179.8,0,0,0,2757,-623.7646419671871
Data,3769,0.0,0.0,1731.18,803.484244976413,0.0,702.22,0.0,176.6,0,0,0,2610,-803.4842449764132
Data,3770,0.0,0.0,1745.8500000000001,799.0364438087747,0.0,667.55,0.0,176.6,0,0,0,2590,-799.0364438087748
Data,3771,0.0,0.0,1759.9458,818.9481723806584,0.0,663.08,0.0,296.9742,0,0,0,2720,-818.9481723806584
Data,3772,0.0,0.0,1967.4946,772.412172975904,0.0,767.07,0.0,178.4354,0,0,0,2913,-772.412172975904
Data,3773,0.0,0.0,2097.87,658.3879698995147,0.0,733.53,0.0,176.6,0,0,0,3008,-658.3879698995146
Data,3774,0.0,0.0,2048.3500000000004,499.007804352887,0.0,710.05,0.0,176.6,0,0,0,2935,-499.0078043528873
Data,3775,49.79435613039614,0.0,1864.4319438696036,385.5616041406872,0.0,676.5,0.0,399.2737,0,0,0,2990,-385.5616041406868
Data,3776,245.17966844667214,0.0,2044.080331553328,53.3181212247041,0.0,654.14,0.0,176.6,0,0,0,3120,-53.3181212247043
Data,3777,320.5250150914575,0.0,1975.9819464487593,0.0,348.4730384597831,628.42,0.0,176.6,0,0,0,3450,348.4730384597831
Data,3778,436.72056356170435,0.0,1742.8655734320914,0.0,632.7438630062042,644.07,0.0,176.6,0,0,0,3633,632.7438630062043
Data,3779,551.6607921295042,0.0,1867.2138274198546,0.0,406.57538045064075,642.95,0.0,176.6,0,0,0,3645,406.57538045064086
Data,3780,623.1617215730457,0.0,1659.4498462878205,0.0,570.0684321391341,640.72,0.0,176.6,0,0,0,3670,570.0684321391337
Data,3781,664.038075896475,0.0,1697.0168885920714,0.0,434.05503551145375,608.29,0.0,176.6,0,0,0,3580,434.05503551145387
Data,3782,708.7326949231802,0.0,1922.9156470169376,0.0,232.52165805988227,672.03,0.0,179.8,0,0,0,3716,232.52165805988233
Data,3783,729.157795835911,0.0,2137.248734285934,0.0,26.24346987815511,697.75,0.0,176.6,0,0,0,3767,26.243469878154798
Data,3784,328.93436995175034,370.8541706664953,2530.6956300482493,0.0,0.0,705.57,0.0,179.8,0,0,0,3745,-370.85417066649524
Data,3785,481.4151825884096,0.0,2410.6648174115903,164.5732188830575,0.0,739.12,0.0,179.8,0,0,0,3811,-164.57321888305745
Data,3786,187.722630411756,0.0,2484.5830632474053,0.0,66.85430634083832,863.24,0.0,176.6,0,0,0,3779,66.85430634083846
Data,3787,14.04389140862538,0.0,2411.2561085913744,175.4903870718963,0.0,897.9,0.0,530.8,0,0,0,3854,-175.49038707189595
Data,3788,0.0,0.0,2641.6499999999996,131.3553843374798,0.0,894.55,0.0,179.8,0,0,0,3716,-131.3553843374794
Data,3789,0.0,0.0,2503.38,88.67964350863961,0.0,776.02,0.0,176.6,0,0,0,3456,-88.67964350863949
Data,3790,0.0,0.0,2314.27,566.17858372805,0.0,708.93,0.0,179.8,0,0,0,3203,-566.17858372805
Data,3791,0.0,0.0,2246.35,658.114075514718,0.0,679.85,0.0,179.8,0,0,0,3106,-658.114075514718
Data,3792,0.0,0.0,2341.92,182.5493664827154,0.0,638.48,0.0,25.6,0,0,0,3006,-182.5493664827155
Data,3793,0.0,0.0,2203.16,626.3406153277238,0.0,617.24,0.0,25.6,0,0,0,2846,-626.3406153277236
Data,3794,0.0,0.0,2140.86,469.7107477266841,0.0,629.54,0.0,25.6,0,0,0,2796,-469.7107477266842
Data,3795,0.0,0.0,2254.86,275.07063516721666,0.0,629.54,0.0,25.6,0,0,0,2910,-275.07063516721666
Data,3796,0.0,0.0,2294.23,226.7401036197516,0.0,730.17,0.0,25.6,0,0,0,3050,-226.74010361975158
Data,3797,0.0,0.0,2302.7598523070837,0.0,77.66014769291633,749.18,0.0,22.4,0,0,0,3152,77.6601476929163
Data,3798,0.0,0.0,2341.48,263.38443525558387,0.0,689.92,0.0,25.6,0,0,0,3057,-263.38443525558387
Data,3799,54.92024573205456,0.0,1957.131731767023,0.0,516.6480225009223,602.7,0.0,25.6,0,0,0,3157,516.6480225009226
Data,3800,338.387171203359,0.0,1556.3020276599434,0.0,782.0608011366976,611.65,0.0,25.6,0,0,0,3314,782.0608011366978
Data,3801,628.2614586767365,0.0,1760.3273530764488,0.0,635.4811882468143,610.53,0.0,22.4,0,0,0,3657,635.4811882468144
Data,3802,1061.1637575351647,0.0,2202.603356835731,0.0,38.752885629104185,613.88,0.0,25.6,0,0,0,3942,38.752885629104206
Data,3803,1093.5841621284626,231.92904486365796,2173.1858378715374,0.0,0.0,622.83,0.0,22.4,0,0,0,3912,-231.929044863658
Data,3804,1463.415328775513,0.0,1803.6346712244872,684.9403460662675,0.0,618.35,0.0,25.6,0,0,0,3911,-684.9403460662677
Data,3805,704.1611737493095,793.7231473475595,2426.3788262506905,0.0,0.0,575.86,0.0,25.6,0,0,0,3732,-793.7231473475595
Data,3806,507.65165233235257,889.3624841033093,2706.1183476676474,0.0,0.0,647.43,0.0,28.8,0,0,0,3890,-889.3624841033092
Data,3807,684.0401559176812,529.0957673074686,2512.309844082319,0.0,0.0,710.05,0.0,25.6,0,0,0,3932,-529.0957673074689
Data,3808,998.6069823965577,0.0,2068.9730176034423,609.5780247042562,0.0,800.62,0.0,28.8,0,0,0,3897,-609.5780247042561
Data,3809,591.2295215545511,0.0,2485.900478445449,292.59212966979067,0.0,816.27,0.0,25.6,0,0,0,3919,-292.5921296697908
Data,3810,199.20357701955217,0.0,2638.006422980448,129.8474572191094,0.0,891.19,0.0,176.6,0,0,0,3905,-129.8474572191095
Data,3811,12.762419008210774,0.0,2893.367580991789,209.30836000850377,0.0,890.07,0.0,179.8,0,0,0,3976,-209.30836000850348
Data,3812,0.0,0.0,2790.75,975.470788014231,0.0,876.65,0.0,176.6,0,0,0,3844,-975.470788014231
Data,3813,0.0,0.0,2672.87,706.5210866372798,0.0,733.53,0.0,176.6,0,0,0,3583,-706.5210866372798
Data,3814,0.0,0.0,2543.3599999999997,869.7105004903584,0.0,641.84,0.0,179.8,0,0,0,3365,-869.7105004903581
Data,3815,0.0,0.0,2347.05,1016.3618040130632,0.0,618.35,0.0,176.6,0,0,0,3142,-1016.3618040130634
Data,3816,0.0,0.0,2260.27,1707.5260332643159,0.0,585.93,0.0,179.8,0,0,0,3026,-1707.526033264316
Data,3817,0.0,0.0,2096.85,1906.1870305925502,0.0,593.75,0.0,173.4,0,0,0,2864,-1906.18703059255
Data,3818,0.0,0.0,2072.7,1811.4902383712733,0.0,602.7,0.0,176.6,0,0,0,2852,-1811.490238371273
Data,3819,0.0,0.0,1929.2349,1660.1740001647274,0.0,626.18,0.0,382.5851,0,0,0,2938,-1660.1740001647272
Data,3820,0.0,0.0,1934.8500000000001,1443.9793684035005,0.0,667.55,0.0,527.6,0,0,0,3130,-1443.9793684035008
Data,3821,0.0,0.0,1938.5900000000001,1613.747428044145,0.0,707.81,0.0,527.6,0,0,0,3174,-1613.7474280441447
Data,3822,0.0,0.0,1827.7200000000003,1369.952510430167,0.0,687.68,0.0,527.6,0,0,0,3043,-1369.9525104301672
Data,3823,71.50092944354151,0.0,1803.4390705564585,894.608753102337,0.0,649.66,0.0,524.4,0,0,0,3049,-894.6087531023368
Data,3824,0.0,564.423211137715,2345.56,813.732280025326,0.0,641.84,0.0,176.6,0,0,0,3164,-1378.155491163041
Data,3825,1255.2675974510262,0.0,1351.9824025489738,1961.0494419723332,0.0,673.15,0.0,176.6,0,0,0,3457,-1961.0494419723332
Data,3826,-0.0,1769.8964524583448,2922.2,421.5583491976274,0.0,664.2,0.0,176.6,0,0,0,3763,-2191.4548016559725
Data,3827,2126.171932271573,0.0,890.328067728427,2464.8371893262415,0.0,651.9,0.0,176.6,0,0,0,3845,-2464.8371893262415
Data,3828,-0.0,2271.7367359594855,2744.15,741.5638845289739,0.0,636.25,0.0,527.6,0,0,0,3908,-3013.300620488459
Data,3829,-0.0,2287.0620997685255,2767.7299,828.0939400930446,0.0,615.0,0.0,317.2701,0,0,0,3700,-3115.15603986157
Data,3830,2169.585078897864,0.0,520.2442211021357,3104.6698426733587,0.0,658.61,0.0,496.5607,0,0,0,3845,-3104.6698426733587
Data,3831,1939.7307742602316,0.0,634.6592257397683,3211.2437707476847,0.0,707.81,0.0,530.8,0,0,0,3813,-3211.2437707476847
Data,3832,-0.0,1531.0979935157782,2531.5299999999997,1482.7354969973608,0.0,791.67,0.0,530.8,0,0,0,3854,-3013.8334905131387
Data,3833,0.0,1001.1437746994193,2539.0,1332.3517806438126,0.0,836.4,0.0,527.6,0,0,0,3903,-2333.495555343232
Data,3834,409.9142531448681,0.0,2073.285746855132,1720.4704124171908,0.0,861.0,0.0,530.8,0,0,0,3875,-1720.4704124171906
Data,3835,30.65072761807997,0.0,2504.7892723819195,747.7152152066064,0.0,858.76,0.0,530.8,0,0,0,3925,-747.715215206606
Data,3836,0.0,0.0,2411.92,920.6595653715717,0.0,835.28,0.0,530.8,0,0,0,3778,-920.6595653715717
Data,3837,0.0,0.0,2259.16,1054.1231980270172,0.0,740.24,0.0,527.6,0,0,0,3527,-1054.1231980270172
Data,3838,0.0,0.0,2126.14,829.9467982098313,0.0,625.06,0.0,530.8,0,0,0,3282,-829.9467982098311
Data,3839,0.0,0.0,2040.2499999999998,720.4128881182762,0.0,519.95,0.0,530.8,0,0,0,3091,-720.412888118276
Data,3840,0.0,0.0,1968.9599999999998,807.9616147462423,0.0,494.24,0.0,530.8,0,0,0,2994,-807.961614746242
Data,3841,0.0,0.0,1771.04,988.7606977297373,0.0,514.36,0.0,527.6,0,0,0,2813,-988.7606977297373
Data,3842,0.0,0.0,1988.2673,1392.1541312652903,0.0,512.13,0.0,281.6027,0,0,0,2782,-1392.1541312652903
Data,3843,0.0,0.0,1738.0500000000002,983.9917404660432,0.0,599.35,0.0,527.6,0,0,0,2865,-983.9917404660434
Data,3844,0.0,0.0,1888.8700000000001,1002.4324779075052,0.0,610.53,0.0,527.6,0,0,0,3027,-1002.4324779075054
Data,3845,0.0,0.0,1947.52,1651.1447280688767,0.0,613.88,0.0,527.6,0,0,0,3089,-1651.1447280688767
Data,3846,0.0,0.0,1838.4700000000003,1174.2962260445615,0.0,585.93,0.0,527.6,0,0,0,2952,-1174.2962260445618
Data,3847,0.0,70.24560954109454,1879.5500000000002,952.5728815847237,0.0,556.85,0.0,527.6,0,0,0,2964,-1022.8184911258184
Data,3848,0.0,513.3473826069043,1962.25,654.8674004933118,0.0,569.15,0.0,527.6,0,0,0,3059,-1168.2147831002162
Data,3849,-0.0,1202.9102965198006,2269.5,586.8999062869682,0.0,528.9,0.0,527.6,0,0,0,3326,-1789.8102028067688
Data,3850,1658.8006410917887,0.0,909.1693589082115,2136.4126749602683,0.0,524.43,0.0,527.6,0,0,0,3620,-2136.4126749602683
Data,3851,0.0,1980.5809760856932,2660.46,241.82878280950945,0.0,531.14,0.0,524.4,0,0,0,3716,-2222.4097588952027
Data,3852,0.0,2211.71675312374,2727.62,74.45922975726444,0.0,527.78,0.0,527.6,0,0,0,3783,-2286.1759828810045
Data,3853,0.0,2262.7925816545508,2597.23,141.26744848006092,0.0,484.17,0.0,527.6,0,0,0,3609,-2404.0600301346117
Data,3854,2183.6289703064895,0.0,517.0210296935102,2233.5969358990733,0.0,519.95,0.0,524.4,0,0,0,3745,-2233.596935899073
Data,3855,-0.0,1905.2617819388754,2684.8199999999997,515.8312306577437,0.0,552.38,0.0,530.8,0,0,0,3768,-2421.093012596619
Data,3856,-0.0,1473.640955480862,2678.13,547.2335721498611,0.0,570.27,0.0,527.6,0,0,0,3776,-2020.8745276307232
Data,3857,0.0,925.7984280546339,2610.1,529.7279987494057,0.0,701.1,0.0,530.8,0,0,0,3842,-1455.5264268040396
Data,3858,0.0,346.049853107879,2482.6,517.3063709837447,0.0,762.6,0.0,530.8,0,0,0,3776,-863.3562240916239
Data,3859,25.55099051438919,0.0,2529.529009485611,497.8228707421963,0.0,788.32,0.0,527.6,0,0,0,3871,-497.8228707421963
Data,3860,0.0,0.0,2374.52,1012.5099271728568,0.0,810.68,0.0,530.8,0,0,0,3716,-1012.5099271728567
Data,3861,0.0,0.0,2172.79,1183.456114036895,0.0,732.41,0.0,530.8,0,0,0,3436,-1183.456114036895
Data,3862,0.0,0.0,2072.52,1034.3642848629333,0.0,613.88,0.0,527.6,0,0,0,3214,-1034.3642848629333
Data,3863,0.0,0.0,1994.61,1518.7406933855093,0.0,497.59,0.0,530.8,0,0,0,3023,-1518.740693385509
Data,3864,0.0,0.0,1874.9599999999998,1686.6243286807255,0.0,494.24,0.0,530.8,0,0,0,2900,-1686.6243286807253
Data,3865,0.0,0.0,1752.3500000000001,1176.8716895767427,0.0,483.05,0.0,527.6,0,0,0,2763,-1176.871689576743
Data,3866,0.0,0.0,1723.52,1307.4284712353838,0.0,490.88,0.0,527.6,0,0,0,2742,-1307.4284712353838
Data,3867,0.0,0.0,1779.9700000000003,1407.3354343941405,0.0,524.43,0.0,527.6,0,0,0,2832,-1407.3354343941407
Data,3868,0.0,0.0,1966.8000000000002,1507.2273557401309,0.0,516.6,0.0,527.6,0,0,0,3011,-1507.227355740131
Data,3869,0.0,0.0,1950.88,1626.2723854047927,0.0,591.52,0.0,527.6,0,0,0,3070,-1626.2723854047927
Data,3870,0.0,0.0,1832.17,1732.5544830568483,0.0,598.23,0.0,527.6,0,0,0,2958,-1732.5544830568483
Data,3871,54.92024573205456,0.0,1919.2997542679454,1462.033918449154,0.0,503.18,0.0,527.6,0,0,0,3005,-1462.0339184491538
Data,3872,0.0,380.54499792720276,2052.82,1184.2547787006642,0.0,478.58,0.0,527.6,0,0,0,3059,-1564.799776627867
Data,3873,718.9321691305618,0.0,1627.8378308694382,1491.6682356939514,0.0,450.63,0.0,527.6,0,0,0,3325,-1491.6682356939514
Data,3874,993.4810927948993,0.0,1584.798907205101,966.7710001324804,0.0,493.12,0.0,527.6,0,0,0,3599,-966.7710001324806
Data,3875,526.1672811111707,730.3817887402699,2217.5927188888295,0.0,0.0,469.64,0.0,527.6,0,0,0,3741,-730.3817887402699
Data,3876,974.1398141228824,389.66064989387064,1862.3301858771179,0.0,0.0,462.93,0.0,527.6,0,0,0,3827,-389.6606498938707
Data,3877,1294.8624793740405,0.0,1378.7475206259592,220.68292020057174,0.0,472.99,0.0,524.4,0,0,0,3671,-220.6829202005714
Data,3878,1029.23155751667,0.0,1769.6184424833305,252.39534562326958,0.0,525.55,0.0,527.6,0,0,0,3852,-252.39534562326992
Data,3879,814.7026166880779,0.0,1726.787598478896,0.0,211.1197848330263,546.79,0.0,527.6,0,0,0,3827,211.1197848330263
Data,3880,607.8363577640057,0.0,1583.7421775339449,0.0,469.5514647020491,644.07,0.0,530.8,0,0,0,3836,469.55146470204943
Data,3881,372.88231602268286,0.0,1527.3363751948852,0.0,730.5813087824321,762.6,0.0,527.6,0,0,0,3921,730.5813087824317
Data,3882,135.36532948053068,0.0,1345.7660541353987,0.0,1092.2486163840708,776.02,0.0,527.6,0,0,0,3877,1092.2486163840704
Data,3883,8.9441543049346,0.0,1975.2018545697256,0.0,598.9639911253395,805.09,0.0,530.8,0,0,0,3919,598.9639911253397
Data,3884,0.0,0.0,2243.4052611477628,0.0,168.58473885223702,806.21,0.0,530.8,0,0,0,3749,168.58473885223725
Data,3885,1.2814724004146063,0.0,2266.668527599585,132.46881725964477,0.0,704.45,0.0,527.6,0,0,0,3500,-132.46881725964465
Data,3886,0.0,0.0,2175.2131073444853,0.0,5.486892655514566,553.5,0.0,530.8,0,0,0,3265,5.486892655514794
Data,3887,0.0,0.0,1907.3212187260067,0.0,198.50878127399324,459.57,0.0,527.6,0,0,0,3093,198.5087812739933
Data,3888,0.0,0.0,1718.124465906694,0.0,291.2055340933059,471.87,0.0,530.8,0,0,0,3012,291.205534093306
Data,3889,0.0,0.0,1457.9082562161036,0.0,380.68174378389654,461.81,0.0,527.6,0,0,0,2828,380.68174378389637
Data,3890,0.0,0.0,1406.2647044920059,0.0,386.86529550799423,447.27,0.0,527.6,0,0,0,2768,386.8652955079941
Data,3891,0.0,0.0,1389.1273218067618,0.0,444.7726781932381,479.7,0.0,524.4,0,0,0,2838,444.7726781932383
Data,3892,0.0,0.0,1647.9405081801963,0.0,299.42949181980384,549.03,0.0,527.6,0,0,0,3024,299.42949181980373
Data,3893,0.0,0.0,1906.2586112144822,0.0,36.501388785517975,592.64,0.0,527.6,0,0,0,3063,36.50138878551775
Data,3894,0.0,0.0,1816.77,30.939470928492938,0.0,573.63,0.0,527.6,0,0,0,2918,-30.939470928492938
Data,3895,52.357300931225346,0.0,1153.1768352928243,0.0,560.9758637759505,509.89,0.0,527.6,0,0,0,2804,560.9758637759503
Data,3896,390.7444721345843,0.0,1024.5808098457312,0.0,715.2147180196844,452.86,0.0,176.6,0,0,0,2760,715.2147180196846
Data,3897,863.241652916027,0.0,988.2230038283866,0.0,404.68534325558664,439.45,0.0,173.4,0,0,0,2869,404.68534325558653
Data,3898,1421.2836545496366,0.0,1008.2748719211303,0.0,47.88147352923306,415.96,0.0,176.6,0,0,0,3070,47.88147352923315
Data,3899,1549.1546602188946,253.92931216039187,1005.9353397811055,0.0,0.0,400.31,0.0,176.6,0,0,0,3132,-253.92931216039202
Data,3900,1524.735538473421,436.7018090999561,1087.764461526579,0.0,0.0,405.9,0.0,176.6,0,0,0,3195,-436.7018090999561
Data,3901,1528.582573843392,389.4416271036944,1017.2274261566079,0.0,0.0,374.59,0.0,176.6,0,0,0,3097,-389.44162710369426
Data,3902,1432.3224112120404,360.5620869598645,1095.3675887879597,0.0,0.0,375.71,0.0,176.6,0,0,0,3080,-360.5620869598645
Data,3903,1384.3206977344523,199.134596712551,1044.0893022655475,0.0,0.0,423.79,0.0,179.8,0,0,0,3032,-199.1345967125509
Data,3904,748.0381944481057,539.1616030214147,1686.5218055518942,0.0,0.0,469.64,0.0,179.8,0,0,0,3084,-539.1616030214147
Data,3905,780.2336243667218,0.0,1261.256375633278,710.2340882311623,0.0,621.71,0.0,530.8,0,0,0,3194,-710.2340882311621
Data,3906,271.98597886350825,0.0,1765.6340211364916,206.70480414494864,0.0,724.58,0.0,530.8,0,0,0,3293,-206.7048041449483
Data,3907,17.8883086098692,0.0,2169.731691390131,275.7968616735038,0.0,724.58,0.0,530.8,0,0,0,3443,-275.7968616735037
Data,3908,0.0,0.0,2153.19,372.76009902529404,0.0,683.21,0.0,527.6,0,0,0,3364,-372.76009902529415
Data,3909,0.0,0.0,2042.1,536.533490159441,0.0,578.1,0.0,530.8,0,0,0,3151,-536.5334901594409
Data,3910,0.0,0.0,1916.61,582.1468635689359,0.0,497.59,0.0,530.8,0,0,0,2945,-582.1468635689357
Data,3911,0.0,0.0,1870.87,329.19621011971276,0.0,438.33,0.0,530.8,0,0,0,2840,-329.1962101197126
Data,3912,0.0,0.0,1757.86,347.4760386026708,0.0,457.34,0.0,530.8,0,0,0,2746,-347.4760386026706
Data,3913,0.0,0.0,1987.0700000000002,68.06498868869767,0.0,438.33,0.0,176.6,0,0,0,2602,-68.06498868869781
Data,3914,0.0,0.0,1969.48,21.803796068354814,0.0,443.92,0.0,176.6,0,0,0,2590,-21.803796068354842
Data,3915,0.0,0.0,1908.8932113299395,0.0,77.55678867006054,500.95,0.0,176.6,0,0,0,2664,77.55678867006051
Data,3916,0.0,0.0,1927.5780896448664,0.0,192.08191035513346,555.74,0.0,176.6,0,0,0,2852,192.0819103551336
Data,3917,0.0,0.0,1843.4301031020436,0.0,293.5198968979562,581.45,0.0,176.6,0,0,0,2895,293.5198968979563
Data,3918,0.0,0.0,1764.9982436688883,0.0,277.4517563311117,519.95,0.0,176.6,0,0,0,2739,277.4517563311116
Data,3919,48.512883729981525,0.0,1551.1220672919299,0.0,362.41504897808886,476.35,0.0,176.6,0,0,0,2615,362.4150489780884
Data,3920,317.9620702906282,0.0,1466.6714983332754,0.0,372.61643137609644,427.15,0.0,25.6,0,0,0,2610,372.61643137609644
Data,3921,528.6727464159442,0.0,1372.1444667268247,0.0,379.7027868572311,417.08,0.0,22.4,0,0,0,2720,379.7027868572314
Data,3922,814.7026166880779,0.0,1323.8000849616665,0.0,325.4172983502557,392.48,0.0,25.6,0,0,0,2882,325.4172983502557
Data,3923,1048.4013385269539,0.0,1363.7695613891415,0.0,140.04910008390493,380.18,0.0,25.6,0,0,0,2958,140.04910008390468
Data,3924,1114.8025308668045,0.0,1470.7274691331952,215.46967032895577,0.0,398.07,0.0,22.4,0,0,0,3006,-215.46967032895552
Data,3925,666.2053270819831,444.7527865835775,1908.6046729180168,0.0,0.0,374.59,0.0,25.6,0,0,0,2975,-444.75278658357746
Data,3926,298.8151353711637,680.6220660151102,2215.2348646288365,0.0,0.0,372.35,0.0,25.6,0,0,0,2912,-680.6220660151105
Data,3927,777.6706795658926,0.0,1662.8793204341077,768.8058083789415,0.0,414.85,0.0,25.6,0,0,0,2881,-768.8058083789417
Data,3928,0.0,545.2795826253988,2472.0499999999997,359.05065294545284,0.0,446.15,0.0,28.8,0,0,0,2947,-904.3302355708512
Data,3929,0.0,305.19965128241745,2381.15,289.0687950567508,0.0,532.25,0.0,176.6,0,0,0,3090,-594.2684463391685
Data,3930,98.3333923583453,0.0,2005.0866076416548,661.4750788092222,0.0,650.78,0.0,530.8,0,0,0,3285,-661.4750788092224
Data,3931,3.8182647032761734,0.0,2612.251735296724,39.568117287943096,0.0,684.33,0.0,176.6,0,0,0,3477,-39.568117287943295
Data,3932,0.0,0.0,2202.24,359.84056634212493,0.0,661.96,0.0,530.8,0,0,0,3395,-359.8405663421247
Data,3933,0.0,0.0,2089.39,668.3121397000523,0.0,584.81,0.0,530.8,0,0,0,3205,-668.3121397000521
Data,3934,0.0,0.0,2014.4499999999998,700.430000091987,0.0,470.75,0.0,530.8,0,0,0,3016,-700.4300000919868
Data,3935,0.0,0.0,1853.13,870.9558032076934,0.0,447.27,0.0,527.6,0,0,0,2828,-870.9558032076935
Data,3936,0.0,0.0,1996.0476999999998,624.2640032645543,0.0,458.45,0.0,275.5023,0,0,0,2730,-624.264003264554
Data,3937,0.0,0.0,1613.19,962.5975469722227,0.0,437.21,0.0,527.6,0,0,0,2578,-962.597546972223
Data,3938,0.0,0.0,1952.13,674.0447444282732,0.0,447.27,0.0,176.6,0,0,0,2576,-674.0447444282732
Data,3939,0.0,0.0,1995.5,528.9809131310858,0.0,528.9,0.0,176.6,0,0,0,2701,-528.9809131310858
Data,3940,0.0,0.0,1786.09,757.1379488533223,0.0,572.51,0.0,524.4,0,0,0,2883,-757.1379488533222
Data,3941,0.0,0.0,2134.9411,457.2223374786422,0.0,523.31,0.0,313.7489,0,0,0,2972,-457.22233747864215
Data,3942,0.0,0.0,2172.26,340.0146697437167,0.0,531.14,0.0,176.6,0,0,0,2880,-340.0146697437169
Data,3943,0.0,48.512883729981525,1926.8300000000002,234.88043893867302,0.0,459.57,0.0,527.6,0,0,0,2914,-283.3933226686549
Data,3944,330.724489298839,0.0,1863.6616283756962,0.0,218.94388232546476,398.07,0.0,176.6,0,0,0,2988,218.9438823254646
Data,3945,605.2995654611441,0.0,1763.5116862078667,0.0,375.60874833098933,380.18,0.0,173.4,0,0,0,3298,375.6087483309892
Data,3946,842.8165520032962,0.0,1592.6764272882951,0.0,601.0770207084088,376.83,0.0,176.6,0,0,0,3590,601.0770207084087
Data,3947,854.2974986110925,0.0,1540.3592287832619,0.0,738.7032726056453,371.24,0.0,173.4,0,0,0,3678,738.7032726056456
Data,3948,947.5050013677794,0.0,1441.0485032009012,0.0,819.5564954313195,362.29,0.0,176.6,0,0,0,3747,819.5564954313196
Data,3949,835.1538700987762,0.0,1418.6073472637406,0.0,707.4887826374832,353.35,0.0,173.4,0,0,0,3488,707.4887826374832
Data,3950,836.4091900012231,0.0,1315.1499605667614,0.0,941.3608494320156,392.48,0.0,176.6,0,0,0,3662,941.3608494320155
Data,3951,759.808523453991,0.0,1716.2128458132627,0.0,562.518630732746,452.86,0.0,176.6,0,0,0,3668,562.518630732746
Data,3952,643.5868224857765,0.0,1931.7560308319646,0.0,437.947146682259,547.91,0.0,179.8,0,0,0,3741,437.9471466822591
Data,3953,376.70058072595896,0.0,2143.004463923986,0.0,87.30495535005537,694.39,0.0,527.6,0,0,0,3829,87.30495535005525
Data,3954,130.23943987887225,0.0,2367.24408061225,0.0,51.26647950887781,734.65,0.0,527.6,0,0,0,3811,51.26647950887764
Data,3955,7.662681904519992,0.0,2549.583189247915,0.0,34.234128847564534,763.72,0.0,530.8,0,0,0,3886,34.23412884756499
Data,3956,0.0,0.0,2405.5997137758914,0.0,48.51028622410877,731.29,0.0,527.6,0,0,0,3713,48.510286224108654
Data,3957,0.0,0.0,2367.8199999999997,2.3345152695987554,0.0,552.38,0.0,530.8,0,0,0,3451,-2.3345152695984552
Data,3958,0.0,0.0,2210.16,149.96943881261814,0.0,494.24,0.0,527.6,0,0,0,3232,-149.96943881261802
Data,3959,0.0,0.0,2121.7599999999998,223.02300936251459,0.0,420.44,0.0,530.8,0,0,0,3073,-223.0230093625143
Data,3960,0.0,0.0,2001.44,228.58260641569723,0.0,415.96,0.0,527.6,0,0,0,2945,-228.58260641569728
Data,3961,0.0,0.0,1870.15,279.78053238940856,0.0,409.25,0.0,527.6,0,0,0,2807,-279.7805323894087
Data,3962,0.0,0.0,1843.82,467.1151712792864,0.0,404.78,0.0,524.4,0,0,0,2773,-467.1151712792863
Data,3963,0.0,0.0,1929.3700000000001,391.11284350170786,0.0,426.03,0.0,527.6,0,0,0,2883,-391.11284350170797
Data,3964,0.0,0.0,2035.64,317.63419297524683,0.0,489.76,0.0,527.6,0,0,0,3053,-317.63419297524695
Data,3965,0.0,0.0,2099.84,459.4653818067727,0.0,489.76,0.0,524.4,0,0,0,3114,-459.4653818067728
Data,3966,0.0,0.0,2049.76,373.1531661676536,0.0,469.64,0.0,527.6,0,0,0,3047,-373.1531661676538
Data,3967,0.0,45.976091427119954,2211.8599999999997,178.65306859410748,0.0,432.74,0.0,524.4,0,0,0,3169,-224.62916002122722
Data,3968,296.25549697748284,0.0,2078.554503022517,83.24533522508636,0.0,374.59,0.0,527.6,0,0,0,3277,-83.24533522508631
Data,3969,615.4990396685257,0.0,1948.328526665486,0.0,118.52243366598827,390.25,0.0,524.4,0,0,0,3597,118.52243366598839
Data,3970,1094.3774299540737,0.0,1534.13347452798,0.0,155.39909551794608,411.49,0.0,527.6,0,0,0,3723,155.3990955179462
Data,3971,828.7541066589231,552.9346659676992,1862.125893341077,0.0,0.0,517.72,0.0,524.4,0,0,0,3733,-552.9346659676993
Data,3972,1538.7606754202982,0.0,1198.9393245797016,369.3164056729313,0.0,528.9,0.0,524.4,0,0,0,3791,-369.31640567293084
Data,3973,1597.499185855629,0.0,1095.5808141443708,1032.8062374486021,0.0,419.32,0.0,527.6,0,0,0,3640,-1032.8062374486021
Data,3974,524.730554066602,1167.2576069461284,2376.049445933398,0.0,0.0,431.62,0.0,527.6,0,0,0,3860,-1167.2576069461286
Data,3975,165.95105815556235,1381.7537715696703,2628.748941844438,0.0,0.0,479.7,0.0,527.6,0,0,0,3802,-1381.7537715696706
Data,3976,184.91330256683887,984.8094740320203,2650.3066974331614,0.0,0.0,503.18,0.0,527.6,0,0,0,3866,-984.8094740320205
Data,3977,65.38727222523175,513.0798303211086,2799.022727774768,0.0,0.0,595.99,0.0,527.6,0,0,0,3988,-513.0798303211085
Data,3978,88.2764780380021,89.22052566840472,2636.473521961998,0.0,0.0,685.45,0.0,530.8,0,0,0,3941,-89.22052566840466
Data,3979,11.480946607796167,0.0,2782.1790533922035,648.8437121022762,0.0,678.74,0.0,527.6,0,0,0,4000,-648.8437121022761
Data,3980,0.0,0.0,2676.69,612.2365745828911,0.0,621.71,0.0,527.6,0,0,0,3826,-612.2365745828912
Data,3981,0.0,0.0,2534.95,728.7792950681642,0.0,513.25,0.0,530.8,0,0,0,3579,-728.779295068164
Data,3982,0.0,0.0,2337.2000000000003,929.013708879641,0.0,418.2,0.0,527.6,0,0,0,3283,-929.0137088796412
Data,3983,0.0,0.0,2123.24,1110.0745882186316,0.0,415.96,0.0,530.8,0,0,0,3070,-1110.0745882186313
Data,3984,0.0,0.0,2025.3200000000002,1158.0766814282592,0.0,417.08,0.0,527.6,0,0,0,2970,-1158.0766814282595
Data,3985,0.0,0.0,1912.15,1178.1604022428764,0.0,390.25,0.0,527.6,0,0,0,2830,-1178.1604022428764
Data,3986,0.0,0.0,1824.8000000000002,978.5543985096001,0.0,393.6,0.0,527.6,0,0,0,2746,-978.5543985096003
Data,3987,0.0,0.0,1884.87,750.1230202898614,0.0,413.73,0.0,524.4,0,0,0,2823,-750.1230202898613
Data,3988,0.0,0.0,1980.3400000000001,530.4316012526965,0.0,502.06,0.0,527.6,0,0,0,3010,-530.4316012526967
Data,3989,0.0,0.0,2012.6999999999998,444.72801989659547,0.0,528.9,0.0,524.4,0,0,0,3066,-444.72801989659524
Data,3990,0.0,0.0,1996.0500000000002,131.98874678137418,0.0,476.35,0.0,527.6,0,0,0,3000,-131.9887467813744
Data,3991,42.13167422587614,0.0,1710.9402500970994,0.0,264.6580756770245,422.67,0.0,527.6,0,0,0,2968,264.65807567702467
Data,3992,248.99793314994832,0.0,1731.5526038833266,0.0,483.6994629667251,372.35,0.0,173.4,0,0,0,3010,483.6994629667249
Data,3993,354.99400741281363,0.0,1930.3277886173582,0.0,93.78820396982826,362.29,0.0,527.6,0,0,0,3269,93.7882039698282
Data,3994,421.3951997526643,0.0,1894.5665133902487,0.0,580.9082868570869,364.53,0.0,176.6,0,0,0,3438,580.9082868570871
Data,3995,432.66017942235567,27.048429852908612,2130.1598205776445,0.0,0.0,355.58,0.0,527.6,0,0,0,3446,-27.048429852908782
Data,3996,453.32739977115887,0.0,1585.1032178777693,0.0,857.389382351072,355.58,0.0,176.6,0,0,0,3428,857.3893823510717
Data,3997,409.9142531448681,0.0,1496.8258965345017,0.0,807.3798503206301,343.28,0.0,176.6,0,0,0,3234,807.3798503206305
Data,3998,333.2874340996682,0.0,1351.4290061697566,0.0,798.5135597305753,361.17,0.0,527.6,0,0,0,3372,798.5135597305753
Data,3999,274.5489236643375,0.0,1699.2676834324236,0.0,473.7733929032386,412.61,0.0,530.8,0,0,0,3391,473.7733929032389
Data,4000,197.92210461913754,0.0,1759.2754156499986,0.0,477.88247973086374,493.12,0.0,530.8,0,0,0,3459,477.882479730864
Data,4001,131.52091227928685,0.0,1684.2350479202955,0.0,642.2040398004178,617.24,0.0,530.8,0,0,0,3606,642.2040398004178
Data,4002,48.512883729981525,0.0,1749.859606726,0.0,669.9775095440182,660.85,0.0,530.8,0,0,0,3660,669.9775095440183
Data,4003,3.8182647032761734,0.0,2106.3086126650182,0.0,392.3931226317054,687.68,0.0,530.8,0,0,0,3721,392.3931226317055
Data,4004,1.2814724004146063,0.0,2213.3034623312587,0.0,226.7950652683262,603.82,0.0,530.8,0,0,0,3576,226.79506526832654
Data,4005,0.0,0.0,2289.77,60.42000996886691,0.0,524.43,0.0,530.8,0,0,0,3345,-60.42000996886679
Data,4006,0.0,0.0,2086.513877623401,0.0,42.52612237659878,465.16,0.0,530.8,0,0,0,3125,42.526122376598835
Data,4007,0.0,0.0,1993.8799999999999,23.570206614894005,0.0,419.32,0.0,530.8,0,0,0,2944,-23.570206614893834
Data,4008,0.0,0.0,1906.0099999999998,155.37437738396602,0.0,399.19,0.0,530.8,0,0,0,2836,-155.37437738396574
Data,4009,0.0,0.0,1755.4699999999998,606.8074882450733,0.0,389.13,0.0,524.4,0,0,0,2669,-606.807488245073
Data,4010,0.0,0.0,1722.8000000000002,181.87740430241797,0.0,393.6,0.0,527.6,0,0,0,2644,-181.8774043024182
Data,4011,0.0,0.0,1823.79,8.477566256567115,0.0,412.61,0.0,527.6,0,0,0,2764,-8.477566256567115
Data,4012,0.0,0.0,1941.0500000000002,13.984449973515666,0.0,495.35,0.0,527.6,0,0,0,2964,-13.984449973515893
Data,4013,0.0,0.0,1934.4059056339781,0.0,58.094094366021864,528.9,0.0,527.6,0,0,0,3049,58.094094366021864
Data,4014,0.0,0.0,1901.5800000000002,182.49136817477188,0.0,480.82,0.0,527.6,0,0,0,2910,-182.49136817477205
Data,4015,60.01998283574534,0.0,1865.8421057566788,0.0,0.5779114075758685,415.96,0.0,527.6,0,0,0,2870,0.5779114075757548
Data,4016,365.6183511220595,127.30393057211404,1695.1616488779403,0.0,0.0,357.82,0.0,524.4,0,0,0,2943,-127.30393057211398
Data,4017,1084.1518032487245,0.0,1212.1381967512755,459.04586246106624,0.0,351.11,0.0,527.6,0,0,0,3175,-459.04586246106646
Data,4018,1011.4444277374091,499.2284648656382,1526.8655722625908,0.0,0.0,313.09,0.0,527.6,0,0,0,3379,-499.22846486563816
Data,4019,1781.3773990661412,0.0,861.4126009338588,468.01033020763475,0.0,289.61,0.0,527.6,0,0,0,3460,-468.01033020763475
Data,4020,1905.2617819388754,0.0,773.2582180611246,597.0552771703185,0.0,294.08,0.0,524.4,0,0,0,3497,-597.0552771703185
Data,4021,566.2688569661648,1359.4180258854417,1909.1111430338353,0.0,0.0,284.02,0.0,527.6,0,0,0,3287,-1359.4180258854417
Data,4022,1966.537084677068,0.0,640.9129153229319,852.0471241849091,0.0,347.75,0.0,530.8,0,0,0,3486,-852.0471241849089
Data,4023,1214.3899857130489,546.5623124403614,1381.8900142869509,0.0,0.0,443.92,0.0,530.8,0,0,0,3571,-546.5623124403612
Data,4024,1334.4312087990875,0.0,1038.4694941952866,0.0,170.83929700562612,526.66,0.0,527.6,0,0,0,3598,170.8392970056259
Data,4025,778.9521519663072,0.0,1057.7223124815487,0.0,682.0355355521442,657.49,0.0,530.8,0,0,0,3707,682.0355355521442
Data,4026,240.07993134298135,0.0,1072.5664385760435,0.0,1182.983630080975,705.57,0.0,530.8,0,0,0,3732,1182.9836300809748
Data,4027,17.8883086098692,0.0,1344.1057043560365,0.0,1171.3859870340941,726.82,0.0,530.8,0,0,0,3791,1171.3859870340943
Data,4028,10.225626705349207,0.0,1163.9468342458936,0.0,1265.2175390487578,634.01,0.0,527.6,0,0,0,3601,1265.2175390487573
Data,4029,11.480946607796167,0.0,1189.3096942488548,0.0,1051.7793591433485,573.63,0.0,530.8,0,0,0,3357,1051.7793591433488
Data,4030,10.225626705349207,0.0,1167.0121460031853,0.0,931.2522272914655,498.71,0.0,530.8,0,0,0,3138,931.2522272914657
Data,4031,10.225626705349207,0.0,1029.7934498781576,0.0,966.860923416493,419.32,0.0,530.8,0,0,0,2957,966.8609234164935
Data,4032,2.5629448008292126,0.0,1208.8052134417544,0.0,717.6418417574162,399.19,0.0,530.8,0,0,0,2859,717.6418417574162
Data,4033,0.0,0.0,1243.7421175658703,0.0,565.7678824341299,386.89,0.0,527.6,0,0,0,2724,565.7678824341297
Data,4034,0.0,0.0,1260.524087400784,0.0,518.7159125992157,391.36,0.0,524.4,0,0,0,2695,518.7159125992159
Data,4035,0.0,0.0,1513.7844122832146,0.0,363.0055877167854,412.61,0.0,527.6,0,0,0,2817,363.0055877167854
Data,4036,0.0,0.0,1759.6428443617308,0.0,210.69715563826935,502.06,0.0,527.6,0,0,0,3000,210.69715563826918
Data,4037,0.0,0.0,1803.1331943935054,0.0,215.71680560649475,525.55,0.0,527.6,0,0,0,3072,215.71680560649463
Data,4038,0.0,0.0,1982.6970148440805,0.0,20.052985155919487,488.65,0.0,527.6,0,0,0,3019,20.052985155919487
Data,4039,47.25756382753456,0.0,1933.408281338204,0.0,100.35415483426141,429.38,0.0,527.6,0,0,0,3038,100.35415483426164
Data,4040,329.4691693963921,0.0,1933.7108306036077,168.33497291141862,0.0,382.42,0.0,524.4,0,0,0,3170,-168.33497291141867
Data,4041,722.7765863318057,0.0,1883.3334136681945,374.7887717437509,0.0,362.29,0.0,527.6,0,0,0,3496,-374.78877174375083
Data,4042,1291.0180621727968,0.0,1534.2719378272031,1078.8745202228588,0.0,351.11,0.0,527.6,0,0,0,3704,-1078.8745202228588
Data,4043,661.286294937282,1069.0152755980482,2513.793705062718,0.0,0.0,345.52,0.0,173.4,0,0,0,3694,-1069.0152755980482
Data,4044,419.3062665130092,1545.949345763644,2734.743733486991,0.0,0.0,353.35,0.0,176.6,0,0,0,3684,-1545.9493457636443
Data,4045,533.0284441754725,1575.255179486231,2432.0515558245274,0.0,0.0,345.52,0.0,173.4,0,0,0,3484,-1575.255179486231
Data,4046,430.42436825863797,1594.8512268537606,2607.7656317413616,0.0,0.0,388.01,0.0,179.8,0,0,0,3606,-1594.8512268537602
Data,4047,175.71856407607038,1618.447406496249,2498.17143592393,0.0,0.0,449.51,0.0,527.6,0,0,0,3651,-1618.4474064962492
Data,4048,40.60596908476418,1300.2326017163964,2634.2340309152355,0.0,0.0,514.36,0.0,530.8,0,0,0,3720,-1300.232601716396
Data,4049,784.051889069998,0.0,1824.3981109300018,919.7768685987523,0.0,642.95,0.0,527.6,0,0,0,3779,-919.776868598752
Data,4050,236.2355141417375,0.0,2323.8144858582623,547.1376237952904,0.0,692.15,0.0,530.8,0,0,0,3783,-547.1376237952901
Data,4051,8.9441543049346,0.0,2505.4058456950656,423.24626198811757,0.0,729.05,0.0,527.6,0,0,0,3771,-423.2462619881179
Data,4052,0.0,0.0,2401.1,547.2222127283835,0.0,701.1,0.0,530.8,0,0,0,3633,-547.2222127283834
Data,4053,0.0,0.0,2317.06,648.3458213711533,0.0,580.34,0.0,527.6,0,0,0,3425,-648.3458213711533
Data,4054,0.0,0.0,2213.3399999999997,775.716444978098,0.0,452.86,0.0,530.8,0,0,0,3197,-775.7164449780977
Data,4055,0.0,0.0,2145.3399999999997,916.7180795059512,0.0,452.86,0.0,530.8,0,0,0,3129,-916.7180795059509
Data,4056,0.0,0.0,2062.65,962.5815443426004,0.0,451.75,0.0,527.6,0,0,0,3042,-962.5815443426005
Data,4057,0.0,0.0,1839.1100000000001,1192.000054492709,0.0,485.29,0.0,527.6,0,0,0,2852,-1192.0000544927095
Data,4058,0.0,0.0,1787.8,1281.2041030392081,0.0,442.8,0.0,524.4,0,0,0,2755,-1281.2041030392081
Data,4059,0.0,0.0,1876.95,1216.326432529517,0.0,458.45,0.0,527.6,0,0,0,2863,-1216.326432529517
Data,4060,0.0,0.0,1955.9700000000003,1155.8965451297936,0.0,524.43,0.0,527.6,0,0,0,3008,-1155.8965451297938
Data,4061,0.0,0.0,1949.67,1226.041142490254,0.0,585.93,0.0,524.4,0,0,0,3060,-1226.041142490254
Data,4062,0.0,0.0,1886.43,1250.9526676917692,0.0,557.97,0.0,527.6,0,0,0,2972,-1250.9526676917694
Data,4063,54.92024573205456,0.0,1962.7497542679453,979.5655013997789,0.0,462.93,0.0,524.4,0,0,0,3005,-979.5655013997784
Data,4064,425.2396169539081,0.0,1649.2603830460919,1017.588587862889,0.0,405.9,0.0,527.6,0,0,0,3008,-1017.5885878628887
Data,4065,-0.0,980.7186737866886,2725.21,109.18701600958022,0.0,399.19,0.0,176.6,0,0,0,3301,-1089.9056897962687
Data,4066,1334.4312087990875,0.0,1170.5087912009126,1754.677057279779,0.0,403.66,0.0,524.4,0,0,0,3433,-1754.677057279779
Data,4067,-0.0,1617.9242867683597,2537.8199999999997,117.04046541588427,0.0,404.78,0.0,524.4,0,0,0,3467,-1734.9647521842435
Data,4068,-0.0,1819.690808588741,2552.81,100.24217414182607,0.0,423.79,0.0,524.4,0,0,0,3501,-1919.9329827305671
Data,4069,217.82750638135803,1651.6576583377791,2603.972493618642,0.0,0.0,393.6,0.0,176.6,0,0,0,3392,-1651.6576583377794
Data,4070,1759.6708257529956,0.0,724.4791742470045,2103.045763340814,0.0,409.25,0.0,527.6,0,0,0,3421,-2103.045763340814
Data,4071,-0.0,1347.2197803052659,2352.05,574.5699164463131,0.0,495.35,0.0,527.6,0,0,0,3375,-1921.7896967515792
Data,4072,815.9840890884925,0.0,1481.1459109115076,1467.4582111231243,0.0,570.27,0.0,527.6,0,0,0,3395,-1467.4582111231243
Data,4073,376.70058072595896,0.0,1855.879419274041,1158.4972905146515,0.0,677.62,0.0,530.8,0,0,0,3441,-1158.4972905146515
Data,4074,104.71460186245069,0.0,2159.5653981375494,943.7349020738279,0.0,739.12,0.0,527.6,0,0,0,3531,-943.7349020738282
Data,4075,3.8182647032761734,0.0,2361.041735296724,628.7715817531221,0.0,752.54,0.0,527.6,0,0,0,3645,-628.7715817531222
Data,4076,0.0,0.0,2306.58,604.7116372877772,0.0,677.62,0.0,530.8,0,0,0,3515,-604.7116372877771
Data,4077,1.2814724004146063,0.0,2143.338527599585,550.2112867157389,0.0,650.78,0.0,527.6,0,0,0,3323,-550.2112867157388
Data,4078,0.0,0.0,2056.15,680.2018863654075,0.0,513.25,0.0,527.6,0,0,0,3097,-680.2018863654076
Data,4079,0.0,0.0,2056.9399999999996,587.5558262773552,0.0,428.26,0.0,530.8,0,0,0,3016,-587.5558262773548
Data,4080,0.0,0.0,1918.71,757.522970987809,0.0,460.69,0.0,527.6,0,0,0,2907,-757.522970987809
Data,4081,0.0,0.0,1777.68,840.3459375074324,0.0,517.72,0.0,527.6,0,0,0,2823,-840.3459375074325
Data,4082,0.0,0.0,1707.01,735.700073508516,0.0,497.59,0.0,524.4,0,0,0,2729,-735.700073508516
Data,4083,0.0,0.0,1796.27,768.2497861672418,0.0,512.13,0.0,527.6,0,0,0,2836,-768.2497861672418
Data,4084,0.0,0.0,1975.6499999999999,178.9061759363883,0.0,519.95,0.0,524.4,0,0,0,3020,-178.9061759363882
Data,4085,0.0,0.0,1701.310540181221,0.0,223.13945981877896,623.95,0.0,527.6,0,0,0,3076,223.13945981877885
Data,4086,0.0,0.0,1841.55,53.98438732580871,0.0,587.05,0.0,524.4,0,0,0,2953,-53.9843873258086
Data,4087,47.25756382753456,0.0,1518.8916021651114,0.0,340.32083400735405,462.93,0.0,527.6,0,0,0,2897,340.3208340073542
Data,4088,303.91817888200285,0.0,1624.761821117997,14.728727285160858,0.0,443.92,0.0,524.4,0,0,0,2897,-14.728727285160687
Data,4089,604.0180930607296,0.0,1478.6719069392705,15.755172510476541,0.0,424.91,0.0,524.4,0,0,0,3032,-15.75517251047637
Data,4090,721.283385167746,283.7048067329172,1552.676614832254,0.0,0.0,420.44,0.0,527.6,0,0,0,3222,-283.704806732917
Data,4091,773.7573971502984,564.5182288500328,1663.8926028497017,0.0,0.0,377.95,0.0,524.4,0,0,0,3340,-564.5182288500328
Data,4092,726.7202286075242,898.8667400653555,1717.869771392476,0.0,0.0,388.01,0.0,524.4,0,0,0,3357,-898.8667400653557
Data,4093,610.066895589352,1150.8854025640583,1802.5031044106481,0.0,0.0,376.83,0.0,527.6,0,0,0,3317,-1150.8854025640585
Data,4094,215.37997305081353,1507.2589155799967,2063.9800269491866,0.0,0.0,445.04,0.0,527.6,0,0,0,3252,-1507.258915579997
Data,4095,229.68100652141266,1209.4648041401256,1966.0089934785874,0.0,0.0,498.71,0.0,527.6,0,0,0,3222,-1209.4648041401256
Data,4096,502.4881569560373,557.3941281787127,1646.111843043963,0.0,0.0,565.8,0.0,527.6,0,0,0,3242,-557.394128178713
Data,4097,638.4870853820858,0.0,1489.5929146179142,395.4088762534184,0.0,665.32,0.0,527.6,0,0,0,3321,-395.4088762534184
Data,4098,24.168298772984144,205.686005864648,2229.2817012270157,0.0,0.0,716.75,0.0,530.8,0,0,0,3501,-205.68600586464777
Data,4099,7.662681904519992,0.0,2307.03731809548,490.891341891318,0.0,725.7,0.0,527.6,0,0,0,3568,-490.8913418913179
Data,4100,0.0,0.0,2278.66,553.8024837223834,0.0,678.74,0.0,527.6,0,0,0,3485,-553.8024837223833
Data,4101,0.0,0.0,2200.0899999999997,83.37718742457719,0.0,597.11,0.0,530.8,0,0,0,3328,-83.37718742457685
Data,4102,0.0,0.0,2075.9700000000003,207.54224900190093,0.0,524.43,0.0,527.6,0,0,0,3128,-207.54224900190115
Data,4103,0.0,0.0,1880.8964317720379,0.0,31.84356822796235,526.66,0.0,527.6,0,0,0,2967,31.843568227962123
Data,4104,0.0,0.0,1801.9700000000003,159.18012166047674,0.0,524.43,0.0,527.6,0,0,0,2854,-159.18012166047697
Data,4105,0.0,0.0,1680.22,738.508146863013,0.0,503.18,0.0,527.6,0,0,0,2711,-738.508146863013
Data,4106,0.0,0.0,1579.11,749.4400912040571,0.0,534.49,0.0,524.4,0,0,0,2638,-749.440091204057
Data,4107,0.0,0.0,1694.2199999999998,1097.7707625486405,0.0,552.38,0.0,524.4,0,0,0,2771,-1097.7707625486403
Data,4108,0.0,0.0,1739.5,804.6732317374472,0.0,651.9,0.0,527.6,0,0,0,2919,-804.6732317374472
Data,4109,0.0,0.0,1854.37,670.8086646686579,0.0,598.23,0.0,524.4,0,0,0,2977,-670.8086646686578
Data,4110,0.0,0.0,1794.85,587.1844199852899,0.0,574.75,0.0,524.4,0,0,0,2894,-587.1844199852898
Data,4111,43.41314662629074,0.0,1812.9568533737095,47.30203413003869,0.0,549.03,0.0,527.6,0,0,0,2933,-47.302034130038805
Data,4112,294.97402457706823,0.0,1564.5942847126191,0.0,394.1116907103125,566.92,0.0,173.4,0,0,0,2994,394.1116907103128
Data,4113,592.5109939549657,0.0,1329.230934226753,0.0,176.768071818281,559.09,0.0,524.4,0,0,0,3182,176.76807181828121
Data,4114,965.3933099776486,0.0,1377.8608274042053,0.0,296.8658626181459,589.28,0.0,176.6,0,0,0,3406,296.865862618146
Data,4115,1227.179814633775,0.0,920.5002956697472,0.0,222.79988969647775,616.12,0.0,524.4,0,0,0,3511,222.79988969647775
Data,4116,1070.1079118400992,0.0,971.6168294384333,0.0,347.57525872146766,627.3,0.0,524.4,0,0,0,3541,347.5752587214673
Data,4117,784.051889069998,0.0,1501.3715496611055,0.0,387.68656126889664,608.29,0.0,176.6,0,0,0,3458,387.68656126889675
Data,4118,675.519022504271,0.0,1267.555214966403,0.0,437.73576252932594,620.59,0.0,527.6,0,0,0,3529,437.73576252932594
Data,4119,545.2795826253988,0.0,1224.6912254798588,0.0,921.7391918947425,657.49,0.0,179.8,0,0,0,3529,921.7391918947426
Data,4120,478.8783902855481,0.0,1675.0033922623472,0.0,101.16821745210484,722.35,0.0,527.6,0,0,0,3505,101.16821745210473
Data,4121,407.35130834403896,0.0,1826.6943648769684,0.0,51.114326778992506,740.24,0.0,527.6,0,0,0,3553,51.11432677899268
Data,4122,162.17163989736682,0.0,1758.2744905113148,0.0,447.00386959131833,746.95,0.0,527.6,0,0,0,3642,447.00386959131845
Data,4123,8.9441543049346,0.0,2163.7326817669496,0.0,167.39316392811543,758.13,0.0,530.8,0,0,0,3629,167.39316392811577
Data,4124,2.5629448008292126,0.0,2212.8870551991704,141.4881886321491,0.0,746.95,0.0,527.6,0,0,0,3490,-141.488188632149
Data,4125,2.5629448008292126,0.0,2006.2870551991707,314.29612636881143,0.0,741.35,0.0,530.8,0,0,0,3281,-314.29612636881154
Data,4126,1.2814724004146063,0.0,1835.5285275995852,340.6594053170852,0.0,743.59,0.0,527.6,0,0,0,3108,-340.6594053170852
Data,4127,0.0,0.0,1638.4299999999998,396.82300286494046,0.0,754.77,0.0,530.8,0,0,0,2924,-396.82300286494024
Data,4128,0.0,0.0,1505.21,402.96947378854475,0.0,768.19,0.0,527.6,0,0,0,2801,-402.96947378854486
Data,4129,0.0,0.0,1381.15,692.3002124011832,0.0,759.25,0.0,527.6,0,0,0,2668,-692.3002124011833
Data,4130,0.0,0.0,1328.38,597.4101808271043,0.0,776.02,0.0,527.6,0,0,0,2632,-597.4101808271045
Data,4131,0.0,0.0,1459.1499999999999,581.8539255119049,0.0,808.45,0.0,524.4,0,0,0,2792,-581.8539255119048
Data,4132,0.0,0.0,2106.05,252.4860775875909,0.0,845.35,0.0,25.6,0,0,0,2977,-252.4860775875911
Data,4133,0.0,0.0,2135.23,211.8027033786818,0.0,853.17,0.0,25.6,0,0,0,3014,-211.80270337868157
Data,4134,0.0,0.0,2075.02,171.54129418189268,0.0,847.58,0.0,22.4,0,0,0,2945,-171.5412941818927
Data,4135,47.25756382753456,0.0,2132.6824361724657,92.3722875754438,0.0,846.46,0.0,25.6,0,0,0,3052,-92.37228757544389
Data,4136,58.51602663790027,319.4660264884733,2201.8739733621,0.0,0.0,880.01,0.0,25.6,0,0,0,3166,-319.46602648847363
Data,4137,0.0,819.8285062897362,2428.03,115.4474272901603,0.0,902.37,0.0,25.6,0,0,0,3356,-935.2759335798967
Data,4138,-0.0,1348.4751002077128,2590.0099999999998,197.00395906933272,0.0,866.59,0.0,22.4,0,0,0,3479,-1545.4790592770453
Data,4139,-0.0,1717.5391515271194,2561.8500000000004,73.97133680639752,0.0,894.55,0.0,25.6,0,0,0,3482,-1791.5104883335173
Data,4140,-0.0,1795.4212904747665,2369.95,632.8619005555296,0.0,901.25,0.0,28.8,0,0,0,3300,-2428.283191030296
Data,4141,-0.0,1534.9162582190543,2157.75,1023.968220949881,0.0,857.65,0.0,25.6,0,0,0,3041,-2558.8844791689353
Data,4142,-0.0,1167.1598317980302,2282.7299999999996,1194.1552768216193,0.0,865.47,0.0,28.8,0,0,0,3177,-2361.315108619649
Data,4143,0.0,890.0479633328632,2284.37,1176.004058914357,0.0,868.83,0.0,28.8,0,0,0,3182,-2066.0520222472205
Data,4144,706.1697501223509,0.0,1666.5302498776489,1863.9509586642819,0.0,848.7,0.0,25.6,0,0,0,3247,-1863.9509586642814
Data,4145,0.0,450.7644549703298,2489.0499999999997,1061.7838102441742,0.0,815.15,0.0,179.8,0,0,0,3484,-1512.548265214504
Data,4146,231.13577703804677,0.0,1986.7842229619532,1435.3398240043584,0.0,835.28,0.0,530.8,0,0,0,3584,-1435.3398240043584
Data,4147,10.225626705349207,0.0,2309.834373294651,1027.7221130176117,0.0,826.34,0.0,527.6,0,0,0,3674,-1027.7221130176117
Data,4148,0.0,0.0,2177.87,1023.2180032099236,0.0,807.33,0.0,530.8,0,0,0,3516,-1023.2180032099235
Data,4149,0.0,0.0,1996.5899999999997,1061.5519007095395,0.0,781.61,0.0,530.8,0,0,0,3309,-1061.551900709539
Data,4150,0.0,0.0,1814.5099999999998,978.2733351045849,0.0,706.69,0.0,530.8,0,0,0,3052,-978.2733351045847
Data,4151,0.0,0.0,1679.95,984.2098001490078,0.0,685.45,0.0,527.6,0,0,0,2893,-984.209800149008
Data,4152,0.0,0.0,1561.2299999999998,1141.8058585640922,0.0,680.97,0.0,530.8,0,0,0,2773,-1141.805858564092
Data,4153,0.0,0.0,1451.4900000000002,991.4276147325836,0.0,670.91,0.0,527.6,0,0,0,2650,-991.4276147325838
Data,4154,0.0,0.0,1425.4900000000002,1172.8394689911802,0.0,670.91,0.0,527.6,0,0,0,2624,-1172.8394689911804
Data,4155,0.0,0.0,1525.81,1049.3164928583888,0.0,669.79,0.0,524.4,0,0,0,2720,-1049.3164928583888
Data,4156,0.0,0.0,1723.08,810.7626058764768,0.0,665.32,0.0,527.6,0,0,0,2916,-810.7626058764768
Data,4157,0.0,0.0,1809.9,825.2754843504108,0.0,676.5,0.0,527.6,0,0,0,3014,-825.2754843504109
Data,4158,0.0,0.0,1766.5500000000002,985.5550978947654,0.0,660.85,0.0,527.6,0,0,0,2955,-985.5550978947656
Data,4159,0.0,43.41314662629074,1824.9499999999998,785.6906961239015,0.0,630.65,0.0,524.4,0,0,0,2980,-829.1038427501919
Data,4160,283.4930779692721,0.0,2108.556922030728,503.14626554610277,0.0,599.35,0.0,176.6,0,0,0,3168,-503.146265546103
Data,4161,133.15995387604244,381.4689011312764,2547.9650461239576,0.0,0.0,559.09,0.0,176.785,0,0,0,3417,-381.4689011312762
Data,4162,713.8324320268711,0.0,1697.087567973129,751.5297786847291,0.0,564.68,0.0,524.4,0,0,0,3500,-751.5297786847291
Data,4163,840.253607202467,0.0,1488.0263927975327,1383.8269126631474,0.0,566.92,0.0,530.8,0,0,0,3426,-1383.8269126631467
Data,4164,928.3613728554633,0.0,1725.3386271445365,1128.502558728445,0.0,553.5,0.0,179.8,0,0,0,3387,-1128.5025587284447
Data,4165,0.0,855.5789710115071,2483.8399999999997,960.8430226397841,0.0,514.36,0.0,179.8,0,0,0,3178,-1816.4219936512907
Data,4166,652.5309767907111,0.0,1489.1190232092886,2013.4211793168674,0.0,544.55,0.0,530.8,0,0,0,3217,-2013.421179316867
Data,4167,431.6208264580135,0.0,1707.0791735419864,1999.3564376461698,0.0,553.5,0.0,530.8,0,0,0,3223,-1999.3564376461698
Data,4168,0.0,251.56087795077752,2168.1499999999996,1089.9900244833593,0.0,587.05,0.0,530.8,0,0,0,3286,-1341.5509024341363
Data,4169,131.52091227928685,0.0,2202.0190877207133,906.8458190308716,0.0,649.66,0.0,530.8,0,0,0,3514,-906.8458190308714
Data,4170,51.07582853081073,0.0,2367.624171469189,320.8426633118129,0.0,676.5,0.0,530.8,0,0,0,3626,-320.84266331181266
Data,4171,1.2814724004146063,0.0,2486.708527599585,23.62286994140368,0.0,683.21,0.0,530.8,0,0,0,3702,-23.62286994140345
Data,4172,0.0,0.0,2359.95,332.5199905629047,0.0,655.25,0.0,530.8,0,0,0,3546,-332.51999056290447
Data,4173,0.0,0.0,2192.7299999999996,608.6491448723523,0.0,619.47,0.0,530.8,0,0,0,3343,-608.6491448723518
Data,4174,0.0,0.0,2042.1499999999999,841.9670858561456,0.0,587.05,0.0,530.8,0,0,0,3160,-841.9670858561453
Data,4175,0.0,0.0,1904.13,533.5018729048534,0.0,570.27,0.0,527.6,0,0,0,3002,-533.5018729048535
Data,4176,0.0,0.0,1787.9999999999998,531.2027104729989,0.0,541.2,0.0,530.8,0,0,0,2860,-531.2027104729987
Data,4177,0.0,0.0,1695.3500000000001,526.4179113971697,0.0,464.05,0.0,527.6,0,0,0,2687,-526.41791139717
Data,4178,0.0,0.0,1655.8300000000002,783.9360411325586,0.0,459.57,0.0,527.6,0,0,0,2643,-783.9360411325588
Data,4179,0.0,0.0,1764.3500000000001,455.57568098080515,0.0,483.05,0.0,527.6,0,0,0,2775,-455.5756809808053
Data,4180,0.0,0.0,1885.77,157.70838125155797,0.0,573.63,0.0,527.6,0,0,0,2987,-157.70838125155797
Data,4181,0.0,0.0,1894.2200000000003,171.36198304095842,0.0,626.18,0.0,527.6,0,0,0,3048,-171.36198304095865
Data,4182,0.0,0.0,1855.3500000000001,383.4433878732127,0.0,587.05,0.0,527.6,0,0,0,2970,-383.4433878732128
Data,4183,44.694619026705354,0.0,1827.8553809732948,406.5834612945214,0.0,537.85,0.0,527.6,0,0,0,2938,-406.5834612945216
Data,4184,0.0,358.83842461405743,2429.11,112.99041115317914,0.0,485.29,0.0,25.6,0,0,0,2940,-471.82883576723697
Data,4185,876.0040719242378,0.0,1775.6059280757618,747.2218894808311,0.0,472.99,0.0,22.4,0,0,0,3147,-747.2218894808308
Data,4186,1412.3395002447019,0.0,1458.4304997552981,1015.6878282812768,0.0,450.63,0.0,25.6,0,0,0,3347,-1015.6878282812768
Data,4187,1819.690808588741,0.0,1069.2591914112593,1375.43031760489,0.0,439.45,0.0,25.6,0,0,0,3354,-1375.4303176048902
Data,4188,406.02054322403137,1642.2430976019273,2538.1094567759687,0.0,0.0,447.27,0.0,25.6,0,0,0,3417,-1642.2430976019273
Data,4189,18.389250772104788,2043.9182814624792,2733.900749227895,0.0,0.0,424.91,0.0,28.8,0,0,0,3206,-2043.9182814624792
Data,4190,1989.5251303906275,0.0,852.1848696093725,1815.9015382540579,0.0,460.69,0.0,25.6,0,0,0,3328,-1815.9015382540579
Data,4191,75.4918901517135,1696.9413546094931,2781.828109848286,0.0,0.0,490.88,0.0,28.8,0,0,0,3377,-1696.941354609493
Data,4192,61.37078410869481,1343.306034231487,2805.679215891305,0.0,0.0,550.15,0.0,28.8,0,0,0,3446,-1343.3060342314868
Data,4193,827.4911881942564,0.0,1960.7588118057436,853.4434816663131,0.0,623.95,0.0,179.8,0,0,0,3592,-853.4434816663129
Data,4194,137.4132234572021,135.85422780672081,2679.896776542798,0.0,0.0,682.09,0.0,176.6,0,0,0,3676,-135.85422780672067
Data,4195,6.381209504105387,0.0,1953.29902971358,0.0,884.5497607823143,680.97,0.0,179.8,0,0,0,3705,884.5497607823147
Data,4196,0.0,0.0,1970.986712906803,0.0,815.283287093197,585.93,0.0,179.8,0,0,0,3552,815.283287093197
Data,4197,0.0,0.0,1742.0270358391074,0.0,885.2129641608924,538.96,0.0,179.8,0,0,0,3346,885.2129641608926
Data,4198,0.0,0.0,1712.7918947263765,0.0,737.0681052736236,506.54,0.0,176.6,0,0,0,3133,737.0681052736235
Data,4199,0.0,0.0,1836.5531636397843,0.0,502.9468363602157,479.7,0.0,179.8,0,0,0,2999,502.9468363602157
Data,4200,0.0,0.0,1745.1769825663744,0.0,491.67301743362555,495.35,0.0,179.8,0,0,0,2912,491.6730174336256
Data,4201,0.0,0.0,1754.07,21.425512074234803,0.0,487.53,0.0,524.4,0,0,0,2766,-21.42551207423469
Data,4202,0.0,0.0,1751.24,364.2052728981705,0.0,465.16,0.0,527.6,0,0,0,2744,-364.20527289817056
Data,4203,0.0,0.0,1878.42,243.66991094301284,0.0,453.98,0.0,527.6,0,0,0,2860,-243.66991094301295
Data,4204,0.0,0.0,2032.3019680693228,0.0,18.768031930676898,487.53,0.0,524.4,0,0,0,3063,18.76803193067724
Data,4205,0.0,0.0,2026.5091750160261,0.0,16.27082498397408,554.62,0.0,527.6,0,0,0,3125,16.270824983973853
Data,4206,0.0,0.0,1785.8513427566504,0.0,174.5286572433497,530.02,0.0,527.6,0,0,0,3018,174.52865724334958
Data,4207,47.25756382753456,0.0,1815.995359690015,0.0,82.6870764824505,526.66,0.0,524.4,0,0,0,2997,82.68707648245072
Data,4208,401.0416783383537,71.42934994512132,1658.8283216616462,0.0,0.0,487.53,0.0,527.6,0,0,0,3075,-71.42934994512109
Data,4209,850.0454412069505,294.1263448775194,1443.4245587930493,0.0,0.0,512.13,0.0,524.4,0,0,0,3330,-294.1263448775194
Data,4210,1064.138317899148,584.4366964872916,1361.301682100852,0.0,0.0,538.96,0.0,527.6,0,0,0,3492,-584.4366964872917
Data,4211,1925.6868828516065,0.0,461.54311714839355,1006.9269960214488,0.0,607.17,0.0,527.6,0,0,0,3522,-1006.9269960214488
Data,4212,613.3465867372634,1132.2803476071067,1752.7134132627366,0.0,0.0,629.54,0.0,524.4,0,0,0,3520,-1132.2803476071067
Data,4213,1471.0780106800328,0.0,767.1119893199673,711.6235016031185,0.0,609.41,0.0,524.4,0,0,0,3372,-711.6235016031185
Data,4214,440.6003180037426,875.9687346834432,1784.2896819962573,0.0,0.0,646.31,0.0,530.8,0,0,0,3402,-875.968734683443
Data,4215,415.8895436474106,824.0526899945753,1820.9004563525893,0.0,0.0,658.61,0.0,527.6,0,0,0,3423,-824.0526899945751
Data,4216,137.5222724840105,855.9588203108888,2032.3277275159894,0.0,0.0,722.35,0.0,530.8,0,0,0,3423,-855.9588203108887
Data,4217,638.4870853820858,0.0,1495.9929146179143,791.6607371030027,0.0,812.92,0.0,527.6,0,0,0,3475,-791.6607371030027
Data,4218,223.47309513352678,0.0,1972.4269048664728,130.96308465090578,0.0,873.3,0.0,530.8,0,0,0,3600,-130.96308465090533
Data,4219,3.8182647032761734,0.0,2147.2217352967236,135.13693485673957,0.0,883.36,0.0,527.6,0,0,0,3562,-135.13693485673957
Data,4220,0.0,0.0,2052.3199999999997,232.121885431377,0.0,859.88,0.0,530.8,0,0,0,3443,-232.12188543137665
Data,4221,0.0,0.0,1934.06,724.1191781065913,0.0,826.34,0.0,527.6,0,0,0,3288,-724.1191781065913
Data,4222,0.0,0.0,1779.9799999999998,481.47621613568225,0.0,825.22,0.0,530.8,0,0,0,3136,-481.4762161356821
Data,4223,0.0,0.0,1650.44,457.42544162463264,0.0,784.96,0.0,527.6,0,0,0,2963,-457.42544162463275
Data,4224,0.0,0.0,1818.6645999999998,252.68520103950448,0.0,780.49,0.0,282.8454,0,0,0,2882,-252.6852010395042
Data,4225,0.0,0.0,1803.45,433.957806107863,0.0,765.95,0.0,176.6,0,0,0,2746,-433.9578061078631
Data,4226,0.0,0.0,1429.71,844.5665180913015,0.0,755.89,0.0,524.4,0,0,0,2710,-844.5665180913015
Data,4227,0.0,0.0,1503.6299999999999,697.7989804127471,0.0,803.97,0.0,524.4,0,0,0,2832,-697.798980412747
Data,4228,0.0,0.0,1664.04,449.29828747668216,0.0,809.56,0.0,524.4,0,0,0,2998,-449.29828747668205
Data,4229,0.0,0.0,1764.56,357.23162563113465,0.0,764.84,0.0,527.6,0,0,0,3057,-357.23162563113465
Data,4230,0.0,0.0,1682.17,417.30590074834936,0.0,770.43,0.0,524.4,0,0,0,2977,-417.30590074834936
Data,4231,45.976091427119954,0.0,1672.84390857288,473.54340579688596,0.0,773.78,0.0,524.4,0,0,0,3017,-473.5434057968861
Data,4232,0.0,483.9781273892388,2153.41,162.55180444730468,0.0,768.19,0.0,173.4,0,0,0,3095,-646.5299318365431
Data,4233,-0.0,1215.6727155280114,2325.9700000000003,577.6162141745237,0.0,770.43,0.0,176.6,0,0,0,3273,-1793.2889297025351
Data,4234,-0.0,1748.1898791451995,2485.25,332.59891079836206,0.0,796.15,0.0,176.6,0,0,0,3458,-2080.7887899435614
Data,4235,149.19171835522775,2022.9563053434654,2329.1882816447724,0.0,0.0,825.22,0.0,173.4,0,0,0,3477,-2022.9563053434656
Data,4236,-0.0,2343.2638179009946,2539.48,174.6556082194973,0.0,812.92,0.0,25.6,0,0,0,3378,-2517.919426120492
Data,4237,-0.0,2325.375509291125,2414.8799999999997,730.097104875739,0.0,788.32,0.0,28.8,0,0,0,3232,-3055.4726141668634
Data,4238,-0.0,2218.097962627845,2371.1800000000003,1031.3170172265577,0.0,825.22,0.0,25.6,0,0,0,3222,-3249.414979854403
Data,4239,-0.0,1955.0561380692716,2320.25,1153.8380121189177,0.0,888.95,0.0,28.8,0,0,0,3238,-3108.894150188189
Data,4240,-0.0,1495.3475287940073,2220.42,1465.263545831715,0.0,896.78,0.0,28.8,0,0,0,3146,-2960.6110746257223
Data,4241,0.0,888.7664909324485,2285.5899999999997,1525.4951747866353,0.0,904.61,0.0,28.8,0,0,0,3219,-2414.2616657190833
Data,4242,287.3113426725482,0.0,2184.9286573274517,1388.0565992195775,0.0,907.96,0.0,28.8,0,0,0,3409,-1388.0565992195773
Data,4243,5.09973710369078,0.0,2572.8702628963097,326.9105706825626,0.0,893.43,0.0,25.6,0,0,0,3497,-326.9105706825628
Data,4244,0.0,0.0,2462.43,420.31521262902606,0.0,877.77,0.0,28.8,0,0,0,3369,-420.3152126290259
Data,4245,0.0,0.0,2287.85,1102.6839827128838,0.0,845.35,0.0,28.8,0,0,0,3162,-1102.6839827128838
Data,4246,0.0,0.0,2141.46,1280.247561956463,0.0,801.74,0.0,28.8,0,0,0,2972,-1280.247561956463
Data,4247,0.0,0.0,2032.44,1448.1582822287596,0.0,784.96,0.0,25.6,0,0,0,2843,-1448.1582822287596
Data,4248,0.0,0.0,1827.2499999999998,1352.601056975455,0.0,765.95,0.0,179.8,0,0,0,2773,-1352.6010569754549
Data,4249,0.0,0.0,1693.6100000000001,1416.0766877518508,0.0,792.79,0.0,176.6,0,0,0,2663,-1416.0766877518508
Data,4250,0.0,0.0,1613.7600000000002,1339.547542598944,0.0,838.64,0.0,176.6,0,0,0,2629,-1339.5475425989441
Data,4251,0.0,0.0,1770.81,1074.922896100355,0.0,792.79,0.0,173.4,0,0,0,2737,-1074.922896100355
Data,4252,0.0,0.0,1901.71,826.4390156934373,0.0,829.69,0.0,176.6,0,0,0,2908,-826.4390156934375
Data,4253,0.0,0.0,1953.18,436.27589771344196,0.0,825.22,0.0,176.6,0,0,0,2955,-436.2758977134421
Data,4254,0.0,0.0,1856.5,147.86702656558418,0.0,774.9,0.0,176.6,0,0,0,2808,-147.86702656558415
Data,4255,42.13167422587614,0.0,1623.7114683278114,0.0,78.30685744631253,759.25,0.0,176.6,0,0,0,2680,78.30685744631265
Data,4256,84.27272552011414,356.292255242834,1765.9572744798859,0.0,0.0,779.37,0.0,22.4,0,0,0,2652,-356.2922552428338
Data,4257,179.38326534239195,916.2756370120965,1622.9967346576082,0.0,0.0,776.02,0.0,25.6,0,0,0,2604,-916.2756370120966
Data,4258,540.4683368253816,1005.9550204994364,1399.6116631746183,0.0,0.0,788.32,0.0,25.6,0,0,0,2754,-1005.9550204994364
Data,4259,284.637351848093,1402.2510720609466,1702.482648151907,0.0,0.0,761.48,0.0,22.4,0,0,0,2771,-1402.2510720609466
Data,4260,589.491063763094,1133.1478248677163,1481.2689362369063,0.0,0.0,715.64,0.0,25.6,0,0,0,2812,-1133.1478248677165
Data,4261,277.2164652853355,1296.0132024563188,1797.8535347146646,0.0,0.0,684.33,0.0,25.6,0,0,0,2785,-1296.013202456319
Data,4262,1426.3833916533274,0.0,668.9766083466727,1260.886756835816,0.0,691.04,0.0,25.6,0,0,0,2812,-1260.886756835816
Data,4263,1165.8783593976154,0.0,895.5716406023844,590.8730009002234,0.0,716.75,0.0,28.8,0,0,0,2807,-590.8730009002231
Data,4264,707.8319594175382,28.988518322892787,1386.2580405824615,0.0,0.0,720.11,0.0,28.8,0,0,0,2843,-28.988518322892265
Data,4265,0.0,343.5130608050174,1743.1000000000001,33.84047926842186,0.0,750.3,0.0,527.6,0,0,0,3021,-377.3535400734396
Data,4266,88.1077656529961,0.0,1895.2522343470037,383.7043863005656,0.0,764.84,0.0,530.8,0,0,0,3279,-383.70438630056526
Data,4267,0.0,0.0,2048.0499999999997,222.3531992532894,0.0,815.15,0.0,530.8,0,0,0,3394,-222.35319925328906
Data,4268,0.0,0.0,1976.5899999999997,305.10891289598294,0.0,781.61,0.0,530.8,0,0,0,3289,-305.1089128959826
Data,4269,0.0,0.0,1900.87,399.8012462964314,0.0,684.33,0.0,530.8,0,0,0,3116,-399.8012462964315
Data,4270,0.0,0.0,1739.96,330.7476948201943,0.0,666.44,0.0,527.6,0,0,0,2934,-330.7476948201944
Data,4271,0.0,0.0,1553.52,379.8055253852608,0.0,687.68,0.0,530.8,0,0,0,2772,-379.8055253852607
Data,4272,0.0,0.0,1461.1599999999999,486.44925497841245,0.0,691.04,0.0,530.8,0,0,0,2683,-486.4492549784122
Data,4273,0.0,0.0,1342.3600000000001,559.3783216971872,0.0,691.04,0.0,527.6,0,0,0,2561,-559.3783216971873
Data,4274,0.0,0.0,1310.85,573.3105220790044,0.0,697.75,0.0,524.4,0,0,0,2533,-573.3105220790043
Data,4275,0.0,0.0,1467.0100000000002,257.3753313169693,0.0,694.39,0.0,527.6,0,0,0,2689,-257.37533131696955
Data,4276,0.0,0.0,1541.9247146915525,0.0,141.9752853084476,676.5,0.0,527.6,0,0,0,2888,141.9752853084475
Data,4277,0.0,0.0,1355.782063486867,0.0,383.5779365131332,691.04,0.0,527.6,0,0,0,2958,383.57793651313307
Data,4278,0.0,0.0,1169.7896358479795,0.0,506.25036415202044,686.56,0.0,524.4,0,0,0,2887,506.25036415202055
Data,4279,31.93220001849458,0.0,768.1531057749625,0.0,948.3446942065431,680.97,0.0,527.6,0,0,0,2957,948.3446942065427
Data,4280,369.037898821439,0.0,540.6154491230247,0.0,1263.716652055536,672.03,0.0,176.6,0,0,0,3022,1263.7166520555365
Data,4281,817.2655614889071,0.0,954.754044249554,0.0,207.18039426153905,664.2,0.0,527.6,0,0,0,3171,207.1803942615387
Data,4282,1098.19569465735,0.0,774.1042492533109,0.0,230.820056089339,638.48,0.0,524.4,0,0,0,3266,230.82005608933912
Data,4283,1256.3981741973903,26.957206070886514,922.59182580261,0.0,0.0,609.41,0.0,527.6,0,0,0,3316,-26.95720607088674
Data,4284,1264.2117517559604,0.0,1203.188891830499,0.0,145.88935641354055,597.11,0.0,176.6,0,0,0,3387,145.88935641354058
Data,4285,1005.3544713431177,253.7575433091522,1488.0255286568824,0.0,0.0,579.22,0.0,173.4,0,0,0,3246,-253.75754330915234
Data,4286,1169.7227765988591,0.0,1060.6272234011412,609.5661930202903,0.0,587.05,0.0,527.6,0,0,0,3345,-609.5661930202906
Data,4287,294.1792300462546,742.7150093749353,1940.2707699537452,0.0,0.0,593.75,0.0,530.8,0,0,0,3359,-742.7150093749351
Data,4288,735.5390053400164,0.0,1555.2709946599834,888.0481974138315,0.0,620.59,0.0,527.6,0,0,0,3439,-888.0481974138315
Data,4289,392.025944534999,0.0,2045.844055465001,316.4768186462484,0.0,684.33,0.0,530.8,0,0,0,3653,-316.47681864624826
Data,4290,100.87018466120688,0.0,2395.2798153387926,268.3103444169924,0.0,729.05,0.0,530.8,0,0,0,3756,-268.31034441699194
Data,4291,0.0,0.0,2493.04,92.18323995576208,0.0,760.36,0.0,527.6,0,0,0,3781,-92.18323995576202
Data,4292,0.0,0.0,2313.72,330.4339972369389,0.0,761.48,0.0,530.8,0,0,0,3606,-330.4339972369387
Data,4293,1.2814724004146063,0.0,2148.4685275995853,812.367290013683,0.0,685.45,0.0,530.8,0,0,0,3366,-812.367290013683
Data,4294,0.0,0.0,1941.35,836.9823851906904,0.0,660.85,0.0,530.8,0,0,0,3133,-836.9823851906903
Data,4295,0.0,0.0,1814.7799999999997,1051.1141018460362,0.0,628.42,0.0,530.8,0,0,0,2974,-1051.1141018460357
Data,4296,0.0,0.0,1731.5700000000002,646.1748165114545,0.0,622.83,0.0,527.6,0,0,0,2882,-646.1748165114548
Data,4297,0.0,0.0,1582.5700000000002,1160.777734272674,0.0,622.83,0.0,527.6,0,0,0,2733,-1160.7777342726743
Data,4298,0.0,0.0,1564.39,895.8885128358633,0.0,634.01,0.0,527.6,0,0,0,2726,-895.8885128358633
Data,4299,0.0,0.0,1681.63,701.3566959441482,0.0,631.77,0.0,527.6,0,0,0,2841,-701.3566959441483
Data,4300,0.0,0.0,1873.04,599.1574145121749,0.0,637.36,0.0,527.6,0,0,0,3038,-599.1574145121749
Data,4301,0.0,0.0,1922.82,918.4066445185906,0.0,650.78,0.0,524.4,0,0,0,3098,-918.4066445185905
Data,4302,0.0,0.0,1823.39,718.0470664780585,0.0,634.01,0.0,527.6,0,0,0,2985,-718.0470664780586
Data,4303,24.269518113974584,0.0,1836.4004818860255,33.342889798500664,0.0,585.93,0.0,524.4,0,0,0,2971,-33.34288979850089
Data,4304,242.46213175944217,93.38824714105527,1619.377868240558,0.0,0.0,563.56,0.0,527.6,0,0,0,2953,-93.38824714105556
Data,4305,867.0599176193032,0.0,1254.5100823806965,203.08931064617764,0.0,549.03,0.0,524.4,0,0,0,3195,-203.0893106461773
Data,4306,692.5523975994859,742.7751483587763,1556.2976024005145,0.0,0.0,544.55,0.0,527.6,0,0,0,3321,-742.7751483587766
Data,4307,405.3399751509726,1443.720088655434,1882.6300248490277,0.0,0.0,524.43,0.0,527.6,0,0,0,3340,-1443.7200886554342
Data,4308,683.4267692054448,1335.4676164028485,1649.683230794555,0.0,0.0,534.49,0.0,524.4,0,0,0,3392,-1335.4676164028483
Data,4309,448.3613494568924,1622.8903370826258,1738.0886505431074,0.0,0.0,519.95,0.0,527.6,0,0,0,3234,-1622.8903370826256
Data,4310,476.59667183533656,1581.892595695971,1881.3233281646635,0.0,0.0,515.48,0.0,527.6,0,0,0,3401,-1581.892595695971
Data,4311,311.90857645901633,1484.7941864161648,2077.8014235409837,0.0,0.0,534.49,0.0,530.8,0,0,0,3455,-1484.7941864161648
Data,4312,12.596188151192564,1311.6355464405133,2385.1638118488077,0.0,0.0,592.64,0.0,527.6,0,0,0,3518,-1311.6355464405135
Data,4313,720.2136415309765,0.0,1714.6363584690234,894.4637346442519,0.0,722.35,0.0,530.8,0,0,0,3688,-894.4637346442518
Data,4314,0.0,167.2713770010576,2498.31,288.6694264504049,0.0,755.89,0.0,530.8,0,0,0,3785,-455.94080345146256
Data,4315,11.480946607796167,0.0,2438.549053392204,231.5244337099548,0.0,779.37,0.0,527.6,0,0,0,3757,-231.52443370995502
Data,4316,3.8182647032761734,0.0,2299.4317352967237,394.4505207188181,0.0,746.95,0.0,530.8,0,0,0,3581,-394.4505207188181
Data,4317,0.0,0.0,2212.3199999999997,400.02912790030086,0.0,613.88,0.0,530.8,0,0,0,3357,-400.0291279003005
Data,4318,0.0,0.0,2031.95,438.1227494687025,0.0,562.45,0.0,527.6,0,0,0,3122,-438.12274946870264
Data,4319,0.0,0.0,1848.9299999999998,1077.9647260388183,0.0,570.27,0.0,530.8,0,0,0,2950,-1077.964726038818
Data,4320,0.0,0.0,1769.1099999999997,944.2317643033228,0.0,559.09,0.0,530.8,0,0,0,2859,-944.2317643033226
Data,4321,0.0,0.0,1639.9299999999998,830.0682220583199,0.0,545.67,0.0,524.4,0,0,0,2710,-830.0682220583196
Data,4322,0.0,0.0,1573.0100000000002,794.0853172142561,0.0,571.39,0.0,527.6,0,0,0,2672,-794.0853172142563
Data,4323,0.0,0.0,1695.18,843.5288425421525,0.0,579.22,0.0,527.6,0,0,0,2802,-843.5288425421526
Data,4324,0.0,0.0,1834.7400000000002,508.6712391350752,0.0,649.66,0.0,527.6,0,0,0,3012,-508.67123913507544
Data,4325,0.0,0.0,1926.25,277.66815444140366,0.0,618.35,0.0,524.4,0,0,0,3069,-277.66815444140366
Data,4326,0.0,0.0,1854.8200000000002,391.63952977850295,0.0,601.58,0.0,527.6,0,0,0,2984,-391.6395297785032
Data,4327,21.70657331314537,0.0,1959.7934266868547,112.78165196419604,0.0,528.9,0.0,527.6,0,0,0,3038,-112.78165196419604
Data,4328,264.3232969589883,0.0,2128.9067030410115,56.15588469367731,0.0,533.37,0.0,173.4,0,0,0,3100,-56.15588469367688
Data,4329,374.1637884230974,0.0,1940.5162115769028,52.26252098724922,0.0,517.72,0.0,527.6,0,0,0,3360,-52.26252098724933
Data,4330,475.0339730843043,0.0,1898.5320680540535,0.0,139.06395886164228,508.77,0.0,527.6,0,0,0,3549,139.06395886164216
Data,4331,492.92228169417353,0.0,1988.168176971313,0.0,120.21014133451354,506.54,0.0,396.1594,0,0,0,3504,120.21014133451325
Data,4332,460.9900816756789,0.0,1766.7253507546857,0.0,569.7345675696357,500.95,0.0,176.6,0,0,0,3475,569.7345675696354
Data,4333,372.88231602268286,0.0,1816.0016962839136,0.0,418.96598769340346,470.75,0.0,173.4,0,0,0,3252,418.96598769340346
Data,4334,294.97402457706823,0.0,2078.0959754229316,68.27374913880521,0.0,487.53,0.0,524.4,0,0,0,3385,-68.27374913880487
Data,4335,227.29135983680294,0.0,2436.3400847363914,0.0,57.08855542680544,515.48,0.0,179.8,0,0,0,3416,57.088555426805385
Data,4336,168.55284940147217,0.0,2176.507150598528,334.69149833203846,0.0,580.34,0.0,527.6,0,0,0,3453,-334.69149833203846
Data,4337,114.9402285677999,0.0,2349.5297714322,22.645273812483993,0.0,659.73,0.0,530.8,0,0,0,3655,-22.645273812483765
Data,4338,54.92024573205456,0.0,2339.1625309989167,0.0,123.86722326902853,704.45,0.0,527.6,0,0,0,3750,123.86722326902884
Data,4339,1.2814724004146063,0.0,2507.398527599585,51.71294553707639,0.0,714.52,0.0,530.8,0,0,0,3754,-51.712945537076166
Data,4340,0.0,0.0,2354.77,189.13381323299973,0.0,696.63,0.0,527.6,0,0,0,3579,-189.13381323299973
Data,4341,0.0,0.0,2130.949417170872,0.0,110.10058282912762,569.15,0.0,530.8,0,0,0,3341,110.10058282912803
Data,4342,0.0,0.0,1967.5088563032223,0.0,117.15114369677765,506.54,0.0,530.8,0,0,0,3122,117.15114369677775
Data,4343,0.0,0.0,1917.104403105025,0.0,12.235596894975084,502.06,0.0,527.6,0,0,0,2959,12.23559689497489
Data,4344,0.0,0.0,1809.7799999999997,38.04187570368799,0.0,505.42,0.0,530.8,0,0,0,2846,-38.04187570368771
Data,4345,0.0,0.0,1672.22,647.0164473956755,0.0,503.18,0.0,527.6,0,0,0,2703,-647.0164473956754
Data,4346,0.0,0.0,1635.5100000000002,782.7064539720163,0.0,509.89,0.0,527.6,0,0,0,2673,-782.7064539720166
Data,4347,0.0,0.0,1762.5299999999997,559.5540220805933,0.0,521.07,0.0,524.4,0,0,0,2808,-559.5540220805931
Data,4348,0.0,0.0,1936.0900000000001,426.37396661702314,0.0,523.31,0.0,527.6,0,0,0,2987,-426.37396661702326
Data,4349,0.0,0.0,1979.3200000000002,311.2950472130642,0.0,540.08,0.0,527.6,0,0,0,3047,-311.29504721306444
Data,4350,0.0,0.0,1863.85,148.10652507525697,0.0,574.75,0.0,524.4,0,0,0,2963,-148.10652507525685
Data,4351,12.762419008210774,0.0,1610.2170865542178,0.0,266.4704944375714,500.95,0.0,527.6,0,0,0,2918,266.47049443757163
Data,4352,0.0,365.21963411816284,2025.5700000000002,49.01603539019516,0.0,499.83,0.0,527.6,0,0,0,3053,-414.2356695083583
Data,4353,297.465541672384,741.9916425496353,1958.784458327616,0.0,0.0,495.35,0.0,524.4,0,0,0,3276,-741.9916425496353
Data,4354,599.0217431595902,1094.247890253555,2271.42825684041,0.0,0.0,500.95,0.0,176.6,0,0,0,3548,-1094.2478902535552
Data,4355,710.9081780901117,1394.8386532687307,1883.621821909888,0.0,0.0,521.07,0.0,524.4,0,0,0,3640,-1394.8386532687305
Data,4356,698.716231956198,1602.3897592209528,1922.493768043802,0.0,0.0,522.19,0.0,527.6,0,0,0,3671,-1602.3897592209528
Data,4357,701.8088226157229,1522.6965020141952,2053.861177384277,0.0,0.0,462.93,0.0,173.4,0,0,0,3392,-1522.6965020141952
Data,4358,568.5925768831203,1400.5074525947766,2283.7574231168796,0.0,0.0,483.05,0.0,176.6,0,0,0,3512,-1400.5074525947766
Data,4359,588.2054762847329,1153.603193356361,2282.664523715267,0.0,0.0,487.53,0.0,176.6,0,0,0,3535,-1153.6031933563609
Data,4360,480.87406956165614,780.7747373934753,2280.7659304383437,0.0,0.0,563.56,0.0,179.8,0,0,0,3505,-780.7747373934751
Data,4361,206.6837157838363,417.759478189624,2272.466284216164,0.0,0.0,655.25,0.0,527.6,0,0,0,3662,-417.75947818962425
Data,4362,145.56480368791222,0.0,2218.408802009953,0.0,216.4763943021345,716.75,0.0,530.8,0,0,0,3828,216.47639430213508
Data,4363,0.0,0.0,2141.4555512544707,0.0,400.41444874552906,733.53,0.0,527.6,0,0,0,3803,400.4144487455293
Data,4364,0.0,0.0,2168.3780437910427,0.0,216.50195620895715,665.32,0.0,530.8,0,0,0,3581,216.50195620895727
Data,4365,0.0,0.0,2088.868774715767,0.0,183.70122528423278,573.63,0.0,530.8,0,0,0,3377,183.70122528423315
Data,4366,0.0,0.0,2122.21,44.07316905645712,0.0,522.19,0.0,527.6,0,0,0,3172,-44.07316905645723
Data,4367,0.0,0.0,2033.6699999999998,183.14752110127642,0.0,487.53,0.0,530.8,0,0,0,3052,-183.1475211012762
Data,4368,0.0,0.0,1891.65,207.86062396679972,0.0,470.75,0.0,527.6,0,0,0,2890,-207.86062396679984
Data,4369,0.0,0.0,1805.49,357.19339226133184,0.0,424.91,0.0,527.6,0,0,0,2758,-357.1933922613319
Data,4370,0.0,0.0,1795.75,192.16212178907654,0.0,433.85,0.0,524.4,0,0,0,2754,-192.16212178907654
Data,4371,0.0,0.0,1884.47,304.6282804465038,0.0,462.93,0.0,527.6,0,0,0,2875,-304.6282804465039
Data,4372,0.0,0.0,2021.65,362.6523434847063,0.0,470.75,0.0,527.6,0,0,0,3020,-362.6523434847064
Data,4373,0.0,0.0,2036.35,294.06730354408546,0.0,513.25,0.0,524.4,0,0,0,3074,-294.06730354408535
Data,4374,0.0,0.0,1945.92,418.5214339956774,0.0,515.48,0.0,527.6,0,0,0,2989,-418.5214339956775
Data,4375,11.480946607796167,0.0,1986.679053392204,755.8784050613726,0.0,494.24,0.0,527.6,0,0,0,3020,-755.878405061373
Data,4376,261.7865046561267,0.0,2249.763495343873,854.923307601653,0.0,464.05,0.0,173.4,0,0,0,3149,-854.9233076016524
Data,4377,0.0,661.4751310956456,2750.4900000000002,321.63532381011555,0.0,424.91,0.0,176.6,0,0,0,3352,-983.1104549057611
Data,4378,976.9004090834123,0.0,1932.1495909165874,878.3114273769047,0.0,421.55,0.0,173.4,0,0,0,3504,-878.3114273769045
Data,4379,424.15867585690876,806.8394034801427,2491.401324143091,0.0,0.0,445.04,0.0,173.4,0,0,0,3534,-806.8394034801427
Data,4380,429.315159232468,926.8226228797648,2469.564840767532,0.0,0.0,468.52,0.0,176.6,0,0,0,3544,-926.8226228797649
