Hour,65c,74c
1,1707.0,600.3658026086081
2,1707.0,700.0
3,1707.0,454.3940729931734
4,1707.0,700.0
5,1707.0,700.0
6,1707.0,516.6739096012866
7,1707.0,644.5898439415896
8,1707.0,560.9556978657779
9,1707.0,278.7068649172005
10,1707.0,700.0
11,1707.0,700.0
12,1707.0,700.0
13,1707.0,700.0
14,1707.0,700.0
15,1707.0,700.0
16,1707.0,700.0
17,1707.0,644.914647068956
18,1707.0,700.0
19,1707.0,700.0
20,1707.0,700.0
21,1707.0,614.0191120552659
22,1707.0,495.88338454726846
23,1707.0,452.89591914437074
24,1707.0,207.52907150625808
25,1707.0,283.92546174913656
26,1707.0,509.0095218236013
27,1707.0,559.55991096277
28,1707.0,191.77225690218864
29,1707.0,344.7441270998864
30,1554.431791364558,0.0
31,1707.0,286.5525795804308
32,1707.0,441.21432000597156
33,1644.5968141363735,0.0
34,1707.0,191.48092536650006
35,1707.0,105.76391824359985
36,1707.0,205.55341146589944
37,1707.0,700.0
38,1707.0,205.83661829641443
39,1707.0,102.32806275039287
40,1707.0,20.828712194370638
41,1707.0,0.0
42,1707.0,106.74243738788903
43,1707.0,382.2417151634997
44,1707.0,489.1198104352954
45,1707.0,410.8371198351924
46,1707.0,347.61272188264815
47,1707.0,352.5133082361506
48,1707.0,423.83906764108843
49,1707.0,387.9250387782082
50,1707.0,381.8296754021125
51,1707.0,0.0
52,1707.0,0.0
53,1707.0,0.0
54,1707.0,0.0
55,1707.0,0.0
56,1707.0,0.0
57,1707.0,0.0
58,1707.0,297.5274220949041
59,1707.0,348.79398581832265
60,1707.0,419.4149969771912
61,1707.0,316.0571500088763
62,1707.0,180.94338140547245
63,1707.0,30.536177537170843
64,1707.0,30.30423782758242
65,1707.0,141.62895766193586
66,1707.0,600.4859022137729
67,1707.0,700.0
68,1707.0,700.0
69,1707.0,700.0
70,1707.0,536.4809854015925
71,1707.0,323.47553373265083
72,1707.0,81.31794050789637
73,1707.0,153.6221042264121
74,1707.0,333.5041827364529
75,1707.0,254.9166099165687
76,1707.0,309.96904434907475
77,1707.0,175.79331280298658
78,1707.0,0.0
79,1707.0,81.10887990499998
80,1707.0,143.35156004060025
81,1707.0,676.5639678034001
82,1707.0,700.0
83,1707.0,700.0
84,1707.0,700.0
85,1707.0,700.0
86,1707.0,352.1786223536999
87,1707.0,414.4248381594094
88,1707.0,628.4521257686138
89,1707.0,700.0
90,1707.0,700.0
91,1707.0,700.0
92,1707.0,700.0
93,1707.0,512.8774917595516
94,1707.0,172.38630779560572
95,1552.8663208899593,0.0
96,1471.7322074032625,0.0
97,1354.0307565725182,0.0
98,1494.5816004807527,0.0
99,1707.0,3.526898099959002
100,1523.5133505856834,0.0
101,1414.1140143814616,0.0
102,1136.25102606768,0.0
103,1047.5824097949237,0.0
104,1363.7175433587995,0.0
105,1707.0,231.0234240763431
106,1707.0,242.75807613849997
107,1707.0,700.0
108,1707.0,700.0
109,1707.0,178.79187315562717
110,1707.0,366.4368221516302
111,1707.0,404.2335117427454
112,1707.0,379.48616954756585
113,1707.0,65.96184285806589
114,1707.0,89.67184345396618
115,1651.8176363749658,0.0
116,1618.7456040322659,0.0
117,1318.4736285062659,0.0
118,865.9476868172657,0.0
119,675.4836511241662,0.0
120,710.6746213102659,0.0
121,1147.7832453395663,0.0
122,1168.7373817893654,0.0
123,975.732778224966,0.0
124,1607.562265256874,0.0
125,1611.682660097666,0.0
126,1707.0,58.109580474465815
127,1707.0,282.8185040994657
128,1707.0,0.0
129,1707.0,305.71800286186556
130,1707.0,444.4771517041655
131,1707.0,700.0
132,1707.0,647.3203150562573
133,1707.0,322.30860603295525
134,1707.0,138.38905416636578
135,1707.0,32.85293216806588
136,1567.2558561462656,0.0
137,1599.1052414236656,0.0
138,1587.127975386366,0.0
139,1707.0,92.78040687956593
140,1554.034475442666,0.0
141,1503.504718854666,0.0
142,1330.6573441933656,0.0
143,1153.108775362466,0.0
144,1385.8419386230657,0.0
145,767.4693688114656,0.0
146,1053.3639562490443,0.0
147,708.9273601672663,0.0
148,803.1130539223659,0.0
149,687.2234303465658,0.0
150,1050.0409335990657,0.0
151,753.5728025019654,0.0
152,761.8273166846658,0.0
153,807.411509071666,0.0
154,1194.509407058566,0.0
155,1653.0368710626653,0.0
156,1636.0077189914655,0.0
157,789.5059536875657,0.0
158,864.2553685473661,0.0
159,1013.8392350599657,0.0
160,1197.517772937666,0.0
161,1151.4281975575655,0.0
162,1292.2191757027658,0.0
163,1396.9955150785659,0.0
164,1478.9624022486134,0.0
165,1340.703586143832,0.0
166,1168.216412024968,0.0
167,871.1402437147599,0.0
168,1191.9782837380383,0.0
169,974.9968394462522,0.0
170,1160.2843282719148,0.0
171,1707.0,0.0
172,819.9611889625544,0.0
173,1047.3100087783212,0.0
174,1707.0,0.0
175,1707.0,0.0
176,1707.0,405.6499254081672
177,1707.0,270.7214556784014
178,1707.0,700.0
179,1707.0,700.0
180,1707.0,700.0
181,1707.0,664.212306814852
182,1707.0,504.3634501678851
183,1707.0,233.67933796242158
184,1707.0,0.0
185,1707.0,112.3986239540518
186,1707.0,211.79611430516266
187,1707.0,249.61939633816476
188,1707.0,700.0
189,1707.0,700.0
190,1707.0,700.0
191,1707.0,442.69662965479426
192,1707.0,459.97387230538027
193,1707.0,558.4672618797655
194,1707.0,556.6564527739002
195,1707.0,374.4208197666999
196,1707.0,209.50133943670028
197,1707.0,204.95987395119982
198,1707.0,155.4921558041352
199,1707.0,382.53235345955426
200,1707.0,45.00775116871381
201,1707.0,326.7009939484999
202,1707.0,700.0
203,1707.0,521.1663046017
204,1707.0,700.0
205,1707.0,700.0
206,1707.0,700.0
207,1707.0,700.0
208,1707.0,391.6148973499033
209,1707.0,588.2242855495999
210,1707.0,677.2362179316999
211,1707.0,153.68753623199973
212,1707.0,181.64204151839988
213,1707.0,347.0541851126999
214,1707.0,357.91942650659996
215,1707.0,333.3324996930035
216,1707.0,545.7232528008559
217,1707.0,527.5821765255903
218,1707.0,634.4621516403439
219,1707.0,581.7262713849162
220,1707.0,621.2018302175068
221,1707.0,683.0639060121586
222,1707.0,394.61064204271446
223,1707.0,369.0915503726143
224,1707.0,283.4055570034375
225,1707.0,407.8524298281667
226,1707.0,573.7187066813367
227,1707.0,502.5418654093413
228,1707.0,673.5076779450361
229,1707.0,700.0
230,1707.0,666.8214688214997
231,1707.0,518.1189254505998
232,1707.0,431.63035154330004
233,1707.0,459.1100704338001
234,1707.0,340.8716935427888
235,1707.0,157.16727846399857
236,1627.1203528838862,0.0
237,1564.7276670340898,0.0
238,1239.864978207548,0.0
239,1092.1976691822126,0.0
240,1243.4723686083144,0.0
241,1237.8744745106837,0.0
242,1291.813790762926,0.0
243,1707.0,0.0
244,1049.90181148304,0.0
245,1707.0,0.0
246,1707.0,0.0
247,1707.0,207.49808848452275
248,1707.0,0.0
249,1707.0,643.0717355449
250,1707.0,700.0
251,1707.0,700.0
252,1707.0,700.0
253,1707.0,700.0
254,1707.0,700.0
255,1707.0,700.0
256,1707.0,700.0
257,1707.0,589.5086225257925
258,1707.0,211.29340861425382
259,1707.0,452.77115509273165
260,1707.0,670.3015085894781
261,1707.0,289.2031074880992
262,1676.6902426805905,0.0
263,1629.0515941680944,0.0
264,1336.7346711776,0.0
265,696.3620289399,0.0
266,626.8887601585002,0.0
267,634.1309103782999,0.0
268,709.8077079038999,0.0
269,797.3508351219134,0.0
270,747.2921168147506,0.0
271,1467.6460120046231,0.0
272,1397.1858993,0.0
273,1707.0,0.0
274,1707.0,669.3680340955997
275,1707.0,700.0
276,1707.0,700.0
277,1707.0,525.9920256126833
278,1707.0,667.6603800521998
279,1707.0,443.70055658109965
280,1707.0,496.3880177815998
281,1707.0,447.0289477204
282,1707.0,252.34001018460026
283,1707.0,340.77252729650036
284,1707.0,280.9058198227998
285,1707.0,75.11071630400014
286,1619.4137596941307,0.0
287,1392.4292518885998,0.0
288,1293.7504893873977,0.0
289,1065.970071086653,0.0
290,1168.3549025851821,0.0
291,1285.2066646253577,0.0
292,1341.1921150296075,0.0
293,1707.0,0.0
294,1707.0,0.0
295,1707.0,0.0
296,1707.0,0.0
297,1707.0,523.2983481465998
298,1707.0,700.0
299,1707.0,700.0
300,1707.0,700.0
301,1707.0,700.0
302,1707.0,700.0
303,1707.0,700.0
304,1707.0,330.37378521028336
305,1707.0,309.87509178844016
306,1707.0,286.65845400739374
307,1707.0,563.3848432620991
308,1707.0,565.4467738420269
309,1707.0,397.52842758152076
310,1707.0,193.9523789573969
311,1707.0,19.396526667418613
312,1707.0,83.57279261396144
313,1704.145673182603,0.0
314,1707.0,106.60010817383937
315,1707.0,191.55120400549492
316,1707.0,260.30091412987656
317,1707.0,273.0052469249426
318,1707.0,134.17692342988914
319,1707.0,127.71606684186847
320,1707.0,108.29445973571944
321,1707.0,400.20987473153576
322,1707.0,528.4034316070176
323,1707.0,228.40315044990402
324,1707.0,591.1345746744807
325,1707.0,691.7311080127872
326,1707.0,700.0
327,1707.0,677.0352107424728
328,1707.0,393.95460562162936
329,1707.0,188.95878020383867
330,1707.0,287.5685880941125
331,1707.0,545.7052894779997
332,1707.0,448.56605731460013
333,1707.0,539.5218551815999
334,1707.0,50.44579603850002
335,1385.1794101267,0.0
336,690.4974981756,0.0
337,382.2709242297001,0.0
338,28.534892410990263,0.0
339,116.58933349214684,0.0
340,534.7920690281585,0.0
341,379.66429643649974,0.0
342,443.22707930080696,0.0
343,249.96747575141833,0.0
344,450.1327308654604,0.0
345,1246.9925163577818,0.0
346,1707.0,61.55998543791861
347,1349.1001046377787,0.0
348,964.2254472419431,0.0
349,707.8087452477637,0.0
350,751.8586030443458,0.0
351,737.5353713976398,0.0
352,742.4840287606941,0.0
353,574.6849417283279,0.0
354,759.2046007887596,0.0
355,1062.4765080560426,0.0
356,1201.7508704019976,0.0
357,1319.125090149792,0.0
358,1687.1974190890421,0.0
359,1707.0,26.5284920518655
360,1707.0,35.068046279165856
361,1674.5189419997657,0.0
362,1639.5866147504657,0.0
363,1656.3842574909663,0.0
364,1707.0,65.32664051976582
365,1274.9800612197655,0.0
366,1567.1575193813655,0.0
367,1672.9035372892658,0.0
368,1707.0,266.27129989716593
369,1707.0,345.72578386356565
370,1707.0,444.11448159176587
371,1707.0,384.388842613766
372,1707.0,392.5531353609657
373,1707.0,273.8180346418101
374,1707.0,153.03602107216983
375,1707.0,100.64853609256579
376,1707.0,44.64266821576581
377,1696.9572215226658,0.0
378,1707.0,106.47685476546587
379,1707.0,72.57399013436623
380,1707.0,437.66229041876556
381,1707.0,403.29828150194527
382,1707.0,381.45669650976595
383,1707.0,20.848978272929514
384,1278.058210814689,0.0
385,1445.0454458031259,0.0
386,1542.367106628223,0.0
387,1646.4058351447673,0.0
388,1334.118100657754,0.0
389,1707.0,22.553528365408717
390,1548.3737400350444,0.0
391,1707.0,61.72070359220678
392,1707.0,120.29269955777127
393,1707.0,401.9891233096819
394,1707.0,700.0
395,1707.0,59.59569149359346
396,1667.177187542286,0.0
397,1542.8495581671602,0.0
398,1430.746546643529,0.0
399,1304.4463204115746,0.0
400,1351.9552017475658,0.0
401,1416.6893298786113,0.0
402,1348.785377018066,0.0
403,1111.2300971261661,0.0
404,1707.0,66.44558208576609
405,1466.8337298044614,0.0
406,1307.1024373746513,0.0
407,871.8482788703741,0.0
408,895.9175742372283,0.0
409,868.9619257412938,0.0
410,988.988992296309,0.0
411,1059.7884127417715,0.0
412,941.4622693303677,0.0
413,857.0851318836504,0.0
414,1244.9589460126415,0.0
415,1197.168359520423,0.0
416,1441.944470866295,0.0
417,1563.8874928421264,0.0
418,1707.0,329.9715362077427
419,1707.0,415.5116876836528
420,1707.0,417.0855028080696
421,1612.6397324718025,0.0
422,1707.0,192.480361394002
423,1707.0,256.79504914972114
424,1707.0,247.84564195556584
425,1707.0,157.79932147936586
426,1656.503185649066,0.0
427,1683.6311466535658,0.0
428,1590.868455963066,0.0
429,1420.672327013266,0.0
430,1186.6292827615657,0.0
431,1090.7044496173658,0.0
432,1188.3433197877662,0.0
433,1128.1346215890658,0.0
434,1085.844242697066,0.0
435,1062.0937878181658,0.0
436,1195.720295665566,0.0
437,1355.5925374008657,0.0
438,1115.4775022915655,0.0
439,1066.274715087366,0.0
440,1584.0401565100656,0.0
441,1707.0,247.34117802186563
442,1707.0,418.50675693844454
443,1707.0,508.47194421054445
444,1707.0,371.9115147430753
445,1458.033847352074,0.0
446,1707.0,72.27215803702978
447,1524.1224088845493,0.0
448,1544.6606638877656,0.0
449,1335.422090800666,0.0
450,744.7949807712658,0.0
451,1099.674429770566,0.0
452,1314.6664752382662,0.0
453,1220.5452531825658,0.0
454,1013.4254385380658,0.0
455,718.2986916884662,0.0
456,593.0544026290544,0.0
457,541.1502305134658,0.0
458,612.4953403967395,0.0
459,653.6524390016654,0.0
460,577.7447865756659,0.0
461,576.8312437917446,0.0
462,408.75871891166605,0.0
463,376.06652002177054,0.0
464,450.64527948093775,0.0
465,293.4359114978979,0.0
466,1023.212486762049,0.0
467,1185.3208131377344,0.0
468,1131.206110059033,0.0
469,510.53808407330797,0.0
470,986.9087902421581,0.0
471,938.5883597722216,0.0
472,524.678863452921,0.0
473,288.178578139431,0.0
474,137.88206506166085,0.0
475,324.86895629076986,0.0
476,191.50389457546936,0.0
477,0.0,0.0
478,0.0,0.0
479,0.0,0.0
480,0.0,0.0
481,4.558300976223919,0.0
482,0.0,0.0
483,58.02429589041336,0.0
484,148.60837405084004,0.0
485,452.45363560739014,0.0
486,55.49500963002319,0.0
487,0.0,0.0
488,357.2753878389557,0.0
489,813.8640377292658,0.0
490,921.8914407184658,0.0
491,1374.377969160566,0.0
492,1121.9070301545657,0.0
493,1052.6196430406658,0.0
494,1163.5808934817655,0.0
495,1306.095108603066,0.0
496,1265.857810396366,0.0
497,1340.0427632375659,0.0
498,1205.6072644440655,0.0
499,1644.469979516066,0.0
500,1678.9846221777657,0.0
501,1286.1559433004663,0.0
502,942.2825249371657,0.0
503,687.2121850656662,0.0
504,698.0956648447658,0.0
505,303.32448115866725,0.0
506,389.64038154778007,0.0
507,370.19884266987896,0.0
508,478.1338674093731,0.0
509,182.9026738174211,0.0
510,278.2933344428409,0.0
511,352.2168842317235,0.0
512,613.6644161806098,0.0
513,1394.6458052194753,0.0
514,1669.4110632449804,0.0
515,1707.0,119.91700121350004
516,1707.0,49.796764379936405
517,1130.4037394736029,0.0
518,1105.5972333284951,0.0
519,941.258823093353,0.0
520,859.2955654996903,0.0
521,878.9122372412086,0.0
522,997.3922121327996,0.0
523,808.4290929506999,0.0
524,844.00858104861,0.0
525,1134.1051914924685,0.0
526,657.9623398175909,0.0
527,855.5042936755682,0.0
528,721.1452550320301,0.0
529,97.03507932526804,0.0
530,251.12142523405723,0.0
531,339.93728188854084,0.0
532,343.53778092356526,0.0
533,266.37287395056535,0.0
534,0.0,0.0
535,0.0,0.0
536,453.8126632655657,0.0
537,322.1993306720148,0.0
538,634.6952036370917,0.0
539,877.7429744655326,0.0
540,740.0103840750437,0.0
541,660.5784470449252,0.0
542,971.6722030727352,0.0
543,907.3408569810429,0.0
544,858.860052144932,0.0
545,864.590520062866,0.0
546,1106.7573866183595,0.0
547,1391.6425177574656,0.0
548,1468.092052776466,0.0
549,1629.7963739186657,0.0
550,1338.4022676831657,0.0
551,877.2177273092661,0.0
552,906.202083200266,0.0
553,788.8144411800658,0.0
554,921.651368211666,0.0
555,1060.2511704182657,0.0
556,887.3414748417657,0.0
557,876.8263139081655,0.0
558,937.8014769045661,0.0
559,1081.5954082943658,0.0
560,864.1819218544659,0.0
561,1159.025530946266,0.0
562,1246.6761970801658,0.0
563,1220.7043321166657,0.0
564,1157.9158805270654,0.0
565,1265.3569748751656,0.0
566,1332.7943413995658,0.0
567,1302.4619462266655,0.0
568,1259.7664324341658,0.0
569,1132.9089077810659,0.0
570,969.3411529431661,0.0
571,1302.2225884112659,0.0
572,1590.0478638506656,0.0
573,1392.6661856027658,0.0
574,1558.6776248967658,0.0
575,725.815695255966,0.0
576,329.5779303923656,0.0
577,319.25034079686577,0.0
578,435.951747424166,0.0
579,1178.900898758266,0.0
580,1491.5266041608656,0.0
581,1514.6423083365657,0.0
582,1450.2535699847658,0.0
583,1442.2514511516656,0.0
584,1707.0,56.0382480274659
585,1707.0,268.16064543446566
586,1707.0,641.7495617984615
587,1707.0,700.0
588,1707.0,700.0
589,1707.0,700.0
590,1707.0,661.7718617774659
591,1707.0,482.36829882076574
592,1707.0,454.8036014367656
593,1707.0,13.99097926156594
594,1707.0,12.677510023365812
595,1707.0,110.18057334486602
596,1625.332025595666,0.0
597,1119.1018231426656,0.0
598,791.4368339137657,0.0
599,602.536111851566,0.0
600,598.339605138566,0.0
601,412.2039724522657,0.0
602,414.4216421865659,0.0
603,432.2851457715657,0.0
604,497.96861191306584,0.0
605,588.9796724267659,0.0
606,715.3425189202657,0.0
607,764.4965350639653,0.0
608,314.300406685266,0.0
609,983.6853329356655,0.0
610,1658.438109918366,0.0
611,1707.0,242.50085738026576
612,1341.1197944353657,0.0
613,1081.5100425401656,0.0
614,769.1461459451658,0.0
615,1075.554212003166,0.0
616,893.761366504166,0.0
617,562.5271104956656,0.0
618,843.349378147566,0.0
619,995.8596920501656,0.0
620,506.8923669163661,0.0
621,0.0,0.0
622,0.0,0.0
623,0.0,0.0
624,0.0,0.0
625,0.0,0.0
626,0.0,0.0
627,0.0,0.0
628,165.78869959196584,0.0
629,372.51612677576566,0.0
630,858.0606870685655,0.0
631,204.19581285856532,0.0
632,142.47345853456557,0.0
633,330.7360949175653,0.0
634,552.0520293286658,0.0
635,534.797955235366,0.0
636,340.5794678960657,0.0
637,93.56620500656538,0.0
638,78.86357688004604,0.0
639,0.0,0.0
640,0.0,0.0
641,0.0,0.0
642,49.20232669757937,0.0
643,340.7345005818897,0.0
644,457.35932180350954,0.0
645,322.289103100363,0.0
646,178.3117099511428,0.0
647,90.91416714315639,0.0
648,123.00263669480762,0.0
649,153.71312610339987,0.0
650,163.42628642719978,0.0
651,247.92284682899958,0.0
652,323.96986005799954,0.0
653,252.9786812479997,0.0
654,17.596437369999876,0.0
655,116.68229140580874,0.0
656,286.183646593773,0.0
657,953.4842851136002,0.0
658,1631.2671918597002,0.0
659,1707.0,49.93043265249992
660,1707.0,294.23098007015807
661,1627.0378260606483,0.0
662,1707.0,246.09516926534707
663,1707.0,191.47311766705374
664,1707.0,198.83028645897704
665,1707.0,94.00191756998355
666,1555.8948287266624,0.0
667,1707.0,154.88503969448584
668,1707.0,527.1632179943999
669,1450.1827535657003,0.0
670,1440.5767166678002,0.0
671,1332.6007064918997,0.0
672,1707.0,136.54334526229997
673,1493.8858152665,0.0
674,898.3035706115,0.0
675,894.1032962478263,0.0
676,979.9101663029998,0.0
677,1302.8523428129,0.0
678,1225.5356198078,0.0
679,900.5832158208002,0.0
680,1214.3741502922999,0.0
681,1707.0,147.99126873710014
682,1707.0,141.9471611001
683,1707.0,155.2947803822999
684,1707.0,480.75970715119996
685,1707.0,33.394118397789136
686,1707.0,6.8594573671506565
687,1542.92473959891,0.0
688,1566.7845602557388,0.0
689,1376.468089440904,0.0
690,1563.9795208789626,0.0
691,1707.0,145.8401133564678
692,1707.0,255.56903560501996
693,1707.0,95.15553888413214
694,1558.7274099841397,0.0
695,1307.7544524051068,0.0
696,1449.815466870168,0.0
697,1454.4211454133647,0.0
698,1502.923961029612,0.0
699,1587.6924359112613,0.0
700,1678.252980553568,0.0
701,1670.0590266037489,0.0
702,1536.8631412930924,0.0
703,1707.0,110.34376540299034
704,1555.6997942715777,0.0
705,1503.5091406496645,0.0
706,1302.67894949567,0.0
707,1229.1488252707,0.0
708,1257.7873779757,0.0
709,1150.6288578197,0.0
710,1018.567715087425,0.0
711,967.0786604033672,0.0
712,1275.8263399682096,0.0
713,1468.346635244812,0.0
714,1549.4591027699016,0.0
715,1189.3267899979696,0.0
716,1549.4912764445467,0.0
717,858.7431270983718,0.0
718,636.0980398606577,0.0
719,111.67344182833799,0.0
720,555.2185548904502,0.0
721,432.18716664923755,0.0
722,675.687654209459,0.0
723,939.5522678958296,0.0
724,1279.2501114402128,0.0
725,1058.2385413108684,0.0
726,1187.477712836529,0.0
727,1171.6350646449966,0.0
728,1287.182804853647,0.0
729,1707.0,184.6379594555002
730,1657.4632769899,0.0
731,1707.0,397.236416427731
732,1707.0,373.8527499599449
733,1707.0,194.66948350175426
734,1707.0,115.12005224059949
735,1707.0,123.3463603952269
736,1387.5038924171124,0.0
737,1213.687992553789,0.0
738,1335.9562839091027,0.0
739,1305.1863127114093,0.0
740,820.8117560788521,0.0
741,999.8115898845623,0.0
742,43.533829496829675,0.0
743,529.7566476510455,0.0
744,495.8124285932848,0.0
745,879.391890221042,0.0
746,1187.0947675377465,0.0
747,660.9617878637504,0.0
748,1122.581864506489,0.0
749,1032.2312730860078,0.0
750,1704.8386300966602,0.0
751,1681.2775757530403,0.0
752,1508.2592093805877,0.0
753,1707.0,449.925192859118
754,1707.0,428.481101577043
755,1707.0,438.73314348873
756,1707.0,208.0461284943228
757,1306.0107048850623,0.0
758,1707.0,73.79654421936618
759,1659.7893512141295,0.0
760,1086.0356681820658,0.0
761,1575.4224317610656,0.0
762,1427.1596856568663,0.0
763,937.0033674646658,0.0
764,671.2024817019663,0.0
765,646.8929360642654,0.0
766,139.0405335978661,0.0
767,0.0,0.0
768,0.0,0.0
769,0.0,0.0
770,0.0,0.0
771,0.0,0.0
772,0.0,0.0
773,0.0,0.0
774,79.69984857606562,0.0
775,471.60194326106523,0.0
776,195.82874524175872,0.0
777,366.58037111782363,0.0
778,717.659852205514,0.0
779,473.8606768912573,0.0
780,777.6035378279967,0.0
781,799.1454509906034,0.0
782,599.4791502540821,0.0
783,747.9050822679013,0.0
784,1122.2383452223098,0.0
785,1707.0,137.4744426189119
786,1707.0,146.1371543908586
787,1101.0981545985921,0.0
788,854.7128191467797,0.0
789,580.7174161860456,0.0
790,371.69984043536084,0.0
791,611.3691283712667,0.0
792,684.2799701753609,0.0
793,551.3326726572998,0.0
794,819.5467888568999,0.0
795,1055.0825167975,0.0
796,1612.8156270777997,0.0
797,1664.6728980077232,0.0
798,1673.8021506138998,0.0
799,1707.0,325.29531607880017
800,1707.0,198.15811853590003
801,1337.0370591514998,0.0
802,1621.0334222678,0.0
803,1460.1256900938163,0.0
804,1242.8653996555624,0.0
805,1166.312279901632,0.0
806,1162.0905875721257,0.0
807,1707.0,59.03827630072401
808,1707.0,0.37276981315378954
809,1707.0,51.16148561190005
810,1707.0,241.06778584669996
811,1707.0,383.17808302883986
812,1707.0,635.3928924645122
813,1707.0,478.31098958392585
814,1707.0,317.7012890521003
815,1707.0,135.97454356675516
816,1707.0,105.46682410325064
817,1500.3421011052287,0.0
818,1651.7811617641908,0.0
819,1411.2120602972236,0.0
820,716.2911395726609,0.0
821,466.85702689278185,0.0
822,372.26607224011286,0.0
823,265.8883651938572,0.0
824,179.42967774662054,0.0
825,1129.7239435550055,0.0
826,1707.0,218.45405525413423
827,1707.0,260.36391030714947
828,1707.0,246.43575718354205
829,1707.0,167.22884174481075
830,1707.0,118.1010764935552
831,1707.0,68.50547361454451
832,1707.0,39.74041855463316
833,1707.0,151.1840123616148
834,1628.1030730890443,0.0
835,1396.3399588588095,0.0
836,1314.6381616605088,0.0
837,1145.6879094409414,0.0
838,901.393078021051,0.0
839,584.4325308726163,0.0
840,662.099551034417,0.0
841,284.20299706068585,0.0
842,171.51826456997964,0.0
843,116.70391196349055,0.0
844,0.0,0.0
845,0.0,0.0
846,0.0,0.0
847,222.29991040276616,0.0
848,108.03680749006358,0.0
849,1098.5087553910237,0.0
850,1707.0,397.8783273604076
851,1707.0,618.5572451293318
852,1707.0,578.4272054433239
853,1707.0,447.51506715506514
854,1707.0,398.56273786981666
855,1707.0,259.02319838194825
856,1707.0,482.9594320198823
857,1707.0,625.8291347479544
858,1707.0,441.1701695941009
859,1707.0,473.8708090322001
860,1707.0,460.2532473110997
861,1707.0,65.56305852610018
862,1509.2290605521002,0.0
863,1194.3334611514997,0.0
864,1427.840551900332,0.0
865,1171.6494066288994,0.0
866,1278.6077524371458,0.0
867,903.3648148912815,0.0
868,1158.177120766755,0.0
869,948.4298303990238,0.0
870,1131.7923990766185,0.0
871,1187.8509439875008,0.0
872,1036.9276810220706,0.0
873,1230.2048685011516,0.0
874,1506.7537660456142,0.0
875,1659.3378467855898,0.0
876,1707.0,37.07924302186755
877,1696.6035300517103,0.0
878,1707.0,68.00176314186565
879,1669.974108476831,0.0
880,1366.445291548581,0.0
881,1306.5639127428658,0.0
882,1064.9792655471445,0.0
883,1081.9667616130193,0.0
884,946.6761612984101,0.0
885,1243.0376170727352,0.0
886,739.7559091904445,0.0
887,234.57320438615793,0.0
888,198.73670790335927,0.0
889,247.35037372646582,0.0
890,378.95511868946585,0.0
891,733.5534512708658,0.0
892,988.6012150952657,0.0
893,498.8064690579655,0.0
894,223.2493708096655,0.0
895,46.41018737456545,0.0
896,0.0,0.0
897,0.0,0.0
898,201.81610048676578,0.0
899,331.4218265848657,0.0
900,279.06830872376565,0.0
901,306.66199732856546,0.0
902,451.50687798476554,0.0
903,389.40075877976585,0.0
904,327.74661827096577,0.0
905,434.33588052396556,0.0
906,573.960477273066,0.0
907,1198.0075030013659,0.0
908,1707.0,91.33617382624266
909,1470.2458910870782,0.0
910,981.1992517706088,0.0
911,1220.630423328999,0.0
912,1386.7009780196488,0.0
913,808.6926427785339,0.0
914,747.9323854826969,0.0
915,725.9236193738251,0.0
916,711.9842816354526,0.0
917,393.20641170479314,0.0
918,171.35055566016928,0.0
919,337.8290243020022,0.0
920,464.5428364616783,0.0
921,1171.2366503027986,0.0
922,1471.9275124412081,0.0
923,1635.7510705251452,0.0
924,1620.433966187197,0.0
925,1502.2944338762,0.0
926,1581.3520331877,0.0
927,1497.960501041281,0.0
928,1421.5627943041502,0.0
929,1488.8530944981605,0.0
930,1446.9482252844327,0.0
931,1330.199569400006,0.0
932,1430.1702399595001,0.0
933,1522.6150462107,0.0
934,1470.6045334563,0.0
935,680.2117075803002,0.0
936,956.8402514646998,0.0
937,1071.6040213940998,0.0
938,648.1573759731998,0.0
939,1456.6156349954,0.0
940,1436.4404736282,0.0
941,1586.0895104992937,0.0
942,1405.861333837793,0.0
943,1707.0,133.08878955242727
944,1707.0,95.86734847565405
945,1707.0,395.5341113297227
946,1707.0,503.17272016730647
947,1707.0,336.79567860610007
948,1707.0,171.66744957744842
949,1635.0666769881675,0.0
950,1707.0,132.20758922243985
951,1435.4977737200327,0.0
952,1462.3058914712906,0.0
953,1707.0,143.0334996190521
954,1579.6559062272613,0.0
955,1489.8690714263591,0.0
956,1662.6599657962627,0.0
957,1395.900544418566,0.0
958,1185.112790868066,0.0
959,1061.0696499636647,0.0
960,971.497557471949,0.0
961,479.0697942283454,0.0
962,271.7064779400554,0.0
963,155.80843467035547,0.0
964,248.68302023585565,0.0
965,325.4852352672408,0.0
966,591.3586062767451,0.0
967,585.6642277984259,0.0
968,557.7434998843261,0.0
969,1563.4812951975598,0.0
970,1707.0,434.74176956923367
971,1707.0,552.7219919495861
972,1707.0,480.9004122756314
973,1707.0,377.7745019876099
974,1707.0,356.7488941005658
975,1707.0,215.1535568305659
976,1707.0,175.20193084086566
977,1200.2356289115655,0.0
978,1076.3129848007661,0.0
979,857.1041823009656,0.0
980,772.4760401140658,0.0
981,968.6582745923662,0.0
982,732.9247911227911,0.0
983,318.97209647262986,0.0
984,230.36098485126615,0.0
985,208.8997505822657,0.0
986,158.898104722625,0.0
987,0.0,0.0
988,0.0,0.0
989,0.0,0.0
990,32.12442895806578,0.0
991,16.448904567265686,0.0
992,245.0265166047216,0.0
993,926.5192524051655,0.0
994,1574.2235706034487,0.0
995,1350.7450384999297,0.0
996,1689.9402598353417,0.0
997,1677.5393964438495,0.0
998,1340.1677317288659,0.0
999,1276.0879576697293,0.0
1000,1327.3350195522376,0.0
1001,1349.9435944563704,0.0
1002,818.2388005805659,0.0
1003,430.3172045585658,0.0
1004,540.543863512566,0.0
1005,271.13044596666566,0.0
1006,43.91989942416569,0.0
1007,61.928294625565854,0.0
1008,0.0,0.0
1009,134.39666529376575,0.0
1010,476.5271595334658,0.0
1011,603.1407939805657,0.0
1012,907.193334206566,0.0
1013,956.3511051521656,0.0
1014,948.1303728711658,0.0
1015,1125.047121965366,0.0
1016,1300.216805948166,0.0
1017,1616.0912787120546,0.0
1018,1707.0,60.72473471900451
1019,1707.0,50.22552385752579
1020,1707.0,145.6104853464026
1021,1346.684600927173,0.0
1022,1393.4227391393506,0.0
1023,1707.0,106.3447957610687
1024,1504.1227235251183,0.0
1025,1170.724347698212,0.0
1026,1002.1723036653904,0.0
1027,796.2374996035038,0.0
1028,1273.122353611258,0.0
1029,1173.6536869485658,0.0
1030,823.2135100685658,0.0
1031,1111.8964048821658,0.0
1032,1093.773314568818,0.0
1033,1044.1990638937502,0.0
1034,707.1292545954093,0.0
1035,1364.3748120562502,0.0
1036,1450.7664698663255,0.0
1037,1207.2696703226422,0.0
1038,327.40168287140165,0.0
1039,0.0,0.0
1040,0.0,0.0
1041,272.8214273911184,0.0
1042,851.5325651168944,0.0
1043,841.9817207439659,0.0
1044,981.2766971271659,0.0
1045,710.2010240444657,0.0
1046,944.5674645766661,0.0
1047,346.3795061255656,0.0
1048,190.53813570556542,0.0
1049,292.3523400797659,0.0
1050,388.1990035975656,0.0
1051,599.7829509353661,0.0
1052,733.2394199685656,0.0
1053,554.116647184566,0.0
1054,450.573325096566,0.0
1055,388.34922569656567,0.0
1056,360.7460754645657,0.0
1057,507.1416827198658,0.0
1058,952.0715094327658,0.0
1059,237.89942836514095,0.0
1060,347.73160358079093,0.0
1061,366.70073438404455,0.0
1062,372.51455646236593,0.0
1063,1012.5930255626657,0.0
1064,661.8166265599576,0.0
1065,960.6742888655332,0.0
1066,522.6288565503656,0.0
1067,809.7621447525659,0.0
1068,1068.5390431090655,0.0
1069,647.1569443644656,0.0
1070,508.19324416156576,0.0
1071,398.1426873818658,0.0
1072,160.58815968776605,0.0
1073,61.45600444716581,0.0
1074,454.67932077236594,0.0
1075,425.6422144994657,0.0
1076,646.747560484666,0.0
1077,0.0,0.0
1078,0.0,0.0
1079,0.0,0.0
1080,159.0512479733058,0.0
1081,0.0,0.0
1082,209.57518784676552,0.0
1083,0.0,0.0
1084,0.0,0.0
1085,0.0,0.0
1086,0.0,0.0
1087,152.84594846456582,0.0
1088,356.0575466375975,0.0
1089,614.2433482670248,0.0
1090,565.2214217254103,0.0
1091,114.88412846846552,0.0
1092,230.44227474736556,0.0
1093,120.87870790006548,0.0
1094,590.9984676555656,0.0
1095,661.6243474045656,0.0
1096,676.6478872090662,0.0
1097,266.2316481935658,0.0
1098,185.49942366656603,0.0
1099,226.8418722117657,0.0
1100,309.3930656614658,0.0
1101,64.62989071816594,0.0
1102,0.8630187520656136,0.0
1103,0.0,0.0
1104,0.0,0.0
1105,0.0,0.0
1106,0.0,0.0
1107,0.0,0.0
1108,0.0,0.0
1109,0.0,0.0
1110,0.0,0.0
1111,0.0,0.0
1112,0.0,0.0
1113,337.79095260654253,0.0
1114,814.8284615599865,0.0
1115,994.8548013358188,0.0
1116,1177.4164169533958,0.0
1117,1314.5507831423467,0.0
1118,430.71884012225166,0.0
1119,1153.637103445257,0.0
1120,1238.0052083568173,0.0
1121,1148.9045896798286,0.0
1122,1222.3304617045465,0.0
1123,1391.479501199408,0.0
1124,1230.4706548701872,0.0
1125,849.1815354788187,0.0
1126,461.0172638246576,0.0
1127,861.8828671618818,0.0
1128,654.9139982876649,0.0
1129,650.5306813838146,0.0
1130,1022.745724359295,0.0
1131,1191.770005088399,0.0
1132,1060.2213746505258,0.0
1133,704.8257121002727,0.0
1134,932.6296776130607,0.0
1135,1063.3001284916027,0.0
1136,1707.0,65.32879352551397
1137,1707.0,407.8472198478442
1138,1707.0,600.3288991049543
1139,1707.0,585.4777324169896
1140,1707.0,398.07420847020154
1141,1569.0224374867287,0.0
1142,1707.0,431.5254719642883
1143,1707.0,579.7722764804263
1144,1707.0,414.50037734976587
1145,1707.0,336.8075045059658
1146,1452.8316411461656,0.0
1147,960.6455327535655,0.0
1148,1024.7778503315658,0.0
1149,836.5663400024658,0.0
1150,17.5821635116655,0.0
1151,0.0,0.0
1152,0.0,0.0
1153,0.0,0.0
1154,0.0,0.0
1155,0.0,0.0
1156,73.20605872156591,0.0
1157,154.99226187476563,0.0
1158,616.2551040564657,0.0
1159,1054.9754039947593,0.0
1160,1293.8937529402644,0.0
1161,1707.0,123.67276453579493
1162,1707.0,271.6808934781898
1163,1643.1883788588646,0.0
1164,1707.0,196.75060023103993
1165,1675.6434004845655,0.0
1166,1707.0,95.69959249386602
1167,1707.0,108.43188393515892
1168,1707.0,120.51404762946584
1169,1660.6498538025658,0.0
1170,1635.4536478992627,0.0
1171,1681.213182482266,0.0
1172,1654.4940669803664,0.0
1173,1003.0718853607658,0.0
1174,938.4918450706656,0.0
1175,701.4349079945661,0.0
1176,430.9766757485655,0.0
1177,397.93057559636566,0.0
1178,384.49093803926587,0.0
1179,186.59078885966562,0.0
1180,609.6029975455657,0.0
1181,899.2604110935657,0.0
1182,871.3534857595661,0.0
1183,950.1237440939658,0.0
1184,1298.4605014844656,0.0
1185,1707.0,214.9208703667909
1186,1707.0,201.70944787960627
1187,1707.0,700.0
1188,1707.0,700.0
1189,1707.0,677.0217134033935
1190,1707.0,700.0
1191,1707.0,571.831559695649
1192,1707.0,421.39954382666565
1193,1675.4220307566657,0.0
1194,836.7726410109655,0.0
1195,814.6480183925659,0.0
1196,879.371179256566,0.0
1197,721.1572372605655,0.0
1198,366.5938870095657,0.0
1199,530.961042125766,0.0
1200,893.1304233185658,0.0
1201,902.5445340199591,0.0
1202,1034.9376020063285,0.0
1203,1280.1040749469623,0.0
1204,1385.4836127371534,0.0
1205,1369.6218514038242,0.0
1206,1402.1727877614655,0.0
1207,822.0969846678782,0.0
1208,1324.4019258181715,0.0
1209,980.6996625746916,0.0
1210,1707.0,327.284901608163
1211,1707.0,264.9322878912295
1212,1676.1534751389124,0.0
1213,1707.0,347.47877419936907
1214,1617.4850873341406,0.0
1215,1673.5651499483565,0.0
1216,1663.7534369687817,0.0
1217,1294.1101600617708,0.0
1218,1531.8941521677464,0.0
1219,1604.4109118914262,0.0
1220,1707.0,40.80461008983402
1221,1707.0,6.242999368138946
1222,1482.8941555487236,0.0
1223,1209.1138162818352,0.0
1224,821.4542594559672,0.0
1225,780.4649508134862,0.0
1226,241.4618555066728,0.0
1227,193.0814675404989,0.0
1228,0.0,0.0
1229,142.55807307166228,0.0
1230,0.0,0.0
1231,355.5310239629884,0.0
1232,1150.6881126496123,0.0
1233,1500.1071571067998,0.0
1234,1619.0681827182002,0.0
1235,1583.5691624100004,0.0
1236,1127.7054326954997,0.0
1237,1100.5912449641905,0.0
1238,1190.8133691265268,0.0
1239,1113.658330069539,0.0
1240,1219.4678179395057,0.0
1241,1363.986571460921,0.0
1242,1245.361672817461,0.0
1243,712.3003212627954,0.0
1244,528.6860917916104,0.0
1245,0.0,0.0
1246,0.0,0.0
1247,0.0,0.0
1248,0.0,0.0
1249,0.0,0.0
1250,0.0,0.0
1251,0.0,0.0
1252,0.0,0.0
1253,59.27163638622116,0.0
1254,710.6813155061568,0.0
1255,953.1741575524466,0.0
1256,1147.8196607387333,0.0
1257,1534.5735403777182,0.0
1258,1536.5280603297304,0.0
1259,1522.8778345921107,0.0
1260,1431.4818520436083,0.0
1261,1271.814646627266,0.0
1262,1491.9268511241658,0.0
1263,1417.8761997337656,0.0
1264,1425.871107379066,0.0
1265,1443.6662717304653,0.0
1266,1077.4708727330658,0.0
1267,586.473883827466,0.0
1268,452.60501848956585,0.0
1269,208.82062476456588,0.0
1270,27.35899240266565,0.0
1271,0.0,0.0
1272,0.0,0.0
1273,0.0,0.0
1274,15.023653221465679,0.0
1275,0.0,0.0
1276,0.0,0.0
1277,0.0,0.0
1278,0.0,0.0
1279,0.0,0.0
1280,541.4351168926654,0.0
1281,771.5787658660653,0.0
1282,758.7507507165659,0.0
1283,677.6209321445655,0.0
1284,709.7009321445654,0.0
1285,530.8261231809443,0.0
1286,654.982409396286,0.0
1287,577.0721143897499,0.0
1288,529.0166314462246,0.0
1289,756.8398759717031,0.0
1290,148.1615012255871,0.0
1291,174.97567855882332,0.0
1292,306.23350457000015,0.0
1293,300.02767811346126,0.0
1294,0.0,0.0
1295,0.0,0.0
1296,0.0,0.0
1297,0.0,0.0
1298,0.0,0.0
1299,0.0,0.0
1300,0.0,0.0
1301,0.0,0.0
1302,0.0,0.0
1303,0.0,0.0
1304,528.0604541694229,0.0
1305,1671.4918130421183,0.0
1306,1707.0,367.4418419207187
1307,1707.0,595.7341149303627
1308,1707.0,700.0
1309,1707.0,462.6850235913443
1310,1707.0,414.35805125440936
1311,1707.0,318.30790681263665
1312,1707.0,211.1900954681866
1313,574.5945564179999,0.0
1314,448.6605595447355,0.0
1315,799.9143375586459,0.0
1316,883.07578963602,0.0
1317,294.4121771133539,0.0
1318,50.95954134756723,0.0
1319,0.0,0.0
1320,0.0,0.0
1321,0.0,0.0
1322,0.0,0.0
1323,0.0,0.0
1324,361.80855298896574,0.0
1325,0.0,0.0
1326,0.0,0.0
1327,0.0,0.0
1328,99.05399782689906,0.0
1329,773.1514273281801,0.0
1330,1313.4999609217418,0.0
1331,1473.9961129181918,0.0
1332,1707.0,96.1393477071656
1333,1707.0,70.51374600536565
1334,1707.0,215.8062305630657
1335,1707.0,249.3053879815659
1336,1707.0,212.95964093766577
1337,1707.0,68.64554698056565
1338,879.5477763334655,0.0
1339,849.7530794524658,0.0
1340,753.144506754266,0.0
1341,477.5673640226663,0.0
1342,16.00823286106572,0.0
1343,0.0,0.0
1344,74.43330888446565,0.0
1345,0.0,0.0
1346,0.0,0.0
1347,0.0,0.0
1348,0.0,0.0
1349,0.0,0.0
1350,0.0,0.0
1351,0.0,0.0
1352,11.977970811704914,0.0
1353,1255.446900708805,0.0
1354,1575.0078172861047,0.0
1355,1707.0,104.29843399233309
1356,1707.0,340.8597130900713
1357,1619.3472882590677,0.0
1358,1707.0,166.28900129606552
1359,1526.7173389639722,0.0
1360,1611.2062691445192,0.0
1361,978.5977227597234,0.0
1362,659.2369664864656,0.0
1363,651.9201613681656,0.0
1364,216.00261723826588,0.0
1365,541.109420656166,0.0
1366,417.1367901489658,0.0
1367,352.16675029866576,0.0
1368,214.294026522566,0.0
1369,406.4775110023442,0.0
1370,115.0773461589318,0.0
1371,0.0,0.0
1372,209.12133111132607,0.0
1373,134.0644260368934,0.0
1374,133.52021557718524,0.0
1375,233.66301457968214,0.0
1376,370.30900336676706,0.0
1377,1362.744166192581,0.0
1378,1437.5322054599492,0.0
1379,1319.5717404116629,0.0
1380,1424.370368472489,0.0
1381,723.6251430549407,0.0
1382,691.0207888128966,0.0
1383,979.3966385866488,0.0
1384,1071.2544415792127,0.0
1385,804.5310851700655,0.0
1386,740.1926403703263,0.0
1387,498.4701550661654,0.0
1388,691.9941542968655,0.0
1389,561.6510276925661,0.0
1390,353.81854919576574,0.0
1391,357.2290185550661,0.0
1392,308.7318286893659,0.0
1393,621.5857554116365,0.0
1394,483.72422973538636,0.0
1395,591.2709341229629,0.0
1396,163.15547200463834,0.0
1397,687.7505391121526,0.0
1398,798.117723146608,0.0
1399,706.7909772649331,0.0
1400,1167.1399951532896,0.0
1401,966.8712752963806,0.0
1402,1268.7936286667086,0.0
1403,722.615079837502,0.0
1404,827.077483548319,0.0
1405,432.12123273944263,0.0
1406,141.93725384799902,0.0
1407,0.0,0.0
1408,0.0,0.0
1409,0.0,0.0
1410,0.0,0.0
1411,864.399656502072,0.0
1412,287.36776714309053,0.0
1413,276.76444208540875,0.0
1414,94.14217738732941,0.0
1415,379.98440349365586,0.0
1416,279.31497408765375,0.0
1417,14.07671978321208,0.0
1418,192.2845272209494,0.0
1419,118.23481014748143,0.0
1420,610.5424179859102,0.0
1421,716.8440297362849,0.0
1422,775.2941399306858,0.0
1423,1658.1679510475376,0.0
1424,1670.7580558181312,0.0
1425,1519.1028951243627,0.0
1426,1529.11608272587,0.0
1427,693.4975870104315,0.0
1428,1003.092011190501,0.0
1429,491.6387486392894,0.0
1430,571.405662401543,0.0
1431,712.4693153703154,0.0
1432,982.6504460205546,0.0
1433,1448.3776504641385,0.0
1434,1202.1308328529174,0.0
1435,1142.6723136414944,0.0
1436,986.9021654063616,0.0
1437,987.9404312883042,0.0
1438,1333.351927231466,0.0
1439,1253.497700100966,0.0
1440,1081.0149908094659,0.0
1441,1019.0819742608656,0.0
1442,1025.2105602865654,0.0
1443,1475.360916427866,0.0
1444,823.9025813901654,0.0
1445,1144.4456615854656,0.0
1446,573.0601054904656,0.0
1447,688.1040859039653,0.0
1448,642.9545775356661,0.0
1449,926.7828103989656,0.0
1450,458.8456435104655,0.0
1451,992.6174529404653,0.0
1452,911.3202622556654,0.0
1453,1110.5254798036653,0.0
1454,1153.1288269097658,0.0
1455,1138.4209079485654,0.0
1456,866.3113571291657,0.0
1457,1321.8248670564658,0.0
1458,1346.5598268600656,0.0
1459,1504.9553192406656,0.0
1460,1053.5103846387656,0.0
1461,571.3569056532659,0.0
1462,0.0,0.0
1463,0.0,0.0
1464,0.0,0.0
1465,0.0,0.0
1466,0.040578137165880435,0.0
1467,0.0,0.0
1468,0.0,0.0
1469,0.0,0.0
1470,13.23930057646578,0.0
1471,196.2576057989653,0.0
1472,527.8961329923052,0.0
1473,981.6536648654916,0.0
1474,1533.1950757226014,0.0
1475,1515.486834422524,0.0
1476,1433.2098049889298,0.0
1477,1217.9865143593672,0.0
1478,978.4413395467302,0.0
1479,1296.2840007783607,0.0
1480,1629.3547415028768,0.0
1481,1219.0193431211385,0.0
1482,972.0652577757999,0.0
1483,774.1769514708001,0.0
1484,542.7868708941999,0.0
1485,486.8618739372996,0.0
1486,272.01088797100033,0.0
1487,382.0063802217664,0.0
1488,446.73664559033483,0.0
1489,0.0,0.0
1490,195.1175862598584,0.0
1491,508.0809913035996,0.0
1492,1245.2544283814,0.0
1493,1367.1763634727,0.0
1494,1234.706615549,0.0
1495,1258.3125643941999,0.0
1496,1707.0,278.70853997290004
1497,1707.0,499.44450262790014
1498,1707.0,695.0247968789106
1499,1707.0,700.0
1500,1707.0,700.0
1501,1707.0,610.6387090055964
1502,1707.0,700.0
1503,1707.0,636.3321428451553
1504,1707.0,647.0815726876357
1505,1707.0,192.36998014762204
1506,1707.0,303.66440931424694
1507,1707.0,448.2806797562876
1508,1707.0,615.6456723848835
1509,1707.0,527.5518072247188
1510,1707.0,389.4265352972172
1511,1707.0,174.78796292211058
1512,1707.0,63.89539419015699
1513,1423.7940888434039,0.0
1514,1462.308216589187,0.0
1515,1633.351108674033,0.0
1516,1707.0,46.406020538014154
1517,1707.0,0.6154973097460683
1518,1604.3529624247085,0.0
1519,1675.0335168558443,0.0
1520,1707.0,393.2387783102513
1521,1707.0,688.9643063125999
1522,1707.0,700.0
1523,1707.0,462.622145108731
1524,1707.0,700.0
1525,1707.0,298.9670031607331
1526,1707.0,683.817740531269
1527,1707.0,548.9373193575835
1528,1707.0,426.1338414391779
1529,1583.5308162551744,0.0
1530,1707.0,428.85812371730754
1531,1707.0,101.06136924701619
1532,1707.0,258.13748163813966
1533,1707.0,43.5213542343332
1534,1707.0,231.302843641408
1535,1478.5005038714028,0.0
1536,1529.8905842612319,0.0
1537,1463.4012700506821,0.0
1538,1536.4830710455485,0.0
1539,1622.5630009980566,0.0
1540,1705.1131127351289,0.0
1541,1604.425077199176,0.0
1542,1533.8818860966974,0.0
1543,1707.0,233.45783960150007
1544,1707.0,230.84144593799994
1545,1707.0,272.10504369170013
1546,1707.0,390.63791702091
1547,1707.0,279.9055656010099
1548,1707.0,238.5720393034783
1549,1664.184782083288,0.0
1550,1454.0898577149026,0.0
1551,952.7623239305999,0.0
1552,952.4887450037635,0.0
1553,568.121514469322,0.0
1554,287.0745408931369,0.0
1555,383.60926752779466,0.0
1556,1081.3804134055983,0.0
1557,704.4347263908967,0.0
1558,271.33181780938463,0.0
1559,0.0,0.0
1560,0.0,0.0
1561,0.0,0.0
1562,0.0,0.0
1563,0.0,0.0
1564,0.0,0.0
1565,0.0,0.0
1566,143.14519891056568,0.0
1567,309.98062169856587,0.0
1568,1013.3318019025656,0.0
1569,536.2795346854658,0.0
1570,0.0,0.0
1571,0.0,0.0
1572,77.88131111906557,0.0
1573,171.05884812396573,0.0
1574,150.66760412306542,0.0
1575,0.0,0.0
1576,3.3494031341657546,0.0
1577,107.1172035627659,0.0
1578,189.11162880306563,0.0
1579,0.0,0.0
1580,380.40728698296596,0.0
1581,223.41306566266564,0.0
1582,0.0,0.0
1583,0.0,0.0
1584,0.0,0.0
1585,0.0,0.0
1586,0.0,0.0
1587,0.0,0.0
1588,0.0,0.0
1589,360.1966157423521,0.0
1590,28.702959507366018,0.0
1591,0.0,0.0
1592,115.10474526323591,0.0
1593,477.05470167762104,0.0
1594,966.3843564707657,0.0
1595,917.4868409692657,0.0
1596,865.8908300260284,0.0
1597,839.3984419894387,0.0
1598,1012.0794813397456,0.0
1599,1093.275939063958,0.0
1600,1152.7800817463824,0.0
1601,1274.7284679553147,0.0
1602,1127.9936159321549,0.0
1603,1265.7555108145193,0.0
1604,1372.0273262402536,0.0
1605,1247.3936132075,0.0
1606,595.6549673822999,0.0
1607,552.9834221255996,0.0
1608,407.2344566725861,0.0
1609,607.3618163414999,0.0
1610,442.48002215559995,0.0
1611,1121.6710492634004,0.0
1612,1365.0740025103,0.0
1613,1707.0,331.6781141824997
1614,1664.1311560836,0.0
1615,1707.0,241.24046242260005
1616,1707.0,324.59076240469983
1617,1707.0,561.0045982232997
1618,1707.0,659.7212740065632
1619,1707.0,348.85436585339687
1620,1707.0,593.7430724608341
1621,1707.0,424.6107305692948
1622,1707.0,540.489748029417
1623,1707.0,508.53442412697297
1624,1707.0,403.47196222039855
1625,1707.0,194.04058356713867
1626,1646.7659251231803,0.0
1627,1707.0,92.21503920384703
1628,1707.0,132.62166520950478
1629,1707.0,59.63353995000255
1630,1596.0009090418232,0.0
1631,1531.1404508548783,0.0
1632,1187.730695307018,0.0
1633,1009.1999935244589,0.0
1634,1173.5731043693793,0.0
1635,1357.7130599251152,0.0
1636,1437.5789233096002,0.0
1637,1114.3643383329,0.0
1638,1246.81655835934,0.0
1639,1345.8238759442002,0.0
1640,1707.0,409.0882159007998
1641,1707.0,654.5457228469309
1642,1707.0,385.33298958327487
1643,1707.0,190.60758894036334
1644,1707.0,153.94124271319671
1645,1707.0,9.321846362028948
1646,1707.0,368.20843399543537
1647,1707.0,86.40292868588666
1648,1707.0,499.60770690530677
1649,1707.0,213.30730915273145
1650,1707.0,127.96855880823539
1651,1535.0572908491658,0.0
1652,1597.9935722905657,0.0
1653,1523.5942983438592,0.0
1654,1122.228396964042,0.0
1655,1049.4523072228421,0.0
1656,715.131860843039,0.0
1657,90.78121727526616,0.0
1658,21.495082441965565,0.0
1659,0.0,0.0
1660,201.62100690666568,0.0
1661,263.02468183456574,0.0
1662,108.31063789806558,0.0
1663,391.9332141510657,0.0
1664,1007.0232633879658,0.0
1665,1352.1477588327643,0.0
1666,1670.8504076093204,0.0
1667,1644.7827052963862,0.0
1668,1707.0,71.16398528427516
1669,1696.8349364060973,0.0
1670,1558.7000729435167,0.0
1671,1412.7402121387195,0.0
1672,1324.1974403794657,0.0
1673,1272.986868434566,0.0
1674,1235.2897793379657,0.0
1675,788.0633783846657,0.0
1676,873.7867961732658,0.0
1677,599.7281233435657,0.0
1678,861.8473908065658,0.0
1679,750.0807803706656,0.0
1680,320.6800701992662,0.0
1681,0.0,0.0
1682,0.0,0.0
1683,0.0,0.0
1684,0.0,0.0
1685,178.89331802515466,0.0
1686,480.47133419470765,0.0
1687,107.53631365488866,0.0
1688,736.3009971068803,0.0
1689,1202.9089566919406,0.0
1690,1707.0,289.7247273828704
1691,1401.0831771665494,0.0
1692,1707.0,204.68710889256735
1693,1707.0,37.45442345623414
1694,1511.6039135040958,0.0
1695,1644.0577051313198,0.0
1696,1026.115652032351,0.0
1697,1613.9382369844523,0.0
1698,1315.8498498066556,0.0
1699,1146.5110890447297,0.0
1700,962.8561134723521,0.0
1701,1091.1815145500489,0.0
1702,1037.0315302115296,0.0
1703,961.451665001139,0.0
1704,1001.5769901447101,0.0
1705,909.7721852106984,0.0
1706,750.4532039551221,0.0
1707,740.9047887280914,0.0
1708,1029.2061522595147,0.0
1709,1044.9239898753285,0.0
1710,823.1444267079817,0.0
1711,884.095168342084,0.0
1712,1171.061104894092,0.0
1713,1127.830584388895,0.0
1714,1183.967983442843,0.0
1715,1306.261284013545,0.0
1716,1550.856862084895,0.0
1717,1302.4601921464553,0.0
1718,487.3524373321915,0.0
1719,1023.1434027834223,0.0
1720,849.8653872376673,0.0
1721,598.889450176652,0.0
1722,229.5412830248393,0.0
1723,98.66651131032809,0.0
1724,0.0,0.0
1725,204.55639955179475,0.0
1726,356.6055888368585,0.0
1727,262.3817227238017,0.0
1728,0.0,0.0
1729,0.0,0.0
1730,0.0,0.0
1731,0.0,0.0
1732,395.72730700284984,0.0
1733,510.66150897850025,0.0
1734,447.6516632064995,0.0
1735,894.2092849860928,0.0
1736,873.5601757064862,0.0
1737,917.1065140774693,0.0
1738,1142.5188175484973,0.0
1739,1359.895256070394,0.0
1740,1546.2584864168127,0.0
1741,1545.2306524724158,0.0
1742,1512.4567436504503,0.0
1743,1513.6767589168783,0.0
1744,1395.183342525806,0.0
1745,1503.645616831142,0.0
1746,1676.93295605276,0.0
1747,1340.6442227400419,0.0
1748,1549.6978277069093,0.0
1749,1578.9353722467074,0.0
1750,1432.4498005950577,0.0
1751,1365.8412502684373,0.0
1752,1224.279776749333,0.0
1753,980.4450418455865,0.0
1754,868.4775430675563,0.0
1755,880.5835024689368,0.0
1756,951.2496806845733,0.0
1757,890.4532503661221,0.0
1758,834.4798100287009,0.0
1759,1013.603818488549,0.0
1760,1103.5362997132002,0.0
1761,1306.9477270071002,0.0
1762,1643.5955952255615,0.0
1763,1707.0,141.03905170439748
1764,1707.0,150.0034144921146
1765,1707.0,93.65286374943751
1766,1707.0,223.89839810436942
1767,1707.0,225.12447710868165
1768,1707.0,280.2730469306039
1769,1576.8127518125912,0.0
1770,1280.5375218658512,0.0
1771,948.0072968277276,0.0
1772,997.5766904150773,0.0
1773,782.2552265453278,0.0
1774,514.1010152143256,0.0
1775,277.7081609729006,0.0
1776,159.4358357595583,0.0
1777,263.735605131427,0.0
1778,445.7320101583671,0.0
1779,636.1269235149488,0.0
1780,535.8538595742966,0.0
1781,471.7347289763073,0.0
1782,327.29053190138603,0.0
1783,190.90267187749149,0.0
1784,1134.9634847039615,0.0
1785,1707.0,77.08630932445038
1786,1707.0,357.83057957164516
1787,1707.0,208.02515107654003
1788,1707.0,166.89366290445912
1789,1707.0,51.167639672080924
1790,1702.8515477115898,0.0
1791,1272.1442555089263,0.0
1792,1319.2381324874013,0.0
1793,1293.7410658088932,0.0
1794,770.1629050345836,0.0
1795,727.5864880027658,0.0
1796,1173.8923950765661,0.0
1797,902.0614400691658,0.0
1798,707.2918870339662,0.0
1799,521.217699275266,0.0
1800,0.0,0.0
1801,169.3109232321297,0.0
1802,192.8282280658509,0.0
1803,493.5788243220352,0.0
1804,848.7818139057686,0.0
1805,778.5542404203362,0.0
1806,611.8062135789644,0.0
1807,718.8568227226325,0.0
1808,677.9137116381834,0.0
1809,740.6339909018195,0.0
1810,801.6282484759997,0.0
1811,1245.9566225434996,0.0
1812,1157.2788863920998,0.0
1813,934.3585473666336,0.0
1814,1096.3426820131922,0.0
1815,877.1662740131583,0.0
1816,837.3872993425819,0.0
1817,365.9053470163433,0.0
1818,490.8413079884699,0.0
1819,565.3364794639539,0.0
1820,440.07276062545253,0.0
1821,1087.2034650554,0.0
1822,939.571390162805,0.0
1823,1036.4077042959048,0.0
1824,703.9086422493444,0.0
1825,237.79349648686537,0.0
1826,885.4245824971657,0.0
1827,1545.4092321285657,0.0
1828,1027.8396089983657,0.0
1829,1514.427079510466,0.0
1830,1707.0,60.95997944796591
1831,1707.0,313.26096366376584
1832,1440.4369846386658,0.0
1833,1707.0,159.39108143265844
1834,1707.0,415.9294872645661
1835,1707.0,162.128024930651
1836,1707.0,305.35552687256575
1837,1707.0,178.98077708536573
1838,1674.3654509949656,0.0
1839,1640.8628916798657,0.0
1840,1707.0,31.252087847666076
1841,1707.0,108.35305647404019
1842,579.6385974224578,0.0
1843,442.2694340285658,0.0
1844,801.4771544654639,0.0
1845,235.64934951466546,0.0
1846,266.9771059975657,0.0
1847,666.7779073044081,0.0
1848,464.9808974385659,0.0
1849,85.49259019013309,0.0
1850,0.0,0.0
1851,0.0,0.0
1852,0.0,0.0
1853,127.94095687773192,0.0
1854,106.63276488116605,0.0
1855,473.69028769475216,0.0
1856,865.3904851533572,0.0
1857,882.8366742045656,0.0
1858,885.2563083045656,0.0
1859,1199.4094259776657,0.0
1860,546.9438897623655,0.0
1861,299.8554397227655,0.0
1862,502.8860107926656,0.0
1863,495.3854762405657,0.0
1864,412.6467754626659,0.0
1865,449.63987643746543,0.0
1866,557.686202744566,0.0
1867,591.8594245485657,0.0
1868,690.6372596417611,0.0
1869,1154.9207611586935,0.0
1870,789.2905345793957,0.0
1871,1211.774212493994,0.0
1872,1449.733689029656,0.0
1873,1187.2249588476911,0.0
1874,1242.7932818482625,0.0
1875,1262.0024580331976,0.0
1876,1409.6868011276765,0.0
1877,1395.7699239563656,0.0
1878,1160.3135251082663,0.0
1879,605.5875105282194,0.0
1880,717.3664120261843,0.0
1881,1282.520596924149,0.0
1882,1502.846340566237,0.0
1883,1707.0,497.65203002839706
1884,1707.0,523.2449173162111
1885,1707.0,286.783214897548
1886,1621.2869970849258,0.0
1887,1379.3589174041733,0.0
1888,1388.418835076396,0.0
1889,1395.8621922683037,0.0
1890,1254.733906360766,0.0
1891,1353.4147776689656,0.0
1892,1269.559192336766,0.0
1893,851.133327550666,0.0
1894,938.270100907166,0.0
1895,1199.1419365185661,0.0
1896,1125.129416618756,0.0
1897,821.908815798998,0.0
1898,842.176362260361,0.0
1899,596.473106602766,0.0
1900,742.1719681108658,0.0
1901,749.8580409144657,0.0
1902,843.653895077166,0.0
1903,941.7013456917387,0.0
1904,1603.1434960988488,0.0
1905,1707.0,148.1315379810096
1906,1707.0,176.9378886539742
1907,1707.0,144.87289148152428
1908,1707.0,247.79779544646695
1909,1707.0,268.11083035988315
1910,1707.0,168.5899242720346
1911,1707.0,208.4387432399999
1912,1707.0,134.88256218555898
1913,1707.0,74.59061958475104
1914,1354.785443013221,0.0
1915,1386.3113161958463,0.0
1916,1479.2955842427252,0.0
1917,1209.3592007993325,0.0
1918,1298.3138342401853,0.0
1919,999.2010471421894,0.0
1920,1060.7855560382404,0.0
1921,1414.2544893563875,0.0
1922,1283.4840350352606,0.0
1923,887.6274354640998,0.0
1924,506.15762319910004,0.0
1925,730.6657628445003,0.0
1926,824.3240492917798,0.0
1927,769.6708189572927,0.0
1928,1169.522484812966,0.0
1929,1561.740712347268,0.0
1930,1506.4122410222851,0.0
1931,1707.0,4.526946852152971
1932,1707.0,254.06391153231746
1933,1468.0013706036675,0.0
1934,1531.0968089154,0.0
1935,1707.0,46.568804370605115
1936,1700.0008562499108,0.0
1937,1245.5721011320438,0.0
1938,725.4950708833508,0.0
1939,584.7853554058049,0.0
1940,812.5561082454244,0.0
1941,383.438500122589,0.0
1942,493.05804533850807,0.0
1943,438.2308848638298,0.0
1944,768.0642872216227,0.0
1945,828.4029174940385,0.0
1946,1209.895811196935,0.0
1947,1286.7644506063523,0.0
1948,1465.7951261040491,0.0
1949,1105.0705821545262,0.0
1950,1195.0921045318194,0.0
1951,1157.8080739520947,0.0
1952,1439.6596809844968,0.0
1953,1440.6518279589875,0.0
1954,1540.212557407273,0.0
1955,1638.279696113996,0.0
1956,1700.6492406222171,0.0
1957,1505.9364954726973,0.0
1958,1503.4069390873299,0.0
1959,1465.8964433147657,0.0
1960,1267.0621011312655,0.0
1961,1089.7039091988654,0.0
1962,609.753157356566,0.0
1963,694.2028275175659,0.0
1964,1029.3562535915657,0.0
1965,1172.8609612325658,0.0
1966,822.133958302766,0.0
1967,874.0112781821659,0.0
1968,819.763782563466,0.0
1969,429.85142715946574,0.0
1970,383.55545676396594,0.0
1971,345.0036065703656,0.0
1972,880.8697651738656,0.0
1973,509.37060318845255,0.0
1974,404.83782721824184,0.0
1975,399.5831633857806,0.0
1976,1194.9609483858408,0.0
1977,1497.1638992725002,0.0
1978,1707.0,397.90766880432255
1979,1707.0,405.4950579200935
1980,1707.0,419.58816242679933
1981,1707.0,232.58491423866948
1982,1707.0,444.6006490822434
1983,1707.0,417.1290211481741
1984,1707.0,362.503983433692
1985,1707.0,306.33933523281047
1986,1297.8487904771932,0.0
1987,1196.858066934981,0.0
1988,1081.616434386,0.0
1989,941.4952521,0.0
1990,550.3227479146999,0.0
1991,555.8638002850998,0.0
1992,812.2987617527974,0.0
1993,637.7815430930123,0.0
1994,717.1878441610345,0.0
1995,570.2838793382648,0.0
1996,430.98850939818715,0.0
1997,485.54147339917927,0.0
1998,508.0469815830507,0.0
1999,827.2238151395317,0.0
2000,1707.0,120.43996578183793
2001,1707.0,595.0457093371311
2002,1707.0,700.0
2003,1707.0,700.0
2004,1707.0,633.9220825051385
2005,1707.0,211.38207344574326
2006,1707.0,339.5885636517232
2007,1707.0,465.8644207163316
2008,1707.0,466.22198146653625
2009,1707.0,513.0144462951034
2010,1707.0,260.2209737878204
2011,1707.0,108.54708415595559
2012,1707.0,345.00915907205774
2013,1707.0,76.32458426196581
2014,1406.973650521566,0.0
2015,1265.6862053986656,0.0
2016,1018.9388082465658,0.0
2017,1065.3693727581315,0.0
2018,1217.909576459795,0.0
2019,1668.5345720537605,0.0
2020,1707.0,162.6366210879462
2021,1519.5541164713375,0.0
2022,1706.2654218219611,0.0
2023,1370.7154876742984,0.0
2024,1561.2478556721337,0.0
2025,1707.0,234.79488006185562
2026,1707.0,700.0
2027,1707.0,323.8652221964423
2028,1707.0,306.20138555906277
2029,1707.0,57.77683952606628
2030,1707.0,145.43308151051863
2031,1707.0,337.5326244935651
2032,1707.0,57.67398835950167
2033,1706.9307548930447,0.0
2034,886.4578026538859,0.0
2035,655.5453436778259,0.0
2036,1059.7874275112626,0.0
2037,1459.8683842821392,0.0
2038,1323.33453009259,0.0
2039,1179.819156140002,0.0
2040,1067.9291680919298,0.0
2041,783.6523086955981,0.0
2042,782.2474738180254,0.0
2043,878.0000427881636,0.0
2044,649.275385434953,0.0
2045,739.643079295,0.0
2046,916.6837070830004,0.0
2047,1159.0704044992,0.0
2048,1380.429847066239,0.0
2049,1202.87928428754,0.0
2050,1315.3527501421504,0.0
2051,1343.0226756472348,0.0
2052,1566.0469831900639,0.0
2053,1568.8548382652375,0.0
2054,1500.4126479597658,0.0
2055,1547.0155745144261,0.0
2056,1241.0404595991654,0.0
2057,1515.0363543399058,0.0
2058,1310.50039818846,0.0
2059,872.0745692281772,0.0
2060,487.631728939765,0.0
2061,434.34152299679323,0.0
2062,438.78803282272656,0.0
2063,587.7821794481374,0.0
2064,411.8282764111538,0.0
2065,354.72337023862076,0.0
2066,79.77456473618464,0.0
2067,374.0226021643915,0.0
2068,270.9309638277016,0.0
2069,111.41882433849969,0.0
2070,311.7849916437001,0.0
2071,412.31888426540013,0.0
2072,468.5645204381001,0.0
2073,920.7637375539051,0.0
2074,805.5179854804127,0.0
2075,555.10315508216,0.0
2076,0.0,0.0
2077,0.0,0.0
2078,21.4244099418132,0.0
2079,0.0,0.0
2080,557.6022334686572,0.0
2081,684.2738850887201,0.0
2082,0.0,0.0
2083,254.98295065661412,0.0
2084,303.2340045393215,0.0
2085,278.16730937758865,0.0
2086,146.68911356032012,0.0
2087,0.0,0.0
2088,56.59621207360982,0.0
2089,0.0,0.0
2090,0.0,0.0
2091,332.1497015102143,0.0
2092,749.9914897436005,0.0
2093,867.3568786896366,0.0
2094,776.3140106007088,0.0
2095,882.4647194778096,0.0
2096,1078.677518408901,0.0
2097,1707.0,5.475411123100002
2098,1707.0,56.16561828899967
2099,1432.5085464497554,0.0
2100,887.3014424401218,0.0
2101,1103.5840643721274,0.0
2102,1305.7292669482872,0.0
2103,858.9704522337076,0.0
2104,290.7254803483612,0.0
2105,528.0594028894275,0.0
2106,367.1946023605974,0.0
2107,633.7828187615695,0.0
2108,747.2375881837739,0.0
2109,715.107176399636,0.0
2110,658.9823628354695,0.0
2111,416.2207957111647,0.0
2112,313.30367293926577,0.0
2113,440.829098056366,0.0
2114,487.5749051756658,0.0
2115,574.547951811066,0.0
2116,640.9075884751659,0.0
2117,665.032043711866,0.0
2118,726.2020185820656,0.0
2119,693.746968701166,0.0
2120,600.3305500767505,0.0
2121,546.3352519727096,0.0
2122,1452.6083677341628,0.0
2123,1519.999290691715,0.0
2124,1323.275599038379,0.0
2125,1358.4921280556184,0.0
2126,848.5142676157008,0.0
2127,1319.7470767103994,0.0
2128,1210.9133817383497,0.0
2129,1293.9415757861657,0.0
2130,1039.3337754866657,0.0
2131,678.5942196214656,0.0
2132,698.0412866724656,0.0
2133,253.56785571686544,0.0
2134,449.02616729096565,0.0
2135,595.5796846166658,0.0
2136,0.0,0.0
2137,0.0,0.0
2138,298.6671994808661,0.0
2139,302.471299632566,0.0
2140,483.97423434556606,0.0
2141,672.4615974404661,0.0
2142,758.1709228975659,0.0
2143,257.77026045193367,0.0
2144,701.8774345173805,0.0
2145,996.2563215506462,0.0
2146,1707.0,36.11760217015763
2147,1707.0,186.5815539347937
2148,1707.0,127.49147205729228
2149,1516.089533401243,0.0
2150,1620.069136804762,0.0
2151,1624.521625836203,0.0
2152,1489.2339901593434,0.0
2153,1005.3224998102489,0.0
2154,1176.4412072426658,0.0
2155,1020.2174843376657,0.0
2156,1163.8437665433657,0.0
2157,1214.0804913610557,0.0
2158,1012.2689693345487,0.0
2159,505.93164353919417,0.0
2160,0.0,0.0
2161,0.0,0.0
2162,0.0,0.0
2163,0.0,0.0
2164,0.0,0.0
2165,0.0,0.0
2166,163.60623288499983,0.0
2167,102.24678812300073,0.0
2168,103.94954687737906,0.0
2169,0.0,0.0
2170,693.5422371079356,0.0
2171,315.11687277071405,0.0
2172,327.1356612635579,0.0
2173,0.0,0.0
2174,533.7579735344285,0.0
2175,174.08885060441287,0.0
2176,206.2258604133618,0.0
2177,253.81715468263508,0.0
2178,507.5749150471306,0.0
2179,643.0353473502179,0.0
2180,678.7506748073581,0.0
2181,307.3150830206656,0.0
2182,0.0,0.0
2183,15.697785494265986,0.0
2184,0.0,0.0
2185,0.0,0.0
2186,0.0,0.0
2187,0.0,0.0
2188,0.0,0.0
2189,102.56143229746601,0.0
2190,431.6658339334657,0.0
2191,1113.1190022403662,0.0
2192,1569.7948529968658,0.0
2193,1576.009648888466,0.0
2194,1707.0,278.26662199416586
2195,1707.0,195.60970227536603
2196,1707.0,175.08875462206575
2197,1674.1321131816658,0.0
2198,1707.0,75.08505323186597
2199,1707.0,14.783133780765922
2200,1693.3893326617658,0.0
2201,1673.514165667366,0.0
2202,1579.9193922231661,0.0
2203,1664.5412000760657,0.0
2204,1707.0,27.99638092896609
2205,1453.396632687366,0.0
2206,1315.317007543566,0.0
2207,1289.3809540101659,0.0
2208,1098.9222911535658,0.0
2209,815.835448607066,0.0
2210,711.4286533027658,0.0
2211,224.62526714826606,0.0
2212,219.69427524036576,0.0
2213,0.0,0.0
2214,0.0,0.0
2215,518.370299683166,0.0
2216,1327.105684789443,0.0
2217,1473.9252307794545,0.0
2218,1589.350843529237,0.0
2219,1639.4129351182862,0.0
2220,1707.0,101.39269940856582
2221,1707.0,149.0819276271659
2222,1707.0,240.63734224366607
2223,1707.0,324.2960316086661
2224,1707.0,360.9098721823656
2225,1707.0,153.47213746166585
2226,839.8035910625657,0.0
2227,886.5363543319656,0.0
2228,1032.086509499166,0.0
2229,966.6036278472658,0.0
2230,801.519125624766,0.0
2231,397.99953380776594,0.0
2232,321.6700787339441,0.0
2233,189.2652303680193,0.0
2234,81.59658388849317,0.0
2235,0.0,0.0
2236,0.0,0.0
2237,0.0,0.0
2238,0.0,0.0
2239,0.0,0.0
2240,690.7890042723111,0.0
2241,1041.6605006072355,0.0
2242,1371.8937040114574,0.0
2243,1546.08094091384,0.0
2244,1577.098054055425,0.0
2245,887.3834778584069,0.0
2246,1707.0,187.86675839807936
2247,1392.4284937683944,0.0
2248,870.3404048376597,0.0
2249,1114.838860427366,0.0
2250,870.1243444365663,0.0
2251,1190.8590952326658,0.0
2252,1379.3545923425659,0.0
2253,767.0287105995657,0.0
2254,821.6735142292661,0.0
2255,760.4322824876657,0.0
2256,567.4577011106657,0.0
2257,157.23191208416586,0.0
2258,336.43717588906577,0.0
2259,304.7413563691658,0.0
2260,677.4199191509659,0.0
2261,733.3006118815657,0.0
2262,416.5971576946657,0.0
2263,304.73245583576556,0.0
2264,1095.3773971585656,0.0
2265,1707.0,203.52383036706567
2266,1707.0,658.2559625765656
2267,1707.0,700.0
2268,1707.0,700.0
2269,1707.0,661.7210638290661
2270,1707.0,148.84444303066573
2271,1707.0,82.30665814166571
2272,1492.2897110407653,0.0
2273,1259.944445007066,0.0
2274,1070.930697459566,0.0
2275,967.8617613075659,0.0
2276,1701.4416328665657,0.0
2277,1049.2955113655653,0.0
2278,819.4649388927656,0.0
2279,1223.2165503535657,0.0
2280,998.8390823531662,0.0
2281,574.1671715815659,0.0
2282,792.410696943566,0.0
2283,1309.3225708459659,0.0
2284,1446.9494168339659,0.0
2285,1499.101186394066,0.0
2286,1447.508543394366,0.0
2287,1539.090125666066,0.0
2288,1700.446030066566,0.0
2289,1707.0,176.22792290456596
2290,1707.0,229.9699138817657
2291,1707.0,139.26736765066573
2292,1707.0,126.5314523116657
2293,1686.6040304909657,0.0
2294,1707.0,85.57198822346584
2295,1634.490712875766,0.0
2296,1707.0,50.90536617186592
2297,1561.012185500766,0.0
2298,814.7318213245657,0.0
2299,570.1162826865656,0.0
2300,1101.274905936566,0.0
2301,1190.0128072965658,0.0
2302,1462.828647270566,0.0
2303,1353.3619786159659,0.0
2304,1321.0377056355658,0.0
2305,1278.698383957066,0.0
2306,1261.265411034766,0.0
2307,1459.5493038227658,0.0
2308,1593.4312808599661,0.0
2309,1636.313397453566,0.0
2310,1581.4205586703656,0.0
2311,1652.1135722663657,0.0
2312,1707.0,177.06853375766588
2313,1707.0,567.8191506215661
2314,1707.0,700.0
2315,1707.0,700.0
2316,1707.0,700.0
2317,1707.0,700.0
2318,1707.0,700.0
2319,1707.0,700.0
2320,1707.0,700.0
2321,1707.0,700.0
2322,1707.0,562.7515910027658
2323,1707.0,521.4691950565662
2324,1707.0,660.0875391062657
2325,1707.0,500.2992665293481
2326,1707.0,359.5357292324284
2327,1707.0,242.81777197264782
2328,1707.0,157.21089384274936
2329,1700.6131542050666,0.0
2330,1643.1621118910841,0.0
2331,1707.0,44.031947862899976
2332,1707.0,85.69554059700012
2333,1707.0,71.33526709369985
2334,1639.6290678471,0.0
2335,1707.0,31.572414127399952
2336,1707.0,571.3200807802002
2337,1707.0,700.0
2338,1707.0,700.0
2339,1707.0,551.34171519634
2340,1707.0,700.0
2341,1707.0,700.0
2342,1707.0,700.0
2343,1707.0,674.063323032681
2344,1707.0,700.0
2345,1707.0,700.0
2346,1707.0,700.0
2347,1707.0,700.0
2348,1707.0,592.1752782394794
2349,1707.0,269.78833559482945
2350,1685.5515958129845,0.0
2351,1522.3169411948716,0.0
2352,1365.9132526989395,0.0
2353,684.7907891386618,0.0
2354,734.2985180921194,0.0
2355,746.9608115090998,0.0
2356,905.4037144573,0.0
2357,946.7663656431001,0.0
2358,941.0702651763999,0.0
2359,823.9092669516097,0.0
2360,1478.5183377927476,0.0
2361,1707.0,473.79208249672797
2362,1707.0,566.7312760663172
2363,1707.0,525.0249163160686
2364,1707.0,700.0
2365,1707.0,325.49152431964075
2366,1707.0,700.0
2367,1707.0,700.0
2368,1707.0,552.5034657848998
2369,1707.0,297.63771847406167
2370,1401.4125844860698,0.0
2371,1330.6099637094342,0.0
2372,1418.817334113547,0.0
2373,520.0828568697656,0.0
2374,700.262819206934,0.0
2375,667.9371070923047,0.0
2376,156.02288074313864,0.0
2377,164.21455890001562,0.0
2378,694.486565310841,0.0
2379,673.8887641812079,0.0
2380,844.1549742596043,0.0
2381,1486.9687381931285,0.0
2382,614.7160890996502,0.0
2383,1518.4394864030037,0.0
2384,1480.6772325490695,0.0
2385,1707.0,403.736134087784
2386,1707.0,700.0
2387,1707.0,600.3310617762147
2388,1707.0,700.0
2389,1707.0,700.0
2390,1707.0,536.6806570046513
2391,1707.0,700.0
2392,1707.0,652.6955975722271
2393,1707.0,82.28157857896359
2394,1004.199569582795,0.0
2395,949.8142218130673,0.0
2396,1016.2669867068112,0.0
2397,902.4042038899346,0.0
2398,425.8577475892466,0.0
2399,130.51983928921968,0.0
2400,805.0767130862201,0.0
2401,1024.0079785051003,0.0
2402,927.0258773333999,0.0
2403,1117.1326908613999,0.0
2404,1283.4575316746,0.0
2405,1109.092672222,0.0
2406,1035.6930541560546,0.0
2407,916.2771723351659,0.0
2408,1449.8739552345096,0.0
2409,1665.5087509361706,0.0
2410,1707.0,222.98671519071934
2411,1707.0,571.3426178300923
2412,1707.0,540.6527534244087
2413,1707.0,454.44356087861416
2414,1707.0,236.23409903507414
2415,1707.0,194.4165982939462
2416,1707.0,338.729518620046
2417,1707.0,248.82304724418168
2418,1707.0,299.38243652430157
2419,1707.0,374.0996116771445
2420,1707.0,432.3604941864016
2421,1707.0,291.76063076018244
2422,1582.399751660427,0.0
2423,1701.0070104157817,0.0
2424,1576.5139618519675,0.0
2425,1388.438535448685,0.0
2426,1402.0194031149317,0.0
2427,1469.5789745278685,0.0
2428,1375.0701823255665,0.0
2429,1255.9615644359008,0.0
2430,1078.3438226802448,0.0
2431,1473.0189903115897,0.0
2432,1707.0,20.959520838137816
2433,1707.0,83.2304236202624
2434,1707.0,25.30137361134908
2435,1344.4744158961198,0.0
2436,1278.3029143861302,0.0
2437,964.4009829338912,0.0
2438,1054.3424275266595,0.0
2439,1020.7015538447642,0.0
2440,978.4742511192247,0.0
2441,967.849782545137,0.0
2442,960.2151403786655,0.0
2443,845.8937046281019,0.0
2444,1413.5489298411749,0.0
2445,1263.513684046953,0.0
2446,881.7890877863294,0.0
2447,247.03722487191752,0.0
2448,0.0,0.0
2449,0.0,0.0
2450,0.0,0.0
2451,54.239987590099645,0.0
2452,0.0,0.0
2453,142.97869204351014,0.0
2454,169.75831068863533,0.0
2455,760.2815368720455,0.0
2456,1073.0686235018247,0.0
2457,1178.5336776238319,0.0
2458,1424.3864627561343,0.0
2459,1707.0,276.818017569041
2460,1599.5886542322924,0.0
2461,1265.7496219419477,0.0
2462,1089.7967497134223,0.0
2463,1107.255767717304,0.0
2464,957.1449736980645,0.0
2465,1100.752021977819,0.0
2466,1356.8442547061302,0.0
2467,1516.1808130530633,0.0
2468,1306.423297811762,0.0
2469,906.7520917664444,0.0
2470,1181.0016512903894,0.0
2471,1302.7162858656661,0.0
2472,1583.084997617305,0.0
2473,954.059919146485,0.0
2474,349.309294286756,0.0
2475,690.0835286743263,0.0
2476,1212.3365741785885,0.0
2477,1599.7847660713794,0.0
2478,1519.573022592405,0.0
2479,1707.0,82.9603620201099
2480,1579.5691288941543,0.0
2481,1694.2223478272595,0.0
2482,1707.0,125.4894865103517
2483,1434.9777367385432,0.0
2484,1533.1258429396294,0.0
2485,1012.2963551739657,0.0
2486,929.0888481239657,0.0
2487,946.4373311026656,0.0
2488,1020.0904482587656,0.0
2489,1407.185308915566,0.0
2490,1616.4858172645659,0.0
2491,1690.7906703512658,0.0
2492,1243.2362273665658,0.0
2493,1218.1920755404658,0.0
2494,1091.1311399052656,0.0
2495,879.5511577591659,0.0
2496,339.3052171883659,0.0
2497,0.0,0.0
2498,0.0,0.0
2499,294.6078719342655,0.0
2500,848.762771945566,0.0
2501,1354.195812257654,0.0
2502,1263.455726859626,0.0
2503,1590.3269782227671,0.0
2504,1707.0,103.04738906916566
2505,1707.0,397.999127406766
2506,1707.0,276.7805165392655
2507,1707.0,425.48731116836586
2508,1707.0,585.2137234643661
2509,1707.0,428.876073882166
2510,1707.0,665.0977655005662
2511,1707.0,700.0
2512,1707.0,700.0
2513,1707.0,700.0
2514,1596.7551407155656,0.0
2515,1277.4649618245658,0.0
2516,889.0437526551656,0.0
2517,538.3319227976654,0.0
2518,605.7696627886656,0.0
2519,814.1796739520656,0.0
2520,638.2469707763656,0.0
2521,480.3795110049658,0.0
2522,449.6427295500656,0.0
2523,465.0234952933657,0.0
2524,934.9235605690657,0.0
2525,1297.1230696083485,0.0
2526,1322.7547211702777,0.0
2527,1448.996048920976,0.0
2528,1707.0,397.1051455920344
2529,1707.0,700.0
2530,1707.0,700.0
2531,1707.0,700.0
2532,1707.0,700.0
2533,1707.0,700.0
2534,1707.0,700.0
2535,1707.0,700.0
2536,1707.0,700.0
2537,1707.0,700.0
2538,1707.0,4.589462290229513
2539,1352.0462652573656,0.0
2540,1509.012315357766,0.0
2541,1447.6092055050663,0.0
2542,1347.7829354182659,0.0
2543,841.3672699492662,0.0
2544,440.81868587616543,0.0
2545,919.8873932130658,0.0
2546,515.7364618423428,0.0
2547,393.32854325773184,0.0
2548,426.64630407679016,0.0
2549,474.14081705251976,0.0
2550,533.2309080714099,0.0
2551,604.104192471211,0.0
2552,1678.7212040412364,0.0
2553,1707.0,265.23174633589997
2554,1707.0,568.3681413246
2555,1707.0,602.1765230338
2556,1707.0,641.0990364124987
2557,1707.0,567.1840164595122
2558,1707.0,423.1264284111842
2559,1707.0,458.3588444036127
2560,1707.0,314.975891615771
2561,1707.0,103.83169479564768
2562,1497.4179221653658,0.0
2563,1319.9070717098657,0.0
2564,1362.6993908538661,0.0
2565,1090.9770506309408,0.0
2566,942.6802257733658,0.0
2567,857.592463543766,0.0
2568,691.7764407742656,0.0
2569,635.7924348564655,0.0
2570,336.1611780489661,0.0
2571,236.96114900206578,0.0
2572,393.2081507957412,0.0
2573,565.038477287241,0.0
2574,409.3240994430376,0.0
2575,867.2649376333045,0.0
2576,1212.841730453076,0.0
2577,1546.3343218505208,0.0
2578,1506.436164942817,0.0
2579,1581.9891895627666,0.0
2580,1707.0,41.70374882730072
2581,1651.8396673231648,0.0
2582,1267.390351511966,0.0
2583,1529.2067446575657,0.0
2584,1458.2015122183661,0.0
2585,1096.9424927315658,0.0
2586,757.0233272105658,0.0
2587,755.0079614770658,0.0
2588,792.3494867100657,0.0
2589,502.6046738222659,0.0
2590,418.2219740409656,0.0
2591,221.5812374943656,0.0
2592,191.77948157976573,0.0
2593,62.87115769046568,0.0
2594,0.0,0.0
2595,0.0,0.0
2596,262.5708743145657,0.0
2597,299.1921437072657,0.0
2598,54.533659951065715,0.0
2599,244.69886024896584,0.0
2600,730.945795633966,0.0
2601,1420.4306605491556,0.0
2602,1687.1841902352658,0.0
2603,1707.0,34.41383517336595
2604,1654.3598138739658,0.0
2605,1464.3787290035661,0.0
2606,1100.486267447066,0.0
2607,1257.5781486617661,0.0
2608,729.0738219420658,0.0
2609,768.5400040823655,0.0
2610,797.8224422667655,0.0
2611,797.0102653325656,0.0
2612,972.3111824647659,0.0
2613,863.0030461447662,0.0
2614,640.3686244831657,0.0
2615,615.2366075542658,0.0
2616,341.4685947477657,0.0
2617,205.22650958326574,0.0
2618,164.71189092916586,0.0
2619,263.1544352771658,0.0
2620,420.4759272056659,0.0
2621,706.0373104667659,0.0
2622,987.2309893709659,0.0
2623,1244.6027363549656,0.0
2624,1567.218526226266,0.0
2625,1707.0,350.36896414546607
2626,1707.0,612.6176574309657
2627,1707.0,640.4725932541661
2628,1707.0,700.0
2629,1707.0,638.7169552165659
2630,1707.0,700.0
2631,1707.0,656.3596672889659
2632,1707.0,489.7871905851657
2633,1707.0,360.01520140756577
2634,1634.6761086270658,0.0
2635,1382.503285816566,0.0
2636,1707.0,120.77240160476595
2637,1707.0,153.6738323081658
2638,1681.5533948511556,0.0
2639,1528.139265449721,0.0
2640,1310.2314083651336,0.0
2641,1002.1108326703438,0.0
2642,965.1305357076474,0.0
2643,326.9403710662996,0.0
2644,436.2007954328001,0.0
2645,518.7011765188997,0.0
2646,626.0915677510998,0.0
2647,997.7626087869002,0.0
2648,1636.0501945420997,0.0
2649,1707.0,557.7444109124
2650,1707.0,418.8967969975999
2651,1707.0,428.03054212110004
2652,1707.0,492.0491787747999
2653,1707.0,416.7608935325002
2654,1707.0,540.2045974799003
2655,1707.0,446.57567797859997
2656,1707.0,699.4535928125001
2657,1707.0,379.93805780485246
2658,1707.0,33.33957964203441
2659,1252.3536199183795,0.0
2660,1605.152248522564,0.0
2661,1693.5581642990687,0.0
2662,1630.7292677042508,0.0
2663,1514.6209326787655,0.0
2664,1305.986964357098,0.0
2665,1198.593940224221,0.0
2666,1152.541859102794,0.0
2667,1201.3435558948106,0.0
2668,1213.3952497889295,0.0
2669,1282.716386954627,0.0
2670,918.5494476943147,0.0
2671,1072.6373430695908,0.0
2672,1686.2002456644382,0.0
2673,1707.0,465.6332148257493
2674,1707.0,637.3832778158181
2675,1707.0,681.67336341503
2676,1707.0,700.0
2677,1707.0,503.37250052468414
2678,1707.0,700.0
2679,1707.0,688.8860228617722
2680,1707.0,675.7095214647827
2681,1707.0,568.8430087214639
2682,1707.0,595.1553657443152
2683,1707.0,371.2906645318936
2684,1707.0,482.0993682489001
2685,1707.0,296.7925499582999
2686,1707.0,174.19135856399993
2687,1650.6446822911998,0.0
2688,1604.6120034092,0.0
2689,1465.9728272465263,0.0
2690,1296.8136772214946,0.0
2691,1397.8475190402066,0.0
2692,1568.9850524475876,0.0
2693,1468.7482279477836,0.0
2694,1520.7126490068965,0.0
2695,1707.0,58.91060223113362
2696,1707.0,207.6850470546458
2697,1707.0,610.8593533250278
2698,1707.0,700.0
2699,1707.0,700.0
2700,1707.0,625.5856854631343
2701,1707.0,468.7721572487353
2702,1707.0,668.2534119153055
2703,1707.0,592.4891227427831
2704,1707.0,402.19145502295606
2705,1707.0,167.59419231723152
2706,1289.9101440047348,0.0
2707,1169.0868745206476,0.0
2708,1189.9742764895748,0.0
2709,1016.9400548742568,0.0
2710,813.8397906348193,0.0
2711,205.16903188399658,0.0
2712,0.0,0.0
2713,483.40185279801193,0.0
2714,370.26619318002616,0.0
2715,495.238615247825,0.0
2716,648.604672444334,0.0
2717,446.7814604708361,0.0
2718,388.43499591951337,0.0
2719,214.2830681966032,0.0
2720,963.0724860930621,0.0
2721,992.421975837308,0.0
2722,1203.0253738899223,0.0
2723,909.5030904232276,0.0
2724,765.5301073650504,0.0
2725,907.7609862083268,0.0
2726,933.0160249133402,0.0
2727,965.8895126095371,0.0
2728,940.6485211716707,0.0
2729,546.5087994699123,0.0
2730,651.0439552605275,0.0
2731,660.0795400435758,0.0
2732,754.3178000152892,0.0
2733,722.8204183181459,0.0
2734,592.1433439430529,0.0
2735,499.75936427077374,0.0
2736,497.63785929389303,0.0
2737,393.77777587671625,0.0
2738,574.4148014065029,0.0
2739,735.1541580040873,0.0
2740,1148.312933152134,0.0
2741,1208.4353831622984,0.0
2742,1202.6653267741633,0.0
2743,1083.8926372992858,0.0
2744,1681.264666147234,0.0
2745,1707.0,182.8427231321578
2746,1707.0,190.7455501019198
2747,1707.0,410.87175572323696
2748,1707.0,469.3329818484656
2749,1707.0,309.57582234861576
2750,1707.0,414.64275296115085
2751,1707.0,167.08271121055512
2752,1707.0,218.2174335032769
2753,1292.4129277823015,0.0
2754,1074.0182140654076,0.0
2755,708.6638468827032,0.0
2756,1014.5074283620997,0.0
2757,865.2145524177997,0.0
2758,852.7088804627093,0.0
2759,727.8193726714399,0.0
2760,686.5084747344999,0.0
2761,761.6700002601999,0.0
2762,685.5061841331999,0.0
2763,638.6425248087999,0.0
2764,770.5918294267999,0.0
2765,663.5824136066544,0.0
2766,602.9095992526748,0.0
2767,1344.8733454176,0.0
2768,1514.7380932101,0.0
2769,1707.0,172.61762661035792
2770,1707.0,469.1817815163184
2771,1707.0,301.5858742561923
2772,1707.0,194.68650881048035
2773,1707.0,62.57151303587733
2774,1707.0,134.3895552601363
2775,1484.1117288976136,0.0
2776,1515.1557042578884,0.0
2777,1480.414154469,0.0
2778,1618.146371162379,0.0
2779,1497.4112051380002,0.0
2780,1707.0,36.27519871100003
2781,1662.33006930452,0.0
2782,1419.5580447444477,0.0
2783,1593.2539811906986,0.0
2784,1533.156580093512,0.0
2785,1439.815188044139,0.0
2786,1141.135958000808,0.0
2787,1164.8303619746503,0.0
2788,1085.134424766971,0.0
2789,496.02482663095145,0.0
2790,480.9552541680014,0.0
2791,686.0474625030623,0.0
2792,690.5480609211997,0.0
2793,1065.0626672209432,0.0
2794,1297.2530789091184,0.0
2795,1491.6401677588337,0.0
2796,1627.0291582046182,0.0
2797,1393.4260911551196,0.0
2798,1490.434710602668,0.0
2799,1394.9549131066149,0.0
2800,1412.477641829048,0.0
2801,1437.726136091666,0.0
2802,1498.1650327215661,0.0
2803,1301.4600580585657,0.0
2804,1411.1994788955658,0.0
2805,1464.8760302345659,0.0
2806,1673.923680353766,0.0
2807,1699.106342428966,0.0
2808,1705.264778200566,0.0
2809,1531.351836761066,0.0
2810,721.4573666228656,0.0
2811,520.3805064314657,0.0
2812,568.1022907364655,0.0
2813,560.774959159066,0.0
2814,447.8335509166658,0.0
2815,690.2142573055661,0.0
2816,1168.3124226945656,0.0
2817,1517.7293172733662,0.0
2818,1586.689311790366,0.0
2819,1707.0,233.29884385146602
2820,1707.0,371.2805302483655
2821,1707.0,370.6949949781658
2822,1707.0,461.483965446766
2823,1707.0,354.7044545371658
2824,1707.0,343.650611644366
2825,1707.0,393.10070408766603
2826,1707.0,65.03252920356579
2827,1020.7929633668658,0.0
2828,1464.434513380566,0.0
2829,1529.423232577566,0.0
2830,1466.1683496013657,0.0
2831,1347.6998023505657,0.0
2832,1261.1941645537659,0.0
2833,1114.076229562166,0.0
2834,1089.609665269566,0.0
2835,1142.520482038066,0.0
2836,1125.325042727466,0.0
2837,930.6192644927659,0.0
2838,726.2650732925657,0.0
2839,1002.3794502787661,0.0
2840,1135.1339277055658,0.0
2841,1413.7300473898658,0.0
2842,1707.0,20.700510661465728
2843,1707.0,1.8219670818658642
2844,1707.0,184.1064008889657
2845,1707.0,100.69119505106562
2846,1707.0,227.960967853066
2847,1707.0,272.80371559696573
2848,1707.0,139.84766963286575
2849,1707.0,23.271547417065563
2850,1222.061175954566,0.0
2851,1062.8394514345655,0.0
2852,1345.5642201145656,0.0
2853,1408.1867717165655,0.0
2854,1338.1338559455662,0.0
2855,1173.7329328335654,0.0
2856,1106.6435829635657,0.0
2857,448.61761897456597,0.0
2858,537.831694967789,0.0
2859,724.178368062921,0.0
2860,1160.28680690188,0.0
2861,1107.8133613128002,0.0
2862,924.1787442573,0.0
2863,1015.3981963549999,0.0
2864,1495.5236075766,0.0
2865,1707.0,91.46652886790025
2866,1707.0,321.25441378020025
2867,1707.0,436.2689146150702
2868,1707.0,643.6031315738318
2869,1707.0,523.2392676550044
2870,1707.0,615.0524799286775
2871,1707.0,697.687385767935
2872,1707.0,673.3873842447313
2873,1707.0,234.68934348457347
2874,1363.366027809407,0.0
2875,1191.5908295440056,0.0
2876,1214.4011311966028,0.0
2877,1034.164804064268,0.0
2878,870.6947667395286,0.0
2879,743.3712298754981,0.0
2880,529.6912031516999,0.0
2881,371.41949466369766,0.0
2882,336.6485178390311,0.0
2883,395.40459249691287,0.0
2884,542.8598026983398,0.0
2885,427.4923228956658,0.0
2886,170.1358052535335,0.0
2887,653.1884524292929,0.0
2888,1298.7493575965,0.0
2889,1682.0894890432,0.0
2890,1707.0,602.9314606650003
2891,1707.0,533.8011298412002
2892,1707.0,124.62375463098084
2893,1707.0,389.4630776782446
2894,1603.7089839288,0.0
2895,1689.8611433499673,0.0
2896,1409.1561703694886,0.0
2897,1009.7906513111636,0.0
2898,734.154437240738,0.0
2899,391.15490417715137,0.0
2900,349.12849258894954,0.0
2901,279.509830978069,0.0
2902,636.2512823567969,0.0
2903,596.3162513097253,0.0
2904,74.18820432633348,0.0
2905,241.3041380831885,0.0
2906,578.4422534796703,0.0
2907,541.6888598504158,0.0
2908,356.6376900845586,0.0
2909,583.5353260193323,0.0
2910,0.3351065063269427,0.0
2911,660.0826159489998,0.0
2912,816.5965256789044,0.0
2913,1042.4089005159792,0.0
2914,1272.5566674956185,0.0
2915,1412.7235408076376,0.0
2916,1481.8319461160156,0.0
2917,1707.0,201.0478399883355
2918,1707.0,464.8414672608863
2919,1707.0,283.11448169163464
2920,1615.5573816795827,0.0
2921,998.1991887532075,0.0
2922,821.2686590747192,0.0
2923,871.6428223409583,0.0
2924,945.9120024180326,0.0
2925,785.4510392025874,0.0
2926,658.7019802910862,0.0
2927,528.4673033937562,0.0
2928,319.52649579301806,0.0
2929,155.42714124930154,0.0
2930,16.193406459579293,0.0
2931,0.0,0.0
2932,309.57563787289996,0.0
2933,294.89061698297934,0.0
2934,101.37210513299033,0.0
2935,638.3001430451542,0.0
2936,1373.6673695082209,0.0
2937,1707.0,256.2834113235858
2938,1707.0,700.0
2939,1707.0,700.0
2940,1707.0,700.0
2941,1707.0,662.9251226978221
2942,1707.0,700.0
2943,1707.0,121.23290581896924
2944,1143.7268985500955,0.0
2945,826.7080061608395,0.0
2946,799.6204361192998,0.0
2947,896.7340535465399,0.0
2948,1155.255574397932,0.0
2949,949.0046905389855,0.0
2950,257.31550694468524,0.0
2951,316.3171597939753,0.0
2952,5.435969041929127,0.0
2953,0.0,0.0
2954,0.0,0.0
2955,0.0,0.0
2956,0.0,0.0
2957,0.0,0.0
2958,0.0,0.0
2959,249.45102086881553,0.0
2960,748.1180793034562,0.0
2961,868.2541928531193,0.0
2962,1475.385059545585,0.0
2963,1464.3718729334819,0.0
2964,1615.3755887428188,0.0
2965,1486.065324245454,0.0
2966,1613.5912602813303,0.0
2967,1707.0,7.5277654134778444
2968,1523.5696893934578,0.0
2969,1585.3854832245656,0.0
2970,1218.5331852367658,0.0
2971,1117.5868974260657,0.0
2972,846.5350580712452,0.0
2973,833.2477066290453,0.0
2974,822.3880985067657,0.0
2975,668.2405113328455,0.0
2976,711.5948904135656,0.0
2977,775.6534381054656,0.0
2978,797.5594868363659,0.0
2979,549.0050612665658,0.0
2980,930.7868352065658,0.0
2981,1089.9815708577657,0.0
2982,1070.4178357946657,0.0
2983,1076.1187781866656,0.0
2984,1219.285845165266,0.0
2985,1537.1669645472375,0.0
2986,1695.7736772387034,0.0
2987,1577.208625410351,0.0
2988,1569.4797503065613,0.0
2989,1440.499704323266,0.0
2990,1573.1047297397654,0.0
2991,1297.8437059981661,0.0
2992,674.3281551527658,0.0
2993,661.0002342068659,0.0
2994,567.4297077775658,0.0
2995,564.7087112345656,0.0
2996,1069.625985976566,0.0
2997,1254.721141598366,0.0
2998,1117.2464539471662,0.0
2999,574.1741836440657,0.0
3000,0.0,0.0
3001,0.0,0.0
3002,0.0,0.0
3003,0.0,0.0
3004,0.0,0.0
3005,0.0,0.0
3006,0.0,0.0
3007,0.0,0.0
3008,0.0,0.0
3009,327.54415183966546,0.0
3010,584.8420730471659,0.0
3011,632.3142745347658,0.0
3012,809.6657479530655,0.0
3013,745.4111324829661,0.0
3014,953.432201151766,0.0
3015,1005.3535626327663,0.0
3016,907.420472012666,0.0
3017,929.7638864087659,0.0
3018,744.3228696829657,0.0
3019,657.5869462965658,0.0
3020,617.6528232750655,0.0
3021,190.09326540516565,0.0
3022,0.0,0.0
3023,0.0,0.0
3024,-0.0,0.0
3025,0.0,0.0
3026,0.0,0.0
3027,0.0,0.0
3028,0.0,0.0
3029,0.0,0.0
3030,0.0,0.0
3031,0.0,0.0
3032,67.99461146853947,0.0
3033,818.6879505646543,0.0
3034,716.9371326034262,0.0
3035,1071.9683550627171,0.0
3036,979.1028810965303,0.0
3037,1471.4357535069055,0.0
3038,1707.0,140.69339062597348
3039,1707.0,282.1658004927257
3040,1707.0,248.29015477384175
3041,1707.0,246.80702432747069
3042,1561.0565670957437,0.0
3043,1292.2412088619378,0.0
3044,987.172716902652,0.0
3045,819.8944204746541,0.0
3046,998.8124742585525,0.0
3047,531.9097404767097,0.0
3048,580.4884686194961,0.0
3049,98.5677103149271,0.0
3050,0.0,0.0
3051,0.0,0.0
3052,11.582383058191038,0.0
3053,93.66459381899972,0.0
3054,0.0,0.0
3055,239.11074685769972,0.0
3056,700.1016474168,0.0
3057,878.1774047888002,0.0
3058,1154.1626501686997,0.0
3059,1548.2584539031277,0.0
3060,1437.704259797855,0.0
3061,1282.3349352494715,0.0
3062,1081.3465905940795,0.0
3063,1261.7035561813775,0.0
3064,1212.856192307702,0.0
3065,967.1215575902787,0.0
3066,315.0214731002321,0.0
3067,683.377361253666,0.0
3068,1002.710040269466,0.0
3069,580.5446375758656,0.0
3070,271.5570108243659,0.0
3071,62.583183659644156,0.0
3072,0.0,0.0
3073,39.017341525665756,0.0
3074,227.5202129115661,0.0
3075,218.73001960471498,0.0
3076,360.6445701965387,0.0
3077,407.0267286982135,0.0
3078,482.91701317742303,0.0
3079,750.4255984313247,0.0
3080,661.6568374900428,0.0
3081,1021.2505058548294,0.0
3082,734.1660658372497,0.0
3083,469.150565208088,0.0
3084,837.1925150740301,0.0
3085,1082.9197329494893,0.0
3086,1020.6159154149593,0.0
3087,1582.5911376461108,0.0
3088,1244.8224812785427,0.0
3089,1012.5202177911377,0.0
3090,509.610496458566,0.0
3091,414.0201391207653,0.0
3092,385.6206825723658,0.0
3093,29.836418961965933,0.0
3094,0.0,0.0
3095,0.0,0.0
3096,0.0,0.0
3097,0.0,0.0
3098,0.0,0.0
3099,0.0,0.0
3100,0.0,0.0
3101,0.0,0.0
3102,0.0,0.0
3103,65.55031403982616,0.0
3104,552.0986657028221,0.0
3105,1204.3098772728279,0.0
3106,1443.2213183973831,0.0
3107,1707.0,356.7105675893217
3108,1707.0,534.5501980952854
3109,1707.0,146.80200883518654
3110,1707.0,399.3564456788342
3111,1707.0,306.52074381836616
3112,1359.2687053327597,0.0
3113,1707.0,209.85863384974297
3114,1490.476825881166,0.0
3115,1230.1528958039657,0.0
3116,1180.4354697369658,0.0
3117,943.3816864444661,0.0
3118,608.8065623717661,0.0
3119,0.0,0.0
3120,0.0,0.0
3121,0.0,0.0
3122,0.0,0.0
3123,0.0,0.0
3124,98.41617601330509,0.0
3125,0.0,0.0
3126,286.0544880402129,0.0
3127,0.0,0.0
3128,0.0,0.0
3129,525.6214379505536,0.0
3130,318.9920750100843,0.0
3131,999.3800759400185,0.0
3132,1164.4308185947227,0.0
3133,1179.6715227892482,0.0
3134,1564.2429813238248,0.0
3135,1707.0,326.4774493681648
3136,1676.3383766248608,0.0
3137,1696.5954719754889,0.0
3138,1487.8085768385317,0.0
3139,1333.6628286399998,0.0
3140,1095.5440378992332,0.0
3141,998.08684327626,0.0
3142,731.2555127235998,0.0
3143,214.7544405317999,0.0
3144,21.25781993709961,0.0
3145,0.0,0.0
3146,0.0,0.0
3147,136.36235358970748,0.0
3148,17.030584835409627,0.0
3149,77.12341685167742,0.0
3150,541.3483122392306,0.0
3151,621.6744306392127,0.0
3152,1105.8102311499517,0.0
3153,1707.0,279.75261315947483
3154,1179.8565980567892,0.0
3155,1097.1459875220987,0.0
3156,1415.607829176852,0.0
3157,1498.7371017877886,0.0
3158,1695.9125090025864,0.0
3159,1707.0,124.77753252039113
3160,1707.0,92.79276739590159
3161,1707.0,175.2564499859537
3162,1173.1053173444673,0.0
3163,854.0729945265058,0.0
3164,1038.6496252934053,0.0
3165,898.6334877966041,0.0
3166,768.3021141335884,0.0
3167,478.6074355454814,0.0
3168,384.39713780449983,0.0
3169,301.18747718459986,0.0
3170,98.87838699560007,0.0
3171,291.18150874189996,0.0
3172,789.7472926526999,0.0
3173,851.524821659,0.0
3174,974.0196950005999,0.0
3175,897.9066904068999,0.0
3176,1558.4294504281002,0.0
3177,1707.0,326.0234345354999
3178,1707.0,700.0
3179,1707.0,505.08650014381317
3180,1707.0,700.0
3181,1707.0,412.1759166607007
3182,1707.0,312.75333561661455
3183,1535.7425947425374,0.0
3184,1543.128116118087,0.0
3185,1282.6504917535538,0.0
3186,933.1626390495595,0.0
3187,874.6554404854882,0.0
3188,756.4682208631984,0.0
3189,568.898219662083,0.0
3190,484.5687961291873,0.0
3191,290.16365232917076,0.0
3192,187.2627479504772,0.0
3193,0.0,0.0
3194,0.0,0.0
3195,0.0,0.0
3196,206.7305906548134,0.0
3197,319.0668447602517,0.0
3198,375.0292094241619,0.0
3199,314.65374726969156,0.0
3200,641.8626995374223,0.0
3201,939.1791325310222,0.0
3202,1070.9234071987985,0.0
3203,1091.7124179398636,0.0
3204,1068.8117780461457,0.0
3205,979.8222368653171,0.0
3206,398.3734511102521,0.0
3207,625.6016582977959,0.0
3208,1032.2304603033517,0.0
3209,1047.9402607265695,0.0
3210,1092.5058621908624,0.0
3211,1241.2022612465657,0.0
3212,1139.1137325657655,0.0
3213,880.3613725586657,0.0
3214,604.8196068173658,0.0
3215,411.76610464436556,0.0
3216,415.6084634557657,0.0
3217,213.2643207487656,0.0
3218,31.6847510978655,0.0
3219,74.88731790696556,0.0
3220,281.5975511940659,0.0
3221,345.7560990254657,0.0
3222,311.1787585021658,0.0
3223,264.0489920450658,0.0
3224,825.2929874049659,0.0
3225,1420.031988172566,0.0
3226,1707.0,9.774848156393169
3227,1707.0,45.466385030050155
3228,1707.0,47.001460461582006
3229,1508.9825826764645,0.0
3230,1175.014669851117,0.0
3231,1092.6477650777856,0.0
3232,1008.5436615129248,0.0
3233,1050.2241509694659,0.0
3234,619.238979646666,0.0
3235,279.8972854543655,0.0
3236,395.8278242317657,0.0
3237,449.42950337056584,0.0
3238,242.38179024556587,0.0
3239,0.0,0.0
3240,0.0,0.0
3241,0.0,0.0
3242,0.0,0.0
3243,0.0,0.0
3244,0.0,0.0
3245,0.0,0.0
3246,0.0,0.0
3247,429.9127746192376,0.0
3248,679.1652663972244,0.0
3249,882.056862457842,0.0
3250,1202.1177228652612,0.0
3251,1637.5580690794118,0.0
3252,1121.1630946632658,0.0
3253,921.2613906329235,0.0
3254,861.2603997249657,0.0
3255,615.8221365668661,0.0
3256,182.7676987437659,0.0
3257,90.00291084386583,0.0
3258,197.19403570166594,0.0
3259,295.3227331687659,0.0
3260,326.776330901066,0.0
3261,123.49737986456591,0.0
3262,0.0,0.0
3263,0.0,0.0
3264,0.0,0.0
3265,0.0,0.0
3266,0.0,0.0
3267,0.0,0.0
3268,0.0,0.0
3269,0.0,0.0
3270,0.0,0.0
3271,0.0,0.0
3272,463.9736067637882,0.0
3273,1214.2649100850335,0.0
3274,1249.296901042697,0.0
3275,1442.3949936906226,0.0
3276,1459.8803003920168,0.0
3277,1707.0,3.644088586696398
3278,1252.9799097290131,0.0
3279,769.819790028485,0.0
3280,771.293075186959,0.0
3281,376.7976695135659,0.0
3282,292.0186864426654,0.0
3283,668.3989938845658,0.0
3284,604.4675815644658,0.0
3285,196.5563709081656,0.0
3286,248.36940831856566,0.0
3287,101.50612973066575,0.0
3288,16.656097843665634,0.0
3289,0.0,0.0
3290,0.0,0.0
3291,0.0,0.0
3292,0.0,0.0
3293,44.92842555166601,0.0
3294,0.0,0.0
3295,0.0,0.0
3296,420.6811162187382,0.0
3297,407.9069128267443,0.0
3298,117.73196067858021,0.0
3299,402.040172144446,0.0
3300,482.06331705043556,0.0
3301,733.3443855071865,0.0
3302,874.502716736566,0.0
3303,734.0217623717657,0.0
3304,690.9645107059656,0.0
3305,520.7046304610659,0.0
3306,361.42020829256546,0.0
3307,202.08134214456607,0.0
3308,167.285450386266,0.0
3309,0.0,0.0
3310,0.0,0.0
3311,319.42808932946616,0.0
3312,90.08147697696597,0.0
3313,0.0,0.0
3314,0.0,0.0
3315,261.2057292205658,0.0
3316,686.4152186525658,0.0
3317,732.6627091455654,0.0
3318,836.0287691963655,0.0
3319,903.2404317640228,0.0
3320,987.9797310980848,0.0
3321,1250.9851931136182,0.0
3322,1498.7635711537828,0.0
3323,1478.0501592830026,0.0
3324,1349.757947758925,0.0
3325,1290.6665528630435,0.0
3326,1442.1774004469303,0.0
3327,1498.8515917518214,0.0
3328,1248.5249727727655,0.0
3329,996.6699773235658,0.0
3330,829.3835439995659,0.0
3331,758.8098087425659,0.0
3332,660.4089159705658,0.0
3333,364.33703888176603,0.0
3334,20.956339352365944,0.0
3335,0.0,0.0
3336,0.0,0.0
3337,0.0,0.0
3338,0.0,0.0
3339,0.0,0.0
3340,0.0,0.0
3341,0.0,0.0
3342,0.0,0.0
3343,113.76889056810327,0.0
3344,572.1145519095925,0.0
3345,1455.835787097946,0.0
3346,1707.0,52.978713366612716
3347,1707.0,61.6750734162108
3348,1707.0,274.52743789591585
3349,1247.4105369401534,0.0
3350,1707.0,222.52526853219328
3351,1707.0,187.34698128705742
3352,1707.0,121.51341747129766
3353,1707.0,34.20648060564459
3354,1419.4325376695656,0.0
3355,1068.973219361566,0.0
3356,660.321927386566,0.0
3357,406.9095945135658,0.0
3358,84.19613547456584,0.0
3359,0.0,0.0
3360,0.0,0.0
3361,0.0,0.0
3362,67.47492885774723,0.0
3363,439.7758846464008,0.0
3364,954.7548771858494,0.0
3365,1037.1067593869998,0.0
3366,1093.590635008,0.0
3367,1707.0,85.1092211194997
3368,1707.0,321.23913719350014
3369,1707.0,672.9431886060997
3370,1707.0,700.0
3371,1707.0,700.0
3372,1707.0,700.0
3373,1707.0,509.3186920012134
3374,1707.0,571.1846190100246
3375,1707.0,413.44626990648015
3376,1622.9813470700562,0.0
3377,1020.7642161960995,0.0
3378,866.0501931584624,0.0
3379,881.2440709017657,0.0
3380,948.7984000040661,0.0
3381,681.5846223465657,0.0
3382,443.9147036200658,0.0
3383,107.84508194916577,0.0
3384,81.7184931175658,0.0
3385,0.0,0.0
3386,0.0,0.0
3387,0.0,0.0
3388,0.0,0.0
3389,0.0,0.0
3390,0.0,0.0
3391,0.0,0.0
3392,322.67742753455855,0.0
3393,466.13257166484846,0.0
3394,734.5501790572517,0.0
3395,579.2975488702522,0.0
3396,248.0956120869654,0.0
3397,811.4111577038656,0.0
3398,1041.7060543616658,0.0
3399,670.7072870194653,0.0
3400,245.1814423689658,0.0
3401,463.61714689416556,0.0
3402,653.6453382188657,0.0
3403,626.4527412893652,0.0
3404,111.77036556836595,0.0
3405,0.0,0.0
3406,0.0,0.0
3407,0.0,0.0
3408,0.0,0.0
3409,0.0,0.0
3410,0.0,0.0
3411,0.0,0.0
3412,0.0,0.0
3413,0.0,0.0
3414,143.25018040266548,0.0
3415,160.03913233336573,0.0
3416,382.2525598809656,0.0
3417,555.0456655064655,0.0
3418,439.4495648261658,0.0
3419,874.6265884692658,0.0
3420,0.0,0.0
3421,0.0,0.0
3422,0.0,0.0
3423,0.0,0.0
3424,0.0,0.0
3425,0.0,0.0
3426,0.0,0.0
3427,65.3669274975656,0.0
3428,663.0014557550654,0.0
3429,587.1204051877659,0.0
3430,207.4006857236658,0.0
3431,333.0317869377658,0.0
3432,0.0,0.0
3433,0.0,0.0
3434,0.0,0.0
3435,0.0,0.0
3436,0.0,0.0
3437,0.0,0.0
3438,0.0,0.0
3439,16.48964004526556,0.0
3440,82.85722162166542,0.0
3441,652.3122395213658,0.0
3442,1363.035714225066,0.0
3443,1651.9887000525655,0.0
3444,1707.0,138.68179453486562
3445,1707.0,22.578982107165757
3446,1707.0,506.8415080477657
3447,1566.904159955966,0.0
3448,1120.0427214125652,0.0
3449,679.6646927451658,0.0
3450,770.8275307646655,0.0
3451,1102.5749488639658,0.0
3452,1241.4024551940656,0.0
3453,1056.543210656966,0.0
3454,1137.0780598134656,0.0
3455,1244.1604034679658,0.0
3456,686.5933341038659,0.0
3457,262.67975218386584,0.0
3458,174.2544102211658,0.0
3459,0.0,0.0
3460,60.634233901065386,0.0
3461,310.9570996806657,0.0
3462,702.6726484830659,0.0
3463,1270.1293016020654,0.0
3464,1563.4679074163655,0.0
3465,1707.0,305.99513096976557
3466,1707.0,211.52820439486584
3467,1707.0,344.2974045089661
3468,1420.0187830235654,0.0
3469,1142.8423901912656,0.0
3470,811.2566684393656,0.0
3471,933.6731288444654,0.0
3472,487.78588994366567,0.0
3473,440.53134214456543,0.0
3474,307.18765972056565,0.0
3475,743.0587174605658,0.0
3476,310.9746672285652,0.0
3477,212.45547740856512,0.0
3478,22.966143572266105,0.0
3479,172.75698499256612,0.0
3480,790.6085504079659,0.0
3481,64.4711338482656,0.0
3482,0.0,0.0
3483,107.86672962516559,0.0
3484,388.41389468756586,0.0
3485,546.4892225175655,0.0
3486,457.5896364233655,0.0
3487,508.1812107926654,0.0
3488,599.2112809445654,0.0
3489,1055.7859080103658,0.0
3490,1343.4459080103657,0.0
3491,1493.2561610899656,0.0
3492,1482.3377684928655,0.0
3493,1514.583961126366,0.0
3494,900.280801551466,0.0
3495,1051.2836072906653,0.0
3496,418.1984859770656,0.0
3497,893.6919200968656,0.0
3498,529.0874270237656,0.0
3499,837.2060065934655,0.0
3500,505.7122963126659,0.0
3501,225.15556308686598,0.0
3502,0.0,0.0
3503,0.0,0.0
3504,0.0,0.0
3505,0.0,0.0
3506,0.0,0.0
3507,0.0,0.0
3508,0.0,0.0
3509,0.0,0.0
3510,0.0,0.0
3511,0.0,0.0
3512,139.77404024220226,0.0
3513,736.3085470566037,0.0
3514,1183.876395016251,0.0
3515,1208.6631844718145,0.0
3516,1100.8635163736994,0.0
3517,629.0721419687268,0.0
3518,783.4883632619577,0.0
3519,601.6692959334924,0.0
3520,581.2472194262821,0.0
3521,617.2532915354421,0.0
3522,554.6738914505655,0.0
3523,614.7009375206659,0.0
3524,515.2704731030659,0.0
3525,286.6970689259657,0.0
3526,23.516205333565722,0.0
3527,0.0,0.0
3528,0.0,0.0
3529,0.0,0.0
3530,0.0,0.0
3531,0.0,0.0
3532,5.41535052306574,0.0
3533,18.514024495165813,0.0
3534,299.4866151854659,0.0
3535,561.3313415993655,0.0
3536,1009.5146391881339,0.0
3537,1546.6386369091183,0.0
3538,1707.0,456.8267119800641
3539,1707.0,640.7212700297265
3540,1707.0,700.0
3541,1707.0,410.04312810488256
3542,1707.0,362.50554471423703
3543,1707.0,78.51240860740619
3544,1338.0247688678162,0.0
3545,1371.5656440855655,0.0
3546,973.9672417116659,0.0
3547,926.4052795825656,0.0
3548,923.3469240217659,0.0
3549,742.8846157225659,0.0
3550,293.1885807330656,0.0
3551,297.5420671669657,0.0
3552,115.04814658726593,0.0
3553,0.0,0.0
3554,0.0,0.0
3555,0.0,0.0
3556,0.0,0.0
3557,0.0,0.0
3558,0.0,0.0
3559,35.95463313936568,0.0
3560,133.96958432926232,0.0
3561,96.40008990602243,0.0
3562,621.2014129219624,0.0
3563,321.88001564202636,0.0
3564,346.17863536839906,0.0
3565,97.16361118830956,0.0
3566,501.3351359168656,0.0
3567,0.0,0.0
3568,0.0,0.0
3569,0.0,0.0
3570,0.0,0.0
3571,0.0,0.0
3572,0.0,0.0
3573,0.0,0.0
3574,0.0,0.0
3575,0.0,0.0
3576,0.0,0.0
3577,0.0,0.0
3578,0.0,0.0
3579,0.0,0.0
3580,0.0,0.0
3581,0.0,0.0
3582,0.0,0.0
3583,621.1004246542409,0.0
3584,939.2968538539674,0.0
3585,1225.215116808853,0.0
3586,665.8695351955737,0.0
3587,532.0256245634264,0.0
3588,525.0112554079626,0.0
3589,430.44504754419813,0.0
3590,268.24799039719665,0.0
3591,266.83527254656457,0.0
3592,215.24431715793472,0.0
3593,195.4642988356409,0.0
3594,0.0,0.0
3595,0.0,0.0
3596,0.0,0.0
3597,0.0,0.0
3598,0.0,0.0
3599,0.0,0.0
3600,0.0,0.0
3601,0.0,0.0
3602,0.0,0.0
3603,0.0,0.0
3604,0.0,0.0
3605,0.0,0.0
3606,37.70850860063525,0.0
3607,548.7844110920581,0.0
3608,1300.9438939814936,0.0
3609,1707.0,63.50053772998898
3610,1707.0,277.870871855763
3611,1707.0,415.95982942123527
3612,1707.0,57.166875571321484
3613,1707.0,196.30999075988123
3614,1707.0,68.54260698864292
3615,1575.0952088241136,0.0
3616,1231.880365499837,0.0
3617,852.9183905225656,0.0
3618,772.8106108845658,0.0
3619,698.6008801146655,0.0
3620,555.2593398339657,0.0
3621,331.48759441316577,0.0
3622,23.183934217065712,0.0
3623,103.3686907266657,0.0
3624,0.0,0.0
3625,0.0,0.0
3626,0.0,0.0
3627,0.0,0.0
3628,0.0,0.0
3629,0.0,0.0
3630,49.90253041236576,0.0
3631,381.8287008154059,0.0
3632,765.7225256701655,0.0
3633,1299.5694142155094,0.0
3634,1707.0,39.600036030941084
3635,1707.0,223.7196752218544
3636,1707.0,291.49539081072237
3637,1707.0,205.49259893940638
3638,1707.0,215.08478330756625
3639,1707.0,71.07933408487895
3640,1445.8778494638195,0.0
3641,1143.4588896075657,0.0
3642,873.5679926245656,0.0
3643,751.1738347895656,0.0
3644,654.8349530573654,0.0
3645,424.2979984468658,0.0
3646,241.85736596306572,0.0
3647,31.38554501996589,0.0
3648,0.0,0.0
3649,0.0,0.0
3650,0.0,0.0
3651,0.0,0.0
3652,103.5493699156998,0.0
3653,127.37217696911357,0.0
3654,60.23956344698883,0.0
3655,635.7287324343426,0.0
3656,844.9552758647045,0.0
3657,1086.5758622948001,0.0
3658,1628.237061012137,0.0
3659,1602.5078990277134,0.0
3660,1707.0,130.27403494705183
3661,1382.9488661656003,0.0
3662,1184.7649927310827,0.0
3663,667.4356691698001,0.0
3664,765.4564990021673,0.0
3665,609.7551374014466,0.0
3666,511.139616617415,0.0
3667,531.9366368137502,0.0
3668,275.9875097704946,0.0
3669,229.18860898862832,0.0
3670,99.88265363254315,0.0
3671,0.0,0.0
3672,0.0,0.0
3673,0.0,0.0
3674,0.0,0.0
3675,0.0,0.0
3676,0.0,0.0
3677,0.0,0.0
3678,0.0,0.0
3679,182.77740729485072,0.0
3680,298.03170939611425,0.0
3681,679.2636374933546,0.0
3682,867.5585424899392,0.0
3683,748.7157275170249,0.0
3684,723.5052629224488,0.0
3685,474.8852990203401,0.0
3686,626.686681891316,0.0
3687,283.52687806790595,0.0
3688,353.56195954619415,0.0
3689,459.1153804577656,0.0
3690,626.5183069630656,0.0
3691,915.0894096668659,0.0
3692,742.4177840380654,0.0
3693,514.3109150670658,0.0
3694,444.32522878656584,0.0
3695,303.56334920286577,0.0
3696,115.12511780876582,0.0
3697,105.83530761351824,0.0
3698,0.0,0.0
3699,0.0,0.0
3700,107.02983974516621,0.0
3701,0.0,0.0
3702,0.0,0.0
3703,0.0,0.0
3704,226.9631194599424,0.0
3705,1326.0790485978569,0.0
3706,1539.9264738726133,0.0
3707,1559.7751310523317,0.0
3708,1446.07490395542,0.0
3709,1625.756980849831,0.0
3710,1482.8577831281796,0.0
3711,1026.3824242593932,0.0
3712,681.5725086963373,0.0
3713,755.871146867064,0.0
3714,780.6492308206845,0.0
3715,889.1660205490743,0.0
3716,778.3539826542562,0.0
3717,788.7752713005458,0.0
3718,235.38056380918917,0.0
3719,322.3080597838777,0.0
3720,171.0284221991835,0.0
3721,0.0,0.0
3722,0.0,0.0
3723,0.0,0.0
3724,12.084205065971972,0.0
3725,143.98544796760905,0.0
3726,243.27912144380002,0.0
3727,383.5221598003002,0.0
3728,328.5366248660424,0.0
3729,674.3688345597927,0.0
3730,367.19041192197426,0.0
3731,451.96673854436057,0.0
3732,515.3173901586026,0.0
3733,192.52363424609757,0.0
3734,150.53828454884646,0.0
3735,135.27984962266567,0.0
3736,423.7652399826653,0.0
3737,434.79975787346564,0.0
3738,404.43762148056555,0.0
3739,599.8779143625655,0.0
3740,664.7488248917654,0.0
3741,354.99744549296577,0.0
3742,260.2962627090657,0.0
3743,687.0458321882658,0.0
3744,0.0,0.0
3745,0.0,0.0
3746,0.0,0.0
3747,0.0,0.0
3748,54.46307954136603,0.0
3749,86.2147495603657,0.0
3750,302.71562781836576,0.0
3751,577.8721129476661,0.0
3752,1142.1124317837657,0.0
3753,1480.883157705166,0.0
3754,1707.0,13.869520887565955
3755,1593.633167736466,0.0
3756,1526.2166404898662,0.0
3757,1374.1670619853658,0.0
3758,1268.6390645833658,0.0
3759,1258.9345857800658,0.0
3760,1300.2642180525659,0.0
3761,1019.5118803170657,0.0
3762,1079.8133683605656,0.0
3763,756.2616660055654,0.0
3764,406.5358372426657,0.0
3765,337.189505842966,0.0
3766,248.30171894826572,0.0
3767,0.0,0.0
3768,0.0,0.0
3769,0.0,0.0
3770,0.0,0.0
3771,0.0,0.0
3772,0.0,0.0
3773,20.372349341165396,0.0
3774,72.67971952266623,0.0
3775,212.68411583186582,0.0
3776,606.922859380866,0.0
3777,1009.354047267566,0.0
3778,1552.0790643033656,0.0
3779,1160.7460703282654,0.0
3780,1564.986049497666,0.0
3781,1385.920452216366,0.0
3782,1707.0,39.24085160046582
3783,1510.298398437366,0.0
3784,591.5872276286656,0.0
3785,546.473154337166,0.0
3786,538.4615115862658,0.0
3787,126.97321659756528,0.0
3788,630.6207941170654,0.0
3789,443.84184122116574,0.0
3790,230.7279818246658,0.0
3791,0.0,0.0
3792,543.7137881800658,0.0
3793,80.43679585206519,0.0
3794,192.58869742986587,0.0
3795,725.6911852543659,0.0
3796,560.9706803564658,0.0
3797,1045.3355669003658,0.0
3798,946.0785454541659,0.0
3799,1505.9089498704657,0.0
3800,1707.0,312.7336463278658
3801,1707.0,321.3914790671655
3802,1707.0,266.1953723888661
3803,1707.0,700.0
3804,1707.0,700.0
3805,1707.0,153.66472073986586
3806,1400.4018734729657,0.0
3807,1707.0,105.09357929606597
3808,1413.260132035266,0.0
3809,1061.5119095288655,0.0
3810,632.1173510798659,0.0
3811,570.3885357405653,0.0
3812,466.1658474205657,0.0
3813,379.2808197945652,0.0
3814,205.71870109456506,0.0
3815,0.0,0.0
3816,0.0,0.0
3817,0.0,0.0
3818,3.534014596365637,0.0
3819,415.6185387263657,0.0
3820,561.768929290666,0.0
3821,0.0,0.0
3822,0.0,0.0
3823,789.5607840970183,0.0
3824,522.2172658635277,0.0
3825,800.5058726443386,0.0
3826,1083.5265072850705,0.0
3827,1168.5993685571118,0.0
3828,830.4738923361822,0.0
3829,895.3410870665443,0.0
3830,665.2480333472657,0.0
3831,73.86359250166572,0.0
3832,75.89581230586566,0.0
3833,0.0,0.0
3834,143.6146389355655,0.0
3835,340.1106784136656,0.0
3836,0.0,0.0
3837,0.0,0.0
3838,0.0,0.0
3839,213.12583747926544,0.0
3840,870.2639113577658,0.0
3841,371.75935506406574,0.0
3842,266.12985420306575,0.0
3843,529.794916577366,0.0
3844,0.0,0.0
3845,0.0,0.0
3846,0.0,0.0
3847,0.0,0.0
3848,0.0,0.0
3849,0.0,0.0
3850,416.00634429313567,0.0
3851,446.13210016119257,0.0
3852,412.3477622991607,0.0
3853,748.7310319187455,0.0
3854,744.4883397956689,0.0
3855,542.2721559854904,0.0
3856,557.6385075500903,0.0
3857,624.5654230612383,0.0
3858,617.0854166594247,0.0
3859,605.4520730471655,0.0
3860,455.74465122116555,0.0
3861,379.7109321445656,0.0
3862,320.4316335426655,0.0
3863,138.2860044769622,0.0
3864,0.0,0.0
3865,0.0,0.0
3866,0.0,0.0
3867,0.0,0.0
3868,0.0,0.0
3869,0.0,0.0
3870,0.0,0.0
3871,0.0,0.0
3872,0.0,0.0
3873,180.02129152518341,0.0
3874,983.8051982134259,0.0
3875,1414.9515738787834,0.0
3876,1701.2889007711933,0.0
3877,1707.0,62.50232398334062
3878,1707.0,187.4576607946782
3879,1707.0,384.93832199054964
3880,1707.0,293.2804357595012
3881,1707.0,225.64457509547805
3882,1707.0,23.178331386879115
3883,1515.4564814993023,0.0
3884,1071.2566423570242,0.0
3885,850.2112813943932,0.0
3886,651.5103115444903,0.0
3887,631.4730078789474,0.0
3888,638.9047531237899,0.0
3889,792.8354648870841,0.0
3890,898.525819126819,0.0
3891,963.4073237991967,0.0
3892,776.0404018477774,0.0
3893,497.280963736328,0.0
3894,396.6585992086526,0.0
3895,1005.4988625946556,0.0
3896,1474.6084722081,0.0
3897,1640.835729623071,0.0
3898,1707.0,131.81276179136287
3899,1707.0,191.26672568056293
3900,1707.0,230.63881985221957
3901,1707.0,190.87097862147175
3902,1707.0,187.38791144141948
3903,1707.0,80.4372440633857
3904,983.3127532411379,0.0
3905,343.0696108885923,0.0
3906,539.1299175388931,0.0
3907,528.0993462049317,0.0
3908,396.4294370275375,0.0
3909,71.72167375644523,0.0
3910,0.0,0.0
3911,0.0,0.0
3912,0.0,0.0
3913,0.0,0.0
3914,0.0,0.0
3915,0.0,0.0
3916,0.0,0.0
3917,0.0,0.0
3918,0.0,0.0
3919,317.88462137730016,0.0
3920,643.8799696448,0.0
3921,1064.7340371468,0.0
3922,1577.2951129424987,0.0
3923,1707.0,208.90996055221206
3924,1707.0,96.86748620649492
3925,1533.381653648255,0.0
3926,1329.1015741323845,0.0
3927,1060.8105272602477,0.0
3928,788.0727149353056,0.0
3929,707.3709258102143,0.0
3930,368.74759339426254,0.0
3931,741.3732368923658,0.0
3932,326.3705164123654,0.0
3933,0.0,0.0
3934,0.31940313416555455,0.0
3935,0.0,0.0
3936,0.0,0.0
3937,0.0,0.0
3938,0.0,0.0
3939,0.0,0.0
3940,0.0,0.0
3941,0.0,0.0
3942,0.0,0.0
3943,85.44611711719101,0.0
3944,734.8772245982207,0.0
3945,1460.6852386659075,0.0
3946,1707.0,420.99217850253734
3947,1707.0,632.2550962315245
3948,1707.0,700.0
3949,1707.0,528.5341651556921
3950,1707.0,615.8468570841039
3951,1707.0,280.470730055025
3952,1657.4499764361015,0.0
3953,1005.9612908304438,0.0
3954,732.2848240584262,0.0
3955,665.5941208911509,0.0
3956,567.944890670589,0.0
3957,421.81818927165796,0.0
3958,168.78688581981413,0.0
3959,0.0,0.0
3960,0.0,0.0
3961,0.0,0.0
3962,0.0,0.0
3963,0.0,0.0
3964,0.0,0.0
3965,48.60343390243361,0.0
3966,21.362668242333623,0.0
3967,218.5818898725995,0.0
3968,802.5412704220362,0.0
3969,1602.3547108595012,0.0
3970,1707.0,208.78185067523566
3971,1682.24153210535,0.0
3972,1501.9437727130044,0.0
3973,1225.0000527147467,0.0
3974,919.1193184217738,0.0
3975,806.3659015250179,0.0
3976,740.8900066301067,0.0
3977,501.18470144358207,0.0
3978,349.5154267299784,0.0
3979,259.8955719599446,0.0
3980,205.01303785146874,0.0
3981,0.5115275772770644,0.0
3982,0.0,0.0
3983,0.0,0.0
3984,0.0,0.0
3985,0.0,0.0
3986,0.0,0.0
3987,71.41533066646547,0.0
3988,237.05196185863946,0.0
3989,224.7278252998751,0.0
3990,612.8089361936815,0.0
3991,1048.1852907154,0.0
3992,1623.805061836149,0.0
3993,1550.304304873525,0.0
3994,1707.0,336.39472357167347
3995,1651.4600355242967,0.0
3996,1707.0,285.44314831168475
3997,1699.9618396545657,0.0
3998,1632.9983343970248,0.0
3999,1119.9493447462846,0.0
4000,997.4336619705936,0.0
4001,859.1528655218999,0.0
4002,915.3281861827998,0.0
4003,838.660875989239,0.0
4004,784.7278870967297,0.0
4005,698.1965519115234,0.0
4006,533.9315869665014,0.0
4007,634.8686661329683,0.0
4008,346.37711423572307,0.0
4009,0.0,0.0
4010,22.05374080245861,0.0
4011,268.87550776169996,0.0
4012,398.5001867110365,0.0
4013,637.8013972000999,0.0
4014,479.13069902710004,0.0
4015,526.1319696909,0.0
4016,835.7112728900997,0.0
4017,1072.1685261718,0.0
4018,1664.4590973508998,0.0
4019,1707.0,46.011919051608004
4020,1707.0,116.58991794126968
4021,1553.4696244584877,0.0
4022,1707.0,5.09813029877594
4023,1707.0,50.96845206056159
4024,1707.0,13.072921028507352
4025,1707.0,21.41504931536974
4026,1601.5182281329633,0.0
4027,1349.5047222592657,0.0
4028,1422.8145358755073,0.0
4029,1361.5730558748974,0.0
4030,1284.1465645373596,0.0
4031,1147.9730748243,0.0
4032,1134.8247317936195,0.0
4033,815.8270805830671,0.0
4034,646.1532088145648,0.0
4035,464.59895840914913,0.0
4036,217.67792691166792,0.0
4037,334.074148754379,0.0
4038,148.0548763367999,0.0
4039,346.78081316019984,0.0
4040,163.77663682899993,0.0
4041,366.2003468822004,0.0
4042,582.3995854254852,0.0
4043,920.257435981964,0.0
4044,935.5251562416081,0.0
4045,1400.0436056595756,0.0
4046,1440.363894830749,0.0
4047,978.5723993112016,0.0
4048,953.6922729604988,0.0
4049,894.6868113891262,0.0
4050,831.449136003494,0.0
4051,733.2022487704653,0.0
4052,621.5842128837652,0.0
4053,432.9750595560068,0.0
4054,144.9367685896292,0.0
4055,0.0,0.0
4056,0.0,0.0
4057,0.0,0.0
4058,0.0,0.0
4059,0.0,0.0
4060,0.0,0.0
4061,0.0,0.0
4062,0.0,0.0
4063,0.0,0.0
4064,0.0,0.0
4065,333.531704248835,0.0
4066,377.21870530131247,0.0
4067,589.0644649684793,0.0
4068,705.9478831061111,0.0
4069,1163.4174494198205,0.0
4070,755.4569312049175,0.0
4071,505.73900555282876,0.0
4072,489.72145678664873,0.0
4073,300.45623785981894,0.0
4074,393.5875723088599,0.0
4075,404.23710425675574,0.0
4076,189.77318385386096,0.0
4077,116.49305511075934,0.0
4078,0.0,0.0
4079,46.418367376586296,0.0
4080,0.0,0.0
4081,0.0,0.0
4082,0.0,0.0
4083,0.0,0.0
4084,161.2296890105421,0.0
4085,460.2544987020246,0.0
4086,532.1478497867738,0.0
4087,953.9165047907778,0.0
4088,961.6257166629721,0.0
4089,1163.0225747360935,0.0
4090,1374.3110489725984,0.0
4091,1409.072879093692,0.0
4092,1592.9671252760472,0.0
4093,1223.688064318607,0.0
4094,1092.648769429393,0.0
4095,894.6163948817165,0.0
4096,959.5008607658723,0.0
4097,904.2339290033615,0.0
4098,708.7953107377965,0.0
4099,338.25527450826576,0.0
4100,465.654040965152,0.0
4101,709.6310873607281,0.0
4102,691.6468313833971,0.0
4103,698.6254710216281,0.0
4104,626.0223398482349,0.0
4105,0.0,0.0
4106,0.0,0.0
4107,0.0,0.0
4108,0.0,0.0
4109,62.392813124950116,0.0
4110,353.7741608624325,0.0
4111,696.803636643049,0.0
4112,1085.3077717058998,0.0
4113,1041.4017311160999,0.0
4114,1704.788966463253,0.0
4115,1707.0,58.67553762909809
4116,1707.0,107.77150521223354
4117,1266.0947736738146,0.0
4118,1174.4922259515663,0.0
4119,1707.0,61.39011974499796
4120,955.9809146331773,0.0
4121,661.1333014043897,0.0
4122,840.532531411009,0.0
4123,702.1656059439595,0.0
4124,461.7995434148443,0.0
4125,247.0995985310562,0.0
4126,139.79900843836154,0.0
4127,0.0,0.0
4128,0.0,0.0
4129,0.0,0.0
4130,0.0,0.0
4131,0.0,0.0
4132,0.0,0.0
4133,0.0,0.0
4134,0.0,0.0
4135,0.0,0.0
4136,0.0,0.0
4137,91.47110612189499,0.0
4138,201.49400168328594,0.0
4139,181.51444759144505,0.0
4140,0.0,0.0
4141,0.0,0.0
4142,0.0,0.0
4143,0.0,0.0
4144,53.998382871606395,0.0
4145,233.23789984044313,0.0
4146,0.0,0.0
4147,48.68351584626555,0.0
4148,10.950535172265631,0.0
4149,0.0,0.0
4150,0.0,0.0
4151,0.0,0.0
4152,0.0,0.0
4153,198.99289374956595,0.0
4154,0.0,0.0
4155,189.6438341459658,0.0
4156,412.0420591538656,0.0
4157,432.74725336996596,0.0
4158,417.778692564366,0.0
4159,394.7829209117476,0.0
4160,1112.5536855113944,0.0
4161,1414.1780209001151,0.0
4162,1148.1079188471736,0.0
4163,951.1211676883596,0.0
4164,1197.8011052745646,0.0
4165,900.6971805395831,0.0
4166,268.5903771194777,0.0
4167,277.9718303829462,0.0
4168,381.0477339670655,0.0
4169,676.2271024636658,0.0
4170,1011.6106143905657,0.0
4171,1194.5012574937655,0.0
4172,918.8068179890656,0.0
4173,447.6516982950651,0.0
4174,302.0089514200655,0.0
4175,457.90432337406617,0.0
4176,220.73770139306555,0.0
4177,175.81881216156592,0.0
4178,0.0,0.0
4179,415.218163653066,0.0
4180,455.0931435127658,0.0
4181,448.9461227795658,0.0
4182,483.68725193156604,0.0
4183,585.8644485054659,0.0
4184,1117.565595591766,0.0
4185,1569.4124022914589,0.0
4186,1707.0,378.73169470033275
4187,1707.0,475.67708897579047
4188,1707.0,508.33927147733476
4189,1707.0,63.15820157215294
4190,1707.0,172.12364267280506
4191,1707.0,37.485077277377954
4192,1586.8867751784655,0.0
4193,1418.912156237966,0.0
4194,1492.4153164378658,0.0
4195,1599.9055005603655,0.0
4196,1420.6538275470657,0.0
4197,1279.9538835332655,0.0
4198,1207.057830847666,0.0
4199,1130.0904537576657,0.0
4200,1126.7590309260659,0.0
4201,618.7892191343657,0.0
4202,563.3323415144658,0.0
4203,247.05019136786575,0.0
4204,422.67643699726557,0.0
4205,449.74543605246583,0.0
4206,829.533940419566,0.0
4207,927.9172365908047,0.0
4208,972.3226602390645,0.0
4209,1287.6917532873558,0.0
4210,1436.5587998011977,0.0
4211,1499.3611360907644,0.0
4212,1362.2953595862841,0.0
4213,1707.0,288.11911572045716
4214,1165.9830524442712,0.0
4215,1404.766663602968,0.0
4216,1335.4197730513486,0.0
4217,892.9879547107932,0.0
4218,937.6277588751653,0.0
4219,182.83068818206584,0.0
4220,581.0170503649655,0.0
4221,0.0,0.0
4222,201.4833340040658,0.0
4223,0.0,0.0
4224,243.6637997749657,0.0
4225,0.0,0.0
4226,0.0,0.0
4227,0.0,0.0
4228,0.0,0.0
4229,0.0,0.0
4230,150.12074293186572,0.0
4231,573.3317229611387,0.0
4232,1245.9392372983216,0.0
4233,770.034670394315,0.0
4234,1286.4549324793604,0.0
4235,1683.2146268670992,0.0
4236,1022.9433615621101,0.0
4237,960.8162959788056,0.0
4238,631.2757212989782,0.0
4239,303.0688886840659,0.0
4240,91.4692931986657,0.0
4241,0.0,0.0
4242,191.31869792856526,0.0
4243,1237.7680527863658,0.0
4244,1126.4249512332653,0.0
4245,323.9657606258655,0.0
4246,111.04773036956567,0.0
4247,0.5955456645656341,0.0
4248,121.23736788276562,0.0
4249,0.0,0.0
4250,0.0,0.0
4251,0.0,0.0
4252,113.5301112543658,0.0
4253,557.7627409705657,0.0
4254,774.7259399961657,0.0
4255,746.4027603131544,0.0
4256,941.0478368283528,0.0
4257,1057.8899482130284,0.0
4258,1288.646373375301,0.0
4259,1265.1472237145144,0.0
4260,1282.1018704338817,0.0
4261,1147.5771814340912,0.0
4262,1042.1832099388546,0.0
4263,1112.2476076914138,0.0
4264,1251.655073639526,0.0
4265,344.31668395146596,0.0
4266,87.54944538916573,0.0
4267,264.6121120955655,0.0
4268,209.8545026430645,0.0
4269,144.63359519226572,0.0
4270,133.98835082416588,0.0
4271,0.0,0.0
4272,0.0,0.0
4273,0.0,0.0
4274,0.0,0.0
4275,0.0,0.0
4276,288.7903901764659,0.0
4277,447.8461337653819,0.0
4278,600.2226971872485,0.0
4279,937.4164827025359,0.0
4280,1468.6647916624038,0.0
4281,1337.1208965211,0.0
4282,1707.0,222.4176354330579
4283,1707.0,263.40701701106195
4284,1707.0,104.66092262398591
4285,1627.9604672820399,0.0
4286,1201.0167770822097,0.0
4287,1045.1228548443116,0.0
4288,594.5441059531605,0.0
4289,765.427910929773,0.0
4290,308.2208030506468,0.0
4291,790.8489026205656,0.0
4292,593.4005588755654,0.0
4293,423.4805501188656,0.0
4294,204.77326137926096,0.0
4295,162.75881798954163,0.0
4296,109.29055554182847,0.0
4297,0.0,0.0
4298,0.0,0.0
4299,0.0,0.0
4300,270.35372423043043,0.0
4301,318.8696514841405,0.0
4302,279.2635904607953,0.0
4303,677.098097636689,0.0
4304,649.4418372188818,0.0
4305,1485.8776474866334,0.0
4306,1350.5938900756005,0.0
4307,1557.2294424527472,0.0
4308,1599.2177263437286,0.0
4309,1241.103904586511,0.0
4310,1199.590523595299,0.0
4311,1058.876024318137,0.0
4312,848.5435533148559,0.0
4313,746.0161286176876,0.0
4314,742.9186328027226,0.0
4315,816.341934094566,0.0
4316,714.1363197567658,0.0
4317,643.0000959868654,0.0
4318,520.9479921732653,0.0
4319,348.84513817976574,0.0
4320,249.96318953916546,0.0
4321,27.716876855065607,0.0
4322,0.0,0.0
4323,0.0,0.0
4324,0.0,0.0
4325,0.0,0.0
4326,0.0,0.0
4327,19.668769066564096,0.0
4328,469.01202875348565,0.0
4329,570.354844260605,0.0
4330,938.7585061452969,0.0
4331,1255.2161953289835,0.0
4332,1707.0,246.53873672637081
4333,1707.0,232.20052373075688
4334,1603.138245864638,0.0
4335,1504.2328271527658,0.0
4336,1052.1072578970657,0.0
4337,1050.3254606635655,0.0
4338,1081.9239226215655,0.0
4339,993.8642281724657,0.0
4340,707.6900932762655,0.0
4341,681.1988001780657,0.0
4342,473.8974009973655,0.0
4343,384.97952144626595,0.0
4344,178.73298594626556,0.0
4345,0.0,0.0
4346,0.0,0.0
4347,0.0,0.0
4348,360.3273432730658,0.0
4349,494.823523076666,0.0
4350,448.90131408926584,0.0
4351,617.6047168856657,0.0
4352,725.1941419436658,0.0
4353,894.4983734323589,0.0
4354,1693.1823626747414,0.0
4355,1616.6800113171287,0.0
4356,1494.4416233234774,0.0
4357,1486.670890425915,0.0
4358,1497.748251775758,0.0
4359,1474.2046987008657,0.0
4360,1325.0294682165654,0.0
4361,1055.262295664566,0.0
4362,1128.2410960725656,0.0
4363,1078.3769032868659,0.0
4364,945.4587586735655,0.0
4365,907.8787855157653,0.0
4366,647.7500108959656,0.0
4367,490.0201579895655,0.0
4368,324.5245213709658,0.0
4369,113.12725456306578,0.0
4370,70.9154420064657,0.0
4371,99.19059367896568,0.0
4372,0.0,0.0
4373,0.0,0.0
4374,0.0,0.0
4375,0.0,0.0
4376,158.77667571946506,0.0
4377,476.7835267928946,0.0
4378,1095.44444630497,0.0
4379,1686.794384119257,0.0
4380,1707.0,78.95697698538994
4381,1580.960172196891,0.0
4382,1500.4547846035384,0.0
4383,955.4949574923656,0.0
4384,1092.1458176027654,0.0
4385,712.5180070196656,0.0
4386,798.3183570365658,0.0
4387,726.0759250145653,0.0
4388,471.3089450911658,0.0
4389,184.8537627264658,0.0
4390,32.52690046546593,0.0
4391,0.0,0.0
4392,0.0,0.0
4393,0.0,0.0
4394,0.0,0.0
4395,0.0,0.0
4396,0.0,0.0
4397,0.0,0.0
4398,0.0,0.0
4399,147.60202917450442,0.0
4400,501.71762975110613,0.0
4401,1200.1975735291528,0.0
4402,1669.8067990605766,0.0
4403,1706.485104265664,0.0
4404,1707.0,1.0093628454057377
4405,825.8549980844269,0.0
4406,601.2778604416632,0.0
4407,382.8077868265134,0.0
4408,239.2211421380592,0.0
4409,0.0,0.0
4410,85.08428444093805,0.0
4411,237.17836851006598,0.0
4412,166.26093946266576,0.0
4413,229.9046512211654,0.0
4414,149.06561340826568,0.0
4415,104.32023420686562,0.0
4416,94.04093214456577,0.0
4417,0.0,0.0
4418,0.0,0.0
4419,48.90414987328671,0.0
4420,233.8877272441237,0.0
4421,152.0760357937066,0.0
4422,0.0,0.0
4423,409.7344804620949,0.0
4424,1231.9029561284715,0.0
4425,1395.3646619304,0.0
4426,1678.509127928209,0.0
4427,1591.6218734434149,0.0
4428,1707.0,265.2909225118803
4429,1707.0,264.60144598412427
4430,1707.0,277.61572677896055
4431,1707.0,156.48336584110692
4432,1689.2154862559844,0.0
4433,952.5999107502213,0.0
4434,868.5515267676834,0.0
4435,460.24667595741494,0.0
4436,349.58946759603276,0.0
4437,301.2676570312965,0.0
4438,142.98580073025275,0.0
4439,0.0,0.0
4440,0.0,0.0
4441,0.0,0.0
4442,0.0,0.0
4443,0.0,0.0
4444,47.4811469024592,0.0
4445,26.045050604986006,0.0
4446,155.00816307280047,0.0
4447,833.545295117482,0.0
4448,1223.3424705853972,0.0
4449,1076.3555250562538,0.0
4450,1707.0,9.143978467054083
4451,1707.0,314.9509905501883
4452,1690.428249636994,0.0
4453,1365.497829030349,0.0
4454,1400.7825257414784,0.0
4455,925.4737794709038,0.0
4456,691.8342310509672,0.0
4457,520.615433523171,0.0
4458,947.1155198643996,0.0
4459,657.5422668874999,0.0
4460,452.96070336289995,0.0
4461,581.9071673098997,0.0
4462,167.7254520368086,0.0
4463,261.45646355594585,0.0
4464,82.74314564689894,0.0
4465,115.3453710465003,0.0
4466,268.37341561249946,0.0
4467,212.25492375459953,0.0
4468,553.1476910291001,0.0
4469,128.06668023130032,0.0
4470,115.5421889930999,0.0
4471,718.3779707237,0.0
4472,999.0405231811003,0.0
4473,1347.9605870396001,0.0
4474,1707.0,121.9523417115784
4475,1707.0,246.31763068712084
4476,1394.7712194428645,0.0
4477,1317.595657106668,0.0
4478,992.5330948854953,0.0
4479,753.508043943137,0.0
4480,528.7847929200794,0.0
4481,562.806787336354,0.0
4482,581.2085189327985,0.0
4483,908.8048144490998,0.0
4484,165.0854227106533,0.0
4485,0.0,0.0
4486,0.0,0.0
4487,0.0,0.0
4488,0.0,0.0
4489,0.0,0.0
4490,0.0,0.0
4491,100.65462581469978,0.0
4492,0.0,0.0
4493,0.0,0.0
4494,0.0,0.0
4495,674.0774942545004,0.0
4496,897.2976440822999,0.0
4497,1707.0,1.6617493132000618
4498,1666.5420550203085,0.0
4499,1707.0,59.45074896491679
4500,1204.2248096829853,0.0
4501,1022.2933060246082,0.0
4502,1181.670945340793,0.0
4503,1344.5439417091013,0.0
4504,1312.5947382107436,0.0
4505,1371.5192469214467,0.0
4506,1330.6156779191326,0.0
4507,919.6721549677427,0.0
4508,493.03969674214704,0.0
4509,309.3751416613448,0.0
4510,139.5591451497505,0.0
4511,192.83013377283123,0.0
4512,51.939688757296516,0.0
4513,0.0,0.0
4514,0.0,0.0
4515,50.23108435515005,0.0
4516,378.678160144,0.0
4517,538.0242732813193,0.0
4518,642.2913916608,0.0
4519,1132.7877949731,0.0
4520,1226.9812422630998,0.0
4521,1707.0,13.59055854730002
4522,1707.0,152.04366487651575
4523,1707.0,293.2340402731191
4524,1707.0,402.32073399036364
4525,1520.3385810529612,0.0
4526,1499.1857080736581,0.0
4527,921.5114658789881,0.0
4528,500.65420800257414,0.0
4529,309.8324552613421,0.0
4530,762.119280758037,0.0
4531,558.9999930059972,0.0
4532,527.5853164013064,0.0
4533,677.0630972028949,0.0
4534,622.2209735425905,0.0
4535,343.4933034974412,0.0
4536,235.8594004789789,0.0
4537,0.0,0.0
4538,23.437098778634393,0.0
4539,239.018541897814,0.0
4540,3.4354362330572563,0.0
4541,150.2031085423277,0.0
4542,0.0,0.0
4543,156.19230409744813,0.0
4544,535.6059804552066,0.0
4545,1454.8584204644003,0.0
4546,1476.9342781858452,0.0
4547,1563.222841060345,0.0
4548,1343.0332891912617,0.0
4549,1193.0080607078785,0.0
4550,1140.1838915180658,0.0
4551,1021.9765970972351,0.0
4552,854.1252648103764,0.0
4553,880.0841647656512,0.0
4554,897.2321010226261,0.0
4555,669.5393877943657,0.0
4556,671.6392764139441,0.0
4557,578.2504500959659,0.0
4558,410.79945063006573,0.0
4559,316.9320404747656,0.0
4560,211.22598010856575,0.0
4561,174.39601549266592,0.0
4562,164.9174552086655,0.0
4563,343.506827025666,0.0
4564,467.77231560046573,0.0
4565,429.66081532199775,0.0
4566,493.57597693623273,0.0
4567,572.8030247731705,0.0
4568,1053.8823593932407,0.0
4569,1101.5269030848776,0.0
4570,1707.0,149.312973889538
4571,1707.0,43.82153612682691
4572,1617.0036868472225,0.0
4573,1464.2521949897985,0.0
4574,874.2390217496674,0.0
4575,648.7099079546363,0.0
4576,612.2745853984457,0.0
4577,348.5288111057625,0.0
4578,628.1364807955662,0.0
4579,436.1276983703657,0.0
4580,388.1087027745658,0.0
4581,300.94992188456547,0.0
4582,124.03658082176537,0.0
4583,0.0,0.0
4584,0.0,0.0
4585,0.0,0.0
4586,0.0,0.0
4587,0.0,0.0
4588,162.10005119472135,0.0
4589,275.2977271475013,0.0
4590,309.8260676012894,0.0
4591,683.5066603771455,0.0
4592,659.0972547816264,0.0
4593,736.1716704497996,0.0
4594,1066.6825524586,0.0
4595,1288.6496788402,0.0
4596,1534.0684641262,0.0
4597,1469.441557228,0.0
4598,1439.250035977473,0.0
4599,1388.3493176847808,0.0
4600,969.0267409781848,0.0
4601,1175.8695070289532,0.0
4602,718.693769091887,0.0
4603,541.6238886681261,0.0
4604,495.6753789553111,0.0
4605,488.95197950214185,0.0
4606,0.0,0.0
4607,7.541537444632489,0.0
4608,0.0,0.0
4609,363.9947538525046,0.0
4610,122.5216880180128,0.0
4611,219.72444350581358,0.0
4612,456.2616254168654,0.0
4613,546.7154514742638,0.0
4614,1210.1400513769001,0.0
4615,1413.3785361187004,0.0
4616,1256.7619109435996,0.0
4617,1707.0,125.66570521969982
4618,1707.0,672.1041938607
4619,1707.0,700.0
4620,1707.0,189.4704240380516
4621,1707.0,244.15773314328868
4622,1707.0,214.14085984643617
4623,1707.0,157.34745198391892
4624,1707.0,27.30718394232378
4625,445.02719936597373,0.0
4626,129.6530092492418,0.0
4627,19.010092633457447,0.0
4628,0.0,0.0
4629,0.0,0.0
4630,0.0,0.0
4631,0.0,0.0
4632,0.0,0.0
4633,0.0,0.0
4634,0.0,0.0
4635,0.0,0.0
4636,0.0,0.0
4637,438.50052562946274,0.0
4638,729.4193086936934,0.0
4639,582.3000573959661,0.0
4640,1384.3537909959,0.0
4641,1707.0,6.023067673989624
4642,1707.0,419.04241656455645
4643,1545.206221756703,0.0
4644,1437.7885857804806,0.0
4645,723.2929934921001,0.0
4646,862.2986431227996,0.0
4647,352.2877464375746,0.0
4648,280.26547354698215,0.0
4649,453.76503276967503,0.0
4650,480.29747608685955,0.0
4651,275.1891201422031,0.0
4652,129.27595232684638,0.0
4653,0.0,0.0
4654,0.0,0.0
4655,0.0,0.0
4656,0.0,0.0
4657,0.0,0.0
4658,0.0,0.0
4659,0.0,0.0
4660,0.0,0.0
4661,0.0,0.0
4662,0.0,0.0
4663,0.0,0.0
4664,46.725237381700026,0.0
4665,645.259450601,0.0
4666,918.5455934851,0.0
4667,819.6088139206113,0.0
4668,767.9863337565442,0.0
4669,360.77412731950017,0.0
4670,443.1882613883833,0.0
4671,152.120734568221,0.0
4672,140.7957028438471,0.0
4673,135.76361930871153,0.0
4674,442.5635115906331,0.0
4675,603.7903592720558,0.0
4676,591.5168013065582,0.0
4677,331.5079266337596,0.0
4678,71.95209509935125,0.0
4679,0.0,0.0
4680,0.0,0.0
4681,0.0,0.0
4682,0.0,0.0
4683,0.0,0.0
4684,0.0,0.0
4685,0.0,0.0
4686,157.27741839319125,0.0
4687,344.43088441958275,0.0
4688,583.4540413874032,0.0
4689,1150.736543755896,0.0
4690,1576.6299159719001,0.0
4691,1707.0,122.8415673839575
4692,1655.484556248958,0.0
4693,1391.1131802705377,0.0
4694,1407.3553387958734,0.0
4695,1354.3420939217308,0.0
4696,1402.8767237093234,0.0
4697,1346.5769739433329,0.0
4698,1148.6251962426127,0.0
4699,569.400966649036,0.0
4700,383.8997753285653,0.0
4701,89.40543107416781,0.0
4702,0.0,0.0
4703,0.0,0.0
4704,0.0,0.0
4705,0.0,0.0
4706,0.0,0.0
4707,0.0,0.0
4708,0.0,0.0
4709,0.0,0.0
4710,228.33634776782787,0.0
4711,651.4012848423481,0.0
4712,787.754596512942,0.0
4713,1491.527982287473,0.0
4714,1695.8081775083147,0.0
4715,1671.6976739150232,0.0
4716,1510.4711593528982,0.0
4717,1293.2967446692853,0.0
4718,1361.139695768166,0.0
4719,1012.7842545587332,0.0
4720,564.0359055998656,0.0
4721,677.4811135259995,0.0
4722,771.5656348719999,0.0
4723,589.3385206422995,0.0
4724,461.43989001370005,0.0
4725,237.80606214659974,0.0
4726,88.8395709815085,0.0
4727,0.0,0.0
4728,0.0,0.0
4729,0.0,0.0
4730,0.0,0.0
4731,0.0,0.0
4732,126.51671828605427,0.0
4733,0.0,0.0
4734,0.0,0.0
4735,0.0,0.0
4736,212.40509312327765,0.0
4737,159.22904428185646,0.0
4738,473.18216424091673,0.0
4739,388.8447371908869,0.0
4740,289.8447678543276,0.0
4741,107.50805864555268,0.0
4742,244.6664917679863,0.0
4743,381.4995162323028,0.0
4744,95.7353024868225,0.0
4745,374.62595587875745,0.0
4746,515.5261970429,0.0
4747,513.2606379236627,0.0
4748,396.9209806851878,0.0
4749,280.23568840262936,0.0
4750,237.5263842679937,0.0
4751,214.85390970055136,0.0
4752,136.0456331610311,0.0
4753,176.8655964141787,0.0
4754,188.21920877663203,0.0
4755,96.747980180463,0.0
4756,155.48191493670004,0.0
4757,227.52784045843302,0.0
4758,369.28595407684,0.0
4759,404.1514155333978,0.0
4760,895.1465248496376,0.0
4761,660.1739482633612,0.0
4762,1138.6539218541395,0.0
4763,1525.0206003100816,0.0
4764,1522.173774036163,0.0
4765,1576.4731058691818,0.0
4766,1329.497545592004,0.0
4767,1344.8733679049728,0.0
4768,1240.1334794358147,0.0
4769,1259.3801608589188,0.0
4770,1309.2148347718999,0.0
4771,967.6291145405,0.0
4772,789.2063383744,0.0
4773,463.6117685918996,0.0
4774,235.48546076449998,0.0
4775,162.4854406378995,0.0
4776,237.96178853419997,0.0
4777,225.05368463340005,0.0
4778,33.46531839909994,0.0
4779,22.534678519041922,0.0
4780,191.8927293705789,0.0
4781,478.11644715654455,0.0
4782,698.2221386755326,0.0
4783,1359.59114789073,0.0
4784,1650.6991853130999,0.0
4785,1707.0,295.3949610391322
4786,1489.3364439624297,0.0
4787,1707.0,31.877049132717513
4788,1556.0587558770162,0.0
4789,1643.2499607238306,0.0
4790,1578.5835271573621,0.0
4791,1525.670947395401,0.0
4792,1151.0347130296932,0.0
4793,960.7170296205998,0.0
4794,782.7881367625575,0.0
4795,1007.9066809902012,0.0
4796,312.5589264665424,0.0
4797,441.0373001788447,0.0
4798,412.98797163658037,0.0
4799,173.33417766801492,0.0
4800,131.69607385960586,0.0
4801,522.0435989661871,0.0
4802,598.5292081511317,0.0
4803,204.14433839869454,0.0
4804,396.50393225754704,0.0
4805,362.53835424137867,0.0
4806,446.3913041469111,0.0
4807,1028.9916172512524,0.0
4808,1567.1865349301404,0.0
4809,1707.0,366.6444452445943
4810,1707.0,700.0
4811,1707.0,700.0
4812,1707.0,700.0
4813,1707.0,538.5191133601495
4814,1707.0,458.40719280752506
4815,1707.0,7.492140890942721
4816,1473.6421498690358,0.0
4817,1066.525595903352,0.0
4818,1548.5870523089652,0.0
4819,754.2727784765663,0.0
4820,607.8191565585659,0.0
4821,455.933444314766,0.0
4822,286.05565803476577,0.0
4823,174.01531242356543,0.0
4824,185.78873158056558,0.0
4825,88.5904791895656,0.0
4826,75.27756442636621,0.0
4827,182.01206282356554,0.0
4828,574.6682740776658,0.0
4829,579.153197151766,0.0
4830,704.0766974123654,0.0
4831,1483.2074123862449,0.0
4832,1707.0,35.43330748717672
4833,1707.0,293.92963637163166
4834,1707.0,332.44494111436563
4835,1707.0,364.22597622354795
4836,1707.0,86.8341657159376
4837,1467.0968962741522,0.0
4838,1597.060709037781,0.0
4839,1697.4632979115652,0.0
4840,1605.6946131096715,0.0
4841,1563.5587240969455,0.0
4842,1217.557922592362,0.0
4843,660.6617042225663,0.0
4844,526.0886266485655,0.0
4845,505.962219026566,0.0
4846,434.8990652313656,0.0
4847,579.4807376168412,0.0
4848,514.9592021464609,0.0
4849,488.6426849490295,0.0
4850,569.2367710496443,0.0
4851,900.1938772342485,0.0
4852,1009.0833517417589,0.0
4853,1147.4774748917057,0.0
4854,1140.5645635539254,0.0
4855,1354.6809076738555,0.0
4856,1314.5553560359997,0.0
4857,1406.7867834719,0.0
4858,1575.5547886239956,0.0
4859,1570.749275623339,0.0
4860,1532.4306307619668,0.0
4861,1361.0767920750407,0.0
4862,1486.8847452139591,0.0
4863,1318.4825611755962,0.0
4864,1052.9241803125783,0.0
4865,1056.5721084161685,0.0
4866,1011.5285223102626,0.0
4867,625.8014960638011,0.0
4868,440.70739352607063,0.0
4869,259.0324134657694,0.0
4870,104.98761078207474,0.0
4871,0.0,0.0
4872,0.0,0.0
4873,0.0,0.0
4874,0.0,0.0
4875,202.42486133074536,0.0
4876,759.3093520018997,0.0
4877,795.0332435258001,0.0
4878,1707.0,0.0
4879,788.4786895425002,0.0
4880,1593.8351258528,0.0
4881,1707.0,175.14036300379985
4882,1488.0173711491,0.0
4883,1195.2138251484835,0.0
4884,995.9802899012617,0.0
4885,965.5106427340562,0.0
4886,1275.1908062387072,0.0
4887,1329.200060635997,0.0
4888,956.6774308669907,0.0
4889,448.4634293485133,0.0
4890,880.9312439121252,0.0
4891,1433.5392256595019,0.0
4892,464.67047216500595,0.0
4893,454.7177697450044,0.0
4894,228.70087386920767,0.0
4895,117.26085813581335,0.0
4896,72.72206633495132,0.0
4897,320.41878897501795,0.0
4898,316.4957047945105,0.0
4899,459.9872583980899,0.0
4900,684.929655196276,0.0
4901,575.2670706844422,0.0
4902,612.7901332811002,0.0
4903,858.2288953565997,0.0
4904,1367.5783516417998,0.0
4905,1707.0,77.79253335810006
4906,1707.0,195.42367655947004
4907,1705.5996744432584,0.0
4908,579.9845090530225,0.0
4909,252.32523489467155,0.0
4910,328.26822323852105,0.0
4911,143.76243800297186,0.0
4912,115.72156404024403,0.0
4913,302.98755801857834,0.0
4914,223.62431378430927,0.0
4915,160.28557307530318,0.0
4916,0.0,0.0
4917,0.0,0.0
4918,1707.0,0.0
4919,0.0,0.0
4920,0.0,0.0
4921,0.0,0.0
4922,1707.0,0.0
4923,1707.0,0.0
4924,1707.0,0.0
4925,1707.0,0.0
4926,1707.0,0.0
4927,1707.0,0.0
4928,1707.0,29.21064110924706
4929,1707.0,170.46592936724412
4930,1707.0,480.22871828530197
4931,1707.0,567.4499720130178
4932,1707.0,422.6533809294543
4933,1707.0,270.5621925751827
4934,1707.0,186.5755592128765
4935,1707.0,0.0
4936,1707.0,0.0
4937,1707.0,0.0
4938,1707.0,0.0
4939,1707.0,0.0
4940,1707.0,0.0
4941,1707.0,0.0
4942,1707.0,0.0
4943,1707.0,0.0
4944,1707.0,0.0
4945,1707.0,0.0
4946,1707.0,0.0
4947,1707.0,0.0
4948,1707.0,0.0
4949,1707.0,0.0
4950,1707.0,0.0
4951,1707.0,0.021262451471986677
4952,1707.0,8.713829284399935
4953,1707.0,387.2550494975728
4954,1707.0,700.0
4955,1707.0,700.0
4956,1707.0,700.0
4957,1707.0,250.57849155646977
4958,1707.0,700.0
4959,1707.0,195.42788732014313
4960,1707.0,0.0
4961,1707.0,0.0
4962,1707.0,0.0
4963,1707.0,0.0
4964,1707.0,0.0
4965,1707.0,0.0
4966,1707.0,0.0
4967,1707.0,0.0
4968,1707.0,0.0
4969,1707.0,0.0
4970,1707.0,0.0
4971,1707.0,0.0
4972,1707.0,0.0
4973,1707.0,0.0
4974,1707.0,0.0
4975,1707.0,0.0
4976,1707.0,0.0
4977,1707.0,0.0
4978,1707.0,75.87278759679329
4979,1707.0,95.84728616678488
4980,1707.0,23.76732472031708
4981,1707.0,45.62111808364193
4982,1707.0,0.0
4983,1707.0,0.0
4984,1707.0,0.0
4985,1707.0,0.0
4986,1707.0,0.0
4987,1707.0,0.0
4988,1707.0,0.0
4989,1707.0,0.0
4990,1707.0,0.0
4991,1707.0,0.0
4992,1707.0,0.0
4993,1707.0,0.0
4994,1707.0,0.0
4995,1707.0,0.0
4996,1707.0,0.0
4997,1707.0,0.0
4998,1707.0,0.0
4999,1707.0,0.0
5000,1707.0,0.0
5001,1707.0,0.0
5002,1707.0,0.0
5003,1707.0,0.0
5004,1707.0,0.0
5005,1707.0,0.0
5006,1707.0,17.739947799436433
5007,1707.0,0.0
5008,1707.0,0.0
5009,1707.0,0.0
5010,1707.0,0.0
5011,1707.0,0.0
5012,1707.0,0.0
5013,1707.0,0.0
5014,1707.0,0.0
5015,1707.0,0.0
5016,1707.0,0.0
5017,1707.0,0.0
5018,1707.0,0.0
5019,1707.0,0.0
5020,1707.0,0.0
5021,1707.0,0.0
5022,1707.0,0.0
5023,1707.0,0.0
5024,1707.0,0.0
5025,1707.0,0.0
5026,1707.0,0.0
5027,1707.0,0.0
5028,1707.0,0.0
5029,1707.0,0.0
5030,1707.0,331.9348724067913
5031,1707.0,55.45017475818812
5032,1707.0,0.0
5033,1707.0,0.0
5034,1707.0,0.0
5035,1707.0,0.0
5036,1707.0,0.0
5037,1707.0,0.0
5038,1707.0,0.0
5039,1707.0,0.0
5040,1707.0,0.0
5041,1707.0,0.0
5042,1707.0,0.0
5043,1707.0,0.0
5044,1707.0,0.0
5045,1707.0,0.0
5046,1707.0,0.0
5047,1707.0,0.0
5048,1707.0,0.0
5049,1707.0,0.0
5050,1707.0,207.4799748042803
5051,1707.0,498.8655823693256
5052,1707.0,0.0
5053,1707.0,0.0
5054,1707.0,45.76475264438122
5055,1707.0,0.0
5056,1707.0,0.0
5057,1707.0,0.0
5058,1707.0,0.0
5059,1707.0,0.0
5060,1707.0,0.0
5061,1707.0,0.0
5062,1707.0,0.0
5063,1707.0,0.0
5064,1707.0,0.0
5065,1707.0,0.0
5066,1707.0,0.0
5067,1707.0,0.0
5068,1707.0,0.0
5069,1707.0,0.0
5070,1707.0,0.0
5071,1707.0,0.0
5072,1707.0,0.0
5073,1707.0,406.34815262997813
5074,1707.0,527.655695998154
5075,1707.0,585.8002973730646
5076,1707.0,358.3607927677271
5077,1707.0,388.2245491580983
5078,1707.0,435.0313347930495
5079,1707.0,171.78343046459986
5080,1707.0,65.66913343830015
5081,1707.0,0.0
5082,1707.0,0.0
5083,1707.0,0.0
5084,1707.0,0.0
5085,1707.0,0.0
5086,1707.0,0.0
5087,1707.0,0.0
5088,1707.0,0.0
5089,1707.0,0.0
5090,1707.0,0.0
5091,1707.0,0.0
5092,1707.0,0.0
5093,1707.0,0.0
5094,1707.0,0.0
5095,1707.0,0.0
5096,1707.0,92.55256798999983
5097,1707.0,170.1349909737058
5098,1707.0,0.0
5099,1707.0,92.38839356599001
5100,1707.0,14.616201664355973
5101,1707.0,0.0
5102,1707.0,0.0
5103,1707.0,0.0
5104,1707.0,0.0
5105,1707.0,0.0
5106,1707.0,0.0
5107,1707.0,0.0
5108,1707.0,0.0
5109,1707.0,0.0
5110,1707.0,0.0
5111,1707.0,0.0
5112,1707.0,0.0
5113,1707.0,0.0
5114,1707.0,0.0
5115,1707.0,0.0
5116,1707.0,0.0
5117,1707.0,0.0
5118,1707.0,0.0
5119,1707.0,0.0
5120,1707.0,0.0
5121,1707.0,460.40321981210013
5122,1707.0,293.493596154194
5123,1707.0,679.770131275059
5124,1707.0,605.4244503233282
5125,1707.0,323.74978411236333
5126,1707.0,0.0
5127,1707.0,145.71344141749614
5128,1707.0,0.0
5129,1707.0,28.66741813702147
5130,1707.0,0.0
5131,1707.0,0.0
5132,1707.0,0.0
5133,1707.0,0.0
5134,1707.0,0.0
5135,1707.0,0.0
5136,1707.0,0.0
5137,1707.0,0.0
5138,1707.0,0.0
5139,1707.0,0.0
5140,1707.0,0.0
5141,1707.0,0.0
5142,1707.0,0.0
5143,1707.0,0.0
5144,1707.0,0.0
5145,1707.0,0.0
5146,1707.0,357.4359986433003
5147,1707.0,541.9501806975
5148,1707.0,482.2373384509002
5149,1707.0,420.5703559996
5150,1707.0,183.93346840600586
5151,1707.0,110.03761888287116
5152,1707.0,388.7527333284637
5153,1707.0,0.0
5154,1707.0,0.0
5155,1707.0,0.0
5156,1707.0,0.0
5157,1707.0,0.0
5158,1707.0,0.0
5159,1707.0,0.0
5160,1707.0,0.0
5161,1707.0,0.0
5162,1707.0,0.0
5163,1707.0,0.0
5164,1707.0,0.0
5165,1707.0,0.0
5166,1707.0,0.0
5167,1707.0,0.0
5168,1707.0,80.23697839422275
5169,1707.0,612.9847306175491
5170,1707.0,700.0
5171,1707.0,700.0
5172,1707.0,0.0
5173,1707.0,0.0
5174,1707.0,0.0
5175,1707.0,0.0
5176,1707.0,0.0
5177,1707.0,0.0
5178,1707.0,0.0
5179,1707.0,0.0
5180,1707.0,0.0
5181,1707.0,0.0
5182,1707.0,0.0
5183,1707.0,0.0
5184,1707.0,0.0
5185,1707.0,0.0
5186,1707.0,0.0
5187,1707.0,0.0
5188,1707.0,0.0
5189,1707.0,0.0
5190,1707.0,0.0
5191,1707.0,0.0
5192,1707.0,0.0
5193,1707.0,0.0
5194,1707.0,0.0
5195,1707.0,178.41717976103794
5196,1707.0,359.2606112619986
5197,1707.0,148.3356124358862
5198,1707.0,0.0
5199,1707.0,0.0
5200,1707.0,0.0
5201,1707.0,0.0
5202,1707.0,0.0
5203,1707.0,0.0
5204,1707.0,0.0
5205,1707.0,0.0
5206,1707.0,0.0
5207,1707.0,0.0
5208,1707.0,0.0
5209,1707.0,0.0
5210,1707.0,0.0
5211,1707.0,0.0
5212,1707.0,0.0
5213,1707.0,0.0
5214,1707.0,0.0
5215,1707.0,0.0
5216,1707.0,209.87863897882397
5217,1707.0,298.40198378880854
5218,1707.0,448.9979232765525
5219,1707.0,567.8188549792624
5220,1707.0,509.5938822312384
5221,1707.0,308.19099846535073
5222,1707.0,353.2331203439735
5223,1707.0,56.528253052724786
5224,1707.0,0.0
5225,1707.0,45.04124669336279
5226,1707.0,0.0
5227,1707.0,0.0
5228,1707.0,0.0
5229,1707.0,0.0
5230,1707.0,0.0
5231,1707.0,0.0
5232,1707.0,0.0
5233,1707.0,0.0
5234,1707.0,0.0
5235,1707.0,0.0
5236,1707.0,0.0
5237,1707.0,0.0
5238,1707.0,0.0
5239,1707.0,0.0
5240,1707.0,199.68053270046417
5241,1707.0,408.7357141631353
5242,1707.0,592.0021859245004
5243,1707.0,700.0
5244,1707.0,653.7450923804761
5245,1707.0,509.7581806918977
5246,1707.0,427.43664477185416
5247,1707.0,203.58733724465026
5248,1707.0,0.0
5249,1707.0,0.0
5250,1707.0,0.0
5251,1707.0,0.0
5252,1707.0,0.0
5253,1707.0,0.0
5254,1707.0,0.0
5255,1707.0,0.0
5256,1707.0,0.0
5257,1707.0,0.0
5258,1707.0,0.0
5259,1707.0,0.0
5260,1707.0,0.0
5261,1707.0,0.0
5262,1707.0,0.0
5263,1707.0,0.0
5264,1707.0,0.0
5265,1707.0,0.0
5266,1707.0,0.0
5267,1707.0,0.0
5268,1707.0,0.0
5269,1707.0,0.0
5270,1707.0,0.0
5271,1707.0,0.0
5272,1707.0,0.0
5273,1707.0,0.0
5274,1707.0,0.0
5275,1707.0,0.0
5276,1707.0,0.0
5277,1707.0,0.0
5278,1707.0,0.0
5279,1707.0,0.0
5280,1707.0,0.0
5281,1707.0,0.0
5282,1707.0,0.0
5283,1707.0,0.0
5284,1707.0,0.0
5285,1707.0,0.0
5286,1707.0,121.39714820373956
5287,1707.0,53.69835326561633
5288,1707.0,203.13717588680072
5289,1707.0,532.9977444642674
5290,1707.0,421.0229527521001
5291,1707.0,44.218020589100206
5292,1707.0,451.59933859780017
5293,1707.0,72.2897783860248
5294,1707.0,123.2725617816139
5295,1707.0,472.7315294099416
5296,1707.0,182.2303562578286
5297,1707.0,516.9401160884884
5298,1707.0,0.0
5299,1707.0,0.0
5300,1707.0,0.0
5301,1707.0,0.0
5302,1707.0,0.0
5303,1707.0,0.0
5304,1707.0,0.0
5305,1707.0,0.0
5306,1707.0,0.0
5307,1707.0,0.0
5308,1707.0,0.0
5309,1707.0,0.0
5310,1707.0,0.0
5311,1707.0,0.0
5312,1707.0,0.0
5313,1707.0,406.6301549096006
5314,1707.0,474.12989102461825
5315,1707.0,700.0
5316,1707.0,505.3086828336851
5317,1707.0,663.4589949536996
5318,1707.0,700.0
5319,1707.0,700.0
5320,1707.0,630.3639043889712
5321,1707.0,478.6423826831619
5322,1707.0,205.26299153507478
5323,1707.0,0.0
5324,1707.0,0.0
5325,1707.0,0.0
5326,1707.0,0.0
5327,1707.0,0.0
5328,1707.0,0.0
5329,1707.0,0.0
5330,1707.0,0.0
5331,1707.0,0.0
5332,1707.0,0.0
5333,1707.0,0.0
5334,1707.0,284.6457216079347
5335,1707.0,0.0
5336,1707.0,278.67888397939987
5337,1707.0,299.9566238507002
5338,1707.0,219.48838984235755
5339,1707.0,102.52849048620055
5340,1707.0,93.12828135829123
5341,1707.0,0.0
5342,1707.0,0.0
5343,1707.0,0.0
5344,1707.0,544.7657070634604
5345,1707.0,484.87618762709553
5346,1707.0,0.0
5347,1707.0,0.0
5348,1707.0,0.0
5349,1707.0,0.0
5350,1707.0,0.0
5351,1707.0,0.0
5352,1707.0,0.0
5353,1707.0,0.0
5354,1707.0,0.0
5355,1707.0,0.0
5356,1707.0,63.42281470146519
5357,1707.0,320.61529207555463
5358,1707.0,466.7863706465535
5359,1707.0,550.4222101723792
5360,1707.0,692.8811575255387
5361,1707.0,700.0
5362,1707.0,700.0
5363,1707.0,700.0
5364,1707.0,700.0
5365,1707.0,602.9179894795832
5366,1707.0,509.78541215909274
5367,1707.0,428.9727330575638
5368,1707.0,243.13183300859987
5369,1707.0,331.14349022429997
5370,1707.0,0.0
5371,1707.0,0.0
5372,1707.0,0.0
5373,1707.0,0.0
5374,1707.0,0.0
5375,1707.0,0.0
5376,1707.0,0.0
5377,1707.0,-0.0
5378,1707.0,0.0
5379,1707.0,0.0
5380,1707.0,0.0
5381,1707.0,164.32140472469996
5382,1707.0,330.076989875
5383,1707.0,466.0609539740003
5384,1707.0,700.0
5385,1707.0,700.0
5386,1707.0,700.0
5387,1707.0,700.0
5388,1707.0,700.0
5389,1707.0,501.9314935890411
5390,1707.0,402.5291748885138
5391,1707.0,256.9391074981375
5392,1707.0,479.2668704572653
5393,1707.0,453.5841491205029
5394,1707.0,0.0
5395,1707.0,0.0
5396,1707.0,0.0
5397,1707.0,0.0
5398,1707.0,0.0
5399,1707.0,0.0
5400,1707.0,0.0
5401,1707.0,0.0
5402,1707.0,0.0
5403,1707.0,0.0
5404,1707.0,0.0
5405,1707.0,0.0
5406,1707.0,0.0
5407,1707.0,203.84398687677412
5408,1707.0,32.2200508463945
5409,1707.0,457.67274571489963
5410,1707.0,440.9647616957999
5411,1707.0,314.9637985727381
5412,1707.0,279.07480826195103
5413,1707.0,156.65877572090278
5414,1707.0,0.0
5415,1707.0,0.0
5416,1707.0,0.0
5417,1707.0,71.89321696215168
5418,1707.0,0.0
5419,1707.0,0.0
5420,1707.0,0.0
5421,1707.0,0.0
5422,1707.0,0.0
5423,1707.0,0.0
5424,1707.0,0.0
5425,1707.0,0.0
5426,1707.0,0.0
5427,1707.0,0.0
5428,1707.0,0.0
5429,1707.0,0.0
5430,1707.0,220.02819074312734
5431,1707.0,49.71833105260135
5432,1707.0,315.7956562669434
5433,1707.0,700.0
5434,1707.0,700.0
5435,1707.0,700.0
5436,1707.0,443.95197899457355
5437,1707.0,291.3408030087005
5438,1707.0,541.2147966934267
5439,1707.0,322.4612081194049
5440,1707.0,0.0
5441,1707.0,0.0
5442,1707.0,0.0
5443,1707.0,0.0
5444,1707.0,0.0
5445,1707.0,0.0
5446,1707.0,0.0
5447,1707.0,0.0
5448,1707.0,0.0
5449,1707.0,0.0
5450,1707.0,0.0
5451,1707.0,0.0
5452,1707.0,0.0
5453,1707.0,0.0
5454,1707.0,168.9181072330939
5455,1707.0,391.0322194557345
5456,1707.0,501.74678726628815
5457,1707.0,700.0
5458,1707.0,700.0
5459,1707.0,700.0
5460,1707.0,700.0
5461,1707.0,700.0
5462,1707.0,636.712052775553
5463,1707.0,145.43668356462015
5464,1707.0,0.0
5465,1707.0,395.0509484214111
5466,1707.0,119.59586467811464
5467,1707.0,0.0
5468,1707.0,0.0
5469,1707.0,0.0
5470,1707.0,0.0
5471,1707.0,0.0
5472,1707.0,0.0
5473,1707.0,0.0
5474,1707.0,0.0
5475,1707.0,0.0
5476,1707.0,0.0
5477,1707.0,0.0
5478,1707.0,0.0
5479,1707.0,0.0
5480,1707.0,246.35915979347664
5481,1707.0,611.7529614820546
5482,1707.0,700.0
5483,1707.0,700.0
5484,1707.0,700.0
5485,1707.0,586.3873752108594
5486,1707.0,700.0
5487,1707.0,342.8196132833114
5488,1707.0,415.9779494255217
5489,1707.0,462.03587952675036
5490,1707.0,133.24024263764022
5491,1707.0,0.0
5492,1707.0,0.0
5493,1707.0,0.0
5494,1707.0,0.0
5495,1707.0,0.0
5496,1707.0,0.0
5497,1707.0,0.0
5498,1707.0,0.0
5499,1707.0,0.0
5500,1707.0,17.801573059644625
5501,1707.0,70.29883585931566
5502,1707.0,41.43270002369268
5503,1707.0,67.44844397352767
5504,1707.0,265.56364230586263
5505,1707.0,700.0
5506,1707.0,700.0
5507,1707.0,700.0
5508,1707.0,700.0
5509,1707.0,700.0
5510,1707.0,700.0
5511,1707.0,700.0
5512,1707.0,435.1756948363544
5513,1707.0,550.0948285431145
5514,1707.0,535.7802521665768
5515,1707.0,459.33974211304366
5516,1707.0,79.53678495170948
5517,1707.0,121.57370397854596
5518,1707.0,42.637387936062346
5519,1707.0,83.50984243795916
5520,1707.0,106.4400007618595
5521,1707.0,56.89931031771624
5522,1707.0,76.0367837625508
5523,1707.0,134.68191890655288
5524,1707.0,400.19172670622487
5525,1707.0,0.0
5526,1707.0,22.05731504103153
5527,1707.0,246.94499691973954
5528,1707.0,700.0
5529,1707.0,700.0
5530,1707.0,700.0
5531,1707.0,700.0
5532,1707.0,700.0
5533,1707.0,700.0
5534,1707.0,517.9708630683875
5535,1707.0,0.0
5536,1707.0,0.0
5537,1707.0,0.0
5538,1707.0,0.0
5539,1707.0,0.0
5540,1707.0,0.0
5541,1707.0,0.0
5542,1707.0,0.0
5543,1707.0,0.0
5544,1707.0,0.0
5545,1707.0,0.0
5546,1707.0,0.0
5547,1707.0,0.0
5548,1707.0,0.0
5549,1707.0,0.0
5550,1707.0,0.0
5551,1707.0,0.0
5552,1707.0,0.0
5553,1707.0,0.0
5554,1707.0,182.88207566928344
5555,1707.0,420.0940119130303
5556,1707.0,12.542133602236444
5557,1707.0,0.0
5558,1707.0,0.0
5559,1707.0,91.35416463039479
5560,1707.0,0.0
5561,1707.0,0.0
5562,1707.0,0.0
5563,1707.0,0.0
5564,1707.0,0.0
5565,1707.0,0.0
5566,1707.0,0.0
5567,1707.0,0.0
5568,1707.0,0.0
5569,1707.0,0.0
5570,1707.0,0.0
5571,1707.0,0.0
5572,1707.0,0.0
5573,1707.0,0.0
5574,1707.0,0.0
5575,1707.0,0.0
5576,1707.0,0.0
5577,1707.0,228.1747029400777
5578,1707.0,635.4547075562763
5579,1707.0,179.63688628743856
5580,1707.0,231.31365189239216
5581,1707.0,136.64961629041593
5582,1707.0,222.940669467283
5583,1707.0,0.0
5584,1707.0,0.0
5585,1707.0,0.0
5586,1707.0,0.0
5587,1707.0,0.0
5588,1707.0,0.0
5589,1707.0,0.0
5590,1707.0,0.0
5591,1707.0,0.0
5592,1707.0,0.0
5593,1707.0,0.0
5594,1707.0,0.0
5595,1707.0,0.0
5596,1707.0,0.0
5597,1707.0,0.0
5598,1707.0,0.0
5599,1707.0,0.0
5600,1707.0,0.0
5601,1707.0,0.0
5602,1707.0,0.0
5603,1707.0,0.0
5604,1707.0,0.0
5605,1707.0,0.0
5606,1707.0,0.0
5607,1707.0,0.0
5608,1707.0,0.0
5609,1707.0,0.0
5610,1707.0,0.0
5611,1707.0,0.0
5612,1707.0,0.0
5613,1707.0,0.0
5614,1707.0,0.0
5615,1707.0,0.0
5616,1707.0,0.0
5617,1707.0,0.0
5618,1707.0,0.0
5619,1707.0,0.0
5620,1707.0,0.0
5621,1707.0,0.0
5622,1707.0,0.0
5623,1707.0,0.0
5624,1707.0,0.0
5625,1707.0,398.9689097171581
5626,1707.0,700.0
5627,1707.0,700.0
5628,1707.0,700.0
5629,1707.0,319.5887295793071
5630,1707.0,172.48527129278105
5631,1707.0,0.0
5632,1707.0,0.0
5633,1707.0,0.0
5634,1707.0,0.0
5635,1707.0,0.0
5636,1707.0,0.0
5637,1707.0,0.0
5638,1707.0,0.0
5639,1707.0,0.0
5640,1707.0,0.0
5641,1707.0,0.0
5642,1707.0,0.0
5643,1707.0,0.0
5644,1707.0,0.0
5645,1707.0,0.0
5646,1707.0,0.0
5647,1707.0,0.0
5648,1707.0,0.0
5649,1707.0,102.61808580690035
5650,1707.0,53.73770967609994
5651,1707.0,156.09947535802485
5652,1707.0,107.96405761342002
5653,1707.0,0.0
5654,1707.0,0.0
5655,1707.0,0.0
5656,1707.0,0.0
5657,1707.0,0.0
5658,1707.0,0.0
5659,1707.0,0.0
5660,1707.0,0.0
5661,1707.0,0.0
5662,1707.0,0.0
5663,1707.0,0.0
5664,1707.0,0.0
5665,1707.0,0.0
5666,1707.0,0.0
5667,1707.0,0.0
5668,1707.0,0.0
5669,1707.0,0.0
5670,1707.0,0.0
5671,1707.0,0.0
5672,1707.0,316.1545369925001
5673,1707.0,397.85572240229993
5674,1707.0,552.4266954630147
5675,1707.0,606.6451260415782
5676,1707.0,488.75777846555474
5677,1707.0,338.0346085248275
5678,1707.0,300.5715017909028
5679,1707.0,146.7227379379999
5680,1707.0,121.77790972362251
5681,1707.0,176.90430899378057
5682,1707.0,0.0
5683,1707.0,0.0
5684,1707.0,0.0
5685,1707.0,0.0
5686,1707.0,0.0
5687,1707.0,0.0
5688,1707.0,0.0
5689,1707.0,0.0
5690,1707.0,0.0
5691,1707.0,0.0
5692,1707.0,0.0
5693,1707.0,0.0
5694,1707.0,0.0
5695,1707.0,0.0
5696,1707.0,301.3332982499903
5697,1707.0,700.0
5698,1707.0,700.0
5699,1707.0,700.0
5700,1707.0,700.0
5701,1707.0,434.0140338690502
5702,1707.0,505.6039495947421
5703,1707.0,340.0976401393678
5704,1707.0,34.14575939765233
5705,1707.0,196.43517496767538
5706,1707.0,0.0
5707,1707.0,0.0
5708,1707.0,0.0
5709,1707.0,0.0
5710,1707.0,0.0
5711,1707.0,0.0
5712,1707.0,0.0
5713,1707.0,0.0
5714,1707.0,0.0
5715,1707.0,0.0
5716,1707.0,0.0
5717,1707.0,0.0
5718,1707.0,0.0
5719,1707.0,0.0
5720,1707.0,20.303731587899847
5721,1707.0,435.777327623
5722,1707.0,289.976013876
5723,1707.0,570.1028913103456
5724,1707.0,421.2396335816935
5725,1707.0,185.23716496877051
5726,1707.0,350.40884094488723
5727,1707.0,687.9548226166343
5728,1707.0,197.93560950822865
5729,1707.0,159.5896020862498
5730,1707.0,0.0
5731,1707.0,0.0
5732,1707.0,0.0
5733,1707.0,0.0
5734,1707.0,0.0
5735,1707.0,0.0
5736,1707.0,0.0
5737,1707.0,0.0
5738,1707.0,0.0
5739,1707.0,0.0
5740,1707.0,0.0
5741,1707.0,0.0
5742,1707.0,113.39512078008676
5743,1707.0,269.0080521012288
5744,1707.0,407.05197990600004
5745,1707.0,665.5880564959003
5746,1707.0,464.6374240792088
5747,1707.0,556.41182263821
5748,1707.0,575.1085665391968
5749,1707.0,407.90965822369554
5750,1707.0,214.25329774500017
5751,1707.0,122.63651857100012
5752,1707.0,72.90084403573267
5753,1707.0,117.55358761404523
5754,1707.0,0.0
5755,1707.0,0.0
5756,1707.0,0.0
5757,1707.0,0.0
5758,1707.0,0.0
5759,1707.0,0.0
5760,1707.0,0.0
5761,1707.0,0.0
5762,1707.0,0.0
5763,1707.0,0.0
5764,1707.0,122.16754070838178
5765,1707.0,180.0754917622599
5766,1707.0,91.35499338532276
5767,1707.0,48.1266962092902
5768,1707.0,154.6304607460618
5769,1707.0,159.87815369190025
5770,1707.0,124.30636995880013
5771,1707.0,133.51883022339985
5772,1707.0,0.0
5773,1707.0,184.01852060360255
5774,1707.0,2.9843328065401566
5775,1707.0,0.0
5776,1707.0,29.197338587718654
5777,1707.0,0.0
5778,1707.0,0.0
5779,1707.0,0.0
5780,1707.0,0.0
5781,1707.0,0.0
5782,1707.0,0.0
5783,1707.0,0.0
5784,1707.0,0.0
5785,1707.0,0.0
5786,1707.0,0.0
5787,1707.0,0.0
5788,1707.0,0.0
5789,1707.0,0.0
5790,1707.0,0.0
5791,1707.0,0.0
5792,1707.0,0.0
5793,1707.0,77.74982966540006
5794,1707.0,95.7933265215302
5795,1707.0,95.45252724453975
5796,1707.0,189.9987870490383
5797,1707.0,212.6393047934841
5798,1707.0,656.0554150230001
5799,1707.0,550.1000069043101
5800,1707.0,700.0
5801,1707.0,580.2644812520501
5802,1707.0,0.0
5803,1707.0,0.0
5804,1707.0,0.0
5805,1707.0,0.0
5806,1707.0,0.0
5807,1707.0,0.0
5808,1707.0,0.0
5809,1707.0,0.0
5810,1707.0,0.0
5811,1707.0,0.0
5812,1707.0,0.0
5813,1707.0,142.20340388412137
5814,1707.0,142.70381251110848
5815,1707.0,100.15466082476519
5816,1707.0,424.1236376466084
5817,1707.0,700.0
5818,1707.0,700.0
5819,1707.0,700.0
5820,1707.0,700.0
5821,1707.0,472.0501001430205
5822,1707.0,0.0
5823,1707.0,0.0
5824,1707.0,0.0
5825,1707.0,0.0
5826,1707.0,0.0
5827,1707.0,0.0
5828,1707.0,0.0
5829,1707.0,0.0
5830,1707.0,0.0
5831,1707.0,0.0
5832,1707.0,0.0
5833,1707.0,0.0
5834,1707.0,0.0
5835,1707.0,0.0
5836,1707.0,0.0
5837,1707.0,0.0
5838,1707.0,0.0
5839,1707.0,0.0
5840,1707.0,0.0
5841,1707.0,181.80715669589938
5842,1707.0,404.56268441987964
5843,1707.0,391.0361495785972
5844,1707.0,237.14030064658627
5845,1707.0,0.0
5846,1707.0,0.0
5847,1707.0,0.0
5848,1707.0,0.0
5849,1707.0,0.0
5850,1707.0,0.0
5851,1707.0,0.0
5852,1707.0,0.0
5853,1707.0,0.0
5854,1707.0,0.0
5855,1707.0,0.0
5856,1707.0,0.0
5857,1707.0,0.0
5858,1707.0,0.0
5859,1707.0,0.0
5860,1707.0,0.0
5861,1707.0,45.3774875680657
5862,1707.0,239.84135778556617
5863,1707.0,488.1935524624661
5864,1707.0,694.513855053139
5865,1707.0,700.0
5866,1707.0,700.0
5867,1707.0,700.0
5868,1707.0,700.0
5869,1707.0,700.0
5870,1707.0,700.0
5871,1707.0,700.0
5872,1707.0,700.0
5873,1707.0,700.0
5874,1707.0,700.0
5875,1707.0,0.0
5876,1707.0,0.0
5877,1707.0,0.0
5878,1707.0,0.0
5879,1707.0,0.0
5880,1707.0,0.0
5881,1707.0,0.0
5882,1707.0,129.1685734126968
5883,1707.0,190.2653265495971
5884,1707.0,464.12036367859463
5885,1707.0,700.0
5886,1707.0,700.0
5887,1707.0,449.67846090564257
5888,1707.0,468.2582741044989
5889,1707.0,700.0
5890,1707.0,700.0
5891,1707.0,700.0
5892,1707.0,700.0
5893,1707.0,236.89656559115707
5894,1707.0,212.4834479467118
5895,1707.0,233.59798302596658
5896,1707.0,382.3943525571478
5897,1707.0,375.57354339736327
5898,1707.0,0.0
5899,1707.0,0.0
5900,1707.0,0.0
5901,1707.0,0.0
5902,1707.0,0.0
5903,1707.0,0.0
5904,1707.0,0.0
5905,1707.0,0.0
5906,1707.0,0.0
5907,1707.0,0.0
5908,1707.0,505.2733636647049
5909,1707.0,0.0
5910,1707.0,148.34010044099978
5911,1707.0,572.8533429394001
5912,1707.0,700.0
5913,1707.0,700.0
5914,1707.0,700.0
5915,1707.0,700.0
5916,1707.0,700.0
5917,1707.0,700.0
5918,1707.0,700.0
5919,1707.0,700.0
5920,1707.0,700.0
5921,1707.0,700.0
5922,1707.0,246.75625240599243
5923,1707.0,0.0
5924,1707.0,165.82502126511122
5925,1707.0,0.0
5926,1707.0,117.82160695615738
5927,1707.0,0.0
5928,1707.0,200.3206975747582
5929,1707.0,0.0
5930,1707.0,0.0
5931,1707.0,203.38531617945353
5932,1707.0,266.57486656969814
5933,1707.0,342.11228055599986
5934,1707.0,493.2778644890004
5935,1707.0,523.9430633420002
5936,1707.0,700.0
5937,1707.0,700.0
5938,1707.0,700.0
5939,1707.0,700.0
5940,1707.0,700.0
5941,1707.0,700.0
5942,1707.0,689.2370721521336
5943,1707.0,633.646268899
5944,1707.0,561.5720583440527
5945,1707.0,517.6638201363901
5946,1707.0,4.782528745044091
5947,1707.0,0.0
5948,1707.0,0.0
5949,1707.0,30.13388949951956
5950,1707.0,0.0
5951,1707.0,0.0
5952,1707.0,0.0
5953,1707.0,0.0
5954,1707.0,24.822721005782114
5955,1707.0,277.64350158720026
5956,1707.0,493.0462767619997
5957,1707.0,700.0
5958,1707.0,700.0
5959,1707.0,700.0
5960,1707.0,700.0
5961,1707.0,700.0
5962,1707.0,700.0
5963,1707.0,700.0
5964,1707.0,700.0
5965,1707.0,700.0
5966,1707.0,700.0
5967,1707.0,668.9708631507003
5968,1707.0,524.2145837813512
5969,1707.0,443.50100077114087
5970,1707.0,23.532041331627433
5971,1707.0,0.0
5972,1707.0,229.9865066335442
5973,1707.0,114.52466187639564
5974,1707.0,0.0
5975,1707.0,0.0
5976,1707.0,0.0
5977,1707.0,0.0
5978,1707.0,0.0
5979,1707.0,0.0
5980,1707.0,434.83255170847974
5981,1707.0,234.12668491062755
5982,1707.0,579.0497849007606
5983,1707.0,538.979002074502
5984,1707.0,700.0
5985,1707.0,700.0
5986,1707.0,700.0
5987,1707.0,700.0
5988,1707.0,700.0
5989,1707.0,700.0
5990,1707.0,478.7907973306421
5991,1707.0,662.6218626820763
5992,1707.0,700.0
5993,1707.0,700.0
5994,1707.0,228.01037866114237
5995,1707.0,469.1454819865771
5996,1707.0,549.617229579411
5997,1707.0,309.65051245788277
5998,1707.0,0.0
5999,1707.0,0.0
6000,1707.0,0.0
6001,1707.0,0.0
6002,1707.0,0.0
6003,1707.0,260.13012413467504
6004,1707.0,0.0
6005,1707.0,0.0
6006,1707.0,49.95698578325313
6007,1707.0,276.2387077036978
6008,1707.0,700.0
6009,1707.0,700.0
6010,1707.0,700.0
6011,1707.0,700.0
6012,1707.0,700.0
6013,1707.0,700.0
6014,1707.0,700.0
6015,1707.0,700.0
6016,1707.0,700.0
6017,1707.0,538.6133701797185
6018,1707.0,127.57144274356608
6019,1707.0,-0.0
6020,1707.0,0.0
6021,1707.0,0.0
6022,1707.0,0.0
6023,1707.0,0.0
6024,1707.0,113.94791885866607
6025,1707.0,0.0
6026,1707.0,0.0
6027,1707.0,0.0
6028,1707.0,0.0
6029,1707.0,0.0
6030,1707.0,0.0
6031,1707.0,0.0
6032,1707.0,244.6474308150022
6033,1707.0,699.9999999999998
6034,1707.0,700.0
6035,1707.0,700.0
6036,1707.0,700.0
6037,1707.0,658.5825195634865
6038,1707.0,700.0
6039,1707.0,397.31106900944445
6040,1707.0,254.66208883966613
6041,1707.0,700.0
6042,1707.0,201.03140639436663
6043,1707.0,0.0
6044,1707.0,0.0
6045,1707.0,0.0
6046,1707.0,0.0
6047,1707.0,0.0
6048,1707.0,0.0
6049,1707.0,0.0
6050,1707.0,288.85537181946586
6051,1707.0,0.0
6052,1707.0,188.88858332977793
6053,1707.0,0.0
6054,1707.0,0.0
6055,1707.0,0.0
6056,1707.0,0.0
6057,1707.0,0.0
6058,1707.0,0.0
6059,1707.0,0.0
6060,1707.0,133.76222320413325
6061,1707.0,205.92684768921075
6062,1707.0,66.62808125124718
6063,1707.0,173.44097257211672
6064,1707.0,348.25886973238136
6065,1707.0,36.62698811583045
6066,1707.0,0.0
6067,1707.0,0.0
6068,1707.0,0.0
6069,1707.0,0.0
6070,1707.0,0.0
6071,1707.0,0.0
6072,1707.0,0.0
6073,1707.0,0.0
6074,1707.0,0.0
6075,1707.0,0.0
6076,1707.0,0.0
6077,1707.0,11.258230949451917
6078,1707.0,458.86001428084296
6079,1707.0,597.5178604960187
6080,1707.0,457.11312908590537
6081,1707.0,497.9737689210982
6082,1707.0,700.0
6083,1707.0,244.25419692197812
6084,1707.0,339.69229913960476
6085,1707.0,288.53314204436947
6086,1707.0,0.0
6087,1707.0,620.7733619674486
6088,1707.0,662.142636464696
6089,1707.0,0.0
6090,1707.0,0.0
6091,1707.0,0.0
6092,1707.0,0.0
6093,1707.0,0.0
6094,1707.0,0.0
6095,1707.0,0.0
6096,1707.0,0.0
6097,1707.0,0.0
6098,1707.0,0.0
6099,1707.0,0.0
6100,1707.0,0.0
6101,1707.0,0.0
6102,1707.0,0.0
6103,1707.0,0.0
6104,1707.0,253.83280012505418
6105,1707.0,342.9165291438894
6106,1707.0,528.6201199005852
6107,1707.0,700.0
6108,1707.0,326.003145740741
6109,1707.0,319.0728062476488
6110,1707.0,505.06633586252855
6111,1707.0,39.92521525072224
6112,1707.0,0.0
6113,1707.0,0.0
6114,1707.0,0.0
6115,1707.0,226.35435010579954
6116,1707.0,0.0
6117,1707.0,202.2283304445998
6118,1707.0,489.20036287460124
6119,1707.0,269.47890207977684
6120,1707.0,390.1913025959623
6121,1707.0,343.34850434104146
6122,1707.0,479.8205121668898
6123,1707.0,647.2556756250149
6124,1707.0,700.0
6125,1707.0,700.0
6126,1707.0,699.2367275538002
6127,1707.0,700.0
6128,1707.0,700.0
6129,1707.0,700.0
6130,1707.0,700.0
6131,1707.0,700.0
6132,1707.0,700.0
6133,1707.0,700.0
6134,1707.0,700.0
6135,1707.0,700.0
6136,1707.0,700.0
6137,1707.0,700.0
6138,1707.0,289.0348862434182
6139,1707.0,700.0
6140,1707.0,0.0
6141,1707.0,700.0
6142,1707.0,700.0
6143,1707.0,700.0
6144,1707.0,700.0
6145,1707.0,700.0
6146,1707.0,700.0
6147,1707.0,700.0
6148,1707.0,700.0
6149,1707.0,700.0
6150,1707.0,700.0
6151,1707.0,700.0
6152,1707.0,700.0
6153,1707.0,700.0
6154,1707.0,700.0
6155,1707.0,700.0
6156,1707.0,700.0
6157,1707.0,700.0
6158,1707.0,700.0
6159,1707.0,700.0
6160,1707.0,700.0
6161,1707.0,700.0
6162,1707.0,700.0
6163,1707.0,700.0
6164,1707.0,700.0
6165,1707.0,700.0
6166,1707.0,700.0
6167,1707.0,700.0
6168,1707.0,700.0
6169,1707.0,700.0
6170,1707.0,700.0
6171,1707.0,700.0
6172,1707.0,700.0
6173,1707.0,700.0
6174,1707.0,700.0
6175,1707.0,700.0
6176,1707.0,700.0
6177,1707.0,700.0
6178,1707.0,700.0
6179,1707.0,700.0
6180,1707.0,700.0
6181,1707.0,700.0
6182,1707.0,700.0
6183,1707.0,700.0
6184,1707.0,700.0
6185,1707.0,700.0
6186,1707.0,700.0
6187,1707.0,700.0
6188,1707.0,700.0
6189,1707.0,700.0
6190,1707.0,700.0
6191,1707.0,700.0
6192,1707.0,700.0
6193,1707.0,700.0
6194,1707.0,700.0
6195,1707.0,700.0
6196,1707.0,700.0
6197,1707.0,700.0
6198,1707.0,700.0
6199,1707.0,700.0
6200,1707.0,700.0
6201,1707.0,700.0
6202,1707.0,700.0
6203,1707.0,700.0
6204,1707.0,700.0
6205,1707.0,700.0
6206,1707.0,700.0
6207,1707.0,700.0
6208,1707.0,700.0
6209,1707.0,700.0
6210,1707.0,700.0
6211,1707.0,700.0
6212,1707.0,700.0
6213,1707.0,700.0
6214,1707.0,700.0
6215,1707.0,700.0
6216,1707.0,700.0
6217,1707.0,700.0
6218,1707.0,700.0
6219,1707.0,700.0
6220,1707.0,700.0
6221,1707.0,700.0
6222,1707.0,700.0
6223,1707.0,700.0
6224,1707.0,700.0
6225,1707.0,700.0
6226,1707.0,700.0
6227,1707.0,700.0
6228,1707.0,700.0
6229,1707.0,700.0
6230,1707.0,700.0
6231,1707.0,700.0
6232,1707.0,700.0
6233,1707.0,700.0
6234,1707.0,700.0
6235,1707.0,700.0
6236,1707.0,700.0
6237,1707.0,700.0
6238,1707.0,700.0
6239,1707.0,700.0
6240,1707.0,700.0
6241,1707.0,700.0
6242,1707.0,700.0
6243,1707.0,700.0
6244,1707.0,700.0
6245,1707.0,700.0
6246,1707.0,692.6628547871857
6247,1707.0,700.0
6248,1707.0,700.0
6249,1707.0,700.0
6250,1707.0,700.0
6251,1707.0,700.0
6252,1707.0,700.0
6253,1707.0,700.0
6254,1707.0,700.0
6255,1707.0,700.0
6256,1707.0,700.0
6257,1707.0,700.0
6258,1707.0,700.0
6259,1707.0,700.0
6260,1707.0,700.0
6261,1707.0,700.0
6262,1707.0,700.0
6263,1707.0,700.0
6264,1707.0,700.0
6265,1707.0,700.0
6266,1707.0,700.0
6267,1707.0,700.0
6268,1707.0,700.0
6269,1707.0,700.0
6270,1707.0,700.0
6271,1707.0,700.0
6272,1707.0,700.0
6273,1707.0,700.0
6274,1707.0,700.0
6275,1707.0,700.0
6276,1707.0,700.0
6277,1707.0,700.0
6278,1707.0,700.0
6279,1707.0,700.0
6280,1707.0,700.0
6281,1707.0,700.0
6282,1707.0,700.0
6283,1707.0,700.0
6284,1707.0,700.0
6285,1707.0,700.0
6286,1707.0,700.0
6287,1707.0,700.0
6288,1707.0,700.0
6289,1707.0,700.0
6290,1707.0,700.0
6291,1707.0,700.0
6292,1707.0,700.0
6293,1707.0,700.0
6294,1707.0,700.0
6295,1707.0,700.0
6296,1707.0,700.0
6297,1707.0,700.0
6298,1707.0,700.0
6299,1707.0,700.0
6300,1707.0,700.0
6301,1707.0,700.0
6302,1707.0,700.0
6303,1707.0,700.0
6304,1707.0,700.0
6305,1707.0,700.0
6306,1707.0,700.0
6307,1707.0,700.0
6308,1707.0,700.0
6309,1707.0,700.0
6310,1707.0,700.0
6311,1707.0,700.0
6312,1707.0,700.0
6313,1707.0,700.0
6314,1707.0,700.0
6315,1707.0,700.0
6316,1707.0,700.0
6317,1707.0,700.0
6318,1707.0,700.0
6319,1707.0,700.0
6320,1707.0,700.0
6321,1707.0,700.0
6322,1707.0,700.0
6323,1707.0,700.0
6324,1707.0,700.0
6325,1707.0,700.0
6326,1707.0,700.0
6327,1707.0,700.0
6328,1707.0,700.0
6329,1707.0,700.0
6330,1707.0,700.0
6331,1707.0,700.0
6332,1707.0,700.0
6333,1707.0,700.0
6334,1707.0,700.0
6335,1707.0,700.0
6336,1707.0,700.0
6337,1707.0,700.0
6338,1707.0,700.0
6339,1707.0,700.0
6340,1707.0,700.0
6341,1707.0,700.0
6342,1707.0,700.0
6343,1707.0,700.0
6344,1707.0,700.0
6345,1707.0,700.0
6346,1707.0,700.0
6347,1707.0,700.0
6348,1707.0,700.0
6349,1707.0,700.0
6350,1707.0,700.0
6351,1707.0,700.0
6352,1707.0,700.0
6353,1707.0,700.0
6354,1707.0,700.0
6355,1707.0,700.0
6356,1707.0,700.0
6357,1707.0,700.0
6358,1707.0,700.0
6359,1707.0,700.0
6360,1707.0,700.0
6361,1707.0,700.0
6362,1707.0,700.0
6363,1707.0,700.0
6364,1707.0,700.0
6365,1707.0,700.0
6366,1707.0,700.0
6367,1707.0,700.0
6368,1707.0,700.0
6369,1707.0,700.0
6370,1707.0,700.0
6371,1707.0,700.0
6372,1707.0,700.0
6373,1707.0,700.0
6374,1707.0,700.0
6375,1707.0,700.0
6376,1707.0,700.0
6377,1707.0,700.0
6378,1707.0,700.0
6379,1707.0,700.0
6380,1707.0,700.0
6381,1707.0,700.0
6382,1707.0,700.0
6383,1707.0,700.0
6384,1707.0,700.0
6385,1707.0,700.0
6386,1707.0,700.0
6387,1707.0,700.0
6388,1707.0,700.0
6389,1707.0,700.0
6390,1707.0,700.0
6391,1707.0,700.0
6392,1707.0,700.0
6393,1707.0,700.0
6394,1707.0,700.0
6395,1707.0,700.0
6396,1707.0,700.0
6397,1707.0,700.0
6398,1707.0,700.0
6399,1707.0,700.0
6400,1707.0,700.0
6401,1707.0,700.0
6402,1707.0,700.0
6403,1707.0,700.0
6404,1707.0,700.0
6405,1707.0,700.0
6406,1707.0,700.0
6407,1707.0,700.0
6408,1707.0,700.0
6409,1707.0,700.0
6410,1707.0,700.0
6411,1707.0,700.0
6412,1707.0,700.0
6413,1707.0,700.0
6414,1707.0,700.0
6415,1707.0,700.0
6416,1707.0,700.0
6417,1707.0,700.0
6418,1707.0,700.0
6419,1707.0,700.0
6420,1707.0,700.0
6421,1707.0,700.0
6422,1707.0,700.0
6423,1707.0,700.0
6424,1707.0,700.0
6425,1707.0,700.0
6426,1707.0,700.0
6427,1707.0,700.0
6428,1707.0,700.0
6429,1707.0,700.0
6430,1707.0,700.0
6431,1707.0,700.0
6432,1707.0,700.0
6433,1707.0,700.0
6434,1707.0,700.0
6435,1707.0,700.0
6436,1707.0,700.0
6437,1707.0,700.0
6438,1707.0,700.0
6439,1707.0,700.0
6440,1707.0,700.0
6441,1707.0,700.0
6442,1707.0,700.0
6443,1707.0,700.0
6444,1707.0,700.0
6445,1707.0,700.0
6446,1707.0,700.0
6447,1707.0,700.0
6448,1707.0,700.0
6449,1707.0,700.0
6450,1707.0,700.0
6451,1707.0,700.0
6452,1707.0,700.0
6453,1707.0,700.0
6454,1707.0,700.0
6455,1707.0,700.0
6456,1707.0,700.0
6457,1707.0,700.0
6458,1707.0,700.0
6459,1707.0,700.0
6460,1707.0,700.0
6461,1707.0,700.0
6462,1707.0,700.0
6463,1707.0,700.0
6464,1707.0,700.0
6465,1707.0,700.0
6466,1707.0,700.0
6467,1707.0,700.0
6468,1707.0,700.0
6469,1707.0,700.0
6470,1707.0,700.0
6471,1707.0,700.0
6472,1707.0,700.0
6473,1707.0,700.0
6474,1707.0,700.0
6475,1707.0,700.0
6476,1707.0,700.0
6477,1707.0,700.0
6478,1707.0,700.0
6479,1707.0,700.0
6480,1707.0,700.0
6481,1707.0,700.0
6482,1707.0,700.0
6483,1707.0,700.0
6484,1707.0,700.0
6485,1707.0,700.0
6486,1707.0,700.0
6487,1707.0,700.0
6488,1707.0,700.0
6489,1707.0,700.0
6490,1707.0,700.0
6491,1707.0,700.0
6492,1707.0,700.0
6493,1707.0,700.0
6494,1707.0,700.0
6495,1707.0,700.0
6496,1707.0,700.0
6497,1707.0,700.0
6498,1707.0,700.0
6499,1707.0,700.0
6500,1707.0,700.0
6501,1707.0,700.0
6502,1707.0,700.0
6503,1707.0,700.0
6504,1707.0,700.0
6505,1707.0,700.0
6506,1707.0,700.0
6507,1707.0,700.0
6508,1707.0,700.0
6509,1707.0,700.0
6510,1707.0,700.0
6511,1707.0,700.0
6512,1707.0,700.0
6513,1707.0,700.0
6514,1707.0,700.0
6515,1707.0,700.0
6516,1707.0,700.0
6517,1707.0,700.0
6518,1707.0,700.0
6519,1707.0,700.0
6520,1707.0,700.0
6521,1707.0,700.0
6522,1707.0,700.0
6523,1707.0,700.0
6524,1707.0,700.0
6525,1707.0,700.0
6526,1707.0,700.0
6527,1707.0,700.0
6528,1707.0,700.0
6529,1707.0,700.0
6530,1707.0,700.0
6531,1707.0,700.0
6532,1707.0,700.0
6533,1707.0,700.0
6534,1707.0,700.0
6535,1707.0,700.0
6536,1707.0,700.0
6537,1707.0,700.0
6538,1707.0,700.0
6539,1707.0,700.0
6540,1707.0,700.0
6541,1707.0,700.0
6542,1707.0,700.0
6543,1707.0,700.0
6544,1707.0,700.0
6545,1707.0,700.0
6546,1707.0,700.0
6547,1707.0,700.0
6548,1707.0,700.0
6549,1707.0,700.0
6550,1707.0,700.0
6551,1707.0,700.0
6552,1707.0,700.0
6553,1707.0,700.0
6554,1707.0,700.0
6555,1707.0,700.0
6556,1707.0,700.0
6557,1707.0,700.0
6558,1707.0,700.0
6559,1707.0,700.0
6560,1707.0,700.0
6561,1707.0,700.0
6562,1707.0,700.0
6563,1707.0,700.0
6564,1707.0,700.0
6565,1707.0,700.0
6566,1707.0,700.0
6567,1707.0,700.0
6568,1707.0,700.0
6569,1707.0,700.0
6570,1707.0,700.0
6571,1707.0,700.0
6572,1707.0,700.0
6573,1707.0,700.0
6574,1707.0,700.0
6575,1707.0,700.0
6576,1707.0,700.0
6577,1707.0,700.0
6578,1707.0,700.0
6579,1707.0,700.0
6580,1707.0,700.0
6581,1707.0,700.0
6582,1707.0,700.0
6583,1707.0,700.0
6584,1707.0,700.0
6585,1707.0,700.0
6586,1707.0,700.0
6587,1707.0,700.0
6588,1707.0,700.0
6589,1707.0,700.0
6590,1707.0,700.0
6591,1707.0,700.0
6592,1707.0,700.0
6593,1707.0,700.0
6594,1707.0,700.0
6595,1707.0,700.0
6596,1707.0,700.0
6597,1707.0,700.0
6598,1707.0,700.0
6599,1707.0,700.0
6600,1707.0,700.0
6601,1707.0,700.0
6602,1707.0,700.0
6603,1707.0,700.0
6604,1707.0,700.0
6605,1707.0,700.0
6606,1707.0,700.0
6607,1707.0,700.0
6608,1707.0,700.0
6609,1707.0,700.0
6610,1707.0,700.0
6611,1707.0,700.0
6612,1707.0,700.0
6613,1707.0,700.0
6614,1707.0,700.0
6615,1707.0,700.0
6616,1707.0,700.0
6617,1707.0,700.0
6618,1707.0,700.0
6619,1707.0,700.0
6620,1707.0,700.0
6621,1707.0,700.0
6622,1707.0,700.0
6623,1707.0,700.0
6624,1707.0,700.0
6625,1707.0,700.0
6626,1707.0,700.0
6627,1707.0,700.0
6628,1707.0,700.0
6629,1707.0,700.0
6630,1707.0,700.0
6631,1707.0,700.0
6632,1707.0,700.0
6633,1707.0,700.0
6634,1707.0,700.0
6635,1707.0,700.0
6636,1707.0,700.0
6637,1707.0,700.0
6638,1707.0,700.0
6639,1707.0,700.0
6640,1707.0,700.0
6641,1707.0,700.0
6642,1707.0,700.0
6643,1707.0,700.0
6644,1707.0,700.0
6645,1707.0,700.0
6646,1707.0,700.0
6647,1707.0,700.0
6648,1707.0,700.0
6649,1707.0,700.0
6650,1707.0,700.0
6651,1707.0,700.0
6652,1707.0,700.0
6653,1707.0,700.0
6654,1707.0,700.0
6655,1707.0,700.0
6656,1707.0,700.0
6657,1707.0,700.0
6658,1707.0,700.0
6659,1707.0,700.0
6660,1707.0,700.0
6661,1707.0,700.0
6662,1707.0,700.0
6663,1707.0,700.0
6664,1707.0,700.0
6665,1707.0,700.0
6666,1707.0,700.0
6667,1707.0,700.0
6668,1707.0,700.0
6669,1707.0,700.0
6670,1707.0,700.0
6671,1707.0,700.0
6672,1707.0,700.0
6673,1707.0,700.0
6674,1707.0,700.0
6675,1707.0,700.0
6676,1707.0,700.0
6677,1707.0,700.0
6678,1707.0,700.0
6679,1707.0,700.0
6680,1707.0,700.0
6681,1707.0,700.0
6682,1707.0,700.0
6683,1707.0,700.0
6684,1707.0,700.0
6685,1707.0,700.0
6686,1707.0,700.0
6687,1707.0,700.0
6688,1707.0,700.0
6689,1707.0,700.0
6690,1707.0,700.0
6691,1707.0,700.0
6692,1707.0,700.0
6693,1707.0,700.0
6694,1707.0,700.0
6695,1707.0,700.0
6696,1707.0,700.0
6697,1707.0,700.0
6698,1707.0,700.0
6699,1707.0,700.0
6700,1707.0,700.0
6701,1707.0,700.0
6702,1707.0,700.0
6703,1707.0,700.0
6704,1707.0,700.0
6705,1707.0,700.0
6706,1707.0,700.0
6707,1707.0,700.0
6708,1707.0,700.0
6709,1707.0,700.0
6710,1707.0,700.0
6711,1707.0,700.0
6712,1707.0,700.0
6713,1707.0,700.0
6714,1707.0,700.0
6715,1707.0,700.0
6716,1707.0,700.0
6717,1707.0,700.0
6718,1707.0,700.0
6719,1707.0,700.0
6720,1707.0,700.0
6721,1707.0,700.0
6722,1707.0,700.0
6723,1707.0,700.0
6724,1707.0,700.0
6725,1707.0,700.0
6726,1707.0,700.0
6727,1707.0,700.0
6728,1707.0,700.0
6729,1707.0,700.0
6730,1707.0,700.0
6731,1707.0,700.0
6732,1707.0,700.0
6733,1707.0,700.0
6734,1707.0,700.0
6735,1707.0,700.0
6736,1707.0,700.0
6737,1707.0,700.0
6738,1707.0,700.0
6739,1707.0,700.0
6740,1707.0,700.0
6741,1707.0,700.0
6742,1707.0,700.0
6743,1707.0,700.0
6744,1707.0,700.0
6745,1707.0,700.0
6746,1707.0,700.0
6747,1707.0,700.0
6748,1707.0,700.0
6749,1707.0,700.0
6750,1707.0,700.0
6751,1707.0,700.0
6752,1707.0,700.0
6753,1707.0,700.0
6754,1707.0,700.0
6755,1707.0,700.0
6756,1707.0,700.0
6757,1707.0,700.0
6758,1707.0,700.0
6759,1707.0,700.0
6760,1707.0,700.0
6761,1707.0,700.0
6762,1707.0,700.0
6763,1707.0,700.0
6764,1707.0,700.0
6765,1707.0,700.0
6766,1707.0,700.0
6767,1707.0,700.0
6768,1707.0,700.0
6769,1707.0,700.0
6770,1707.0,700.0
6771,1707.0,700.0
6772,1707.0,700.0
6773,1707.0,700.0
6774,1707.0,700.0
6775,1707.0,700.0
6776,1707.0,700.0
6777,1707.0,700.0
6778,1707.0,700.0
6779,1707.0,700.0
6780,1707.0,700.0
6781,1707.0,700.0
6782,1707.0,700.0
6783,1707.0,700.0
6784,1707.0,700.0
6785,1707.0,700.0
6786,1707.0,700.0
6787,1707.0,700.0
6788,1707.0,700.0
6789,1707.0,700.0
6790,1707.0,700.0
6791,1707.0,700.0
6792,1707.0,700.0
6793,1707.0,700.0
6794,1707.0,700.0
6795,1707.0,700.0
6796,1707.0,700.0
6797,1707.0,700.0
6798,1707.0,700.0
6799,1707.0,700.0
6800,1707.0,700.0
6801,1707.0,700.0
6802,1707.0,700.0
6803,1707.0,700.0
6804,1707.0,700.0
6805,1707.0,700.0
6806,1707.0,700.0
6807,1707.0,700.0
6808,1707.0,700.0
6809,1707.0,700.0
6810,1707.0,700.0
6811,1707.0,700.0
6812,1707.0,700.0
6813,1707.0,700.0
6814,1707.0,700.0
6815,1707.0,700.0
6816,1707.0,700.0
6817,1707.0,700.0
6818,1707.0,700.0
6819,1707.0,700.0
6820,1707.0,700.0
6821,1707.0,700.0
6822,1707.0,700.0
6823,1707.0,700.0
6824,1707.0,700.0
6825,1707.0,700.0
6826,1707.0,700.0
6827,1707.0,700.0
6828,1707.0,700.0
6829,1707.0,700.0
6830,1707.0,700.0
6831,1707.0,700.0
6832,1707.0,700.0
6833,1707.0,700.0
6834,1707.0,700.0
6835,1707.0,700.0
6836,1707.0,700.0
6837,1707.0,700.0
6838,1707.0,700.0
6839,1707.0,700.0
6840,1707.0,700.0
6841,1707.0,700.0
6842,1707.0,700.0
6843,1707.0,700.0
6844,1707.0,700.0
6845,1707.0,700.0
6846,1707.0,700.0
6847,1707.0,700.0
6848,1707.0,700.0
6849,1707.0,700.0
6850,1707.0,700.0
6851,1707.0,700.0
6852,1707.0,700.0
6853,1707.0,700.0
6854,1707.0,700.0
6855,1707.0,700.0
6856,1707.0,700.0
6857,1707.0,700.0
6858,1707.0,700.0
6859,1707.0,700.0
6860,1707.0,700.0
6861,1707.0,700.0
6862,1707.0,700.0
6863,1707.0,700.0
6864,1707.0,700.0
6865,1707.0,700.0
6866,1707.0,700.0
6867,1707.0,700.0
6868,1707.0,700.0
6869,1707.0,700.0
6870,1707.0,700.0
6871,1707.0,700.0
6872,1707.0,700.0
6873,1707.0,700.0
6874,1707.0,700.0
6875,1707.0,700.0
6876,1707.0,700.0
6877,1707.0,700.0
6878,1707.0,700.0
6879,1707.0,700.0
6880,1707.0,700.0
6881,1707.0,700.0
6882,1707.0,700.0
6883,1707.0,700.0
6884,1707.0,700.0
6885,1707.0,700.0
6886,1707.0,700.0
6887,1707.0,700.0
6888,1707.0,700.0
6889,1707.0,700.0
6890,1707.0,700.0
6891,1707.0,700.0
6892,1707.0,700.0
6893,1707.0,700.0
6894,1707.0,700.0
6895,1707.0,700.0
6896,1707.0,700.0
6897,1707.0,700.0
6898,1707.0,700.0
6899,1707.0,700.0
6900,1707.0,700.0
6901,1707.0,700.0
6902,1707.0,700.0
6903,1707.0,700.0
6904,1707.0,700.0
6905,1707.0,700.0
6906,1707.0,700.0
6907,1707.0,700.0
6908,1707.0,700.0
6909,1707.0,700.0
6910,1707.0,700.0
6911,1707.0,700.0
6912,1707.0,700.0
6913,1707.0,700.0
6914,1707.0,700.0
6915,1707.0,700.0
6916,1707.0,700.0
6917,1707.0,700.0
6918,1707.0,700.0
6919,1707.0,700.0
6920,1707.0,700.0
6921,1707.0,700.0
6922,1707.0,700.0
6923,1707.0,700.0
6924,1707.0,700.0
6925,1707.0,700.0
6926,1707.0,700.0
6927,1707.0,700.0
6928,1707.0,700.0
6929,1707.0,700.0
6930,1707.0,700.0
6931,1707.0,700.0
6932,1707.0,700.0
6933,1707.0,700.0
6934,1707.0,700.0
6935,1707.0,700.0
6936,1707.0,700.0
6937,1707.0,700.0
6938,1707.0,700.0
6939,1707.0,700.0
6940,1707.0,700.0
6941,1707.0,700.0
6942,1707.0,700.0
6943,1707.0,700.0
6944,1707.0,700.0
6945,1707.0,700.0
6946,1707.0,700.0
6947,1707.0,700.0
6948,1707.0,700.0
6949,1707.0,700.0
6950,1707.0,700.0
6951,1707.0,700.0
6952,1707.0,700.0
6953,1707.0,700.0
6954,1707.0,700.0
6955,1707.0,700.0
6956,1707.0,700.0
6957,1707.0,700.0
6958,1707.0,700.0
6959,1707.0,700.0
6960,1707.0,700.0
6961,1707.0,700.0
6962,1707.0,700.0
6963,1707.0,700.0
6964,1707.0,700.0
6965,1707.0,700.0
6966,1707.0,700.0
6967,1707.0,700.0
6968,1707.0,700.0
6969,1707.0,700.0
6970,1707.0,700.0
6971,1707.0,700.0
6972,1707.0,700.0
6973,1707.0,700.0
6974,1707.0,700.0
6975,1707.0,700.0
6976,1707.0,700.0
6977,1707.0,700.0
6978,1707.0,700.0
6979,1707.0,700.0
6980,1707.0,700.0
6981,1707.0,700.0
6982,1707.0,700.0
6983,1707.0,700.0
6984,1707.0,700.0
6985,1707.0,700.0
6986,1707.0,700.0
6987,1707.0,700.0
6988,1707.0,700.0
6989,1707.0,700.0
6990,1707.0,700.0
6991,1707.0,700.0
6992,1707.0,700.0
6993,1707.0,700.0
6994,1707.0,700.0
6995,1707.0,700.0
6996,1707.0,700.0
6997,1707.0,700.0
6998,1707.0,700.0
6999,1707.0,700.0
7000,1707.0,700.0
7001,1707.0,700.0
7002,1707.0,700.0
7003,1707.0,700.0
7004,1707.0,700.0
7005,1707.0,700.0
7006,1707.0,700.0
7007,1707.0,700.0
7008,1707.0,700.0
7009,1707.0,700.0
7010,1707.0,700.0
7011,1707.0,700.0
7012,1707.0,700.0
7013,1707.0,700.0
7014,1707.0,700.0
7015,1707.0,700.0
7016,1707.0,700.0
7017,1707.0,700.0
7018,1707.0,700.0
7019,1707.0,700.0
7020,1707.0,700.0
7021,1707.0,700.0
7022,1707.0,700.0
7023,1707.0,700.0
7024,1707.0,700.0
7025,1707.0,700.0
7026,1707.0,700.0
7027,1707.0,700.0
7028,1707.0,700.0
7029,1707.0,700.0
7030,1707.0,700.0
7031,1707.0,700.0
7032,1707.0,700.0
7033,1707.0,700.0
7034,1707.0,700.0
7035,1707.0,700.0
7036,1707.0,700.0
7037,1707.0,700.0
7038,1707.0,700.0
7039,1707.0,700.0
7040,1707.0,700.0
7041,1707.0,700.0
7042,1707.0,700.0
7043,1707.0,700.0
7044,1707.0,700.0
7045,1707.0,700.0
7046,1707.0,700.0
7047,1707.0,700.0
7048,1707.0,700.0
7049,1707.0,700.0
7050,1707.0,700.0
7051,1707.0,700.0
7052,1707.0,700.0
7053,1707.0,700.0
7054,1707.0,700.0
7055,1707.0,700.0
7056,1707.0,700.0
7057,1707.0,700.0
7058,1707.0,700.0
7059,1707.0,700.0
7060,1707.0,700.0
7061,1707.0,700.0
7062,1707.0,700.0
7063,1707.0,700.0
7064,1707.0,700.0
7065,1707.0,700.0
7066,1707.0,700.0
7067,1707.0,700.0
7068,1707.0,700.0
7069,1707.0,700.0
7070,1707.0,700.0
7071,1707.0,700.0
7072,1707.0,700.0
7073,1707.0,700.0
7074,1707.0,700.0
7075,1707.0,700.0
7076,1707.0,700.0
7077,1707.0,700.0
7078,1707.0,700.0
7079,1707.0,700.0
7080,1707.0,700.0
7081,1707.0,700.0
7082,1707.0,700.0
7083,1707.0,700.0
7084,1707.0,700.0
7085,1707.0,700.0
7086,1707.0,700.0
7087,1707.0,700.0
7088,1707.0,700.0
7089,1707.0,700.0
7090,1707.0,700.0
7091,1707.0,700.0
7092,1707.0,700.0
7093,1707.0,700.0
7094,1707.0,700.0
7095,1707.0,700.0
7096,1707.0,700.0
7097,1707.0,700.0
7098,1707.0,700.0
7099,1707.0,700.0
7100,1707.0,700.0
7101,1707.0,700.0
7102,1707.0,700.0
7103,1707.0,700.0
7104,1707.0,700.0
7105,1707.0,700.0
7106,1707.0,700.0
7107,1707.0,700.0
7108,1707.0,700.0
7109,1707.0,700.0
7110,1707.0,700.0
7111,1707.0,700.0
7112,1707.0,700.0
7113,1707.0,700.0
7114,1707.0,700.0
7115,1707.0,700.0
7116,1707.0,700.0
7117,1707.0,700.0
7118,1707.0,700.0
7119,1707.0,700.0
7120,1707.0,700.0
7121,1707.0,700.0
7122,1707.0,700.0
7123,1707.0,700.0
7124,1707.0,700.0
7125,1707.0,700.0
7126,1707.0,700.0
7127,1707.0,700.0
7128,1707.0,700.0
7129,1707.0,700.0
7130,1707.0,700.0
7131,1707.0,700.0
7132,1707.0,700.0
7133,1707.0,700.0
7134,1707.0,700.0
7135,1707.0,700.0
7136,1707.0,700.0
7137,1707.0,700.0
7138,1707.0,700.0
7139,1707.0,700.0
7140,1707.0,700.0
7141,1707.0,700.0
7142,1707.0,700.0
7143,1707.0,700.0
7144,1707.0,700.0
7145,1707.0,700.0
7146,1707.0,700.0
7147,1707.0,700.0
7148,1707.0,700.0
7149,1707.0,700.0
7150,1707.0,700.0
7151,1707.0,700.0
7152,1707.0,700.0
7153,1707.0,700.0
7154,1707.0,700.0
7155,1707.0,700.0
7156,1707.0,700.0
7157,1707.0,700.0
7158,1707.0,700.0
7159,1707.0,700.0
7160,1707.0,700.0
7161,1707.0,700.0
7162,1707.0,700.0
7163,1707.0,700.0
7164,1707.0,700.0
7165,1707.0,700.0
7166,1707.0,700.0
7167,1707.0,700.0
7168,1707.0,700.0
7169,1707.0,700.0
7170,1707.0,700.0
7171,1707.0,700.0
7172,1707.0,700.0
7173,1707.0,700.0
7174,1707.0,700.0
7175,1707.0,700.0
7176,1707.0,700.0
7177,1707.0,700.0
7178,1707.0,700.0
7179,1707.0,700.0
7180,1707.0,700.0
7181,1707.0,700.0
7182,1707.0,700.0
7183,1707.0,700.0
7184,1707.0,700.0
7185,1707.0,700.0
7186,1707.0,700.0
7187,1707.0,700.0
7188,1707.0,700.0
7189,1707.0,700.0
7190,1707.0,700.0
7191,1707.0,700.0
7192,1707.0,700.0
7193,1707.0,700.0
7194,1707.0,700.0
7195,1707.0,700.0
7196,1707.0,700.0
7197,1707.0,700.0
7198,1707.0,700.0
7199,1707.0,700.0
7200,1707.0,700.0
7201,1707.0,700.0
7202,1707.0,700.0
7203,1707.0,700.0
7204,1707.0,700.0
7205,1707.0,700.0
7206,1707.0,700.0
7207,1707.0,700.0
7208,1707.0,700.0
7209,1707.0,700.0
7210,1707.0,700.0
7211,1707.0,700.0
7212,1707.0,700.0
7213,1707.0,700.0
7214,1707.0,700.0
7215,1707.0,700.0
7216,1707.0,700.0
7217,1707.0,700.0
7218,1707.0,700.0
7219,1707.0,700.0
7220,1707.0,700.0
7221,1707.0,700.0
7222,1707.0,700.0
7223,1707.0,700.0
7224,1707.0,700.0
7225,1707.0,700.0
7226,1707.0,700.0
7227,1707.0,700.0
7228,1707.0,700.0
7229,1707.0,700.0
7230,1707.0,700.0
7231,1707.0,700.0
7232,1707.0,700.0
7233,1707.0,700.0
7234,1707.0,700.0
7235,1707.0,700.0
7236,1707.0,700.0
7237,1707.0,700.0
7238,1707.0,700.0
7239,1707.0,700.0
7240,1707.0,700.0
7241,1707.0,700.0
7242,1707.0,700.0
7243,1707.0,700.0
7244,1707.0,700.0
7245,1707.0,700.0
7246,1707.0,700.0
7247,1707.0,700.0
7248,1707.0,700.0
7249,1707.0,700.0
7250,1707.0,700.0
7251,1707.0,700.0
7252,1707.0,700.0
7253,1707.0,700.0
7254,1707.0,700.0
7255,1707.0,700.0
7256,1707.0,700.0
7257,1707.0,700.0
7258,1707.0,700.0
7259,1707.0,700.0
7260,1707.0,700.0
7261,1707.0,700.0
7262,1707.0,700.0
7263,1707.0,700.0
7264,1707.0,700.0
7265,1707.0,700.0
7266,1707.0,700.0
7267,1707.0,700.0
7268,1707.0,700.0
7269,1707.0,700.0
7270,1707.0,700.0
7271,1707.0,700.0
7272,1707.0,700.0
7273,1707.0,700.0
7274,1707.0,700.0
7275,1707.0,700.0
7276,1707.0,700.0
7277,1707.0,700.0
7278,1707.0,700.0
7279,1707.0,700.0
7280,1707.0,700.0
7281,1707.0,700.0
7282,1707.0,700.0
7283,1707.0,700.0
7284,1707.0,700.0
7285,1707.0,700.0
7286,1707.0,700.0
7287,1707.0,700.0
7288,1707.0,700.0
7289,1707.0,700.0
7290,1707.0,700.0
7291,1707.0,700.0
7292,1707.0,700.0
7293,1707.0,700.0
7294,1707.0,700.0
7295,1707.0,700.0
7296,1707.0,700.0
7297,1707.0,700.0
7298,1707.0,700.0
7299,1707.0,700.0
7300,1707.0,700.0
7301,1707.0,700.0
7302,1707.0,700.0
7303,1707.0,700.0
7304,1707.0,700.0
7305,1707.0,700.0
7306,1707.0,700.0
7307,1707.0,700.0
7308,1707.0,700.0
7309,1707.0,700.0
7310,1707.0,700.0
7311,1707.0,700.0
7312,1707.0,700.0
7313,1707.0,700.0
7314,1707.0,700.0
7315,1707.0,700.0
7316,1707.0,700.0
7317,1707.0,700.0
7318,1707.0,700.0
7319,1707.0,700.0
7320,1707.0,700.0
7321,1707.0,700.0
7322,1707.0,700.0
7323,1707.0,700.0
7324,1707.0,700.0
7325,1707.0,700.0
7326,1707.0,700.0
7327,1707.0,700.0
7328,1707.0,700.0
7329,1707.0,700.0
7330,1707.0,700.0
7331,1707.0,700.0
7332,1707.0,700.0
7333,1707.0,700.0
7334,1707.0,700.0
7335,1707.0,700.0
7336,1707.0,700.0
7337,1707.0,700.0
7338,1707.0,700.0
7339,1707.0,700.0
7340,1707.0,700.0
7341,1707.0,700.0
7342,1707.0,700.0
7343,1707.0,700.0
7344,1707.0,700.0
7345,1707.0,700.0
7346,1707.0,700.0
7347,1707.0,700.0
7348,1707.0,700.0
7349,1707.0,700.0
7350,1707.0,700.0
7351,1707.0,700.0
7352,1707.0,700.0
7353,1707.0,700.0
7354,1707.0,700.0
7355,1707.0,700.0
7356,1707.0,700.0
7357,1707.0,700.0
7358,1707.0,700.0
7359,1707.0,700.0
7360,1707.0,700.0
7361,1707.0,700.0
7362,1707.0,700.0
7363,1707.0,700.0
7364,1707.0,700.0
7365,1707.0,700.0
7366,1707.0,700.0
7367,1707.0,700.0
7368,1707.0,700.0
7369,1707.0,700.0
7370,1707.0,700.0
7371,1707.0,700.0
7372,1707.0,700.0
7373,1707.0,700.0
7374,1707.0,700.0
7375,1707.0,700.0
7376,1707.0,700.0
7377,1707.0,700.0
7378,1707.0,700.0
7379,1707.0,700.0
7380,1707.0,700.0
7381,1707.0,700.0
7382,1707.0,700.0
7383,1707.0,700.0
7384,1707.0,700.0
7385,1707.0,700.0
7386,1707.0,700.0
7387,1707.0,700.0
7388,1707.0,700.0
7389,1707.0,700.0
7390,1707.0,700.0
7391,1707.0,700.0
7392,1707.0,700.0
7393,1707.0,700.0
7394,1707.0,700.0
7395,1707.0,700.0
7396,1707.0,700.0
7397,1707.0,700.0
7398,1707.0,700.0
7399,1707.0,700.0
7400,1707.0,700.0
7401,1707.0,700.0
7402,1707.0,700.0
7403,1707.0,700.0
7404,1707.0,700.0
7405,1707.0,700.0
7406,1707.0,700.0
7407,1707.0,700.0
7408,1707.0,700.0
7409,1707.0,700.0
7410,1707.0,700.0
7411,1707.0,700.0
7412,1707.0,700.0
7413,1707.0,700.0
7414,1707.0,700.0
7415,1707.0,700.0
7416,1707.0,700.0
7417,1707.0,700.0
7418,1707.0,700.0
7419,1707.0,700.0
7420,1707.0,700.0
7421,1707.0,700.0
7422,1707.0,700.0
7423,1707.0,700.0
7424,1707.0,700.0
7425,1707.0,700.0
7426,1707.0,700.0
7427,1707.0,700.0
7428,1707.0,700.0
7429,1707.0,700.0
7430,1707.0,700.0
7431,1707.0,700.0
7432,1707.0,700.0
7433,1707.0,700.0
7434,1707.0,700.0
7435,1707.0,700.0
7436,1707.0,700.0
7437,1707.0,700.0
7438,1707.0,700.0
7439,1707.0,700.0
7440,1707.0,700.0
7441,1707.0,700.0
7442,1707.0,700.0
7443,1707.0,700.0
7444,1707.0,700.0
7445,1707.0,700.0
7446,1707.0,700.0
7447,1707.0,700.0
7448,1707.0,700.0
7449,1707.0,700.0
7450,1707.0,700.0
7451,1707.0,700.0
7452,1707.0,700.0
7453,1707.0,700.0
7454,1707.0,700.0
7455,1707.0,700.0
7456,1707.0,700.0
7457,1707.0,700.0
7458,1707.0,700.0
7459,1707.0,700.0
7460,1707.0,700.0
7461,1707.0,700.0
7462,1707.0,700.0
7463,1707.0,700.0
7464,1707.0,700.0
7465,1707.0,700.0
7466,1707.0,700.0
7467,1707.0,700.0
7468,1707.0,700.0
7469,1707.0,700.0
7470,1707.0,700.0
7471,1707.0,700.0
7472,1707.0,700.0
7473,1707.0,700.0
7474,1707.0,700.0
7475,1707.0,700.0
7476,1707.0,700.0
7477,1707.0,700.0
7478,1707.0,700.0
7479,1707.0,700.0
7480,1707.0,700.0
7481,1707.0,700.0
7482,1707.0,700.0
7483,1707.0,700.0
7484,1707.0,700.0
7485,1707.0,700.0
7486,1707.0,700.0
7487,1707.0,700.0
7488,1707.0,700.0
7489,1707.0,700.0
7490,1707.0,700.0
7491,1707.0,700.0
7492,1707.0,700.0
7493,1707.0,700.0
7494,1707.0,700.0
7495,1707.0,700.0
7496,1707.0,700.0
7497,1707.0,700.0
7498,1707.0,700.0
7499,1707.0,700.0
7500,1707.0,700.0
7501,1707.0,700.0
7502,1707.0,700.0
7503,1707.0,700.0
7504,1707.0,700.0
7505,1707.0,700.0
7506,1707.0,700.0
7507,1707.0,700.0
7508,1707.0,700.0
7509,1707.0,700.0
7510,1707.0,700.0
7511,1707.0,700.0
7512,1707.0,700.0
7513,1707.0,700.0
7514,1707.0,700.0
7515,1707.0,700.0
7516,1707.0,700.0
7517,1707.0,700.0
7518,1707.0,700.0
7519,1707.0,700.0
7520,1707.0,700.0
7521,1707.0,700.0
7522,1707.0,700.0
7523,1707.0,700.0
7524,1707.0,700.0
7525,1707.0,700.0
7526,1707.0,700.0
7527,1707.0,700.0
7528,1707.0,700.0
7529,1707.0,700.0
7530,1707.0,700.0
7531,1707.0,700.0
7532,1707.0,700.0
7533,1707.0,700.0
7534,1707.0,700.0
7535,1707.0,700.0
7536,1707.0,700.0
7537,1707.0,700.0
7538,1707.0,700.0
7539,1707.0,700.0
7540,1707.0,700.0
7541,1707.0,700.0
7542,1707.0,700.0
7543,1707.0,700.0
7544,1707.0,700.0
7545,1707.0,700.0
7546,1707.0,700.0
7547,1707.0,700.0
7548,1707.0,700.0
7549,1707.0,700.0
7550,1707.0,700.0
7551,1707.0,700.0
7552,1707.0,700.0
7553,1707.0,700.0
7554,1707.0,700.0
7555,1707.0,700.0
7556,1707.0,700.0
7557,1707.0,700.0
7558,1707.0,700.0
7559,1707.0,700.0
7560,1707.0,700.0
7561,1707.0,700.0
7562,1707.0,700.0
7563,1707.0,700.0
7564,1707.0,700.0
7565,1707.0,700.0
7566,1707.0,700.0
7567,1707.0,700.0
7568,1707.0,700.0
7569,1707.0,700.0
7570,1707.0,700.0
7571,1707.0,700.0
7572,1707.0,700.0
7573,1707.0,700.0
7574,1707.0,700.0
7575,1707.0,700.0
7576,1707.0,700.0
7577,1707.0,700.0
7578,1707.0,700.0
7579,1707.0,700.0
7580,1707.0,700.0
7581,1707.0,700.0
7582,1707.0,700.0
7583,1707.0,700.0
7584,1707.0,700.0
7585,1707.0,700.0
7586,1707.0,700.0
7587,1707.0,700.0
7588,1707.0,700.0
7589,1707.0,700.0
7590,1707.0,700.0
7591,1707.0,700.0
7592,1707.0,700.0
7593,1707.0,700.0
7594,1707.0,700.0
7595,1707.0,700.0
7596,1707.0,700.0
7597,1707.0,700.0
7598,1707.0,700.0
7599,1707.0,700.0
7600,1707.0,700.0
7601,1707.0,700.0
7602,1707.0,700.0
7603,1707.0,700.0
7604,1707.0,700.0
7605,1707.0,700.0
7606,1707.0,700.0
7607,1707.0,700.0
7608,1707.0,700.0
7609,1707.0,700.0
7610,1707.0,700.0
7611,1707.0,700.0
7612,1707.0,700.0
7613,1707.0,700.0
7614,1707.0,700.0
7615,1707.0,700.0
7616,1707.0,700.0
7617,1707.0,700.0
7618,1707.0,700.0
7619,1707.0,700.0
7620,1707.0,700.0
7621,1707.0,700.0
7622,1707.0,700.0
7623,1707.0,700.0
7624,1707.0,700.0
7625,1707.0,700.0
7626,1707.0,700.0
7627,1707.0,700.0
7628,1707.0,700.0
7629,1707.0,700.0
7630,1707.0,700.0
7631,1707.0,700.0
7632,1707.0,700.0
7633,1707.0,700.0
7634,1707.0,700.0
7635,1707.0,700.0
7636,1707.0,700.0
7637,1707.0,700.0
7638,1707.0,700.0
7639,1707.0,700.0
7640,1707.0,700.0
7641,1707.0,700.0
7642,1707.0,700.0
7643,1707.0,700.0
7644,1707.0,700.0
7645,1707.0,700.0
7646,1707.0,700.0
7647,1707.0,700.0
7648,1707.0,700.0
7649,1707.0,700.0
7650,1707.0,700.0
7651,1707.0,700.0
7652,1707.0,700.0
7653,1707.0,700.0
7654,1707.0,700.0
7655,1707.0,700.0
7656,1707.0,700.0
7657,1707.0,700.0
7658,1707.0,700.0
7659,1707.0,700.0
7660,1707.0,700.0
7661,1707.0,700.0
7662,1707.0,700.0
7663,1707.0,700.0
7664,1707.0,700.0
7665,1707.0,700.0
7666,1707.0,700.0
7667,1707.0,700.0
7668,1707.0,700.0
7669,1707.0,700.0
7670,1707.0,700.0
7671,1707.0,700.0
7672,1707.0,700.0
7673,1707.0,700.0
7674,1707.0,700.0
7675,1707.0,700.0
7676,1707.0,700.0
7677,1707.0,700.0
7678,1707.0,700.0
7679,1707.0,700.0
7680,1707.0,700.0
7681,1707.0,700.0
7682,1707.0,700.0
7683,1707.0,700.0
7684,1707.0,700.0
7685,1707.0,700.0
7686,1707.0,700.0
7687,1707.0,700.0
7688,1707.0,700.0
7689,1707.0,700.0
7690,1707.0,700.0
7691,1707.0,700.0
7692,1707.0,700.0
7693,1707.0,700.0
7694,1707.0,700.0
7695,1707.0,700.0
7696,1707.0,700.0
7697,1707.0,700.0
7698,1707.0,700.0
7699,1707.0,700.0
7700,1707.0,700.0
7701,1707.0,700.0
7702,1707.0,700.0
7703,1707.0,700.0
7704,1707.0,700.0
7705,1707.0,700.0
7706,1707.0,700.0
7707,1707.0,700.0
7708,1707.0,700.0
7709,1707.0,700.0
7710,1707.0,700.0
7711,1707.0,700.0
7712,1707.0,700.0
7713,1707.0,700.0
7714,1707.0,700.0
7715,1707.0,700.0
7716,1707.0,700.0
7717,1707.0,700.0
7718,1707.0,700.0
7719,1707.0,700.0
7720,1707.0,700.0
7721,1707.0,700.0
7722,1707.0,700.0
7723,1707.0,700.0
7724,1707.0,700.0
7725,1707.0,700.0
7726,1707.0,700.0
7727,1707.0,700.0
7728,1707.0,700.0
7729,1707.0,700.0
7730,1707.0,700.0
7731,1707.0,700.0
7732,1707.0,700.0
7733,1707.0,700.0
7734,1707.0,700.0
7735,1707.0,700.0
7736,1707.0,700.0
7737,1707.0,700.0
7738,1707.0,700.0
7739,1707.0,700.0
7740,1707.0,700.0
7741,1707.0,700.0
7742,1707.0,700.0
7743,1707.0,700.0
7744,1707.0,700.0
7745,1707.0,700.0
7746,1707.0,700.0
7747,1707.0,700.0
7748,1707.0,700.0
7749,1707.0,700.0
7750,1707.0,700.0
7751,1707.0,700.0
7752,1707.0,700.0
7753,1707.0,700.0
7754,1707.0,700.0
7755,1707.0,700.0
7756,1707.0,700.0
7757,1707.0,700.0
7758,1707.0,700.0
7759,1707.0,700.0
7760,1707.0,700.0
7761,1707.0,700.0
7762,1707.0,700.0
7763,1707.0,700.0
7764,1707.0,700.0
7765,1707.0,700.0
7766,1707.0,700.0
7767,1707.0,700.0
7768,1707.0,700.0
7769,1707.0,700.0
7770,1707.0,700.0
7771,1707.0,700.0
7772,1707.0,700.0
7773,1707.0,700.0
7774,1707.0,700.0
7775,1707.0,700.0
7776,1707.0,700.0
7777,1707.0,700.0
7778,1707.0,700.0
7779,1707.0,700.0
7780,1707.0,700.0
7781,1707.0,700.0
7782,1707.0,700.0
7783,1707.0,700.0
7784,1707.0,700.0
7785,1707.0,700.0
7786,1707.0,700.0
7787,1707.0,700.0
7788,1707.0,700.0
7789,1707.0,700.0
7790,1707.0,700.0
7791,1707.0,700.0
7792,1707.0,700.0
7793,1707.0,700.0
7794,1707.0,700.0
7795,1707.0,700.0
7796,1707.0,700.0
7797,1707.0,700.0
7798,1707.0,700.0
7799,1707.0,700.0
7800,1707.0,700.0
7801,1707.0,700.0
7802,1707.0,700.0
7803,1707.0,700.0
7804,1707.0,700.0
7805,1707.0,700.0
7806,1707.0,700.0
7807,1707.0,700.0
7808,1707.0,700.0
7809,1707.0,700.0
7810,1707.0,700.0
7811,1707.0,700.0
7812,1707.0,700.0
7813,1707.0,700.0
7814,1707.0,700.0
7815,1707.0,700.0
7816,1707.0,700.0
7817,1707.0,700.0
7818,1707.0,700.0
7819,1707.0,700.0
7820,1707.0,700.0
7821,1707.0,700.0
7822,1707.0,700.0
7823,1707.0,700.0
7824,1707.0,700.0
7825,1707.0,700.0
7826,1707.0,700.0
7827,1707.0,700.0
7828,1707.0,700.0
7829,1707.0,700.0
7830,1707.0,700.0
7831,1707.0,700.0
7832,1707.0,700.0
7833,1707.0,700.0
7834,1707.0,700.0
7835,1707.0,700.0
7836,1707.0,700.0
7837,1707.0,700.0
7838,1707.0,700.0
7839,1707.0,700.0
7840,1707.0,700.0
7841,1707.0,700.0
7842,1707.0,700.0
7843,1707.0,700.0
7844,1707.0,700.0
7845,1707.0,700.0
7846,1707.0,700.0
7847,1707.0,700.0
7848,1707.0,700.0
7849,1707.0,700.0
7850,1707.0,700.0
7851,1707.0,700.0
7852,1707.0,700.0
7853,1707.0,700.0
7854,1707.0,700.0
7855,1707.0,700.0
7856,1707.0,700.0
7857,1707.0,700.0
7858,1707.0,700.0
7859,1707.0,700.0
7860,1707.0,700.0
7861,1707.0,700.0
7862,1707.0,700.0
7863,1707.0,700.0
7864,1707.0,700.0
7865,1707.0,700.0
7866,1707.0,700.0
7867,1707.0,700.0
7868,1707.0,700.0
7869,1707.0,700.0
7870,1707.0,700.0
7871,1707.0,700.0
7872,1707.0,700.0
7873,1707.0,700.0
7874,1707.0,700.0
7875,1707.0,700.0
7876,1707.0,700.0
7877,1707.0,700.0
7878,1707.0,700.0
7879,1707.0,700.0
7880,1707.0,700.0
7881,1707.0,700.0
7882,1707.0,700.0
7883,1707.0,700.0
7884,1707.0,700.0
7885,1707.0,700.0
7886,1707.0,700.0
7887,1707.0,700.0
7888,1707.0,700.0
7889,1707.0,700.0
7890,1707.0,700.0
7891,1707.0,700.0
7892,1707.0,700.0
7893,1707.0,700.0
7894,1707.0,700.0
7895,1707.0,700.0
7896,1707.0,700.0
7897,1707.0,700.0
7898,1707.0,700.0
7899,1707.0,700.0
7900,1707.0,700.0
7901,1707.0,700.0
7902,1707.0,700.0
7903,1707.0,700.0
7904,1707.0,700.0
7905,1707.0,700.0
7906,1707.0,700.0
7907,1707.0,700.0
7908,1707.0,700.0
7909,1707.0,700.0
7910,1707.0,700.0
7911,1707.0,700.0
7912,1707.0,700.0
7913,1707.0,700.0
7914,1707.0,700.0
7915,1707.0,700.0
7916,1707.0,700.0
7917,1707.0,700.0
7918,1707.0,700.0
7919,1707.0,700.0
7920,1707.0,700.0
7921,1707.0,700.0
7922,1707.0,700.0
7923,1707.0,700.0
7924,1707.0,700.0
7925,1707.0,700.0
7926,1707.0,700.0
7927,1707.0,700.0
7928,1707.0,700.0
7929,1707.0,700.0
7930,1707.0,700.0
7931,1707.0,700.0
7932,1707.0,700.0
7933,1707.0,700.0
7934,1707.0,700.0
7935,1707.0,700.0
7936,1707.0,700.0
7937,1707.0,700.0
7938,1707.0,700.0
7939,1707.0,700.0
7940,1707.0,700.0
7941,1707.0,700.0
7942,1707.0,700.0
7943,1707.0,700.0
7944,1707.0,700.0
7945,1707.0,700.0
7946,1707.0,700.0
7947,1707.0,700.0
7948,1707.0,700.0
7949,1707.0,700.0
7950,1707.0,700.0
7951,1707.0,700.0
7952,1707.0,700.0
7953,1707.0,700.0
7954,1707.0,700.0
7955,1707.0,700.0
7956,1707.0,700.0
7957,1707.0,700.0
7958,1707.0,700.0
7959,1707.0,700.0
7960,1707.0,700.0
7961,1707.0,700.0
7962,1707.0,700.0
7963,1707.0,700.0
7964,1707.0,700.0
7965,1707.0,700.0
7966,1707.0,700.0
7967,1707.0,700.0
7968,1707.0,700.0
7969,1707.0,700.0
7970,1707.0,700.0
7971,1707.0,700.0
7972,1707.0,700.0
7973,1707.0,700.0
7974,1707.0,700.0
7975,1707.0,700.0
7976,1707.0,700.0
7977,1707.0,700.0
7978,1707.0,700.0
7979,1707.0,700.0
7980,1707.0,227.73254386826568
7981,1707.0,0.0
7982,1707.0,0.0
7983,1707.0,0.0
7984,1707.0,0.0
7985,1707.0,0.0
7986,1707.0,0.0
7987,1707.0,2.054608650066143
7988,1707.0,0.0
7989,1707.0,0.0
7990,1707.0,0.0
7991,1707.0,0.0
7992,1707.0,0.0
7993,1707.0,0.0
7994,1707.0,0.0
7995,1707.0,0.0
7996,1707.0,225.62663973666565
7997,1707.0,12.706343747265805
7998,1707.0,0.0
7999,1707.0,0.0
8000,1707.0,0.0
8001,1707.0,0.0
8002,1707.0,453.92574112496584
8003,1707.0,556.1162312996661
8004,1707.0,438.94611740656626
8005,1707.0,0.0
8006,1707.0,0.0
8007,1707.0,0.0
8008,1707.0,0.0
8009,1707.0,13.902632206879765
8010,1707.0,27.58051641236591
8011,1707.0,148.07806611266608
8012,1707.0,50.67093214456611
8013,1707.0,0.0
8014,1707.0,0.0
8015,1707.0,0.0
8016,1707.0,0.0
8017,1707.0,0.0
8018,1707.0,0.0
8019,1707.0,0.0
8020,1707.0,0.0
8021,1707.0,0.0
8022,1707.0,0.0
8023,1707.0,0.0
8024,1707.0,0.0
8025,1707.0,0.0
8026,1707.0,700.0
8027,1707.0,700.0
8028,1707.0,700.0
8029,1707.0,700.0
8030,1707.0,497.57691237607395
8031,1707.0,700.0
8032,1707.0,647.8392929604406
8033,1707.0,402.75172294386607
8034,1707.0,0.0
8035,1707.0,0.0
8036,1707.0,0.0
8037,1707.0,0.0
8038,1707.0,0.0
8039,1707.0,0.0
8040,1707.0,0.0
8041,1707.0,0.0
8042,1707.0,0.0
8043,1707.0,0.0
8044,1707.0,0.0
8045,1707.0,327.201654433107
8046,1707.0,285.08032088705886
8047,1707.0,0.0
8048,1707.0,0.0
8049,1707.0,0.0
8050,1707.0,393.4745271982058
8051,1707.0,129.71710640835502
8052,1707.0,0.0
8053,1707.0,404.37817192442884
8054,1707.0,194.49218127130177
8055,1707.0,490.56412564335164
8056,1707.0,577.3076613019082
8057,1707.0,599.2397196629519
8058,1707.0,204.6197912921683
8059,1707.0,0.0
8060,1707.0,0.0
8061,1707.0,0.0
8062,1707.0,0.0
8063,1707.0,0.0
8064,1707.0,0.0
8065,1707.0,0.0
8066,1707.0,0.0
8067,1707.0,0.0
8068,1707.0,16.03514172913927
8069,1707.0,358.4520381728746
8070,1707.0,0.0
8071,1707.0,276.91733244647054
8072,1707.0,0.0
8073,1707.0,160.03580971444575
8074,1707.0,471.43561101665654
8075,1707.0,700.0
8076,1707.0,700.0
8077,1707.0,607.9485882416225
8078,1707.0,700.0
8079,1707.0,700.0
8080,1707.0,700.0
8081,1707.0,270.41332994798756
8082,1707.0,700.0
8083,1707.0,521.7047518762101
8084,1707.0,700.0
8085,1707.0,700.0
8086,1707.0,700.0
8087,1707.0,700.0
8088,1707.0,700.0
8089,1707.0,700.0
8090,1707.0,700.0
8091,1707.0,700.0
8092,1707.0,700.0
8093,1707.0,700.0
8094,1707.0,700.0
8095,1707.0,700.0
8096,1707.0,700.0
8097,1707.0,700.0
8098,1707.0,700.0
8099,1707.0,700.0
8100,1707.0,700.0
8101,1707.0,700.0
8102,1707.0,700.0
8103,1707.0,700.0
8104,1707.0,700.0
8105,1707.0,700.0
8106,1707.0,496.6068357604555
8107,1707.0,700.0
8108,1707.0,671.3210203766321
8109,1707.0,696.7211475200002
8110,1707.0,655.9606765599999
8111,1707.0,435.55559093446186
8112,1707.0,522.7593499931338
8113,1707.0,600.0285975702836
8114,1707.0,700.0
8115,1707.0,700.0
8116,1707.0,700.0
8117,1707.0,700.0
8118,1707.0,541.3743795458
8119,1707.0,234.68189430852348
8120,1707.0,369.60256120848595
8121,1707.0,299.2782566753001
8122,1707.0,700.0
8123,1707.0,178.49834913069105
8124,1707.0,79.980580995
8125,1707.0,107.70343630670146
8126,1707.0,52.04404692069778
8127,1707.0,25.814733403873383
8128,1707.0,0.42098382194538253
8129,1707.0,0.0
8130,1707.0,700.0
8131,1707.0,700.0
8132,1707.0,700.0
8133,1707.0,700.0
8134,1707.0,683.9131293449783
8135,1707.0,319.4201832029747
8136,1707.0,119.82214053046584
8137,1707.0,402.9044449051661
8138,1707.0,585.197655044066
8139,1707.0,409.29625581236576
8140,1707.0,358.2427528026659
8141,1707.0,520.5232561076663
8142,1707.0,700.0
8143,1707.0,700.0
8144,1707.0,700.0
8145,1707.0,700.0
8146,1707.0,700.0
8147,1707.0,700.0
8148,1707.0,700.0
8149,1707.0,700.0
8150,1707.0,700.0
8151,1707.0,700.0
8152,1707.0,700.0
8153,1707.0,700.0
8154,1707.0,700.0
8155,1707.0,700.0
8156,1707.0,148.0914498881657
8157,1707.0,56.63098323906604
8158,1707.0,0.0
8159,1707.0,0.0
8160,1707.0,74.99369922526569
8161,1707.0,700.0
8162,1707.0,373.8506944244658
8163,1707.0,536.9314676845273
8164,1707.0,596.3035383906663
8165,1707.0,700.0
8166,1707.0,700.0
8167,1707.0,700.0
8168,1707.0,700.0
8169,1707.0,700.0
8170,1707.0,700.0
8171,1707.0,577.3234534545658
8172,1707.0,557.2577453253663
8173,1707.0,417.63397892216597
8174,1707.0,593.2330112716662
8175,1707.0,522.9939847525658
8176,1707.0,676.1850877664659
8177,1707.0,110.44809464406592
8178,1707.0,474.14953455426587
8179,1707.0,629.6850994135659
8180,1707.0,303.80481289556565
8181,1707.0,22.689809531666015
8182,1707.0,0.0
8183,1707.0,0.0
8184,1707.0,0.0
8185,1707.0,0.0
8186,1707.0,0.0
8187,1707.0,0.0
8188,1707.0,0.0
8189,1707.0,0.0
8190,1707.0,0.0
8191,1707.0,0.0
8192,1707.0,0.0
8193,1707.0,338.6997970667752
8194,1707.0,700.0
8195,1707.0,700.0
8196,1707.0,700.0
8197,1707.0,700.0
8198,1707.0,700.0
8199,1707.0,572.9782272806657
8200,1707.0,700.0
8201,1707.0,700.0
8202,1707.0,700.0
8203,1707.0,317.5916258132662
8204,1707.0,700.0
8205,1707.0,327.1512565464658
8206,1707.0,278.70313086266583
8207,1707.0,379.01013670176036
8208,1707.0,700.0
8209,1707.0,467.3111498805705
8210,1707.0,521.1142109966127
8211,1707.0,700.0
8212,1707.0,700.0
8213,1707.0,700.0
8214,1707.0,700.0
8215,1707.0,700.0
8216,1707.0,700.0
8217,1707.0,700.0
8218,1707.0,700.0
8219,1707.0,700.0
8220,1707.0,700.0
8221,1707.0,700.0
8222,1707.0,700.0
8223,1707.0,700.0
8224,1707.0,700.0
8225,1707.0,700.0
8226,1707.0,700.0
8227,1707.0,92.84558217846609
8228,1707.0,141.86487981775517
8229,1707.0,0.0
8230,1707.0,0.0
8231,1707.0,0.0
8232,1707.0,0.0
8233,1707.0,0.0
8234,1707.0,0.0
8235,1707.0,0.0
8236,1707.0,0.0
8237,1707.0,0.0
8238,1707.0,0.0
8239,1707.0,0.0
8240,1707.0,0.0
8241,1707.0,0.0
8242,1707.0,135.71999219579948
8243,1707.0,35.79172645129984
8244,1707.0,175.32298688470064
8245,1707.0,323.7890312788004
8246,1707.0,514.0234202260003
8247,1707.0,657.1117661210997
8248,1707.0,700.0
8249,1707.0,652.7139516436002
8250,1707.0,265.9709752606998
8251,1707.0,700.0
8252,1707.0,416.2695790044004
8253,1707.0,361.88121779319977
8254,1707.0,349.1976179915998
8255,1707.0,0.0
8256,1707.0,0.0
8257,1707.0,0.0
8258,1707.0,40.29682020070027
8259,1707.0,25.692776993199686
8260,1707.0,613.7795946669003
8261,1707.0,179.85082979000026
8262,1707.0,237.4208277332002
8263,1707.0,24.735204029499982
8264,1707.0,189.53991008020034
8265,1707.0,538.7031762420002
8266,1707.0,700.0
8267,1707.0,700.0
8268,1707.0,700.0
8269,1707.0,614.0559367027997
8270,1707.0,508.67173078095857
8271,1707.0,560.0287777630484
8272,1707.0,548.8855821078367
8273,1707.0,700.0
8274,1707.0,699.9999999999999
8275,1707.0,700.0
8276,1707.0,700.0
8277,1707.0,700.0
8278,1707.0,700.0
8279,1707.0,700.0
8280,1707.0,700.0
8281,1707.0,700.0
8282,1707.0,700.0
8283,1707.0,700.0
8284,1707.0,700.0
8285,1707.0,700.0
8286,1707.0,700.0
8287,1707.0,700.0
8288,1707.0,700.0
8289,1707.0,700.0
8290,1707.0,700.0
8291,1707.0,700.0
8292,1707.0,700.0
8293,1707.0,700.0
8294,1707.0,700.0
8295,1707.0,700.0
8296,1707.0,600.7120411983002
8297,1707.0,0.0
8298,1707.0,0.0
8299,1707.0,0.0
8300,1707.0,0.0
8301,1707.0,0.0
8302,1707.0,0.0
8303,1707.0,0.0
8304,1707.0,0.0
8305,1707.0,0.0
8306,1707.0,0.0
8307,1707.0,0.0
8308,1707.0,0.0
8309,1707.0,107.78701698009921
8310,1707.0,1.8840095648980455
8311,1707.0,310.8891126508561
8312,1707.0,187.1105594691452
8313,1707.0,268.5815965794954
8314,1707.0,700.0
8315,1707.0,700.0
8316,1707.0,700.0
8317,1707.0,700.0
8318,1707.0,677.021604174131
8319,1707.0,700.0
8320,1707.0,554.5463889679727
8321,1707.0,687.9982968401938
8322,1707.0,521.4056686875424
8323,1707.0,388.0434519812208
8324,1707.0,700.0
8325,1707.0,700.0
8326,1707.0,0.0
8327,1637.7781478748252,0.0
8328,1707.0,453.2739400596209
8329,1707.0,700.0
8330,1707.0,700.0
8331,1707.0,536.7791252213151
8332,1707.0,479.21105124737886
8333,1707.0,700.0
8334,1707.0,700.0
8335,1707.0,298.58988401528234
8336,1707.0,700.0
8337,1707.0,700.0
8338,1707.0,700.0
8339,1707.0,700.0
8340,1707.0,700.0
8341,1707.0,700.0
8342,1707.0,700.0
8343,1707.0,614.3602691715829
8344,1707.0,700.0
8345,1707.0,0.0
8346,1707.0,454.3731275373658
8347,1707.0,700.0
8348,1707.0,700.0
8349,1707.0,606.8607604393657
8350,1707.0,355.01169930236597
8351,1707.0,286.38339681055527
8352,1707.0,355.44503319535625
8353,1707.0,182.15446488398706
8354,1707.0,129.5104313843558
8355,1707.0,0.0
8356,1707.0,63.94269484856977
8357,1707.0,159.76665383716602
8358,1707.0,218.35853492631517
8359,1707.0,700.0
8360,1707.0,700.0
8361,1707.0,700.0
8362,1707.0,700.0
8363,1707.0,700.0
8364,1707.0,700.0
8365,1707.0,700.0
8366,1707.0,548.3808895586376
8367,1707.0,11.731930338153738
8368,1707.0,224.28256123369988
8369,1707.0,0.0
8370,1707.0,37.00791966165789
8371,1707.0,145.25697537559358
8372,1707.0,264.788081451464
8373,1707.0,209.86068571326587
8374,1707.0,286.54427631919725
8375,1707.0,267.1395739589518
8376,1707.0,277.8925664171404
8377,1707.0,210.01649492866056
8378,1707.0,362.1131530488535
8379,1707.0,421.96279611320756
8380,1707.0,359.58338360168375
8381,1707.0,387.3542671492246
8382,1707.0,458.7381483690483
8383,1707.0,553.9322869923587
8384,1707.0,687.0708841992682
8385,1707.0,700.0
8386,1707.0,591.4375853367847
8387,1707.0,562.4246034504872
8388,1707.0,503.5679275232449
8389,1707.0,446.94316630552765
8390,1707.0,644.3341364358045
8391,1707.0,638.9994924121453
8392,1707.0,420.3934606309239
8393,1707.0,267.6542887977377
8394,1419.9906038175134,0.0
8395,1441.6917675787695,0.0
8396,1707.0,0.0
8397,1537.8256407380832,0.0
8398,1707.0,0.0
8399,1494.1153290982998,0.0
8400,1631.450771465144,0.0
8401,1707.0,70.51407420185107
8402,1707.0,154.18257817823746
8403,1707.0,225.3957181513231
8404,1707.0,129.9461425460015
8405,1707.0,188.0644097893232
8406,1707.0,94.30153044285446
8407,1707.0,396.98176210604464
8408,1707.0,434.43202841814485
8409,1707.0,634.0165761484445
8410,1707.0,700.0
8411,1707.0,700.0
8412,1707.0,493.83416240123785
8413,1707.0,358.87327816493786
8414,1707.0,190.01273491983534
8415,1707.0,59.11160957283293
8416,1301.8005011147827,0.0
8417,730.6717302806095,0.0
8418,780.633951775717,0.0
8419,856.9744866124031,0.0
8420,756.9981721384215,0.0
8421,668.5920847674079,0.0
8422,741.0581692423395,0.0
8423,770.3896650695647,0.0
8424,797.1265000269241,0.0
8425,903.507031011625,0.0
8426,637.2400447505471,0.0
8427,1329.972188029897,0.0
8428,1329.7552654579022,0.0
8429,1563.6261617597772,0.0
8430,1707.0,465.4336866272213
8431,1573.839268110956,0.0
8432,1315.260098256965,0.0
8433,1707.0,118.0470565342415
8434,1707.0,276.4044193537739
8435,1707.0,603.600754000625
8436,1707.0,700.0
8437,1707.0,420.68082083537996
8438,1707.0,402.6381901932167
8439,1707.0,156.18976852841675
8440,1707.0,206.5288807043485
8441,1694.817590556876,0.0
8442,1387.3614366673694,0.0
8443,1559.744490748174,0.0
8444,1065.070987277678,0.0
8445,1655.106506521944,0.0
8446,1528.8541796754866,0.0
8447,712.8248864001614,0.0
8448,930.6255499371231,0.0
8449,904.561805169467,0.0
8450,1063.5770662759137,0.0
8451,1077.8016792811927,0.0
8452,1513.4144276511624,0.0
8453,1707.0,75.82965531485013
8454,1437.8475695000657,0.0
8455,1707.0,362.12886165136604
8456,1707.0,393.69835786216584
8457,1707.0,137.82365268866556
8458,1707.0,213.83730113846593
8459,1707.0,35.76335288836606
8460,1477.8144713385655,0.0
8461,1344.283848368566,0.0
8462,866.8938785023662,0.0
8463,765.2391870595658,0.0
8464,748.0410076335658,0.0
8465,888.5232550915654,0.0
8466,956.9123209725652,0.0
8467,865.9430081649658,0.0
8468,770.8662825695659,0.0
8469,754.6058305516659,0.0
8470,1053.2639891663657,0.0
8471,1562.667452447066,0.0
8472,1445.9125236673658,0.0
8473,1166.8379033446658,0.0
8474,1584.2883227532661,0.0
8475,1707.0,114.43660496466612
8476,1496.629429276586,0.0
8477,1707.0,355.3795589406658
8478,1707.0,0.0
8479,1707.0,31.197930824565788
8480,1707.0,656.0317080627659
8481,1707.0,700.0
8482,1707.0,700.0
8483,1707.0,631.7800300077787
8484,1707.0,340.26818444058677
8485,1707.0,17.24511305436388
8486,1707.0,377.32360600783716
8487,1707.0,125.78916341834
8488,1707.0,146.25036013499994
8489,1707.0,158.1848022646999
8490,1707.0,47.28822108990005
8491,1495.7459091496996,0.0
8492,1179.5383360277997,0.0
8493,991.5096906980998,0.0
8494,371.13397317150225,0.0
8495,332.76876376573017,0.0
8496,415.18002522005736,0.0
8497,395.6533289799597,0.0
8498,246.76883625801233,0.0
8499,357.31693087722215,0.0
8500,265.5860675680459,0.0
8501,407.273268582275,0.0
8502,237.8070728915239,0.0
8503,235.5846741206837,0.0
8504,417.2126779021873,0.0
8505,874.7588563997726,0.0
8506,1515.0919424033714,0.0
8507,1707.0,202.31474813021504
8508,1707.0,177.80620287446737
8509,1707.0,326.2337875396409
8510,1707.0,401.8743158704832
8511,1707.0,251.13367111795046
8512,1347.764429962938,0.0
8513,498.41473245999987,0.0
8514,598.3615514319997,0.0
8515,585.3897141630002,0.0
8516,338.2642451571003,0.0
8517,475.1021662083999,0.0
8518,330.93801160011213,0.0
8519,91.18648710805616,0.0
8520,121.51295731835901,0.0
8521,12.554184817459218,0.0
8522,61.69139122888791,0.0
8523,62.37420797507232,0.0
8524,152.0681233932163,0.0
8525,189.32001923423462,0.0
8526,111.29339401225182,0.0
8527,51.22218796444078,0.0
8528,509.3371934401904,0.0
8529,714.4127845925807,0.0
8530,976.2921138592129,0.0
8531,1397.8643755601943,0.0
8532,1610.3129045660144,0.0
8533,1440.6857585690882,0.0
8534,1692.2334803892215,0.0
8535,1707.0,177.22148952768148
8536,1288.4650391256375,0.0
8537,1056.155245967139,0.0
8538,619.9327747981372,0.0
8539,738.9019856706373,0.0
8540,644.3010689423062,0.0
8541,396.90869594823,0.0
8542,516.320627200434,0.0
8543,0.0,0.0
8544,0.0,0.0
8545,116.42480647182299,0.0
8546,335.1448267738057,0.0
8547,93.26770995233746,0.0
8548,305.31546008814985,0.0
8549,308.631804551613,0.0
8550,591.8833149398961,0.0
8551,746.8425621680349,0.0
8552,964.6979394358611,0.0
8553,1552.0191934211362,0.0
8554,1705.5925940829093,0.0
8555,1680.9328125828824,0.0
8556,1707.0,700.0
8557,1030.898531843785,0.0
8558,1707.0,125.81671147387216
8559,1677.1589674994086,0.0
8560,1201.6491873968153,0.0
8561,956.8278462334195,0.0
8562,745.0571573582732,0.0
8563,531.9666289295296,0.0
8564,0.0,0.0
8565,0.0,0.0
8566,0.0,0.0
8567,0.0,0.0
8568,0.0,0.0
8569,0.0,0.0
8570,0.0,0.0
8571,188.85193361127546,0.0
8572,0.0,0.0
8573,604.7624411296297,0.0
8574,644.4199367334991,0.0
8575,743.5756144075689,0.0
8576,739.7753996307991,0.0
8577,1133.3678441146105,0.0
8578,1100.7593498901545,0.0
8579,701.3198161967304,0.0
8580,683.8393679729056,0.0
8581,984.8279342454958,0.0
8582,1075.4780761659829,0.0
8583,1045.7411388963046,0.0
8584,1102.9872100710888,0.0
8585,772.8083246294203,0.0
8586,1239.5245930914214,0.0
8587,1026.0956800572646,0.0
8588,1129.2369217119451,0.0
8589,1061.5317631972857,0.0
8590,1433.3800600346185,0.0
8591,1553.6757882258155,0.0
8592,1707.0,1.0556231550363608
8593,1625.181180187072,0.0
8594,1446.9153593156975,0.0
8595,1418.835638110314,0.0
8596,1483.5499064174353,0.0
8597,1602.6742692164742,0.0
8598,1239.9761089900915,0.0
8599,1214.353110280466,0.0
8600,1090.6486646920657,0.0
8601,1527.781559753525,0.0
8602,1700.7236371587558,0.0
8603,1707.0,24.681903660629217
8604,1707.0,6.972969499537669
8605,1707.0,55.07006278894464
8606,1429.6686769843188,0.0
8607,1298.673583106356,0.0
8608,879.035510373966,0.0
8609,988.4114323750658,0.0
8610,1265.4838304742661,0.0
8611,1518.7786259513655,0.0
8612,1311.981560458566,0.0
8613,1253.3522256650658,0.0
8614,1233.960938538436,0.0
8615,1116.1845294623208,0.0
8616,1104.4071645371741,0.0
8617,1104.4887204887536,0.0
8618,1220.2450460340197,0.0
8619,1380.1871659206,0.0
8620,1529.1299972869472,0.0
8621,1409.1628118776114,0.0
8622,1209.8004306531107,0.0
8623,1167.9829281657644,0.0
8624,914.8256681196057,0.0
8625,1338.3386278471385,0.0
8626,1707.0,268.2338521954998
8627,1707.0,256.8019936722003
8628,1590.0437442185003,0.0
8629,1707.0,50.64713591300017
8630,1365.8616331972187,0.0
8631,1403.9379325624,0.0
8632,1046.6320720911851,0.0
8633,865.9096764419452,0.0
8634,1378.8500478893134,0.0
8635,1160.6497360858928,0.0
8636,1312.995488169929,0.0
8637,699.7294393688206,0.0
8638,939.2574930838532,0.0
8639,825.4061918757469,0.0
8640,1011.2827774535826,0.0
8641,1525.4281038319502,0.0
8642,1707.0,318.37914064059026
8643,1707.0,387.73952350052633
8644,1707.0,44.20789668678302
8645,1707.0,291.82158988626554
8646,1707.0,398.33426351556193
8647,1321.651845737366,0.0
8648,1676.5231738243656,0.0
8649,1653.0991988386556,0.0
8650,1707.0,43.93447548400487
8651,1276.148044460084,0.0
8652,1421.8585592775587,0.0
8653,1100.0066984833034,0.0
8654,1226.2523359605657,0.0
8655,1089.1629132445655,0.0
8656,800.5280898056659,0.0
8657,656.3358302615658,0.0
8658,860.9267839405658,0.0
8659,1308.481313726566,0.0
8660,1329.8545996816656,0.0
8661,591.944271702666,0.0
8662,469.3173987857655,0.0
8663,508.4847454856673,0.0
8664,753.2216043255656,0.0
8665,908.7650764875658,0.0
8666,1030.717224428066,0.0
8667,1707.0,257.0699092724659
8668,1707.0,63.42465039246582
8669,1689.1916575085656,0.0
8670,1647.4896213888337,0.0
8671,1401.4597118538659,0.0
8672,1578.1159898635656,0.0
8673,1707.0,700.0
8674,1707.0,700.0
8675,1707.0,700.0
8676,1707.0,700.0
8677,1707.0,614.503923708966
8678,1707.0,513.0834581339658
8679,1707.0,473.3184456723661
8680,1707.0,243.66005267303336
8681,1707.0,0.0
8682,1707.0,0.0
8683,1707.0,30.00405550646576
8684,1707.0,321.7578902057656
8685,1707.0,354.51723665776615
8686,1707.0,106.72185622866584
8687,1707.0,0.0
8688,1707.0,0.0
8689,1707.0,0.0
8690,1707.0,1.1836473195241979
8691,1707.0,11.546925946900103
8692,1707.0,0.0
8693,1707.0,0.0
8694,1707.0,0.0
8695,1707.0,0.0
8696,1707.0,377.6155728164355
8697,1707.0,700.0
8698,1707.0,700.0
8699,1707.0,700.0
8700,1707.0,700.0
8701,1707.0,341.20472756222637
8702,1707.0,393.81089047009715
8703,1707.0,348.93297072235333
8704,1707.0,147.73791086272638
8705,1707.0,347.81258683021275
8706,1316.8822545658502,0.0
8707,1608.5674615729222,0.0
8708,1688.1082104359998,0.0
8709,1490.0793992126,0.0
8710,1500.4113402665998,0.0
8711,1256.2811578897943,0.0
8712,1227.555981608968,0.0
8713,873.4268177050008,0.0
8714,639.7526535515681,0.0
8715,549.0478843830538,0.0
8716,669.8933960363038,0.0
8717,1707.0,0.0
8718,1707.0,0.0
8719,1707.0,0.0
8720,1707.0,0.0
8721,1707.0,0.0
8722,1707.0,420.9327425611658
8723,1707.0,700.0
8724,1707.0,700.0
8725,1707.0,700.0
8726,1707.0,600.4606054020363
8727,1707.0,120.84201185132846
8728,1707.0,374.9504029942188
8729,1707.0,308.99397772884487
8730,1707.0,129.73666432878903
8731,1707.0,418.27244526318594
8732,1707.0,169.70896785950004
8733,1707.0,170.5043964760564
8734,1707.0,152.67613858453774
8735,1707.0,162.82986266614046
8736,1707.0,0.0
8737,1707.0,0.0
8738,1707.0,0.0
8739,1707.0,50.17118871332832
8740,1707.0,0.0
8741,1707.0,0.0
8742,1707.0,0.0
8743,1707.0,0.0
8744,1707.0,0.0
8745,1707.0,449.3244563094679
8746,1707.0,700.0
8747,1707.0,700.0
8748,1707.0,700.0
8749,1707.0,431.0277189881518
8750,1707.0,41.64080792253647
8751,1707.0,0.0
8752,1707.0,316.93899024899997
8753,1707.0,175.18064760160019
8754,1707.0,0.0
8755,1707.0,25.43360299402688
8756,1707.0,0.0
8757,1707.0,0.0
8758,1707.0,0.0
8759,1707.0,0.0
8760,1707.0,0.0
