Scenario,Hour,Solar PV Generation (MW),Solar PV Curtailment (MW),Wind Generation (MW),Wind Curtailment (MW),All Thermal Generation (MW),Hydro Generation (MW),Nuclear Generation (MW),Other Renewables Generation (MW),Imports (MW),Storage Charge/Discharge (MW),Exports (MW),Load (MW),Net Load (MW)
Data,1,0.0,0.0,206.01419739139203,0.0,2307.365802608608,456.22,0.0,540.4,0,0,0.0,3510,2307.3658026086077
Data,2,0.0,0.0,243.93691846727967,0.0,2407.0,467.4,0.0,537.2,0,-18.463081532720416,0.0,3674,2425.4630815327205
Data,3,0.0,0.0,617.8559270068266,0.0,2161.3940729931733,476.35,0.0,540.4,0,0,0.0,3796,2161.3940729931733
Data,4,0.0,0.0,326.8950422446993,0.0,2407.0,590.4,0.0,537.2,0,-64.50495775530077,0.0,3926,2471.504957755301
Data,5,0.0,0.0,380.897660629817,0.0,2407.0,646.31,0.0,537.2,0,-26.592339370183268,0.0,3998,2433.5923393701833
Data,6,0.0,0.0,576.4160903987135,0.0,2223.6739096012866,621.71,0.0,537.2,0,0,0.0,3959,2223.673909601286
Data,7,-0.0,0.0,824.4804560584103,0.0,2351.5898439415896,615.0,0.0,235.9297,0,0,0.0,4027,2351.5898439415896
Data,8,-0.0,0.0,1051.0643021342225,0.0,2267.955697865778,527.78,0.0,35.2,0,0,0.0,3882,2267.9556978657774
Data,9,-0.0,0.0,1626.1331350827998,0.0,1985.7068649172006,415.96,0.0,35.2,0,0,0.0,4063,1985.7068649172002
Data,10,-0.0,0.0,588.0052154380708,0.0,2407.0,369.0,0.0,38.4,0,-800.5947845619296,0.0,4203,3207.5947845619294
Data,11,-0.0,0.0,997.9551189952781,0.0,2407.0,360.05,0.0,38.4,0,-230.59488100472163,0.0,4034,2637.594881004722
Data,12,-0.0,0.0,225.68419692354215,0.0,2407.0,349.99,0.0,41.6,0,-1058.7258030764579,0.0,4083,3465.725803076458
Data,13,-0.0,0.0,234.51300048416374,0.0,2407.0,337.69,0.0,41.6,0,-792.1969995158363,0.0,3813,3199.196999515836
Data,14,-0.0,0.0,143.95171309168958,0.0,2407.0,337.69,0.0,38.4,0,-973.9582869083102,0.0,3901,3380.9582869083106
Data,15,-0.0,0.0,385.3752038327138,0.0,2407.0,352.23,0.0,38.4,0,-728.994796167286,0.0,3912,3135.994796167286
Data,16,-0.0,0.0,991.1943409396254,0.0,2407.0,399.19,0.0,41.6,0,-63.01565906037462,0.0,3902,2470.0156590603747
Data,17,-0.0,0.0,1109.805352931044,0.0,2351.914647068956,490.88,0.0,38.4,0,0,0.0,3991,2351.914647068956
Data,18,-0.0,0.0,666.3308411870497,0.0,2407.0,640.72,0.0,38.4,0,-328.5491588129504,0.0,4081,2735.5491588129503
Data,19,-0.0,0.0,497.3329335027462,0.0,2407.0,693.27,0.0,189.4,0,-441.99706649725374,0.0,4229,2848.997066497254
Data,20,0.0,0.0,539.7747071214388,0.0,2407.0,638.48,0.0,192.6,0,-375.14529287856124,0.0,4153,2782.145292878561
Data,21,0.0,0.0,964.7308879447341,0.0,2321.019112055266,537.85,0.0,189.4,0,0,0.0,4013,2321.019112055266
Data,22,0.0,0.0,971.8466154527315,0.0,2202.8833845472686,471.87,0.0,189.4,0,0,0.0,3836,2202.8833845472686
Data,23,0.0,0.0,924.0240808556293,0.0,2159.895919144371,441.68,0.0,189.4,0,0,0.0,3715,2159.8959191443705
Data,24,0.0,0.0,899.6109284937422,0.0,1914.529071506258,428.26,0.0,543.6,0,0,0.0,3786,1914.5290715062579
Data,25,0.0,0.0,748.2045382508636,0.0,1990.9254617491365,422.67,0.0,537.2,0,0,0.0,3699,1990.9254617491363
Data,26,0.0,0.0,674.460478176399,0.0,2216.009521823601,438.33,0.0,537.2,0,0,0.0,3866,2216.009521823601
Data,27,0.0,0.0,673.2400890372302,0.0,2266.55991096277,492.0,0.0,537.2,0,0,0.0,3969,2266.5599109627697
Data,28,0.0,0.0,983.1777430978111,0.0,1898.7722569021887,630.65,0.0,540.4,0,0,0.0,4053,1898.772256902189
Data,29,0.0,0.0,829.205872900114,0.0,2051.7441270998866,679.85,0.0,537.2,0,0,0.0,4098,2051.744127099886
Data,30,0.0,0.0,1235.1182086354422,0.0,1554.431791364558,655.25,0.0,537.2,0,0,0.0,3982,1554.4317913645577
Data,31,-0.0,0.0,1148.797420419569,0.0,1993.5525795804308,532.25,0.0,189.4,0,0,0.0,3864,1993.5525795804308
Data,32,-0.0,0.0,1064.1956799940288,0.0,2148.214320005972,448.39,0.0,35.2,0,0,0.0,3696,2148.2143200059713
Data,33,-0.0,0.0,1803.1378760003001,0.0,1644.5968141363735,355.58,0.0,35.2,0,182.51469013667327,0.0,3656,1462.0821239997
Data,34,-0.0,0.0,1378.8990746335,0.0,1898.4809253665,333.22,0.0,38.4,0,0,0.0,3649,1898.4809253664998
Data,35,-0.0,0.0,1440.1760817564002,0.0,1812.7639182435998,329.86,0.0,35.2,0,0,0.0,3618,1812.7639182435998
Data,36,-0.0,0.0,1254.0565885341002,0.0,1912.5534114658994,349.99,0.0,38.4,0,0,0.0,3555,1912.5534114658997
Data,37,-0.0,0.0,592.4250193589005,0.0,2407.0,328.75,0.0,35.2,0,-16.624980641099683,0.0,3380,2423.6249806410997
Data,38,-0.0,0.0,1004.9933817035854,0.0,1912.8366182964144,336.57,0.0,41.6,0,0,0.0,3296,1912.8366182964146
Data,39,-0.0,0.0,958.8219372496072,0.0,1809.328062750393,335.45,0.0,38.4,0,0,0.0,3142,1809.3280627503927
Data,40,-0.0,0.0,1048.2512878056293,0.0,1727.8287121943706,345.52,0.0,38.4,0,0,0.0,3160,1727.8287121943706
Data,41,-0.0,0.0,1240.3888746920636,0.0,1707.0,417.08,0.0,41.6,0,82.06887469206339,0.0,3324,1624.9311253079363
Data,42,-0.0,0.0,1218.987562612111,0.0,1813.742437387889,471.87,0.0,38.4,0,0,0.0,3543,1813.742437387889
Data,43,-0.0,0.0,1010.6182848365004,0.0,2089.2417151634995,506.54,0.0,192.6,0,0,0.0,3799,2089.2417151634995
Data,44,0.0,0.0,894.8301895647044,0.0,2196.119810435295,507.65,0.0,189.4,0,0,0.0,3788,2196.1198104352957
Data,45,0.0,0.0,867.6528801648074,0.0,2117.8371198351924,474.11,0.0,189.4,0,0,0.0,3649,2117.8371198351924
Data,46,0.0,0.0,846.6372781173519,0.0,2054.612721882648,427.15,0.0,192.6,0,0,0.0,3521,2054.612721882648
Data,47,0.0,0.0,836.3166917638493,0.0,2059.513308236151,385.77,0.0,189.4,0,0,0.0,3471,2059.513308236151
Data,48,0.0,0.0,865.2109323589118,0.0,2130.8390676410886,372.35,0.0,192.6,0,0,0.0,3561,2130.839067641088
Data,49,0.0,0.0,874.044961221792,0.0,2094.925038778208,376.83,0.0,186.2,0,0,0.0,3532,2094.925038778208
Data,50,0.0,0.0,956.8303245978879,0.0,2088.8296754021126,408.14,0.0,186.2,0,0,0.0,3640,2088.829675402112
Data,51,0.0,0.0,1390.7596472344774,0.0,1707.0,446.15,0.0,192.6,0,28.509647234477356,0.0,3708,1678.4903527655226
Data,52,0.0,0.0,1405.9420550203888,0.0,1707.0,512.13,0.0,358.21,0,153.28205502038895,0.0,3830,1553.7179449796113
Data,53,0.0,0.0,1424.6357302012561,0.0,1707.0,553.5,0.0,540.4,0,380.53573020125634,0.0,3845,1326.4642697987438
Data,54,0.0,0.0,1553.5811319284187,0.0,1707.0,555.74,0.0,543.6,0,654.9211319284187,0.0,3705,1052.0788680715814
Data,55,-0.0,0.0,1565.986285724328,0.0,1707.0,505.42,0.0,540.4,0,819.8062857243282,0.0,3499,887.1937142756722
Data,56,-0.0,0.0,1377.4773866653375,0.0,1707.0,409.25,0.0,38.4,0,285.1273866653375,0.0,3247,1421.8726133346624
Data,57,-0.0,0.0,1245.89310502346,0.0,1707.0,344.4,0.0,41.6,0,137.89310502346004,0.0,3201,1569.10689497654
Data,58,-0.0,0.0,898.7525779050957,0.0,2004.527422094904,296.32,0.0,38.4,0,0,0.0,3238,2004.5274220949043
Data,59,-0.0,0.0,856.9960141816773,0.0,2055.7939858183227,289.61,0.0,41.6,0,0,0.0,3244,2055.7939858183227
Data,60,-0.0,0.0,861.8350030228088,0.0,2126.414996977191,279.55,0.0,3.2,0,0,0.0,3271,2126.414996977191
Data,61,-0.0,0.0,855.9928499911239,0.0,2023.0571500088763,273.95,0.0,0.0,0,0,0.0,3153,2023.057150008876
Data,62,-0.0,0.0,843.2166185945274,0.0,1887.9433814054723,272.84,0.0,0.0,0,0,0.0,3004,1887.9433814054726
Data,63,-0.0,0.0,820.9738224628294,0.0,1737.536177537171,288.49,0.0,0.0,0,0,0.0,2847,1737.5361775371707
Data,64,-0.0,0.0,866.1957621724176,0.0,1737.3042378275825,307.5,0.0,0.0,0,0,0.0,2911,1737.3042378275823
Data,65,-0.0,0.0,427.40864233806377,0.0,1848.6289576619358,389.13,0.0,454.8324,0,0,0.0,3120,1848.6289576619363
Data,66,-0.0,0.0,88.92409778622694,0.0,2307.485902213773,497.59,0.0,502.0,0,0,0.0,3396,2307.485902213773
Data,67,-0.0,0.0,70.11627288133275,0.0,2407.0,598.23,0.0,502.0,0,-130.65372711866723,0.0,3708,2537.653727118667
Data,68,0.0,0.0,184.9058963971484,0.0,2407.0,615.0,0.0,502.0,0,-6.0941036028515825,0.0,3715,2413.0941036028516
Data,69,0.0,0.0,78.00284693098297,0.0,2407.0,536.73,0.0,502.0,0,-72.26715306901701,0.0,3596,2479.267153069017
Data,70,0.0,0.0,192.16901459840759,0.0,2243.4809854015925,476.35,0.0,502.0,0,0,0.0,3414,2243.4809854015925
Data,71,0.0,0.0,257.02446626734917,0.0,2030.4755337326508,455.1,0.0,508.4,0,0,0.0,3251,2030.4755337326508
Data,72,0.0,0.0,551.2420594921036,0.0,1788.3179405078963,445.04,0.0,540.4,0,0,0.0,3325,1788.3179405078963
Data,73,0.0,0.0,438.3278957735882,0.0,1860.6221042264121,433.85,0.0,537.2,0,0,0.0,3270,1860.6221042264117
Data,74,0.0,0.0,373.18581726354716,0.0,2040.504182736453,474.11,0.0,537.2,0,0,0.0,3425,2040.5041827364528
Data,75,0.0,0.0,539.2833900834316,0.0,1961.9166099165686,516.6,0.0,537.2,0,0,0.0,3555,1961.9166099165682
Data,76,0.0,0.0,458.34095565092565,0.0,2016.9690443490747,657.49,0.0,537.2,0,0,0.0,3670,2016.9690443490742
Data,77,0.0,0.0,638.9566871970134,0.0,1882.7933128029865,710.05,0.0,537.2,0,0,0.0,3769,1882.7933128029867
Data,78,0.0,0.0,775.0439916351847,0.0,1707.0,722.35,0.0,537.2,0,27.59399163518452,0.0,3714,1679.406008364815
Data,79,-0.0,0.0,671.2811200949999,0.0,1788.1088799049999,658.61,0.0,534.0,0,0,0.0,3652,1788.108879905
Data,80,-0.0,0.0,586.1384399594,0.0,1850.3515600406004,523.31,0.0,537.2,0,0,0.0,3497,1850.3515600406
Data,81,-0.0,0.0,233.9660321966,0.0,2383.5639678034004,447.27,0.0,537.2,0,0,0.0,3602,2383.5639678034
Data,82,-0.0,0.0,161.86698046150002,0.0,2407.0,402.55,0.0,321.3762,0,-431.20681953849964,0.0,3724,2838.2068195385
Data,83,-0.0,0.0,16.8253569987,0.0,2407.0,362.29,0.0,358.4812,0,-555.4034430012998,0.0,3700,2962.4034430013
Data,84,-0.0,0.0,17.549286588199998,0.0,2407.0,367.88,0.0,273.2253,0,-612.3454134117999,0.0,3678,3019.3454134118
Data,85,-0.0,0.0,209.16894239700002,0.0,2407.0,366.76,0.0,186.2,0,-294.87105760299994,0.0,3464,2701.871057603
Data,86,-0.0,0.0,552.3136776463,0.0,2059.1786223537,375.71,0.0,494.7977,0,0,0.0,3482,2059.1786223537
Data,87,-0.0,0.0,319.7351618405905,0.0,2121.4248381594093,420.44,0.0,540.4,0,0,0.0,3402,2121.42483815941
Data,88,-0.0,0.0,16.73787423138629,0.0,2335.4521257686138,486.41,0.0,540.4,0,0,0.0,3379,2335.4521257686138
Data,89,-0.0,0.0,31.651286528339877,0.0,2407.0,550.15,0.0,540.4,0,-7.798713471659941,0.0,3537,2414.79871347166
Data,90,-0.0,0.0,36.8413174538939,0.0,2407.0,668.67,0.0,537.2,0,-32.28868254610621,0.0,3682,2439.288682546106
Data,91,-0.0,0.0,46.159468542130924,0.0,2407.0,696.63,0.0,540.4,0,-169.81053145786888,0.0,3860,2576.8105314578693
Data,92,0.0,0.0,187.9996619395195,0.0,2407.0,648.55,0.0,540.4,0,-10.05033806048067,0.0,3794,2417.0503380604805
Data,93,0.0,0.0,239.0725082404482,0.0,2219.8774917595515,611.65,0.0,540.4,0,0,0.0,3611,2219.877491759552
Data,94,0.0,0.0,523.2436922043944,0.0,1879.3863077956057,557.97,0.0,540.4,0,0,0.0,3501,1879.3863077956057
Data,95,0.0,0.0,726.5436791100407,0.0,1552.8663208899593,522.19,0.0,540.4,0,0,0.0,3342,1552.8663208899593
Data,96,0.0,0.0,860.0277925967372,0.0,1471.7322074032625,518.84,0.0,540.4,0,0,0.0,3391,1471.7322074032627
Data,97,0.0,0.0,887.1792434274819,0.0,1354.0307565725182,497.59,0.0,537.2,0,0,0.0,3276,1354.0307565725182
Data,98,0.0,0.0,900.2183995192473,0.0,1494.5816004807527,492.0,0.0,537.2,0,0,0.0,3424,1494.5816004807525
Data,99,0.0,0.0,810.1531019000413,0.0,1710.526898099959,493.12,0.0,537.2,0,0,0.0,3551,1710.5268980999585
Data,100,0.0,0.0,1018.3466494143162,0.0,1523.5133505856834,555.74,0.0,540.4,0,0,0.0,3638,1523.5133505856838
Data,101,0.0,0.0,1021.5759856185384,0.0,1414.1140143814616,720.11,0.0,537.2,0,0,0.0,3693,1414.1140143814614
Data,102,0.0,0.0,1207.5989739323204,0.0,1136.25102606768,746.95,0.0,537.2,0,0,0.0,3628,1136.2510260676795
Data,103,-0.0,0.0,1232.6575902050765,0.0,1047.5824097949237,686.56,0.0,537.2,0,0,0.0,3504,1047.5824097949235
Data,104,-0.0,0.0,1273.435012795822,0.0,1363.7175433587995,572.51,0.0,537.2,0,321.86255615462153,0.0,3425,1041.8549872041779
Data,105,-0.0,0.0,988.1965759236572,0.0,1938.0234240763432,478.58,0.0,186.2,0,0,0.0,3591,1938.023424076343
Data,106,-0.0,0.0,747.2019238615001,0.0,1949.7580761385,445.04,0.0,534.0,0,0,0.0,3676,1949.7580761385
Data,107,-0.0,0.0,431.26644073389997,0.0,2407.0,398.07,0.0,186.2,0,-186.46355926610005,0.0,3609,2593.4635592661
Data,108,-0.0,0.0,520.4303865346719,0.0,2407.0,390.25,0.0,186.2,0,-87.11961346532824,0.0,3591,2494.1196134653283
Data,109,-0.0,0.0,573.3581268443729,0.0,1885.7918731556272,365.65,0.0,537.2,0,0,0.0,3362,1885.791873155627
Data,110,-0.0,0.0,791.4531778483696,0.0,2073.43682215163,375.71,0.0,189.4,0,0,0.0,3430,2073.4368221516306
Data,111,-0.0,0.0,619.4064882572545,0.0,2111.2335117427456,415.96,0.0,189.4,0,0,0.0,3336,2111.2335117427456
Data,112,-0.0,0.0,618.7638304524341,0.0,2086.4861695475656,427.15,0.0,192.6,0,0,0.0,3325,2086.486169547566
Data,113,-0.0,0.0,690.4981571419341,0.0,1772.961842858066,481.94,0.0,543.6,0,0,0.0,3489,1772.961842858066
Data,114,-0.0,0.0,643.9681565460342,0.0,1796.6718434539662,612.76,0.0,543.6,0,0,0.0,3597,1796.6718434539657
Data,115,-0.0,0.0,915.0823636250343,0.0,1651.8176363749658,676.5,0.0,543.6,0,0,0.0,3787,1651.8176363749658
Data,116,0.0,0.0,878.0443959677342,0.0,1618.7456040322659,658.61,0.0,543.6,0,0,0.0,3699,1618.7456040322659
Data,117,0.0,0.0,1039.476371493734,0.0,1318.4736285062659,636.25,0.0,546.8,0,0,0.0,3541,1318.473628506266
Data,118,0.0,0.0,1377.9223131827343,0.0,865.9476868172657,610.53,0.0,543.6,0,0,0.0,3398,865.9476868172657
Data,119,0.0,0.0,1406.106348875834,0.0,675.4836511241662,584.81,0.0,543.6,0,0,0.0,3210,675.4836511241659
Data,120,0.0,0.0,1415.455378689734,0.0,710.6746213102659,570.27,0.0,543.6,0,0,0.0,3240,710.6746213102659
Data,121,0.0,0.0,1320.1567546604338,0.0,1147.7832453395663,526.66,0.0,189.4,0,0,0.0,3184,1147.7832453395663
Data,122,0.0,0.0,1111.8627182106343,0.0,1168.7373817893654,525.55,0.0,456.8499,0,0,0.0,3263,1168.7373817893658
Data,123,0.0,0.0,1300.0172217750342,0.0,975.732778224966,556.85,0.0,540.4,0,0,0.0,3373,975.7327782249658
Data,124,0.0,0.0,1000.278998811534,0.0,1607.562265256874,626.18,0.0,540.4,0,273.4212640684081,0.0,3501,1334.141001188466
Data,125,0.0,0.0,1020.1573399023341,0.0,1611.682660097666,735.76,0.0,189.4,0,0,0.0,3557,1611.6826600976658
Data,126,0.0,0.0,998.4304195255341,0.0,1765.109580474466,748.06,0.0,38.4,0,0,0.0,3550,1765.109580474466
Data,127,-0.0,0.0,926.3414959005341,0.0,1989.8185040994658,666.44,0.0,38.4,0,0,0.0,3621,1989.8185040994658
Data,128,-0.0,0.0,1579.8610900434342,0.0,1707.0,561.33,0.0,38.4,0,225.5910900434343,0.0,3661,1481.4089099565658
Data,129,-0.0,0.0,1377.3919971381342,0.0,2012.7180028618654,534.49,0.0,38.4,0,0,0.0,3963,2012.7180028618657
Data,130,-0.0,0.0,1451.8028482958343,0.0,2151.4771517041654,493.12,0.0,41.6,0,0,0.0,4138,2151.477151704166
Data,131,-0.0,0.0,825.3894990049341,0.0,2407.0,464.05,0.0,38.4,0,-424.16050099506606,0.0,4159,2831.160500995066
Data,132,-0.0,0.0,1323.8696849437424,0.0,2354.320315056257,437.21,0.0,41.6,0,0,0.0,4157,2354.3203150562576
Data,133,-0.0,0.0,1386.2613939670446,0.0,2029.3086060329551,426.03,0.0,38.4,0,0,0.0,3880,2029.3086060329554
Data,134,-0.0,0.0,1407.060945833634,0.0,1845.389054166366,451.75,0.0,44.8,0,0,0.0,3749,1845.3890541663661
Data,135,-0.0,0.0,1339.4170678319342,0.0,1739.8529321680658,512.13,0.0,41.6,0,0,0.0,3633,1739.8529321680658
Data,136,-0.0,0.0,1416.9641438537342,0.0,1567.2558561462656,576.98,0.0,44.8,0,0,0.0,3606,1567.2558561462658
Data,137,-0.0,0.0,1424.7847585763343,0.0,1599.1052414236656,646.31,0.0,44.8,0,0,0.0,3715,1599.1052414236658
Data,138,-0.0,0.0,1444.9220246136342,0.0,1587.127975386366,722.35,0.0,41.6,0,0,0.0,3796,1587.1279753863657
Data,139,-0.0,0.0,1388.4695931204342,0.0,1799.7804068795658,746.95,0.0,44.8,0,0,0.0,3980,1799.7804068795658
Data,140,0.0,0.0,1464.4955245573342,0.0,1554.034475442666,717.87,0.0,192.6,0,0,0.0,3929,1554.0344754426658
Data,141,0.0,0.0,1381.955281145334,0.0,1503.504718854666,678.74,0.0,195.8,0,0,0.0,3760,1503.504718854666
Data,142,0.0,0.0,1386.5826558066342,0.0,1330.6573441933656,661.96,0.0,195.8,0,0,0.0,3575,1330.6573441933658
Data,143,0.0,0.0,1401.561224637534,0.0,1153.108775362466,659.73,0.0,192.6,0,0,0.0,3407,1153.108775362466
Data,144,0.0,0.0,1192.458061376934,0.0,1385.8419386230657,651.9,0.0,195.8,0,0,0.0,3426,1385.841938623066
Data,145,0.0,0.0,1821.1306311885342,0.0,767.4693688114656,615.0,0.0,189.4,0,0,0.0,3393,767.4693688114659
Data,146,0.0,0.0,1592.4660437509556,0.0,1053.3639562490443,631.77,0.0,189.4,0,0,0.0,3467,1053.3639562490443
Data,147,0.0,0.0,2087.922639832734,0.0,708.9273601672663,648.55,0.0,192.6,0,0,0.0,3638,708.9273601672659
Data,148,0.0,0.0,2041.156946077634,0.0,803.1130539223659,684.33,0.0,189.4,0,-1.1368683772161603e-13,0.0,3718,803.1130539223659
Data,149,0.0,0.0,2118.1165696534345,0.0,687.2234303465658,797.26,0.0,189.4,0,0,0.0,3792,687.2234303465656
Data,150,0.0,0.0,1711.7490664009342,0.0,1050.0409335990657,781.61,0.0,192.6,0,0,0.0,3736,1050.0409335990657
Data,151,-0.0,0.0,2001.0871974980346,0.0,753.5728025019654,727.94,0.0,189.4,0,0,0.0,3672,753.5728025019654
Data,152,-0.0,0.0,2126.8826833153344,0.0,761.8273166846658,632.89,0.0,38.4,0,0,0.0,3560,761.8273166846657
Data,153,-0.0,0.0,2326.6584909283342,0.0,807.411509071666,561.33,0.0,41.6,0,0,0.0,3737,807.4115090716657
Data,154,-0.0,0.0,2131.430592941434,0.0,1194.509407058566,526.66,0.0,38.4,0,0,0.0,3891,1194.509407058566
Data,155,-0.0,0.0,1649.0331289373344,0.0,1653.0368710626653,487.53,0.0,38.4,0,0,0.0,3828,1653.0368710626656
Data,156,-0.0,0.0,1680.8222810085344,0.0,1636.0077189914655,459.57,0.0,41.6,0,0,0.0,3818,1636.0077189914655
Data,157,-0.0,0.0,2268.8240463124343,0.0,789.5059536875657,447.27,0.0,38.4,0,0,0.0,3544,789.5059536875657
Data,158,-0.0,0.0,2221.6246314526343,0.0,864.2553685473661,468.52,0.0,41.6,0,1.1368683772161603e-13,0.0,3596,864.2553685473657
Data,159,-0.0,0.0,2100.4707649400343,0.0,1013.8392350599657,509.89,0.0,44.8,0,0,0.0,3669,1013.8392350599657
Data,160,-0.0,0.0,1957.0922270623341,0.0,1197.517772937666,546.79,0.0,41.6,0,0,0.0,3743,1197.517772937666
Data,161,-0.0,0.0,1898.8918024424343,0.0,1151.4281975575655,613.88,0.0,195.8,0,0,0.0,3860,1151.4281975575657
Data,162,-0.0,0.0,1745.5608242972344,0.0,1292.2191757027658,677.62,0.0,192.6,0,0,0.0,3908,1292.2191757027656
Data,163,-0.0,0.0,1681.9944849214344,0.0,1396.9955150785659,732.41,0.0,192.6,0,0,0.0,4004,1396.9955150785656
Data,164,0.0,0.0,1536.2575977513864,0.0,1478.9624022486134,699.98,0.0,195.8,0,0,0.0,3911,1478.9624022486137
Data,165,0.0,0.0,1562.4464138561682,0.0,1340.703586143832,655.25,0.0,192.6,0,0,0.0,3751,1340.703586143832
Data,166,0.0,0.0,1582.553587975032,0.0,1168.216412024968,647.43,0.0,195.8,0,0,0.0,3594,1168.216412024968
Data,167,0.0,0.0,1729.0697562852401,0.0,871.1402437147599,645.19,0.0,192.6,0,0,0.0,3438,871.1402437147598
Data,168,0.0,0.0,1568.4817162619618,0.0,1191.9782837380383,604.94,0.0,192.6,0,0,0.0,3558,1191.9782837380383
Data,169,0.0,0.0,1564.0332328139184,0.0,974.9968394462522,561.33,0.0,543.6,0,173.96007226017036,0.0,3470,801.0367671860815
Data,170,0.0,0.0,1292.6756717280853,0.0,1160.2843282719148,592.64,0.0,540.4,0,0,0.0,3586,1160.2843282719148
Data,171,0.0,0.0,1744.021772525633,0.0,1707.0,609.41,0.0,540.4,0,906.831772525633,0.0,3694,800.1682274743671
Data,172,0.0,0.0,1730.1788110374455,0.0,819.9611889625544,723.46,0.0,540.4,0,0,0.0,3814,819.9611889625545
Data,173,0.0,0.0,1484.839991221679,0.0,1047.3100087783212,778.25,0.0,543.6,0,0,0.0,3854,1047.310008778321
Data,174,0.0,0.0,1405.0021931403653,0.0,1707.0,749.18,0.0,540.4,0,602.5821931403653,0.0,3799,1104.4178068596348
Data,175,-0.0,0.0,1077.7834887553142,0.0,1707.0,688.8,0.0,540.4,0,96.98348875531407,0.0,3917,1610.0165112446857
Data,176,-0.0,0.0,1044.6100745918325,0.0,2112.6499254081673,580.34,0.0,38.4,0,0,0.0,3776,2112.6499254081673
Data,177,-0.0,0.0,1295.7785443215987,0.0,1977.7214556784015,528.9,0.0,41.6,0,0,0.0,3844,1977.7214556784013
Data,178,-0.0,0.0,980.2197004119538,0.0,2407.0,486.41,0.0,38.4,0,-44.97029958804624,0.0,3957,2451.970299588046
Data,179,-0.0,0.0,932.6381517050135,0.0,2407.0,467.4,0.0,38.4,0,-122.56184829498638,0.0,3968,2529.5618482949867
Data,180,-0.0,0.0,908.3998859956508,0.0,2407.0,436.09,0.0,41.6,0,-249.9101140043491,0.0,4043,2656.910114004349
Data,181,-0.0,0.0,862.7776931851478,0.0,2371.212306814852,412.61,0.0,38.4,0,0,0.0,3685,2371.212306814852
Data,182,-0.0,0.0,953.346549832115,0.0,2211.3634501678853,460.69,0.0,41.6,0,0,0.0,3667,2211.363450167885
Data,183,-0.0,0.0,1008.0906620375785,0.0,1940.6793379624216,524.43,0.0,44.8,0,0,0.0,3518,1940.6793379624216
Data,184,-0.0,0.0,1132.5456974008064,0.0,1707.0,615.0,0.0,41.6,0,20.14569740080638,0.0,3476,1686.8543025991937
Data,185,-0.0,0.0,1102.4913760459485,0.0,1819.3986239540518,695.51,0.0,41.6,0,0,0.0,3659,1819.3986239540516
Data,186,-0.0,0.0,1010.9338856948369,0.0,1918.7961143051627,742.47,0.0,44.8,0,0,0.0,3717,1918.796114305163
Data,187,-0.0,0.0,1028.1406036618355,0.0,1956.6193963381647,715.64,0.0,192.6,0,0,0.0,3893,1956.6193963381645
Data,188,0.0,0.0,449.72254224674367,0.0,2407.0,644.07,0.0,192.6,0,-132.60745775325626,0.0,3826,2539.6074577532563
Data,189,0.0,0.0,230.74199506957586,0.0,2407.0,606.05,0.0,195.8,0,-215.40800493042377,0.0,3655,2622.4080049304243
Data,190,0.0,0.0,159.44296039602563,0.0,2407.0,593.75,0.0,192.6,0,-151.20703960397447,0.0,3504,2558.2070396039744
Data,191,0.0,0.0,184.9033703452061,0.0,2149.6966296547944,565.8,0.0,543.6,0,0,0.0,3444,2149.696629654794
Data,192,0.0,0.0,226.55612769461948,0.0,2166.97387230538,545.67,0.0,546.8,0,0,0.0,3486,2166.9738723053806
Data,193,0.0,0.0,388.98273812023433,0.0,2265.4672618797654,569.15,0.0,189.4,0,0,0.0,3413,2265.467261879766
Data,194,0.0,0.0,485.14354722609994,0.0,2263.6564527739,565.8,0.0,189.4,0,0,0.0,3504,2263.6564527739
Data,195,0.0,0.0,766.5491802332999,0.0,2081.4208197667,573.63,0.0,189.4,0,0,0.0,3611,2081.4208197667
Data,196,0.0,0.0,849.2586605632999,0.0,1916.5013394367002,715.64,0.0,192.6,0,0,0.0,3674,1916.5013394367002
Data,197,0.0,0.0,848.4701260488,0.0,1911.9598739511998,730.17,0.0,189.4,0,0,0.0,3680,1911.9598739512
Data,198,0.0,0.0,813.4678441958648,0.0,1862.492155804135,715.64,0.0,189.4,0,0,0.0,3581,1862.492155804135
Data,199,-0.0,0.0,670.6976465404457,0.0,2089.532353459554,656.37,0.0,38.4,0,0,0.0,3455,2089.532353459554
Data,200,-0.0,0.0,862.0022488312865,0.0,1752.0077511687139,571.39,0.0,41.6,0,0,0.0,3227,1752.0077511687136
Data,201,-0.0,0.0,700.7690060514999,0.0,2033.7009939485,512.13,0.0,38.4,0,0,0.0,3285,2033.7009939485001
Data,202,-0.0,0.0,374.6268404537,0.0,2407.0,488.65,0.0,38.4,0,-47.32315954629979,0.0,3356,2454.3231595463
Data,203,-0.0,0.0,576.2036953982999,0.0,2228.1663046017,475.23,0.0,38.4,0,0,0.0,3318,2228.1663046017
Data,204,-0.0,0.0,318.17393163220004,0.0,2407.0,492.0,0.0,41.6,0,-80.22606836780005,0.0,3339,2487.2260683678
Data,205,-0.0,0.0,186.25019693295224,0.0,2407.0,452.86,0.0,38.4,0,-148.48980306704755,0.0,3233,2555.489803067048
Data,206,-0.0,0.0,24.861835656523734,0.0,2407.0,460.69,0.0,41.6,0,-162.8481643434763,0.0,3097,2569.848164343476
Data,207,-0.0,0.0,38.706674740149175,0.0,2407.0,496.47,0.0,38.4,0,-81.42332525985093,0.0,3062,2488.4233252598506
Data,208,-0.0,0.0,413.815102650097,0.0,2098.6148973499035,557.97,0.0,41.6,0,0,0.0,3112,2098.614897349903
Data,209,-0.0,0.0,283.20571445039997,0.0,2295.2242855495997,631.77,0.0,44.8,0,0,0.0,3255,2295.2242855496
Data,210,-0.0,0.0,309.4237820683,0.0,2384.2362179316997,678.74,0.0,41.6,0,0,0.0,3414,2384.2362179317
Data,211,-0.0,0.0,852.4724637680001,0.0,1860.6875362319997,691.04,0.0,195.8,0,0,0.0,3600,1860.687536232
Data,212,0.0,0.0,814.1479584816001,0.0,1888.6420415183998,658.61,0.0,192.6,0,0,0.0,3554,1888.6420415184
Data,213,0.0,0.0,523.5058148873001,0.0,2054.0541851127,641.84,0.0,192.6,0,0,0.0,3412,2054.0541851127
Data,214,0.0,0.0,403.8505734934,0.0,2064.9194265066,647.43,0.0,195.8,0,0,0.0,3312,2064.9194265066
Data,215,0.0,0.0,320.01750030699685,0.0,2040.3324996930035,606.05,0.0,192.6,0,0,0.0,3159,2040.3324996930032
Data,216,0.0,0.0,130.79674719914416,0.0,2252.723252800856,613.88,0.0,192.6,0,0,0.0,3190,2252.723252800856
Data,217,0.0,0.0,118.5678234744093,0.0,2234.5821765255905,581.45,0.0,189.4,0,0,0.0,3124,2234.5821765255905
Data,218,0.0,0.0,112.29784835965627,0.0,2341.462151640344,592.64,0.0,192.6,0,0,0.0,3239,2341.4621516403436
Data,219,0.0,0.0,206.04372861508375,0.0,2288.7262713849163,622.83,0.0,189.4,0,0,0.0,3307,2288.7262713849163
Data,220,0.0,0.0,175.9381697824931,0.0,2328.2018302175065,723.46,0.0,189.4,0,0,0.0,3417,2328.201830217507
Data,221,0.0,0.0,115.28609398784135,0.0,2390.0639060121584,759.25,0.0,189.4,0,0,0.0,3454,2390.0639060121584
Data,222,0.0,0.0,289.58935795728536,0.0,2101.6106420427145,787.2,0.0,192.6,0,0,0.0,3371,2101.6106420427145
Data,223,-0.0,0.0,260.63844962738574,0.0,2076.091550372614,717.87,0.0,189.4,0,0,0.0,3244,2076.091550372614
Data,224,-0.0,0.0,371.19444299656243,0.0,1990.4055570034375,615.0,0.0,38.4,0,0,0.0,3015,1990.4055570034375
Data,225,-0.0,0.0,278.6975701718335,0.0,2114.852429828167,587.05,0.0,38.4,0,0,0.0,3019,2114.8524298281664
Data,226,-0.0,0.0,163.38129331866318,0.0,2280.7187066813367,553.5,0.0,38.4,0,0,0.0,3036,2280.7187066813367
Data,227,-0.0,0.0,211.9781345906587,0.0,2209.5418654093414,540.08,0.0,38.4,0,0,0.0,3000,2209.5418654093414
Data,228,-0.0,0.0,51.82232205496382,0.0,2380.507677945036,521.07,0.0,41.6,0,0,0.0,2995,2380.507677945036
Data,229,-0.0,0.0,31.787544289564924,0.0,2407.0,514.36,0.0,38.4,0,-93.45245571043486,0.0,3085,2500.452455710435
Data,230,-0.0,0.0,100.45853117850001,0.0,2373.8214688215,542.32,0.0,38.4,0,0,0.0,3055,2373.8214688215
Data,231,-0.0,0.0,190.8310745494,0.0,2225.1189254506,581.45,0.0,41.6,0,0,0.0,3039,2225.1189254506
Data,232,-0.0,0.0,301.5996484567,0.0,2138.6303515433,607.17,0.0,41.6,0,0,0.0,3089,2138.6303515433
Data,233,-0.0,0.0,305.0399295662,0.0,2166.1100704338,655.25,0.0,41.6,0,0,0.0,3168,2166.1100704338
Data,234,-0.0,0.0,370.328306457211,0.0,2047.8716935427888,738.0,0.0,195.8,0,0,0.0,3352,2047.871693542789
Data,235,-0.0,0.0,699.5027215360014,0.0,1864.1672784639986,782.73,0.0,192.6,0,0,0.0,3539,1864.1672784639986
Data,236,0.0,0.0,930.7296471161142,0.0,1627.1203528838862,771.55,0.0,192.6,0,0,0.0,3522,1627.120352883886
Data,237,0.0,0.0,911.3223329659104,0.0,1564.7276670340898,722.35,0.0,192.6,0,0,0.0,3391,1564.7276670340896
Data,238,0.0,0.0,1119.0250217924524,0.0,1239.864978207548,695.51,0.0,192.6,0,0,0.0,3247,1239.8649782075477
Data,239,0.0,0.0,1126.5723308177874,0.0,1092.1976691822126,696.63,0.0,192.6,0,0,0.0,3108,1092.1976691822126
Data,240,0.0,0.0,1195.2555773498686,0.0,1243.4723686083144,676.5,0.0,192.6,0,187.82794595818282,0.0,3120,1055.6444226501314
Data,241,0.0,0.0,998.6555254893161,0.0,1237.8744745106837,644.07,0.0,189.4,0,0,0.0,3070,1237.8744745106837
Data,242,0.0,0.0,1049.2362092370743,0.0,1291.813790762926,648.55,0.0,189.4,0,0,0.0,3179,1291.8137907629257
Data,243,0.0,0.0,978.6022938926593,0.0,1707.0,729.05,0.0,192.6,0,283.25229389265894,0.0,3324,1423.7477061073407
Data,244,0.0,0.0,1359.7781885169597,0.0,1049.90181148304,812.92,0.0,189.4,0,0,0.0,3412,1049.9018114830403
Data,245,0.0,0.0,1558.0650839637806,0.0,1707.0,831.93,0.0,189.4,0,847.3950839637805,0.0,3439,859.6049160362195
Data,246,0.0,0.0,1138.2738197065737,0.0,1707.0,824.1,0.0,189.4,0,453.77381970657365,0.0,3405,1253.2261802934263
Data,247,-0.0,0.0,583.8319115154771,0.0,1914.4980884845227,816.27,0.0,189.4,0,0,0.0,3504,1914.498088484523
Data,248,-0.0,0.0,1015.9300121633,0.0,1707.0,767.07,0.0,38.4,0,24.40001216330029,0.0,3504,1682.5999878367
Data,249,-0.0,0.0,604.6782644551,0.0,2350.0717355449,660.85,0.0,38.4,0,0,0.0,3654,2350.0717355449
Data,250,-0.0,0.0,202.00065021320003,0.0,2407.0,673.15,0.0,38.4,0,-421.44934978679976,0.0,3742,2828.4493497868
Data,251,-0.0,0.0,110.1561927228,0.0,2407.0,646.31,0.0,38.4,0,-415.13380727719994,0.0,3617,2822.1338072772
Data,252,-0.0,0.0,228.7028079739,0.0,2407.0,617.24,0.0,38.4,0,-290.65719202609966,0.0,3582,2697.6571920261
Data,253,-0.0,0.0,240.29650242744088,0.0,2407.0,609.41,0.0,38.4,0,-63.893497572559156,0.0,3359,2470.893497572559
Data,254,-0.0,0.0,187.1797701980187,0.0,2407.0,638.48,0.0,38.4,0,-208.9402298019812,0.0,3480,2615.9402298019813
Data,255,-0.0,0.0,175.23568071283327,0.0,2407.0,679.85,0.0,38.4,0,-124.51431928716673,0.0,3425,2531.514319287167
Data,256,-0.0,0.0,231.20661341998454,0.0,2407.0,745.83,0.0,38.4,0,-2.563386580015461,0.0,3425,2409.5633865800155
Data,257,-0.0,0.0,180.99137747420755,0.0,2296.5086225257924,848.7,0.0,195.8,0,0,0.0,3522,2296.5086225257924
Data,258,-0.0,0.0,140.55659138574654,0.0,1918.2934086142538,913.55,0.0,543.6,0,0,0.0,3516,1918.2934086142534
Data,259,-0.0,0.0,45.00884490726855,0.0,2159.7711550927315,923.62,0.0,543.6,0,0,0.0,3672,2159.7711550927315
Data,260,0.0,0.0,17.034091410521757,0.0,2377.301508589478,868.83,0.0,359.8344,0,0,0.0,3623,2377.301508589478
Data,261,0.0,0.0,25.36689251190097,0.0,1996.2031074880992,868.83,0.0,543.6,0,0,0.0,3434,1996.203107488099
Data,262,0.0,0.0,173.6497573194098,0.0,1676.6902426805905,871.06,0.0,543.6,0,0,0.0,3265,1676.6902426805902
Data,263,0.0,0.0,65.46840583190553,0.0,1629.0515941680944,859.88,0.0,543.6,0,0,0.0,3098,1629.0515941680944
Data,264,0.0,0.0,351.2053288224,0.0,1336.7346711776,846.46,0.0,543.6,0,0,0.0,3078,1336.7346711776
Data,265,0.0,0.0,887.8079710601,0.0,696.3620289399,893.43,0.0,540.4,0,0,0.0,3018,696.3620289399
Data,266,0.0,0.0,1039.6012398415,0.0,626.8887601585002,916.91,0.0,543.6,0,0,0.0,3127,626.8887601585
Data,267,0.0,0.0,1151.0190896217,0.0,634.1309103782999,931.45,0.0,540.4,0,0,0.0,3257,634.1309103783
Data,268,0.0,0.0,1171.5722920961,0.0,709.8077079038999,948.22,0.0,540.4,0,1.5413836096815897e-14,0.0,3370,709.8077079039
Data,269,0.0,0.0,1111.3191648780867,0.0,797.3508351219134,954.93,0.0,540.4,0,0,0.0,3404,797.3508351219134
Data,270,0.0,0.0,1271.4800200366744,0.0,747.2921168147506,952.69,0.0,540.4,0,135.86213685142533,0.0,3376,611.4299799633255
Data,271,-0.0,0.0,996.2317106868,0.0,1467.6460120046231,919.15,0.0,189.4,0,142.42772269142313,0.0,3430,1325.2182893131999
Data,272,-0.0,0.0,1010.4441007,0.0,1397.1858993,877.77,0.0,41.6,0,0,0.0,3327,1397.1858993
Data,273,-0.0,0.0,984.3062280274,0.0,1707.0,841.99,0.0,38.4,0,19.696228027400366,0.0,3552,1687.3037719725999
Data,274,-0.0,0.0,374.66196590440006,0.0,2376.3680340956,828.57,0.0,38.4,0,0,0.0,3618,2376.3680340956
Data,275,-0.0,0.0,170.98464188900002,0.0,2407.0,830.81,0.0,38.4,0,-137.80535811099995,0.0,3585,2544.8053581110003
Data,276,-0.0,0.0,199.60718367628857,0.0,2407.0,818.51,0.0,38.4,0,-115.48281632371156,0.0,3579,2522.4828163237116
Data,277,-0.0,0.0,230.92797438731674,0.0,2232.9920256126834,810.68,0.0,38.4,0,0,0.0,3313,2232.9920256126834
Data,278,-0.0,0.0,215.5996199478,0.0,2374.6603800522,826.34,0.0,38.4,0,0,0.0,3455,2374.6603800522
Data,279,-0.0,0.0,450.1994434189,0.0,2150.7005565810996,848.7,0.0,38.4,0,0,0.0,3488,2150.7005565811
Data,280,-0.0,0.0,369.0819822184,0.0,2203.3880177816,881.13,0.0,38.4,0,0,0.0,3492,2203.3880177816
Data,281,-0.0,0.0,309.4710522796,0.0,2154.0289477204,897.9,0.0,192.6,0,0,0.0,3554,2154.0289477204
Data,282,-0.0,0.0,219.6299898154,0.0,1959.3400101846003,893.43,0.0,543.6,0,0,0.0,3616,1959.3400101846
Data,283,-0.0,0.0,208.0774727035,0.0,2047.7725272965004,913.55,0.0,543.6,0,0,0.0,3713,2047.7725272965
Data,284,0.0,0.0,159.0441801772,0.0,1987.9058198228,931.45,0.0,543.6,0,0,0.0,3622,1987.9058198228
Data,285,0.0,0.0,176.489283696,0.0,1782.110716304,934.8,0.0,543.6,0,0,0.0,3437,1782.110716304
Data,286,0.0,0.0,183.77624030586946,0.0,1619.4137596941307,929.21,0.0,543.6,0,0,0.0,3276,1619.4137596941305
Data,287,0.0,0.0,252.72074811140044,0.0,1392.4292518885998,901.25,0.0,543.6,0,0,0.0,3090,1392.4292518885995
Data,288,0.0,0.0,347.33951061260245,0.0,1293.7504893873977,892.31,0.0,543.6,0,0,0.0,3077,1293.7504893873975
Data,289,0.0,0.0,536.4199289133471,0.0,1065.970071086653,880.01,0.0,543.6,0,0,0.0,3026,1065.9700710866528
Data,290,0.0,0.0,528.5250974148179,0.0,1168.3549025851821,886.72,0.0,540.4,0,0,0.0,3124,1168.3549025851821
Data,291,0.0,0.0,549.1433353746423,0.0,1285.2066646253577,901.25,0.0,540.4,0,0,0.0,3276,1285.2066646253577
Data,292,0.0,0.0,918.3981107041559,0.0,1341.1921150296075,940.39,0.0,540.4,0,358.38022573376327,0.0,3382,982.8118892958441
Data,293,0.0,0.0,983.9673220176,0.0,1707.0,954.93,0.0,540.4,0,762.2973220176,0.0,3424,944.7026779824
Data,294,0.0,0.0,1068.746474992,0.0,1707.0,959.4,0.0,540.4,0,827.5464749920002,0.0,3448,879.453525008
Data,295,-0.0,0.0,986.913288627,0.0,1707.0,919.15,0.0,189.4,0,272.4632886270002,0.0,3530,1434.536711373
Data,296,-0.0,0.0,1034.2345284576,0.0,1707.0,900.14,0.0,38.4,0,150.7745284575999,0.0,3529,1556.2254715424
Data,297,-0.0,0.0,627.1116518534001,0.0,2230.2983481466,891.19,0.0,38.4,0,0,0.0,3787,2230.2983481466
Data,298,-0.0,0.0,204.25798329287863,0.0,2407.0,899.02,0.0,38.4,0,-362.3220167071213,0.0,3911,2769.3220167071213
Data,299,-0.0,0.0,118.47583596337148,0.0,2407.0,911.32,0.0,41.6,0,-433.6041640366284,0.0,3912,2840.6041640366284
Data,300,-0.0,0.0,182.50729519957017,0.0,2407.0,920.26,0.0,38.4,0,-376.83270480042995,0.0,3925,2783.83270480043
Data,301,-0.0,0.0,191.37919825134634,0.0,2407.0,864.35,0.0,38.4,0,-233.87080174865366,0.0,3735,2640.870801748654
Data,302,-0.0,0.0,163.63023556659124,0.0,2407.0,900.14,0.0,41.6,0,-354.629764433409,0.0,3867,2761.6297644334086
Data,303,-0.0,0.0,218.4869350910382,0.0,2407.0,903.49,0.0,41.6,0,-241.4230649089617,0.0,3812,2648.423064908962
Data,304,-0.0,0.0,763.0262147897163,0.0,2037.3737852102834,934.8,0.0,44.8,0,0,0.0,3780,2037.3737852102838
Data,305,-0.0,0.0,284.5449082115599,0.0,2016.8750917884402,945.98,0.0,543.6,0,0,0.0,3791,2016.87509178844
Data,306,-0.0,0.0,313.43154599260595,0.0,1993.6584540073936,966.11,0.0,546.8,0,0,0.0,3820,1993.658454007394
Data,307,-0.0,0.0,104.1751567379008,0.0,2270.384843262099,1010.84,0.0,543.6,0,0,0.0,3929,2270.384843262099
Data,308,0.0,0.0,34.62322615797281,0.0,2272.446773842027,1004.13,0.0,546.8,0,0,0.0,3858,2272.446773842027
Data,309,0.0,0.0,30.92157241847905,0.0,2104.5284275815206,992.95,0.0,543.6,0,0,0.0,3672,2104.528427581521
Data,310,0.0,0.0,52.41762104260301,0.0,1900.9523789573968,991.83,0.0,546.8,0,0,0.0,3492,1900.952378957397
Data,311,0.0,0.0,68.70347333258152,0.0,1726.3965266674186,996.3,0.0,543.6,0,0,0.0,3335,1726.3965266674186
Data,312,0.0,0.0,63.69720738603854,0.0,1790.5727926139614,954.93,0.0,546.8,0,0,0.0,3356,1790.5727926139616
Data,313,0.0,0.0,71.06432681739565,0.0,1704.145673182603,940.39,0.0,540.4,0,-1.3088877924532195e-12,0.0,3256,1704.1456731826045
Data,314,0.0,0.0,65.71989182616056,0.0,1813.6001081738393,958.28,0.0,540.4,0,0,0.0,3378,1813.6001081738395
Data,315,0.0,0.0,73.60879599450517,0.0,1898.551204005495,986.24,0.0,543.6,0,0,0.0,3502,1898.5512040054948
Data,316,0.0,0.0,70.22908587012316,0.0,1967.3009141298767,1013.07,0.0,540.4,0,0,0.0,3591,1967.300914129877
Data,317,0.0,0.0,109.54475307505759,0.0,1980.0052469249426,1029.85,0.0,543.6,0,0,0.0,3663,1980.0052469249424
Data,318,0.0,0.0,193.40307657011078,0.0,1841.176923429889,1022.02,0.0,540.4,0,0,0.0,3597,1841.1769234298893
Data,319,-0.0,0.0,175.3339331581315,0.0,1834.7160668418685,1017.55,0.0,540.4,0,0,0.0,3568,1834.7160668418685
Data,320,-0.0,0.0,157.3955402642806,0.0,1815.2944597357196,990.71,0.0,543.6,0,0,0.0,3507,1815.2944597357193
Data,321,-0.0,0.0,80.050125268464,0.0,2107.209874731536,949.34,0.0,540.4,0,0,0.0,3677,2107.209874731536
Data,322,-0.0,0.0,90.31656839298262,0.0,2235.4034316070174,933.68,0.0,543.6,0,0,0.0,3803,2235.4034316070174
Data,323,-0.0,0.0,416.346849550096,0.0,1935.403150449904,906.85,0.0,540.4,0,0,0.0,3799,1935.403150449904
Data,324,-0.0,0.0,48.81182532551908,0.0,2298.134574674481,901.25,0.0,509.8036,0,0,0.0,3758,2298.134574674481
Data,325,-0.0,0.0,49.0588919872127,0.0,2398.7311080127874,904.61,0.0,192.6,0,0,0.0,3545,2398.7311080127874
Data,326,-0.0,0.0,90.62995278143607,0.0,2407.0,916.91,0.0,189.4,0,-13.06004721856398,0.0,3617,2420.060047218564
Data,327,-0.0,0.0,56.243989257527076,0.0,2384.035210742473,937.04,0.0,217.6808,0,0,0.0,3595,2384.035210742473
Data,328,-0.0,0.0,225.21199437837063,0.0,2100.9546056216295,928.09,0.0,352.7434,0,0,0.0,3607,2100.9546056216295
Data,329,-0.0,0.0,291.82121979616153,0.0,1895.9587802038386,923.62,0.0,543.6,0,0,0.0,3655,1895.9587802038384
Data,330,-0.0,0.0,230.49141190588745,0.0,1994.5685880941126,949.34,0.0,543.6,0,0,0.0,3718,1994.5685880941126
Data,331,-0.0,0.0,124.074710522,0.0,2252.705289478,997.42,0.0,546.8,0,0,0.0,3921,2252.705289478
Data,332,0.0,0.0,158.5239426854,0.0,2155.5660573146,1015.31,0.0,543.6,0,0,0.0,3873,2155.5660573146
Data,333,-0.0,0.0,250.85244481840004,0.0,2246.5218551815997,1004.13,0.0,202.4957,0,0,0.0,3704,2246.5218551816
Data,334,0.0,0.0,503.2552039615,0.0,1757.4457960385,972.82,0.0,274.479,0,0,0.0,3508,1757.4457960385
Data,335,0.0,0.0,771.1112898732999,0.0,1385.1794101267,967.23,0.0,258.4793,0,0,0.0,3382,1385.1794101267
Data,336,0.0,0.0,1222.6325018244002,0.0,690.4974981756,939.27,0.0,543.6,0,0,0.0,3396,690.4974981755998
Data,337,0.0,0.0,1498.2790757703,0.0,382.2709242297001,925.85,0.0,543.6,0,0,0.0,3350,382.27092422969986
Data,338,0.0,0.0,1923.3251075890096,0.0,28.534892410990263,924.74,0.0,540.4,0,0,0.0,3417,28.534892410990437
Data,339,0.0,0.0,1917.6206665078532,0.0,116.58933349214684,940.39,0.0,540.4,0,0,0.0,3515,116.5893334921468
Data,340,0.0,0.0,1598.8579309718416,0.0,534.7920690281585,962.75,0.0,543.6,0,0,0.0,3640,534.7920690281584
Data,341,0.0,0.0,1860.6957035635,0.0,379.66429643649974,986.24,0.0,540.4,0,0,0.0,3767,379.66429643649997
Data,342,0.0,0.0,1708.9529206991929,0.0,443.22707930080696,997.42,0.0,540.4,0,0,0.0,3690,443.2270793008072
Data,343,-0.0,0.0,1940.4825242485815,0.0,249.96747575141833,992.95,0.0,543.6,0,0,0.0,3727,249.96747575141842
Data,344,-0.0,0.0,1700.7172691345395,0.0,450.1327308654604,943.75,0.0,540.4,0,0,0.0,3635,450.13273086546053
Data,345,-0.0,0.0,1198.537483642218,0.0,1246.9925163577818,890.07,0.0,540.4,0,0,0.0,3876,1246.992516357782
Data,346,-0.0,0.0,807.8300145620817,0.0,1768.5599854379186,880.01,0.0,543.6,0,0,0.0,4000,1768.5599854379184
Data,347,-0.0,0.0,1173.369895362221,0.0,1349.1001046377787,881.13,0.0,540.4,0,0,0.0,3944,1349.100104637779
Data,348,-0.0,0.0,1499.254552758057,0.0,964.2254472419431,862.12,0.0,540.4,0,0,0.0,3866,964.2254472419431
Data,349,-0.0,0.0,1639.0212547522362,0.0,707.8087452477637,828.57,0.0,543.6,0,0,0.0,3719,707.8087452477637
Data,350,-0.0,0.0,1614.7513969556537,0.0,751.8586030443458,841.99,0.0,540.4,0,0,0.0,3749,751.8586030443463
Data,351,-0.0,0.0,1519.6346286023602,0.0,737.5353713976398,844.23,0.0,543.6,0,0,0.0,3645,737.5353713976398
Data,352,-0.0,0.0,1464.725971239306,0.0,742.4840287606941,841.99,0.0,546.8,0,0,0.0,3596,742.484028760694
Data,353,-0.0,0.0,1659.0050582716722,0.0,574.6849417283279,867.71,0.0,543.6,0,0,0.0,3645,574.6849417283278
Data,354,-0.0,0.0,1520.4053992112404,0.0,759.2046007887596,915.79,0.0,543.6,0,0,0.0,3739,759.2046007887596
Data,355,-0.0,0.0,1403.6534919439575,0.0,1062.4765080560426,939.27,0.0,543.6,0,0,0.0,3949,1062.4765080560423
Data,356,0.0,0.0,1289.299129598002,0.0,1201.7508704019976,919.15,0.0,546.8,0,0,0.0,3957,1201.7508704019979
Data,357,-0.0,0.0,1005.9649098502083,0.0,1319.125090149792,892.31,0.0,543.6,0,0,0.0,3761,1319.1250901497917
Data,358,0.0,0.0,491.55258091095794,0.0,1687.1974190890421,857.65,0.0,543.6,0,0,0.0,3580,1687.1974190890421
Data,359,0.0,0.0,352.62150794813414,0.0,1733.5284920518654,852.05,0.0,546.8,0,0,0.0,3485,1733.528492051866
Data,360,0.0,0.0,401.7019537208341,0.0,1742.0680462791659,819.63,0.0,543.6,0,0,0.0,3507,1742.0680462791659
Data,361,0.0,0.0,342.10105800023416,0.0,1674.5189419997657,822.98,0.0,540.4,0,0,0.0,3380,1674.518941999766
Data,362,0.0,0.0,442.4433852495341,0.0,1639.5866147504657,828.57,0.0,540.4,0,0,0.0,3451,1639.5866147504657
Data,363,0.0,0.0,527.8357425090342,0.0,1656.3842574909663,872.18,0.0,543.6,0,0,0.0,3600,1656.3842574909659
Data,364,0.0,0.0,471.6533594802342,0.0,1772.3266405197658,923.62,0.0,540.4,0,0,0.0,3708,1772.3266405197658
Data,365,0.0,0.0,976.1699387802342,0.0,1274.9800612197655,931.45,0.0,540.4,0,0,0.0,3723,1274.9800612197657
Data,366,0.0,0.0,578.9424806186342,0.0,1567.1575193813655,922.5,0.0,540.4,0,0,0.0,3609,1567.1575193813658
Data,367,-0.0,0.0,353.6764627107341,0.0,1672.9035372892658,899.02,0.0,540.4,0,0,0.0,3466,1672.9035372892658
Data,368,-0.0,0.0,377.4187001028341,0.0,1973.271299897166,867.71,0.0,41.6,0,0,0.0,3260,1973.2712998971658
Data,369,-0.0,0.0,343.22421613643417,0.0,2052.7257838635655,857.65,0.0,38.4,0,0,0.0,3292,2052.725783863566
Data,370,-0.0,0.0,303.61551840823415,0.0,2151.114481591766,840.87,0.0,38.4,0,0,0.0,3334,2151.114481591766
Data,371,-0.0,0.0,361.2611573862341,0.0,2091.388842613766,820.75,0.0,41.6,0,0,0.0,3315,2091.388842613766
Data,372,-0.0,0.0,292.83686463903416,0.0,2099.553135360966,806.21,0.0,38.4,0,0,0.0,3237,2099.553135360966
Data,373,-0.0,0.0,368.2719653581901,0.0,1980.81803464181,695.51,0.0,38.4,0,0,0.0,3083,1980.8180346418098
Data,374,-0.0,0.0,432.8039789278303,0.0,1860.03602107217,686.56,0.0,41.6,0,0,0.0,3021,1860.0360210721697
Data,375,-0.0,0.0,392.7014639074341,0.0,1807.6485360925658,679.85,0.0,44.8,0,0,0.0,2925,1807.6485360925658
Data,376,-0.0,0.0,421.41733178423414,0.0,1751.6426682157658,703.34,0.0,41.6,0,0,0.0,2918,1751.6426682157658
Data,377,-0.0,0.0,562.1227784773341,0.0,1696.9572215226658,788.32,0.0,41.6,0,0,0.0,3089,1696.9572215226658
Data,378,-0.0,0.0,469.23314523453416,0.0,1813.4768547654658,829.69,0.0,192.6,0,0,0.0,3305,1813.4768547654658
Data,379,-0.0,0.0,393.77600986563414,0.0,1779.5739901343663,852.05,0.0,543.6,0,0,0.0,3569,1779.5739901343659
Data,380,0.0,0.0,421.7177095812341,0.0,2144.6622904187657,849.82,0.0,195.8,0,0,0.0,3612,2144.6622904187657
Data,381,0.0,0.0,341.65171849805455,0.0,2110.2982815019454,827.45,0.0,192.6,0,0,0.0,3472,2110.2982815019454
Data,382,0.0,0.0,193.90330349023415,0.0,2088.456696509766,814.04,0.0,192.6,0,0,0.0,3289,2088.456696509766
Data,383,0.0,0.0,439.79102172707036,0.0,1727.8489782729296,809.56,0.0,195.8,0,0,0.0,3173,1727.8489782729298
Data,384,0.0,0.0,708.981789185311,0.0,1278.058210814689,760.36,0.0,543.6,0,0,0.0,3291,1278.0582108146891
Data,385,0.0,0.0,855.1845541968742,0.0,1445.0454458031259,779.37,0.0,189.4,0,0,0.0,3269,1445.0454458031259
Data,386,0.0,0.0,843.5628933717769,0.0,1542.367106628223,791.67,0.0,189.4,0,0,0.0,3367,1542.3671066282232
Data,387,0.0,0.0,827.4407194375245,0.0,1646.4058351447673,835.28,0.0,189.4,0,19.526554582291944,0.0,3479,1626.8792805624755
Data,388,0.0,0.0,814.131899342246,0.0,1334.118100657754,864.35,0.0,540.4,0,0,0.0,3553,1334.118100657754
Data,389,0.0,0.0,801.0964716345909,0.0,1729.5535283654087,869.95,0.0,189.4,0,0,0.0,3590,1729.553528365409
Data,390,0.0,0.0,814.5262599649551,0.0,1548.3737400350444,848.7,0.0,189.4,0,0,0.0,3401,1548.3737400350449
Data,391,-0.0,0.0,596.769296407793,0.0,1768.7207035922067,843.11,0.0,38.4,0,0,0.0,3247,1768.720703592207
Data,392,-0.0,0.0,437.2373004422285,0.0,1827.2926995577714,767.07,0.0,38.4,0,0,0.0,3070,1827.2926995577714
Data,393,-0.0,0.0,272.5508766903181,0.0,2108.989123309682,748.06,0.0,38.4,0,0,0.0,3168,2108.989123309682
Data,394,-0.0,0.0,48.722428605051554,0.0,2407.0,712.28,0.0,38.4,0,-16.597571394948154,0.0,3223,2423.5975713949483
Data,395,-0.0,0.0,870.3543085064064,0.0,1766.5956914935934,611.65,0.0,38.4,0,0,0.0,3287,1766.5956914935937
Data,396,-0.0,0.0,932.3128124577137,0.0,1667.177187542286,597.11,0.0,38.4,0,0,0.0,3235,1667.1771875422862
Data,397,-0.0,0.0,1002.8104418328395,0.0,1542.8495581671602,604.94,0.0,38.4,0,0,0.0,3189,1542.8495581671605
Data,398,-0.0,0.0,1073.713453356471,0.0,1430.746546643529,654.14,0.0,38.4,0,0,0.0,3197,1430.746546643529
Data,399,-0.0,0.0,1133.7136795884253,0.0,1304.4463204115746,691.04,0.0,44.8,0,0,0.0,3174,1304.4463204115748
Data,400,-0.0,0.0,1047.1947982524339,0.0,1351.9552017475658,704.45,0.0,38.4,0,0,0.0,3142,1351.955201747566
Data,401,-0.0,0.0,921.2506701213885,0.0,1416.6893298786113,797.26,0.0,44.8,0,0,0.0,3180,1416.6893298786115
Data,402,-0.0,0.0,615.7946229819341,0.0,1348.785377018066,849.82,0.0,543.6,0,0,0.0,3358,1348.785377018066
Data,403,-0.0,0.0,1074.819902873834,0.0,1111.2300971261661,864.35,0.0,543.6,0,0,0.0,3594,1111.230097126166
Data,404,0.0,0.0,471.3144179142341,0.0,1773.445582085766,838.64,0.0,543.6,0,0,0.0,3627,1773.4455820857659
Data,405,0.0,0.0,656.7962701955388,0.0,1466.8337298044614,803.97,0.0,540.4,0,0,0.0,3468,1466.8337298044612
Data,406,0.0,0.0,691.2075626253487,0.0,1307.1024373746513,805.09,0.0,543.6,0,0,0.0,3347,1307.1024373746513
Data,407,0.0,0.0,932.4017211296259,0.0,871.8482788703741,796.15,0.0,543.6,0,0,0.0,3144,871.8482788703741
Data,408,0.0,0.0,933.1824257627718,0.0,895.9175742372283,750.3,0.0,543.6,0,0,0.0,3123,895.9175742372282
Data,409,0.0,0.0,957.508074258706,0.0,868.9619257412938,758.13,0.0,540.4,0,0,0.0,3125,868.9619257412941
Data,410,0.0,0.0,947.5910077036909,0.0,988.988992296309,776.02,0.0,540.4,0,0,0.0,3253,988.9889922963091
Data,411,0.0,0.0,950.3015872582284,0.0,1059.7884127417715,818.51,0.0,540.4,0,0,0.0,3369,1059.7884127417715
Data,412,0.0,0.0,1120.7277306696324,0.0,941.4622693303677,855.41,0.0,540.4,0,0,0.0,3458,941.4622693303677
Data,413,0.0,0.0,1240.3948681163497,0.0,857.0851318836504,862.12,0.0,540.4,0,0,0.0,3500,857.0851318836503
Data,414,0.0,0.0,799.4710539873583,0.0,1244.9589460126415,853.17,0.0,540.4,0,0,0.0,3438,1244.9589460126417
Data,415,-0.0,0.0,946.0816404795768,0.0,1197.168359520423,845.35,0.0,540.4,0,0,0.0,3529,1197.168359520423
Data,416,-0.0,0.0,766.2555291337048,0.0,1441.944470866295,836.4,0.0,540.4,0,0,0.0,3585,1441.9444708662952
Data,417,-0.0,0.0,921.3225071578736,0.0,1563.8874928421264,694.39,0.0,540.4,0,0,0.0,3720,1563.8874928421264
Data,418,-0.0,0.0,577.888463792257,0.0,2036.9715362077427,678.74,0.0,540.4,0,0,0.0,3834,2036.9715362077432
Data,419,-0.0,0.0,583.6583123163473,0.0,2122.511687683653,647.43,0.0,540.4,0,0,0.0,3894,2122.511687683653
Data,420,-0.0,0.0,595.0344971919303,0.0,2124.0855028080696,638.48,0.0,540.4,0,0,0.0,3898,2124.0855028080696
Data,421,-0.0,0.0,846.9002675281976,0.0,1612.6397324718025,625.06,0.0,540.4,0,0,0.0,3625,1612.6397324718025
Data,422,-0.0,0.0,644.269638605998,0.0,1899.480361394002,660.85,0.0,540.4,0,0,0.0,3745,1899.480361394002
Data,423,-0.0,0.0,627.5749508502788,0.0,1963.795049149721,672.03,0.0,543.6,0,0,0.0,3807,1963.7950491497213
Data,424,-0.0,0.0,640.4643580444341,0.0,1954.845641955566,682.09,0.0,543.6,0,0,0.0,3821,1954.845641955566
Data,425,-0.0,0.0,670.4506785206341,0.0,1864.799321479366,765.95,0.0,546.8,0,0,0.0,3848,1864.799321479366
Data,426,-0.0,0.0,835.7468143509342,0.0,1656.503185649066,815.15,0.0,543.6,0,0,0.0,3851,1656.503185649066
Data,427,-0.0,0.0,851.1288533464344,0.0,1683.6311466535658,838.64,0.0,543.6,0,0,0.0,3917,1683.6311466535656
Data,428,0.0,0.0,853.711544036934,0.0,1590.868455963066,849.82,0.0,543.6,0,0,0.0,3838,1590.868455963066
Data,429,0.0,0.0,834.5676729867342,0.0,1420.672327013266,834.16,0.0,543.6,0,0,0.0,3633,1420.6723270132657
Data,430,0.0,0.0,888.4307172384341,0.0,1186.6292827615657,826.34,0.0,543.6,0,0,0.0,3445,1186.6292827615657
Data,431,0.0,0.0,909.6255503826341,0.0,1090.7044496173658,767.07,0.0,543.6,0,0,0.0,3311,1090.7044496173658
Data,432,0.0,0.0,826.5166802122341,0.0,1188.3433197877662,752.54,0.0,543.6,0,0,0.0,3311,1188.343319787766
Data,433,0.0,0.0,811.6353784109341,0.0,1128.1346215890658,745.83,0.0,540.4,0,0,0.0,3226,1128.1346215890658
Data,434,0.0,0.0,938.8657573029342,0.0,1085.844242697066,755.89,0.0,540.4,0,0,0.0,3321,1085.844242697066
Data,435,0.0,0.0,1076.4962121818344,0.0,1062.0937878181658,757.01,0.0,540.4,0,0,0.0,3436,1062.0937878181658
Data,436,0.0,0.0,1012.2597043344341,0.0,1195.720295665566,800.62,0.0,540.4,0,0,0.0,3549,1195.720295665566
Data,437,0.0,0.0,919.2674625991341,0.0,1355.5925374008657,801.74,0.0,540.4,0,0,0.0,3617,1355.592537400866
Data,438,0.0,0.0,1086.6824977084343,0.0,1115.4775022915655,789.44,0.0,540.4,0,0,0.0,3532,1115.4775022915655
Data,439,-0.0,0.0,1153.4652849126342,0.0,1066.274715087366,772.66,0.0,543.6,0,0,0.0,3536,1066.2747150873658
Data,440,-0.0,0.0,1045.4898434899342,0.0,1584.0401565100656,767.07,0.0,38.4,0,0,0.0,3435,1584.0401565100658
Data,441,-0.0,0.0,872.1488219781342,0.0,1954.3411780218657,720.11,0.0,38.4,0,0,0.0,3585,1954.3411780218657
Data,442,-0.0,0.0,811.8132430615551,0.0,2125.5067569384446,712.28,0.0,38.4,0,0,0.0,3688,2125.506756938445
Data,443,-0.0,0.0,793.2280557894553,0.0,2215.4719442105443,651.9,0.0,38.4,0,0,0.0,3699,2215.4719442105447
Data,444,-0.0,0.0,881.9584852569245,0.0,2078.9115147430753,659.73,0.0,38.4,0,0,0.0,3659,2078.9115147430753
Data,445,-0.0,0.0,1323.276152647926,0.0,1458.033847352074,608.29,0.0,38.4,0,0,0.0,3428,1458.033847352074
Data,446,-0.0,0.0,1019.3178419629703,0.0,1779.2721580370298,634.01,0.0,38.4,0,0,0.0,3471,1779.2721580370296
Data,447,-0.0,0.0,1141.727591115451,0.0,1524.1224088845493,667.55,0.0,41.6,0,0,0.0,3375,1524.122408884549
Data,448,-0.0,0.0,1101.1293361122343,0.0,1544.6606638877656,658.61,0.0,41.6,0,0,0.0,3346,1544.6606638877656
Data,449,-0.0,0.0,1330.787909199334,0.0,1335.422090800666,768.19,0.0,41.6,0,0,0.0,3476,1335.422090800666
Data,450,-0.0,0.0,1436.2750192287344,0.0,744.7949807712658,807.33,0.0,543.6,0,0,0.0,3532,744.7949807712655
Data,451,-0.0,0.0,1242.9755702294342,0.0,1099.674429770566,820.75,0.0,543.6,0,0,0.0,3707,1099.674429770566
Data,452,0.0,0.0,1068.223524761734,0.0,1314.6664752382662,818.51,0.0,543.6,0,0,0.0,3745,1314.6664752382658
Data,453,0.0,0.0,984.0947468174342,0.0,1220.5452531825658,809.56,0.0,546.8,0,0,0.0,3561,1220.5452531825658
Data,454,0.0,0.0,1025.5245614619344,0.0,1013.4254385380658,808.45,0.0,543.6,0,0,0.0,3391,1013.4254385380656
Data,455,0.0,0.0,1099.4213083115342,0.0,718.2986916884662,810.68,0.0,543.6,0,0,0.0,3172,718.2986916884659
Data,456,0.0,0.0,1331.6955973709455,0.0,593.0544026290544,753.65,0.0,543.6,0,0,0.0,3222,593.0544026290545
Data,457,0.0,0.0,1343.389769486534,0.0,541.1502305134658,748.06,0.0,540.4,0,0,0.0,3173,541.150230513466
Data,458,0.0,0.0,1352.5646596032605,0.0,612.4953403967395,752.54,0.0,540.4,0,0,0.0,3258,612.4953403967396
Data,459,0.0,0.0,1413.7075609983344,0.0,653.6524390016654,740.24,0.0,540.4,0,0,0.0,3348,653.6524390016656
Data,460,0.0,0.0,1593.2552134243342,0.0,577.7447865756659,762.6,0.0,540.4,0,0,0.0,3474,577.7447865756658
Data,461,0.0,0.0,1664.1087562082555,0.0,576.8312437917446,772.66,0.0,540.4,0,0,0.0,3554,576.8312437917446
Data,462,0.0,0.0,1751.7812810883338,0.0,408.75871891166605,748.06,0.0,540.4,0,0,0.0,3449,408.7587189116663
Data,463,-0.0,0.0,1769.6834799782296,0.0,376.06652002177054,783.85,0.0,540.4,0,0,0.0,3470,376.06652002177043
Data,464,-0.0,0.0,1994.8947205190623,0.0,450.64527948093775,748.06,0.0,189.4,0,0,0.0,3383,450.6452794809378
Data,465,-0.0,0.0,2331.814088502102,0.0,293.4359114978979,722.35,0.0,189.4,0,0,0.0,3537,293.4359114978979
Data,466,-0.0,0.0,1776.1675132379512,0.0,1023.212486762049,702.22,0.0,189.4,0,0,0.0,3691,1023.2124867620488
Data,467,-0.0,0.0,1610.0791868622653,0.0,1185.3208131377344,664.2,0.0,189.4,0,0,0.0,3649,1185.3208131377346
Data,468,-0.0,0.0,1664.343889940967,0.0,1131.206110059033,660.85,0.0,192.6,0,0,0.0,3649,1131.2061100590329
Data,469,-0.0,0.0,1873.2905159266918,0.0,510.53808407330797,620.59,0.0,436.5814,0,0,0.0,3441,510.5380840733082
Data,470,-0.0,0.0,1671.431209757842,0.0,986.9087902421581,625.06,0.0,192.6,0,0,0.0,3476,986.908790242158
Data,471,-0.0,0.0,1631.6716402277787,0.0,938.5883597722216,654.14,0.0,192.6,0,0,0.0,3417,938.5883597722213
Data,472,-0.0,0.0,1659.051136547079,0.0,524.678863452921,668.67,0.0,543.6,0,0,0.0,3396,524.678863452921
Data,473,-0.0,0.0,1906.131421860569,0.0,288.178578139431,755.89,0.0,546.8,0,0,0.0,3497,288.1785781394311
Data,474,-0.0,0.0,2065.137934938339,0.0,137.88206506166085,798.38,0.0,543.6,0,0,0.0,3545,137.8820650616608
Data,475,-0.0,0.0,1989.9910437092299,0.0,324.86895629076986,826.34,0.0,546.8,0,0,0.0,3688,324.86895629077014
Data,476,0.0,0.0,2099.6161054245304,0.0,191.50389457546936,835.28,0.0,543.6,0,0,0.0,3670,191.50389457546964
Data,477,0.0,0.0,2195.114332661563,0.0,0.0,839.75,0.0,543.6,0,90.46433266156282,0.0,3488,-90.46433266156293
Data,478,0.0,0.0,2144.723674499561,0.0,0.0,825.22,0.0,546.8,0,201.74367449956145,0.0,3315,-201.74367449956117
Data,479,0.0,0.0,2098.056485723121,0.0,0.0,812.92,0.0,543.6,0,286.57648572312115,0.0,3168,-286.5764857231211
Data,480,0.0,0.0,2039.256377728631,0.0,0.0,769.31,0.0,543.6,0,152.16637772863066,0.0,3200,-152.1663777286309
Data,481,0.0,0.0,1830.4316990237762,0.0,4.558300976223919,732.41,0.0,543.6,0,0,0.0,3111,4.558300976223791
Data,482,0.0,0.0,2215.6393823756107,0.0,0.0,760.36,0.0,540.4,0,307.399382375611,0.0,3209,-307.3993823756107
Data,483,0.0,0.0,1989.3257041095865,0.0,58.02429589041336,759.25,0.0,540.4,0,0,0.0,3347,58.024295890413555
Data,484,0.0,0.0,1986.35162594916,0.0,148.60837405084004,789.44,0.0,543.6,0,0,0.0,3468,148.60837405083987
Data,485,0.0,0.0,2063.89636439261,0.0,452.45363560739014,778.25,0.0,189.4,0,0,0.0,3484,452.4536356073901
Data,486,0.0,0.0,2177.266490369977,0.0,55.49500963002319,770.43,0.0,428.8085,0,0,0.0,3432,55.495009630023105
Data,487,-0.0,0.0,2229.450633269295,0.0,0.0,746.95,0.0,540.4,0,108.80063326929522,0.0,3408,-108.80063326929496
Data,488,-0.0,0.0,2155.444612161044,0.0,357.2753878389557,736.88,0.0,38.4,0,0,0.0,3288,357.275387838956
Data,489,-0.0,0.0,1885.155962270734,0.0,813.8640377292658,675.38,0.0,41.6,0,0,0.0,3416,813.8640377292659
Data,490,-0.0,0.0,1933.8585592815343,0.0,921.8914407184658,660.85,0.0,38.4,0,0,0.0,3555,921.8914407184657
Data,491,-0.0,0.0,1516.9620308394342,0.0,1374.377969160566,625.06,0.0,41.6,0,0,0.0,3558,1374.377969160566
Data,492,-0.0,0.0,1788.4029698454342,0.0,1121.9070301545657,608.29,0.0,38.4,0,0,0.0,3557,1121.9070301545657
Data,493,-0.0,0.0,1631.9803569593341,0.0,1052.6196430406658,615.0,0.0,38.4,0,0,0.0,3338,1052.6196430406658
Data,494,-0.0,0.0,1588.6291065182345,0.0,1163.5808934817655,645.19,0.0,41.6,0,0,0.0,3439,1163.5808934817655
Data,495,-0.0,0.0,1378.9548913969343,0.0,1306.095108603066,648.55,0.0,38.4,0,0,0.0,3372,1306.0951086030657
Data,496,-0.0,0.0,1375.832189603634,0.0,1265.857810396366,670.91,0.0,38.4,0,0,0.0,3351,1265.857810396366
Data,497,-0.0,0.0,1199.327236762434,0.0,1340.0427632375659,745.83,0.0,195.8,0,0,0.0,3481,1340.0427632375659
Data,498,-0.0,0.0,1282.1027355559345,0.0,1205.6072644440655,829.69,0.0,192.6,0,0,0.0,3510,1205.6072644440655
Data,499,-0.0,0.0,928.0500204839341,0.0,1644.469979516066,859.88,0.0,192.6,0,0,0.0,3625,1644.469979516066
Data,500,0.0,0.0,882.3253778222341,0.0,1678.9846221777657,878.89,0.0,195.8,0,0,0.0,3636,1678.984622177766
Data,501,0.0,0.0,1069.234056699534,0.0,1286.1559433004663,880.01,0.0,192.6,0,0,0.0,3428,1286.155943300466
Data,502,0.0,0.0,1250.5774750628343,0.0,942.2825249371657,875.54,0.0,192.6,0,0,0.0,3261,942.2825249371657
Data,503,0.0,0.0,1389.7678149343337,0.0,687.2121850656662,874.42,0.0,192.6,0,0,0.0,3144,687.2121850656663
Data,504,0.0,0.0,1436.194335155234,0.0,698.0956648447658,793.91,0.0,195.8,0,0,0.0,3124,698.0956648447659
Data,505,0.0,0.0,1458.845518841333,0.0,303.32448115866725,770.43,0.0,540.4,0,0,0.0,3073,303.32448115866714
Data,506,0.0,0.0,1431.0496184522199,0.0,389.64038154778007,793.91,0.0,540.4,0,0,0.0,3155,389.6403815477802
Data,507,0.0,0.0,1516.741157330121,0.0,370.19884266987896,846.46,0.0,543.6,0,0,0.0,3277,370.1988426698789
Data,508,0.0,0.0,1509.9861325906268,0.0,478.1338674093731,884.48,0.0,540.4,0,0,0.0,3413,478.13386740937324
Data,509,0.0,0.0,1812.3373261825786,0.0,182.9026738174211,883.36,0.0,540.4,0,0,0.0,3419,182.90267381742137
Data,510,0.0,0.0,1705.296665557159,0.0,278.2933344428409,880.01,0.0,540.4,0,0,0.0,3404,278.293334442841
Data,511,-0.0,0.0,1601.0331157682765,0.0,352.2168842317235,864.35,0.0,540.4,0,0,0.0,3358,352.2168842317235
Data,512,-0.0,0.0,1943.1155838193904,0.0,613.6644161806098,800.62,0.0,41.6,0,0,0.0,3399,613.6644161806096
Data,513,-0.0,0.0,1485.6041947805247,0.0,1394.6458052194753,722.35,0.0,38.4,0,0,0.0,3641,1394.6458052194753
Data,514,-0.0,0.0,1400.7289367550195,0.0,1669.4110632449804,723.46,0.0,38.4,0,0,0.0,3832,1669.4110632449804
Data,515,-0.0,0.0,1229.2529987865,0.0,1826.9170012135,721.23,0.0,41.6,0,0,0.0,3819,1826.9170012135
Data,516,-0.0,0.0,1131.6832356200637,0.0,1756.7967643799363,739.12,0.0,38.4,0,0,0.0,3666,1756.7967643799363
Data,517,-0.0,0.0,1496.1462605263973,0.0,1130.4037394736029,729.05,0.0,38.4,0,0,0.0,3394,1130.4037394736026
Data,518,-0.0,0.0,1534.342766671505,0.0,1105.5972333284951,772.66,0.0,38.4,0,0,0.0,3451,1105.5972333284951
Data,519,-0.0,0.0,1715.7911769066473,0.0,941.258823093353,790.55,0.0,38.4,0,0,0.0,3486,941.2588230933528
Data,520,-0.0,0.0,1610.9644345003094,0.0,859.2955654996903,826.34,0.0,189.4,0,0,0.0,3486,859.2955654996906
Data,521,-0.0,0.0,1612.7177627587917,0.0,878.9122372412086,877.77,0.0,192.6,0,0,0.0,3562,878.9122372412083
Data,522,-0.0,0.0,1439.9577878672003,0.0,997.3922121327996,925.85,0.0,195.8,0,0,0.0,3559,997.3922121327996
Data,523,-0.0,0.0,1717.5209070493,0.0,808.4290929506999,950.45,0.0,192.6,0,0,0.0,3669,808.4290929507
Data,524,0.0,0.0,1611.2314189513902,0.0,844.00858104861,957.16,0.0,192.6,0,0,0.0,3605,844.0085810486098
Data,525,-0.0,0.0,1090.7248085075314,0.0,1134.1051914924685,951.57,0.0,192.6,0,0,0.0,3369,1134.1051914924685
Data,526,0.0,0.0,1445.5876601824093,0.0,657.9623398175909,906.85,0.0,192.6,0,0,0.0,3203,657.9623398175906
Data,527,0.0,0.0,1227.4657063244322,0.0,855.5042936755682,893.43,0.0,192.6,0,0,0.0,3169,855.5042936755679
Data,528,0.0,0.0,1505.4547449679699,0.0,721.1452550320301,885.6,0.0,44.8,0,0,0.0,3157,721.1452550320301
Data,529,0.0,0.0,2104.2149206747317,0.0,97.03507932526804,864.35,0.0,38.4,0,0,0.0,3104,97.03507932526824
Data,530,0.0,0.0,1954.8685747659426,0.0,251.12142523405723,904.61,0.0,38.4,0,0,0.0,3149,251.12142523405734
Data,531,0.0,0.0,1934.452718111459,0.0,339.93728188854084,929.21,0.0,38.4,0,0,0.0,3242,339.93728188854095
Data,532,0.0,0.0,2025.0722190764345,0.0,343.53778092356526,964.99,0.0,38.4,0,0,0.0,3372,343.5377809235655
Data,533,0.0,0.0,2083.4071260494343,0.0,266.37287395056535,972.82,0.0,38.4,0,0,0.0,3361,266.3728739505657
Data,534,0.0,0.0,2254.7869734674346,0.0,0.0,968.35,0.0,38.4,0,32.53697346743445,0.0,3229,-32.536973467434585
Data,535,-0.0,0.0,2191.8641953274346,0.0,0.0,934.8,0.0,38.4,0,25.064195327434277,0.0,3140,-25.064195327434525
Data,536,-0.0,0.0,1576.7573367344344,0.0,453.8126632655657,918.03,0.0,38.4,0,0,0.0,2987,453.8126632655657
Data,537,-0.0,0.0,1837.2206693279852,0.0,322.1993306720148,872.18,0.0,38.4,0,0,0.0,3070,322.19933067201487
Data,538,-0.0,0.0,1729.3247963629083,0.0,634.6952036370917,847.58,0.0,38.4,0,0,0.0,3250,634.6952036370917
Data,539,-0.0,0.0,1537.1270255344673,0.0,877.7429744655326,856.53,0.0,41.6,0,0,0.0,3313,877.7429744655327
Data,540,-0.0,0.0,1703.1196159249564,0.0,740.0103840750437,865.47,0.0,38.4,0,0,0.0,3347,740.0103840750436
Data,541,-0.0,0.0,1674.2015529550745,0.0,660.5784470449252,849.82,0.0,38.4,0,0,0.0,3223,660.5784470449255
Data,542,-0.0,0.0,1285.8677969272649,0.0,971.6722030727352,871.06,0.0,38.4,0,0,0.0,3167,971.6722030727352
Data,543,-0.0,0.0,1205.2091430189573,0.0,907.3408569810429,906.85,0.0,41.6,0,0,0.0,3061,907.3408569810426
Data,544,-0.0,0.0,1249.7499478550683,0.0,858.860052144932,915.79,0.0,41.6,0,0,0.0,3066,858.8600521449317
Data,545,-0.0,0.0,1274.6594799371342,0.0,864.590520062866,938.15,0.0,41.6,0,0,0.0,3119,864.5905200628658
Data,546,-0.0,0.0,1089.6926133816403,0.0,1106.7573866183595,992.95,0.0,41.6,0,0,0.0,3231,1106.7573866183598
Data,547,-0.0,0.0,811.9774822425342,0.0,1391.6425177574656,1019.78,0.0,192.6,0,0,0.0,3416,1391.6425177574658
Data,548,0.0,0.0,805.5279472235339,0.0,1468.092052776466,1019.78,0.0,192.6,0,0,0.0,3486,1468.092052776466
Data,549,-0.0,0.0,173.2550260813341,0.0,1629.7963739186657,1013.07,0.0,516.8786,0,0,0.0,3333,1629.7963739186657
Data,550,0.0,0.0,319.2677323168341,0.0,1338.4022676831657,979.53,0.0,546.8,0,0,0.0,3184,1338.402267683166
Data,551,0.0,0.0,701.5422726907341,0.0,877.2177273092661,961.64,0.0,543.6,0,0,0.0,3084,877.2177273092659
Data,552,0.0,0.0,702.6879167997341,0.0,906.202083200266,941.51,0.0,543.6,0,0,0.0,3094,906.2020832002659
Data,553,0.0,0.0,785.0455588199341,0.0,788.8144411800658,924.74,0.0,540.4,0,0,0.0,3039,788.814441180066
Data,554,0.0,0.0,735.848631788334,0.0,921.651368211666,947.1,0.0,540.4,0,0,0.0,3145,921.651368211666
Data,555,0.0,0.0,742.7088295817342,0.0,1060.2511704182657,961.64,0.0,540.4,0,0,0.0,3305,1060.2511704182657
Data,556,0.0,0.0,945.2585251582342,0.0,887.3414748417657,984.0,0.0,540.4,0,0,0.0,3357,887.3414748417658
Data,557,0.0,0.0,925.1836860918343,0.0,876.8263139081655,989.59,0.0,540.4,0,0,0.0,3332,876.8263139081657
Data,558,0.0,0.0,953.5422230954342,0.0,937.8014769045661,985.12,0.0,296.5363,0,0,0.0,3173,937.8014769045658
Data,559,-0.0,0.0,986.8445917056342,0.0,1081.5954082943658,957.16,0.0,38.4,0,0,0.0,3064,1081.5954082943658
Data,560,-0.0,0.0,1028.3680781455341,0.0,864.1819218544659,956.05,0.0,38.4,0,0,0.0,2887,864.1819218544659
Data,561,-0.0,0.0,942.6844690537342,0.0,1159.025530946266,878.89,0.0,38.4,0,0,0.0,3019,1159.0255309462657
Data,562,-0.0,0.0,924.4538029198342,0.0,1246.6761970801658,865.47,0.0,38.4,0,0,0.0,3075,1246.6761970801658
Data,563,-0.0,0.0,907.8956678833343,0.0,1220.7043321166657,861.0,0.0,38.4,0,0,0.0,3028,1220.7043321166657
Data,564,-0.0,0.0,947.6241194729344,0.0,1157.9158805270654,871.06,0.0,38.4,0,0,0.0,3015,1157.9158805270656
Data,565,-0.0,0.0,836.9330251248342,0.0,1265.3569748751656,843.11,0.0,41.6,0,0,0.0,2987,1265.3569748751659
Data,566,-0.0,0.0,648.7556586004342,0.0,1332.7943413995658,852.05,0.0,38.4,0,0,0.0,2872,1332.7943413995658
Data,567,-0.0,0.0,601.6680537733341,0.0,1302.4619462266655,865.47,0.0,38.4,0,0,0.0,2808,1302.4619462266658
Data,568,-0.0,0.0,680.9135675658341,0.0,1259.7664324341658,886.72,0.0,41.6,0,0,0.0,2869,1259.7664324341658
Data,569,-0.0,0.0,900.751092218934,0.0,1132.9089077810659,924.74,0.0,41.6,0,0,0.0,3000,1132.908907781066
Data,570,-0.0,0.0,1066.218847056834,0.0,969.3411529431661,961.64,0.0,195.8,0,0,0.0,3193,969.341152943166
Data,571,-0.0,0.0,934.7574115887342,0.0,1302.2225884112659,997.42,0.0,192.6,0,0,0.0,3427,1302.2225884112659
Data,572,0.0,0.0,727.1321361493342,0.0,1590.0478638506656,997.42,0.0,189.4,0,0,0.0,3504,1590.0478638506659
Data,573,0.0,0.0,620.5109143972342,0.0,1392.6661856027658,973.94,0.0,356.8829,0,0,0.0,3344,1392.6661856027658
Data,574,0.0,0.0,433.83967510323413,0.0,1558.6776248967658,966.11,0.0,250.3727,0,0,0.0,3209,1558.6776248967658
Data,575,0.0,0.0,788.8343047440341,0.0,725.815695255966,962.75,0.0,543.6,0,0,0.0,3021,725.8156952559659
Data,576,0.0,0.0,1146.172069607634,0.0,329.5779303923656,931.45,0.0,546.8,0,0,0.0,2954,329.57793039236594
Data,577,0.0,0.0,1094.2096592031344,0.0,319.25034079686577,900.14,0.0,540.4,0,0,0.0,2854,319.25034079686566
Data,578,0.0,0.0,1036.028252575834,0.0,435.951747424166,923.62,0.0,540.4,0,0,0.0,2936,435.9517474241661
Data,579,0.0,0.0,410.0491012417341,0.0,1178.900898758266,931.45,0.0,543.6,0,0,0.0,3064,1178.9008987582658
Data,580,0.0,0.0,234.44339583913415,0.0,1491.5266041608656,942.63,0.0,540.4,0,0,0.0,3209,1491.5266041608659
Data,581,0.0,0.0,221.20769166343413,0.0,1514.6423083365657,943.75,0.0,540.4,0,0,0.0,3220,1514.642308336566
Data,582,-0.0,0.0,186.51643001523416,0.0,1450.2535699847658,942.63,0.0,543.6,0,0,0.0,3123,1450.2535699847658
Data,583,-0.0,0.0,286.19854884833416,0.0,1442.2514511516656,938.15,0.0,540.4,0,0,0.0,3207,1442.2514511516658
Data,584,-0.0,0.0,441.3417519725342,0.0,1763.038248027466,948.22,0.0,38.4,0,0,0.0,3191,1763.0382480274657
Data,585,-0.0,0.0,345.7693545655342,0.0,1975.1606454344656,914.67,0.0,38.4,0,0,0.0,3274,1975.1606454344658
Data,586,-0.0,0.0,162.64043820153876,0.0,2348.7495617984614,880.01,0.0,41.6,0,0,0.0,3433,2348.7495617984614
Data,587,-0.0,0.0,156.0102044060589,0.0,2407.0,827.45,0.0,38.4,0,-106.13979559394073,0.0,3535,2513.139795593941
Data,588,-0.0,0.0,128.21675224463414,0.0,2407.0,821.86,0.0,38.4,0,-215.52324775536567,0.0,3611,2622.523247755366
Data,589,-0.0,0.0,134.48189773543413,0.0,2407.0,826.34,0.0,38.4,0,-13.778102264565632,0.0,3420,2420.778102264566
Data,590,-0.0,0.0,145.62813822253415,0.0,2368.771861777466,861.0,0.0,41.6,0,0,0.0,3417,2368.771861777466
Data,591,-0.0,0.0,194.96170117923413,0.0,2189.3682988207656,890.07,0.0,41.6,0,0,0.0,3316,2189.3682988207656
Data,592,-0.0,0.0,247.20639856323416,0.0,2161.8036014367653,891.19,0.0,44.8,0,0,0.0,3345,2161.803601436766
Data,593,-0.0,0.0,230.43902073843412,0.0,1720.9909792615658,926.97,0.0,543.6,0,0,0.0,3422,1720.9909792615658
Data,594,-0.0,0.0,197.88248997663413,0.0,1719.6775100233658,961.64,0.0,546.8,0,0,0.0,3426,1719.6775100233658
Data,595,-0.0,0.0,182.38942665513414,0.0,1817.180573344866,991.83,0.0,543.6,0,0,0.0,3535,1817.1805733448657
Data,596,0.0,0.0,387.22797440433413,0.0,1625.332025595666,1010.84,0.0,543.6,0,0,0.0,3567,1625.3320255956658
Data,597,0.0,0.0,718.2281768573341,0.0,1119.1018231426656,1013.07,0.0,543.6,0,0,0.0,3394,1119.1018231426658
Data,598,0.0,0.0,934.2431660862342,0.0,791.4368339137657,960.52,0.0,546.8,0,0,0.0,3233,791.4368339137659
Data,599,0.0,0.0,1058.473888148434,0.0,602.536111851566,940.39,0.0,543.6,0,0,0.0,3145,602.5361118515659
Data,600,0.0,0.0,1054.2103948614342,0.0,598.339605138566,925.85,0.0,543.6,0,0,0.0,3122,598.3396051385657
Data,601,0.0,0.0,1173.8460275477341,0.0,412.2039724522657,894.55,0.0,540.4,0,0,0.0,3021,412.20397245226593
Data,602,0.0,0.0,1245.7283578134343,0.0,414.4216421865659,901.25,0.0,543.6,0,0,0.0,3105,414.4216421865657
Data,603,0.0,0.0,1337.1648542284343,0.0,432.2851457715657,919.15,0.0,540.4,0,0,0.0,3229,432.2851457715658
Data,604,0.0,0.0,1341.411388086934,0.0,497.96861191306584,948.22,0.0,540.4,0,0,0.0,3328,497.96861191306596
Data,605,0.0,0.0,1252.5203275732342,0.0,588.9796724267659,947.1,0.0,540.4,0,0,0.0,3329,588.9796724267658
Data,606,-0.0,0.0,1275.2805810797345,0.0,715.3425189202657,948.22,0.0,303.1569,0,0,0.0,3242,715.3425189202655
Data,607,-0.0,0.0,1438.3634649360342,0.0,764.4965350639653,924.74,0.0,189.4,0,0,0.0,3317,764.4965350639658
Data,608,-0.0,0.0,1887.0395933147342,0.0,314.300406685266,920.26,0.0,189.4,0,0,0.0,3311,314.3004066852658
Data,609,-0.0,0.0,1494.4946670643344,0.0,983.6853329356655,874.42,0.0,189.4,0,0,0.0,3542,983.6853329356657
Data,610,-0.0,0.0,1020.3218900816341,0.0,1658.438109918366,838.64,0.0,192.6,0,0,0.0,3710,1658.4381099183659
Data,611,-0.0,0.0,812.9291426197341,0.0,1949.5008573802656,853.17,0.0,189.4,0,0,0.0,3805,1949.5008573802659
Data,612,-0.0,0.0,1407.7402055646344,0.0,1341.1197944353657,875.54,0.0,192.6,0,0,0.0,3817,1341.1197944353657
Data,613,-0.0,0.0,1499.0899574598343,0.0,1081.5100425401656,861.0,0.0,189.4,0,0,0.0,3631,1081.5100425401656
Data,614,-0.0,0.0,1519.0638540548343,0.0,769.1461459451658,891.19,0.0,543.6,0,0,0.0,3723,769.1461459451656
Data,615,-0.0,0.0,1087.0757879968342,0.0,1075.554212003166,926.97,0.0,540.4,0,0,0.0,3630,1075.554212003166
Data,616,-0.0,0.0,1126.9486334958342,0.0,893.761366504166,952.69,0.0,543.6,0,0,0.0,3517,893.7613665041657
Data,617,-0.0,0.0,1482.5728895043344,0.0,562.5271104956656,947.1,0.0,546.8,0,0,0.0,3539,562.5271104956656
Data,618,-0.0,0.0,1155.4706218524343,0.0,843.349378147566,970.58,0.0,543.6,0,0,0.0,3513,843.3493781475656
Data,619,-0.0,0.0,1121.5803079498342,0.0,995.8596920501656,981.76,0.0,546.8,0,0,0.0,3646,995.8596920501659
Data,620,0.0,0.0,1568.3276330836343,0.0,506.8923669163661,995.18,0.0,543.6,0,0,0.0,3614,506.89236691636575
Data,621,0.0,0.0,2245.3473068071344,0.0,0.0,1009.72,0.0,543.6,0,381.6673068071342,0.0,3417,-381.6673068071344
Data,622,0.0,0.0,2454.1357552534346,0.0,0.0,967.23,0.0,192.6,0,366.9657552534344,0.0,3247,-366.9657552534346
Data,623,0.0,0.0,2302.876190037535,0.0,0.0,933.68,0.0,543.6,0,695.1561900375344,0.0,3085,-695.1561900375348
Data,624,0.0,0.0,2347.2818360976344,0.0,0.0,907.96,0.0,546.8,0,774.0418360976345,0.0,3028,-774.0418360976344
Data,625,0.0,0.0,2175.927530402634,0.0,0.0,891.19,0.0,540.4,0,638.5175304026342,0.0,2969,-638.5175304026342
Data,626,0.0,0.0,2310.5891880707345,0.0,0.0,903.49,0.0,540.4,0,722.4791880707345,0.0,3032,-722.4791880707345
Data,627,0.0,0.0,2330.0665461800345,0.0,0.0,931.45,0.0,540.4,0,668.9165461800345,0.0,3133,-668.9165461800345
Data,628,0.0,0.0,1569.911300408034,0.0,165.78869959196584,971.7,0.0,543.6,0,0,0.0,3251,165.78869959196584
Data,629,0.0,0.0,1372.913873224234,0.0,372.51612677576566,976.17,0.0,540.4,0,0,0.0,3262,372.516126775766
Data,630,-0.0,0.0,1363.0093129314341,0.0,858.0606870685655,979.53,0.0,38.4,0,0,0.0,3239,858.0606870685659
Data,631,-0.0,0.0,2163.6641871414345,0.0,204.19581285856532,924.74,0.0,38.4,0,0,0.0,3331,204.19581285856552
Data,632,-0.0,0.0,2160.8965414654344,0.0,142.47345853456557,918.03,0.0,41.6,0,0,0.0,3263,142.4734585345656
Data,633,-0.0,0.0,2098.0839050824343,0.0,330.7360949175653,896.78,0.0,38.4,0,0,0.0,3364,330.73609491756577
Data,634,-0.0,0.0,2093.5779706713342,0.0,552.0520293286658,877.77,0.0,41.6,0,0,0.0,3565,552.0520293286658
Data,635,-0.0,0.0,2167.0420447646343,0.0,534.797955235366,858.76,0.0,38.4,0,0,0.0,3599,534.7979552353657
Data,636,-0.0,0.0,2300.6905321039344,0.0,340.5794678960657,881.13,0.0,41.6,0,0,0.0,3564,340.5794678960656
Data,637,-0.0,0.0,2377.1937949934345,0.0,93.56620500656538,887.84,0.0,38.4,0,0,0.0,3397,93.56620500656547
Data,638,-0.0,0.0,2431.766423119954,0.0,78.86357688004604,926.97,0.0,38.4,0,0,0.0,3476,78.86357688004577
Data,639,-0.0,0.0,2477.276984675481,0.0,0.0,941.51,0.0,38.4,0,80.1869846754806,0.0,3377,-80.18698467548089
Data,640,-0.0,0.0,2488.774268481149,0.0,0.0,964.99,0.0,44.8,0,105.56426848114916,0.0,3393,-105.5642684811492
Data,641,-0.0,0.0,2497.024871538738,0.0,0.0,996.3,0.0,41.6,0,61.92487153873736,0.0,3473,-61.924871538737854
Data,642,-0.0,0.0,2384.0676733024206,0.0,49.20232669757937,1004.13,0.0,41.6,0,0,0.0,3479,49.20232669757936
Data,643,-0.0,0.0,2239.9454994181106,0.0,340.7345005818897,1009.72,0.0,41.6,0,0,0.0,3632,340.7345005818894
Data,644,0.0,0.0,2152.5506781964905,0.0,457.35932180350954,1026.49,0.0,41.6,0,0,0.0,3678,457.3593218035095
Data,645,0.0,0.0,2103.5608968996376,0.0,322.289103100363,1036.55,0.0,41.6,0,0,0.0,3504,322.28910310036247
Data,646,0.0,0.0,2084.058290048857,0.0,178.3117099511428,991.83,0.0,44.8,0,0,0.0,3299,178.31170995114286
Data,647,0.0,0.0,2053.735832856844,0.0,90.91416714315639,962.75,0.0,41.6,0,0,0.0,3149,90.9141671431561
Data,648,0.0,0.0,2013.4273633051926,0.0,123.00263669480762,926.97,0.0,41.6,0,0,0.0,3105,123.00263669480742
Data,649,0.0,0.0,1886.4468738966,0.0,153.71312610339987,912.44,0.0,38.4,0,0,0.0,2991,153.71312610339996
Data,650,0.0,0.0,1928.5537135728002,0.0,163.42628642719978,923.62,0.0,38.4,0,0,0.0,3054,163.42628642719976
Data,651,0.0,0.0,1947.0271531710002,0.0,247.92284682899958,950.45,0.0,41.6,0,0,0.0,3187,247.92284682899972
Data,652,0.0,0.0,1979.4001399420004,0.0,323.96986005799954,967.23,0.0,38.4,0,0,0.0,3309,323.96986005799965
Data,653,0.0,0.0,2048.3313187520002,0.0,252.9786812479997,977.29,0.0,38.4,0,0,0.0,3317,252.9786812479998
Data,654,-0.0,0.0,2144.29356263,0.0,17.596437369999876,990.71,0.0,38.4,0,0,0.0,3191,17.59643736999997
Data,655,-0.0,0.0,2083.9677085941908,0.0,116.68229140580874,992.95,0.0,38.4,0,0,0.0,3232,116.6822914058092
Data,656,-0.0,0.0,1870.826353406227,0.0,286.183646593773,940.39,0.0,41.6,0,0,0.0,3139,286.1836465937729
Data,657,-0.0,0.0,1409.6457148864,0.0,953.4842851136002,865.47,0.0,38.4,0,0,0.0,3267,953.4842851136001
Data,658,-0.0,0.0,918.4628081402999,0.0,1631.2671918597002,840.87,0.0,38.4,0,0,0.0,3429,1631.2671918597
Data,659,-0.0,0.0,813.9195673475,0.0,1756.9304326524998,839.75,0.0,38.4,0,0,0.0,3449,1756.9304326525
Data,660,-0.0,0.0,556.7790199298416,0.0,2001.230980070158,866.59,0.0,38.4,0,0,0.0,3463,2001.2309800701582
Data,661,-0.0,0.0,727.2121739393517,0.0,1627.0378260606483,845.35,0.0,38.4,0,0,0.0,3238,1627.0378260606483
Data,662,-0.0,0.0,433.85483073465275,0.0,1953.095169265347,857.65,0.0,38.4,0,0,0.0,3283,1953.0951692653473
Data,663,-0.0,0.0,435.32688233294647,0.0,1898.4731176670537,885.6,0.0,41.6,0,0,0.0,3261,1898.4731176670534
Data,664,-0.0,0.0,370.3097135410233,0.0,1905.830286458977,920.26,0.0,41.6,0,0,0.0,3238,1905.8302864589766
Data,665,-0.0,0.0,568.8180824300166,0.0,1801.0019175699836,970.58,0.0,41.6,0,0,0.0,3382,1801.0019175699833
Data,666,-0.0,0.0,691.4851712733373,0.0,1555.8948287266624,972.82,0.0,195.8,0,0,0.0,3416,1555.8948287266626
Data,667,-0.0,0.0,525.564960305514,0.0,1861.8850396944858,992.95,0.0,192.6,0,0,0.0,3573,1861.885039694486
Data,668,-0.0,0.0,141.39678200560002,0.0,2234.1632179944,1010.84,0.0,192.6,0,0,0.0,3579,2234.1632179944
Data,669,0.0,0.0,732.5572464342999,0.0,1450.1827535657003,1018.66,0.0,192.6,0,0,0.0,3394,1450.1827535657
Data,670,0.0,0.0,599.7632833322,0.0,1440.5767166678002,994.06,0.0,192.6,0,0,0.0,3227,1440.5767166678002
Data,671,0.0,0.0,643.9492935081,0.0,1332.6007064918997,980.65,0.0,195.8,0,0,0.0,3153,1332.6007064919
Data,672,0.0,0.0,164.76665473769998,0.0,1843.5433452623,928.09,0.0,192.6,0,0,0.0,3129,1843.5433452623
Data,673,0.0,0.0,55.9641847335,0.0,1493.8858152665,943.75,0.0,540.4,0,0,0.0,3034,1493.8858152665
Data,674,0.0,0.0,689.7164293884999,0.0,898.3035706115,970.58,0.0,540.4,0,0,0.0,3099,898.3035706115
Data,675,0.0,0.0,830.2967037521738,0.0,894.1032962478263,984.0,0.0,543.6,0,0,0.0,3252,894.1032962478262
Data,676,0.0,0.0,870.0398336970001,0.0,979.9101663029998,999.65,0.0,540.4,0,0,0.0,3390,979.910166303
Data,677,0.0,0.0,529.0976571870999,0.0,1302.8523428129,999.65,0.0,540.4,0,0,0.0,3372,1302.8523428129001
Data,678,-0.0,0.0,485.01438019219995,0.0,1225.5356198078,975.05,0.0,540.4,0,0,0.0,3226,1225.5356198078002
Data,679,-0.0,0.0,708.3367841791999,0.0,900.5832158208002,933.68,0.0,540.4,0,0,0.0,3083,900.5832158208002
Data,680,-0.0,0.0,273.7358497077001,0.0,1214.3741502922999,903.49,0.0,540.4,0,0,0.0,2932,1214.3741502922999
Data,681,-0.0,0.0,156.0987312629,0.0,1854.9912687371002,892.31,0.0,192.6,0,0,0.0,3096,1854.9912687371
Data,682,-0.0,0.0,17.5328388999,0.0,1848.9471611001,862.12,0.0,540.4,0,0,0.0,3269,1848.9471611001
Data,683,-0.0,0.0,64.0752196177,0.0,1862.2947803823,844.23,0.0,540.4,0,0,0.0,3311,1862.2947803823
Data,684,-0.0,0.0,41.030292848799995,0.0,2187.7597071512,830.81,0.0,189.4,0,0,0.0,3249,2187.7597071512
Data,685,-0.0,0.0,81.57588160221067,0.0,1740.394118397789,819.63,0.0,540.4,0,0,0.0,3182,1740.3941183977893
Data,686,-0.0,0.0,89.23054263284926,0.0,1713.8594573671508,818.51,0.0,540.4,0,0,0.0,3162,1713.8594573671508
Data,687,-0.0,0.0,160.95526040109007,0.0,1542.92473959891,837.52,0.0,543.6,0,0,0.0,3085,1542.92473959891
Data,688,-0.0,0.0,79.20543974426137,0.0,1566.7845602557388,855.41,0.0,543.6,0,0,0.0,3045,1566.7845602557386
Data,689,-0.0,0.0,325.1519105590962,0.0,1376.468089440904,896.78,0.0,543.6,0,0,0.0,3142,1376.468089440904
Data,690,-0.0,0.0,221.26047912103786,0.0,1563.9795208789626,957.16,0.0,543.6,0,0,0.0,3286,1563.9795208789621
Data,691,-0.0,0.0,102.39988664353244,0.0,1852.8401133564678,957.16,0.0,543.6,0,0,0.0,3456,1852.8401133564676
Data,692,0.0,0.0,56.02096439498018,0.0,1962.56903560502,953.81,0.0,543.6,0,0,0.0,3516,1962.56903560502
Data,693,0.0,0.0,104.26446111586793,0.0,1802.155538884132,945.98,0.0,543.6,0,0,0.0,3396,1802.155538884132
Data,694,0.0,0.0,205.16259001586047,0.0,1558.7274099841397,941.51,0.0,543.6,0,0,0.0,3249,1558.7274099841395
Data,695,0.0,0.0,322.91554759489327,0.0,1307.7544524051068,905.73,0.0,543.6,0,0,0.0,3080,1307.7544524051068
Data,696,0.0,0.0,187.7845331298319,0.0,1449.815466870168,885.6,0.0,546.8,0,0,0.0,3070,1449.8154668701682
Data,697,0.0,0.0,120.2888545866355,0.0,1454.4211454133647,878.89,0.0,540.4,0,0,0.0,2994,1454.4211454133645
Data,698,0.0,0.0,101.19603897038786,0.0,1502.923961029612,884.48,0.0,540.4,0,0,0.0,3029,1502.9239610296122
Data,699,0.0,0.0,92.41756408873874,0.0,1587.6924359112613,903.49,0.0,540.4,0,0,0.0,3124,1587.6924359112613
Data,700,0.0,0.0,111.6770194464318,0.0,1678.252980553568,914.67,0.0,540.4,0,0,0.0,3245,1678.2529805535682
Data,701,0.0,0.0,116.34097339625112,0.0,1670.0590266037489,910.2,0.0,540.4,0,0,0.0,3237,1670.0590266037489
Data,702,-0.0,0.0,187.66685870690728,0.0,1536.8631412930924,890.07,0.0,540.4,0,0,0.0,3155,1536.8631412930927
Data,703,-0.0,0.0,243.9462345970096,0.0,1817.3437654029904,892.31,0.0,38.4,0,0,0.0,2992,1817.3437654029904
Data,704,-0.0,0.0,300.77020572842196,0.0,1555.6997942715777,881.13,0.0,38.4,0,0,0.0,2776,1555.699794271578
Data,705,-0.0,0.0,477.9208593503355,0.0,1503.5091406496645,853.17,0.0,38.4,0,0,0.0,2873,1503.5091406496645
Data,706,-0.0,0.0,807.8110505043298,0.0,1302.67894949567,843.11,0.0,38.4,0,0,0.0,2992,1302.6789494956702
Data,707,-0.0,0.0,940.7011747293,0.0,1229.1488252707,820.75,0.0,38.4,0,0,0.0,3029,1229.1488252707
Data,708,-0.0,0.0,969.5026220242999,0.0,1257.7873779757,769.31,0.0,38.4,0,0,0.0,3035,1257.7873779757
Data,709,-0.0,0.0,1024.7211421803,0.0,1150.6288578197,759.25,0.0,38.4,0,0,0.0,2973,1150.6288578197
Data,710,-0.0,0.0,1049.4022849125754,0.0,1018.567715087425,770.43,0.0,41.6,0,0,0.0,2880,1018.5677150874246
Data,711,-0.0,0.0,991.241339596633,0.0,967.0786604033672,786.08,0.0,41.6,0,0,0.0,2786,967.0786604033669
Data,712,-0.0,0.0,714.6536600317905,0.0,1275.8263399682096,812.92,0.0,41.6,0,0,0.0,2845,1275.8263399682096
Data,713,-0.0,0.0,654.173364755188,0.0,1468.346635244812,859.88,0.0,41.6,0,0,0.0,3024,1468.346635244812
Data,714,-0.0,0.0,518.5608972300984,0.0,1549.4591027699016,921.38,0.0,192.6,0,0,0.0,3182,1549.4591027699016
Data,715,-0.0,0.0,681.8632100020303,0.0,1189.3267899979696,929.21,0.0,543.6,0,0,0.0,3344,1189.3267899979696
Data,716,-0.0,0.0,775.3487235554535,0.0,1549.4912764445467,932.56,0.0,192.6,0,0,0.0,3450,1549.4912764445467
Data,717,0.0,0.0,967.0968729016283,0.0,858.7431270983718,932.56,0.0,543.6,0,0,0.0,3302,858.7431270983717
Data,718,0.0,0.0,1042.7219601393422,0.0,636.0980398606577,921.38,0.0,546.8,0,0,0.0,3147,636.0980398606579
Data,719,0.0,0.0,1464.136558171662,0.0,111.67344182833799,866.59,0.0,543.6,0,0,0.0,2986,111.6734418283379
Data,720,0.0,0.0,1432.1714451095497,0.0,555.2185548904502,806.21,0.0,189.4,0,0,0.0,2983,555.2185548904503
Data,721,0.0,0.0,1509.9228333507624,0.0,432.18716664923755,780.49,0.0,189.4,0,0,0.0,2912,432.1871666492376
Data,722,0.0,0.0,1298.172345790541,0.0,675.687654209459,801.74,0.0,189.4,0,0,0.0,2965,675.6876542094591
Data,723,0.0,0.0,1074.1677321041702,0.0,939.5522678958296,859.88,0.0,189.4,0,0,0.0,3063,939.5522678958298
Data,724,0.0,0.0,820.579888559787,0.0,1279.2501114402128,877.77,0.0,189.4,0,0,0.0,3167,1279.250111440213
Data,725,0.0,0.0,1003.9314586891315,0.0,1058.2385413108684,893.43,0.0,189.4,0,0,0.0,3145,1058.2385413108684
Data,726,-0.0,0.0,814.1322871634712,0.0,1187.477712836529,891.19,0.0,186.2,0,0,0.0,3079,1187.4777128365288
Data,727,-0.0,0.0,888.5549353550032,0.0,1171.6350646449966,855.41,0.0,38.4,0,0,0.0,2954,1171.6350646449969
Data,728,-0.0,0.0,697.7771951463532,0.0,1287.182804853647,838.64,0.0,38.4,0,0,0.0,2862,1287.1828048536468
Data,729,-0.0,0.0,311.08204054450005,0.0,1891.6379594555,786.08,0.0,35.2,0,0,0.0,3024,1891.6379594554999
Data,730,-0.0,0.0,584.9967230101001,0.0,1657.4632769899,777.14,0.0,38.4,0,0,0.0,3058,1657.4632769899
Data,731,-0.0,0.0,195.06358357226912,0.0,2104.236416427731,750.3,0.0,38.4,0,0,0.0,3088,2104.236416427731
Data,732,-0.0,0.0,243.80725004005498,0.0,2080.852749959945,727.94,0.0,38.4,0,0,0.0,3091,2080.852749959945
Data,733,-0.0,0.0,476.3605164982455,0.0,1901.6694835017543,705.57,0.0,38.4,0,0,0.0,3122,1901.6694835017545
Data,734,-0.0,0.0,572.7799477594001,0.0,1822.1200522405995,725.7,0.0,38.4,0,0,0.0,3159,1822.1200522405998
Data,735,-0.0,0.0,385.44363960477307,0.0,1830.3463603952268,732.41,0.0,195.8,0,0,0.0,3144,1830.3463603952268
Data,736,-0.0,0.0,406.4561075828876,0.0,1387.5038924171124,789.44,0.0,543.6,0,0,0.0,3127,1387.5038924171122
Data,737,-0.0,0.0,527.2820074462115,0.0,1213.687992553789,893.43,0.0,543.6,0,0,0.0,3178,1213.6879925537885
Data,738,-0.0,0.0,480.48371609089736,0.0,1335.9562839091027,957.16,0.0,540.4,0,0,0.0,3314,1335.9562839091027
Data,739,-0.0,0.0,649.5136872885906,0.0,1305.1863127114093,971.7,0.0,543.6,0,0,0.0,3470,1305.1863127114093
Data,740,-0.0,0.0,1158.068243921148,0.0,820.8117560788521,960.52,0.0,543.6,0,0,0.0,3483,820.811756078852
Data,741,-0.0,0.0,868.3684101154378,0.0,999.8115898845623,948.22,0.0,543.6,0,0,0.0,3360,999.8115898845622
Data,742,0.0,0.0,1678.5461705031703,0.0,43.533829496829675,911.32,0.0,543.6,0,0,0.0,3177,43.53382949682964
Data,743,0.0,0.0,1076.7033523489547,0.0,529.7566476510455,850.94,0.0,543.6,0,0,0.0,3001,529.7566476510452
Data,744,0.0,0.0,1166.6175714067153,0.0,495.8124285932848,803.97,0.0,543.6,0,0,0.0,3010,495.8124285932846
Data,745,0.0,0.0,1056.8781097789579,0.0,879.391890221042,807.33,0.0,189.4,0,0,0.0,2933,879.3918902210421
Data,746,0.0,0.0,774.2752324622535,0.0,1187.0947675377465,844.23,0.0,189.4,0,0,0.0,2995,1187.0947675377465
Data,747,0.0,0.0,1082.9982121362495,0.0,660.9617878637504,838.64,0.0,540.4,0,0,0.0,3123,660.9617878637505
Data,748,0.0,0.0,1063.2681354935116,0.0,1122.581864506489,869.95,0.0,186.2,0,0,0.0,3242,1122.5818645064883
Data,749,0.0,0.0,795.0087269139918,0.0,1032.2312730860078,883.36,0.0,540.4,0,0,0.0,3251,1032.231273086008
Data,750,-0.0,0.0,485.11136990333955,0.0,1704.8386300966602,876.65,0.0,189.4,0,0,0.0,3256,1704.8386300966604
Data,751,-0.0,0.0,684.6924242469595,0.0,1681.2775757530403,819.63,0.0,38.4,0,0,0.0,3224,1681.2775757530405
Data,752,-0.0,0.0,770.3007906194124,0.0,1508.2592093805877,814.04,0.0,38.4,0,0,0.0,3131,1508.2592093805877
Data,753,-0.0,0.0,299.6248071408822,0.0,2156.925192859118,759.25,0.0,35.2,0,0,0.0,3251,2156.925192859118
Data,754,-0.0,0.0,423.82889842295697,0.0,2135.481101577043,731.29,0.0,38.4,0,0,0.0,3329,2135.481101577043
Data,755,-0.0,0.0,368.04685651126977,0.0,2145.73314348873,726.82,0.0,38.4,0,0,0.0,3279,2145.73314348873
Data,756,-0.0,0.0,606.2438715056771,0.0,1915.0461284943228,720.11,0.0,41.6,0,0,0.0,3283,1915.0461284943228
Data,757,-0.0,0.0,1104.2492951149375,0.0,1306.0107048850623,703.34,0.0,38.4,0,0,0.0,3152,1306.0107048850625
Data,758,-0.0,0.0,566.1334557806341,0.0,1780.7965442193663,742.47,0.0,41.6,0,0,0.0,3131,1780.7965442193658
Data,759,-0.0,0.0,697.0206487858703,0.0,1659.7893512141295,743.59,0.0,41.6,0,0,0.0,3142,1659.7893512141297
Data,760,-0.0,0.0,1213.164331817934,0.0,1086.0356681820658,787.2,0.0,41.6,0,0,0.0,3128,1086.035668182066
Data,761,-0.0,0.0,797.0275682389341,0.0,1575.4224317610656,869.95,0.0,41.6,0,0,0.0,3284,1575.4224317610658
Data,762,-0.0,0.0,1001.2703143431341,0.0,1427.1596856568663,926.97,0.0,41.6,0,0,0.0,3397,1427.1596856568658
Data,763,-0.0,0.0,1409.2466325353344,0.0,937.0033674646658,938.15,0.0,192.6,0,0,0.0,3477,937.0033674646656
Data,764,-0.0,0.0,1737.8075182980338,0.0,671.2024817019663,940.39,0.0,192.6,0,0,0.0,3542,671.2024817019662
Data,765,0.0,0.0,1644.587063935734,0.0,646.8929360642654,886.72,0.0,195.8,0,0,0.0,3374,646.892936064266
Data,766,0.0,0.0,1993.529466402134,0.0,139.0405335978661,868.83,0.0,192.6,0,0,0.0,3194,139.04053359786602
Data,767,0.0,0.0,2306.6175560127344,0.0,0.0,846.46,0.0,192.6,0,317.67755601273427,0.0,3028,-317.6775560127345
Data,768,0.0,0.0,2407.023623491434,0.0,0.0,786.08,0.0,192.6,0,395.70362349143386,0.0,2990,-395.7036234914342
Data,769,0.0,0.0,2283.0580928366344,0.0,0.0,759.25,0.0,189.4,0,344.70809283663436,0.0,2887,-344.70809283663436
Data,770,0.0,0.0,2193.8257497332343,0.0,0.0,777.14,0.0,189.4,0,197.3657497332341,0.0,2963,-197.36574973323425
Data,771,0.0,0.0,2313.6287491246344,0.0,0.0,795.03,0.0,192.6,0,215.2587491246344,0.0,3086,-215.25874912463436
Data,772,0.0,0.0,2309.1958314559342,0.0,0.0,854.29,0.0,189.4,0,183.88583145593418,0.0,3169,-183.8858314559342
Data,773,0.0,0.0,2138.9602035244343,0.0,0.0,867.71,0.0,189.4,0,13.070203524434305,0.0,3183,-13.070203524434334
Data,774,-0.0,0.0,2029.5501514239345,0.0,79.69984857606562,845.35,0.0,189.4,0,0,0.0,3144,79.69984857606548
Data,775,-0.0,0.0,1716.5480567389345,0.0,471.60194326106523,827.45,0.0,38.4,0,0,0.0,3054,471.60194326106546
Data,776,-0.0,0.0,1810.391254758241,0.0,195.82874524175872,798.38,0.0,38.4,0,0,0.0,2843,195.82874524175892
Data,777,-0.0,0.0,1784.4996288821762,0.0,366.58037111782363,714.52,0.0,38.4,0,0,0.0,2904,366.5803711178238
Data,778,-0.0,0.0,1584.190147794486,0.0,717.659852205514,697.75,0.0,38.4,0,0,0.0,3038,717.6598522055141
Data,779,-0.0,0.0,1849.6393231087427,0.0,473.8606768912573,701.1,0.0,38.4,0,0,0.0,3063,473.8606768912573
Data,780,-0.0,0.0,1542.3164621720034,0.0,777.6035378279967,687.68,0.0,38.4,0,0,0.0,3046,777.6035378279967
Data,781,-0.0,0.0,1405.0745490093964,0.0,799.1454509906034,675.38,0.0,38.4,0,0,0.0,2918,799.1454509906036
Data,782,-0.0,0.0,1474.6408497459179,0.0,599.4791502540821,712.28,0.0,41.6,0,0,0.0,2828,599.4791502540821
Data,783,-0.0,0.0,1292.8849177320985,0.0,747.9050822679013,732.41,0.0,44.8,0,0,0.0,2818,747.9050822679015
Data,784,-0.0,0.0,929.2416547776902,0.0,1122.2383452223098,812.92,0.0,41.6,0,0,0.0,2906,1122.2383452223098
Data,785,-0.0,0.0,320.7555573810881,0.0,1844.4744426189118,853.17,0.0,41.6,0,0,0.0,3060,1844.474442618912
Data,786,-0.0,0.0,421.7628456091415,0.0,1853.1371543908585,922.5,0.0,41.6,0,0,0.0,3239,1853.1371543908585
Data,787,-0.0,0.0,1254.7918454014082,0.0,1101.0981545985921,941.51,0.0,41.6,0,0,0.0,3339,1101.098154598592
Data,788,-0.0,0.0,1435.4271808532208,0.0,854.7128191467797,920.26,0.0,192.6,0,0,0.0,3403,854.7128191467792
Data,789,-0.0,0.0,1625.5525838139542,0.0,580.7174161860456,881.13,0.0,192.6,0,0,0.0,3280,580.7174161860457
Data,790,0.0,0.0,1724.2901595646395,0.0,371.69984043536084,855.41,0.0,192.6,0,0,0.0,3144,371.69984043536056
Data,791,0.0,0.0,1413.3308716287331,0.0,611.3691283712667,799.5,0.0,195.8,0,0,0.0,3020,611.3691283712669
Data,792,0.0,0.0,1374.2300298246394,0.0,684.2799701753609,755.89,0.0,192.6,0,0,0.0,3007,684.2799701753606
Data,793,0.0,0.0,1421.9673273427002,0.0,551.3326726572998,750.3,0.0,189.4,0,0,0.0,2913,551.3326726572999
Data,794,0.0,0.0,1190.8632111431,0.0,819.5467888568999,768.19,0.0,189.4,0,0,0.0,2968,819.5467888569
Data,795,0.0,0.0,1028.8974832025,0.0,1055.0825167975,800.62,0.0,189.4,0,0,0.0,3074,1055.0825167975
Data,796,0.0,0.0,675.2543729222,0.0,1612.8156270777997,856.53,0.0,38.4,0,0,0.0,3183,1612.8156270778
Data,797,0.0,0.0,599.8971019922767,0.0,1664.6728980077232,868.83,0.0,41.6,0,0,0.0,3175,1664.6728980077232
Data,798,-0.0,0.0,594.6078493861,0.0,1673.8021506138998,891.19,0.0,38.4,0,0,0.0,3198,1673.8021506138998
Data,799,-0.0,0.0,326.0446839212,0.0,2032.2953160788002,797.26,0.0,38.4,0,0,0.0,3194,2032.2953160788
Data,800,-0.0,0.0,353.5318814641,0.0,1905.1581185359,793.91,0.0,38.4,0,0,0.0,3091,1905.1581185359
Data,801,-0.0,0.0,1113.9529408485,0.0,1337.0370591514998,781.61,0.0,38.4,0,0,0.0,3271,1337.0370591515
Data,802,-0.0,0.0,944.5165777322002,0.0,1621.0334222678,729.05,0.0,38.4,0,0,0.0,3333,1621.0334222677998
Data,803,-0.0,0.0,929.0543099061842,0.0,1460.1256900938163,702.22,0.0,41.6,0,0,0.0,3133,1460.1256900938158
Data,804,-0.0,0.0,894.1346003444376,0.0,1242.8653996555624,713.4,0.0,41.6,0,0,0.0,2892,1242.8653996555624
Data,805,-0.0,0.0,814.187720098368,0.0,1166.312279901632,701.1,0.0,38.4,0,0,0.0,2720,1166.3122799016319
Data,806,-0.0,0.0,832.7294124278745,0.0,1162.0905875721257,724.58,0.0,41.6,0,0,0.0,2761,1162.0905875721255
Data,807,-0.0,0.0,270.09172369927586,0.0,1766.038276300724,742.47,0.0,38.4,0,0,0.0,2817,1766.0382763007242
Data,808,-0.0,0.0,322.63723018684595,0.0,1707.3727698131538,768.19,0.0,44.8,0,0,0.0,2843,1707.372769813154
Data,809,-0.0,0.0,358.1985143881001,0.0,1758.1614856119,814.04,0.0,41.6,0,0,0.0,2972,1758.1614856119
Data,810,-0.0,0.0,300.18221415330004,0.0,1948.0677858467,888.95,0.0,44.8,0,0,0.0,3182,1948.0677858467
Data,811,-0.0,0.0,187.56191697116034,0.0,2090.17808302884,895.66,0.0,192.6,0,0,0.0,3366,2090.17808302884
Data,812,-0.0,0.0,64.34710753548802,0.0,2342.3928924645124,895.66,0.0,192.6,0,0,0.0,3495,2342.392892464512
Data,813,-0.0,0.0,76.10901041607423,0.0,2185.3109895839257,896.78,0.0,195.8,0,0,0.0,3354,2185.3109895839257
Data,814,0.0,0.0,121.6887109479,0.0,2024.7012890521003,880.01,0.0,192.6,0,0,0.0,3219,2024.7012890521
Data,815,0.0,0.0,218.95545643324468,0.0,1842.974543566755,816.27,0.0,195.8,0,0,0.0,3074,1842.9745435667553
Data,816,0.0,0.0,264.15317589674925,0.0,1812.4668241032507,773.78,0.0,192.6,0,0,0.0,3043,1812.4668241032507
Data,817,0.0,0.0,510.9478988947713,0.0,1500.3421011052287,769.31,0.0,189.4,0,0,0.0,2970,1500.3421011052287
Data,818,0.0,0.0,378.4688382358093,0.0,1651.7811617641908,796.15,0.0,192.6,0,0,0.0,3019,1651.7811617641908
Data,819,0.0,0.0,732.4779397027764,0.0,1411.2120602972236,793.91,0.0,189.4,0,0,0.0,3127,1411.2120602972236
Data,820,0.0,0.0,1508.8388604273391,0.0,716.2911395726609,816.27,0.0,192.6,0,0,0.0,3234,716.2911395726609
Data,821,0.0,0.0,1722.992973107218,0.0,466.85702689278185,839.75,0.0,189.4,0,0,0.0,3219,466.8570268927821
Data,822,-0.0,0.0,1757.3439277598868,0.0,372.26607224011286,841.99,0.0,189.4,0,0,0.0,3161,372.2660722401132
Data,823,-0.0,0.0,1896.5316348061428,0.0,265.8883651938572,822.98,0.0,41.6,0,0,0.0,3027,265.8883651938571
Data,824,-0.0,0.0,1766.8403222533793,0.0,179.42967774662054,807.33,0.0,38.4,0,0,0.0,2792,179.42967774662063
Data,825,-0.0,0.0,887.1260564449946,0.0,1129.7239435550055,771.55,0.0,41.6,0,0,0.0,2830,1129.7239435550055
Data,826,-0.0,0.0,312.8859447458659,0.0,1925.4540552541343,674.26,0.0,38.4,0,0,0.0,2951,1925.4540552541341
Data,827,-0.0,0.0,231.7960896928504,0.0,1967.3639103071496,666.44,0.0,38.4,0,0,0.0,2904,1967.3639103071496
Data,828,-0.0,0.0,177.524242816458,0.0,1953.4357571835421,666.44,0.0,41.6,0,0,0.0,2839,1953.435757183542
Data,829,-0.0,0.0,153.8211582551892,0.0,1874.2288417448108,648.55,0.0,38.4,0,0,0.0,2715,1874.2288417448108
Data,830,-0.0,0.0,107.62892350644482,0.0,1825.1010764935552,668.67,0.0,41.6,0,0,0.0,2643,1825.1010764935552
Data,831,-0.0,0.0,112.69452638545553,0.0,1775.5054736145446,664.2,0.0,41.6,0,0,0.0,2594,1775.5054736145444
Data,832,-0.0,0.0,122.69958144536666,0.0,1746.7404185546332,735.76,0.0,44.8,0,0,0.0,2650,1746.7404185546334
Data,833,-0.0,0.0,159.9459876383853,0.0,1858.1840123616148,816.27,0.0,41.6,0,0,0.0,2876,1858.1840123616148
Data,834,-0.0,0.0,356.3469269109558,0.0,1628.1030730890443,888.95,0.0,192.6,0,0,0.0,3066,1628.103073089044
Data,835,-0.0,0.0,727.7700411411901,0.0,1396.3399588588095,928.09,0.0,195.8,0,0,0.0,3248,1396.33995885881
Data,836,-0.0,0.0,951.2018383394914,0.0,1314.6381616605088,932.56,0.0,192.6,0,0,0.0,3391,1314.6381616605088
Data,837,0.0,0.0,1009.8620905590586,0.0,1145.6879094409414,906.85,0.0,192.6,0,0,0.0,3255,1145.6879094409414
Data,838,0.0,0.0,1113.066921978949,0.0,901.393078021051,850.94,0.0,192.6,0,0,0.0,3058,901.3930780210509
Data,839,0.0,0.0,1272.7174691273835,0.0,584.4325308726163,833.05,0.0,195.8,0,0,0.0,2886,584.4325308726166
Data,840,0.0,0.0,1195.340448965583,0.0,662.099551034417,784.96,0.0,192.6,0,0,0.0,2835,662.099551034417
Data,841,0.0,0.0,1212.0270029393141,0.0,284.20299706068585,779.37,0.0,540.4,0,0,0.0,2816,284.2029970606859
Data,842,0.0,0.0,1359.1117354300202,0.0,171.51826456997964,803.97,0.0,540.4,0,0,0.0,2875,171.5182645699798
Data,843,0.0,0.0,1515.4060880365096,0.0,116.70391196349055,854.29,0.0,543.6,0,0,0.0,3030,116.70391196349044
Data,844,0.0,0.0,1842.1253995498002,0.0,0.0,890.07,0.0,540.4,0,136.5953995498005,0.0,3136,-136.59539954980028
Data,845,0.0,0.0,1894.2299812969002,0.0,0.0,886.72,0.0,540.4,0,162.3499812969003,0.0,3159,-162.34998129690018
Data,846,-0.0,0.0,1929.104508414233,0.0,0.0,875.54,0.0,543.6,0,227.24450841423288,0.0,3121,-227.24450841423288
Data,847,-0.0,0.0,1970.2600895972337,0.0,222.29991040276616,814.04,0.0,38.4,0,0,0.0,3045,222.29991040276636
Data,848,-0.0,0.0,1977.7131925099363,0.0,108.03680749006358,802.85,0.0,38.4,0,0,0.0,2927,108.03680749006364
Data,849,-0.0,0.0,1165.6412446089764,0.0,1098.5087553910237,778.25,0.0,41.6,0,0,0.0,3084,1098.5087553910237
Data,850,-0.0,0.0,318.07167263959224,0.0,2104.8783273604076,753.65,0.0,38.4,0,0,0.0,3215,2104.8783273604076
Data,851,-0.0,0.0,120.24275487066834,0.0,2325.557245129332,762.6,0.0,41.6,0,0,0.0,3250,2325.5572451293315
Data,852,-0.0,0.0,178.64279455667574,0.0,2285.427205443324,733.53,0.0,38.4,0,0,0.0,3236,2285.4272054433245
Data,853,-0.0,0.0,194.92493284493492,0.0,2154.515067155065,711.16,0.0,38.4,0,0,0.0,3099,2154.515067155065
Data,854,-0.0,0.0,245.79726213018301,0.0,2105.562737869817,740.24,0.0,38.4,0,0,0.0,3130,2105.562737869817
Data,855,-0.0,0.0,360.6668016180518,0.0,1966.0231983819483,744.71,0.0,41.6,0,0,0.0,3113,1966.023198381948
Data,856,-0.0,0.0,163.32056798011743,0.0,2189.959432019882,788.32,0.0,38.4,0,0,0.0,3180,2189.9594320198826
Data,857,-0.0,0.0,127.54086525204536,0.0,2332.8291347479544,844.23,0.0,38.4,0,0,0.0,3343,2332.8291347479544
Data,858,-0.0,0.0,112.03983040589912,0.0,2148.170169594101,891.19,0.0,192.6,0,0,0.0,3344,2148.170169594101
Data,859,-0.0,0.0,102.7391909678,0.0,2180.8708090322,915.79,0.0,192.6,0,0,0.0,3392,2180.8708090322
Data,860,-0.0,0.0,142.0467526889,0.0,2167.2532473110996,897.9,0.0,195.8,0,0,0.0,3403,2167.2532473111
Data,861,0.0,0.0,347.69694147390004,0.0,1772.5630585261001,900.14,0.0,192.6,0,0,0.0,3213,1772.5630585261
Data,862,0.0,0.0,487.6309394479,0.0,1509.2290605521002,875.54,0.0,192.6,0,0,0.0,3065,1509.2290605521
Data,863,0.0,0.0,694.1665388485,0.0,1194.3334611514997,848.7,0.0,195.8,0,0,0.0,2933,1194.3334611515
Data,864,0.0,0.0,473.58944809966806,0.0,1427.840551900332,803.97,0.0,192.6,0,0,0.0,2898,1427.840551900332
Data,865,0.0,0.0,642.8005933711005,0.0,1171.6494066288994,815.15,0.0,189.4,0,0,0.0,2819,1171.6494066288994
Data,866,0.0,0.0,552.1522475628545,0.0,1278.6077524371458,838.64,0.0,192.6,0,0,0.0,2862,1278.6077524371456
Data,867,0.0,0.0,1043.5851851087184,0.0,903.3648148912815,857.65,0.0,189.4,0,0,0.0,2994,903.3648148912816
Data,868,0.0,0.0,826.762879233245,0.0,1158.177120766755,895.66,0.0,189.4,0,0,0.0,3070,1158.177120766755
Data,869,0.0,0.0,1013.2601696009763,0.0,948.4298303990238,916.91,0.0,189.4,0,0,0.0,3068,948.4298303990238
Data,870,-0.0,0.0,736.8476009233813,0.0,1131.7923990766185,907.96,0.0,189.4,0,0,0.0,2966,1131.7923990766187
Data,871,-0.0,0.0,717.9290560124987,0.0,1187.8509439875008,849.82,0.0,38.4,0,0,0.0,2794,1187.8509439875013
Data,872,-0.0,0.0,839.9823189779294,0.0,1036.9276810220706,829.69,0.0,38.4,0,0,0.0,2745,1036.9276810220706
Data,873,-0.0,0.0,784.4251314988484,0.0,1230.2048685011516,803.97,0.0,38.4,0,0,0.0,2857,1230.2048685011516
Data,874,-0.0,0.0,715.0962339543862,0.0,1506.7537660456142,790.55,0.0,41.6,0,0,0.0,3054,1506.753766045614
Data,875,-0.0,0.0,657.9421532144098,0.0,1659.3378467855898,788.32,0.0,38.4,0,0,0.0,3144,1659.33784678559
Data,876,-0.0,0.0,646.2707569781323,0.0,1744.0792430218676,759.25,0.0,38.4,0,0,0.0,3188,1744.0792430218676
Data,877,-0.0,0.0,650.2264699482895,0.0,1696.6035300517103,754.77,0.0,38.4,0,0,0.0,3140,1696.6035300517105
Data,878,-0.0,0.0,635.818236858134,0.0,1775.0017631418657,773.78,0.0,38.4,0,0,0.0,3223,1775.001763141866
Data,879,-0.0,0.0,658.5958915231688,0.0,1669.974108476831,795.03,0.0,38.4,0,0,0.0,3162,1669.9741084768311
Data,880,-0.0,0.0,879.8547084514192,0.0,1366.445291548581,824.1,0.0,41.6,0,0,0.0,3112,1366.4452915485808
Data,881,-0.0,0.0,888.4860872571342,0.0,1306.5639127428658,845.35,0.0,192.6,0,0,0.0,3233,1306.5639127428658
Data,882,-0.0,0.0,1157.4707344528554,0.0,1064.9792655471445,888.95,0.0,192.6,0,0,0.0,3304,1064.9792655471447
Data,883,-0.0,0.0,1158.3432383869806,0.0,1081.9667616130193,928.09,0.0,192.6,0,0,0.0,3361,1081.9667616130193
Data,884,-0.0,0.0,1337.47383870159,0.0,946.6761612984101,901.25,0.0,192.6,0,0,0.0,3378,946.67616129841
Data,885,0.0,0.0,832.6323829272648,0.0,1243.0376170727352,905.73,0.0,192.6,0,0,0.0,3174,1243.0376170727352
Data,886,0.0,0.0,1160.2740908095557,0.0,739.7559091904445,902.37,0.0,192.6,0,0,0.0,2995,739.7559091904443
Data,887,0.0,0.0,1554.6467956138424,0.0,234.57320438615793,872.18,0.0,192.6,0,0,0.0,2854,234.57320438615764
Data,888,0.0,0.0,1583.4332920966408,0.0,198.73670790335927,844.23,0.0,192.6,0,0,0.0,2819,198.7367079033592
Data,889,0.0,0.0,1673.3196262735341,0.0,247.35037372646582,831.93,0.0,38.4,0,0,0.0,2791,247.3503737264659
Data,890,0.0,0.0,1577.814881310534,0.0,378.95511868946585,868.83,0.0,38.4,0,0,0.0,2864,378.95511868946596
Data,891,0.0,0.0,1315.736548729134,0.0,733.5534512708658,892.31,0.0,38.4,0,0,0.0,2980,733.553451270866
Data,892,0.0,0.0,1101.7887849047343,0.0,988.6012150952657,929.21,0.0,38.4,0,0,0.0,3058,988.6012150952657
Data,893,0.0,0.0,1579.6435309420344,0.0,498.8064690579655,919.15,0.0,38.4,0,0,0.0,3036,498.8064690579656
Data,894,-0.0,0.0,1753.2606291903344,0.0,223.2493708096655,928.09,0.0,38.4,0,0,0.0,2943,223.24937080966558
Data,895,-0.0,0.0,1768.8498126254344,0.0,46.41018737456545,949.34,0.0,38.4,0,0,0.0,2803,46.410187374565545
Data,896,-0.0,0.0,1757.581871661434,0.0,0.0,948.22,0.0,38.4,0,101.20187166143421,0.0,2643,-101.20187166143401
Data,897,-0.0,0.0,1761.5930090634342,0.0,0.0,939.27,0.0,41.6,0,26.463009063434015,0.0,2716,-26.46300906343422
Data,898,-0.0,0.0,1649.8738995132344,0.0,201.81610048676578,916.91,0.0,38.4,0,0,0.0,2807,201.81610048676563
Data,899,-0.0,0.0,1577.678173415134,0.0,331.4218265848657,922.5,0.0,38.4,0,0,0.0,2870,331.4218265848659
Data,900,-0.0,0.0,1596.2716912762344,0.0,279.06830872376565,920.26,0.0,38.4,0,0,0.0,2834,279.06830872376565
Data,901,-0.0,0.0,1551.6880026714343,0.0,306.66199732856546,901.25,0.0,38.4,0,0,0.0,2798,306.6619973285657
Data,902,-0.0,0.0,1227.4231220152342,0.0,451.50687798476554,914.67,0.0,38.4,0,0,0.0,2632,451.5068779847659
Data,903,-0.0,0.0,1288.5492412202343,0.0,389.40075877976585,931.45,0.0,41.6,0,0,0.0,2651,389.4007587797656
Data,904,-0.0,0.0,1387.2033817290344,0.0,327.74661827096577,950.45,0.0,41.6,0,0,0.0,2707,327.74661827096554
Data,905,-0.0,0.0,1369.4141194760346,0.0,434.33588052396556,980.65,0.0,41.6,0,0,0.0,2826,434.33588052396544
Data,906,-0.0,0.0,1448.1495227269343,0.0,573.960477273066,977.29,0.0,41.6,0,0,0.0,3041,573.9604772730657
Data,907,-0.0,0.0,971.6324969986342,0.0,1198.0075030013659,981.76,0.0,41.6,0,0,0.0,3193,1198.0075030013659
Data,908,-0.0,0.0,502.24382617375727,0.0,1798.3361738262427,972.82,0.0,41.6,0,0,0.0,3315,1798.3361738262427
Data,909,0.0,0.0,708.8041089129218,0.0,1470.2458910870782,968.35,0.0,41.6,0,0,0.0,3189,1470.2458910870782
Data,910,0.0,0.0,922.0707482293911,0.0,981.1992517706088,954.93,0.0,195.8,0,0,0.0,3054,981.199251770609
Data,911,0.0,0.0,581.909576671001,0.0,1220.630423328999,944.86,0.0,192.6,0,0,0.0,2940,1220.630423328999
Data,912,0.0,0.0,412.7490219803512,0.0,1386.7009780196488,888.95,0.0,192.6,0,0,0.0,2881,1386.7009780196488
Data,913,0.0,0.0,962.4873572214659,0.0,808.6926427785339,874.42,0.0,189.4,0,0,0.0,2835,808.6926427785342
Data,914,0.0,0.0,1066.177614517303,0.0,747.9323854826969,903.49,0.0,189.4,0,0,0.0,2907,747.932385482697
Data,915,0.0,0.0,1233.1863806261747,0.0,725.9236193738251,903.49,0.0,189.4,0,0,0.0,3052,725.9236193738253
Data,916,0.0,0.0,1350.5357183645474,0.0,711.9842816354526,909.08,0.0,189.4,0,0,0.0,3161,711.9842816354526
Data,917,0.0,0.0,1667.833588295207,0.0,393.20641170479314,932.56,0.0,189.4,0,0,0.0,3183,393.20641170479314
Data,918,-0.0,0.0,1864.2094443398307,0.0,171.35055566016928,937.04,0.0,189.4,0,0,0.0,3162,171.3505556601693
Data,919,-0.0,0.0,1809.9209756979978,0.0,337.8290243020022,906.85,0.0,38.4,0,0,0.0,3093,337.82902430200215
Data,920,-0.0,0.0,1594.0371635383217,0.0,464.5428364616783,899.02,0.0,38.4,0,0,0.0,2996,464.54283646167835
Data,921,-0.0,0.0,1094.3533496972016,0.0,1171.2366503027986,880.01,0.0,38.4,0,0,0.0,3184,1171.2366503027984
Data,922,-0.0,0.0,1074.202487558792,0.0,1471.9275124412081,865.47,0.0,38.4,0,0,0.0,3450,1471.927512441208
Data,923,-0.0,0.0,1038.8489294748547,0.0,1635.7510705251452,861.0,0.0,38.4,0,0,0.0,3574,1635.7510705251452
Data,924,-0.0,0.0,947.1760338128025,0.0,1620.433966187197,841.99,0.0,38.4,0,0,0.0,3448,1620.4339661871975
Data,925,-0.0,0.0,897.8355661238,0.0,1502.2944338762,816.27,0.0,41.6,0,0,0.0,3258,1502.2944338762
Data,926,-0.0,0.0,899.7379668123001,0.0,1581.3520331877,818.51,0.0,38.4,0,0,0.0,3338,1581.3520331876998
Data,927,-0.0,0.0,892.1594989587188,0.0,1497.960501041281,835.28,0.0,41.6,0,0,0.0,3267,1497.9605010412813
Data,928,-0.0,0.0,912.2572056958498,0.0,1421.5627943041502,847.58,0.0,41.6,0,0,0.0,3223,1421.5627943041502
Data,929,-0.0,0.0,1000.0169055018393,0.0,1488.8530944981605,856.53,0.0,41.6,0,0,0.0,3387,1488.8530944981608
Data,930,-0.0,0.0,1025.1417747155674,0.0,1446.9482252844327,892.31,0.0,41.6,0,0,0.0,3406,1446.9482252844327
Data,931,-0.0,0.0,1027.470430599994,0.0,1330.199569400006,905.73,0.0,192.6,0,0,0.0,3456,1330.199569400006
Data,932,-0.0,0.0,986.0197600405,0.0,1430.1702399595001,929.21,0.0,192.6,0,0,0.0,3538,1430.1702399595
Data,933,-0.0,0.0,365.5749537893,0.0,1522.6150462107,929.21,0.0,543.6,0,0,0.0,3361,1522.6150462106998
Data,934,0.0,0.0,233.58546654370002,0.0,1470.6045334563,929.21,0.0,543.6,0,0,0.0,3177,1470.6045334563
Data,935,0.0,0.0,925.0482924197,0.0,680.2117075803002,900.14,0.0,543.6,0,0,0.0,3049,680.2117075803
Data,936,0.0,0.0,647.4497485353002,0.0,956.8402514646998,843.11,0.0,543.6,0,0,0.0,2991,956.8402514646998
Data,937,0.0,0.0,419.01597860590005,0.0,1071.6040213940998,822.98,0.0,540.4,0,0,0.0,2854,1071.6040213941
Data,938,0.0,0.0,882.1526240268001,0.0,648.1573759731998,854.29,0.0,540.4,0,0,0.0,2925,648.1573759731999
Data,939,0.0,0.0,237.4543650046,0.0,1456.6156349954,856.53,0.0,540.4,0,0,0.0,3091,1456.6156349954001
Data,940,0.0,0.0,344.4395263718,0.0,1436.4404736282,886.72,0.0,540.4,0,0,0.0,3208,1436.4404736282
Data,941,0.0,0.0,529.3704895007063,0.0,1586.0895104992937,900.14,0.0,189.4,0,0,0.0,3205,1586.0895104992937
Data,942,-0.0,0.0,657.8286661622069,0.0,1405.861333837793,916.91,0.0,189.4,0,0,0.0,3170,1405.8613338377932
Data,943,-0.0,0.0,365.6712104475725,0.0,1840.0887895524272,887.84,0.0,38.4,0,0,0.0,3132,1840.0887895524274
Data,944,-0.0,0.0,311.4326515243461,0.0,1802.8673484756541,873.3,0.0,38.4,0,0,0.0,3026,1802.867348475654
Data,945,-0.0,0.0,176.37588867027716,0.0,2102.5341113297227,829.69,0.0,38.4,0,0,0.0,3147,2102.5341113297227
Data,946,-0.0,0.0,298.78727983269357,0.0,2210.1727201673066,789.44,0.0,41.6,0,0,0.0,3340,2210.1727201673066
Data,947,-0.0,0.0,518.4343213939,0.0,2043.7956786061,779.37,0.0,38.4,0,0,0.0,3380,2043.7956786061
Data,948,-0.0,0.0,677.0425504225516,0.0,1878.6674495774485,755.89,0.0,38.4,0,0,0.0,3350,1878.6674495774485
Data,949,-0.0,0.0,748.4133230118325,0.0,1635.0666769881675,739.12,0.0,38.4,0,0,0.0,3161,1635.0666769881675
Data,950,-0.0,0.0,648.68241077756,0.0,1839.2075892224398,744.71,0.0,38.4,0,0,0.0,3271,1839.20758922244
Data,951,-0.0,0.0,976.2122262799674,0.0,1435.4977737200327,755.89,0.0,38.4,0,0,0.0,3206,1435.4977737200327
Data,952,-0.0,0.0,935.4541085287092,0.0,1462.3058914712906,789.44,0.0,44.8,0,0,0.0,3232,1462.3058914712908
Data,953,-0.0,0.0,668.6665003809477,0.0,1850.033499619052,848.7,0.0,41.6,0,0,0.0,3409,1850.0334996190522
Data,954,-0.0,0.0,392.19409377273877,0.0,1579.6559062272613,894.55,0.0,543.6,0,0,0.0,3410,1579.6559062272613
Data,955,-0.0,0.0,464.73092857364094,0.0,1489.8690714263591,934.8,0.0,543.6,0,0,0.0,3433,1489.8690714263591
Data,956,-0.0,0.0,375.35003420373755,0.0,1662.6599657962627,940.39,0.0,543.6,0,0,0.0,3522,1662.6599657962624
Data,957,0.0,0.0,470.64945558143415,0.0,1395.900544418566,925.85,0.0,543.6,0,0,0.0,3336,1395.900544418566
Data,958,0.0,0.0,513.1972091319342,0.0,1185.112790868066,928.09,0.0,543.6,0,0,0.0,3170,1185.1127908680658
Data,959,0.0,0.0,596.7403500363353,0.0,1061.0696499636647,866.59,0.0,543.6,0,0,0.0,3068,1061.0696499636647
Data,960,0.0,0.0,695.6324425280511,0.0,971.497557471949,816.27,0.0,543.6,0,0,0.0,3027,971.4975574719489
Data,961,0.0,0.0,1076.7302057716545,0.0,479.0697942283454,811.8,0.0,540.4,0,0,0.0,2908,479.0697942283456
Data,962,0.0,0.0,1296.4935220599446,0.0,271.7064779400554,836.4,0.0,540.4,0,0,0.0,2945,271.7064779400555
Data,963,0.0,0.0,1569.1015653296445,0.0,155.80843467035547,829.69,0.0,540.4,0,0,0.0,3095,155.8084346703555
Data,964,0.0,0.0,1550.9769797641443,0.0,248.68302023585565,850.94,0.0,540.4,0,0,0.0,3191,248.68302023585568
Data,965,0.0,0.0,1468.164764732759,0.0,325.4852352672408,869.95,0.0,540.4,0,0,0.0,3204,325.4852352672409
Data,966,-0.0,0.0,1473.9313937232548,0.0,591.3586062767451,892.31,0.0,189.4,0,0,0.0,3147,591.3586062767453
Data,967,-0.0,0.0,1604.2857722015738,0.0,585.6642277984259,857.65,0.0,38.4,0,0,0.0,3086,585.6642277984263
Data,968,-0.0,0.0,1588.2165001156739,0.0,557.7434998843261,838.64,0.0,38.4,0,0,0.0,3023,557.7434998843262
Data,969,-0.0,0.0,807.8987048024403,0.0,1563.4812951975598,825.22,0.0,38.4,0,0,0.0,3235,1563.4812951975596
Data,970,-0.0,0.0,445.48823043076635,0.0,2141.741769569234,779.37,0.0,38.4,0,0,0.0,3405,2141.741769569234
Data,971,-0.0,0.0,403.72800805041356,0.0,2259.721991949586,746.95,0.0,41.6,0,0,0.0,3452,2259.7219919495865
Data,972,-0.0,0.0,494.6295877243688,0.0,2187.9004122756314,717.87,0.0,41.6,0,0,0.0,3442,2187.9004122756314
Data,973,-0.0,0.0,406.07549801239,0.0,2084.7745019876097,716.75,0.0,38.4,0,0,0.0,3246,2084.77450198761
Data,974,-0.0,0.0,491.3911058994341,0.0,2063.748894100566,723.46,0.0,38.4,0,0,0.0,3317,2063.748894100566
Data,975,-0.0,0.0,605.156443169434,0.0,1922.1535568305658,731.29,0.0,38.4,0,0,0.0,3297,1922.153556830566
Data,976,-0.0,0.0,621.5180691591341,0.0,1882.2019308408658,761.48,0.0,44.8,0,0,0.0,3310,1882.2019308408658
Data,977,-0.0,0.0,847.4791710884342,0.0,1200.2356289115655,835.28,0.0,538.0052,0,0,0.0,3421,1200.235628911566
Data,978,-0.0,0.0,864.4270151992342,0.0,1076.3129848007661,895.66,0.0,543.6,0,0,0.0,3380,1076.3129848007657
Data,979,-0.0,0.0,1099.8258176990344,0.0,857.1041823009656,939.27,0.0,546.8,0,0,0.0,3443,857.1041823009657
Data,980,-0.0,0.0,1237.2939598859343,0.0,772.4760401140658,942.63,0.0,543.6,0,0,0.0,3496,772.4760401140657
Data,981,0.0,0.0,856.4717254076339,0.0,968.6582745923662,939.27,0.0,543.6,0,0,0.0,3308,968.6582745923661
Data,982,0.0,0.0,925.145208877209,0.0,732.9247911227911,930.33,0.0,543.6,0,0,0.0,3132,732.9247911227909
Data,983,0.0,0.0,1238.1279035273703,0.0,318.97209647262986,873.3,0.0,543.6,0,0,0.0,2974,318.9720964726297
Data,984,0.0,0.0,1282.8790151487342,0.0,230.36098485126615,834.16,0.0,543.6,0,0,0.0,2891,230.3609848512658
Data,985,0.0,0.0,1277.720249417734,0.0,208.8997505822657,822.98,0.0,540.4,0,0,0.0,2850,208.89975058226594
Data,986,0.0,0.0,1382.061895277375,0.0,158.898104722625,838.64,0.0,540.4,0,0,0.0,2920,158.89810472262502
Data,987,0.0,0.0,1755.767181365188,0.0,0.0,847.58,0.0,540.4,0,94.74718136518793,0.0,3049,-94.747181365188
Data,988,0.0,0.0,1796.676658589734,0.0,0.0,880.01,0.0,540.4,0,56.08665858973416,0.0,3161,-56.08665858973393
Data,989,0.0,0.0,1725.3688162947342,0.0,0.0,893.43,0.0,540.4,0,40.198816294734,0.0,3119,-40.198816294734115
Data,990,-0.0,0.0,1640.7555710419342,0.0,32.12442895806578,886.72,0.0,540.4,0,0,0.0,3100,32.12442895806578
Data,991,-0.0,0.0,1644.6810954327343,0.0,16.448904567265686,865.47,0.0,540.4,0,0,0.0,3067,16.448904567265686
Data,992,-0.0,0.0,1471.2134833952787,0.0,245.0265166047216,834.16,0.0,543.6,0,0,0.0,3094,245.02651660472134
Data,993,-0.0,0.0,1051.7407475948344,0.0,926.5192524051655,826.34,0.0,540.4,0,0,0.0,3345,926.5192524051656
Data,994,-0.0,0.0,919.7664293965511,0.0,1574.2235706034487,781.61,0.0,189.4,0,0,0.0,3465,1574.223570603449
Data,995,-0.0,0.0,671.7349615000702,0.0,1350.7450384999297,739.12,0.0,540.4,0,0,0.0,3302,1350.7450384999297
Data,996,-0.0,0.0,800.8397401646579,0.0,1689.9402598353417,726.82,0.0,189.4,0,0,0.0,3407,1689.940259835342
Data,997,-0.0,0.0,709.7106035561505,0.0,1677.5393964438495,722.35,0.0,189.4,0,0,0.0,3299,1677.5393964438495
Data,998,-0.0,0.0,779.0222682711341,0.0,1340.1677317288659,732.41,0.0,540.4,0,0,0.0,3392,1340.1677317288659
Data,999,-0.0,0.0,783.3820423302703,0.0,1276.0879576697293,758.13,0.0,540.4,0,0,0.0,3358,1276.0879576697298
Data,1000,-0.0,0.0,712.4149804477623,0.0,1327.3350195522376,783.85,0.0,540.4,0,0,0.0,3364,1327.3350195522376
Data,1001,-0.0,0.0,772.7164055436293,0.0,1349.9435944563704,850.94,0.0,540.4,0,0,0.0,3514,1349.9435944563706
Data,1002,-0.0,0.0,1176.1911994194343,0.0,818.2388005805659,926.97,0.0,543.6,0,0,0.0,3465,818.2388005805657
Data,1003,-0.0,0.0,1590.0427954414345,0.0,430.3172045585658,937.04,0.0,543.6,0,0,0.0,3501,430.31720455856555
Data,1004,-0.0,0.0,1504.8061364874343,0.0,540.543863512566,956.05,0.0,543.6,0,0,0.0,3545,540.5438635125657
Data,1005,0.0,0.0,1511.6195540333342,0.0,271.13044596666566,999.65,0.0,543.6,0,0,0.0,3326,271.1304459666658
Data,1006,0.0,0.0,1599.0601005758344,0.0,43.91989942416569,997.42,0.0,543.6,0,0,0.0,3184,43.91989942416558
Data,1007,0.0,0.0,1522.5517053744343,0.0,61.928294625565854,935.92,0.0,543.6,0,0,0.0,3064,61.92829462556574
Data,1008,0.0,0.0,1612.0035605488342,0.0,0.0,895.66,0.0,543.6,0,52.26356054883388,0.0,2999,-52.26356054883422
Data,1009,0.0,0.0,1351.7833347062342,0.0,134.39666529376575,874.42,0.0,540.4,0,0,0.0,2901,134.39666529376586
Data,1010,0.0,0.0,1073.1528404665341,0.0,476.5271595334658,886.72,0.0,543.6,0,0,0.0,2980,476.5271595334658
Data,1011,0.0,0.0,1070.269206019434,0.0,603.1407939805657,891.19,0.0,540.4,0,0,0.0,3105,603.140793980566
Data,1012,0.0,0.0,864.556665793434,0.0,907.193334206566,925.85,0.0,540.4,0,0,0.0,3238,907.193334206566
Data,1013,0.0,0.0,759.0988948478342,0.0,956.3511051521656,938.15,0.0,540.4,0,0,0.0,3194,956.3511051521658
Data,1014,-0.0,0.0,729.9596271288341,0.0,948.1303728711658,941.51,0.0,540.4,0,0,0.0,3160,948.130372871166
Data,1015,-0.0,0.0,560.7928780346341,0.0,1125.047121965366,932.56,0.0,543.6,0,0,0.0,3162,1125.047121965366
Data,1016,-0.0,0.0,416.34319405183413,0.0,1300.216805948166,937.04,0.0,540.4,0,0,0.0,3194,1300.216805948166
Data,1017,-0.0,0.0,340.58872128794513,0.0,1616.0912787120546,935.92,0.0,540.4,0,0,0.0,3433,1616.0912787120549
Data,1018,-0.0,0.0,283.79526528099547,0.0,1767.7247347190046,909.08,0.0,540.4,0,0,0.0,3501,1767.7247347190046
Data,1019,-0.0,0.0,221.48447614247425,0.0,1757.2255238575258,878.89,0.0,540.4,0,0,0.0,3398,1757.2255238575258
Data,1020,-0.0,0.0,230.80951465359746,0.0,1852.6104853464026,872.18,0.0,540.4,0,0,0.0,3496,1852.6104853464026
Data,1021,-0.0,0.0,651.9053990728268,0.0,1346.684600927173,880.01,0.0,540.4,0,0,0.0,3419,1346.6846009271733
Data,1022,-0.0,0.0,729.0372608606496,0.0,1393.4227391393506,900.14,0.0,540.4,0,0,0.0,3563,1393.4227391393506
Data,1023,-0.0,0.0,276.40520423893133,0.0,1813.3447957610688,906.85,0.0,540.4,0,0,0.0,3537,1813.3447957610688
Data,1024,-0.0,0.0,554.9172764748816,0.0,1504.1227235251183,932.56,0.0,540.4,0,0,0.0,3532,1504.1227235251185
Data,1025,-0.0,0.0,896.7156523017883,0.0,1170.724347698212,957.16,0.0,540.4,0,0,0.0,3565,1170.7243476982117
Data,1026,-0.0,0.0,1020.0176963346097,0.0,1002.1723036653904,978.41,0.0,540.4,0,0,0.0,3541,1002.1723036653904
Data,1027,-0.0,0.0,1219.1025003964965,0.0,796.2374996035038,994.06,0.0,543.6,0,0,0.0,3553,796.2374996035036
Data,1028,-0.0,0.0,680.2176463887421,0.0,1273.122353611258,994.06,0.0,543.6,0,0,0.0,3491,1273.122353611258
Data,1029,0.0,0.0,584.0363130514341,0.0,1173.6536869485658,990.71,0.0,543.6,0,0,0.0,3292,1173.6536869485658
Data,1030,0.0,0.0,773.3064899314342,0.0,823.2135100685658,982.88,0.0,543.6,0,0,0.0,3123,823.2135100685658
Data,1031,0.0,0.0,429.99359511783416,0.0,1111.8964048821658,941.51,0.0,543.6,0,0,0.0,3027,1111.8964048821658
Data,1032,0.0,0.0,433.28668543118175,0.0,1093.773314568818,900.14,0.0,546.8,0,0,0.0,2974,1093.7733145688183
Data,1033,0.0,0.0,396.04093610624955,0.0,1044.1990638937502,883.36,0.0,540.4,0,0,0.0,2864,1044.1990638937505
Data,1034,0.0,0.0,769.4507454045906,0.0,707.1292545954093,899.02,0.0,540.4,0,0,0.0,2916,707.1292545954094
Data,1035,0.0,0.0,715.2651879437497,0.0,1364.3748120562502,907.96,0.0,38.4,0,0,0.0,3026,1364.3748120562502
Data,1036,0.0,0.0,734.9735301336743,0.0,1450.7664698663255,944.86,0.0,38.4,0,0,0.0,3169,1450.7664698663257
Data,1037,0.0,0.0,908.8103296773576,0.0,1207.2696703226422,960.52,0.0,38.4,0,0,0.0,3115,1207.2696703226425
Data,1038,-0.0,0.0,1715.5583171285984,0.0,327.40168287140165,961.64,0.0,38.4,0,0,0.0,3043,327.4016828714016
Data,1039,-0.0,0.0,2101.4562384896585,0.0,0.0,943.75,0.0,38.4,0,133.60623848965872,0.0,2950,-133.60623848965852
Data,1040,-0.0,0.0,2482.48547307458,0.0,0.0,941.51,0.0,38.4,0,496.3954730745801,0.0,2966,-496.3954730745801
Data,1041,-0.0,0.0,1816.9785726088817,0.0,272.8214273911184,934.8,0.0,38.4,0,0,0.0,3063,272.8214273911184
Data,1042,-0.0,0.0,1412.2874348831053,0.0,851.5325651168944,896.78,0.0,38.4,0,0,0.0,3199,851.5325651168947
Data,1043,-0.0,0.0,1309.3182792560342,0.0,841.9817207439659,873.3,0.0,38.4,0,0,0.0,3063,841.9817207439659
Data,1044,-0.0,0.0,1165.1433028728343,0.0,981.2766971271659,872.18,0.0,38.4,0,0,0.0,3057,981.2766971271658
Data,1045,-0.0,0.0,1322.5689759555344,0.0,710.2010240444657,868.83,0.0,38.4,0,0,0.0,2940,710.2010240444656
Data,1046,-0.0,0.0,1144.092535423334,0.0,944.5674645766661,900.14,0.0,35.2,0,0,0.0,3024,944.5674645766659
Data,1047,-0.0,0.0,1609.7804938744343,0.0,346.3795061255656,912.44,0.0,38.4,0,0,0.0,2907,346.3795061255656
Data,1048,-0.0,0.0,1673.7218642944345,0.0,190.53813570556542,949.34,0.0,38.4,0,0,0.0,2852,190.5381357055655
Data,1049,-0.0,0.0,1659.9276599202344,0.0,292.3523400797659,985.12,0.0,41.6,0,0,0.0,2979,292.35234007976555
Data,1050,-0.0,0.0,1655.1109964024345,0.0,388.1990035975656,1001.89,0.0,44.8,0,0,0.0,3090,388.19900359756554
Data,1051,-0.0,0.0,1575.3170490646344,0.0,599.7829509353661,996.3,0.0,41.6,0,0,0.0,3213,599.7829509353656
Data,1052,-0.0,0.0,1546.5905800314345,0.0,733.2394199685656,1000.77,0.0,38.4,0,0,0.0,3319,733.2394199685656
Data,1053,0.0,0.0,1538.7333528154345,0.0,554.116647184566,1017.55,0.0,41.6,0,0,0.0,3152,554.1166471845655
Data,1054,0.0,0.0,1514.5166749034343,0.0,450.573325096566,1015.31,0.0,41.6,0,0,0.0,3022,450.5733250965658
Data,1055,0.0,0.0,1513.0507743034345,0.0,388.34922569656567,984.0,0.0,41.6,0,0,0.0,2927,388.34922569656544
Data,1056,0.0,0.0,1518.5039245354342,0.0,360.7460754645657,968.35,0.0,38.4,0,0,0.0,2886,360.7460754645658
Data,1057,0.0,0.0,1281.2383172801342,0.0,507.1416827198658,948.22,0.0,38.4,0,0,0.0,2775,507.1416827198658
Data,1058,0.0,0.0,868.3584905672341,0.0,952.0715094327658,976.17,0.0,38.4,0,0,0.0,2835,952.071509432766
Data,1059,0.0,0.0,1702.050571634859,0.0,237.89942836514095,980.65,0.0,38.4,0,0,0.0,2959,237.89942836514112
Data,1060,0.0,0.0,1701.038396419209,0.0,347.73160358079093,991.83,0.0,38.4,0,0,0.0,3079,347.731603580791
Data,1061,0.0,0.0,1649.9192656159557,0.0,366.70073438404455,995.18,0.0,35.2,0,0,0.0,3047,366.7007343840443
Data,1062,-0.0,0.0,1579.2554435376342,0.0,372.51455646236593,991.83,0.0,38.4,0,0,0.0,2982,372.5145564623658
Data,1063,-0.0,0.0,765.8569744373341,0.0,1012.5930255626657,938.15,0.0,38.4,0,0,0.0,2755,1012.593025562666
Data,1064,-0.0,0.0,951.8133734400423,0.0,661.8166265599576,926.97,0.0,38.4,0,0,0.0,2579,661.8166265599577
Data,1065,-0.0,0.0,682.1857111344667,0.0,960.6742888655332,924.74,0.0,38.4,0,0,0.0,2606,960.6742888655333
Data,1066,-0.0,0.0,1279.3811434496342,0.0,522.6288565503656,866.59,0.0,38.4,0,0,0.0,2707,522.6288565503658
Data,1067,-0.0,0.0,1144.557855247434,0.0,809.7621447525659,835.28,0.0,38.4,0,0,0.0,2828,809.7621447525661
Data,1068,-0.0,0.0,922.0109568909343,0.0,1068.5390431090655,833.05,0.0,38.4,0,0,0.0,2862,1068.5390431090657
Data,1069,-0.0,0.0,1390.813055635534,0.0,647.1569443644656,819.63,0.0,38.4,0,0,0.0,2896,647.156944364466
Data,1070,-0.0,0.0,1422.1267558384343,0.0,508.19324416156576,835.28,0.0,38.4,0,0,0.0,2804,508.19324416156576
Data,1071,-0.0,0.0,1405.207312618134,0.0,398.1426873818658,882.25,0.0,38.4,0,0,0.0,2724,398.14268738186604
Data,1072,-0.0,0.0,1568.5518403122342,0.0,160.58815968776605,920.26,0.0,41.6,0,0,0.0,2691,160.58815968776585
Data,1073,-0.0,0.0,1794.313995552834,0.0,61.45600444716581,942.63,0.0,41.6,0,0,0.0,2840,61.456004447165945
Data,1074,-0.0,0.0,1590.3706792276344,0.0,454.67932077236594,987.35,0.0,41.6,0,0,0.0,3074,454.6793207723656
Data,1075,-0.0,0.0,1313.4578855005343,0.0,425.6422144994657,995.18,0.0,423.7199,0,0,0.0,3158,425.64221449946575
Data,1076,-0.0,0.0,1337.9159395153342,0.0,646.747560484666,995.18,0.0,337.1565,0,0,0.0,3317,646.7475604846659
Data,1077,0.0,0.0,1927.1062352138342,0.0,0.0,991.83,0.0,543.6,0,283.5362352138342,0.0,3179,-283.5362352138343
Data,1078,0.0,0.0,1954.3651776484512,0.0,0.0,977.29,0.0,540.4,0,461.05517764845126,0.0,3011,-461.05517764845115
Data,1079,0.0,0.0,1566.6326817035363,0.0,0.0,944.86,0.0,546.8,0,236.2926817035365,0.0,2822,-236.29268170353623
Data,1080,0.0,0.0,1134.398752026694,0.0,159.0512479733058,919.15,0.0,540.4,0,0,0.0,2753,159.0512479733061
Data,1081,0.0,0.0,1614.1367173853132,0.0,0.0,893.43,0.0,540.4,0,365.96671738531313,0.0,2682,-365.96671738531313
Data,1082,0.0,0.0,1088.8748121532344,0.0,209.57518784676552,919.15,0.0,540.4,0,0,0.0,2758,209.57518784676563
Data,1083,0.0,0.0,1578.7038415816342,0.0,0.0,944.86,0.0,537.2,0,142.76384158163398,0.0,2918,-142.7638415816342
Data,1084,0.0,0.0,1773.983226242185,0.0,0.0,985.12,0.0,540.4,0,252.503226242185,0.0,3047,-252.50322624218506
Data,1085,0.0,0.0,2219.4328028634345,0.0,0.0,992.95,0.0,537.2,0,704.5828028634343,0.0,3045,-704.5828028634346
Data,1086,-0.0,0.0,2150.2332587514584,0.0,0.0,994.06,0.0,540.4,0,674.6932587514583,0.0,3010,-674.6932587514583
Data,1087,-0.0,0.0,1436.3153515354343,0.0,152.84594846456582,941.51,0.0,434.3287,0,0,0.0,2965,152.8459484645657
Data,1088,-0.0,0.0,1673.4124533624022,0.0,356.0575466375975,881.13,0.0,38.4,0,0,0.0,2949,356.05754663759785
Data,1089,-0.0,0.0,1607.7666517329749,0.0,614.2433482670248,866.59,0.0,38.4,0,0,0.0,3127,614.2433482670251
Data,1090,-0.0,0.0,1786.9585782745894,0.0,565.2214217254103,874.42,0.0,38.4,0,0,0.0,3265,565.2214217254107
Data,1091,-0.0,0.0,2286.1358715315346,0.0,114.88412846846552,847.58,0.0,38.4,0,0,0.0,3287,114.88412846846538
Data,1092,-0.0,0.0,2214.5877252526343,0.0,230.44227474736556,828.57,0.0,38.4,0,0,0.0,3312,230.44227474736564
Data,1093,-0.0,0.0,2155.2712920999343,0.0,120.87870790006548,808.45,0.0,38.4,0,0,0.0,3123,120.87870790006568
Data,1094,-0.0,0.0,1790.3115323444345,0.0,590.9984676555656,854.29,0.0,38.4,0,0,0.0,3274,590.9984676555656
Data,1095,-0.0,0.0,1708.8056525954344,0.0,661.6243474045656,853.17,0.0,38.4,0,0,0.0,3262,661.6243474045657
Data,1096,-0.0,0.0,1683.9921127909342,0.0,676.6478872090662,858.76,0.0,41.6,0,0,0.0,3261,676.6478872090657
Data,1097,-0.0,0.0,1680.3883518064345,0.0,266.2316481935658,896.78,0.0,543.6,0,0,0.0,3387,266.23164819356555
Data,1098,-0.0,0.0,1742.050576333434,0.0,185.49942366656603,925.85,0.0,543.6,0,0,0.0,3397,185.49942366656592
Data,1099,-0.0,0.0,1744.1781277882342,0.0,226.8418722117657,921.38,0.0,543.6,0,0,0.0,3436,226.8418722117658
Data,1100,-0.0,0.0,1732.1569343385345,0.0,309.3930656614658,925.85,0.0,543.6,0,0,0.0,3511,309.39306566146547
Data,1101,-0.0,0.0,1781.0601092818342,0.0,64.62989071816594,916.91,0.0,540.4,0,0,0.0,3303,64.62989071816583
Data,1102,0.0,0.0,1694.8169812479346,0.0,0.8630187520656136,886.72,0.0,543.6,0,0,0.0,3126,0.8630187520653863
Data,1103,0.0,0.0,1913.647973144134,0.0,0.0,853.17,0.0,543.6,0,342.4179731441342,0.0,2968,-342.41797314413407
Data,1104,0.0,0.0,1722.3014264335343,0.0,0.0,820.75,0.0,543.6,0,181.65142643353408,0.0,2905,-181.6514264335343
Data,1105,0.0,0.0,2151.0217809489345,0.0,0.0,814.04,0.0,540.4,0,695.4617809489346,0.0,2810,-695.4617809489345
Data,1106,0.0,0.0,2203.044409090734,0.0,0.0,821.86,0.0,540.4,0,693.3044090907341,0.0,2872,-693.304409090734
Data,1107,0.0,0.0,2237.698580197334,0.0,0.0,816.27,0.0,540.4,0,571.3685801973342,0.0,3023,-571.3685801973342
Data,1108,0.0,0.0,2082.8195644377347,0.0,0.0,856.53,0.0,540.4,0,313.74956443773465,0.0,3166,-313.74956443773465
Data,1109,0.0,0.0,2242.4364178307346,0.0,0.0,872.18,0.0,537.2,0,498.81641783073417,0.0,3153,-498.8164178307346
Data,1110,-0.0,0.0,2203.111111081074,0.0,0.0,868.83,0.0,540.4,0,549.341111081074,0.0,3063,-549.3411110810739
Data,1111,-0.0,0.0,2037.7701205370593,0.0,0.0,834.16,0.0,540.4,0,385.3301205370592,0.0,3027,-385.3301205370592
Data,1112,-0.0,0.0,1925.2919538801204,0.0,0.0,791.67,0.0,540.4,0,0,282.3619538801206,2975,-282.3619538801204
Data,1113,-0.0,0.0,1503.6090473934573,0.0,337.79095260654253,787.2,0.0,540.4,0,0,0.0,3169,337.79095260654265
Data,1114,-0.0,0.0,1197.8215384400132,0.0,814.8284615599865,746.95,0.0,540.4,0,0,0.0,3300,814.8284615599867
Data,1115,-0.0,0.0,1289.4520986641812,0.0,994.8548013358188,749.18,0.0,244.5131,0,0,0.0,3278,994.8548013358188
Data,1116,-0.0,0.0,1152.2335830466038,0.0,1177.4164169533958,765.95,0.0,189.4,0,0,0.0,3285,1177.416416953396
Data,1117,-0.0,0.0,714.3445168576533,0.0,1314.5507831423467,761.48,0.0,366.6247,0,0,0.0,3157,1314.5507831423467
Data,1118,-0.0,0.0,1545.231159877748,0.0,430.71884012225166,753.65,0.0,540.4,0,0,0.0,3270,430.718840122252
Data,1119,-0.0,0.0,873.3340965547428,0.0,1153.637103445257,745.83,0.0,475.1988,0,0,0.0,3248,1153.6371034452573
Data,1120,-0.0,0.0,745.0147916431825,0.0,1238.0052083568173,798.38,0.0,543.6,0,0,0.0,3325,1238.0052083568175
Data,1121,-0.0,0.0,857.9554103201716,0.0,1148.9045896798286,875.54,0.0,543.6,0,0,0.0,3426,1148.9045896798284
Data,1122,-0.0,0.0,708.7495382954536,0.0,1222.3304617045465,911.32,0.0,543.6,0,0,0.0,3386,1222.3304617045465
Data,1123,-0.0,0.0,596.3004988005919,0.0,1391.479501199408,923.62,0.0,543.6,0,0,0.0,3455,1391.479501199408
Data,1124,-0.0,0.0,794.429345129813,0.0,1230.4706548701872,922.5,0.0,543.6,0,0,0.0,3491,1230.470654870187
Data,1125,-0.0,0.0,980.8384645211813,0.0,849.1815354788187,921.38,0.0,543.6,0,0,0.0,3295,849.1815354788187
Data,1126,0.0,0.0,1208.0927361753422,0.0,461.0172638246576,903.49,0.0,540.4,0,0,0.0,3113,461.0172638246578
Data,1127,0.0,0.0,681.5171328381183,0.0,861.8828671618818,861.0,0.0,543.6,0,0,0.0,2948,861.8828671618817
Data,1128,0.0,0.0,817.8860017123349,0.0,654.9139982876649,836.4,0.0,546.8,0,0,0.0,2856,654.9139982876652
Data,1129,0.0,0.0,750.9293186161855,0.0,650.5306813838146,826.34,0.0,537.2,0,0,0.0,2765,650.5306813838145
Data,1130,0.0,0.0,437.3342756407049,0.0,1022.745724359295,837.52,0.0,540.4,0,0,0.0,2838,1022.7457243592951
Data,1131,0.0,0.0,424.0199949116008,0.0,1191.770005088399,830.81,0.0,540.4,0,0,0.0,2987,1191.7700050883993
Data,1132,0.0,0.0,619.8286253494741,0.0,1060.2213746505258,894.55,0.0,540.4,0,0,0.0,3115,1060.2213746505258
Data,1133,0.0,0.0,910.2842878997272,0.0,704.8257121002727,903.49,0.0,540.4,0,0,0.0,3059,704.8257121002728
Data,1134,-0.0,0.0,671.3703223869393,0.0,932.6296776130607,885.6,0.0,540.4,0,0,0.0,3030,932.6296776130607
Data,1135,-0.0,0.0,537.0098715083974,0.0,1063.3001284916027,854.29,0.0,540.4,0,0,0.0,2995,1063.3001284916027
Data,1136,-0.0,0.0,296.87120647448586,0.0,1772.328793525514,836.4,0.0,38.4,0,0,0.0,2944,1772.3287935255141
Data,1137,-0.0,0.0,126.78278015215587,0.0,2114.8472198478444,803.97,0.0,38.4,0,0,0.0,3084,2114.847219847844
Data,1138,-0.0,0.0,92.25110089504565,0.0,2307.3288991049544,776.02,0.0,38.4,0,0,0.0,3214,2307.3288991049544
Data,1139,-0.0,0.0,177.9322675830103,0.0,2292.4777324169895,768.19,0.0,38.4,0,0,0.0,3277,2292.4777324169895
Data,1140,-0.0,0.0,369.5057915297984,0.0,2105.0742084702015,776.02,0.0,38.4,0,0,0.0,3289,2105.0742084702015
Data,1141,-0.0,0.0,739.4475625132712,0.0,1569.0224374867287,758.13,0.0,38.4,0,0,0.0,3105,1569.0224374867287
Data,1142,-0.0,0.0,293.51452803571163,0.0,2138.525471964288,760.36,0.0,41.6,0,0,0.0,3234,2138.5254719642885
Data,1143,-0.0,0.0,119.39772351957373,0.0,2286.772276480426,770.43,0.0,38.4,0,0,0.0,3215,2286.772276480426
Data,1144,-0.0,0.0,312.7696226502341,0.0,2121.500377349766,807.33,0.0,38.4,0,0,0.0,3280,2121.500377349766
Data,1145,-0.0,0.0,481.4424954940342,0.0,2043.8075045059659,864.35,0.0,38.4,0,0,0.0,3428,2043.8075045059659
Data,1146,-0.0,0.0,870.0783588538341,0.0,1452.8316411461656,903.49,0.0,192.6,0,0,0.0,3419,1452.831641146166
Data,1147,-0.0,0.0,1021.2344672464342,0.0,960.6455327535655,911.32,0.0,546.8,0,0,0.0,3440,960.6455327535658
Data,1148,-0.0,0.0,1043.6621496684343,0.0,1024.7778503315658,907.96,0.0,543.6,0,0,0.0,3520,1024.7778503315658
Data,1149,0.0,0.0,1016.8736599975342,0.0,836.5663400024658,907.96,0.0,543.6,0,0,0.0,3305,836.5663400024657
Data,1150,0.0,0.0,2004.6678364883342,0.0,17.5821635116655,888.95,0.0,195.8,0,0,0.0,3107,17.582163511665783
Data,1151,0.0,0.0,2049.409739899834,0.0,0.0,855.41,0.0,543.6,0,521.4197398998339,0.0,2927,-521.4197398998342
Data,1152,0.0,0.0,2311.0407170263343,0.0,0.0,816.27,0.0,543.6,0,831.910717026334,0.0,2839,-831.9107170263343
Data,1153,0.0,0.0,2288.5624659722343,0.0,0.0,799.5,0.0,543.6,0,859.6624659722341,0.0,2772,-859.6624659722344
Data,1154,0.0,0.0,2320.6000647108344,0.0,0.0,811.8,0.0,189.4,0,507.80006471083436,0.0,2814,-507.80006471083436
Data,1155,0.0,0.0,1804.5812174177345,0.0,0.0,812.92,0.0,540.4,0,166.90121741773453,0.0,2991,-166.90121741773441
Data,1156,0.0,0.0,1642.503941278434,0.0,73.20605872156591,829.69,0.0,543.6,0,0,0.0,3089,73.20605872156591
Data,1157,0.0,0.0,1504.4377381252343,0.0,154.99226187476563,853.17,0.0,540.4,0,0,0.0,3053,154.99226187476575
Data,1158,-0.0,0.0,1316.0548959435341,0.0,616.2551040564657,854.29,0.0,189.4,0,0,0.0,2976,616.2551040564659
Data,1159,-0.0,0.0,1017.5545960052409,0.0,1054.9754039947593,840.87,0.0,41.6,0,0,0.0,2955,1054.975403994759
Data,1160,-0.0,0.0,846.4362470597356,0.0,1293.8937529402644,816.27,0.0,38.4,0,0,0.0,2995,1293.8937529402644
Data,1161,-0.0,0.0,634.8572354642048,0.0,1830.6727645357948,767.07,0.0,38.4,0,0,0.0,3271,1830.672764535795
Data,1162,-0.0,0.0,652.8991065218102,0.0,1978.6808934781898,776.02,0.0,38.4,0,0,0.0,3446,1978.6808934781898
Data,1163,-0.0,0.0,969.8316211411354,0.0,1643.1883788588646,798.38,0.0,41.6,0,0,0.0,3453,1643.1883788588646
Data,1164,-0.0,0.0,656.3593997689597,0.0,1903.75060023104,780.49,0.0,38.4,0,0,0.0,3379,1903.7506002310402
Data,1165,-0.0,0.0,705.0565995154341,0.0,1675.6434004845655,774.9,0.0,38.4,0,0,0.0,3194,1675.643400484566
Data,1166,-0.0,0.0,827.3504075061342,0.0,1802.699592493866,790.55,0.0,38.4,0,0,0.0,3459,1802.6995924938658
Data,1167,-0.0,0.0,827.0881160648411,0.0,1815.431883935159,786.08,0.0,38.4,0,0,0.0,3467,1815.4318839351588
Data,1168,-0.0,0.0,830.4459523705342,0.0,1827.514047629466,789.44,0.0,41.6,0,0,0.0,3489,1827.5140476294657
Data,1169,-0.0,0.0,856.7301461974342,0.0,1660.6498538025658,825.22,0.0,189.4,0,0,0.0,3532,1660.6498538025658
Data,1170,-0.0,0.0,813.0963521007375,0.0,1635.4536478992627,852.05,0.0,189.4,0,0,0.0,3490,1635.4536478992625
Data,1171,-0.0,0.0,784.1268175177341,0.0,1681.213182482266,871.06,0.0,192.6,0,0,0.0,3529,1681.213182482266
Data,1172,-0.0,0.0,790.475933019634,0.0,1654.4940669803664,893.43,0.0,192.6,0,0,0.0,3531,1654.4940669803661
Data,1173,-0.0,0.0,1232.258114639234,0.0,1003.0718853607658,890.07,0.0,192.6,0,0,0.0,3318,1003.0718853607659
Data,1174,0.0,0.0,1161.5381549293343,0.0,938.4918450706656,853.17,0.0,195.8,0,0,0.0,3149,938.4918450706657
Data,1175,0.0,0.0,1273.6750920054342,0.0,701.4349079945661,854.29,0.0,192.6,0,0,0.0,3022,701.4349079945658
Data,1176,0.0,0.0,1506.5633242514346,0.0,430.9766757485655,821.86,0.0,192.6,0,0,0.0,2952,430.9766757485654
Data,1177,0.0,0.0,1090.5194244036343,0.0,397.93057559636566,796.15,0.0,540.4,0,0,0.0,2825,397.93057559636577
Data,1178,0.0,0.0,1136.4590619607343,0.0,384.49093803926587,808.45,0.0,543.6,0,0,0.0,2873,384.49093803926564
Data,1179,0.0,0.0,1491.669211140334,0.0,186.59078885966562,826.34,0.0,540.4,0,0,0.0,3045,186.59078885966596
Data,1180,0.0,0.0,1155.4670024544344,0.0,609.6029975455657,856.53,0.0,540.4,0,0,0.0,3162,609.6029975455657
Data,1181,0.0,0.0,836.5095889064343,0.0,899.2604110935657,868.83,0.0,540.4,0,0,0.0,3145,899.2604110935657
Data,1182,-0.0,0.0,799.9265142404341,0.0,871.3534857595661,862.12,0.0,543.6,0,0,0.0,3077,871.3534857595658
Data,1183,-0.0,0.0,1025.8962559060342,0.0,950.1237440939658,847.58,0.0,189.4,0,0,0.0,3013,950.1237440939658
Data,1184,-0.0,0.0,665.1594985155341,0.0,1298.4605014844656,822.98,0.0,189.4,0,0,0.0,2976,1298.4605014844658
Data,1185,-0.0,0.0,286.00912963320894,0.0,1921.920870366791,791.67,0.0,189.4,0,0,0.0,3189,1921.9208703667912
Data,1186,-0.0,0.0,671.8805521203939,0.0,1908.7094478796062,757.01,0.0,189.4,0,0,0.0,3527,1908.7094478796062
Data,1187,-0.0,0.0,87.58700111067817,0.0,2407.0,753.65,0.0,192.6,0,-192.16299888932184,0.0,3633,2599.162998889322
Data,1188,-0.0,0.0,41.23626766064905,0.0,2407.0,749.18,0.0,189.4,0,-307.1837323393511,0.0,3694,2714.183732339351
Data,1189,-0.0,0.0,50.678286596606334,0.0,2384.0217134033937,774.9,0.0,189.4,0,0,0.0,3399,2384.0217134033937
Data,1190,-0.0,0.0,62.3152931550959,0.0,2407.0,803.97,0.0,189.4,0,-22.314706844904215,0.0,3485,2429.314706844904
Data,1191,-0.0,0.0,120.25844030435115,0.0,2278.831559695649,818.51,0.0,189.4,0,0,0.0,3407,2278.831559695649
Data,1192,-0.0,0.0,194.55045617333417,0.0,2128.3995438266656,827.45,0.0,192.6,0,0,0.0,3343,2128.3995438266656
Data,1193,-0.0,0.0,384.29796924333414,0.0,1675.4220307566657,859.88,0.0,540.4,0,0,0.0,3460,1675.422030756666
Data,1194,-0.0,0.0,1171.6373589890345,0.0,836.7726410109655,891.19,0.0,540.4,0,0,0.0,3440,836.7726410109655
Data,1195,-0.0,0.0,1139.0119816074343,0.0,814.6480183925659,924.74,0.0,543.6,0,0,0.0,3422,814.6480183925656
Data,1196,-0.0,0.0,1138.4688207434342,0.0,879.371179256566,932.56,0.0,543.6,0,0,0.0,3494,879.3711792565658
Data,1197,-0.0,0.0,1162.9127627394341,0.0,721.1572372605655,881.13,0.0,546.8,0,0,0.0,3312,721.1572372605659
Data,1198,0.0,0.0,1343.6761129904344,0.0,366.5938870095657,881.13,0.0,543.6,0,0,0.0,3135,366.5938870095656
Data,1199,0.0,0.0,1075.0889578742342,0.0,530.961042125766,864.35,0.0,543.6,0,0,0.0,3014,530.9610421257657
Data,1200,0.0,0.0,663.4295766814341,0.0,893.1304233185658,838.64,0.0,546.8,0,0,0.0,2942,893.1304233185659
Data,1201,0.0,0.0,562.375465980041,0.0,902.5445340199591,810.68,0.0,540.4,0,0,0.0,2816,902.5445340199591
Data,1202,0.0,0.0,478.86239799367155,0.0,1034.9376020063285,811.8,0.0,540.4,0,0,0.0,2866,1034.9376020063285
Data,1203,0.0,0.0,364.7359250530378,0.0,1280.1040749469623,809.56,0.0,543.6,0,0,0.0,2998,1280.104074946962
Data,1204,0.0,0.0,397.42638726284645,0.0,1385.4836127371534,829.69,0.0,540.4,0,0,0.0,3153,1385.4836127371536
Data,1205,0.0,0.0,305.6981485961756,0.0,1369.6218514038242,835.28,0.0,540.4,0,0,0.0,3051,1369.6218514038244
Data,1206,-0.0,0.0,173.90721223853438,0.0,1402.1727877614655,837.52,0.0,540.4,0,0,0.0,2954,1402.1727877614658
Data,1207,-0.0,0.0,691.2430153321217,0.0,822.0969846678782,797.26,0.0,540.4,0,0,0.0,2851,822.0969846678784
Data,1208,-0.0,0.0,488.74807418182866,0.0,1324.4019258181715,778.25,0.0,192.6,0,0,0.0,2784,1324.4019258181713
Data,1209,-0.0,0.0,643.7303374253082,0.0,980.6996625746916,730.17,0.0,540.4,0,0,0.0,2895,980.6996625746918
Data,1210,-0.0,0.0,54.605098391836876,0.0,2034.284901608163,744.71,0.0,189.4,0,0,0.0,3023,2034.2849016081632
Data,1211,-0.0,0.0,145.83771210877052,0.0,1971.9322878912294,745.83,0.0,189.4,0,0,0.0,3053,1971.9322878912294
Data,1212,-0.0,0.0,111.14652486108764,0.0,1676.1534751389124,750.3,0.0,540.4,0,0,0.0,3078,1676.1534751389124
Data,1213,-0.0,0.0,11.771225800630951,0.0,2054.478774199369,741.35,0.0,189.4,0,0,0.0,2997,2054.478774199369
Data,1214,-0.0,0.0,37.5049126658592,0.0,1617.4850873341406,781.61,0.0,540.4,0,0,0.0,2977,1617.4850873341409
Data,1215,-0.0,0.0,22.66485005164357,0.0,1673.5651499483565,779.37,0.0,540.4,0,0,0.0,3016,1673.5651499483565
Data,1216,-0.0,0.0,36.226563031218134,0.0,1663.7534369687817,800.62,0.0,540.4,0,0,0.0,3041,1663.753436968782
Data,1217,-0.0,0.0,459.1398399382292,0.0,1294.1101600617708,845.35,0.0,540.4,0,0,0.0,3139,1294.1101600617708
Data,1218,-0.0,0.0,206.66584783225358,0.0,1531.8941521677464,887.84,0.0,543.6,0,0,0.0,3170,1531.8941521677464
Data,1219,-0.0,0.0,196.18908810857374,0.0,1604.4109118914262,885.6,0.0,546.8,0,0,0.0,3233,1604.4109118914262
Data,1220,-0.0,0.0,123.34538991016606,0.0,1747.8046100898341,882.25,0.0,543.6,0,0,0.0,3297,1747.804610089834
Data,1221,-0.0,0.0,45.817000631861,0.0,1713.242999368139,826.34,0.0,543.6,0,0,0.0,3129,1713.242999368139
Data,1222,0.0,0.0,132.81584445127638,0.0,1482.8941555487236,829.69,0.0,543.6,0,0,0.0,2989,1482.8941555487236
Data,1223,0.0,0.0,381.31618371816484,0.0,1209.1138162818352,803.97,0.0,543.6,0,0,0.0,2938,1209.1138162818352
Data,1224,0.0,0.0,699.2057405440329,0.0,821.4542594559672,801.74,0.0,543.6,0,0,0.0,2866,821.4542594559671
Data,1225,0.0,0.0,698.4750491865138,0.0,780.4649508134862,772.66,0.0,540.4,0,0,0.0,2792,780.4649508134862
Data,1226,0.0,0.0,1226.0181444933273,0.0,241.4618555066728,812.92,0.0,543.6,0,0,0.0,2824,241.4618555066727
Data,1227,0.0,0.0,1412.7185324595011,0.0,193.0814675404989,811.8,0.0,540.4,0,0,0.0,2958,193.08146754049892
Data,1228,0.0,0.0,1853.6276003223538,0.0,0.0,818.51,0.0,540.4,0,140.5376003223539,0.0,3072,-140.5376003223538
Data,1229,0.0,0.0,1493.3519269283377,0.0,142.55807307166228,829.69,0.0,540.4,0,0,0.0,3006,142.5580730716623
Data,1230,-0.0,0.0,1803.8928265455763,0.0,0.0,831.93,0.0,540.4,0,260.22282654557625,0.0,2916,-260.22282654557625
Data,1231,-0.0,0.0,1696.4189760370114,0.0,355.5310239629884,753.65,0.0,38.4,0,0,0.0,2844,355.5310239629887
Data,1232,-0.0,0.0,855.0918873503873,0.0,1150.6881126496123,726.82,0.0,38.4,0,0,0.0,2771,1150.6881126496125
Data,1233,-0.0,0.0,606.8628428932,0.0,1500.1071571067998,696.63,0.0,38.4,0,0,0.0,2842,1500.1071571068
Data,1234,-0.0,0.0,525.3518172818,0.0,1619.0681827182002,749.18,0.0,38.4,0,0,0.0,2932,1619.0681827182
Data,1235,-0.0,0.0,555.7108375899999,0.0,1583.5691624100004,739.12,0.0,41.6,0,0,0.0,2920,1583.5691624100002
Data,1236,-0.0,0.0,1066.1845673045002,0.0,1127.7054326954997,744.71,0.0,38.4,0,0,0.0,2977,1127.7054326954997
Data,1237,-0.0,0.0,1146.7987550358093,0.0,1100.5912449641905,683.21,0.0,38.4,0,0,0.0,2969,1100.5912449641905
Data,1238,-0.0,0.0,921.7966308734727,0.0,1190.8133691265268,718.99,0.0,38.4,0,0,0.0,2870,1190.8133691265273
Data,1239,-0.0,0.0,982.2916699304609,0.0,1113.658330069539,734.65,0.0,38.4,0,0,0.0,2869,1113.658330069539
Data,1240,-0.0,0.0,936.9421820604942,0.0,1219.4678179395057,768.19,0.0,38.4,0,0,0.0,2963,1219.4678179395057
Data,1241,-0.0,0.0,821.623428539079,0.0,1363.986571460921,841.99,0.0,38.4,0,0,0.0,3066,1363.986571460921
Data,1242,-0.0,0.0,822.1383271825389,0.0,1245.361672817461,897.9,0.0,192.6,0,0,0.0,3158,1245.361672817461
Data,1243,-0.0,0.0,1061.3096787372046,0.0,712.3003212627954,915.79,0.0,543.6,0,0,0.0,3233,712.3003212627954
Data,1244,-0.0,0.0,1646.6739082083898,0.0,528.6860917916104,937.04,0.0,192.6,0,0,0.0,3305,528.6860917916102
Data,1245,-0.0,0.0,1788.993837078551,0.0,0.0,888.95,0.0,543.6,0,60.543837078551036,0.0,3161,-60.543837078551064
Data,1246,0.0,0.0,1841.1704036600213,0.0,0.0,859.88,0.0,543.6,0,264.6504036600212,0.0,2980,-264.6504036600213
Data,1247,0.0,0.0,1691.967501717721,0.0,0.0,845.35,0.0,543.6,0,258.9175017177208,0.0,2822,-258.91750171772105
Data,1248,0.0,0.0,1812.093628456527,0.0,0.0,800.62,0.0,192.6,0,73.31362845652687,0.0,2732,-73.31362845652708
Data,1249,0.0,0.0,1868.2850772157065,0.0,0.0,748.06,0.0,189.4,0,168.74507721570643,0.0,2637,-168.7450772157064
Data,1250,0.0,0.0,1941.5593086468095,0.0,0.0,814.04,0.0,189.4,0,276.9993086468096,0.0,2668,-276.9993086468095
Data,1251,0.0,0.0,1888.3186989394192,0.0,0.0,837.52,0.0,189.4,0,103.23869893941928,0.0,2812,-103.23869893941915
Data,1252,0.0,0.0,1748.2217192322362,0.0,0.0,852.05,0.0,540.4,0,185.67171923223628,0.0,2955,-185.67171923223611
Data,1253,0.0,0.0,1495.6883636137788,0.0,59.27163638622116,838.64,0.0,540.4,0,0,0.0,2934,59.27163638622119
Data,1254,-0.0,0.0,1174.518684493843,0.0,710.6813155061568,836.4,0.0,189.4,0,0,0.0,2911,710.681315506157
Data,1255,-0.0,0.0,1018.1058424475532,0.0,953.1741575524466,788.32,0.0,189.4,0,0,0.0,2949,953.1741575524468
Data,1256,-0.0,0.0,932.4403392612664,0.0,1147.8196607387333,703.34,0.0,189.4,0,0,0.0,2973,1147.8196607387335
Data,1257,-0.0,0.0,789.2764596222817,0.0,1534.5735403777182,697.75,0.0,189.4,0,0,0.0,3211,1534.5735403777182
Data,1258,-0.0,0.0,826.8819396702695,0.0,1536.5280603297304,768.19,0.0,189.4,0,0,0.0,3321,1536.5280603297304
Data,1259,-0.0,0.0,876.0021654078895,0.0,1522.8778345921107,763.72,0.0,189.4,0,0,0.0,3352,1522.8778345921105
Data,1260,-0.0,0.0,1009.1281479563913,0.0,1431.4818520436083,718.99,0.0,189.4,0,0,0.0,3349,1431.4818520436086
Data,1261,-0.0,0.0,995.9353533727341,0.0,1271.814646627266,679.85,0.0,189.4,0,0,0.0,3137,1271.8146466272658
Data,1262,-0.0,0.0,1026.4031488758342,0.0,1491.9268511241658,693.27,0.0,189.4,0,0,0.0,3401,1491.9268511241658
Data,1263,-0.0,0.0,1006.6838002662342,0.0,1417.8761997337656,691.04,0.0,189.4,0,0,0.0,3305,1417.8761997337658
Data,1264,-0.0,0.0,991.7988926209342,0.0,1425.871107379066,708.93,0.0,189.4,0,0,0.0,3316,1425.8711073790657
Data,1265,-0.0,0.0,963.4837282695341,0.0,1443.6662717304653,827.45,0.0,189.4,0,0,0.0,3424,1443.6662717304657
Data,1266,-0.0,0.0,897.699127266934,0.0,1077.4708727330658,893.43,0.0,540.4,0,0,0.0,3409,1077.470872733066
Data,1267,-0.0,0.0,1402.6261161725342,0.0,586.473883827466,873.3,0.0,543.6,0,0,0.0,3406,586.4738838274658
Data,1268,-0.0,0.0,1561.0249815104344,0.0,452.60501848956585,877.77,0.0,543.6,0,0,0.0,3435,452.6050184895656
Data,1269,-0.0,0.0,1633.8693752354343,0.0,208.82062476456588,867.71,0.0,543.6,0,0,0.0,3254,208.82062476456565
Data,1270,0.0,0.0,1663.1610075973344,0.0,27.35899240266565,859.88,0.0,543.6,0,0,0.0,3094,27.358992402665535
Data,1271,0.0,0.0,1664.2245313834342,0.0,0.0,793.91,0.0,543.6,0,42.734531383434046,0.0,2959,-42.73453138343416
Data,1272,0.0,0.0,1708.9657425026344,0.0,0.0,793.91,0.0,546.8,0,160.6757425026343,0.0,2889,-160.6757425026343
Data,1273,0.0,0.0,1690.2896072905341,0.0,0.0,780.49,0.0,540.4,0,222.17960729053436,0.0,2789,-222.17960729053414
Data,1274,0.0,0.0,1412.756346778534,0.0,15.023653221465679,849.82,0.0,540.4,0,0,0.0,2818,15.02365322146602
Data,1275,0.0,0.0,1686.6326542592342,0.0,0.0,854.29,0.0,540.4,0,149.32265425923435,0.0,2932,-149.32265425923413
Data,1276,0.0,0.0,1678.6768150154344,0.0,0.0,864.35,0.0,540.4,0,15.426815015434272,0.0,3068,-15.426815015434386
Data,1277,0.0,0.0,1713.4632506754342,0.0,0.0,850.94,0.0,543.6,0,33.003250675434174,0.0,3075,-33.00325067543429
Data,1278,-0.0,0.0,1724.2339462354344,0.0,0.0,841.99,0.0,540.4,0,69.62394623543435,0.0,3037,-69.62394623543435
Data,1279,-0.0,0.0,1743.4465383154343,0.0,0.0,798.38,0.0,537.2,0,41.02653831543432,0.0,3038,-41.02653831543432
Data,1280,-0.0,0.0,1776.7148831073341,0.0,541.4351168926654,704.45,0.0,38.4,0,0,0.0,3061,541.4351168926659
Data,1281,-0.0,0.0,1740.5712341339345,0.0,771.5787658660653,704.45,0.0,38.4,0,0,0.0,3255,771.5787658660655
Data,1282,-0.0,0.0,1790.709249283434,0.0,758.7507507165659,777.14,0.0,38.4,0,0,0.0,3365,758.750750716566
Data,1283,-0.0,0.0,1793.0790678554345,0.0,677.6209321445655,774.9,0.0,38.4,0,0,0.0,3284,677.6209321445656
Data,1284,-0.0,0.0,1793.0790678554345,0.0,709.7009321445654,726.82,0.0,38.4,0,0,0.0,3268,709.7009321445655
Data,1285,-0.0,0.0,1799.9638768190557,0.0,530.8261231809443,707.81,0.0,38.4,0,0,0.0,3077,530.8261231809444
Data,1286,-0.0,0.0,1811.0875906037138,0.0,654.982409396286,733.53,0.0,38.4,0,0,0.0,3238,654.9824093962862
Data,1287,-0.0,0.0,1893.9378856102499,0.0,577.0721143897499,743.59,0.0,38.4,0,0,0.0,3253,577.0721143897501
Data,1288,-0.0,0.0,1902.093368553775,0.0,529.0166314462246,780.49,0.0,38.4,0,0,0.0,3250,529.016631446225
Data,1289,-0.0,0.0,1765.2401240282968,0.0,756.8398759717031,837.52,0.0,38.4,0,0,0.0,3398,756.8398759717032
Data,1290,-0.0,0.0,1784.7184987744129,0.0,148.1615012255871,886.72,0.0,540.4,0,0,0.0,3360,148.16150122558713
Data,1291,-0.0,0.0,1740.2343214411767,0.0,174.97567855882332,891.19,0.0,543.6,0,0,0.0,3350,174.97567855882323
Data,1292,-0.0,0.0,1718.86649543,0.0,306.23350457000015,873.3,0.0,543.6,0,0,0.0,3442,306.23350457000004
Data,1293,0.0,0.0,1576.022321886539,0.0,300.02767811346126,845.35,0.0,543.6,0,0,0.0,3265,300.027678113461
Data,1294,0.0,0.0,1832.2905238139128,0.0,0.0,837.52,0.0,543.6,0,125.41052381391275,0.0,3088,-125.41052381391285
Data,1295,0.0,0.0,2113.393873339932,0.0,0.0,822.98,0.0,543.6,0,565.9738733399319,0.0,2914,-565.9738733399319
Data,1296,0.0,0.0,2155.79208807987,0.0,0.0,802.85,0.0,543.6,0,679.2420880798697,0.0,2823,-679.2420880798702
Data,1297,0.0,0.0,2351.061858103374,0.0,0.0,771.55,0.0,540.4,0,954.0118581033742,0.0,2709,-954.011858103374
Data,1298,0.0,0.0,2356.765563519112,0.0,0.0,848.7,0.0,540.4,0,1006.8655635191125,0.0,2739,-1006.8655635191122
Data,1299,0.0,0.0,2215.918148907373,0.0,0.0,861.0,0.0,540.4,0,743.318148907373,0.0,2874,-743.318148907373
Data,1300,0.0,0.0,2379.3317517462024,0.0,0.0,858.76,0.0,540.4,0,755.4917517462023,0.0,3023,-755.4917517462023
Data,1301,0.0,0.0,2293.8432338972552,0.0,0.0,861.0,0.0,540.4,0,712.2432338972551,0.0,2983,-712.2432338972552
Data,1302,-0.0,0.0,2297.218639478243,0.0,0.0,869.95,0.0,543.6,0,821.768639478243,0.0,2889,-821.768639478243
Data,1303,-0.0,0.0,2013.839703916121,0.0,0.0,822.98,0.0,480.1144,0,454.9341039161208,0.0,2862,-454.93410391612093
Data,1304,-0.0,0.0,1567.1895458305771,0.0,528.0604541694229,741.35,0.0,38.4,0,0,0.0,2875,528.0604541694229
Data,1305,-0.0,0.0,679.1081869578815,0.0,1671.4918130421183,738.0,0.0,38.4,0,0,0.0,3127,1671.4918130421186
Data,1306,-0.0,0.0,430.7181580792812,0.0,2074.4418419207186,789.44,0.0,38.4,0,0,0.0,3333,2074.4418419207186
Data,1307,-0.0,0.0,318.1058850696374,0.0,2302.734114930363,735.76,0.0,38.4,0,0,0.0,3395,2302.7341149303625
Data,1308,-0.0,0.0,259.82613598652404,0.0,2407.0,649.66,0.0,38.4,0,-43.11386401347604,0.0,3398,2450.113864013476
Data,1309,-0.0,0.0,381.7849764086555,0.0,2169.6850235913444,635.13,0.0,38.4,0,0,0.0,3225,2169.6850235913444
Data,1310,-0.0,0.0,541.6219487455907,0.0,2121.3580512544095,677.62,0.0,38.4,0,0,0.0,3379,2121.3580512544095
Data,1311,-0.0,0.0,587.7820931873634,0.0,2025.3079068126367,695.51,0.0,38.4,0,0,0.0,3347,2025.3079068126365
Data,1312,-0.0,0.0,701.9499045318133,0.0,1918.1900954681867,723.46,0.0,38.4,0,0,0.0,3382,1918.1900954681867
Data,1313,-0.0,0.0,1580.715443582,0.0,574.5945564179999,805.09,0.0,543.6,0,0,0.0,3504,574.5945564179999
Data,1314,-0.0,0.0,1555.7594404552647,0.0,448.6605595447355,872.18,0.0,540.4,0,0,0.0,3417,448.6605595447354
Data,1315,-0.0,0.0,1168.895662441354,0.0,799.9143375586459,866.59,0.0,543.6,0,0,0.0,3379,799.9143375586459
Data,1316,-0.0,0.0,1182.6842103639801,0.0,883.07578963602,838.64,0.0,543.6,0,0,0.0,3448,883.0757896360199
Data,1317,0.0,0.0,1645.1978228866462,0.0,294.4121771133539,792.79,0.0,543.6,0,0,0.0,3276,294.4121771133538
Data,1318,0.0,0.0,1732.0604586524328,0.0,50.95954134756723,798.38,0.0,543.6,0,0,0.0,3125,50.95954134756721
Data,1319,0.0,0.0,1877.126635145839,0.0,0.0,771.55,0.0,546.8,0,247.47663514583903,0.0,2948,-247.47663514583883
Data,1320,0.0,0.0,2364.7198984284555,0.0,0.0,741.35,0.0,543.6,0,809.6698984284553,0.0,2840,-809.6698984284556
Data,1321,0.0,0.0,2021.5011691450557,0.0,0.0,770.43,0.0,540.4,0,610.3311691450556,0.0,2722,-610.3311691450556
Data,1322,0.0,0.0,1920.6003613189341,0.0,0.0,824.1,0.0,540.4,0,528.1003613189342,0.0,2757,-528.1003613189341
Data,1323,0.0,0.0,1715.714615707634,0.0,0.0,810.68,0.0,543.6,0,159.9946157076339,0.0,2910,-159.994615707634
Data,1324,0.0,0.0,1302.0514470110343,0.0,361.80855298896574,801.74,0.0,540.4,0,0,0.0,3006,361.80855298896574
Data,1325,0.0,0.0,2334.071181196234,0.0,0.0,800.62,0.0,540.4,0,699.0911811962341,0.0,2976,-699.0911811962342
Data,1326,-0.0,0.0,2459.6859029273346,0.0,0.0,802.85,0.0,192.6,0,554.1359029273343,0.0,2901,-554.1359029273347
Data,1327,-0.0,0.0,2475.0966098554345,0.0,0.0,758.13,0.0,189.4,0,500.6266098554346,0.0,2922,-500.6266098554345
Data,1328,-0.0,0.0,2006.866002173101,0.0,99.05399782689906,687.68,0.0,189.4,0,0,0.0,2983,99.05399782689912
Data,1329,-0.0,0.0,1534.7185726718196,0.0,773.1514273281801,659.73,0.0,189.4,0,0,0.0,3157,773.1514273281804
Data,1330,-0.0,0.0,1156.1900390782582,0.0,1313.4999609217418,670.91,0.0,189.4,0,0,0.0,3330,1313.4999609217418
Data,1331,-0.0,0.0,1084.6738870818083,0.0,1473.9961129181918,659.73,0.0,192.6,0,0,0.0,3411,1473.9961129181918
Data,1332,-0.0,0.0,818.9706522928341,0.0,1803.1393477071656,657.49,0.0,189.4,0,0,0.0,3469,1803.1393477071658
Data,1333,-0.0,0.0,677.2462539946341,0.0,1777.5137460053656,641.84,0.0,189.4,0,0,0.0,3286,1777.5137460053659
Data,1334,-0.0,0.0,654.8937694369341,0.0,1922.8062305630656,651.9,0.0,189.4,0,0,0.0,3419,1922.8062305630658
Data,1335,-0.0,0.0,646.6746120184341,0.0,1956.305387981566,677.62,0.0,189.4,0,0,0.0,3470,1956.305387981566
Data,1336,-0.0,0.0,682.6603590623341,0.0,1919.9596409376659,699.98,0.0,189.4,0,0,0.0,3492,1919.9596409376659
Data,1337,-0.0,0.0,814.8244530194341,0.0,1775.6455469805655,758.13,0.0,189.4,0,0,0.0,3538,1775.6455469805658
Data,1338,-0.0,0.0,1541.7622236665343,0.0,879.5477763334655,854.29,0.0,189.4,0,0,0.0,3465,879.5477763334658
Data,1339,-0.0,0.0,1233.306920547534,0.0,849.7530794524658,826.34,0.0,543.6,0,0,0.0,3453,849.753079452466
Data,1340,-0.0,0.0,1761.6054932457341,0.0,753.144506754266,808.45,0.0,195.8,0,0,0.0,3519,753.1445067542659
Data,1341,0.0,0.0,1850.032635977334,0.0,477.5673640226663,811.8,0.0,192.6,0,0,0.0,3332,477.5673640226661
Data,1342,0.0,0.0,2151.4117671389345,0.0,16.00823286106572,822.98,0.0,192.6,0,0,0.0,3183,16.008232861065522
Data,1343,0.0,0.0,1995.4549615979336,0.0,0.0,810.68,0.0,543.6,0,345.73496159793325,0.0,3004,-345.73496159793353
Data,1344,0.0,0.0,1831.7566911155345,0.0,74.43330888446565,806.21,0.0,192.6,0,0,0.0,2905,74.43330888446545
Data,1345,0.0,0.0,2299.8433490035345,0.0,0.0,793.91,0.0,540.4,0,836.1533490035343,0.0,2798,-836.1533490035345
Data,1346,0.0,0.0,2409.3318511664347,0.0,0.0,827.45,0.0,540.4,0,960.1818511664347,0.0,2817,-960.1818511664347
Data,1347,0.0,0.0,2479.662009184535,0.0,0.0,835.28,0.0,540.4,0,883.3420091845347,0.0,2972,-883.3420091845347
Data,1348,0.0,0.0,2453.1404444235345,0.0,0.0,835.28,0.0,540.4,0,704.8204444235345,0.0,3124,-704.8204444235345
Data,1349,0.0,0.0,2431.1577540346348,0.0,0.0,831.93,0.0,540.4,0,725.4877540346346,0.0,3078,-725.4877540346347
Data,1350,-0.0,0.0,2123.8068392828345,0.0,0.0,833.05,0.0,543.6,0,470.45683928283427,0.0,3030,-470.4568392828345
Data,1351,-0.0,0.0,2038.6267594293345,0.0,0.0,821.86,0.0,540.4,0,373.8867594293346,0.0,3027,-373.88675942933446
Data,1352,-0.0,0.0,2050.6920291882952,0.0,11.977970811704914,831.93,0.0,189.4,0,0,0.0,3084,11.977970811704807
Data,1353,-0.0,0.0,1062.9230992911948,0.0,1255.446900708805,844.23,0.0,189.4,0,0,0.0,3352,1255.446900708805
Data,1354,-0.0,0.0,900.6521827138953,0.0,1575.0078172861047,850.94,0.0,189.4,0,0,0.0,3516,1575.0078172861047
Data,1355,-0.0,0.0,818.3215660076668,0.0,1811.298433992333,822.98,0.0,189.4,0,0,0.0,3642,1811.2984339923332
Data,1356,-0.0,0.0,618.6902869099289,0.0,2047.8597130900712,833.05,0.0,189.4,0,0,0.0,3689,2047.8597130900712
Data,1357,-0.0,0.0,914.9627117409323,0.0,1619.3472882590677,805.09,0.0,192.6,0,0,0.0,3532,1619.3472882590677
Data,1358,-0.0,0.0,766.9809987039345,0.0,1873.2890012960656,807.33,0.0,189.4,0,0,0.0,3637,1873.2890012960654
Data,1359,-0.0,0.0,1060.0126610360278,0.0,1526.7173389639722,840.87,0.0,189.4,0,0,0.0,3617,1526.7173389639722
Data,1360,-0.0,0.0,953.0437308554807,0.0,1611.2062691445192,845.35,0.0,189.4,0,0,0.0,3599,1611.2062691445192
Data,1361,-0.0,0.0,1610.4222772402766,0.0,978.5977227597234,847.58,0.0,189.4,0,0,0.0,3626,978.5977227597234
Data,1362,-0.0,0.0,1841.9430335135344,0.0,659.2369664864656,874.42,0.0,189.4,0,0,0.0,3565,659.2369664864657
Data,1363,-0.0,0.0,1484.4098386318342,0.0,651.9201613681656,890.07,0.0,543.6,0,0,0.0,3570,651.9201613681657
Data,1364,-0.0,0.0,1874.7273827617341,0.0,216.00261723826588,914.67,0.0,543.6,0,-1.1368683772161603e-13,0.0,3549,216.00261723826588
Data,1365,-0.0,0.0,1352.7405793438343,0.0,541.109420656166,913.55,0.0,543.6,0,0,0.0,3351,541.1094206561658
Data,1366,0.0,0.0,1282.9432098510342,0.0,417.1367901489658,911.32,0.0,543.6,0,0,0.0,3155,417.1367901489657
Data,1367,0.0,0.0,1219.6232497013343,0.0,352.16675029866576,904.61,0.0,543.6,0,0,0.0,3020,352.16675029866565
Data,1368,0.0,0.0,1229.485973477434,0.0,214.294026522566,923.62,0.0,543.6,0,0,0.0,2911,214.2940265225659
Data,1369,0.0,0.0,1267.9724889976555,0.0,406.4775110023442,919.15,0.0,189.4,0,0,0.0,2783,406.4775110023445
Data,1370,0.0,0.0,1185.432653841068,0.0,115.0773461589318,928.09,0.0,540.4,0,0,0.0,2769,115.07734615893196
Data,1371,0.0,0.0,1422.0661787973393,0.0,0.0,937.04,0.0,540.4,0,3.506178797339402,0.0,2896,-3.506178797339203
Data,1372,0.0,0.0,1342.5586688886738,0.0,209.12133111132607,935.92,0.0,540.4,0,0,0.0,3028,209.1213311113263
Data,1373,0.0,0.0,1425.3055739631068,0.0,134.0644260368934,918.03,0.0,543.6,0,0,0.0,3021,134.06442603689322
Data,1374,-0.0,0.0,1569.0115844228146,0.0,133.52021557718524,911.32,0.0,307.1482,0,0,0.0,2921,133.52021557718535
Data,1375,-0.0,0.0,1660.2669854203177,0.0,233.66301457968214,914.67,0.0,38.4,0,0,0.0,2847,233.6630145796823
Data,1376,-0.0,0.0,1589.3309966332329,0.0,370.30900336676706,907.96,0.0,38.4,0,0,0.0,2906,370.3090033667671
Data,1377,-0.0,0.0,754.4858338074192,0.0,1362.744166192581,902.37,0.0,38.4,0,0,0.0,3058,1362.7441661925807
Data,1378,-0.0,0.0,826.3377945400507,0.0,1437.5322054599492,905.73,0.0,38.4,0,0,0.0,3208,1437.5322054599492
Data,1379,-0.0,0.0,901.7082595883369,0.0,1319.5717404116629,911.32,0.0,38.4,0,0,0.0,3171,1319.571740411663
Data,1380,-0.0,0.0,811.559631527511,0.0,1424.370368472489,914.67,0.0,38.4,0,0,0.0,3189,1424.370368472489
Data,1381,-0.0,0.0,1388.194856945059,0.0,723.6251430549407,896.78,0.0,38.4,0,0,0.0,3047,723.6251430549411
Data,1382,-0.0,0.0,1448.5592111871033,0.0,691.0207888128966,899.02,0.0,38.4,0,0,0.0,3077,691.0207888128967
Data,1383,-0.0,0.0,1186.703361413351,0.0,979.3966385866488,922.5,0.0,38.4,0,0,0.0,3127,979.3966385866489
Data,1384,-0.0,0.0,1042.0855584207875,0.0,1071.2544415792127,920.26,0.0,38.4,0,0,0.0,3072,1071.2544415792124
Data,1385,-0.0,0.0,1316.6689148299342,0.0,804.5310851700655,910.2,0.0,41.6,0,0,0.0,3073,804.5310851700657
Data,1386,-0.0,0.0,1426.5373596296736,0.0,740.1926403703263,914.67,0.0,41.6,0,0,0.0,3123,740.1926403703264
Data,1387,-0.0,0.0,1746.5798449338345,0.0,498.4701550661654,919.15,0.0,44.8,0,0,0.0,3209,498.47015506616555
Data,1388,-0.0,0.0,1628.3758457031345,0.0,691.9941542968655,918.03,0.0,41.6,0,0,0.0,3280,691.9941542968655
Data,1389,0.0,0.0,1616.7389723074343,0.0,561.6510276925661,880.01,0.0,41.6,0,0,0.0,3100,561.6510276925657
Data,1390,0.0,0.0,1698.8114508042345,0.0,353.81854919576574,877.77,0.0,41.6,0,0,0.0,2972,353.8185491957655
Data,1391,0.0,0.0,1581.5709814449342,0.0,357.2290185550661,885.6,0.0,41.6,0,0,0.0,2866,357.22901855506575
Data,1392,0.0,0.0,1588.498171310634,0.0,308.7318286893659,853.17,0.0,41.6,0,0,0.0,2792,308.731828689366
Data,1393,0.0,0.0,1189.4542445883635,0.0,621.5857554116365,809.56,0.0,38.4,0,0,0.0,2659,621.5857554116366
Data,1394,0.0,0.0,1361.8257702646135,0.0,483.72422973538636,833.05,0.0,38.4,0,0,0.0,2717,483.72422973538653
Data,1395,0.0,0.0,1374.929065877037,0.0,591.2709341229629,836.4,0.0,38.4,0,0,0.0,2841,591.2709341229631
Data,1396,0.0,0.0,1956.8945279953618,0.0,163.15547200463834,845.35,0.0,41.6,0,0,0.0,3007,163.15547200463814
Data,1397,0.0,0.0,1379.4494608878472,0.0,687.7505391121526,836.4,0.0,38.4,0,0,0.0,2942,687.7505391121529
Data,1398,-0.0,0.0,1149.0822768533917,0.0,798.117723146608,836.4,0.0,38.4,0,0,0.0,2822,798.1177231466083
Data,1399,-0.0,0.0,1086.529022735067,0.0,706.7909772649331,835.28,0.0,38.4,0,0,0.0,2667,706.7909772649331
Data,1400,-0.0,0.0,602.1800048467103,0.0,1167.1399951532896,835.28,0.0,38.4,0,0,0.0,2643,1167.1399951532896
Data,1401,-0.0,0.0,958.7687247036192,0.0,966.8712752963806,784.96,0.0,38.4,0,0,0.0,2749,966.8712752963808
Data,1402,-0.0,0.0,807.2063713332913,0.0,1268.7936286667086,762.6,0.0,38.4,0,0,0.0,2877,1268.7936286667086
Data,1403,-0.0,0.0,1270.444920162498,0.0,722.615079837502,752.54,0.0,38.4,0,0,0.0,2784,722.6150798375021
Data,1404,-0.0,0.0,1156.572516451681,0.0,827.077483548319,746.95,0.0,38.4,0,0,0.0,2769,827.077483548319
Data,1405,-0.0,0.0,1592.0087672605573,0.0,432.12123273944263,742.47,0.0,38.4,0,0,0.0,2805,432.1212327394427
Data,1406,-0.0,0.0,1763.6427461520009,0.0,141.93725384799902,776.02,0.0,38.4,0,0,0.0,2720,141.93725384799913
Data,1407,-0.0,0.0,2021.643311706381,0.0,0.0,790.55,0.0,38.4,0,186.59331170638097,0.0,2664,-186.5933117063809
Data,1408,0.0,-0.0,1801.1799999999998,12.314720894739821,0.0,874.42,0.0,38.4,0,0,0.0,2714,-12.314720894739615
Data,1409,-0.0,0.0,1966.897318120524,0.0,0.0,883.36,0.0,41.6,0,69.85731812052404,0.0,2822,-69.85731812052401
Data,1410,-0.0,0.0,1925.4289549526052,0.0,0.0,910.2,0.0,192.6,0,38.228954952605086,0.0,2990,-38.22895495260522
Data,1411,-0.0,0.0,1156.6803434979279,0.0,864.399656502072,911.32,0.0,192.6,0,0,0.0,3125,864.399656502072
Data,1412,-0.0,0.0,1893.9422328569094,0.0,287.36776714309053,928.09,0.0,192.6,0,0,0.0,3302,287.36776714309053
Data,1413,-0.0,0.0,1777.1255579145916,0.0,276.76444208540875,941.51,0.0,192.6,0,0,0.0,3188,276.7644420854084
Data,1414,0.0,0.0,1758.8778226126706,0.0,94.14217738732941,921.38,0.0,192.6,0,0,0.0,2967,94.14217738732944
Data,1415,0.0,0.0,1308.7555965063443,0.0,379.98440349365586,895.66,0.0,192.6,0,0,0.0,2777,379.9844034936557
Data,1416,0.0,0.0,1323.6050259123463,0.0,279.31497408765375,884.48,0.0,192.6,0,0,0.0,2680,279.3149740876537
Data,1417,0.0,0.0,1539.8732802167876,0.0,14.07671978321208,857.65,0.0,189.4,0,0,0.0,2601,14.076719783212383
Data,1418,0.0,0.0,1419.7254727790503,0.0,192.2845272209494,866.59,0.0,189.4,0,0,0.0,2668,192.28452722094968
Data,1419,0.0,0.0,1639.1251898525184,0.0,118.23481014748143,863.24,0.0,189.4,0,0,0.0,2810,118.23481014748162
Data,1420,0.0,0.0,1267.93758201409,0.0,610.5424179859102,862.12,0.0,189.4,0,0,0.0,2930,610.5424179859101
Data,1421,0.0,0.0,1207.8559702637153,0.0,716.8440297362849,824.1,0.0,186.2,0,0,0.0,2935,716.8440297362847
Data,1422,-0.0,0.0,1138.2658600693142,0.0,775.2941399306858,814.04,0.0,189.4,0,0,0.0,2917,775.2941399306859
Data,1423,-0.0,0.0,371.5120489524622,0.0,1658.1679510475376,812.92,0.0,38.4,0,0,0.0,2881,1658.1679510475378
Data,1424,-0.0,0.0,289.57194418186873,0.0,1670.7580558181312,816.27,0.0,38.4,0,0,0.0,2815,1670.7580558181312
Data,1425,-0.0,0.0,624.1171048756372,0.0,1519.1028951243627,798.38,0.0,38.4,0,0,0.0,2980,1519.1028951243627
Data,1426,-0.0,0.0,867.9539172741298,0.0,1529.11608272587,733.53,0.0,38.4,0,0,0.0,3169,1529.1160827258702
Data,1427,-0.0,0.0,1734.3424129895686,0.0,693.4975870104315,735.76,0.0,38.4,0,0,0.0,3202,693.4975870104314
Data,1428,-0.0,0.0,1426.0979888094992,0.0,1003.092011190501,732.41,0.0,38.4,0,0,0.0,3200,1003.0920111905009
Data,1429,-0.0,0.0,1783.5012513607105,0.0,491.6387486392894,723.46,0.0,38.4,0,0,0.0,3037,491.6387486392895
Data,1430,-0.0,0.0,1802.9543375984567,0.0,571.405662401543,740.24,0.0,38.4,0,0,0.0,3153,571.4056624015433
Data,1431,-0.0,0.0,1615.0606846296844,0.0,712.4693153703154,767.07,0.0,38.4,0,0,0.0,3133,712.4693153703156
Data,1432,-0.0,0.0,1354.1595539794453,0.0,982.6504460205546,792.79,0.0,38.4,0,0,0.0,3168,982.6504460205548
Data,1433,-0.0,0.0,964.5223495358613,0.0,1448.3776504641385,848.7,0.0,38.4,0,0,0.0,3300,1448.3776504641387
Data,1434,-0.0,0.0,1186.1091671470824,0.0,1202.1308328529174,883.36,0.0,38.4,0,0,0.0,3310,1202.1308328529176
Data,1435,-0.0,0.0,1238.8276863585056,0.0,1142.6723136414944,897.9,0.0,41.6,0,0,0.0,3321,1142.6723136414944
Data,1436,-0.0,0.0,1463.6578345936382,0.0,986.9021654063616,887.84,0.0,41.6,0,0,0.0,3380,986.9021654063617
Data,1437,-0.0,0.0,1357.1095687116958,0.0,987.9404312883042,845.35,0.0,41.6,0,0,0.0,3232,987.9404312883041
Data,1438,0.0,0.0,827.888072768534,0.0,1333.351927231466,834.16,0.0,41.6,0,0,0.0,3037,1333.351927231466
Data,1439,0.0,0.0,800.2822998990342,0.0,1253.497700100966,800.62,0.0,41.6,0,0,0.0,2896,1253.4977001009659
Data,1440,0.0,0.0,902.6250091905341,0.0,1081.0149908094659,809.56,0.0,44.8,0,0,0.0,2838,1081.0149908094659
Data,1441,0.0,0.0,880.0180257391343,0.0,1019.0819742608656,799.5,0.0,38.4,0,0,0.0,2737,1019.0819742608658
Data,1442,0.0,0.0,916.2994397134343,0.0,1025.2105602865654,805.09,0.0,38.4,0,0,0.0,2785,1025.2105602865656
Data,1443,0.0,0.0,597.6790835721341,0.0,1475.360916427866,809.56,0.0,38.4,0,0,0.0,2921,1475.360916427866
Data,1444,0.0,0.0,1361.0674186098345,0.0,823.9025813901654,819.63,0.0,38.4,0,0,0.0,3043,823.9025813901656
Data,1445,0.0,0.0,1061.0043384145342,0.0,1144.4456615854656,815.15,0.0,38.4,0,0,0.0,3059,1144.4456615854658
Data,1446,-0.0,0.0,1526.4998945095344,0.0,573.0601054904656,814.04,0.0,38.4,0,0,0.0,2952,573.0601054904656
Data,1447,-0.0,0.0,1422.0459140960343,0.0,688.1040859039653,808.45,0.0,38.4,0,0,0.0,2957,688.1040859039657
Data,1448,-0.0,0.0,1571.0954224643342,0.0,642.9545775356661,790.55,0.0,38.4,0,0,0.0,3043,642.9545775356659
Data,1449,-0.0,0.0,1492.7971896010345,0.0,926.7828103989656,776.02,0.0,38.4,0,0,0.0,3234,926.7828103989656
Data,1450,-0.0,0.0,2190.8743564895344,0.0,458.8456435104655,736.88,0.0,38.4,0,0,0.0,3425,458.8456435104656
Data,1451,-0.0,0.0,1670.3925470595345,0.0,992.6174529404653,743.59,0.0,38.4,0,0,0.0,3445,992.6174529404655
Data,1452,-0.0,0.0,1763.3297377443341,0.0,911.3202622556654,746.95,0.0,38.4,0,0,0.0,3460,911.3202622556659
Data,1453,-0.0,0.0,1441.5445201963344,0.0,1110.5254798036653,733.53,0.0,38.4,0,0,0.0,3324,1110.5254798036656
Data,1454,-0.0,0.0,1567.0011730902343,0.0,1153.1288269097658,742.47,0.0,38.4,0,0,0.0,3501,1153.1288269097656
Data,1455,-0.0,0.0,1596.5290920514344,0.0,1138.4209079485654,753.65,0.0,38.4,0,0,0.0,3527,1138.4209079485656
Data,1456,-0.0,0.0,1811.6786428708342,0.0,866.3113571291657,781.61,0.0,38.4,0,0,0.0,3498,866.3113571291658
Data,1457,-0.0,0.0,1362.9451329435342,0.0,1321.8248670564658,819.63,0.0,41.6,0,0,0.0,3546,1321.8248670564658
Data,1458,-0.0,0.0,1312.9801731399343,0.0,1346.5598268600656,821.86,0.0,41.6,0,0,0.0,3523,1346.5598268600656
Data,1459,-0.0,0.0,1142.3346807593343,0.0,1504.9553192406656,843.11,0.0,41.6,0,0,0.0,3532,1504.9553192406656
Data,1460,-0.0,0.0,1560.0696153612344,0.0,1053.5103846387656,849.82,0.0,41.6,0,0,0.0,3505,1053.5103846387656
Data,1461,-0.0,0.0,1828.753094346734,0.0,571.3569056532659,854.29,0.0,41.6,0,0,0.0,3296,571.3569056532659
Data,1462,0.0,0.0,2322.8473496148345,0.0,0.0,836.4,0.0,38.4,0,93.64734961483452,0.0,3104,-93.64734961483444
Data,1463,0.0,0.0,2395.0658094556343,0.0,0.0,828.57,0.0,192.6,0,497.23580945563424,0.0,2919,-497.23580945563435
Data,1464,0.0,0.0,2534.0258139754346,0.0,0.0,814.04,0.0,192.6,0,694.6658139754344,0.0,2846,-694.6658139754346
Data,1465,0.0,0.0,2481.5080472914347,0.0,0.0,778.25,0.0,189.4,0,689.1580472914346,0.0,2760,-689.1580472914346
Data,1466,0.0,0.0,1824.879421862834,0.0,0.040578137165880435,810.68,0.0,189.4,0,0,0.0,2825,0.0405781371659657
Data,1467,0.0,0.0,2071.7792661287344,0.0,0.0,840.87,0.0,189.4,0,141.0492661287343,0.0,2961,-141.04926612873444
Data,1468,0.0,0.0,2199.2582311455344,0.0,0.0,846.46,0.0,186.2,0,107.91823114553415,0.0,3124,-107.91823114553443
Data,1469,0.0,0.0,2183.8729695125344,0.0,0.0,843.11,0.0,189.4,0,93.38296951253449,0.0,3123,-93.3829695125344
Data,1470,-0.0,0.0,1992.1806994235344,0.0,13.23930057646578,872.18,0.0,189.4,0,0,0.0,3067,13.239300576465638
Data,1471,-0.0,0.0,1983.8923942010342,0.0,196.2576057989653,827.45,0.0,38.4,0,0,0.0,3046,196.25760579896573
Data,1472,-0.0,0.0,1702.773867007695,0.0,527.8961329923052,831.93,0.0,38.4,0,0,0.0,3101,527.8961329923052
Data,1473,-0.0,0.0,1411.9063351345083,0.0,981.6536648654916,814.04,0.0,38.4,0,0,0.0,3246,981.6536648654918
Data,1474,-0.0,0.0,973.7849242773987,0.0,1533.1950757226014,800.62,0.0,38.4,0,0,0.0,3346,1533.1950757226014
Data,1475,-0.0,0.0,1083.323165577476,0.0,1515.486834422524,792.79,0.0,38.4,0,0,0.0,3430,1515.486834422524
Data,1476,-0.0,0.0,1168.2901950110702,0.0,1433.2098049889298,774.9,0.0,41.6,0,0,0.0,3418,1433.2098049889298
Data,1477,-0.0,0.0,1160.603485640633,0.0,1217.9865143593672,757.01,0.0,38.4,0,0,0.0,3174,1217.986514359367
Data,1478,-0.0,0.0,1463.4286604532697,0.0,978.4413395467302,782.73,0.0,38.4,0,0,0.0,3263,978.4413395467303
Data,1479,-0.0,0.0,1139.4159992216391,0.0,1296.2840007783607,774.9,0.0,38.4,0,0,0.0,3249,1296.284000778361
Data,1480,-0.0,0.0,869.9252584971231,0.0,1629.3547415028768,788.32,0.0,38.4,0,0,0.0,3326,1629.3547415028768
Data,1481,-0.0,0.0,884.7606568788617,0.0,1219.0193431211385,800.62,0.0,543.6,0,0,0.0,3448,1219.0193431211383
Data,1482,-0.0,0.0,1053.9947422242,0.0,972.0652577757999,826.34,0.0,543.6,0,0,0.0,3396,972.0652577757999
Data,1483,-0.0,0.0,1237.4730485292,0.0,774.1769514708001,839.75,0.0,543.6,0,0,0.0,3395,774.1769514708
Data,1484,-0.0,0.0,1555.8631291058002,0.0,542.7868708941999,820.75,0.0,543.6,0,0,0.0,3463,542.7868708941998
Data,1485,0.0,0.0,1441.4181260627001,0.0,486.8618739372996,812.92,0.0,546.8,0,0,0.0,3288,486.86187393729995
Data,1486,0.0,0.0,1440.5891120289998,0.0,272.01088797100033,811.8,0.0,543.6,0,0,0.0,3068,272.0108879710002
Data,1487,0.0,0.0,1222.2436197782336,0.0,382.0063802217664,796.15,0.0,543.6,0,0,0.0,2944,382.00638022176645
Data,1488,0.0,0.0,1072.1633544096653,0.0,446.73664559033483,799.5,0.0,543.6,0,0,0.0,2862,446.73664559033466
Data,1489,0.0,0.0,1538.714550926415,0.0,0.0,784.96,0.0,540.4,0,85.07455092641523,0.0,2779,-85.0745509264151
Data,1490,0.0,0.0,1305.4024137401416,0.0,195.1175862598584,786.08,0.0,540.4,0,0,0.0,2827,195.1175862598584
Data,1491,0.0,0.0,1132.8490086964002,0.0,508.0809913035996,791.67,0.0,540.4,0,0,0.0,2973,508.08099130359983
Data,1492,0.0,0.0,517.3155716186,0.0,1245.2544283814,795.03,0.0,540.4,0,0,0.0,3098,1245.2544283814
Data,1493,0.0,0.0,419.63363652730004,0.0,1367.1763634727,792.79,0.0,540.4,0,0,0.0,3120,1367.1763634727
Data,1494,-0.0,0.0,435.563384451,0.0,1234.706615549,807.33,0.0,540.4,0,0,0.0,3018,1234.706615549
Data,1495,-0.0,0.0,446.26743560579996,0.0,1258.3125643941999,776.02,0.0,540.4,0,0,0.0,3021,1258.3125643942
Data,1496,-0.0,0.0,261.0014600271,0.0,1985.7085399729,755.89,0.0,38.4,0,0,0.0,3041,1985.7085399729
Data,1497,-0.0,0.0,208.3954973721,0.0,2206.4445026279,735.76,0.0,38.4,0,0,0.0,3189,2206.4445026279
Data,1498,-0.0,0.0,198.4252031210892,0.0,2402.024796878911,692.15,0.0,38.4,0,0,0.0,3331,2402.024796878911
Data,1499,-0.0,0.0,142.91715277668425,0.0,2407.0,693.27,0.0,38.4,0,-32.412847223315666,0.0,3314,2439.4128472233156
Data,1500,-0.0,0.0,191.30623873673107,0.0,2407.0,677.62,0.0,38.4,0,-11.673761263268918,0.0,3326,2418.6737612632687
Data,1501,-0.0,0.0,198.07129099440357,0.0,2317.6387090055964,632.89,0.0,38.4,0,0,0.0,3187,2317.6387090055964
Data,1502,-0.0,0.0,202.36685055206138,0.0,2407.0,651.9,0.0,38.4,0,-78.33314944793844,0.0,3378,2485.3331494479385
Data,1503,-0.0,0.0,334.1878571548446,0.0,2343.3321428451554,663.08,0.0,38.4,0,0,0.0,3379,2343.3321428451554
Data,1504,-0.0,0.0,234.09842731236407,0.0,2354.081572687636,751.42,0.0,38.4,0,0,0.0,3378,2354.081572687636
Data,1505,-0.0,0.0,600.0800198523777,0.0,1899.369980147622,796.15,0.0,189.4,0,0,0.0,3485,1899.3699801476223
Data,1506,-0.0,0.0,398.95559068575295,0.0,2010.664409314247,822.98,0.0,189.4,0,0,0.0,3422,2010.664409314247
Data,1507,-0.0,0.0,216.06932024371278,0.0,2155.2806797562876,852.05,0.0,192.6,0,0,0.0,3416,2155.280679756287
Data,1508,-0.0,0.0,100.81432761511658,0.0,2322.6456723848833,850.94,0.0,192.6,0,0,0.0,3467,2322.6456723848833
Data,1509,-0.0,0.0,48.3381927752815,0.0,2234.5518072247187,818.51,0.0,192.6,0,0,0.0,3294,2234.5518072247187
Data,1510,0.0,0.0,42.36346470278279,0.0,2096.426535297217,781.61,0.0,192.6,0,0,0.0,3113,2096.426535297217
Data,1511,0.0,0.0,80.29203707788936,0.0,1881.7879629221106,788.32,0.0,192.6,0,0,0.0,2943,1881.7879629221106
Data,1512,0.0,0.0,94.72460580984313,0.0,1770.895394190157,773.78,0.0,192.6,0,0,0.0,2832,1770.8953941901568
Data,1513,0.0,0.0,8.325911156595922,0.0,1423.7940888434039,761.48,0.0,540.4,0,0,0.0,2734,1423.794088843404
Data,1514,0.0,0.0,8.861783410813063,0.0,1462.308216589187,770.43,0.0,540.4,0,0,0.0,2782,1462.308216589187
Data,1515,0.0,0.0,20.168891325967024,0.0,1633.351108674033,786.08,0.0,540.4,0,0,0.0,2980,1633.351108674033
Data,1516,0.0,0.0,18.85397946198561,0.0,1753.4060205380142,826.34,0.0,540.4,0,0,0.0,3139,1753.4060205380144
Data,1517,0.0,0.0,34.00450269025382,0.0,1707.6154973097462,822.98,0.0,540.4,0,0,0.0,3105,1707.6154973097462
Data,1518,-0.0,0.0,79.15703757529123,0.0,1604.3529624247085,805.09,0.0,540.4,0,0,0.0,3029,1604.3529624247087
Data,1519,-0.0,0.0,69.31648314415568,0.0,1675.0335168558443,778.25,0.0,540.4,0,0,0.0,3063,1675.0335168558443
Data,1520,-0.0,0.0,80.18122168974877,0.0,2100.2387783102513,749.18,0.0,189.4,0,0,0.0,3119,2100.2387783102513
Data,1521,-0.0,0.0,35.9456936874,0.0,2395.9643063126,706.69,0.0,189.4,0,0,0.0,3328,2395.9643063126
Data,1522,-0.0,0.0,16.8945690378,0.0,2407.0,650.78,0.0,189.4,0,-153.9254309621997,0.0,3418,2560.9254309622
Data,1523,-0.0,0.0,24.9578548912689,0.0,2169.622145108731,653.02,0.0,540.4,0,0,0.0,3388,2169.6221451087313
Data,1524,-0.0,0.0,48.62677365855109,0.0,2407.0,651.9,0.0,189.4,0,-64.07322634144873,0.0,3361,2471.073226341449
Data,1525,-0.0,0.0,43.902996839267246,0.0,2005.9670031607332,585.93,0.0,537.2,0,0,0.0,3173,2005.9670031607327
Data,1526,-0.0,0.0,86.19225946873075,0.0,2390.817740531269,620.59,0.0,189.4,0,0,0.0,3287,2390.817740531269
Data,1527,-0.0,0.0,202.29268064241649,0.0,2255.9373193575834,656.37,0.0,189.4,0,0,0.0,3304,2255.9373193575834
Data,1528,-0.0,0.0,245.1861585608218,0.0,2133.133841439178,712.28,0.0,189.4,0,0,0.0,3280,2133.133841439178
Data,1529,-0.0,0.0,507.1191837448252,0.0,1583.5308162551744,765.95,0.0,540.4,0,0,0.0,3397,1583.5308162551748
Data,1530,-0.0,0.0,238.14187628269244,0.0,2135.8581237173075,836.4,0.0,192.6,0,0,0.0,3403,2135.8581237173075
Data,1531,-0.0,0.0,169.74863075298376,0.0,1808.0613692470163,866.59,0.0,543.6,0,0,0.0,3388,1808.0613692470163
Data,1532,-0.0,0.0,137.7425183618605,0.0,1965.1374816381397,837.52,0.0,543.6,0,0,0.0,3484,1965.1374816381394
Data,1533,-0.0,0.0,185.65864576566685,0.0,1750.521354234333,825.22,0.0,543.6,0,0,0.0,3305,1750.521354234333
Data,1534,0.0,0.0,190.25715635859194,0.0,1938.302843641408,814.04,0.0,189.4,0,0,0.0,3132,1938.3028436414081
Data,1535,0.0,0.0,264.6494961285974,0.0,1478.5005038714028,778.25,0.0,543.6,0,0,0.0,3065,1478.5005038714025
Data,1536,0.0,0.0,152.2594157387681,0.0,1529.8905842612319,759.25,0.0,543.6,0,0,0.0,2985,1529.8905842612319
Data,1537,0.0,0.0,123.35872994931759,0.0,1463.4012700506821,764.84,0.0,540.4,0,0,0.0,2892,1463.4012700506823
Data,1538,0.0,0.0,71.16692895445118,0.0,1536.4830710455485,765.95,0.0,540.4,0,0,0.0,2914,1536.4830710455487
Data,1539,0.0,0.0,84.00699900194329,0.0,1622.5630009980566,795.03,0.0,540.4,0,0,0.0,3042,1622.5630009980569
Data,1540,0.0,0.0,96.4668872648713,0.0,1705.1131127351289,825.22,0.0,537.2,0,0,0.0,3164,1705.1131127351287
Data,1541,0.0,0.0,166.48492280082388,0.0,1604.425077199176,829.69,0.0,540.4,0,0,0.0,3141,1604.425077199176
Data,1542,-0.0,0.0,124.96811390330257,0.0,1533.8818860966974,820.75,0.0,540.4,0,0,0.0,3020,1533.8818860966974
Data,1543,-0.0,0.0,99.23216039849999,0.0,1940.4578396015002,793.91,0.0,38.4,0,0,0.0,2872,1940.4578396015002
Data,1544,-0.0,0.0,108.468554062,0.0,1937.8414459379999,731.29,0.0,38.4,0,0,0.0,2816,1937.841445938
Data,1545,-0.0,0.0,213.52495630829998,0.0,1979.1050436917,680.97,0.0,38.4,0,0,0.0,2912,1979.1050436917
Data,1546,-0.0,0.0,204.05208297909007,0.0,2097.63791702091,670.91,0.0,38.4,0,0,0.0,3011,2097.6379170209098
Data,1547,-0.0,0.0,328.04443439899035,0.0,1986.90556560101,679.85,0.0,35.2,0,0,0.0,3030,1986.9055656010096
Data,1548,-0.0,0.0,380.9379606965215,0.0,1945.5720393034783,682.09,0.0,38.4,0,0,0.0,3047,1945.5720393034785
Data,1549,-0.0,0.0,589.4652179167115,0.0,1664.184782083288,623.95,0.0,38.4,0,0,0.0,2916,1664.1847820832884
Data,1550,-0.0,0.0,746.4901422850975,0.0,1454.0898577149026,653.02,0.0,38.4,0,0,0.0,2892,1454.0898577149026
Data,1551,-0.0,0.0,1207.0876760694,0.0,952.7623239305999,697.75,0.0,38.4,0,0,0.0,2896,952.7623239306
Data,1552,-0.0,0.0,1250.8812549962365,0.0,952.4887450037635,721.23,0.0,38.4,0,0,0.0,2963,952.4887450037635
Data,1553,-0.0,0.0,1698.378485530678,0.0,568.121514469322,774.9,0.0,41.6,0,0,0.0,3083,568.1215144693219
Data,1554,-0.0,0.0,1835.1054591068635,0.0,287.0745408931369,825.22,0.0,192.6,0,0,0.0,3140,287.0745408931365
Data,1555,-0.0,0.0,1430.6807324722054,0.0,383.60926752779466,843.11,0.0,543.6,0,0,0.0,3201,383.6092675277946
Data,1556,-0.0,0.0,1223.6295865944019,0.0,1081.3804134055983,817.39,0.0,192.6,0,0,0.0,3315,1081.3804134055981
Data,1557,-0.0,0.0,1283.0254736091033,0.0,704.4347263908967,810.68,0.0,334.8598,0,0,0.0,3133,704.4347263908967
Data,1558,0.0,0.0,1417.9981821906154,0.0,271.33181780938463,767.07,0.0,543.6,0,0,0.0,3000,271.3318178093846
Data,1559,0.0,0.0,1728.5642497662704,0.0,0.0,735.76,0.0,543.6,0,118.9242497662703,0.0,2889,-118.92424976627046
Data,1560,0.0,0.0,1761.1380055634345,0.0,0.0,723.46,0.0,543.6,0,179.19800556343432,0.0,2849,-179.19800556343455
Data,1561,0.0,0.0,1792.4927076154345,0.0,0.0,717.87,0.0,537.2,0,279.5627076154341,0.0,2768,-279.56270761543453
Data,1562,0.0,0.0,1793.0790678554345,0.0,0.0,772.66,0.0,540.4,0,279.1390678554343,0.0,2827,-279.1390678554344
Data,1563,0.0,0.0,1779.3933630554343,0.0,0.0,797.26,0.0,540.4,0,147.0533630554345,0.0,2970,-147.05336305543426
Data,1564,0.0,0.0,1790.9083452074342,0.0,0.0,830.81,0.0,540.4,0,81.11834520743434,0.0,3081,-81.11834520743412
Data,1565,0.0,0.0,1776.6994512894344,0.0,0.0,828.57,0.0,537.2,0,61.46945128943423,0.0,3081,-61.46945128943446
Data,1566,-0.0,0.0,1786.9448010894343,0.0,143.14519891056568,818.51,0.0,189.4,0,0,0.0,2938,143.14519891056565
Data,1567,-0.0,0.0,1133.1193783014342,0.0,309.98062169856587,799.5,0.0,540.4,0,0,0.0,2783,309.98062169856587
Data,1568,-0.0,0.0,889.6181980974342,0.0,1013.3318019025656,734.65,0.0,38.4,0,0,0.0,2676,1013.3318019025659
Data,1569,-0.0,0.0,1446.7904653145342,0.0,536.2795346854658,659.73,0.0,35.2,0,0,0.0,2678,536.2795346854657
Data,1570,-0.0,0.0,2354.8197917074344,0.0,0.0,655.25,0.0,38.4,0,293.4697916929063,0.0,2755,-293.4697917074344
Data,1571,-0.0,0.0,2221.4823023036342,0.0,0.0,666.44,0.0,38.4,0,166.32230230363427,0.0,2760,-166.3223023036343
Data,1572,-0.0,0.0,1928.5186888809344,0.0,77.88131111906557,664.2,0.0,38.4,0,0,0.0,2709,77.88131111906554
Data,1573,-0.0,0.0,1860.491151876034,0.0,171.05884812396573,606.05,0.0,38.4,0,0,0.0,2676,171.05884812396593
Data,1574,-0.0,0.0,1868.0923958769345,0.0,150.66760412306542,641.84,0.0,38.4,0,0,0.0,2699,150.6676041230655
Data,1575,-0.0,0.0,1961.1057254652342,0.0,0.0,658.61,0.0,38.4,0,0.11572546523450455,0.0,2658,-0.11572546523418481
Data,1576,-0.0,0.0,2014.1305968658344,0.0,3.3494031341657546,689.92,0.0,41.6,0,0,0.0,2749,3.3494031341656623
Data,1577,-0.0,0.0,1829.2727964372343,0.0,107.1172035627659,757.01,0.0,192.6,0,0,0.0,2886,107.1172035627657
Data,1578,-0.0,0.0,1856.6583711969342,0.0,189.11162880306563,819.63,0.0,192.6,0,0,0.0,3058,189.11162880306577
Data,1579,-0.0,0.0,1870.1637595717343,0.0,0.0,833.05,0.0,543.6,0,120.81375957173407,0.0,3126,-120.8137595717343
Data,1580,-0.0,0.0,1885.662713017034,0.0,380.40728698296596,807.33,0.0,192.6,0,0,0.0,3266,380.40728698296584
Data,1581,-0.0,0.0,1973.246934337334,0.0,223.41306566266564,801.74,0.0,192.6,0,0,0.0,3191,223.4130656626659
Data,1582,0.0,0.0,2310.6910134435343,0.0,0.0,777.14,0.0,189.4,0,310.23101344353415,0.0,2967,-310.23101344353427
Data,1583,0.0,0.0,2423.3458609024347,0.0,0.0,726.82,0.0,192.6,0,526.7658609024346,0.0,2816,-526.7658609024347
Data,1584,0.0,0.0,2496.7520550479344,0.0,0.0,697.75,0.0,192.6,0,634.1020550479342,0.0,2753,-634.1020550479344
Data,1585,0.0,0.0,2534.215291387651,0.0,0.0,680.97,0.0,38.4,0,623.5852913876513,0.0,2630,-623.5852913876512
Data,1586,0.0,0.0,2456.5709917743343,0.0,0.0,746.95,0.0,35.2,0,538.720991774334,0.0,2700,-538.7209917743344
Data,1587,0.0,0.0,2352.3261804502345,0.0,0.0,792.79,0.0,38.4,0,331.5161804502344,0.0,2852,-331.5161804502344
Data,1588,0.0,0.0,2400.51391750822,0.0,0.0,835.28,0.0,38.4,0,268.1939175082203,0.0,3006,-268.1939175082199
Data,1589,0.0,0.0,1773.5333842576479,0.0,360.1966157423521,840.87,0.0,38.4,0,0,0.0,3013,360.19661574235215
Data,1590,-0.0,0.0,2046.2870404926343,0.0,28.702959507366018,830.81,0.0,35.2,0,0,0.0,2941,28.70295950736572
Data,1591,-0.0,0.0,2127.3798731943343,0.0,0.0,771.55,0.0,38.4,0,4.329873194334027,0.0,2933,-4.329873194334276
Data,1592,-0.0,0.0,2099.725254736764,0.0,115.10474526323591,754.77,0.0,38.4,0,0,0.0,3008,115.10474526323614
Data,1593,-0.0,0.0,1912.365298322379,0.0,477.05470167762104,749.18,0.0,38.4,0,0,0.0,3177,477.0547016776211
Data,1594,-0.0,0.0,1559.3656435292341,0.0,966.3843564707657,679.85,0.0,38.4,0,0,0.0,3244,966.3843564707659
Data,1595,-0.0,0.0,1598.793159030734,0.0,917.4868409692657,665.32,0.0,38.4,0,0,0.0,3220,917.486840969266
Data,1596,-0.0,0.0,1647.1591699739718,0.0,865.8908300260284,667.55,0.0,38.4,0,0,0.0,3219,865.8908300260283
Data,1597,-0.0,0.0,1538.2015580105613,0.0,839.3984419894387,615.0,0.0,38.4,0,0,0.0,3031,839.3984419894388
Data,1598,-0.0,0.0,1516.2105186602544,0.0,1012.0794813397456,646.31,0.0,38.4,0,0,0.0,3213,1012.0794813397457
Data,1599,-0.0,0.0,1428.014060936042,0.0,1093.275939063958,646.31,0.0,38.4,0,0,0.0,3206,1093.275939063958
Data,1600,-0.0,0.0,1331.3899182536177,0.0,1152.7800817463824,696.63,0.0,35.2,0,0,0.0,3216,1152.7800817463824
Data,1601,-0.0,0.0,1280.6015320446852,0.0,1274.7284679553147,767.07,0.0,41.6,0,0,0.0,3364,1274.7284679553147
Data,1602,-0.0,0.0,1341.4763840678454,0.0,1127.9936159321549,831.93,0.0,41.6,0,0,0.0,3343,1127.9936159321546
Data,1603,-0.0,0.0,1185.1144891854806,0.0,1265.7555108145193,856.53,0.0,41.6,0,0,0.0,3349,1265.7555108145195
Data,1604,-0.0,0.0,1187.5026737597466,0.0,1372.0273262402536,840.87,0.0,41.6,0,0,0.0,3442,1372.0273262402534
Data,1605,-0.0,0.0,1205.9663867925,0.0,1247.3936132075,814.04,0.0,41.6,0,0,0.0,3309,1247.3936132075
Data,1606,0.0,0.0,1717.9550326177002,0.0,595.6549673822999,792.79,0.0,41.6,0,0,0.0,3148,595.6549673822998
Data,1607,0.0,0.0,1642.3265778744003,0.0,552.9834221255996,731.29,0.0,38.4,0,0,0.0,2965,552.9834221255998
Data,1608,0.0,0.0,1742.415543327414,0.0,407.2344566725861,716.75,0.0,41.6,0,0,0.0,2908,407.2344566725859
Data,1609,0.0,0.0,1450.0181836585002,0.0,607.3618163414999,702.22,0.0,38.4,0,0,0.0,2798,607.3618163414998
Data,1610,0.0,0.0,1639.9399778444001,0.0,442.48002215559995,749.18,0.0,38.4,0,0,0.0,2870,442.48002215559995
Data,1611,0.0,0.0,1075.1789507366,0.0,1121.6710492634004,765.95,0.0,35.2,0,0,0.0,2998,1121.6710492634
Data,1612,0.0,0.0,955.5559974897001,0.0,1365.0740025103,803.97,0.0,38.4,0,0,0.0,3163,1365.0740025102998
Data,1613,0.0,0.0,231.18188581749996,0.0,2038.6781141824997,801.74,0.0,38.4,0,0,0.0,3110,2038.6781141825
Data,1614,-0.0,0.0,542.3288439164,0.0,1664.1311560836,777.14,0.0,38.4,0,0,0.0,3022,1664.1311560836
Data,1615,-0.0,0.0,343.9895375774,0.0,1948.2404624226,705.57,0.0,35.2,0,0,0.0,3033,1948.2404624225999
Data,1616,-0.0,0.0,213.3792375953,0.0,2031.5907624047,696.63,0.0,38.4,0,0,0.0,2980,2031.5907624047
Data,1617,-0.0,0.0,141.5654017767,0.0,2268.0045982232996,672.03,0.0,38.4,0,0,0.0,3120,2268.0045982233
Data,1618,-0.0,0.0,96.30872599343687,0.0,2366.7212740065634,631.77,0.0,186.2,0,0,0.0,3281,2366.7212740065634
Data,1619,-0.0,0.0,417.4356341466031,0.0,2055.8543658533968,646.31,0.0,189.4,0,0,0.0,3309,2055.8543658533968
Data,1620,-0.0,0.0,135.83692753916586,0.0,2300.743072460834,653.02,0.0,189.4,0,0,0.0,3279,2300.7430724608344
Data,1621,-0.0,0.0,206.72926943070533,0.0,2131.610730569295,551.26,0.0,189.4,0,0,0.0,3079,2131.610730569295
Data,1622,-0.0,0.0,127.29025197058273,0.0,2247.489748029417,603.82,0.0,189.4,0,0,0.0,3168,2247.489748029417
Data,1623,-0.0,0.0,155.4155758730269,0.0,2215.534424126973,630.65,0.0,189.4,0,0,0.0,3191,2215.534424126973
Data,1624,-0.0,0.0,202.12803777960178,0.0,2110.4719622203984,688.8,0.0,192.6,0,0,0.0,3194,2110.4719622203984
Data,1625,-0.0,0.0,146.86941643286139,0.0,1901.0405835671386,780.49,0.0,543.6,0,0,0.0,3372,1901.0405835671386
Data,1626,-0.0,0.0,351.02407487681984,0.0,1646.7659251231803,830.81,0.0,540.4,0,0,0.0,3369,1646.7659251231803
Data,1627,-0.0,0.0,138.83496079615315,0.0,1799.215039203847,845.35,0.0,543.6,0,0,0.0,3327,1799.2150392038468
Data,1628,-0.0,0.0,178.25833479049533,0.0,1839.6216652095047,837.52,0.0,543.6,0,0,0.0,3399,1839.6216652095047
Data,1629,0.0,0.0,130.4264600499974,0.0,1766.6335399500026,826.34,0.0,543.6,0,0,0.0,3267,1766.6335399500026
Data,1630,0.0,0.0,152.54909095817698,0.0,1596.0009090418232,783.85,0.0,543.6,0,0,0.0,3076,1596.000909041823
Data,1631,0.0,0.0,187.60954914512186,0.0,1531.1404508548783,679.85,0.0,540.4,0,0,0.0,2939,1531.140450854878
Data,1632,0.0,0.0,470.9393046929821,0.0,1187.730695307018,659.73,0.0,543.6,0,0,0.0,2862,1187.7306953070179
Data,1633,0.0,0.0,594.630006475541,0.0,1009.1999935244589,631.77,0.0,540.4,0,0,0.0,2776,1009.199993524459
Data,1634,0.0,0.0,396.17689563062095,0.0,1173.5731043693793,710.05,0.0,537.2,0,0,0.0,2817,1173.573104369379
Data,1635,0.0,0.0,326.5869400748848,0.0,1357.7130599251152,750.3,0.0,540.4,0,0,0.0,2975,1357.7130599251152
Data,1636,0.0,0.0,347.97107669039997,0.0,1437.5789233096002,778.25,0.0,537.2,0,0,0.0,3101,1437.5789233096
Data,1637,0.0,0.0,667.6856616671,0.0,1114.3643383329,790.55,0.0,540.4,0,0,0.0,3113,1114.3643383329
Data,1638,-0.0,0.0,527.7734416406602,0.0,1246.81655835934,757.01,0.0,540.4,0,0,0.0,3072,1246.81655835934
Data,1639,-0.0,0.0,498.1761240558,0.0,1345.8238759442002,688.8,0.0,537.2,0,0,0.0,3070,1345.8238759442
Data,1640,-0.0,0.0,129.0917840992,0.0,2116.0882159007997,628.42,0.0,189.4,0,0,0.0,3063,2116.0882159008
Data,1641,-0.0,0.0,46.28427715306914,0.0,2361.545722846931,631.77,0.0,189.4,0,0,0.0,3229,2361.545722846931
Data,1642,-0.0,0.0,91.86701041672495,0.0,2092.332989583275,590.4,0.0,540.4,0,0,0.0,3315,2092.332989583275
Data,1643,-0.0,0.0,246.72241105963658,0.0,1897.6075889403633,570.27,0.0,540.4,0,0,0.0,3255,1897.6075889403635
Data,1644,-0.0,0.0,227.56875728680305,0.0,1860.9412427131967,559.09,0.0,540.4,0,0,0.0,3188,1860.941242713197
Data,1645,-0.0,0.0,241.738153637971,0.0,1716.321846362029,506.54,0.0,540.4,0,0,0.0,3005,1716.321846362029
Data,1646,-0.0,0.0,350.77156600456465,0.0,2075.2084339954354,554.62,0.0,189.4,0,0,0.0,3170,2075.2084339954354
Data,1647,-0.0,0.0,263.32707131411337,0.0,1793.4029286858868,594.87,0.0,540.4,0,0,0.0,3192,1793.4029286858868
Data,1648,-0.0,0.0,195.0422930946928,0.0,2206.6077069053067,667.55,0.0,195.8,0,0,0.0,3265,2206.607706905307
Data,1649,-0.0,0.0,160.74269084726873,0.0,1920.3073091527315,741.35,0.0,543.6,0,0,0.0,3366,1920.3073091527312
Data,1650,-0.0,0.0,163.39144119176473,0.0,1834.9685588082355,814.04,0.0,543.6,0,0,0.0,3356,1834.9685588082352
Data,1651,-0.0,0.0,419.81270915083417,0.0,1535.0572908491658,856.53,0.0,543.6,0,0,0.0,3355,1535.0572908491658
Data,1652,-0.0,0.0,431.17642770943417,0.0,1597.9935722905657,844.23,0.0,543.6,0,0,0.0,3417,1597.9935722905657
Data,1653,0.0,0.0,389.765701656141,0.0,1523.5942983438592,814.04,0.0,543.6,0,0,0.0,3271,1523.594298343859
Data,1654,0.0,0.0,704.181603035958,0.0,1122.228396964042,718.99,0.0,543.6,0,0,0.0,3089,1122.228396964042
Data,1655,0.0,0.0,716.8576927771579,0.0,1049.4523072228421,682.09,0.0,543.6,0,0,0.0,2992,1049.4523072228421
Data,1656,0.0,0.0,993.6081391569612,0.0,715.131860843039,649.66,0.0,543.6,0,0,0.0,2902,715.1318608430388
Data,1657,0.0,0.0,1539.8987827247342,0.0,90.78121727526616,616.12,0.0,537.2,0,0,0.0,2784,90.7812172752657
Data,1658,0.0,0.0,1573.0649175580343,0.0,21.495082441965565,691.04,0.0,540.4,0,0,0.0,2826,21.495082441965792
Data,1659,0.0,0.0,1715.815758010734,0.0,0.0,734.65,0.0,540.4,0,11.86575801073434,0.0,2979,-11.865758010733998
Data,1660,0.0,0.0,1614.738993093334,0.0,201.62100690666568,740.24,0.0,540.4,0,0,0.0,3097,201.6210069066659
Data,1661,0.0,0.0,1585.515318165434,0.0,263.02468183456574,748.06,0.0,540.4,0,0,0.0,3137,263.02468183456597
Data,1662,-0.0,0.0,1714.1393621019342,0.0,108.31063789806558,692.15,0.0,540.4,0,0,0.0,3055,108.3106378980658
Data,1663,-0.0,0.0,1472.0667858489342,0.0,391.9332141510657,639.6,0.0,540.4,0,0,0.0,3044,391.93321415106584
Data,1664,-0.0,0.0,1267.1667366120341,0.0,1007.0232633879658,609.41,0.0,189.4,0,0,0.0,3073,1007.0232633879659
Data,1665,-0.0,0.0,1068.5122411672355,0.0,1352.1477588327643,604.94,0.0,189.4,0,0,0.0,3215,1352.1477588327643
Data,1666,-0.0,0.0,891.1995923906798,0.0,1670.8504076093204,544.55,0.0,189.4,0,0,0.0,3296,1670.8504076093202
Data,1667,-0.0,0.0,842.1472947036139,0.0,1644.7827052963862,545.67,0.0,189.4,0,0,0.0,3222,1644.7827052963862
Data,1668,-0.0,0.0,754.5260147157248,0.0,1778.1639852842752,547.91,0.0,189.4,0,0,0.0,3270,1778.1639852842752
Data,1669,-0.0,0.0,726.7150635939025,0.0,1696.8349364060973,483.05,0.0,189.4,0,0,0.0,3096,1696.8349364060975
Data,1670,-0.0,0.0,1036.4199270564832,0.0,1558.7000729435167,515.48,0.0,189.4,0,0,0.0,3300,1558.7000729435167
Data,1671,-0.0,0.0,1177.7797878612805,0.0,1412.7402121387195,540.08,0.0,189.4,0,0,0.0,3320,1412.7402121387195
Data,1672,-0.0,0.0,1172.2225596205344,0.0,1324.1974403794657,626.18,0.0,189.4,0,0,0.0,3312,1324.1974403794657
Data,1673,-0.0,0.0,1173.0598315654343,0.0,1272.986868434566,694.39,0.0,260.5633,0,0,0.0,3401,1272.9868684345656
Data,1674,-0.0,0.0,1197.0902206620344,0.0,1235.2897793379657,776.02,0.0,192.6,0,0,0.0,3401,1235.2897793379657
Data,1675,-0.0,0.0,1261.7766216153345,0.0,788.0633783846657,809.56,0.0,543.6,0,0,0.0,3403,788.0633783846655
Data,1676,-0.0,0.0,1265.9932038267343,0.0,873.7867961732658,800.62,0.0,543.6,0,0,0.0,3484,873.7867961732657
Data,1677,0.0,0.0,1412.4818766564345,0.0,599.7281233435657,768.19,0.0,543.6,0,0,0.0,3324,599.7281233435655
Data,1678,0.0,0.0,1393.2226091934344,0.0,861.8473908065658,684.33,0.0,192.6,0,0,0.0,3132,861.8473908065655
Data,1679,0.0,0.0,1443.7692196293342,0.0,750.0807803706656,618.35,0.0,195.8,0,0,0.0,3008,750.0807803706657
Data,1680,0.0,0.0,1854.2099298007342,0.0,320.6800701992662,572.51,0.0,192.6,0,0,0.0,2940,320.68007019926574
Data,1681,0.0,0.0,2054.4044594672346,0.0,0.0,545.67,0.0,540.4,0,276.4744594672346,0.0,2864,-276.4744594672345
Data,1682,0.0,0.0,1749.802735983334,0.0,0.0,598.23,0.0,540.4,0,12.432735983334283,0.0,2876,-12.432735983334055
Data,1683,0.0,0.0,2061.767323326309,0.0,0.0,646.31,0.0,540.4,0,232.4773233263091,0.0,3016,-232.47732332630892
Data,1684,0.0,0.0,2087.8636306142885,0.0,0.0,654.14,0.0,540.4,0,175.40363061428843,0.0,3107,-175.40363061428843
Data,1685,0.0,0.0,1744.5366819748456,0.0,178.89331802515466,656.37,0.0,537.2,0,0,0.0,3117,178.89331802515437
Data,1686,-0.0,0.0,1413.1186658052923,0.0,480.47133419470765,634.01,0.0,540.4,0,0,0.0,3068,480.47133419470777
Data,1687,-0.0,0.0,1727.223686345111,0.0,107.53631365488866,641.84,0.0,540.4,0,0,0.0,3017,107.536313654889
Data,1688,-0.0,0.0,1172.2390028931197,0.0,736.3009971068803,625.06,0.0,540.4,0,0,0.0,3074,736.3009971068803
Data,1689,-0.0,0.0,878.0410433080592,0.0,1202.9089566919406,611.65,0.0,540.4,0,0,0.0,3233,1202.9089566919408
Data,1690,-0.0,0.0,561.9552726171295,0.0,1996.7247273828705,566.92,0.0,189.4,0,0,0.0,3315,1996.7247273828705
Data,1691,-0.0,0.0,816.7168228334507,0.0,1401.0831771665494,565.8,0.0,540.4,0,0,0.0,3324,1401.0831771665494
Data,1692,-0.0,0.0,647.1228911074326,0.0,1911.6871088925673,546.79,0.0,189.4,0,0,0.0,3295,1911.6871088925675
Data,1693,-0.0,0.0,668.7855765437656,0.0,1744.454423456234,514.36,0.0,189.4,0,0,0.0,3117,1744.4544234562343
Data,1694,-0.0,0.0,980.7360864959045,0.0,1511.6039135040958,551.26,0.0,189.4,0,0,0.0,3233,1511.6039135040955
Data,1695,-0.0,0.0,815.1522948686803,0.0,1644.0577051313198,571.39,0.0,189.4,0,0,0.0,3220,1644.0577051313196
Data,1696,-0.0,0.0,1087.064347967649,0.0,1026.115652032351,628.42,0.0,540.4,0,0,0.0,3282,1026.1156520323511
Data,1697,-0.0,0.0,576.0617630155477,0.0,1613.9382369844523,688.8,0.0,537.2,0,0,0.0,3416,1613.9382369844523
Data,1698,-0.0,0.0,745.1501501933443,0.0,1315.8498498066556,762.6,0.0,540.4,0,0,0.0,3364,1315.8498498066556
Data,1699,-0.0,0.0,847.0989109552703,0.0,1146.5110890447297,792.79,0.0,543.6,0,0,0.0,3330,1146.5110890447297
Data,1700,-0.0,0.0,1060.8038865276478,0.0,962.8561134723521,801.74,0.0,543.6,0,0,0.0,3369,962.8561134723521
Data,1701,0.0,0.0,852.3384854499511,0.0,1091.1815145500489,736.88,0.0,543.6,0,0,0.0,3224,1091.1815145500489
Data,1702,0.0,0.0,790.2184697884703,0.0,1037.0315302115296,673.15,0.0,543.6,0,0,0.0,3044,1037.0315302115296
Data,1703,0.0,0.0,867.0783349988612,0.0,961.451665001139,594.87,0.0,543.6,0,0,0.0,2967,961.4516650011387
Data,1704,0.0,0.0,809.6930098552899,0.0,1001.5769901447101,561.33,0.0,540.4,0,0,0.0,2913,1001.5769901447101
Data,1705,0.0,0.0,858.9878147893014,0.0,909.7721852106984,518.84,0.0,540.4,0,0,0.0,2828,909.7721852106986
Data,1706,0.0,0.0,984.2467960448777,0.0,750.4532039551221,528.9,0.0,540.4,0,0,0.0,2804,750.4532039551224
Data,1707,0.0,0.0,1046.7452112719086,0.0,740.9047887280914,623.95,0.0,540.4,0,0,0.0,2952,740.9047887280914
Data,1708,0.0,0.0,883.8438477404851,0.0,1029.2061522595147,648.55,0.0,540.4,0,0,0.0,3102,1029.206152259515
Data,1709,0.0,0.0,831.1260101246713,0.0,1044.9239898753285,667.55,0.0,540.4,0,0,0.0,3084,1044.9239898753287
Data,1710,-0.0,0.0,921.9055732920183,0.0,823.1444267079817,667.55,0.0,540.4,0,0,0.0,2953,823.1444267079818
Data,1711,-0.0,0.0,845.0948316579161,0.0,884.095168342084,609.41,0.0,540.4,0,0,0.0,2879,884.095168342084
Data,1712,-0.0,0.0,750.3199951059077,0.0,1171.061104894092,557.97,0.0,386.6489,0,0,0.0,2866,1171.0611048940923
Data,1713,-0.0,0.0,794.1094156111051,0.0,1127.830584388895,526.66,0.0,540.4,0,0,0.0,2989,1127.830584388895
Data,1714,-0.0,0.0,866.4620165571569,0.0,1183.967983442843,484.17,0.0,540.4,0,0,0.0,3075,1183.9679834428432
Data,1715,-0.0,0.0,766.3487159864544,0.0,1306.261284013545,472.99,0.0,540.4,0,0,0.0,3086,1306.2612840135457
Data,1716,-0.0,0.0,788.3664379151052,0.0,1550.856862084895,468.52,0.0,294.2567,0,0,0.0,3102,1550.8568620848948
Data,1717,-0.0,0.0,710.5098078535445,0.0,1302.4601921464553,450.63,0.0,540.4,0,0,0.0,3004,1302.4601921464555
Data,1718,-0.0,0.0,1487.3075626678083,0.0,487.3524373321915,481.94,0.0,540.4,0,0,0.0,2997,487.35243733219176
Data,1719,-0.0,0.0,907.7965972165778,0.0,1023.1434027834223,526.66,0.0,540.4,0,0,0.0,2998,1023.1434027834223
Data,1720,-0.0,0.0,1116.6646127623328,0.0,849.8653872376673,570.27,0.0,537.2,0,0,0.0,3074,849.8653872376672
Data,1721,-0.0,0.0,1350.930549823348,0.0,598.889450176652,650.78,0.0,540.4,0,0,0.0,3141,598.8894501766521
Data,1722,-0.0,0.0,1715.9087169751606,0.0,229.5412830248393,692.15,0.0,540.4,0,0,0.0,3178,229.54128302483946
Data,1723,-0.0,0.0,1803.3434886896716,0.0,98.66651131032809,743.59,0.0,540.4,0,0,0.0,3186,98.66651131032836
Data,1724,-0.0,0.0,2035.8242459641197,0.0,0.0,748.06,0.0,543.6,0,130.48424596411957,0.0,3197,-130.48424596411962
Data,1725,0.0,0.0,1603.0336004482053,0.0,204.55639955179475,707.81,0.0,543.6,0,0,0.0,3059,204.5563995517947
Data,1726,0.0,0.0,1340.3544111631415,0.0,356.6055888368585,666.44,0.0,543.6,0,0,0.0,2907,356.6055888368584
Data,1727,0.0,0.0,1400.1982772761983,0.0,262.3817227238017,603.82,0.0,543.6,0,0,0.0,2810,262.38172272380166
Data,1728,0.0,0.0,1928.4142318769793,0.0,0.0,553.5,0.0,540.4,0,244.31423187697948,0.0,2778,-244.3142318769793
Data,1729,0.0,0.0,1957.8881670050052,0.0,0.0,516.6,0.0,540.4,0,320.8881670050052,0.0,2694,-320.88816700500524
Data,1730,0.0,0.0,1927.8129335524352,0.0,0.0,541.2,0.0,540.4,0,301.4129335524354,0.0,2708,-301.4129335524352
Data,1731,0.0,0.0,2076.6121585008686,0.0,0.0,628.42,0.0,540.4,0,383.432158500869,0.0,2862,-383.4321585008686
Data,1732,0.0,0.0,1380.3826929971501,0.0,395.72730700284984,657.49,0.0,540.4,0,0,0.0,2974,395.7273070028499
Data,1733,0.0,0.0,1244.4784910215,0.0,510.66150897850025,649.66,0.0,537.2,0,0,0.0,2942,510.6615089784999
Data,1734,-0.0,0.0,1228.2983367935003,0.0,447.6516632064995,630.65,0.0,540.4,0,0,0.0,2847,447.65166320649973
Data,1735,-0.0,0.0,1229.160715013907,0.0,894.2092849860928,598.23,0.0,38.4,0,0,0.0,2760,894.2092849860929
Data,1736,-0.0,0.0,1176.2898242935137,0.0,873.5601757064862,574.75,0.0,38.4,0,0,0.0,2663,873.5601757064863
Data,1737,-0.0,0.0,1198.4534859225305,0.0,917.1065140774693,568.04,0.0,38.4,0,0,0.0,2722,917.1065140774696
Data,1738,-0.0,0.0,1145.2611824515025,0.0,1142.5188175484973,480.82,0.0,38.4,0,0,0.0,2807,1142.5188175484975
Data,1739,-0.0,0.0,923.0947439296062,0.0,1359.895256070394,461.81,0.0,35.2,0,0,0.0,2780,1359.8952560703938
Data,1740,-0.0,0.0,708.1215135831874,0.0,1546.2584864168127,456.22,0.0,38.4,0,0,0.0,2749,1546.2584864168125
Data,1741,-0.0,0.0,745.4493475275841,0.0,1545.2306524724158,443.92,0.0,38.4,0,0,0.0,2773,1545.2306524724158
Data,1742,-0.0,0.0,716.9732563495494,0.0,1512.4567436504503,484.17,0.0,38.4,0,0,0.0,2752,1512.4567436504506
Data,1743,-0.0,0.0,679.7032410831217,0.0,1513.6767589168783,505.42,0.0,35.2,0,0,0.0,2734,1513.6767589168783
Data,1744,-0.0,0.0,745.206657474194,0.0,1395.183342525806,560.21,0.0,38.4,0,0,0.0,2739,1395.183342525806
Data,1745,-0.0,0.0,702.0943831688581,0.0,1503.645616831142,649.66,0.0,41.6,0,0,0.0,2897,1503.645616831142
Data,1746,-0.0,0.0,642.1970439472402,0.0,1676.93295605276,693.27,0.0,41.6,0,0,0.0,3054,1676.93295605276
Data,1747,-0.0,0.0,825.8657772599583,0.0,1340.6442227400419,755.89,0.0,192.6,0,0,0.0,3115,1340.6442227400416
Data,1748,-0.0,0.0,717.7621722930908,0.0,1549.6978277069093,777.14,0.0,189.4,0,0,0.0,3234,1549.6978277069093
Data,1749,-0.0,0.0,595.2146277532927,0.0,1578.9353722467074,778.25,0.0,192.6,0,0,0.0,3145,1578.9353722467074
Data,1750,0.0,0.0,612.6601994049424,0.0,1432.4498005950577,731.29,0.0,192.6,0,0,0.0,2969,1432.4498005950577
Data,1751,0.0,0.0,678.4987497315627,0.0,1365.8412502684373,551.26,0.0,189.4,0,0,0.0,2785,1365.8412502684373
Data,1752,0.0,0.0,808.650223250667,0.0,1224.279776749333,496.47,0.0,192.6,0,0,0.0,2722,1224.279776749333
Data,1753,0.0,0.0,929.5049581544133,0.0,980.4450418455865,507.65,0.0,189.4,0,0,0.0,2607,980.4450418455867
Data,1754,0.0,0.0,1027.1724569324438,0.0,868.4775430675563,550.15,0.0,186.2,0,0,0.0,2632,868.4775430675563
Data,1755,0.0,0.0,1125.136497531063,0.0,880.5835024689368,613.88,0.0,189.4,0,0,0.0,2809,880.583502468937
Data,1756,0.0,0.0,1192.660319315427,0.0,951.2496806845733,632.89,0.0,186.2,0,0,0.0,2963,951.2496806845731
Data,1757,0.0,0.0,1251.776749633878,0.0,890.4532503661221,656.37,0.0,189.4,0,0,0.0,2988,890.4532503661221
Data,1758,-0.0,0.0,1234.2401899712995,0.0,834.4798100287009,663.08,0.0,186.2,0,0,0.0,2918,834.4798100287005
Data,1759,-0.0,0.0,1247.856181511451,0.0,1013.603818488549,654.14,0.0,38.4,0,0,0.0,2954,1013.603818488549
Data,1760,-0.0,0.0,1267.6837002868,0.0,1103.5362997132002,601.58,0.0,35.2,0,0,0.0,3008,1103.5362997132
Data,1761,-0.0,0.0,1188.4322729929,0.0,1306.9477270071002,579.22,0.0,38.4,0,0,0.0,3113,1306.9477270071
Data,1762,-0.0,0.0,1071.7544047744384,0.0,1643.5955952255615,532.25,0.0,38.4,0,0,0.0,3286,1643.5955952255615
Data,1763,-0.0,0.0,952.6109482956026,0.0,1848.0390517043975,500.95,0.0,38.4,0,0,0.0,3340,1848.0390517043975
Data,1764,-0.0,0.0,920.5465855078851,0.0,1857.0034144921146,483.05,0.0,38.4,0,0,0.0,3299,1857.0034144921149
Data,1765,-0.0,0.0,834.0771362505625,0.0,1800.6528637494375,471.87,0.0,38.4,0,0,0.0,3145,1800.6528637494375
Data,1766,-0.0,0.0,758.1016018956306,0.0,1930.8983981043693,516.6,0.0,38.4,0,0,0.0,3244,1930.8983981043693
Data,1767,-0.0,0.0,678.5755228913182,0.0,1932.1244771086817,528.9,0.0,38.4,0,0,0.0,3178,1932.1244771086817
Data,1768,-0.0,0.0,575.9469530693959,0.0,1987.2730469306039,552.38,0.0,38.4,0,0,0.0,3154,1987.273046930604
Data,1769,-0.0,0.0,512.9172481874089,0.0,1576.8127518125912,668.67,0.0,543.6,0,0,0.0,3302,1576.8127518125912
Data,1770,-0.0,0.0,756.2124781341488,0.0,1280.5375218658512,753.65,0.0,543.6,0,0,0.0,3334,1280.5375218658512
Data,1771,-0.0,0.0,1033.0727031722722,0.0,948.0072968277276,788.32,0.0,543.6,0,0,0.0,3313,948.0072968277277
Data,1772,-0.0,0.0,1099.3633095849227,0.0,997.5766904150773,772.66,0.0,540.4,0,0,0.0,3410,997.5766904150773
Data,1773,0.0,0.0,1173.8347734546724,0.0,782.2552265453278,769.31,0.0,543.6,0,0,0.0,3269,782.2552265453277
Data,1774,0.0,0.0,1269.9489847856746,0.0,514.1010152143256,741.35,0.0,543.6,0,0,0.0,3069,514.1010152143253
Data,1775,0.0,0.0,1452.6218390270994,0.0,277.7081609729006,644.07,0.0,543.6,0,0,0.0,2918,277.7081609729005
Data,1776,0.0,0.0,1528.2641642404417,0.0,159.4358357595583,602.7,0.0,543.6,0,0,0.0,2834,159.43583575955824
Data,1777,0.0,0.0,1374.764394868573,0.0,263.735605131427,578.1,0.0,540.4,0,0,0.0,2757,263.73560513142706
Data,1778,0.0,0.0,1202.4679898416327,0.0,445.7320101583671,590.4,0.0,540.4,0,0,0.0,2779,445.7320101583673
Data,1779,0.0,0.0,1120.163076485051,0.0,636.1269235149488,646.31,0.0,540.4,0,0,0.0,2943,636.126923514949
Data,1780,0.0,0.0,1336.6561404257031,0.0,535.8538595742966,682.09,0.0,540.4,0,0,0.0,3095,535.8538595742968
Data,1781,0.0,0.0,1370.3552710236927,0.0,471.7347289763073,695.51,0.0,540.4,0,0,0.0,3078,471.73472897630734
Data,1782,-0.0,0.0,1448.3894680986139,0.0,327.29053190138603,689.92,0.0,540.4,0,0,0.0,3006,327.2905319013862
Data,1783,-0.0,0.0,1601.8173281225083,0.0,190.90267187749149,613.88,0.0,540.4,0,0,0.0,2947,190.90267187749168
Data,1784,-0.0,0.0,1251.7865152960385,0.0,1134.9634847039615,556.85,0.0,38.4,0,0,0.0,2982,1134.9634847039615
Data,1785,-0.0,0.0,777.6036906755497,0.0,1784.0863093244504,547.91,0.0,38.4,0,0,0.0,3148,1784.0863093244502
Data,1786,-0.0,0.0,650.9294204283547,0.0,2064.830579571645,518.84,0.0,38.4,0,0,0.0,3273,2064.830579571645
Data,1787,-0.0,0.0,833.45484892346,0.0,1915.02515107654,493.12,0.0,38.4,0,0,0.0,3280,1915.02515107654
Data,1788,-0.0,0.0,815.9963370955408,0.0,1873.8936629044592,498.71,0.0,38.4,0,0,0.0,3227,1873.8936629044592
Data,1789,-0.0,0.0,796.7923603279191,0.0,1758.167639672081,469.64,0.0,38.4,0,0,0.0,3063,1758.167639672081
Data,1790,-0.0,0.0,985.5084522884098,0.0,1702.8515477115898,494.24,0.0,38.4,0,0,0.0,3221,1702.8515477115902
Data,1791,-0.0,0.0,1375.4457444910738,0.0,1272.1442555089263,511.01,0.0,38.4,0,0,0.0,3197,1272.144255508926
Data,1792,-0.0,0.0,1315.1218675125988,0.0,1319.2381324874013,543.44,0.0,35.2,0,0,0.0,3213,1319.2381324874011
Data,1793,-0.0,0.0,1375.948934191107,0.0,1293.7410658088932,670.91,0.0,38.4,0,0,0.0,3379,1293.7410658088932
Data,1794,-0.0,0.0,1664.3770949654163,0.0,770.1629050345836,748.06,0.0,189.4,0,0,0.0,3372,770.1629050345838
Data,1795,-0.0,0.0,1629.2035119972343,0.0,727.5864880027658,781.61,0.0,192.6,0,0,0.0,3331,727.5864880027657
Data,1796,-0.0,0.0,1232.7876049234342,0.0,1173.8923950765661,763.72,0.0,192.6,0,0,0.0,3363,1173.892395076566
Data,1797,0.0,0.0,1371.7985599308345,0.0,902.0614400691658,752.54,0.0,192.6,0,0,0.0,3219,902.0614400691655
Data,1798,0.0,0.0,1401.058112966034,0.0,707.2918870339662,729.05,0.0,192.6,0,0,0.0,3030,707.291887033966
Data,1799,0.0,0.0,1584.1323007247343,0.0,521.217699275266,587.05,0.0,192.6,0,0,0.0,2885,521.2176992752658
Data,1800,0.0,0.0,2165.3234373866444,0.0,0.0,549.03,0.0,192.6,0,86.95343738664465,0.0,2820,-86.95343738664437
Data,1801,0.0,0.0,1850.5590767678702,0.0,169.3109232321297,536.73,0.0,189.4,0,0,0.0,2746,169.31092323212974
Data,1802,0.0,0.0,1807.971771934149,0.0,192.8282280658509,565.8,0.0,189.4,0,0,0.0,2756,192.828228065851
Data,1803,0.0,0.0,1634.6111756779649,0.0,493.5788243220352,609.41,0.0,189.4,0,0,0.0,2927,493.5788243220352
Data,1804,0.0,0.0,1372.5381860942316,0.0,848.7818139057686,638.48,0.0,186.2,0,0,0.0,3046,848.7818139057683
Data,1805,0.0,0.0,1460.9557595796637,0.0,778.5542404203362,682.09,0.0,189.4,0,0,0.0,3111,778.5542404203363
Data,1806,-0.0,0.0,1497.1237864210354,0.0,611.8062135789644,668.67,0.0,189.4,0,0,0.0,2967,611.8062135789646
Data,1807,-0.0,0.0,1523.2031772773673,0.0,718.8568227226325,629.54,0.0,38.4,0,0,0.0,2910,718.8568227226327
Data,1808,-0.0,0.0,1612.3462883618163,0.0,677.9137116381834,580.34,0.0,38.4,0,0,0.0,2909,677.9137116381837
Data,1809,-0.0,0.0,1698.1560090981804,0.0,740.6339909018195,584.81,0.0,38.4,0,0,0.0,3062,740.6339909018196
Data,1810,-0.0,0.0,1871.341751524,0.0,801.6282484759997,573.63,0.0,38.4,0,0,0.0,3285,801.628248476
Data,1811,-0.0,0.0,1494.6133774565,0.0,1245.9566225434996,549.03,0.0,38.4,0,0,0.0,3328,1245.9566225434999
Data,1812,-0.0,0.0,1597.0011136079,0.0,1157.2788863920998,542.32,0.0,38.4,0,0,0.0,3335,1157.2788863921
Data,1813,-0.0,0.0,1715.3014526333664,0.0,934.3585473666336,481.94,0.0,38.4,0,0,0.0,3170,934.3585473666336
Data,1814,-0.0,0.0,1688.0673179868077,0.0,1096.3426820131922,522.19,0.0,38.4,0,0,0.0,3345,1096.3426820131922
Data,1815,-0.0,0.0,1866.4737259868416,0.0,877.1662740131583,538.96,0.0,38.4,0,0,0.0,3321,877.1662740131584
Data,1816,-0.0,0.0,1826.902700657418,0.0,837.3872993425819,597.11,0.0,41.6,0,0,0.0,3303,837.3872993425819
Data,1817,-0.0,0.0,1814.144652983657,0.0,365.9053470163433,667.55,0.0,540.4,0,0,0.0,3388,365.90534701634317
Data,1818,-0.0,0.0,1606.6886920115303,0.0,490.8413079884699,717.87,0.0,543.6,0,0,0.0,3359,490.8413079884697
Data,1819,-0.0,0.0,1517.7635205360466,0.0,565.3364794639539,750.3,0.0,543.6,0,0,0.0,3377,565.3364794639534
Data,1820,-0.0,0.0,1679.0672393745474,0.0,440.07276062545253,748.06,0.0,546.8,0,0,0.0,3414,440.0727606254527
Data,1821,-0.0,0.0,866.4365349446,0.0,1087.2034650554,735.76,0.0,543.6,0,0,0.0,3233,1087.2034650554
Data,1822,0.0,0.0,900.2686098371952,0.0,939.571390162805,686.56,0.0,543.6,0,0,0.0,3070,939.5713901628048
Data,1823,0.0,0.0,781.0622957040954,0.0,1036.4077042959048,585.93,0.0,543.6,0,0,0.0,2947,1036.4077042959048
Data,1824,0.0,0.0,1035.6713577506555,0.0,703.9086422493444,554.62,0.0,546.8,0,0,0.0,2841,703.9086422493446
Data,1825,0.0,0.0,1380.1765035131343,0.0,237.79349648686537,573.63,0.0,540.4,0,0,0.0,2732,237.7934964868657
Data,1826,0.0,0.0,771.6554175028342,0.0,885.4245824971657,591.52,0.0,540.4,0,0,0.0,2789,885.4245824971658
Data,1827,0.0,0.0,296.62076787143417,0.0,1545.4092321285657,582.57,0.0,540.4,0,0,0.0,2965,1545.4092321285657
Data,1828,0.0,0.0,912.8103910016342,0.0,1027.8396089983657,623.95,0.0,540.4,0,0,0.0,3105,1027.8396089983657
Data,1829,0.0,0.0,403.4329204895341,0.0,1514.427079510466,629.54,0.0,543.6,0,0,0.0,3091,1514.4270795104658
Data,1830,-0.0,0.0,444.5200205520341,0.0,1767.959979447966,616.12,0.0,189.4,0,0,0.0,3018,1767.959979447966
Data,1831,-0.0,0.0,387.98903633623416,0.0,2020.2609636637658,599.35,0.0,38.4,0,0,0.0,3046,2020.2609636637658
Data,1832,-0.0,0.0,1061.883015361334,0.0,1440.4369846386658,589.28,0.0,38.4,0,0,0.0,3130,1440.436984638666
Data,1833,-0.0,0.0,877.3389185673416,0.0,1866.3910814326584,594.87,0.0,38.4,0,0,0.0,3377,1866.3910814326584
Data,1834,-0.0,0.0,775.6205127354341,0.0,2122.929487264566,587.05,0.0,38.4,0,0,0.0,3524,2122.929487264566
Data,1835,-0.0,0.0,1050.3219750693488,0.0,1869.128024930651,569.15,0.0,38.4,0,0,0.0,3527,1869.1280249306512
Data,1836,-0.0,0.0,802.0144731274341,0.0,2012.3555268725659,598.23,0.0,38.4,0,0,0.0,3451,2012.3555268725659
Data,1837,-0.0,0.0,759.3092229146342,0.0,1885.9807770853658,572.51,0.0,35.2,0,0,0.0,3253,1885.9807770853658
Data,1838,-0.0,0.0,1114.6445490050342,0.0,1674.3654509949656,620.59,0.0,38.4,0,0,0.0,3448,1674.3654509949658
Data,1839,-0.0,0.0,1130.5471083201342,0.0,1640.8628916798657,645.19,0.0,38.4,0,0,0.0,3455,1640.8628916798657
Data,1840,-0.0,0.0,981.8879121523343,0.0,1738.2520878476662,649.66,0.0,35.2,0,0,0.0,3405,1738.2520878476657
Data,1841,-0.0,0.0,776.5069435259595,0.0,1815.3530564740402,678.74,0.0,189.4,0,0,0.0,3460,1815.3530564740404
Data,1842,-0.0,0.0,1594.2414025775424,0.0,579.6385974224578,714.52,0.0,543.6,0,0,0.0,3432,579.6385974224576
Data,1843,-0.0,0.0,1715.9005659714344,0.0,442.2694340285658,721.23,0.0,543.6,0,0,0.0,3423,442.26943402856557
Data,1844,-0.0,0.0,1730.3428455345363,0.0,801.4771544654639,724.58,0.0,192.6,0,0,0.0,3449,801.4771544654636
Data,1845,-0.0,0.0,1774.7206504853343,0.0,235.64934951466546,721.23,0.0,540.4,0,0,0.0,3272,235.6493495146657
Data,1846,0.0,0.0,1564.2728940024344,0.0,266.9771059975657,692.15,0.0,543.6,0,0,0.0,3067,266.97710599756556
Data,1847,0.0,0.0,1140.2720926955922,0.0,666.7779073044081,618.35,0.0,543.6,0,0,0.0,2969,666.7779073044078
Data,1848,0.0,0.0,1303.1791025614343,0.0,464.9808974385659,617.24,0.0,543.6,0,0,0.0,2929,464.98089743856565
Data,1849,0.0,0.0,1564.3474098098668,0.0,85.49259019013309,612.76,0.0,540.4,0,0,0.0,2803,85.49259019013323
Data,1850,0.0,0.0,2072.0607758757337,0.0,0.0,638.48,0.0,540.4,0,423.940775875734,0.0,2827,-423.9407758757337
Data,1851,0.0,0.0,2468.4928541877343,0.0,0.0,672.03,0.0,540.4,0,695.9228541877343,0.0,2985,-695.9228541877343
Data,1852,0.0,0.0,2178.4149601896343,0.0,0.0,688.8,0.0,540.4,0,300.6149601896342,0.0,3107,-300.6149601896342
Data,1853,0.0,0.0,1771.1490431222683,0.0,127.94095687773192,695.51,0.0,540.4,0,1.9895196601282805e-13,0.0,3135,127.94095687773176
Data,1854,-0.0,0.0,1692.9472351188342,0.0,106.63276488116605,702.22,0.0,537.2,0,0,0.0,3039,106.63276488116571
Data,1855,-0.0,0.0,1283.1097123052477,0.0,473.69028769475216,688.8,0.0,540.4,0,0,0.0,2986,473.6902876947523
Data,1856,-0.0,0.0,986.8595148466428,0.0,865.3904851533572,618.35,0.0,540.4,0,0,0.0,3011,865.3904851533572
Data,1857,-0.0,0.0,1171.1133257954343,0.0,882.8366742045656,611.65,0.0,540.4,0,0,0.0,3206,882.8366742045657
Data,1858,-0.0,0.0,1390.7136916954341,0.0,885.2563083045656,573.63,0.0,540.4,0,0,0.0,3390,885.2563083045659
Data,1859,-0.0,0.0,1481.040574022334,0.0,1199.4094259776657,569.15,0.0,189.4,0,0,0.0,3439,1199.409425977666
Data,1860,-0.0,0.0,1761.6761102376345,0.0,546.9438897623655,576.98,0.0,540.4,0,0,0.0,3426,546.9438897623655
Data,1861,-0.0,0.0,1838.6545602772344,0.0,299.8554397227655,559.09,0.0,540.4,0,0,0.0,3238,299.8554397227656
Data,1862,-0.0,0.0,1807.793989207334,0.0,502.8860107926656,566.92,0.0,540.4,0,0,0.0,3418,502.88601079266596
Data,1863,-0.0,0.0,1792.8445237594342,0.0,495.3854762405657,582.57,0.0,537.2,0,0,0.0,3408,495.3854762405657
Data,1864,-0.0,0.0,1797.4032245373342,0.0,412.6467754626659,648.55,0.0,540.4,0,0,0.0,3399,412.6467754626659
Data,1865,-0.0,0.0,1803.0201235625345,0.0,449.63987643746543,678.74,0.0,543.6,0,0,0.0,3475,449.63987643746543
Data,1866,-0.0,0.0,1596.1337972554343,0.0,557.686202744566,724.58,0.0,543.6,0,0,0.0,3422,557.6862027445657
Data,1867,-0.0,0.0,1440.1005754514345,0.0,591.8594245485657,789.44,0.0,543.6,0,0,0.0,3365,591.8594245485655
Data,1868,-0.0,0.0,1379.262740358239,0.0,690.6372596417611,799.5,0.0,543.6,0,0,0.0,3413,690.637259641761
Data,1869,-0.0,0.0,792.1292388413067,0.0,1154.9207611586935,741.35,0.0,543.6,0,0,0.0,3232,1154.9207611586933
Data,1870,0.0,0.0,1031.9594654206041,0.0,789.2905345793957,692.15,0.0,543.6,0,0,0.0,3057,789.2905345793959
Data,1871,0.0,0.0,565.6757875060063,0.0,1211.774212493994,642.95,0.0,543.6,0,0,0.0,2964,1211.7742124939937
Data,1872,0.0,0.0,230.7963109703436,0.0,1449.733689029656,644.07,0.0,540.4,0,0,0.0,2865,1449.7336890296565
Data,1873,0.0,0.0,411.5450411523088,0.0,1187.2249588476911,622.83,0.0,540.4,0,0,0.0,2762,1187.2249588476911
Data,1874,0.0,0.0,367.0367181517375,0.0,1242.7932818482625,631.77,0.0,540.4,0,0,0.0,2782,1242.7932818482625
Data,1875,0.0,0.0,438.0875419668023,0.0,1262.0024580331976,695.51,0.0,540.4,0,0,0.0,2936,1262.0024580331979
Data,1876,0.0,0.0,381.09319887232334,0.0,1409.6868011276765,726.82,0.0,540.4,0,0,0.0,3058,1409.6868011276765
Data,1877,0.0,0.0,392.0100760436342,0.0,1395.7699239563656,726.82,0.0,540.4,0,0,0.0,3055,1395.7699239563658
Data,1878,-0.0,0.0,508.07647489173416,0.0,1160.3135251082663,732.41,0.0,537.2,0,0,0.0,2938,1160.3135251082658
Data,1879,-0.0,0.0,913.1924894717804,0.0,605.5875105282194,726.82,0.0,540.4,0,0,0.0,2786,605.5875105282196
Data,1880,-0.0,0.0,862.8635879738157,0.0,717.3664120261843,656.37,0.0,540.4,0,0,0.0,2777,717.3664120261843
Data,1881,-0.0,0.0,473.329403075851,0.0,1282.520596924149,642.95,0.0,537.2,0,0,0.0,2936,1282.5205969241488
Data,1882,-0.0,0.0,408.10365943376286,0.0,1502.846340566237,630.65,0.0,540.4,0,0,0.0,3082,1502.8463405662371
Data,1883,-0.0,0.0,97.17796997160283,0.0,2204.652030028397,631.77,0.0,189.4,0,0,0.0,3123,2204.6520300283973
Data,1884,-0.0,0.0,95.66508268378921,0.0,2230.2449173162113,632.89,0.0,186.2,0,0,0.0,3145,2230.244917316211
Data,1885,-0.0,0.0,185.6867851024518,0.0,1993.783214897548,635.13,0.0,189.4,0,0,0.0,3004,1993.783214897548
Data,1886,-0.0,0.0,271.6730029150741,0.0,1621.2869970849258,641.84,0.0,537.2,0,0,0.0,3072,1621.2869970849258
Data,1887,-0.0,0.0,455.52108259582667,0.0,1379.3589174041733,640.72,0.0,540.4,0,0,0.0,3016,1379.3589174041733
Data,1888,-0.0,0.0,412.7111649236042,0.0,1388.418835076396,668.67,0.0,537.2,0,0,0.0,3007,1388.4188350763957
Data,1889,-0.0,0.0,428.0078077316964,0.0,1395.8621922683037,733.53,0.0,543.6,0,0,0.0,3101,1395.8621922683037
Data,1890,-0.0,0.0,613.2660936392341,0.0,1254.733906360766,762.6,0.0,540.4,0,0,0.0,3171,1254.733906360766
Data,1891,-0.0,0.0,487.37522233103414,0.0,1353.4147776689656,781.61,0.0,543.6,0,0,0.0,3166,1353.4147776689658
Data,1892,-0.0,0.0,657.8208076632342,0.0,1269.559192336766,776.02,0.0,543.6,0,0,0.0,3247,1269.5591923367658
Data,1893,-0.0,0.0,961.096672449334,0.0,851.133327550666,779.37,0.0,540.4,0,0,0.0,3132,851.133327550666
Data,1894,0.0,0.0,773.669899092834,0.0,938.270100907166,723.46,0.0,543.6,0,0,0.0,2979,938.2701009071659
Data,1895,0.0,0.0,497.00806348143414,0.0,1199.1419365185661,655.25,0.0,543.6,0,0,0.0,2895,1199.141936518566
Data,1896,0.0,0.0,503.22058338124367,0.0,1125.129416618756,655.25,0.0,540.4,0,0,0.0,2824,1125.1294166187563
Data,1897,0.0,0.0,704.6211842010017,0.0,821.908815798998,644.07,0.0,540.4,0,0,0.0,2711,821.9088157989983
Data,1898,0.0,0.0,690.0436377396388,0.0,842.176362260361,675.38,0.0,540.4,0,0,0.0,2748,842.1763622603612
Data,1899,0.0,0.0,1095.9568933972341,0.0,596.473106602766,656.37,0.0,537.2,0,0,0.0,2886,596.4731066027658
Data,1900,0.0,0.0,1014.4480318891341,0.0,742.1719681108658,699.98,0.0,540.4,0,0,0.0,2997,742.1719681108659
Data,1901,0.0,0.0,991.881959085534,0.0,749.8580409144657,698.86,0.0,540.4,0,0,0.0,2981,749.858040914466
Data,1902,-0.0,0.0,788.1661049228342,0.0,843.653895077166,699.98,0.0,537.2,0,0,0.0,2869,843.6538950771658
Data,1903,-0.0,0.0,564.1486543082613,0.0,941.7013456917387,697.75,0.0,540.4,0,0,0.0,2744,941.7013456917388
Data,1904,-0.0,0.0,427.23650390115114,0.0,1603.1434960988488,628.42,0.0,35.2,0,0,0.0,2694,1603.1434960988488
Data,1905,-0.0,0.0,299.1684620189906,0.0,1855.1315379810096,627.3,0.0,38.4,0,0,0.0,2820,1855.1315379810094
Data,1906,-0.0,0.0,334.03211134602606,0.0,1883.9378886539741,622.83,0.0,35.2,0,0,0.0,2876,1883.937888653974
Data,1907,-0.0,0.0,425.8471085184755,0.0,1851.8728914815242,613.88,0.0,38.4,0,0,0.0,2930,1851.8728914815244
Data,1908,-0.0,0.0,392.4522045535331,0.0,1954.797795446467,618.35,0.0,38.4,0,0,0.0,3004,1954.7977954464668
Data,1909,-0.0,0.0,360.8791696401171,0.0,1975.110830359883,584.81,0.0,35.2,0,0,0.0,2956,1975.110830359883
Data,1910,-0.0,0.0,425.9200757279656,0.0,1875.5899242720345,608.29,0.0,35.2,0,0,0.0,2945,1875.5899242720345
Data,1911,-0.0,0.0,374.16125676,0.0,1915.43874324,615.0,0.0,38.4,0,0,0.0,2943,1915.43874324
Data,1912,-0.0,0.0,426.48743781444136,0.0,1841.882562185559,647.43,0.0,35.2,0,0,0.0,2951,1841.8825621855588
Data,1913,-0.0,0.0,353.9693804152489,0.0,1781.590619584751,764.84,0.0,192.6,0,0,0.0,3093,1781.590619584751
Data,1914,-0.0,0.0,482.36455698677895,0.0,1354.785443013221,808.45,0.0,540.4,0,0,0.0,3186,1354.785443013221
Data,1915,-0.0,0.0,468.4586838041536,0.0,1386.3113161958463,819.63,0.0,543.6,0,0,0.0,3218,1386.3113161958463
Data,1916,-0.0,0.0,488.3844157572746,0.0,1479.2955842427252,812.92,0.0,540.4,0,0,0.0,3321,1479.2955842427255
Data,1917,-0.0,0.0,642.9507992006675,0.0,1209.3592007993325,805.09,0.0,543.6,0,0,0.0,3201,1209.3592007993325
Data,1918,0.0,0.0,499.1361657598146,0.0,1298.3138342401853,673.15,0.0,540.4,0,0,0.0,3011,1298.3138342401853
Data,1919,0.0,0.0,622.3489528578108,0.0,999.2010471421894,660.85,0.0,543.6,0,0,0.0,2826,999.2010471421892
Data,1920,0.0,0.0,445.51444396175964,0.0,1060.7855560382404,627.3,0.0,540.4,0,0,0.0,2674,1060.7855560382404
Data,1921,0.0,0.0,382.7855106436125,0.0,1414.2544893563875,563.56,0.0,189.4,0,0,0.0,2550,1414.2544893563875
Data,1922,0.0,0.0,513.9159649647395,0.0,1283.4840350352606,590.4,0.0,186.2,0,0,0.0,2574,1283.4840350352606
Data,1923,0.0,0.0,580.8225645359,0.0,887.6274354640998,673.15,0.0,540.4,0,0,0.0,2682,887.6274354641
Data,1924,0.0,0.0,1198.6951768009,0.0,506.15762319910004,658.61,0.0,495.5372,0,0,0.0,2859,506.15762319909993
Data,1925,0.0,0.0,923.9142371554999,0.0,730.6657628445003,702.22,0.0,537.2,0,0,0.0,2894,730.6657628445
Data,1926,-0.0,0.0,1123.87595070822,0.0,824.3240492917798,713.4,0.0,189.4,0,0,0.0,2851,824.32404929178
Data,1927,-0.0,0.0,835.3491810427073,0.0,769.6708189572927,724.58,0.0,540.4,0,0,0.0,2870,769.6708189572927
Data,1928,-0.0,0.0,839.5975151870344,0.0,1169.522484812966,687.68,0.0,186.2,0,0,0.0,2883,1169.5224848129656
Data,1929,-0.0,0.0,750.1192876527316,0.0,1561.740712347268,678.74,0.0,189.4,0,0,0.0,3180,1561.7407123472683
Data,1930,-0.0,0.0,1093.9177589777148,0.0,1506.4122410222851,693.27,0.0,189.4,0,0,0.0,3483,1506.4122410222851
Data,1931,-0.0,0.0,899.8830531478474,0.0,1711.526946852153,694.39,0.0,186.2,0,0,0.0,3492,1711.5269468521526
Data,1932,-0.0,0.0,738.6260884676826,0.0,1961.0639115323174,670.91,0.0,189.4,0,0,0.0,3560,1961.0639115323174
Data,1933,-0.0,0.0,1067.0386293963325,0.0,1468.0013706036675,612.76,0.0,186.2,0,0,0.0,3334,1468.0013706036675
Data,1934,-0.0,0.0,1040.9531910846001,0.0,1531.0968089154,667.55,0.0,189.4,0,0,0.0,3429,1531.0968089153998
Data,1935,-0.0,0.0,778.8811956293947,0.0,1753.5688043706052,673.15,0.0,189.4,0,0,0.0,3395,1753.5688043706052
Data,1936,-0.0,0.0,759.9291437500895,0.0,1700.0008562499108,717.87,0.0,186.2,0,0,0.0,3364,1700.0008562499106
Data,1937,-0.0,0.0,873.9778988679565,0.0,1245.5721011320438,802.85,0.0,543.6,0,0,0.0,3466,1245.5721011320434
Data,1938,-0.0,0.0,1329.5649291166492,0.0,725.4950708833508,826.34,0.0,543.6,0,0,0.0,3425,725.4950708833508
Data,1939,-0.0,0.0,1427.824644594195,0.0,584.7853554058049,841.99,0.0,540.4,0,0,0.0,3395,584.785355405805
Data,1940,-0.0,0.0,1229.3238917545757,0.0,812.5561082454244,837.52,0.0,543.6,0,0,0.0,3423,812.5561082454243
Data,1941,0.0,0.0,1528.101499877411,0.0,383.438500122589,821.86,0.0,543.6,0,0,0.0,3277,383.43850012258895
Data,1942,0.0,0.0,1326.9919546614922,0.0,493.05804533850807,722.35,0.0,543.6,0,0,0.0,3086,493.0580453385078
Data,1943,0.0,0.0,1243.2091151361703,0.0,438.2308848638298,711.16,0.0,540.4,0,0,0.0,2933,438.2308848638297
Data,1944,0.0,0.0,780.7657127783772,0.0,768.0642872216227,705.57,0.0,543.6,0,0,0.0,2798,768.0642872216227
Data,1945,0.0,0.0,649.1070825059612,0.0,828.4029174940385,682.09,0.0,540.4,0,0,0.0,2700,828.4029174940388
Data,1946,0.0,0.0,294.73418880306474,0.0,1209.895811196935,680.97,0.0,540.4,0,0,0.0,2726,1209.8958111969353
Data,1947,0.0,0.0,326.9855493936477,0.0,1286.7644506063523,679.85,0.0,540.4,0,0,0.0,2834,1286.7644506063523
Data,1948,0.0,0.0,314.7348738959511,0.0,1465.7951261040491,693.27,0.0,537.2,0,0,0.0,3011,1465.795126104049
Data,1949,0.0,0.0,621.4194178454738,0.0,1105.0705821545262,720.11,0.0,540.4,0,0,0.0,2987,1105.0705821545262
Data,1950,-0.0,0.0,496.2178954681805,0.0,1195.0921045318194,731.29,0.0,540.4,0,0,0.0,2963,1195.0921045318196
Data,1951,-0.0,0.0,509.50192604790516,0.0,1157.8080739520947,731.29,0.0,540.4,0,0,0.0,2939,1157.808073952095
Data,1952,-0.0,0.0,299.57031901550323,0.0,1439.6596809844968,656.37,0.0,540.4,0,0,0.0,2936,1439.6596809844968
Data,1953,-0.0,0.0,606.7081720410123,0.0,1440.6518279589875,617.24,0.0,540.4,0,0,0.0,3205,1440.6518279589877
Data,1954,-0.0,0.0,654.6374425927276,0.0,1540.212557407273,623.95,0.0,537.2,0,0,0.0,3356,1540.2125574072725
Data,1955,-0.0,0.0,596.1403038860042,0.0,1638.279696113996,626.18,0.0,540.4,0,0,0.0,3401,1638.279696113996
Data,1956,-0.0,0.0,584.2007593777831,0.0,1700.6492406222171,623.95,0.0,537.2,0,0,0.0,3446,1700.649240622217
Data,1957,-0.0,0.0,602.5435045273028,0.0,1505.9364954726973,616.12,0.0,540.4,0,0,0.0,3265,1505.936495472697
Data,1958,-0.0,0.0,688.3030609126702,0.0,1503.4069390873299,632.89,0.0,540.4,0,0,0.0,3365,1503.4069390873299
Data,1959,-0.0,0.0,762.1335566852342,0.0,1465.8964433147657,631.77,0.0,537.2,0,0,0.0,3397,1465.8964433147657
Data,1960,-0.0,0.0,979.7578988687341,0.0,1267.0621011312655,650.78,0.0,540.4,0,0,0.0,3438,1267.062101131266
Data,1961,-0.0,0.0,1202.6160908011343,0.0,1089.7039091988654,712.28,0.0,540.4,0,0,0.0,3545,1089.7039091988659
Data,1962,-0.0,0.0,1501.276842643434,0.0,609.753157356566,779.37,0.0,543.6,0,0,0.0,3434,609.7531573565659
Data,1963,-0.0,0.0,1365.1071724824342,0.0,694.2028275175659,805.09,0.0,543.6,0,0,0.0,3408,694.2028275175658
Data,1964,-0.0,0.0,1079.9137464084342,0.0,1029.3562535915657,807.33,0.0,540.4,0,0,0.0,3457,1029.3562535915657
Data,1965,0.0,0.0,776.4490387674342,0.0,1172.8609612325658,805.09,0.0,543.6,0,0,0.0,3298,1172.8609612325658
Data,1966,0.0,0.0,1027.7560416972342,0.0,822.133958302766,695.51,0.0,543.6,0,0,0.0,3089,822.1339583027658
Data,1967,0.0,0.0,821.8887218178342,0.0,874.0112781821659,676.5,0.0,543.6,0,0,0.0,2916,874.0112781821658
Data,1968,0.0,0.0,758.046217436534,0.0,819.763782563466,669.79,0.0,540.4,0,0,0.0,2788,819.7637825634661
Data,1969,0.0,0.0,1051.9685728405343,0.0,429.85142715946574,650.78,0.0,540.4,0,0,0.0,2673,429.85142715946574
Data,1970,0.0,0.0,1071.904543236034,0.0,383.55545676396594,654.14,0.0,540.4,0,0,0.0,2650,383.55545676396605
Data,1971,0.0,0.0,1224.5663934296344,0.0,345.0036065703656,672.03,0.0,540.4,0,0,0.0,2782,345.0036065703656
Data,1972,0.0,0.0,846.4702348261343,0.0,880.8697651738656,674.26,0.0,540.4,0,0,0.0,2942,880.8697651738657
Data,1973,0.0,0.0,1211.6793968115476,0.0,509.37060318845255,697.75,0.0,537.2,0,0,0.0,2956,509.3706031884524
Data,1974,-0.0,0.0,1223.3721727817583,0.0,404.83782721824184,694.39,0.0,540.4,0,0,0.0,2863,404.8378272182417
Data,1975,-0.0,0.0,1233.2268366142193,0.0,399.5831633857806,669.79,0.0,540.4,0,0,0.0,2843,399.5831633857807
Data,1976,-0.0,0.0,982.3990516141591,0.0,1194.9609483858408,617.24,0.0,189.4,0,0,0.0,2984,1194.9609483858408
Data,1977,-0.0,0.0,781.7845007274999,0.0,1497.1638992725002,606.05,0.0,356.0016,0,0,0.0,3241,1497.1638992725002
Data,1978,-0.0,0.0,614.8723311956772,0.0,2104.9076688043224,603.82,0.0,38.4,0,0,0.0,3362,2104.907668804323
Data,1979,-0.0,0.0,607.6449420799064,0.0,2112.4950579200936,600.46,0.0,38.4,0,0,0.0,3359,2112.4950579200936
Data,1980,-0.0,0.0,624.6118375732005,0.0,2126.5881624267995,590.4,0.0,38.4,0,0,0.0,3380,2126.5881624267995
Data,1981,-0.0,0.0,672.3550857613305,0.0,1939.5849142386694,575.86,0.0,35.2,0,0,0.0,3223,1939.5849142386694
Data,1982,-0.0,0.0,610.0693509177567,0.0,2151.6006490822433,585.93,0.0,38.4,0,0,0.0,3386,2151.6006490822433
Data,1983,-0.0,0.0,589.170978851826,0.0,2124.129021148174,627.3,0.0,38.4,0,0,0.0,3379,2124.129021148174
Data,1984,-0.0,0.0,631.306016566308,0.0,2069.503983433692,669.79,0.0,38.4,0,0,0.0,3409,2069.503983433692
Data,1985,-0.0,0.0,684.3006647671895,0.0,2013.3393352328105,784.96,0.0,38.4,0,0,0.0,3521,2013.3393352328105
Data,1986,-0.0,0.0,1275.6312095228068,0.0,1297.8487904771932,812.92,0.0,41.6,0,0,0.0,3428,1297.8487904771932
Data,1987,-0.0,0.0,1355.851933065019,0.0,1196.858066934981,829.69,0.0,41.6,0,0,0.0,3424,1196.858066934981
Data,1988,-0.0,0.0,1482.9335656140001,0.0,1081.616434386,852.05,0.0,38.4,0,0,0.0,3455,1081.6164343859998
Data,1989,-0.0,0.0,1474.3847479,0.0,941.4952521,837.52,0.0,41.6,0,0,0.0,3295,941.4952520999999
Data,1990,0.0,0.0,1716.4072520853001,0.0,550.3227479146999,791.67,0.0,41.6,0,0,0.0,3100,550.3227479146999
Data,1991,0.0,0.0,1582.3661997149002,0.0,555.8638002850998,730.17,0.0,41.6,0,0,0.0,2910,555.8638002850998
Data,1992,0.0,0.0,1215.2512382472025,0.0,812.2987617527974,729.05,0.0,38.4,0,0,0.0,2795,812.2987617527975
Data,1993,0.0,0.0,1273.2384569069877,0.0,637.7815430930123,724.58,0.0,38.4,0,0,0.0,2674,637.7815430930123
Data,1994,0.0,0.0,1195.4721558389654,0.0,717.1878441610345,727.94,0.0,38.4,0,0,0.0,2679,717.1878441610346
Data,1995,0.0,0.0,1453.9761206617354,0.0,570.2838793382648,752.54,0.0,35.2,0,0,0.0,2812,570.2838793382646
Data,1996,0.0,0.0,1723.2914906018125,0.0,430.98850939818715,788.32,0.0,38.4,0,0,0.0,2981,430.9885093981875
Data,1997,0.0,0.0,1677.5585266008206,0.0,485.54147339917927,799.5,0.0,38.4,0,0,0.0,3001,485.5414733991794
Data,1998,-0.0,0.0,1570.7830184169493,0.0,508.0469815830507,803.97,0.0,35.2,0,0,0.0,2918,508.0469815830507
Data,1999,-0.0,0.0,1336.2561848604685,0.0,827.2238151395317,739.12,0.0,38.4,0,0,0.0,2941,827.2238151395316
Data,2000,-0.0,0.0,538.0000342181621,0.0,1827.4399657818378,711.16,0.0,38.4,0,0,0.0,3115,1827.4399657818378
Data,2001,-0.0,0.0,362.82429066286926,0.0,2302.045709337131,708.93,0.0,35.2,0,0,0.0,3409,2302.0457093371306
Data,2002,-0.0,0.0,401.8836659323722,0.0,2407.0,691.04,0.0,38.4,0,-56.67633406762775,0.0,3595,2463.676334067628
Data,2003,-0.0,0.0,377.3638883441382,0.0,2407.0,684.33,0.0,35.2,0,-88.10611165586204,0.0,3592,2495.1061116558617
Data,2004,-0.0,0.0,585.4679174948614,0.0,2340.9220825051384,683.21,0.0,38.4,0,0,0.0,3648,2340.9220825051384
Data,2005,-0.0,0.0,650.8579265542566,0.0,1918.3820734457433,637.36,0.0,189.4,0,0,0.0,3396,1918.3820734457433
Data,2006,-0.0,0.0,699.7814363482771,0.0,2046.5885636517232,647.43,0.0,186.2,0,0,0.0,3580,2046.588563651723
Data,2007,-0.0,0.0,550.5855792836682,0.0,2172.8644207163316,673.15,0.0,189.4,0,0,0.0,3586,2172.864420716332
Data,2008,-0.0,0.0,506.4280185334638,0.0,2173.2219814665364,692.15,0.0,186.2,0,0,0.0,3558,2173.2219814665364
Data,2009,-0.0,0.0,469.0955537048967,0.0,2220.0144462951034,731.29,0.0,192.6,0,0,0.0,3613,2220.0144462951034
Data,2010,-0.0,0.0,630.0790262121798,0.0,1967.2209737878204,750.3,0.0,189.4,0,0,0.0,3537,1967.2209737878202
Data,2011,-0.0,0.0,700.0029158440445,0.0,1815.5470841559556,783.85,0.0,192.6,0,0,0.0,3492,1815.5470841559554
Data,2012,-0.0,0.0,456.09084092794217,0.0,2052.0091590720576,799.5,0.0,189.4,0,0,0.0,3497,2052.0091590720576
Data,2013,0.0,0.0,684.7554157380341,0.0,1783.3245842619658,788.32,0.0,41.6,0,0,0.0,3298,1783.3245842619658
Data,2014,0.0,0.0,928.4463494784342,0.0,1406.973650521566,749.18,0.0,38.4,0,0,0.0,3123,1406.9736505215658
Data,2015,0.0,0.0,961.1237946013342,0.0,1265.6862053986656,743.59,0.0,41.6,0,0,0.0,3012,1265.6862053986658
Data,2016,0.0,0.0,1087.5211917534343,0.0,1018.9388082465658,727.94,0.0,41.6,0,0,0.0,2876,1018.9388082465656
Data,2017,0.0,0.0,954.1506272418686,0.0,1065.3693727581315,712.28,0.0,35.2,0,0,0.0,2767,1065.3693727581315
Data,2018,0.0,0.0,801.2304235402048,0.0,1217.909576459795,723.46,0.0,38.4,0,0,0.0,2781,1217.909576459795
Data,2019,0.0,0.0,458.6554279462396,0.0,1668.5345720537605,732.41,0.0,38.4,0,0,0.0,2898,1668.5345720537605
Data,2020,0.0,0.0,446.1133789120538,0.0,1869.6366210879462,729.05,0.0,35.2,0,0,0.0,3080,1869.6366210879462
Data,2021,0.0,0.0,819.6958835286626,0.0,1519.5541164713375,722.35,0.0,38.4,0,0,0.0,3100,1519.5541164713372
Data,2022,-0.0,0.0,615.8445781780391,0.0,1706.2654218219611,706.69,0.0,35.2,0,0,0.0,3064,1706.265421821961
Data,2023,-0.0,0.0,1024.3145123257013,0.0,1370.7154876742984,705.57,0.0,38.4,0,0,0.0,3139,1370.7154876742986
Data,2024,-0.0,0.0,970.492144327866,0.0,1561.2478556721337,698.86,0.0,38.4,0,0,0.0,3269,1561.247855672134
Data,2025,-0.0,0.0,884.5551199381447,0.0,1941.7948800618556,704.45,0.0,35.2,0,0,0.0,3566,1941.7948800618553
Data,2026,-0.0,0.0,505.7501108751314,0.0,2407.0,722.35,0.0,35.2,0,-91.6998891248689,0.0,3762,2498.6998891248686
Data,2027,-0.0,0.0,985.8147778035581,0.0,2030.8652221964423,739.12,0.0,35.2,0,0,0.0,3791,2030.865222196442
Data,2028,-0.0,0.0,1008.0586144409374,0.0,2013.2013855590628,752.54,0.0,35.2,0,0,0.0,3809,2013.2013855590626
Data,2029,-0.0,0.0,1046.6731604739339,0.0,1764.7768395260664,741.35,0.0,35.2,0,0,0.0,3588,1764.7768395260662
Data,2030,-0.0,0.0,1003.9169184894818,0.0,1852.4330815105186,808.45,0.0,35.2,0,0,0.0,3700,1852.4330815105182
Data,2031,-0.0,0.0,754.7473755064351,0.0,2044.532624493565,837.52,0.0,35.2,0,0,0.0,3672,2044.532624493565
Data,2032,-0.0,0.0,943.4260116404987,0.0,1764.6739883595017,848.7,0.0,35.2,0,0,0.0,3592,1764.6739883595012
Data,2033,-0.0,0.0,1019.6992451069555,0.0,1706.9307548930447,853.17,0.0,35.2,0,0,0.0,3615,1706.9307548930447
Data,2034,-0.0,0.0,1588.6721973461142,0.0,886.4578026538859,865.47,0.0,189.4,0,0,0.0,3530,886.4578026538858
Data,2035,-0.0,0.0,1754.744656322174,0.0,655.5453436778259,892.31,0.0,189.4,0,0,0.0,3492,655.545343677826
Data,2036,-0.0,0.0,1338.4425724887374,0.0,1059.7874275112626,902.37,0.0,189.4,0,0,0.0,3490,1059.7874275112626
Data,2037,0.0,0.0,752.2916157178605,0.0,1459.8683842821392,912.44,0.0,189.4,0,0,0.0,3314,1459.8683842821395
Data,2038,0.0,0.0,698.4654699074098,0.0,1323.33453009259,934.8,0.0,189.4,0,0,0.0,3146,1323.3345300925903
Data,2039,0.0,0.0,707.5108438599981,0.0,1179.819156140002,939.27,0.0,189.4,0,0,0.0,3016,1179.819156140002
Data,2040,0.0,0.0,722.2808319080702,0.0,1067.9291680919298,940.39,0.0,189.4,0,0,0.0,2920,1067.9291680919298
Data,2041,0.0,0.0,894.457691304402,0.0,783.6523086955981,952.69,0.0,186.2,0,0,0.0,2817,783.6523086955979
Data,2042,0.0,0.0,878.3225261819748,0.0,782.2474738180254,967.23,0.0,186.2,0,0,0.0,2814,782.2474738180251
Data,2043,0.0,0.0,887.6899572118365,0.0,878.0000427881636,966.11,0.0,186.2,0,0,0.0,2918,878.0000427881635
Data,2044,0.0,0.0,1243.274614565047,0.0,649.275385434953,975.05,0.0,189.4,0,0,0.0,3057,649.2753854349531
Data,2045,0.0,0.0,1158.2169207050001,0.0,739.643079295,973.94,0.0,186.2,0,0,0.0,3058,739.6430792949998
Data,2046,-0.0,0.0,842.2462929169999,0.0,916.6837070830004,963.87,0.0,186.2,0,0,0.0,2909,916.6837070830002
Data,2047,-0.0,0.0,667.1595955007999,0.0,1159.0704044992,951.57,0.0,35.2,0,0,0.0,2813,1159.0704044992
Data,2048,-0.0,0.0,480.34015293376126,0.0,1380.429847066239,918.03,0.0,35.2,0,0,0.0,2814,1380.4298470662388
Data,2049,-0.0,0.0,750.31071571246,0.0,1202.87928428754,904.61,0.0,35.2,0,0,0.0,2893,1202.87928428754
Data,2050,-0.0,0.0,878.2972498578497,0.0,1315.3527501421504,938.15,0.0,35.2,0,0,0.0,3167,1315.3527501421504
Data,2051,-0.0,0.0,1009.1673243527653,0.0,1343.0226756472348,904.61,0.0,35.2,0,0,0.0,3292,1343.0226756472348
Data,2052,-0.0,0.0,861.1030168099361,0.0,1566.0469831900639,876.65,0.0,35.2,0,0,0.0,3339,1566.0469831900639
Data,2053,-0.0,0.0,803.4751617347625,0.0,1568.8548382652375,865.47,0.0,35.2,0,0,0.0,3273,1568.8548382652375
Data,2054,-0.0,0.0,917.6173520402346,0.0,1500.4126479597658,877.77,0.0,35.2,0,0,0.0,3331,1500.4126479597655
Data,2055,-0.0,0.0,796.6544254855739,0.0,1547.0155745144261,881.13,0.0,35.2,0,0,0.0,3260,1547.0155745144261
Data,2056,-0.0,0.0,1122.809540400835,0.0,1241.0404595991654,869.95,0.0,35.2,0,0,0.0,3269,1241.040459599165
Data,2057,-0.0,0.0,962.7336456600941,0.0,1515.0363543399058,868.83,0.0,38.4,0,0,0.0,3385,1515.0363543399058
Data,2058,-0.0,0.0,1167.9696018115399,0.0,1310.50039818846,881.13,0.0,38.4,0,0,0.0,3398,1310.5003981884602
Data,2059,-0.0,0.0,1546.155430771823,0.0,872.0745692281772,902.37,0.0,38.4,0,0,0.0,3359,872.0745692281771
Data,2060,-0.0,0.0,1803.2782710602348,0.0,487.631728939765,952.69,0.0,189.4,0,0,0.0,3433,487.63172893976514
Data,2061,0.0,0.0,1737.2784770032067,0.0,434.34152299679323,945.98,0.0,189.4,0,0,0.0,3307,434.3415229967933
Data,2062,0.0,0.0,1643.5119671772736,0.0,438.78803282272656,873.3,0.0,189.4,0,0,0.0,3145,438.78803282272645
Data,2063,0.0,0.0,1402.1078205518625,0.0,587.7821794481374,867.71,0.0,189.4,0,0,0.0,3047,587.7821794481375
Data,2064,0.0,0.0,1477.0417235888463,0.0,411.8282764111538,856.53,0.0,192.6,0,0,0.0,2938,411.82827641115375
Data,2065,0.0,0.0,1437.0966297613793,0.0,354.72337023862076,822.98,0.0,186.2,0,0,0.0,2801,354.7233702386207
Data,2066,0.0,0.0,1707.8654352638157,0.0,79.77456473618464,834.16,0.0,186.2,0,0,0.0,2808,79.77456473618435
Data,2067,0.0,0.0,1485.9973978356088,0.0,374.0226021643915,896.78,0.0,186.2,0,0,0.0,2943,374.02260216439123
Data,2068,0.0,0.0,1719.5690361722986,0.0,270.9309638277016,873.3,0.0,186.2,0,0,0.0,3050,270.9309638277014
Data,2069,0.0,0.0,1837.2311756615002,0.0,111.41882433849969,869.95,0.0,189.4,0,0,0.0,3008,111.41882433849977
Data,2070,-0.0,0.0,1597.1350083563,0.0,311.7849916437001,859.88,0.0,186.2,0,0,0.0,2955,311.78499164370004
Data,2071,-0.0,0.0,1559.0311157346,0.0,412.31888426540013,808.45,0.0,35.2,0,0,0.0,2815,412.31888426539996
Data,2072,-0.0,0.0,1476.3854795619002,0.0,468.5645204381001,802.85,0.0,35.2,0,0,0.0,2783,468.5645204380998
Data,2073,-0.0,0.0,1215.536262446095,0.0,920.7637375539051,799.5,0.0,35.2,0,0,0.0,2971,920.763737553905
Data,2074,-0.0,0.0,1430.9520145195875,0.0,805.5179854804127,807.33,0.0,35.2,0,0,0.0,3079,805.5179854804124
Data,2075,-0.0,0.0,1741.0768449178404,0.0,555.10315508216,800.62,0.0,35.2,0,0,0.0,3132,555.1031550821596
Data,2076,-0.0,0.0,2404.2711791053457,0.0,0.0,799.5,0.0,35.2,0,64.97117910534557,0.0,3174,-64.97117910534571
Data,2077,-0.0,0.0,2413.9898558099026,0.0,0.0,783.85,0.0,35.2,0,46.039855809902186,0.0,3187,-46.03985580990259
Data,2078,-0.0,0.0,2336.2255900581868,0.0,21.4244099418132,796.15,0.0,35.2,0,0,0.0,3189,21.424409941813266
Data,2079,-0.0,0.0,2356.7922254383193,0.0,0.0,793.91,0.0,35.2,0,64.90222543831915,0.0,3121,-64.90222543831926
Data,2080,-0.0,0.0,1763.7277665313427,0.0,557.6022334686572,791.67,0.0,32.0,0,0,0.0,3145,557.6022334686573
Data,2081,-0.0,0.0,1685.4461149112797,0.0,684.2738850887201,859.88,0.0,38.4,0,0,0.0,3268,684.2738850887204
Data,2082,-0.0,0.0,2484.6483990524857,0.0,0.0,909.08,0.0,369.4685,0,389.1968990524854,0.0,3374,-389.1968990524858
Data,2083,-0.0,0.0,1688.6370493433858,0.0,254.98295065661412,945.98,0.0,540.4,0,0,0.0,3430,254.9829506566142
Data,2084,-0.0,0.0,1701.2159954606782,0.0,303.2340045393215,938.15,0.0,540.4,0,0,0.0,3483,303.23400453932186
Data,2085,0.0,0.0,1708.7226906224112,0.0,278.16730937758865,867.71,0.0,540.4,0,0,0.0,3395,278.1673093775888
Data,2086,0.0,0.0,1643.65088643968,0.0,146.68911356032012,871.06,0.0,543.6,0,0,0.0,3205,146.68911356031992
Data,2087,0.0,0.0,1623.168456736766,0.0,0.0,837.52,0.0,540.4,0,21.08845673676607,0.0,2980,-21.088456736766034
Data,2088,0.0,0.0,1455.1537879263901,0.0,56.59621207360982,802.85,0.0,540.4,0,0,0.0,2855,56.59621207360988
Data,2089,0.0,0.0,1639.3860490616544,0.0,0.0,769.31,0.0,537.2,0,265.8960490616541,0.0,2680,-265.89604906165437
Data,2090,0.0,0.0,1648.8041484508042,0.0,0.0,830.81,0.0,347.1039,0,126.71804845080415,0.0,2700,-126.71804845080413
Data,2091,0.0,0.0,1115.5402984897858,0.0,332.1497015102143,843.11,0.0,537.2,0,0,0.0,2828,332.1497015102142
Data,2092,0.0,0.0,809.6385102563996,0.0,749.9914897436005,853.17,0.0,537.2,0,0,0.0,2950,749.9914897436004
Data,2093,0.0,0.0,1037.3188213103635,0.0,867.3568786896366,862.12,0.0,239.2043,0,0,0.0,3006,867.3568786896365
Data,2094,-0.0,0.0,1128.8959893992912,0.0,776.3140106007088,866.59,0.0,186.2,0,0,0.0,2958,776.3140106007088
Data,2095,-0.0,0.0,1124.1852805221906,0.0,882.4647194778096,796.15,0.0,186.2,0,0,0.0,2989,882.4647194778095
Data,2096,-0.0,0.0,1048.392481591099,0.0,1078.677518408901,782.73,0.0,186.2,0,0,0.0,3096,1078.6775184089008
Data,2097,-0.0,0.0,676.8482888768999,0.0,1712.4754111231,782.73,0.0,204.9463,0,0,0.0,3377,1712.4754111231
Data,2098,-0.0,0.0,814.404381711,0.0,1763.1656182889997,795.03,0.0,189.4,0,0,0.0,3562,1763.165618289
Data,2099,-0.0,0.0,1091.011453550245,0.0,1432.5085464497554,835.28,0.0,186.2,0,0,0.0,3545,1432.508546449755
Data,2100,-0.0,0.0,1334.2585575598787,0.0,887.3014424401218,863.24,0.0,537.2,0,0,0.0,3622,887.3014424401213
Data,2101,-0.0,0.0,1369.4059356278729,0.0,1103.5840643721274,830.81,0.0,186.2,0,0,0.0,3490,1103.5840643721272
Data,2102,-0.0,0.0,1316.130733051713,0.0,1305.7292669482872,850.94,0.0,186.2,0,0,0.0,3659,1305.729266948287
Data,2103,-0.0,0.0,1763.7795477662924,0.0,858.9704522337076,852.05,0.0,186.2,0,0,0.0,3661,858.9704522337076
Data,2104,-0.0,0.0,1863.8145196516386,0.0,290.7254803483612,920.26,0.0,537.2,0,0,0.0,3612,290.7254803483613
Data,2105,-0.0,0.0,1654.7905971105724,0.0,528.0594028894275,962.75,0.0,540.4,0,0,0.0,3686,528.0594028894276
Data,2106,-0.0,0.0,1703.5253976394024,0.0,367.1946023605974,982.88,0.0,540.4,0,0,0.0,3594,367.1946023605976
Data,2107,-0.0,0.0,1367.9871812384306,0.0,633.7828187615695,991.83,0.0,540.4,0,0,0.0,3534,633.7828187615694
Data,2108,-0.0,0.0,1259.5124118162262,0.0,747.2375881837739,999.65,0.0,543.6,0,0,0.0,3550,747.2375881837738
Data,2109,0.0,0.0,1144.602823600364,0.0,715.107176399636,1001.89,0.0,540.4,0,0,0.0,3402,715.107176399636
Data,2110,0.0,0.0,1087.7676371645305,0.0,658.9823628354695,925.85,0.0,540.4,0,0,0.0,3213,658.9823628354695
Data,2111,0.0,0.0,1131.0992042888354,0.0,416.2207957111647,909.08,0.0,543.6,0,0,0.0,3000,416.22079571116456
Data,2112,0.0,0.0,1070.5063270607343,0.0,313.30367293926577,915.79,0.0,540.4,0,0,0.0,2840,313.30367293926577
Data,2113,0.0,0.0,839.3609019436341,0.0,440.829098056366,904.61,0.0,537.2,0,0,0.0,2722,440.82909805636586
Data,2114,0.0,0.0,741.9750948243342,0.0,487.5749051756658,956.05,0.0,540.4,0,0,0.0,2726,487.5749051756659
Data,2115,0.0,0.0,765.7320481889342,0.0,574.547951811066,960.52,0.0,537.2,0,0,0.0,2838,574.5479518110658
Data,2116,0.0,0.0,833.932411524834,0.0,640.9075884751659,981.76,0.0,540.4,0,0,0.0,2997,640.907588475166
Data,2117,0.0,0.0,794.2979562881342,0.0,665.032043711866,988.47,0.0,537.2,0,0,0.0,2985,665.0320437118658
Data,2118,-0.0,0.0,712.5379814179341,0.0,726.2020185820656,944.86,0.0,540.4,0,0,0.0,2924,726.2020185820659
Data,2119,-0.0,0.0,763.1530312988341,0.0,693.746968701166,897.9,0.0,537.2,0,0,0.0,2892,693.7469687011659
Data,2120,-0.0,0.0,1327.2194499232498,0.0,600.3305500767505,901.25,0.0,186.2,0,0,0.0,3015,600.3305500767501
Data,2121,-0.0,0.0,1365.3647480272903,0.0,546.3352519727096,897.9,0.0,540.4,0,0,0.0,3350,546.3352519727098
Data,2122,-0.0,0.0,1133.7016322658376,0.0,1452.6083677341628,903.49,0.0,186.2,0,0,0.0,3676,1452.6083677341624
Data,2123,-0.0,0.0,1054.480709308285,0.0,1519.999290691715,911.32,0.0,186.2,0,0,0.0,3672,1519.999290691715
Data,2124,-0.0,0.0,1007.8544009616211,0.0,1323.275599038379,914.67,0.0,537.2,0,0,0.0,3783,1323.275599038379
Data,2125,-0.0,0.0,1102.3478719443817,0.0,1358.4921280556184,907.96,0.0,186.2,0,0,0.0,3555,1358.4921280556182
Data,2126,-0.0,0.0,1404.2557323842998,0.0,848.5142676157008,918.03,0.0,537.2,0,0,0.0,3708,848.5142676157002
Data,2127,-0.0,0.0,1273.3029232896008,0.0,1319.7470767103994,913.55,0.0,189.4,0,0,0.0,3696,1319.7470767103991
Data,2128,-0.0,0.0,1283.6166182616505,0.0,1210.9133817383497,939.27,0.0,186.2,0,0,0.0,3620,1210.9133817383495
Data,2129,-0.0,0.0,1220.1384242138342,0.0,1293.9415757861657,960.52,0.0,189.4,0,0,0.0,3664,1293.9415757861657
Data,2130,-0.0,0.0,1439.7462245133343,0.0,1039.3337754866657,960.52,0.0,189.4,0,0,0.0,3629,1039.3337754866657
Data,2131,-0.0,0.0,1743.4257803785345,0.0,678.5942196214656,970.58,0.0,189.4,0,0,0.0,3582,678.5942196214655
Data,2132,-0.0,0.0,1717.3887133275343,0.0,698.0412866724656,976.17,0.0,189.4,0,0,0.0,3581,698.0412866724657
Data,2133,-0.0,0.0,1936.0321442831346,0.0,253.56785571686544,984.0,0.0,189.4,0,0,0.0,3363,253.5678557168654
Data,2134,0.0,0.0,1533.1038327090341,0.0,449.02616729096565,988.47,0.0,189.4,0,0,0.0,3160,449.0261672909659
Data,2135,0.0,0.0,1263.960315383334,0.0,595.5796846166658,994.06,0.0,189.4,0,0,0.0,3043,595.579684616666
Data,2136,0.0,0.0,1911.5436801448345,0.0,0.0,1008.6,0.0,186.2,0,178.34368014483414,0.0,2928,-178.34368014483454
Data,2137,0.0,0.0,2099.6137168121345,0.0,0.0,1004.13,0.0,35.2,0,319.9437168121343,0.0,2819,-319.9437168121345
Data,2138,0.0,0.0,1429.0628005191338,0.0,298.6671994808661,1013.07,0.0,35.2,0,0,0.0,2776,298.66719948086615
Data,2139,0.0,0.0,1530.5487003674343,0.0,302.471299632566,1019.78,0.0,35.2,0,0,0.0,2888,302.4712996325657
Data,2140,0.0,0.0,1506.8857656544342,0.0,483.97423434556606,1023.14,0.0,32.0,0,0,0.0,3046,483.97423434556583
Data,2141,0.0,0.0,1374.3184025595342,0.0,672.4615974404661,1022.02,0.0,35.2,0,0,0.0,3104,672.4615974404658
Data,2142,-0.0,0.0,1269.4890771024343,0.0,758.1709228975659,1023.14,0.0,35.2,0,0,0.0,3086,758.1709228975657
Data,2143,-0.0,0.0,1786.1897395480664,0.0,257.77026045193367,1010.84,0.0,35.2,0,0,0.0,3090,257.77026045193355
Data,2144,-0.0,0.0,1452.3825654826198,0.0,701.8774345173805,998.54,0.0,35.2,0,0,0.0,3188,701.8774345173802
Data,2145,-0.0,0.0,1491.0936784493535,0.0,996.2563215506462,999.65,0.0,32.0,0,0,0.0,3519,996.2563215506465
Data,2146,-0.0,0.0,901.6223978298426,0.0,1743.1176021701576,994.06,0.0,35.2,0,0,0.0,3674,1743.1176021701574
Data,2147,-0.0,0.0,763.2984460652063,0.0,1893.5815539347936,1009.72,0.0,38.4,0,0,0.0,3705,1893.5815539347936
Data,2148,-0.0,0.0,829.7585279427077,0.0,1834.4914720572922,1017.55,0.0,35.2,0,0,0.0,3717,1834.4914720572924
Data,2149,-0.0,0.0,973.7004665987571,0.0,1516.089533401243,1003.01,0.0,35.2,0,0,0.0,3528,1516.089533401243
Data,2150,-0.0,0.0,1037.8908631952381,0.0,1620.069136804762,1010.84,0.0,35.2,0,0,0.0,3704,1620.069136804762
Data,2151,-0.0,0.0,1033.0883741637974,0.0,1624.521625836203,1014.19,0.0,35.2,0,0,0.0,3707,1624.5216258362025
Data,2152,-0.0,0.0,1121.7060098406566,0.0,1489.2339901593434,1018.66,0.0,38.4,0,0,0.0,3668,1489.2339901593434
Data,2153,-0.0,0.0,1120.967500189751,0.0,1005.3224998102489,1015.31,0.0,540.4,0,0,0.0,3682,1005.322499810249
Data,2154,-0.0,0.0,1040.0872927573341,0.0,1176.4412072426658,1015.31,0.0,422.1615,0,0,0.0,3654,1176.441207242666
Data,2155,-0.0,0.0,1043.1925156623342,0.0,1020.2174843376657,1014.19,0.0,540.4,0,0,0.0,3618,1020.2174843376657
Data,2156,-0.0,0.0,863.4862334566341,0.0,1163.8437665433657,1013.07,0.0,543.6,0,0,0.0,3584,1163.8437665433657
Data,2157,-0.0,0.0,894.1199086389444,0.0,1214.0804913610557,1007.48,0.0,291.3196,0,0,0.0,3407,1214.0804913610557
Data,2158,0.0,0.0,992.8510306654512,0.0,1012.2689693345487,1007.48,0.0,189.4,0,0,0.0,3202,1012.2689693345488
Data,2159,0.0,0.0,1351.9483564608058,0.0,505.93164353919417,1009.72,0.0,189.4,0,0,0.0,3057,505.93164353919417
Data,2160,0.0,0.0,1688.9746262444773,0.0,0.0,1017.55,0.0,192.6,0,7.124626244477163,0.0,2892,-7.124626244477298
Data,2161,0.0,0.0,1753.7341608185384,0.0,0.0,1013.07,0.0,186.2,0,221.00416081853825,0.0,2732,-221.00416081853842
Data,2162,0.0,0.0,1764.3949051157517,0.0,0.0,1018.66,0.0,186.2,0,234.25490511575148,0.0,2735,-234.25490511575168
Data,2163,0.0,0.0,1771.729522282591,0.0,0.0,1014.19,0.0,189.4,0,108.31952228259117,0.0,2867,-108.31952228259107
Data,2164,0.0,0.0,1829.0621977382432,0.0,0.0,1017.55,0.0,537.2,0,368.8121977382429,0.0,3015,-368.8121977382432
Data,2165,0.0,0.0,1731.1238934323,0.0,0.0,1015.31,0.0,537.2,0,257.6338934322998,0.0,3026,-257.63389343230006
Data,2166,-0.0,0.0,1620.3337671150002,0.0,163.60623288499983,1018.66,0.0,189.4,0,0,0.0,2992,163.6062328849998
Data,2167,-0.0,0.0,1675.8332118769995,0.0,102.24678812300073,1009.72,0.0,186.2,0,0,0.0,2974,102.2467881230005
Data,2168,-0.0,0.0,1734.600453122621,0.0,103.94954687737906,1005.25,0.0,186.2,0,0,0.0,3030,103.94954687737896
Data,2169,-0.0,0.0,1741.2101914296538,0.0,0.0,997.42,0.0,540.4,0,34.030191429653996,0.0,3245,-34.03019142965377
Data,2170,-0.0,0.0,1529.1977628920645,0.0,693.5422371079356,994.06,0.0,186.2,0,0,0.0,3403,693.5422371079355
Data,2171,-0.0,0.0,1612.3831272292862,0.0,315.11687277071405,996.3,0.0,537.2,0,0,0.0,3461,315.1168727707138
Data,2172,-0.0,0.0,1609.3543387364423,0.0,327.1356612635579,1015.31,0.0,537.2,0,0,0.0,3489,327.1356612635577
Data,2173,-0.0,0.0,1794.6194146813862,0.0,0.0,990.71,0.0,534.0,0,10.329414681386126,0.0,3309,-10.329414681386197
Data,2174,-0.0,0.0,1797.0920264655717,0.0,533.7579735344285,1011.95,0.0,186.2,0,0,0.0,3529,533.7579735344282
Data,2175,-0.0,0.0,1783.4611493955872,0.0,174.08885060441287,1024.25,0.0,537.2,0,0,0.0,3519,174.08885060441276
Data,2176,-0.0,0.0,1750.7441395866383,0.0,206.2258604133618,1041.03,0.0,534.0,0,0,0.0,3532,206.22586041336172
Data,2177,-0.0,0.0,1748.312845317365,0.0,253.81715468263508,1037.67,0.0,537.2,0,0,0.0,3577,253.81715468263496
Data,2178,-0.0,0.0,1469.4350849528696,0.0,507.5749150471306,1038.79,0.0,537.2,0,0,0.0,3553,507.5749150471304
Data,2179,-0.0,0.0,1297.7346526497822,0.0,643.0353473502179,1041.03,0.0,537.2,0,0,0.0,3519,643.0353473502178
Data,2180,-0.0,0.0,1277.139325192642,0.0,678.7506748073581,1039.91,0.0,537.2,0,0,0.0,3533,678.7506748073579
Data,2181,0.0,0.0,1477.7349169793342,0.0,307.3150830206656,1036.55,0.0,540.4,0,0,0.0,3362,307.31508302066584
Data,2182,0.0,0.0,1822.7620728519341,0.0,0.0,1006.36,0.0,537.2,0,198.32207285193408,0.0,3168,-198.3220728519342
Data,2183,0.0,0.0,1536.0422145057341,0.0,15.697785494265986,994.06,0.0,537.2,0,0,0.0,3083,15.697785494265872
Data,2184,0.0,0.0,1900.6154892940344,0.0,0.0,987.35,0.0,537.2,0,505.16548929403405,0.0,2920,-505.1654892940345
Data,2185,0.0,0.0,1918.7753487788345,0.0,0.0,980.65,0.0,537.2,0,669.6253487788343,0.0,2767,-669.6253487788346
Data,2186,0.0,0.0,1816.2224872646343,0.0,0.0,985.12,0.0,537.2,0,602.5424872646341,0.0,2736,-602.5424872646344
Data,2187,0.0,0.0,1802.7700400630342,0.0,0.0,985.12,0.0,534.0,0,436.890040063034,0.0,2885,-436.89004006303423
Data,2188,0.0,0.0,1684.8189010871342,0.0,0.0,986.24,0.0,537.2,0,179.25890108713395,0.0,3029,-179.2589010871343
Data,2189,0.0,0.0,1440.318567702534,0.0,102.56143229746601,985.12,0.0,534.0,0,0,0.0,3062,102.56143229746601
Data,2190,-0.0,0.0,1032.6441660665341,0.0,431.6658339334657,977.29,0.0,540.4,0,0,0.0,2982,431.66583393346593
Data,2191,-0.0,0.0,702.3509977596342,0.0,1113.1190022403662,930.33,0.0,186.2,0,0,0.0,2932,1113.1190022403657
Data,2192,-0.0,0.0,325.8351470031341,0.0,1569.7948529968658,926.97,0.0,189.4,0,0,0.0,3012,1569.7948529968658
Data,2193,-0.0,0.0,301.00035111153414,0.0,1576.009648888466,915.79,0.0,537.2,0,0,0.0,3330,1576.0096488884658
Data,2194,-0.0,0.0,198.35117800583413,0.0,1985.266621994166,911.32,0.0,437.0622,0,0,0.0,3532,1985.2666219941657
Data,2195,-0.0,0.0,228.4802977246341,0.0,1902.609702275366,916.91,0.0,502.0,0,0,0.0,3550,1902.6097022753659
Data,2196,-0.0,0.0,260.7612453779342,0.0,1882.0887546220658,919.15,0.0,502.0,0,0,0.0,3564,1882.0887546220658
Data,2197,-0.0,0.0,322.19788681833415,0.0,1674.1321131816658,914.67,0.0,502.0,0,0,0.0,3413,1674.1321131816658
Data,2198,-0.0,0.0,337.0649467681341,0.0,1782.085053231866,925.85,0.0,502.0,0,0,0.0,3547,1782.085053231866
Data,2199,-0.0,0.0,398.1768662192341,0.0,1721.7831337807659,937.04,0.0,502.0,0,0,0.0,3559,1721.7831337807659
Data,2200,-0.0,0.0,444.46066733823415,0.0,1693.3893326617658,938.15,0.0,502.0,0,0,0.0,3578,1693.3893326617658
Data,2201,-0.0,0.0,556.5058343326341,0.0,1673.514165667366,945.98,0.0,502.0,0,0,0.0,3678,1673.514165667366
Data,2202,-0.0,0.0,536.2506077768342,0.0,1579.9193922231661,991.83,0.0,502.0,0,0,0.0,3610,1579.9193922231657
Data,2203,-0.0,0.0,386.98879992393415,0.0,1664.5412000760657,988.47,0.0,502.0,0,0,0.0,3542,1664.5412000760657
Data,2204,-0.0,0.0,314.7636190710341,0.0,1734.9963809289661,986.24,0.0,502.0,0,0,0.0,3538,1734.996380928966
Data,2205,-0.0,0.0,448.4833673126341,0.0,1453.396632687366,985.12,0.0,502.0,0,0,0.0,3389,1453.396632687366
Data,2206,0.0,0.0,394.2729924564341,0.0,1315.317007543566,978.41,0.0,502.0,0,0,0.0,3190,1315.317007543566
Data,2207,0.0,0.0,332.3590459898341,0.0,1289.3809540101659,920.26,0.0,502.0,0,0,0.0,3044,1289.3809540101659
Data,2208,0.0,0.0,404.33770884643417,0.0,1098.9222911535658,924.74,0.0,502.0,0,0,0.0,2930,1098.9222911535658
Data,2209,0.0,0.0,597.614551392934,0.0,815.835448607066,913.55,0.0,502.0,0,0,0.0,2829,815.835448607066
Data,2210,0.0,0.0,667.8413466972341,0.0,711.4286533027658,905.73,0.0,502.0,0,0,0.0,2787,711.4286533027658
Data,2211,0.0,0.0,1261.1247328517338,0.0,224.62526714826606,901.25,0.0,502.0,0,0,0.0,2889,224.62526714826618
Data,2212,0.0,0.0,1403.855724759634,0.0,219.69427524036576,950.45,0.0,502.0,0,0,0.0,3076,219.69427524036587
Data,2213,0.0,0.0,1694.5630853977345,0.0,0.0,953.81,0.0,502.0,0,87.37308539773437,0.0,3063,-87.37308539773449
Data,2214,-0.0,0.0,1638.538385212334,0.0,0.0,905.73,0.0,502.0,0,98.26838521233401,0.0,2948,-98.26838521233412
Data,2215,-0.0,0.0,922.609700316834,0.0,518.370299683166,899.02,0.0,502.0,0,0,0.0,2842,518.370299683166
Data,2216,-0.0,0.0,523.3443152105569,0.0,1327.105684789443,894.55,0.0,151.0,0,0,0.0,2896,1327.105684789443
Data,2217,-0.0,0.0,531.2347692205451,0.0,1473.9252307794545,887.84,0.0,151.0,0,0,0.0,3044,1473.925230779455
Data,2218,-0.0,0.0,542.2891564707629,0.0,1589.350843529237,883.36,0.0,151.0,0,0,0.0,3166,1589.350843529237
Data,2219,-0.0,0.0,477.8670648817136,0.0,1639.4129351182862,886.72,0.0,151.0,0,0,0.0,3155,1639.4129351182864
Data,2220,-0.0,0.0,349.12730059143416,0.0,1808.392699408566,884.48,0.0,151.0,0,0,0.0,3193,1808.392699408566
Data,2221,-0.0,0.0,290.62807237283414,0.0,1856.081927627166,854.29,0.0,151.0,0,0,0.0,3152,1856.081927627166
Data,2222,-0.0,0.0,305.12265775633415,0.0,1947.6373422436661,863.24,0.0,151.0,0,0,0.0,3267,1947.637342243666
Data,2223,-0.0,0.0,293.4639683913341,0.0,2031.296031608666,863.24,0.0,151.0,0,0,0.0,3339,2031.296031608666
Data,2224,-0.0,0.0,256.62012781763417,0.0,2067.9098721823657,865.47,0.0,151.0,0,0,0.0,3341,2067.9098721823657
Data,2225,-0.0,0.0,189.52786253833415,0.0,1860.4721374616659,861.0,0.0,502.0,0,0,0.0,3413,1860.4721374616659
Data,2226,-0.0,0.0,1106.4564089374344,0.0,839.8035910625657,924.74,0.0,502.0,0,0,0.0,3373,839.8035910625656
Data,2227,-0.0,0.0,1055.8336456680343,0.0,886.5363543319656,942.63,0.0,502.0,0,0,0.0,3387,886.5363543319658
Data,2228,-0.0,0.0,1005.6434905008341,0.0,1032.086509499166,939.27,0.0,502.0,0,0,0.0,3479,1032.086509499166
Data,2229,-0.0,0.0,922.8863721527342,0.0,966.6036278472658,941.51,0.0,502.0,0,0,0.0,3333,966.6036278472658
Data,2230,0.0,0.0,994.420874375234,0.0,801.519125624766,871.06,0.0,502.0,0,0,0.0,3169,801.519125624766
Data,2231,0.0,0.0,1268.170466192234,0.0,397.99953380776594,868.83,0.0,502.0,0,0,0.0,3037,397.99953380776594
Data,2232,0.0,0.0,1297.2199212660557,0.0,321.6700787339441,843.11,0.0,502.0,0,0,0.0,2964,321.67007873394425
Data,2233,0.0,0.0,1310.3347696319806,0.0,189.2652303680193,836.4,0.0,502.0,0,0,0.0,2838,189.2652303680194
Data,2234,0.0,0.0,1387.883416111507,0.0,81.59658388849317,837.52,0.0,502.0,0,0,0.0,2809,81.59658388849311
Data,2235,0.0,0.0,1582.9430119064477,0.0,0.0,839.75,0.0,502.0,0,5.693011906447801,0.0,2919,-5.693011906447737
Data,2236,0.0,0.0,1863.8187723042456,0.0,0.0,903.49,0.0,502.0,0,223.30877230424562,0.0,3046,-223.30877230424562
Data,2237,0.0,0.0,1916.1895789240207,0.0,0.0,932.56,0.0,502.0,0,347.7495789240205,0.0,3003,-347.7495789240206
Data,2238,-0.0,0.0,2029.3396249946177,0.0,0.0,939.27,0.0,502.0,0,599.6096249946178,0.0,2871,-599.6096249946177
Data,2239,-0.0,0.0,1792.5572066167706,0.0,0.0,881.13,0.0,502.0,0,395.6872066167707,0.0,2780,-395.6872066167706
Data,2240,-0.0,0.0,742.4509957276889,0.0,690.7890042723111,858.76,0.0,502.0,0,0,0.0,2794,690.7890042723111
Data,2241,-0.0,0.0,584.8894993927646,0.0,1041.6605006072355,827.45,0.0,502.0,0,0,0.0,2956,1041.6605006072355
Data,2242,-0.0,0.0,516.6562959885426,0.0,1371.8937040114574,808.45,0.0,502.0,0,0,0.0,3199,1371.8937040114574
Data,2243,-0.0,0.0,416.1790590861601,0.0,1546.08094091384,801.74,0.0,502.0,0,0,0.0,3266,1546.0809409138399
Data,2244,-0.0,0.0,470.9319459445747,0.0,1577.098054055425,803.97,0.0,502.0,0,0,0.0,3354,1577.0980540554253
Data,2245,-0.0,0.0,1231.5865221415934,0.0,887.3834778584069,795.03,0.0,502.0,0,0,0.0,3416,887.3834778584066
Data,2246,-0.0,0.0,549.6832416019208,0.0,1894.8667583980794,808.45,0.0,151.0,0,0,0.0,3404,1894.8667583980791
Data,2247,-0.0,0.0,1060.4115062316057,0.0,1392.4284937683944,834.16,0.0,151.0,0,0,0.0,3438,1392.4284937683942
Data,2248,-0.0,0.0,1314.9695951623403,0.0,870.3404048376597,829.69,0.0,502.0,0,0,0.0,3517,870.3404048376597
Data,2249,-0.0,0.0,1212.0411395726342,0.0,1114.838860427366,862.12,0.0,502.0,0,0,0.0,3691,1114.838860427366
Data,2250,-0.0,0.0,1474.3856555634338,0.0,870.1243444365663,903.49,0.0,502.0,0,0,0.0,3750,870.1243444365662
Data,2251,-0.0,0.0,1125.1209047673342,0.0,1190.8590952326658,899.02,0.0,502.0,0,0,0.0,3717,1190.8590952326658
Data,2252,-0.0,0.0,994.5654076574341,0.0,1379.3545923425659,909.08,0.0,502.0,0,0,0.0,3785,1379.3545923425659
Data,2253,-0.0,0.0,1484.361289400434,0.0,767.0287105995657,904.61,0.0,502.0,0,0,0.0,3658,767.0287105995659
Data,2254,0.0,0.0,1273.2264857707341,0.0,821.6735142292661,824.1,0.0,502.0,0,0,0.0,3421,821.6735142292658
Data,2255,0.0,0.0,1082.707717512334,0.0,760.4322824876657,821.86,0.0,502.0,0,0,0.0,3167,760.4322824876659
Data,2256,0.0,0.0,1084.202298889334,0.0,567.4577011106657,826.34,0.0,502.0,0,0,0.0,2980,567.4577011106659
Data,2257,0.0,0.0,1321.968087915834,0.0,157.23191208416586,811.8,0.0,502.0,0,0,0.0,2793,157.23191208416597
Data,2258,0.0,0.0,1064.1628241109343,0.0,336.43717588906577,836.4,0.0,502.0,0,0,0.0,2739,336.43717588906577
Data,2259,0.0,0.0,1219.7386436308343,0.0,304.7413563691658,837.52,0.0,502.0,0,0,0.0,2864,304.7413563691657
Data,2260,0.0,0.0,953.860080849034,0.0,677.4199191509659,886.72,0.0,502.0,0,0,0.0,3020,677.4199191509659
Data,2261,0.0,0.0,894.2793881184342,0.0,733.3006118815657,874.42,0.0,502.0,0,0,0.0,3004,733.3006118815658
Data,2262,-0.0,0.0,1218.732842305334,0.0,416.5971576946657,791.67,0.0,502.0,0,0,0.0,2929,416.59715769466595
Data,2263,-0.0,0.0,1367.5975441642345,0.0,304.73245583576556,791.67,0.0,502.0,0,0,0.0,2966,304.73245583576556
Data,2264,-0.0,0.0,751.4226028414342,0.0,1095.3773971585656,787.2,0.0,502.0,0,0,0.0,3136,1095.3773971585656
Data,2265,-0.0,0.0,390.9661696329341,0.0,1910.5238303670658,818.51,0.0,502.0,0,0,0.0,3622,1910.5238303670658
Data,2266,-0.0,0.0,350.02403742343415,0.0,2365.2559625765657,763.72,0.0,502.0,0,0,0.0,3981,2365.2559625765657
Data,2267,-0.0,0.0,409.22862080543416,0.0,2407.0,742.47,0.0,502.0,0,-65.30137919456558,0.0,4126,2472.301379194566
Data,2268,-0.0,0.0,325.19512300223414,0.0,2407.0,748.06,0.0,502.0,0,-225.7448769977659,0.0,4208,2632.744876997766
Data,2269,-0.0,0.0,507.03893617093416,0.0,2368.721063829066,740.24,0.0,502.0,0,0,0.0,4118,2368.7210638290658
Data,2270,-0.0,0.0,1052.275556969334,0.0,1855.8444430306658,736.88,0.0,502.0,0,0,0.0,4147,1855.8444430306658
Data,2271,-0.0,0.0,1069.0433418583343,0.0,1789.3066581416656,753.65,0.0,502.0,0,0,0.0,4114,1789.3066581416656
Data,2272,-0.0,0.0,1373.2402889592345,0.0,1492.2897110407653,742.47,0.0,502.0,0,0,0.0,4110,1492.2897110407655
Data,2273,-0.0,0.0,1526.8555549929342,0.0,1259.944445007066,787.2,0.0,502.0,0,0,0.0,4076,1259.9444450070657
Data,2274,-0.0,0.0,1509.0793025404341,0.0,1070.930697459566,841.99,0.0,502.0,0,0,0.0,3924,1070.9306974595659
Data,2275,-0.0,0.0,1507.2682386924344,0.0,967.8617613075659,840.87,0.0,502.0,0,0,0.0,3818,967.8617613075656
Data,2276,-0.0,0.0,759.8083671334342,0.0,1701.4416328665657,839.75,0.0,502.0,0,0,0.0,3803,1701.4416328665657
Data,2277,-0.0,0.0,1165.9444886344345,0.0,1049.2955113655653,858.76,0.0,502.0,0,0,0.0,3576,1049.2955113655655
Data,2278,0.0,0.0,1253.4450611072343,0.0,819.4649388927656,805.09,0.0,502.0,0,0,0.0,3380,819.4649388927656
Data,2279,0.0,0.0,657.5834496464341,0.0,1223.2165503535657,787.2,0.0,502.0,0,0,0.0,3170,1223.2165503535657
Data,2280,0.0,0.0,776.980917646834,0.0,998.8390823531662,749.18,0.0,502.0,0,0,0.0,3027,998.8390823531661
Data,2281,0.0,0.0,1077.1928284184341,0.0,574.1671715815659,715.64,0.0,502.0,0,0,0.0,2869,574.1671715815659
Data,2282,0.0,0.0,811.7193030564341,0.0,792.410696943566,717.87,0.0,502.0,0,0,0.0,2824,792.4106969435659
Data,2283,0.0,0.0,406.80742915403414,0.0,1309.3225708459659,717.87,0.0,502.0,0,0,0.0,2936,1309.3225708459659
Data,2284,0.0,0.0,387.03058316603415,0.0,1446.9494168339659,776.02,0.0,502.0,0,0,0.0,3112,1446.9494168339659
Data,2285,0.0,0.0,345.46881360593414,0.0,1499.101186394066,770.43,0.0,502.0,0,0,0.0,3117,1499.101186394066
Data,2286,-0.0,0.0,378.9614566056341,0.0,1447.508543394366,733.53,0.0,502.0,0,0,0.0,3062,1447.508543394366
Data,2287,-0.0,0.0,383.5598743339341,0.0,1539.090125666066,741.35,0.0,502.0,0,0,0.0,3166,1539.090125666066
Data,2288,-0.0,0.0,416.80396993343413,0.0,1700.446030066566,716.75,0.0,502.0,0,0,0.0,3336,1700.446030066566
Data,2289,-0.0,0.0,481.15207709543415,0.0,1883.227922904566,800.62,0.0,502.0,0,0,0.0,3667,1883.2279229045657
Data,2290,-0.0,0.0,629.1900861182341,0.0,1936.9699138817657,764.84,0.0,502.0,0,0,0.0,3833,1936.969913881766
Data,2291,-0.0,0.0,745.2526323493342,0.0,1846.2673676506656,761.48,0.0,502.0,0,0,0.0,3855,1846.2673676506656
Data,2292,-0.0,0.0,756.4585476883341,0.0,1833.5314523116658,757.01,0.0,502.0,0,0,0.0,3849,1833.5314523116658
Data,2293,-0.0,0.0,793.9259695090342,0.0,1686.6040304909657,742.47,0.0,502.0,0,0,0.0,3725,1686.6040304909657
Data,2294,-0.0,0.0,833.0080117765341,0.0,1792.5719882234657,751.42,0.0,502.0,0,0,0.0,3879,1792.571988223466
Data,2295,-0.0,0.0,963.1392871242341,0.0,1634.490712875766,779.37,0.0,502.0,0,0,0.0,3879,1634.490712875766
Data,2296,-0.0,0.0,826.2446338281342,0.0,1757.9053661718658,783.85,0.0,502.0,0,0,0.0,3870,1757.9053661718658
Data,2297,-0.0,0.0,1123.9578144992342,0.0,1561.012185500766,795.03,0.0,502.0,0,0,0.0,3982,1561.0121855007658
Data,2298,-0.0,0.0,1715.408178675434,0.0,814.7318213245657,821.86,0.0,502.0,0,0,0.0,3854,814.7318213245659
Data,2299,-0.0,0.0,1792.6337173134343,0.0,570.1162826865656,882.25,0.0,502.0,0,0,0.0,3747,570.1162826865657
Data,2300,-0.0,0.0,1300.5450940634341,0.0,1101.274905936566,872.18,0.0,502.0,0,0,0.0,3776,1101.274905936566
Data,2301,0.0,0.0,1054.517192703434,0.0,1190.0128072965658,865.47,0.0,502.0,0,0,0.0,3612,1190.012807296566
Data,2302,0.0,0.0,607.7213527294341,0.0,1462.828647270566,808.45,0.0,502.0,0,0,0.0,3381,1462.8286472705659
Data,2303,0.0,0.0,572.8080213840342,0.0,1353.3619786159659,745.83,0.0,502.0,0,0,0.0,3174,1353.3619786159657
Data,2304,0.0,0.0,462.49229436443414,0.0,1321.0377056355658,742.47,0.0,502.0,0,0,0.0,3028,1321.0377056355658
Data,2305,0.0,0.0,352.0116160429341,0.0,1278.698383957066,731.29,0.0,502.0,0,0,0.0,2864,1278.698383957066
Data,2306,0.0,0.0,320.6845889652341,0.0,1261.265411034766,729.05,0.0,502.0,0,0,0.0,2813,1261.265411034766
Data,2307,0.0,0.0,217.74069617723416,0.0,1459.5493038227658,744.71,0.0,502.0,0,0,0.0,2924,1459.5493038227658
Data,2308,0.0,0.0,166.23871914003394,0.0,1593.4312808599661,807.33,0.0,502.0,0,0,0.0,3069,1593.4312808599661
Data,2309,0.0,0.0,141.00660254643415,0.0,1636.313397453566,810.68,0.0,502.0,0,0,0.0,3090,1636.3133974535658
Data,2310,-0.0,0.0,136.12944132963415,0.0,1581.4205586703656,827.45,0.0,502.0,0,0,0.0,3047,1581.4205586703658
Data,2311,-0.0,0.0,167.92642773363414,0.0,1652.1135722663657,784.96,0.0,502.0,0,0,0.0,3107,1652.1135722663657
Data,2312,-0.0,0.0,159.40146624233415,0.0,1884.0685337576658,733.53,0.0,502.0,0,0,0.0,3279,1884.0685337576658
Data,2313,-0.0,0.0,177.19084937843414,0.0,2274.819150621566,718.99,0.0,502.0,0,0,0.0,3673,2274.8191506215658
Data,2314,-0.0,0.0,152.39214702453413,0.0,2407.0,731.29,0.0,502.0,0,-70.31785297546591,0.0,3863,2477.317852975466
Data,2315,-0.0,0.0,119.21654479023414,0.0,2407.0,762.6,0.0,502.0,0,-82.18345520976595,0.0,3873,2489.1834552097657
Data,2316,-0.0,0.0,104.18991280453415,0.0,2407.0,773.78,0.0,502.0,0,-136.0300871954661,0.0,3923,2543.030087195466
Data,2317,-0.0,0.0,96.99224889093415,0.0,2407.0,763.72,0.0,502.0,0,-44.287751109065596,0.0,3814,2451.287751109066
Data,2318,-0.0,0.0,108.86079775333414,0.0,2407.0,768.19,0.0,502.0,0,-196.94920224666583,0.0,3983,2603.9492022466657
Data,2319,-0.0,0.0,132.68488122883414,0.0,2407.0,755.89,0.0,502.0,0,-201.425118771166,0.0,3999,2608.4251187711657
Data,2320,-0.0,0.0,248.69470920823412,0.0,2407.0,751.42,0.0,502.0,0,-88.88529079176581,0.0,3998,2495.885290791766
Data,2321,-0.0,0.0,286.8125292194341,0.0,2407.0,755.89,0.0,502.0,0,-98.29747078056602,0.0,4050,2505.297470780566
Data,2322,-0.0,0.0,325.8484089972341,0.0,2269.751591002766,836.4,0.0,502.0,0,0,0.0,3934,2269.751591002766
Data,2323,-0.0,0.0,234.25080494343413,0.0,2228.469195056566,835.28,0.0,502.0,0,0,0.0,3800,2228.4691950565657
Data,2324,-0.0,0.0,119.05246089373415,0.0,2367.0875391062655,821.86,0.0,502.0,0,0,0.0,3810,2367.087539106266
Data,2325,0.0,0.0,78.14073347065195,0.0,2207.299266529348,809.56,0.0,502.0,0,0,0.0,3597,2207.299266529348
Data,2326,0.0,0.0,60.76427076757176,0.0,2066.5357292324284,725.7,0.0,502.0,0,0,0.0,3355,2066.5357292324284
Data,2327,0.0,0.0,33.972228027352145,0.0,1949.8177719726477,683.21,0.0,502.0,0,0,0.0,3169,1949.8177719726477
Data,2328,0.0,0.0,12.299106157250629,0.0,1864.2108938427493,657.49,0.0,502.0,0,0,0.0,3036,1864.2108938427493
Data,2329,0.0,0.0,23.246845794933613,0.0,1700.6131542050666,654.14,0.0,502.0,0,0,0.0,2880,1700.6131542050664
Data,2330,0.0,0.0,30.347888108915754,0.0,1643.1621118910841,657.49,0.0,502.0,0,0,0.0,2833,1643.1621118910844
Data,2331,0.0,0.0,35.9980521371,0.0,1751.0319478628999,680.97,0.0,502.0,0,0,0.0,2970,1751.0319478628999
Data,2332,0.0,0.0,83.18445940299999,0.0,1792.6955405970002,739.12,0.0,502.0,0,0,0.0,3117,1792.695540597
Data,2333,0.0,0.0,71.8247329063,0.0,1778.3352670937,764.84,0.0,502.0,0,0,0.0,3117,1778.3352670937
Data,2334,-0.0,0.0,93.88093215290002,0.0,1639.6290678471,780.49,0.0,502.0,0,0,0.0,3016,1639.6290678471
Data,2335,-0.0,0.0,96.9775858726,0.0,1738.5724141274,685.45,0.0,502.0,0,0,0.0,3023,1738.5724141274
Data,2336,-0.0,0.0,93.8999192198,0.0,2278.3200807802004,650.78,0.0,151.0,0,0,0.0,3174,2278.3200807802
Data,2337,-0.0,0.0,117.95721704554829,0.0,2407.0,654.14,0.0,151.0,0,-236.90278295445185,0.0,3567,2643.9027829544516
Data,2338,-0.0,0.0,241.55518324332132,0.0,2407.0,654.14,0.0,502.0,0,-16.30481675667881,0.0,3821,2423.3048167566785
Data,2339,-0.0,0.0,632.6035848036603,0.0,2258.34171519634,647.43,0.0,369.6247,0,0,0.0,3908,2258.34171519634
Data,2340,-0.0,0.0,349.8289605687713,0.0,2407.0,650.78,0.0,151.0,0,-363.39103943122893,0.0,3922,2770.391039431229
Data,2341,-0.0,0.0,141.07675691508018,0.0,2407.0,648.55,0.0,502.0,0,-48.373243084927864,0.0,3747,2455.37324308492
Data,2342,-0.0,0.0,179.3041567926541,0.0,2407.0,654.14,0.0,151.0,0,-534.555843207346,0.0,3926,2941.555843207346
Data,2343,-0.0,0.0,501.97667696731907,0.0,2381.063323032681,661.96,0.0,502.0,0,0,0.0,4047,2381.0633230326807
Data,2344,-0.0,0.0,368.1862135742147,0.0,2407.0,688.8,0.0,151.0,0,-420.0137864257851,0.0,4035,2827.0137864257854
Data,2345,-0.0,0.0,153.93710355784847,0.0,2407.0,705.57,0.0,151.0,0,-718.4928964421514,0.0,4136,3125.4928964421515
Data,2346,-0.0,0.0,190.26719835176604,0.0,2407.0,789.44,0.0,502.0,0,-145.2928016482339,0.0,4034,2552.2928016482338
Data,2347,-0.0,0.0,161.1024807614931,0.0,2407.0,795.03,0.0,502.0,0,-50.86751923850715,0.0,3916,2457.867519238507
Data,2348,-0.0,0.0,241.74472176052063,0.0,2299.1752782394797,786.08,0.0,502.0,0,0,0.0,3829,2299.175278239479
Data,2349,-0.0,0.0,388.20166440517033,0.0,1976.7883355948295,757.01,0.0,502.0,0,0,0.0,3624,1976.7883355948297
Data,2350,0.0,0.0,516.5984041870156,0.0,1685.5515958129845,660.85,0.0,502.0,0,0,0.0,3365,1685.5515958129845
Data,2351,0.0,0.0,501.6630588051284,0.0,1522.3169411948716,653.02,0.0,502.0,0,0,0.0,3179,1522.3169411948716
Data,2352,0.0,0.0,520.0067473010604,0.0,1365.9132526989395,663.08,0.0,502.0,0,0,0.0,3051,1365.9132526989397
Data,2353,0.0,0.0,1027.019210861338,0.0,684.7907891386618,645.19,0.0,502.0,0,0,0.0,2859,684.7907891386619
Data,2354,0.0,0.0,935.7514819078806,0.0,734.2985180921194,642.95,0.0,502.0,0,0,0.0,2815,734.2985180921194
Data,2355,0.0,0.0,1034.8491884909001,0.0,746.9608115090998,645.19,0.0,502.0,0,0,0.0,2929,746.9608115090998
Data,2356,0.0,0.0,996.9662855426999,0.0,905.4037144573,696.63,0.0,502.0,0,0,0.0,3101,905.4037144573001
Data,2357,0.0,0.0,962.0036343568999,0.0,946.7663656431001,721.23,0.0,502.0,0,0,0.0,3132,946.7663656431001
Data,2358,-0.0,0.0,908.4097348236002,0.0,941.0702651763999,714.52,0.0,502.0,0,0,0.0,3066,941.0702651763999
Data,2359,-0.0,0.0,1145.2407330483904,0.0,823.9092669516097,660.85,0.0,502.0,0,0,0.0,3132,823.9092669516095
Data,2360,-0.0,0.0,822.9450622072525,0.0,1478.5183377927476,636.25,0.0,327.2866,0,0,0.0,3265,1478.5183377927474
Data,2361,-0.0,0.0,609.3679175032719,0.0,2180.7920824967277,641.84,0.0,151.0,0,0,0.0,3583,2180.792082496728
Data,2362,-0.0,0.0,828.0287239336831,0.0,2273.731276066317,617.24,0.0,151.0,0,0,0.0,3870,2273.731276066317
Data,2363,-0.0,0.0,554.6250836839315,0.0,2232.024916316069,618.35,0.0,502.0,0,0,0.0,3907,2232.0249163160684
Data,2364,-0.0,0.0,571.0117793866893,0.0,2407.0,621.71,0.0,151.0,0,-155.27822061331068,0.0,3906,2562.2782206133106
Data,2365,-0.0,0.0,596.9784756803596,0.0,2032.4915243196408,610.53,0.0,502.0,0,0,0.0,3742,2032.4915243196406
Data,2366,-0.0,0.0,678.3386326408487,0.0,2407.0,620.59,0.0,151.0,0,-47.071367359151154,0.0,3904,2454.0713673591513
Data,2367,-0.0,0.0,663.045521126889,0.0,2407.0,631.77,0.0,151.0,0,-58.18447887311112,0.0,3911,2465.184478873111
Data,2368,-0.0,0.0,863.9465342151,0.0,2259.5034657849,667.55,0.0,151.0,0,0,0.0,3942,2259.5034657849
Data,2369,-0.0,0.0,806.9340815259385,0.0,2004.6377184740618,738.0,0.0,484.4282,0,0,0.0,4034,2004.6377184740616
Data,2370,-0.0,0.0,1135.3574155139302,0.0,1401.4125844860698,844.23,0.0,502.0,0,0,0.0,3883,1401.4125844860698
Data,2371,-0.0,0.0,1168.5069362905658,0.0,1330.6099637094342,868.83,0.0,355.0531,0,0,0.0,3723,1330.6099637094342
Data,2372,-0.0,0.0,1246.849965886453,0.0,1418.817334113547,841.99,0.0,202.3427,0,0,0.0,3710,1418.817334113547
Data,2373,-0.0,0.0,1701.657143130234,0.0,520.0828568697656,797.26,0.0,502.0,0,0,0.0,3521,520.0828568697659
Data,2374,0.0,0.0,1396.3871807930661,0.0,700.262819206934,722.35,0.0,502.0,0,0,0.0,3321,700.2628192069338
Data,2375,0.0,0.0,1626.012892907695,0.0,667.9371070923047,710.05,0.0,151.0,0,0,0.0,3155,667.937107092305
Data,2376,0.0,0.0,2026.6971192568617,0.0,156.02288074313864,712.28,0.0,151.0,0,0,0.0,3046,156.02288074313833
Data,2377,0.0,0.0,1806.1354410999843,0.0,164.21455890001562,734.65,0.0,151.0,0,0,0.0,2856,164.21455890001573
Data,2378,0.0,0.0,1202.2734346891589,0.0,694.486565310841,740.24,0.0,151.0,0,0,0.0,2788,694.4865653108411
Data,2379,0.0,0.0,1311.8712358187922,0.0,673.8887641812079,740.24,0.0,151.0,0,0,0.0,2877,673.8887641812078
Data,2380,0.0,0.0,1265.535025740396,0.0,844.1549742596043,769.31,0.0,151.0,0,0,0.0,3030,844.1549742596042
Data,2381,0.0,0.0,584.4812618068714,0.0,1486.9687381931285,790.55,0.0,151.0,0,0,0.0,3013,1486.9687381931285
Data,2382,-0.0,0.0,1139.3661109003497,0.0,614.7160890996502,731.29,0.0,442.6278,0,0,0.0,2928,614.7160890996504
Data,2383,-0.0,0.0,506.6305135969965,0.0,1518.4394864030037,708.93,0.0,151.0,0,0,0.0,2885,1518.4394864030037
Data,2384,-0.0,0.0,670.8227674509305,0.0,1480.6772325490695,676.5,0.0,151.0,0,0,0.0,2979,1480.6772325490695
Data,2385,-0.0,0.0,227.29386591221575,0.0,2110.736134087784,680.97,0.0,151.0,0,0,0.0,3170,2110.736134087784
Data,2386,-0.0,0.0,77.94290528917122,0.0,2407.0,679.85,0.0,151.0,0,-66.20709471082887,0.0,3382,2473.2070947108286
Data,2387,-0.0,0.0,276.16893822378535,0.0,2307.3310617762145,676.5,0.0,151.0,0,0,0.0,3411,2307.3310617762145
Data,2388,-0.0,0.0,193.70200385332453,0.0,2407.0,685.45,0.0,151.0,0,-18.847996146675655,0.0,3456,2425.8479961466755
Data,2389,-0.0,0.0,132.89082045084274,0.0,2407.0,675.38,0.0,151.0,0,-60.72917954915715,0.0,3427,2467.7291795491574
Data,2390,-0.0,0.0,299.8693429953489,0.0,2243.680657004651,685.45,0.0,151.0,0,0,0.0,3380,2243.680657004651
Data,2391,-0.0,0.0,139.3101129176189,0.0,2407.0,715.64,0.0,151.0,0,-43.04988708238121,0.0,3456,2450.0498870823812
Data,2392,-0.0,0.0,196.83440242777252,0.0,2359.695597572227,742.47,0.0,151.0,0,0,0.0,3450,2359.6955975722276
Data,2393,-0.0,0.0,483.00842142103636,0.0,1789.2815785789635,744.71,0.0,502.0,0,0,0.0,3519,1789.2815785789635
Data,2394,-0.0,0.0,1222.4104304172051,0.0,1004.199569582795,817.39,0.0,502.0,0,0,0.0,3546,1004.1995695827949
Data,2395,-0.0,0.0,1273.5057781869327,0.0,949.8142218130673,810.68,0.0,502.0,0,0,0.0,3536,949.8142218130673
Data,2396,-0.0,0.0,1254.343013293189,0.0,1016.2669867068112,817.39,0.0,502.0,0,0,0.0,3590,1016.266986706811
Data,2397,-0.0,0.0,1286.5357961100653,0.0,902.4042038899346,748.06,0.0,502.0,0,0,0.0,3439,902.4042038899347
Data,2398,0.0,0.0,1528.1922524107533,0.0,425.8577475892466,746.95,0.0,502.0,0,0,0.0,3203,425.8577475892466
Data,2399,0.0,0.0,1740.0901607107805,0.0,130.51983928921968,694.39,0.0,502.0,0,0,0.0,3067,130.51983928921948
Data,2400,0.0,0.0,952.7132869137798,0.0,805.0767130862201,683.21,0.0,502.0,0,0,0.0,2943,805.0767130862201
Data,2401,0.0,0.0,620.3320214949,0.0,1024.0079785051003,649.66,0.0,502.0,0,0,0.0,2796,1024.0079785051
Data,2402,0.0,0.0,640.5341226666001,0.0,927.0258773333999,666.44,0.0,502.0,0,0,0.0,2736,927.0258773333999
Data,2403,0.0,0.0,543.2373091386,0.0,1117.1326908613999,696.63,0.0,502.0,0,0,0.0,2859,1117.1326908614
Data,2404,0.0,0.0,485.77246832540004,0.0,1283.4575316746,754.77,0.0,502.0,0,0,0.0,3026,1283.4575316746
Data,2405,0.0,0.0,613.5873277779999,0.0,1109.092672222,788.32,0.0,502.0,0,0,0.0,3013,1109.0926722220001
Data,2406,-0.0,0.0,644.2469458439452,0.0,1035.6930541560546,748.06,0.0,502.0,0,0,0.0,2930,1035.6930541560548
Data,2407,-0.0,0.0,779.552827664834,0.0,916.2771723351659,730.17,0.0,502.0,0,0,0.0,2928,916.277172335166
Data,2408,-0.0,0.0,581.0360447654903,0.0,1449.8739552345096,682.09,0.0,151.0,0,0,0.0,2864,1449.8739552345096
Data,2409,-0.0,0.0,462.6912490638294,0.0,1665.5087509361706,688.8,0.0,151.0,0,0,0.0,2968,1665.5087509361706
Data,2410,-0.0,0.0,284.64718480928093,0.0,1929.9867151907192,694.39,0.0,245.9761,0,0,0.0,3155,1929.986715190719
Data,2411,-0.0,0.0,152.3173821699075,0.0,2278.3426178300924,703.34,0.0,151.0,0,0,0.0,3285,2278.3426178300924
Data,2412,-0.0,0.0,240.60724657559157,0.0,2247.6527534244087,678.74,0.0,151.0,0,0,0.0,3318,2247.6527534244083
Data,2413,-0.0,0.0,284.1629391213857,0.0,2161.4435608786143,675.38,0.0,254.0135,0,0,0.0,3375,2161.4435608786143
Data,2414,-0.0,0.0,182.13590096492575,0.0,1943.2340990350742,696.63,0.0,502.0,0,0,0.0,3324,1943.2340990350742
Data,2415,-0.0,0.0,557.4834017060539,0.0,1901.4165982939462,701.1,0.0,151.0,0,0,0.0,3311,1901.4165982939462
Data,2416,-0.0,0.0,466.41048137995386,0.0,2045.729518620046,698.86,0.0,151.0,0,0,0.0,3362,2045.729518620046
Data,2417,-0.0,0.0,301.5969527558184,0.0,1955.8230472441817,724.58,0.0,502.0,0,0,0.0,3484,1955.8230472441815
Data,2418,-0.0,0.0,271.06756347569825,0.0,2006.3824365243015,771.55,0.0,502.0,0,0,0.0,3551,2006.3824365243017
Data,2419,-0.0,0.0,190.72038832285568,0.0,2081.0996116771444,749.18,0.0,502.0,0,0,0.0,3523,2081.0996116771444
Data,2420,-0.0,0.0,224.1095058135987,0.0,2139.3604941864014,733.53,0.0,502.0,0,0,0.0,3599,2139.3604941864014
Data,2421,-0.0,0.0,298.85936923981745,0.0,1998.7606307601825,675.38,0.0,502.0,0,0,0.0,3475,1998.7606307601825
Data,2422,0.0,0.0,552.1102483395732,0.0,1582.399751660427,657.49,0.0,502.0,0,0,0.0,3294,1582.3997516604268
Data,2423,0.0,0.0,235.45298958421844,0.0,1701.0070104157817,629.54,0.0,502.0,0,0,0.0,3068,1701.0070104157817
Data,2424,0.0,0.0,215.53603814803242,0.0,1576.5139618519675,623.95,0.0,502.0,0,0,0.0,2918,1576.5139618519675
Data,2425,0.0,0.0,269.101464551315,0.0,1388.438535448685,600.46,0.0,502.0,0,0,0.0,2760,1388.438535448685
Data,2426,0.0,0.0,213.87059688506807,0.0,1402.0194031149317,597.11,0.0,502.0,0,0,0.0,2715,1402.019403114932
Data,2427,0.0,0.0,225.77102547213147,0.0,1469.5789745278685,611.65,0.0,502.0,0,0,0.0,2809,1469.5789745278685
Data,2428,0.0,0.0,418.6698176744336,0.0,1375.0701823255665,674.26,0.0,502.0,0,0,0.0,2970,1375.0701823255663
Data,2429,0.0,0.0,580.3784355640994,0.0,1255.9615644359008,649.66,0.0,502.0,0,0,0.0,2988,1255.9615644359005
Data,2430,-0.0,0.0,815.9461773197552,0.0,1078.3438226802448,621.71,0.0,502.0,0,0,0.0,3018,1078.3438226802448
Data,2431,-0.0,0.0,528.5110096884101,0.0,1473.0189903115897,619.47,0.0,502.0,0,0,0.0,3123,1473.0189903115897
Data,2432,-0.0,0.0,437.63047916186235,0.0,1727.959520838138,609.41,0.0,502.0,0,0,0.0,3277,1727.9595208381377
Data,2433,-0.0,0.0,762.8195763797378,0.0,1790.2304236202624,623.95,0.0,502.0,0,0,0.0,3679,1790.2304236202622
Data,2434,-0.0,0.0,1066.638626388651,0.0,1732.3013736113492,625.06,0.0,502.0,0,0,0.0,3926,1732.3013736113492
Data,2435,-0.0,0.0,1492.9855841038802,0.0,1344.4744158961198,629.54,0.0,502.0,0,0,0.0,3969,1344.4744158961198
Data,2436,-0.0,0.0,1536.9770856138696,0.0,1278.3029143861302,640.72,0.0,502.0,0,0,0.0,3958,1278.3029143861304
Data,2437,-0.0,0.0,1707.059017066109,0.0,964.4009829338912,629.54,0.0,502.0,0,0,0.0,3803,964.4009829338911
Data,2438,-0.0,0.0,1801.9275724733404,0.0,1054.3424275266595,659.73,0.0,502.0,0,0,0.0,4018,1054.3424275266595
Data,2439,-0.0,0.0,1784.4984461552356,0.0,1020.7015538447642,688.8,0.0,502.0,0,0,0.0,3996,1020.7015538447645
Data,2440,-0.0,0.0,1765.125748880775,0.0,978.4742511192247,713.4,0.0,502.0,0,0,0.0,3959,978.474251119225
Data,2441,-0.0,0.0,1781.550217454863,0.0,967.849782545137,762.6,0.0,502.0,0,0,0.0,4014,967.8497825451369
Data,2442,-0.0,0.0,1605.7948596213346,0.0,960.2151403786655,841.99,0.0,502.0,0,0,0.0,3910,960.2151403786654
Data,2443,-0.0,0.0,1713.0262953718982,0.0,845.8937046281019,786.08,0.0,502.0,0,0,0.0,3847,845.8937046281018
Data,2444,-0.0,0.0,1147.381070158825,0.0,1413.5489298411749,767.07,0.0,502.0,0,0,0.0,3830,1413.5489298411749
Data,2445,-0.0,0.0,1114.5963159530472,0.0,1263.513684046953,755.89,0.0,502.0,0,0,0.0,3636,1263.5136840469527
Data,2446,0.0,0.0,1336.2909122136705,0.0,881.7890877863294,689.92,0.0,502.0,0,0,0.0,3410,881.7890877863296
Data,2447,0.0,0.0,1804.4727751280827,0.0,247.03722487191752,657.49,0.0,502.0,0,0,0.0,3211,247.03722487191726
Data,2448,0.0,0.0,2055.9793321201787,0.0,0.0,619.47,0.0,502.0,0,154.44933212017858,0.0,3023,-154.44933212017872
Data,2449,0.0,0.0,2051.8699052826,0.0,0.0,598.23,0.0,502.0,0,298.09990528260005,0.0,2854,-298.09990528260005
Data,2450,0.0,0.0,1738.6011998311153,0.0,0.0,618.35,0.0,502.0,0,54.951199831115225,0.0,2804,-54.95119983111533
Data,2451,0.0,0.0,1720.1700124099002,0.0,54.239987590099645,620.59,0.0,502.0,0,0,0.0,2897,54.23998759009976
Data,2452,0.0,0.0,1969.8991314881002,0.0,0.0,656.37,0.0,502.0,0,50.26913148810013,0.0,3078,-50.26913148810024
Data,2453,0.0,0.0,1762.3913079564898,0.0,142.97869204351014,696.63,0.0,502.0,0,0,0.0,3104,142.97869204351025
Data,2454,-0.0,0.0,1698.331689311365,0.0,169.75831068863533,670.91,0.0,502.0,0,0,0.0,3041,169.7583106886351
Data,2455,-0.0,0.0,1227.9984631279544,0.0,760.2815368720455,640.72,0.0,502.0,0,0,0.0,3131,760.2815368720455
Data,2456,-0.0,0.0,1136.8113764981754,0.0,1073.0686235018247,616.12,0.0,502.0,0,0,0.0,3328,1073.0686235018247
Data,2457,-0.0,0.0,1394.336322376168,0.0,1178.5336776238319,635.13,0.0,502.0,0,0,0.0,3710,1178.5336776238319
Data,2458,-0.0,0.0,1380.1835372438659,0.0,1424.3864627561343,647.43,0.0,502.0,0,0,0.0,3954,1424.3864627561343
Data,2459,-0.0,0.0,865.2519824309592,0.0,1983.8180175690409,708.93,0.0,502.0,0,0,0.0,4060,1983.8180175690409
Data,2460,-0.0,0.0,1278.9313457677076,0.0,1599.5886542322924,638.48,0.0,502.0,0,0,0.0,4019,1599.5886542322924
Data,2461,-0.0,0.0,1443.2503780580523,0.0,1265.7496219419477,615.0,0.0,502.0,0,0,0.0,3826,1265.7496219419477
Data,2462,-0.0,0.0,1729.1332502865775,0.0,1089.7967497134223,644.07,0.0,502.0,0,0,0.0,3965,1089.7967497134223
Data,2463,-0.0,0.0,1754.9642322826962,0.0,1107.255767717304,650.78,0.0,502.0,0,0,0.0,4015,1107.2557677173038
Data,2464,-0.0,0.0,1838.1750263019358,0.0,957.1449736980645,687.68,0.0,502.0,0,0,0.0,3985,957.1449736980643
Data,2465,-0.0,0.0,1739.447978022181,0.0,1100.752021977819,688.8,0.0,502.0,0,0,0.0,4031,1100.7520219778191
Data,2466,-0.0,0.0,1318.6957452938698,0.0,1356.8442547061302,723.46,0.0,502.0,0,0,0.0,3901,1356.8442547061302
Data,2467,-0.0,0.0,1083.9891869469368,0.0,1516.1808130530633,745.83,0.0,502.0,0,0,0.0,3848,1516.180813053063
Data,2468,-0.0,0.0,1357.0067021882378,0.0,1306.423297811762,705.57,0.0,502.0,0,0,0.0,3871,1306.423297811762
Data,2469,0.0,0.0,1577.5779082335555,0.0,906.7520917664444,668.67,0.0,502.0,0,0,0.0,3655,906.7520917664446
Data,2470,0.0,0.0,1085.5683487096107,0.0,1181.0016512903894,647.43,0.0,502.0,0,0,0.0,3416,1181.0016512903894
Data,2471,0.0,0.0,756.9337141343341,0.0,1302.7162858656661,618.35,0.0,502.0,0,0,0.0,3180,1302.716285865666
Data,2472,0.0,0.0,330.73500238269537,0.0,1583.084997617305,626.18,0.0,502.0,0,0,0.0,3042,1583.0849976173047
Data,2473,0.0,0.0,813.4100808535151,0.0,954.059919146485,610.53,0.0,502.0,0,0,0.0,2880,954.059919146485
Data,2474,0.0,0.0,1322.0407057132438,0.0,349.309294286756,611.65,0.0,502.0,0,0,0.0,2785,349.3092942867562
Data,2475,0.0,0.0,1120.0464713256738,0.0,690.0835286743263,594.87,0.0,502.0,0,0,0.0,2907,690.0835286743262
Data,2476,0.0,0.0,732.0734258214112,0.0,1212.3365741785885,620.59,0.0,502.0,0,0,0.0,3067,1212.3365741785888
Data,2477,0.0,0.0,311.96523392862053,0.0,1599.7847660713794,655.25,0.0,502.0,0,0,0.0,3069,1599.7847660713794
Data,2478,-0.0,0.0,346.3469774075949,0.0,1519.573022592405,663.08,0.0,502.0,0,0,0.0,3031,1519.573022592405
Data,2479,-0.0,0.0,95.0396379798901,0.0,1789.9603620201099,615.0,0.0,502.0,0,0,0.0,3002,1789.9603620201099
Data,2480,-0.0,0.0,473.7208711058456,0.0,1579.5691288941543,621.71,0.0,502.0,0,0,0.0,3177,1579.5691288941543
Data,2481,-0.0,0.0,718.4676521727404,0.0,1694.2223478272595,646.31,0.0,502.0,0,0,0.0,3561,1694.2223478272597
Data,2482,-0.0,0.0,853.6205134896485,0.0,1832.4894865103518,632.89,0.0,502.0,0,0,0.0,3821,1832.4894865103515
Data,2483,-0.0,0.0,1319.172263261457,0.0,1434.9777367385432,679.85,0.0,502.0,0,0,0.0,3936,1434.9777367385432
Data,2484,-0.0,0.0,1299.0341570603705,0.0,1533.1258429396294,641.84,0.0,502.0,0,0,0.0,3976,1533.1258429396294
Data,2485,-0.0,0.0,1667.7036448260342,0.0,1012.2963551739657,615.0,0.0,502.0,0,0,0.0,3797,1012.2963551739658
Data,2486,-0.0,0.0,1860.491151876034,0.0,929.0888481239657,628.42,0.0,502.0,0,0,0.0,3920,929.0888481239659
Data,2487,-0.0,0.0,1806.0826688973343,0.0,946.4373311026656,638.48,0.0,502.0,0,0,0.0,3893,946.4373311026657
Data,2488,-0.0,0.0,1680.7595517412342,0.0,1020.0904482587656,673.15,0.0,502.0,0,0,0.0,3876,1020.0904482587658
Data,2489,-0.0,0.0,1274.824691084434,0.0,1407.185308915566,718.99,0.0,502.0,0,0,0.0,3903,1407.1853089155659
Data,2490,-0.0,0.0,950.0841827354342,0.0,1616.4858172645659,770.43,0.0,502.0,0,0,0.0,3839,1616.4858172645659
Data,2491,-0.0,0.0,762.979329648734,0.0,1690.7906703512658,844.23,0.0,502.0,0,0,0.0,3800,1690.7906703512658
Data,2492,-0.0,0.0,1254.613772633434,0.0,1243.2362273665658,796.15,0.0,502.0,0,0,0.0,3796,1243.2362273665658
Data,2493,-0.0,0.0,1139.757924459534,0.0,1218.1920755404658,710.05,0.0,502.0,0,0,0.0,3570,1218.192075540466
Data,2494,0.0,0.0,1043.6588600947343,0.0,1091.1311399052656,683.21,0.0,502.0,0,0,0.0,3320,1091.1311399052656
Data,2495,0.0,0.0,1087.618842240834,0.0,879.5511577591659,622.83,0.0,502.0,0,0,0.0,3092,879.5511577591659
Data,2496,0.0,0.0,1508.9347828116342,0.0,339.3052171883659,612.76,0.0,502.0,0,0,0.0,2963,339.30521718836576
Data,2497,0.0,0.0,1998.3425274768342,0.0,0.0,589.28,0.0,502.0,0,327.6225274768343,0.0,2762,-327.6225274768342
Data,2498,0.0,0.0,1704.2428488055343,0.0,0.0,587.05,0.0,502.0,0,89.29284880553416,0.0,2704,-89.29284880553428
Data,2499,0.0,0.0,1415.8221280657344,0.0,294.6078719342655,582.57,0.0,502.0,0,0,0.0,2795,294.6078719342655
Data,2500,0.0,0.0,1051.8472280544343,0.0,848.762771945566,571.39,0.0,502.0,0,0,0.0,2974,848.7627719455658
Data,2501,0.0,0.0,948.5841877423458,0.0,1354.195812257654,579.22,0.0,151.0,0,0,0.0,3033,1354.1958122576543
Data,2502,-0.0,0.0,1120.4342731403738,0.0,1263.455726859626,597.11,0.0,0.0,0,0,0.0,2981,1263.4557268596263
Data,2503,-0.0,0.0,839.5030217772329,0.0,1590.3269782227671,607.17,0.0,0.0,0,0,0.0,3037,1590.3269782227671
Data,2504,-0.0,0.0,814.3026109308342,0.0,1810.0473890691655,611.65,0.0,0.0,0,0,0.0,3236,1810.0473890691658
Data,2505,-0.0,0.0,907.8808725932341,0.0,2104.999127406766,616.12,0.0,0.0,0,0,0.0,3629,2104.999127406766
Data,2506,-0.0,0.0,1275.3394834607343,0.0,1983.7805165392656,613.88,0.0,0.0,0,0,0.0,3873,1983.7805165392656
Data,2507,-0.0,0.0,1058.432688831634,0.0,2132.487311168366,663.08,0.0,0.0,0,0,0.0,3854,2132.487311168366
Data,2508,-0.0,0.0,899.836276535634,0.0,2292.213723464366,623.95,0.0,0.0,0,0,0.0,3816,2292.213723464366
Data,2509,-0.0,0.0,953.6739261178342,0.0,2135.876073882166,581.45,0.0,0.0,0,0,0.0,3671,2135.8760738821657
Data,2510,-0.0,0.0,895.6222344994341,0.0,2372.0977655005663,589.28,0.0,0.0,0,0,0.0,3857,2372.097765500566
Data,2511,-0.0,0.0,848.3359803522341,0.0,2407.0,592.64,0.0,0.0,0,-74.02401964776607,0.0,3922,2481.024019647766
Data,2512,-0.0,0.0,818.4104978467341,0.0,2407.0,608.29,0.0,0.0,0,-62.29950215326596,0.0,3896,2469.299502153266
Data,2513,-0.0,0.0,783.8958959150342,0.0,2407.0,689.92,0.0,0.0,0,-33.184104084965725,0.0,3914,2440.184104084966
Data,2514,-0.0,0.0,1486.1948592844342,0.0,1596.7551407155656,710.05,0.0,0.0,0,0,0.0,3793,1596.7551407155659
Data,2515,-0.0,0.0,1697.8850381754341,0.0,1277.4649618245658,734.65,0.0,0.0,0,0,0.0,3710,1277.4649618245658
Data,2516,-0.0,0.0,2139.6262473448346,0.0,889.0437526551656,684.33,0.0,0.0,0,0,0.0,3713,889.0437526551653
Data,2517,-0.0,0.0,2361.8280772023345,0.0,538.3319227976654,641.84,0.0,0.0,0,0,0.0,3542,538.3319227976655
Data,2518,0.0,0.0,2067.930337211334,0.0,605.7696627886656,627.3,0.0,0.0,0,0,0.0,3301,605.769662788666
Data,2519,0.0,0.0,1731.2503260479343,0.0,814.1796739520656,582.57,0.0,0.0,0,0,0.0,3128,814.1796739520656
Data,2520,0.0,0.0,1762.703029223634,0.0,638.2469707763656,587.05,0.0,0.0,0,0,0.0,2988,638.246970776366
Data,2521,0.0,0.0,1767.580488995034,0.0,480.3795110049658,568.04,0.0,0.0,0,0,0.0,2816,480.37951100496593
Data,2522,0.0,0.0,1754.4372704499342,0.0,449.6427295500656,566.92,0.0,0.0,0,0,0.0,2771,449.64272955006584
Data,2523,0.0,0.0,1857.5865047066345,0.0,465.0234952933657,571.39,0.0,0.0,0,0,0.0,2894,465.0234952933655
Data,2524,0.0,0.0,1547.1564394309344,0.0,934.9235605690657,566.92,0.0,0.0,0,0,0.0,3049,934.9235605690657
Data,2525,0.0,0.0,1205.4769303916514,0.0,1297.1230696083485,590.4,0.0,0.0,0,0,0.0,3093,1297.1230696083485
Data,2526,-0.0,0.0,1133.2552788297226,0.0,1322.7547211702777,595.99,0.0,0.0,0,0,0.0,3052,1322.7547211702774
Data,2527,-0.0,0.0,949.183951079024,0.0,1448.996048920976,603.82,0.0,0.0,0,0,0.0,3002,1448.996048920976
Data,2528,-0.0,0.0,409.7848544079655,0.0,2104.105145592034,597.11,0.0,0.0,0,0,0.0,3111,2104.1051455920347
Data,2529,-0.0,0.0,283.7103301041409,0.0,2407.0,617.24,0.0,0.0,0,-182.04966989585935,0.0,3490,2589.049669895859
Data,2530,-0.0,0.0,463.92512789382215,0.0,2407.0,588.16,0.0,0.0,0,-228.91487210617802,0.0,3688,2635.914872106178
Data,2531,-0.0,0.0,444.10655978219194,0.0,2407.0,600.46,0.0,0.0,0,-302.433440217808,0.0,3754,2709.433440217808
Data,2532,-0.0,0.0,322.5649747231581,0.0,2407.0,591.52,0.0,0.0,0,-490.9150252768419,0.0,3812,2897.915025276842
Data,2533,-0.0,0.0,326.5729252494395,0.0,2407.0,541.2,0.0,0.0,0,-307.2270747505607,0.0,3582,2714.2270747505604
Data,2534,-0.0,0.0,211.2700565700192,0.0,2407.0,542.32,0.0,0.0,0,-565.4099434299807,0.0,3726,2972.4099434299806
Data,2535,-0.0,0.0,359.41678552495415,0.0,2407.0,585.93,0.0,0.0,0,-480.653214475046,0.0,3833,2887.653214475046
Data,2536,-0.0,0.0,434.1387326294975,0.0,2407.0,625.06,0.0,0.0,0,-311.80126737050256,0.0,3778,2718.8012673705025
Data,2537,-0.0,0.0,594.4744060034933,0.0,2407.0,689.92,0.0,0.0,0,-112.60559399650663,0.0,3804,2519.6055939965067
Data,2538,-0.0,0.0,1236.3505377097706,0.0,1711.5894622902294,748.06,0.0,0.0,0,0,0.0,3696,1711.5894622902294
Data,2539,-0.0,0.0,1518.8237347426343,0.0,1352.0462652573656,758.13,0.0,0.0,0,0,0.0,3629,1352.0462652573656
Data,2540,-0.0,0.0,1387.807684642234,0.0,1509.012315357766,749.18,0.0,0.0,0,0,0.0,3646,1509.012315357766
Data,2541,-0.0,0.0,1273.460794494934,0.0,1447.6092055050663,708.93,0.0,0.0,0,0,0.0,3430,1447.6092055050663
Data,2542,0.0,0.0,1230.0770645817342,0.0,1347.7829354182659,654.14,0.0,0.0,0,0,0.0,3232,1347.7829354182659
Data,2543,0.0,0.0,1599.852730050734,0.0,841.3672699492662,650.78,0.0,0.0,0,0,0.0,3092,841.3672699492661
Data,2544,0.0,0.0,1847.4613141238342,0.0,440.81868587616543,640.72,0.0,0.0,0,0,0.0,2929,440.8186858761658
Data,2545,0.0,0.0,1270.822606786934,0.0,919.8873932130658,608.29,0.0,0.0,0,0,0.0,2799,919.8873932130659
Data,2546,0.0,0.0,1583.793538157657,0.0,515.7364618423428,619.47,0.0,0.0,0,0,0.0,2719,515.736461842343
Data,2547,0.0,0.0,1775.8214567422683,0.0,393.32854325773184,660.85,0.0,0.0,0,0,0.0,2830,393.32854325773167
Data,2548,0.0,0.0,1876.6836959232098,0.0,426.64630407679016,668.67,0.0,0.0,0,0,0.0,2972,426.6463040767902
Data,2549,0.0,0.0,1786.5091829474804,0.0,474.14081705251976,741.35,0.0,0.0,0,0,0.0,3002,474.14081705251954
Data,2550,-0.0,0.0,1748.5490919285899,0.0,533.2309080714099,702.22,0.0,0.0,0,0,0.0,2984,533.2309080714101
Data,2551,-0.0,0.0,1591.3858075287887,0.0,604.104192471211,695.51,0.0,0.0,0,0,0.0,2891,604.1041924712113
Data,2552,-0.0,0.0,582.6487959587637,0.0,1678.7212040412364,696.63,0.0,0.0,0,0,0.0,2958,1678.7212040412364
Data,2553,-0.0,0.0,465.26825366410003,0.0,1972.2317463359,676.5,0.0,0.0,0,0,0.0,3114,1972.2317463359
Data,2554,-0.0,0.0,339.7318586754,0.0,2275.3681413246,651.9,0.0,0.0,0,0,0.0,3267,2275.3681413246
Data,2555,-0.0,0.0,391.3234769662,0.0,2309.1765230338,676.5,0.0,0.0,0,0,0.0,3377,2309.1765230338
Data,2556,-0.0,0.0,365.2309635875012,0.0,2348.0990364124987,668.67,0.0,0.0,0,0,0.0,3382,2348.0990364124987
Data,2557,-0.0,0.0,275.96598354048774,0.0,2274.1840164595123,660.85,0.0,0.0,0,0,0.0,3211,2274.1840164595123
Data,2558,-0.0,0.0,428.55357158881566,0.0,2130.126428411184,665.32,0.0,0.0,0,0,0.0,3224,2130.1264284111844
Data,2559,-0.0,0.0,378.8411555963871,0.0,2165.3588444036127,688.8,0.0,0.0,0,0,0.0,3233,2165.358844403613
Data,2560,-0.0,0.0,479.68410838422886,0.0,2021.975891615771,703.34,0.0,0.0,0,0,0.0,3205,2021.9758916157712
Data,2561,-0.0,0.0,683.8183052043524,0.0,1810.8316947956478,722.35,0.0,0.0,0,0,0.0,3217,1810.8316947956475
Data,2562,-0.0,0.0,1053.1420778346342,0.0,1497.4179221653658,789.44,0.0,0.0,0,0,0.0,3340,1497.4179221653658
Data,2563,-0.0,0.0,1133.1929282901342,0.0,1319.9070717098657,774.9,0.0,151.0,0,0,0.0,3379,1319.9070717098657
Data,2564,-0.0,0.0,1159.120609146134,0.0,1362.6993908538661,749.18,0.0,151.0,0,0,0.0,3422,1362.6993908538661
Data,2565,0.0,0.0,1296.1529493690593,0.0,1090.9770506309408,717.87,0.0,151.0,0,0,0.0,3256,1090.9770506309405
Data,2566,0.0,0.0,1215.7997742266343,0.0,942.6802257733658,714.52,0.0,151.0,0,0,0.0,3024,942.6802257733657
Data,2567,0.0,0.0,1222.3075364562342,0.0,857.592463543766,701.1,0.0,151.0,0,0,0.0,2932,857.5924635437658
Data,2568,0.0,0.0,1192.5816592257343,0.0,691.7764407742656,692.15,0.0,245.4919,0,0,0.0,2822,691.7764407742658
Data,2569,0.0,0.0,1209.0575651435342,0.0,635.7924348564655,692.15,0.0,151.0,0,0,0.0,2688,635.7924348564658
Data,2570,0.0,0.0,1149.228521951034,0.0,336.1611780489661,684.33,0.0,474.2803,0,0,0.0,2644,336.1611780489659
Data,2571,0.0,0.0,1307.1588509979342,0.0,236.96114900206578,736.88,0.0,502.0,0,0,0.0,2783,236.96114900206578
Data,2572,0.0,0.0,1266.4918492042589,0.0,393.2081507957412,750.3,0.0,502.0,0,0,0.0,2912,393.2081507957412
Data,2573,0.0,0.0,1099.311522712759,0.0,565.038477287241,734.65,0.0,502.0,0,0,0.0,2901,565.0384772872411
Data,2574,-0.0,0.0,1151.0959005569625,0.0,409.3240994430376,724.58,0.0,502.0,0,0,0.0,2787,409.3240994430374
Data,2575,-0.0,0.0,654.5850623666954,0.0,867.2649376333045,673.15,0.0,502.0,0,0,0.0,2697,867.2649376333046
Data,2576,-0.0,0.0,363.77826954692387,0.0,1212.841730453076,675.38,0.0,502.0,0,0,0.0,2754,1212.8417304530763
Data,2577,-0.0,0.0,521.3156781494791,0.0,1546.3343218505208,741.35,0.0,151.0,0,0,0.0,2960,1546.3343218505208
Data,2578,-0.0,0.0,689.563835057183,0.0,1506.436164942817,738.0,0.0,151.0,0,0,0.0,3085,1506.436164942817
Data,2579,-0.0,0.0,733.6008104372335,0.0,1581.9891895627666,732.41,0.0,151.0,0,0,0.0,3199,1581.9891895627666
Data,2580,-0.0,0.0,604.6562511726994,0.0,1748.7037488273006,715.64,0.0,151.0,0,0,0.0,3220,1748.7037488273006
Data,2581,-0.0,0.0,756.0803326768353,0.0,1651.8396673231648,663.08,0.0,151.0,0,0,0.0,3222,1651.8396673231646
Data,2582,-0.0,0.0,789.5796484880342,0.0,1267.390351511966,672.03,0.0,502.0,0,0,0.0,3231,1267.390351511966
Data,2583,-0.0,0.0,839.8232553424342,0.0,1529.2067446575657,680.97,0.0,151.0,0,0,0.0,3201,1529.2067446575657
Data,2584,-0.0,0.0,866.3484877816342,0.0,1458.2015122183661,685.45,0.0,151.0,0,0,0.0,3161,1458.2015122183657
Data,2585,-0.0,0.0,935.0675072684343,0.0,1096.9424927315658,718.99,0.0,502.0,0,0,0.0,3253,1096.9424927315658
Data,2586,-0.0,0.0,1312.7866727894343,0.0,757.0233272105658,768.19,0.0,502.0,0,0,0.0,3340,757.0233272105656
Data,2587,-0.0,0.0,1289.1920385229341,0.0,755.0079614770658,811.8,0.0,502.0,0,0,0.0,3358,755.0079614770659
Data,2588,-0.0,0.0,1233.2505132899341,0.0,792.3494867100657,836.4,0.0,502.0,0,0,0.0,3364,792.3494867100659
Data,2589,-0.0,0.0,1325.445326177734,0.0,502.6046738222659,869.95,0.0,502.0,0,0,0.0,3200,502.604673822266
Data,2590,0.0,0.0,1251.3780259590344,0.0,418.2219740409656,836.4,0.0,502.0,0,0,0.0,3008,418.2219740409656
Data,2591,0.0,0.0,1272.0787625056341,0.0,221.5812374943656,826.34,0.0,502.0,0,0,0.0,2822,221.58123749436584
Data,2592,0.0,0.0,1177.0705184202343,0.0,191.77948157976573,815.15,0.0,502.0,0,0,0.0,2686,191.77948157976573
Data,2593,0.0,0.0,1204.448842309534,0.0,62.87115769046568,810.68,0.0,502.0,0,-3.410605131648481e-13,0.0,2580,62.87115769046602
Data,2594,0.0,0.0,1258.2274168263343,0.0,0.0,843.11,0.0,502.0,0,30.337416826334334,0.0,2573,-30.337416826334334
Data,2595,0.0,0.0,1326.9724471209345,0.0,0.0,849.82,0.0,502.0,0,28.792447120934526,0.0,2650,-28.792447120934526
Data,2596,0.0,0.0,1294.7591256854344,0.0,262.5708743145657,791.67,0.0,502.0,0,0,0.0,2851,262.5708743145657
Data,2597,0.0,0.0,1289.8578562927341,0.0,299.1921437072657,765.95,0.0,502.0,0,0,0.0,2857,299.1921437072658
Data,2598,-0.0,0.0,1446.8063400489345,0.0,54.533659951065715,772.66,0.0,502.0,0,0,0.0,2776,54.53365995106549
Data,2599,-0.0,0.0,1221.281139751034,0.0,244.69886024896584,776.02,0.0,502.0,0,0,0.0,2744,244.69886024896596
Data,2600,-0.0,0.0,735.9142043660341,0.0,730.945795633966,777.14,0.0,502.0,0,0,0.0,2746,730.9457956339659
Data,2601,-0.0,0.0,591.0193394508443,0.0,1420.4306605491556,771.55,0.0,151.0,0,0,0.0,2934,1420.4306605491556
Data,2602,-0.0,0.0,528.8658097647342,0.0,1687.1841902352658,765.95,0.0,151.0,0,0,0.0,3133,1687.1841902352658
Data,2603,-0.0,0.0,514.9261648266342,0.0,1741.413835173366,772.66,0.0,151.0,0,0,0.0,3180,1741.413835173366
Data,2604,-0.0,0.0,603.9801861260341,0.0,1654.3598138739658,772.66,0.0,151.0,0,0,0.0,3182,1654.3598138739658
Data,2605,-0.0,0.0,759.6312709964342,0.0,1464.3787290035661,718.99,0.0,151.0,0,0,0.0,3094,1464.3787290035657
Data,2606,-0.0,0.0,809.9837325529342,0.0,1100.486267447066,733.53,0.0,502.0,0,0,0.0,3146,1100.486267447066
Data,2607,-0.0,0.0,1043.301851338234,0.0,1257.5781486617661,739.12,0.0,151.0,0,0,0.0,3191,1257.5781486617661
Data,2608,-0.0,0.0,1210.3461780579341,0.0,729.0738219420658,724.58,0.0,502.0,0,0,0.0,3166,729.0738219420658
Data,2609,-0.0,0.0,1273.6199959176342,0.0,768.5400040823655,764.84,0.0,502.0,0,0,0.0,3309,768.5400040823657
Data,2610,-0.0,0.0,1294.9575577332344,0.0,797.8224422667655,825.22,0.0,502.0,0,0,0.0,3420,797.8224422667656
Data,2611,-0.0,0.0,1287.939734667434,0.0,797.0102653325656,852.05,0.0,502.0,0,0,0.0,3439,797.010265332566
Data,2612,-0.0,0.0,1195.1088175352343,0.0,972.3111824647659,847.58,0.0,502.0,0,0,0.0,3517,972.3111824647657
Data,2613,0.0,0.0,1208.2569538552339,0.0,863.0030461447662,801.74,0.0,502.0,0,0,0.0,3375,863.0030461447661
Data,2614,0.0,0.0,1284.2813755168345,0.0,640.3686244831657,741.35,0.0,502.0,0,0,0.0,3168,640.3686244831655
Data,2615,0.0,0.0,1140.7133924457344,0.0,615.2366075542658,710.05,0.0,502.0,0,0,0.0,2968,615.2366075542657
Data,2616,0.0,0.0,1289.0214052522342,0.0,341.4685947477657,695.51,0.0,502.0,0,0,0.0,2828,341.4685947477658
Data,2617,0.0,0.0,1315.7534904167342,0.0,205.22650958326574,653.02,0.0,502.0,0,0,0.0,2676,205.22650958326585
Data,2618,0.0,0.0,1337.2081090708343,0.0,164.71189092916586,663.08,0.0,502.0,0,0,0.0,2667,164.71189092916563
Data,2619,0.0,0.0,1332.2855647228344,0.0,263.1544352771658,686.56,0.0,502.0,0,0,0.0,2784,263.1544352771657
Data,2620,0.0,0.0,1376.9640727943342,0.0,420.4759272056659,686.56,0.0,502.0,0,0,0.0,2986,420.4759272056658
Data,2621,0.0,0.0,1080.862689533234,0.0,706.0373104667659,701.1,0.0,502.0,0,0,0.0,2990,706.0373104667659
Data,2622,-0.0,0.0,739.3790106290342,0.0,987.2309893709659,694.39,0.0,502.0,0,0,0.0,2923,987.2309893709659
Data,2623,-0.0,0.0,481.41726364503415,0.0,1244.6027363549656,699.98,0.0,502.0,0,0,0.0,2928,1244.6027363549658
Data,2624,-0.0,0.0,310.73147377373414,0.0,1567.218526226266,710.05,0.0,502.0,0,0,0.0,3090,1567.218526226266
Data,2625,-0.0,0.0,175.64103585453415,0.0,2057.368964145466,718.99,0.0,502.0,0,0,0.0,3454,2057.3689641454657
Data,2626,-0.0,0.0,151.81234256903417,0.0,2319.6176574309657,705.57,0.0,502.0,0,0,0.0,3679,2319.6176574309657
Data,2627,-0.0,0.0,208.07740674583414,0.0,2347.472593254166,685.45,0.0,502.0,0,0,0.0,3743,2347.472593254166
Data,2628,-0.0,0.0,143.9992560082341,0.0,2407.0,640.72,0.0,502.0,0,-68.28074399176563,0.0,3762,2475.280743991766
Data,2629,-0.0,0.0,148.28304478343415,0.0,2345.716955216566,615.0,0.0,502.0,0,0,0.0,3611,2345.716955216566
Data,2630,-0.0,0.0,181.88382779783416,0.0,2407.0,627.3,0.0,502.0,0,-49.81617220216566,0.0,3768,2456.816172202166
Data,2631,-0.0,0.0,290.91033271103413,0.0,2363.3596672889657,659.73,0.0,502.0,0,0,0.0,3816,2363.3596672889657
Data,2632,-0.0,0.0,470.87280941483414,0.0,2196.7871905851657,703.34,0.0,502.0,0,0,0.0,3873,2196.7871905851657
Data,2633,-0.0,0.0,655.5247985924342,0.0,2067.0152014075657,723.46,0.0,502.0,0,0,0.0,3948,2067.0152014075657
Data,2634,-0.0,0.0,985.2638913729342,0.0,1634.6761086270658,748.06,0.0,502.0,0,0,0.0,3870,1634.6761086270658
Data,2635,-0.0,0.0,1078.706714183434,0.0,1382.503285816566,792.79,0.0,502.0,0,0,0.0,3756,1382.503285816566
Data,2636,-0.0,0.0,661.6075983952342,0.0,1827.772401604766,800.62,0.0,502.0,0,0,0.0,3792,1827.772401604766
Data,2637,-0.0,0.0,455.9061676918341,0.0,1860.6738323081659,751.42,0.0,502.0,0,0,0.0,3570,1860.6738323081659
Data,2638,0.0,0.0,399.79660514884426,0.0,1681.5533948511556,734.65,0.0,502.0,0,0,0.0,3318,1681.5533948511556
Data,2639,0.0,0.0,372.90073455027897,0.0,1528.139265449721,661.96,0.0,502.0,0,0,0.0,3065,1528.139265449721
Data,2640,0.0,0.0,456.7485916348664,0.0,1310.2314083651336,653.02,0.0,502.0,0,0,0.0,2922,1310.2314083651336
Data,2641,0.0,0.0,575.2691673296563,0.0,1002.1108326703438,677.62,0.0,502.0,0,0,0.0,2757,1002.1108326703437
Data,2642,0.0,0.0,563.9494642923526,0.0,965.1305357076474,689.92,0.0,502.0,0,0,0.0,2721,965.1305357076475
Data,2643,0.0,0.0,1306.4296289337003,0.0,326.9403710662996,696.63,0.0,502.0,0,0,0.0,2832,326.9403710662997
Data,2644,0.0,0.0,1399.9992045672,0.0,436.2007954328001,688.8,0.0,502.0,0,0,0.0,3027,436.2007954328001
Data,2645,0.0,0.0,1354.2688234811003,0.0,518.7011765188997,672.03,0.0,502.0,0,0,0.0,3047,518.7011765188997
Data,2646,-0.0,0.0,1274.4684322489002,0.0,626.0915677510998,666.44,0.0,502.0,0,0,0.0,3069,626.0915677510998
Data,2647,-0.0,0.0,923.3273912131,0.0,997.7626087869002,670.91,0.0,502.0,0,0,0.0,3094,997.7626087869
Data,2648,-0.0,0.0,430.08980545790007,0.0,1636.0501945420997,698.86,0.0,502.0,0,0,0.0,3267,1636.0501945421
Data,2649,-0.0,0.0,485.7955890876,0.0,2264.7444109124,723.46,0.0,151.0,0,0,0.0,3625,2264.7444109124
Data,2650,-0.0,0.0,485.4732030024,0.0,2125.8967969975997,696.63,0.0,502.0,0,0,0.0,3810,2125.8967969976
Data,2651,-0.0,0.0,479.63945787890003,0.0,2135.0305421211,684.33,0.0,502.0,0,0,0.0,3801,2135.0305421211
Data,2652,-0.0,0.0,502.53082122520004,0.0,2199.0491787747997,628.42,0.0,502.0,0,0,0.0,3832,2199.0491787748
Data,2653,-0.0,0.0,419.2891064675,0.0,2123.7608935325,623.95,0.0,502.0,0,0,0.0,3669,2123.7608935324997
Data,2654,-0.0,0.0,423.11540252009996,0.0,2247.2045974799003,687.68,0.0,502.0,0,0,0.0,3860,2247.2045974799003
Data,2655,-0.0,0.0,485.9643220214,0.0,2153.5756779785997,723.46,0.0,502.0,0,0,0.0,3865,2153.5756779785997
Data,2656,-0.0,0.0,529.4864071874999,0.0,2406.4535928125,748.06,0.0,151.0,0,0,0.0,3835,2406.4535928125
Data,2657,-0.0,0.0,498.8719421951475,0.0,2086.9380578048526,768.19,0.0,502.0,0,0,0.0,3856,2086.9380578048526
Data,2658,-0.0,0.0,719.3204203579654,0.0,1740.3395796420343,826.34,0.0,502.0,0,0,0.0,3788,1740.3395796420346
Data,2659,-0.0,0.0,1109.4763800816204,0.0,1252.3536199183795,853.17,0.0,502.0,0,0,0.0,3717,1252.3536199183795
Data,2660,-0.0,0.0,803.2777514774358,0.0,1605.152248522564,828.57,0.0,502.0,0,0,0.0,3739,1605.1522485225642
Data,2661,-0.0,0.0,544.2418357009315,0.0,1693.5581642990687,787.2,0.0,502.0,0,0,0.0,3527,1693.5581642990685
Data,2662,0.0,0.0,397.1407322957491,0.0,1630.7292677042508,758.13,0.0,502.0,0,0,0.0,3288,1630.729267704251
Data,2663,0.0,0.0,376.21906732123466,0.0,1514.6209326787655,711.16,0.0,502.0,0,0,0.0,3104,1514.6209326787653
Data,2664,0.0,0.0,450.86303564290193,0.0,1305.986964357098,692.15,0.0,502.0,0,0,0.0,2951,1305.986964357098
Data,2665,0.0,0.0,414.15605977577906,0.0,1198.593940224221,655.25,0.0,502.0,0,0,0.0,2770,1198.593940224221
Data,2666,0.0,0.0,419.0281408972062,0.0,1152.541859102794,647.43,0.0,502.0,0,0,0.0,2721,1152.5418591027938
Data,2667,0.0,0.0,456.10644410518944,0.0,1201.3435558948106,648.55,0.0,502.0,0,0,0.0,2808,1201.3435558948106
Data,2668,0.0,0.0,544.9647502110707,0.0,1213.3952497889295,715.64,0.0,502.0,0,0,0.0,2976,1213.3952497889293
Data,2669,0.0,0.0,487.52361304537294,0.0,1282.716386954627,735.76,0.0,502.0,0,0,0.0,3008,1282.716386954627
Data,2670,-0.0,0.0,791.1005523056854,0.0,918.5494476943147,741.35,0.0,502.0,0,0,0.0,2953,918.5494476943146
Data,2671,-0.0,0.0,716.9226569304093,0.0,1072.6373430695908,666.44,0.0,502.0,0,0,0.0,2958,1072.6373430695908
Data,2672,-0.0,0.0,203.41975433556178,0.0,1686.2002456644382,675.38,0.0,502.0,0,0,0.0,3067,1686.2002456644382
Data,2673,-0.0,0.0,65.57678517425074,0.0,2172.6332148257493,669.79,0.0,502.0,0,0,0.0,3410,2172.6332148257493
Data,2674,-0.0,0.0,82.29672218418172,0.0,2344.383277815818,665.32,0.0,502.0,0,0,0.0,3594,2344.383277815818
Data,2675,-0.0,0.0,111.36663658496995,0.0,2388.67336341503,661.96,0.0,502.0,0,0,0.0,3664,2388.67336341503
Data,2676,-0.0,0.0,134.0231554157137,0.0,2407.0,664.2,0.0,502.0,0,-28.776844584286508,0.0,3736,2435.776844584286
Data,2677,-0.0,0.0,249.1574994753156,0.0,2210.3725005246843,619.47,0.0,502.0,0,0,0.0,3581,2210.3725005246843
Data,2678,-0.0,0.0,207.52092797020003,0.0,2407.0,623.95,0.0,502.0,0,-8.529072029800147,0.0,3749,2415.5290720298
Data,2679,-0.0,0.0,260.69397713822775,0.0,2395.8860228617723,628.42,0.0,502.0,0,0,0.0,3787,2395.8860228617723
Data,2680,-0.0,0.0,258.85047853521723,0.0,2382.7095214647825,666.44,0.0,502.0,0,0,0.0,3810,2382.7095214647825
Data,2681,-0.0,0.0,455.80699127853626,0.0,2275.843008721464,722.35,0.0,502.0,0,0,0.0,3956,2275.843008721464
Data,2682,-0.0,0.0,262.2846342556849,0.0,2302.155365744315,809.56,0.0,502.0,0,0,0.0,3876,2302.155365744315
Data,2683,-0.0,0.0,336.46933546810664,0.0,2078.2906645318935,863.24,0.0,502.0,0,0,0.0,3780,2078.2906645318935
Data,2684,-0.0,0.0,216.0706317511,0.0,2189.0993682489,868.83,0.0,502.0,0,0,0.0,3776,2189.0993682488997
Data,2685,-0.0,0.0,281.36745004169995,0.0,2003.7925499582998,764.84,0.0,502.0,0,0,0.0,3552,2003.7925499583
Data,2686,0.0,0.0,198.86864143600002,0.0,1881.191358564,727.94,0.0,502.0,0,0,0.0,3310,1881.191358564
Data,2687,0.0,0.0,276.97531770880005,0.0,1650.6446822911998,675.38,0.0,502.0,0,0,0.0,3105,1650.6446822911998
Data,2688,0.0,0.0,238.2479965908,0.0,1604.6120034092,654.14,0.0,502.0,0,0,0.0,2999,1604.6120034092
Data,2689,0.0,0.0,235.42717275347374,0.0,1465.9728272465263,639.6,0.0,502.0,0,0,0.0,2843,1465.9728272465263
Data,2690,0.0,0.0,238.71632277850546,0.0,1296.8136772214946,742.47,0.0,502.0,0,0,0.0,2780,1296.8136772214946
Data,2691,0.0,0.0,246.04248095979324,0.0,1397.8475190402066,720.11,0.0,502.0,0,0,0.0,2866,1397.8475190402069
Data,2692,0.0,0.0,272.4849475524125,0.0,1568.9850524475876,733.53,0.0,502.0,0,0,0.0,3077,1568.9850524475876
Data,2693,0.0,0.0,365.90177205221664,0.0,1468.7482279477836,741.35,0.0,502.0,0,0,0.0,3078,1468.7482279477833
Data,2694,-0.0,0.0,211.86735099310332,0.0,1520.7126490068965,751.42,0.0,502.0,0,0,0.0,2986,1520.7126490068968
Data,2695,-0.0,0.0,61.939397768866286,0.0,1765.9106022311337,692.15,0.0,502.0,0,0,0.0,3022,1765.9106022311337
Data,2696,-0.0,0.0,49.10495294535417,0.0,1914.6850470546458,683.21,0.0,502.0,0,0,0.0,3149,1914.6850470546458
Data,2697,-0.0,0.0,9.460646674972446,0.0,2317.8593533250278,687.68,0.0,502.0,0,0,0.0,3517,2317.8593533250278
Data,2698,-0.0,0.0,66.91351500305362,0.0,2407.0,684.33,0.0,502.0,0,-93.75648499694645,0.0,3754,2500.7564849969463
Data,2699,-0.0,0.0,167.49740682756595,0.0,2407.0,641.84,0.0,502.0,0,-119.66259317243392,0.0,3838,2526.662593172434
Data,2700,-0.0,0.0,302.46431453686597,0.0,2332.5856854631343,642.95,0.0,502.0,0,0,0.0,3780,2332.585685463134
Data,2701,-0.0,0.0,322.04784275126485,0.0,2175.7721572487353,626.18,0.0,502.0,0,0,0.0,3626,2175.7721572487353
Data,2702,-0.0,0.0,339.7065880846945,0.0,2375.2534119153056,691.04,0.0,502.0,0,0,0.0,3908,2375.2534119153056
Data,2703,-0.0,0.0,405.1708772572167,0.0,2299.4891227427834,703.34,0.0,502.0,0,0,0.0,3910,2299.4891227427834
Data,2704,-0.0,0.0,520.788544977044,0.0,2109.1914550229562,776.02,0.0,502.0,0,0,0.0,3908,2109.191455022956
Data,2705,-0.0,0.0,725.7058076827686,0.0,1874.5941923172315,848.7,0.0,502.0,0,0,0.0,3951,1874.5941923172313
Data,2706,-0.0,0.0,1185.7398559952653,0.0,1289.9101440047348,864.35,0.0,502.0,0,0,0.0,3842,1289.9101440047348
Data,2707,-0.0,0.0,1199.9631254793526,0.0,1169.0868745206476,869.95,0.0,502.0,0,0,0.0,3741,1169.0868745206474
Data,2708,-0.0,0.0,1175.665723510425,0.0,1189.9742764895748,883.36,0.0,502.0,0,0,0.0,3751,1189.974276489575
Data,2709,-0.0,0.0,1208.619945125743,0.0,1016.9400548742568,789.44,0.0,502.0,0,0,0.0,3517,1016.9400548742569
Data,2710,0.0,0.0,1213.1602093651807,0.0,813.8397906348193,738.0,0.0,502.0,0,0,0.0,3267,813.8397906348193
Data,2711,0.0,0.0,1702.0809681160035,0.0,205.16903188399658,716.75,0.0,502.0,0,0,0.0,3126,205.16903188399647
Data,2712,0.0,0.0,1848.3663787182281,0.0,0.0,699.98,0.0,502.0,0,28.34637871822806,0.0,3022,-28.346378718228152
Data,2713,0.0,0.0,1254.518147201988,0.0,483.40185279801193,663.08,0.0,502.0,0,0,0.0,2903,483.4018527980119
Data,2714,0.0,0.0,1239.7638068199738,0.0,370.26619318002616,680.97,0.0,502.0,0,0,0.0,2793,370.2661931800262
Data,2715,0.0,0.0,1196.761384752175,0.0,495.238615247825,738.0,0.0,502.0,0,0,0.0,2932,495.238615247825
Data,2716,0.0,0.0,1195.925327555666,0.0,648.604672444334,742.47,0.0,502.0,0,0,0.0,3089,648.604672444334
Data,2717,0.0,0.0,1431.3985395291638,0.0,446.7814604708361,726.82,0.0,502.0,0,0,0.0,3107,446.7814604708361
Data,2718,-0.0,0.0,1468.5150040804867,0.0,388.43499591951337,710.05,0.0,502.0,0,0,0.0,3069,388.4349959195133
Data,2719,-0.0,0.0,1636.9669318033968,0.0,214.2830681966032,697.75,0.0,502.0,0,0,0.0,3051,214.28306819660315
Data,2720,-0.0,0.0,1265.3575139069376,0.0,963.0724860930621,705.57,0.0,151.0,0,0,0.0,3085,963.0724860930624
Data,2721,-0.0,0.0,1386.1880241626923,0.0,992.421975837308,694.39,0.0,151.0,0,0,0.0,3224,992.4219758373077
Data,2722,-0.0,0.0,1369.2246261100777,0.0,1203.0253738899223,697.75,0.0,151.0,0,0,0.0,3421,1203.0253738899223
Data,2723,-0.0,0.0,1283.7269095767724,0.0,909.5030904232276,754.77,0.0,502.0,0,0,0.0,3450,909.5030904232276
Data,2724,-0.0,0.0,1384.5798926349496,0.0,765.5301073650504,755.89,0.0,502.0,0,0,0.0,3408,765.5301073650504
Data,2725,-0.0,0.0,1503.1990137916732,0.0,907.7609862083268,691.04,0.0,151.0,0,0,0.0,3253,907.7609862083268
Data,2726,-0.0,0.0,1523.17397508666,0.0,933.0160249133402,707.81,0.0,151.0,0,0,0.0,3315,933.0160249133401
Data,2727,-0.0,0.0,1471.5904873904628,0.0,965.8895126095371,714.52,0.0,151.0,0,0,0.0,3303,965.8895126095372
Data,2728,-0.0,0.0,1454.2114788283295,0.0,940.6485211716707,777.14,0.0,151.0,0,0,0.0,3323,940.6485211716705
Data,2729,-0.0,0.0,1471.4512005300876,0.0,546.5087994699123,814.04,0.0,502.0,0,0,0.0,3334,546.5087994699124
Data,2730,-0.0,0.0,1363.7860447394723,0.0,651.0439552605275,853.17,0.0,502.0,0,0,0.0,3370,651.0439552605277
Data,2731,-0.0,0.0,1380.0304599564242,0.0,660.0795400435758,878.89,0.0,502.0,0,0,0.0,3421,660.0795400435758
Data,2732,-0.0,0.0,1317.2121999847104,0.0,754.3178000152892,865.47,0.0,502.0,0,0,0.0,3439,754.3178000152895
Data,2733,0.0,0.0,1277.1495816818542,0.0,722.8204183181459,795.03,0.0,502.0,0,0,0.0,3297,722.8204183181458
Data,2734,0.0,0.0,1271.276656056947,0.0,592.1433439430529,724.58,0.0,502.0,0,0,0.0,3090,592.1433439430529
Data,2735,0.0,0.0,1266.610635729226,0.0,499.75936427077374,696.63,0.0,502.0,0,0,0.0,2965,499.759364270774
Data,2736,0.0,0.0,1172.912140706107,0.0,497.63785929389303,685.45,0.0,502.0,0,0,0.0,2858,497.6378592938929
Data,2737,0.0,0.0,1175.4422241232837,0.0,393.77777587671625,650.78,0.0,502.0,0,0,0.0,2722,393.7777758767163
Data,2738,0.0,0.0,885.0051985934972,0.0,574.4148014065029,724.58,0.0,502.0,0,0,0.0,2686,574.4148014065028
Data,2739,0.0,0.0,840.6058419959127,0.0,735.1541580040873,740.24,0.0,502.0,0,0,0.0,2818,735.1541580040873
Data,2740,0.0,0.0,605.567066847866,0.0,1148.312933152134,739.12,0.0,502.0,0,0,0.0,2995,1148.312933152134
Data,2741,0.0,0.0,503.21461683770156,0.0,1208.4353831622984,741.35,0.0,502.0,0,0,0.0,2955,1208.4353831622984
Data,2742,-0.0,0.0,386.3846732258366,0.0,1202.6653267741633,746.95,0.0,502.0,0,0,0.0,2838,1202.6653267741633
Data,2743,-0.0,0.0,448.82736270071433,0.0,1083.8926372992858,712.28,0.0,502.0,0,0,0.0,2747,1083.8926372992858
Data,2744,-0.0,0.0,413.3553338527658,0.0,1681.264666147234,675.38,0.0,0.0,0,0,0.0,2770,1681.2646661472343
Data,2745,-0.0,0.0,389.4172768678424,0.0,1889.8427231321577,678.74,0.0,0.0,0,0,0.0,2958,1889.8427231321575
Data,2746,-0.0,0.0,481.9244498980803,0.0,1897.74555010192,684.33,0.0,0.0,0,0,0.0,3064,1897.7455501019197
Data,2747,-0.0,0.0,294.648244276763,0.0,2117.871755723237,638.48,0.0,0.0,0,0,0.0,3051,2117.871755723237
Data,2748,-0.0,0.0,262.0770181515343,0.0,2176.3329818484654,620.59,0.0,0.0,0,0,0.0,3059,2176.332981848466
Data,2749,-0.0,0.0,460.42417765138424,0.0,2016.5758223486157,615.0,0.0,0.0,0,0,0.0,3092,2016.5758223486157
Data,2750,-0.0,0.0,337.6972470388493,0.0,2121.642752961151,649.66,0.0,0.0,0,0,0.0,3109,2121.6427529611506
Data,2751,-0.0,0.0,472.63728878944517,0.0,1874.082711210555,712.28,0.0,0.0,0,0,0.0,3059,1874.0827112105549
Data,2752,-0.0,0.0,352.65256649672295,0.0,1925.2174335032769,758.13,0.0,0.0,0,0,0.0,3036,1925.217433503277
Data,2753,-0.0,0.0,545.1570722176986,0.0,1292.4129277823015,770.43,0.0,502.0,0,0,0.0,3110,1292.4129277823015
Data,2754,-0.0,0.0,851.9417859345925,0.0,1074.0182140654076,814.04,0.0,502.0,0,0,0.0,3242,1074.0182140654074
Data,2755,-0.0,0.0,1282.756153117297,0.0,708.6638468827032,847.58,0.0,502.0,0,0,0.0,3341,708.6638468827031
Data,2756,-0.0,0.0,1043.4425716379,0.0,1014.5074283620997,852.05,0.0,502.0,0,0,0.0,3412,1014.5074283621
Data,2757,-0.0,0.0,1083.9254475822001,0.0,865.2145524177997,821.86,0.0,502.0,0,0,0.0,3273,865.2145524177998
Data,2758,0.0,0.0,1058.9611195372909,0.0,852.7088804627093,684.33,0.0,502.0,0,0,0.0,3098,852.7088804627091
Data,2759,0.0,0.0,1031.5806273285602,0.0,727.8193726714399,639.6,0.0,502.0,0,0,0.0,2901,727.8193726714397
Data,2760,0.0,0.0,964.0115252655,0.0,686.5084747344999,638.48,0.0,502.0,0,0,0.0,2791,686.5084747344999
Data,2761,0.0,0.0,769.8599997398001,0.0,761.6700002601999,619.47,0.0,502.0,0,0,0.0,2653,761.6700002601999
Data,2762,0.0,0.0,657.8438158668,0.0,685.5061841331999,734.65,0.0,502.0,0,0,0.0,2580,685.5061841332
Data,2763,0.0,0.0,809.1674751912001,0.0,638.6425248087999,768.19,0.0,502.0,0,0,0.0,2718,638.6425248087999
Data,2764,0.0,0.0,890.5081705732,0.0,770.5918294267999,774.9,0.0,502.0,0,0,0.0,2938,770.5918294268
Data,2765,0.0,0.0,1021.8675863933456,0.0,663.5824136066544,771.55,0.0,502.0,0,0,0.0,2959,663.5824136066544
Data,2766,-0.0,0.0,1046.7304007473251,0.0,602.9095992526748,760.36,0.0,502.0,0,0,0.0,2912,602.9095992526749
Data,2767,-0.0,0.0,466.0966545824,0.0,1344.8733454176,672.03,0.0,502.0,0,0,0.0,2985,1344.8733454176
Data,2768,-0.0,0.0,435.59190678989995,0.0,1514.7380932101,668.67,0.0,502.0,0,0,0.0,3121,1514.7380932101
Data,2769,-0.0,0.0,408.53237338964215,0.0,1879.617626610358,660.85,0.0,502.0,0,0,0.0,3451,1879.6176266103578
Data,2770,-0.0,0.0,339.26821848368144,0.0,2176.1817815163186,667.55,0.0,502.0,0,0,0.0,3685,2176.1817815163186
Data,2771,-0.0,0.0,566.4041257438074,0.0,2008.5858742561923,634.01,0.0,502.0,0,0,0.0,3711,2008.5858742561927
Data,2772,-0.0,0.0,670.1334911895199,0.0,1901.6865088104803,626.18,0.0,502.0,0,0,0.0,3700,1901.68650881048
Data,2773,-0.0,0.0,684.2584869641225,0.0,1769.5715130358774,607.17,0.0,502.0,0,0,0.0,3563,1769.5715130358776
Data,2774,-0.0,0.0,695.3104447398636,0.0,1841.3895552601364,627.3,0.0,502.0,0,0,0.0,3666,1841.3895552601366
Data,2775,-0.0,0.0,971.8982711023864,0.0,1484.1117288976136,718.99,0.0,502.0,0,0,0.0,3677,1484.1117288976136
Data,2776,-0.0,0.0,990.0242957421115,0.0,1515.1557042578884,726.82,0.0,502.0,0,0,0.0,3734,1515.1557042578884
Data,2777,-0.0,0.0,1194.985845531,0.0,1480.414154469,762.6,0.0,502.0,0,0,0.0,3940,1480.414154469
Data,2778,-0.0,0.0,938.053628837621,0.0,1618.146371162379,811.8,0.0,502.0,0,0,0.0,3870,1618.1463711623792
Data,2779,-0.0,0.0,945.3087948620001,0.0,1497.4112051380002,835.28,0.0,502.0,0,0,0.0,3780,1497.4112051379998
Data,2780,-0.0,0.0,767.704801289,0.0,1743.275198711,776.02,0.0,502.0,0,0,0.0,3789,1743.275198711
Data,2781,-0.0,0.0,638.2399306954801,0.0,1662.33006930452,770.43,0.0,502.0,0,0,0.0,3573,1662.3300693045198
Data,2782,0.0,0.0,663.9819552555524,0.0,1419.5580447444477,723.46,0.0,502.0,0,0,0.0,3309,1419.5580447444477
Data,2783,0.0,0.0,441.3160188093016,0.0,1593.2539811906986,647.43,0.0,502.0,0,0,0.0,3184,1593.2539811906984
Data,2784,0.0,0.0,356.59341990648795,0.0,1533.156580093512,636.25,0.0,502.0,0,0,0.0,3028,1533.156580093512
Data,2785,0.0,0.0,253.6348119558611,0.0,1439.815188044139,648.55,0.0,502.0,0,0,0.0,2844,1439.815188044139
Data,2786,0.0,0.0,416.614041999192,0.0,1141.135958000808,759.25,0.0,502.0,0,0,0.0,2819,1141.135958000808
Data,2787,0.0,0.0,467.84963802534963,0.0,1164.8303619746503,788.32,0.0,502.0,0,0,0.0,2923,1164.8303619746503
Data,2788,0.0,0.0,703.4855752330288,0.0,1085.134424766971,798.38,0.0,502.0,0,0,0.0,3089,1085.1344247669713
Data,2789,0.0,0.0,1300.7051733690487,0.0,496.02482663095145,816.27,0.0,502.0,0,0,0.0,3115,496.02482663095134
Data,2790,-0.0,0.0,1336.3347458319986,0.0,480.9552541680014,744.71,0.0,502.0,0,0,0.0,3064,480.9552541680014
Data,2791,-0.0,0.0,1214.042537496938,0.0,686.0474625030623,670.91,0.0,502.0,0,0,0.0,3073,686.0474625030621
Data,2792,-0.0,0.0,1287.7819390788002,0.0,690.5480609211997,668.67,0.0,502.0,0,0,0.0,3149,690.5480609211999
Data,2793,-0.0,0.0,1160.737332779057,0.0,1065.0626672209432,664.2,0.0,502.0,0,0,0.0,3392,1065.062667220943
Data,2794,-0.0,0.0,1279.1969210908815,0.0,1297.2530789091184,667.55,0.0,502.0,0,0,0.0,3746,1297.2530789091186
Data,2795,-0.0,0.0,1287.4698322411664,0.0,1491.6401677588337,632.89,0.0,502.0,0,0,0.0,3914,1491.6401677588337
Data,2796,-0.0,0.0,1166.9208417953816,0.0,1627.0291582046182,606.05,0.0,502.0,0,0,0.0,3902,1627.0291582046184
Data,2797,-0.0,0.0,1271.9339088448805,0.0,1393.4260911551196,592.64,0.0,502.0,0,0,0.0,3760,1393.4260911551196
Data,2798,-0.0,0.0,1294.2052893973319,0.0,1490.434710602668,637.36,0.0,502.0,0,0,0.0,3924,1490.434710602668
Data,2799,-0.0,0.0,1368.0650868933851,0.0,1394.9549131066149,699.98,0.0,502.0,0,0,0.0,3965,1394.9549131066149
Data,2800,-0.0,0.0,1334.9323581709518,0.0,1412.477641829048,743.59,0.0,502.0,0,0,0.0,3993,1412.477641829048
Data,2801,-0.0,0.0,1310.393863908334,0.0,1437.726136091666,859.88,0.0,502.0,0,0,0.0,4110,1437.726136091666
Data,2802,-0.0,0.0,1156.404967278434,0.0,1498.1650327215661,893.43,0.0,502.0,0,0,0.0,4050,1498.1650327215661
Data,2803,-0.0,0.0,1237.3899419414342,0.0,1301.4600580585657,919.15,0.0,502.0,0,0,0.0,3960,1301.4600580585657
Data,2804,-0.0,0.0,1121.420521104434,0.0,1411.1994788955658,921.38,0.0,502.0,0,0,0.0,3956,1411.1994788955658
Data,2805,-0.0,0.0,878.9339697654341,0.0,1464.8760302345659,891.19,0.0,502.0,0,0,0.0,3737,1464.8760302345659
Data,2806,0.0,0.0,524.1863196462341,0.0,1673.923680353766,755.89,0.0,502.0,0,0,0.0,3456,1673.923680353766
Data,2807,0.0,0.0,437.40365757103416,0.0,1699.106342428966,657.49,0.0,502.0,0,0,0.0,3296,1699.106342428966
Data,2808,0.0,0.0,307.13522179943413,0.0,1705.264778200566,639.6,0.0,502.0,0,0,0.0,3154,1705.2647782005658
Data,2809,0.0,0.0,277.04816323893414,0.0,1531.351836761066,639.6,0.0,502.0,0,0,0.0,2950,1531.351836761066
Data,2810,0.0,0.0,984.1626333771343,0.0,721.4573666228656,675.38,0.0,502.0,0,0,0.0,2883,721.4573666228657
Data,2811,0.0,0.0,1274.2394935685343,0.0,520.3805064314657,675.38,0.0,502.0,0,0,0.0,2972,520.3805064314657
Data,2812,0.0,0.0,1375.2077092635345,0.0,568.1022907364655,706.69,0.0,502.0,0,0,0.0,3152,568.1022907364654
Data,2813,0.0,0.0,1380.3950408409341,0.0,560.774959159066,745.83,0.0,502.0,0,0,0.0,3189,560.7749591590658
Data,2814,-0.0,0.0,1425.996449083334,0.0,447.8335509166658,730.17,0.0,502.0,0,0,0.0,3106,447.833550916666
Data,2815,-0.0,0.0,1277.9957426944338,0.0,690.2142573055661,669.79,0.0,502.0,0,0,0.0,3140,690.2142573055662
Data,2816,-0.0,0.0,960.9575773054343,0.0,1168.3124226945656,659.73,0.0,502.0,0,0,0.0,3291,1168.3124226945656
Data,2817,-0.0,0.0,976.2406827266342,0.0,1517.7293172733662,672.03,0.0,502.0,0,0,0.0,3668,1517.7293172733657
Data,2818,-0.0,0.0,1111.9406882096341,0.0,1586.689311790366,656.37,0.0,502.0,0,0,0.0,3857,1586.689311790366
Data,2819,-0.0,0.0,865.951156148534,0.0,1940.298843851466,593.75,0.0,502.0,0,0,0.0,3902,1940.298843851466
Data,2820,-0.0,0.0,859.4994697516343,0.0,2078.2805302483657,579.22,0.0,502.0,0,0,0.0,4019,2078.2805302483657
Data,2821,-0.0,0.0,809.5550050218342,0.0,2077.6949949781656,574.75,0.0,502.0,0,0,0.0,3964,2077.6949949781656
Data,2822,-0.0,0.0,786.5660345532342,0.0,2168.483965446766,623.95,0.0,502.0,0,0,0.0,4081,2168.483965446766
Data,2823,-0.0,0.0,801.0255454628342,0.0,2061.704454537166,693.27,0.0,502.0,0,0,0.0,4058,2061.704454537166
Data,2824,-0.0,0.0,783.7293883556341,0.0,2050.650611644366,800.62,0.0,502.0,0,0,0.0,4137,2050.650611644366
Data,2825,-0.0,0.0,793.6192959123342,0.0,2100.100704087666,835.28,0.0,502.0,0,0,0.0,4231,2100.1007040876657
Data,2826,-0.0,0.0,956.4874707964342,0.0,1772.032529203566,884.48,0.0,502.0,0,0,0.0,4115,1772.032529203566
Data,2827,-0.0,0.0,1578.3570366331342,0.0,1020.7929633668658,906.85,0.0,502.0,0,0,0.0,4008,1020.7929633668658
Data,2828,-0.0,0.0,1137.835486619434,0.0,1464.434513380566,905.73,0.0,502.0,0,0,0.0,4010,1464.434513380566
Data,2829,0.0,0.0,924.8367674224341,0.0,1529.423232577566,801.74,0.0,502.0,0,0,0.0,3758,1529.4232325775658
Data,2830,0.0,0.0,787.3716503986342,0.0,1466.1683496013657,723.46,0.0,502.0,0,0,0.0,3479,1466.1683496013657
Data,2831,0.0,0.0,783.920197649434,0.0,1347.6998023505657,675.38,0.0,502.0,0,0,0.0,3309,1347.699802350566
Data,2832,0.0,0.0,741.0958354462342,0.0,1261.1941645537659,621.71,0.0,502.0,0,0,0.0,3126,1261.1941645537659
Data,2833,0.0,0.0,726.8037704378341,0.0,1114.076229562166,616.12,0.0,502.0,0,0,0.0,2959,1114.0762295621657
Data,2834,0.0,0.0,667.4403347304341,0.0,1089.609665269566,642.95,0.0,502.0,0,0,0.0,2902,1089.609665269566
Data,2835,0.0,0.0,694.8195179619341,0.0,1142.520482038066,649.66,0.0,502.0,0,0,0.0,2989,1142.520482038066
Data,2836,0.0,0.0,822.154957272534,0.0,1125.325042727466,714.52,0.0,502.0,0,0,0.0,3164,1125.325042727466
Data,2837,0.0,0.0,1031.210735507234,0.0,930.6192644927659,730.17,0.0,502.0,0,0,0.0,3194,930.6192644927661
Data,2838,-0.0,0.0,1245.2249267074344,0.0,726.2650732925657,695.51,0.0,502.0,0,0,0.0,3169,726.2650732925656
Data,2839,-0.0,0.0,1007.900549721234,0.0,1002.3794502787661,640.72,0.0,502.0,0,0,0.0,3153,1002.379450278766
Data,2840,-0.0,0.0,1011.8060722944341,0.0,1135.1339277055658,625.06,0.0,502.0,0,0,0.0,3274,1135.1339277055658
Data,2841,-0.0,0.0,1105.7299526101342,0.0,1413.7300473898658,629.54,0.0,502.0,0,0,0.0,3651,1413.7300473898658
Data,2842,-0.0,0.0,1102.6494893385343,0.0,1727.7005106614656,611.65,0.0,502.0,0,0,0.0,3944,1727.7005106614656
Data,2843,-0.0,0.0,1148.2380329181342,0.0,1708.8219670818658,604.94,0.0,502.0,0,0,0.0,3964,1708.8219670818658
Data,2844,-0.0,0.0,1038.7435991110342,0.0,1891.1064008889657,569.15,0.0,502.0,0,0,0.0,4001,1891.1064008889657
Data,2845,-0.0,0.0,962.3388049489341,0.0,1807.6911950510657,557.97,0.0,502.0,0,0,0.0,3830,1807.6911950510657
Data,2846,-0.0,0.0,951.3390321469342,0.0,1934.960967853066,602.7,0.0,502.0,0,0,0.0,3991,1934.9609678530658
Data,2847,-0.0,0.0,950.6462844030341,0.0,1979.8037155969657,648.55,0.0,502.0,0,0,0.0,4081,1979.803715596966
Data,2848,-0.0,0.0,975.0223303671341,0.0,1846.8476696328657,758.13,0.0,502.0,0,0,0.0,4082,1846.8476696328657
Data,2849,-0.0,0.0,1131.3884525829344,0.0,1730.2715474170654,826.34,0.0,502.0,0,0,0.0,4190,1730.2715474170654
Data,2850,-0.0,0.0,1485.7588240454343,0.0,1222.061175954566,872.18,0.0,502.0,0,0,0.0,4082,1222.061175954566
Data,2851,-0.0,0.0,1522.6105485654343,0.0,1062.8394514345655,913.55,0.0,502.0,0,0,0.0,4001,1062.8394514345657
Data,2852,-0.0,0.0,1258.1857798854344,0.0,1345.5642201145656,901.25,0.0,502.0,0,0,0.0,4007,1345.5642201145656
Data,2853,0.0,0.0,1080.0232282834343,0.0,1408.1867717165655,792.79,0.0,502.0,0,0,0.0,3783,1408.1867717165658
Data,2854,0.0,0.0,961.5861440544342,0.0,1338.1338559455662,712.28,0.0,502.0,0,0,0.0,3514,1338.1338559455658
Data,2855,0.0,0.0,978.7170671664342,0.0,1173.7329328335654,648.55,0.0,502.0,0,0,0.0,3303,1173.7329328335659
Data,2856,0.0,0.0,918.2364170364342,0.0,1106.6435829635657,616.12,0.0,502.0,0,0,0.0,3143,1106.6435829635657
Data,2857,0.0,0.0,1431.512381025434,0.0,448.61761897456597,594.87,0.0,502.0,0,0,0.0,2977,448.61761897456597
Data,2858,0.0,0.0,1229.288305032211,0.0,537.831694967789,613.88,0.0,502.0,0,0,0.0,2883,537.8316949677891
Data,2859,0.0,0.0,1110.211631937079,0.0,724.178368062921,658.61,0.0,502.0,0,0,0.0,2995,724.1783680629211
Data,2860,0.0,0.0,808.73319309812,0.0,1160.28680690188,699.98,0.0,502.0,0,0,0.0,3171,1160.28680690188
Data,2861,0.0,0.0,888.3866386871999,0.0,1107.8133613128002,688.8,0.0,502.0,0,0,0.0,3187,1107.8133613128002
Data,2862,-0.0,0.0,1041.0812557427,0.0,924.1787442573,678.74,0.0,502.0,0,0,0.0,3146,924.1787442573
Data,2863,-0.0,0.0,981.951803645,0.0,1015.3981963549999,611.65,0.0,502.0,0,0,0.0,3111,1015.398196355
Data,2864,-0.0,0.0,661.5363924234,0.0,1495.5236075766,604.94,0.0,502.0,0,0,0.0,3264,1495.5236075766
Data,2865,-0.0,0.0,678.0034711321,0.0,1798.4665288679003,610.53,0.0,502.0,0,0,0.0,3589,1798.4665288679
Data,2866,-0.0,0.0,729.0455862197999,0.0,2028.2544137802001,602.7,0.0,502.0,0,0,0.0,3862,2028.2544137802001
Data,2867,-0.0,0.0,675.0910853849299,0.0,2143.26891461507,592.64,0.0,502.0,0,0,0.0,3913,2143.26891461507
Data,2868,-0.0,0.0,687.7768684261683,0.0,2350.603131573832,554.62,0.0,502.0,0,0,0.0,4095,2350.603131573832
Data,2869,-0.0,0.0,696.0207323449958,0.0,2230.2392676550044,555.74,0.0,502.0,0,0,0.0,3984,2230.2392676550044
Data,2870,-0.0,0.0,655.8975200713223,0.0,2322.0524799286777,606.05,0.0,502.0,0,0,0.0,4086,2322.0524799286777
Data,2871,-0.0,0.0,626.3626142320652,0.0,2404.6873857679348,642.95,0.0,502.0,0,0,0.0,4176,2404.6873857679348
Data,2872,-0.0,0.0,582.8926157552685,0.0,2380.387384244731,763.72,0.0,502.0,0,0,0.0,4229,2380.3873842447315
Data,2873,-0.0,0.0,983.8506565154265,0.0,1941.6893434845736,846.46,0.0,502.0,0,0,0.0,4274,1941.6893434845733
Data,2874,-0.0,0.0,1407.8639721905931,0.0,1363.366027809407,877.77,0.0,502.0,0,0,0.0,4151,1363.366027809407
Data,2875,-0.0,0.0,1463.7991704559943,0.0,1191.5908295440056,904.61,0.0,502.0,0,0,0.0,4062,1191.5908295440058
Data,2876,-0.0,0.0,1470.468868803397,0.0,1214.4011311966028,881.13,0.0,502.0,0,0,0.0,4068,1214.4011311966028
Data,2877,-0.0,0.0,1517.2251959357318,0.0,1034.164804064268,781.61,0.0,502.0,0,0,0.0,3835,1034.164804064268
Data,2878,0.0,0.0,1545.7452332604714,0.0,870.6947667395286,686.56,0.0,502.0,0,0,0.0,3605,870.6947667395286
Data,2879,0.0,0.0,1555.088770124502,0.0,743.3712298754981,629.54,0.0,502.0,0,0,0.0,3430,743.3712298754981
Data,2880,0.0,0.0,1650.9087968483,0.0,529.6912031516999,590.4,0.0,502.0,0,0,0.0,3273,529.6912031517
Data,2881,0.0,0.0,1653.6705053363025,0.0,371.41949466369766,547.91,0.0,502.0,0,0,0.0,3075,371.4194946636975
Data,2882,0.0,0.0,1642.9714821609687,0.0,336.6485178390311,552.38,0.0,502.0,0,0,0.0,3034,336.64851783903134
Data,2883,0.0,0.0,1600.4854075030871,0.0,395.40459249691287,597.11,0.0,502.0,0,0,0.0,3095,395.40459249691287
Data,2884,0.0,0.0,1551.2901973016603,0.0,542.8598026983398,660.85,0.0,502.0,0,0,0.0,3257,542.8598026983396
Data,2885,0.0,0.0,1615.5976771043343,0.0,427.4923228956658,670.91,0.0,502.0,0,0,0.0,3216,427.4923228956658
Data,2886,-0.0,0.0,1791.1341947464664,0.0,170.1358052535335,659.73,0.0,502.0,0,0,0.0,3123,170.1358052535336
Data,2887,-0.0,0.0,1398.3615475707074,0.0,653.1884524292929,581.45,0.0,502.0,0,0,0.0,3135,653.1884524292925
Data,2888,-0.0,0.0,835.0506424035001,0.0,1298.7493575965,541.2,0.0,502.0,0,0,0.0,3177,1298.7493575965
Data,2889,-0.0,0.0,715.6605109568,0.0,1682.0894890432,532.25,0.0,502.0,0,0,0.0,3432,1682.0894890432
Data,2890,-0.0,0.0,634.288539335,0.0,2309.9314606650005,527.78,0.0,151.0,0,0,0.0,3623,2309.931460665
Data,2891,-0.0,0.0,757.4188701588,0.0,2240.8011298412002,527.78,0.0,151.0,0,0,0.0,3677,2240.8011298412002
Data,2892,-0.0,0.0,947.1262453690192,0.0,1831.6237546309808,513.25,0.0,502.0,0,0,0.0,3794,1831.6237546309808
Data,2893,-0.0,0.0,1033.5869223217555,0.0,2096.4630776782446,500.95,0.0,151.0,0,0,0.0,3782,2096.4630776782446
Data,2894,-0.0,0.0,1278.5210160712,0.0,1603.7089839288,508.77,0.0,502.0,0,0,0.0,3893,1603.7089839288
Data,2895,-0.0,0.0,1525.2888566500328,0.0,1689.8611433499673,537.85,0.0,151.0,0,0,0.0,3904,1689.8611433499673
Data,2896,-0.0,0.0,1746.7238296305115,0.0,1409.1561703694886,616.12,0.0,151.0,0,0,0.0,3923,1409.1561703694883
Data,2897,-0.0,0.0,1760.0793486888363,0.0,1009.7906513111636,758.13,0.0,502.0,0,0,0.0,4030,1009.7906513111637
Data,2898,-0.0,0.0,1926.555562759262,0.0,734.154437240738,854.29,0.0,502.0,0,0,0.0,4017,734.1544372407379
Data,2899,-0.0,0.0,2210.0150958228487,0.0,391.15490417715137,868.83,0.0,502.0,0,1.1368683772161603e-13,0.0,3972,391.15490417715125
Data,2900,-0.0,0.0,2275.8115074110506,0.0,349.12849258894954,871.06,0.0,502.0,0,0,0.0,3998,349.1284925889495
Data,2901,-0.0,0.0,2229.5901690219307,0.0,279.509830978069,774.9,0.0,502.0,0,0,0.0,3786,279.5098309780693
Data,2902,0.0,0.0,1786.7987176432034,0.0,636.2512823567969,623.95,0.0,502.0,0,0,0.0,3549,636.2512823567965
Data,2903,0.0,0.0,1694.3537486902749,0.0,596.3162513097253,561.33,0.0,502.0,0,0,0.0,3354,596.3162513097251
Data,2904,0.0,0.0,2090.8917956736664,0.0,74.18820432633348,566.92,0.0,502.0,0,0,0.0,3234,74.18820432633368
Data,2905,0.0,0.0,1780.6758619168115,0.0,241.3041380831885,530.02,0.0,502.0,0,0,0.0,3054,241.3041380831885
Data,2906,0.0,0.0,1367.8277465203296,0.0,578.4422534796703,536.73,0.0,502.0,0,0,0.0,2985,578.4422534796704
Data,2907,0.0,0.0,1429.1011401495841,0.0,541.6888598504158,560.21,0.0,502.0,0,0,0.0,3033,541.6888598504158
Data,2908,0.0,0.0,1700.5123099154416,0.0,356.6376900845586,660.85,0.0,502.0,0,0,0.0,3220,356.63769008455836
Data,2909,0.0,0.0,1451.3846739806677,0.0,583.5353260193323,663.08,0.0,502.0,0,0,0.0,3200,583.5353260193323
Data,2910,-0.0,0.0,1927.7148934936731,0.0,0.3351065063269427,642.95,0.0,502.0,0,0,0.0,3073,0.3351065063268379
Data,2911,-0.0,0.0,1828.577384051,0.0,660.0826159489998,580.34,0.0,0.0,0,0,0.0,3069,660.0826159489999
Data,2912,-0.0,0.0,1728.2534743210954,0.0,816.5965256789044,550.15,0.0,0.0,0,0,0.0,3095,816.5965256789046
Data,2913,-0.0,0.0,1798.5710994840208,0.0,1042.4089005159792,530.02,0.0,0.0,0,0,0.0,3371,1042.4089005159792
Data,2914,-0.0,0.0,1778.7833325043816,0.0,1272.5566674956185,526.66,0.0,0.0,0,0,0.0,3578,1272.5566674956185
Data,2915,-0.0,0.0,1747.1464591923623,0.0,1412.7235408076376,512.13,0.0,0.0,0,0,0.0,3672,1412.7235408076376
Data,2916,-0.0,0.0,1759.7380538839845,0.0,1481.8319461160156,524.43,0.0,0.0,0,0,0.0,3766,1481.8319461160154
Data,2917,-0.0,0.0,1352.0021600116647,0.0,1908.0478399883355,500.95,0.0,0.0,0,0,0.0,3761,1908.0478399883352
Data,2918,-0.0,0.0,1136.208532739114,0.0,2171.8414672608865,500.95,0.0,0.0,0,0,0.0,3809,2171.841467260886
Data,2919,-0.0,0.0,1370.6955183083653,0.0,1990.1144816916346,522.19,0.0,0.0,0,0,0.0,3883,1990.1144816916346
Data,2920,-0.0,0.0,1628.1926183204173,0.0,1615.5573816795827,636.25,0.0,0.0,0,0,0.0,3880,1615.5573816795827
Data,2921,-0.0,0.0,1724.4008112467923,0.0,998.1991887532075,713.4,0.0,502.0,0,0,0.0,3938,998.1991887532077
Data,2922,-0.0,0.0,1867.7113409252809,0.0,821.2686590747192,776.02,0.0,502.0,0,0,0.0,3967,821.2686590747192
Data,2923,-0.0,0.0,1827.3271776590418,0.0,871.6428223409583,795.03,0.0,502.0,0,0,0.0,3996,871.6428223409582
Data,2924,-0.0,0.0,1796.7579975819676,0.0,945.9120024180326,807.33,0.0,502.0,0,0,0.0,4052,945.9120024180323
Data,2925,-0.0,0.0,1784.9589607974126,0.0,785.4510392025874,743.59,0.0,502.0,0,-1.1368683772161603e-13,0.0,3816,785.4510392025874
Data,2926,0.0,0.0,1775.7480197089135,0.0,658.7019802910862,648.55,0.0,502.0,0,0,0.0,3585,658.7019802910866
Data,2927,0.0,0.0,1740.032696606244,0.0,528.4673033937562,553.5,0.0,502.0,0,0,0.0,3324,528.4673033937561
Data,2928,0.0,0.0,1764.5035042069817,0.0,319.52649579301806,557.97,0.0,502.0,0,0,0.0,3144,319.5264957930183
Data,2929,0.0,0.0,1776.0828587506985,0.0,155.42714124930154,534.49,0.0,502.0,0,5.684341886080802e-14,0.0,2968,155.42714124930149
Data,2930,0.0,0.0,1850.3065935404206,0.0,16.193406459579293,553.5,0.0,502.0,0,0,0.0,2922,16.193406459579364
Data,2931,0.0,0.0,1955.2097543736652,0.0,0.0,590.4,0.0,502.0,0,73.60975437366534,0.0,2974,-73.60975437366517
Data,2932,0.0,0.0,1710.1343621271,0.0,309.57563787289996,608.29,0.0,502.0,0,0,0.0,3130,309.57563787289996
Data,2933,0.0,0.0,1748.2893830170206,0.0,294.89061698297934,603.82,0.0,502.0,0,0,0.0,3149,294.8906169829794
Data,2934,-0.0,0.0,1930.4678948670096,0.0,101.37210513299033,588.16,0.0,502.0,0,-2.4158453015843406e-13,0.0,3122,101.37210513299044
Data,2935,-0.0,0.0,1413.4198569548462,0.0,638.3001430451542,589.28,0.0,502.0,0,0,0.0,3143,638.3001430451538
Data,2936,-0.0,0.0,863.5226304917792,0.0,1373.6673695082209,584.81,0.0,502.0,0,0,0.0,3324,1373.6673695082209
Data,2937,-0.0,0.0,695.4365886764144,0.0,1963.2834113235858,589.28,0.0,502.0,0,0,0.0,3750,1963.2834113235856
Data,2938,-0.0,0.0,487.0077118144445,0.0,2407.0,618.35,0.0,502.0,0,-148.64228818555554,0.0,4163,2555.6422881855556
Data,2939,-0.0,0.0,355.90747315737144,0.0,2407.0,595.99,0.0,502.0,0,-315.1025268426288,0.0,4176,2722.1025268426283
Data,2940,-0.0,0.0,346.250525551563,0.0,2407.0,595.99,0.0,502.0,0,-319.75947444843723,0.0,4171,2726.759474448437
Data,2941,-0.0,0.0,444.914877302178,0.0,2369.925122697822,588.16,0.0,502.0,0,0,0.0,3905,2369.925122697822
Data,2942,-0.0,0.0,650.919245280929,0.0,2407.0,627.3,0.0,151.0,0,-165.7807547190708,0.0,4002,2572.780754719071
Data,2943,-0.0,0.0,1009.5570941810307,0.0,1828.2329058189694,683.21,0.0,502.0,0,0,0.0,4023,1828.2329058189694
Data,2944,-0.0,0.0,1612.7531014499045,0.0,1143.7268985500955,714.52,0.0,502.0,0,0,0.0,3973,1143.7268985500955
Data,2945,-0.0,0.0,1829.4419938391607,0.0,826.7080061608395,802.85,0.0,502.0,0,0,0.0,3961,826.7080061608393
Data,2946,-0.0,0.0,1734.0395638807,0.0,799.6204361192998,826.34,0.0,502.0,0,0,0.0,3862,799.6204361193
Data,2947,-0.0,0.0,1655.76594645346,0.0,896.7340535465399,799.5,0.0,502.0,0,0,0.0,3854,896.73405354654
Data,2948,-0.0,0.0,1664.7356256020685,0.0,1155.255574397932,825.22,0.0,198.7888,0,0,0.0,3844,1155.2555743979315
Data,2949,0.0,0.0,1636.7619094610145,0.0,949.0046905389855,765.95,0.0,249.2834,0,0,0.0,3601,949.0046905389854
Data,2950,0.0,0.0,2134.675193055315,0.0,257.31550694468524,710.05,0.0,287.9593,0,0,0.0,3390,257.315506944685
Data,2951,0.0,0.0,2189.6828402060246,0.0,316.3171597939753,738.0,0.0,0.0,0,0,0.0,3244,316.3171597939754
Data,2952,0.0,0.0,2292.774030958071,0.0,5.435969041929127,792.79,0.0,0.0,0,0,0.0,3091,5.435969041929184
Data,2953,0.0,0.0,2290.410447022096,0.0,0.0,818.51,0.0,0.0,0,173.92044702209606,0.0,2935,-173.9204470220959
Data,2954,0.0,0.0,2263.1925912397405,0.0,0.0,849.82,0.0,0.0,0,202.0125912397405,0.0,2911,-202.01259123974057
Data,2955,0.0,0.0,2308.086880903078,0.0,0.0,895.66,0.0,0.0,0,268.746880903078,0.0,2935,-268.746880903078
Data,2956,0.0,0.0,2471.583697858967,0.0,0.0,911.32,0.0,0.0,0,290.9036978589671,0.0,3092,-290.9036978589669
Data,2957,0.0,0.0,2533.3953185636656,0.0,0.0,892.31,0.0,0.0,0,265.70531856366574,0.0,3160,-265.7053185636655
Data,2958,-0.0,0.0,2381.025411217709,0.0,0.0,886.72,0.0,0.0,0,150.74541121770923,0.0,3117,-150.74541121770903
Data,2959,-0.0,0.0,1839.4089791311847,0.0,249.45102086881553,900.14,0.0,151.0,0,0,0.0,3140,249.45102086881536
Data,2960,-0.0,0.0,1463.2119206965438,0.0,748.1180793034562,914.67,0.0,151.0,0,0,0.0,3277,748.1180793034563
Data,2961,-0.0,0.0,1355.5458071468809,0.0,868.2541928531193,910.2,0.0,502.0,0,0,0.0,3636,868.2541928531191
Data,2962,-0.0,0.0,1372.4149404544153,0.0,1475.385059545585,910.2,0.0,151.0,0,0,0.0,3909,1475.3850595455847
Data,2963,-0.0,0.0,1066.148127066518,0.0,1464.3718729334819,884.48,0.0,502.0,0,0,0.0,3917,1464.3718729334819
Data,2964,-0.0,0.0,920.9044112571809,0.0,1615.3755887428188,886.72,0.0,502.0,0,0,0.0,3925,1615.3755887428192
Data,2965,-0.0,0.0,875.8146757545461,0.0,1486.065324245454,862.12,0.0,502.0,0,0,0.0,3726,1486.065324245454
Data,2966,-0.0,0.0,886.9387397186695,0.0,1613.5912602813303,865.47,0.0,502.0,0,0,0.0,3868,1613.5912602813305
Data,2967,-0.0,0.0,748.462234586522,0.0,1714.527765413478,880.01,0.0,502.0,0,0,0.0,3845,1714.527765413478
Data,2968,-0.0,0.0,945.2503106065423,0.0,1523.5696893934578,872.18,0.0,502.0,0,0,0.0,3843,1523.5696893934578
Data,2969,-0.0,0.0,963.9645167754342,0.0,1585.3854832245656,857.65,0.0,502.0,0,0,0.0,3909,1585.3854832245659
Data,2970,-0.0,0.0,1226.2868147632344,0.0,1218.5331852367658,872.18,0.0,502.0,0,0,0.0,3819,1218.5331852367658
Data,2971,-0.0,0.0,1296.1631025739343,0.0,1117.5868974260657,882.25,0.0,502.0,0,0,0.0,3798,1117.5868974260657
Data,2972,-0.0,0.0,1600.4649419287548,0.0,846.5350580712452,861.0,0.0,502.0,0,0,0.0,3810,846.5350580712452
Data,2973,0.0,0.0,1452.1222933709546,0.0,833.2477066290453,819.63,0.0,502.0,0,0,0.0,3607,833.2477066290454
Data,2974,0.0,0.0,1267.061901493234,0.0,822.3880985067657,790.55,0.0,502.0,0,0,0.0,3382,822.388098506766
Data,2975,0.0,0.0,1271.5094886671545,0.0,668.2405113328455,778.25,0.0,502.0,0,0,0.0,3220,668.2405113328455
Data,2976,0.0,0.0,1138.5651095864341,0.0,711.5948904135656,764.84,0.0,502.0,0,0,0.0,3117,711.5948904135658
Data,2977,0.0,0.0,928.9865618945342,0.0,775.6534381054656,760.36,0.0,502.0,0,0,0.0,2967,775.6534381054657
Data,2978,0.0,0.0,833.1505131636342,0.0,797.5594868363659,731.29,0.0,502.0,0,0,0.0,2864,797.5594868363659
Data,2979,0.0,0.0,1174.764938733434,0.0,549.0050612665658,721.23,0.0,502.0,0,0,0.0,2947,549.0050612665659
Data,2980,0.0,0.0,899.0231647934341,0.0,930.7868352065658,768.19,0.0,502.0,0,0,0.0,3100,930.7868352065658
Data,2981,0.0,0.0,784.5484291422341,0.0,1089.9815708577657,742.47,0.0,502.0,0,0,0.0,3119,1089.9815708577657
Data,2982,-0.0,0.0,770.0621642053342,0.0,1070.4178357946657,714.52,0.0,502.0,0,0,0.0,3057,1070.4178357946657
Data,2983,-0.0,0.0,779.3712218133343,0.0,1076.1187781866656,695.51,0.0,502.0,0,0,0.0,3053,1076.1187781866656
Data,2984,-0.0,0.0,795.6141548347342,0.0,1219.285845165266,701.1,0.0,502.0,0,0,0.0,3218,1219.2858451652658
Data,2985,-0.0,0.0,784.5330354527622,0.0,1537.1669645472375,750.3,0.0,502.0,0,0,0.0,3574,1537.166964547238
Data,2986,-0.0,0.0,832.0763227612964,0.0,1695.7736772387034,796.15,0.0,502.0,0,0,0.0,3826,1695.7736772387036
Data,2987,-0.0,0.0,1058.6413745896489,0.0,1577.208625410351,815.15,0.0,502.0,0,0,0.0,3953,1577.208625410351
Data,2988,-0.0,0.0,1027.0702496934389,0.0,1569.4797503065613,827.45,0.0,502.0,0,0,0.0,3926,1569.479750306561
Data,2989,-0.0,0.0,955.1102956767342,0.0,1440.499704323266,817.39,0.0,502.0,0,0,0.0,3715,1440.4997043232659
Data,2990,-0.0,0.0,1008.6752702602342,0.0,1573.1047297397654,825.22,0.0,502.0,0,0,0.0,3909,1573.1047297397658
Data,2991,-0.0,0.0,1225.6262940018341,0.0,1297.8437059981661,856.53,0.0,502.0,0,0,0.0,3882,1297.843705998166
Data,2992,-0.0,0.0,1791.7818448472344,0.0,674.3281551527658,878.89,0.0,502.0,0,0,0.0,3847,674.3281551527656
Data,2993,-0.0,0.0,1853.0497657931342,0.0,661.0002342068659,888.95,0.0,502.0,0,0,0.0,3905,661.0002342068658
Data,2994,-0.0,0.0,1777.1202922224343,0.0,567.4297077775658,950.45,0.0,502.0,0,0,0.0,3797,567.4297077775657
Data,2995,-0.0,0.0,1776.0612887654343,0.0,564.7087112345656,967.23,0.0,502.0,0,0,0.0,3810,564.7087112345657
Data,2996,-0.0,0.0,1353.584014023434,0.0,1069.625985976566,915.79,0.0,502.0,0,0,0.0,3841,1069.625985976566
Data,2997,0.0,0.0,1055.368858401634,0.0,1254.721141598366,793.91,0.0,502.0,0,0,0.0,3606,1254.721141598366
Data,2998,0.0,0.0,990.153546052834,0.0,1117.2464539471662,762.6,0.0,502.0,0,0,0.0,3372,1117.246453947166
Data,2999,0.0,0.0,1359.7658163559345,0.0,574.1741836440657,748.06,0.0,502.0,0,0,0.0,3184,574.1741836440656
Data,3000,0.0,0.0,2146.943305272934,0.0,0.0,744.71,0.0,502.0,0,342.65330527293406,0.0,3051,-342.6533052729342
Data,3001,0.0,0.0,2353.4606252143344,0.0,0.0,788.32,0.0,502.0,0,737.7806252143345,0.0,2906,-737.7806252143345
Data,3002,0.0,0.0,2102.8765981780343,0.0,0.0,735.76,0.0,502.0,0,478.6365981780342,0.0,2862,-478.6365981780343
Data,3003,0.0,0.0,1964.2246105876343,0.0,0.0,730.17,0.0,502.0,0,261.39461058763425,0.0,2935,-261.39461058763425
Data,3004,0.0,0.0,2036.2240413333343,0.0,0.0,735.76,0.0,502.0,0,175.98404133333418,0.0,3098,-175.9840413333343
Data,3005,0.0,0.0,2143.7890840189343,0.0,0.0,741.35,0.0,502.0,0,261.1390840189341,0.0,3126,-261.13908401893434
Data,3006,-0.0,0.0,2139.0207403489344,0.0,0.0,765.95,0.0,502.0,0,338.97074034893296,0.0,3068,-338.97074034893444
Data,3007,-0.0,0.0,2308.3328673787346,0.0,0.0,731.29,0.0,502.0,0,482.62286737873444,0.0,3059,-482.62286737873455
Data,3008,-0.0,0.0,2016.9530474826342,0.0,0.0,738.0,0.0,502.0,0,30.95304748263436,0.0,3226,-30.953047482634247
Data,3009,-0.0,0.0,1984.9058481603342,0.0,327.54415183966546,771.55,0.0,502.0,0,0,0.0,3586,327.5441518396658
Data,3010,-0.0,0.0,1949.6279269528345,0.0,584.8420730471659,733.53,0.0,502.0,0,0,0.0,3770,584.8420730471655
Data,3011,-0.0,0.0,1961.1057254652342,0.0,632.3142745347658,724.58,0.0,502.0,0,0,0.0,3820,632.3142745347658
Data,3012,-0.0,0.0,1844.3242520469344,0.0,809.6657479530655,757.01,0.0,502.0,0,0,0.0,3913,809.6657479530656
Data,3013,-0.0,0.0,1737.588867517034,0.0,745.4111324829661,738.0,0.0,502.0,0,0,0.0,3723,745.411132482966
Data,3014,-0.0,0.0,1632.137798848234,0.0,953.432201151766,770.43,0.0,502.0,0,0,0.0,3858,953.432201151766
Data,3015,-0.0,0.0,1594.866437367234,0.0,1005.3535626327663,773.78,0.0,502.0,0,0,0.0,3876,1005.3535626327659
Data,3016,-0.0,0.0,1672.1295279873343,0.0,907.420472012666,808.45,0.0,502.0,0,0,0.0,3890,907.4204720126656
Data,3017,-0.0,0.0,1685.0761135912344,0.0,929.7638864087659,834.16,0.0,502.0,0,0,0.0,3951,929.7638864087656
Data,3018,-0.0,0.0,1645.4671303170344,0.0,744.3228696829657,929.21,0.0,502.0,0,0,0.0,3821,744.3228696829656
Data,3019,-0.0,0.0,1685.7730537034345,0.0,657.5869462965658,961.64,0.0,502.0,0,0,0.0,3807,657.5869462965655
Data,3020,-0.0,0.0,1793.0871767249341,0.0,617.6528232750655,920.26,0.0,502.0,0,0,0.0,3833,617.6528232750659
Data,3021,0.0,0.0,2090.816734594834,0.0,190.09326540516565,805.09,0.0,502.0,0,0,0.0,3588,190.09326540516588
Data,3022,0.0,0.0,2204.6513853563342,0.0,0.0,757.01,0.0,502.0,0,103.66138535633434,0.0,3360,-103.66138535633422
Data,3023,0.0,0.0,2074.0256842889344,0.0,0.0,734.65,0.0,502.0,0,133.67568428893458,0.0,3177,-133.67568428893435
Data,3024,0.0,0.0,1971.4678372727344,0.0,0.0,714.52,0.0,502.0,0,158.98783727273428,0.0,3029,-158.9878372727344
Data,3025,0.0,0.0,2374.162919062834,0.0,0.0,711.16,0.0,502.0,0,725.3229190628339,0.0,2862,-725.3229190628341
Data,3026,0.0,0.0,2224.7853606237345,0.0,0.0,715.64,0.0,502.0,0,657.4253606237343,0.0,2785,-657.4253606237345
Data,3027,0.0,0.0,1943.4717765125413,0.0,0.0,715.64,0.0,502.0,0,290.11177651254116,0.0,2871,-290.11177651254127
Data,3028,0.0,0.0,2249.6320916167297,0.0,0.0,786.08,0.0,502.0,0,509.7120916167296,0.0,3028,-509.7120916167297
Data,3029,0.0,0.0,2208.4826204370647,0.0,0.0,799.5,0.0,502.0,0,436.9826204370648,0.0,3073,-436.9826204370647
Data,3030,-0.0,0.0,2126.585936206982,0.0,0.0,727.94,0.0,502.0,0,357.52593620698184,0.0,2999,-357.5259362069819
Data,3031,-0.0,0.0,1801.6677510699676,0.0,0.0,701.1,0.0,502.0,0,19.767751069967623,0.0,2985,-19.76775106996763
Data,3032,-0.0,0.0,1954.1392885314608,0.0,67.99461146853947,717.87,0.0,378.9961,0,0,0.0,3119,67.99461146853918
Data,3033,-0.0,0.0,1816.6820494353456,0.0,818.6879505646543,696.63,0.0,151.0,0,0,0.0,3483,818.6879505646544
Data,3034,-0.0,0.0,2180.682867396574,0.0,716.9371326034262,675.38,0.0,151.0,0,0,0.0,3724,716.9371326034262
Data,3035,-0.0,0.0,1895.4816449372827,0.0,1071.9683550627171,648.55,0.0,151.0,0,0,0.0,3767,1071.9683550627174
Data,3036,-0.0,0.0,2031.2471189034695,0.0,979.1028810965303,630.65,0.0,151.0,0,0,0.0,3792,979.1028810965305
Data,3037,-0.0,0.0,1395.4042464930947,0.0,1471.4357535069055,588.16,0.0,151.0,0,0,0.0,3606,1471.4357535069053
Data,3038,-0.0,0.0,1111.4766093740266,0.0,1847.6933906259735,622.83,0.0,151.0,0,0,0.0,3733,1847.6933906259733
Data,3039,-0.0,0.0,930.4541995072742,0.0,1989.1658004927258,675.38,0.0,151.0,0,0,0.0,3746,1989.1658004927258
Data,3040,-0.0,0.0,941.3098452261581,0.0,1955.2901547738418,713.4,0.0,151.0,0,0,0.0,3761,1955.290154773842
Data,3041,-0.0,0.0,932.5229756725292,0.0,1953.8070243274706,791.67,0.0,151.0,0,0,0.0,3829,1953.8070243274708
Data,3042,-0.0,0.0,1157.3434329042564,0.0,1561.0565670957437,885.6,0.0,151.0,0,0,0.0,3755,1561.0565670957435
Data,3043,-0.0,0.0,1317.1987911380622,0.0,1292.2412088619378,932.56,0.0,151.0,0,0,0.0,3693,1292.2412088619378
Data,3044,-0.0,0.0,1624.8472830973478,0.0,987.172716902652,945.98,0.0,151.0,0,0,0.0,3709,987.1727169026522
Data,3045,-0.0,0.0,1687.0155795253459,0.0,819.8944204746541,805.09,0.0,151.0,0,0,0.0,3463,819.8944204746541
Data,3046,0.0,0.0,1361.6075257414475,0.0,998.8124742585525,724.58,0.0,151.0,0,0,0.0,3236,998.8124742585525
Data,3047,0.0,0.0,1699.2084595232902,0.0,531.9097404767097,684.33,0.0,175.5518,0,0,0.0,3091,531.9097404767098
Data,3048,0.0,0.0,1532.661531380504,0.0,580.4884686194961,679.85,0.0,151.0,0,0,0.0,2944,580.4884686194961
Data,3049,0.0,0.0,1749.9321896850731,0.0,98.5677103149271,656.37,0.0,271.1301,0,0,0.0,2776,98.56771031492684
Data,3050,0.0,0.0,1863.9851206460257,0.0,0.0,664.2,0.0,502.0,0,274.18512064602567,0.0,2756,-274.1851206460258
Data,3051,0.0,0.0,1930.45832959243,0.0,0.0,668.67,0.0,502.0,0,268.12832959242985,0.0,2833,-268.12832959242985
Data,3052,0.0,0.0,1946.4442169418091,0.0,11.582383058191038,693.27,0.0,336.7034,0,0,0.0,2988,11.582383058190885
Data,3053,0.0,0.0,1834.1765061810001,0.0,93.66459381899972,746.95,0.0,340.2089,0,0,0.0,3015,93.66459381899978
Data,3054,-0.0,0.0,1921.6393687826,0.0,0.0,742.47,0.0,309.0984,0,59.20776878259994,0.0,2914,-59.20776878260011
Data,3055,-0.0,0.0,1736.7192531423002,0.0,239.11074685769972,730.17,0.0,151.0,0,0,0.0,2857,239.11074685769984
Data,3056,-0.0,0.0,1389.2783525832,0.0,700.1016474168,677.62,0.0,151.0,0,0,0.0,2918,700.1016474167999
Data,3057,-0.0,0.0,1465.4125952112,0.0,878.1774047888002,609.41,0.0,151.0,0,0,0.0,3104,878.1774047888001
Data,3058,-0.0,0.0,1390.7873498313002,0.0,1154.1626501686997,606.05,0.0,151.0,0,0,0.0,3302,1154.1626501686999
Data,3059,-0.0,0.0,1094.2115460968726,0.0,1548.2584539031277,610.53,0.0,151.0,0,0,0.0,3404,1548.2584539031275
Data,3060,-0.0,0.0,1151.415740202145,0.0,1437.704259797855,613.88,0.0,151.0,0,0,0.0,3354,1437.7042597978552
Data,3061,-0.0,0.0,978.4410647505284,0.0,1282.3349352494715,598.23,0.0,450.994,0,0,0.0,3310,1282.3349352494715
Data,3062,-0.0,0.0,1134.1034094059203,0.0,1081.3465905940795,648.55,0.0,502.0,0,0,0.0,3366,1081.3465905940798
Data,3063,-0.0,0.0,1045.2906438186226,0.0,1261.7035561813775,695.51,0.0,335.4958,0,0,0.0,3338,1261.7035561813775
Data,3064,-0.0,0.0,1082.3870076922983,0.0,1212.856192307702,741.35,0.0,303.4068,0,0,0.0,3340,1212.8561923077018
Data,3065,-0.0,0.0,1132.6484424097214,0.0,967.1215575902787,844.23,0.0,502.0,0,0,0.0,3446,967.1215575902786
Data,3066,-0.0,0.0,1687.958526899768,0.0,315.0214731002321,899.02,0.0,502.0,0,0,0.0,3404,315.021473100232
Data,3067,-0.0,0.0,1636.6617387463339,0.0,683.377361253666,931.45,0.0,199.5109,0,0,0.0,3451,683.3773612536661
Data,3068,-0.0,0.0,1465.139959730534,0.0,1002.710040269466,919.15,0.0,151.0,0,0,0.0,3538,1002.710040269466
Data,3069,-0.0,0.0,1485.3053624241343,0.0,580.5446375758656,796.15,0.0,502.0,0,0,0.0,3364,580.5446375758657
Data,3070,0.0,0.0,1643.5529891756341,0.0,271.5570108243659,755.89,0.0,502.0,0,0,0.0,3173,271.5570108243659
Data,3071,0.0,0.0,1770.7868163403557,0.0,62.583183659644156,696.63,0.0,502.0,0,0,0.0,3032,62.583183659644305
Data,3072,0.0,0.0,1875.4847800553339,0.0,0.0,660.85,0.0,380.2637,0,18.59848005533388,0.0,2898,-18.59848005533388
Data,3073,0.0,0.0,1651.329758474334,0.0,39.017341525665756,651.9,0.0,411.7529,0,0,0.0,2754,39.01734152566593
Data,3074,0.0,0.0,1574.556487088434,0.0,227.5202129115661,616.12,0.0,271.8033,0,0,0.0,2690,227.52021291156592
Data,3075,0.0,0.0,1473.2199803952851,0.0,218.73001960471498,606.05,0.0,502.0,0,0,0.0,2800,218.73001960471493
Data,3076,0.0,0.0,1442.1121298034611,0.0,360.6445701965387,669.79,0.0,496.4533,0,0,0.0,2969,360.6445701965389
Data,3077,0.0,0.0,1468.2268713017866,0.0,407.0267286982135,661.96,0.0,428.7864,0,0,0.0,2966,407.0267286982134
Data,3078,-0.0,0.0,1342.455286822577,0.0,482.91701317742303,649.66,0.0,374.9677,0,0,0.0,2850,482.91701317742314
Data,3079,-0.0,0.0,1153.3449015686754,0.0,750.4255984313247,668.67,0.0,185.5595,0,0,0.0,2758,750.4255984313247
Data,3080,-0.0,0.0,1238.9717625099572,0.0,661.6568374900428,653.02,0.0,261.3514,0,0,0.0,2815,661.6568374900428
Data,3081,-0.0,0.0,1188.3094941451704,0.0,1021.2505058548294,666.44,0.0,151.0,0,0,0.0,3027,1021.2505058548295
Data,3082,-0.0,0.0,1428.6463341627502,0.0,734.1660658372497,667.55,0.0,262.6376,0,0,0.0,3093,734.1660658372498
Data,3083,-0.0,0.0,1456.819434791912,0.0,469.150565208088,672.03,0.0,502.0,0,0,0.0,3100,469.150565208088
Data,3084,-0.0,0.0,1115.12748492597,0.0,837.1925150740301,687.68,0.0,502.0,0,0,0.0,3142,837.19251507403
Data,3085,-0.0,0.0,835.4602670505109,0.0,1082.9197329494893,677.62,0.0,502.0,0,0,0.0,3098,1082.9197329494891
Data,3086,-0.0,0.0,850.6440845850408,0.0,1020.6159154149593,678.74,0.0,502.0,0,0,0.0,3052,1020.6159154149592
Data,3087,-0.0,0.0,658.0788623538892,0.0,1582.5911376461108,684.33,0.0,151.0,0,0,0.0,3076,1582.5911376461108
Data,3088,-0.0,0.0,985.5875187214573,0.0,1244.8224812785427,743.59,0.0,151.0,0,0,0.0,3125,1244.8224812785427
Data,3089,-0.0,0.0,965.7297822088623,0.0,1012.5202177911377,820.75,0.0,502.0,0,0,0.0,3301,1012.5202177911377
Data,3090,-0.0,0.0,1500.789503541434,0.0,509.610496458566,885.6,0.0,502.0,0,0,0.0,3398,509.610496458566
Data,3091,-0.0,0.0,1700.2598608792346,0.0,414.0201391207653,886.72,0.0,502.0,0,0,0.0,3503,414.0201391207654
Data,3092,-0.0,0.0,1793.7793174276344,0.0,385.6206825723658,885.6,0.0,502.0,0,0,0.0,3567,385.6206825723656
Data,3093,-0.0,0.0,2042.4235810380342,0.0,29.836418961965933,801.74,0.0,502.0,0,0,0.0,3376,29.83641896196582
Data,3094,0.0,0.0,2377.1994771096342,0.0,0.0,735.76,0.0,502.0,0,448.9594771096341,0.0,3166,-448.95947710963424
Data,3095,0.0,0.0,2409.884594962334,0.0,0.0,706.69,0.0,502.0,0,650.5745949623341,0.0,2968,-650.5745949623342
Data,3096,0.0,0.0,2192.5044621635343,0.0,0.0,685.45,0.0,502.0,0,533.9544621635342,0.0,2846,-533.9544621635343
Data,3097,0.0,0.0,2443.6457599323476,0.0,0.0,678.74,0.0,502.0,0,905.3857599323477,0.0,2719,-905.3857599323476
Data,3098,0.0,0.0,2383.676929425544,0.0,0.0,693.27,0.0,502.0,0,909.9469294255442,0.0,2669,-909.9469294255441
Data,3099,0.0,0.0,2306.026488218761,0.0,0.0,741.35,0.0,502.0,0,776.3764882187613,0.0,2773,-776.3764882187612
Data,3100,0.0,0.0,2436.336332587221,0.0,0.0,826.34,0.0,502.0,0,804.676332587221,0.0,2960,-804.676332587221
Data,3101,0.0,0.0,2218.944130117172,0.0,0.0,830.81,0.0,502.0,0,535.7541301171718,0.0,3016,-535.7541301171718
Data,3102,-0.0,0.0,1988.4957358577833,0.0,0.0,810.68,0.0,502.0,0,317.17573585778314,0.0,2984,-317.17573585778325
Data,3103,-0.0,0.0,1706.9496859601738,0.0,65.55031403982616,799.5,0.0,502.0,0,0,0.0,3074,65.55031403982616
Data,3104,-0.0,0.0,1454.5213342971776,0.0,552.0986657028221,798.38,0.0,502.0,0,0,0.0,3307,552.0986657028224
Data,3105,-0.0,0.0,1258.040122727172,0.0,1204.3098772728279,753.65,0.0,502.0,0,0,0.0,3718,1204.309877272828
Data,3106,-0.0,0.0,1308.0686816026168,0.0,1443.2213183973831,744.71,0.0,502.0,0,0,0.0,3998,1443.2213183973831
Data,3107,-0.0,0.0,1053.8094324106783,0.0,2063.7105675893217,761.48,0.0,151.0,0,0,0.0,4030,2063.7105675893217
Data,3108,-0.0,0.0,934.9898019047146,0.0,2241.5501980952854,723.46,0.0,151.0,0,0,0.0,4051,2241.5501980952854
Data,3109,-0.0,0.0,1148.1479911648132,0.0,1853.8020088351866,710.05,0.0,151.0,0,0,0.0,3863,1853.8020088351868
Data,3110,-0.0,0.0,1024.693554321166,0.0,2106.356445678834,765.95,0.0,151.0,0,0,0.0,4048,2106.356445678834
Data,3111,-0.0,0.0,1100.2853561816341,0.0,2013.520743818366,792.79,0.0,164.4039,0,0,0.0,4071,2013.5207438183659
Data,3112,-0.0,0.0,1713.0412946672402,0.0,1359.2687053327597,829.69,0.0,151.0,0,0,0.0,4053,1359.2687053327597
Data,3113,-0.0,0.0,1220.701366150257,0.0,1916.858633849743,912.44,0.0,151.0,0,0,0.0,4201,1916.858633849743
Data,3114,-0.0,0.0,1581.6131741188342,0.0,1490.476825881166,916.91,0.0,151.0,0,0,0.0,4140,1490.476825881166
Data,3115,-0.0,0.0,1733.571604196034,0.0,1230.1528958039657,901.25,0.0,224.0255,0,0,0.0,4089,1230.152895803966
Data,3116,-0.0,0.0,1845.1545302630343,0.0,1180.4354697369658,855.41,0.0,151.0,0,0,0.0,4032,1180.4354697369658
Data,3117,-0.0,0.0,1777.3210135555341,0.0,943.3816864444661,864.35,0.0,174.9473,0,0,0.0,3760,943.3816864444658
Data,3118,0.0,0.0,1845.7682376282341,0.0,608.8065623717661,841.99,0.0,174.4352,0,0,0.0,3471,608.8065623717658
Data,3119,0.0,0.0,2567.9328724954344,0.0,0.0,815.15,0.0,151.0,0,223.08287249543434,0.0,3311,-223.08287249543434
Data,3120,0.0,0.0,2196.1785095681344,0.0,0.0,867.71,0.0,460.1381,0,377.0266095681344,0.0,3147,-377.0266095681344
Data,3121,0.0,0.0,2269.257913006534,0.0,0.0,931.45,0.0,251.0318,0,449.7397130065343,0.0,3002,-449.7397130065342
Data,3122,0.0,0.0,1648.8998432661624,0.0,0.0,907.96,0.0,502.0,0,144.85984326616236,0.0,2914,-144.85984326616244
Data,3123,0.0,0.0,1786.4978423825557,0.0,0.0,885.6,0.0,502.0,0,182.09784238255568,0.0,2992,-182.09784238255577
Data,3124,0.0,0.0,1927.6638239866948,0.0,98.41617601330509,935.92,0.0,151.0,0,0,0.0,3113,98.41617601330529
Data,3125,0.0,0.0,2293.7361141309,0.0,0.0,982.88,0.0,151.0,0,288.6161141309003,0.0,3139,-288.6161141309002
Data,3126,-0.0,0.0,1675.7055119597871,0.0,286.0544880402129,986.24,0.0,151.0,0,0,0.0,3099,286.05448804021285
Data,3127,-0.0,0.0,1695.5713229051073,0.0,0.0,982.88,0.0,502.0,0,52.45132290510732,0.0,3128,-52.451322905107304
Data,3128,-0.0,0.0,2014.0341577645952,0.0,0.0,949.34,0.0,502.0,0,118.37415776459534,0.0,3347,-118.37415776459522
Data,3129,-0.0,0.0,2159.6885620494463,0.0,525.6214379505536,952.69,0.0,151.0,0,0,0.0,3789,525.6214379505536
Data,3130,-0.0,0.0,2238.777924989916,0.0,318.9920750100843,967.23,0.0,502.0,0,0,0.0,4027,318.99207501008414
Data,3131,-0.0,0.0,2023.3999240599812,0.0,999.3800759400185,948.22,0.0,151.0,0,0,0.0,4122,999.3800759400187
Data,3132,-0.0,0.0,1594.5891814052773,0.0,1164.4308185947227,945.98,0.0,502.0,0,0,0.0,4207,1164.4308185947227
Data,3133,-0.0,0.0,1460.588477210752,0.0,1179.6715227892482,924.74,0.0,502.0,0,0,0.0,4067,1179.671522789248
Data,3134,-0.0,0.0,1213.957018676175,0.0,1564.2429813238248,934.8,0.0,502.0,0,0,0.0,4215,1564.242981323825
Data,3135,-0.0,0.0,1073.122550631835,0.0,2033.4774493681648,959.4,0.0,151.0,0,0,0.0,4217,2033.4774493681648
Data,3136,-0.0,0.0,998.361623375139,0.0,1676.3383766248608,996.3,0.0,502.0,0,0,0.0,4173,1676.3383766248612
Data,3137,-0.0,0.0,1001.3945280245109,0.0,1696.5954719754889,1003.01,0.0,502.0,0,0,0.0,4203,1696.595471975489
Data,3138,-0.0,0.0,1120.9414231614683,0.0,1487.8085768385317,1005.25,0.0,502.0,0,0,0.0,4116,1487.8085768385317
Data,3139,-0.0,0.0,1212.97717136,0.0,1333.6628286399998,1006.36,0.0,502.0,0,0,0.0,4055,1333.66282864
Data,3140,-0.0,0.0,1454.7459621007667,0.0,1095.5440378992332,990.71,0.0,502.0,0,0,0.0,4043,1095.5440378992332
Data,3141,0.0,0.0,1279.1531567237398,0.0,998.08684327626,981.76,0.0,502.0,0,0,0.0,3761,998.0868432762602
Data,3142,0.0,0.0,1300.0444872764,0.0,731.2555127235998,971.7,0.0,502.0,0,0,0.0,3505,731.2555127235998
Data,3143,0.0,0.0,1596.6655594682002,0.0,214.7544405317999,970.58,0.0,502.0,0,0,0.0,3284,214.7544405317998
Data,3144,0.0,0.0,1631.5721800629003,0.0,21.25781993709961,976.17,0.0,502.0,0,0,0.0,3131,21.257819937099725
Data,3145,0.0,0.0,1659.9024664102,0.0,0.0,952.69,0.0,502.0,0,157.59246641020013,0.0,2957,-157.59246641020013
Data,3146,0.0,0.0,1667.3964504491182,0.0,0.0,952.69,0.0,502.0,0,268.0864504491183,0.0,2854,-268.0864504491183
Data,3147,0.0,0.0,1376.3076464102926,0.0,136.36235358970748,930.33,0.0,502.0,0,0,0.0,2945,136.36235358970737
Data,3148,0.0,0.0,1649.4694151645904,0.0,17.030584835409627,922.5,0.0,502.0,0,0,0.0,3091,17.030584835409627
Data,3149,0.0,0.0,1668.1465831483226,0.0,77.12341685167742,905.73,0.0,502.0,0,0,0.0,3153,77.12341685167735
Data,3150,-0.0,0.0,1181.8716877607694,0.0,541.3483122392306,896.78,0.0,502.0,0,0,0.0,3122,541.3483122392306
Data,3151,-0.0,0.0,1132.7155693607872,0.0,621.6744306392127,904.61,0.0,502.0,0,0,0.0,3161,621.6744306392128
Data,3152,-0.0,0.0,799.2297688500485,0.0,1105.8102311499517,907.96,0.0,502.0,0,0,0.0,3315,1105.8102311499515
Data,3153,-0.0,0.0,656.6373868405251,0.0,1986.7526131594748,904.61,0.0,151.0,0,0,0.0,3699,1986.752613159475
Data,3154,-0.0,0.0,1235.523401943211,0.0,1179.8565980567892,923.62,0.0,502.0,0,0,0.0,3841,1179.8565980567892
Data,3155,-0.0,0.0,1347.9940124779012,0.0,1097.1459875220987,944.86,0.0,502.0,0,0,0.0,3892,1097.145987522099
Data,3156,-0.0,0.0,1124.122170823148,0.0,1415.607829176852,939.27,0.0,502.0,0,0,0.0,3981,1415.607829176852
Data,3157,-0.0,0.0,891.9328982122116,0.0,1498.7371017877886,930.33,0.0,502.0,0,0,0.0,3823,1498.7371017877883
Data,3158,-0.0,0.0,809.4074909974139,0.0,1695.9125090025864,933.68,0.0,502.0,0,0,0.0,3941,1695.9125090025861
Data,3159,-0.0,0.0,607.4724674796089,0.0,1831.777532520391,943.75,0.0,502.0,0,0,0.0,3885,1831.777532520391
Data,3160,-0.0,0.0,563.2172326040986,0.0,1799.7927673959016,964.99,0.0,502.0,0,0,0.0,3830,1799.7927673959014
Data,3161,-0.0,0.0,603.983550014046,0.0,1882.2564499859536,981.76,0.0,502.0,0,0,0.0,3970,1882.256449985954
Data,3162,-0.0,0.0,1210.1846826555327,0.0,1173.1053173444673,990.71,0.0,502.0,0,0,0.0,3876,1173.1053173444673
Data,3163,-0.0,0.0,1518.2770054734942,0.0,854.0729945265058,999.65,0.0,502.0,0,0,0.0,3874,854.0729945265058
Data,3164,-0.0,0.0,1350.2903747065948,0.0,1038.6496252934053,994.06,0.0,502.0,0,0,0.0,3885,1038.6496252934053
Data,3165,-0.0,0.0,1280.436512203396,0.0,898.6334877966041,954.93,0.0,502.0,0,0,0.0,3636,898.6334877966041
Data,3166,0.0,0.0,1161.8878858664118,0.0,768.3021141335884,953.81,0.0,502.0,0,0,0.0,3386,768.3021141335882
Data,3167,0.0,0.0,1261.1725644545186,0.0,478.6074355454814,948.22,0.0,502.0,0,0,0.0,3190,478.6074355454814
Data,3168,0.0,0.0,1225.3828621955001,0.0,384.39713780449983,948.22,0.0,502.0,0,0,0.0,3060,384.39713780449983
Data,3169,0.0,0.0,1179.7825228154002,0.0,301.18747718459986,918.03,0.0,502.0,0,0,0.0,2901,301.18747718459986
Data,3170,0.0,0.0,1303.3216130044,0.0,98.87838699560007,934.8,0.0,502.0,0,0,0.0,2839,98.87838699560007
Data,3171,0.0,0.0,1163.5884912581,0.0,291.18150874189996,967.23,0.0,502.0,0,0,0.0,2924,291.18150874189996
Data,3172,0.0,0.0,821.0227073473001,0.0,789.7472926526999,967.23,0.0,502.0,0,0,0.0,3080,789.7472926526999
Data,3173,0.0,0.0,816.3151783410001,0.0,851.524821659,957.16,0.0,502.0,0,0,0.0,3127,851.5248216589999
Data,3174,-0.0,0.0,598.8303049994,0.0,974.0196950005999,938.15,0.0,502.0,0,0,0.0,3013,974.0196950006
Data,3175,-0.0,0.0,630.1133095931001,0.0,897.9066904068999,945.98,0.0,502.0,0,0,0.0,2976,897.9066904068999
Data,3176,-0.0,0.0,381.5305495719,0.0,1558.4294504281002,937.04,0.0,151.0,0,0,0.0,3028,1558.4294504281002
Data,3177,-0.0,0.0,232.3065654645,0.0,2033.0234345355,914.67,0.0,151.0,0,0,0.0,3331,2033.0234345355
Data,3178,-0.0,0.0,20.97015239258032,0.0,2407.0,919.15,0.0,151.0,0,-136.87984760742128,0.0,3635,2543.87984760742
Data,3179,-0.0,0.0,81.9534998561868,0.0,2212.0865001438133,907.96,0.0,502.0,0,0,0.0,3704,2212.0865001438133
Data,3180,-0.0,0.0,57.373059454280444,0.0,2407.0,881.13,0.0,151.0,0,-131.49694054571933,0.0,3628,2538.4969405457196
Data,3181,-0.0,0.0,133.23408333929913,0.0,2119.1759166607008,866.59,0.0,502.0,0,0,0.0,3621,2119.1759166607008
Data,3182,-0.0,0.0,607.8866643833853,0.0,2019.7533356166145,883.36,0.0,151.0,0,0,0.0,3662,2019.7533356166145
Data,3183,-0.0,0.0,696.7074052574625,0.0,1535.7425947425374,894.55,0.0,502.0,0,0,0.0,3629,1535.7425947425377
Data,3184,-0.0,0.0,749.2618838819126,0.0,1543.128116118087,904.61,0.0,502.0,0,0,0.0,3699,1543.1281161180873
Data,3185,-0.0,0.0,1073.6895082464464,0.0,1282.6504917535538,895.66,0.0,502.0,0,0,0.0,3754,1282.6504917535535
Data,3186,-0.0,0.0,1360.7973609504406,0.0,933.1626390495595,937.04,0.0,502.0,0,0,0.0,3733,933.1626390495594
Data,3187,-0.0,0.0,1456.0045595145116,0.0,874.6554404854882,949.34,0.0,502.0,0,0,0.0,3782,874.6554404854884
Data,3188,-0.0,0.0,1567.4317791368017,0.0,756.4682208631984,947.1,0.0,502.0,0,0,0.0,3773,756.4682208631983
Data,3189,0.0,0.0,1550.771780337917,0.0,568.898219662083,930.33,0.0,502.0,0,0,0.0,3552,568.8982196620829
Data,3190,0.0,0.0,1502.2312038708126,0.0,484.5687961291873,910.2,0.0,502.0,0,0,0.0,3399,484.5687961291874
Data,3191,0.0,0.0,1479.0463476708292,0.0,290.16365232917076,915.79,0.0,502.0,0,0,0.0,3187,290.1636523291709
Data,3192,0.0,0.0,1444.1272520495227,0.0,187.2627479504772,904.61,0.0,502.0,0,0,0.0,3038,187.26274795047732
Data,3193,0.0,0.0,1588.2011179136628,0.0,0.0,912.44,0.0,502.0,0,91.64111791366281,0.0,2911,-91.64111791366281
Data,3194,0.0,0.0,1668.106506092,0.0,0.0,943.75,0.0,502.0,0,237.85650609200002,0.0,2876,-237.85650609200002
Data,3195,0.0,0.0,1583.2242254249002,0.0,0.0,957.16,0.0,502.0,0,90.38422542490002,0.0,2952,-90.38422542490014
Data,3196,0.0,0.0,1456.5894093451868,0.0,206.7305906548134,933.68,0.0,502.0,0,0,0.0,3099,206.73059065481323
Data,3197,0.0,0.0,1345.8331552397485,0.0,319.0668447602517,947.1,0.0,502.0,0,0,0.0,3114,319.06684476025146
Data,3198,-0.0,0.0,1246.1607905758383,0.0,375.0292094241619,953.81,0.0,502.0,0,0,0.0,3077,375.02920942416176
Data,3199,-0.0,0.0,1265.4162527303085,0.0,314.65374726969156,954.93,0.0,502.0,0,0,0.0,3037,314.6537472696915
Data,3200,-0.0,0.0,1022.1473004625777,0.0,641.8626995374223,964.99,0.0,502.0,0,0,0.0,3131,641.8626995374223
Data,3201,-0.0,0.0,989.5408674689778,0.0,939.1791325310222,958.28,0.0,502.0,0,0,0.0,3389,939.1791325310222
Data,3202,-0.0,0.0,1003.1065928012011,0.0,1070.9234071987985,926.97,0.0,502.0,0,0,0.0,3503,1070.923407198799
Data,3203,-0.0,0.0,1078.6675820601365,0.0,1091.7124179398636,923.62,0.0,502.0,0,0,0.0,3596,1091.7124179398634
Data,3204,-0.0,0.0,1072.9182219538543,0.0,1068.8117780461457,939.27,0.0,502.0,0,0,0.0,3583,1068.8117780461457
Data,3205,-0.0,0.0,1190.0277631346828,0.0,979.8222368653171,938.15,0.0,502.0,0,0,0.0,3610,979.8222368653172
Data,3206,-0.0,0.0,1901.646548889748,0.0,398.3734511102521,945.98,0.0,502.0,0,0,0.0,3748,398.37345111025206
Data,3207,-0.0,0.0,1682.6583417022043,0.0,625.6016582977959,924.74,0.0,502.0,0,0,0.0,3735,625.6016582977957
Data,3208,-0.0,0.0,1264.7895396966483,0.0,1032.2304603033517,945.98,0.0,502.0,0,0,0.0,3745,1032.2304603033517
Data,3209,-0.0,0.0,1360.9397392734306,0.0,1047.9402607265695,985.12,0.0,502.0,0,0,0.0,3896,1047.9402607265692
Data,3210,-0.0,0.0,1319.7841378091375,0.0,1092.5058621908624,990.71,0.0,502.0,0,0,0.0,3905,1092.5058621908624
Data,3211,-0.0,0.0,1191.3777387534342,0.0,1241.2022612465657,997.42,0.0,502.0,0,0,0.0,3932,1241.2022612465657
Data,3212,-0.0,0.0,1288.1162674342345,0.0,1139.1137325657655,1000.77,0.0,502.0,0,0,0.0,3930,1139.1137325657655
Data,3213,0.0,0.0,1295.2386274413343,0.0,880.3613725586657,959.4,0.0,502.0,0,0,0.0,3637,880.3613725586657
Data,3214,0.0,0.0,1330.730393182634,0.0,604.8196068173658,950.45,0.0,502.0,0,0,0.0,3388,604.8196068173659
Data,3215,0.0,0.0,1359.8938953556344,0.0,411.76610464436556,949.34,0.0,502.0,0,0,0.0,3223,411.76610464436556
Data,3216,0.0,0.0,1251.9415365442342,0.0,415.6084634557657,931.45,0.0,502.0,0,0,0.0,3101,415.6084634557658
Data,3217,0.0,0.0,1259.2256792512344,0.0,213.2643207487656,941.51,0.0,502.0,0,0,0.0,2916,213.2643207487656
Data,3218,0.0,0.0,1312.3352489021345,0.0,31.6847510978655,945.98,0.0,502.0,0,0,0.0,2792,31.6847510978655
Data,3219,0.0,0.0,1365.1326820930344,0.0,74.88731790696556,945.98,0.0,502.0,0,-1.1368683772161603e-13,0.0,2888,74.88731790696556
Data,3220,0.0,0.0,1288.882448805934,0.0,281.5975511940659,960.52,0.0,502.0,0,0,0.0,3033,281.597551194066
Data,3221,0.0,0.0,1198.3039009745344,0.0,345.7560990254657,973.94,0.0,502.0,0,0,0.0,3020,345.7560990254656
Data,3222,-0.0,0.0,1160.121241497834,0.0,311.1787585021658,971.7,0.0,502.0,0,0,0.0,2945,311.1787585021659
Data,3223,-0.0,0.0,1210.7310079549343,0.0,264.0489920450658,948.22,0.0,502.0,0,0,0.0,2925,264.0489920450657
Data,3224,-0.0,0.0,697.7270125950341,0.0,825.2929874049659,945.98,0.0,502.0,0,0,0.0,2971,825.2929874049659
Data,3225,-0.0,0.0,320.98801182743415,0.0,1420.031988172566,945.98,0.0,502.0,0,0,0.0,3189,1420.031988172566
Data,3226,-0.0,0.0,297.3651518436067,0.0,1716.774848156393,944.86,0.0,502.0,0,0,0.0,3461,1716.7748481563933
Data,3227,-0.0,0.0,303.8136149699496,0.0,1752.46638503005,886.72,0.0,502.0,0,0,0.0,3445,1752.4663850300503
Data,3228,-0.0,0.0,306.44853953841783,0.0,1754.001460461582,894.55,0.0,502.0,0,0,0.0,3457,1754.0014604615822
Data,3229,-0.0,0.0,458.4574173235355,0.0,1508.9825826764645,883.36,0.0,505.2,0,0,0.0,3356,1508.9825826764645
Data,3230,-0.0,0.0,748.185330148883,0.0,1175.014669851117,885.6,0.0,537.2,0,0,0.0,3346,1175.0146698511169
Data,3231,-0.0,0.0,845.2022349222142,0.0,1092.6477650777856,919.15,0.0,534.0,0,0,0.0,3391,1092.6477650777858
Data,3232,-0.0,0.0,981.5763384870756,0.0,1008.5436615129248,933.68,0.0,537.2,0,0,0.0,3461,1008.5436615129244
Data,3233,-0.0,0.0,1014.7658490305342,0.0,1050.2241509694659,953.81,0.0,505.2,0,0,0.0,3524,1050.2241509694659
Data,3234,-0.0,0.0,1461.5210203533343,0.0,619.238979646666,986.24,0.0,502.0,0,0,0.0,3569,619.2389796466657
Data,3235,-0.0,0.0,1843.9727145456345,0.0,279.8972854543655,1004.13,0.0,502.0,0,0,0.0,3630,279.8972854543655
Data,3236,-0.0,0.0,1773.4121757682342,0.0,395.8278242317657,981.76,0.0,502.0,0,0,0.0,3653,395.8278242317658
Data,3237,-0.0,0.0,1608.7204966294344,0.0,449.42950337056584,925.85,0.0,502.0,0,0,0.0,3486,449.4295033705656
Data,3238,0.0,0.0,1614.9982097544344,0.0,242.38179024556587,923.62,0.0,502.0,0,0,0.0,3283,242.38179024556564
Data,3239,0.0,0.0,1699.7380051433342,0.0,0.0,925.85,0.0,502.0,0,20.588005143334044,0.0,3107,-20.58800514333427
Data,3240,0.0,0.0,1674.4286627821343,0.0,0.0,929.21,0.0,502.0,0,107.63866278213425,0.0,2998,-107.63866278213436
Data,3241,0.0,0.0,1582.122765732934,0.0,0.0,937.04,0.0,502.0,0,175.1627657329342,0.0,2846,-175.16276573293408
Data,3242,0.0,0.0,1660.4934760254341,0.0,0.0,948.22,0.0,502.0,0,345.71347602543426,0.0,2765,-345.71347602543415
Data,3243,0.0,0.0,1777.971570884234,0.0,0.0,954.93,0.0,502.0,0,414.90157088423405,0.0,2820,-414.90157088423405
Data,3244,0.0,0.0,1818.9367561841345,0.0,0.0,967.23,0.0,502.0,0,319.16675618413444,0.0,2969,-319.16675618413456
Data,3245,0.0,0.0,1771.7707510382343,0.0,0.0,977.29,0.0,502.0,0,247.06075103823412,0.0,3004,-247.06075103823423
Data,3246,0.0,0.0,1782.0031683582342,0.0,0.0,952.69,0.0,502.0,0,316.6931683582344,0.0,2920,-316.6931683582343
Data,3247,-0.0,0.0,1113.7872253807625,0.0,429.9127746192376,873.3,0.0,502.0,0,0,0.0,2919,429.91277461923755
Data,3248,-0.0,0.0,899.3147336027756,0.0,679.1652663972244,837.52,0.0,502.0,0,0,0.0,2918,679.1652663972244
Data,3249,-0.0,0.0,784.423137542158,0.0,882.056862457842,837.52,0.0,502.0,0,0,0.0,3006,882.056862457842
Data,3250,-0.0,0.0,635.6022771347389,0.0,1202.1177228652612,835.28,0.0,502.0,0,0,0.0,3175,1202.1177228652612
Data,3251,-0.0,0.0,595.1619309205885,0.0,1637.5580690794118,835.28,0.0,151.0,0,0,0.0,3219,1637.5580690794116
Data,3252,-0.0,0.0,648.9069053367341,0.0,1121.1630946632658,856.53,0.0,524.4,0,0,0.0,3151,1121.1630946632658
Data,3253,-0.0,0.0,752.8686093670766,0.0,921.2613906329235,840.87,0.0,534.0,0,0,0.0,3049,921.2613906329234
Data,3254,-0.0,0.0,834.1696002750341,0.0,861.2603997249657,828.57,0.0,534.0,0,0,0.0,3058,861.2603997249659
Data,3255,-0.0,0.0,1031.2478634331342,0.0,615.8221365668661,831.93,0.0,534.0,0,0,0.0,3013,615.8221365668659
Data,3256,-0.0,0.0,1429.992301256234,0.0,182.7676987437659,863.24,0.0,534.0,0,0,0.0,3010,182.767698743766
Data,3257,-0.0,0.0,1659.7470891561343,0.0,90.00291084386583,882.25,0.0,534.0,0,0,0.0,3166,90.00291084386572
Data,3258,-0.0,0.0,1668.935964298334,0.0,197.19403570166594,963.87,0.0,534.0,0,0,0.0,3364,197.19403570166594
Data,3259,-0.0,0.0,1653.6772668312342,0.0,295.3227331687659,984.0,0.0,534.0,0,0,0.0,3467,295.3227331687658
Data,3260,-0.0,0.0,1669.313669098934,0.0,326.776330901066,990.71,0.0,537.2,0,0,0.0,3524,326.7763309010659
Data,3261,-0.0,0.0,1708.132620135434,0.0,123.49737986456591,976.17,0.0,537.2,0,0,0.0,3345,123.49737986456591
Data,3262,0.0,0.0,1741.5640440979341,0.0,0.0,886.72,0.0,537.2,0,29.48404409793409,0.0,3136,-29.484044097934202
Data,3263,0.0,0.0,1780.4493328249341,0.0,0.0,878.89,0.0,537.2,0,292.5393328249337,0.0,2904,-292.53933282493415
Data,3264,0.0,0.0,1781.1788103188342,0.0,0.0,866.59,0.0,540.4,0,422.1688103188345,0.0,2766,-422.1688103188342
Data,3265,0.0,0.0,1885.4242916775343,0.0,0.0,900.14,0.0,530.8,0,691.3642916775342,0.0,2625,-691.3642916775342
Data,3266,0.0,0.0,1917.9778643439345,0.0,0.0,893.43,0.0,530.8,0,780.2078643439344,0.0,2562,-780.2078643439344
Data,3267,0.0,0.0,2054.348172410734,0.0,0.0,915.79,0.0,530.8,0,872.9381724107344,0.0,2628,-872.9381724107341
Data,3268,0.0,0.0,2200.305897717434,0.0,0.0,943.75,0.0,534.0,0,896.055897717434,0.0,2782,-896.0558977174342
Data,3269,0.0,0.0,2193.739444976334,0.0,0.0,945.98,0.0,530.8,0,868.5194449763343,0.0,2802,-868.5194449763342
Data,3270,0.0,0.0,2267.163572150734,0.0,0.0,895.66,0.0,530.8,0,974.623572150734,0.0,2719,-974.623572150734
Data,3271,-0.0,0.0,1822.1865236292342,0.0,0.0,871.06,0.0,530.8,0,555.0465236292345,0.0,2669,-555.0465236292341
Data,3272,-0.0,0.0,1231.2363932362116,0.0,463.9736067637882,841.99,0.0,179.8,0,0,0.0,2717,463.9736067637884
Data,3273,-0.0,0.0,684.8750899149662,0.0,1214.2649100850335,821.86,0.0,183.0,0,0,0.0,2904,1214.2649100850338
Data,3274,-0.0,0.0,460.73309895730273,0.0,1249.296901042697,853.17,0.0,530.8,0,0,0.0,3094,1249.2969010426973
Data,3275,-0.0,0.0,436.99500630937706,0.0,1442.3949936906226,830.81,0.0,530.8,0,0,0.0,3241,1442.394993690623
Data,3276,-0.0,0.0,527.819699607983,0.0,1459.8803003920168,799.5,0.0,530.8,0,0,0.0,3318,1459.880300392017
Data,3277,-0.0,0.0,695.0059114133032,0.0,1710.6440885866964,790.55,0.0,179.8,0,0,0.0,3376,1710.6440885866969
Data,3278,-0.0,0.0,875.1100902709871,0.0,1252.9799097290131,793.91,0.0,534.0,0,0,0.0,3456,1252.979909729013
Data,3279,-0.0,0.0,1311.3997099715152,0.0,769.819790028485,825.22,0.0,496.5605,0,0,0.0,3403,769.8197900284847
Data,3280,-0.0,0.0,1588.0669248130412,0.0,771.293075186959,838.64,0.0,183.0,0,0,0.0,3381,771.2930751869588
Data,3281,-0.0,0.0,1662.4523304864342,0.0,376.7976695135659,839.75,0.0,534.0,0,0,0.0,3413,376.7976695135658
Data,3282,-0.0,0.0,1758.9113135573343,0.0,292.0186864426654,890.07,0.0,534.0,0,0,0.0,3475,292.0186864426656
Data,3283,-0.0,0.0,1763.9810061154344,0.0,668.3989938845658,923.62,0.0,183.0,0,0,0.0,3539,668.3989938845656
Data,3284,0.0,0.0,1770.6824184355341,0.0,604.4675815644658,925.85,0.0,183.0,0,0,0.0,3484,604.4675815644658
Data,3285,0.0,0.0,1980.643629091834,0.0,196.5563709081656,934.8,0.0,183.0,0,0,0.0,3295,196.55637090816595
Data,3286,0.0,0.0,1752.9605916814344,0.0,248.36940831856566,914.67,0.0,183.0,0,0,0.0,3099,248.36940831856566
Data,3287,0.0,0.0,1777.8838702693342,0.0,101.50612973066575,904.61,0.0,183.0,0,0,0.0,2967,101.50612973066575
Data,3288,0.0,0.0,1789.4439021563344,0.0,16.656097843665634,897.9,0.0,183.0,0,0,0.0,2887,16.656097843665634
Data,3289,0.0,0.0,2175.9411886368343,0.0,0.0,940.39,0.0,186.2,0,568.5311886368339,0.0,2734,-568.5311886368343
Data,3290,0.0,0.0,2218.5689754076343,0.0,0.0,947.1,0.0,183.0,0,691.6689754076341,0.0,2657,-691.6689754076343
Data,3291,0.0,0.0,1776.1975715454341,0.0,0.0,943.75,0.0,186.2,0,142.14757154543406,0.0,2764,-142.14757154543412
Data,3292,0.0,0.0,1886.5838234597345,0.0,0.0,942.63,0.0,183.0,0,87.2138234597345,0.0,2925,-87.2138234597345
Data,3293,0.0,0.0,1783.2915744483344,0.0,44.92842555166601,970.58,0.0,186.2,0,0,0.0,2985,44.92842555166561
Data,3294,0.0,0.0,2199.269756211734,0.0,0.0,929.21,0.0,32.0,0,200.47975621173407,0.0,2960,-200.47975621173418
Data,3295,-0.0,0.0,2322.282489922877,0.0,0.0,931.45,0.0,35.2,0,244.93248992287684,0.0,3044,-244.9324899228772
Data,3296,-0.0,0.0,1781.3488837812615,0.0,420.6811162187382,926.97,0.0,32.0,0,0,0.0,3161,420.68111621873845
Data,3297,-0.0,0.0,2033.2930871732556,0.0,407.9069128267443,934.8,0.0,32.0,0,0,0.0,3408,407.9069128267445
Data,3298,-0.0,0.0,2535.2180393214203,0.0,117.73196067858021,925.85,0.0,35.2,0,0,0.0,3614,117.73196067857968
Data,3299,-0.0,0.0,2278.519827855554,0.0,402.040172144446,912.44,0.0,32.0,0,0,0.0,3625,402.04017214444593
Data,3300,-0.0,0.0,2194.4966829495643,0.0,482.06331705043556,912.44,0.0,32.0,0,0,0.0,3621,482.06331705043567
Data,3301,-0.0,0.0,1905.505614492814,0.0,733.3443855071865,888.95,0.0,35.2,0,0,0.0,3563,733.344385507186
Data,3302,-0.0,0.0,1724.547283263434,0.0,874.502716736566,888.95,0.0,32.0,0,0,0.0,3520,874.5027167365658
Data,3303,-0.0,0.0,1845.7682376282341,0.0,734.0217623717657,880.01,0.0,35.2,0,0,0.0,3495,734.0217623717658
Data,3304,-0.0,0.0,1900.6154892940344,0.0,690.9645107059656,874.42,0.0,32.0,0,0,0.0,3498,690.9645107059656
Data,3305,-0.0,0.0,2157.2753695389342,0.0,520.7046304610659,849.82,0.0,35.2,0,0,0.0,3563,520.7046304610657
Data,3306,-0.0,0.0,2354.8197917074344,0.0,361.42020829256546,858.76,0.0,32.0,0,0,0.0,3607,361.4202082925656
Data,3307,-0.0,0.0,2592.3686578554343,0.0,202.08134214456607,864.35,0.0,35.2,0,0,0.0,3694,202.08134214456567
Data,3308,0.0,0.0,2580.5145496137343,0.0,167.285450386266,861.0,0.0,35.2,0,0,0.0,3644,167.28545038626572
Data,3309,-0.0,0.0,2531.071139198334,0.0,0.0,861.0,0.0,35.2,0,31.2711391983338,0.0,3396,-31.271139198334097
Data,3310,0.0,0.0,2437.0666905184344,0.0,0.0,853.17,0.0,35.2,0,154.43669051843415,0.0,3171,-154.43669051843432
Data,3311,0.0,0.0,1803.3819106705341,0.0,319.42808932946616,841.99,0.0,35.2,0,0,0.0,3000,319.4280893294659
Data,3312,0.0,0.0,1907.728523023034,0.0,90.08147697696597,841.99,0.0,35.2,0,0,0.0,2875,90.0814769769659
Data,3313,0.0,0.0,1895.4738697824341,0.0,0.0,829.69,0.0,326.2713,0,336.4351697824342,0.0,2715,-336.4351697824342
Data,3314,0.0,0.0,1452.8845864904342,0.0,0.0,835.28,0.0,530.8,0,138.9645864904345,0.0,2680,-138.96458649043416
Data,3315,0.0,0.0,1162.064270779434,0.0,261.2057292205658,831.93,0.0,530.8,0,0,0.0,2786,261.205729220566
Data,3316,0.0,0.0,913.8547813474341,0.0,686.4152186525658,831.93,0.0,530.8,0,0,0.0,2963,686.415218652566
Data,3317,0.0,0.0,891.9672908544343,0.0,732.6627091455654,828.57,0.0,530.8,0,0,0.0,2984,732.6627091455657
Data,3318,0.0,0.0,780.3112308036342,0.0,836.0287691963655,821.86,0.0,530.8,0,0,0.0,2969,836.0287691963658
Data,3319,-0.0,0.0,677.979568235977,0.0,903.2404317640228,822.98,0.0,530.8,0,0,0.0,2935,903.240431764023
Data,3320,-0.0,0.0,665.470268901915,0.0,987.9797310980848,820.75,0.0,530.8,0,0,0.0,3005,987.979731098085
Data,3321,-0.0,0.0,736.0548068863816,0.0,1250.9851931136182,834.16,0.0,530.8,0,0,0.0,3352,1250.9851931136186
Data,3322,-0.0,0.0,766.2764288462171,0.0,1498.7635711537828,834.16,0.0,530.8,0,0,0.0,3630,1498.763571153783
Data,3323,-0.0,0.0,881.2198407169974,0.0,1478.0501592830026,831.93,0.0,530.8,0,0,0.0,3722,1478.0501592830028
Data,3324,-0.0,0.0,1085.9220522410749,0.0,1349.757947758925,837.52,0.0,530.8,0,0,0.0,3804,1349.7579477589252
Data,3325,-0.0,0.0,1004.8134471369565,0.0,1290.6665528630435,837.52,0.0,534.0,0,0,0.0,3667,1290.6665528630435
Data,3326,-0.0,0.0,956.2725995530701,0.0,1442.1774004469303,845.35,0.0,537.2,0,0,0.0,3781,1442.1774004469298
Data,3327,-0.0,0.0,874.0384082481785,0.0,1498.8515917518214,843.11,0.0,534.0,0,0,0.0,3750,1498.8515917518216
Data,3328,-0.0,0.0,1141.7150272272343,0.0,1248.5249727727655,858.76,0.0,534.0,0,0,0.0,3783,1248.5249727727658
Data,3329,-0.0,0.0,1518.330022676434,0.0,996.6699773235658,861.0,0.0,534.0,0,0,0.0,3910,996.669977323566
Data,3330,-0.0,0.0,1628.556456000434,0.0,829.3835439995659,871.06,0.0,534.0,0,0,0.0,3863,829.383543999566
Data,3331,-0.0,0.0,1672.7601912574341,0.0,758.8098087425659,893.43,0.0,534.0,0,0,0.0,3859,758.8098087425659
Data,3332,0.0,0.0,1756.1610840294343,0.0,660.4089159705658,893.43,0.0,534.0,0,0,0.0,3844,660.4089159705658
Data,3333,0.0,0.0,1746.232961118234,0.0,364.33703888176603,893.43,0.0,534.0,0,0,0.0,3538,364.33703888176603
Data,3334,0.0,0.0,1804.3836606476343,0.0,20.956339352365944,895.66,0.0,534.0,0,0,0.0,3255,20.956339352365717
Data,3335,0.0,0.0,1795.9155690157345,0.0,0.0,894.55,0.0,534.0,0,157.46556901573433,0.0,3067,-157.46556901573445
Data,3336,0.0,0.0,1891.535171277334,0.0,0.0,902.37,0.0,537.2,0,387.1051712773336,0.0,2944,-387.1051712773341
Data,3337,0.0,0.0,2046.8690614980342,0.0,0.0,919.15,0.0,530.8,0,665.8190614980346,0.0,2831,-665.8190614980341
Data,3338,0.0,0.0,2210.1509128195344,0.0,0.0,910.2,0.0,530.8,0,922.1509128195345,0.0,2729,-922.1509128195344
Data,3339,0.0,0.0,2429.699733038334,0.0,0.0,887.84,0.0,530.8,0,999.3397330383344,0.0,2849,-999.3397330383342
Data,3340,0.0,0.0,1786.9956130596343,0.0,0.0,883.36,0.0,534.0,0,243.35561305963427,0.0,2961,-243.35561305963427
Data,3341,0.0,0.0,2283.0394177663343,0.0,0.0,886.72,0.0,530.8,0,653.5594177663344,0.0,3047,-653.5594177663343
Data,3342,0.0,0.0,2513.3305720645553,0.0,0.0,919.15,0.0,530.8,0,998.2805720645556,0.0,2965,-998.2805720645553
Data,3343,-0.0,0.0,1794.7111094318966,0.0,113.76889056810327,886.72,0.0,179.8,0,0,0.0,2975,113.76889056810336
Data,3344,-0.0,0.0,1455.8754480904074,0.0,572.1145519095925,880.01,0.0,183.0,0,0,0.0,3091,572.1145519095926
Data,3345,-0.0,0.0,926.474212902054,0.0,1455.835787097946,878.89,0.0,179.8,0,0,0.0,3441,1455.835787097946
Data,3346,-0.0,0.0,858.1512866333869,0.0,1759.9787133666127,890.07,0.0,179.8,0,0,0.0,3688,1759.978713366613
Data,3347,-0.0,0.0,942.334926583789,0.0,1768.6750734162108,891.19,0.0,179.8,0,0,0.0,3782,1768.675073416211
Data,3348,-0.0,0.0,787.8925621040842,0.0,1981.527437895916,896.78,0.0,179.8,0,0,0.0,3846,1981.527437895916
Data,3349,-0.0,0.0,996.639463059847,0.0,1247.4105369401534,888.95,0.0,534.0,0,0,0.0,3667,1247.410536940153
Data,3350,-0.0,0.0,798.5247314678069,0.0,1929.5252685321932,888.95,0.0,183.0,0,0,0.0,3800,1929.525268532193
Data,3351,-0.0,0.0,845.6730187129431,0.0,1894.3469812870574,896.78,0.0,186.2,0,0,0.0,3823,1894.346981287057
Data,3352,-0.0,0.0,895.4165825287022,0.0,1828.5134174712975,890.07,0.0,183.0,0,0,0.0,3797,1828.5134174712978
Data,3353,-0.0,0.0,981.5935193943556,0.0,1741.2064806056446,910.2,0.0,183.0,0,0,0.0,3816,1741.2064806056444
Data,3354,-0.0,0.0,1264.8374623304344,0.0,1419.4325376695656,905.73,0.0,183.0,0,0,0.0,3773,1419.4325376695656
Data,3355,-0.0,0.0,1645.9467806384341,0.0,1068.973219361566,909.08,0.0,183.0,0,0,0.0,3807,1068.973219361566
Data,3356,0.0,0.0,1637.998072613434,0.0,660.321927386566,884.48,0.0,537.2,0,0,0.0,3720,660.3219273865659
Data,3357,-0.0,0.0,1628.3704054864343,0.0,406.9095945135658,886.72,0.0,534.0,0,0,0.0,3456,406.9095945135657
Data,3358,-0.0,0.0,1702.6738645254345,0.0,84.19613547456584,881.13,0.0,534.0,0,3.410605131648481e-13,0.0,3202,84.1961354745655
Data,3359,0.0,0.0,1665.1087215754342,0.0,0.0,877.77,0.0,537.2,0,53.07872157543386,0.0,3027,-53.0787215754342
Data,3360,0.0,0.0,1612.5614878274341,0.0,0.0,875.54,0.0,534.0,0,139.1014878274342,0.0,2883,-139.10148782743408
Data,3361,0.0,0.0,1563.0451236542947,0.0,0.0,918.03,0.0,530.8,0,279.8751236542949,0.0,2732,-279.8751236542946
Data,3362,0.0,0.0,1190.5650711422527,0.0,67.47492885774723,907.96,0.0,534.0,0,0,0.0,2700,67.47492885774727
Data,3363,0.0,0.0,966.8241153535992,0.0,439.7758846464008,885.6,0.0,530.8,0,0,0.0,2823,439.77588464640087
Data,3364,0.0,0.0,646.2951228141505,0.0,954.7548771858494,888.95,0.0,534.0,0,0,0.0,3024,954.7548771858494
Data,3365,0.0,0.0,563.0032406129999,0.0,1037.1067593869998,928.09,0.0,530.8,0,0,0.0,3059,1037.1067593870002
Data,3366,0.0,0.0,480.39936499199996,0.0,1093.590635008,929.21,0.0,530.8,0,0,0.0,3034,1093.590635008
Data,3367,-0.0,0.0,288.02077888049996,0.0,1792.1092211194996,890.07,0.0,28.8,0,0,0.0,2999,1792.1092211195
Data,3368,-0.0,0.0,185.8108628065,0.0,2028.2391371935,888.95,0.0,32.0,0,0,0.0,3135,2028.2391371935
Data,3369,-0.0,0.0,104.41681139389999,0.0,2379.9431886060997,887.84,0.0,28.8,0,0,0.0,3401,2379.9431886061
Data,3370,-0.0,0.0,89.04200737420001,0.0,2407.0,929.21,0.0,28.8,0,-216.94799262579804,0.0,3671,2623.9479926258
Data,3371,-0.0,0.0,222.68146661578785,0.0,2407.0,928.09,0.0,28.8,0,-127.42853338420711,0.0,3714,2534.428533384212
Data,3372,-0.0,0.0,311.16444120717097,0.0,2407.0,934.8,0.0,28.8,0,-78.23555879282866,0.0,3760,2485.235558792829
Data,3373,-0.0,0.0,422.71130799878637,0.0,2216.3186920012135,926.97,0.0,32.0,0,0,0.0,3598,2216.3186920012135
Data,3374,-0.0,0.0,529.2153809899751,0.0,2278.1846190100246,934.8,0.0,28.8,0,0,0.0,3771,2278.184619010025
Data,3375,-0.0,0.0,682.6337300935197,0.0,2120.44626990648,935.92,0.0,32.0,0,0,0.0,3771,2120.44626990648
Data,3376,-0.0,0.0,1222.568652929944,0.0,1622.9813470700562,931.45,0.0,32.0,0,0,0.0,3809,1622.981347070056
Data,3377,-0.0,0.0,1449.9057838039007,0.0,1020.7642161960995,930.33,0.0,534.0,0,0,0.0,3935,1020.7642161960993
Data,3378,-0.0,0.0,1461.0798068415377,0.0,866.0501931584624,963.87,0.0,534.0,0,0,0.0,3825,866.0501931584623
Data,3379,-0.0,0.0,1431.6259290982343,0.0,881.2440709017657,1004.13,0.0,534.0,0,0,0.0,3851,881.2440709017657
Data,3380,0.0,0.0,1323.5915999959343,0.0,948.7984000040661,978.41,0.0,537.2,0,0,0.0,3788,948.7984000040657
Data,3381,-0.0,0.0,1367.8453776534343,0.0,681.5846223465657,951.57,0.0,534.0,0,0,0.0,3535,681.5846223465657
Data,3382,0.0,0.0,1362.9252963799345,0.0,443.9147036200658,957.16,0.0,534.0,0,0,0.0,3298,443.91470362006555
Data,3383,0.0,0.0,1488.9349180508343,0.0,107.84508194916577,948.22,0.0,534.0,0,0,0.0,3079,107.84508194916566
Data,3384,0.0,0.0,1409.3515068824345,0.0,81.7184931175658,954.93,0.0,534.0,0,0,0.0,2980,81.71849311756557
Data,3385,0.0,0.0,1489.8911715403347,0.0,0.0,944.86,0.0,530.8,0,136.55117154033485,0.0,2829,-136.55117154033462
Data,3386,0.0,0.0,1691.1112006836343,0.0,0.0,951.57,0.0,530.8,0,420.4812006836345,0.0,2753,-420.48120068363426
Data,3387,0.0,0.0,1714.0100512069343,0.0,0.0,954.93,0.0,530.8,0,348.74005120693425,0.0,2851,-348.74005120693425
Data,3388,0.0,0.0,1726.9536900047342,0.0,0.0,952.69,0.0,530.8,0,213.44369000473432,0.0,2997,-213.4436900047342
Data,3389,0.0,0.0,1788.5333992283345,0.0,0.0,951.57,0.0,530.8,0,254.9033992283347,0.0,3016,-254.90339922833448
Data,3390,0.0,0.0,1859.7782487309341,0.0,0.0,950.45,0.0,530.8,0,398.0282487309345,0.0,2943,-398.02824873093414
Data,3391,-0.0,0.0,1639.3365431193342,0.0,0.0,947.1,0.0,530.8,0,230.23654311933421,0.0,2887,-230.23654311933421
Data,3392,-0.0,0.0,1580.3025724654412,0.0,322.67742753455855,948.22,0.0,179.8,0,0,0.0,3031,322.6774275345587
Data,3393,-0.0,0.0,1370.8474283351513,0.0,466.13257166484846,948.22,0.0,530.8,0,0,0.0,3316,466.1325716648487
Data,3394,-0.0,0.0,1385.429820942748,0.0,734.5501790572517,948.22,0.0,530.8,0,0,0.0,3599,734.5501790572521
Data,3395,-0.0,0.0,1519.7624511297477,0.0,579.2975488702522,949.34,0.0,527.6,0,0,0.0,3576,579.2975488702523
Data,3396,-0.0,0.0,1823.0543879130341,0.0,248.0956120869654,956.05,0.0,530.8,0,0,0.0,3558,248.09561208696596
Data,3397,-0.0,0.0,1515.6088422961343,0.0,811.4111577038656,945.98,0.0,183.0,0,0,0.0,3456,811.4111577038657
Data,3398,-0.0,0.0,1378.8439456383344,0.0,1041.7060543616658,950.45,0.0,183.0,0,0,0.0,3554,1041.7060543616656
Data,3399,-0.0,0.0,1347.0427129805344,0.0,670.7072870194653,950.45,0.0,530.8,0,0,0.0,3499,670.7072870194656
Data,3400,-0.0,0.0,1653.598557631034,0.0,245.1814423689658,948.22,0.0,534.0,0,0,0.0,3381,245.18144236896592
Data,3401,-0.0,0.0,1530.8128531058342,0.0,463.61714689416556,951.57,0.0,534.0,0,0,0.0,3480,463.6171468941658
Data,3402,-0.0,0.0,1349.0646617811344,0.0,653.6453382188657,977.29,0.0,534.0,0,0,0.0,3514,653.6453382188656
Data,3403,-0.0,0.0,1404.6172587106344,0.0,626.4527412893652,1004.13,0.0,530.8,0,0,0.0,3566,626.4527412893657
Data,3404,0.0,0.0,1916.0496344316343,0.0,111.77036556836595,995.18,0.0,534.0,0,0,0.0,3557,111.77036556836572
Data,3405,-0.0,0.0,1929.5808520401342,0.0,0.0,962.75,0.0,534.0,0,39.330852040134346,0.0,3387,-39.33085204013423
Data,3406,0.0,0.0,1868.9834148883342,0.0,0.0,952.69,0.0,534.0,0,186.67341488833415,0.0,3169,-186.67341488833426
Data,3407,0.0,0.0,1560.6037699336343,0.0,0.0,952.69,0.0,534.0,0,89.29376993363428,0.0,2958,-89.2937699336344
Data,3408,0.0,0.0,1845.7557925797341,0.0,0.0,959.4,0.0,534.0,0,501.15579257973434,0.0,2838,-501.1557925797341
Data,3409,0.0,0.0,1291.8818332972342,0.0,0.0,948.22,0.0,530.8,0,93.90183329723448,0.0,2677,-93.90183329723413
Data,3410,0.0,0.0,1294.380533447334,0.0,0.0,953.81,0.0,530.8,0,176.99053344733431,0.0,2602,-176.99053344733397
Data,3411,0.0,0.0,1277.5012516917345,0.0,0.0,951.57,0.0,530.8,0,55.871251691734756,0.0,2704,-55.87125169173453
Data,3412,0.0,0.0,1928.0059155266345,0.0,0.0,951.57,0.0,534.0,0,511.5759155266345,0.0,2902,-511.5759155266345
Data,3413,0.0,0.0,1695.8920413775345,0.0,0.0,951.57,0.0,530.8,0,276.26204137753473,0.0,2902,-276.2620413775345
Data,3414,0.0,0.0,1205.379819597334,0.0,143.25018040266548,951.57,0.0,530.8,0,0,0.0,2831,143.25018040266593
Data,3415,-0.0,0.0,1057.1208676666342,0.0,160.03913233336573,937.04,0.0,530.8,0,0,0.0,2685,160.03913233336584
Data,3416,-0.0,0.0,809.8574401190341,0.0,382.2525598809656,928.09,0.0,530.8,0,0,0.0,2651,382.2525598809659
Data,3417,-0.0,0.0,773.4143344935343,0.0,555.0456655064655,924.74,0.0,530.8,0,0,0.0,2784,555.0456655064658
Data,3418,-0.0,0.0,1083.130435173834,0.0,439.4495648261658,923.62,0.0,530.8,0,0,0.0,2977,439.449564826166
Data,3419,-0.0,0.0,1152.8034115307341,0.0,874.6265884692658,877.77,0.0,179.8,0,0,0.0,3085,874.6265884692659
Data,3420,-0.0,0.0,1819.5926531311343,0.0,0.0,876.65,0.0,530.8,0,81.04265313113467,0.0,3146,-81.04265313113422
Data,3421,-0.0,0.0,2175.8566600856343,0.0,0.0,866.59,0.0,530.8,0,414.2466600856345,0.0,3159,-414.2466600856343
Data,3422,-0.0,0.0,2182.3953654384345,0.0,0.0,875.54,0.0,534.0,0,478.93536543843436,0.0,3113,-478.9353654384345
Data,3423,-0.0,0.0,2323.6888703319346,0.0,0.0,916.91,0.0,207.2195,0,352.8183703319345,0.0,3095,-352.8183703319346
Data,3424,-0.0,0.0,2290.4565080861344,0.0,0.0,918.03,0.0,451.3238,0,507.81030808613434,0.0,3152,-507.81030808613434
Data,3425,-0.0,0.0,1941.1620263628347,0.0,0.0,914.67,0.0,534.0,0,89.83202636283465,0.0,3300,-89.83202636283465
Data,3426,-0.0,0.0,2049.363647845634,0.0,0.0,944.86,0.0,534.0,0,62.223647845634446,0.0,3466,-62.22364784563422
Data,3427,-0.0,0.0,1963.0530725024346,0.0,65.3669274975656,970.58,0.0,534.0,0,0,0.0,3533,65.36692749756537
Data,3428,0.0,0.0,1351.4985442449342,0.0,663.0014557550654,971.7,0.0,530.8,0,0,0.0,3517,663.0014557550658
Data,3429,-0.0,0.0,1242.1295948122342,0.0,587.1204051877659,943.75,0.0,534.0,0,0,0.0,3307,587.1204051877658
Data,3430,0.0,0.0,1422.5693142763344,0.0,207.4006857236658,918.03,0.0,534.0,0,0,0.0,3082,207.40068572366567
Data,3431,0.0,0.0,1155.318213062234,0.0,333.0317869377658,857.65,0.0,534.0,0,0,0.0,2880,333.031786937766
Data,3432,0.0,0.0,1485.672345826334,0.0,0.0,864.35,0.0,534.0,0,150.02234582633412,0.0,2734,-150.02234582633412
Data,3433,0.0,0.0,1520.786338132334,0.0,0.0,853.17,0.0,527.6,0,327.5563381323342,0.0,2574,-327.5563381323341
Data,3434,0.0,0.0,1466.1095193166343,0.0,0.0,878.89,0.0,530.8,0,379.79951931663425,0.0,2496,-379.79951931663425
Data,3435,0.0,0.0,1606.0666343114344,0.0,0.0,878.89,0.0,530.8,0,386.75663431143437,0.0,2629,-386.75663431143437
Data,3436,0.0,0.0,1477.518535417334,0.0,0.0,882.25,0.0,530.8,0,0,62.56853541733426,2828,-62.56853541733403
Data,3437,0.0,0.0,1555.483246104934,0.0,0.0,871.06,0.0,530.8,0,106.34324610493434,0.0,2851,-106.343246104934
Data,3438,0.0,0.0,1625.2416321855344,0.0,0.0,871.06,0.0,530.8,0,212.1016321855344,0.0,2815,-212.1016321855343
Data,3439,-0.0,0.0,1424.6603599547343,0.0,16.48964004526556,852.05,0.0,530.8,0,0,0.0,2824,16.489640045265787
Data,3440,-0.0,0.0,1440.6427783783342,0.0,82.85722162166542,848.7,0.0,530.8,0,0,0.0,2903,82.85722162166576
Data,3441,-0.0,0.0,1254.307760478634,0.0,652.3122395213658,847.58,0.0,530.8,0,0,0.0,3285,652.312239521366
Data,3442,-0.0,0.0,863.4242857749341,0.0,1363.035714225066,850.94,0.0,527.6,0,0,0.0,3605,1363.035714225066
Data,3443,-0.0,0.0,759.0412999474341,0.0,1651.9887000525655,853.17,0.0,530.8,0,0,0.0,3795,1651.988700052566
Data,3444,-0.0,0.0,712.7282054651342,0.0,1845.6817945348657,841.99,0.0,527.6,0,0,0.0,3928,1845.6817945348657
Data,3445,-0.0,0.0,686.3110178928341,0.0,1729.5789821071658,843.11,0.0,534.0,0,0,0.0,3793,1729.5789821071658
Data,3446,-0.0,0.0,709.0084919522342,0.0,2213.8415080477657,864.35,0.0,179.8,0,0,0.0,3967,2213.8415080477657
Data,3447,-0.0,0.0,1371.1458400440342,0.0,1566.904159955966,869.95,0.0,183.0,0,0,0.0,3991,1566.9041599559657
Data,3448,-0.0,0.0,1791.8572785874344,0.0,1120.0427214125652,873.3,0.0,179.8,0,0,0.0,3965,1120.0427214125657
Data,3449,-0.0,0.0,2157.4853072548344,0.0,679.6646927451658,925.85,0.0,183.0,0,0,0.0,3946,679.6646927451656
Data,3450,-0.0,0.0,1936.9124692353344,0.0,770.8275307646655,969.46,0.0,179.8,0,0,0.0,3857,770.8275307646657
Data,3451,-0.0,0.0,1653.3250511360343,0.0,1102.5749488639658,947.1,0.0,183.0,0,0,0.0,3886,1102.5749488639658
Data,3452,0.0,0.0,1439.6775448059343,0.0,1241.4024551940656,935.92,0.0,183.0,0,0,0.0,3800,1241.4024551940656
Data,3453,0.0,0.0,1353.8174893430341,0.0,1056.543210656966,910.2,0.0,213.4393,0,0,0.0,3534,1056.5432106569658
Data,3454,0.0,0.0,1124.1719401865344,0.0,1137.0780598134656,888.95,0.0,179.8,0,0,0.0,3330,1137.0780598134656
Data,3455,0.0,0.0,804.1895965320342,0.0,1244.1604034679658,876.65,0.0,183.0,0,0,0.0,3108,1244.1604034679658
Data,3456,0.0,0.0,1228.276665896134,0.0,686.5933341038659,881.13,0.0,183.0,0,0,0.0,2979,686.5933341038659
Data,3457,0.0,0.0,1510.4602478161341,0.0,262.67975218386584,871.06,0.0,179.8,0,0,0.0,2824,262.6797521838659
Data,3458,0.0,0.0,1550.1655897788341,0.0,174.2544102211658,896.78,0.0,179.8,0,0,0.0,2801,174.25441022116587
Data,3459,0.0,0.0,1992.388175502334,0.0,0.0,899.02,0.0,527.6,0,550.0081755023338,0.0,2869,-550.008175502334
Data,3460,0.0,0.0,1584.6657660989345,0.0,60.634233901065386,897.9,0.0,530.8,0,0,0.0,3074,60.63423390106561
Data,3461,0.0,0.0,1401.3729003193343,0.0,310.9570996806657,890.07,0.0,527.6,0,0,0.0,3130,310.9570996806656
Data,3462,0.0,0.0,1023.2573515169341,0.0,702.6726484830659,865.47,0.0,527.6,0,0,0.0,3119,702.6726484830658
Data,3463,-0.0,0.0,868.4806983979341,0.0,1270.1293016020654,866.59,0.0,179.8,0,0,0.0,3185,1270.1293016020659
Data,3464,-0.0,0.0,764.3420925836342,0.0,1563.4679074163655,866.59,0.0,176.6,0,0,0.0,3371,1563.4679074163657
Data,3465,-0.0,0.0,706.6148690302341,0.0,2012.9951309697656,866.59,0.0,179.8,0,0,0.0,3766,2012.9951309697658
Data,3466,-0.0,0.0,751.4717956051342,0.0,1918.528204394866,836.4,0.0,527.6,0,0,0.0,4034,1918.528204394866
Data,3467,-0.0,0.0,889.4319954910341,0.0,2051.297404508966,862.12,0.0,358.1506,0,0,0.0,4161,2051.297404508966
Data,3468,-0.0,0.0,1665.8312169764345,0.0,1420.0187830235654,845.35,0.0,179.8,0,0,0.0,4111,1420.0187830235654
Data,3469,-0.0,0.0,1742.7176098087343,0.0,1142.8423901912656,838.64,0.0,179.8,0,0,0.0,3904,1142.8423901912656
Data,3470,-0.0,0.0,1952.6456315606342,0.0,811.2566684393656,874.42,0.0,423.6777,0,0,0.0,4062,811.2566684393657
Data,3471,-0.0,0.0,2215.6068711555345,0.0,933.6731288444654,935.92,0.0,28.8,0,0,0.0,4114,933.6731288444656
Data,3472,-0.0,0.0,2583.9841100563344,0.0,487.78588994366567,967.23,0.0,32.0,0,0,0.0,4071,487.78588994366555
Data,3473,-0.0,0.0,2592.3686578554343,0.0,440.53134214456543,996.3,0.0,28.8,0,0,0.0,4058,440.5313421445657
Data,3474,-0.0,0.0,2589.8023402794342,0.0,307.18765972056565,1003.01,0.0,32.0,0,0,0.0,3932,307.18765972056576
Data,3475,-0.0,0.0,2173.521282539434,0.0,743.0587174605658,997.42,0.0,32.0,0,0,0.0,3946,743.0587174605658
Data,3476,0.0,0.0,2573.6353327714346,0.0,310.9746672285652,989.59,0.0,28.8,0,0,0.0,3903,310.97466722856535
Data,3477,0.0,0.0,2384.784522591435,0.0,212.45547740856512,981.76,0.0,32.0,0,0,0.0,3611,212.45547740856523
Data,3478,0.0,0.0,2409.583856427734,0.0,22.966143572266105,931.45,0.0,32.0,0,0,0.0,3396,22.966143572265764
Data,3479,0.0,0.0,2077.463015007434,0.0,172.75698499256612,896.78,0.0,32.0,0,0,0.0,3179,172.756984992566
Data,3480,0.0,0.0,1301.251449592034,0.0,790.6085504079659,900.14,0.0,32.0,0,0,0.0,3024,790.6085504079659
Data,3481,0.0,0.0,1914.728866151734,0.0,64.4711338482656,861.0,0.0,28.8,0,0,0.0,2869,64.4711338482659
Data,3482,0.0,0.0,1968.0347173074347,0.0,0.0,878.89,0.0,28.8,0,60.72471730743462,0.0,2815,-60.72471730743466
Data,3483,0.0,0.0,1844.9432703748344,0.0,107.86672962516559,940.39,0.0,28.8,0,0,0.0,2922,107.86672962516566
Data,3484,0.0,0.0,1728.4761053124344,0.0,388.41389468756586,941.51,0.0,25.6,0,0,0.0,3084,388.41389468756563
Data,3485,0.0,0.0,1596.3707774824343,0.0,546.4892225175655,949.34,0.0,28.8,0,0,0.0,3121,546.4892225175657
Data,3486,0.0,0.0,1592.0903635766344,0.0,457.5896364233655,960.52,0.0,28.8,0,0,0.0,3039,457.58963642336556
Data,3487,-0.0,0.0,1559.2887892073345,0.0,508.1812107926654,905.73,0.0,28.8,0,0,0.0,3002,508.18121079266547
Data,3488,-0.0,0.0,1553.9787190554343,0.0,599.2112809445654,880.01,0.0,28.8,0,0,0.0,3062,599.2112809445657
Data,3489,-0.0,0.0,1451.1740919896342,0.0,1055.7859080103658,863.24,0.0,28.8,0,0,0.0,3399,1055.7859080103658
Data,3490,-0.0,0.0,1451.1740919896342,0.0,1343.4459080103657,847.58,0.0,28.8,0,0,0.0,3671,1343.4459080103657
Data,3491,-0.0,0.0,1398.833838910034,0.0,1493.2561610899656,843.11,0.0,28.8,0,0,0.0,3764,1493.2561610899659
Data,3492,-0.0,0.0,1419.1122315071343,0.0,1482.3377684928655,839.75,0.0,28.8,0,0,0.0,3770,1482.3377684928657
Data,3493,-0.0,0.0,1196.746038873634,0.0,1514.583961126366,791.67,0.0,32.0,0,0,0.0,3535,1514.583961126366
Data,3494,-0.0,0.0,1870.329198448534,0.0,900.280801551466,817.39,0.0,32.0,0,0,0.0,3620,900.280801551466
Data,3495,-0.0,0.0,1240.6963927093343,0.0,1051.2836072906653,825.22,0.0,530.8,0,0,0.0,3648,1051.2836072906657
Data,3496,-0.0,0.0,1925.5115140229345,0.0,418.1984859770656,854.29,0.0,534.0,0,0,0.0,3732,418.1984859770655
Data,3497,-0.0,0.0,1532.7580799031343,0.0,893.6919200968656,913.55,0.0,534.0,0,0,0.0,3874,893.6919200968657
Data,3498,-0.0,0.0,1756.2625729762344,0.0,529.0874270237656,999.65,0.0,534.0,0,0,0.0,3819,529.0874270237656
Data,3499,-0.0,0.0,1447.7239934065342,0.0,837.2060065934655,1013.07,0.0,534.0,0,0,0.0,3832,837.2060065934658
Data,3500,0.0,0.0,1794.3077036873342,0.0,505.7122963126659,945.98,0.0,534.0,0,0,0.0,3780,505.7122963126658
Data,3501,-0.0,0.0,1831.3544369131341,0.0,225.15556308686598,903.49,0.0,534.0,0,0,0.0,3494,225.15556308686587
Data,3502,0.0,0.0,1913.1490239708342,0.0,0.0,891.19,0.0,534.0,0,62.33902397083432,0.0,3276,-62.339023970834205
Data,3503,0.0,0.0,1990.089827025834,0.0,0.0,864.35,0.0,537.2,0,332.6398270258338,0.0,3059,-332.63982702583405
Data,3504,0.0,0.0,2125.314006260364,0.0,0.0,857.65,0.0,534.0,0,604.964006260364,0.0,2912,-604.9640062603638
Data,3505,0.0,0.0,2304.8274110435345,0.0,0.0,825.22,0.0,530.8,0,914.8474110435346,0.0,2746,-914.8474110435345
Data,3506,0.0,0.0,2195.959634088734,0.0,0.0,850.94,0.0,530.8,0,858.6996340887343,0.0,2719,-858.6996340887342
Data,3507,0.0,0.0,2220.3095818236343,0.0,0.0,912.44,0.0,530.8,0,833.5495818236344,0.0,2830,-833.5495818236343
Data,3508,0.0,0.0,2272.6453528555344,0.0,0.0,926.97,0.0,530.8,0,740.4153528555345,0.0,2990,-740.4153528555344
Data,3509,0.0,0.0,2098.439224307458,0.0,0.0,950.45,0.0,530.8,0,517.6892243074584,0.0,3062,-517.6892243074581
Data,3510,0.0,0.0,2217.1239259984895,0.0,0.0,909.08,0.0,530.8,0,672.0039259984895,0.0,2985,-672.0039259984895
Data,3511,-0.0,0.0,1663.2850994099363,0.0,0.0,881.13,0.0,530.8,0,145.2150994099366,0.0,2930,-145.21509940993622
Data,3512,-0.0,0.0,1450.3759597577975,0.0,139.77404024220226,852.05,0.0,530.8,0,0,0.0,2973,139.77404024220255
Data,3513,-0.0,0.0,1245.951452943396,0.0,736.3085470566037,850.94,0.0,530.8,0,0,0.0,3364,736.3085470566041
Data,3514,-0.0,0.0,1102.3436049837487,0.0,1183.876395016251,822.98,0.0,530.8,0,0,0.0,3640,1183.8763950162513
Data,3515,-0.0,0.0,1169.0868155281855,0.0,1208.6631844718145,827.45,0.0,530.8,0,0,0.0,3736,1208.6631844718145
Data,3516,-0.0,0.0,1329.8564836263008,0.0,1100.8635163736994,810.68,0.0,527.6,0,0,0.0,3769,1100.8635163736992
Data,3517,-0.0,0.0,1649.687858031273,0.0,629.0721419687268,789.44,0.0,530.8,0,0,0.0,3599,629.072141968727
Data,3518,-0.0,0.0,1613.8316367380426,0.0,783.4883632619577,810.68,0.0,534.0,0,0,0.0,3742,783.4883632619575
Data,3519,-0.0,0.0,1808.730704066507,0.0,601.6692959334924,811.8,0.0,530.8,0,0,0.0,3753,601.669295933493
Data,3520,-0.0,0.0,1803.8727805737178,0.0,581.2472194262821,859.88,0.0,534.0,0,0,0.0,3779,581.2472194262822
Data,3521,-0.0,0.0,1786.296708464558,0.0,617.2532915354421,950.45,0.0,534.0,0,0,0.0,3888,617.253291535442
Data,3522,-0.0,0.0,1779.9461085494345,0.0,554.6738914505655,970.58,0.0,530.8,0,0,0.0,3836,554.6738914505655
Data,3523,-0.0,0.0,1766.0090624793343,0.0,614.7009375206659,977.29,0.0,534.0,0,0,0.0,3892,614.7009375206658
Data,3524,0.0,0.0,1855.9995268969342,0.0,515.2704731030659,905.73,0.0,534.0,0,0,0.0,3811,515.2704731030658
Data,3525,0.0,0.0,1861.8429310740344,0.0,286.6970689259657,846.46,0.0,534.0,0,0,0.0,3529,286.6970689259656
Data,3526,0.0,0.0,1907.3837946664344,0.0,23.516205333565722,824.1,0.0,534.0,0,0,0.0,3289,23.51620533356561
Data,3527,0.0,0.0,1832.4629515650345,0.0,0.0,821.86,0.0,530.8,0,24.12295156503467,0.0,3161,-24.12295156503444
Data,3528,0.0,0.0,1949.7560074037342,0.0,0.0,825.22,0.0,534.0,0,254.97600740373434,0.0,3054,-254.97600740373423
Data,3529,0.0,0.0,1820.4857820277343,0.0,0.0,798.38,0.0,534.0,0,302.8657820277343,0.0,2850,-302.8657820277343
Data,3530,0.0,0.0,1938.6244573158342,0.0,0.0,812.92,0.0,534.0,0,496.54445731583417,0.0,2789,-496.54445731583417
Data,3531,0.0,0.0,1903.938983671634,0.0,0.0,784.96,0.0,534.0,0,299.89898367163426,0.0,2923,-299.89898367163414
Data,3532,0.0,0.0,1753.1446494769343,0.0,5.41535052306574,789.44,0.0,534.0,0,0,0.0,3082,5.4153505230656265
Data,3533,0.0,0.0,1776.6759755048342,0.0,18.514024495165813,830.81,0.0,534.0,0,0,0.0,3160,18.514024495165813
Data,3534,0.0,0.0,1432.1133848145341,0.0,299.4866151854659,885.6,0.0,530.8,0,0,0.0,3148,299.4866151854659
Data,3535,-0.0,0.0,1272.1986584006345,0.0,561.3313415993655,865.47,0.0,534.0,0,0,0.0,3233,561.3313415993655
Data,3536,-0.0,0.0,955.645360811866,0.0,1009.5146391881339,814.04,0.0,530.8,0,0,0.0,3310,1009.5146391881341
Data,3537,-0.0,0.0,751.2613630908816,0.0,1546.6386369091183,824.1,0.0,502.0,0,0,0.0,3624,1546.6386369091183
Data,3538,-0.0,0.0,408.6532880199359,0.0,2163.826711980064,837.52,0.0,502.0,0,0,0.0,3912,2163.826711980064
Data,3539,-0.0,0.0,255.63872997027357,0.0,2347.7212700297264,838.64,0.0,502.0,0,0,0.0,3944,2347.7212700297264
Data,3540,-0.0,0.0,193.07935663995315,0.0,2407.0,837.52,0.0,502.0,0,-26.40064336006109,0.0,3966,2433.400643360047
Data,3541,-0.0,0.0,320.8768718951175,0.0,2117.0431281048827,786.08,0.0,502.0,0,0,0.0,3726,2117.0431281048823
Data,3542,-0.0,0.0,436.28445528576293,0.0,2069.505544714237,806.21,0.0,502.0,0,0,0.0,3814,2069.505544714237
Data,3543,-0.0,0.0,606.037591392594,0.0,1785.512408607406,827.45,0.0,502.0,0,0,0.0,3721,1785.512408607406
Data,3544,-0.0,0.0,1044.6852311321838,0.0,1338.0247688678162,854.29,0.0,502.0,0,0,0.0,3739,1338.0247688678162
Data,3545,-0.0,0.0,1063.4643559144342,0.0,1371.5656440855655,926.97,0.0,502.0,0,0,0.0,3864,1371.5656440855657
Data,3546,-0.0,0.0,1340.0327582883342,0.0,973.9672417116659,984.0,0.0,502.0,0,0,0.0,3800,973.9672417116658
Data,3547,-0.0,0.0,1441.0047204174343,0.0,926.4052795825656,989.59,0.0,502.0,0,0,0.0,3859,926.4052795825656
Data,3548,0.0,0.0,1372.4730759782342,0.0,923.3469240217659,995.18,0.0,502.0,0,0,0.0,3793,923.3469240217659
Data,3549,-0.0,0.0,1414.2253842774344,0.0,742.8846157225659,878.89,0.0,502.0,0,0,0.0,3538,742.8846157225656
Data,3550,0.0,0.0,1576.1014192669345,0.0,293.1885807330656,867.71,0.0,534.0,0,0,0.0,3271,293.18858073306546
Data,3551,0.0,0.0,1526.9579328330342,0.0,297.5420671669657,799.5,0.0,534.0,0,0,0.0,3158,297.5420671669658
Data,3552,0.0,0.0,1601.1818534127342,0.0,115.04814658726593,754.77,0.0,534.0,0,0,0.0,3005,115.04814658726582
Data,3553,0.0,0.0,1734.212231853734,0.0,0.0,795.03,0.0,530.8,0,259.0422318537343,0.0,2801,-259.04223185373394
Data,3554,0.0,0.0,1635.282766361634,0.0,0.0,781.61,0.0,530.8,0,206.69276636163443,0.0,2741,-206.69276636163397
Data,3555,0.0,0.0,1671.195710728834,0.0,0.0,755.89,0.0,527.6,0,102.6857107288339,0.0,2852,-102.68571072883401
Data,3556,0.0,0.0,1880.2577624741343,0.0,0.0,787.2,0.0,530.8,0,167.25776247413444,0.0,3031,-167.25776247413432
Data,3557,0.0,0.0,1861.811306070134,0.0,0.0,827.45,0.0,527.6,0,108.86130607013399,0.0,3108,-108.86130607013399
Data,3558,0.0,0.0,1923.4649120235345,0.0,0.0,774.9,0.0,530.8,0,230.1649120235346,0.0,2999,-230.16491202353438
Data,3559,-0.0,0.0,1611.7553668606342,0.0,35.95463313936568,780.49,0.0,530.8,0,0,0.0,2959,35.9546331393658
Data,3560,-0.0,0.0,1632.2404156707378,0.0,133.96958432926232,768.19,0.0,527.6,0,0,0.0,3062,133.96958432926215
Data,3561,-0.0,0.0,1877.0099100939774,0.0,96.40008990602243,792.79,0.0,530.8,0,0,0.0,3297,96.40008990602269
Data,3562,-0.0,0.0,1498.2785870780376,0.0,621.2014129219624,812.92,0.0,527.6,0,0,0.0,3460,621.2014129219624
Data,3563,-0.0,0.0,1881.2399843579735,0.0,321.88001564202636,835.28,0.0,527.6,0,0,0.0,3566,321.8800156420265
Data,3564,-0.0,0.0,1963.5813646316008,0.0,346.17863536839906,789.44,0.0,530.8,0,0,0.0,3630,346.1786353683992
Data,3565,-0.0,0.0,2098.0663888116906,0.0,97.16361118830956,730.17,0.0,527.6,0,0,0.0,3453,97.16361118830946
Data,3566,-0.0,0.0,1960.1448640831345,0.0,501.3351359168656,812.92,0.0,176.6,0,0,0.0,3451,501.3351359168655
Data,3567,-0.0,0.0,2211.514646224734,0.0,0.0,826.34,0.0,530.8,0,134.65464622473417,0.0,3434,-134.65464622473394
Data,3568,-0.0,0.0,2315.286052166234,0.0,0.0,858.76,0.0,534.0,0,263.0460521662343,0.0,3445,-263.0460521662342
Data,3569,-0.0,0.0,2225.0761814041343,0.0,0.0,912.44,0.0,530.8,0,192.31618140413445,0.0,3476,-192.31618140413434
Data,3570,-0.0,0.0,2240.550829814134,0.0,0.0,929.21,0.0,530.8,0,166.56082981413408,0.0,3534,-166.56082981413397
Data,3571,-0.0,0.0,2298.2965352833344,0.0,0.0,958.28,0.0,530.8,0,166.3765352833342,0.0,3621,-166.3765352833343
Data,3572,0.0,0.0,2524.981359664734,0.0,0.0,883.36,0.0,534.0,0,419.3413596647341,0.0,3523,-419.3413596647341
Data,3573,-0.0,0.0,2311.638075472434,0.0,0.0,847.58,0.0,530.8,0,329.01807547243413,0.0,3361,-329.01807547243413
Data,3574,0.0,0.0,2245.1948338993343,0.0,0.0,821.86,0.0,530.8,0,424.8548338993345,0.0,3173,-424.85483389933427
Data,3575,0.0,0.0,2160.567297416834,0.0,0.0,764.84,0.0,534.0,0,463.40729741683424,0.0,2996,-463.40729741683424
Data,3576,0.0,0.0,2056.3997813935343,0.0,0.0,758.13,0.0,530.8,0,428.3297813935345,0.0,2917,-428.3297813935343
Data,3577,0.0,0.0,1988.3118460347341,0.0,0.0,772.66,0.0,530.8,0,503.77184603473427,0.0,2788,-503.77184603473404
Data,3578,0.0,0.0,1745.8740147294343,0.0,0.0,772.66,0.0,527.6,0,273.13401472943394,0.0,2773,-273.1340147294343
Data,3579,0.0,0.0,1737.1846619244343,0.0,0.0,761.48,0.0,527.6,0,201.2646619244341,0.0,2825,-201.26466192443434
Data,3580,0.0,0.0,1723.9938962094343,0.0,0.0,822.98,0.0,530.8,0,82.77389620943438,0.0,2995,-82.77389620943427
Data,3581,0.0,0.0,1781.4652765937344,0.0,0.0,824.1,0.0,530.8,0,124.3652765937344,0.0,3012,-124.3652765937344
Data,3582,0.0,0.0,1635.981254622634,0.0,0.0,805.09,0.0,527.6,0,11.671254622634137,0.0,2957,-11.671254622634024
Data,3583,-0.0,0.0,1017.0795753457589,0.0,621.1004246542409,776.02,0.0,530.8,0,0,0.0,2945,621.1004246542411
Data,3584,-0.0,0.0,727.5631461460328,0.0,939.2968538539674,752.54,0.0,527.6,0,0,0.0,2947,939.2968538539673
Data,3585,-0.0,0.0,523.634883191147,0.0,1225.215116808853,741.35,0.0,530.8,0,0,0.0,3021,1225.215116808853
Data,3586,-0.0,0.0,1163.0604648044264,0.0,665.8695351955737,742.47,0.0,527.6,0,0,0.0,3099,665.8695351955736
Data,3587,-0.0,0.0,1335.3443754365735,0.0,532.0256245634264,745.83,0.0,530.8,0,0,0.0,3144,532.0256245634265
Data,3588,-0.0,0.0,1401.4887445920372,0.0,525.0112554079626,725.7,0.0,530.8,0,0,0.0,3183,525.0112554079628
Data,3589,-0.0,0.0,1437.204952455802,0.0,430.44504754419813,697.75,0.0,527.6,0,0,0.0,3093,430.445047544198
Data,3590,-0.0,0.0,1498.612009602803,0.0,268.24799039719665,703.34,0.0,530.8,0,0,0.0,3001,268.247990397197
Data,3591,-0.0,0.0,1561.7004274534354,0.0,266.83527254656457,741.35,0.0,445.1143,0,0,0.0,3015,266.83527254656457
Data,3592,-0.0,0.0,1540.6156828420653,0.0,215.24431715793472,777.14,0.0,534.0,0,0,0.0,3067,215.2443171579347
Data,3593,-0.0,0.0,1952.365701164359,0.0,195.4642988356409,853.17,0.0,183.0,0,0,0.0,3184,195.464298835641
Data,3594,-0.0,0.0,2263.598058503634,0.0,0.0,865.47,0.0,530.8,0,296.8680585036342,0.0,3363,-296.8680585036341
Data,3595,-0.0,0.0,2573.1334889807345,0.0,0.0,873.3,0.0,534.0,0,451.4334889807345,0.0,3529,-451.4334889807344
Data,3596,-0.0,0.0,2500.3628336625347,0.0,0.0,872.18,0.0,534.0,0,429.54283366253446,0.0,3477,-429.5428336625347
Data,3597,0.0,0.0,2463.1362013016346,0.0,0.0,784.96,0.0,530.8,0,529.8962013016347,0.0,3249,-529.8962013016346
Data,3598,0.0,0.0,2534.1019440536343,0.0,0.0,753.65,0.0,534.0,0,744.7519440536342,0.0,3077,-744.7519440536342
Data,3599,0.0,0.0,2470.7315401069345,0.0,0.0,741.35,0.0,534.0,0,886.0815401069343,0.0,2860,-886.0815401069345
Data,3600,0.0,0.0,2297.4523595597343,0.0,0.0,731.29,0.0,530.8,0,829.5423595597343,0.0,2730,-829.5423595597342
Data,3601,0.0,0.0,2294.3090943237344,0.0,0.0,702.22,0.0,530.8,0,913.3290943237345,0.0,2614,-913.3290943237344
Data,3602,0.0,0.0,1920.9915801922343,0.0,0.0,703.34,0.0,530.8,0,614.1315801922341,0.0,2541,-614.1315801922343
Data,3603,0.0,0.0,2180.662971771634,0.0,0.0,770.43,0.0,527.6,0,814.6929717716338,0.0,2664,-814.6929717716341
Data,3604,0.0,0.0,1924.7889349973343,0.0,0.0,835.28,0.0,530.8,0,424.8689349973346,0.0,2866,-424.86893499733424
Data,3605,0.0,0.0,1752.4370949666425,0.0,0.0,826.34,0.0,530.8,0,171.5770949666427,0.0,2938,-171.57709496664245
Data,3606,0.0,0.0,1517.9714913993648,0.0,37.70850860063525,763.72,0.0,527.6,0,0,0.0,2847,37.70850860063513
Data,3607,-0.0,0.0,1058.1755889079418,0.0,548.7844110920581,740.24,0.0,530.8,0,0,0.0,2878,548.7844110920582
Data,3608,-0.0,0.0,788.7461060185063,0.0,1300.9438939814936,744.71,0.0,176.6,0,0,0.0,3011,1300.9438939814936
Data,3609,-0.0,0.0,523.4094622700109,0.0,1770.500537729989,731.29,0.0,179.8,0,0,0.0,3205,1770.5005377299892
Data,3610,-0.0,0.0,620.239128144237,0.0,1984.870871855763,731.29,0.0,176.6,0,0,0.0,3513,1984.870871855763
Data,3611,-0.0,0.0,649.4101705787646,0.0,2122.959829421235,745.83,0.0,179.8,0,0,0.0,3698,2122.9598294212356
Data,3612,-0.0,0.0,702.1331244286787,0.0,1764.1668755713215,725.7,0.0,534.0,0,0,0.0,3726,1764.1668755713213
Data,3613,-0.0,0.0,752.4500092401186,0.0,1903.3099907598812,666.44,0.0,179.8,0,0,0.0,3502,1903.3099907598814
Data,3614,-0.0,0.0,731.5027930113571,0.0,1775.542606988643,695.51,0.0,379.4446,0,0,0.0,3582,1775.542606988643
Data,3615,-0.0,0.0,829.0347911758865,0.0,1575.0952088241136,717.87,0.0,534.0,0,0,0.0,3656,1575.0952088241133
Data,3616,-0.0,0.0,1186.569634500163,0.0,1231.880365499837,771.55,0.0,534.0,0,0,0.0,3724,1231.8803654998371
Data,3617,-0.0,0.0,1604.3916094774345,0.0,852.9183905225656,829.69,0.0,534.0,0,0,0.0,3821,852.9183905225655
Data,3618,-0.0,0.0,1610.229389115434,0.0,772.8106108845658,858.76,0.0,537.2,0,0,0.0,3779,772.8106108845659
Data,3619,-0.0,0.0,1680.7891198853345,0.0,698.6008801146655,904.61,0.0,534.0,0,0,0.0,3818,698.6008801146655
Data,3620,0.0,0.0,1733.510660166034,0.0,555.2593398339657,844.23,0.0,534.0,0,-1.1368683772161603e-13,0.0,3667,555.2593398339659
Data,3621,-0.0,0.0,1806.2224055868342,0.0,331.48759441316577,731.29,0.0,534.0,0,0,0.0,3403,331.4875944131659
Data,3622,0.0,0.0,1920.6260657829343,0.0,23.183934217065712,718.99,0.0,537.2,0,0,0.0,3200,23.183934217065598
Data,3623,0.0,0.0,1775.3613092733344,0.0,103.3686907266657,693.27,0.0,534.0,0,0,0.0,3106,103.36869072666559
Data,3624,0.0,0.0,1823.3032154867342,0.0,0.0,683.21,0.0,534.0,0,131.51321548673434,0.0,2909,-131.51321548673423
Data,3625,0.0,0.0,2011.9946297309343,0.0,0.0,641.84,0.0,530.8,0,427.63462973093453,0.0,2757,-427.6346297309343
Data,3626,0.0,0.0,2007.7349361509341,0.0,0.0,674.26,0.0,534.0,0,468.9949361509342,0.0,2747,-468.9949361509341
Data,3627,0.0,0.0,2261.452010612334,0.0,0.0,741.35,0.0,530.8,0,653.6020106123341,0.0,2880,-653.6020106123341
Data,3628,0.0,0.0,2175.0938698565346,0.0,0.0,821.86,0.0,530.8,0,455.75386985653483,0.0,3072,-455.7538698565346
Data,3629,0.0,0.0,1962.0777174841342,0.0,0.0,746.95,0.0,534.0,0,128.0277174841343,0.0,3115,-128.0277174841342
Data,3630,0.0,0.0,1678.417469587634,0.0,49.90253041236576,736.88,0.0,530.8,0,0,0.0,2996,49.90253041236599
Data,3631,-0.0,0.0,1429.101299184594,0.0,381.8287008154059,693.27,0.0,530.8,0,0,0.0,3035,381.82870081540614
Data,3632,-0.0,0.0,1168.0674743298343,0.0,765.7225256701655,683.21,0.0,534.0,0,0,0.0,3151,765.7225256701656
Data,3633,-0.0,0.0,920.1305857844906,0.0,1299.5694142155094,676.5,0.0,530.8,0,0,0.0,3427,1299.5694142155094
Data,3634,-0.0,0.0,805.2799639690586,0.0,1746.600036030941,665.32,0.0,530.8,0,0,0.0,3748,1746.6000360309413
Data,3635,-0.0,0.0,642.6803247781453,0.0,1930.7196752218545,688.8,0.0,530.8,0,0,0.0,3793,1930.7196752218547
Data,3636,-0.0,0.0,587.7546091892776,0.0,1998.4953908107223,642.95,0.0,530.8,0,0,0.0,3760,1998.4953908107223
Data,3637,-0.0,0.0,597.4774010605934,0.0,1912.4925989394064,598.23,0.0,530.8,0,0,0.0,3639,1912.4925989394067
Data,3638,-0.0,0.0,646.5652166924334,0.0,1922.0847833075663,667.55,0.0,530.8,0,0,0.0,3767,1922.0847833075668
Data,3639,-0.0,0.0,741.170665915121,0.0,1778.079334084879,716.75,0.0,534.0,0,0,0.0,3770,1778.079334084879
Data,3640,-0.0,0.0,967.5621505361805,0.0,1445.8778494638195,809.56,0.0,534.0,0,0,0.0,3757,1445.8778494638195
Data,3641,-0.0,0.0,1309.5611103924343,0.0,1143.4588896075657,822.98,0.0,534.0,0,0,0.0,3810,1143.4588896075657
Data,3642,-0.0,0.0,1458.7820073754342,0.0,873.5679926245656,876.65,0.0,534.0,0,0,0.0,3743,873.5679926245658
Data,3643,-0.0,0.0,1653.276165210434,0.0,751.1738347895656,894.55,0.0,534.0,0,0,0.0,3833,751.173834789566
Data,3644,0.0,0.0,1698.1950469426342,0.0,654.8349530573654,803.97,0.0,534.0,0,0,0.0,3691,654.8349530573657
Data,3645,0.0,0.0,1766.3020015531342,0.0,424.2979984468658,713.4,0.0,534.0,0,0,0.0,3438,424.2979984468658
Data,3646,0.0,0.0,1775.5226340369345,0.0,241.85736596306572,677.62,0.0,534.0,0,0,0.0,3229,241.8573659630655
Data,3647,0.0,0.0,1826.9444549800342,0.0,31.38554501996589,668.67,0.0,534.0,0,0,0.0,3061,31.38554501996589
Data,3648,0.0,0.0,2054.671535359297,0.0,0.0,675.38,0.0,534.0,0,315.05153535929713,0.0,2949,-315.0515353592972
Data,3649,0.0,0.0,1946.9829061472558,0.0,0.0,657.49,0.0,530.8,0,301.272906147256,0.0,2834,-301.27290614725575
Data,3650,0.0,0.0,1722.1784372101213,0.0,0.0,665.32,0.0,530.8,0,171.29843721012173,0.0,2747,-171.29843721012128
Data,3651,0.0,0.0,1672.2115484773167,0.0,0.0,710.05,0.0,530.8,0,58.06154847731687,0.0,2855,-58.06154847731659
Data,3652,0.0,0.0,1683.8406300843,0.0,103.5493699156998,707.81,0.0,530.8,0,0,0.0,3026,103.54936991570003
Data,3653,0.0,0.0,1755.5478230308863,0.0,127.37217696911357,712.28,0.0,530.8,0,0,0.0,3126,127.37217696911375
Data,3654,0.0,0.0,1711.3204365530112,0.0,60.23956344698883,715.64,0.0,530.8,0,0,0.0,3018,60.23956344698888
Data,3655,-0.0,0.0,1269.9712675656572,0.0,635.7287324343426,676.5,0.0,530.8,0,0,0.0,3113,635.7287324343429
Data,3656,-0.0,0.0,1188.4447241352952,0.0,844.9552758647045,688.8,0.0,530.8,0,0,0.0,3253,844.9552758647048
Data,3657,-0.0,0.0,1220.2341377051998,0.0,1086.5758622948001,694.39,0.0,530.8,0,0,0.0,3532,1086.5758622948001
Data,3658,-0.0,0.0,927.5629389878625,0.0,1628.237061012137,713.4,0.0,530.8,0,0,0.0,3800,1628.2370610121375
Data,3659,-0.0,0.0,977.0921009722864,0.0,1602.5078990277134,762.6,0.0,530.8,0,0,0.0,3873,1602.5078990277136
Data,3660,-0.0,0.0,820.8959650529482,0.0,1837.2740349470519,721.23,0.0,527.6,0,0,0.0,3907,1837.2740349470519
Data,3661,-0.0,0.0,1086.6411338343999,0.0,1382.9488661656003,707.81,0.0,527.6,0,0,0.0,3705,1382.9488661656
Data,3662,-0.0,0.0,1332.4850072689173,0.0,1184.7649927310827,815.15,0.0,527.6,0,0,0.0,3860,1184.7649927310827
Data,3663,-0.0,0.0,1785.6943308301995,0.0,667.4356691698001,890.07,0.0,530.8,0,0,0.0,3874,667.4356691698005
Data,3664,-0.0,0.0,1584.5835009978327,0.0,765.4564990021673,907.96,0.0,534.0,0,0,0.0,3792,765.4564990021672
Data,3665,-0.0,0.0,1707.3548625985532,0.0,609.7551374014466,928.09,0.0,530.8,0,0,0.0,3776,609.7551374014469
Data,3666,-0.0,0.0,1739.9103833825848,0.0,511.139616617415,938.15,0.0,530.8,0,0,0.0,3720,511.1396166174153
Data,3667,-0.0,0.0,1746.2133631862494,0.0,531.9366368137502,956.05,0.0,530.8,0,0,0.0,3765,531.9366368137507
Data,3668,0.0,0.0,1904.352490229505,0.0,275.9875097704946,944.86,0.0,530.8,0,0,0.0,3656,275.98750977049497
Data,3669,-0.0,0.0,1751.5613910113714,0.0,229.18860898862832,931.45,0.0,530.8,0,0,0.0,3443,229.18860898862863
Data,3670,0.0,0.0,1747.7673463674566,0.0,99.88265363254315,894.55,0.0,530.8,0,0,0.0,3273,99.88265363254345
Data,3671,0.0,0.0,1743.8424956237557,0.0,0.0,866.59,0.0,530.8,0,44.23249562375599,0.0,3097,-44.23249562375565
Data,3672,0.0,0.0,1749.0312702172064,0.0,0.0,876.65,0.0,530.8,0,213.4812702172067,0.0,2943,-213.48127021720632
Data,3673,0.0,0.0,1755.3629863342217,0.0,0.0,848.7,0.0,530.8,0,309.8629863342219,0.0,2825,-309.86298633422166
Data,3674,0.0,0.0,1732.0958642899186,0.0,0.0,854.29,0.0,527.6,0,331.9858642899185,0.0,2782,-331.9858642899186
Data,3675,0.0,0.0,1797.4293053032534,0.0,0.0,890.07,0.0,527.6,0,358.09930530325335,0.0,2857,-358.09930530325346
Data,3676,0.0,0.0,2020.4993372307547,0.0,0.0,913.55,0.0,527.6,0,420.6493372307546,0.0,3041,-420.64933723075467
Data,3677,0.0,0.0,1894.4749081228715,0.0,0.0,861.0,0.0,527.6,0,209.07490812287136,0.0,3074,-209.07490812287153
Data,3678,0.0,0.0,1791.3517823049378,0.0,0.0,864.35,0.0,527.6,0,178.30178230493775,0.0,3005,-178.3017823049379
Data,3679,-0.0,0.0,1480.412592705149,0.0,182.77740729485072,880.01,0.0,530.8,0,0,0.0,3074,182.77740729485095
Data,3680,-0.0,0.0,1497.0582906038858,0.0,298.03170939611425,892.31,0.0,527.6,0,0,0.0,3215,298.03170939611425
Data,3681,-0.0,0.0,1405.7163625066455,0.0,679.2636374933546,874.42,0.0,527.6,0,0,0.0,3487,679.2636374933545
Data,3682,-0.0,0.0,1537.2514575100606,0.0,867.5585424899392,866.59,0.0,527.6,0,0,0.0,3799,867.5585424899393
Data,3683,-0.0,0.0,1696.6842724829753,0.0,748.7157275170249,861.0,0.0,527.6,0,0,0.0,3834,748.7157275170247
Data,3684,-0.0,0.0,1733.6747370775515,0.0,723.5052629224488,825.22,0.0,527.6,0,0,0.0,3810,723.5052629224484
Data,3685,-0.0,0.0,1813.6447009796598,0.0,474.8852990203401,791.67,0.0,530.8,0,0,0.0,3611,474.8852990203403
Data,3686,-0.0,0.0,1822.473318108684,0.0,626.686681891316,814.04,0.0,530.8,0,0,0.0,3794,626.6866818913161
Data,3687,-0.0,0.0,2030.6131219320944,0.0,283.52687806790595,920.26,0.0,527.6,0,0,0.0,3762,283.5268780679056
Data,3688,-0.0,0.0,1916.5380404538057,0.0,353.56195954619415,947.1,0.0,530.8,0,0,0.0,3748,353.5619595461943
Data,3689,-0.0,0.0,1920.704619542234,0.0,459.1153804577656,921.38,0.0,530.8,0,0,0.0,3832,459.11538045776604
Data,3690,-0.0,0.0,1719.4316930369341,0.0,626.5183069630656,901.25,0.0,530.8,0,0,0.0,3778,626.5183069630659
Data,3691,-0.0,0.0,1492.6205903331343,0.0,915.0894096668659,903.49,0.0,530.8,0,0,0.0,3842,915.0894096668658
Data,3692,0.0,0.0,1655.4422159619344,0.0,742.4177840380654,826.34,0.0,530.8,0,0,0.0,3755,742.4177840380656
Data,3693,0.0,0.0,1661.2090849329343,0.0,514.3109150670658,810.68,0.0,530.8,0,0,0.0,3517,514.3109150670658
Data,3694,0.0,0.0,1528.5747712134344,0.0,444.32522878656584,799.5,0.0,527.6,0,0,0.0,3300,444.3252287865656
Data,3695,0.0,0.0,1514.916650797134,0.0,303.56334920286577,763.72,0.0,530.8,0,0,0.0,3113,303.563349202866
Data,3696,0.0,0.0,1556.5648821912341,0.0,115.12511780876582,769.31,0.0,534.0,0,0,0.0,2975,115.12511780876594
Data,3697,0.0,0.0,1446.9146923864819,0.0,105.83530761351824,734.65,0.0,527.6,0,0,0.0,2815,105.83530761351813
Data,3698,0.0,0.0,1542.1048171483615,0.0,0.0,744.71,0.0,527.6,0,48.414817148361465,0.0,2766,-48.41481714836152
Data,3699,0.0,0.0,1835.586606580734,0.0,0.0,755.89,0.0,527.6,0,208.07660658073394,0.0,2911,-208.07660658073405
Data,3700,0.0,0.0,1635.9801602548341,0.0,107.02983974516621,817.39,0.0,527.6,0,0,0.0,3088,107.02983974516587
Data,3701,0.0,0.0,2078.7292448603343,0.0,0.0,828.57,0.0,527.6,0,275.89924486033453,0.0,3159,-275.8992448603344
Data,3702,0.0,0.0,1721.5174788320342,0.0,0.0,838.64,0.0,527.6,0,26.757478832033826,0.0,3061,-26.757478832034167
Data,3703,-0.0,0.0,1864.7759078855927,0.0,0.0,809.56,0.0,527.6,0,154.93590788559257,0.0,3047,-154.93590788559266
Data,3704,-0.0,0.0,1594.3568805400578,0.0,226.9631194599424,786.08,0.0,527.6,0,0,0.0,3135,226.96311945994216
Data,3705,-0.0,0.0,1155.8409514021432,0.0,1326.0790485978569,761.48,0.0,176.6,0,0,0.0,3420,1326.0790485978569
Data,3706,-0.0,0.0,1193.753526127387,0.0,1539.9264738726133,763.72,0.0,176.6,0,0,0.0,3674,1539.926473872613
Data,3707,-0.0,0.0,1253.234868947668,0.0,1559.7751310523317,768.19,0.0,179.8,0,0,0.0,3761,1559.775131052332
Data,3708,-0.0,0.0,1363.71509604458,0.0,1446.07490395542,781.61,0.0,176.6,0,0,0.0,3768,1446.07490395542
Data,3709,-0.0,0.0,1112.0030191501692,0.0,1625.756980849831,715.64,0.0,176.6,0,0,0.0,3630,1625.7569808498308
Data,3710,-0.0,0.0,1247.8122168718205,0.0,1482.8577831281796,733.53,0.0,179.8,0,0,0.0,3644,1482.8577831281796
Data,3711,-0.0,0.0,1668.7375757406066,0.0,1026.3824242593932,786.08,0.0,179.8,0,0,0.0,3661,1026.3824242593932
Data,3712,-0.0,0.0,1636.4974913036629,0.0,681.5725086963373,831.93,0.0,534.0,0,0,0.0,3684,681.5725086963372
Data,3713,-0.0,0.0,1537.188853132936,0.0,755.871146867064,900.14,0.0,530.8,0,0,0.0,3724,755.8711468670641
Data,3714,-0.0,0.0,1430.2907691793152,0.0,780.6492308206845,920.26,0.0,530.8,0,0,0.0,3662,780.6492308206848
Data,3715,-0.0,0.0,1394.7039794509255,0.0,889.1660205490743,930.33,0.0,530.8,0,0,0.0,3745,889.1660205490745
Data,3716,0.0,0.0,1393.7860173457436,0.0,778.3539826542562,944.86,0.0,534.0,0,0,0.0,3651,778.3539826542564
Data,3717,0.0,0.0,1221.7247286994539,0.0,788.7752713005458,848.7,0.0,530.8,0,0,0.0,3390,788.7752713005461
Data,3718,0.0,0.0,1584.9694361908107,0.0,235.38056380918917,783.85,0.0,530.8,0,0,0.0,3135,235.3805638091893
Data,3719,0.0,0.0,1419.2719402161222,0.0,322.3080597838777,751.42,0.0,534.0,0,0,0.0,3027,322.30805978387787
Data,3720,0.0,0.0,1476.7615778008164,0.0,171.0284221991835,732.41,0.0,530.8,0,0,0.0,2911,171.02842219918364
Data,3721,0.0,0.0,1588.2002193021074,0.0,0.0,786.08,0.0,527.6,0,107.88021930210724,0.0,2794,-107.88021930210743
Data,3722,0.0,0.0,1966.7811107628709,0.0,0.0,788.32,0.0,530.8,0,588.9011107628711,0.0,2697,-588.9011107628709
Data,3723,0.0,0.0,1945.0075305013447,0.0,0.0,784.96,0.0,527.6,0,443.56753050134466,0.0,2814,-443.5675305013448
Data,3724,0.0,0.0,1677.245794934028,0.0,12.084205065971972,767.07,0.0,527.6,0,0,0.0,2984,12.0842050659719
Data,3725,0.0,0.0,1516.8145520323908,0.0,143.98544796760905,836.4,0.0,530.8,0,0,0.0,3028,143.98544796760928
Data,3726,0.0,0.0,1277.0708785562001,0.0,243.27912144380002,852.05,0.0,527.6,0,0,0.0,2900,243.2791214437999
Data,3727,-0.0,0.0,1103.0778401997,0.0,383.5221598003002,811.8,0.0,527.6,0,0,0.0,2826,383.5221598003001
Data,3728,-0.0,0.0,1167.8733751339576,0.0,328.5366248660424,792.79,0.0,530.8,0,0,0.0,2820,328.53662486604253
Data,3729,-0.0,0.0,1100.9011654402073,0.0,674.3688345597927,758.13,0.0,527.6,0,0,0.0,3061,674.3688345597927
Data,3730,-0.0,0.0,1562.3095880780256,0.0,367.19041192197426,774.9,0.0,527.6,0,0,0.0,3232,367.1904119219744
Data,3731,-0.0,0.0,1607.9632614556397,0.0,451.96673854436057,742.47,0.0,527.6,0,0,0.0,3330,451.9667385443603
Data,3732,-0.0,0.0,1597.4326098413974,0.0,515.3173901586026,734.65,0.0,527.6,0,0,0.0,3375,515.3173901586026
Data,3733,-0.0,0.0,1765.6563657539025,0.0,192.52363424609757,702.22,0.0,527.6,0,0,0.0,3188,192.52363424609746
Data,3734,-0.0,0.0,1805.7517154511536,0.0,150.53828454884646,720.11,0.0,527.6,0,0,0.0,3204,150.53828454884638
Data,3735,-0.0,0.0,1758.5501503773344,0.0,135.27984962266567,730.17,0.0,534.0,0,0,0.0,3158,135.27984962266567
Data,3736,-0.0,0.0,1429.5347600173345,0.0,423.7652399826653,774.9,0.0,530.8,0,0,0.0,3159,423.76523998266555
Data,3737,-0.0,0.0,1511.7202421265342,0.0,434.79975787346564,810.68,0.0,530.8,0,0,0.0,3288,434.79975787346586
Data,3738,-0.0,0.0,1596.7823785194341,0.0,404.43762148056555,822.98,0.0,530.8,0,0,0.0,3355,404.4376214805659
Data,3739,-0.0,0.0,1484.3720856374343,0.0,599.8779143625655,888.95,0.0,530.8,0,0,0.0,3504,599.8779143625657
Data,3740,0.0,0.0,1353.8011751082345,0.0,664.7488248917654,876.65,0.0,530.8,0,0,0.0,3426,664.7488248917656
Data,3741,0.0,0.0,1513.982554507034,0.0,354.99744549296577,825.22,0.0,530.8,0,0,0.0,3225,354.9974454929661
Data,3742,0.0,0.0,1432.4737372909344,0.0,260.2962627090657,770.43,0.0,530.8,0,0,0.0,2994,260.2962627090657
Data,3743,0.0,0.0,932.1841678117343,0.0,687.0458321882658,754.77,0.0,534.0,0,0,0.0,2908,687.0458321882658
Data,3744,0.0,0.0,1624.0881737966342,0.0,0.0,713.4,0.0,530.8,0,17.288173796634624,0.0,2851,-17.28817379663417
Data,3745,0.0,0.0,1493.699968787434,0.0,0.0,729.05,0.0,527.6,0,48.34996878743402,0.0,2702,-48.34996878743402
Data,3746,0.0,0.0,1529.4259476697343,0.0,0.0,734.65,0.0,527.6,0,99.67594766973423,0.0,2692,-99.67594766973434
Data,3747,0.0,0.0,1570.0017457329345,0.0,0.0,742.47,0.0,530.8,0,39.27174573293462,0.0,2804,-39.271745732934505
Data,3748,0.0,0.0,1630.1669204586342,0.0,54.46307954136603,754.77,0.0,527.6,0,0,0.0,2967,54.4630795413658
Data,3749,0.0,0.0,1644.2352504396345,0.0,86.2147495603657,765.95,0.0,527.6,0,0,0.0,3024,86.21474956036548
Data,3750,0.0,0.0,1265.6143721816343,0.0,302.71562781836576,767.07,0.0,527.6,0,0,0.0,2863,302.71562781836565
Data,3751,-0.0,0.0,947.3678870523341,0.0,577.8721129476661,711.16,0.0,527.6,0,0,0.0,2764,577.8721129476659
Data,3752,-0.0,0.0,665.0175682162343,0.0,1142.1124317837657,693.27,0.0,176.6,0,0,0.0,2677,1142.1124317837657
Data,3753,-0.0,0.0,415.61684229483416,0.0,1480.883157705166,651.9,0.0,176.6,0,0,0.0,2725,1480.8831577051658
Data,3754,-0.0,0.0,333.28047911243414,0.0,1720.869520887566,636.25,0.0,176.6,0,0,0.0,2867,1720.8695208875658
Data,3755,-0.0,0.0,524.1668322635342,0.0,1593.633167736466,639.6,0.0,176.6,0,0,0.0,2934,1593.6331677364658
Data,3756,-0.0,0.0,661.353359510134,0.0,1526.2166404898662,622.83,0.0,176.6,0,0,0.0,2987,1526.216640489866
Data,3757,-0.0,0.0,816.5329380146342,0.0,1374.1670619853658,602.7,0.0,176.6,0,0,0.0,2970,1374.1670619853658
Data,3758,-0.0,0.0,900.7909354166342,0.0,1268.6390645833658,631.77,0.0,179.8,0,0,0.0,2981,1268.6390645833658
Data,3759,-0.0,0.0,905.6854142199342,0.0,1258.9345857800658,650.78,0.0,176.6,0,0,0.0,2992,1258.9345857800658
Data,3760,-0.0,0.0,855.955781947434,0.0,1300.2642180525659,699.98,0.0,179.8,0,0,0.0,3036,1300.2642180525659
Data,3761,-0.0,0.0,847.4981196829341,0.0,1019.5118803170657,768.19,0.0,530.8,0,0,0.0,3166,1019.5118803170659
Data,3762,-0.0,0.0,960.8366316394342,0.0,1079.8133683605656,790.55,0.0,530.8,0,0,0.0,3362,1079.8133683605658
Data,3763,-0.0,0.0,1416.4783339944343,0.0,756.2616660055654,846.46,0.0,530.8,0,0,0.0,3550,756.2616660055658
Data,3764,0.0,0.0,1699.7341627573342,0.0,406.5358372426657,831.93,0.0,530.8,0,0,0.0,3469,406.53583724266593
Data,3765,-0.0,0.0,1586.2804941570344,0.0,337.189505842966,831.93,0.0,527.6,0,0,0.0,3283,337.1895058429657
Data,3766,0.0,0.0,1545.7782810517342,0.0,248.30171894826572,739.12,0.0,530.8,0,0,0.0,3064,248.30171894826583
Data,3767,0.0,0.0,2028.1226903515344,0.0,0.0,736.88,0.0,179.8,0,70.80269035153458,0.0,2874,-70.80269035153441
Data,3768,0.0,0.0,2112.676976093734,0.0,0.0,693.27,0.0,179.8,0,228.74697609373413,0.0,2757,-228.74697609373408
Data,3769,0.0,0.0,2263.778749530835,0.0,0.0,702.22,0.0,176.6,0,532.5987495308347,0.0,2610,-532.5987495308349
Data,3770,0.0,0.0,2146.2704551843344,0.0,0.0,667.55,0.0,176.6,0,400.4204551843342,0.0,2590,-400.4204551843344
Data,3771,0.0,0.0,2107.0999434848345,0.0,0.0,663.08,0.0,296.9742,0,347.15414348483444,0.0,2720,-347.15414348483455
Data,3772,0.0,0.0,2152.8384481063345,0.0,0.0,767.07,0.0,178.4354,0,185.3438481063323,0.0,2913,-185.3438481063345
Data,3773,0.0,0.0,2077.497650658834,0.0,20.372349341165396,733.53,0.0,176.6,0,-2.6290081223123707e-13,0.0,3008,20.372349341165915
Data,3774,0.0,0.0,1975.670280477334,0.0,72.67971952266623,710.05,0.0,176.6,0,0,0.0,2935,72.67971952266603
Data,3775,-0.0,0.0,1701.542184168134,0.0,212.68411583186582,676.5,0.0,399.2737,0,0,0.0,2990,212.68411583186588
Data,3776,-0.0,0.0,1682.337140619134,0.0,606.922859380866,654.14,0.0,176.6,0,0,0.0,3120,606.9228593808659
Data,3777,-0.0,0.0,1635.6259527324341,0.0,1009.354047267566,628.42,0.0,176.6,0,0,0.0,3450,1009.3540472675659
Data,3778,-0.0,0.0,1260.2509356966343,0.0,1552.0790643033656,644.07,0.0,176.6,0,0,0.0,3633,1552.0790643033656
Data,3779,-0.0,0.0,1664.7039296717344,0.0,1160.7460703282654,642.95,0.0,176.6,0,0,0.0,3645,1160.7460703282657
Data,3780,-0.0,0.0,1287.6939505023342,0.0,1564.986049497666,640.72,0.0,176.6,0,0,0.0,3670,1564.9860494976658
Data,3781,-0.0,0.0,1409.1895477836342,0.0,1385.920452216366,608.29,0.0,176.6,0,0,0.0,3580,1385.920452216366
Data,3782,-0.0,0.0,1117.9291483995344,0.0,1746.2408516004657,672.03,0.0,179.8,0,0,0.0,3716,1746.2408516004657
Data,3783,-0.0,0.0,1382.3516015626342,0.0,1510.298398437366,697.75,0.0,176.6,0,0,0.0,3767,1510.298398437366
Data,3784,-0.0,0.0,2268.042772371334,0.0,591.5872276286656,705.57,0.0,179.8,0,0,0.0,3745,591.5872276286657
Data,3785,-0.0,0.0,2345.606845662834,0.0,546.473154337166,739.12,0.0,179.8,0,0,0.0,3811,546.4731543371659
Data,3786,-0.0,0.0,2200.698488413734,0.0,538.4615115862658,863.24,0.0,176.6,0,0,0.0,3779,538.4615115862658
Data,3787,-0.0,0.0,2298.3267834024346,0.0,126.97321659756528,897.9,0.0,530.8,0,0,0.0,3854,126.97321659756551
Data,3788,0.0,0.0,2011.029205882934,0.0,630.6207941170654,894.55,0.0,179.8,0,0,0.0,3716,630.620794117066
Data,3789,0.0,0.0,2059.5381587788343,0.0,443.84184122116574,776.02,0.0,176.6,0,0,0.0,3456,443.84184122116574
Data,3790,0.0,0.0,2083.5420181753343,0.0,230.7279818246658,708.93,0.0,179.8,0,0,0.0,3203,230.72798182466573
Data,3791,0.0,0.0,2308.1325687722347,0.0,0.0,679.85,0.0,179.8,0,61.78256877223464,0.0,3106,-61.7825687722347
Data,3792,0.0,0.0,1798.2062118199342,0.0,543.7137881800658,638.48,0.0,25.6,0,0,0.0,3006,543.7137881800658
Data,3793,0.0,0.0,2122.7232041479347,0.0,80.43679585206519,617.24,0.0,25.6,0,0,0.0,2846,80.43679585206533
Data,3794,0.0,0.0,1948.2713025701341,0.0,192.58869742986587,629.54,0.0,25.6,0,0,0.0,2796,192.5886974298659
Data,3795,0.0,0.0,1529.1688147456343,0.0,725.6911852543659,629.54,0.0,25.6,0,0,0.0,2910,725.6911852543657
Data,3796,0.0,0.0,1733.2593196435341,0.0,560.9706803564658,730.17,0.0,25.6,0,0,0.0,3050,560.9706803564659
Data,3797,0.0,0.0,1335.0844330996342,0.0,1045.3355669003658,749.18,0.0,22.4,0,0,0.0,3152,1045.3355669003658
Data,3798,0.0,0.0,1395.401454545834,0.0,946.0785454541659,689.92,0.0,25.6,0,0,0.0,3057,946.078545454166
Data,3799,-0.0,0.0,1022.7910501295341,0.0,1505.9089498704657,602.7,0.0,25.6,0,0,0.0,3157,1505.908949870466
Data,3800,-0.0,0.0,657.0163536721342,0.0,2019.7336463278657,611.65,0.0,25.6,0,0,0.0,3314,2019.733646327866
Data,3801,-0.0,0.0,995.6785209328342,0.0,2028.3914790671656,610.53,0.0,22.4,0,0,0.0,3657,2028.3914790671658
Data,3802,-0.0,0.0,1329.324627611134,0.0,1973.195372388866,613.88,0.0,25.6,0,0,0.0,3942,1973.195372388866
Data,3803,-0.0,0.0,801.7011635995343,0.0,2407.0,622.83,0.0,22.4,0,-58.06883640046544,0.0,3912,2465.0688364004654
Data,3804,-0.0,0.0,714.7782239488341,0.0,2407.0,618.35,0.0,25.6,0,-145.27177605116606,0.0,3911,2552.271776051166
Data,3805,-0.0,0.0,1269.875279260134,0.0,1860.664720739866,575.86,0.0,25.6,0,0,0.0,3732,1860.664720739866
Data,3806,-0.0,0.0,1813.3681265270343,0.0,1400.4018734729657,647.43,0.0,28.8,0,0,0.0,3890,1400.4018734729657
Data,3807,-0.0,0.0,1384.2564207039345,0.0,1812.0935792960659,710.05,0.0,25.6,0,0,0.0,3932,1812.0935792960656
Data,3808,-0.0,0.0,1654.319867964734,0.0,1413.260132035266,800.62,0.0,28.8,0,0,0.0,3897,1413.260132035266
Data,3809,-0.0,0.0,2015.6180904711346,0.0,1061.5119095288655,816.27,0.0,25.6,0,0,0.0,3919,1061.5119095288655
Data,3810,-0.0,0.0,2205.0926489201343,0.0,632.1173510798659,891.19,0.0,176.6,0,0,0.0,3905,632.1173510798657
Data,3811,-0.0,0.0,2335.7414642594345,0.0,570.3885357405653,890.07,0.0,179.8,0,0,0.0,3976,570.3885357405654
Data,3812,0.0,0.0,2324.5841525794344,0.0,466.1658474205657,876.65,0.0,176.6,0,0,0.0,3844,466.16584742056557
Data,3813,0.0,0.0,2293.589180205435,0.0,379.2808197945652,733.53,0.0,176.6,0,0,0.0,3583,379.2808197945652
Data,3814,0.0,0.0,2337.6412989054347,0.0,205.71870109456506,641.84,0.0,179.8,0,0,0.0,3365,205.71870109456523
Data,3815,0.0,0.0,2353.4594368764347,0.0,0.0,618.35,0.0,176.6,0,6.40943687643437,0.0,3142,-6.4094368764346825
Data,3816,0.0,0.0,2424.1551887294345,0.0,0.0,585.93,0.0,179.8,0,163.8851887294344,0.0,3026,-163.88518872943445
Data,3817,0.0,0.0,2406.2658014764343,0.0,0.0,593.75,0.0,173.4,0,309.41580147643424,0.0,2864,-309.41580147643424
Data,3818,0.0,0.0,2069.1659854036343,0.0,3.534014596365637,602.7,0.0,176.6,0,0,0.0,2852,3.5340145963656653
Data,3819,0.0,0.0,1513.616361273634,0.0,415.6185387263657,626.18,0.0,382.5851,0,0,0.0,2938,415.61853872636595
Data,3820,0.0,0.0,1373.0810707093342,0.0,561.768929290666,667.55,0.0,527.6,0,0,0.0,3130,561.7689292906658
Data,3821,0.0,0.0,2187.891259359434,0.0,0.0,707.81,0.0,527.6,0,249.30125935943386,0.0,3174,-249.30125935943408
Data,3822,0.0,0.0,1997.0536508354344,0.0,0.0,687.68,0.0,527.6,0,169.333650835434,0.0,3043,-169.33365083543436
Data,3823,-0.0,0.0,1085.3792159029817,0.0,789.5607840970183,649.66,0.0,524.4,0,0,0.0,3049,789.5607840970183
Data,3824,-0.0,0.0,1823.3427341364722,0.0,522.2172658635277,641.84,0.0,176.6,0,0,0.0,3164,522.2172658635277
Data,3825,-0.0,0.0,1806.7441273556615,0.0,800.5058726443386,673.15,0.0,176.6,0,0,0.0,3457,800.5058726443385
Data,3826,-0.0,0.0,1838.6734927149294,0.0,1083.5265072850705,664.2,0.0,176.6,0,0,0.0,3763,1083.5265072850707
Data,3827,-0.0,0.0,1847.9006314428882,0.0,1168.5993685571118,651.9,0.0,176.6,0,0,0.0,3845,1168.5993685571118
Data,3828,-0.0,0.0,1913.676107663818,0.0,830.4738923361822,636.25,0.0,527.6,0,0,0.0,3908,830.4738923361821
Data,3829,-0.0,0.0,1872.3888129334555,0.0,895.3410870665443,615.0,0.0,317.2701,0,0,0.0,3700,895.3410870665446
Data,3830,-0.0,0.0,2024.581266652734,0.0,665.2480333472657,658.61,0.0,496.5607,0,0,0.0,3845,665.248033347266
Data,3831,-0.0,0.0,2500.5264074983343,0.0,73.86359250166572,707.81,0.0,530.8,0,0,0.0,3813,73.86359250166583
Data,3832,-0.0,0.0,2455.634187694134,0.0,75.89581230586566,791.67,0.0,530.8,0,0,0.0,3854,75.89581230586589
Data,3833,-0.0,0.0,2547.271898600234,0.0,0.0,836.4,0.0,527.6,0,8.271898600234067,0.0,3903,-8.27189860023418
Data,3834,-0.0,0.0,2339.5853610644344,0.0,143.6146389355655,861.0,0.0,530.8,0,0,0.0,3875,143.6146389355656
Data,3835,-0.0,0.0,2195.329321586334,0.0,340.1106784136656,858.76,0.0,530.8,0,0,0.0,3925,340.11067841366594
Data,3836,0.0,0.0,2571.766217376334,0.0,0.0,835.28,0.0,530.8,0,159.84621737633404,0.0,3778,-159.84621737633415
Data,3837,0.0,0.0,2576.6485096752344,0.0,0.0,740.24,0.0,527.6,0,317.48850967523447,0.0,3527,-317.48850967523447
Data,3838,0.0,0.0,2230.9573435174343,0.0,0.0,625.06,0.0,530.8,0,104.81734351743432,0.0,3282,-104.81734351743421
Data,3839,0.0,0.0,1827.1241625207344,0.0,213.12583747926544,519.95,0.0,530.8,0,0,0.0,3091,213.12583747926556
Data,3840,0.0,0.0,1098.696088642234,0.0,870.2639113577658,494.24,0.0,530.8,0,0,0.0,2994,870.2639113577661
Data,3841,0.0,0.0,1399.280644935934,0.0,371.75935506406574,514.36,0.0,527.6,0,0,0.0,2813,371.75935506406586
Data,3842,0.0,0.0,1722.1374457969341,0.0,266.12985420306575,512.13,0.0,281.6027,0,0,0.0,2782,266.12985420306586
Data,3843,0.0,0.0,1208.255083422634,0.0,529.794916577366,599.35,0.0,527.6,0,0,0.0,2865,529.7949165773659
Data,3844,0.0,0.0,1915.3715982078343,0.0,0.0,610.53,0.0,527.6,0,26.501598207834263,0.0,3027,-26.501598207834263
Data,3845,0.0,0.0,1973.246934337334,0.0,0.0,613.88,0.0,527.6,0,25.726934337334228,0.0,3089,-25.726934337334114
Data,3846,0.0,0.0,2110.0827376573343,0.0,0.0,585.93,0.0,527.6,0,271.6127376573339,0.0,2952,-271.61273765733426
Data,3847,-0.0,0.0,2052.364392018838,0.0,0.0,556.85,0.0,527.6,0,172.8143920188375,0.0,2964,-172.8143920188379
Data,3848,-0.0,0.0,2100.1779869406178,0.0,0.0,569.15,0.0,527.6,0,137.92798694061787,0.0,3059,-137.92798694061776
Data,3849,-0.0,0.0,2380.044598495132,0.0,0.0,528.9,0.0,527.6,0,110.54459849513196,0.0,3326,-110.54459849513205
Data,3850,-0.0,0.0,2151.9636557068648,0.0,416.00634429313567,524.43,0.0,527.6,0,0,0.0,3620,416.00634429313527
Data,3851,-0.0,0.0,2214.3278998388073,0.0,446.13210016119257,531.14,0.0,524.4,0,0,0.0,3716,446.13210016119274
Data,3852,-0.0,0.0,2315.272237700839,0.0,412.3477622991607,527.78,0.0,527.6,0,0,0.0,3783,412.347762299161
Data,3853,-0.0,0.0,1848.4989680812546,0.0,748.7310319187455,484.17,0.0,527.6,0,0,0.0,3609,748.7310319187454
Data,3854,-0.0,0.0,1956.1616602043307,0.0,744.4883397956689,519.95,0.0,524.4,0,0,0.0,3745,744.4883397956693
Data,3855,-0.0,0.0,2142.5478440145093,0.0,542.2721559854904,552.38,0.0,530.8,0,0,0.0,3768,542.2721559854907
Data,3856,-0.0,0.0,2120.49149244991,0.0,557.6385075500903,570.27,0.0,527.6,0,0,0.0,3776,557.6385075500901
Data,3857,-0.0,0.0,1985.5345769387616,0.0,624.5654230612383,701.1,0.0,530.8,0,0,0.0,3842,624.5654230612384
Data,3858,-0.0,0.0,1865.5145833405752,0.0,617.0854166594247,762.6,0.0,530.8,0,0,0.0,3776,617.0854166594248
Data,3859,-0.0,0.0,1949.6279269528345,0.0,605.4520730471655,788.32,0.0,527.6,0,0,0.0,3871,605.4520730471654
Data,3860,0.0,0.0,1918.7753487788345,0.0,455.74465122116555,810.68,0.0,530.8,0,0,0.0,3716,455.74465122116555
Data,3861,0.0,0.0,1793.0790678554345,0.0,379.7109321445656,732.41,0.0,530.8,0,0,0.0,3436,379.7109321445656
Data,3862,0.0,0.0,1752.0883664573344,0.0,320.4316335426655,613.88,0.0,527.6,0,0,0.0,3214,320.4316335426656
Data,3863,0.0,0.0,1856.3239955230376,0.0,138.2860044769622,497.59,0.0,530.8,0,0,0.0,3023,138.28600447696243
Data,3864,0.0,0.0,1899.140074840391,0.0,0.0,494.24,0.0,530.8,0,24.18007484039107,0.0,2900,-24.180074840390944
Data,3865,0.0,0.0,1881.118040206777,0.0,0.0,483.05,0.0,527.6,0,128.76804020677693,0.0,2763,-128.76804020677713
Data,3866,0.0,0.0,1809.2981751922034,0.0,0.0,490.88,0.0,527.6,0,85.7781751922035,0.0,2742,-85.77817519220343
Data,3867,0.0,0.0,1980.113040840106,0.0,0.0,524.43,0.0,527.6,0,200.14304084010556,0.0,2832,-200.14304084010587
Data,3868,0.0,0.0,2132.4625062185733,0.0,0.0,516.6,0.0,527.6,0,165.66250621857304,0.0,3011,-165.6625062185733
Data,3869,0.0,0.0,2457.5486511140307,0.0,0.0,591.52,0.0,527.6,0,506.6686511140308,0.0,3070,-506.6686511140307
Data,3870,0.0,0.0,2415.832464722086,0.0,0.0,598.23,0.0,527.6,0,583.6624647220859,0.0,2958,-583.6624647220862
Data,3871,-0.0,0.0,2387.231882712079,0.0,0.0,503.18,0.0,527.6,0,413.011882712079,0.0,3005,-413.01188271207894
Data,3872,-0.0,0.0,2295.053439704722,0.0,0.0,478.58,0.0,527.6,0,242.23343970472214,0.0,3059,-242.23343970472223
Data,3873,-0.0,0.0,2166.7487084748163,0.0,180.02129152518341,450.63,0.0,527.6,0,0,0.0,3325,180.02129152518364
Data,3874,-0.0,0.0,1594.4748017865743,0.0,983.8051982134259,493.12,0.0,527.6,0,0,0.0,3599,983.8051982134257
Data,3875,-0.0,0.0,1328.8084261212168,0.0,1414.9515738787834,469.64,0.0,527.6,0,0,0.0,3741,1414.9515738787832
Data,3876,-0.0,0.0,1135.181099228807,0.0,1701.2889007711933,462.93,0.0,527.6,0,0,0.0,3827,1701.288900771193
Data,3877,-0.0,0.0,904.1076760166591,0.0,1769.5023239833406,472.99,0.0,524.4,0,0,0.0,3671,1769.5023239833408
Data,3878,-0.0,0.0,904.3923392053222,0.0,1894.4576607946783,525.55,0.0,527.6,0,0,0.0,3852,1894.4576607946778
Data,3879,-0.0,0.0,660.6716780094505,0.0,2091.9383219905494,546.79,0.0,527.6,0,0,0.0,3827,2091.9383219905494
Data,3880,-0.0,0.0,660.8495642404985,0.0,2000.2804357595012,644.07,0.0,530.8,0,0,0.0,3836,2000.2804357595014
Data,3881,-0.0,0.0,698.1554249045222,0.0,1932.644575095478,762.6,0.0,527.6,0,0,0.0,3921,1932.6445750954776
Data,3882,-0.0,0.0,843.201668613121,0.0,1730.178331386879,776.02,0.0,527.6,0,0,0.0,3877,1730.178331386879
Data,3883,-0.0,0.0,1067.6535185006974,0.0,1515.4564814993023,805.09,0.0,530.8,0,0,0.0,3919,1515.4564814993028
Data,3884,0.0,0.0,1340.7333576429755,0.0,1071.2566423570242,806.21,0.0,530.8,0,0,0.0,3749,1071.2566423570245
Data,3885,-0.0,0.0,1417.7387186056067,0.0,850.2112813943932,704.45,0.0,527.6,0,0,0.0,3500,850.2112813943933
Data,3886,0.0,0.0,1529.1896884555094,0.0,651.5103115444903,553.5,0.0,530.8,0,0,0.0,3265,651.5103115444906
Data,3887,0.0,0.0,1474.3569921210524,0.0,631.4730078789474,459.57,0.0,527.6,0,0,0.0,3093,631.4730078789476
Data,3888,0.0,0.0,1370.4252468762102,0.0,638.9047531237899,471.87,0.0,530.8,0,0,0.0,3012,638.9047531237899
Data,3889,0.0,0.0,1045.754535112916,0.0,792.8354648870841,461.81,0.0,527.6,0,0,0.0,2828,792.8354648870838
Data,3890,0.0,0.0,894.6041808731811,0.0,898.525819126819,447.27,0.0,527.6,0,0,0.0,2768,898.5258191268189
Data,3891,0.0,0.0,870.4926762008032,0.0,963.4073237991967,479.7,0.0,524.4,0,0,0.0,2838,963.4073237991968
Data,3892,0.0,0.0,1171.3295981522226,0.0,776.0404018477774,549.03,0.0,527.6,0,0,0.0,3024,776.0404018477774
Data,3893,0.0,0.0,1445.4790362636722,0.0,497.280963736328,592.64,0.0,527.6,0,0,0.0,3063,497.28096373632775
Data,3894,0.0,0.0,1420.1114007913473,0.0,396.6585992086526,573.63,0.0,527.6,0,0,0.0,2918,396.65859920865273
Data,3895,-0.0,0.0,761.0111374053446,0.0,1005.4988625946556,509.89,0.0,527.6,0,0,0.0,2804,1005.4988625946554
Data,3896,-0.0,0.0,655.9315277919,0.0,1474.6084722081,452.86,0.0,176.6,0,0,0.0,2760,1474.6084722081
Data,3897,-0.0,0.0,615.3142703769289,0.0,1640.835729623071,439.45,0.0,173.4,0,0,0.0,2869,1640.835729623071
Data,3898,-0.0,0.0,638.6272382086372,0.0,1838.8127617913628,415.96,0.0,176.6,0,0,0.0,3070,1838.8127617913628
Data,3899,-0.0,0.0,656.8232743194372,0.0,1898.266725680563,400.31,0.0,176.6,0,0,0.0,3132,1898.2667256805628
Data,3900,-0.0,0.0,674.8611801477805,0.0,1937.6388198522195,405.9,0.0,176.6,0,0,0.0,3195,1937.6388198522195
Data,3901,-0.0,0.0,647.9390213785282,0.0,1897.8709786214717,374.59,0.0,176.6,0,0,0.0,3097,1897.8709786214717
Data,3902,-0.0,0.0,633.3020885585805,0.0,1894.3879114414194,375.71,0.0,176.6,0,0,0.0,3080,1894.3879114414194
Data,3903,-0.0,0.0,640.9727559366141,0.0,1787.4372440633856,423.79,0.0,179.8,0,0,0.0,3032,1787.4372440633858
Data,3904,-0.0,0.0,1451.247246758862,0.0,983.3127532411379,469.64,0.0,179.8,0,0,0.0,3084,983.3127532411379
Data,3905,-0.0,0.0,1698.4203891114075,0.0,343.0696108885923,621.71,0.0,530.8,0,0,0.0,3194,343.0696108885925
Data,3906,-0.0,0.0,1498.4900824611068,0.0,539.1299175388931,724.58,0.0,530.8,0,0,0.0,3293,539.1299175388932
Data,3907,-0.0,0.0,1659.520653795068,0.0,528.0993462049317,724.58,0.0,530.8,0,0,0.0,3443,528.099346204932
Data,3908,0.0,0.0,1756.7605629724626,0.0,396.4294370275375,683.21,0.0,527.6,0,0,0.0,3364,396.42943702753735
Data,3909,0.0,0.0,1970.3783262435547,0.0,71.72167375644523,578.1,0.0,530.8,0,0,0.0,3151,71.72167375644528
Data,3910,0.0,0.0,2192.118973315237,0.0,0.0,497.59,0.0,530.8,0,275.5089733152372,0.0,2945,-275.5089733152368
Data,3911,0.0,0.0,1958.3698941515029,0.0,0.0,438.33,0.0,530.8,0,87.49989415150294,0.0,2840,-87.49989415150282
Data,3912,0.0,0.0,2308.2815599089363,0.0,0.0,457.34,0.0,530.8,0,550.4215599089366,0.0,2746,-550.4215599089362
Data,3913,0.0,0.0,2398.9381510871,0.0,0.0,438.33,0.0,176.6,0,411.8681510870997,0.0,2602,-411.8681510870998
Data,3914,0.0,0.0,2276.284473638237,0.0,0.0,443.92,0.0,176.6,0,306.80447363823714,0.0,2590,-306.80447363823714
Data,3915,0.0,0.0,2205.4848232071,0.0,0.0,500.95,0.0,176.6,0,219.03482320709986,0.0,2664,-219.0348232070999
Data,3916,0.0,0.0,2243.7951388734,0.0,0.0,555.74,0.0,176.6,0,124.13513887340014,0.0,2852,-124.1351388734
Data,3917,0.0,0.0,2177.6776468002995,0.0,0.0,581.45,0.0,176.6,0,40.72764680029968,0.0,2895,-40.72764680029954
Data,3918,0.0,0.0,2073.9044803563,0.0,0.0,519.95,0.0,176.6,0,31.45448035630011,0.0,2739,-31.454480356300195
Data,3919,-0.0,0.0,1644.1653786227,0.0,317.88462137730016,476.35,0.0,176.6,0,0,0.0,2615,317.88462137729994
Data,3920,-0.0,0.0,1513.3700303552,0.0,643.8799696448,427.15,0.0,25.6,0,0,0.0,2610,643.8799696448
Data,3921,-0.0,0.0,1215.7859628532,0.0,1064.7340371468,417.08,0.0,22.4,0,0,0.0,2720,1064.7340371468
Data,3922,-0.0,0.0,886.6248870575013,0.0,1577.2951129424987,392.48,0.0,25.6,0,0,0.0,2882,1577.2951129424987
Data,3923,-0.0,0.0,636.3100394477882,0.0,1915.909960552212,380.18,0.0,25.6,0,0,0.0,2958,1915.9099605522117
Data,3924,-0.0,0.0,781.6625137935048,0.0,1803.867486206495,398.07,0.0,22.4,0,0,0.0,3006,1803.8674862064952
Data,3925,-0.0,0.0,1041.428346351745,0.0,1533.381653648255,374.59,0.0,25.6,0,0,0.0,2975,1533.381653648255
Data,3926,-0.0,0.0,1184.9484258676157,0.0,1329.1015741323845,372.35,0.0,25.6,0,0,0.0,2912,1329.1015741323843
Data,3927,-0.0,0.0,1379.7394727397525,0.0,1060.8105272602477,414.85,0.0,25.6,0,0,0.0,2881,1060.8105272602475
Data,3928,-0.0,0.0,1683.9772850646941,0.0,788.0727149353056,446.15,0.0,28.8,0,0,0.0,2947,788.072714935306
Data,3929,-0.0,0.0,1673.7790741897857,0.0,707.3709258102143,532.25,0.0,176.6,0,0,0.0,3090,707.3709258102143
Data,3930,-0.0,0.0,1734.6724066057375,0.0,368.74759339426254,650.78,0.0,530.8,0,0,0.0,3285,368.7475933942626
Data,3931,-0.0,0.0,1874.6967631076345,0.0,741.3732368923658,684.33,0.0,176.6,0,0,0.0,3477,741.3732368923654
Data,3932,0.0,0.0,1875.8694835876345,0.0,326.3705164123654,661.96,0.0,530.8,0,0,0.0,3395,326.37051641236553
Data,3933,0.0,0.0,2098.0480109199343,0.0,0.0,584.81,0.0,530.8,0,8.658010919934554,0.0,3205,-8.658010919934213
Data,3934,0.0,0.0,2014.1305968658344,0.0,0.31940313416555455,470.75,0.0,530.8,0,0,0.0,3016,0.31940313416566823
Data,3935,0.0,0.0,2332.8952782537344,0.0,0.0,447.27,0.0,527.6,0,479.7652782537342,0.0,2828,-479.76527825373444
Data,3936,0.0,0.0,2354.8197917074344,0.0,0.0,458.45,0.0,275.5023,0,358.77209170743447,0.0,2730,-358.7720917074344
Data,3937,0.0,0.0,2243.6066381548344,0.0,0.0,437.21,0.0,527.6,0,630.4166381548342,0.0,2578,-630.4166381548343
Data,3938,0.0,0.0,2332.8952782537344,0.0,0.0,447.27,0.0,176.6,0,380.7652782537342,0.0,2576,-380.76527825373444
Data,3939,0.0,0.0,2178.2247496928344,0.0,0.0,528.9,0.0,176.6,0,182.72474969283428,0.0,2701,-182.72474969283437
Data,3940,0.0,0.0,2044.7703803976342,0.0,0.0,572.51,0.0,524.4,0,258.6803803976344,0.0,2883,-258.68038039763417
Data,3941,0.0,0.0,2353.692327152434,0.0,0.0,523.31,0.0,313.7489,0,218.75122715243376,0.0,2972,-218.75122715243373
Data,3942,0.0,0.0,2339.1395385964342,0.0,0.0,531.14,0.0,176.6,0,166.87953859643392,0.0,2880,-166.87953859643423
Data,3943,-0.0,0.0,1841.383882882809,0.0,85.44611711719101,459.57,0.0,527.6,0,0,0.0,2914,85.44611711719091
Data,3944,-0.0,0.0,1678.4527754017793,0.0,734.8772245982207,398.07,0.0,176.6,0,0,0.0,2988,734.8772245982208
Data,3945,-0.0,0.0,1283.7347613340926,0.0,1460.6852386659075,380.18,0.0,173.4,0,0,0.0,3298,1460.6852386659075
Data,3946,-0.0,0.0,908.5778214974629,0.0,2127.992178502537,376.83,0.0,176.6,0,0,0.0,3590,2127.992178502537
Data,3947,-0.0,0.0,794.1049037684752,0.0,2339.2550962315245,371.24,0.0,173.4,0,0,0.0,3678,2339.255096231525
Data,3948,-0.0,0.0,650.0220912317307,0.0,2407.0,362.29,0.0,176.6,0,-151.08790876826947,0.0,3747,2558.0879087682692
Data,3949,-0.0,0.0,725.7158348443079,0.0,2235.534165155692,353.35,0.0,173.4,0,0,0.0,3488,2235.534165155692
Data,3950,-0.0,0.0,770.0731429158961,0.0,2322.846857084104,392.48,0.0,176.6,0,0,0.0,3662,2322.8468570841037
Data,3951,-0.0,0.0,1051.0692699449748,0.0,1987.470730055025,452.86,0.0,176.6,0,0,0.0,3668,1987.4707300550251
Data,3952,-0.0,0.0,1355.8400235638985,0.0,1657.4499764361015,547.91,0.0,179.8,0,0,0.0,3741,1657.4499764361015
Data,3953,-0.0,0.0,1601.0487091695566,0.0,1005.9612908304438,694.39,0.0,527.6,0,0,0.0,3829,1005.9612908304434
Data,3954,-0.0,0.0,1816.4651759415738,0.0,732.2848240584262,734.65,0.0,527.6,0,0,0.0,3811,732.2848240584262
Data,3955,-0.0,0.0,1925.8858791088487,0.0,665.5941208911509,763.72,0.0,530.8,0,0,0.0,3886,665.5941208911513
Data,3956,0.0,0.0,1886.1651093294113,0.0,567.944890670589,731.29,0.0,527.6,0,0,0.0,3713,567.9448906705887
Data,3957,0.0,0.0,1946.0018107283418,0.0,421.81818927165796,552.38,0.0,530.8,0,0,0.0,3451,421.8181892716583
Data,3958,0.0,0.0,2041.3731141801857,0.0,168.78688581981413,494.24,0.0,527.6,0,0,0.0,3232,168.7868858198143
Data,3959,0.0,0.0,2195.820170245856,0.0,0.0,420.44,0.0,530.8,0,74.06017024585634,0.0,3073,-74.06017024585589
Data,3960,0.0,0.0,2030.5970519352104,0.0,0.0,415.96,0.0,527.6,0,29.157051935210422,0.0,2945,-29.157051935210404
Data,3961,0.0,0.0,2077.2171319415534,0.0,0.0,409.25,0.0,527.6,0,207.0671319415532,0.0,2807,-207.06713194155338
Data,3962,0.0,0.0,1983.2291060343334,0.0,0.0,404.78,0.0,524.4,0,139.40910603433358,0.0,2773,-139.40910603433338
Data,3963,0.0,0.0,2214.729246346532,0.0,0.0,426.03,0.0,527.6,0,285.359246346532,0.0,2883,-285.3592463465319
Data,3964,0.0,0.0,2148.8472540731814,0.0,0.0,489.76,0.0,527.6,0,113.20725407318146,0.0,3053,-113.20725407318139
Data,3965,0.0,0.0,2051.2365660975665,0.0,48.60343390243361,489.76,0.0,524.4,0,0,0.0,3114,48.603433902433494
Data,3966,0.0,0.0,2028.3973317576665,0.0,21.362668242333623,469.64,0.0,527.6,0,0,0.0,3047,21.362668242333484
Data,3967,-0.0,0.0,1993.2781101274002,0.0,218.5818898725995,432.74,0.0,524.4,0,0,0.0,3169,218.58188987259985
Data,3968,-0.0,0.0,1572.2687295779638,0.0,802.5412704220362,374.59,0.0,527.6,0,0,0.0,3277,802.5412704220362
Data,3969,-0.0,0.0,1079.9952891404987,0.0,1602.3547108595012,390.25,0.0,524.4,0,0,0.0,3597,1602.3547108595012
Data,3970,-0.0,0.0,868.1281493247642,0.0,1915.7818506752355,411.49,0.0,527.6,0,0,0.0,3723,1915.7818506752358
Data,3971,-0.0,0.0,1008.6384678946501,0.0,1682.24153210535,517.72,0.0,524.4,0,0,0.0,3733,1682.24153210535
Data,3972,-0.0,0.0,1235.7562272869955,0.0,1501.9437727130044,528.9,0.0,524.4,0,0,0.0,3791,1501.9437727130046
Data,3973,-0.0,0.0,1468.0799472852532,0.0,1225.0000527147467,419.32,0.0,527.6,0,0,0.0,3640,1225.0000527147467
Data,3974,-0.0,0.0,1981.6606815782263,0.0,919.1193184217738,431.62,0.0,527.6,0,0,0.0,3860,919.1193184217736
Data,3975,-0.0,0.0,1988.3340984749825,0.0,806.3659015250179,479.7,0.0,527.6,0,0,0.0,3802,806.3659015250175
Data,3976,-0.0,0.0,2094.3299933698936,0.0,740.8900066301067,503.18,0.0,527.6,0,0,0.0,3866,740.8900066301064
Data,3977,-0.0,0.0,2363.225298556418,0.0,501.18470144358207,595.99,0.0,527.6,0,0,0.0,3988,501.1847014435822
Data,3978,-0.0,0.0,2375.2345732700214,0.0,349.5154267299784,685.45,0.0,530.8,0,0,0.0,3941,349.51542672997857
Data,3979,-0.0,0.0,2533.7644280400555,0.0,259.8955719599446,678.74,0.0,527.6,0,0,0.0,4000,259.8955719599445
Data,3980,0.0,0.0,2471.6769621485314,0.0,205.01303785146874,621.71,0.0,527.6,0,0,0.0,3826,205.01303785146854
Data,3981,0.0,0.0,2534.438472422723,0.0,0.5115275772770644,513.25,0.0,530.8,0,0,0.0,3579,0.5115275772770929
Data,3982,0.0,0.0,2552.4158987773653,0.0,0.0,418.2,0.0,527.6,0,215.21589877736528,0.0,3283,-215.21589877736534
Data,3983,0.0,0.0,2554.5072100486277,0.0,0.0,415.96,0.0,530.8,0,431.2672100486278,0.0,3070,-431.26721004862765
Data,3984,0.0,0.0,2550.978122278373,0.0,0.0,417.08,0.0,527.6,0,525.6581222783727,0.0,2970,-525.6581222783732
Data,3985,0.0,0.0,2524.1846502576814,0.0,0.0,390.25,0.0,527.6,0,612.0346502576812,0.0,2830,-612.0346502576814
Data,3986,0.0,0.0,2051.6457165407387,0.0,0.0,393.6,0.0,527.6,0,226.84571654073838,0.0,2746,-226.84571654073875
Data,3987,0.0,0.0,1813.4546693335344,0.0,71.41533066646547,413.73,0.0,524.4,0,0,0.0,2823,71.4153306664656
Data,3988,0.0,0.0,1743.2880381413606,0.0,237.05196185863946,502.06,0.0,527.6,0,0,0.0,3010,237.05196185863934
Data,3989,0.0,0.0,1787.9721747001247,0.0,224.7278252998751,528.9,0.0,524.4,0,0,0.0,3066,224.72782529987535
Data,3990,0.0,0.0,1383.2410638063188,0.0,612.8089361936815,476.35,0.0,527.6,0,0,0.0,3000,612.8089361936811
Data,3991,-0.0,0.0,969.5447092846,0.0,1048.1852907154,422.67,0.0,527.6,0,0,0.0,2968,1048.1852907154
Data,3992,-0.0,0.0,840.4449381638511,0.0,1623.805061836149,372.35,0.0,173.4,0,0,0.0,3010,1623.8050618361488
Data,3993,-0.0,0.0,828.805695126475,0.0,1550.304304873525,362.29,0.0,527.6,0,0,0.0,3269,1550.3043048735249
Data,3994,-0.0,0.0,853.4752764283264,0.0,2043.3947235716735,364.53,0.0,176.6,0,0,0.0,3438,2043.3947235716737
Data,3995,-0.0,0.0,911.3599644757034,0.0,1651.4600355242967,355.58,0.0,527.6,0,0,0.0,3446,1651.4600355242967
Data,3996,-0.0,0.0,903.3768516883154,0.0,1992.4431483116848,355.58,0.0,176.6,0,0,0.0,3428,1992.4431483116846
Data,3997,-0.0,0.0,1014.1581603454341,0.0,1699.9618396545657,343.28,0.0,176.6,0,0,0.0,3234,1699.961839654566
Data,3998,-0.0,0.0,850.2316656029751,0.0,1632.9983343970248,361.17,0.0,527.6,0,0,0.0,3372,1632.9983343970248
Data,3999,-0.0,0.0,1327.640655253715,0.0,1119.9493447462846,412.61,0.0,530.8,0,0,0.0,3391,1119.949344746285
Data,4000,-0.0,0.0,1437.6463380294063,0.0,997.4336619705936,493.12,0.0,530.8,0,0,0.0,3459,997.4336619705938
Data,4001,-0.0,0.0,1598.8071344781001,0.0,859.1528655218999,617.24,0.0,530.8,0,0,0.0,3606,859.1528655218999
Data,4002,-0.0,0.0,1553.0218138172002,0.0,915.3281861827998,660.85,0.0,530.8,0,0,0.0,3660,915.3281861827999
Data,4003,-0.0,0.0,1663.859124010761,0.0,838.660875989239,687.68,0.0,530.8,0,0,0.0,3721,838.6608759892391
Data,4004,-0.0,0.0,1656.6521129032699,0.0,784.7278870967297,603.82,0.0,530.8,0,0,0.0,3576,784.7278870967301
Data,4005,0.0,0.0,1591.5734480884767,0.0,698.1965519115234,524.43,0.0,530.8,0,0,0.0,3345,698.1965519115234
Data,4006,0.0,0.0,1595.1084130334984,0.0,533.9315869665014,465.16,0.0,530.8,0,0,0.0,3125,533.9315869665015
Data,4007,0.0,0.0,1359.0113338670317,0.0,634.8686661329683,419.32,0.0,530.8,0,0,0.0,2944,634.8686661329684
Data,4008,0.0,0.0,1559.6328857642766,0.0,346.37711423572307,399.19,0.0,530.8,0,0,0.0,2836,346.37711423572347
Data,4009,0.0,0.0,1958.9441087716923,0.0,0.0,389.13,0.0,524.4,0,203.47410877169247,0.0,2669,-203.47410877169227
Data,4010,0.0,0.0,1700.7462591975416,0.0,22.05374080245861,393.6,0.0,527.6,0,0,0.0,2644,22.05374080245838
Data,4011,0.0,0.0,1554.9144922383,0.0,268.87550776169996,412.61,0.0,527.6,0,0,0.0,2764,268.87550776169996
Data,4012,0.0,0.0,1542.5498132889636,0.0,398.5001867110365,495.35,0.0,527.6,0,0,0.0,2964,398.50018671103635
Data,4013,0.0,0.0,1354.6986027999,0.0,637.8013972000999,528.9,0.0,527.6,0,0,0.0,3049,637.8013972000999
Data,4014,0.0,0.0,1422.4493009729001,0.0,479.13069902710004,480.82,0.0,527.6,0,0,0.0,2910,479.13069902709987
Data,4015,-0.0,0.0,1400.3080303091,0.0,526.1319696909,415.96,0.0,527.6,0,0,0.0,2870,526.1319696909
Data,4016,-0.0,0.0,1225.0687271099,0.0,835.7112728900997,357.82,0.0,524.4,0,0,0.0,2943,835.7112728901
Data,4017,-0.0,0.0,1224.1214738282,0.0,1072.1685261718,351.11,0.0,527.6,0,0,0.0,3175,1072.1685261718
Data,4018,-0.0,0.0,873.8509026491,0.0,1664.4590973508998,313.09,0.0,527.6,0,0,0.0,3379,1664.4590973509
Data,4019,-0.0,0.0,889.7780809483919,0.0,1753.011919051608,289.61,0.0,527.6,0,0,0.0,3460,1753.011919051608
Data,4020,-0.0,0.0,854.9300820587302,0.0,1823.5899179412697,294.08,0.0,524.4,0,0,0.0,3497,1823.5899179412697
Data,4021,-0.0,0.0,921.9103755415125,0.0,1553.4696244584877,284.02,0.0,527.6,0,0,0.0,3287,1553.4696244584875
Data,4022,-0.0,0.0,895.3518697012239,0.0,1712.098130298776,347.75,0.0,530.8,0,0,0.0,3486,1712.0981302987761
Data,4023,-0.0,0.0,838.3115479394381,0.0,1757.9684520605615,443.92,0.0,530.8,0,0,0.0,3571,1757.968452060562
Data,4024,-0.0,0.0,823.6670789714929,0.0,1720.0729210285074,526.66,0.0,527.6,0,0,0.0,3598,1720.0729210285072
Data,4025,-0.0,0.0,790.2949506846303,0.0,1728.4150493153697,657.49,0.0,530.8,0,0,0.0,3707,1728.4150493153697
Data,4026,-0.0,0.0,894.1117718670364,0.0,1601.5182281329633,705.57,0.0,530.8,0,0,0.0,3732,1601.5182281329635
Data,4027,-0.0,0.0,1183.875277740734,0.0,1349.5047222592657,726.82,0.0,530.8,0,0,0.0,3791,1349.5047222592661
Data,4028,-0.0,0.0,1016.575464124493,0.0,1422.8145358755073,634.01,0.0,527.6,0,0,0.0,3601,1422.8145358755069
Data,4029,-0.0,0.0,890.9969441251023,0.0,1361.5730558748974,573.63,0.0,530.8,0,0,0.0,3357,1361.5730558748978
Data,4030,-0.0,0.0,824.3434354626402,0.0,1284.1465645373596,498.71,0.0,530.8,0,0,0.0,3138,1284.1465645373598
Data,4031,-0.0,0.0,858.9069251756998,0.0,1147.9730748243,419.32,0.0,530.8,0,0,0.0,2957,1147.9730748243003
Data,4032,-0.0,0.0,794.1852682063802,0.0,1134.8247317936195,399.19,0.0,530.8,0,0,0.0,2859,1134.8247317936198
Data,4033,0.0,0.0,993.6829194169331,0.0,815.8270805830671,386.89,0.0,527.6,0,0,0.0,2724,815.8270805830668
Data,4034,0.0,0.0,1133.086791185435,0.0,646.1532088145648,391.36,0.0,524.4,0,0,0.0,2695,646.153208814565
Data,4035,0.0,0.0,1412.1910415908508,0.0,464.59895840914913,412.61,0.0,527.6,0,0,0.0,2817,464.5989584091492
Data,4036,0.0,0.0,1752.6620730883321,0.0,217.67792691166792,502.06,0.0,527.6,0,0,0.0,3000,217.67792691166784
Data,4037,0.0,0.0,1684.7758512456212,0.0,334.074148754379,525.55,0.0,527.6,0,0,0.0,3072,334.0741487543788
Data,4038,0.0,0.0,1854.6951236632,0.0,148.0548763367999,488.65,0.0,527.6,0,0,0.0,3019,148.0548763367999
Data,4039,-0.0,0.0,1734.2391868398001,0.0,346.78081316019984,429.38,0.0,527.6,0,0,0.0,3038,346.78081316019984
Data,4040,-0.0,0.0,2099.403363171,0.0,163.77663682899993,382.42,0.0,524.4,0,0,0.0,3170,163.7766368290001
Data,4041,-0.0,0.0,2239.9096531177997,0.0,366.2003468822004,362.29,0.0,527.6,0,0,0.0,3496,366.2003468822002
Data,4042,-0.0,0.0,2242.890414574515,0.0,582.3995854254852,351.11,0.0,527.6,0,0,0.0,3704,582.3995854254849
Data,4043,-0.0,0.0,2254.822564018036,0.0,920.257435981964,345.52,0.0,173.4,0,0,0.0,3694,920.2574359819642
Data,4044,-0.0,0.0,2218.524843758392,0.0,935.5251562416081,353.35,0.0,176.6,0,0,0.0,3684,935.5251562416081
Data,4045,-0.0,0.0,1565.0363943404243,0.0,1400.0436056595756,345.52,0.0,173.4,0,0,0.0,3484,1400.0436056595756
Data,4046,-0.0,0.0,1597.8261051692507,0.0,1440.363894830749,388.01,0.0,179.8,0,0,0.0,3606,1440.3638948307494
Data,4047,-0.0,0.0,1695.3176006887988,0.0,978.5723993112016,449.51,0.0,527.6,0,0,0.0,3651,978.5723993112011
Data,4048,-0.0,0.0,1721.1477270395008,0.0,953.6922729604988,514.36,0.0,530.8,0,0,0.0,3720,953.6922729604993
Data,4049,-0.0,0.0,1713.7631886108736,0.0,894.6868113891262,642.95,0.0,527.6,0,0,0.0,3779,894.6868113891263
Data,4050,-0.0,0.0,1728.6008639965057,0.0,831.449136003494,692.15,0.0,530.8,0,0,0.0,3783,831.4491360034943
Data,4051,-0.0,0.0,1781.147751229535,0.0,733.2022487704653,729.05,0.0,527.6,0,0,0.0,3771,733.202248770465
Data,4052,0.0,0.0,1779.5157871162346,0.0,621.5842128837652,701.1,0.0,530.8,0,0,0.0,3633,621.5842128837654
Data,4053,0.0,0.0,1884.0849404439932,0.0,432.9750595560068,580.34,0.0,527.6,0,0,0.0,3425,432.9750595560067
Data,4054,0.0,0.0,2068.4032314103706,0.0,144.9367685896292,452.86,0.0,530.8,0,0,0.0,3197,144.93676858962942
Data,4055,0.0,0.0,2283.097362258076,0.0,0.0,452.86,0.0,530.8,0,137.75736225807634,0.0,3129,-137.7573622580759
Data,4056,0.0,0.0,2191.366153583287,0.0,0.0,451.75,0.0,527.6,0,128.71615358328677,0.0,3042,-128.7161535832871
Data,4057,0.0,0.0,2235.9774798686676,0.0,0.0,485.29,0.0,527.6,0,396.86747986866743,0.0,2852,-396.86747986866766
Data,4058,0.0,0.0,2302.252273192952,0.0,0.0,442.8,0.0,524.4,0,514.4522731929521,0.0,2755,-514.4522731929521
Data,4059,0.0,0.0,2438.3142056025586,0.0,0.0,458.45,0.0,527.6,0,561.3642056025585,0.0,2863,-561.3642056025585
Data,4060,0.0,0.0,2406.4081403110486,0.0,0.0,524.43,0.0,527.6,0,450.43814031104847,0.0,3008,-450.4381403110485
Data,4061,0.0,0.0,2505.1354280823534,0.0,0.0,585.93,0.0,524.4,0,555.4654280823532,0.0,3060,-555.4654280823534
Data,4062,0.0,0.0,2478.5788481941327,0.0,0.0,557.97,0.0,527.6,0,592.1488481941324,0.0,2972,-592.1488481941327
Data,4063,-0.0,0.0,2494.5508694100363,0.0,0.0,462.93,0.0,524.4,0,476.88086941003644,0.0,3005,-476.88086941003627
Data,4064,-0.0,0.0,2465.19536886915,0.0,0.0,405.9,0.0,527.6,0,390.69536886915034,0.0,3008,-390.6953688691501
Data,4065,-0.0,0.0,2391.678295751165,0.0,333.531704248835,399.19,0.0,176.6,0,0,0.0,3301,333.531704248835
Data,4066,-0.0,0.0,2127.7212946986874,0.0,377.21870530131247,403.66,0.0,524.4,0,0,0.0,3433,377.2187053013126
Data,4067,-0.0,0.0,1948.7555350315204,0.0,589.0644649684793,404.78,0.0,524.4,0,0,0.0,3467,589.0644649684797
Data,4068,-0.0,0.0,1846.862116893889,0.0,705.9478831061111,423.79,0.0,524.4,0,0,0.0,3501,705.947883106111
Data,4069,-0.0,0.0,1658.3825505801797,0.0,1163.4174494198205,393.6,0.0,176.6,0,0,0.0,3392,1163.4174494198203
Data,4070,-0.0,0.0,1728.6930687950826,0.0,755.4569312049175,409.25,0.0,527.6,0,0,0.0,3421,755.4569312049174
Data,4071,-0.0,0.0,1846.3109944471714,0.0,505.73900555282876,495.35,0.0,527.6,0,0,0.0,3375,505.73900555282853
Data,4072,-0.0,0.0,1807.4085432133513,0.0,489.72145678664873,570.27,0.0,527.6,0,0,0.0,3395,489.7214567866487
Data,4073,-0.0,0.0,1932.123762140181,0.0,300.45623785981894,677.62,0.0,530.8,0,0,0.0,3441,300.456237859819
Data,4074,-0.0,0.0,1870.6924276911404,0.0,393.5875723088599,739.12,0.0,527.6,0,0,0.0,3531,393.58757230885954
Data,4075,-0.0,0.0,1960.6228957432445,0.0,404.23710425675574,752.54,0.0,527.6,0,0,0.0,3645,404.2371042567555
Data,4076,0.0,0.0,2116.8068161461388,0.0,189.77318385386096,677.62,0.0,530.8,0,0,0.0,3515,189.77318385386127
Data,4077,-0.0,0.0,2028.1269448892406,0.0,116.49305511075934,650.78,0.0,527.6,0,0,0.0,3323,116.49305511075943
Data,4078,0.0,0.0,2061.654476612946,0.0,0.0,513.25,0.0,527.6,0,5.50447661294568,0.0,3097,-5.50447661294595
Data,4079,0.0,0.0,2010.5216326234133,0.0,46.418367376586296,428.26,0.0,530.8,0,0,0.0,3016,46.41836737658673
Data,4080,0.0,0.0,2043.6923012344305,0.0,0.0,460.69,0.0,527.6,0,124.98230123443045,0.0,2907,-124.98230123443051
Data,4081,0.0,0.0,2145.994117265051,0.0,0.0,517.72,0.0,527.6,0,368.31411726505115,0.0,2823,-368.3141172650511
Data,4082,0.0,0.0,2090.420091738379,0.0,0.0,497.59,0.0,524.4,0,383.41009173837926,0.0,2729,-383.4100917383791
Data,4083,0.0,0.0,2130.2921419718214,0.0,0.0,512.13,0.0,527.6,0,334.0221419718212,0.0,2836,-334.0221419718214
Data,4084,0.0,0.0,1814.4203109894577,0.0,161.2296890105421,519.95,0.0,524.4,0,0,0.0,3020,161.2296890105423
Data,4085,0.0,0.0,1464.1955012979754,0.0,460.2544987020246,623.95,0.0,527.6,0,0,0.0,3076,460.25449870202453
Data,4086,0.0,0.0,1309.4021502132262,0.0,532.1478497867738,587.05,0.0,524.4,0,0,0.0,2953,532.1478497867739
Data,4087,-0.0,0.0,952.5534952092222,0.0,953.9165047907778,462.93,0.0,527.6,0,0,0.0,2897,953.9165047907777
Data,4088,-0.0,0.0,967.0542833370278,0.0,961.6257166629721,443.92,0.0,524.4,0,0,0.0,2897,961.6257166629723
Data,4089,-0.0,0.0,919.6674252639066,0.0,1163.0225747360935,424.91,0.0,524.4,0,0,0.0,3032,1163.0225747360935
Data,4090,-0.0,0.0,899.6489510274016,0.0,1374.3110489725984,420.44,0.0,527.6,0,0,0.0,3222,1374.3110489725984
Data,4091,-0.0,0.0,1028.577120906308,0.0,1409.072879093692,377.95,0.0,524.4,0,0,0.0,3340,1409.072879093692
Data,4092,-0.0,0.0,851.622874723953,0.0,1592.9671252760472,388.01,0.0,524.4,0,0,0.0,3357,1592.967125276047
Data,4093,-0.0,0.0,1188.881935681393,0.0,1223.688064318607,376.83,0.0,527.6,0,0,0.0,3317,1223.6880643186068
Data,4094,-0.0,0.0,1186.711230570607,0.0,1092.648769429393,445.04,0.0,527.6,0,0,0.0,3252,1092.6487694293928
Data,4095,-0.0,0.0,1301.0736051182835,0.0,894.6163948817165,498.71,0.0,527.6,0,0,0.0,3222,894.6163948817166
Data,4096,-0.0,0.0,1189.099139234128,0.0,959.5008607658723,565.8,0.0,527.6,0,0,0.0,3242,959.5008607658721
Data,4097,-0.0,0.0,1223.8460709966384,0.0,904.2339290033615,665.32,0.0,527.6,0,0,0.0,3321,904.2339290033615
Data,4098,-0.0,0.0,1544.6546892622034,0.0,708.7953107377965,716.75,0.0,530.8,0,0,0.0,3501,708.7953107377966
Data,4099,-0.0,0.0,1976.444725491734,0.0,338.25527450826576,725.7,0.0,527.6,0,0,0.0,3568,338.25527450826587
Data,4100,0.0,0.0,1813.0059590348478,0.0,465.654040965152,678.74,0.0,527.6,0,0,0.0,3485,465.65404096515215
Data,4101,0.0,0.0,1490.4589126392716,0.0,709.6310873607281,597.11,0.0,530.8,0,0,0.0,3328,709.6310873607284
Data,4102,0.0,0.0,1384.3231686166032,0.0,691.6468313833971,524.43,0.0,527.6,0,0,0.0,3128,691.6468313833968
Data,4103,0.0,0.0,1214.1145289783722,0.0,698.6254710216281,526.66,0.0,527.6,0,0,0.0,2967,698.6254710216278
Data,4104,0.0,0.0,1175.9476601517654,0.0,626.0223398482349,524.43,0.0,527.6,0,0,0.0,2854,626.0223398482347
Data,4105,0.0,0.0,2064.2786899845582,0.0,0.0,503.18,0.0,527.6,0,384.0586899845583,0.0,2711,-384.05868998455827
Data,4106,0.0,0.0,1959.8258818639124,0.0,0.0,534.49,0.0,524.4,0,380.7158818639124,0.0,2638,-380.7158818639124
Data,4107,0.0,0.0,1877.9325085151258,0.0,0.0,552.38,0.0,524.4,0,183.71250851512613,0.0,2771,-183.71250851512582
Data,4108,0.0,0.0,1905.3485241589358,0.0,0.0,651.9,0.0,527.6,0,165.84852415893587,0.0,2919,-165.8485241589358
Data,4109,0.0,0.0,1791.9771868750497,0.0,62.392813124950116,598.23,0.0,524.4,0,0,0.0,2977,62.392813124950294
Data,4110,0.0,0.0,1441.0758391375675,0.0,353.7741608624325,574.75,0.0,524.4,0,0,0.0,2894,353.7741608624325
Data,4111,-0.0,0.0,1159.5663633569511,0.0,696.803636643049,549.03,0.0,527.6,0,0,0.0,2933,696.8036366430489
Data,4112,-0.0,0.0,1168.3722282941,0.0,1085.3077717058998,566.92,0.0,173.4,0,0,0.0,2994,1085.3077717059
Data,4113,-0.0,0.0,1057.1082688838999,0.0,1041.4017311160999,559.09,0.0,524.4,0,0,0.0,3182,1041.4017311161
Data,4114,-0.0,0.0,935.3310335367469,0.0,1704.788966463253,589.28,0.0,176.6,0,0,0.0,3406,1704.7889664632532
Data,4115,-0.0,0.0,604.8044623709019,0.0,1765.675537629098,616.12,0.0,524.4,0,0,0.0,3511,1765.675537629098
Data,4116,-0.0,0.0,574.5284947877666,0.0,1814.7715052122335,627.3,0.0,524.4,0,0,0.0,3541,1814.7715052122335
Data,4117,-0.0,0.0,1407.0152263261855,0.0,1266.0947736738146,608.29,0.0,176.6,0,0,0.0,3458,1266.0947736738146
Data,4118,-0.0,0.0,1206.3177740484336,0.0,1174.4922259515663,620.59,0.0,527.6,0,0,0.0,3529,1174.4922259515663
Data,4119,-0.0,0.0,923.3198802550021,0.0,1768.390119744998,657.49,0.0,179.8,0,0,0.0,3529,1768.390119744998
Data,4120,-0.0,0.0,1299.069085366823,0.0,955.9809146331773,722.35,0.0,527.6,0,0,0.0,3505,955.980914633177
Data,4121,-0.0,0.0,1624.02669859561,0.0,661.1333014043897,740.24,0.0,527.6,0,0,0.0,3553,661.13330140439
Data,4122,-0.0,0.0,1526.9174685889907,0.0,840.532531411009,746.95,0.0,527.6,0,0,0.0,3642,840.5325314110092
Data,4123,-0.0,0.0,1637.9043940560402,0.0,702.1656059439595,758.13,0.0,530.8,0,0,0.0,3629,702.1656059439598
Data,4124,-0.0,0.0,1753.6504565851556,0.0,461.7995434148443,746.95,0.0,527.6,0,0,0.0,3490,461.7995434148444
Data,4125,-0.0,0.0,1761.7504014689437,0.0,247.0995985310562,741.35,0.0,530.8,0,0,0.0,3281,247.09959853105636
Data,4126,-0.0,0.0,1697.0109915616383,0.0,139.79900843836154,743.59,0.0,527.6,0,0,0.0,3108,139.79900843836162
Data,4127,0.0,0.0,1658.120644459824,0.0,0.0,754.77,0.0,530.8,0,19.690644459824163,0.0,2924,-19.690644459823943
Data,4128,0.0,0.0,1646.5065320920535,0.0,0.0,768.19,0.0,527.6,0,141.29653209205352,0.0,2801,-141.29653209205355
Data,4129,0.0,0.0,1629.8280197256272,0.0,0.0,759.25,0.0,527.6,0,248.6780197256271,0.0,2668,-248.67801972562722
Data,4130,0.0,0.0,1606.078642150793,0.0,0.0,776.02,0.0,527.6,0,277.698642150793,0.0,2632,-277.69864215079303
Data,4131,0.0,0.0,1860.607084121551,0.0,0.0,808.45,0.0,524.4,0,401.45708412155125,0.0,2792,-401.457084121551
Data,4132,0.0,0.0,2393.986375809458,0.0,0.0,845.35,0.0,25.6,0,287.93637580945796,0.0,2977,-287.936375809458
Data,4133,0.0,0.0,2379.915087129856,0.0,0.0,853.17,0.0,25.6,0,244.68508712985613,0.0,3014,-244.6850871298561
Data,4134,0.0,0.0,2375.9093379092437,0.0,0.0,847.58,0.0,22.4,0,300.8893379092435,0.0,2945,-300.88933790924375
Data,4135,-0.0,0.0,2395.8001251391015,0.0,0.0,846.46,0.0,25.6,0,215.86012513910154,0.0,3052,-215.86012513910154
Data,4136,-0.0,0.0,2362.5687422945634,0.0,0.0,880.01,0.0,25.6,0,102.17874229456297,0.0,3166,-102.17874229456342
Data,4137,-0.0,0.0,2336.558893878105,0.0,91.47110612189499,902.37,0.0,25.6,0,0,0.0,3356,91.47110612189479
Data,4138,-0.0,0.0,2388.5159983167136,0.0,201.49400168328594,866.59,0.0,22.4,0,0,0.0,3479,201.4940016832863
Data,4139,-0.0,0.0,2380.3355524085555,0.0,181.51444759144505,894.55,0.0,25.6,0,0,0.0,3482,181.51444759144456
Data,4140,-0.0,0.0,2392.066500274488,0.0,0.0,901.25,0.0,28.8,0,22.11650027448831,0.0,3300,-22.116500274488136
Data,4141,-0.0,0.0,2338.116855749593,0.0,0.0,857.65,0.0,25.6,0,180.3668557495932,0.0,3041,-180.366855749593
Data,4142,-0.0,0.0,2403.3984984407625,0.0,0.0,865.47,0.0,28.8,0,120.66849844076316,0.0,3177,-120.66849844076255
Data,4143,-0.0,0.0,2458.6954208027123,0.0,0.0,868.83,0.0,28.8,0,174.32542080271247,0.0,3182,-174.32542080271236
Data,4144,-0.0,0.0,2318.7016171283935,0.0,53.998382871606395,848.7,0.0,25.6,0,0,0.0,3247,53.99838287160642
Data,4145,-0.0,0.0,2255.8121001595564,0.0,233.23789984044313,815.15,0.0,179.8,0,0,0.0,3484,233.23789984044362
Data,4146,-0.0,0.0,2272.1146990915345,0.0,0.0,835.28,0.0,530.8,0,54.19469909153429,0.0,3584,-54.1946990915344
Data,4147,-0.0,0.0,2271.3764841537345,0.0,48.68351584626555,826.34,0.0,527.6,0,0,0.0,3674,48.683515846265436
Data,4148,0.0,0.0,2166.9194648277344,0.0,10.950535172265631,807.33,0.0,530.8,0,0,0.0,3516,10.950535172265631
Data,4149,0.0,0.0,2161.9937949174346,0.0,0.0,781.61,0.0,530.8,0,165.40379491743477,0.0,3309,-165.40379491743454
Data,4150,0.0,0.0,1984.0855559863344,0.0,0.0,706.69,0.0,530.8,0,169.5755559863345,0.0,3052,-169.5755559863344
Data,4151,0.0,0.0,1688.0218549600345,0.0,0.0,685.45,0.0,527.6,0,8.07185496003433,0.0,2893,-8.071854960034557
Data,4152,0.0,0.0,1609.7467579283343,0.0,0.0,680.97,0.0,530.8,0,48.516757928334414,0.0,2773,-48.5167579283343
Data,4153,0.0,0.0,1252.4971062504342,0.0,198.99289374956595,670.91,0.0,527.6,0,0,0.0,2650,198.99289374956584
Data,4154,0.0,0.0,1538.5308878278342,0.0,0.0,670.91,0.0,527.6,0,113.04088782783413,0.0,2624,-113.04088782783424
Data,4155,0.0,0.0,1336.1661658540343,0.0,189.6438341459658,669.79,0.0,524.4,0,0,0.0,2720,189.6438341459658
Data,4156,0.0,0.0,1311.0379408461345,0.0,412.0420591538656,665.32,0.0,527.6,0,0,0.0,2916,412.04205915386547
Data,4157,0.0,0.0,1377.152746630034,0.0,432.74725336996596,676.5,0.0,527.6,0,0,0.0,3014,432.74725336996596
Data,4158,0.0,0.0,1348.7713074356343,0.0,417.778692564366,660.85,0.0,527.6,0,0,0.0,2955,417.77869256436566
Data,4159,-0.0,0.0,1430.1670790882522,0.0,394.7829209117476,630.65,0.0,524.4,0,0,0.0,2980,394.78292091174785
Data,4160,-0.0,0.0,1279.4963144886058,0.0,1112.5536855113944,599.35,0.0,176.6,0,0,0.0,3168,1112.5536855113942
Data,4161,-0.0,0.0,1266.9469790998849,0.0,1414.1780209001151,559.09,0.0,176.785,0,0,0.0,3417,1414.1780209001151
Data,4162,-0.0,0.0,1262.8120811528265,0.0,1148.1079188471736,564.68,0.0,524.4,0,0,0.0,3500,1148.1079188471736
Data,4163,-0.0,0.0,1377.1588323116403,0.0,951.1211676883596,566.92,0.0,530.8,0,0,0.0,3426,951.1211676883598
Data,4164,-0.0,0.0,1455.8988947254352,0.0,1197.8011052745646,553.5,0.0,179.8,0,0,0.0,3387,1197.8011052745649
Data,4165,-0.0,0.0,1583.1428194604166,0.0,900.6971805395831,514.36,0.0,179.8,0,0,0.0,3178,900.6971805395833
Data,4166,-0.0,0.0,1873.0596228805218,0.0,268.5903771194777,544.55,0.0,530.8,0,0,0.0,3217,268.59037711947826
Data,4167,-0.0,0.0,1860.7281696170535,0.0,277.9718303829462,553.5,0.0,530.8,0,0,0.0,3223,277.97183038294656
Data,4168,-0.0,0.0,1787.102266032934,0.0,381.0477339670655,587.05,0.0,530.8,0,0,0.0,3286,381.04773396706605
Data,4169,-0.0,0.0,1657.3128975363343,0.0,676.2271024636658,649.66,0.0,530.8,0,0,0.0,3514,676.2271024636658
Data,4170,-0.0,0.0,1407.089385609434,0.0,1011.6106143905657,676.5,0.0,530.8,0,0,0.0,3626,1011.6106143905661
Data,4171,-0.0,0.0,1293.4887425062343,0.0,1194.5012574937655,683.21,0.0,530.8,0,0,0.0,3702,1194.5012574937657
Data,4172,0.0,0.0,1441.1431820109342,0.0,918.8068179890656,655.25,0.0,530.8,0,0,0.0,3546,918.8068179890658
Data,4173,0.0,0.0,1745.0783017049343,0.0,447.6516982950651,619.47,0.0,530.8,0,0,0.0,3343,447.65169829506567
Data,4174,0.0,0.0,1740.1410485799342,0.0,302.0089514200655,587.05,0.0,530.8,0,0,0.0,3160,302.00895142006584
Data,4175,0.0,0.0,1446.2256766259338,0.0,457.90432337406617,570.27,0.0,527.6,0,0,0.0,3002,457.90432337406617
Data,4176,0.0,0.0,1567.262298606934,0.0,220.73770139306555,541.2,0.0,530.8,0,0,0.0,2860,220.7377013930659
Data,4177,0.0,0.0,1519.531187838434,0.0,175.81881216156592,464.05,0.0,527.6,0,0,0.0,2687,175.81881216156586
Data,4178,0.0,0.0,1660.2148624237338,0.0,0.0,459.57,0.0,527.6,0,4.384862423733807,0.0,2643,-4.384862423733864
Data,4179,0.0,0.0,1349.131836346934,0.0,415.218163653066,483.05,0.0,527.6,0,0,0.0,2775,415.2181636530659
Data,4180,0.0,0.0,1430.676856487234,0.0,455.0931435127658,573.63,0.0,527.6,0,0,0.0,2987,455.0931435127659
Data,4181,0.0,0.0,1445.2738772204343,0.0,448.9461227795658,626.18,0.0,527.6,0,0,0.0,3048,448.9461227795657
Data,4182,0.0,0.0,1371.6627480684342,0.0,483.68725193156604,587.05,0.0,527.6,0,0,0.0,2970,483.6872519315658
Data,4183,-0.0,0.0,1286.6855514945341,0.0,585.8644485054659,537.85,0.0,527.6,0,0,0.0,2938,585.8644485054658
Data,4184,-0.0,0.0,1311.5444044082342,0.0,1117.565595591766,485.29,0.0,25.6,0,0,0.0,2940,1117.5655955917657
Data,4185,-0.0,0.0,1082.1975977085408,0.0,1569.4124022914589,472.99,0.0,22.4,0,0,0.0,3147,1569.412402291459
Data,4186,-0.0,0.0,785.0383052996673,0.0,2085.731694700333,450.63,0.0,25.6,0,0,0.0,3347,2085.731694700333
Data,4187,-0.0,0.0,706.2729110242097,0.0,2182.6770889757904,439.45,0.0,25.6,0,0,0.0,3354,2182.6770889757904
Data,4188,-0.0,0.0,728.7907285226653,0.0,2215.339271477335,447.27,0.0,25.6,0,0,0.0,3417,2215.339271477335
Data,4189,-0.0,0.0,982.131798427847,0.0,1770.1582015721528,424.91,0.0,28.8,0,0,0.0,3206,1770.158201572153
Data,4190,-0.0,0.0,962.586357327195,0.0,1879.123642672805,460.69,0.0,25.6,0,0,0.0,3328,1879.123642672805
Data,4191,-0.0,0.0,1112.8349227226217,0.0,1744.485077277378,490.88,0.0,28.8,0,0,0.0,3377,1744.4850772773782
Data,4192,-0.0,0.0,1280.1632248215342,0.0,1586.8867751784655,550.15,0.0,28.8,0,0,0.0,3446,1586.8867751784658
Data,4193,-0.0,0.0,1369.337843762034,0.0,1418.912156237966,623.95,0.0,179.8,0,0,0.0,3592,1418.912156237966
Data,4194,-0.0,0.0,1324.894683562134,0.0,1492.4153164378658,682.09,0.0,176.6,0,0,0.0,3676,1492.4153164378658
Data,4195,-0.0,0.0,1244.324499439634,0.0,1599.9055005603655,680.97,0.0,179.8,0,0,0.0,3705,1599.905500560366
Data,4196,0.0,0.0,1365.6161724529343,0.0,1420.6538275470657,585.93,0.0,179.8,0,0,0.0,3552,1420.6538275470657
Data,4197,0.0,0.0,1347.2861164667343,0.0,1279.9538835332655,538.96,0.0,179.8,0,0,0.0,3346,1279.9538835332658
Data,4198,0.0,0.0,1242.802169152334,0.0,1207.057830847666,506.54,0.0,176.6,0,0,0.0,3133,1207.0578308476659
Data,4199,0.0,0.0,1209.4095462423343,0.0,1130.0904537576657,479.7,0.0,179.8,0,0,0.0,2999,1130.0904537576657
Data,4200,0.0,0.0,1110.090969073934,0.0,1126.7590309260659,495.35,0.0,179.8,0,0,0.0,2912,1126.7590309260659
Data,4201,0.0,0.0,1135.2807808656344,0.0,618.7892191343657,487.53,0.0,524.4,0,0,0.0,2766,618.7892191343657
Data,4202,0.0,0.0,1187.9076584855343,0.0,563.3323415144658,465.16,0.0,527.6,0,0,0.0,2744,563.3323415144657
Data,4203,0.0,0.0,1631.3698086321342,0.0,247.05019136786575,453.98,0.0,527.6,0,0,0.0,2860,247.05019136786575
Data,4204,0.0,0.0,1628.393563002734,0.0,422.67643699726557,487.53,0.0,524.4,0,0,0.0,3063,422.676436997266
Data,4205,0.0,0.0,1593.0345639475345,0.0,449.74543605246583,554.62,0.0,527.6,0,0,0.0,3125,449.7454360524655
Data,4206,0.0,0.0,1130.846059580434,0.0,829.533940419566,530.02,0.0,527.6,0,0,0.0,3018,829.533940419566
Data,4207,-0.0,0.0,1018.0227634091954,0.0,927.9172365908047,526.66,0.0,524.4,0,0,0.0,2997,927.9172365908047
Data,4208,-0.0,0.0,1087.5473397609353,0.0,972.3226602390645,487.53,0.0,527.6,0,0,0.0,3075,972.3226602390647
Data,4209,-0.0,0.0,1005.7782467126442,0.0,1287.6917532873558,512.13,0.0,524.4,0,0,0.0,3330,1287.6917532873558
Data,4210,-0.0,0.0,988.8812001988023,0.0,1436.5587998011977,538.96,0.0,527.6,0,0,0.0,3492,1436.5587998011977
Data,4211,-0.0,0.0,887.8688639092356,0.0,1499.3611360907644,607.17,0.0,527.6,0,0,0.0,3522,1499.3611360907644
Data,4212,-0.0,0.0,1003.7646404137157,0.0,1362.2953595862841,629.54,0.0,524.4,0,0,0.0,3520,1362.2953595862843
Data,4213,-0.0,0.0,243.07088427954292,0.0,1995.119115720457,609.41,0.0,524.4,0,0,0.0,3372,1995.119115720457
Data,4214,-0.0,0.0,1058.9069475557287,0.0,1165.9830524442712,646.31,0.0,530.8,0,0,0.0,3402,1165.9830524442714
Data,4215,-0.0,0.0,832.0233363970319,0.0,1404.766663602968,658.61,0.0,527.6,0,0,0.0,3423,1404.766663602968
Data,4216,-0.0,0.0,834.4302269486511,0.0,1335.4197730513486,722.35,0.0,530.8,0,0,0.0,3423,1335.4197730513488
Data,4217,-0.0,0.0,1241.4920452892068,0.0,892.9879547107932,812.92,0.0,527.6,0,0,0.0,3475,892.9879547107932
Data,4218,-0.0,0.0,1258.2722411248342,0.0,937.6277588751653,873.3,0.0,530.8,0,0,0.0,3600,937.6277588751659
Data,4219,-0.0,0.0,1968.2093118179341,0.0,182.83068818206584,883.36,0.0,527.6,0,0,0.0,3562,182.83068818206584
Data,4220,0.0,0.0,1471.302949635034,0.0,581.0170503649655,859.88,0.0,530.8,0,0,0.0,3443,581.0170503649659
Data,4221,0.0,0.0,1955.5995695933343,0.0,0.0,826.34,0.0,527.6,0,21.53956959333425,0.0,3288,-21.539569593334363
Data,4222,0.0,0.0,1578.496665995934,0.0,201.4833340040658,825.22,0.0,530.8,0,0,0.0,3136,201.4833340040659
Data,4223,0.0,0.0,1660.5097466020343,0.0,0.0,784.96,0.0,527.6,0,10.069746602034115,0.0,2963,-10.069746602034343
Data,4224,0.0,0.0,1575.0008002250343,0.0,243.6637997749657,780.49,0.0,282.8454,0,0,0.0,2882,243.66379977496575
Data,4225,0.0,0.0,1928.7493956518342,0.0,0.0,765.95,0.0,176.6,0,125.29939565183406,0.0,2746,-125.29939565183426
Data,4226,0.0,0.0,1850.3884490119344,0.0,0.0,755.89,0.0,524.4,0,420.6784490119343,0.0,2710,-420.6784490119344
Data,4227,0.0,0.0,1952.0916665110344,0.0,0.0,803.97,0.0,524.4,0,448.4616665110344,0.0,2832,-448.4616665110344
Data,4228,0.0,0.0,1816.0376573199342,0.0,0.0,809.56,0.0,524.4,0,151.9976573199341,0.0,2998,-151.9976573199341
Data,4229,0.0,0.0,1828.0954210553346,0.0,0.0,764.84,0.0,527.6,0,63.535421055334496,0.0,3057,-63.53542105533461
Data,4230,0.0,0.0,1532.0492570681345,0.0,150.12074293186572,770.43,0.0,524.4,0,0,0.0,2977,150.1207429318656
Data,4231,-0.0,0.0,1145.4882770388613,0.0,573.3317229611387,773.78,0.0,524.4,0,0,0.0,3017,573.3317229611388
Data,4232,-0.0,0.0,907.4707627016784,0.0,1245.9392372983216,768.19,0.0,173.4,0,0,0.0,3095,1245.9392372983216
Data,4233,-0.0,0.0,1555.9353296056852,0.0,770.034670394315,770.43,0.0,176.6,0,0,0.0,3273,770.0346703943148
Data,4234,-0.0,0.0,1198.7950675206396,0.0,1286.4549324793604,796.15,0.0,176.6,0,0,0.0,3458,1286.4549324793604
Data,4235,-0.0,0.0,795.1653731329009,0.0,1683.2146268670992,825.22,0.0,173.4,0,0,0.0,3477,1683.214626867099
Data,4236,-0.0,0.0,1516.53663843789,0.0,1022.9433615621101,812.92,0.0,25.6,0,0,0.0,3378,1022.9433615621101
Data,4237,-0.0,0.0,1454.063704021194,0.0,960.8162959788056,788.32,0.0,28.8,0,0,0.0,3232,960.8162959788059
Data,4238,-0.0,0.0,1739.9042787010221,0.0,631.2757212989782,825.22,0.0,25.6,0,0,0.0,3222,631.2757212989778
Data,4239,-0.0,0.0,2017.1811113159342,0.0,303.0688886840659,888.95,0.0,28.8,0,0,0.0,3238,303.0688886840657
Data,4240,-0.0,0.0,2128.9507068013345,0.0,91.4692931986657,896.78,0.0,28.8,0,0,0.0,3146,91.46929319866554
Data,4241,-0.0,0.0,2304.7141163046344,0.0,0.0,904.61,0.0,28.8,0,19.12411630463464,0.0,3219,-19.12411630463446
Data,4242,-0.0,0.0,2280.9213020714346,0.0,191.31869792856526,907.96,0.0,28.8,0,0,0.0,3409,191.3186979285653
Data,4243,-0.0,0.0,1340.2019472136344,0.0,1237.7680527863658,893.43,0.0,25.6,0,0,0.0,3497,1237.7680527863656
Data,4244,0.0,0.0,1336.0050487667345,0.0,1126.4249512332653,877.77,0.0,28.8,0,0,0.0,3369,1126.4249512332656
Data,4245,0.0,0.0,1963.8842393741343,0.0,323.9657606258655,845.35,0.0,28.8,0,0,0.0,3162,323.9657606258657
Data,4246,0.0,0.0,2030.4122696304344,0.0,111.04773036956567,801.74,0.0,28.8,0,0,0.0,2972,111.04773036956563
Data,4247,0.0,0.0,2031.8444543354344,0.0,0.5955456645656341,784.96,0.0,25.6,0,0,0.0,2843,0.5955456645655417
Data,4248,0.0,0.0,1706.0126321172343,0.0,121.23736788276562,765.95,0.0,179.8,0,0,0.0,2773,121.23736788276568
Data,4249,0.0,0.0,1815.2385515084343,0.0,0.0,792.79,0.0,176.6,0,121.62855150843404,0.0,2663,-121.62855150843424
Data,4250,0.0,0.0,1687.3395273714345,0.0,0.0,838.64,0.0,176.6,0,73.57952737143421,0.0,2629,-73.57952737143452
Data,4251,0.0,0.0,1944.2517310274343,0.0,0.0,792.79,0.0,173.4,0,173.44173102743446,0.0,2737,-173.44173102743426
Data,4252,0.0,0.0,1788.1798887456343,0.0,113.5301112543658,829.69,0.0,176.6,0,0,0.0,2908,113.53011125436561
Data,4253,0.0,0.0,1395.4172590294343,0.0,557.7627409705657,825.22,0.0,176.6,0,0,0.0,2955,557.7627409705657
Data,4254,0.0,0.0,1081.7740600038342,0.0,774.7259399961657,774.9,0.0,176.6,0,0,0.0,2808,774.7259399961658
Data,4255,-0.0,0.0,997.7472396868457,0.0,746.4027603131544,759.25,0.0,176.6,0,0,0.0,2680,746.4027603131543
Data,4256,-0.0,0.0,909.1821631716472,0.0,941.0478368283528,779.37,0.0,22.4,0,0,0.0,2652,941.0478368283528
Data,4257,-0.0,0.0,744.4900517869715,0.0,1057.8899482130284,776.02,0.0,25.6,0,0,0.0,2604,1057.8899482130284
Data,4258,-0.0,0.0,651.433626624699,0.0,1288.646373375301,788.32,0.0,25.6,0,0,0.0,2754,1288.646373375301
Data,4259,-0.0,0.0,721.9727762854855,0.0,1265.1472237145144,761.48,0.0,22.4,0,0,0.0,2771,1265.1472237145144
Data,4260,-0.0,0.0,788.6581295661184,0.0,1282.1018704338817,715.64,0.0,25.6,0,0,0.0,2812,1282.1018704338817
Data,4261,-0.0,0.0,927.4928185659089,0.0,1147.5771814340912,684.33,0.0,25.6,0,0,0.0,2785,1147.577181434091
Data,4262,-0.0,0.0,1053.1767900611458,0.0,1042.1832099388546,691.04,0.0,25.6,0,0,0.0,2812,1042.1832099388544
Data,4263,-0.0,0.0,949.2023923085859,0.0,1112.2476076914138,716.75,0.0,28.8,0,0,0.0,2807,1112.247607691414
Data,4264,-0.0,0.0,842.4349263604737,0.0,1251.655073639526,720.11,0.0,28.8,0,0,0.0,2843,1251.6550736395263
Data,4265,-0.0,0.0,1398.7833160485343,0.0,344.31668395146596,750.3,0.0,527.6,0,0,0.0,3021,344.31668395146573
Data,4266,-0.0,0.0,1895.810554610834,0.0,87.54944538916573,764.84,0.0,530.8,0,0,0.0,3279,87.54944538916595
Data,4267,0.0,0.0,1783.4378879044343,0.0,264.6121120955655,815.15,0.0,530.8,0,0,0.0,3394,264.61211209556575
Data,4268,0.0,0.0,1766.7354973569352,0.0,209.8545026430645,781.61,0.0,530.8,0,0,0.0,3289,209.85450264306485
Data,4269,0.0,0.0,1756.2364048077343,0.0,144.63359519226572,684.33,0.0,530.8,0,0,0.0,3116,144.63359519226572
Data,4270,0.0,0.0,1605.971649175834,0.0,133.98835082416588,666.44,0.0,527.6,0,0,0.0,2934,133.98835082416588
Data,4271,0.0,0.0,1650.9746266433344,0.0,0.0,687.68,0.0,530.8,0,97.45462664333434,0.0,2772,-97.45462664333434
Data,4272,0.0,0.0,1590.3991208155344,0.0,0.0,691.04,0.0,530.8,0,129.23912081553442,0.0,2683,-129.2391208155343
Data,4273,0.0,0.0,1607.3312185031555,0.0,0.0,691.04,0.0,527.6,0,264.9712185031554,0.0,2561,-264.97121850315546
Data,4274,0.0,0.0,1645.7231675891064,0.0,0.0,697.75,0.0,524.4,0,334.8731675891065,0.0,2533,-334.8731675891064
Data,4275,0.0,0.0,1498.520441362257,0.0,0.0,694.39,0.0,527.6,0,31.510441362256955,0.0,2689,-31.510441362257097
Data,4276,0.0,0.0,1395.1096098235341,0.0,288.7903901764659,676.5,0.0,527.6,0,0,0.0,2888,288.79039017646585
Data,4277,0.0,0.0,1291.5138662346183,0.0,447.8461337653819,691.04,0.0,527.6,0,0,0.0,2958,447.84613376538175
Data,4278,0.0,0.0,1075.8173028127514,0.0,600.2226971872485,686.56,0.0,524.4,0,0,0.0,2887,600.2226971872486
Data,4279,-0.0,0.0,811.0135172974642,0.0,937.4164827025359,680.97,0.0,527.6,0,0,0.0,2957,937.4164827025357
Data,4280,-0.0,0.0,704.7052083375962,0.0,1468.6647916624038,672.03,0.0,176.6,0,0,0.0,3022,1468.6647916624038
Data,4281,-0.0,0.0,642.0791034789,0.0,1337.1208965211,664.2,0.0,527.6,0,0,0.0,3171,1337.1208965211
Data,4282,-0.0,0.0,173.70236456694198,0.0,1929.417635433058,638.48,0.0,524.4,0,0,0.0,3266,1929.417635433058
Data,4283,-0.0,0.0,208.5829829889383,0.0,1970.407017011062,609.41,0.0,527.6,0,0,0.0,3316,1970.4070170110617
Data,4284,-0.0,0.0,801.629077376014,0.0,1811.660922623986,597.11,0.0,176.6,0,0,0.0,3387,1811.660922623986
Data,4285,-0.0,0.0,865.4195327179601,0.0,1627.9604672820399,579.22,0.0,173.4,0,0,0.0,3246,1627.9604672820399
Data,4286,-0.0,0.0,1029.3332229177906,0.0,1201.0167770822097,587.05,0.0,527.6,0,0,0.0,3345,1201.0167770822095
Data,4287,-0.0,0.0,1189.3271451556882,0.0,1045.1228548443116,593.75,0.0,530.8,0,0,0.0,3359,1045.1228548443119
Data,4288,-0.0,0.0,1696.2658940468393,0.0,594.5441059531605,620.59,0.0,527.6,0,0,0.0,3439,594.5441059531606
Data,4289,-0.0,0.0,1672.4420890702268,0.0,765.427910929773,684.33,0.0,530.8,0,0,0.0,3653,765.4279109297732
Data,4290,-0.0,0.0,2187.929196949353,0.0,308.2208030506468,729.05,0.0,530.8,0,0,0.0,3756,308.2208030506472
Data,4291,0.0,0.0,1702.1910973794343,0.0,790.8489026205656,760.36,0.0,527.6,0,0,0.0,3781,790.8489026205657
Data,4292,0.0,0.0,1720.3194411244344,0.0,593.4005588755654,761.48,0.0,530.8,0,0,0.0,3606,593.4005588755656
Data,4293,-0.0,0.0,1726.2694498811343,0.0,423.4805501188656,685.45,0.0,530.8,0,0,0.0,3366,423.4805501188657
Data,4294,0.0,0.0,1736.576738620739,0.0,204.77326137926096,660.85,0.0,530.8,0,0,0.0,3133,204.77326137926104
Data,4295,0.0,0.0,1652.0211820104582,0.0,162.75881798954163,628.42,0.0,530.8,0,0,0.0,2974,162.75881798954185
Data,4296,0.0,0.0,1622.2794444581716,0.0,109.29055554182847,622.83,0.0,527.6,0,0,0.0,2882,109.29055554182833
Data,4297,0.0,0.0,1615.04048116349,0.0,0.0,622.83,0.0,527.6,0,32.47048116349001,0.0,2733,-32.47048116349015
Data,4298,0.0,0.0,1661.06471647312,0.0,0.0,634.01,0.0,527.6,0,96.6747164731199,0.0,2726,-96.67471647311993
Data,4299,0.0,0.0,1753.8190917633588,0.0,0.0,631.77,0.0,527.6,0,72.18909176335863,0.0,2841,-72.18909176335876
Data,4300,0.0,0.0,1602.6862757695694,0.0,270.35372423043043,637.36,0.0,527.6,0,0,0.0,3038,270.35372423043054
Data,4301,0.0,0.0,1603.9503485158593,0.0,318.8696514841405,650.78,0.0,524.4,0,0,0.0,3098,318.8696514841407
Data,4302,0.0,0.0,1544.1264095392048,0.0,279.2635904607953,634.01,0.0,527.6,0,0,0.0,2985,279.26359046079517
Data,4303,-0.0,0.0,1183.571902363311,0.0,677.098097636689,585.93,0.0,524.4,0,0,0.0,2971,677.0980976366891
Data,4304,-0.0,0.0,1212.3981627811183,0.0,649.4418372188818,563.56,0.0,527.6,0,0,0.0,2953,649.4418372188817
Data,4305,-0.0,0.0,635.6923525133661,0.0,1485.8776474866334,549.03,0.0,524.4,0,0,0.0,3195,1485.877647486634
Data,4306,-0.0,0.0,898.2561099244,0.0,1350.5938900756005,544.55,0.0,527.6,0,0,0.0,3321,1350.5938900756
Data,4307,-0.0,0.0,730.7405575472528,0.0,1557.2294424527472,524.43,0.0,527.6,0,0,0.0,3340,1557.2294424527472
Data,4308,-0.0,0.0,733.8922736562712,0.0,1599.2177263437286,534.49,0.0,524.4,0,0,0.0,3392,1599.2177263437288
Data,4309,-0.0,0.0,945.3460954134888,0.0,1241.103904586511,519.95,0.0,527.6,0,0,0.0,3234,1241.1039045865111
Data,4310,-0.0,0.0,1158.3294764047012,0.0,1199.590523595299,515.48,0.0,527.6,0,0,0.0,3401,1199.5905235952987
Data,4311,-0.0,0.0,1330.833975681863,0.0,1058.876024318137,534.49,0.0,530.8,0,0,0.0,3455,1058.876024318137
Data,4312,-0.0,0.0,1549.2164466851443,0.0,848.5435533148559,592.64,0.0,527.6,0,0,0.0,3518,848.5435533148557
Data,4313,-0.0,0.0,1688.8338713823123,0.0,746.0161286176876,722.35,0.0,530.8,0,0,0.0,3688,746.0161286176877
Data,4314,-0.0,0.0,1755.3913671972773,0.0,742.9186328027226,755.89,0.0,530.8,0,0,0.0,3785,742.9186328027228
Data,4315,-0.0,0.0,1633.688065905434,0.0,816.341934094566,779.37,0.0,527.6,0,0,0.0,3757,816.3419340945659
Data,4316,-0.0,0.0,1589.1136802432343,0.0,714.1363197567658,746.95,0.0,530.8,0,0,0.0,3581,714.1363197567657
Data,4317,0.0,0.0,1569.3199040131344,0.0,643.0000959868654,613.88,0.0,530.8,0,0,0.0,3357,643.0000959868656
Data,4318,0.0,0.0,1511.0020078267344,0.0,520.9479921732653,562.45,0.0,527.6,0,-4.547473508864641e-13,0.0,3122,520.9479921732656
Data,4319,0.0,0.0,1500.084861820234,0.0,348.84513817976574,570.27,0.0,530.8,0,0,0.0,2950,348.8451381797661
Data,4320,0.0,0.0,1519.1468104608343,0.0,249.96318953916546,559.09,0.0,530.8,0,0,0.0,2859,249.96318953916568
Data,4321,0.0,0.0,1612.2131231449343,0.0,27.716876855065607,545.67,0.0,524.4,0,0,0.0,2710,27.71687685506572
Data,4322,0.0,0.0,1867.5969454539345,0.0,0.0,571.39,0.0,527.6,0,294.58694545393416,0.0,2672,-294.5869454539345
Data,4323,0.0,0.0,1949.4800482173341,0.0,0.0,579.22,0.0,527.6,0,254.30004821733417,0.0,2802,-254.30004821733417
Data,4324,0.0,0.0,2005.3875960538344,0.0,0.0,649.66,0.0,527.6,0,170.64759605383426,0.0,3012,-170.64759605383438
Data,4325,0.0,0.0,2026.2512537032342,0.0,0.0,618.35,0.0,524.4,0,100.00125370323241,0.0,3069,-100.00125370323417
Data,4326,0.0,0.0,1989.2099042225345,0.0,0.0,601.58,0.0,527.6,0,134.38990422253426,0.0,2984,-134.3899042225346
Data,4327,-0.0,0.0,1961.8312309334342,0.0,19.668769066564096,528.9,0.0,527.6,0,-1.8189894035458565e-12,0.0,3038,19.6687690665658
Data,4328,-0.0,0.0,1924.2179712465145,0.0,469.01202875348565,533.37,0.0,173.4,0,0,0.0,3100,469.01202875348554
Data,4329,-0.0,0.0,1744.3251557393953,0.0,570.354844260605,517.72,0.0,527.6,0,0,0.0,3360,570.3548442606046
Data,4330,-0.0,0.0,1573.8714938547032,0.0,938.7585061452969,508.77,0.0,527.6,0,0,0.0,3549,938.7585061452968
Data,4331,-0.0,0.0,1346.0844046710165,0.0,1255.2161953289835,506.54,0.0,396.1594,0,0,0.0,3504,1255.2161953289835
Data,4332,-0.0,0.0,843.9112632736294,0.0,1953.5387367263709,500.95,0.0,176.6,0,0,0.0,3475,1953.5387367263706
Data,4333,-0.0,0.0,668.649476269243,0.0,1939.200523730757,470.75,0.0,173.4,0,0,0.0,3252,1939.200523730757
Data,4334,-0.0,0.0,769.9317541353615,0.0,1603.138245864638,487.53,0.0,524.4,0,0,0.0,3385,1603.1382458646385
Data,4335,-0.0,0.0,1216.487172847234,0.0,1504.2328271527658,515.48,0.0,179.8,0,0,0.0,3416,1504.232827152766
Data,4336,-0.0,0.0,1292.9527421029343,0.0,1052.1072578970657,580.34,0.0,527.6,0,0,0.0,3453,1052.1072578970657
Data,4337,-0.0,0.0,1414.1445393364343,0.0,1050.3254606635655,659.73,0.0,530.8,0,0,0.0,3655,1050.3254606635658
Data,4338,-0.0,0.0,1436.0260773784344,0.0,1081.9239226215655,704.45,0.0,527.6,0,0,0.0,3750,1081.9239226215655
Data,4339,-0.0,0.0,1514.8157718275343,0.0,993.8642281724657,714.52,0.0,530.8,0,0,0.0,3754,993.8642281724658
Data,4340,0.0,0.0,1647.0799067237344,0.0,707.6900932762655,696.63,0.0,527.6,0,0,0.0,3579,707.6900932762655
Data,4341,0.0,0.0,1559.8511998219342,0.0,681.1988001780657,569.15,0.0,530.8,0,0,0.0,3341,681.1988001780659
Data,4342,0.0,0.0,1610.7625990026345,0.0,473.8974009973655,506.54,0.0,530.8,0,0,0.0,3122,473.89740099736554
Data,4343,0.0,0.0,1544.360478553734,0.0,384.97952144626595,502.06,0.0,527.6,0,0,0.0,2959,384.9795214462659
Data,4344,0.0,0.0,1631.047014053734,0.0,178.73298594626556,505.42,0.0,530.8,0,0,0.0,2846,178.73298594626596
Data,4345,0.0,0.0,1696.0673254898343,0.0,0.0,503.18,0.0,527.6,0,23.847325489834134,0.0,2703,-23.847325489834304
Data,4346,0.0,0.0,1776.4418115497342,0.0,0.0,509.89,0.0,527.6,0,140.93181154973388,0.0,2673,-140.93181154973422
Data,4347,0.0,0.0,1795.9425809303343,0.0,0.0,521.07,0.0,524.4,0,33.41258093033446,0.0,2808,-33.41258093033434
Data,4348,0.0,0.0,1575.7626567269344,0.0,360.3273432730658,523.31,0.0,527.6,0,0,0.0,2987,360.3273432730656
Data,4349,0.0,0.0,1484.4964769233343,0.0,494.823523076666,540.08,0.0,527.6,0,0,0.0,3047,494.82352307666565
Data,4350,0.0,0.0,1414.9486859107342,0.0,448.90131408926584,574.75,0.0,524.4,0,0,0.0,2963,448.90131408926584
Data,4351,-0.0,0.0,1271.8452831143345,0.0,617.6047168856657,500.95,0.0,527.6,0,0,0.0,2918,617.6047168856655
Data,4352,-0.0,0.0,1300.3758580563344,0.0,725.1941419436658,499.83,0.0,527.6,0,0,0.0,3053,725.1941419436655
Data,4353,-0.0,0.0,1361.751626567641,0.0,894.4983734323589,495.35,0.0,524.4,0,0,0.0,3276,894.4983734323589
Data,4354,-0.0,0.0,1177.2676373252589,0.0,1693.1823626747414,500.95,0.0,176.6,0,0,0.0,3548,1693.1823626747412
Data,4355,-0.0,0.0,977.8499886828712,0.0,1616.6800113171287,521.07,0.0,524.4,0,0,0.0,3640,1616.680011317129
Data,4356,-0.0,0.0,1126.7683766765226,0.0,1494.4416233234774,522.19,0.0,527.6,0,0,0.0,3671,1494.4416233234774
Data,4357,-0.0,0.0,1268.999109574085,0.0,1486.670890425915,462.93,0.0,173.4,0,0,0.0,3392,1486.670890425915
Data,4358,-0.0,0.0,1354.6017482242419,0.0,1497.748251775758,483.05,0.0,176.6,0,0,0.0,3512,1497.748251775758
Data,4359,-0.0,0.0,1396.6653012991342,0.0,1474.2046987008657,487.53,0.0,176.6,0,0,0.0,3535,1474.204698700866
Data,4360,-0.0,0.0,1436.6105317834345,0.0,1325.0294682165654,563.56,0.0,179.8,0,0,0.0,3505,1325.0294682165656
Data,4361,-0.0,0.0,1423.8877043354341,0.0,1055.262295664566,655.25,0.0,527.6,0,0,0.0,3662,1055.262295664566
Data,4362,-0.0,0.0,1452.2089039274342,0.0,1128.2410960725656,716.75,0.0,530.8,0,0,0.0,3828,1128.2410960725658
Data,4363,0.0,0.0,1463.493096713134,0.0,1078.3769032868659,733.53,0.0,527.6,0,0,0.0,3803,1078.3769032868659
Data,4364,0.0,0.0,1439.421241326434,0.0,945.4587586735655,665.32,0.0,530.8,0,0,0.0,3581,945.458758673566
Data,4365,0.0,0.0,1364.6912144842345,0.0,907.8787855157653,573.63,0.0,530.8,0,0,0.0,3377,907.8787855157656
Data,4366,0.0,0.0,1474.4599891040343,0.0,647.7500108959656,522.19,0.0,527.6,0,0,0.0,3172,647.7500108959656
Data,4367,0.0,0.0,1543.6498420104344,0.0,490.0201579895655,487.53,0.0,530.8,0,0,0.0,3052,490.02015798956563
Data,4368,0.0,0.0,1567.1254786290342,0.0,324.5245213709658,470.75,0.0,527.6,0,0,0.0,2890,324.5245213709658
Data,4369,0.0,0.0,1692.3627454369343,0.0,113.12725456306578,424.91,0.0,527.6,0,0,0.0,2758,113.1272545630656
Data,4370,0.0,0.0,1724.8345579935344,0.0,70.9154420064657,433.85,0.0,524.4,0,0,0.0,2754,70.91544200646558
Data,4371,0.0,0.0,1785.2794063210345,0.0,99.19059367896568,462.93,0.0,527.6,0,0,0.0,2875,99.19059367896551
Data,4372,0.0,0.0,2224.1040618646343,0.0,0.0,470.75,0.0,527.6,0,202.45406186463413,0.0,3020,-202.45406186463435
Data,4373,0.0,0.0,2099.7562062484344,0.0,0.0,513.25,0.0,524.4,0,63.40620624843439,0.0,3074,-63.40620624843439
Data,4374,0.0,0.0,2170.6370115137343,0.0,0.0,515.48,0.0,527.6,0,224.71701151373406,0.0,2989,-224.7170115137343
Data,4375,-0.0,0.0,2394.3833553092345,0.0,0.0,494.24,0.0,527.6,0,396.2233553092343,0.0,3020,-396.22335530923453
Data,4376,-0.0,0.0,2352.773324280535,0.0,158.77667571946506,464.05,0.0,173.4,0,0,0.0,3149,158.7766757194652
Data,4377,-0.0,0.0,2273.706473207106,0.0,476.7835267928946,424.91,0.0,176.6,0,0,0.0,3352,476.78352679289424
Data,4378,-0.0,0.0,1813.6055536950298,0.0,1095.44444630497,421.55,0.0,173.4,0,0,0.0,3504,1095.4444463049701
Data,4379,-0.0,0.0,1228.7656158807429,0.0,1686.794384119257,445.04,0.0,173.4,0,0,0.0,3534,1686.794384119257
Data,4380,-0.0,0.0,1112.9230230146102,0.0,1785.95697698539,468.52,0.0,176.6,0,0,0.0,3544,1785.95697698539
Data,4381,-0.0,0.0,1159.959827803109,0.0,1580.960172196891,441.68,0.0,173.4,0,0,0.0,3356,1580.960172196891
Data,4382,-0.0,0.0,1323.8952153964615,0.0,1500.4547846035384,464.05,0.0,176.6,0,0,0.0,3465,1500.4547846035384
Data,4383,-0.0,0.0,1469.7550425076342,0.0,955.4949574923656,500.95,0.0,530.8,0,0,0.0,3457,955.4949574923658
Data,4384,-0.0,0.0,1644.5141823972344,0.0,1092.1458176027654,555.74,0.0,176.6,0,0,0.0,3469,1092.1458176027656
Data,4385,-0.0,0.0,1777.1419929803342,0.0,712.5180070196656,678.74,0.0,527.6,0,0,0.0,3696,712.5180070196658
Data,4386,-0.0,0.0,1781.4316429634341,0.0,798.3183570365658,734.65,0.0,527.6,0,0,0.0,3842,798.3183570365659
Data,4387,-0.0,0.0,1791.1140749854344,0.0,726.0759250145653,757.01,0.0,530.8,0,0,0.0,3805,726.0759250145657
Data,4388,-0.0,0.0,1946.0510549088344,0.0,471.3089450911658,691.04,0.0,527.6,0,0,0.0,3636,471.3089450911656
Data,4389,-0.0,0.0,2058.106237273534,0.0,184.8537627264658,617.24,0.0,530.8,0,0,0.0,3391,184.8537627264659
Data,4390,-0.0,0.0,2055.833099534534,0.0,32.52690046546593,568.04,0.0,527.6,0,0,0.0,3184,32.52690046546593
Data,4391,0.0,0.0,2209.4352317656344,0.0,0.0,531.14,0.0,527.6,0,251.17523176563407,0.0,3017,-251.1752317656344
Data,4392,0.0,0.0,2335.7044478834346,0.0,0.0,499.83,0.0,530.8,0,462.33444788343456,0.0,2904,-462.3344478834345
Data,4393,0.0,0.0,2462.6081240828344,0.0,0.0,461.81,0.0,524.4,0,662.8181240828343,0.0,2786,-662.8181240828344
Data,4394,0.0,0.0,2514.0712619545343,0.0,0.0,461.81,0.0,527.6,0,734.481261954534,0.0,2769,-734.4812619545344
Data,4395,0.0,0.0,2481.7833476122437,0.0,0.0,505.42,0.0,524.4,0,634.6033476122439,0.0,2877,-634.6033476122436
Data,4396,0.0,0.0,2440.60965255061,0.0,0.0,526.66,0.0,524.4,0,428.66965255060995,0.0,3063,-428.66965255060995
Data,4397,0.0,0.0,2306.291209359595,0.0,0.0,561.33,0.0,527.6,0,312.2212093595951,0.0,3083,-312.22120935959515
Data,4398,0.0,0.0,2187.9022180902643,0.0,0.0,580.34,0.0,524.4,0,340.6422180902644,0.0,2952,-340.64221809026435
Data,4399,-0.0,0.0,1670.3079708254947,0.0,147.60202917450442,534.49,0.0,527.6,0,-8.242295734817162e-13,0.0,2880,147.60202917450522
Data,4400,-0.0,0.0,1869.932370248894,0.0,501.71762975110613,500.95,0.0,22.4,0,0,0.0,2895,501.71762975110613
Data,4401,-0.0,0.0,1347.2424264708472,0.0,1200.1975735291528,465.16,0.0,22.4,0,0,0.0,3035,1200.1975735291528
Data,4402,-0.0,0.0,1074.0932009394235,0.0,1669.8067990605766,430.5,0.0,25.6,0,0,0.0,3200,1669.8067990605766
Data,4403,-0.0,0.0,1105.264895734336,0.0,1706.485104265664,433.85,0.0,22.4,0,0,0.0,3268,1706.485104265664
Data,4404,-0.0,0.0,1146.6206371545943,0.0,1708.0093628454058,434.97,0.0,22.4,0,0,0.0,3312,1708.0093628454056
Data,4405,-0.0,0.0,1940.6950019155734,0.0,825.8549980844269,414.85,0.0,25.6,0,0,0.0,3207,825.8549980844266
Data,4406,-0.0,0.0,2213.262139558337,0.0,601.2778604416632,452.86,0.0,25.6,0,0,0.0,3293,601.277860441663
Data,4407,-0.0,0.0,2403.0422131734867,0.0,382.8077868265134,495.35,0.0,28.8,0,0,0.0,3310,382.8077868265132
Data,4408,-0.0,0.0,2427.9688578619407,0.0,239.2211421380592,560.21,0.0,25.6,0,0,0.0,3253,239.22114213805926
Data,4409,-0.0,0.0,2389.7139300926156,0.0,0.0,620.59,0.0,527.6,0,133.90393009261567,0.0,3404,-133.9039300926156
Data,4410,-0.0,0.0,2278.0657155590616,0.0,85.08428444093805,710.05,0.0,530.8,0,0,0.0,3604,85.08428444093852
Data,4411,0.0,0.0,2115.471631489934,0.0,237.17836851006598,716.75,0.0,527.6,0,0,0.0,3597,237.17836851006575
Data,4412,0.0,0.0,2117.1190605373345,0.0,166.26093946266576,653.02,0.0,527.6,0,0,0.0,3464,166.26093946266553
Data,4413,0.0,0.0,1918.7753487788345,0.0,229.9046512211654,591.52,0.0,530.8,0,0,0.0,3271,229.90465122116552
Data,4414,0.0,0.0,1883.8543865917345,0.0,149.06561340826568,515.48,0.0,527.6,0,0,0.0,3076,149.06561340826545
Data,4415,0.0,0.0,1853.0497657931342,0.0,104.32023420686562,499.83,0.0,530.8,0,0,0.0,2988,104.3202342068659
Data,4416,0.0,0.0,1793.0790678554345,0.0,94.04093214456577,466.28,0.0,527.6,0,0,0.0,2881,94.04093214456555
Data,4417,0.0,0.0,1803.3819106705341,0.0,0.0,471.87,0.0,527.6,0,38.85191067053404,0.0,2764,-38.85191067053415
Data,4418,0.0,0.0,1812.0979057996544,0.0,0.0,475.23,0.0,524.4,0,58.72790579965463,0.0,2753,-58.72790579965442
Data,4419,0.0,0.0,1791.7858501267133,0.0,48.90414987328671,498.71,0.0,527.6,0,0,0.0,2867,48.90414987328671
Data,4420,0.0,0.0,1738.0522727558764,0.0,233.8877272441237,526.66,0.0,524.4,0,0,0.0,3023,233.88772724412365
Data,4421,0.0,0.0,1864.9939642062936,0.0,152.0760357937066,561.33,0.0,527.6,0,0,0.0,3106,152.0760357937063
Data,4422,0.0,0.0,1864.2455224707446,0.0,0.0,579.22,0.0,524.4,0,77.86552247074474,0.0,2890,-77.86552247074462
Data,4423,-0.0,0.0,1348.1255195379053,0.0,409.7344804620949,506.54,0.0,527.6,0,0,0.0,2792,409.7344804620946
Data,4424,-0.0,0.0,1107.0070438715284,0.0,1231.9029561284715,460.69,0.0,22.4,0,0,0.0,2822,1231.9029561284717
Data,4425,-0.0,0.0,1074.3853380696,0.0,1395.3646619304,414.85,0.0,22.4,0,0,0.0,2907,1395.3646619304
Data,4426,-0.0,0.0,870.9308720717912,0.0,1678.509127928209,415.96,0.0,25.6,0,0,0.0,2991,1678.5091279282087
Data,4427,-0.0,0.0,945.4281265565849,0.0,1591.6218734434149,421.55,0.0,22.4,0,0,0.0,2981,1591.621873443415
Data,4428,-0.0,0.0,579.5690774881193,0.0,1972.2909225118804,432.74,0.0,22.4,0,0,0.0,3007,1972.2909225118806
Data,4429,-0.0,0.0,657.6285540158757,0.0,1971.6014459841242,410.37,0.0,22.4,0,0,0.0,3062,1971.6014459841242
Data,4430,-0.0,0.0,595.8042732210396,0.0,1984.6157267789606,453.98,0.0,25.6,0,0,0.0,3060,1984.6157267789604
Data,4431,-0.0,0.0,595.3666341588935,0.0,1863.483365841107,544.55,0.0,25.6,0,0,0.0,3029,1863.4833658411067
Data,4432,-0.0,0.0,712.2345137440154,0.0,1689.2154862559844,642.95,0.0,25.6,0,0,0.0,3070,1689.2154862559846
Data,4433,-0.0,0.0,1047.180089249779,0.0,952.5999107502213,677.62,0.0,527.6,0,0,0.0,3205,952.5999107502209
Data,4434,-0.0,0.0,1365.0284732323166,0.0,868.5515267676834,726.82,0.0,527.6,0,0,0.0,3488,868.5515267676833
Data,4435,-0.0,0.0,1758.833324042585,0.0,460.24667595741494,739.12,0.0,530.8,0,0,0.0,3489,460.24667595741505
Data,4436,-0.0,0.0,1834.5905324039675,0.0,349.58946759603276,702.22,0.0,527.6,0,0,0.0,3414,349.5894675960325
Data,4437,0.0,0.0,1802.1123429687036,0.0,301.2676570312965,653.02,0.0,527.6,0,0,0.0,3284,301.2676570312964
Data,4438,0.0,0.0,1866.994199269747,0.0,142.98580073025275,579.22,0.0,530.8,0,0,0.0,3120,142.985800730253
Data,4439,0.0,0.0,1983.0203114261813,0.0,0.0,534.49,0.0,527.6,0,148.11031142618123,0.0,2897,-148.11031142618128
Data,4440,0.0,0.0,2115.743920864893,0.0,0.0,525.55,0.0,530.8,0,378.09392086489294,0.0,2794,-378.0939208648929
Data,4441,0.0,0.0,1998.8749255510625,0.0,0.0,537.85,0.0,524.4,0,410.1249255510625,0.0,2651,-410.12492555106246
Data,4442,0.0,0.0,2016.2669077139822,0.0,0.0,546.79,0.0,527.6,0,474.6569077139819,0.0,2616,-474.65690771398215
Data,4443,0.0,0.0,2003.7657263376502,0.0,0.0,575.86,0.0,412.2825,0,213.90822633765052,0.0,2778,-213.90822633765026
Data,4444,0.0,0.0,2054.568853097541,0.0,47.4811469024592,648.55,0.0,173.4,0,0,0.0,2924,47.481146902459244
Data,4445,0.0,0.0,2113.5549493950143,0.0,26.045050604986006,688.8,0.0,176.6,0,0,0.0,3005,26.045050604985732
Data,4446,0.0,0.0,1927.8518369271992,0.0,155.00816307280047,678.74,0.0,173.4,0,0,0.0,2935,155.00816307280078
Data,4447,-0.0,0.0,1307.3047048825183,0.0,833.545295117482,648.55,0.0,176.6,0,0,0.0,2966,833.5452951174817
Data,4448,-0.0,0.0,1112.3175294146026,0.0,1223.3424705853972,604.94,0.0,173.4,0,0,0.0,3114,1223.3424705853972
Data,4449,-0.0,0.0,1284.804474943746,0.0,1076.3555250562538,494.24,0.0,527.6,0,0,0.0,3383,1076.355525056254
Data,4450,-0.0,0.0,1213.166021532946,0.0,1716.143978467054,485.29,0.0,173.4,0,0,0.0,3588,1716.143978467054
Data,4451,-0.0,0.0,973.4090094498114,0.0,2021.9509905501882,494.24,0.0,173.4,0,0,0.0,3663,2021.9509905501886
Data,4452,-0.0,0.0,1279.801750363006,0.0,1690.428249636994,484.17,0.0,176.6,0,0,0.0,3631,1690.428249636994
Data,4453,-0.0,0.0,1135.712170969651,0.0,1365.497829030349,448.39,0.0,524.4,0,0,0.0,3474,1365.497829030349
Data,4454,-0.0,0.0,1512.8474742585217,0.0,1400.7825257414784,508.77,0.0,176.6,0,0,0.0,3599,1400.7825257414784
Data,4455,-0.0,0.0,1540.5962205290964,0.0,925.4737794709038,561.33,0.0,527.6,0,0,0.0,3555,925.4737794709035
Data,4456,-0.0,0.0,1687.0757689490326,0.0,691.8342310509672,657.49,0.0,527.6,0,0,0.0,3564,691.8342310509673
Data,4457,-0.0,0.0,1844.8045664768292,0.0,520.615433523171,773.78,0.0,530.8,0,0,0.0,3670,520.6154335231709
Data,4458,-0.0,0.0,1846.0210801356002,0.0,947.1155198643996,799.5,0.0,233.3634,0,0,0.0,3826,947.1155198643999
Data,4459,-0.0,0.0,1892.4610331125,0.0,657.5422668874999,789.44,0.0,443.5567,0,0,0.0,3783,657.5422668875
Data,4460,0.0,0.0,2000.4785966371,0.0,452.96070336289995,772.66,0.0,383.9007,0,0,0.0,3610,452.9607033629
Data,4461,0.0,0.0,1955.7328326901002,0.0,581.9071673098997,686.56,0.0,179.8,0,0,0.0,3404,581.9071673098999
Data,4462,0.0,0.0,2213.9145479631916,0.0,167.7254520368086,612.76,0.0,176.6,0,0,0.0,3171,167.72545203680843
Data,4463,0.0,0.0,2036.333536444054,0.0,261.45646355594585,535.61,0.0,176.6,0,0,0.0,3010,261.4564635559459
Data,4464,0.0,0.0,2116.406854353101,0.0,82.74314564689894,532.25,0.0,176.6,0,0,0.0,2908,82.74314564689885
Data,4465,0.0,0.0,1990.6246289535,0.0,115.3453710465003,524.43,0.0,176.6,0,0,0.0,2807,115.3453710465001
Data,4466,0.0,0.0,1807.3265843875004,0.0,268.37341561249946,528.9,0.0,173.4,0,0,0.0,2778,268.3734156124997
Data,4467,0.0,0.0,1980.5650762454002,0.0,212.25492375459953,527.78,0.0,173.4,0,0,0.0,2894,212.25492375459984
Data,4468,0.0,0.0,1786.7723089709,0.0,553.1476910291001,564.68,0.0,173.4,0,0,0.0,3078,553.1476910291001
Data,4469,0.0,0.0,2247.9233197687,0.0,128.06668023130032,609.41,0.0,176.6,0,0,0.0,3162,128.06668023130013
Data,4470,0.0,0.0,2152.2078110069,0.0,115.5421889930999,660.85,0.0,173.4,0,0,0.0,3102,115.54218899309987
Data,4471,-0.0,0.0,1646.7920292763001,0.0,718.3779707237,647.43,0.0,173.4,0,0,0.0,3186,718.3779707237
Data,4472,-0.0,0.0,1520.8394768188998,0.0,999.0405231811003,640.72,0.0,173.4,0,0,0.0,3334,999.0405231811002
Data,4473,-0.0,0.0,1506.4794129604,0.0,1347.9605870396001,637.36,0.0,170.2,0,0,0.0,3662,1347.9605870396001
Data,4474,-0.0,0.0,1224.7376582884217,0.0,1828.9523417115784,670.91,0.0,173.4,0,0,0.0,3898,1828.9523417115784
Data,4475,-0.0,0.0,1050.7023693128792,0.0,1953.3176306871208,724.58,0.0,173.4,0,0,0.0,3902,1953.3176306871208
Data,4476,-0.0,0.0,1555.2787805571356,0.0,1394.7712194428645,722.35,0.0,176.6,0,0,0.0,3849,1394.7712194428643
Data,4477,-0.0,0.0,1433.054342893332,0.0,1317.595657106668,716.75,0.0,176.6,0,0,0.0,3644,1317.595657106668
Data,4478,-0.0,0.0,1865.396905114505,0.0,992.5330948854953,742.47,0.0,176.6,0,0,0.0,3777,992.533094885495
Data,4479,-0.0,0.0,2230.741956056863,0.0,753.508043943137,765.95,0.0,28.8,0,0,0.0,3779,753.5080439431372
Data,4480,-0.0,0.0,2380.805207079921,0.0,528.7847929200794,830.81,0.0,25.6,0,0,0.0,3766,528.7847929200792
Data,4481,-0.0,0.0,2394.843212663646,0.0,562.806787336354,839.75,0.0,25.6,0,0,0.0,3823,562.8067873363538
Data,4482,-0.0,0.0,2434.3514810672013,0.0,581.2085189327985,838.64,0.0,28.8,0,0,0.0,3883,581.2085189327987
Data,4483,-0.0,0.0,1995.6051855509,0.0,908.8048144490998,841.99,0.0,25.6,0,0,0.0,3772,908.8048144491
Data,4484,0.0,0.0,2561.7045772893466,0.0,165.0854227106533,855.41,0.0,28.8,0,0,0.0,3611,165.0854227106534
Data,4485,0.0,0.0,2545.680251493493,0.0,0.0,829.69,0.0,28.8,0,11.170251493493218,0.0,3393,-11.170251493493016
Data,4486,0.0,0.0,2513.5829634883867,0.0,0.0,793.91,0.0,25.6,0,161.09296348838657,0.0,3172,-161.09296348838663
Data,4487,0.0,0.0,2499.1475666838764,0.0,0.0,724.58,0.0,28.8,0,247.52756668387667,0.0,3005,-247.5275666838765
Data,4488,0.0,0.0,2475.4989965764635,0.0,0.0,708.93,0.0,25.6,0,356.0289965764633,0.0,2854,-356.02899657646344
Data,4489,0.0,0.0,2472.410739255238,0.0,0.0,696.63,0.0,25.6,0,458.640739255238,0.0,2736,-458.6407392552378
Data,4490,0.0,0.0,2458.8508139699998,0.0,0.0,679.85,0.0,22.4,0,452.10081396999976,0.0,2709,-452.10081396999976
Data,4491,0.0,0.0,2035.5453741853,0.0,100.65462581469978,664.2,0.0,25.6,0,0,0.0,2826,100.65462581469993
Data,4492,0.0,0.0,2370.7951606283,0.0,0.0,712.28,0.0,22.4,0,119.47516062830027,0.0,2986,-119.47516062829996
Data,4493,0.0,0.0,2322.2545125057,0.0,0.0,743.59,0.0,25.6,0,31.444512505700004,0.0,3060,-31.444512505699983
Data,4494,0.0,0.0,2316.3291879611998,0.0,0.0,697.75,0.0,22.4,0,29.47918796119984,0.0,3007,-29.47918796119975
Data,4495,-0.0,0.0,1584.7725057455,0.0,674.0774942545004,667.55,0.0,25.6,0,0,0.0,2952,674.0774942545
Data,4496,-0.0,0.0,1498.0323559177,0.0,897.2976440822999,644.07,0.0,25.6,0,0,0.0,3065,897.2976440822999
Data,4497,-0.0,0.0,991.0482506868,0.0,1708.6617493132,632.89,0.0,22.4,0,0,0.0,3355,1708.6617493132
Data,4498,-0.0,0.0,1242.557944979692,0.0,1666.5420550203085,627.3,0.0,25.6,0,0,0.0,3562,1666.5420550203082
Data,4499,-0.0,0.0,1171.439251035083,0.0,1766.4507489649168,646.31,0.0,28.8,0,0,0.0,3613,1766.450748964917
Data,4500,-0.0,0.0,1162.3251903170149,0.0,1204.2248096829853,660.85,0.0,527.6,0,0,0.0,3555,1204.224809682985
Data,4501,-0.0,0.0,1096.7766939753915,0.0,1022.2933060246082,635.13,0.0,530.8,0,0,0.0,3285,1022.2933060246086
Data,4502,-0.0,0.0,1061.099054659207,0.0,1181.670945340793,647.43,0.0,530.8,0,0,0.0,3421,1181.670945340793
Data,4503,-0.0,0.0,911.7260582908985,0.0,1344.5439417091013,635.13,0.0,527.6,0,0,0.0,3419,1344.5439417091015
Data,4504,-0.0,0.0,925.4152617892562,0.0,1312.5947382107436,645.19,0.0,530.8,0,0,0.0,3414,1312.5947382107438
Data,4505,-0.0,0.0,1051.840753078553,0.0,1371.5192469214467,641.84,0.0,530.8,0,0,0.0,3596,1371.5192469214471
Data,4506,-0.0,0.0,1201.0543220808675,0.0,1330.6156779191326,733.53,0.0,530.8,0,0,0.0,3796,1330.6156779191326
Data,4507,-0.0,0.0,1556.4278450322577,0.0,919.6721549677427,750.3,0.0,527.6,0,0,0.0,3754,919.6721549677424
Data,4508,0.0,0.0,1905.9003032578526,0.0,493.03969674214704,674.26,0.0,530.8,0,0,0.0,3604,493.0396967421475
Data,4509,0.0,0.0,1901.3348583386553,0.0,309.3751416613448,657.49,0.0,530.8,0,0,0.0,3399,309.37514166134474
Data,4510,0.0,0.0,1864.4708548502497,0.0,139.5591451497505,656.37,0.0,527.6,0,0,0.0,3188,139.5591451497503
Data,4511,0.0,0.0,1671.7698662271687,0.0,192.83013377283123,639.6,0.0,530.8,0,0,0.0,3035,192.83013377283135
Data,4512,0.0,0.0,1670.9503112427033,0.0,51.939688757296516,646.31,0.0,530.8,0,0,0.0,2900,51.939688757296835
Data,4513,0.0,0.0,2075.4567993049304,0.0,0.0,638.48,0.0,527.6,0,480.53679930493047,0.0,2761,-480.53679930493047
Data,4514,0.0,0.0,2148.292740347344,0.0,0.0,642.95,0.0,524.4,0,542.6427403473444,0.0,2773,-542.6427403473441
Data,4515,0.0,0.0,1702.20891564485,0.0,50.23108435515005,661.96,0.0,527.6,0,0,0.0,2942,50.23108435514985
Data,4516,0.0,0.0,1831.6218398560002,0.0,378.678160144,701.1,0.0,176.6,0,0,0.0,3088,378.6781601439998
Data,4517,0.0,0.0,1425.7759267186807,0.0,538.0242732813193,769.31,0.0,473.8898,0,0,0.0,3207,538.0242732813194
Data,4518,0.0,0.0,1263.9986083392,0.0,642.2913916608,720.11,0.0,527.6,0,0,0.0,3154,642.2913916608
Data,4519,-0.0,0.0,849.6422050269,0.0,1132.7877949731,680.97,0.0,527.6,0,0,0.0,3191,1132.7877949731
Data,4520,-0.0,0.0,821.7687577369,0.0,1226.9812422630998,660.85,0.0,524.4,0,0,0.0,3234,1226.9812422630998
Data,4521,-0.0,0.0,815.4294414527,0.0,1720.5905585473001,626.18,0.0,179.8,0,0,0.0,3342,1720.5905585473001
Data,4522,-0.0,0.0,865.2763351234839,0.0,1859.0436648765158,613.88,0.0,179.8,0,0,0.0,3518,1859.043664876516
Data,4523,-0.0,0.0,715.5059597268811,0.0,2000.234040273119,649.66,0.0,176.6,0,0,0.0,3542,2000.234040273119
Data,4524,-0.0,0.0,572.0292660096363,0.0,2109.320733990364,660.85,0.0,179.8,0,0,0.0,3522,2109.320733990364
Data,4525,-0.0,0.0,1052.0214189470385,0.0,1520.3385810529612,641.84,0.0,179.8,0,0,0.0,3394,1520.3385810529614
Data,4526,-0.0,0.0,1329.6642919263422,0.0,1499.1857080736581,648.55,0.0,176.6,0,0,0.0,3654,1499.185708073658
Data,4527,-0.0,0.0,1456.6485341210116,0.0,921.5114658789881,691.04,0.0,530.8,0,0,0.0,3600,921.5114658789885
Data,4528,-0.0,0.0,1836.9957919974258,0.0,500.65420800257414,716.75,0.0,527.6,0,0,0.0,3582,500.65420800257414
Data,4529,-0.0,0.0,2103.6375447386577,0.0,309.8324552613421,782.73,0.0,530.8,0,0,0.0,3727,309.8324552613424
Data,4530,-0.0,0.0,1811.750719241963,0.0,762.119280758037,807.33,0.0,530.8,0,0,0.0,3912,762.119280758037
Data,4531,0.0,0.0,1977.7200069940031,0.0,558.9999930059972,810.68,0.0,527.6,0,0,0.0,3875,558.9999930059969
Data,4532,-0.0,0.0,1907.3646835986933,0.0,527.5853164013064,759.25,0.0,530.8,0,0,0.0,3725,527.5853164013067
Data,4533,0.0,0.0,1647.636902797105,0.0,677.0630972028949,676.5,0.0,530.8,0,0,0.0,3532,677.063097202895
Data,4534,0.0,0.0,1505.62902645741,0.0,622.2209735425905,667.55,0.0,527.6,0,0,0.0,3323,622.2209735425901
Data,4535,0.0,0.0,1649.8766965025586,0.0,343.4933034974412,622.83,0.0,530.8,0,0,0.0,3147,343.4933034974414
Data,4536,0.0,0.0,1643.5905995210212,0.0,235.8594004789789,623.95,0.0,527.6,0,0,0.0,3031,235.85940047897873
Data,4537,0.0,0.0,1777.9498616549163,0.0,0.0,611.65,0.0,527.6,0,37.19986165491636,0.0,2880,-37.199861654916276
Data,4538,0.0,0.0,1735.2829012213654,0.0,23.437098778634393,613.88,0.0,524.4,0,0,0.0,2897,23.437098778634663
Data,4539,0.0,0.0,1643.9714581021863,0.0,239.018541897814,609.41,0.0,527.6,0,0,0.0,3020,239.01854189781375
Data,4540,0.0,0.0,2024.6645637669426,0.0,3.4354362330572563,676.5,0.0,524.4,0,0,0.0,3229,3.4354362330574304
Data,4541,0.0,0.0,1920.496891457672,0.0,150.2031085423277,725.7,0.0,527.6,0,0,0.0,3324,150.20310854232787
Data,4542,0.0,0.0,2026.5448334174853,0.0,0.0,740.24,0.0,524.4,0,37.1848334174853,0.0,3254,-37.184833417485265
Data,4543,-0.0,0.0,1986.777695902552,0.0,156.19230409744813,647.43,0.0,527.6,0,0,0.0,3318,156.19230409744796
Data,4544,-0.0,0.0,1644.1540195447933,0.0,535.6059804552066,641.84,0.0,524.4,0,0,0.0,3346,535.6059804552067
Data,4545,-0.0,0.0,840.4015795356,0.0,1454.8584204644003,654.14,0.0,527.6,0,0,0.0,3477,1454.8584204643998
Data,4546,-0.0,0.0,932.9857218141548,0.0,1476.9342781858452,638.48,0.0,527.6,0,0,0.0,3576,1476.9342781858452
Data,4547,-0.0,0.0,807.5071589396546,0.0,1563.222841060345,619.47,0.0,530.8,0,0,0.0,3521,1563.2228410603454
Data,4548,-0.0,0.0,938.0067108087383,0.0,1343.0332891912617,637.36,0.0,527.6,0,0,0.0,3446,1343.0332891912617
Data,4549,-0.0,0.0,1011.7319392921213,0.0,1193.0080607078785,600.46,0.0,530.8,0,0,0.0,3336,1193.0080607078787
Data,4550,-0.0,0.0,1247.2761084819342,0.0,1140.1838915180658,604.94,0.0,527.6,0,0,0.0,3520,1140.1838915180656
Data,4551,-0.0,0.0,1364.3834029027646,0.0,1021.9765970972351,641.84,0.0,530.8,0,0,0.0,3559,1021.9765970972354
Data,4552,-0.0,0.0,1463.7247351896235,0.0,854.1252648103764,722.35,0.0,530.8,0,0,0.0,3571,854.1252648103765
Data,4553,-0.0,0.0,1508.405835234349,0.0,880.0841647656512,793.91,0.0,527.6,0,0,0.0,3710,880.0841647656509
Data,4554,-0.0,0.0,1606.4478989773738,0.0,897.2321010226261,837.52,0.0,530.8,0,0,0.0,3872,897.2321010226262
Data,4555,0.0,0.0,1785.050612205634,0.0,669.5393877943657,830.81,0.0,527.6,0,-3.410605131648481e-13,0.0,3813,669.539387794366
Data,4556,-0.0,0.0,1728.9707235860556,0.0,671.6392764139441,743.59,0.0,530.8,0,0,0.0,3675,671.6392764139445
Data,4557,0.0,0.0,1717.9195499040343,0.0,578.2504500959659,672.03,0.0,530.8,0,0,0.0,3499,578.2504500959658
Data,4558,0.0,0.0,1737.8905493699344,0.0,410.79945063006573,621.71,0.0,527.6,0,0,0.0,3298,410.7994506300655
Data,4559,0.0,0.0,1656.7479595252344,0.0,316.9320404747656,591.52,0.0,530.8,0,0,0.0,3096,316.9320404747657
Data,4560,0.0,0.0,1676.5440198914343,0.0,211.22598010856575,573.63,0.0,527.6,0,0,0.0,2989,211.22598010856564
Data,4561,0.0,0.0,1611.8439845073344,0.0,174.39601549266592,588.16,0.0,527.6,0,0,0.0,2902,174.39601549266558
Data,4562,0.0,0.0,1564.5725447913342,0.0,164.9174552086655,597.11,0.0,524.4,0,0,0.0,2851,164.91745520866584
Data,4563,0.0,0.0,1533.5031729743341,0.0,343.506827025666,571.39,0.0,527.6,0,0,0.0,2976,343.50682702566587
Data,4564,0.0,0.0,1531.5076843995344,0.0,467.77231560046573,616.12,0.0,527.6,0,0,0.0,3143,467.7723156004656
Data,4565,0.0,0.0,1563.6591846780022,0.0,429.66081532199775,712.28,0.0,524.4,0,0,0.0,3230,429.6608153219978
Data,4566,0.0,0.0,1437.6040230637673,0.0,493.57597693623273,702.22,0.0,527.6,0,0,0.0,3161,493.5759769362327
Data,4567,-0.0,0.0,1443.0969752268293,0.0,572.8030247731705,602.7,0.0,524.4,0,0,0.0,3143,572.8030247731707
Data,4568,-0.0,0.0,948.4676406067595,0.0,1053.8823593932407,587.05,0.0,527.6,0,0,0.0,3117,1053.8823593932407
Data,4569,-0.0,0.0,865.7130969151225,0.0,1101.5269030848776,588.16,0.0,527.6,0,0,0.0,3083,1101.5269030848776
Data,4570,-0.0,0.0,543.8370261104616,0.0,1856.312973889538,562.45,0.0,173.4,0,0,0.0,3136,1856.3129738895384
Data,4571,-0.0,0.0,583.2284638731728,0.0,1750.821536126827,569.15,0.0,179.8,0,0,0.0,3083,1750.8215361268271
Data,4572,-0.0,0.0,671.9463131527773,0.0,1617.0036868472225,562.45,0.0,176.6,0,0,0.0,3028,1617.0036868472228
Data,4573,-0.0,0.0,805.9878050102014,0.0,1464.2521949897985,538.96,0.0,179.8,0,0,0.0,2989,1464.2521949897985
Data,4574,-0.0,0.0,1062.1209782503327,0.0,874.2390217496674,568.04,0.0,527.6,0,0,0.0,3032,874.2390217496674
Data,4575,-0.0,0.0,1225.6800920453636,0.0,648.7099079546363,584.81,0.0,530.8,0,0,0.0,2990,648.7099079546365
Data,4576,-0.0,0.0,1248.7754146015545,0.0,612.2745853984457,618.35,0.0,527.6,0,0,0.0,3007,612.2745853984454
Data,4577,-0.0,0.0,1690.4111888942373,0.0,348.5288111057625,674.26,0.0,530.8,0,0,0.0,3244,348.52881110576277
Data,4578,-0.0,0.0,1577.6635192044341,0.0,628.1364807955662,762.6,0.0,527.6,0,0,0.0,3496,628.1364807955658
Data,4579,0.0,0.0,1765.2223016296343,0.0,436.1276983703657,783.85,0.0,530.8,0,0,0.0,3516,436.1276983703657
Data,4580,0.0,0.0,1777.8812972254345,0.0,388.1087027745658,732.41,0.0,527.6,0,0,0.0,3426,388.1087027745655
Data,4581,0.0,0.0,1762.4000781154346,0.0,300.94992188456547,679.85,0.0,530.8,0,0,0.0,3274,300.94992188456547
Data,4582,0.0,0.0,1805.3234191782344,0.0,124.03658082176537,641.84,0.0,530.8,0,0,0.0,3102,124.0365808217656
Data,4583,0.0,0.0,1926.0584787308344,0.0,0.0,606.05,0.0,527.6,0,11.708478730834145,0.0,3048,-11.708478730834372
Data,4584,0.0,0.0,1973.2696652897457,0.0,0.0,604.94,0.0,530.8,0,159.009665289746,0.0,2950,-159.00966528974573
Data,4585,0.0,0.0,1873.5468934371147,0.0,0.0,635.13,0.0,524.4,0,216.0768934371148,0.0,2817,-216.07689343711468
Data,4586,0.0,0.0,1957.0535458357551,0.0,0.0,630.65,0.0,527.6,0,283.30354583575513,0.0,2832,-283.30354583575513
Data,4587,0.0,0.0,1926.9850284342301,0.0,0.0,594.87,0.0,524.4,0,63.25502843422999,0.0,2983,-63.2550284342301
Data,4588,0.0,0.0,1797.2899488052788,0.0,162.10005119472135,634.01,0.0,527.6,0,0,0.0,3121,162.10005119472123
Data,4589,0.0,0.0,1738.3922728524988,0.0,275.2977271475013,670.91,0.0,524.4,0,0,0.0,3209,275.2977271475013
Data,4590,0.0,0.0,1607.5439323987107,0.0,309.8260676012894,672.03,0.0,527.6,0,0,0.0,3117,309.8260676012893
Data,4591,-0.0,0.0,1492.6833396228544,0.0,683.5066603771455,609.41,0.0,173.4,0,0,0.0,2959,683.5066603771456
Data,4592,-0.0,0.0,1416.1927452183736,0.0,659.0972547816264,597.11,0.0,176.6,0,0,0.0,2849,659.0972547816264
Data,4593,-0.0,0.0,1322.4383295502,0.0,736.1716704497996,595.99,0.0,173.4,0,0,0.0,2828,736.1716704498
Data,4594,-0.0,0.0,990.2574475414001,0.0,1066.6825524586,600.46,0.0,176.6,0,0,0.0,2834,1066.6825524586
Data,4595,-0.0,0.0,683.4703211597999,0.0,1288.6496788402,638.48,0.0,173.4,0,0,0.0,2784,1288.6496788402
Data,4596,-0.0,0.0,530.7715358738,0.0,1534.0684641262,563.56,0.0,176.6,0,0,0.0,2805,1534.0684641262
Data,4597,-0.0,0.0,545.5584427719999,0.0,1469.441557228,541.2,0.0,179.8,0,0,0.0,2736,1469.441557228
Data,4598,-0.0,0.0,585.9799640225265,0.0,1439.250035977473,557.97,0.0,179.8,0,0,0.0,2763,1439.2500359774735
Data,4599,-0.0,0.0,612.8803823152193,0.0,1388.3493176847808,587.05,0.0,210.7203,0,0,0.0,2799,1388.3493176847808
Data,4600,-0.0,0.0,679.6232590218151,0.0,969.0267409781848,667.55,0.0,530.8,0,0,0.0,2847,969.026740978185
Data,4601,-0.0,0.0,929.230492971047,0.0,1175.8695070289532,750.3,0.0,176.6,0,0,0.0,3032,1175.869507028953
Data,4602,-0.0,0.0,1324.666230908113,0.0,718.693769091887,814.04,0.0,527.6,0,0,0.0,3385,718.693769091887
Data,4603,0.0,0.0,1858.6861113318737,0.0,541.6238886681261,805.09,0.0,176.6,0,0,0.0,3382,541.6238886681263
Data,4604,0.0,0.0,1901.9846210446888,0.0,495.6753789553111,752.54,0.0,179.8,0,0,0.0,3330,495.67537895531126
Data,4605,0.0,0.0,1869.548020497858,0.0,488.95197950214185,651.9,0.0,176.6,0,0,0.0,3187,488.95197950214197
Data,4606,0.0,0.0,1898.500806612165,0.0,0.0,595.99,0.0,530.8,0,10.290806612165163,0.0,3015,-10.290806612164943
Data,4607,0.0,0.0,1733.8784625553676,0.0,7.541537444632489,576.98,0.0,527.6,0,0,0.0,2846,7.541537444632354
Data,4608,0.0,0.0,1923.6790918856825,0.0,0.0,571.39,0.0,278.2363,0,25.30539188568231,0.0,2748,-25.305391885682525
Data,4609,0.0,0.0,1686.7752461474954,0.0,363.9947538525046,573.63,0.0,25.6,0,0,0.0,2650,363.9947538525046
Data,4610,0.0,0.0,1948.328311981987,0.0,122.5216880180128,574.75,0.0,22.4,0,0,0.0,2668,122.5216880180129
Data,4611,0.0,0.0,1942.5755564941867,0.0,219.72444350581358,578.1,0.0,25.6,0,0,0.0,2766,219.7244435058133
Data,4612,0.0,0.0,1892.9483745831346,0.0,456.2616254168654,571.39,0.0,22.4,0,0,0.0,2943,456.2616254168654
Data,4613,0.0,0.0,1888.234548525736,0.0,546.7154514742638,562.45,0.0,25.6,0,0,0.0,3023,546.7154514742639
Data,4614,0.0,0.0,1191.5299486231,0.0,1210.1400513769001,585.93,0.0,22.4,0,0,0.0,3010,1210.1400513769001
Data,4615,0.0,0.0,1020.6714638812998,0.0,1413.3785361187004,599.35,0.0,25.6,0,0,0.0,3059,1413.3785361187001
Data,4616,-0.0,0.0,1211.6680890564003,0.0,1256.7619109435996,607.17,0.0,22.4,0,0,0.0,3098,1256.7619109435998
Data,4617,-0.0,0.0,801.2242947803,0.0,1832.6657052196997,621.71,0.0,22.4,0,0,0.0,3278,1832.6657052197
Data,4618,-0.0,0.0,389.2258061393,0.0,2379.1041938607,644.07,0.0,25.6,0,0,0.0,3438,2379.1041938607
Data,4619,-0.0,0.0,358.33626023690005,0.0,2407.0,677.62,0.0,22.4,0,-2.643739763099952,0.0,3468,2409.6437397631
Data,4620,-0.0,0.0,451.3253759619483,0.0,1896.4704240380515,712.28,0.0,418.9242,0,0,0.0,3479,1896.4704240380518
Data,4621,-0.0,0.0,566.4922668567114,0.0,1951.1577331432886,716.75,0.0,176.6,0,0,0.0,3411,1951.1577331432886
Data,4622,-0.0,0.0,609.9091401535641,0.0,1921.1408598464361,741.35,0.0,176.6,0,0,0.0,3449,1921.140859846436
Data,4623,-0.0,0.0,665.2025480160808,0.0,1864.347451983919,734.65,0.0,179.8,0,0,0.0,3444,1864.3474519839192
Data,4624,-0.0,0.0,802.142816057676,0.0,1734.3071839423237,746.95,0.0,176.6,0,0,0.0,3460,1734.307183942324
Data,4625,-0.0,0.0,1835.0228006340265,0.0,445.02719936597373,741.35,0.0,527.6,0,0,0.0,3549,445.0271993659735
Data,4626,-0.0,0.0,2294.956990750758,0.0,129.6530092492418,743.59,0.0,530.8,0,0,0.0,3699,129.65300924924202
Data,4627,0.0,0.0,2559.1488073665423,0.0,19.010092633457447,788.32,0.0,253.5211,0,0,0.0,3620,19.010092633457646
Data,4628,-0.0,0.0,2583.369156760149,0.0,0.0,807.33,0.0,176.6,0,26.299156760148897,0.0,3541,-26.29915676014909
Data,4629,0.0,0.0,2587.9866409602705,0.0,0.0,780.49,0.0,296.0691,0,294.5457409602711,0.0,3370,-294.5457409602705
Data,4630,0.0,0.0,2423.3833975046714,0.0,0.0,762.6,0.0,179.8,0,212.78339750467157,0.0,3153,-212.78339750467143
Data,4631,0.0,0.0,2522.6223258868454,0.0,0.0,778.25,0.0,527.6,0,864.4723258868454,0.0,2964,-864.4723258868454
Data,4632,0.0,0.0,2569.7128084727956,0.0,0.0,776.02,0.0,530.8,0,1017.532808472795,0.0,2859,-1017.5328084727955
Data,4633,0.0,0.0,2558.4758501023393,0.0,0.0,754.77,0.0,527.6,0,1120.8458501023392,0.0,2720,-1120.8458501023392
Data,4634,0.0,0.0,1743.6877233607397,0.0,0.0,754.77,0.0,524.4,0,280.8577233607397,0.0,2742,-280.85772336073967
Data,4635,0.0,0.0,1911.9949017167191,0.0,0.0,771.55,0.0,527.6,0,337.1449017167191,0.0,2874,-337.1449017167191
Data,4636,0.0,0.0,2030.8066924767063,0.0,0.0,774.9,0.0,524.4,0,293.1066924767066,0.0,3037,-293.10669247670626
Data,4637,0.0,0.0,1737.5294743705374,0.0,438.50052562946274,779.37,0.0,176.6,0,0,0.0,3132,438.5005256294626
Data,4638,0.0,0.0,1369.8606913063063,0.0,729.4193086936934,788.32,0.0,173.4,0,0,0.0,3061,729.4193086936937
Data,4639,0.0,0.0,1231.4899426040338,0.0,582.3000573959661,781.61,0.0,527.6,0,0,0.0,3123,582.3000573959662
Data,4640,-0.0,0.0,1029.1062090041,0.0,1384.3537909959,777.14,0.0,22.4,0,0,0.0,3213,1384.3537909959
Data,4641,-0.0,0.0,907.0169323260103,0.0,1713.0230676739895,760.36,0.0,25.6,0,0,0.0,3406,1713.0230676739898
Data,4642,-0.0,0.0,700.2475834354435,0.0,2126.0424165645563,769.31,0.0,22.4,0,0,0.0,3618,2126.0424165645563
Data,4643,-0.0,0.0,1080.243778243297,0.0,1545.206221756703,765.95,0.0,25.6,0,0,0.0,3417,1545.2062217567031
Data,4644,-0.0,0.0,1111.0014142195193,0.0,1437.7885857804806,781.61,0.0,25.6,0,0,0.0,3356,1437.7885857804806
Data,4645,-0.0,0.0,1582.1670065079,0.0,723.2929934921001,777.14,0.0,22.4,0,0,0.0,3105,723.2929934921001
Data,4646,-0.0,0.0,1485.6513568772002,0.0,862.2986431227996,778.25,0.0,28.8,0,0,0.0,3155,862.2986431227998
Data,4647,-0.0,0.0,2118.5022535624253,0.0,352.2877464375746,781.61,0.0,25.6,0,0,0.0,3278,352.2877464375747
Data,4648,-0.0,0.0,2232.4945264530174,0.0,280.26547354698215,789.44,0.0,28.8,0,0,0.0,3331,280.2654735469825
Data,4649,-0.0,0.0,2306.784967230325,0.0,453.76503276967503,802.85,0.0,25.6,0,0,0.0,3589,453.7650327696749
Data,4650,-0.0,0.0,2416.2625239131403,0.0,480.29747608685955,838.64,0.0,28.8,0,0,0.0,3764,480.2974760868597
Data,4651,0.0,0.0,2542.140879857797,0.0,275.1891201422031,840.87,0.0,28.8,0,0,0.0,3687,275.1891201422032
Data,4652,0.0,0.0,2564.194047673154,0.0,129.27595232684638,831.93,0.0,25.6,0,0,0.0,3551,129.27595232684624
Data,4653,0.0,0.0,2569.2553114095067,0.0,0.0,809.56,0.0,25.6,0,55.415311409506664,0.0,3349,-55.41531140950665
Data,4654,0.0,0.0,2448.115915715356,0.0,0.0,807.33,0.0,28.8,0,139.24591571535615,0.0,3145,-139.24591571535615
Data,4655,0.0,0.0,2584.4302317110682,0.0,0.0,807.33,0.0,25.6,0,437.360231711068,0.0,2980,-437.3602317110683
Data,4656,0.0,0.0,2550.159485186936,0.0,0.0,799.5,0.0,25.6,0,510.2594851869356,0.0,2865,-510.2594851869359
Data,4657,0.0,0.0,2518.4641962514343,0.0,0.0,783.85,0.0,22.4,0,567.7141962514343,0.0,2757,-567.7141962514343
Data,4658,0.0,0.0,2412.1590939314583,0.0,0.0,789.44,0.0,25.6,0,477.19909393145815,0.0,2750,-477.1990939314584
Data,4659,0.0,0.0,2454.347399750147,0.0,0.0,791.67,0.0,22.4,0,367.4173997501473,0.0,2901,-367.41739975014684
Data,4660,0.0,0.0,2409.132661200483,0.0,0.0,790.55,0.0,25.6,0,135.28266120048266,0.0,3090,-135.28266120048315
Data,4661,0.0,0.0,2354.292049561594,0.0,0.0,816.27,0.0,22.4,0,62.96204956159396,0.0,3130,-62.96204956159399
Data,4662,0.0,0.0,2327.4221739105033,0.0,0.0,816.27,0.0,22.4,0,88.0921739105031,0.0,3078,-88.09217391050325
Data,4663,-0.0,0.0,2250.4295407748,0.0,0.0,791.67,0.0,25.6,0,25.69954077479997,0.0,3042,-25.69954077479995
Data,4664,-0.0,0.0,2171.6247626183,0.0,46.725237381700026,778.25,0.0,22.4,0,0,0.0,3019,46.72523738170012
Data,4665,-0.0,0.0,1794.6705493990003,0.0,645.259450601,742.47,0.0,25.6,0,0,0.0,3208,645.2594506009997
Data,4666,-0.0,0.0,1737.0444065149002,0.0,918.5455934851,707.81,0.0,25.6,0,0,0.0,3389,918.5455934850999
Data,4667,-0.0,0.0,1812.1811860793887,0.0,819.6088139206113,732.41,0.0,28.8,0,0,0.0,3393,819.6088139206114
Data,4668,-0.0,0.0,1817.523666243456,0.0,767.9863337565442,755.89,0.0,25.6,0,0,0.0,3367,767.9863337565439
Data,4669,-0.0,0.0,1922.7458726804998,0.0,360.77412731950017,736.88,0.0,25.6,0,0,0.0,3046,360.77412731950017
Data,4670,-0.0,0.0,2004.5417386116162,0.0,443.1882613883833,742.47,0.0,28.8,0,0,0.0,3219,443.18826138838375
Data,4671,-0.0,0.0,1799.039265431779,0.0,152.120734568221,740.24,0.0,527.6,0,0,0.0,3219,152.12073456822088
Data,4672,-0.0,0.0,1833.514297156153,0.0,140.7957028438471,755.89,0.0,530.8,0,0,0.0,3261,140.79570284384715
Data,4673,-0.0,0.0,2081.1363806912887,0.0,135.76361930871153,799.5,0.0,527.6,0,0,0.0,3544,135.76361930871133
Data,4674,-0.0,0.0,1979.0964884093669,0.0,442.5635115906331,801.74,0.0,527.6,0,0,0.0,3751,442.5635115906331
Data,4675,-0.0,0.0,1767.9196407279442,0.0,603.7903592720558,780.49,0.0,530.8,0,0,0.0,3683,603.7903592720559
Data,4676,-0.0,0.0,1645.743198693442,0.0,591.5168013065582,777.14,0.0,527.6,0,0,0.0,3542,591.5168013065579
Data,4677,0.0,0.0,1712.9120733662403,0.0,331.5079266337596,773.78,0.0,530.8,0,0,0.0,3349,331.5079266337598
Data,4678,0.0,0.0,1810.9079049006489,0.0,71.95209509935125,752.54,0.0,527.6,0,0,0.0,3163,71.95209509935114
Data,4679,0.0,0.0,1868.373006448265,0.0,0.0,753.65,0.0,530.8,0,155.82300644826523,0.0,2997,-155.8230064482649
Data,4680,0.0,0.0,2117.033788683246,0.0,0.0,762.6,0.0,530.8,0,530.433788683246,0.0,2880,-530.4337886832458
Data,4681,0.0,0.0,2155.3675862963537,0.0,0.0,744.71,0.0,524.4,0,636.4775862963537,0.0,2788,-636.4775862963537
Data,4682,0.0,0.0,2135.6113611114683,0.0,0.0,748.06,0.0,527.6,0,624.2713611114681,0.0,2787,-624.2713611114683
Data,4683,0.0,0.0,2249.7727710979416,0.0,0.0,749.18,0.0,524.4,0,579.3527710979414,0.0,2944,-579.3527710979415
Data,4684,0.0,0.0,2182.5346067019223,0.0,0.0,781.61,0.0,527.6,0,371.7446067019222,0.0,3120,-371.7446067019223
Data,4685,0.0,0.0,2105.105720512278,0.0,0.0,780.49,0.0,524.4,0,199.99572051227824,0.0,3210,-199.9957205122779
Data,4686,0.0,0.0,1724.1025816068088,0.0,157.27741839319125,776.02,0.0,527.6,0,0,0.0,3185,157.27741839319117
Data,4687,0.0,0.0,1555.039115580417,0.0,344.43088441958275,758.13,0.0,524.4,0,0,0.0,3182,344.430884419583
Data,4688,-0.0,0.0,1315.6859586125968,0.0,583.4540413874032,723.46,0.0,524.4,0,0,0.0,3147,583.4540413874032
Data,4689,-0.0,0.0,925.6134562441044,0.0,1150.736543755896,710.05,0.0,527.6,0,0,0.0,3314,1150.7365437558956
Data,4690,-0.0,0.0,641.5800840281,0.0,1576.6299159719001,694.39,0.0,524.4,0,0,0.0,3437,1576.6299159719001
Data,4691,-0.0,0.0,394.6084326160423,0.0,1829.8415673839575,692.15,0.0,524.4,0,0,0.0,3441,1829.8415673839577
Data,4692,-0.0,0.0,506.2054437510416,0.0,1655.484556248958,695.51,0.0,530.8,0,0,0.0,3388,1655.4845562489584
Data,4693,0.0,0.0,566.7268197294625,0.0,1391.1131802705377,686.56,0.0,527.6,0,0,0.0,3172,1391.1131802705377
Data,4694,-0.0,0.0,660.1446612041265,0.0,1407.3553387958734,725.7,0.0,530.8,0,0,0.0,3324,1407.3553387958736
Data,4695,-0.0,0.0,691.9779060782688,0.0,1354.3420939217308,736.88,0.0,530.8,0,0,0.0,3314,1354.3420939217312
Data,4696,-0.0,0.0,751.7732762906768,0.0,1402.8767237093234,716.75,0.0,527.6,0,0,0.0,3399,1402.8767237093232
Data,4697,-0.0,0.0,1002.9030260566667,0.0,1346.5769739433329,763.72,0.0,530.8,0,0,0.0,3644,1346.5769739433333
Data,4698,-0.0,0.0,1398.2848037573872,0.0,1148.6251962426127,780.49,0.0,527.6,0,0,0.0,3855,1148.6251962426127
Data,4699,0.0,0.0,1892.889033350964,0.0,569.400966649036,793.91,0.0,530.8,0,0,0.0,3787,569.4009666490361
Data,4700,0.0,0.0,1918.9402246714349,0.0,383.8997753285653,809.56,0.0,527.6,0,0,0.0,3640,383.89977532856517
Data,4701,0.0,0.0,2058.1345689258324,0.0,89.40543107416781,772.66,0.0,530.8,0,0,0.0,3451,89.40543107416772
Data,4702,0.0,0.0,2256.174553117779,0.0,0.0,760.36,0.0,527.6,0,277.134553117779,0.0,3267,-277.134553117779
Data,4703,0.0,0.0,2290.876887144337,0.0,0.0,751.42,0.0,530.8,0,402.09688714433736,0.0,3171,-402.0968871443371
Data,4704,0.0,0.0,2376.9305575417748,0.0,0.0,753.65,0.0,527.6,0,619.1805575417749,0.0,3039,-619.1805575417748
Data,4705,0.0,0.0,2243.012835671919,0.0,0.0,788.32,0.0,527.6,0,624.9328356719193,0.0,2934,-624.9328356719193
Data,4706,0.0,0.0,2216.2233611995025,0.0,0.0,782.73,0.0,524.4,0,613.3533611995027,0.0,2910,-613.3533611995025
Data,4707,0.0,0.0,2101.4455442788676,0.0,0.0,770.43,0.0,527.6,0,317.47554427886735,0.0,3082,-317.4755442788676
Data,4708,0.0,0.0,2185.7004008579142,0.0,0.0,767.07,0.0,524.4,0,221.17040085791461,0.0,3256,-221.17040085791427
Data,4709,0.0,0.0,2113.7649133049135,0.0,0.0,790.55,0.0,524.4,0,107.71491330491341,0.0,3321,-107.71491330491347
Data,4710,0.0,0.0,1741.3236522321722,0.0,228.33634776782787,801.74,0.0,527.6,0,0,0.0,3299,228.33634776782776
Data,4711,0.0,0.0,1370.2487151576518,0.0,651.4012848423481,746.95,0.0,524.4,0,0,0.0,3293,651.4012848423482
Data,4712,-0.0,0.0,1228.595403487058,0.0,787.754596512942,710.05,0.0,527.6,0,0,0.0,3254,787.7545965129419
Data,4713,-0.0,0.0,604.8520177125272,0.0,1491.527982287473,702.22,0.0,524.4,0,0,0.0,3323,1491.5279822874727
Data,4714,-0.0,0.0,576.9918224916855,0.0,1695.8081775083147,688.8,0.0,524.4,0,0,0.0,3486,1695.8081775083147
Data,4715,-0.0,0.0,573.4923260849768,0.0,1671.6976739150232,683.21,0.0,527.6,0,0,0.0,3456,1671.6976739150232
Data,4716,-0.0,0.0,703.3888406471015,0.0,1510.4711593528982,678.74,0.0,524.4,0,0,0.0,3417,1510.4711593528987
Data,4717,-0.0,0.0,727.1132553307148,0.0,1293.2967446692853,669.79,0.0,530.8,0,0,0.0,3221,1293.2967446692853
Data,4718,-0.0,0.0,803.5203042318337,0.0,1361.139695768166,678.74,0.0,527.6,0,0,0.0,3371,1361.1396957681663
Data,4719,-0.0,0.0,1114.7257454412666,0.0,1012.7842545587332,706.69,0.0,530.8,0,0,0.0,3365,1012.7842545587334
Data,4720,-0.0,0.0,1617.8340944001343,0.0,564.0359055998656,733.53,0.0,527.6,0,0,0.0,3443,564.0359055998657
Data,4721,-0.0,0.0,1698.2388864740003,0.0,677.4811135259995,761.48,0.0,530.8,0,0,0.0,3668,677.4811135259997
Data,4722,-0.0,0.0,1723.2743651280002,0.0,771.5656348719999,809.56,0.0,527.6,0,0,0.0,3832,771.5656348719998
Data,4723,-0.0,0.0,1780.2914793577002,0.0,589.3385206422995,828.57,0.0,530.8,0,0,0.0,3729,589.3385206422998
Data,4724,-0.0,0.0,1815.1101099863001,0.0,461.43989001370005,802.85,0.0,527.6,0,0,0.0,3607,461.4398900136998
Data,4725,-0.0,0.0,1853.4439378534003,0.0,237.80606214659974,765.95,0.0,530.8,0,0,0.0,3388,237.80606214659974
Data,4726,-0.0,0.0,1844.2104290184916,0.0,88.8395709815085,741.35,0.0,527.6,0,0,0.0,3202,88.83957098150836
Data,4727,0.0,0.0,1891.6402961289427,0.0,0.0,716.75,0.0,530.8,0,41.190296128943004,0.0,3098,-41.19029612894269
Data,4728,0.0,0.0,1979.142795561612,0.0,0.0,722.35,0.0,527.6,0,245.0927955616118,0.0,2984,-245.0927955616121
Data,4729,0.0,0.0,1901.0773764927617,0.0,0.0,758.13,0.0,524.4,0,333.6073764927619,0.0,2850,-333.60737649276166
Data,4730,0.0,0.0,1956.8191968318038,0.0,0.0,736.88,0.0,527.6,0,401.29919683180367,0.0,2820,-401.2991968318038
Data,4731,0.0,0.0,1959.463744053639,0.0,0.0,745.83,0.0,524.4,0,290.6937440536389,0.0,2939,-290.69374405363897
Data,4732,0.0,0.0,1731.0732817139456,0.0,126.51671828605427,757.01,0.0,524.4,0,0,0.0,3139,126.51671828605447
Data,4733,0.0,0.0,1962.4808908878676,0.0,0.0,774.9,0.0,524.4,0,63.78089088786784,0.0,3198,-63.7808908878676
Data,4734,0.0,0.0,1877.0686255577345,0.0,0.0,793.91,0.0,527.6,0,86.5786255577343,0.0,3112,-86.57862555773454
Data,4735,0.0,0.0,1970.3974026955002,0.0,0.0,763.72,0.0,524.4,0,145.51740269550035,0.0,3113,-145.5174026955002
Data,4736,-0.0,0.0,1679.6949068767226,0.0,212.40509312327765,750.3,0.0,527.6,0,0,0.0,3170,212.40509312327742
Data,4737,-0.0,0.0,1912.4609557181436,0.0,159.22904428185646,670.91,0.0,524.4,0,0,0.0,3267,159.22904428185643
Data,4738,-0.0,0.0,1657.6078357590832,0.0,473.18216424091673,658.61,0.0,527.6,0,0,0.0,3317,473.1821642409168
Data,4739,-0.0,0.0,1554.135262809113,0.0,388.8447371908869,677.62,0.0,524.4,0,0,0.0,3145,388.8447371908869
Data,4740,-0.0,0.0,1621.5452321456723,0.0,289.8447678543276,683.21,0.0,524.4,0,0,0.0,3119,289.84476785432764
Data,4741,-0.0,0.0,1780.2519413544471,0.0,107.50805864555268,641.84,0.0,524.4,0,0,0.0,3054,107.50805864555286
Data,4742,-0.0,0.0,1667.1635082320136,0.0,244.6664917679863,656.37,0.0,530.8,0,0,0.0,3099,244.66649176798649
Data,4743,-0.0,0.0,1804.9204837676973,0.0,381.4995162323028,699.98,0.0,176.6,0,0,0.0,3063,381.49951623230265
Data,4744,-0.0,0.0,1797.5046975131777,0.0,95.7353024868225,711.16,0.0,527.6,0,0,0.0,3132,95.73530248682232
Data,4745,-0.0,0.0,1678.0340441212425,0.0,374.62595587875745,752.54,0.0,530.8,0,0,0.0,3336,374.6259558787576
Data,4746,-0.0,0.0,1698.2038029571,0.0,515.5261970429,791.67,0.0,527.6,0,0,0.0,3533,515.5261970429001
Data,4747,0.0,0.0,1639.6393620763374,0.0,513.2606379236627,799.5,0.0,527.6,0,0,0.0,3480,513.2606379236626
Data,4748,0.0,0.0,1661.4890193148121,0.0,396.9209806851878,792.79,0.0,530.8,0,0,0.0,3382,396.92098068518794
Data,4749,0.0,0.0,1639.8543115973707,0.0,280.23568840262936,769.31,0.0,527.6,0,0,0.0,3217,280.2356884026293
Data,4750,0.0,0.0,1556.853615732006,0.0,237.5263842679937,726.82,0.0,530.8,0,0,0.0,3052,237.5263842679941
Data,4751,0.0,0.0,1511.5560902994487,0.0,214.85390970055136,718.99,0.0,527.6,0,0,0.0,2973,214.8539097005513
Data,4752,0.0,0.0,1537.8143668389685,0.0,136.0456331610311,703.34,0.0,530.8,0,0,0.0,2908,136.04563316103156
Data,4753,0.0,0.0,1449.644403585821,0.0,176.8655964141787,682.09,0.0,524.4,0,0,0.0,2833,176.86559641417898
Data,4754,0.0,0.0,1394.0807912233681,0.0,188.21920877663203,701.1,0.0,527.6,0,0,0.0,2811,188.21920877663183
Data,4755,0.0,0.0,1597.982019819537,0.0,96.747980180463,717.87,0.0,524.4,0,0,0.0,2937,96.74798018046295
Data,4756,0.0,0.0,1658.5780850633,0.0,155.48191493670004,752.54,0.0,524.4,0,0,0.0,3091,155.48191493670004
Data,4757,0.0,0.0,1623.992159541567,0.0,227.52784045843302,786.08,0.0,524.4,0,0,0.0,3162,227.52784045843305
Data,4758,0.0,0.0,1348.79404592316,0.0,369.28595407684,788.32,0.0,527.6,0,0,0.0,3034,369.28595407683997
Data,4759,0.0,0.0,1233.608584466602,0.0,404.1514155333978,764.84,0.0,524.4,0,0,0.0,2927,404.151415533398
Data,4760,-0.0,0.0,1101.4034751503625,0.0,895.1465248496376,710.05,0.0,173.4,0,0,0.0,2880,895.1465248496376
Data,4761,-0.0,0.0,981.8760517366387,0.0,660.1739482633612,667.55,0.0,524.4,0,0,0.0,2834,660.1739482633614
Data,4762,-0.0,0.0,585.5560781458606,0.0,1138.6539218541395,645.19,0.0,527.6,0,0,0.0,2897,1138.6539218541393
Data,4763,-0.0,0.0,506.6793996899182,0.0,1525.0206003100816,651.9,0.0,173.4,0,0,0.0,2857,1525.0206003100818
Data,4764,-0.0,0.0,568.6962259638369,0.0,1522.173774036163,659.73,0.0,173.4,0,0,0.0,2924,1522.173774036163
Data,4765,-0.0,0.0,549.1592941308185,0.0,1576.4731058691818,612.76,0.0,284.6076,0,0,0.0,3023,1576.4731058691816
Data,4766,-0.0,0.0,507.992454407996,0.0,1329.497545592004,621.71,0.0,530.8,0,0,0.0,2990,1329.497545592004
Data,4767,-0.0,0.0,462.6366320950275,0.0,1344.8733679049728,632.89,0.0,527.6,0,0,0.0,2968,1344.8733679049724
Data,4768,-0.0,0.0,493.05652056418535,0.0,1240.1334794358147,683.21,0.0,527.6,0,0,0.0,2944,1240.1334794358145
Data,4769,-0.0,0.0,626.5398391410812,0.0,1259.3801608589188,761.48,0.0,527.6,0,0,0.0,3175,1259.3801608589188
Data,4770,-0.0,0.0,844.2351652281,0.0,1309.2148347718999,839.75,0.0,530.8,0,0,0.0,3524,1309.2148347719
Data,4771,0.0,0.0,1136.8308854595,0.0,967.6291145405,850.94,0.0,527.6,0,0,0.0,3483,967.6291145404999
Data,4772,0.0,0.0,1282.0936616256001,0.0,789.2063383744,824.1,0.0,527.6,0,0,0.0,3423,789.2063383743998
Data,4773,0.0,0.0,1458.1382314081002,0.0,463.6117685918996,808.45,0.0,530.8,0,0,0.0,3261,463.6117685918998
Data,4774,0.0,0.0,1597.2645392355,0.0,235.48546076449998,734.65,0.0,527.6,0,0,0.0,3095,235.48546076449998
Data,4775,0.0,0.0,1537.1445593621002,0.0,162.4854406378995,705.57,0.0,530.8,0,0,0.0,2936,162.48544063789984
Data,4776,0.0,0.0,1402.8782114658002,0.0,237.96178853419997,686.56,0.0,527.6,0,0,0.0,2855,237.96178853419985
Data,4777,0.0,0.0,1307.9263153666,0.0,225.05368463340005,677.62,0.0,524.4,0,0,0.0,2735,225.05368463340005
Data,4778,0.0,0.0,1466.4146816009002,0.0,33.46531839909994,714.52,0.0,527.6,0,0,0.0,2742,33.46531839909983
Data,4779,0.0,0.0,1583.1253214809578,0.0,22.534678519041922,727.94,0.0,524.4,0,0,0.0,2858,22.53467851904213
Data,4780,0.0,0.0,1530.1372706294212,0.0,191.8927293705789,779.37,0.0,527.6,0,0,0.0,3029,191.89272937057876
Data,4781,0.0,0.0,1335.3435528434554,0.0,478.11644715654455,777.14,0.0,524.4,0,0,0.0,3115,478.1164471565446
Data,4782,0.0,0.0,1094.2378613244673,0.0,698.2221386755326,777.14,0.0,524.4,0,0,0.0,3094,698.2221386755327
Data,4783,0.0,0.0,589.05885210927,0.0,1359.59114789073,716.75,0.0,527.6,0,0,0.0,3193,1359.59114789073
Data,4784,-0.0,0.0,401.7508146869,0.0,1650.6991853130999,692.15,0.0,524.4,0,0,0.0,3269,1650.6991853131
Data,4785,-0.0,0.0,285.97503896086766,0.0,2002.3949610391323,672.03,0.0,527.6,0,0,0.0,3488,2002.3949610391323
Data,4786,-0.0,0.0,961.5635560375698,0.0,1489.3364439624297,602.7,0.0,524.4,0,0,0.0,3578,1489.3364439624302
Data,4787,-0.0,0.0,802.0729508672823,0.0,1738.8770491327175,611.65,0.0,524.4,0,0,0.0,3677,1738.8770491327177
Data,4788,-0.0,0.0,949.2912441229842,0.0,1556.0587558770162,606.05,0.0,527.6,0,0,0.0,3639,1556.0587558770158
Data,4789,-0.0,0.0,1121.8000392761692,0.0,1643.2499607238306,569.15,0.0,179.8,0,0,0.0,3514,1643.2499607238308
Data,4790,-0.0,0.0,1287.8264728426377,0.0,1578.5835271573621,595.99,0.0,176.6,0,0,0.0,3639,1578.5835271573624
Data,4791,-0.0,0.0,1326.349052604599,0.0,1525.670947395401,626.18,0.0,179.8,0,0,0.0,3658,1525.670947395401
Data,4792,-0.0,0.0,1493.4901869703067,0.0,1151.0347130296932,676.5,0.0,355.9751,0,0,0.0,3677,1151.0347130296932
Data,4793,-0.0,0.0,1670.9404703794,0.0,960.7170296205998,751.42,0.0,407.9225,0,0,0.0,3791,960.7170296206
Data,4794,-0.0,0.0,1885.6744632374428,0.0,782.7881367625575,793.91,0.0,415.6274,0,0,0.0,3878,782.7881367625573
Data,4795,0.0,0.0,1731.294819009799,0.0,1007.9066809902012,802.85,0.0,230.9485,0,0,0.0,3773,1007.9066809902009
Data,4796,0.0,0.0,2364.051073533458,0.0,312.5589264665424,792.79,0.0,176.6,0,0,0.0,3646,312.5589264665422
Data,4797,0.0,0.0,2032.4726998211554,0.0,441.0373001788447,755.89,0.0,176.6,0,0,0.0,3406,441.0373001788446
Data,4798,0.0,0.0,1922.3320283634193,0.0,412.98797163658037,736.88,0.0,179.8,0,0,0.0,3252,412.98797163658065
Data,4799,0.0,0.0,2061.1358223319853,0.0,173.33417766801492,708.93,0.0,176.6,0,0,0.0,3120,173.33417766801475
Data,4800,0.0,0.0,2012.0739261403942,0.0,131.69607385960586,696.63,0.0,176.6,0,0,0.0,3017,131.69607385960583
Data,4801,0.0,0.0,1495.796401033813,0.0,522.0435989661871,686.56,0.0,176.6,0,0,0.0,2881,522.043598966187
Data,4802,0.0,0.0,1419.2107918488682,0.0,598.5292081511317,698.86,0.0,173.4,0,0,0.0,2890,598.5292081511318
Data,4803,0.0,0.0,1924.2856616013053,0.0,204.14433839869454,730.17,0.0,173.4,0,0,0.0,3032,204.14433839869477
Data,4804,0.0,0.0,1903.3060677424528,0.0,396.50393225754704,743.59,0.0,176.6,0,0,0.0,3220,396.50393225754715
Data,4805,0.0,0.0,1855.532545758621,0.0,362.53835424137867,730.17,0.0,376.7591,0,0,0.0,3325,362.5383542413791
Data,4806,0.0,0.0,1838.444195853089,0.0,446.3913041469111,724.58,0.0,304.5845,0,0,0.0,3314,446.39130414691095
Data,4807,0.0,0.0,1372.0883827487476,0.0,1028.9916172512524,714.52,0.0,173.4,0,0,0.0,3289,1028.9916172512524
Data,4808,-0.0,0.0,893.1134650698598,0.0,1567.1865349301404,701.1,0.0,176.6,0,0,0.0,3338,1567.1865349301402
Data,4809,-0.0,0.0,658.0055547554058,0.0,2073.6444452445944,593.75,0.0,176.6,0,0,0.0,3502,2073.6444452445944
Data,4810,-0.0,0.0,396.1134152447339,0.0,2407.0,560.21,0.0,176.6,0,-66.07658475526615,0.0,3606,2473.076584755266
Data,4811,-0.0,0.0,348.24620694633944,0.0,2407.0,543.44,0.0,179.8,0,-185.5137930536599,0.0,3664,2592.5137930536603
Data,4812,-0.0,0.0,577.657733073868,0.0,2407.0,546.79,0.0,25.6,0,-4.952266926132047,0.0,3562,2411.952266926132
Data,4813,-0.0,0.0,689.5708866398502,0.0,2245.5191133601493,474.11,0.0,28.8,0,0,0.0,3438,2245.5191133601497
Data,4814,-0.0,0.0,840.6328071924748,0.0,2165.407192807525,514.36,0.0,25.6,0,0,0.0,3546,2165.407192807525
Data,4815,-0.0,0.0,1299.9478591090574,0.0,1714.4921408909427,538.96,0.0,25.6,0,0,0.0,3579,1714.4921408909427
Data,4816,-0.0,0.0,1527.207850130964,0.0,1473.6421498690358,618.35,0.0,28.8,0,0,0.0,3648,1473.6421498690358
Data,4817,-0.0,0.0,2066.204404096648,0.0,1066.525595903352,668.67,0.0,25.6,0,0,0.0,3827,1066.525595903352
Data,4818,-0.0,0.0,1678.5029476910345,0.0,1548.5870523089652,720.11,0.0,28.8,0,0,0.0,3976,1548.5870523089654
Data,4819,-0.0,0.0,2395.617221523434,0.0,754.2727784765663,695.51,0.0,25.6,0,0,0.0,3871,754.2727784765658
Data,4820,-0.0,0.0,2426.4308434414343,0.0,607.8191565585659,673.15,0.0,25.6,0,0,0.0,3733,607.8191565585657
Data,4821,-0.0,0.0,2379.6165556852343,0.0,455.933444314766,660.85,0.0,25.6,0,0,0.0,3522,455.93344431476567
Data,4822,-0.0,0.0,2346.7743419652343,0.0,286.05565803476577,656.37,0.0,28.8,0,0,0.0,3318,286.0556580347657
Data,4823,-0.0,0.0,2305.6046875764346,0.0,174.01531242356543,650.78,0.0,25.6,0,0,0.0,3156,174.01531242356546
Data,4824,0.0,0.0,2251.5212684194344,0.0,185.78873158056558,632.89,0.0,28.8,0,0,0.0,3099,185.78873158056564
Data,4825,0.0,0.0,2216.309520810434,0.0,88.5904791895656,602.7,0.0,22.4,0,0,0.0,2930,88.5904791895658
Data,4826,0.0,0.0,2166.142435573634,0.0,75.27756442636621,626.18,0.0,22.4,0,0,0.0,2890,75.27756442636607
Data,4827,0.0,0.0,2173.1479371764344,0.0,182.01206282356554,617.24,0.0,25.6,0,0,0.0,2998,182.01206282356557
Data,4828,0.0,0.0,1953.681725922334,0.0,574.6682740776658,655.25,0.0,22.4,0,0,0.0,3206,574.6682740776661
Data,4829,0.0,0.0,2049.076802848234,0.0,579.153197151766,656.37,0.0,22.4,0,0,0.0,3307,579.1531971517661
Data,4830,0.0,0.0,1914.3333025876345,0.0,704.0766974123654,645.19,0.0,22.4,0,0,0.0,3286,704.0766974123654
Data,4831,0.0,0.0,1237.2625876137554,0.0,1483.2074123862449,585.93,0.0,25.6,0,0,0.0,3332,1483.2074123862446
Data,4832,-0.0,0.0,1105.9066925128234,0.0,1742.4333074871768,551.26,0.0,22.4,0,0,0.0,3422,1742.4333074871765
Data,4833,-0.0,0.0,1040.3003636283684,0.0,2000.9296363716317,533.37,0.0,22.4,0,0,0.0,3597,2000.9296363716317
Data,4834,-0.0,0.0,1076.2950588856345,0.0,2039.4449411143655,526.66,0.0,25.6,0,0,0.0,3668,2039.4449411143655
Data,4835,-0.0,0.0,1118.8440237764519,0.0,2071.225976223548,512.13,0.0,28.8,0,0,0.0,3731,2071.225976223548
Data,4836,-0.0,0.0,1284.3758342840624,0.0,1793.8341657159376,522.19,0.0,25.6,0,0,0.0,3626,1793.8341657159376
Data,4837,-0.0,0.0,1409.0531037258474,0.0,1467.0968962741522,464.05,0.0,28.8,0,0,0.0,3369,1467.0968962741526
Data,4838,-0.0,0.0,1417.689290962219,0.0,1597.060709037781,488.65,0.0,25.6,0,0,0.0,3529,1597.060709037781
Data,4839,-0.0,0.0,1349.4867020884346,0.0,1697.4632979115652,513.25,0.0,28.8,0,0,0.0,3589,1697.4632979115654
Data,4840,-0.0,0.0,1440.8553868903286,0.0,1605.6946131096715,556.85,0.0,25.6,0,0,0.0,3629,1605.6946131096713
Data,4841,-0.0,0.0,1671.6812759030547,0.0,1563.5587240969455,588.16,0.0,25.6,0,0,0.0,3849,1563.5587240969453
Data,4842,-0.0,0.0,1957.6320774076376,0.0,1217.557922592362,634.01,0.0,179.8,0,0,0.0,3989,1217.5579225923625
Data,4843,-0.0,0.0,2425.718295777434,0.0,660.6617042225663,653.02,0.0,176.6,0,0,0.0,3916,660.6617042225661
Data,4844,-0.0,0.0,2436.3413733514344,0.0,526.0886266485655,631.77,0.0,179.8,0,0,0.0,3774,526.0886266485657
Data,4845,-0.0,0.0,2268.9677809734344,0.0,505.962219026566,619.47,0.0,176.6,0,0,0.0,3571,505.96221902656555
Data,4846,-0.0,0.0,2124.650934768634,0.0,434.8990652313656,611.65,0.0,179.8,0,0,0.0,3351,434.8990652313658
Data,4847,-0.0,0.0,1850.989262383159,0.0,579.4807376168412,585.93,0.0,176.6,0,0,0.0,3193,579.480737616841
Data,4848,-0.0,0.0,1840.3807978535388,0.0,514.9592021464609,575.86,0.0,179.8,0,0,0.0,3111,514.9592021464612
Data,4849,-0.0,0.0,1760.2873150509704,0.0,488.6426849490295,545.67,0.0,173.4,0,0,0.0,2968,488.6426849490297
Data,4850,-0.0,0.0,1644.123228950356,0.0,569.2367710496443,568.04,0.0,176.6,0,0,0.0,2958,569.2367710496441
Data,4851,-0.0,0.0,1431.0161227657516,0.0,900.1938772342485,571.39,0.0,173.4,0,0,0.0,3076,900.1938772342485
Data,4852,-0.0,0.0,1483.036648258241,0.0,1009.0833517417589,638.48,0.0,173.4,0,0,0.0,3304,1009.083351741759
Data,4853,-0.0,0.0,1447.0825251082942,0.0,1147.4774748917057,641.84,0.0,176.6,0,0,0.0,3413,1147.4774748917057
Data,4854,-0.0,0.0,1433.6754364460744,0.0,1140.5645635539254,637.36,0.0,173.4,0,0,0.0,3385,1140.5645635539256
Data,4855,-0.0,0.0,1388.0890923261445,0.0,1354.6809076738555,573.63,0.0,25.6,0,0,0.0,3342,1354.6809076738555
Data,4856,-0.0,0.0,1350.2946439640002,0.0,1314.5553560359997,574.75,0.0,22.4,0,0,0.0,3262,1314.5553560359997
Data,4857,-0.0,0.0,1361.7732165281,0.0,1406.7867834719,518.84,0.0,25.6,0,0,0.0,3313,1406.7867834719
Data,4858,-0.0,0.0,1364.9852113760044,0.0,1575.5547886239956,502.06,0.0,22.4,0,0,0.0,3465,1575.5547886239956
Data,4859,-0.0,0.0,1359.250724376661,0.0,1570.749275623339,467.4,0.0,25.6,0,0,0.0,3423,1570.749275623339
Data,4860,-0.0,0.0,1356.019369238033,0.0,1532.4306307619668,470.75,0.0,28.8,0,0,0.0,3388,1532.430630761967
Data,4861,-0.0,0.0,1393.2932079249592,0.0,1361.0767920750407,426.03,0.0,25.6,0,0,0.0,3206,1361.0767920750409
Data,4862,-0.0,0.0,1431.7752547860407,0.0,1486.8847452139591,432.74,0.0,25.6,0,0,0.0,3377,1486.8847452139594
Data,4863,-0.0,0.0,1540.2274388244039,0.0,1318.4825611755962,460.69,0.0,25.6,0,0,0.0,3345,1318.4825611755962
Data,4864,-0.0,0.0,1862.6858196874218,0.0,1052.9241803125783,546.79,0.0,25.6,0,0,0.0,3488,1052.9241803125783
Data,4865,-0.0,0.0,2092.747891583831,0.0,1056.5721084161685,613.88,0.0,28.8,0,0,0.0,3792,1056.572108416169
Data,4866,-0.0,0.0,2219.9114776897377,0.0,1011.5285223102626,661.96,0.0,25.6,0,0,0.0,3919,1011.5285223102622
Data,4867,0.0,0.0,2516.758503936199,0.0,625.8014960638011,641.84,0.0,25.6,0,0,0.0,3810,625.8014960638011
Data,4868,0.0,0.0,2590.1526064739296,0.0,440.70739352607063,629.54,0.0,25.6,0,0,0.0,3686,440.7073935260704
Data,4869,0.0,0.0,2588.6475865342304,0.0,259.0324134657694,591.52,0.0,28.8,0,0,0.0,3468,259.0324134657696
Data,4870,0.0,0.0,2585.8023892179253,0.0,104.98761078207474,535.61,0.0,25.6,0,0,0.0,3252,104.98761078207465
Data,4871,0.0,0.0,2577.507391467643,0.0,0.0,538.96,0.0,25.6,0,22.067391467643006,0.0,3120,-22.067391467643212
Data,4872,0.0,0.0,2569.8302280224116,0.0,0.0,543.44,0.0,28.8,0,95.07022802241187,0.0,3047,-95.07022802241163
Data,4873,0.0,0.0,2558.034865524659,0.0,0.0,525.55,0.0,524.4,0,684.984865524659,0.0,2923,-684.9848655246589
Data,4874,0.0,0.0,2073.1744475535725,0.0,0.0,505.42,0.0,513.1443,0,158.73874755357244,0.0,2933,-158.73874755357252
Data,4875,0.0,0.0,1802.6151386692545,0.0,202.42486133074536,514.36,0.0,527.6,0,0,0.0,3047,202.42486133074544
Data,4876,0.0,0.0,1386.8406479981,0.0,759.3093520018997,581.45,0.0,524.4,0,0,0.0,3252,759.3093520019
Data,4877,0.0,0.0,1443.8467564742,0.0,795.0332435258001,591.52,0.0,527.6,0,0,0.0,3358,795.0332435258
Data,4878,0.0,0.0,1521.9013557874,0.0,1707.0,581.45,0.0,524.4,0,1030.7513557874004,0.0,3304,676.2486442126
Data,4879,0.0,0.0,1482.3613104575,0.0,788.4786895425002,489.76,0.0,524.4,0,0,0.0,3285,788.4786895425001
Data,4880,-0.0,0.0,997.2548741472,0.0,1593.8351258528,449.51,0.0,173.4,0,0,0.0,3214,1593.8351258528
Data,4881,-0.0,0.0,804.1696369962001,0.0,1882.1403630037998,436.09,0.0,176.6,0,0,0.0,3299,1882.1403630037998
Data,4882,-0.0,0.0,1392.0826288509,0.0,1488.0173711491,430.5,0.0,173.4,0,0,0.0,3484,1488.0173711491
Data,4883,-0.0,0.0,1607.6961748515164,0.0,1195.2138251484835,411.49,0.0,176.6,0,0,0.0,3391,1195.2138251484837
Data,4884,-0.0,0.0,1744.1797100987383,0.0,995.9802899012617,420.44,0.0,173.4,0,0,0.0,3334,995.9802899012617
Data,4885,-0.0,0.0,1804.5393572659439,0.0,965.5106427340562,372.35,0.0,176.6,0,0,0.0,3319,965.5106427340561
Data,4886,-0.0,0.0,1773.379193761293,0.0,1275.1908062387072,376.83,0.0,176.6,0,0,0.0,3602,1275.190806238707
Data,4887,-0.0,0.0,1664.6699393640029,0.0,1329.200060635997,438.33,0.0,179.8,0,0,0.0,3612,1329.200060635997
Data,4888,-0.0,0.0,1994.0525691330095,0.0,956.6774308669907,545.67,0.0,176.6,0,0,0.0,3673,956.6774308669906
Data,4889,-0.0,0.0,2141.146570651487,0.0,448.4634293485133,669.79,0.0,527.6,0,0,0.0,3787,448.46342934851316
Data,4890,-0.0,0.0,1694.8587560878748,0.0,880.9312439121252,732.41,0.0,530.8,0,0,0.0,3839,880.9312439121253
Data,4891,0.0,0.0,1914.4184502970068,0.0,1433.5392256595019,720.11,0.0,527.6,0,878.6676759565087,0.0,3717,554.8715497029932
Data,4892,0.0,0.0,1914.3095278349936,0.0,464.67047216500595,702.22,0.0,530.8,0,0,0.0,3612,464.67047216500646
Data,4893,0.0,0.0,1821.9822302549956,0.0,454.7177697450044,602.7,0.0,527.6,0,0,0.0,3407,454.7177697450044
Data,4894,0.0,0.0,1881.6491261307926,0.0,228.70087386920767,587.05,0.0,527.6,0,0,0.0,3225,228.70087386920738
Data,4895,0.0,0.0,1889.5391418641864,0.0,117.26085813581335,590.4,0.0,530.8,0,0,0.0,3128,117.26085813581369
Data,4896,0.0,0.0,1857.097933665049,0.0,72.72206633495132,601.58,0.0,527.6,0,0,0.0,3059,72.72206633495102
Data,4897,0.0,0.0,1878.391211024982,0.0,320.41878897501795,546.79,0.0,173.4,0,0,0.0,2919,320.41878897501795
Data,4898,0.0,0.0,1885.9442952054897,0.0,316.4957047945105,538.96,0.0,176.6,0,0,0.0,2918,316.4957047945103
Data,4899,0.0,0.0,1857.47274160191,0.0,459.9872583980899,531.14,0.0,173.4,0,0,0.0,3022,459.98725839809003
Data,4900,0.0,0.0,1780.6303448037238,0.0,684.929655196276,568.04,0.0,173.4,0,0,0.0,3207,684.9296551962763
Data,4901,0.0,0.0,1949.5629293155578,0.0,575.2670706844422,582.57,0.0,176.6,0,0,0.0,3284,575.2670706844422
Data,4902,0.0,0.0,1845.9598667188998,0.0,612.7901332811002,556.85,0.0,173.4,0,0,0.0,3189,612.7901332811002
Data,4903,0.0,0.0,1514.0711046434,0.0,858.2288953565997,504.3,0.0,173.4,0,0,0.0,3050,858.2288953565999
Data,4904,-0.0,0.0,1055.6816483582,0.0,1367.5783516417998,457.34,0.0,173.4,0,0,0.0,3054,1367.5783516418
Data,4905,-0.0,0.0,683.8574666419,0.0,1784.7925333581002,451.75,0.0,176.6,0,0,0.0,3097,1784.7925333581
Data,4906,-0.0,0.0,676.3763234405297,0.0,1902.42367655947,442.8,0.0,173.4,0,0,0.0,3195,1902.4236765594703
Data,4907,-0.0,0.0,817.3203255567418,0.0,1705.5996744432584,441.68,0.0,173.4,0,0,0.0,3138,1705.5996744432582
Data,4908,-0.0,0.0,1518.7354909469777,0.0,579.9845090530225,441.68,0.0,527.6,0,0,0.0,3068,579.9845090530223
Data,4909,-0.0,0.0,1756.4047651053286,0.0,252.32523489467155,422.67,0.0,527.6,0,0,0.0,2959,252.32523489467138
Data,4910,-0.0,0.0,2039.5117767614793,0.0,328.26822323852105,431.62,0.0,176.6,0,0,0.0,2976,328.2682232385207
Data,4911,-0.0,0.0,2190.767561997028,0.0,143.76243800297186,471.87,0.0,176.6,0,0,0.0,2983,143.76243800297178
Data,4912,-0.0,0.0,2260.698435959756,0.0,115.72156404024403,527.78,0.0,179.8,0,0,0.0,3084,115.72156404024412
Data,4913,-0.0,0.0,2198.2224419814215,0.0,302.98755801857834,645.19,0.0,176.6,0,0,0.0,3323,302.9875580185784
Data,4914,-0.0,0.0,2310.8728862156904,0.0,223.62431378430927,683.21,0.0,324.2928,0,0,0.0,3542,223.62431378430955
Data,4915,-0.0,0.0,2441.494426924697,0.0,160.28557307530318,677.62,0.0,176.6,0,0,0.0,3456,160.2855730753029
Data,4916,-0.0,0.0,2477.492172436273,0.0,0.0,660.85,0.0,527.6,0,304.9421724362727,0.0,3361,-304.94217243627304
Data,4917,-0.0,0.0,2364.146607312702,0.0,0.0,607.17,0.0,530.8,0,291.1166073127026,0.0,3211,-291.11660731270206
Data,4918,-0.0,0.0,2245.4002409586474,0.0,1707.0,497.59,0.0,176.6,0,1588.5902409586472,0.0,3038,118.40975904135266
Data,4919,0.0,0.0,2139.8788986794493,0.0,0.0,468.52,0.0,530.8,0,199.19889867944943,0.0,2940,-199.19889867944926
Data,4920,0.0,0.0,1915.9618104801361,0.0,0.0,459.57,0.0,527.6,0,8.131810480136052,0.0,2895,-8.131810480136153
Data,4921,0.0,0.0,2058.1620465320225,0.0,0.0,492.0,0.0,524.4,0,293.5620465320227,0.0,2781,-293.56204653202246
Data,4922,0.0,0.0,2029.67415071189,0.0,1707.0,448.39,0.0,527.6,0,1903.6641507118898,0.0,2809,-196.66415071189
Data,4923,0.0,0.0,1390.139170788699,0.0,1707.0,447.27,0.0,524.4,0,1126.809170788699,0.0,2942,580.1908292113011
Data,4924,0.0,0.0,1892.1954081375002,0.0,1707.0,505.42,0.0,173.4,0,1167.0154081375003,0.0,3111,539.9845918624998
Data,4925,0.0,0.0,1317.6485881872177,0.0,1707.0,562.45,0.0,527.6,0,926.6985881872179,0.0,3188,780.3014118127822
Data,4926,0.0,0.0,1171.87873498221,0.0,1707.0,566.92,0.0,524.4,0,851.1987349822101,0.0,3119,855.80126501779
Data,4927,0.0,0.0,1070.9613514966002,0.0,1707.0,532.25,0.0,527.6,0,796.8113514965942,0.0,3041,910.1886485033998
Data,4928,-0.0,0.0,780.6993588907528,0.0,1736.210641109247,460.69,0.0,22.4,0,0,0.0,3000,1736.2106411092473
Data,4929,-0.0,0.0,630.5040706327557,0.0,1877.4659293672441,450.63,0.0,22.4,0,0,0.0,2981,1877.4659293672444
Data,4930,-0.0,0.0,455.3012817146978,0.0,2187.228718285302,422.67,0.0,28.8,0,0,0.0,3094,2187.2287182853024
Data,4931,-0.0,0.0,378.52002798698237,0.0,2274.449972013018,401.43,0.0,25.6,0,0,0.0,3080,2274.4499720130175
Data,4932,-0.0,0.0,470.4366190705459,0.0,2129.653380929454,400.31,0.0,25.6,0,0,0.0,3026,2129.653380929454
Data,4933,-0.0,0.0,593.6378074248171,0.0,1977.5621925751827,369.0,0.0,28.8,0,0,0.0,2969,1977.562192575183
Data,4934,-0.0,0.0,734.4744407871237,0.0,1893.5755592128764,372.35,0.0,25.6,0,0,0.0,3026,1893.5755592128762
Data,4935,-0.0,0.0,1001.0721706355585,0.0,1707.0,385.77,0.0,25.6,0,115.4421706355583,0.0,3004,1591.5578293644417
Data,4936,-0.0,0.0,1183.978430689642,0.0,1707.0,442.8,0.0,28.8,0,308.57843068964235,0.0,3054,1398.421569310358
Data,4937,-0.0,0.0,1415.337193609375,0.0,1707.0,579.22,0.0,176.6,0,566.1571936093745,0.0,3312,1140.8428063906251
Data,4938,-0.0,0.0,1562.1623907344901,0.0,1707.0,623.95,0.0,527.6,0,885.7123907344903,0.0,3535,821.2876092655098
Data,4939,0.0,0.0,1619.8829718766606,0.0,1707.0,607.17,0.0,530.8,0,958.8529718766607,0.0,3506,748.1470281233395
Data,4940,0.0,0.0,1478.8882091906219,0.0,1707.0,601.58,0.0,527.6,0,857.0682091906217,0.0,3458,849.9317908093781
Data,4941,0.0,0.0,1388.115410630462,0.0,1707.0,532.25,0.0,527.6,0,826.9654106304621,0.0,3328,880.0345893695379
Data,4942,0.0,0.0,1465.3314386087864,0.0,1707.0,457.34,0.0,334.723,0,791.3944386087863,0.0,3173,915.6055613912137
Data,4943,0.0,0.0,1540.530868591316,0.0,1707.0,426.03,0.0,527.6,0,1206.1608685913159,0.0,2995,500.839131408684
Data,4944,0.0,0.0,1556.7792504529,0.0,1707.0,432.74,0.0,527.6,0,1274.1192504529,0.0,2950,432.8807495471
Data,4945,0.0,0.0,1722.2239614767,0.0,1707.0,415.96,0.0,524.4,0,1570.5839614767,0.0,2799,136.41603852330007
Data,4946,0.0,0.0,1657.0164310530001,0.0,1707.0,423.79,0.0,527.6,0,1472.406431053,0.0,2843,234.59356894699982
Data,4947,0.0,0.0,1523.276583815256,0.0,1707.0,438.33,0.0,524.4,0,1217.006583815256,0.0,2976,489.99341618474415
Data,4948,0.0,0.0,1224.6548809331316,0.0,1707.0,537.85,0.0,524.4,0,823.9048809331315,0.0,3170,883.0951190668684
Data,4949,0.0,0.0,1180.1651342895002,0.0,1707.0,571.39,0.0,524.4,0,675.9551342895002,0.0,3307,1031.0448657104998
Data,4950,0.0,0.0,1242.746073448709,0.0,1707.0,553.5,0.0,176.6,0,349.84607344870903,0.0,3330,1357.153926551291
Data,4951,0.0,0.0,1195.6890619393412,0.0,1707.021262451472,514.36,0.0,524.4,0,551.4703243908133,0.0,3390,1155.5509380606588
Data,4952,-0.0,0.0,737.3261707156,0.0,1715.7138292844,440.56,0.0,524.4,0,0,0.0,3418,1715.7138292844
Data,4953,-0.0,0.0,582.5449505024274,0.0,2094.255049497573,393.6,0.0,527.6,0,0,0.0,3598,2094.2550494975726
Data,4954,-0.0,0.0,415.96775364643463,0.0,2407.0,364.53,0.0,179.8,0,-389.70224635356544,0.0,3757,2796.7022463535654
Data,4955,-0.0,0.0,512.0888287601239,0.0,2407.0,358.94,0.0,176.6,0,-395.37117123987616,0.0,3850,2802.3711712398763
Data,4956,-0.0,0.0,516.4686608123909,0.0,2407.0,355.58,0.0,176.6,0,-436.3513391876092,0.0,3892,2843.351339187609
Data,4957,-0.0,0.0,847.5215084435301,0.0,1957.5784915564698,332.1,0.0,530.8,0,0,0.0,3668,1957.57849155647
Data,4958,-0.0,0.0,779.7209499990258,0.0,2407.0,348.87,0.0,176.6,0,-112.80905000097442,0.0,3825,2519.8090500009744
Data,4959,-0.0,0.0,995.1921126798568,0.0,1902.427887320143,404.78,0.0,527.6,0,0,0.0,3830,1902.4278873201433
Data,4960,-0.0,0.0,1222.6173500562045,0.0,1707.0,464.05,0.0,527.6,0,59.26735005620465,0.0,3862,1647.7326499437954
Data,4961,-0.0,0.0,1377.9939969333398,0.0,1707.0,625.06,0.0,527.6,0,125.6539969333395,0.0,4112,1581.3460030666602
Data,4962,-0.0,0.0,1496.0521336991587,0.0,1707.0,696.63,0.0,530.8,0,210.48213369915908,0.0,4220,1496.5178663008414
Data,4963,0.0,0.0,1602.8372737161094,0.0,1707.0,704.45,0.0,527.6,0,465.88727371610946,0.0,4076,1241.1127262838904
Data,4964,0.0,0.0,1494.6591100295113,0.0,1707.0,653.02,0.0,527.6,0,504.27911002951123,0.0,3878,1202.7208899704888
Data,4965,0.0,0.0,1388.445648460565,0.0,1707.0,535.61,0.0,527.6,0,495.6556484605651,0.0,3663,1211.344351539435
Data,4966,0.0,0.0,1371.3424482105206,0.0,1707.0,506.54,0.0,527.6,0,656.4824482105204,0.0,3456,1050.5175517894793
Data,4967,0.0,0.0,1421.7661286071193,0.0,1707.0,446.15,0.0,527.6,0,850.5161286071194,0.0,3252,856.4838713928807
Data,4968,0.0,0.0,1406.10973326694,0.0,1707.0,439.45,0.0,530.8,0,903.3597332669402,0.0,3180,803.6402667330599
Data,4969,0.0,0.0,1349.4374773056973,0.0,1707.0,396.95,0.0,521.2,0,912.5874773056969,0.0,3062,794.4125226943027
Data,4970,0.0,0.0,1474.2600939511672,0.0,1707.0,422.67,0.0,527.6,0,1018.530093951167,0.0,3113,688.4699060488329
Data,4971,0.0,0.0,1530.7671888019001,0.0,1707.0,428.26,0.0,524.4,0,919.4271888019,0.0,3271,787.5728111980999
Data,4972,0.0,0.0,1639.7365389045,0.0,1707.0,527.78,0.0,524.4,0,925.9165389045004,0.0,3473,781.0834610955
Data,4973,0.0,0.0,1728.8259533254002,0.0,1707.0,569.15,0.0,524.4,0,968.3759533254004,0.0,3561,738.6240466745999
Data,4974,0.0,0.0,1572.0690683883001,0.0,1707.0,541.2,0.0,524.4,0,781.6690683883005,0.0,3563,925.3309316116998
Data,4975,0.0,0.0,1499.6851218673,0.0,1707.0,519.95,0.0,524.4,0,649.0351218673004,0.0,3602,1057.9648781327
Data,4976,-0.0,0.0,1275.9623681555001,0.0,1707.0,466.28,0.0,527.6,0,547.8423681555003,0.0,3429,1159.1576318445
Data,4977,-0.0,0.0,1042.2161894131,0.0,1707.0,370.12,0.0,527.6,0,103.93618941309978,0.0,3543,1603.0638105869
Data,4978,-0.0,0.0,929.9972124032066,0.0,1782.8727875967934,364.53,0.0,527.6,0,0,0.0,3605,1782.8727875967934
Data,4979,-0.0,0.0,802.6027138332154,0.0,1802.847286166785,377.95,0.0,527.6,0,0,0.0,3511,1802.8472861667847
Data,4980,-0.0,0.0,824.922675279683,0.0,1730.767324720317,375.71,0.0,527.6,0,0,0.0,3459,1730.767324720317
Data,4981,-0.0,0.0,922.2688819163584,0.0,1752.621118083642,326.51,0.0,176.6,0,0,0.0,3178,1752.6211180836417
Data,4982,-0.0,0.0,1190.4213032643966,0.0,1707.0,374.59,0.0,527.6,0,475.61130326439655,0.0,3324,1231.3886967356034
Data,4983,-0.0,0.0,1418.6377806007372,0.0,1707.0,413.73,0.0,530.8,0,688.1677806007374,0.0,3382,1018.8322193992628
Data,4984,-0.0,0.0,1511.7797056937097,0.0,1707.0,489.76,0.0,527.6,0,675.1397056937094,0.0,3561,1031.8602943062901
Data,4985,-0.0,0.0,1568.128669080218,0.0,1707.0,653.02,0.0,527.6,0,575.748669080218,0.0,3880,1131.251330919782
Data,4986,-0.0,0.0,1655.6098715036942,0.0,1707.0,702.22,0.0,527.6,0,568.4298715036939,0.0,4024,1138.5701284963056
Data,4987,0.0,0.0,1702.2472999850922,0.0,1707.0,713.4,0.0,527.6,0,720.2472999850922,0.0,3930,986.7527000149078
Data,4988,0.0,0.0,1854.0883216100597,0.0,1707.0,689.92,0.0,527.6,0,937.6083216100595,0.0,3841,769.3916783899404
Data,4989,0.0,0.0,2082.1690562655895,0.0,1707.0,591.52,0.0,527.6,0,1256.2890562655894,0.0,3652,450.71094373441053
Data,4990,0.0,0.0,2178.15401439448,0.0,1707.0,515.48,0.0,527.6,0,1486.2340143944798,0.0,3442,220.7659856055201
Data,4991,0.0,0.0,2264.9318648849667,0.0,1707.0,432.74,0.0,527.6,0,1662.2718648849666,0.0,3270,44.7281351150333
Data,4992,0.0,0.0,2344.0556804773814,0.0,1707.0,434.97,0.0,527.6,0,1811.6256804773814,0.0,3202,-104.62568047738148
Data,4993,0.0,0.0,2456.47560482746,0.0,1707.0,432.74,0.0,524.4,0,2081.61560482746,0.0,3039,-374.61560482745983
Data,4994,0.0,0.0,2421.713300965314,0.0,1707.0,461.81,0.0,524.4,0,2060.923300965314,0.0,3054,-353.9233009653139
Data,4995,0.0,0.0,2459.5242862698465,0.0,1707.0,485.29,0.0,521.2,0,1956.0142862698463,0.0,3217,-249.01428626984654
Data,4996,0.0,0.0,2391.654803123828,0.0,1707.0,575.86,0.0,524.4,0,1779.9148031238283,0.0,3419,-72.91480312382805
Data,4997,0.0,0.0,2416.9861852112244,0.0,1707.0,612.76,0.0,524.4,0,1719.146185211224,0.0,3542,-12.146185211224406
Data,4998,0.0,0.0,2466.8411656613744,0.0,1707.0,583.69,0.0,524.4,0,1729.9311656613743,0.0,3552,-22.931165661374393
Data,4999,0.0,0.0,2382.260778527685,0.0,1707.0,500.95,0.0,524.4,0,1556.6107785276852,0.0,3558,150.389221472315
Data,5000,-0.0,0.0,2319.7753959074626,0.0,1707.0,426.03,0.0,173.4,0,1245.2053959074628,0.0,3381,461.7946040925375
Data,5001,-0.0,0.0,1996.2221428816,0.0,1707.0,391.36,0.0,524.4,0,1158.9821428816,0.0,3460,548.0178571184001
Data,5002,-0.0,0.0,1411.7901770470337,0.0,1707.0,347.75,0.0,176.6,0,88.14017704703352,0.0,3555,1618.8598229529664
Data,5003,-0.0,0.0,1286.8289811264672,0.0,1707.0,311.97,0.0,179.8,0,27.598981126467603,0.0,3458,1679.4010188735328
Data,5004,-0.0,0.0,1040.6359264373477,0.0,1707.0,307.5,0.0,334.8946,0,3.0305264373478438,0.0,3387,1703.9694735626522
Data,5005,-0.0,0.0,1000.1671931495822,0.0,1707.0,296.32,0.0,179.8,0,14.287193149582553,0.0,3169,1692.7128068504178
Data,5006,-0.0,0.0,1063.8600522005636,0.0,1724.7399477994363,319.8,0.0,176.6,0,0,0.0,3285,1724.7399477994363
Data,5007,-0.0,0.0,1197.280510680615,0.0,1707.0,357.82,0.0,179.8,0,94.9005106806154,0.0,3347,1612.0994893193852
Data,5008,-0.0,0.0,1408.8849061463488,0.0,1707.0,487.53,0.0,527.6,0,603.014906146349,0.0,3528,1103.985093853651
Data,5009,-0.0,0.0,1594.7073397306483,0.0,1707.0,626.18,0.0,527.6,0,585.487339730648,0.0,3870,1121.5126602693517
Data,5010,-0.0,0.0,1785.9428395995305,0.0,1707.0,675.38,0.0,530.8,0,692.1228395995307,0.0,4007,1014.8771604004695
Data,5011,-0.0,0.0,1860.2733069519445,0.0,1707.0,694.39,0.0,527.6,0,859.2633069519442,0.0,3930,847.7366930480555
Data,5012,-0.0,0.0,2013.839101244441,0.0,1707.0,694.39,0.0,530.8,0,1122.029101244441,0.0,3824,584.970898755559
Data,5013,0.0,0.0,2136.7636040380344,0.0,1707.0,546.79,0.0,527.6,0,1301.1536040380342,0.0,3617,405.84639596196564
Data,5014,0.0,0.0,2436.8321464224346,0.0,1707.0,455.1,0.0,530.8,0,1726.7321464224347,0.0,3403,-19.73214642243454
Data,5015,0.0,0.0,2436.8321464224346,0.0,1707.0,450.63,0.0,527.6,0,1930.0621464224346,0.0,3192,-223.06214642243458
Data,5016,0.0,0.0,2455.297982633559,0.0,1707.0,452.86,0.0,530.8,0,2019.9579826335594,0.0,3126,-312.957982633559
Data,5017,0.0,0.0,2559.3213968156456,0.0,1707.0,417.08,0.0,524.4,0,2192.8013968156456,0.0,3015,-485.80139681564555
Data,5018,0.0,0.0,2541.406443996858,0.0,1707.0,404.78,0.0,524.4,0,2097.586443996858,0.0,3080,-390.58644399685784
Data,5019,0.0,0.0,2566.6077118302355,0.0,1707.0,430.5,0.0,527.6,0,1992.7077118302352,0.0,3239,-285.70771183023555
Data,5020,0.0,0.0,2525.568635287506,0.0,1707.0,504.3,0.0,524.4,0,1838.2686352875062,0.0,3423,-131.2686352875059
Data,5021,0.0,0.0,2525.381176004881,0.0,1707.0,542.32,0.0,524.4,0,1749.1011760048816,0.0,3550,-42.101176004881154
Data,5022,0.0,0.0,2516.6381178132333,0.0,1707.0,531.14,0.0,527.6,0,1707.3781178132328,0.0,3575,-0.3781178132333025
Data,5023,0.0,0.0,2005.785350845164,0.0,1707.0,490.88,0.0,524.4,0,1173.0653508451642,0.0,3555,533.934649154836
Data,5024,-0.0,0.0,1718.264479270073,0.0,1707.0,434.97,0.0,173.4,0,634.6344792700729,0.0,3399,1072.3655207299269
Data,5025,-0.0,0.0,1646.0552097381158,0.0,1707.0,356.7,0.0,176.6,0,401.35520973811555,0.0,3485,1305.6447902618843
Data,5026,-0.0,0.0,1518.6682616918304,0.0,1707.0,328.75,0.0,527.6,0,501.0182616918303,0.0,3581,1205.9817383081695
Data,5027,-0.0,0.0,1442.1791424236158,0.0,1707.0,322.04,0.0,527.6,0,509.8191424236155,0.0,3489,1197.1808575763841
Data,5028,-0.0,0.0,1206.8288385277049,0.0,1707.0,327.63,0.0,530.8,0,241.25883852770528,0.0,3531,1465.741161472295
Data,5029,-0.0,0.0,1324.698661510228,0.0,1707.0,322.04,0.0,527.6,0,491.3386615102278,0.0,3390,1215.6613384897719
Data,5030,-0.0,0.0,1020.3651275932089,0.0,2038.9348724067913,332.1,0.0,176.6,0,0,0.0,3568,2038.934872406791
Data,5031,-0.0,0.0,988.2998252418118,0.0,1762.450174758188,384.65,0.0,527.6,0,0,0.0,3663,1762.450174758188
Data,5032,-0.0,0.0,1282.1590787638593,0.0,1707.0,471.87,0.0,530.8,0,209.8290787638594,0.0,3782,1497.1709212361407
Data,5033,-0.0,0.0,1559.8519561241578,0.0,1707.0,607.17,0.0,527.6,0,325.6219561241579,0.0,4076,1381.3780438758422
Data,5034,-0.0,0.0,1717.8460576290345,0.0,1707.0,644.07,0.0,527.6,0,443.51605762903444,0.0,4153,1263.4839423709655
Data,5035,0.0,0.0,1938.7895601124342,0.0,1707.0,655.25,0.0,527.6,0,795.6395601124342,0.0,4033,911.3604398875658
Data,5036,0.0,0.0,1949.6279269528345,0.0,1707.0,631.77,0.0,530.8,0,1001.1979269528346,0.0,3818,705.8020730471655
Data,5037,0.0,0.0,2029.3250919717343,0.0,1707.0,538.96,0.0,527.6,0,1179.8850919717343,0.0,3623,527.1149080282656
Data,5038,0.0,0.0,2097.8134668239345,0.0,1707.0,440.56,0.0,527.6,0,1370.9734668239344,0.0,3402,336.02653317606547
Data,5039,0.0,0.0,2265.3364432676344,0.0,1707.0,422.67,0.0,530.8,0,1676.8064432676347,0.0,3249,30.193556732365607
Data,5040,0.0,0.0,2217.7657508308343,0.0,1707.0,426.03,0.0,527.6,0,1701.3957508308345,0.0,3177,5.604249169165655
Data,5041,0.0,0.0,2303.1045733143346,0.0,1707.0,430.5,0.0,524.4,0,1926.0045733143347,0.0,3039,-219.0045733143346
Data,5042,0.0,0.0,2347.7608797541343,0.0,1707.0,429.38,0.0,527.6,0,1961.7408797541343,0.0,3050,-254.7408797541343
Data,5043,0.0,0.0,2310.7907567623347,0.0,1707.0,443.92,0.0,524.4,0,1799.1107567623349,0.0,3187,-92.11075676233469
Data,5044,0.0,0.0,2131.5132846747447,0.0,1707.0,493.12,0.0,524.4,0,1479.033284674745,0.0,3377,227.96671532525534
Data,5045,0.0,0.0,2142.3300799270455,0.0,1707.0,531.14,0.0,524.4,0,1422.8700799270455,0.0,3482,284.1299200729545
Data,5046,0.0,0.0,2155.9323855882253,0.0,1707.0,496.47,0.0,527.6,0,1410.002385588225,0.0,3477,296.99761441177463
Data,5047,0.0,0.0,2051.3623451119975,0.0,1707.0,506.54,0.0,524.4,0,1292.3023451119968,0.0,3497,414.69765488800255
Data,5048,-0.0,0.0,1722.6815838406314,0.0,1707.0,488.65,0.0,524.4,0,942.7315838406317,0.0,3500,764.2684161593686
Data,5049,-0.0,0.0,1469.609868966793,0.0,1707.0,401.43,0.0,173.4,0,142.439868966793,0.0,3609,1564.560131033207
Data,5050,-0.0,0.0,1199.9200251957197,0.0,1914.4799748042803,369.0,0.0,176.6,0,0,0.0,3660,1914.4799748042803
Data,5051,-0.0,0.0,886.0044176306743,0.0,2205.8655823693257,364.53,0.0,176.6,0,0,0.0,3633,2205.8655823693257
Data,5052,-0.0,0.0,1116.357746827773,0.0,1707.0,341.05,0.0,527.6,0,154.0077468277732,0.0,3538,1552.9922531722268
Data,5053,-0.0,0.0,1164.6174375835008,0.0,1707.0,329.86,0.0,527.6,0,415.0774375835009,0.0,3314,1291.9225624164992
Data,5054,-0.0,0.0,922.185247355619,0.0,1752.7647526443811,335.45,0.0,527.6,0,0,0.0,3538,1752.764752644381
Data,5055,-0.0,0.0,964.7186638809833,0.0,1707.0,408.14,0.0,527.6,0,11.458663880983035,0.0,3596,1695.5413361190167
Data,5056,-0.0,0.0,985.6536086333124,0.0,1707.0,505.42,0.0,527.6,0,9.673608633312426,0.0,3716,1697.3263913666876
Data,5057,-0.0,0.0,1183.0732649852393,0.0,1707.0,635.13,0.0,527.6,0,116.80326498523931,0.0,3936,1590.1967350147606
Data,5058,-0.0,0.0,1613.6070407023356,0.0,1707.0,660.85,0.0,527.6,0,536.0570407023354,0.0,3973,1170.9429592976644
Data,5059,0.0,0.0,1811.8700124324341,0.0,1707.0,680.97,0.0,527.6,0,894.440012432434,0.0,3833,812.5599875675658
Data,5060,-0.0,0.0,1845.7438600162345,0.0,1707.0,640.72,0.0,530.8,0,1016.2638600162348,0.0,3708,690.7361399837655
Data,5061,0.0,0.0,1875.6349394916342,0.0,1707.0,528.9,0.0,527.6,0,1164.1349394916342,0.0,3475,542.8650605083658
Data,5062,0.0,0.0,2029.3250919717343,0.0,1707.0,458.45,0.0,527.6,0,1415.375091971734,0.0,3307,291.6249080282657
Data,5063,0.0,0.0,1928.2115298102376,0.0,1707.0,439.45,0.0,527.6,0,1490.2615298102373,0.0,3112,216.73847018976238
Data,5064,0.0,0.0,1927.603740199757,0.0,1707.0,450.63,0.0,527.6,0,1539.8337401997571,0.0,3073,167.16625980024287
Data,5065,0.0,0.0,2130.4735898323243,0.0,1707.0,431.62,0.0,527.6,0,1886.6935898323243,0.0,2910,-179.69358983232428
Data,5066,0.0,0.0,1807.299414203243,0.0,1707.0,439.45,0.0,524.4,0,1564.1494142032432,0.0,2914,142.850585796757
Data,5067,0.0,0.0,1970.277620704289,0.0,1707.0,490.88,0.0,524.4,0,1641.557620704289,0.0,3051,65.44237929571113
Data,5068,0.0,0.0,1695.225331823298,0.0,1707.0,550.15,0.0,527.6,0,1253.975331823298,0.0,3226,453.0246681767021
Data,5069,0.0,0.0,1495.0314579341,0.0,1707.0,575.86,0.0,524.4,0,986.2914579341002,0.0,3316,720.7085420659
Data,5070,0.0,0.0,1556.3915847699602,0.0,1707.0,566.92,0.0,524.4,0,1074.7115847699604,0.0,3280,632.2884152300398
Data,5071,0.0,0.0,1142.4085986523773,0.0,1707.0,470.75,0.0,527.6,0,639.7585986523774,0.0,3208,1067.2414013476227
Data,5072,-0.0,0.0,1036.5982175670229,0.0,1707.0,440.56,0.0,22.4,0,44.558217567022865,0.0,3162,1662.441782432977
Data,5073,-0.0,0.0,748.4618473700218,0.0,2113.3481526299784,423.79,0.0,22.4,0,0,0.0,3308,2113.3481526299784
Data,5074,-0.0,0.0,744.1943040018459,0.0,2234.655695998154,402.55,0.0,25.6,0,0,0.0,3407,2234.655695998154
Data,5075,-0.0,0.0,661.4697026269354,0.0,2292.8002973730645,389.13,0.0,25.6,0,0,0.0,3369,2292.8002973730645
Data,5076,-0.0,0.0,781.329207232273,0.0,2065.360792767727,375.71,0.0,25.6,0,0,0.0,3248,2065.360792767727
Data,5077,-0.0,0.0,600.015450841902,0.0,2095.2245491580984,342.16,0.0,25.6,0,0,0.0,3063,2095.224549158098
Data,5078,-0.0,0.0,673.2086652069507,0.0,2142.0313347930496,342.16,0.0,25.6,0,0,0.0,3183,2142.031334793049
Data,5079,-0.0,0.0,883.7765695354001,0.0,1878.7834304645999,395.84,0.0,25.6,0,0,0.0,3184,1878.7834304645999
Data,5080,-0.0,0.0,975.3208665617001,0.0,1772.6691334383002,486.41,0.0,25.6,0,0,0.0,3260,1772.6691334383
Data,5081,-0.0,0.0,1426.761515697914,0.0,1707.0,575.86,0.0,176.6,0,369.2215156979141,0.0,3517,1337.7784843020859
Data,5082,-0.0,0.0,1515.8776660619806,0.0,1707.0,609.41,0.0,530.8,0,696.0876660619805,0.0,3667,1010.9123339380195
Data,5083,0.0,0.0,1707.197880274723,0.0,1707.0,610.53,0.0,527.6,0,943.3278802747233,0.0,3609,763.672119725277
Data,5084,0.0,0.0,1852.2016502048875,0.0,1707.0,564.68,0.0,527.6,0,1123.4816502048873,0.0,3528,583.5183497951125
Data,5085,0.0,0.0,1783.6119666872419,0.0,1707.0,518.84,0.0,527.6,0,1185.051966687242,0.0,3352,521.9480333127581
Data,5086,0.0,0.0,1772.4023072272876,0.0,1707.0,438.33,0.0,527.6,0,1245.3323072272874,0.0,3200,461.6676927727124
Data,5087,0.0,0.0,1700.6940440413002,0.0,1707.0,407.02,0.0,530.8,0,1270.5140440413004,0.0,3075,436.48595595869983
Data,5088,0.0,0.0,1704.3087904698,0.0,1707.0,393.6,0.0,527.6,0,1315.5087904697998,0.0,3017,391.49120953019997
Data,5089,0.0,0.0,1783.5740632209977,0.0,1707.0,392.48,0.0,173.4,0,1139.4540632209978,0.0,2917,567.5459367790023
Data,5090,0.0,0.0,1721.3999679340257,0.0,1707.0,398.07,0.0,524.4,0,1413.8699679340257,0.0,2937,293.1300320659744
Data,5091,0.0,0.0,1765.9468420415633,0.0,1707.0,396.95,0.0,173.4,0,985.2968420415631,0.0,3058,721.7031579584367
Data,5092,0.0,0.0,1601.0430440102184,0.0,1707.0,433.85,0.0,527.6,0,1043.4930440102182,0.0,3226,663.5069559897815
Data,5093,0.0,0.0,1631.072109748125,0.0,1707.0,468.52,0.0,524.4,0,1018.9921097481252,0.0,3312,688.007890251875
Data,5094,0.0,0.0,1370.4761622613,0.0,1707.0,475.23,0.0,524.4,0,828.1061622613001,0.0,3249,878.8938377387
Data,5095,0.0,0.0,966.2211772949001,0.0,1707.0,429.38,0.0,523.2673,0,550.8684772949002,0.0,3075,1156.1315227051
Data,5096,-0.0,0.0,696.62743201,0.0,1799.5525679899997,382.42,0.0,22.4,0,0,0.0,2901,1799.55256799
Data,5097,-0.0,0.0,698.3850090262941,0.0,1877.1349909737057,367.88,0.0,25.6,0,0,0.0,2969,1877.134990973706
Data,5098,-0.0,0.0,1025.42715960829,0.0,1707.0,323.15,0.0,22.4,0,77.97715960829021,0.0,3000,1629.0228403917101
Data,5099,-0.0,0.0,830.9316064340102,0.0,1799.38839356599,294.08,0.0,25.6,0,0,0.0,2950,1799.3883935659899
Data,5100,-0.0,0.0,903.4637983356439,0.0,1721.616201664356,296.32,0.0,25.6,0,0,0.0,2947,1721.6162016643561
Data,5101,-0.0,0.0,1173.7577848919182,0.0,1707.0,252.71,0.0,25.6,0,176.06778489191814,0.0,2983,1530.932215108082
Data,5102,-0.0,0.0,1127.4096957215627,0.0,1707.0,251.59,0.0,25.6,0,257.59969572156274,0.0,2854,1449.4003042784373
Data,5103,-0.0,0.0,1678.3909806427441,0.0,1707.0,285.14,0.0,25.6,0,888.1309806427439,0.0,2808,818.8690193572559
Data,5104,-0.0,0.0,1986.4947555255,0.0,1707.0,344.4,0.0,25.6,0,1110.4947555255,0.0,2953,596.5052444744999
Data,5105,-0.0,0.0,1553.5669509134998,0.0,1707.0,462.93,0.0,527.6,0,947.0969509134995,0.0,3304,759.9030490865002
Data,5106,-0.0,0.0,1623.0011944685953,0.0,1707.0,524.43,0.0,527.6,0,830.0311944685949,0.0,3552,876.9688055314048
Data,5107,0.0,0.0,1608.3931142039,0.0,1707.0,524.43,0.0,530.8,0,852.6231142039001,0.0,3518,854.3768857961
Data,5108,0.0,0.0,1613.0378565888,0.0,1707.0,479.7,0.0,527.6,0,871.3378565887997,0.0,3456,835.6621434112001
Data,5109,0.0,0.0,1597.500847652,0.0,1707.0,403.66,0.0,527.6,0,934.7608476519997,0.0,3301,772.2391523480001
Data,5110,0.0,0.0,1589.491440472,0.0,1707.0,380.18,0.0,527.6,0,1073.2714404719998,0.0,3131,633.728559528
Data,5111,0.0,0.0,1590.3593448600002,0.0,1707.0,354.46,0.0,527.6,0,1223.4193448600001,0.0,2956,483.5806551399998
Data,5112,0.0,0.0,1580.8445293716743,0.0,1707.0,333.22,0.0,530.8,0,1265.8645293716745,0.0,2886,441.1354706283257
Data,5113,0.0,0.0,1708.7381197040002,0.0,1707.0,304.15,0.0,524.4,0,1420.2881197040003,0.0,2824,286.7118802959999
Data,5114,0.0,0.0,1580.9041933855,0.0,1707.0,309.74,0.0,524.4,0,1281.0441933855002,0.0,2841,425.9558066144999
Data,5115,0.0,0.0,1608.7804047704149,0.0,1707.0,305.26,0.0,524.4,0,1127.4404047704147,0.0,3018,579.5595952295852
Data,5116,0.0,0.0,1651.2403449349345,0.0,1707.0,349.99,0.0,527.6,0,1025.8303449349346,0.0,3210,681.1696550650655
Data,5117,0.0,0.0,1617.6991165787,0.0,1707.0,398.07,0.0,524.4,0,916.1691165787004,0.0,3331,790.8308834212999
Data,5118,0.0,0.0,1584.5252729499002,0.0,1707.0,392.48,0.0,524.4,0,825.4052729499003,0.0,3383,881.5947270500998
Data,5119,0.0,0.0,1304.3601109492001,0.0,1707.0,362.29,0.0,524.4,0,504.05011094920405,0.0,3394,1202.9498890507998
Data,5120,-0.0,0.0,906.1771555078999,0.0,1707.0,287.37,0.0,524.4,0,185.94715550789988,0.0,3239,1521.0528444921001
Data,5121,-0.0,0.0,800.2467801879,0.0,2167.4032198121004,254.95,0.0,173.4,0,0,0.0,3396,2167.4032198121
Data,5122,-0.0,0.0,752.8564038458059,0.0,2000.493596154194,237.05,0.0,527.6,0,0,0.0,3518,2000.4935961541942
Data,5123,-0.0,0.0,679.9898687249412,0.0,2386.770131275059,223.64,0.0,176.6,0,0,0.0,3467,2386.7701312750587
Data,5124,-0.0,0.0,663.8055496766718,0.0,2312.424450323328,238.17,0.0,176.6,0,0,0.0,3391,2312.424450323328
Data,5125,-0.0,0.0,715.4202158876367,0.0,2030.7497841123634,229.23,0.0,176.6,0,0,0.0,3152,2030.7497841123634
Data,5126,-0.0,0.0,792.7909771226905,0.0,1707.0,256.06,0.0,527.6,0,30.450977122690343,0.0,3253,1676.5490228773094
Data,5127,-0.0,0.0,910.545858582504,0.0,1852.7134414174961,294.08,0.0,203.6607,0,0,0.0,3261,1852.713441417496
Data,5128,-0.0,0.0,929.7758162820945,0.0,1707.0,403.66,0.0,527.6,0,119.03581628209429,0.0,3449,1587.9641837179054
Data,5129,-0.0,0.0,1083.4425818629786,0.0,1735.6674181370215,485.29,0.0,527.6,0,0,0.0,3832,1735.6674181370213
Data,5130,-0.0,0.0,1528.576584149299,0.0,1707.0,487.53,0.0,527.6,0,317.70658414929903,0.0,3933,1389.293415850701
Data,5131,0.0,0.0,1716.386734014348,0.0,1707.0,448.39,0.0,527.6,0,572.3767340143476,0.0,3827,1134.623265985652
Data,5132,0.0,0.0,1864.3320420118355,0.0,1707.0,433.85,0.0,527.6,0,860.7820420118353,0.0,3672,846.2179579881645
Data,5133,0.0,0.0,2128.857558622335,0.0,1707.0,369.0,0.0,527.6,0,1244.4575586223352,0.0,3488,462.5424413776649
Data,5134,0.0,0.0,2246.5447317729413,0.0,1707.0,342.16,0.0,527.6,0,1514.3047317729408,0.0,3309,192.69526822705865
Data,5135,0.0,0.0,2134.823845507634,0.0,1707.0,296.32,0.0,530.8,0,1501.9438455076343,0.0,3167,205.05615449236615
Data,5136,0.0,0.0,2260.916933652134,0.0,1707.0,301.91,0.0,527.6,0,1695.4269336521338,0.0,3102,11.573066347865904
Data,5137,0.0,0.0,2259.974759101806,0.0,1707.0,295.2,0.0,524.4,0,1804.574759101806,0.0,2982,-97.5747591018058
Data,5138,0.0,0.0,2221.3041618915513,0.0,1707.0,300.79,0.0,524.4,0,1735.4941618915516,0.0,3018,-28.4941618915513
Data,5139,0.0,0.0,2293.8456542882404,0.0,1707.0,294.08,0.0,524.4,0,1634.3256542882402,0.0,3185,72.6743457117596
Data,5140,0.0,0.0,2283.2676187905113,0.0,1707.0,352.23,0.0,527.6,0,1532.0976187905112,0.0,3338,174.90238120948868
Data,5141,0.0,0.0,2238.9889193048257,0.0,1707.0,394.72,0.0,527.6,0,1424.3089193048254,0.0,3444,282.69108069517426
Data,5142,0.0,0.0,2258.7051430602546,0.0,1707.0,408.14,0.0,527.6,0,1447.4451430602544,0.0,3454,259.5548569397454
Data,5143,0.0,0.0,1951.7499373445323,0.0,1707.0,400.31,0.0,527.6,0,1150.6599373445322,0.0,3436,556.3400626554676
Data,5144,-0.0,0.0,1381.6163095299,0.0,1707.0,325.39,0.0,527.6,0,493.6063095298998,0.0,3448,1213.3936904701
Data,5145,-0.0,0.0,1098.3218029342,0.0,1707.0,300.79,0.0,527.6,0,59.711802934199795,0.0,3574,1647.2881970658
Data,5146,-0.0,0.0,882.5940013566999,0.0,2064.4359986433,287.37,0.0,527.6,0,0,0.0,3762,2064.4359986433
Data,5147,-0.0,0.0,639.3798193025,0.0,2248.9501806975,275.07,0.0,527.6,0,0,0.0,3691,2248.9501806975
Data,5148,-0.0,0.0,785.5626615491,0.0,2189.2373384509,270.6,0.0,527.6,0,0,0.0,3773,2189.2373384509
Data,5149,-0.0,0.0,693.4896440004,0.0,2127.5703559996,211.34,0.0,527.6,0,0,0.0,3560,2127.5703559996
Data,5150,-0.0,0.0,1014.166531593994,0.0,1890.9334684060059,209.1,0.0,530.8,0,0,0.0,3645,1890.933468406006
Data,5151,-0.0,0.0,1096.0223811171288,0.0,1817.0376188828711,235.94,0.0,534.0,0,0,0.0,3683,1817.0376188828711
Data,5152,-0.0,0.0,816.9472666715361,0.0,2095.752733328464,282.9,0.0,540.4,0,0,0.0,3736,2095.752733328464
Data,5153,-0.0,0.0,1442.4209408113718,0.0,1707.0,395.84,0.0,540.4,0,85.66094081137194,0.0,4000,1621.3390591886282
Data,5154,0.0,0.0,1649.2097365482375,0.0,1707.0,399.19,0.0,540.4,0,283.7997365482377,0.0,4012,1423.2002634517626
Data,5155,0.0,0.0,1759.1779061489553,0.0,1707.0,413.73,0.0,502.0,0,484.9079061489554,0.0,3897,1222.0920938510446
Data,5156,0.0,0.0,1781.581457397739,0.0,1707.0,349.99,0.0,502.0,0,595.5714573977389,0.0,3745,1111.428542602261
Data,5157,0.0,0.0,1924.6194718066458,0.0,1707.0,329.86,0.0,502.0,0,918.4794718066458,0.0,3545,788.5205281933542
Data,5158,0.0,0.0,1871.3127363203403,0.0,1707.0,309.74,0.0,502.0,0,1046.05273632034,0.0,3344,660.9472636796597
Data,5159,0.0,0.0,1558.1594965934792,0.0,1707.0,291.85,0.0,502.0,0,874.0094965934791,0.0,3185,832.9905034065208
Data,5160,0.0,0.0,2145.9490054610806,0.0,1707.0,303.03,0.0,502.0,0,1545.9790054610803,0.0,3112,161.02099453891947
Data,5161,0.0,0.0,1351.5918036340693,0.0,1707.0,323.15,0.0,502.0,0,908.7418036340694,0.0,2975,798.2581963659308
Data,5162,0.0,0.0,1481.508158612465,0.0,1707.0,345.52,0.0,502.0,0,1018.028158612465,0.0,3018,688.971841387535
Data,5163,0.0,0.0,2088.636541372274,0.0,1707.0,364.53,0.0,502.0,0,1522.166541372274,0.0,3140,184.8334586277258
Data,5164,0.0,0.0,2034.1020691633557,0.0,1707.0,380.18,0.0,502.0,0,1287.2820691633556,0.0,3336,419.71793083664426
Data,5165,0.0,0.0,1967.3539889247634,0.0,1707.0,385.77,0.0,502.0,0,1106.1239889247634,0.0,3456,600.8760110752366
Data,5166,0.0,0.0,1944.2494378566003,0.0,1707.0,367.88,0.0,502.0,0,1056.1294378566004,0.0,3465,650.8705621433998
Data,5167,0.0,0.0,1486.2570695554,0.0,1707.0,379.06,0.0,502.0,0,646.3170695553999,0.0,3428,1060.6829304446
Data,5168,-0.0,0.0,650.1230216057774,0.0,1787.2369783942227,346.64,0.0,502.0,0,0,0.0,3286,1787.2369783942227
Data,5169,-0.0,0.0,572.4452693824508,0.0,2319.984730617549,336.57,0.0,151.0,0,0,0.0,3380,2319.9847306175493
Data,5170,-0.0,0.0,487.2361291564416,0.0,2407.0,308.62,0.0,151.0,0,-178.1438708435585,0.0,3532,2585.1438708435585
Data,5171,-0.0,0.0,474.95251689128855,0.0,2407.0,306.38,0.0,151.0,0,-155.66748310871134,0.0,3495,2562.6674831087116
Data,5172,-0.0,0.0,899.9363017990254,0.0,1707.0,292.96,0.0,502.0,0,25.89630179902545,0.0,3376,1681.1036982009746
Data,5173,-0.0,0.0,1184.001959954886,0.0,1707.0,238.17,0.0,502.0,0,473.1719599548859,0.0,3158,1233.828040045114
Data,5174,-0.0,0.0,1331.0110314506019,0.0,1707.0,231.46,0.0,151.0,0,151.47103145060186,0.0,3269,1555.528968549398
Data,5175,-0.0,0.0,1540.7502676400957,0.0,1707.0,226.99,0.0,502.0,0,671.7402676400911,0.0,3305,1035.2597323599043
Data,5176,-0.0,0.0,1756.010533995649,0.0,1707.0,286.25,0.0,502.0,0,704.2605339956489,0.0,3547,1002.739466004351
Data,5177,-0.0,0.0,2079.2915038893398,0.0,1707.0,402.55,0.0,502.0,0,788.8415038893397,0.0,3902,918.1584961106603
Data,5178,-0.0,0.0,2097.6714526358674,0.0,1707.0,441.68,0.0,502.0,0,790.3514526358674,0.0,3958,916.6485473641326
Data,5179,-0.0,0.0,1786.5251328778768,0.0,1707.0,465.16,0.0,514.8,0,633.4851328778769,0.0,3840,1073.5148671221232
Data,5180,0.0,0.0,1400.7129897253842,0.0,1707.0,391.36,0.0,423.6714,0,220.7443897253846,0.0,3702,1486.2556102746157
Data,5181,0.0,0.0,1501.8453259864764,0.0,1707.0,345.52,0.0,295.6595,0,322.0248259864762,0.0,3528,1384.9751740135237
Data,5182,0.0,0.0,1215.369097968564,0.0,1707.0,287.37,0.0,189.4,0,106.13909796856386,0.0,3293,1600.8609020314361
Data,5183,0.0,0.0,1889.6801947201434,0.0,1707.0,273.95,0.0,192.6,0,908.2301947201431,0.0,3155,798.7698052798567
Data,5184,0.0,0.0,1876.4781160189607,0.0,1707.0,282.9,0.0,189.4,0,961.7781160189609,0.0,3094,745.2218839810394
Data,5185,0.0,0.0,1862.0412890286289,0.0,1707.0,278.43,0.0,183.0,0,1082.4712890286287,0.0,2948,624.5287109713711
Data,5186,0.0,0.0,1744.2226469031398,0.0,1707.0,273.95,0.0,186.2,0,921.3726469031395,0.0,2990,785.6273530968602
Data,5187,0.0,0.0,1843.079608165166,0.0,1707.0,266.13,0.0,183.0,0,913.2096081651662,0.0,3086,793.7903918348339
Data,5188,0.0,0.0,1779.1184281485343,0.0,1707.0,305.26,0.0,186.2,0,689.5784281485343,0.0,3288,1017.4215718514656
Data,5189,0.0,0.0,1842.341387088505,0.0,1707.0,372.35,0.0,183.0,0,737.6913870885048,0.0,3367,969.3086129114951
Data,5190,0.0,0.0,1819.843967190353,0.0,1707.0,382.42,0.0,183.0,0,731.2639671903531,0.0,3361,975.736032809647
Data,5191,0.0,0.0,1805.552119513096,0.0,1707.0,362.29,0.0,186.2,0,800.0421195130956,0.0,3261,906.9578804869041
Data,5192,-0.0,0.0,1771.7122927829105,0.0,1707.0,301.91,0.0,183.0,0,729.6222927829102,0.0,3234,977.3777072170894
Data,5193,-0.0,0.0,1779.0925636883903,0.0,1707.0,290.73,0.0,186.2,0,545.0225636883903,0.0,3418,1161.9774363116096
Data,5194,-0.0,0.0,1694.7264138279306,0.0,1707.0,277.31,0.0,183.0,0,235.03641382793057,0.0,3627,1471.9635861720694
Data,5195,-0.0,0.0,1368.932820238962,0.0,1885.417179761038,267.25,0.0,189.4,0,0,0.0,3711,1885.417179761038
Data,5196,-0.0,0.0,1232.5993887380016,0.0,2066.2606112619987,235.94,0.0,186.2,0,0,0.0,3721,2066.2606112619983
Data,5197,-0.0,0.0,1347.714387564114,0.0,1855.335612435886,205.75,0.0,186.2,0,0,0.0,3595,1855.3356124358859
Data,5198,-0.0,0.0,1525.400979425399,0.0,1707.0,211.34,0.0,189.4,0,34.14097942539938,0.0,3599,1672.859020574601
Data,5199,-0.0,0.0,1880.1033291695314,0.0,1707.0,214.69,0.0,186.2,0,423.99332916953125,0.0,3564,1283.0066708304685
Data,5200,-0.0,0.0,1868.0184837962956,0.0,1707.0,269.48,0.0,189.4,0,448.89848379629586,0.0,3585,1258.1015162037043
Data,5201,-0.0,0.0,1683.0673391931327,0.0,1707.0,404.78,0.0,186.2,0,150.04733919313222,0.0,3831,1556.9526608068672
Data,5202,-0.0,0.0,2010.5760854050473,0.0,1707.0,418.2,0.0,189.4,0,401.1760854050473,0.0,3924,1305.8239145949528
Data,5203,-0.0,0.0,1923.4885615519895,0.0,1707.0,512.13,0.0,186.2,0,465.8185615519895,0.0,3863,1241.1814384480106
Data,5204,-0.0,0.0,2009.7376596903498,0.0,1707.0,452.86,0.0,189.4,0,584.99765969035,0.0,3774,1122.0023403096502
Data,5205,-0.0,0.0,1983.6119644237892,0.0,1707.0,358.94,0.0,189.4,0,631.9519644237893,0.0,3607,1075.0480355762109
Data,5206,0.0,0.0,1780.3411873180253,0.0,1707.0,328.75,0.0,186.2,0,588.2911873180251,0.0,3414,1118.7088126819747
Data,5207,0.0,0.0,2111.60751251751,0.0,1707.0,323.15,0.0,189.4,0,1089.15751251751,0.0,3242,617.8424874824902
Data,5208,0.0,0.0,2028.516569076393,0.0,1707.0,291.85,0.0,186.2,0,1036.5665690763926,0.0,3177,670.4334309236071
Data,5209,0.0,0.0,1925.1556509021582,0.0,1707.0,276.19,0.0,433.8799,0,1267.2255509021581,0.0,3075,439.7744490978418
Data,5210,0.0,0.0,1967.4488092689032,0.0,1707.0,275.07,0.0,261.5345,0,1098.0533092689031,0.0,3113,608.9466907310969
Data,5211,0.0,0.0,1750.3583836994644,0.0,1707.0,289.61,0.0,537.2,0,1008.1683836994645,0.0,3276,698.8316163005355
Data,5212,0.0,0.0,1844.0330397750686,0.0,1707.0,361.17,0.0,534.0,0,980.2030397750688,0.0,3466,726.7969602249314
Data,5213,0.0,0.0,1889.5425432742743,0.0,1707.0,384.65,0.0,445.9378,0,866.1303432742745,0.0,3561,840.8696567257257
Data,5214,0.0,0.0,1913.283023891877,0.0,1707.0,375.71,0.0,35.2,0,440.1930238918769,0.0,3591,1266.8069761081229
Data,5215,0.0,0.0,1770.5205909066117,0.0,1707.0,380.18,0.0,32.0,0,279.7005909066115,0.0,3610,1427.2994090933882
Data,5216,-0.0,0.0,1351.4713610211763,0.0,1916.878638978824,335.45,0.0,35.2,0,0,0.0,3639,1916.8786389788236
Data,5217,-0.0,0.0,1554.6380162111914,0.0,2005.4019837888086,292.96,0.0,32.0,0,0,0.0,3885,2005.4019837888086
Data,5218,-0.0,0.0,1472.4920767234478,0.0,2155.9979232765527,277.31,0.0,35.2,0,0,0.0,3941,2155.9979232765522
Data,5219,-0.0,0.0,1313.1011450207377,0.0,2274.818854979262,244.88,0.0,35.2,0,0,0.0,3868,2274.818854979262
Data,5220,-0.0,0.0,1314.1261177687613,0.0,2216.5938822312382,244.88,0.0,38.4,0,0,0.0,3814,2216.5938822312387
Data,5221,-0.0,0.0,1257.4290015346492,0.0,2015.1909984653507,207.98,0.0,38.4,0,0,0.0,3519,2015.190998465351
Data,5222,-0.0,0.0,1350.9968796560265,0.0,2060.2331203439735,213.57,0.0,35.2,0,0,0.0,3660,2060.2331203439735
Data,5223,-0.0,0.0,1623.6517469472751,0.0,1763.5282530527247,259.42,0.0,38.4,0,0,0.0,3685,1763.528253052725
Data,5224,-0.0,0.0,1825.4634481529354,0.0,1707.0,336.57,0.0,35.2,0,32.233448152935395,0.0,3872,1674.7665518470646
Data,5225,-0.0,0.0,1910.6887533066376,0.0,1752.0412466933628,471.87,0.0,38.4,0,0,0.0,4173,1752.0412466933624
Data,5226,-0.0,0.0,1873.9631312664342,0.0,1707.0,573.63,0.0,38.4,0,1.993131266434034,0.0,4191,1705.0068687335659
Data,5227,-0.0,0.0,2139.815078586634,0.0,1707.0,553.5,0.0,35.2,0,365.5150785866339,0.0,4070,1341.4849214133658
Data,5228,-0.0,0.0,2114.7592859594347,0.0,1707.0,475.23,0.0,38.4,0,385.3892859594347,0.0,3950,1321.6107140405652
Data,5229,0.0,0.0,2047.8788824570343,0.0,1707.0,451.75,0.0,186.2,0,657.828882457034,0.0,3735,1049.1711175429657
Data,5230,0.0,0.0,2038.6169456572343,0.0,1707.0,356.7,0.0,189.4,0,794.7169456572341,0.0,3497,912.2830543427657
Data,5231,0.0,0.0,1713.9099268632344,0.0,1707.0,313.09,0.0,186.2,0,521.1999268632343,0.0,3399,1185.8000731367656
Data,5232,0.0,0.0,1469.2552718697343,0.0,1707.0,291.85,0.0,189.4,0,285.5052718697342,0.0,3372,1421.4947281302657
Data,5233,0.0,0.0,1906.6205870325343,0.0,1707.0,261.65,0.0,183.0,0,833.2705870325343,0.0,3225,873.7294129674657
Data,5234,0.0,0.0,1776.861333787734,0.0,1707.0,273.95,0.0,186.2,0,666.0113337877339,0.0,3278,1040.9886662122658
Data,5235,0.0,0.0,1935.4133203482343,0.0,1707.0,307.5,0.0,183.0,0,738.9133203482344,0.0,3394,968.0866796517657
Data,5236,0.0,0.0,1927.7204488641341,0.0,1707.0,369.0,0.0,186.2,0,620.9204488641341,0.0,3569,1086.0795511358658
Data,5237,0.0,0.0,1918.1915994739056,0.0,1707.0,394.72,0.0,183.0,0,544.9115994739058,0.0,3658,1162.0884005260943
Data,5238,0.0,0.0,1903.9581343480213,0.0,1707.0,391.36,0.0,186.2,0,582.5181343480212,0.0,3606,1124.4818656519788
Data,5239,0.0,0.0,1639.6431952765697,0.0,1707.0,383.54,0.0,183.0,0,414.18319527656956,0.0,3499,1292.8168047234303
Data,5240,-0.0,0.0,1210.499467299536,0.0,1906.6805327004643,308.62,0.0,35.2,0,0,0.0,3461,1906.680532700464
Data,5241,-0.0,0.0,1135.0142858368647,0.0,2115.7357141631355,286.25,0.0,32.0,0,0,0.0,3569,2115.7357141631355
Data,5242,-0.0,0.0,989.7878140754996,0.0,2299.0021859245003,265.01,0.0,35.2,0,0,0.0,3589,2299.0021859245003
Data,5243,-0.0,0.0,662.6546240312628,0.0,2407.0,260.54,0.0,35.2,0,-149.60537596873752,0.0,3515,2556.605375968737
Data,5244,-0.0,0.0,905.6149076195236,0.0,2360.7450923804763,248.24,0.0,38.4,0,0,0.0,3553,2360.7450923804763
Data,5245,-0.0,0.0,985.2218193081023,0.0,2216.758180691898,234.82,0.0,35.2,0,0,0.0,3472,2216.7581806918975
Data,5246,-0.0,0.0,1062.7033552281457,0.0,2134.436644771854,231.46,0.0,38.4,0,0,0.0,3467,2134.4366447718544
Data,5247,-0.0,0.0,1275.27266275535,0.0,1910.5873372446504,235.94,0.0,35.2,0,0,0.0,3457,1910.58733724465
Data,5248,-0.0,0.0,1491.5479431311649,0.0,1707.0,346.64,0.0,38.4,0,57.58794313116481,0.0,3526,1649.4120568688352
Data,5249,-0.0,0.0,1832.8203343454343,0.0,1707.0,471.87,0.0,35.2,0,255.8903343454341,0.0,3791,1451.1096656545658
Data,5250,-0.0,0.0,2198.256660782434,0.0,1707.0,507.65,0.0,38.4,0,564.3066607824343,0.0,3887,1142.6933392175658
Data,5251,0.0,0.0,2249.983284314434,0.0,1707.0,528.9,0.0,35.2,0,698.0832843144339,0.0,3823,1008.9167156855659
Data,5252,0.0,0.0,2163.2842528104347,0.0,1707.0,429.38,0.0,38.4,0,602.0642528104348,0.0,3736,1104.9357471895653
Data,5253,0.0,0.0,2187.0261755664346,0.0,1707.0,407.02,0.0,35.2,0,781.2461755664343,0.0,3555,925.7538244335653
Data,5254,0.0,0.0,2141.1891816144343,0.0,1707.0,319.8,0.0,35.2,0,849.1891816144342,0.0,3354,857.8108183855657
Data,5255,0.0,0.0,2100.9014069210343,0.0,1707.0,298.55,0.0,38.4,0,889.8514069210347,0.0,3255,817.1485930789656
Data,5256,0.0,0.0,2078.2799655350345,0.0,1707.0,276.19,0.0,35.2,0,823.6699655350343,0.0,3273,883.3300344649655
Data,5257,0.0,0.0,2093.3037491284344,0.0,1707.0,241.53,0.0,35.2,0,897.0337491284344,0.0,3180,809.9662508715655
Data,5258,0.0,0.0,2096.1669501774345,0.0,1707.0,237.05,0.0,32.0,0,861.2169501774346,0.0,3211,845.7830498225655
Data,5259,0.0,0.0,2114.9705673354347,0.0,1707.0,254.95,0.0,35.2,0,740.1205673354342,0.0,3372,966.8794326645653
Data,5260,0.0,0.0,1975.1313698129138,0.0,1707.0,305.26,0.0,32.0,0,500.391369812914,0.0,3519,1206.6086301870862
Data,5261,0.0,0.0,1902.4472000761486,0.0,1707.0,335.45,0.0,35.2,0,359.0972000761483,0.0,3621,1347.9027999238513
Data,5262,0.0,0.0,1898.3634016506953,0.0,1707.0,341.05,0.0,32.0,0,459.41340165069556,0.0,3519,1247.5865983493047
Data,5263,0.0,0.0,1703.7157799263068,0.0,1707.0,341.05,0.0,32.0,0,443.76577992630706,0.0,3340,1263.2342200736932
Data,5264,-0.0,0.0,1227.3324411663393,0.0,1707.0,297.44,0.0,35.2,0,143.9724411663392,0.0,3123,1563.0275588336606
Data,5265,-0.0,0.0,1171.1374210311772,0.0,1707.0,290.73,0.0,32.0,0,187.86742103117714,0.0,3013,1519.1325789688228
Data,5266,-0.0,0.0,1091.1979660293787,0.0,1707.0,240.41,0.0,35.2,0,49.80796602937835,0.0,3024,1657.1920339706214
Data,5267,-0.0,0.0,1096.7581331594727,0.0,1707.0,226.99,0.0,35.2,0,41.948133159472185,0.0,3024,1665.0518668405273
Data,5268,-0.0,0.0,1188.2892398115805,0.0,1707.0,211.34,0.0,35.2,0,197.82923981158058,0.0,2944,1509.1707601884195
Data,5269,-0.0,0.0,1426.933850200986,0.0,1707.0,192.33,0.0,38.4,0,494.6638502009861,0.0,2870,1212.336149799014
Data,5270,-0.0,0.0,1664.4437669139209,0.0,1707.0,194.56,0.0,35.2,0,851.2037669139206,0.0,2750,855.7962330860792
Data,5271,-0.0,0.0,1915.8160164146739,0.0,1707.0,181.15,0.0,35.2,0,1071.1660164146738,0.0,2768,635.8339835853261
Data,5272,-0.0,0.0,2163.8631841072374,0.0,1707.0,237.05,0.0,38.4,0,1113.313184107238,0.0,3033,593.6868158927625
Data,5273,-0.0,0.0,2199.6359786556345,0.0,1707.0,389.13,0.0,537.2,0,1404.9659786556344,0.0,3428,302.03402134436544
Data,5274,0.0,0.0,2224.7164362984345,0.0,1707.0,445.04,0.0,540.4,0,1240.1564362984345,0.0,3677,466.84356370156553
Data,5275,0.0,0.0,2302.3967196104345,0.0,1707.0,489.76,0.0,537.2,0,1340.3567196104345,0.0,3696,366.64328038956546
Data,5276,0.0,0.0,2470.6419919625346,0.0,1707.0,424.91,0.0,537.2,0,1487.7519919625342,0.0,3652,219.24800803746535
Data,5277,0.0,0.0,2431.7069394348346,0.0,1707.0,376.83,0.0,540.4,0,1510.9369394348346,0.0,3545,196.06306056516547
Data,5278,0.0,0.0,2381.9143908083342,0.0,1707.0,286.25,0.0,537.2,0,1551.364390808334,0.0,3361,155.6356091916657
Data,5279,0.0,0.0,2304.257074971434,0.0,1707.0,254.95,0.0,540.4,0,1590.607074971434,0.0,3216,116.39292502856591
Data,5280,0.0,0.0,2379.5412088284343,0.0,1707.0,223.64,0.0,537.2,0,1649.381208828434,0.0,3198,57.618791171565704
Data,5281,0.0,0.0,2211.8067601475345,0.0,1707.0,202.39,0.0,534.0,0,1541.1967601475344,0.0,3114,165.80323985246548
Data,5282,0.0,0.0,2030.1318478675512,0.0,1707.0,225.87,0.0,537.2,0,1321.201847867551,0.0,3179,385.79815213244876
Data,5283,0.0,0.0,2114.6677573170327,0.0,1707.0,234.82,0.0,534.0,0,1258.487757317033,0.0,3332,448.51224268296727
Data,5284,0.0,0.0,1612.3994850755275,0.0,1707.0,311.97,0.0,534.0,0,649.3694850755278,0.0,3516,1057.6305149244724
Data,5285,0.0,0.0,1230.1631091960332,0.0,1707.0,323.15,0.0,537.2,0,162.51310919603318,0.0,3635,1544.4868908039666
Data,5286,0.0,0.0,962.4328517962604,0.0,1828.3971482037396,361.17,0.0,534.0,0,0,0.0,3686,1828.3971482037396
Data,5287,0.0,0.0,1037.7316467343835,0.0,1760.6983532656163,336.57,0.0,534.0,0,0,0.0,3669,1760.6983532656166
Data,5288,-0.0,0.0,854.7928241131991,0.0,1910.1371758868008,275.07,0.0,534.0,0,0,0.0,3574,1910.1371758868008
Data,5289,-0.0,0.0,662.8222555357328,0.0,2239.9977444642673,257.18,0.0,534.0,0,0,0.0,3694,2239.9977444642673
Data,5290,-0.0,0.0,1185.3770472479,0.0,2128.0229527521,221.4,0.0,186.2,0,0,0.0,3721,2128.0229527521
Data,5291,-0.0,0.0,1146.9919794108998,0.0,1751.2180205891002,202.39,0.0,540.4,0,0,0.0,3641,1751.2180205891002
Data,5292,-0.0,0.0,1046.1106614021999,0.0,2158.5993385978,190.09,0.0,186.2,0,0,0.0,3581,2158.5993385978
Data,5293,-0.0,0.0,937.9402216139752,0.0,1779.2897783860249,164.37,0.0,540.4,0,0,0.0,3422,1779.2897783860249
Data,5294,-0.0,0.0,1051.2474382183862,0.0,1830.2725617816138,171.08,0.0,540.4,0,0,0.0,3593,1830.2725617816138
Data,5295,-0.0,0.0,1109.1384705900582,0.0,2179.7315294099417,167.73,0.0,189.4,0,0,0.0,3646,2179.7315294099417
Data,5296,-0.0,0.0,1217.1396437421713,0.0,1889.2303562578286,229.23,0.0,540.4,0,0,0.0,3876,1889.2303562578288
Data,5297,-0.0,0.0,1002.7698839115117,0.0,2223.940116088488,386.89,0.0,540.4,0,0,0.0,4154,2223.940116088488
Data,5298,-0.0,0.0,1992.5910348973491,0.0,1707.0,459.57,0.0,540.4,0,513.5610348973494,0.0,4186,1193.4389651026509
Data,5299,0.0,0.0,2061.132516384339,0.0,1707.0,508.77,0.0,540.4,0,748.302516384339,0.0,4069,958.6974836156611
Data,5300,0.0,0.0,1804.8717419685477,0.0,1707.0,442.8,0.0,540.4,0,545.071741968548,0.0,3950,1161.9282580314523
Data,5301,0.0,0.0,1872.3441261759444,0.0,1707.0,393.6,0.0,540.4,0,760.3441261759443,0.0,3753,946.6558738240556
Data,5302,0.0,0.0,1822.035031320541,0.0,1707.0,327.63,0.0,540.4,0,850.0650313205413,0.0,3547,856.934968679459
Data,5303,0.0,0.0,1900.6077400190602,0.0,1707.0,262.77,0.0,540.4,0,1078.7777400190603,0.0,3332,628.2222599809398
Data,5304,0.0,0.0,2010.134398349284,0.0,1707.0,223.64,0.0,540.4,0,1160.174398349284,0.0,3321,546.825601650716
Data,5305,0.0,0.0,2004.601365339528,0.0,1707.0,214.69,0.0,534.0,0,1252.291365339528,0.0,3208,454.708634660472
Data,5306,0.0,0.0,1786.2924921747613,0.0,1707.0,234.82,0.0,537.2,0,988.3124921747614,0.0,3277,718.6875078252388
Data,5307,0.0,0.0,1739.528725083162,0.0,1707.0,231.46,0.0,537.2,0,777.1887250831619,0.0,3438,929.8112749168379
Data,5308,0.0,0.0,1623.7334567098346,0.0,1707.0,267.25,0.0,537.2,0,527.1834567098344,0.0,3608,1179.8165432901653
Data,5309,0.0,0.0,1507.4772487481077,0.0,1707.0,335.45,0.0,537.2,0,361.12724874810795,0.0,3726,1345.8727512518922
Data,5310,0.0,0.0,1400.2780812009,0.0,1707.0,341.05,0.0,537.2,0,205.52808120090003,0.0,3780,1501.4719187991
Data,5311,0.0,0.0,1469.5904936279,0.0,1707.0,300.79,0.0,537.2,0,276.58049362789984,0.0,3738,1430.4195063721
Data,5312,-0.0,0.0,1369.6717423201,0.0,1707.0,250.47,0.0,537.2,0,240.34174232009948,0.0,3624,1466.6582576798999
Data,5313,-0.0,0.0,1308.6998450903998,0.0,2113.6301549096006,250.47,0.0,186.2,0,0,0.0,3859,2113.6301549096
Data,5314,-0.0,0.0,1158.0101089753816,0.0,2181.1298910246182,206.86,0.0,534.0,0,0,0.0,4080,2181.1298910246182
Data,5315,-0.0,0.0,725.9062748720607,0.0,2407.0,188.97,0.0,186.2,0,-527.9237251279396,0.0,4036,2934.923725127939
Data,5316,-0.0,0.0,1339.1413171663148,0.0,2212.308682833685,181.15,0.0,189.4,0,0,0.0,3922,2212.308682833685
Data,5317,-0.0,0.0,730.5714050463,0.0,2370.4589949536994,158.78,0.0,393.1896,0,0,0.0,3653,2370.4589949537
Data,5318,-0.0,0.0,706.9361213183,0.0,2407.0,176.67,0.0,540.4,0,-0.9938786817003881,0.0,3832,2407.9938786817
Data,5319,-0.0,0.0,767.9710705590012,0.0,2407.0,205.75,0.0,186.2,0,-277.07892944099785,0.0,3844,2684.0789294409988
Data,5320,-0.0,0.0,749.9360956110286,0.0,2337.363904388971,258.3,0.0,540.4,0,0,0.0,3886,2337.3639043889716
Data,5321,-0.0,0.0,1004.8176173168381,0.0,2185.642382683162,408.14,0.0,540.4,0,0,0.0,4139,2185.642382683162
Data,5322,-0.0,0.0,1554.587008464925,0.0,1912.262991535075,470.75,0.0,189.4,0,0,0.0,4127,1912.262991535075
Data,5323,0.0,0.0,1856.1310230914423,0.0,1707.0,422.67,0.0,537.2,0,508.0010230914421,0.0,4015,1198.9989769085576
Data,5324,0.0,0.0,2060.2568169740425,0.0,1707.0,384.65,0.0,540.4,0,803.3068169740426,0.0,3889,903.6931830259575
Data,5325,0.0,0.0,1860.2515224622812,0.0,1707.0,367.88,0.0,540.4,0,769.5315224622814,0.0,3706,937.4684775377189
Data,5326,0.0,0.0,1783.7988374572342,0.0,1707.0,280.66,0.0,540.4,0,812.8588374572342,0.0,3499,894.1411625427659
Data,5327,0.0,0.0,2070.2486359528343,0.0,1707.0,226.99,0.0,189.4,0,891.6386359528348,0.0,3302,815.3613640471657
Data,5328,0.0,0.0,1743.1496893963345,0.0,1707.0,190.09,0.0,189.4,0,561.6396893963346,0.0,3268,1145.3603106036655
Data,5329,0.0,0.0,2328.1718637649474,0.0,1707.0,181.15,0.0,186.2,0,1253.5218637649473,0.0,3149,453.4781362350526
Data,5330,0.0,0.0,2266.8872809434815,0.0,1707.0,204.63,0.0,186.2,0,1171.7172809434815,0.0,3193,535.2827190565185
Data,5331,0.0,0.0,1968.452980132863,0.0,1707.0,206.86,0.0,537.2,0,1086.512980132863,0.0,3333,620.4870198671368
Data,5332,0.0,0.0,1702.53765221044,0.0,1707.0,268.36,0.0,537.2,0,674.09765221044,0.0,3541,1032.9023477895598
Data,5333,0.0,0.0,1535.619323701765,0.0,1707.0,316.45,0.0,534.0,0,469.069323701765,0.0,3624,1237.9306762982349
Data,5334,0.0,0.0,1140.7542783920653,0.0,1991.6457216079348,344.4,0.0,186.2,0,0,0.0,3663,1991.6457216079348
Data,5335,0.0,0.0,1245.4212908343438,0.0,1707.0,327.63,0.0,537.2,0,144.25129083434365,0.0,3673,1562.7487091656562
Data,5336,-0.0,0.0,920.3611160206001,0.0,1985.6788839793999,243.76,0.0,537.2,0,0,0.0,3687,1985.6788839793999
Data,5337,-0.0,0.0,1295.4433761492999,0.0,2006.9566238507002,221.4,0.0,186.2,0,0,0.0,3710,2006.9566238507002
Data,5338,-0.0,0.0,1336.9816101576428,0.0,1926.4883898423575,192.33,0.0,186.2,0,0,0.0,3642,1926.4883898423573
Data,5339,-0.0,0.0,1341.5915095137998,0.0,1809.5284904862006,195.68,0.0,186.2,0,0,0.0,3533,1809.5284904862
Data,5340,-0.0,0.0,1304.501718641709,0.0,1800.1282813582911,188.97,0.0,189.4,0,0,0.0,3483,1800.1282813582911
Data,5341,-0.0,0.0,1422.5748866715,0.0,1707.0,159.9,0.0,189.4,0,215.87488667150024,0.0,3263,1491.1251133285
Data,5342,-0.0,0.0,1467.3925196150594,0.0,1707.0,161.02,0.0,189.4,0,92.81251961505957,0.0,3432,1614.1874803849405
Data,5343,-0.0,0.0,1507.5245950342523,0.0,1707.0,185.62,0.0,189.4,0,81.54459503425224,0.0,3508,1625.4554049657477
Data,5344,-0.0,0.0,977.4742929365394,0.0,2251.7657070634605,268.36,0.0,189.4,0,0,0.0,3687,2251.7657070634605
Data,5345,-0.0,0.0,1262.3638123729042,0.0,2191.8761876270955,391.36,0.0,189.4,0,0,0.0,4035,2191.8761876270955
Data,5346,-0.0,0.0,1810.423152517885,0.0,1707.0,478.58,0.0,189.4,0,116.40315251788508,0.0,4069,1590.596847482115
Data,5347,0.0,0.0,1720.5300562234424,0.0,1707.0,447.27,0.0,189.4,0,107.20005622344243,0.0,3957,1599.7999437765575
Data,5348,0.0,0.0,1801.4078448956445,0.0,1707.0,375.71,0.0,189.4,0,231.51784489564457,0.0,3842,1475.4821551043556
Data,5349,0.0,0.0,1799.643684764659,0.0,1707.0,351.11,0.0,189.4,0,410.15368476465915,0.0,3637,1296.846315235341
Data,5350,0.0,0.0,1844.3597580909345,0.0,1707.0,298.55,0.0,189.4,0,607.3097580909347,0.0,3432,1099.6902419090654
Data,5351,0.0,0.0,1752.0568014355476,0.0,1707.0,225.87,0.0,189.4,0,634.3268014355477,0.0,3240,1072.6731985644524
Data,5352,0.0,0.0,2021.7921658329356,0.0,1707.0,190.09,0.0,38.4,0,750.2821658329358,0.0,3207,956.7178341670644
Data,5353,0.0,0.0,2026.3665566518434,0.0,1707.0,183.38,0.0,35.2,0,853.9465566518434,0.0,3098,853.0534433481565
Data,5354,0.0,0.0,1824.7122056179464,0.0,1707.0,205.75,0.0,35.2,0,634.6622056179461,0.0,3138,1072.3377943820535
Data,5355,0.0,0.0,1541.0274873395183,0.0,1707.0,214.69,0.0,35.2,0,230.9174873395183,0.0,3267,1476.0825126604816
Data,5356,0.0,0.0,1373.2571852985352,0.0,1770.422814701465,247.12,0.0,35.2,0,0,0.0,3426,1770.4228147014649
Data,5357,0.0,0.0,1223.8747079244456,0.0,2027.6152920755546,277.31,0.0,35.2,0,0,0.0,3564,2027.6152920755544
Data,5358,0.0,0.0,1021.5036293534465,0.0,2173.7863706465537,326.51,0.0,35.2,0,0,0.0,3557,2173.7863706465537
Data,5359,0.0,0.0,921.6977898276211,0.0,2257.422210172379,318.68,0.0,35.2,0,0,0.0,3533,2257.422210172379
Data,5360,-0.0,0.0,829.1188424744613,0.0,2399.8811575255386,270.6,0.0,38.4,0,0,0.0,3538,2399.8811575255386
Data,5361,-0.0,0.0,684.3724414880554,0.0,2407.0,224.75,0.0,35.2,0,-368.67755851194477,0.0,3720,2775.6775585119444
Data,5362,-0.0,0.0,934.0589630944842,0.0,2407.0,181.15,0.0,35.2,0,-211.591036905516,0.0,3769,2618.591036905516
Data,5363,-0.0,0.0,873.6432239141074,0.0,2407.0,168.85,0.0,35.2,0,-233.3067760858929,0.0,3718,2640.3067760858926
Data,5364,-0.0,0.0,763.0571075810517,0.0,2407.0,166.61,0.0,35.2,0,-232.132892418948,0.0,3604,2639.1328924189484
Data,5365,-0.0,0.0,844.9120105204167,0.0,2309.9179894795834,139.77,0.0,38.4,0,0,0.0,3333,2309.9179894795834
Data,5366,-0.0,0.0,1035.0945878409075,0.0,2216.7854121590926,148.72,0.0,38.4,0,0,0.0,3439,2216.7854121590926
Data,5367,-0.0,0.0,1154.1372669424359,0.0,2135.972733057564,165.49,0.0,38.4,0,0,0.0,3494,2135.9727330575643
Data,5368,-0.0,0.0,1322.0181669914002,0.0,1950.1318330085999,261.65,0.0,186.2,0,0,0.0,3720,1950.1318330085999
Data,5369,-0.0,0.0,1442.3865097756998,0.0,2038.1434902243,398.07,0.0,189.4,0,0,0.0,4068,2038.1434902243002
Data,5370,0.0,0.0,1877.0091234812,0.0,1707.0,480.82,0.0,189.4,0,166.22912348120036,0.0,4088,1540.7708765188
Data,5371,0.0,0.0,1790.5378017191001,0.0,1707.0,458.45,0.0,189.4,0,172.38780171910003,0.0,3973,1534.6121982809
Data,5372,0.0,0.0,1749.416715585,0.0,1707.0,415.96,0.0,189.4,0,183.77671558500015,0.0,3878,1523.223284415
Data,5373,0.0,0.0,1644.5664305396497,0.0,1707.0,377.95,0.0,189.4,0,244.91643053964967,0.0,3674,1462.0835694603504
Data,5374,0.0,0.0,1658.8437385487691,0.0,1707.0,278.43,0.0,186.2,0,341.47373854876867,0.0,3489,1365.5262614512308
Data,5375,0.0,0.0,1557.3834855482,0.0,1707.0,241.53,0.0,189.4,0,361.31348554820033,0.0,3334,1345.6865144518
Data,5376,0.0,0.0,1520.6944205522002,0.0,1707.0,212.45,0.0,189.4,0,297.5444205522001,0.0,3332,1409.4555794478
Data,5377,0.0,0.0,1393.1369613445002,0.0,1707.0,219.16,0.0,537.2,0,587.4969613444998,0.0,3269,1119.5030386554997
Data,5378,0.0,0.0,1690.9230567687,0.0,1707.0,252.71,0.0,537.2,0,867.8330567686999,0.0,3320,839.1669432312999
Data,5379,0.0,0.0,1566.3742343882998,0.0,1707.0,251.59,0.0,537.2,0,604.1642343882997,0.0,3458,1102.8357656117003
Data,5380,0.0,0.0,1144.9023752063001,0.0,1707.0,323.15,0.0,534.0,0,86.05237520630021,0.0,3623,1620.9476247937
Data,5381,0.0,0.0,1055.0385952753002,0.0,1871.3214047247,297.44,0.0,537.2,0,0,0.0,3761,1871.3214047246997
Data,5382,0.0,0.0,866.6130101250001,0.0,2037.076989875,351.11,0.0,537.2,0,0,0.0,3792,2037.076989875
Data,5383,0.0,0.0,767.639046026,0.0,2173.0609539740003,332.1,0.0,537.2,0,0,0.0,3810,2173.060953974
Data,5384,-0.0,0.0,396.876456142,0.0,2407.0,259.42,0.0,534.0,0,-34.70354385799993,0.0,3632,2441.703543858
Data,5385,-0.0,0.0,217.66614928420003,0.0,2407.0,216.93,0.0,186.2,0,-636.2038507158003,0.0,3664,3043.2038507158
Data,5386,-0.0,0.0,269.4808754028,0.0,2407.0,196.8,0.0,537.2,0,-242.5191245972,0.0,3653,2649.5191245972
Data,5387,-0.0,0.0,164.50983862519638,0.0,2407.0,174.44,0.0,236.4403,0,-572.6098613748034,0.0,3555,2979.6098613748036
Data,5388,-0.0,0.0,221.98274768514187,0.0,2407.0,229.23,0.0,540.4,0,-51.387252314858,0.0,3450,2458.387252314858
Data,5389,-0.0,0.0,277.698506410959,0.0,2208.931493589041,188.97,0.0,540.4,0,0,0.0,3216,2208.931493589041
Data,5390,-0.0,0.0,478.7508251114864,0.0,2109.529174888514,222.52,0.0,537.2,0,0,0.0,3348,2109.5291748885134
Data,5391,-0.0,0.0,673.8408925018623,0.0,1963.9391074981374,234.82,0.0,540.4,0,0,0.0,3413,1963.9391074981377
Data,5392,-0.0,0.0,694.1931295427347,0.0,2186.266870457265,285.14,0.0,540.4,0,0,0.0,3706,2186.266870457265
Data,5393,-0.0,0.0,904.1558508794969,0.0,2160.584149120503,452.86,0.0,540.4,0,0,0.0,4058,2160.584149120503
Data,5394,-0.0,0.0,1818.345223526577,0.0,1707.0,511.01,0.0,537.2,0,455.555223526577,0.0,4118,1251.444776473423
Data,5395,-0.0,0.0,1560.181113718745,0.0,1707.0,446.15,0.0,540.4,0,240.73111371874535,0.0,4013,1466.268886281255
Data,5396,0.0,0.0,1524.2453664311238,0.0,1707.0,388.01,0.0,540.4,0,269.65536643112375,0.0,3890,1437.3446335688764
Data,5397,0.0,0.0,1715.5008581137117,0.0,1707.0,349.99,0.0,540.4,0,602.890858113712,0.0,3710,1104.1091418862884
Data,5398,0.0,0.0,1876.1334192525562,0.0,1707.0,287.37,0.0,540.4,0,878.9034192525562,0.0,3532,828.0965807474438
Data,5399,0.0,0.0,1972.2255691914825,0.0,1707.0,244.88,0.0,540.4,0,1037.5055691914827,0.0,3427,669.4944308085176
Data,5400,0.0,0.0,2002.3807811469812,0.0,1707.0,231.46,0.0,537.2,0,1023.0407811469811,0.0,3455,683.9592188530187
Data,5401,0.0,0.0,1847.7610101189275,0.0,1707.0,212.45,0.0,537.2,0,991.4110101189272,0.0,3313,715.5889898810724
Data,5402,0.0,0.0,1785.143258246631,0.0,1707.0,232.58,0.0,537.2,0,916.9232582466307,0.0,3345,790.076741753369
Data,5403,0.0,0.0,1525.552170539685,0.0,1707.0,238.17,0.0,537.2,0,488.92217053968477,0.0,3519,1218.077829460315
Data,5404,0.0,0.0,1665.3684695958464,0.0,1707.0,258.3,0.0,534.0,0,508.66846959584643,0.0,3656,1198.3315304041537
Data,5405,0.0,0.0,1256.0791465864893,0.0,1707.0,345.52,0.0,537.2,0,103.79914658648914,0.0,3742,1603.2008534135107
Data,5406,0.0,0.0,1235.128734503803,0.0,1707.0,352.23,0.0,537.2,0,124.55873450380275,0.0,3707,1582.441265496197
Data,5407,0.0,0.0,793.576013123226,0.0,1910.8439868767741,355.58,0.0,534.0,0,0,0.0,3594,1910.8439868767741
Data,5408,-0.0,0.0,899.2699491536057,0.0,1739.2200508463945,277.31,0.0,537.2,0,0,0.0,3453,1739.2200508463943
Data,5409,-0.0,0.0,914.0472542851002,0.0,2164.6727457148995,220.28,0.0,183.0,0,0,0.0,3482,2164.6727457149
Data,5410,-0.0,0.0,994.7452383042001,0.0,2147.9647616958,190.09,0.0,186.2,0,0,0.0,3519,2147.9647616958
Data,5411,-0.0,0.0,976.0462014272622,0.0,2021.9637985727381,177.79,0.0,186.2,0,0,0.0,3362,2021.963798572738
Data,5412,-0.0,0.0,1005.7051917380492,0.0,1986.0748082619511,161.02,0.0,186.2,0,0,0.0,3339,1986.074808261951
Data,5413,-0.0,0.0,957.8512242790974,0.0,1863.6587757209027,165.49,0.0,183.0,0,0,0.0,3170,1863.6587757209027
Data,5414,-0.0,0.0,1166.6157381564653,0.0,1707.0,182.26,0.0,189.4,0,112.27573815646515,0.0,3133,1594.7242618435346
Data,5415,-0.0,0.0,1329.182896256912,0.0,1707.0,191.21,0.0,189.4,0,292.7928962569122,0.0,3124,1414.2071037430878
Data,5416,-0.0,0.0,792.8252667787605,0.0,1707.0,226.99,0.0,540.4,0,2.2152667787607925,0.0,3265,1704.7847332212395
Data,5417,-0.0,0.0,868.2967830378484,0.0,1778.8932169621517,412.61,0.0,537.2,0,0,0.0,3597,1778.8932169621517
Data,5418,-0.0,0.0,1183.8989910176294,0.0,1707.0,474.11,0.0,540.4,0,179.40899101762957,0.0,3726,1527.5910089823706
Data,5419,0.0,0.0,1809.9753981464467,0.0,1707.0,457.34,0.0,540.4,0,844.7153981464469,0.0,3670,862.2846018535533
Data,5420,0.0,0.0,1240.5228344534416,0.0,1707.0,382.42,0.0,540.4,0,285.34283445344187,0.0,3585,1421.6571655465584
Data,5421,0.0,0.0,1382.2781828491384,0.0,1707.0,343.28,0.0,537.2,0,528.7581828491378,0.0,3441,1178.2418171508616
Data,5422,0.0,0.0,1302.968133836135,0.0,1707.0,305.26,0.0,540.4,0,604.6281338361348,0.0,3251,1102.371866163865
Data,5423,0.0,0.0,1255.4547582068108,0.0,1707.0,240.41,0.0,540.4,0,548.2647582068107,0.0,3195,1158.7352417931893
Data,5424,0.0,0.0,1323.5211504023741,0.0,1707.0,211.34,0.0,540.4,0,560.2611504023744,0.0,3222,1146.7388495976259
Data,5425,0.0,0.0,1187.1606908595263,0.0,1707.0,187.85,0.0,534.0,0,507.0106908595261,0.0,3109,1199.9893091404738
Data,5426,0.0,0.0,1640.59522924695,0.0,1707.0,244.88,0.0,482.5371,0,909.0123292469502,0.0,3166,797.9876707530499
Data,5427,0.0,0.0,1853.3713884796873,0.0,1707.0,262.77,0.0,186.2,0,754.3413884796871,0.0,3255,952.6586115203127
Data,5428,0.0,0.0,1676.1086620307633,0.0,1707.0,265.01,0.0,183.0,0,382.11866203076346,0.0,3449,1324.8813379692367
Data,5429,0.0,0.0,1594.9572804716336,0.0,1707.0,342.16,0.0,186.2,0,289.31728047163324,0.0,3541,1417.6827195283663
Data,5430,0.0,0.0,1140.2118092568724,0.0,1927.0281907431274,366.76,0.0,32.0,0,0,0.0,3466,1927.0281907431277
Data,5431,0.0,0.0,1205.7416689473987,0.0,1756.7183310526013,334.34,0.0,35.2,0,0,0.0,3332,1756.7183310526013
Data,5432,-0.0,0.0,966.8243437330565,0.0,2022.7956562669433,306.38,0.0,32.0,0,0,0.0,3328,2022.7956562669435
Data,5433,-0.0,0.0,311.1187239817,0.0,2407.0,238.17,0.0,35.2,0,-451.5112760183001,0.0,3443,2858.5112760183
Data,5434,-0.0,0.0,487.4746676964,0.0,2407.0,235.94,0.0,32.0,0,-369.58533230359996,0.0,3532,2776.5853323036
Data,5435,-0.0,0.0,516.6662995761212,0.0,2407.0,219.16,0.0,35.2,0,-341.9737004238791,0.0,3520,2748.9737004238787
Data,5436,-0.0,0.0,1082.0580210054268,0.0,2150.9519789945734,226.99,0.0,32.0,0,0,0.0,3492,2150.9519789945734
Data,5437,-0.0,0.0,1174.5691969912998,0.0,1998.3408030087005,263.89,0.0,35.2,0,0,0.0,3472,1998.3408030087003
Data,5438,-0.0,0.0,904.6752033065736,0.0,2248.2147966934267,301.91,0.0,35.2,0,0,0.0,3490,2248.2147966934263
Data,5439,-0.0,0.0,1100.188791880595,0.0,2029.461208119405,304.15,0.0,35.2,0,0,0.0,3469,2029.461208119405
Data,5440,-0.0,0.0,1985.8953990548348,0.0,1707.0,328.75,0.0,38.4,0,589.045399054835,0.0,3471,1117.954600945165
Data,5441,-0.0,0.0,1633.1981526481306,0.0,1707.0,447.27,0.0,38.4,0,188.86815264813072,0.0,3637,1518.1318473518693
Data,5442,-0.0,0.0,2015.2146243778388,0.0,1707.0,551.26,0.0,35.2,0,556.6746243778389,0.0,3752,1150.3253756221611
Data,5443,0.0,0.0,2043.608067370063,0.0,1707.0,569.15,0.0,38.4,0,636.1580673700632,0.0,3722,1070.841932629937
Data,5444,0.0,0.0,2021.6018316168304,0.0,1707.0,550.15,0.0,35.2,0,625.9518316168303,0.0,3688,1081.0481683831697
Data,5445,0.0,0.0,2009.4751308424984,0.0,1707.0,554.62,0.0,38.4,0,756.4951308424984,0.0,3553,950.5048691575016
Data,5446,0.0,0.0,2000.9065638282998,0.0,1707.0,583.69,0.0,35.2,0,960.7965638282997,0.0,3366,746.2034361717001
Data,5447,0.0,0.0,2002.32437675987,0.0,1707.0,566.92,0.0,38.4,0,1137.64437675987,0.0,3177,569.3556232401302
Data,5448,0.0,0.0,2010.6216763015166,0.0,1707.0,564.68,0.0,35.2,0,1131.5016763015162,0.0,3186,575.4983236984834
Data,5449,0.0,0.0,1948.9025279549169,0.0,1707.0,521.07,0.0,35.2,0,1116.1725279549169,0.0,3096,590.827472045083
Data,5450,0.0,0.0,1864.5094299479008,0.0,1707.0,514.36,0.0,32.0,0,933.8694299479009,0.0,3184,773.1305700520992
Data,5451,0.0,0.0,1918.306102157227,0.0,1707.0,507.65,0.0,35.2,0,813.156102157227,0.0,3355,893.8438978427729
Data,5452,0.0,0.0,1464.4264157445298,0.0,1707.0,507.65,0.0,35.2,0,216.2764157445297,0.0,3498,1490.7235842554703
Data,5453,0.0,0.0,1663.861003754558,0.0,1707.0,508.77,0.0,32.0,0,280.6310037545579,0.0,3631,1426.368996245442
Data,5454,0.0,0.0,1221.2718927669061,0.0,1875.918107233094,535.61,0.0,35.2,0,0,0.0,3668,1875.918107233094
Data,5455,0.0,0.0,1021.6177805442655,0.0,2098.0322194557343,550.15,0.0,35.2,0,0,0.0,3705,2098.0322194557343
Data,5456,-0.0,0.0,803.5132127337121,0.0,2208.7467872662883,555.74,0.0,32.0,0,0,0.0,3600,2208.746787266288
Data,5457,-0.0,0.0,560.4144649908,0.0,2407.0,493.12,0.0,35.2,0,-220.26553500920033,0.0,3716,2627.2655350092
Data,5458,-0.0,0.0,516.1281391072357,0.0,2407.0,448.39,0.0,35.2,0,-416.2818608927646,0.0,3823,2823.281860892764
Data,5459,-0.0,0.0,329.7027145823,0.0,2407.0,442.8,0.0,35.2,0,-515.2972854177123,0.0,3730,2922.2972854177
Data,5460,-0.0,0.0,420.6438285281,0.0,2407.0,440.56,0.0,38.4,0,-394.39617147189995,0.0,3701,2801.3961714719
Data,5461,-0.0,0.0,583.3116640254557,0.0,2407.0,434.97,0.0,35.2,0,-84.51833597454419,0.0,3545,2491.5183359745442
Data,5462,-0.0,0.0,816.5079472244468,0.0,2343.7120527755533,429.38,0.0,38.4,0,0,0.0,3628,2343.7120527755533
Data,5463,-0.0,0.0,1192.50331643538,0.0,1852.4366835646201,452.86,0.0,186.2,0,0,0.0,3684,1852.4366835646201
Data,5464,-0.0,0.0,1209.6074060324431,0.0,1707.0,477.46,0.0,540.4,0,29.467406032443336,0.0,3905,1677.532593967557
Data,5465,-0.0,0.0,1054.8390515785889,0.0,2102.0509484214112,498.71,0.0,540.4,0,0,0.0,4196,2102.0509484214112
Data,5466,-0.0,0.0,1289.9541353218856,0.0,1826.5958646781146,532.25,0.0,537.2,0,0,0.0,4186,1826.5958646781144
Data,5467,-0.0,0.0,1458.7235940828523,0.0,1707.0,534.49,0.0,540.4,0,177.61359408285264,0.0,4063,1529.3864059171478
Data,5468,-0.0,0.0,1386.1142032785444,0.0,1707.0,507.65,0.0,537.2,0,203.9642032785443,0.0,3934,1503.0357967214554
Data,5469,-0.0,0.0,1336.323388275237,0.0,1707.0,453.98,0.0,540.4,0,294.70338827523716,0.0,3743,1412.296611724763
Data,5470,-0.0,0.0,1417.0481037971829,0.0,1707.0,442.8,0.0,540.4,0,570.2481037971831,0.0,3537,1136.751896202817
Data,5471,0.0,0.0,1611.9389688690349,0.0,1707.0,443.92,0.0,537.2,0,926.0589688690346,0.0,3374,780.941031130965
Data,5472,0.0,0.0,1710.144775431021,0.0,1707.0,430.5,0.0,540.4,0,1012.044775431021,0.0,3376,694.9552245689791
Data,5473,0.0,0.0,1742.5302202508947,0.0,1707.0,374.59,0.0,534.0,0,1051.1202202508948,0.0,3307,655.8797797491054
Data,5474,0.0,0.0,1748.5319452371236,0.0,1707.0,377.95,0.0,537.2,0,990.6819452371233,0.0,3380,716.3180547628763
Data,5475,0.0,0.0,1422.351587418757,0.0,1707.0,377.95,0.0,537.2,0,541.5015874187566,0.0,3503,1165.498412581243
Data,5476,0.0,0.0,1387.0211753051608,0.0,1707.0,377.95,0.0,534.0,0,345.9711753051606,0.0,3660,1361.0288246948392
Data,5477,0.0,0.0,1294.3121905994356,0.0,1707.0,430.5,0.0,537.2,0,186.01219059943537,0.0,3783,1520.9878094005644
Data,5478,0.0,0.0,1244.503129641699,0.0,1707.0,462.93,0.0,534.0,0,123.43312964169877,0.0,3825,1583.566870358301
Data,5479,0.0,0.0,1473.3683710519517,0.0,1707.0,405.9,0.0,537.2,0,268.46837105195175,0.0,3855,1438.5316289480484
Data,5480,-0.0,0.0,918.5808402065234,0.0,1953.3591597934767,379.06,0.0,534.0,0,0,0.0,3785,1953.3591597934767
Data,5481,-0.0,0.0,697.3470385179457,0.0,2318.7529614820546,356.7,0.0,537.2,0,0,0.0,3910,2318.752961482054
Data,5482,-0.0,0.0,417.94502930503575,0.0,2407.0,332.1,0.0,534.0,0,-300.95497069496435,0.0,3992,2707.9549706949642
Data,5483,-0.0,0.0,445.79136989906266,0.0,2407.0,316.45,0.0,540.4,0,-196.35863010093743,0.0,3906,2603.3586301009373
Data,5484,-0.0,0.0,549.9186317907339,0.0,2407.0,299.67,0.0,537.2,0,-62.21136820926625,0.0,3856,2469.211368209266
Data,5485,-0.0,0.0,525.8426247891406,0.0,2293.3873752108593,287.37,0.0,540.4,0,0,0.0,3647,2293.3873752108593
Data,5486,-0.0,0.0,426.34069283748,0.0,2407.0,299.67,0.0,537.2,0,-234.78930716252006,0.0,3905,2641.78930716252
Data,5487,-0.0,0.0,1069.2803867166886,0.0,2049.8196132833114,307.5,0.0,540.4,0,0,0.0,3967,2049.8196132833114
Data,5488,-0.0,0.0,1060.0220505744783,0.0,2122.9779494255217,319.8,0.0,537.2,0,0,0.0,4040,2122.9779494255217
Data,5489,-0.0,0.0,1114.7741204732497,0.0,2169.0358795267503,423.79,0.0,540.4,0,0,0.0,4248,2169.0358795267503
Data,5490,-0.0,0.0,1305.53975736236,0.0,1840.2402426376402,530.02,0.0,537.2,0,0,0.0,4213,1840.24024263764
Data,5491,-0.0,0.0,1402.0027357238548,0.0,1707.0,531.14,0.0,540.4,0,58.542735723854726,0.0,4122,1648.4572642761452
Data,5492,0.0,0.0,1458.6730465679457,0.0,1707.0,460.69,0.0,537.2,0,163.5630465679456,0.0,4000,1543.4369534320542
Data,5493,0.0,0.0,1377.2710178076354,0.0,1707.0,356.7,0.0,540.4,0,157.37101780763538,0.0,3824,1549.6289821923647
Data,5494,0.0,0.0,1288.8663776417343,0.0,1707.0,336.57,0.0,537.2,0,277.6363776417344,0.0,3592,1429.3636223582657
Data,5495,0.0,0.0,1362.1370816588555,0.0,1707.0,311.97,0.0,540.4,0,464.5070816588555,0.0,3457,1242.4929183411446
Data,5496,0.0,0.0,1274.0450221716342,0.0,1707.0,295.2,0.0,537.2,0,362.4450221716337,0.0,3451,1344.5549778283657
Data,5497,0.0,0.0,1269.1776166106476,0.0,1707.0,256.06,0.0,537.2,0,412.43761661064747,0.0,3357,1294.5623833893524
Data,5498,0.0,0.0,1357.3596029231571,0.0,1707.0,269.48,0.0,534.0,0,440.8396029231572,0.0,3427,1266.1603970768429
Data,5499,0.0,0.0,1170.9019185290117,0.0,1707.0,273.95,0.0,537.2,0,112.05191852901132,0.0,3577,1594.9480814709882
Data,5500,0.0,0.0,1207.5984269403555,0.0,1724.8015730596446,270.6,0.0,534.0,0,0,0.0,3737,1724.8015730596444
Data,5501,0.0,0.0,1257.4311641406844,0.0,1777.2988358593157,324.27,0.0,534.0,0,0,0.0,3893,1777.2988358593157
Data,5502,0.0,0.0,1244.6572999763075,0.0,1748.4327000236926,375.71,0.0,537.2,0,0,0.0,3906,1748.4327000236924
Data,5503,0.0,0.0,1234.081556026472,0.0,1774.4484439735277,373.47,0.0,534.0,0,0,0.0,3916,1774.448443973528
Data,5504,-0.0,0.0,1045.4263576941376,0.0,1972.5636423058627,338.81,0.0,537.2,0,0,0.0,3894,1972.5636423058625
Data,5505,-0.0,0.0,682.0001302066,0.0,2407.0,320.92,0.0,183.0,0,-321.0798697933999,0.0,3914,2728.0798697934
Data,5506,-0.0,0.0,567.2987716058001,0.0,2407.0,269.48,0.0,186.2,0,-534.0212283942001,0.0,3964,2941.0212283942
Data,5507,-0.0,0.0,445.82876397030003,0.0,2407.0,250.47,0.0,189.4,0,-700.3012360297,0.0,3993,3107.3012360297
Data,5508,-0.0,0.0,551.1647345289035,0.0,2407.0,256.06,0.0,189.4,0,-635.3752654710964,0.0,4039,3042.3752654710966
Data,5509,-0.0,0.0,689.7283565519999,0.0,2407.0,230.35,0.0,189.4,0,-378.5216434480001,0.0,3895,2785.521643448
Data,5510,-0.0,0.0,748.882069681734,0.0,2407.0,229.23,0.0,189.4,0,-362.48793031826585,0.0,3937,2769.487930318266
Data,5511,-0.0,0.0,1104.4977359728264,0.0,2407.0,252.71,0.0,189.4,0,-19.3922640271735,0.0,3973,2426.3922640271735
Data,5512,-0.0,0.0,1462.3343051636452,0.0,2142.1756948363545,313.09,0.0,189.4,0,0,0.0,4107,2142.175694836355
Data,5513,-0.0,0.0,1426.8551714568857,0.0,2257.0948285431145,507.65,0.0,189.4,0,0,0.0,4381,2257.094828543114
Data,5514,-0.0,0.0,1412.4497478334238,0.0,2242.7802521665767,533.37,0.0,189.4,0,0,0.0,4378,2242.7802521665762
Data,5515,-0.0,0.0,1459.6102578869566,0.0,2166.3397421130435,488.65,0.0,189.4,0,0,0.0,4304,2166.3397421130435
Data,5516,-0.0,0.0,1745.3232150482902,0.0,1786.5367849517095,432.74,0.0,189.4,0,0,0.0,4154,1786.5367849517097
Data,5517,-0.0,0.0,1576.4962960214536,0.0,1828.573703978546,364.53,0.0,189.4,0,0,0.0,3959,1828.5737039785463
Data,5518,-0.0,0.0,1515.0126120639377,0.0,1749.6373879360624,304.15,0.0,186.2,0,0,0.0,3755,1749.6373879360624
Data,5519,0.0,0.0,1308.370157562041,0.0,1790.5098424379592,271.72,0.0,189.4,0,0,0.0,3560,1790.509842437959
Data,5520,0.0,0.0,1251.0299992381404,0.0,1813.4400007618594,266.13,0.0,189.4,0,0,0.0,3520,1813.4400007618597
Data,5521,0.0,0.0,1197.6006896822837,0.0,1763.8993103177163,258.3,0.0,186.2,0,0,0.0,3406,1763.8993103177163
Data,5522,0.0,0.0,1240.8132162374495,0.0,1783.0367837625508,254.95,0.0,186.2,0,0,0.0,3465,1783.0367837625504
Data,5523,0.0,0.0,1304.9980810934474,0.0,1841.681918906553,247.12,0.0,186.2,0,0,0.0,3580,1841.6819189065527
Data,5524,0.0,0.0,1199.0682732937753,0.0,2107.191726706225,260.54,0.0,186.2,0,0,0.0,3753,2107.1917267062245
Data,5525,0.0,0.0,1858.1247245224945,0.0,1707.0,304.15,0.0,183.0,0,172.27472452249467,0.0,3880,1534.7252754775054
Data,5526,0.0,0.0,1259.3826849589686,0.0,1729.0573150410314,391.36,0.0,537.2,0,0,0.0,3917,1729.0573150410314
Data,5527,0.0,0.0,1099.3950030802607,0.0,1953.9449969197394,354.46,0.0,537.2,0,0,0.0,3945,1953.9449969197392
Data,5528,-0.0,0.0,804.2512520186999,0.0,2407.0,305.26,0.0,186.2,0,-235.28874798130005,0.0,3938,2642.2887479813003
Data,5529,-0.0,0.0,585.0916413901967,0.0,2407.0,256.06,0.0,186.2,0,-611.6483586098035,0.0,4046,3018.6483586098034
Data,5530,-0.0,0.0,659.4170111034615,0.0,2407.0,219.16,0.0,186.2,0,-629.2229888965388,0.0,4101,3036.2229888965385
Data,5531,-0.0,0.0,583.8767003631035,0.0,2407.0,202.39,0.0,189.4,0,-590.3332996368965,0.0,3973,2997.3332996368963
Data,5532,-0.0,0.0,770.5015840809116,0.0,2407.0,212.45,0.0,189.4,0,-526.6484159190885,0.0,4106,2933.6484159190886
Data,5533,-0.0,0.0,1052.56659882516,0.0,2407.0,187.85,0.0,189.4,0,-31.183401174839876,0.0,3868,2438.1834011748397
Data,5534,-0.0,0.0,1338.8591369316127,0.0,2224.9708630683876,188.97,0.0,186.2,0,0,0.0,3939,2224.970863068387
Data,5535,-0.0,0.0,2086.369170174344,0.0,1707.0,199.04,0.0,540.4,0,488.8091701743442,0.0,4044,1218.1908298256558
Data,5536,-0.0,0.0,2032.0073796080799,0.0,1707.0,220.28,0.0,540.4,0,331.6873796080801,0.0,4168,1375.31262039192
Data,5537,-0.0,0.0,1992.7847064757393,0.0,1707.0,434.97,0.0,540.4,0,252.1547064757393,0.0,4423,1454.8452935242608
Data,5538,0.0,0.0,2097.832566111334,0.0,1707.0,472.99,0.0,540.4,0,422.22256611133446,0.0,4396,1284.777433888666
Data,5539,0.0,0.0,1891.5120419435343,0.0,1707.0,457.34,0.0,540.4,0,338.25204194353444,0.0,4258,1368.7479580564657
Data,5540,0.0,0.0,1955.7305351735345,0.0,1707.0,431.62,0.0,537.2,0,501.55053517353406,0.0,4130,1205.4494648264654
Data,5541,0.0,0.0,1685.8447092669344,0.0,1707.0,390.25,0.0,540.4,0,363.49470926693436,0.0,3960,1343.5052907330655
Data,5542,0.0,0.0,1606.9216749692346,0.0,1707.0,354.46,0.0,540.4,0,468.7816749692346,0.0,3740,1238.2183250307655
Data,5543,0.0,0.0,1570.1728205478344,0.0,1707.0,296.32,0.0,537.2,0,504.69282054783446,0.0,3606,1202.3071794521657
Data,5544,0.0,0.0,1730.3880626735345,0.0,1707.0,294.08,0.0,540.4,0,690.8680626735344,0.0,3581,1016.1319373264655
Data,5545,0.0,0.0,1870.8279564898344,0.0,1707.0,269.48,0.0,537.2,0,904.5079564898341,0.0,3480,802.4920435101656
Data,5546,0.0,0.0,2034.751937960334,0.0,1707.0,260.54,0.0,534.0,0,1012.2919379603342,0.0,3524,694.708062039666
Data,5547,0.0,0.0,2095.301817652334,0.0,1707.0,260.54,0.0,537.2,0,928.0418176523341,0.0,3672,778.9581823476658
Data,5548,0.0,0.0,2209.974314116035,0.0,1707.0,271.72,0.0,537.2,0,876.8943141160355,0.0,3849,830.1056858839647
Data,5549,0.0,0.0,2126.973338934558,0.0,1707.0,326.51,0.0,534.0,0,709.483338934558,0.0,3985,997.5166610654421
Data,5550,0.0,0.0,2143.672288961987,0.0,1707.0,376.83,0.0,537.2,0,749.7022889620295,0.0,4015,957.2977110380132
Data,5551,0.0,0.0,2273.5802833943917,0.0,1707.0,400.31,0.0,534.0,0,855.8902833943918,0.0,4059,851.1097166056084
Data,5552,-0.0,0.0,1757.07061385104,0.0,1707.0,327.63,0.0,537.2,0,359.9006138510399,0.0,3969,1347.09938614896
Data,5553,-0.0,0.0,1606.3760615490407,0.0,1707.0,282.9,0.0,537.2,0,198.47606154904065,0.0,3935,1508.5239384509591
Data,5554,-0.0,0.0,1600.6179243307165,0.0,1889.8820756692835,258.3,0.0,186.2,0,0,0.0,3935,1889.8820756692835
Data,5555,-0.0,0.0,1454.8859880869697,0.0,2127.09401191303,234.82,0.0,186.2,0,0,0.0,4003,2127.09401191303
Data,5556,-0.0,0.0,1443.8178663977633,0.0,1719.5421336022364,248.24,0.0,540.4,0,0,0.0,3952,1719.5421336022368
Data,5557,-0.0,0.0,1451.8864693097767,0.0,1707.0,221.4,0.0,540.4,0,52.68646930977685,0.0,3868,1654.3135306902234
Data,5558,-0.0,0.0,1505.5297134656976,0.0,1707.0,225.87,0.0,537.2,0,81.59971346569725,0.0,3894,1625.4002865343023
Data,5559,-0.0,0.0,1748.7258353696052,0.0,1798.3541646303947,222.52,0.0,189.4,0,0,0.0,3959,1798.3541646303947
Data,5560,-0.0,0.0,1954.0209337109607,0.0,1707.0,287.37,0.0,537.2,0,405.59093371096037,0.0,4080,1301.4090662890394
Data,5561,-0.0,0.0,1969.116970862934,0.0,1707.0,472.99,0.0,540.4,0,375.5069708629345,0.0,4314,1331.493029137066
Data,5562,0.0,0.0,1989.5791922340345,0.0,1707.0,512.13,0.0,540.4,0,493.1091922340346,0.0,4256,1213.8908077659655
Data,5563,0.0,0.0,2237.013509865634,0.0,1707.0,517.72,0.0,537.2,0,892.9335098656342,0.0,4106,814.0664901343657
Data,5564,0.0,0.0,2382.6554294463344,0.0,1707.0,481.94,0.0,540.4,0,1088.9954294463346,0.0,4023,618.0045705536656
Data,5565,0.0,0.0,2171.5540410336343,0.0,1707.0,462.93,0.0,540.4,0,1063.8840410336343,0.0,3818,643.1159589663657
Data,5566,0.0,0.0,2217.4620274876343,0.0,1707.0,390.25,0.0,537.2,0,1246.912027487634,0.0,3605,460.0879725123657
Data,5567,0.0,0.0,2263.0393154355547,0.0,1707.0,366.76,0.0,540.4,0,1386.1993154355546,0.0,3491,320.8006845644453
Data,5568,0.0,0.0,2098.4319461540586,0.0,1707.0,380.18,0.0,540.4,0,1222.0119461540585,0.0,3504,484.98805384594147
Data,5569,0.0,0.0,2256.530501105706,0.0,1707.0,381.3,0.0,534.0,0,1514.8305011057066,0.0,3364,192.16949889429378
Data,5570,0.0,0.0,2192.348990144522,0.0,1707.0,364.53,0.0,537.2,0,1394.0789901445216,0.0,3407,312.92100985547813
Data,5571,0.0,0.0,2158.834835331057,0.0,1707.0,355.58,0.0,186.2,0,849.6148353310568,0.0,3558,857.3851646689429
Data,5572,0.0,0.0,2150.544831036421,0.0,1707.0,386.89,0.0,183.0,0,686.434831036421,0.0,3741,1020.5651689635791
Data,5573,0.0,0.0,2071.5991446407747,0.0,1707.0,427.15,0.0,537.2,0,906.9491446407745,0.0,3836,800.0508553592252
Data,5574,0.0,0.0,2064.8389211655585,0.0,1707.0,469.64,0.0,537.2,0,973.6789211655584,0.0,3805,733.3210788344414
Data,5575,0.0,0.0,1853.4744751146777,0.0,1707.0,460.69,0.0,534.0,0,844.1644751146779,0.0,3711,862.8355248853222
Data,5576,-0.0,0.0,1354.5803998563458,0.0,1707.0,404.78,0.0,344.6874,0,65.04779985634535,0.0,3746,1641.9522001436542
Data,5577,-0.0,0.0,1359.9852970599227,0.0,1935.1747029400776,346.64,0.0,186.2,0,0,0.0,3828,1935.1747029400774
Data,5578,-0.0,0.0,1034.985292443724,0.0,2342.4547075562764,317.56,0.0,183.0,0,0,0.0,3878,2342.454707556276
Data,5579,-0.0,0.0,1076.9331137125612,0.0,1886.6368862874385,303.03,0.0,540.4,0,0,0.0,3807,1886.6368862874388
Data,5580,-0.0,0.0,1101.6817481076082,0.0,1938.313651892392,291.85,0.0,374.1546,0,0,0.0,3706,1938.3136518923918
Data,5581,-0.0,0.0,1250.7803837095844,0.0,1843.649616290416,287.37,0.0,186.2,0,0,0.0,3568,1843.6496162904157
Data,5582,-0.0,0.0,1199.0493305327168,0.0,1929.940669467283,289.61,0.0,189.4,0,0,0.0,3608,1929.9406694672832
Data,5583,-0.0,0.0,1446.2417496336002,0.0,1707.0,314.21,0.0,537.2,0,366.65174963360005,0.0,3638,1340.3482503663997
Data,5584,-0.0,0.0,1516.1015922370448,0.0,1707.0,363.41,0.0,540.4,0,456.9115922370447,0.0,3670,1250.0884077629553
Data,5585,-0.0,0.0,1755.3332059943195,0.0,1707.0,522.19,0.0,537.2,0,631.7232059943193,0.0,3890,1075.2767940056804
Data,5586,0.0,0.0,2019.3114699653559,0.0,1707.0,578.1,0.0,540.4,0,915.8114699653559,0.0,3929,791.1885300346441
Data,5587,0.0,0.0,2039.5352558289017,0.0,1707.0,581.45,0.0,540.4,0,1013.385255828902,0.0,3855,693.6147441710983
Data,5588,0.0,0.0,2105.738043152527,0.0,1707.0,537.85,0.0,537.2,0,1115.7880431525268,0.0,3772,591.2119568474728
Data,5589,0.0,0.0,2284.616800611014,0.0,1707.0,522.19,0.0,540.4,0,1438.2068006110142,0.0,3616,268.7931993889862
Data,5590,0.0,0.0,2238.648197923909,0.0,1707.0,445.04,0.0,540.4,0,1458.0881979239089,0.0,3473,248.9118020760912
Data,5591,0.0,0.0,2352.3925439188906,0.0,1707.0,400.31,0.0,537.2,0,1591.9025439188902,0.0,3405,115.09745608110933
Data,5592,0.0,0.0,2443.3718824898783,0.0,1707.0,366.76,0.0,540.4,0,1604.5318824898782,0.0,3453,102.46811751012171
Data,5593,0.0,0.0,2439.5819177445346,0.0,1707.0,383.54,0.0,534.0,0,1705.1219177445344,0.0,3359,1.8780822554653582
Data,5594,0.0,0.0,2427.8508715329,0.0,1707.0,362.29,0.0,537.2,0,1595.3408715328997,0.0,3439,111.65912846710006
Data,5595,0.0,0.0,2478.6041359905503,0.0,1707.0,358.94,0.0,534.0,0,1526.5441359905503,0.0,3552,180.45586400944973
Data,5596,0.0,0.0,2405.174313757778,0.0,1707.0,411.49,0.0,537.2,0,1354.8643137577776,0.0,3706,352.13568624222216
Data,5597,0.0,0.0,2438.7244976238217,0.0,1707.0,455.1,0.0,537.2,0,1346.0244976238214,0.0,3792,360.97550237617827
Data,5598,0.0,0.0,2468.2744637590476,0.0,1707.0,492.0,0.0,534.0,0,1490.2744637590474,0.0,3711,216.72553624095235
Data,5599,0.0,0.0,2426.2310167951982,0.0,1707.0,461.81,0.0,537.2,0,1541.241016795198,0.0,3591,165.75898320480172
Data,5600,-0.0,0.0,2241.0760280217073,0.0,1707.0,403.66,0.0,534.0,0,1404.7360280217072,0.0,3481,302.26397197829266
Data,5601,-0.0,0.0,2032.7893084808893,0.0,1707.0,353.35,0.0,186.2,0,816.339308480889,0.0,3463,890.6606915191107
Data,5602,-0.0,0.0,1897.4550027938349,0.0,1707.0,313.09,0.0,183.0,0,729.5450027938351,0.0,3371,977.4549972061652
Data,5603,-0.0,0.0,1649.2402374597734,0.0,1707.0,294.08,0.0,189.4,0,497.72023745977333,0.0,3342,1209.2797625402266
Data,5604,-0.0,0.0,1371.3298647411143,0.0,1707.0,280.66,0.0,186.2,0,222.1898647411139,0.0,3323,1484.8101352588856
Data,5605,-0.0,0.0,1446.4341852970008,0.0,1707.0,272.84,0.0,189.4,0,318.6741852970011,0.0,3297,1388.3258147029992
Data,5606,-0.0,0.0,1565.2580348879576,0.0,1707.0,284.02,0.0,186.2,0,404.4780348879575,0.0,3338,1302.5219651120424
Data,5607,-0.0,0.0,1621.1240729484987,0.0,1707.0,313.09,0.0,186.2,0,476.41407294849864,0.0,3351,1230.5859270515014
Data,5608,-0.0,0.0,1785.0102992886002,0.0,1707.0,355.58,0.0,540.4,0,912.9902992886002,0.0,3475,794.0097007113998
Data,5609,-0.0,0.0,1820.2937459606292,0.0,1707.0,459.57,0.0,506.2058,0,745.0695459606295,0.0,3748,961.9304540393708
Data,5610,-0.0,0.0,1890.6570851575448,0.0,1707.0,511.01,0.0,540.4,0,797.0670851575447,0.0,3852,909.9329148424553
Data,5611,0.0,0.0,2008.0727249753409,0.0,1707.0,512.13,0.0,537.2,0,945.4027249753409,0.0,3819,761.5972750246591
Data,5612,0.0,0.0,2182.7624692242925,0.0,1707.0,538.96,0.0,396.2575,0,1072.979969224293,0.0,3752,634.0200307757075
Data,5613,0.0,0.0,2120.8640685097107,0.0,1707.0,502.06,0.0,205.6522,0,925.5762685097109,0.0,3610,781.4237314902894
Data,5614,0.0,0.0,2193.924370535946,0.0,1707.0,437.21,0.0,537.2,0,1467.334370535946,0.0,3408,239.66562946405412
Data,5615,0.0,0.0,2024.2811626031296,0.0,1707.0,388.01,0.0,537.2,0,1439.4911626031296,0.0,3217,267.5088373968704
Data,5616,0.0,0.0,1652.9176368982278,0.0,1707.0,374.59,0.0,540.4,0,1058.907636898228,0.0,3216,648.0923631017722
Data,5617,0.0,0.0,1694.983001294892,0.0,1707.0,396.95,0.0,534.0,0,1196.9330012948917,0.0,3136,510.0669987051081
Data,5618,0.0,0.0,1813.2016881493566,0.0,1707.0,388.01,0.0,537.2,0,1228.4116881493567,0.0,3217,478.5883118506433
Data,5619,0.0,0.0,1673.5876559121923,0.0,1707.0,439.45,0.0,534.0,0,1008.0376559121921,0.0,3346,698.9623440878077
Data,5620,0.0,0.0,1928.7250008157223,0.0,1707.0,483.05,0.0,534.0,0,1140.7750008157225,0.0,3512,566.2249991842777
Data,5621,0.0,0.0,1702.6757699174295,0.0,1707.0,517.72,0.0,534.0,0,832.3957699174297,0.0,3629,874.6042300825704
Data,5622,0.0,0.0,1626.8447444445853,0.0,1707.0,527.78,0.0,537.2,0,730.8247444445849,0.0,3668,976.1752555554147
Data,5623,0.0,0.0,1779.7863763538999,0.0,1707.0,524.43,0.0,534.0,0,865.2163763538999,0.0,3680,841.7836236461002
Data,5624,-0.0,0.0,1349.2172970718998,0.0,1707.0,505.42,0.0,534.0,0,269.63729707189987,0.0,3826,1437.3627029281001
Data,5625,-0.0,0.0,886.8410902828423,0.0,2105.968909717158,472.99,0.0,537.2,0,0,0.0,4003,2105.9689097171577
Data,5626,-0.0,0.0,737.6358683882349,0.0,2407.0,427.15,0.0,534.0,0,-23.214131611764973,0.0,4129,2430.214131611765
Data,5627,-0.0,0.0,541.8255768871464,0.0,2407.0,431.62,0.0,537.2,0,-212.35442311285385,0.0,4130,2619.3544231128535
Data,5628,-0.0,0.0,579.1942907102314,0.0,2407.0,436.09,0.0,537.2,0,-91.51570928976864,0.0,4051,2498.5157092897684
Data,5629,-0.0,0.0,811.8812704206932,0.0,2026.588729579307,438.33,0.0,537.2,0,0,0.0,3814,2026.5887295793068
Data,5630,-0.0,0.0,1089.184728707219,0.0,1879.4852712927811,462.93,0.0,540.4,0,0,0.0,3972,1879.4852712927811
Data,5631,-0.0,0.0,1411.929730709228,0.0,1707.0,476.35,0.0,537.2,0,171.4797307092277,0.0,3961,1535.520269290772
Data,5632,-0.0,0.0,1728.7076682076922,0.0,1707.0,508.77,0.0,540.4,0,532.8776682076924,0.0,3952,1174.1223317923077
Data,5633,-0.0,0.0,1809.5351202243696,0.0,1707.0,608.29,0.0,540.4,0,500.22512022436973,0.0,4165,1206.7748797756303
Data,5634,-0.0,0.0,1641.478117505175,0.0,1707.0,627.3,0.0,537.2,0,394.97811750517513,0.0,4118,1312.021882494825
Data,5635,-0.0,0.0,1757.7516611421665,0.0,1707.0,635.13,0.0,537.2,0,652.0816611421665,0.0,3985,1054.9183388578335
Data,5636,-0.0,0.0,2004.7333921500665,0.0,1707.0,632.89,0.0,540.4,0,1037.0233921500665,0.0,3848,669.9766078499335
Data,5637,0.0,0.0,1939.8610956472046,0.0,1707.0,592.64,0.0,537.2,0,1153.7010956472043,0.0,3623,553.2989043527954
Data,5638,0.0,0.0,1799.9037841616553,0.0,1707.0,556.85,0.0,540.4,0,1152.1537841616553,0.0,3452,554.8462158383447
Data,5639,0.0,0.0,2104.6913302039325,0.0,1707.0,541.2,0.0,537.2,0,1530.091330203932,0.0,3360,176.90866979606744
Data,5640,0.0,0.0,2378.011014161418,0.0,1707.0,550.15,0.0,245.8312,0,1504.9922141614184,0.0,3376,202.00778583858184
Data,5641,0.0,0.0,2335.26903177823,0.0,1707.0,530.02,0.0,32.0,0,1343.28903177823,0.0,3261,363.71096822177014
Data,5642,0.0,0.0,2343.5786283262564,0.0,1707.0,555.74,0.0,35.2,0,1309.518628326256,0.0,3332,397.4813716737436
Data,5643,0.0,0.0,2328.394373134611,0.0,1707.0,578.1,0.0,32.0,0,1177.4943731346111,0.0,3468,529.5056268653888
Data,5644,0.0,0.0,2330.388895530646,0.0,1707.0,587.05,0.0,32.0,0,1024.4388955306463,0.0,3632,682.561104469354
Data,5645,0.0,0.0,2320.828618099374,0.0,1707.0,582.57,0.0,35.2,0,875.5986180993741,0.0,3770,831.4013819006258
Data,5646,0.0,0.0,2323.825181938465,0.0,1707.0,581.45,0.0,32.0,0,880.275181938465,0.0,3764,826.724818061535
Data,5647,0.0,0.0,2264.2003638479155,0.0,1707.0,575.86,0.0,35.2,0,774.2603638479153,0.0,3808,932.7396361520845
Data,5648,-0.0,0.0,1626.5079300205998,0.0,1707.0,583.69,0.0,32.0,0,170.19793002059987,0.0,3779,1536.8020699794001
Data,5649,-0.0,0.0,1340.2019141930998,0.0,1809.6180858069004,576.98,0.0,35.2,0,0,0.0,3762,1809.6180858069001
Data,5650,-0.0,0.0,1538.1222903239002,0.0,1760.7377096761,531.14,0.0,32.0,0,0,0.0,3862,1760.7377096760997
Data,5651,-0.0,0.0,1481.980524641975,0.0,1863.0994753580248,468.52,0.0,38.4,0,0,0.0,3852,1863.0994753580248
Data,5652,-0.0,0.0,1544.01594238658,0.0,1814.96405761342,480.82,0.0,35.2,0,0,0.0,3875,1814.96405761342
Data,5653,-0.0,0.0,1628.9506221816955,0.0,1707.0,477.46,0.0,38.4,0,105.81062218169552,0.0,3746,1601.1893778183046
Data,5654,-0.0,0.0,1755.6995995258044,0.0,1707.0,504.3,0.0,35.2,0,119.19959952580444,0.0,3883,1587.8004004741956
Data,5655,-0.0,0.0,1807.1926183907092,0.0,1707.0,552.38,0.0,38.4,0,124.9726183907093,0.0,3980,1582.0273816092908
Data,5656,-0.0,0.0,1931.5844121303046,0.0,1707.0,601.58,0.0,35.2,0,165.36441213030437,0.0,4110,1541.6355878696954
Data,5657,-0.0,0.0,2128.565042106758,0.0,1707.0,611.65,0.0,38.4,0,126.61504210675773,0.0,4359,1580.384957893242
Data,5658,-0.0,0.0,2291.9121532454647,0.0,1707.0,632.89,0.0,537.2,0,884.0021532454642,0.0,4285,822.9978467545353
Data,5659,-0.0,0.0,2270.2226299150107,0.0,1707.0,589.28,0.0,537.2,0,949.7026299150103,0.0,4154,757.2973700849893
Data,5660,0.0,0.0,2196.374499618185,0.0,1707.0,581.45,0.0,540.4,0,992.2244996181855,0.0,4033,714.775500381815
Data,5661,0.0,0.0,2293.3554996793323,0.0,1707.0,571.39,0.0,537.2,0,1279.945499679332,0.0,3829,427.05450032066767
Data,5662,0.0,0.0,2014.6626856085047,0.0,1707.0,571.39,0.0,537.2,0,1190.2526856085044,0.0,3640,516.7473143914953
Data,5663,0.0,0.0,1978.2873996387002,0.0,1707.0,568.04,0.0,540.4,0,1274.7273996387003,0.0,3519,432.27260036129985
Data,5664,0.0,0.0,2076.8098439256887,0.0,1707.0,540.08,0.0,537.2,0,1338.0898439256885,0.0,3523,368.9101560743112
Data,5665,0.0,0.0,2120.231547901718,0.0,1707.0,528.9,0.0,537.2,0,1477.3315479017178,0.0,3416,229.66845209828205
Data,5666,0.0,0.0,2287.3381077854633,0.0,1707.0,533.37,0.0,534.0,0,1546.7081077854632,0.0,3515,160.2918922145367
Data,5667,0.0,0.0,1927.5514758447196,0.0,1707.0,547.91,0.0,534.0,0,1090.4614758447194,0.0,3626,616.5385241552805
Data,5668,0.0,0.0,1832.0536778561998,0.0,1707.0,541.2,0.0,537.2,0,841.4536778561994,0.0,3776,865.5463221438001
Data,5669,0.0,0.0,1840.8111448314999,0.0,1707.0,559.09,0.0,534.0,0,749.9011448315,0.0,3891,957.0988551685001
Data,5670,0.0,0.0,1755.4770929089455,0.0,1707.0,584.81,0.0,534.0,0,701.2870929089455,0.0,3880,1005.7129070910546
Data,5671,0.0,0.0,1211.0796567106768,0.0,1707.0,518.84,0.0,537.2,0,192.11965671067685,0.0,3782,1514.8803432893233
Data,5672,-0.0,0.0,512.0154630075,0.0,2023.1545369925002,499.83,0.0,534.0,0,0,0.0,3569,2023.1545369925
Data,5673,-0.0,0.0,426.9742775977,0.0,2104.8557224022998,484.17,0.0,534.0,0,0,0.0,3550,2104.8557224022998
Data,5674,-0.0,0.0,269.13330453698575,0.0,2259.4266954630148,494.24,0.0,537.2,0,0,0.0,3560,2259.4266954630143
Data,5675,-0.0,0.0,103.77487395842178,0.0,2313.6451260415784,503.18,0.0,540.4,0,0,0.0,3461,2313.6451260415784
Data,5676,-0.0,0.0,134.96222153444504,0.0,2195.7577784655546,490.88,0.0,540.4,0,0,0.0,3362,2195.757778465555
Data,5677,-0.0,0.0,267.1653914751723,0.0,2045.0346085248275,467.4,0.0,540.4,0,0,0.0,3320,2045.0346085248277
Data,5678,-0.0,0.0,414.5784982090973,0.0,2007.5715017909029,458.45,0.0,540.4,0,0,0.0,3421,2007.5715017909029
Data,5679,-0.0,0.0,660.187262062,0.0,1853.722737938,460.69,0.0,540.4,0,0,0.0,3515,1853.7227379380001
Data,5680,-0.0,0.0,845.7820902763774,0.0,1828.7779097236225,445.04,0.0,540.4,0,0,0.0,3660,1828.7779097236225
Data,5681,-0.0,0.0,1014.0756910062195,0.0,1883.9043089937807,554.62,0.0,540.4,0,0,0.0,3993,1883.9043089937804
Data,5682,-0.0,0.0,1329.2828221650689,0.0,1707.0,602.7,0.0,537.2,0,105.18282216506853,0.0,4071,1601.817177834931
Data,5683,-0.0,0.0,1568.5140210399168,0.0,1707.0,595.99,0.0,540.4,0,371.9040210399172,0.0,4040,1335.0959789600834
Data,5684,-0.0,0.0,1692.432921386003,0.0,1707.0,597.11,0.0,540.4,0,572.9429213860033,0.0,3964,1134.057078613997
Data,5685,-0.0,0.0,1593.8398320925824,0.0,1707.0,589.28,0.0,540.4,0,621.5198320925826,0.0,3809,1085.4801679074176
Data,5686,-0.0,0.0,1556.4068846280343,0.0,1707.0,531.14,0.0,540.4,0,687.9468846280344,0.0,3647,1019.0531153719658
Data,5687,0.0,0.0,1942.7124704204198,0.0,1707.0,470.75,0.0,540.4,0,1180.8624704204199,0.0,3480,526.1375295795802
Data,5688,0.0,0.0,1791.5917945231963,0.0,1707.0,471.87,0.0,537.2,0,964.6617945231959,0.0,3543,742.3382054768036
Data,5689,0.0,0.0,1731.9176854010593,0.0,1707.0,511.01,0.0,537.2,0,1031.1276854010584,0.0,3456,675.8723145989406
Data,5690,0.0,0.0,1834.794542120576,0.0,1707.0,504.3,0.0,537.2,0,1098.294542120576,0.0,3485,608.7054578794241
Data,5691,0.0,0.0,1784.4517124756508,0.0,1707.0,514.36,0.0,537.2,0,895.0117124756507,0.0,3648,811.9882875243492
Data,5692,0.0,0.0,1686.0380449874,0.0,1707.0,549.03,0.0,537.2,0,711.2680449873997,0.0,3768,995.7319550125999
Data,5693,0.0,0.0,1610.956099539845,0.0,1707.0,584.81,0.0,534.0,0,573.7660995398448,0.0,3863,1133.2339004601552
Data,5694,0.0,0.0,1473.7872036319354,0.0,1707.0,581.45,0.0,537.2,0,413.437203631935,0.0,3886,1293.5627963680645
Data,5695,0.0,0.0,1465.695832894768,0.0,1707.0,513.25,0.0,537.2,0,326.14583289476786,0.0,3897,1380.854167105232
Data,5696,-0.0,0.0,1001.4567017500096,0.0,2008.3332982499903,511.01,0.0,537.2,0,0,0.0,4058,2008.3332982499903
Data,5697,-0.0,0.0,798.8651612187896,0.0,2407.0,481.94,0.0,183.0,0,-423.1948387812103,0.0,4294,2830.1948387812104
Data,5698,-0.0,0.0,595.962461683493,0.0,2407.0,460.69,0.0,537.2,0,-265.14753831650717,0.0,4266,2672.147538316507
Data,5699,-0.0,0.0,488.7835308536933,0.0,2407.0,426.03,0.0,537.2,0,-192.98646914630712,0.0,4052,2599.9864691463067
Data,5700,-0.0,0.0,586.8321311532322,0.0,2407.0,390.25,0.0,189.4,0,-382.5178688467677,0.0,3956,2789.5178688467677
Data,5701,-0.0,0.0,821.2222661309498,0.0,2141.0140338690503,390.25,0.0,401.5137,0,0,0.0,3754,2141.0140338690503
Data,5702,-0.0,0.0,1061.8660504052582,0.0,2212.603949594742,438.33,0.0,186.2,0,0,0.0,3899,2212.6039495947416
Data,5703,-0.0,0.0,1254.0523598606324,0.0,2047.0976401393677,458.45,0.0,189.4,0,0,0.0,3949,2047.0976401393677
Data,5704,-0.0,0.0,1607.2942406023478,0.0,1741.1457593976522,514.36,0.0,186.2,0,0,0.0,4049,1741.1457593976522
Data,5705,-0.0,0.0,1538.7948250323252,0.0,1903.4351749676753,656.37,0.0,189.4,0,0,0.0,4288,1903.4351749676748
Data,5706,-0.0,0.0,1684.6405569222154,0.0,1707.0,692.15,0.0,540.4,0,400.19055692221553,0.0,4224,1306.8094430777846
Data,5707,-0.0,0.0,1855.1288536784555,0.0,1707.0,670.91,0.0,186.2,0,298.23885367845526,0.0,4121,1408.7611463215446
Data,5708,-0.0,0.0,1666.7808245204064,0.0,1707.0,588.16,0.0,189.4,0,166.34082452040644,0.0,3985,1540.6591754795936
Data,5709,-0.0,0.0,1636.9754694475141,0.0,1707.0,541.2,0.0,540.4,0,636.5754694475145,0.0,3789,1070.424530552486
Data,5710,0.0,0.0,1535.0014883592685,0.0,1707.0,551.26,0.0,537.2,0,747.4614883593172,0.0,3583,959.5385116407315
Data,5711,0.0,0.0,1475.9508828152516,0.0,1707.0,507.65,0.0,540.4,0,701.0008828152518,0.0,3530,1005.9991171847485
Data,5712,0.0,0.0,1502.0410057994225,0.0,1707.0,492.0,0.0,189.4,0,387.4410057994225,0.0,3503,1319.5589942005774
Data,5713,0.0,0.0,1432.02961763427,0.0,1707.0,477.46,0.0,534.0,0,743.4896176342701,0.0,3407,963.51038236573
Data,5714,0.0,0.0,1409.6899410329415,0.0,1707.0,486.41,0.0,537.2,0,661.2999410329411,0.0,3479,1045.7000589670583
Data,5715,0.0,0.0,1315.2685699719364,0.0,1707.0,492.0,0.0,534.0,0,431.26856997193636,0.0,3617,1275.7314300280636
Data,5716,0.0,0.0,1295.6871128194025,0.0,1707.0,475.23,0.0,537.2,0,210.1171128194024,0.0,3805,1496.8828871805974
Data,5717,0.0,0.0,1225.5371432222805,0.0,1707.0,534.49,0.0,537.2,0,86.22714322228,0.0,3918,1620.7728567777194
Data,5718,0.0,0.0,1170.945717590923,0.0,1707.0,616.12,0.0,534.0,0,96.06571759092301,0.0,3932,1610.9342824090768
Data,5719,0.0,0.0,1149.2369647625983,0.0,1707.0,607.17,0.0,537.2,0,58.6069647625982,0.0,3942,1648.3930352374018
Data,5720,-0.0,0.0,1118.6762684121002,0.0,1727.3037315878998,530.02,0.0,534.0,0,0,0.0,3910,1727.3037315878998
Data,5721,-0.0,0.0,1061.4826723770002,0.0,2142.777327623,506.54,0.0,186.2,0,0,0.0,3897,2142.777327623
Data,5722,-0.0,0.0,861.6739861240001,0.0,1996.976013876,495.35,0.0,534.0,0,0,0.0,3888,1996.9760138759998
Data,5723,-0.0,0.0,846.6371086896542,0.0,2277.1028913103455,452.86,0.0,189.4,0,0,0.0,3766,2277.102891310346
Data,5724,-0.0,0.0,635.1103664183064,0.0,2128.2396335816934,409.25,0.0,540.4,0,0,0.0,3713,2128.239633581694
Data,5725,-0.0,0.0,640.2528350312298,0.0,1892.2371649687705,400.31,0.0,537.2,0,0,0.0,3470,1892.2371649687702
Data,5726,-0.0,0.0,620.6411590551124,0.0,2057.4088409448873,421.55,0.0,540.4,0,0,0.0,3640,2057.4088409448877
Data,5727,-0.0,0.0,782.765177383366,0.0,2394.9548226166344,417.08,0.0,186.2,0,0,0.0,3781,2394.954822616634
Data,5728,-0.0,0.0,1027.2543904917713,0.0,1904.9356095082287,486.41,0.0,540.4,0,0,0.0,3959,1904.9356095082287
Data,5729,-0.0,0.0,1233.5203979137502,0.0,1866.58960208625,583.69,0.0,537.2,0,0,0.0,4221,1866.5896020862497
Data,5730,-0.0,0.0,1376.0550740316546,0.0,1707.0,632.89,0.0,540.4,0,99.3450740316546,0.0,4157,1607.6549259683454
Data,5731,-0.0,0.0,1757.2742661735983,0.0,1707.0,677.62,0.0,537.2,0,651.0942661735979,0.0,4028,1055.9057338264015
Data,5732,0.0,0.0,1733.0942564563675,0.0,1707.0,672.03,0.0,537.2,0,729.3242564563669,0.0,3920,977.6757435436325
Data,5733,0.0,0.0,1594.1754367020344,0.0,1707.0,571.39,0.0,279.3911,0,433.9565367020341,0.0,3718,1273.0434632979657
Data,5734,0.0,0.0,1685.7546796081529,0.0,1707.0,552.38,0.0,186.2,0,628.3346796081528,0.0,3503,1078.6653203918472
Data,5735,0.0,0.0,1804.0128991873562,0.0,1707.0,507.65,0.0,186.2,0,801.8628991873561,0.0,3403,905.1371008126439
Data,5736,0.0,0.0,1355.4288455492656,0.0,1707.0,500.95,0.0,38.4,0,162.7788455492654,0.0,3439,1544.2211544507345
Data,5737,0.0,0.0,2018.4469288529117,0.0,1707.0,475.23,0.0,32.0,0,862.6769288529118,0.0,3370,844.3230711470883
Data,5738,0.0,0.0,1982.8616530924721,0.0,1707.0,514.36,0.0,32.0,0,815.2216530924723,0.0,3421,891.7783469075279
Data,5739,0.0,0.0,1932.4536216669335,0.0,1707.0,561.33,0.0,35.2,0,706.9836216669331,0.0,3529,1000.0163783330664
Data,5740,0.0,0.0,1886.5529639869949,0.0,1707.0,621.71,0.0,32.0,0,561.2629639869949,0.0,3686,1145.737036013005
Data,5741,0.0,0.0,1597.734447753472,0.0,1707.0,590.4,0.0,35.2,0,156.33444775347198,0.0,3774,1550.665552246528
Data,5742,0.0,0.0,1283.7348792199134,0.0,1820.3951207800867,594.87,0.0,32.0,0,0,0.0,3731,1820.3951207800865
Data,5743,0.0,0.0,1014.7519478987714,0.0,1976.0080521012287,568.04,0.0,35.2,0,0,0.0,3594,1976.0080521012287
Data,5744,-0.0,0.0,830.158020094,0.0,2114.0519799060003,546.79,0.0,32.0,0,0,0.0,3523,2114.0519799060003
Data,5745,-0.0,0.0,568.3219435041,0.0,2372.5880564959,509.89,0.0,35.2,0,0,0.0,3486,2372.5880564959
Data,5746,-0.0,0.0,809.7825759207913,0.0,2171.637424079209,478.58,0.0,32.0,0,0,0.0,3492,2171.637424079209
Data,5747,-0.0,0.0,814.7381773617901,0.0,2263.4118226382097,488.65,0.0,35.2,0,0,0.0,3602,2263.4118226382097
Data,5748,-0.0,0.0,825.8614334608035,0.0,2282.1085665391965,499.83,0.0,35.2,0,0,0.0,3643,2282.1085665391965
Data,5749,-0.0,0.0,836.2103417763044,0.0,2114.9096582236957,515.48,0.0,38.4,0,0,0.0,3505,2114.9096582236957
Data,5750,-0.0,0.0,904.8667022550002,0.0,1921.253297745,564.68,0.0,35.2,0,0,0.0,3426,1921.2532977449998
Data,5751,-0.0,0.0,1003.5834814290001,0.0,1829.6365185710001,601.58,0.0,35.2,0,0,0.0,3470,1829.636518571
Data,5752,-0.0,0.0,1055.5791559642673,0.0,1779.9008440357327,616.12,0.0,38.4,0,0,0.0,3490,1779.9008440357327
Data,5753,-0.0,0.0,1196.8664123859548,0.0,1824.5535876140452,675.38,0.0,35.2,0,0,0.0,3732,1824.5535876140452
Data,5754,0.0,0.0,1867.6772630561195,0.0,1707.0,720.11,0.0,35.2,0,533.9872630561193,0.0,3796,1173.0127369438806
Data,5755,0.0,0.0,2208.4169681446465,0.0,1707.0,744.71,0.0,38.4,0,962.5269681446466,0.0,3736,744.4730318553535
Data,5756,0.0,0.0,1993.974601414314,0.0,1707.0,745.83,0.0,35.2,0,814.0046014143138,0.0,3668,892.9953985856858
Data,5757,0.0,0.0,1889.9981404744763,0.0,1707.0,676.5,0.0,38.4,0,780.8981404744765,0.0,3531,926.1018595255238
Data,5758,0.0,0.0,1815.6830888236464,0.0,1707.0,612.76,0.0,35.2,0,778.6430888236465,0.0,3392,928.3569111763536
Data,5759,0.0,0.0,1625.2492645253296,0.0,1707.0,571.39,0.0,38.4,0,603.0392645253295,0.0,3339,1103.9607354746704
Data,5760,0.0,0.0,1567.1717229020942,0.0,1707.0,554.62,0.0,38.4,0,458.1917229020942,0.0,3409,1248.8082770979058
Data,5761,0.0,0.0,1442.779485427973,0.0,1707.0,522.19,0.0,32.0,0,410.96948542797304,0.0,3293,1296.030514572027
Data,5762,0.0,0.0,1264.8785602069627,0.0,1707.0,546.79,0.0,35.2,0,213.86856020696246,0.0,3340,1493.1314397930373
Data,5763,0.0,0.0,1181.4067305108347,0.0,1707.0,578.1,0.0,32.0,0,55.50673051083456,0.0,3443,1651.4932694891654
Data,5764,0.0,0.0,1180.7324592916184,0.0,1829.1675407083817,578.1,0.0,32.0,0,0,0.0,3620,1829.1675407083817
Data,5765,0.0,0.0,1198.6145082377402,0.0,1887.0754917622598,597.11,0.0,35.2,0,0,0.0,3718,1887.0754917622598
Data,5766,0.0,0.0,1252.1250066146772,0.0,1798.3549933853228,591.52,0.0,32.0,0,0,0.0,3674,1798.3549933853228
Data,5767,0.0,0.0,1188.5233037907099,0.0,1755.1266962092902,569.15,0.0,35.2,0,0,0.0,3548,1755.1266962092902
Data,5768,-0.0,0.0,973.569539253938,0.0,1861.6304607460618,565.8,0.0,32.0,0,0,0.0,3433,1861.630460746062
Data,5769,-0.0,0.0,981.1918463080999,0.0,1866.8781536919003,536.73,0.0,35.2,0,0,0.0,3420,1866.8781536919
Data,5770,-0.0,0.0,1044.8236300412,0.0,1831.3063699588001,496.47,0.0,38.4,0,0,0.0,3411,1831.3063699588
Data,5771,-0.0,0.0,1116.0611697766,0.0,1840.5188302233998,456.22,0.0,35.2,0,0,0.0,3448,1840.5188302233998
Data,5772,-0.0,0.0,1247.122308146292,0.0,1707.0,461.81,0.0,38.4,0,43.332308146291915,0.0,3411,1663.667691853708
Data,5773,-0.0,0.0,1047.2314793963974,0.0,1891.0185206036026,402.55,0.0,35.2,0,0,0.0,3376,1891.0185206036026
Data,5774,-0.0,0.0,1055.8656671934598,0.0,1709.9843328065401,451.75,0.0,38.4,0,0,0.0,3256,1709.9843328065401
Data,5775,-0.0,0.0,1183.1780576528308,0.0,1707.0,458.45,0.0,35.2,0,0.828057652830541,0.0,3383,1706.171942347169
Data,5776,-0.0,0.0,1181.6726614122817,0.0,1736.1973385877186,462.93,0.0,186.2,0,0,0.0,3567,1736.1973385877181
Data,5777,-0.0,0.0,1490.38679341239,0.0,1707.0,589.28,0.0,540.4,0,511.0667934123903,0.0,3816,1195.9332065876101
Data,5778,0.0,0.0,1946.7397653117341,0.0,1707.0,742.47,0.0,537.2,0,1004.4097653117341,0.0,3929,702.5902346882658
Data,5779,0.0,0.0,2312.2965532941344,0.0,1707.0,750.3,0.0,537.2,0,1394.7965532941344,0.0,3912,312.20344670586564
Data,5780,0.0,0.0,2335.2240831059344,0.0,1707.0,727.94,0.0,540.4,0,1477.5640831059345,0.0,3833,229.4359168940656
Data,5781,0.0,0.0,2143.898372703334,0.0,1707.0,587.05,0.0,537.2,0,1276.1483727033342,0.0,3699,430.8516272966658
Data,5782,0.0,0.0,2099.804671837734,0.0,1707.0,576.98,0.0,540.4,0,1413.1846718377342,0.0,3511,293.8153281622659
Data,5783,0.0,0.0,2202.1721671815476,0.0,1707.0,559.09,0.0,537.2,0,1692.4621671815476,0.0,3313,14.53783281845233
Data,5784,0.0,0.0,2339.1282655364566,0.0,1707.0,531.14,0.0,537.2,0,1791.4682655364566,0.0,3323,-84.46826553645667
Data,5785,0.0,0.0,2176.009344093363,0.0,1707.0,468.52,0.0,537.2,0,1659.7293440933627,0.0,3229,47.2706559066371
Data,5786,0.0,0.0,1787.3980856679227,0.0,1707.0,496.47,0.0,534.0,0,1215.868085667923,0.0,3309,491.13191433207726
Data,5787,0.0,0.0,1508.8545913347812,0.0,1707.0,552.38,0.0,537.2,0,835.4345913347811,0.0,3470,871.5654086652188
Data,5788,0.0,0.0,1406.391412571741,0.0,1707.0,575.86,0.0,534.0,0,591.2514125717412,0.0,3632,1115.7485874282588
Data,5789,0.0,0.0,1415.272874103361,0.0,1707.0,604.94,0.0,534.0,0,509.212874103361,0.0,3752,1197.787125896639
Data,5790,0.0,0.0,1404.006245521462,0.0,1707.0,616.12,0.0,537.2,0,468.3262455214617,0.0,3796,1238.6737544785378
Data,5791,0.0,0.0,1468.3283602156293,0.0,1707.0,556.85,0.0,534.0,0,385.17836021562914,0.0,3881,1321.8216397843707
Data,5792,0.0,0.0,1315.871114142,0.0,1707.0,551.26,0.0,537.2,0,113.33111414199993,0.0,3998,1593.668885858
Data,5793,-0.0,0.0,1350.2601703346002,0.0,1784.7498296654,472.99,0.0,534.0,0,0,0.0,4142,1784.7498296653998
Data,5794,-0.0,0.0,1423.6866734784699,0.0,1802.7933265215302,419.32,0.0,537.2,0,0,0.0,4183,1802.7933265215302
Data,5795,-0.0,0.0,1396.8474727554603,0.0,1802.4525272445399,430.5,0.0,537.2,0,0,0.0,4167,1802.4525272445396
Data,5796,-0.0,0.0,1227.3312129509616,0.0,1896.9987870490384,447.27,0.0,540.4,0,0,0.0,4112,1896.9987870490386
Data,5797,-0.0,0.0,1027.570695206516,0.0,1919.6393047934841,374.59,0.0,537.2,0,0,0.0,3859,1919.6393047934841
Data,5798,-0.0,0.0,738.074584977,0.0,2363.055415023,422.67,0.0,537.2,0,0,0.0,4061,2363.055415023
Data,5799,-0.0,0.0,815.02999309569,0.0,2257.1000069043102,496.47,0.0,540.4,0,0,0.0,4109,2257.1000069043102
Data,5800,-0.0,0.0,615.2300454032231,0.0,2407.0,572.51,0.0,537.2,0,-73.05995459677679,0.0,4205,2480.059954596777
Data,5801,-0.0,0.0,883.0855187479502,0.0,2287.2644812520502,685.45,0.0,537.2,0,0,0.0,4393,2287.26448125205
Data,5802,0.0,0.0,1655.9869005945432,0.0,1707.0,696.63,0.0,540.4,0,274.01690059454336,0.0,4326,1432.9830994054569
Data,5803,0.0,0.0,1839.4642756029984,0.0,1707.0,724.58,0.0,537.2,0,615.2442756029981,0.0,4193,1091.7557243970014
Data,5804,0.0,0.0,1856.0879297390322,0.0,1707.0,705.57,0.0,540.4,0,763.0579297390325,0.0,4046,943.9420702609677
Data,5805,0.0,0.0,1666.4549727415365,0.0,1707.0,641.84,0.0,537.2,0,722.4949727415365,0.0,3830,984.5050272584634
Data,5806,0.0,0.0,1300.8823738435685,0.0,1707.0,582.57,0.0,537.2,0,491.6523738435684,0.0,3636,1215.3476261564315
Data,5807,0.0,0.0,1910.7347953544001,0.0,1707.0,566.92,0.0,186.2,0,933.8547953544,0.0,3437,773.1452046456
Data,5808,0.0,0.0,1994.6435957557,0.0,1707.0,570.27,0.0,450.1606,0,1316.0741957557002,0.0,3406,390.92580424429997
Data,5809,0.0,0.0,1987.1713533283262,0.0,1707.0,541.2,0.0,183.0,0,1123.371353328326,0.0,3295,583.6286466716738
Data,5810,0.0,0.0,1821.7799875989617,0.0,1707.0,572.51,0.0,183.0,0,915.289987598962,0.0,3369,791.7100124010383
Data,5811,0.0,0.0,1685.859727598491,0.0,1707.0,607.17,0.0,186.2,0,703.2297275984909,0.0,3483,1003.7702724015091
Data,5812,0.0,0.0,1418.3358369987154,0.0,1707.0,610.53,0.0,32.0,0,123.8658369987152,0.0,3644,1583.1341630012846
Data,5813,0.0,0.0,1252.9665961158787,0.0,1849.2034038841214,622.83,0.0,32.0,0,0,0.0,3757,1849.2034038841211
Data,5814,0.0,0.0,1203.316187488892,0.0,1849.7038125111085,650.78,0.0,35.2,0,0,0.0,3739,1849.703812511108
Data,5815,0.0,0.0,1266.475339175235,0.0,1807.1546608247652,656.37,0.0,32.0,0,0,0.0,3762,1807.154660824765
Data,5816,-0.0,0.0,1039.0263623533917,0.0,2131.1236376466086,660.85,0.0,32.0,0,0,0.0,3863,2131.123637646608
Data,5817,-0.0,0.0,845.442661884683,0.0,2407.0,664.2,0.0,32.0,0,-239.35733811531725,0.0,4188,2646.357338115317
Data,5818,-0.0,0.0,1104.336086779487,0.0,2407.0,629.54,0.0,35.2,0,-88.92391322051328,0.0,4265,2495.923913220513
Data,5819,-0.0,0.0,1091.7703317582298,0.0,2407.0,608.29,0.0,32.0,0,-102.9396682417703,0.0,4242,2509.93966824177
Data,5820,-0.0,0.0,787.0716690039499,0.0,2407.0,613.88,0.0,32.0,0,-411.0483309960501,0.0,4251,2818.04833099605
Data,5821,-0.0,0.0,1231.04989985698,0.0,2179.0501001430202,602.7,0.0,35.2,0,0,0.0,4048,2179.0501001430202
Data,5822,-0.0,0.0,1756.7154889730666,0.0,1707.0,604.94,0.0,537.2,0,414.8554889730665,0.0,4191,1292.1445110269333
Data,5823,-0.0,0.0,1297.5718083667,0.0,1707.0,606.05,0.0,537.2,0,2.8218083666999974,0.0,4145,1704.1781916333
Data,5824,-0.0,0.0,2355.1165868293,0.0,1707.0,694.39,0.0,540.4,0,1172.9065868293,0.0,4124,534.0934131706999
Data,5825,-0.0,0.0,1720.8109127413038,0.0,1707.0,729.05,0.0,537.2,0,453.0609127413038,0.0,4241,1253.9390872586962
Data,5826,-0.0,0.0,1968.7554267079768,0.0,1707.0,760.36,0.0,496.1513,0,780.266726707977,0.0,4152,926.7332732920232
Data,5827,0.0,0.0,2373.352970743017,0.0,1707.0,776.02,0.0,189.4,0,1015.7729707430174,0.0,4030,691.227029256983
Data,5828,0.0,0.0,2229.004760299809,0.0,1707.0,778.25,0.0,186.2,0,983.4547602998088,0.0,3917,723.5452397001911
Data,5829,0.0,0.0,2226.218586897823,0.0,1707.0,722.35,0.0,186.2,0,1131.7685868978228,0.0,3710,575.2314131021769
Data,5830,0.0,0.0,2424.7689470548603,0.0,1707.0,693.27,0.0,35.2,0,1369.2389470548599,0.0,3491,337.76105294513974
Data,5831,0.0,0.0,2321.6023875470764,0.0,1707.0,694.39,0.0,35.2,0,1467.1923875470761,0.0,3291,239.8076124529236
Data,5832,0.0,0.0,2299.096980397234,0.0,1707.0,706.69,0.0,38.4,0,1465.1869803972338,0.0,3286,241.81301960276605
Data,5833,0.0,0.0,2305.799751874039,0.0,1707.0,703.34,0.0,32.0,0,1553.1397518740391,0.0,3195,153.860248125961
Data,5834,0.0,0.0,2271.464961754824,0.0,1707.0,711.16,0.0,32.0,0,1444.6249617548237,0.0,3277,262.37503824517614
Data,5835,0.0,0.0,2349.12868385778,0.0,1707.0,718.99,0.0,35.2,0,1383.3186838577797,0.0,3427,323.68131614222017
Data,5836,0.0,0.0,2206.7743018381716,0.0,1707.0,733.53,0.0,32.0,0,1085.3043018381713,0.0,3594,621.6956981618284
Data,5837,0.0,0.0,2111.4018386695843,0.0,1707.0,723.46,0.0,32.0,0,842.8618386695845,0.0,3731,864.1381613304156
Data,5838,0.0,0.0,2022.7049702849563,0.0,1707.0,723.46,0.0,32.0,0,729.1649702849562,0.0,3756,977.8350297150437
Data,5839,0.0,0.0,1952.5687639384992,0.0,1707.0,716.75,0.0,32.0,0,557.318763938499,0.0,3851,1149.6812360615008
Data,5840,0.0,0.0,1876.502318417669,0.0,1707.0,730.17,0.0,35.2,0,319.8723184176687,0.0,4029,1387.1276815823312
Data,5841,-0.0,0.0,1845.142843304101,0.0,1888.8071566958993,734.65,0.0,38.4,0,0,0.0,4507,1888.807156695899
Data,5842,-0.0,0.0,1894.1373155801207,0.0,2111.5626844198796,701.1,0.0,35.2,0,0,0.0,4742,2111.562684419879
Data,5843,-0.0,0.0,1831.0738504214034,0.0,2098.0361495785974,657.49,0.0,38.4,0,0,0.0,4625,2098.0361495785965
Data,5844,-0.0,0.0,1890.2596993534144,0.0,1944.1403006465862,664.2,0.0,38.4,0,0,0.0,4537,1944.1403006465855
Data,5845,-0.0,0.0,2185.199447479168,0.0,1707.0,629.54,0.0,38.4,0,259.1394474791678,0.0,4301,1447.8605525208318
Data,5846,-0.0,0.0,2306.2519203194397,0.0,1707.0,656.37,0.0,38.4,0,409.02192031943935,0.0,4299,1297.9780796805603
Data,5847,-0.0,0.0,2476.4331604873655,0.0,1707.0,691.04,0.0,38.4,0,651.8731604873653,0.0,4261,1055.1268395126344
Data,5848,-0.0,0.0,2521.92189914878,0.0,1707.0,727.94,0.0,35.2,0,595.0618991487797,0.0,4397,1111.9381008512198
Data,5849,-0.0,0.0,2451.476304389954,0.0,1707.0,773.78,0.0,38.4,0,337.6563043899531,0.0,4633,1369.343695610046
Data,5850,-0.0,0.0,2520.2543116014344,0.0,1707.0,800.62,0.0,38.4,0,433.27431160143385,0.0,4633,1273.7256883985656
Data,5851,0.0,0.0,2552.3060325274346,0.0,1707.0,807.33,0.0,38.4,0,575.036032527434,0.0,4530,1131.9639674725654
Data,5852,0.0,0.0,2511.9629155014345,0.0,1707.0,791.67,0.0,38.4,0,670.0329155014341,0.0,4379,1036.9670844985656
Data,5853,0.0,0.0,2481.583966541434,0.0,1707.0,751.42,0.0,38.4,0,748.4039665414338,0.0,4230,958.5960334585659
Data,5854,0.0,0.0,2474.9277115704344,0.0,1707.0,723.46,0.0,38.4,0,900.7877115704345,0.0,4043,806.2122884295655
Data,5855,0.0,0.0,2472.7283080753346,0.0,1707.0,704.45,0.0,35.2,0,1091.3783080753342,0.0,3828,615.6216919246654
Data,5856,0.0,0.0,2462.3656870994346,0.0,1707.0,701.1,0.0,38.4,0,1031.8656870994346,0.0,3877,675.1343129005654
Data,5857,0.0,0.0,2448.0023192504345,0.0,1707.0,670.91,0.0,35.2,0,1084.1123192504342,0.0,3777,622.8876807495654
Data,5858,0.0,0.0,2314.0704659774347,0.0,1707.0,664.2,0.0,35.2,0,878.4704659774342,0.0,3842,828.5295340225653
Data,5859,0.0,0.0,2144.3977040276345,0.0,1707.0,660.85,0.0,35.2,0,570.4477040276341,0.0,3977,1136.5522959723655
Data,5860,0.0,0.0,1945.4280045022342,0.0,1707.0,687.68,0.0,35.2,0,228.30800450223376,0.0,4147,1478.691995497766
Data,5861,0.0,0.0,1773.0425124319345,0.0,1752.3774875680656,724.58,0.0,32.0,0,0,0.0,4282,1752.3774875680656
Data,5862,0.0,0.0,1586.0786422144338,0.0,1946.8413577855663,736.88,0.0,35.2,0,0,0.0,4305,1946.8413577855663
Data,5863,0.0,0.0,1446.5964475375345,0.0,2195.193552462466,707.81,0.0,38.4,0,0,0.0,4388,2195.1935524624655
Data,5864,0.0,0.0,1275.5861449468614,0.0,2401.513855053139,676.5,0.0,38.4,0,0,0.0,4392,2401.5138550531387
Data,5865,-0.0,0.0,1111.5062678472657,0.0,2407.0,696.63,0.0,35.2,0,-358.66373215273444,0.0,4609,2765.663732152734
Data,5866,-0.0,0.0,999.7659669517559,0.0,2407.0,689.92,0.0,38.4,0,-621.9140330482444,0.0,4757,3028.914033048244
Data,5867,-0.0,0.0,964.8240523765214,0.0,2407.0,637.36,0.0,38.4,0,-623.4159476234788,0.0,4671,3030.4159476234786
Data,5868,-0.0,0.0,1023.692242723496,0.0,2407.0,617.24,0.0,38.4,0,-463.66775727650463,0.0,4550,2870.667757276504
Data,5869,-0.0,0.0,1111.921659424709,0.0,2407.0,589.28,0.0,38.4,0,-219.39834057529163,0.0,4366,2626.398340575291
Data,5870,-0.0,0.0,1354.7951269395296,0.0,2407.0,591.52,0.0,35.2,0,-84.48487306047069,0.0,4473,2491.4848730604704
Data,5871,-0.0,0.0,1370.6945791599,0.0,2407.0,610.53,0.0,38.4,0,-156.37542084010056,0.0,4583,2563.3754208401
Data,5872,-0.0,0.0,1402.6991728267226,0.0,2407.0,686.56,0.0,38.4,0,-235.34082717327772,0.0,4770,2642.3408271732774
Data,5873,-0.0,0.0,1444.9877019203375,0.0,2407.0,762.6,0.0,38.4,0,-306.01229807966246,0.0,4959,2713.0122980796623
Data,5874,-0.0,0.0,1658.632672550434,0.0,2407.0,809.56,0.0,35.2,0,-23.607327449566014,0.0,4934,2430.607327449566
Data,5875,0.0,0.0,2386.3996084524338,0.0,1707.0,789.44,0.0,38.4,0,91.2396084524338,0.0,4830,1615.760391547566
Data,5876,0.0,0.0,2515.002554427435,0.0,1707.0,767.07,0.0,38.4,0,363.4725544274347,0.0,4664,1343.527445572565
Data,5877,0.0,0.0,2360.9115201484346,0.0,1707.0,693.27,0.0,38.4,0,301.58152014843415,0.0,4498,1405.4184798515653
Data,5878,0.0,0.0,2357.1226016244345,0.0,1707.0,627.3,0.0,38.4,0,384.82260162443424,0.0,4345,1322.1773983755654
Data,5879,0.0,0.0,2330.853720604041,0.0,1707.0,584.81,0.0,38.4,0,573.0637206040412,0.0,4088,1133.936279395959
Data,5880,0.0,0.0,2213.0659545118456,0.0,1707.0,591.52,0.0,35.2,0,432.78595451184543,0.0,4114,1274.2140454881544
Data,5881,0.0,0.0,1821.8025740995736,0.0,1707.0,594.87,0.0,35.2,0,135.8725740995734,0.0,4023,1571.1274259004265
Data,5882,0.0,0.0,1661.2314265873033,0.0,1836.1685734126968,590.4,0.0,35.2,0,0,0.0,4123,1836.1685734126968
Data,5883,0.0,0.0,1576.424673450403,0.0,1897.2653265495971,597.11,0.0,186.2,0,0,0.0,4257,1897.2653265495971
Data,5884,0.0,0.0,1440.4296363214055,0.0,2171.1203636785945,636.25,0.0,186.2,0,0,0.0,4434,2171.1203636785945
Data,5885,0.0,0.0,1356.7458911084475,0.0,2407.0,650.78,0.0,186.2,0,-6.27410889155297,0.0,4607,2413.2741088915527
Data,5886,0.0,0.0,1313.8758784108313,0.0,2407.0,648.55,0.0,186.2,0,-26.37412158916868,0.0,4582,2433.3741215891687
Data,5887,0.0,0.0,1293.1115390943573,0.0,2156.6784609056426,634.01,0.0,537.2,0,0,0.0,4621,2156.6784609056426
Data,5888,0.0,0.0,1217.071725895501,0.0,2175.258274104499,570.27,0.0,540.4,0,0,0.0,4503,2175.258274104499
Data,5889,-0.0,0.0,1163.2438053376356,0.0,2407.0,563.56,0.0,189.4,0,-291.79619466236477,0.0,4615,2698.7961946623645
Data,5890,-0.0,0.0,558.9152868304,0.0,2407.0,546.79,0.0,189.4,0,-952.8947131696004,0.0,4655,3359.8947131696
Data,5891,-0.0,0.0,1225.9345865619437,0.0,2407.0,507.65,0.0,189.4,0,-265.0154134380565,0.0,4595,2672.0154134380564
Data,5892,-0.0,0.0,1293.3788056589042,0.0,2407.0,486.41,0.0,189.4,0,-130.8111943410963,0.0,4507,2537.811194341096
Data,5893,-0.0,0.0,1301.793434408843,0.0,1943.896565591157,474.11,0.0,537.2,0,0,0.0,4257,1943.896565591157
Data,5894,-0.0,0.0,1314.816552053288,0.0,1919.4834479467117,504.3,0.0,540.4,0,0,0.0,4279,1919.483447946712
Data,5895,-0.0,0.0,1335.7820169740335,0.0,1940.5979830259666,579.22,0.0,540.4,0,0,0.0,4396,1940.5979830259666
Data,5896,-0.0,0.0,1368.0656474428527,0.0,2089.3943525571476,654.14,0.0,540.4,0,0,0.0,4652,2089.3943525571476
Data,5897,-0.0,0.0,1519.936456602637,0.0,2082.573543397363,731.29,0.0,537.2,0,0,0.0,4871,2082.573543397363
Data,5898,0.0,0.0,2072.9050519285024,0.0,1707.0,765.95,0.0,540.4,0,215.2550519285018,0.0,4871,1491.7449480714977
Data,5899,0.0,0.0,2321.3840707484455,0.0,1707.0,761.48,0.0,540.4,0,569.2640707484453,0.0,4761,1137.7359292515544
Data,5900,0.0,0.0,2168.049711678177,0.0,1707.0,740.24,0.0,540.4,0,531.6897116781773,0.0,4624,1175.310288321823
Data,5901,0.0,0.0,2345.8535286526476,0.0,1707.0,657.49,0.0,537.2,0,827.5435286526473,0.0,4420,879.4564713473524
Data,5902,0.0,0.0,2344.619269396739,0.0,1707.0,566.92,0.0,540.4,0,937.9392693967394,0.0,4221,769.0607306032609
Data,5903,0.0,0.0,2307.948200415426,0.0,1707.0,544.55,0.0,540.4,0,1112.898200415426,0.0,3987,594.101799584574
Data,5904,0.0,0.0,2331.9028985328914,0.0,1707.0,549.03,0.0,537.2,0,1105.1328985328912,0.0,4020,601.8671014671086
Data,5905,0.0,0.0,1962.8196723809986,0.0,1707.0,537.85,0.0,537.2,0,810.8696723809983,0.0,3934,896.1303276190014
Data,5906,0.0,0.0,1571.1003659533424,0.0,1707.0,547.91,0.0,537.2,0,329.2103659533421,0.0,4034,1377.7896340466577
Data,5907,0.0,0.0,1355.8938545743995,0.0,1707.0,593.75,0.0,534.0,0,11.643854574399395,0.0,4179,1695.3561454256005
Data,5908,0.0,0.0,941.0466363352953,0.0,2212.273363664705,638.48,0.0,537.2,0,0,0.0,4329,2212.2733636647044
Data,5909,0.0,0.0,1527.105063036484,0.0,1707.0,708.93,0.0,537.2,0,145.23506303648358,0.0,4335,1561.764936963516
Data,5910,0.0,0.0,1194.089899559,0.0,1855.3401004409998,705.57,0.0,534.0,0,0,0.0,4289,1855.3401004409998
Data,5911,0.0,0.0,739.8866570606001,0.0,2279.8533429394,625.06,0.0,537.2,0,0,0.0,4182,2279.8533429394
Data,5912,0.0,0.0,503.98693899439996,0.0,2407.0,512.13,0.0,537.2,0,-119.68306100560011,0.0,4080,2526.6830610056
Data,5913,-0.0,0.0,339.9337525544119,0.0,2407.0,483.05,0.0,534.0,0,-517.016247445588,0.0,4281,2924.0162474455883
Data,5914,-0.0,0.0,529.7740304058464,0.0,2407.0,464.05,0.0,540.4,0,-372.77596959415337,0.0,4314,2779.7759695941536
Data,5915,-0.0,0.0,658.252349463029,0.0,2407.0,458.45,0.0,540.4,0,-144.89765053697113,0.0,4209,2551.897650536971
Data,5916,-0.0,0.0,468.41648223371897,0.0,2407.0,462.93,0.0,537.2,0,-333.4535177662814,0.0,4209,2740.453517766281
Data,5917,-0.0,0.0,751.2980912754417,0.0,2407.0,434.97,0.0,540.4,0,-82.33190872455836,0.0,4216,2489.331908724558
Data,5918,-0.0,0.0,792.9840061881058,0.0,2407.0,489.76,0.0,270.3484,0,-465.90759381189406,0.0,4426,2872.907593811894
Data,5919,-0.0,0.0,461.7243602064,0.0,2407.0,494.24,0.0,360.9772,0,-695.0584397936,0.0,4419,3102.0584397936
Data,5920,-0.0,0.0,532.7181555604999,0.0,2407.0,536.73,0.0,540.4,0,-341.1518444395,0.0,4358,2748.1518444395
Data,5921,-0.0,0.0,731.5156556267475,0.0,2407.0,698.86,0.0,540.4,0,-26.2243443732523,0.0,4404,2433.2243443732523
Data,5922,0.0,0.0,1218.6637475940076,0.0,1953.7562524059924,749.18,0.0,540.4,0,0,0.0,4462,1953.7562524059924
Data,5923,0.0,0.0,1464.1323808419234,0.0,1707.0,770.43,0.0,537.2,0,68.76238084192303,0.0,4410,1638.2376191580765
Data,5924,0.0,0.0,1460.1628787348889,0.0,1872.8250212651112,670.91,0.0,291.1021,0,0,0.0,4295,1872.8250212651112
Data,5925,0.0,0.0,1403.2473101827904,0.0,1707.0,639.6,0.0,540.4,0,167.24731018279047,0.0,4123,1539.7526898172096
Data,5926,0.0,0.0,1148.1301930438428,0.0,1824.8216069561574,556.85,0.0,494.1982,0,0,0.0,4024,1824.8216069561572
Data,5927,0.0,0.0,1186.6249053177526,0.0,1707.0,521.07,0.0,481.4016,0,58.09650531775287,0.0,3838,1648.9034946822474
Data,5928,0.0,0.0,1445.3293024252418,0.0,1907.3206975747582,500.95,0.0,38.4,0,0,0.0,3892,1907.3206975747582
Data,5929,0.0,0.0,1963.7168635783642,0.0,1707.0,525.55,0.0,35.2,0,291.46686357836427,0.0,3940,1415.5331364216358
Data,5930,0.0,0.0,1822.2729493541658,0.0,1707.0,536.73,0.0,32.0,0,10.002949354165857,0.0,4088,1696.9970506458342
Data,5931,0.0,0.0,1693.0446838205467,0.0,1910.3853161794536,533.37,0.0,35.2,0,0,0.0,4172,1910.3853161794534
Data,5932,0.0,0.0,1698.9451334303023,0.0,1973.574866569698,589.28,0.0,35.2,0,0,0.0,4297,1973.5748665696976
Data,5933,0.0,0.0,1579.737719444,0.0,2049.112280556,673.15,0.0,32.0,0,0,0.0,4334,2049.112280556
Data,5934,0.0,0.0,1340.032135511,0.0,2200.2778644890004,657.49,0.0,35.2,0,0,0.0,4233,2200.277864489
Data,5935,0.0,0.0,1191.4469366580001,0.0,2230.943063342,609.41,0.0,35.2,0,0,0.0,4067,2230.9430633419997
Data,5936,0.0,0.0,1028.5474603,0.0,2407.0,509.89,0.0,38.4,0,-26.162539700000025,0.0,4010,2433.1625397
Data,5937,-0.0,0.0,881.4825130838001,0.0,2407.0,492.0,0.0,38.4,0,-297.1174869161998,0.0,4116,2704.1174869162
Data,5938,-0.0,0.0,829.2771632637848,0.0,2407.0,455.1,0.0,35.2,0,-401.4228367362155,0.0,4128,2808.4228367362152
Data,5939,-0.0,0.0,802.6495529593349,0.0,2407.0,448.39,0.0,38.4,0,-397.56044704066517,0.0,4094,2804.560447040665
Data,5940,-0.0,0.0,836.1533794029381,0.0,2407.0,441.68,0.0,35.2,0,-277.9666205970623,0.0,3998,2684.966620597062
Data,5941,-0.0,0.0,871.4162647437646,0.0,2407.0,410.37,0.0,38.4,0,-201.81373525623536,0.0,3929,2608.8137352562353
Data,5942,-0.0,0.0,1000.7529278478667,0.0,2396.237072152134,461.81,0.0,35.2,0,0,0.0,3894,2396.2370721521334
Data,5943,-0.0,0.0,1110.833731101,0.0,2340.646268899,493.12,0.0,38.4,0,0,0.0,3983,2340.646268899
Data,5944,-0.0,0.0,1256.4479416559477,0.0,2268.5720583440525,601.58,0.0,38.4,0,0,0.0,4165,2268.572058344052
Data,5945,-0.0,0.0,1456.94617986361,0.0,2224.6638201363903,645.19,0.0,35.2,0,0,0.0,4362,2224.66382013639
Data,5946,-0.0,0.0,2085.727471254956,0.0,1711.7825287450441,682.09,0.0,38.4,0,0,0.0,4518,1711.782528745044
Data,5947,0.0,0.0,2152.6778320812655,0.0,1707.0,680.97,0.0,35.2,0,36.84783208126544,0.0,4539,1670.1521679187344
Data,5948,0.0,0.0,2059.099856716014,0.0,1707.0,684.33,0.0,38.4,0,1.8298567160135555,0.0,4487,1705.170143283986
Data,5949,0.0,0.0,2011.6461105004807,0.0,1737.1338894995195,603.82,0.0,38.4,0,0,0.0,4391,1737.1338894995192
Data,5950,0.0,0.0,1992.216734934913,0.0,1707.0,513.25,0.0,35.2,0,1.6667349349127711,0.0,4246,1705.333265065087
Data,5951,0.0,0.0,1978.7081660635495,0.0,1707.0,486.41,0.0,38.4,0,181.51816606354944,0.0,4029,1525.4818339364506
Data,5952,0.0,0.0,1974.1188996627245,0.0,1707.0,479.7,0.0,38.4,0,110.21889966272435,0.0,4089,1596.7811003372756
Data,5953,0.0,0.0,1926.568294602937,0.0,1707.0,451.75,0.0,32.0,0,99.31829460293686,0.0,4018,1607.681705397063
Data,5954,0.0,0.0,1932.937278994218,0.0,1731.8227210057821,445.04,0.0,35.2,0,0,0.0,4145,1731.822721005782
Data,5955,0.0,0.0,1797.3764984128002,0.0,1984.6435015872003,527.78,0.0,35.2,0,0,0.0,4345,1984.6435015871998
Data,5956,0.0,0.0,1705.6837232380003,0.0,2200.0462767619997,570.27,0.0,32.0,0,0,0.0,4508,2200.0462767619997
Data,5957,0.0,0.0,1576.0566685910003,0.0,2407.0,632.89,0.0,35.2,0,-2.8533314090000204,0.0,4654,2409.8533314089996
Data,5958,0.0,0.0,1471.1963492684004,0.0,2407.0,599.35,0.0,35.2,0,-135.25365073159992,0.0,4648,2542.2536507315995
Data,5959,0.0,0.0,1349.0491269992,0.0,2407.0,550.15,0.0,35.2,0,-382.60087300080045,0.0,4724,2789.6008730007998
Data,5960,0.0,0.0,1149.9433203874003,0.0,2407.0,526.66,0.0,38.4,0,-612.9966796126002,0.0,4735,3019.9966796125996
Data,5961,-0.0,0.0,962.8650847018,0.0,2407.0,543.44,0.0,35.2,0,-981.4949152982006,0.0,4930,3388.4949152982
Data,5962,-0.0,0.0,894.8700192304508,0.0,2407.0,533.37,0.0,38.4,0,-1108.3599807695498,0.0,4982,3515.359980769549
Data,5963,-0.0,0.0,944.0594464938662,0.0,2407.0,514.36,0.0,35.2,0,-993.3805535061343,0.0,4894,3400.3805535061338
Data,5964,-0.0,0.0,873.3139963199394,0.0,2407.0,516.6,0.0,38.4,0,-947.6860036800606,0.0,4783,3354.6860036800604
Data,5965,-0.0,0.0,941.2373252870128,0.0,2407.0,466.28,0.0,35.2,0,-668.2826747129876,0.0,4518,3075.282674712987
Data,5966,-0.0,0.0,1092.0283889390942,0.0,2407.0,483.05,0.0,38.4,0,-618.5216110609059,0.0,4639,3025.521611060906
Data,5967,-0.0,0.0,1270.2291368493,0.0,2375.9708631507,516.6,0.0,537.2,0,0,0.0,4700,2375.9708631507
Data,5968,-0.0,0.0,1519.0354162186493,0.0,2231.2145837813514,599.35,0.0,540.4,0,0,0.0,4890,2231.2145837813505
Data,5969,-0.0,0.0,1627.8989992288593,0.0,2150.5010007711408,713.4,0.0,537.2,0,0,0.0,5029,2150.5010007711408
Data,5970,0.0,0.0,1985.2044586683726,0.0,1730.5320413316274,729.05,0.0,540.2135,0,0,0.0,4985,1730.5320413316276
Data,5971,0.0,0.0,2066.8149759967996,0.0,1707.0,720.11,0.0,522.4388,0,137.36377599679952,0.0,4879,1569.6362240032004
Data,5972,0.0,0.0,1906.563493366456,0.0,1936.9865066335442,710.05,0.0,189.4,0,0,0.0,4743,1936.986506633544
Data,5973,0.0,0.0,1800.8395381236044,0.0,1821.5246618763956,629.54,0.0,329.0958,0,0,0.0,4581,1821.5246618763956
Data,5974,0.0,0.0,1900.1470564690758,0.0,1707.0,490.88,0.0,540.4,0,235.42705646907586,0.0,4403,1471.5729435309242
Data,5975,0.0,0.0,1956.610909890165,0.0,1707.0,440.56,0.0,537.2,0,520.3709098901647,0.0,4121,1186.629090109835
Data,5976,0.0,0.0,1952.9283778299377,0.0,1707.0,441.68,0.0,540.4,0,429.0083778299378,0.0,4213,1277.9916221700623
Data,5977,0.0,0.0,1984.6120787967598,0.0,1707.0,438.33,0.0,537.2,0,496.14207879675956,0.0,4171,1210.8579212032403
Data,5978,0.0,0.0,1988.6104000229052,0.0,1707.0,441.68,0.0,534.0,0,372.2904000229049,0.0,4299,1334.7095999770947
Data,5979,0.0,0.0,1973.4283466039865,0.0,1707.0,436.09,0.0,537.2,0,172.71834660398648,0.0,4481,1534.2816533960136
Data,5980,0.0,0.0,1405.9574482915202,0.0,2141.8325517084795,437.21,0.0,534.0,0,0,0.0,4519,2141.83255170848
Data,5981,0.0,0.0,1589.4233150893726,0.0,1941.1266849106275,513.25,0.0,537.2,0,0,0.0,4581,1941.1266849106273
Data,5982,0.0,0.0,1253.0002150992395,0.0,2286.0497849007606,500.95,0.0,534.0,0,0,0.0,4574,2286.0497849007606
Data,5983,0.0,0.0,1343.8709979254984,0.0,2245.979002074502,500.95,0.0,537.2,0,0,0.0,4628,2245.9790020745018
Data,5984,0.0,0.0,854.7777777608,0.0,2407.0,528.9,0.0,534.0,0,-260.32222223919996,0.0,4585,2667.3222222392
Data,5985,-0.0,0.0,523.6106477060999,0.0,2407.0,518.84,0.0,540.4,0,-730.1493522939003,0.0,4720,3137.1493522939
Data,5986,-0.0,0.0,231.13019438485807,0.0,2407.0,518.84,0.0,537.2,0,-1061.829805615142,0.0,4756,3468.829805615142
Data,5987,-0.0,0.0,308.3747112338401,0.0,2407.0,523.31,0.0,540.4,0,-816.9152887661598,0.0,4596,3223.91528876616
Data,5988,-0.0,0.0,616.7310410879037,0.0,2407.0,533.37,0.0,540.4,0,-368.49895891209627,0.0,4466,2775.4989589120964
Data,5989,-0.0,0.0,236.684544934948,0.0,2407.0,496.47,0.0,537.2,0,-554.6454550650519,0.0,4232,2961.645455065052
Data,5990,-0.0,0.0,1055.7092026693579,0.0,2185.790797330642,578.1,0.0,540.4,0,0,0.0,4360,2185.790797330642
Data,5991,-0.0,0.0,988.4781373179236,0.0,2369.6218626820764,553.5,0.0,540.4,0,0,0.0,4452,2369.6218626820764
Data,5992,-0.0,0.0,813.7420436689954,0.0,2407.0,642.95,0.0,537.2,0,-226.10795633100494,0.0,4627,2633.1079563310045
Data,5993,-0.0,0.0,817.5460864181997,0.0,2407.0,732.41,0.0,540.4,0,-325.64391358180075,0.0,4823,2732.6439135818005
Data,5994,0.0,0.0,1524.5796213388578,0.0,1935.0103786611423,757.01,0.0,540.4,0,0,0.0,4757,1935.010378661142
Data,5995,0.0,0.0,1218.114518013423,0.0,2176.145481986577,752.54,0.0,537.2,0,0,0.0,4684,2176.1454819865767
Data,5996,0.0,0.0,1011.2227704205892,0.0,2256.617229579411,735.76,0.0,540.4,0,0,0.0,4544,2256.617229579411
Data,5997,0.0,0.0,1182.9994875421169,0.0,2016.6505124578828,642.95,0.0,540.4,0,0,0.0,4383,2016.650512457883
Data,5998,0.0,0.0,1493.964100334805,0.0,1707.0,525.55,0.0,537.2,0,109.71410033480498,0.0,4154,1597.285899665195
Data,5999,0.0,0.0,1999.701603262301,0.0,1707.0,476.35,0.0,540.4,0,800.4516032623009,0.0,3923,906.548396737699
Data,6000,0.0,0.0,1882.1075492061536,0.0,1707.0,455.1,0.0,540.4,0,627.6075492061537,0.0,3957,1079.3924507938464
Data,6001,0.0,0.0,1984.6608283201035,0.0,1707.0,427.15,0.0,534.0,0,732.8108283201036,0.0,3920,974.1891716798965
Data,6002,0.0,0.0,1947.4171232905685,0.0,1707.0,430.5,0.0,537.2,0,570.1171232905683,0.0,4052,1136.8828767094315
Data,6003,0.0,0.0,1328.5498758653248,0.0,1967.130124134675,419.32,0.0,534.0,0,0,0.0,4249,1967.1301241346753
Data,6004,0.0,0.0,1950.2877100218507,0.0,1707.0,428.26,0.0,537.2,0,235.74771002185065,0.0,4387,1471.2522899781493
Data,6005,0.0,0.0,1859.1937246647499,0.0,1707.0,448.39,0.0,537.2,0,92.78372466474958,0.0,4459,1614.21627533525
Data,6006,0.0,0.0,1730.7030142167466,0.0,1756.9569857832532,457.34,0.0,534.0,0,0,0.0,4479,1756.9569857832535
Data,6007,0.0,0.0,1504.2312922963024,0.0,1983.2387077036979,561.33,0.0,537.2,0,0,0.0,4586,1983.2387077036974
Data,6008,0.0,0.0,904.4551241715336,0.0,2407.0,636.25,0.0,534.0,0,-52.29487582846639,0.0,4534,2459.2948758284665
Data,6009,-0.0,0.0,653.1287580150217,0.0,2407.0,583.69,0.0,540.4,0,-591.7812419849786,0.0,4776,2998.7812419849784
Data,6010,-0.0,0.0,583.3675719649266,0.0,2407.0,517.72,0.0,540.4,0,-612.5124280350735,0.0,4661,3019.5124280350733
Data,6011,-0.0,0.0,854.7850490951438,0.0,2407.0,516.6,0.0,189.4,0,-534.2149509048567,0.0,4502,2941.2149509048563
Data,6012,-0.0,0.0,461.5134226033075,0.0,2407.0,493.12,0.0,540.4,0,-535.9665773966925,0.0,4438,2942.9665773966926
Data,6013,-0.0,0.0,260.96822954265497,0.0,2407.0,446.15,0.0,189.4,0,-974.4817704573449,0.0,4278,3381.481770457345
Data,6014,-0.0,0.0,1017.8479678705573,0.0,2407.0,466.28,0.0,319.035,0,-319.83703212944306,0.0,4530,2726.837032129443
Data,6015,-0.0,0.0,1220.9010238670721,0.0,2407.0,476.35,0.0,189.4,0,-364.34897613292827,0.0,4658,2771.348976132928
Data,6016,-0.0,0.0,1453.257262473304,0.0,2407.0,634.01,0.0,189.4,0,-172.332737526696,0.0,4856,2579.332737526696
Data,6017,-0.0,0.0,1758.6866298202817,0.0,2245.6133701797185,750.3,0.0,189.4,0,0,0.0,4944,2245.6133701797185
Data,6018,-0.0,0.0,2059.0785572564346,0.0,1834.571442743566,765.95,0.0,189.4,0,0,0.0,4849,1834.5714427435653
Data,6019,0.0,0.0,2095.8948022567342,0.0,1707.0,800.62,0.0,189.4,0,76.91480225673388,0.0,4716,1630.0851977432658
Data,6020,0.0,0.0,1957.0218041056346,0.0,1707.0,778.25,0.0,189.4,0,38.67180410563412,0.0,4593,1668.3281958943653
Data,6021,0.0,0.0,1996.3234464871343,0.0,1707.0,666.44,0.0,540.4,0,458.16344648713437,0.0,4452,1248.8365535128655
Data,6022,0.0,0.0,1861.2352410161343,0.0,1707.0,534.49,0.0,540.4,0,402.1252410161345,0.0,4241,1304.8747589838658
Data,6023,0.0,0.0,1662.132454810734,0.0,1707.0,474.11,0.0,540.4,0,379.6424548107344,0.0,4004,1327.357545189266
Data,6024,0.0,0.0,1253.142081141334,0.0,1820.947918858666,449.51,0.0,540.4,0,0,0.0,4064,1820.947918858666
Data,6025,0.0,0.0,1947.9513103236345,0.0,1707.0,404.78,0.0,537.2,0,646.9313103236342,0.0,3950,1060.0686896763655
Data,6026,0.0,0.0,1805.156844917734,0.0,1707.0,399.19,0.0,537.2,0,408.5468449177339,0.0,4040,1298.453155082266
Data,6027,0.0,0.0,1776.5150271705343,0.0,1707.0,422.67,0.0,537.2,0,253.38502717053427,0.0,4190,1453.6149728294656
Data,6028,0.0,0.0,1982.5494758883342,0.0,1707.0,413.73,0.0,534.0,0,301.27947588833433,0.0,4336,1405.7205241116658
Data,6029,0.0,0.0,1991.0907105872343,0.0,1707.0,448.39,0.0,537.2,0,187.68071058723388,0.0,4496,1519.3192894127656
Data,6030,0.0,0.0,1977.222911266334,0.0,1707.0,585.93,0.0,537.2,0,347.35291126633376,0.0,4460,1359.647088733666
Data,6031,0.0,0.0,1860.4734576084443,0.0,1707.0,734.65,0.0,537.2,0,296.3234576084441,0.0,4543,1410.6765423915558
Data,6032,0.0,0.0,1729.2525691849983,0.0,1951.6474308150023,725.7,0.0,189.4,0,0,0.0,4596,1951.6474308150016
Data,6033,-0.0,0.0,1716.1910294024594,0.0,2407.0,660.85,0.0,38.4,0,-19.558970597540615,0.0,4842,2426.5589705975403
Data,6034,-0.0,0.0,1686.6284771805172,0.0,2407.0,589.28,0.0,38.4,0,-92.69152281948351,0.0,4814,2499.691522819483
Data,6035,-0.0,0.0,1488.1145087271207,0.0,2407.0,499.83,0.0,38.4,0,-174.65549127287971,0.0,4608,2581.6554912728793
Data,6036,-0.0,0.0,1503.4650011866481,0.0,2407.0,469.64,0.0,38.4,0,-149.4949988133524,0.0,4568,2556.4949988133517
Data,6037,-0.0,0.0,1590.7574804365136,0.0,2365.5825195634866,428.26,0.0,38.4,0,0,0.0,4423,2365.5825195634866
Data,6038,-0.0,0.0,1719.817770876946,0.0,2407.0,441.68,0.0,35.2,0,-91.30222912305379,0.0,4695,2498.302229123054
Data,6039,-0.0,0.0,2169.458930990556,0.0,2104.3110690094445,499.83,0.0,38.4,0,0,0.0,4812,2104.311069009444
Data,6040,-0.0,0.0,2255.257911160334,0.0,1961.662088839666,687.68,0.0,38.4,0,0,0.0,4943,1961.662088839666
Data,6041,-0.0,0.0,1767.5686328158345,0.0,2407.0,781.61,0.0,38.4,0,-82.42136718416634,0.0,5077,2489.4213671841653
Data,6042,-0.0,0.0,2280.788593605634,0.0,1908.0314063943665,773.78,0.0,38.4,0,0,0.0,5001,1908.0314063943658
Data,6043,-0.0,0.0,2278.7665450936342,0.0,1707.0,777.14,0.0,186.2,0,15.106545093633827,0.0,4934,1691.8934549063658
Data,6044,0.0,0.0,2159.343883312334,0.0,1707.0,751.42,0.0,189.4,0,26.163883312333724,0.0,4781,1680.836116687666
Data,6045,0.0,0.0,2225.225393740435,0.0,1707.0,699.98,0.0,189.4,0,199.60539374043435,0.0,4622,1507.394606259565
Data,6046,0.0,0.0,2130.3857103374344,0.0,1707.0,535.61,0.0,189.4,0,148.39571033743402,0.0,4414,1558.6042896625656
Data,6047,0.0,0.0,2039.1162400847343,0.0,1707.0,447.27,0.0,189.4,0,292.78624008473446,0.0,4090,1414.2137599152657
Data,6048,0.0,0.0,1947.1178245986343,0.0,1707.0,429.38,0.0,186.2,0,154.69782459863416,0.0,4115,1552.3021754013657
Data,6049,0.0,0.0,1876.9028409108341,0.0,1707.0,402.55,0.0,186.2,0,158.65284091083424,0.0,4014,1548.3471590891659
Data,6050,0.0,0.0,1542.9846281805344,0.0,1995.8553718194657,415.96,0.0,186.2,0,0,0.0,4141,1995.8553718194657
Data,6051,0.0,0.0,1872.3350474487506,0.0,1707.0,465.16,0.0,537.2,0,263.6950474487503,0.0,4318,1443.3049525512492
Data,6052,0.0,0.0,1554.3514166702219,0.0,1895.888583329778,489.76,0.0,534.0,0,0,0.0,4474,1895.8885833297782
Data,6053,0.0,0.0,2385.164156386514,0.0,1707.0,495.35,0.0,537.2,0,553.714156386514,0.0,4571,1153.2858436134857
Data,6054,0.0,0.0,2130.5590439548437,0.0,1707.0,599.35,0.0,537.2,0,413.10904395484346,0.0,4561,1293.8909560451561
Data,6055,0.0,0.0,1982.1437513565897,0.0,1707.0,676.5,0.0,534.0,0,269.64375135658986,0.0,4630,1437.3562486434103
Data,6056,0.0,0.0,1772.2853289948175,0.0,1707.0,670.91,0.0,540.4,0,78.59532899481756,0.0,4612,1628.4046710051825
Data,6057,-0.0,0.0,2016.7587974145122,0.0,1707.0,553.5,0.0,540.4,0,87.6587974145119,0.0,4730,1619.3412025854877
Data,6058,-0.0,0.0,2126.093875036094,0.0,1707.0,487.53,0.0,537.2,0,180.82387503609345,0.0,4677,1526.1761249639062
Data,6059,-0.0,0.0,1996.1188767468418,0.0,1707.0,442.8,0.0,540.4,0,150.31887674684205,0.0,4536,1556.6811232531581
Data,6060,-0.0,0.0,1697.8877767958668,0.0,1840.7622232041333,396.95,0.0,540.4,0,0,0.0,4476,1840.7622232041333
Data,6061,-0.0,0.0,1466.563152310789,0.0,1912.9268476892107,351.11,0.0,540.4,0,0,0.0,4271,1912.926847689211
Data,6062,-0.0,0.0,1851.3919187487527,0.0,1773.6280812512473,355.58,0.0,540.4,0,0,0.0,4521,1773.6280812512473
Data,6063,-0.0,0.0,1857.1390274278835,0.0,1880.4409725721166,407.02,0.0,540.4,0,0,0.0,4685,1880.4409725721166
Data,6064,-0.0,0.0,1642.2611302676191,0.0,2055.2588697323813,589.28,0.0,537.2,0,0,0.0,4824,2055.258869732381
Data,6065,-0.0,0.0,1953.98301188417,0.0,1743.6269881158305,718.99,0.0,540.4,0,0,0.0,4957,1743.62698811583
Data,6066,0.0,0.0,1997.466633082339,0.0,1707.0,781.61,0.0,540.4,0,129.4766330823388,0.0,4897,1577.523366917661
Data,6067,0.0,0.0,2201.165483570051,0.0,1707.0,803.97,0.0,540.4,0,479.5354835700509,0.0,4773,1227.464516429949
Data,6068,0.0,0.0,2457.8847812113677,0.0,1707.0,780.49,0.0,540.4,0,879.7747812113681,0.0,4606,827.2252187886323
Data,6069,0.0,0.0,2511.172886440164,0.0,1707.0,710.05,0.0,537.2,0,1035.4228864401637,0.0,4430,671.5771135598361
Data,6070,0.0,0.0,2072.51685834615,0.0,1707.0,604.94,0.0,540.4,0,684.8568583461498,0.0,4240,1022.14314165385
Data,6071,0.0,0.0,2226.0010805203788,0.0,1707.0,485.29,0.0,540.4,0,951.6910805203789,0.0,4007,755.3089194796212
Data,6072,0.0,0.0,2155.076661944378,0.0,1707.0,423.79,0.0,540.4,0,826.266661944378,0.0,4000,880.733338055622
Data,6073,0.0,0.0,2227.3269953112676,0.0,1707.0,400.31,0.0,537.2,0,953.8369953112673,0.0,3918,753.1630046887324
Data,6074,0.0,0.0,2258.3718195753804,0.0,1707.0,409.25,0.0,534.0,0,873.6218195753805,0.0,4035,833.3781804246196
Data,6075,0.0,0.0,2454.2786601419098,0.0,1707.0,459.57,0.0,537.2,0,965.0486601419099,0.0,4193,741.9513398580903
Data,6076,0.0,0.0,2252.3046002300557,0.0,1707.0,504.3,0.0,537.2,0,679.8046002300557,0.0,4321,1027.1953997699443
Data,6077,0.0,0.0,1629.491769050548,0.0,1718.258230949452,513.25,0.0,534.0,0,0,0.0,4395,1718.258230949452
Data,6078,0.0,0.0,1045.829985719157,0.0,2165.8600142808427,597.11,0.0,537.2,0,0,0.0,4346,2165.8600142808427
Data,6079,0.0,0.0,810.9721395039816,0.0,2304.517860496019,646.31,0.0,537.2,0,0,0.0,4299,2304.5178604960183
Data,6080,0.0,0.0,831.0168709140947,0.0,2164.1131290859053,619.47,0.0,540.4,0,0,0.0,4155,2164.1131290859053
Data,6081,-0.0,0.0,832.1562310789019,0.0,2204.9737689210983,545.67,0.0,537.2,0,0,0.0,4120,2204.973768921098
Data,6082,-0.0,0.0,674.6988612375457,0.0,2407.0,453.98,0.0,189.4,0,-312.9211387624542,0.0,4038,2719.921138762454
Data,6083,-0.0,0.0,1409.4458030780218,0.0,1951.254196921978,405.9,0.0,189.4,0,0,0.0,3956,1951.2541969219783
Data,6084,-0.0,0.0,1324.4377008603954,0.0,2046.6922991396048,373.47,0.0,189.4,0,0,0.0,3934,2046.6922991396045
Data,6085,-0.0,0.0,1334.8768579556308,0.0,1995.5331420443695,325.39,0.0,186.2,0,0,0.0,3842,1995.5331420443692
Data,6086,-0.0,0.0,1383.6348973262361,0.0,1707.0,326.51,0.0,540.4,0,103.54489732623605,0.0,3854,1603.455102673764
Data,6087,-0.0,0.0,751.6566380325512,0.0,2327.7733619674486,361.17,0.0,540.4,0,0,0.0,3981,2327.7733619674486
Data,6088,-0.0,0.0,781.0273635353041,0.0,2369.142636464696,524.43,0.0,540.4,0,0,0.0,4215,2369.142636464696
Data,6089,-0.0,0.0,1573.7394528583,0.0,1707.0,668.67,0.0,537.2,0,74.60945285829985,0.0,4412,1632.3905471417002
Data,6090,-0.0,0.0,1821.2032403906003,0.0,1707.0,760.36,0.0,540.4,0,326.9632403906005,0.0,4502,1380.0367596093997
Data,6091,0.0,0.0,2008.8713501974003,0.0,1707.0,759.25,0.0,540.4,0,561.5213501974004,0.0,4454,1145.4786498025996
Data,6092,0.0,0.0,2112.4464096706506,0.0,1707.0,758.13,0.0,540.4,0,762.9764096706508,0.0,4355,944.0235903293494
Data,6093,0.0,0.0,2155.3250113908543,0.0,1707.0,636.25,0.0,537.2,0,798.775011390854,0.0,4237,908.2249886091456
Data,6094,0.0,0.0,2127.9140549823,0.0,1707.0,527.78,0.0,540.4,0,824.0940549823003,0.0,4079,882.9059450177
Data,6095,0.0,0.0,2232.6388292172232,0.0,1707.0,448.39,0.0,540.4,0,1055.428829217223,0.0,3873,651.5711707827768
Data,6096,0.0,0.0,2397.522427205163,0.0,1707.0,393.6,0.0,537.2,0,1049.3224272051627,0.0,3986,657.6775727948371
Data,6097,0.0,0.0,2318.0134709715844,0.0,1707.0,395.84,0.0,537.2,0,1020.0534709715843,0.0,3938,686.9465290284156
Data,6098,0.0,0.0,2225.5986092142566,0.0,1707.0,464.05,0.0,537.2,0,900.8486092142566,0.0,4033,806.1513907857434
Data,6099,0.0,0.0,2257.7952325621472,0.0,1707.0,488.65,0.0,534.0,0,835.4452325621471,0.0,4152,871.5547674378528
Data,6100,0.0,0.0,2143.4622027716487,0.0,1707.0,527.78,0.0,537.2,0,617.4422027716483,0.0,4298,1089.5577972283513
Data,6101,0.0,0.0,2045.5501798833316,0.0,1707.0,572.51,0.0,537.2,0,507.2601798833315,0.0,4355,1199.7398201166684
Data,6102,0.0,0.0,1702.7823208130883,0.0,1707.0,574.75,0.0,534.0,0,229.5323208130882,0.0,4289,1477.4676791869117
Data,6103,0.0,0.0,1406.7542305380368,0.0,1707.0,566.92,0.0,537.2,0,40.87423053803683,0.0,4177,1666.125769461963
Data,6104,0.0,0.0,988.8571998749459,0.0,1960.8328001250543,547.91,0.0,540.4,0,0,0.0,4038,1960.8328001250543
Data,6105,-0.0,0.0,885.2834708561109,0.0,2049.9165291438894,516.6,0.0,537.2,0,0,0.0,3989,2049.916529143889
Data,6106,-0.0,0.0,703.7298800994147,0.0,2235.6201199005855,409.25,0.0,540.4,0,0,0.0,3889,2235.6201199005855
Data,6107,-0.0,0.0,262.0661295109211,0.0,2407.0,382.42,0.0,537.2,0,-292.313870489079,0.0,3881,2699.313870489079
Data,6108,-0.0,0.0,936.7768542592587,0.0,2033.003145740741,357.82,0.0,540.4,0,0,0.0,3868,2033.0031457407413
Data,6109,-0.0,0.0,1005.9671937523511,0.0,2026.0728062476487,317.56,0.0,540.4,0,0,0.0,3890,2026.072806247649
Data,6110,-0.0,0.0,1080.0736641374713,0.0,2212.0663358625284,354.46,0.0,189.4,0,0,0.0,3836,2212.066335862529
Data,6111,-0.0,0.0,1149.5747847492778,0.0,1746.9252152507222,381.3,0.0,537.2,0,0,0.0,3815,1746.9252152507222
Data,6112,-0.0,0.0,1259.3184737436636,0.0,1707.0,525.55,0.0,540.4,0,10.26847374366346,0.0,4022,1696.7315262563366
Data,6113,-0.0,0.0,1432.9184532308786,0.0,1707.0,685.45,0.0,540.4,0,96.76845323087908,0.0,4269,1610.2315467691215
Data,6114,-0.0,0.0,2155.454662692,0.0,1707.0,739.12,0.0,537.2,0,621.7746626919998,0.0,4517,1085.2253373079998
Data,6115,-0.0,0.0,1351.7156498942002,0.0,1933.3543501057995,733.53,0.0,540.4,0,0,0.0,4559,1933.3543501057998
Data,6116,-0.0,0.0,2002.3899939480004,0.0,1707.0,735.76,0.0,540.4,0,509.5499939480003,0.0,4476,1197.4500060519995
Data,6117,-0.0,0.0,1327.8116695554002,0.0,1909.2283304445998,612.76,0.0,537.2,0,0,0.0,4387,1909.2283304445998
Data,6118,-0.0,0.0,1076.2296371253985,0.0,2196.200362874601,484.17,0.0,540.4,0,0,0.0,4297,2196.2003628746015
Data,6119,0.0,0.0,1150.161097920223,0.0,1976.4789020797768,415.96,0.0,540.4,0,0,0.0,4083,1976.478902079777
Data,6120,0.0,0.0,1110.948697404038,0.0,2097.1913025959625,403.66,0.0,537.2,0,0,0.0,4149,2097.191302595962
Data,6121,0.0,0.0,1114.6214956589588,0.0,2050.3485043410415,376.83,0.0,537.2,0,0,0.0,4079,2050.348504341041
Data,6122,0.0,0.0,1122.9394878331104,0.0,2186.82051216689,371.24,0.0,534.0,0,0,0.0,4215,2186.82051216689
Data,6123,0.0,0.0,1096.8343243749853,0.0,2354.255675625015,375.71,0.0,537.2,0,0,0.0,4364,2354.2556756250146
Data,6124,0.0,0.0,1090.2964772272,0.0,2407.0,404.78,0.0,537.2,0,-41.72352277280038,0.0,4481,2448.7235227727997
Data,6125,0.0,0.0,1121.8427878696002,0.0,2407.0,464.05,0.0,534.0,0,-50.1072121303996,0.0,4577,2457.1072121303996
Data,6126,0.0,0.0,1138.1932724462001,0.0,2406.2367275538,533.37,0.0,537.2,0,0,0.0,4615,2406.2367275538
Data,6127,0.0,0.0,958.8441357049002,0.0,2407.0,593.75,0.0,537.2,0,-209.2058642951,0.0,4706,2616.2058642950997
Data,6128,0.0,0.0,654.3220787729001,0.0,2407.0,589.28,0.0,537.2,0,-518.1979212271003,0.0,4706,2925.1979212271
Data,6129,-0.0,0.0,488.9468297512,0.0,2407.0,582.57,0.0,540.4,0,-780.0831702488001,0.0,4799,3187.0831702488
Data,6130,-0.0,0.0,604.2081156758711,0.0,2407.0,528.9,0.0,540.4,0,-642.4918843241292,0.0,4723,3049.491884324129
Data,6131,-0.0,0.0,578.9822863992848,0.0,2407.0,445.04,0.0,537.2,0,-542.7777136007154,0.0,4511,2949.7777136007153
Data,6132,-0.0,0.0,317.7841667205894,0.0,2407.0,433.85,0.0,540.4,0,-604.9658332794106,0.0,4304,3011.9658332794106
Data,6133,-0.0,0.0,380.8999181297189,0.0,2407.0,369.0,0.0,537.2,0,-331.90008187028127,0.0,4026,2738.900081870281
Data,6134,-0.0,0.0,487.1725106259042,0.0,2407.0,388.01,0.0,540.4,0,-367.41748937409596,0.0,4190,2774.417489374096
Data,6135,-0.0,0.0,371.1435419291906,0.0,2407.0,445.04,0.0,540.4,0,-630.4164580708094,0.0,4394,3037.4164580708093
Data,6136,-0.0,0.0,589.5596467395261,0.0,2407.0,574.75,0.0,537.2,0,-611.4903532604741,0.0,4720,3018.490353260474
Data,6137,-0.0,0.0,1027.720162771858,0.0,2407.0,701.1,0.0,540.4,0,-252.77983722814247,0.0,4929,2659.7798372281422
Data,6138,-0.0,0.0,1823.685964813474,0.0,1996.0348862434182,716.75,0.0,540.4,0,205.87085105689187,0.0,4871,1790.1640351865262
Data,6139,0.0,0.0,1730.1664302746076,0.0,2407.0,727.94,0.0,537.2,0,648.3064302746075,0.0,4754,1758.6935697253923
Data,6140,0.0,0.0,1768.040163610642,0.0,1707.0,729.05,0.0,540.4,0,140.49016361064167,0.0,4604,1566.509836389358
Data,6141,0.0,0.0,1701.124499379053,0.0,2407.0,613.88,0.0,540.4,0,837.4044993790533,0.0,4425,1569.595500620947
Data,6142,0.0,0.0,1814.0857684602383,0.0,2407.0,522.19,0.0,537.2,0,1072.4757684602382,0.0,4208,1334.5242315397616
Data,6143,0.0,0.0,1841.0501089309341,0.0,2407.0,418.2,0.0,540.4,0,1252.650108930934,0.0,3954,1154.349891069066
Data,6144,0.0,0.0,1796.6391825922176,0.0,2407.0,404.78,0.0,537.2,0,1113.6191825922172,0.0,4032,1293.3808174077824
Data,6145,0.0,0.0,1613.79653447131,0.0,2407.0,410.37,0.0,537.2,0,1005.3665344713096,0.0,3963,1401.63346552869
Data,6146,0.0,0.0,1236.923051438528,0.0,2407.0,436.09,0.0,294.6944,0,292.70745143852815,0.0,4082,2114.292548561472
Data,6147,0.0,0.0,959.2676231813672,0.0,2407.0,441.68,0.0,35.2,0,-381.85237681863316,0.0,4225,2788.852376818633
Data,6148,0.0,0.0,1154.432779894447,0.0,2407.0,441.68,0.0,32.0,0,-338.887220105553,0.0,4374,2745.887220105553
Data,6149,0.0,0.0,851.8463872307269,0.0,2407.0,457.34,0.0,35.2,0,-691.6136127692731,0.0,4443,3098.613612769273
Data,6150,0.0,0.0,647.7644922212811,0.0,2407.0,453.98,0.0,32.0,0,-872.2555077787189,0.0,4413,3279.2555077787188
Data,6151,0.0,0.0,1134.917833061536,0.0,2407.0,450.63,0.0,35.2,0,-410.2521669384642,0.0,4438,2817.252166938464
Data,6152,0.0,0.0,1036.749757492449,0.0,2407.0,504.3,0.0,35.2,0,-461.7502425075511,0.0,4445,2868.750242507551
Data,6153,-0.0,0.0,938.4713724900001,0.0,2407.0,535.61,0.0,32.0,0,-875.9186275100002,0.0,4789,3282.91862751
Data,6154,-0.0,0.0,848.4858653481,0.0,2407.0,533.37,0.0,35.2,0,-1061.9441346519002,0.0,4886,3468.9441346519
Data,6155,-0.0,0.0,677.6263602471802,0.0,2407.0,504.3,0.0,189.4,0,-1115.67363975282,0.0,4894,3522.67363975282
Data,6156,-0.0,0.0,827.1923003192627,0.0,2407.0,424.91,0.0,186.2,0,-1018.6976996807376,0.0,4864,3425.697699680737
Data,6157,-0.0,0.0,835.9577602755868,0.0,2407.0,355.58,0.0,189.4,0,-755.0622397244136,0.0,4543,3162.0622397244133
Data,6158,-0.0,0.0,871.2793587810623,0.0,2407.0,432.74,0.0,189.4,0,-646.5806412189382,0.0,4547,3053.5806412189377
Data,6159,-0.0,0.0,162.5001739286558,0.0,2407.0,479.7,0.0,186.2,0,-1246.5998260713445,0.0,4482,3653.599826071344
Data,6160,-0.0,0.0,389.0946400699911,0.0,2407.0,554.62,0.0,189.4,0,-999.8853599300095,0.0,4540,3406.8853599300087
Data,6161,-0.0,0.0,740.1146491534284,0.0,2407.0,698.86,0.0,189.4,0,-683.6253508465718,0.0,4719,3090.6253508465716
Data,6162,-0.0,0.0,1401.3373494682376,0.0,2407.0,713.4,0.0,186.2,0,42.93734946823752,0.0,4665,2364.0626505317623
Data,6163,0.0,0.0,1441.9103754479409,0.0,2407.0,715.64,0.0,189.4,0,225.95037544794036,0.0,4528,2181.049624552059
Data,6164,0.0,0.0,1551.1882840699343,0.0,2407.0,689.92,0.0,189.4,0,435.5082840699339,0.0,4402,1971.4917159300658
Data,6165,0.0,0.0,1280.1469766320342,0.0,2407.0,617.24,0.0,186.2,0,241.58697663203395,0.0,4249,2165.4130233679657
Data,6166,0.0,0.0,1925.705663407934,0.0,2407.0,500.95,0.0,189.4,0,963.055663407934,0.0,4060,1443.944336592066
Data,6167,0.0,0.0,1943.8633193070345,0.0,2407.0,434.97,0.0,189.4,0,1104.2333193070344,0.0,3871,1302.7666806929653
Data,6168,0.0,0.0,2002.7837106188344,0.0,2407.0,443.92,0.0,186.2,0,1046.9037106188343,0.0,3993,1360.0962893811657
Data,6169,0.0,0.0,2041.101822064334,0.0,2407.0,421.55,0.0,186.2,0,1097.851822064334,0.0,3958,1309.148177935666
Data,6170,0.0,0.0,2053.5994708015414,0.0,2407.0,421.55,0.0,183.0,0,948.1494708015416,0.0,4117,1458.8505291984586
Data,6171,0.0,0.0,2028.1864641512054,0.0,2407.0,423.79,0.0,186.2,0,811.1764641512052,0.0,4234,1595.8235358487946
Data,6172,0.0,0.0,1891.0181320726688,0.0,2407.0,438.33,0.0,183.0,0,570.3481320726687,0.0,4349,1836.6518679273313
Data,6173,0.0,0.0,1899.620254134943,0.0,2407.0,466.28,0.0,186.2,0,535.1002541349427,0.0,4424,1871.899745865057
Data,6174,0.0,0.0,1895.8039249573083,0.0,2407.0,480.82,0.0,183.0,0,567.6239249573084,0.0,4399,1839.3760750426918
Data,6175,0.0,0.0,1855.282724764322,0.0,2407.0,492.0,0.0,189.4,0,464.6827247643217,0.0,4479,1942.317275235678
Data,6176,0.0,0.0,1541.6655574401832,0.0,2407.0,472.99,0.0,189.4,0,113.0555574401827,0.0,4498,2293.9444425598167
Data,6177,-0.0,0.0,1127.360986583311,0.0,2407.0,449.51,0.0,186.2,0,-702.929013416689,0.0,4873,3109.929013416689
Data,6178,-0.0,0.0,1084.337584154923,0.0,2407.0,421.55,0.0,189.4,0,-1074.7124158450772,0.0,5177,3481.712415845077
Data,6179,-0.0,0.0,1013.5462456545674,0.0,2407.0,389.13,0.0,38.4,0,-1283.9237543454328,0.0,5132,3690.9237543454324
Data,6180,-0.0,0.0,1044.0292629384808,0.0,2407.0,380.18,0.0,38.4,0,-1271.3907370615193,0.0,5141,3678.3907370615193
Data,6181,-0.0,0.0,1100.483793541602,0.0,2407.0,345.52,0.0,38.4,0,-1158.596206458398,0.0,5050,3565.5962064583982
Data,6182,-0.0,0.0,1174.0323491996949,0.0,2407.0,362.29,0.0,38.4,0,-1182.2776508003055,0.0,5164,3589.2776508003053
Data,6183,-0.0,0.0,1341.4327591397578,0.0,2407.0,385.77,0.0,38.4,0,-989.397240860242,0.0,5162,3396.397240860242
Data,6184,-0.0,0.0,1530.318596952463,0.0,2407.0,496.47,0.0,38.4,0,-784.8114030475372,0.0,5257,3191.811403047537
Data,6185,-0.0,0.0,1826.072487394099,0.0,2407.0,645.19,0.0,38.4,0,-355.3375126059009,0.0,5272,2762.337512605901
Data,6186,-0.0,0.0,2109.4387115315826,0.0,2407.0,674.26,0.0,38.4,0,58.09871153158269,0.0,5171,2348.9012884684175
Data,6187,-0.0,0.0,2127.2976273716017,0.0,2407.0,685.45,0.0,38.4,0,148.1476273716012,0.0,5110,2258.8523726283984
Data,6188,-0.0,0.0,2110.406190578574,0.0,2407.0,651.9,0.0,38.4,0,305.7061905785732,0.0,4902,2101.293809421426
Data,6189,0.0,0.0,2070.9911734373445,0.0,2407.0,552.38,0.0,38.4,0,309.77117343734426,0.0,4759,2097.2288265626553
Data,6190,0.0,0.0,2028.9879215948592,0.0,2407.0,468.52,0.0,41.6,0,286.10792159486004,0.0,4660,2120.8920784051406
Data,6191,0.0,0.0,1989.4847068672477,0.0,2407.0,388.01,0.0,38.4,0,415.89470686724763,0.0,4407,1991.1052931327522
Data,6192,0.0,0.0,1992.7144047585389,0.0,2407.0,382.42,0.0,38.4,0,345.5344047585387,0.0,4475,2061.465595241461
Data,6193,0.0,0.0,2011.248677600607,0.0,2407.0,371.24,0.0,35.2,0,437.68867760060647,0.0,4387,1969.311322399393
Data,6194,0.0,0.0,2005.8814487762697,0.0,2407.0,355.58,0.0,35.2,0,308.6614487762696,0.0,4495,2098.33855122373
Data,6195,0.0,0.0,2010.0250887309464,0.0,2407.0,353.35,0.0,35.2,0,152.57508873094662,0.0,4653,2254.4249112690536
Data,6196,0.0,0.0,1963.665630795116,0.0,2407.0,381.3,0.0,35.2,0,49.16563079511597,0.0,4738,2357.834369204884
Data,6197,0.0,0.0,1956.7869029333167,0.0,2407.0,421.55,0.0,32.0,0,-0.663097066683191,0.0,4818,2407.6630970666833
Data,6198,0.0,0.0,1962.095687939153,0.0,2407.0,462.93,0.0,35.2,0,11.225687939153225,0.0,4856,2395.774312060847
Data,6199,0.0,0.0,1861.024763073972,0.0,2407.0,428.26,0.0,38.4,0,-194.31523692602806,0.0,4929,2601.315236926028
Data,6200,0.0,0.0,1401.6308981771062,0.0,2407.0,417.08,0.0,38.4,0,-571.8891018228942,0.0,4836,2978.8891018228937
Data,6201,-0.0,0.0,1090.1407664716003,0.0,2407.0,394.72,0.0,38.4,0,-1120.7392335283998,0.0,5051,3527.7392335284
Data,6202,-0.0,0.0,1023.9322336464002,0.0,2407.0,370.12,0.0,38.4,0,-1251.5477663536003,0.0,5091,3658.5477663536
Data,6203,-0.0,0.0,1008.7907129643289,0.0,2407.0,334.34,0.0,38.4,0,-1217.4692870356712,0.0,5006,3624.469287035671
Data,6204,-0.0,0.0,1024.994046227583,0.0,2407.0,329.86,0.0,38.4,0,-1172.7459537724176,0.0,4973,3579.7459537724167
Data,6205,-0.0,0.0,1060.1750197974961,0.0,2407.0,342.16,0.0,38.4,0,-891.2649802025045,0.0,4739,3298.264980202504
Data,6206,-0.0,0.0,1155.1372984646603,0.0,2407.0,398.07,0.0,35.2,0,-844.5927015353401,0.0,4840,3251.5927015353395
Data,6207,-0.0,0.0,1230.4717392785558,0.0,2407.0,451.75,0.0,38.4,0,-856.3782607214446,0.0,4984,3263.3782607214443
Data,6208,-0.0,0.0,1267.898315430389,0.0,2407.0,587.05,0.0,38.4,0,-860.6516845696112,0.0,5161,3267.651684569611
Data,6209,-0.0,0.0,1414.8803788880145,0.0,2407.0,679.85,0.0,38.4,0,-700.8696211119856,0.0,5241,3107.8696211119855
Data,6210,0.0,0.0,2105.9466369795923,0.0,2407.0,720.11,0.0,38.4,0,93.45663697959155,0.0,5178,2313.5433630204075
Data,6211,0.0,0.0,2083.4405513525703,0.0,2407.0,733.53,0.0,38.4,0,164.37055135256975,0.0,5098,2242.62944864743
Data,6212,0.0,0.0,1931.886774096177,0.0,2407.0,763.72,0.0,35.2,0,204.80677409617707,0.0,4933,2202.193225903823
Data,6213,0.0,0.0,1813.0550185705583,0.0,2407.0,640.72,0.0,38.4,0,72.17501857055811,0.0,4827,2334.824981429442
Data,6214,0.0,0.0,1735.0418955564342,0.0,2407.0,504.3,0.0,38.4,0,-47.25810444356614,0.0,4732,2454.258104443566
Data,6215,0.0,0.0,1838.2275637640341,0.0,2407.0,459.57,0.0,38.4,0,261.19756376403404,0.0,4482,2145.802436235966
Data,6216,0.0,0.0,1902.535143048148,0.0,2407.0,451.75,0.0,35.2,0,306.4851430481479,0.0,4490,2100.514856951852
Data,6217,0.0,0.0,1881.5012049613515,0.0,2407.0,466.28,0.0,35.2,0,354.98120496135107,0.0,4435,2052.0187950386485
Data,6218,0.0,0.0,1770.5393870226478,0.0,2407.0,457.34,0.0,35.2,0,152.07938702264786,0.0,4518,2254.920612977352
Data,6219,0.0,0.0,1646.1548416513626,0.0,2407.0,439.45,0.0,35.2,0,-120.19515834863782,0.0,4648,2527.1951583486375
Data,6220,0.0,0.0,1640.5983749301547,0.0,2407.0,468.52,0.0,35.2,0,-214.68162506984595,0.0,4766,2621.6816250698453
Data,6221,0.0,0.0,1564.7169137188457,0.0,2407.0,474.11,0.0,32.0,0,-384.17308628115455,0.0,4862,2791.173086281154
Data,6222,0.0,0.0,1456.4366247550151,0.0,2407.0,440.56,0.0,35.2,0,-527.8033752449846,0.0,4867,2934.8033752449846
Data,6223,0.0,0.0,1302.7352330064314,0.0,2407.0,477.46,0.0,38.4,0,-748.4047669935688,0.0,4974,3155.4047669935685
Data,6224,0.0,0.0,988.906375962017,0.0,2407.0,457.34,0.0,38.4,0,-1063.353624037983,0.0,4955,3470.353624037983
Data,6225,-0.0,0.0,818.5722648789001,0.0,2407.0,430.5,0.0,38.4,0,-1394.5277351211002,0.0,5089,3801.5277351211
Data,6226,-0.0,0.0,805.0952634921001,0.0,2407.0,379.06,0.0,38.4,0,-1526.4447365079,0.0,5156,3933.4447365079
Data,6227,-0.0,0.0,811.3088435609176,0.0,2407.0,363.41,0.0,35.2,0,-1391.0811564390826,0.0,5008,3798.0811564390824
Data,6228,-0.0,0.0,843.8098364639686,0.0,2407.0,361.17,0.0,38.4,0,-1258.6201635360317,0.0,4909,3665.620163536031
Data,6229,-0.0,0.0,868.2788204014535,0.0,2407.0,356.7,0.0,38.4,0,-972.6211795985471,0.0,4643,3379.6211795985464
Data,6230,-0.0,0.0,954.2116479394389,0.0,2407.0,380.18,0.0,38.4,0,-984.2083520605612,0.0,4764,3391.208352060561
Data,6231,-0.0,0.0,1054.3508452920003,0.0,2407.0,446.15,0.0,35.2,0,-939.2991547080003,0.0,4882,3346.2991547079996
Data,6232,-0.0,0.0,1147.2734224504247,0.0,2407.0,575.86,0.0,38.4,0,-920.4665775495761,0.0,5089,3327.466577549575
Data,6233,-0.0,0.0,1294.6497090178768,0.0,2407.0,755.89,0.0,38.4,0,-735.0602909821232,0.0,5231,3142.060290982123
Data,6234,0.0,0.0,1939.200968031501,0.0,2407.0,822.98,0.0,38.4,0,28.580968031500092,0.0,5179,2378.419031968499
Data,6235,0.0,0.0,1969.684804801457,0.0,2407.0,836.4,0.0,38.4,0,172.4848048014563,0.0,5079,2234.515195198543
Data,6236,0.0,0.0,2037.7526317563959,0.0,2407.0,840.87,0.0,35.2,0,395.82263175639565,0.0,4925,2011.1773682436042
Data,6237,0.0,0.0,2019.86427336904,0.0,2407.0,705.57,0.0,38.4,0,391.8342733690398,0.0,4779,2015.16572663096
Data,6238,0.0,0.0,1886.9908186257169,0.0,2407.0,513.25,0.0,38.4,0,205.64081862571652,0.0,4640,2201.3591813742833
Data,6239,0.0,0.0,1556.631132520132,0.0,2407.0,441.68,0.0,38.4,0,35.711132520131514,0.0,4408,2371.288867479868
Data,6240,0.0,0.0,1805.6271947172204,0.0,2407.0,411.49,0.0,38.4,0,225.51719471721992,0.0,4437,2181.4828052827797
Data,6241,0.0,0.0,1932.9142555326935,0.0,2407.0,429.38,0.0,32.0,0,462.29425553269357,0.0,4339,1944.7057444673064
Data,6242,0.0,0.0,1677.5070495657028,0.0,2407.0,462.93,0.0,35.2,0,175.63704956570257,0.0,4407,2231.362950434297
Data,6243,0.0,0.0,1526.7329284848001,0.0,2407.0,485.29,0.0,35.2,0,-143.77707151520008,0.0,4598,2550.7770715151996
Data,6244,0.0,0.0,1745.4494386600002,0.0,2407.0,464.05,0.0,32.0,0,-59.50056133999965,0.0,4708,2466.50056134
Data,6245,0.0,0.0,1742.8088691677137,0.0,2407.0,497.59,0.0,35.2,0,-44.4011308322862,0.0,4727,2451.401130832286
Data,6246,0.0,0.0,1714.117145212815,0.0,2399.6628547871856,530.02,0.0,35.2,0,0,0.0,4679,2399.662854787185
Data,6247,0.0,0.0,1650.8702579359738,0.0,2407.0,568.04,0.0,540.4,0,550.3102579359739,0.0,4616,1856.6897420640262
Data,6248,0.0,0.0,1436.439642405116,0.0,2407.0,468.52,0.0,537.2,0,375.15964240511585,0.0,4474,2031.840357594884
Data,6249,-0.0,0.0,682.250848061026,0.0,2407.0,433.85,0.0,540.4,0,-453.49915193897397,0.0,4517,2860.499151938974
Data,6250,-0.0,0.0,748.3873651430366,0.0,2407.0,391.36,0.0,540.4,0,-368.8526348569631,0.0,4456,2775.8526348569635
Data,6251,-0.0,0.0,1080.4182645779338,0.0,2407.0,370.12,0.0,261.9099,0,-254.5518354220667,0.0,4374,2661.5518354220662
Data,6252,-0.0,0.0,1059.2084833666224,0.0,2407.0,375.71,0.0,540.4,0,58.31848336662264,0.0,4324,2348.6815166333777
Data,6253,-0.0,0.0,1099.6179065919075,0.0,2407.0,349.99,0.0,540.4,0,211.00790659190776,0.0,4186,2195.9920934080924
Data,6254,-0.0,0.0,1016.4590017114,0.0,2407.0,393.6,0.0,537.2,0,98.25900171139972,0.0,4256,2308.7409982886
Data,6255,-0.0,0.0,788.0539731549902,0.0,2407.0,459.57,0.0,540.4,0,-120.97602684500949,0.0,4316,2527.97602684501
Data,6256,-0.0,0.0,1081.3272829302098,0.0,2407.0,544.55,0.0,537.2,0,75.07728293020978,0.0,4495,2331.9227170697905
Data,6257,-0.0,0.0,1291.27074570949,0.0,2407.0,791.67,0.0,540.4,0,361.3407457094898,0.0,4669,2045.65925429051
Data,6258,-0.0,0.0,1356.0936743593747,0.0,2407.0,861.0,0.0,537.2,0,446.29367435937445,0.0,4715,1960.7063256406252
Data,6259,-0.0,0.0,1355.2492825467846,0.0,2407.0,895.66,0.0,540.4,0,490.3092825467841,0.0,4708,1916.6907174532155
Data,6260,0.0,0.0,1478.1103866068772,0.0,2407.0,864.35,0.0,540.4,0,652.8603866068768,0.0,4637,1754.1396133931228
Data,6261,0.0,0.0,1387.346392591125,0.0,2407.0,708.93,0.0,537.2,0,462.47639259112475,0.0,4578,1944.5236074088748
Data,6262,0.0,0.0,1456.2274397592023,0.0,2407.0,609.41,0.0,540.4,0,436.03743975920224,0.0,4577,1970.9625602407978
Data,6263,0.0,0.0,1315.503971073411,0.0,2407.0,532.25,0.0,537.2,0,392.9539710734109,0.0,4399,2014.0460289265889
Data,6264,0.0,0.0,1410.8696323139263,0.0,2407.0,544.55,0.0,540.4,0,391.81963231392615,0.0,4511,2015.1803676860736
Data,6265,0.0,0.0,1295.9507153925458,0.0,2407.0,500.95,0.0,537.2,0,244.1007153925454,0.0,4497,2162.8992846074543
Data,6266,0.0,0.0,1229.0410544624017,0.0,2407.0,506.54,0.0,534.0,0,83.58105446240168,0.0,4593,2323.418945537598
Data,6267,0.0,0.0,1199.4175461269958,0.0,2407.0,543.44,0.0,537.2,0,-13.942453873004297,0.0,4701,2420.942453873004
Data,6268,0.0,0.0,1158.9250199055616,0.0,2407.0,559.09,0.0,534.0,0,-175.98498009443824,0.0,4835,2582.9849800944385
Data,6269,0.0,0.0,1147.5537609647774,0.0,2407.0,581.45,0.0,537.2,0,-155.79623903522287,0.0,4829,2562.7962390352222
Data,6270,0.0,0.0,1110.5352004648055,0.0,2407.0,598.23,0.0,537.2,0,-99.03479953519458,0.0,4752,2506.0347995351945
Data,6271,0.0,0.0,1134.676765901377,0.0,2407.0,655.25,0.0,186.2,0,-238.87323409862324,0.0,4622,2645.873234098623
Data,6272,0.0,0.0,984.5962765535633,0.0,2407.0,742.47,0.0,189.4,0,-110.5337234464368,0.0,4434,2517.533723446437
Data,6273,-0.0,0.0,785.4480096955505,0.0,2407.0,694.39,0.0,186.2,0,-375.96199030447235,0.0,4449,2782.9619903044495
Data,6274,-0.0,0.0,1250.1283253384843,0.0,2407.0,661.96,0.0,189.4,0,132.48832533848403,0.0,4376,2274.511674661516
Data,6275,-0.0,0.0,1180.7639822531512,0.0,2407.0,550.15,0.0,189.4,0,57.31398225315141,0.0,4270,2349.686017746849
Data,6276,-0.0,0.0,1109.7741281863289,0.0,2407.0,402.55,0.0,537.2,0,370.5241281863288,0.0,4086,2036.4758718136711
Data,6277,-0.0,0.0,1141.9339739874113,0.0,2407.0,381.3,0.0,38.4,0,22.633973987411586,0.0,3946,2384.366026012589
Data,6278,-0.0,0.0,1268.9919732638614,0.0,2407.0,394.72,0.0,38.4,0,141.11197326386133,0.0,3968,2265.8880267361387
Data,6279,-0.0,0.0,1440.9601859473416,0.0,2407.0,389.13,0.0,38.4,0,130.49018594734133,0.0,4145,2276.5098140526584
Data,6280,-0.0,0.0,1661.783244232098,0.0,2407.0,507.65,0.0,35.2,0,163.63324423209784,0.0,4448,2243.366755767902
Data,6281,-0.0,0.0,1999.5245461642885,0.0,2407.0,743.59,0.0,38.4,0,587.5145461642883,0.0,4601,1819.4854538357115
Data,6282,-0.0,0.0,2132.6614361914344,0.0,2407.0,802.85,0.0,38.4,0,606.9114361914338,0.0,4774,1800.0885638085656
Data,6283,-0.0,0.0,2084.2805825772343,0.0,2407.0,838.64,0.0,35.2,0,549.1205825772341,0.0,4816,1857.8794174227658
Data,6284,0.0,0.0,2080.810809361034,0.0,2407.0,714.52,0.0,38.4,0,495.7308093610337,0.0,4745,1911.269190638966
Data,6285,0.0,0.0,2080.294211918234,0.0,2407.0,553.5,0.0,38.4,0,362.1942119182337,0.0,4717,2044.805788081766
Data,6286,0.0,0.0,2039.1703030114345,0.0,2407.0,485.29,0.0,38.4,0,347.860303011434,0.0,4622,2059.1396969885654
Data,6287,0.0,0.0,2026.2065996364345,0.0,2407.0,437.21,0.0,35.2,0,462.6165996364342,0.0,4443,1944.3834003635654
Data,6288,0.0,0.0,2032.1781779474345,0.0,2407.0,446.15,0.0,38.4,0,359.7281779474341,0.0,4564,2047.2718220525655
Data,6289,0.0,0.0,2023.6313487054344,0.0,2407.0,429.38,0.0,35.2,0,387.2113487054345,0.0,4508,2019.7886512945656
Data,6290,0.0,0.0,2029.8399426329406,0.0,2407.0,446.15,0.0,32.0,0,252.98994263294023,0.0,4662,2154.0100573670593
Data,6291,0.0,0.0,2019.3390929156421,0.0,2407.0,451.75,0.0,35.2,0,90.28909291564192,0.0,4823,2316.710907084358
Data,6292,0.0,0.0,2006.3854867447512,0.0,2407.0,475.23,0.0,32.0,0,14.615486744750882,0.0,4906,2392.3845132552487
Data,6293,0.0,0.0,2004.5226939903532,0.0,2407.0,517.72,0.0,35.2,0,-16.557306009646673,0.0,4981,2423.5573060096467
Data,6294,0.0,0.0,1988.9871386886725,0.0,2407.0,538.96,0.0,35.2,0,-61.852861311327665,0.0,5032,2468.8528613113276
Data,6295,0.0,0.0,1974.8893323214807,0.0,2407.0,536.73,0.0,35.2,0,-162.18066767851897,0.0,5116,2569.1806676785195
Data,6296,0.0,0.0,1836.7359709352572,0.0,2407.0,572.51,0.0,38.4,0,-211.35402906474297,0.0,5066,2618.354029064743
Data,6297,-0.0,0.0,1469.1094175012659,0.0,2407.0,677.62,0.0,35.2,0,-636.0705824987343,0.0,5225,3043.070582498734
Data,6298,-0.0,0.0,1380.5473698609364,0.0,2407.0,640.72,0.0,38.4,0,-792.3326301390637,0.0,5259,3199.3326301390634
Data,6299,-0.0,0.0,1282.8232645015596,0.0,2407.0,581.45,0.0,38.4,0,-812.3267354984409,0.0,5122,3219.3267354984405
Data,6300,-0.0,0.0,996.5109070074352,0.0,2407.0,362.29,0.0,35.2,0,-1217.999092992565,0.0,5019,3624.999092992565
Data,6301,-0.0,0.0,1025.6999818194072,0.0,2407.0,339.93,0.0,38.4,0,-993.9700181805927,0.0,4805,3400.970018180593
Data,6302,-0.0,0.0,1397.0421235748638,0.0,2407.0,361.17,0.0,35.2,0,-693.5878764251363,0.0,4894,3100.587876425136
Data,6303,-0.0,0.0,1602.3827561582705,0.0,2407.0,450.63,0.0,251.7802,0,-271.20704384172933,0.0,4983,2678.2070438417295
Data,6304,-0.0,0.0,1853.7472793357342,0.0,2407.0,626.18,0.0,537.2,0,291.12727933573376,0.0,5133,2115.8727206642657
Data,6305,-0.0,0.0,2082.9880733004343,0.0,2407.0,778.25,0.0,189.4,0,194.63807330043403,0.0,5263,2212.3619266995656
Data,6306,0.0,0.0,2112.649716124734,0.0,2407.0,793.91,0.0,261.5946,0,332.154316124734,0.0,5243,2074.8456838752663
Data,6307,0.0,0.0,2117.407224466734,0.0,2407.0,778.25,0.0,189.4,0,321.0572244667336,0.0,5171,2085.942775533266
Data,6308,0.0,0.0,1975.948698048834,0.0,2407.0,695.51,0.0,407.6012,0,478.0598980488344,0.0,5008,1928.9401019511658
Data,6309,0.0,0.0,2046.4504936814342,0.0,2407.0,578.1,0.0,537.2,0,667.750493681434,0.0,4901,1739.2495063185656
Data,6310,0.0,0.0,2012.2787415927341,0.0,2407.0,495.35,0.0,540.4,0,714.0287415927338,0.0,4741,1692.9712584072659
Data,6311,0.0,0.0,2037.4855323683341,0.0,2407.0,437.21,0.0,353.9217,0,745.6172323683342,0.0,4490,1661.382767631666
Data,6312,0.0,0.0,2023.4118144487343,0.0,2407.0,408.14,0.0,540.4,0,797.9518144487341,0.0,4581,1609.0481855512658
Data,6313,0.0,0.0,2040.3041773794343,0.0,2407.0,385.77,0.0,534.0,0,885.0741773794342,0.0,4482,1521.9258226205657
Data,6314,0.0,0.0,2038.2502138547343,0.0,2407.0,404.78,0.0,348.5181,0,591.5483138547341,0.0,4607,1815.4516861452657
Data,6315,0.0,0.0,2066.155504610468,0.0,2407.0,426.03,0.0,537.2,0,668.3855046104678,0.0,4768,1738.6144953895318
Data,6316,0.0,0.0,2058.592227327985,0.0,2407.0,471.87,0.0,534.0,0,583.4622273279847,0.0,4888,1823.5377726720153
Data,6317,0.0,0.0,1819.4643126437963,0.0,2407.0,492.0,0.0,537.2,0,287.6643126437961,0.0,4968,2119.3356873562034
Data,6318,0.0,0.0,2001.4970906340245,0.0,2407.0,530.02,0.0,333.0858,0,326.6028906340244,0.0,4945,2080.3971093659757
Data,6319,0.0,0.0,1998.070550026545,0.0,2407.0,575.86,0.0,540.4,0,453.33055002654487,0.0,5068,1953.669449973455
Data,6320,0.0,0.0,1863.9979787802217,0.0,2407.0,568.04,0.0,186.2,0,-28.762021219778397,0.0,5054,2435.7620212197785
Data,6321,-0.0,0.0,1387.5737506046185,0.0,2407.0,634.01,0.0,38.4,0,-712.0162493953818,0.0,5179,3119.0162493953817
Data,6322,-0.0,0.0,1328.2614447071785,0.0,2407.0,590.4,0.0,35.2,0,-760.1385552928222,0.0,5121,3167.1385552928214
Data,6323,-0.0,0.0,1266.4008875655497,0.0,2407.0,440.56,0.0,38.4,0,-814.6391124344502,0.0,4967,3221.6391124344505
Data,6324,-0.0,0.0,1303.6425618745523,0.0,2407.0,323.15,0.0,35.2,0,-761.0074381254483,0.0,4830,3168.0074381254476
Data,6325,-0.0,0.0,1396.9497255795375,0.0,2407.0,305.26,0.0,38.4,0,-466.3902744204627,0.0,4614,2873.3902744204624
Data,6326,-0.0,0.0,1519.1344516424654,0.0,2407.0,326.51,0.0,35.2,0,-446.15554835753454,0.0,4734,2853.155548357535
Data,6327,-0.0,0.0,1654.8793197537743,0.0,2407.0,403.66,0.0,38.4,0,-350.0606802462261,0.0,4854,2757.0606802462257
Data,6328,-0.0,0.0,1955.850574667165,0.0,2407.0,546.79,0.0,35.2,0,-95.15942533283533,0.0,5040,2502.1594253328353
Data,6329,-0.0,0.0,2237.9157098504343,0.0,2407.0,713.4,0.0,38.4,0,221.71570985043343,0.0,5175,2185.2842901495655
Data,6330,0.0,0.0,2417.226927841434,0.0,2407.0,800.62,0.0,35.2,0,475.0469278414338,0.0,5185,1931.9530721585659
Data,6331,0.0,0.0,2423.4070809674345,0.0,2407.0,793.91,0.0,38.4,0,567.7170809674338,0.0,5095,1839.2829190325656
Data,6332,0.0,0.0,2418.9803855434343,0.0,2407.0,743.59,0.0,35.2,0,651.7703855434341,0.0,4953,1755.2296144565657
Data,6333,0.0,0.0,2420.136439143434,0.0,2407.0,598.23,0.0,38.4,0,656.7664391434331,0.0,4807,1750.2335608565659
Data,6334,0.0,0.0,2480.587023885434,0.0,2407.0,497.59,0.0,35.2,0,779.3770238854344,0.0,4641,1627.622976114566
Data,6335,0.0,0.0,2464.8955679684345,0.0,2407.0,429.38,0.0,38.4,0,973.6755679684342,0.0,4366,1433.3244320315655
Data,6336,0.0,0.0,2471.1663676743788,0.0,2407.0,388.01,0.0,35.2,0,930.3763676743788,0.0,4371,1476.6236323256212
Data,6337,0.0,0.0,2459.356198338301,0.0,2407.0,356.7,0.0,35.2,0,961.2561983383007,0.0,4297,1445.7438016616989
Data,6338,0.0,0.0,2443.234355219305,0.0,2407.0,381.3,0.0,32.0,0,869.5343552193051,0.0,4394,1537.465644780695
Data,6339,0.0,0.0,2422.814774345142,0.0,2407.0,428.26,0.0,32.0,0,748.0747743451423,0.0,4542,1658.9252256548582
Data,6340,0.0,0.0,2409.7095862214137,0.0,2407.0,471.87,0.0,35.2,0,627.7795862214133,0.0,4696,1779.2204137785864
Data,6341,0.0,0.0,2365.4240035166213,0.0,2407.0,472.99,0.0,32.0,0,506.4140035166209,0.0,4771,1900.5859964833787
Data,6342,0.0,0.0,2141.321288825737,0.0,2407.0,476.35,0.0,35.2,0,300.8712888257372,0.0,4759,2106.1287111742627
Data,6343,0.0,0.0,2037.6158091482448,0.0,2407.0,578.1,0.0,373.6205,0,546.3363091482447,0.0,4850,1860.6636908517553
Data,6344,0.0,0.0,1677.7963305210496,0.0,2407.0,661.96,0.0,189.4,0,132.15633052104943,0.0,4804,2274.8436694789502
Data,6345,-0.0,0.0,1444.8338502016709,0.0,2407.0,640.72,0.0,186.2,0,-316.24614979832904,0.0,4995,2723.246149798329
Data,6346,-0.0,0.0,1259.0457510277,0.0,2407.0,549.03,0.0,537.2,0,-248.72424897230053,0.0,5001,2655.7242489723003
Data,6347,-0.0,0.0,1243.9097818984,0.0,2407.0,418.2,0.0,540.4,0,-217.49021810160048,0.0,4827,2624.4902181016
Data,6348,-0.0,0.0,1310.6067713319,0.0,2407.0,374.59,0.0,540.4,0,-62.403228668100155,0.0,4695,2469.4032286681
Data,6349,-0.0,0.0,1163.3784575195,0.0,2407.0,358.94,0.0,540.4,0,-54.281542480499866,0.0,4524,2461.2815424805
Data,6350,-0.0,0.0,1159.6042804889537,0.0,2407.0,372.35,0.0,540.4,0,-179.64571951104674,0.0,4659,2586.645719511046
Data,6351,-0.0,0.0,1173.5703527493515,0.0,2407.0,439.45,0.0,540.4,0,-104.57964725064899,0.0,4665,2511.5796472506486
Data,6352,-0.0,0.0,793.3942048826138,0.0,2407.0,559.09,0.0,540.4,0,-580.1157951173864,0.0,4880,2987.1157951173864
Data,6353,-0.0,0.0,1262.2922164714541,0.0,2407.0,751.42,0.0,540.4,0,-123.88778352854611,0.0,5085,2530.8877835285457
Data,6354,0.0,0.0,1803.6671721575296,0.0,2407.0,825.22,0.0,537.2,0,500.0871721575297,0.0,5073,1906.9128278424703
Data,6355,0.0,0.0,1901.9523426710048,0.0,2407.0,814.04,0.0,540.4,0,695.3923426710044,0.0,4968,1711.6076573289952
Data,6356,0.0,0.0,2287.7201527774505,0.0,2407.0,740.24,0.0,540.4,0,1161.3601527774497,0.0,4814,1245.6398472225496
Data,6357,0.0,0.0,2408.2352738111827,0.0,2407.0,609.41,0.0,540.4,0,1277.0452738111821,0.0,4688,1129.9547261888174
Data,6358,0.0,0.0,2472.4314771562963,0.0,2407.0,484.17,0.0,540.4,0,1406.0014771562965,0.0,4498,1000.9985228437038
Data,6359,0.0,0.0,2518.2558915492136,0.0,2407.0,439.45,0.0,540.4,0,1686.1058915492133,0.0,4219,720.8941084507865
Data,6360,0.0,0.0,1775.9667665448294,0.0,2407.0,427.15,0.0,537.2,0,855.3167665448293,0.0,4292,1551.6832334551705
Data,6361,0.0,0.0,1803.4456378326822,0.0,2407.0,366.76,0.0,537.2,0,896.4056378326823,0.0,4218,1510.5943621673177
Data,6362,0.0,0.0,1485.5071949572766,0.0,2407.0,399.19,0.0,537.2,0,469.8971949572766,0.0,4359,1937.1028050427233
Data,6363,0.0,0.0,1931.763917014596,0.0,2407.0,415.96,0.0,537.2,0,767.9239170145959,0.0,4524,1639.076082985404
Data,6364,0.0,0.0,1712.6792547461707,0.0,2407.0,433.85,0.0,186.2,0,61.72925474617048,0.0,4678,2345.2707452538293
Data,6365,0.0,0.0,1129.6404260521977,0.0,2407.0,462.93,0.0,35.2,0,-721.2295739478022,0.0,4756,3128.2295739478022
Data,6366,0.0,0.0,1455.4522692944859,0.0,2407.0,519.95,0.0,32.0,0,-385.5977307055143,0.0,4800,2792.597730705514
Data,6367,0.0,0.0,753.8291496356519,0.0,2407.0,637.36,0.0,35.2,0,-1053.6108503643486,0.0,4887,3460.610850364348
Data,6368,0.0,0.0,1256.0051206470364,0.0,2407.0,768.19,0.0,35.2,0,-422.60487935296374,0.0,4889,2829.6048793529635
Data,6369,-0.0,0.0,1016.0756510487133,0.0,2407.0,705.57,0.0,35.2,0,-988.1543489512871,0.0,5152,3395.1543489512865
Data,6370,-0.0,0.0,938.974378980304,0.0,2407.0,508.77,0.0,35.2,0,-1296.0556210196964,0.0,5186,3703.055621019696
Data,6371,-0.0,0.0,1127.1979047077336,0.0,2407.0,369.0,0.0,38.4,0,-1262.4020952922667,0.0,5204,3669.4020952922665
Data,6372,-0.0,0.0,1208.3041053755933,0.0,2407.0,304.15,0.0,38.4,0,-1203.1458946244074,0.0,5161,3610.1458946244065
Data,6373,-0.0,0.0,1318.1929939049082,0.0,2407.0,297.44,0.0,35.2,0,-912.1670060950923,0.0,4970,3319.167006095092
Data,6374,-0.0,0.0,819.2879043867852,0.0,2407.0,309.74,0.0,38.4,0,-1546.5720956132154,0.0,5121,3953.572095613215
Data,6375,-0.0,0.0,1051.0341104941,0.0,2407.0,381.3,0.0,38.4,0,-1177.2658895059,0.0,5055,3584.2658895059
Data,6376,-0.0,0.0,683.6253451123,0.0,2407.0,536.73,0.0,38.4,0,-1362.2446548877008,0.0,5028,3769.2446548877
Data,6377,-0.0,0.0,948.2023906134999,0.0,2407.0,797.26,0.0,189.4,0,-804.1376093865002,0.0,5146,3211.1376093865
Data,6378,0.0,0.0,1245.5321912349002,0.0,2407.0,861.0,0.0,186.2,0,-397.26780876509997,0.0,5097,2804.2678087650997
Data,6379,0.0,0.0,1780.3738966721012,0.0,2407.0,858.76,0.0,189.4,0,224.53389667210092,0.0,5011,2182.466103327899
Data,6380,0.0,0.0,1762.0092185258025,0.0,2407.0,754.77,0.0,189.4,0,300.17921852580196,0.0,4813,2106.8207814741977
Data,6381,0.0,0.0,2046.4020258750115,0.0,2407.0,646.31,0.0,189.4,0,661.1120258750111,0.0,4628,1745.8879741249884
Data,6382,0.0,0.0,2273.445118253377,0.0,2407.0,544.55,0.0,186.2,0,986.1951182533772,0.0,4425,1420.8048817466229
Data,6383,0.0,0.0,2144.7031821512205,0.0,2407.0,483.05,0.0,189.4,0,961.1531821512207,0.0,4263,1445.8468178487794
Data,6384,0.0,0.0,2011.745219861249,0.0,2407.0,455.1,0.0,189.4,0,685.2452198612488,0.0,4378,1721.754780138751
Data,6385,0.0,0.0,2122.046913553165,0.0,2407.0,381.3,0.0,537.2,0,1133.5469135531648,0.0,4314,1273.4530864468352
Data,6386,0.0,0.0,1431.9823823967847,0.0,2407.0,395.84,0.0,537.2,0,296.02238239678474,0.0,4476,2110.977617603215
Data,6387,0.0,0.0,1255.8310132838603,0.0,2407.0,393.6,0.0,537.2,0,-69.36898671613993,0.0,4663,2476.3689867161397
Data,6388,0.0,0.0,1230.5890546522999,0.0,2407.0,398.07,0.0,537.2,0,-201.14094534770015,0.0,4774,2608.1409453477
Data,6389,0.0,0.0,1059.3763444933,0.0,2407.0,414.85,0.0,537.2,0,-422.57365550670033,0.0,4841,2829.5736555067
Data,6390,0.0,0.0,998.947598031,0.0,2407.0,496.47,0.0,537.2,0,-326.38240196899994,0.0,4766,2733.382401969
Data,6391,0.0,0.0,835.7239179202,0.0,2407.0,654.14,0.0,534.0,0,-408.1360820798001,0.0,4839,2815.1360820798
Data,6392,0.0,0.0,693.5186128657999,0.0,2407.0,726.82,0.0,537.2,0,-364.4613871342001,0.0,4729,2771.4613871342
Data,6393,-0.0,0.0,539.3663886182001,0.0,2407.0,704.45,0.0,537.2,0,-755.9836113818003,0.0,4944,3162.9836113818
Data,6394,-0.0,0.0,501.14498383865646,0.0,2407.0,651.9,0.0,540.4,0,-1048.5550161613437,0.0,5149,3455.5550161613437
Data,6395,-0.0,0.0,499.66054574982036,0.0,2407.0,535.61,0.0,537.2,0,-1100.5294542501797,0.0,5080,3507.5294542501797
Data,6396,-0.0,0.0,779.7389179949824,0.0,2407.0,393.6,0.0,540.4,0,-906.2610820050181,0.0,5027,3313.2610820050177
Data,6397,-0.0,0.0,759.840114257999,0.0,2407.0,343.28,0.0,540.4,0,-823.4798857420017,0.0,4874,3230.479885742001
Data,6398,-0.0,0.0,1186.0149287171494,0.0,2407.0,410.37,0.0,189.4,0,-746.2150712828511,0.0,4939,3153.2150712828507
Data,6399,-0.0,0.0,1328.0261721704,0.0,2407.0,518.84,0.0,189.4,0,-587.7338278296002,0.0,5031,2994.7338278295997
Data,6400,-0.0,0.0,1191.2923803602,0.0,2407.0,697.75,0.0,189.4,0,-546.5576196398004,0.0,5032,2953.5576196398
Data,6401,-0.0,0.0,1315.0056649027879,0.0,2407.0,741.35,0.0,540.4,0,-15.244335097212652,0.0,5019,2422.244335097212
Data,6402,0.0,0.0,1957.9953805620885,0.0,2407.0,833.05,0.0,189.4,0,482.44538056208836,0.0,4905,1924.5546194379115
Data,6403,0.0,0.0,2405.462738836577,0.0,2407.0,861.0,0.0,529.0832,0,1423.5459388365769,0.0,4779,983.4540611634229
Data,6404,0.0,0.0,2530.523383922354,0.0,2407.0,733.53,0.0,189.4,0,1236.453383922353,0.0,4624,1170.5466160776461
Data,6405,0.0,0.0,2516.0469680069195,0.0,2407.0,530.02,0.0,216.013,0,1157.0799680069194,0.0,4512,1249.9200319930806
Data,6406,0.0,0.0,2505.9157420694073,0.0,2407.0,456.22,0.0,189.4,0,1152.5357420694072,0.0,4406,1254.4642579305926
Data,6407,0.0,0.0,2016.0914293838114,0.0,2407.0,441.68,0.0,234.2532,0,1014.0246293838114,0.0,4085,1392.9753706161887
Data,6408,0.0,0.0,1803.0514473936846,0.0,2407.0,429.38,0.0,189.4,0,711.8314473936847,0.0,4117,1695.1685526063154
Data,6409,0.0,0.0,1716.7899333735868,0.0,2407.0,407.02,0.0,186.2,0,641.0099333735867,0.0,4076,1765.9900666264132
Data,6410,0.0,0.0,1724.7306722528658,0.0,2407.0,461.81,0.0,537.2,0,1037.7406722528656,0.0,4093,1369.2593277471342
Data,6411,0.0,0.0,1696.2710647258257,0.0,2407.0,442.8,0.0,537.2,0,882.2710647258257,0.0,4201,1524.7289352741743
Data,6412,0.0,0.0,1750.2542524394894,0.0,2407.0,459.57,0.0,534.0,0,840.8242524394896,0.0,4310,1566.1757475605107
Data,6413,0.0,0.0,1939.2571012070532,0.0,2407.0,476.35,0.0,537.2,0,1030.807101207053,0.0,4329,1376.1928987929468
Data,6414,0.0,0.0,2394.756094776324,0.0,2407.0,489.76,0.0,537.2,0,1583.7160947763239,0.0,4245,823.2839052236759
Data,6415,0.0,0.0,1702.5136584451443,0.0,2407.0,478.58,0.0,537.2,0,966.2936584451442,0.0,4159,1440.7063415548557
Data,6416,0.0,0.0,1313.5508734639002,0.0,2407.0,537.85,0.0,534.0,0,753.4008734639001,0.0,4039,1653.5991265361
Data,6417,-0.0,0.0,1270.2697902821,0.0,2407.0,497.59,0.0,540.4,0,450.2597902821003,0.0,4265,1956.7402097179
Data,6418,-0.0,0.0,1312.4446277680001,0.0,2407.0,405.9,0.0,189.4,0,59.74462776800033,0.0,4255,2347.255372232
Data,6419,-0.0,0.0,1321.1945172899802,0.0,2407.0,329.86,0.0,189.4,0,24.454517289980505,0.0,4223,2382.5454827100198
Data,6420,-0.0,0.0,1356.834020096685,0.0,2407.0,285.14,0.0,189.4,0,45.374020096684994,0.0,4193,2361.625979903315
Data,6421,-0.0,0.0,1192.2301020280445,0.0,2407.0,262.77,0.0,189.4,0,-58.59989797195548,0.0,4110,2465.5998979719557
Data,6422,-0.0,0.0,1419.2091602888947,0.0,2407.0,287.37,0.0,540.4,0,483.97916028889466,0.0,4170,1923.0208397111053
Data,6423,-0.0,0.0,1476.0296082976608,0.0,2407.0,328.75,0.0,186.2,0,240.97960829766075,0.0,4157,2166.020391702339
Data,6424,-0.0,0.0,1443.3425581419092,0.0,2407.0,459.57,0.0,189.4,0,221.31255814190956,0.0,4278,2185.687441858091
Data,6425,-0.0,0.0,933.3314913536196,0.0,2407.0,651.9,0.0,540.4,0,47.63149135361985,0.0,4485,2359.36850864638
Data,6426,-0.0,0.0,1360.1726314580358,0.0,2407.0,791.67,0.0,189.4,0,210.24263145803548,0.0,4538,2196.7573685419643
Data,6427,0.0,0.0,1924.5992576053945,0.0,2407.0,789.44,0.0,186.2,0,779.2392576053942,0.0,4528,1627.7607423946054
Data,6428,0.0,0.0,1459.7064995967287,0.0,2407.0,695.51,0.0,189.4,0,358.6164995967286,0.0,4393,2048.3835004032712
Data,6429,0.0,0.0,1443.3357591736008,0.0,2407.0,459.57,0.0,540.4,0,529.3057591736011,0.0,4321,1877.6942408263992
Data,6430,0.0,0.0,1392.8695978492137,0.0,2407.0,362.29,0.0,540.4,0,436.55959784921373,0.0,4266,1970.4404021507862
Data,6431,0.0,0.0,1343.1968672798223,0.0,2407.0,352.23,0.0,537.2,0,585.6268672798221,0.0,4054,1821.3731327201776
Data,6432,0.0,0.0,1053.6375777584494,0.0,2407.0,347.75,0.0,372.3262,0,66.71377775844937,0.0,4114,2340.2862222415506
Data,6433,0.0,0.0,904.7941095414923,0.0,2407.0,381.3,0.0,186.2,0,-193.7058904585077,0.0,4073,2600.705890458508
Data,6434,0.0,0.0,786.19409242739,0.0,2407.0,448.39,0.0,183.0,0,-367.4159075726101,0.0,4192,2774.41590757261
Data,6435,0.0,0.0,548.6903368378252,0.0,2407.0,445.04,0.0,346.1376,0,-590.1320631621749,0.0,4337,2997.1320631621747
Data,6436,0.0,0.0,748.9984183193824,0.0,2407.0,445.04,0.0,186.2,0,-684.7615816806178,0.0,4472,3091.7615816806174
Data,6437,0.0,0.0,584.5227394538894,0.0,2407.0,459.57,0.0,534.0,0,-530.9072605461105,0.0,4516,2937.9072605461106
Data,6438,0.0,0.0,451.95587359412514,0.0,2407.0,468.52,0.0,537.2,0,-554.3241264058751,0.0,4419,2961.3241264058747
Data,6439,0.0,0.0,385.5024307994712,0.0,2407.0,452.86,0.0,537.2,0,-494.43756920052886,0.0,4277,2901.4375692005287
Data,6440,0.0,0.0,276.84069934225323,0.0,2407.0,517.72,0.0,183.0,0,-603.4393006577466,0.0,3988,3010.4393006577466
Data,6441,-0.0,0.0,251.40533943419996,0.0,2407.0,497.59,0.0,189.4,0,-665.6046605657998,0.0,4011,3072.6046605658003
Data,6442,-0.0,0.0,315.45052132743444,0.0,2407.0,390.25,0.0,189.4,0,-583.8994786725655,0.0,3886,2990.8994786725657
Data,6443,-0.0,0.0,437.61606039793793,0.0,2407.0,311.97,0.0,186.2,0,-301.213939602062,0.0,3644,2708.213939602062
Data,6444,-0.0,0.0,987.678432917186,0.0,2407.0,271.72,0.0,189.4,0,262.79843291718583,0.0,3593,2144.201567082814
Data,6445,-0.0,0.0,1284.2253744601674,0.0,2407.0,267.25,0.0,189.4,0,568.8753744601674,0.0,3579,1838.1246255398326
Data,6446,-0.0,0.0,1214.7049289692272,0.0,2407.0,273.95,0.0,186.2,0,488.8549289692268,0.0,3593,1918.1450710307727
Data,6447,-0.0,0.0,1566.187613439709,0.0,2407.0,287.37,0.0,540.4,0,1023.9576134397089,0.0,3777,1383.042386560291
Data,6448,-0.0,0.0,1829.5467035108506,0.0,2407.0,432.74,0.0,189.4,0,887.6867035108511,0.0,3971,1519.3132964891493
Data,6449,-0.0,0.0,1831.9487929315633,0.0,2407.0,649.66,0.0,186.2,0,890.808792931563,0.0,4184,1516.1912070684368
Data,6450,-0.0,0.0,2116.4572585164256,0.0,2407.0,725.7,0.0,295.5559,0,1201.7131585164257,0.0,4343,1205.2868414835743
Data,6451,0.0,0.0,1914.2016805582234,0.0,2407.0,774.9,0.0,189.4,0,893.501680558223,0.0,4392,1513.4983194417766
Data,6452,0.0,0.0,1949.1984665472442,0.0,2407.0,714.52,0.0,186.2,0,954.9184665472441,0.0,4302,1452.0815334527558
Data,6453,0.0,0.0,1942.509672113751,0.0,2407.0,555.74,0.0,189.4,0,902.6496721137515,0.0,4192,1504.3503278862488
Data,6454,0.0,0.0,2316.38517876297,0.0,2407.0,426.03,0.0,189.4,0,1278.8151787629702,0.0,4060,1128.1848212370298
Data,6455,0.0,0.0,2160.6057681797947,0.0,2407.0,405.9,0.0,186.2,0,1314.7057681797949,0.0,3845,1092.2942318202054
Data,6456,0.0,0.0,2138.6195343675918,0.0,2407.0,388.01,0.0,189.4,0,1215.0295343675914,0.0,3908,1191.9704656324081
Data,6457,0.0,0.0,1770.9383115617622,0.0,2407.0,377.95,0.0,382.2805,0,1075.168811561762,0.0,3863,1331.8311884382379
Data,6458,0.0,0.0,1869.4423338962245,0.0,2407.0,391.36,0.0,534.0,0,1217.8023338962246,0.0,3984,1189.1976661037756
Data,6459,0.0,0.0,1902.2209230272667,0.0,2407.0,377.95,0.0,537.2,0,1047.3709230272664,0.0,4177,1359.6290769727332
Data,6460,0.0,0.0,2081.7108321797214,0.0,2407.0,415.96,0.0,534.0,0,1131.6708321797212,0.0,4307,1275.3291678202786
Data,6461,0.0,0.0,1393.2923373842,0.0,2407.0,432.74,0.0,537.2,0,381.2323373841996,0.0,4389,2025.7676626158
Data,6462,0.0,0.0,1874.7299892794108,0.0,2407.0,461.81,0.0,537.2,0,906.7399892794105,0.0,4374,1500.2600107205892
Data,6463,0.0,0.0,990.8359058828252,0.0,2407.0,526.66,0.0,534.0,0,33.495905882824964,0.0,4425,2373.5040941171746
Data,6464,0.0,0.0,459.04724267550586,0.0,2407.0,618.35,0.0,537.2,0,-365.4027573244944,0.0,4387,2772.402757324494
Data,6465,-0.0,0.0,205.87017545544688,0.0,2407.0,527.78,0.0,537.2,0,-945.1498245445536,0.0,4623,3352.149824544553
Data,6466,-0.0,0.0,365.4419043123824,0.0,2407.0,474.11,0.0,186.2,0,-1137.2480956876177,0.0,4570,3544.2480956876175
Data,6467,-0.0,0.0,143.74452693146705,0.0,2407.0,409.25,0.0,537.2,0,-844.8054730685332,0.0,4342,3251.805473068533
Data,6468,-0.0,0.0,248.98721012519374,0.0,2407.0,380.18,0.0,388.0228,0,-826.8099898748062,0.0,4251,3233.8099898748064
Data,6469,-0.0,0.0,365.4945327132649,0.0,2407.0,365.65,0.0,537.2,0,-360.6554672867352,0.0,4036,2767.655467286735
Data,6470,-0.0,0.0,620.3895122903,0.0,2407.0,392.48,0.0,189.4,0,-581.7304877096999,0.0,4191,2988.7304877097
Data,6471,-0.0,0.0,478.2746883222,0.0,2407.0,467.4,0.0,479.2044,0,-432.1209116777998,0.0,4264,2839.1209116778
Data,6472,-0.0,0.0,355.76837758330004,0.0,2407.0,697.75,0.0,540.4,0,-458.0816224166999,0.0,4459,2865.0816224167
Data,6473,-0.0,0.0,571.2859669533001,0.0,2407.0,863.24,0.0,537.2,0,-319.2740330467003,0.0,4698,2726.2740330467
Data,6474,-0.0,0.0,1170.0297486798706,0.0,2407.0,888.95,0.0,540.4,0,321.37974867987003,0.0,4685,2085.6202513201292
Data,6475,0.0,0.0,1215.9043869433044,0.0,2407.0,837.52,0.0,540.4,0,404.82438694330455,0.0,4596,2002.1756130566955
Data,6476,0.0,0.0,1101.6618187795411,0.0,2407.0,769.31,0.0,537.2,0,328.17181877954084,0.0,4487,2078.8281812204586
Data,6477,0.0,0.0,1001.1355952906796,0.0,2407.0,579.22,0.0,540.4,0,197.75559529067945,0.0,4330,2209.2444047093204
Data,6478,0.0,0.0,992.0652641289776,0.0,2407.0,470.75,0.0,537.2,0,259.0152641289774,0.0,4148,2147.984735871022
Data,6479,0.0,0.0,984.7237331170467,0.0,2407.0,451.75,0.0,540.4,0,462.87373311704675,0.0,3921,1944.1262668829534
Data,6480,0.0,0.0,975.489327156173,0.0,2407.0,442.8,0.0,537.2,0,378.489327156173,0.0,3984,2028.510672843827
Data,6481,0.0,0.0,869.1866071909516,0.0,2407.0,452.86,0.0,537.2,0,365.2466071909515,0.0,3901,2041.7533928090484
Data,6482,0.0,0.0,698.3134081132031,0.0,2407.0,476.35,0.0,537.2,0,102.86340811320284,0.0,4016,2304.136591886797
Data,6483,0.0,0.0,472.92345038754655,0.0,2407.0,460.69,0.0,534.0,0,-321.3865496124534,0.0,4196,2728.3865496124536
Data,6484,0.0,0.0,260.2159152155915,0.0,2407.0,541.2,0.0,537.2,0,-613.3840847844089,0.0,4359,3020.3840847844085
Data,6485,0.0,0.0,102.56912214296447,0.0,2407.0,590.4,0.0,534.0,0,-795.0308778570354,0.0,4429,3202.0308778570356
Data,6486,0.0,0.0,62.193002469960575,0.0,2407.0,621.71,0.0,537.2,0,-779.8969975300396,0.0,4408,3186.8969975300392
Data,6487,0.0,0.0,75.28808839745545,0.0,2407.0,628.42,0.0,534.0,0,-838.2919116025445,0.0,4483,3245.2919116025446
Data,6488,0.0,0.0,40.19557379285954,0.0,2407.0,692.15,0.0,537.2,0,-747.4544262071406,0.0,4424,3154.4544262071404
Data,6489,-0.0,0.0,37.80291548263747,0.0,2407.0,590.4,0.0,534.0,0,-1030.7970845173625,0.0,4600,3437.7970845173627
Data,6490,-0.0,0.0,7.070162846501173,0.0,2407.0,555.74,0.0,540.4,0,-974.7898371534985,0.0,4485,3381.789837153499
Data,6491,-0.0,0.0,12.003230186201366,0.0,2407.0,519.95,0.0,540.4,0,-790.6467698137983,0.0,4270,3197.6467698137985
Data,6492,-0.0,0.0,13.06759337818678,0.0,2407.0,464.05,0.0,537.2,0,-641.6824066218132,0.0,4063,3048.6824066218132
Data,6493,-0.0,0.0,11.712367937968061,0.0,2407.0,440.56,0.0,540.4,0,-455.3276320620319,0.0,3855,2862.327632062032
Data,6494,-0.0,0.0,33.5436999591658,0.0,2407.0,462.93,0.0,540.4,0,-496.1263000408343,0.0,3940,2903.1263000408344
Data,6495,-0.0,0.0,40.08397508134144,0.0,2407.0,470.75,0.0,537.2,0,-641.9660249186587,0.0,4097,3048.9660249186586
Data,6496,-0.0,0.0,46.97496496749926,0.0,2407.0,615.0,0.0,540.4,0,-762.6250350325007,0.0,4372,3169.625035032501
Data,6497,-0.0,0.0,163.5411001856045,0.0,2407.0,761.48,0.0,540.4,0,-741.5788998143954,0.0,4614,3148.5788998143953
Data,6498,0.0,0.0,476.2956851376605,0.0,2407.0,783.85,0.0,537.2,0,-417.65431486233973,0.0,4622,2824.6543148623396
Data,6499,0.0,0.0,524.2626169510604,0.0,2407.0,754.77,0.0,540.4,0,-338.5673830489395,0.0,4565,2745.5673830489395
Data,6500,0.0,0.0,835.420687019383,0.0,2407.0,656.37,0.0,537.2,0,-43.009312980617295,0.0,4479,2450.009312980617
Data,6501,0.0,0.0,952.6864396499159,0.0,2407.0,467.4,0.0,540.4,0,20.486439649916065,0.0,4347,2386.513560350084
Data,6502,0.0,0.0,843.8545113298437,0.0,2407.0,398.07,0.0,537.2,0,-12.875488670156301,0.0,4199,2419.8754886701563
Data,6503,0.0,0.0,784.0382265400436,0.0,2407.0,385.77,0.0,540.4,0,163.2082265400437,0.0,3954,2243.7917734599564
Data,6504,0.0,0.0,784.447118716584,0.0,2407.0,376.83,0.0,537.2,0,48.47711871658372,0.0,4057,2358.522881283416
Data,6505,0.0,0.0,1036.5211533705492,0.0,2407.0,323.15,0.0,537.2,0,329.8711533705492,0.0,3974,2077.128846629451
Data,6506,0.0,0.0,990.9406854878679,0.0,2407.0,336.57,0.0,537.2,0,200.71068548786783,0.0,4071,2206.289314512132
Data,6507,0.0,0.0,828.5150707581646,0.0,2407.0,381.3,0.0,534.0,0,-50.18492924183522,0.0,4201,2457.1849292418356
Data,6508,0.0,0.0,593.1271044726882,0.0,2407.0,466.28,0.0,537.2,0,-311.3928955273123,0.0,4315,2718.392895527312
Data,6509,0.0,0.0,315.5717712518624,0.0,2407.0,509.89,0.0,534.0,0,-660.5382287481377,0.0,4427,3067.5382287481375
Data,6510,0.0,0.0,447.60725423983104,0.0,2407.0,526.66,0.0,537.2,0,-503.5327457601693,0.0,4422,2910.532745760169
Data,6511,0.0,0.0,750.216184777249,0.0,2407.0,612.76,0.0,534.0,0,-149.02381522275078,0.0,4453,2556.023815222751
Data,6512,0.0,0.0,865.1108691298715,0.0,2407.0,620.59,0.0,537.2,0,52.90086912987146,0.0,4377,2354.0991308701286
Data,6513,-0.0,0.0,908.6348537403983,0.0,2407.0,488.65,0.0,537.2,0,-134.51514625960178,0.0,4476,2541.515146259602
Data,6514,-0.0,0.0,835.667277600527,0.0,2407.0,341.05,0.0,540.4,0,-186.88272239947275,0.0,4311,2593.882722399473
Data,6515,-0.0,0.0,964.3757440735684,0.0,2407.0,316.45,0.0,540.4,0,100.22574407356832,0.0,4128,2306.7742559264316
Data,6516,-0.0,0.0,476.10258950101627,0.0,2407.0,309.74,0.0,540.4,0,-340.7574104989834,0.0,4074,2747.7574104989835
Data,6517,-0.0,0.0,356.31496634507647,0.0,2407.0,287.37,0.0,540.4,0,-404.91503365492355,0.0,3996,2811.9150336549237
Data,6518,-0.0,0.0,841.0734276780357,0.0,2407.0,304.15,0.0,540.4,0,-33.37657232196414,0.0,4126,2440.3765723219644
Data,6519,-0.0,0.0,1584.1616119727998,0.0,2407.0,432.74,0.0,189.4,0,360.3016119728002,0.0,4253,2046.6983880272
Data,6520,-0.0,0.0,1889.4717050170227,0.0,2407.0,635.13,0.0,540.4,0,1102.001705017023,0.0,4370,1304.9982949829773
Data,6521,-0.0,0.0,2160.232316519653,0.0,2407.0,762.6,0.0,540.4,0,1328.2323165196528,0.0,4542,1078.767683480347
Data,6522,0.0,0.0,2187.810108554073,0.0,2407.0,799.5,0.0,540.4,0,1274.7101085540723,0.0,4660,1132.289891445927
Data,6523,0.0,0.0,1658.2405683109982,0.0,2407.0,748.06,0.0,537.2,0,718.500568310998,0.0,4632,1688.4994316890018
Data,6524,0.0,0.0,2009.9216268743112,0.0,2407.0,686.56,0.0,540.4,0,1138.8816268743112,0.0,4505,1268.1183731256888
Data,6525,0.0,0.0,1829.6348934530988,0.0,2407.0,545.67,0.0,540.4,0,991.7048934530991,0.0,4331,1415.2951065469013
Data,6526,0.0,0.0,1772.1086417202728,0.0,2407.0,478.58,0.0,540.4,0,971.0886417202727,0.0,4227,1435.9113582797272
Data,6527,0.0,0.0,1517.2898561309867,0.0,2407.0,420.44,0.0,537.2,0,873.9298561309921,0.0,4008,1533.0701438690132
Data,6528,0.0,0.0,1685.9674347824362,0.0,2407.0,401.43,0.0,540.4,0,914.7974347824361,0.0,4120,1492.202565217564
Data,6529,0.0,0.0,1572.9747816905706,0.0,2407.0,375.71,0.0,537.2,0,858.8847816905703,0.0,4034,1548.1152183094293
Data,6530,0.0,0.0,1754.6518000616602,0.0,2407.0,363.41,0.0,183.0,0,572.0618000616602,0.0,4136,1834.9381999383397
Data,6531,0.0,0.0,1662.4443043492024,0.0,2407.0,358.94,0.0,35.2,0,170.58430434920234,0.0,4293,2236.4156956507977
Data,6532,0.0,0.0,1538.8042847448496,0.0,2407.0,360.05,0.0,32.0,0,-115.14571525515017,0.0,4453,2522.14571525515
Data,6533,0.0,0.0,1357.8627386021528,0.0,2407.0,408.14,0.0,35.2,0,-352.79726139784697,0.0,4561,2759.7972613978473
Data,6534,0.0,0.0,1204.0089136949148,0.0,2407.0,438.33,0.0,35.2,0,-499.4610863050855,0.0,4584,2906.4610863050852
Data,6535,0.0,0.0,1122.1133683646726,0.0,2407.0,546.79,0.0,35.2,0,-427.8966316353276,0.0,4539,2834.8966316353276
Data,6536,0.0,0.0,944.1965858230187,0.0,2407.0,561.33,0.0,38.4,0,-409.07341417698166,0.0,4360,2816.0734141769813
Data,6537,-0.0,0.0,858.5668644122223,0.0,2407.0,497.59,0.0,35.2,0,-535.6431355877777,0.0,4334,2942.6431355877776
Data,6538,-0.0,0.0,860.7401431520001,0.0,2407.0,443.92,0.0,38.4,0,-442.9398568480002,0.0,4193,2849.939856848
Data,6539,-0.0,0.0,880.9109354080001,0.0,2407.0,410.37,0.0,38.4,0,-342.3190645919999,0.0,4079,2749.319064592
Data,6540,-0.0,0.0,948.1886218175777,0.0,2407.0,355.58,0.0,35.2,0,-291.0313781824226,0.0,4037,2698.0313781824225
Data,6541,-0.0,0.0,1035.9506437064163,0.0,2407.0,347.75,0.0,38.4,0,-165.89935629358368,0.0,3995,2572.899356293584
Data,6542,-0.0,0.0,1175.51943476164,0.0,2407.0,366.76,0.0,35.2,0,58.47943476164015,0.0,3926,2348.52056523836
Data,6543,-0.0,0.0,1263.5454700326216,0.0,2407.0,393.6,0.0,38.4,0,21.545470032621566,0.0,4081,2385.454529967378
Data,6544,-0.0,0.0,1402.4129481294915,0.0,2407.0,532.25,0.0,35.2,0,59.86294812949133,0.0,4317,2347.1370518705085
Data,6545,-0.0,0.0,1702.7917501857428,0.0,2407.0,733.53,0.0,38.4,0,378.72175018574205,0.0,4503,2028.2782498142572
Data,6546,-0.0,0.0,2264.1236795982704,0.0,2407.0,767.07,0.0,38.4,0,813.5936795982703,0.0,4663,1593.4063204017295
Data,6547,0.0,0.0,2185.251489888859,0.0,2407.0,736.88,0.0,35.2,0,691.3314898888589,0.0,4673,1715.6685101111411
Data,6548,0.0,0.0,1973.924051803434,0.0,2407.0,680.97,0.0,38.4,0,524.294051803434,0.0,4576,1882.705948196566
Data,6549,0.0,0.0,1786.806831881434,0.0,2407.0,470.75,0.0,35.2,0,208.75683188143387,0.0,4491,2198.2431681185662
Data,6550,0.0,0.0,1620.131624157434,0.0,2407.0,389.13,0.0,38.4,0,41.66162415743372,0.0,4413,2365.3383758425657
Data,6551,0.0,0.0,1063.234415240834,0.0,2407.0,373.47,0.0,38.4,0,-355.895584759166,0.0,4238,2762.895584759166
Data,6552,0.0,0.0,1201.5309688724342,0.0,2407.0,366.76,0.0,35.2,0,-313.50903112756566,0.0,4324,2720.509031127566
Data,6553,0.0,0.0,1072.5548046868344,0.0,2407.0,365.65,0.0,35.2,0,-380.59519531316585,0.0,4261,2787.5951953131657
Data,6554,0.0,0.0,923.0985731574353,0.0,2407.0,389.13,0.0,35.2,0,-572.5714268425647,0.0,4327,2979.5714268425645
Data,6555,0.0,0.0,1001.5083987606456,0.0,2407.0,436.09,0.0,32.0,0,-519.4016012393542,0.0,4396,2926.4016012393545
Data,6556,0.0,0.0,1022.907223465358,0.0,2407.0,442.8,0.0,35.2,0,-584.092776534642,0.0,4492,2991.092776534642
Data,6557,0.0,0.0,991.3057169310284,0.0,2407.0,437.21,0.0,32.0,0,-670.4842830689715,0.0,4538,3077.4842830689718
Data,6558,0.0,0.0,956.8080793996053,0.0,2407.0,430.5,0.0,35.2,0,-639.4919206003949,0.0,4469,3046.4919206003947
Data,6559,0.0,0.0,905.9001183861436,0.0,2407.0,486.41,0.0,38.4,0,-533.2898816138569,0.0,4371,2940.2898816138563
Data,6560,0.0,0.0,541.4299883521702,0.0,2407.0,467.4,0.0,35.2,0,-719.9700116478299,0.0,4171,3126.97001164783
Data,6561,-0.0,0.0,467.3452260302756,0.0,2407.0,404.78,0.0,38.4,0,-823.474773969725,0.0,4141,3230.4747739697245
Data,6562,-0.0,0.0,230.09906751359998,0.0,2407.0,379.06,0.0,35.2,0,-924.6409324864003,0.0,3976,3331.6409324864
Data,6563,-0.0,0.0,179.595545145,0.0,2407.0,342.16,0.0,38.4,0,-870.8444548550001,0.0,3838,3277.844454855
Data,6564,-0.0,0.0,751.4052602055594,0.0,2407.0,318.68,0.0,38.4,0,-252.5147397944407,0.0,3768,2659.5147397944406
Data,6565,-0.0,0.0,872.5771761446209,0.0,2407.0,300.79,0.0,35.2,0,-107.43282385537924,0.0,3723,2514.432823855379
Data,6566,-0.0,0.0,446.83018472465847,0.0,2407.0,307.5,0.0,189.4,0,-357.26981527534144,0.0,3708,2764.2698152753414
Data,6567,-0.0,0.0,738.4592125012,0.0,2407.0,334.34,0.0,186.2,0,-166.00078749880004,0.0,3832,2573.0007874988
Data,6568,-0.0,0.0,856.9641460430083,0.0,2407.0,431.62,0.0,189.4,0,-169.0158539569917,0.0,4054,2576.0158539569916
Data,6569,-0.0,0.0,753.7358531192206,0.0,2407.0,713.4,0.0,186.2,0,-154.66414688077955,0.0,4215,2561.6641468807793
Data,6570,-0.0,0.0,1008.10068449532,0.0,2407.0,790.55,0.0,189.4,0,-7.949315504680165,0.0,4403,2414.94931550468
Data,6571,0.0,0.0,741.5354509136707,0.0,2407.0,720.11,0.0,186.2,0,-350.1545490863293,0.0,4405,2757.154549086329
Data,6572,0.0,0.0,626.0100440878165,0.0,2407.0,686.56,0.0,189.4,0,-410.02995591218394,0.0,4319,2817.0299559121836
Data,6573,0.0,0.0,640.2571600005544,0.0,2407.0,477.46,0.0,189.4,0,-501.8828399994454,0.0,4216,2908.8828399994454
Data,6574,0.0,0.0,466.7745102004015,0.0,2407.0,405.9,0.0,186.2,0,-695.1254897995987,0.0,4161,3102.1254897995987
Data,6575,0.0,0.0,362.3132178748573,0.0,2407.0,384.65,0.0,189.4,0,-664.6367821251425,0.0,4008,3071.636782125143
Data,6576,0.0,0.0,587.9956317922721,0.0,2407.0,381.3,0.0,186.2,0,-543.5043682077279,0.0,4106,2950.504368207728
Data,6577,0.0,0.0,273.21220138468766,0.0,2407.0,366.76,0.0,186.2,0,-806.8277986153123,0.0,4040,3213.8277986153125
Data,6578,0.0,0.0,274.74583410479215,0.0,2407.0,398.07,0.0,183.0,0,-900.1841658952077,0.0,4163,3307.184165895208
Data,6579,0.0,0.0,175.4407073905375,0.0,2407.0,399.19,0.0,186.2,0,-1116.1692926094627,0.0,4284,3523.1692926094624
Data,6580,0.0,0.0,177.76214205709994,0.0,2407.0,399.19,0.0,183.0,0,-1206.0478579429,0.0,4373,3613.0478579429
Data,6581,0.0,0.0,286.96501400930003,0.0,2407.0,456.22,0.0,248.4225,0,-1012.3924859907,0.0,4411,3419.3924859907
Data,6582,0.0,0.0,488.7868705778,0.0,2407.0,465.16,0.0,186.2,0,-772.8531294222003,0.0,4320,3179.8531294222
Data,6583,0.0,0.0,596.1109382922434,0.0,2407.0,490.88,0.0,534.0,0,-143.00906170775676,0.0,4171,2550.0090617077567
Data,6584,0.0,0.0,662.5242763910001,0.0,2407.0,470.75,0.0,537.2,0,148.47427639099988,0.0,3929,2258.525723609
Data,6585,-0.0,0.0,313.6351649461,0.0,2407.0,392.48,0.0,186.2,0,-606.6848350539001,0.0,3906,3013.6848350539
Data,6586,-0.0,0.0,357.7450769882,0.0,2407.0,338.81,0.0,189.4,0,-467.04492301179994,0.0,3760,2874.0449230118
Data,6587,-0.0,0.0,24.928106243296845,0.0,2407.0,297.44,0.0,189.4,0,-664.231893756703,0.0,3583,3071.2318937567034
Data,6588,-0.0,0.0,65.2104957777,0.0,2407.0,287.37,0.0,186.2,0,-506.2195042223003,0.0,3452,2913.2195042223
Data,6589,-0.0,0.0,43.22623739304838,0.0,2407.0,278.43,0.0,189.4,0,-426.9437626069523,0.0,3345,2833.9437626069516
Data,6590,-0.0,0.0,102.74343615306947,0.0,2407.0,299.67,0.0,186.2,0,-346.38656384693064,0.0,3342,2753.3865638469306
Data,6591,-0.0,0.0,884.4847069635352,0.0,2407.0,325.39,0.0,189.4,0,336.27470696353527,0.0,3470,2070.725293036465
Data,6592,-0.0,0.0,942.515455029057,0.0,2407.0,391.36,0.0,186.2,0,238.0754550290565,0.0,3689,2168.924544970943
Data,6593,-0.0,0.0,1088.3157963625306,0.0,2407.0,545.67,0.0,189.4,0,306.3857963625308,0.0,3924,2100.6142036374695
Data,6594,0.0,0.0,832.1643554288731,0.0,2407.0,679.85,0.0,186.2,0,97.21435542887289,0.0,4008,2309.785644571127
Data,6595,0.0,0.0,1035.4171903779695,0.0,2407.0,695.51,0.0,189.4,0,371.3271903779693,0.0,3956,2035.6728096220304
Data,6596,0.0,0.0,394.47291835271426,0.0,2407.0,653.02,0.0,186.2,0,-210.30708164728597,0.0,3851,2617.307081647286
Data,6597,0.0,0.0,241.771711927325,0.0,2407.0,519.95,0.0,38.4,0,-600.8782880726746,0.0,3808,3007.878288072675
Data,6598,0.0,0.0,53.057814158433914,0.0,2407.0,449.51,0.0,35.2,0,-837.2321858415661,0.0,3782,3244.232185841566
Data,6599,0.0,0.0,119.76904702477293,0.0,2407.0,407.02,0.0,38.4,0,-757.810952975227,0.0,3730,3164.810952975227
Data,6600,0.0,0.0,835.9387173167011,0.0,2407.0,373.47,0.0,35.2,0,-325.39128268329887,0.0,3977,2732.391282683299
Data,6601,0.0,0.0,842.4229603522474,0.0,2407.0,385.77,0.0,32.0,0,-286.8070396477526,0.0,3954,2693.8070396477524
Data,6602,0.0,0.0,840.7917622928112,0.0,2407.0,384.65,0.0,35.2,0,-386.3582377071889,0.0,4054,2793.358237707189
Data,6603,0.0,0.0,845.944510135623,0.0,2407.0,396.95,0.0,32.0,0,-495.10548986437726,0.0,4177,2902.105489864377
Data,6604,0.0,0.0,839.2742755644001,0.0,2407.0,474.11,0.0,35.2,0,-567.4157244355999,0.0,4323,2974.4157244355997
Data,6605,0.0,0.0,832.2549445548334,0.0,2407.0,485.29,0.0,32.0,0,-584.4550554451666,0.0,4341,2991.4550554451666
Data,6606,0.0,0.0,842.2589993490592,0.0,2407.0,502.06,0.0,35.2,0,-449.48100065094104,0.0,4236,2856.4810006509406
Data,6607,0.0,0.0,842.1200962878802,0.0,2407.0,436.09,0.0,32.0,0,-331.78990371211967,0.0,4049,2738.7899037121197
Data,6608,0.0,0.0,841.8016311559386,0.0,2407.0,434.97,0.0,38.4,0,-49.82836884406155,0.0,3772,2456.8283688440615
Data,6609,-0.0,0.0,839.1896252215196,0.0,2407.0,374.59,0.0,35.2,0,-86.02037477848046,0.0,3742,2493.0203747784803
Data,6610,-0.0,0.0,829.1540636965627,0.0,2407.0,365.65,0.0,38.4,0,106.20406369656291,0.0,3534,2300.7959363034374
Data,6611,-0.0,0.0,828.6522613746855,0.0,2407.0,319.8,0.0,35.2,0,92.65226137468545,0.0,3498,2314.3477386253144
Data,6612,-0.0,0.0,849.8011724553719,0.0,2407.0,287.37,0.0,35.2,0,147.3711724553716,0.0,3432,2259.628827544628
Data,6613,-0.0,0.0,902.8576656492464,0.0,2407.0,277.31,0.0,38.4,0,160.5676656492464,0.0,3465,2246.4323343507535
Data,6614,-0.0,0.0,997.6119475120959,0.0,2407.0,285.14,0.0,35.2,0,331.95194751209556,0.0,3393,2075.048052487904
Data,6615,-0.0,0.0,1083.3700574736758,0.0,2407.0,304.15,0.0,38.4,0,273.9200574736761,0.0,3559,2133.079942526324
Data,6616,-0.0,0.0,1118.9653441823712,0.0,2407.0,403.66,0.0,35.2,0,245.8253441823709,0.0,3719,2161.1746558176287
Data,6617,-0.0,0.0,1144.2411780302048,0.0,2407.0,571.39,0.0,38.4,0,310.0311780302047,0.0,3851,2096.968821969795
Data,6618,0.0,0.0,1397.568731820187,0.0,2407.0,702.22,0.0,35.2,0,499.98873182018696,0.0,4042,1907.011268179813
Data,6619,0.0,0.0,1402.9963535992424,0.0,2407.0,741.35,0.0,38.4,0,505.74635359924247,0.0,4084,1901.2536464007576
Data,6620,0.0,0.0,1070.5543599994014,0.0,2407.0,631.77,0.0,35.2,0,68.52435999940118,0.0,4076,2338.4756400005986
Data,6621,0.0,0.0,962.1159618417336,0.0,2407.0,518.84,0.0,38.4,0,-168.64403815826617,0.0,4095,2575.6440381582665
Data,6622,0.0,0.0,941.759854192335,0.0,2407.0,438.33,0.0,35.2,0,-381.7101458076653,0.0,4204,2788.710145807665
Data,6623,0.0,0.0,936.2392029450305,0.0,2407.0,374.59,0.0,38.4,0,-332.7707970549693,0.0,4089,2739.7707970549695
Data,6624,0.0,0.0,929.3130171279001,0.0,2407.0,371.24,0.0,35.2,0,-447.24698287210026,0.0,4190,2854.2469828721
Data,6625,0.0,0.0,927.9828173796002,0.0,2407.0,404.78,0.0,35.2,0,-397.03718262040024,0.0,4172,2804.0371826204
Data,6626,0.0,0.0,932.5597955686001,0.0,2407.0,420.44,0.0,32.0,0,-477.0002044313999,0.0,4269,2884.0002044314
Data,6627,0.0,0.0,928.949303774436,0.0,2407.0,430.5,0.0,35.2,0,-647.3506962255642,0.0,4449,3054.350696225564
Data,6628,0.0,0.0,940.9524589412291,0.0,2407.0,429.38,0.0,32.0,0,-695.6675410587708,0.0,4505,3102.667541058771
Data,6629,0.0,0.0,939.8211907653573,0.0,2407.0,443.92,0.0,35.2,0,-721.0588092346428,0.0,4547,3128.0588092346425
Data,6630,0.0,0.0,940.2494651877415,0.0,2407.0,506.54,0.0,35.2,0,-593.0105348122587,0.0,4482,3000.0105348122584
Data,6631,0.0,0.0,945.0569738145837,0.0,2407.0,590.4,0.0,35.2,0,-396.34302618541653,0.0,4374,2803.3430261854164
Data,6632,0.0,0.0,948.6231569174181,0.0,2407.0,616.12,0.0,38.4,0,-168.85684308258243,0.0,4179,2575.8568430825817
Data,6633,-0.0,0.0,941.85044761377,0.0,2407.0,446.15,0.0,35.2,0,-334.79955238623006,0.0,4165,2741.79955238623
Data,6634,-0.0,0.0,938.8595817914896,0.0,2407.0,353.35,0.0,38.4,0,-309.39041820851037,0.0,4047,2716.3904182085103
Data,6635,-0.0,0.0,949.5569453743713,0.0,2407.0,306.38,0.0,35.2,0,-163.8630546256288,0.0,3862,2570.8630546256286
Data,6636,-0.0,0.0,969.1033812075448,0.0,2407.0,287.37,0.0,38.4,0,-35.126618792455254,0.0,3737,2442.1266187924552
Data,6637,-0.0,0.0,1175.1240451681533,0.0,2407.0,271.72,0.0,35.2,0,196.0440451681533,0.0,3693,2210.9559548318466
Data,6638,-0.0,0.0,1315.116075577294,0.0,2407.0,303.03,0.0,35.2,0,390.3460755772936,0.0,3670,2016.653924422706
Data,6639,-0.0,0.0,1608.4015288215555,0.0,2407.0,341.05,0.0,35.2,0,559.6515288215554,0.0,3832,1847.3484711784445
Data,6640,-0.0,0.0,1892.9357798412968,0.0,2407.0,389.13,0.0,38.4,0,646.465779841297,0.0,4081,1760.5342201587032
Data,6641,-0.0,0.0,2057.487409296,0.0,2407.0,513.25,0.0,35.2,0,845.9374092959997,0.0,4167,1561.062590704
Data,6642,-0.0,0.0,2040.7766211610003,0.0,2407.0,716.75,0.0,35.2,0,849.7266211610001,0.0,4350,1557.2733788389996
Data,6643,0.0,0.0,2064.688983502,0.0,2407.0,783.85,0.0,35.2,0,895.7389835019999,0.0,4395,1511.261016498
Data,6644,0.0,0.0,2116.1212218600003,0.0,2407.0,707.81,0.0,38.4,0,939.3312218599999,0.0,4330,1467.6687781399996
Data,6645,0.0,0.0,2121.0334169370003,0.0,2407.0,608.29,0.0,35.2,0,845.5234169370001,0.0,4326,1561.4765830629997
Data,6646,0.0,0.0,2115.157306954,0.0,2407.0,522.19,0.0,35.2,0,779.5473069539999,0.0,4300,1627.452693046
Data,6647,0.0,0.0,2107.41353371,0.0,2407.0,458.45,0.0,35.2,0,829.0635337099998,0.0,4179,1577.9364662899998
Data,6648,0.0,0.0,2090.5452591040003,0.0,2407.0,422.67,0.0,38.4,0,616.615259104,0.0,4342,1790.3847408959998
Data,6649,0.0,0.0,2069.911771379,0.0,2407.0,447.27,0.0,32.0,0,616.1817713790001,0.0,4340,1790.818228621
Data,6650,0.0,0.0,2064.266588712,0.0,2407.0,458.45,0.0,32.0,0,527.716588712,0.0,4434,1879.2834112879998
Data,6651,0.0,0.0,2072.7545264484,0.0,2407.0,469.64,0.0,35.2,0,421.59452644839985,0.0,4563,1985.4054735516
Data,6652,0.0,0.0,2078.5949249716004,0.0,2407.0,480.82,0.0,32.0,0,342.41492497160016,0.0,4656,2064.5850750283994
Data,6653,0.0,0.0,2075.053808738,0.0,2407.0,471.87,0.0,32.0,0,278.92380873799993,0.0,4707,2128.076191262
Data,6654,0.0,0.0,2081.77561647,0.0,2407.0,466.28,0.0,35.2,0,367.2556164699995,0.0,4623,2039.74438353
Data,6655,0.0,0.0,2069.6456162335,0.0,2407.0,458.45,0.0,35.2,0,467.29561623349946,0.0,4503,1939.7043837665
Data,6656,0.0,0.0,1997.3887498221602,0.0,2407.0,507.65,0.0,35.2,0,583.2387498221601,0.0,4364,1823.7612501778399
Data,6657,-0.0,0.0,1882.2511051535391,0.0,2407.0,399.19,0.0,38.4,0,396.8411051535388,0.0,4330,2010.158894846461
Data,6658,-0.0,0.0,1917.495159626,0.0,2407.0,346.64,0.0,35.2,0,517.3351596259997,0.0,4189,1889.664840374
Data,6659,-0.0,0.0,1836.8613383538861,0.0,2407.0,303.03,0.0,35.2,0,561.0913383538857,0.0,4021,1845.9086616461138
Data,6660,-0.0,0.0,1637.8809755465052,0.0,2407.0,301.91,0.0,38.4,0,412.1909755465051,0.0,3973,1994.8090244534949
Data,6661,-0.0,0.0,1826.9676492328215,0.0,2407.0,294.08,0.0,35.2,0,667.2476492328211,0.0,3896,1739.7523507671785
Data,6662,-0.0,0.0,1830.3683058756965,0.0,2407.0,300.79,0.0,35.2,0,684.3583058756961,0.0,3889,1722.6416941243035
Data,6663,-0.0,0.0,1915.0531524628136,0.0,2407.0,329.86,0.0,35.2,0,694.1131524628136,0.0,3993,1712.8868475371864
Data,6664,-0.0,0.0,1999.945133383545,0.0,2407.0,401.43,0.0,38.4,0,677.7751333835444,0.0,4169,1729.224866616455
Data,6665,-0.0,0.0,2029.867110946092,0.0,2407.0,563.56,0.0,35.2,0,683.6271109460919,0.0,4352,1723.372889053908
Data,6666,0.0,0.0,2061.1073239994344,0.0,2407.0,707.81,0.0,35.2,0,663.1173239994342,0.0,4548,1743.8826760005657
Data,6667,0.0,0.0,1932.7657820076342,0.0,2407.0,701.1,0.0,35.2,0,521.0657820076341,0.0,4555,1885.9342179923658
Data,6668,0.0,0.0,2050.6818389322343,0.0,2407.0,647.43,0.0,35.2,0,640.3118389322341,0.0,4500,1766.6881610677658
Data,6669,0.0,0.0,2042.3262055122345,0.0,2407.0,559.09,0.0,38.4,0,577.8162055122342,0.0,4469,1829.1837944877655
Data,6670,0.0,0.0,1868.2331973631344,0.0,2407.0,507.65,0.0,35.2,0,388.0831973631342,0.0,4430,2018.9168026368657
Data,6671,0.0,0.0,2043.0063833906347,0.0,2407.0,447.27,0.0,35.2,0,669.4763833906344,0.0,4263,1737.5236166093653
Data,6672,0.0,0.0,2038.0223213506347,0.0,2407.0,446.15,0.0,35.2,0,534.3723213506345,0.0,4392,1872.6276786493654
Data,6673,0.0,0.0,2040.6785332378345,0.0,2407.0,433.85,0.0,35.2,0,577.7285332378343,0.0,4339,1829.2714667621656
Data,6674,0.0,0.0,2039.8576289018347,0.0,2407.0,434.97,0.0,32.0,0,442.8276289018348,0.0,4471,1964.1723710981653
Data,6675,0.0,0.0,1994.2538747474346,0.0,2407.0,433.85,0.0,32.0,0,225.10387474743482,0.0,4642,2181.8961252525655
Data,6676,0.0,0.0,1961.4892505626344,0.0,2407.0,445.04,0.0,32.0,0,78.52925056263427,0.0,4767,2328.4707494373656
Data,6677,0.0,0.0,1942.4660881146347,0.0,2407.0,438.33,0.0,32.0,0,0.7960881146344718,0.0,4819,2406.2039118853654
Data,6678,0.0,0.0,1933.0960211514343,0.0,2407.0,502.06,0.0,35.2,0,129.35602115143445,0.0,4748,2277.6439788485654
Data,6679,0.0,0.0,1931.2075700162345,0.0,2407.0,592.64,0.0,35.2,0,272.0475700162341,0.0,4694,2134.9524299837653
Data,6680,0.0,0.0,1653.2949222681345,0.0,2407.0,649.66,0.0,38.4,0,200.35492226813392,0.0,4548,2206.6450777318655
Data,6681,-0.0,0.0,1697.892352035134,0.0,2407.0,580.34,0.0,35.2,0,94.43235203513416,0.0,4626,2312.567647964866
Data,6682,-0.0,0.0,1720.8809383051344,0.0,2407.0,456.22,0.0,35.2,0,17.30093830513431,0.0,4602,2389.6990616948656
Data,6683,-0.0,0.0,1661.5447327152342,0.0,2407.0,339.93,0.0,38.4,0,-45.12526728476598,0.0,4492,2452.125267284766
Data,6684,-0.0,0.0,1545.7844329023342,0.0,2407.0,320.92,0.0,38.4,0,-34.89556709766623,0.0,4347,2441.8955670976657
Data,6685,-0.0,0.0,1484.0578057411344,0.0,2407.0,307.5,0.0,38.4,0,25.95780574113394,0.0,4211,2381.0421942588655
Data,6686,-0.0,0.0,1513.188733599034,0.0,2407.0,317.56,0.0,38.4,0,90.14873359903379,0.0,4186,2316.851266400966
Data,6687,-0.0,0.0,1588.0120701404344,0.0,2407.0,363.41,0.0,38.4,0,120.822070140434,0.0,4276,2286.1779298595657
Data,6688,-0.0,0.0,1710.8311601517344,0.0,2407.0,496.47,0.0,38.4,0,79.70116015173414,0.0,4573,2327.2988398482657
Data,6689,-0.0,0.0,1768.0950812253345,0.0,2407.0,639.6,0.0,38.4,0,179.09508122533407,0.0,4674,2227.9049187746655
Data,6690,0.0,0.0,1883.3547318034346,0.0,2407.0,687.68,0.0,38.4,0,128.43473180343437,0.0,4888,2278.5652681965653
Data,6691,0.0,0.0,1867.0601317280343,0.0,2407.0,721.23,0.0,35.2,0,150.4901317280345,0.0,4880,2256.509868271966
Data,6692,0.0,0.0,1604.1810674498342,0.0,2407.0,705.57,0.0,38.4,0,5.151067449833931,0.0,4750,2401.8489325501655
Data,6693,0.0,0.0,1769.5779107388344,0.0,2407.0,564.68,0.0,38.4,0,93.65791073883372,0.0,4686,2313.3420892611657
Data,6694,0.0,0.0,1845.4397826827344,0.0,2407.0,506.54,0.0,38.4,0,222.3797826827339,0.0,4575,2184.6202173172655
Data,6695,0.0,0.0,1778.1545759901342,0.0,2407.0,471.87,0.0,38.4,0,360.4245759901338,0.0,4335,2046.5754240098659
Data,6696,0.0,0.0,1623.5128215176342,0.0,2407.0,461.81,0.0,38.4,0,68.72282151763386,0.0,4462,2338.277178482366
Data,6697,0.0,0.0,1452.3482448003342,0.0,2407.0,424.91,0.0,35.2,0,-72.54175519966623,0.0,4392,2479.5417551996657
Data,6698,0.0,0.0,1634.0601421721344,0.0,2407.0,436.09,0.0,32.0,0,-10.849857827865549,0.0,4520,2417.8498578278654
Data,6699,0.0,0.0,1551.2823568834342,0.0,2407.0,476.35,0.0,35.2,0,-206.1676431165655,0.0,4676,2613.1676431165656
Data,6700,0.0,0.0,1507.9001236642343,0.0,2407.0,554.62,0.0,35.2,0,-282.27987633576595,0.0,4787,2689.2798763357655
Data,6701,0.0,0.0,1439.754503196234,0.0,2407.0,538.96,0.0,35.2,0,-389.085496803766,0.0,4810,2796.085496803766
Data,6702,0.0,0.0,1294.2018438318341,0.0,2407.0,589.28,0.0,35.2,0,-439.3181561681664,0.0,4765,2846.318156168166
Data,6703,0.0,0.0,1274.4537982400343,0.0,2407.0,606.05,0.0,38.4,0,-440.096201759966,0.0,4766,2847.096201759966
Data,6704,0.0,0.0,1173.7066538655604,0.0,2407.0,640.72,0.0,35.2,0,-427.37334613443954,0.0,4684,2834.3733461344395
Data,6705,-0.0,0.0,1052.288406802149,0.0,2407.0,587.05,0.0,38.4,0,-665.2615931978512,0.0,4750,3072.261593197851
Data,6706,-0.0,0.0,1021.9331942895421,0.0,2407.0,443.92,0.0,38.4,0,-817.7468057104581,0.0,4729,3224.746805710458
Data,6707,-0.0,0.0,1008.2553940713907,0.0,2407.0,355.58,0.0,38.4,0,-859.7646059286097,0.0,4669,3266.7646059286094
Data,6708,-0.0,0.0,1043.6847726468209,0.0,2407.0,341.05,0.0,38.4,0,-787.8652273531792,0.0,4618,3194.8652273531793
Data,6709,-0.0,0.0,1001.0326702861696,0.0,2407.0,323.15,0.0,38.4,0,-780.4173297138311,0.0,4550,3187.4173297138304
Data,6710,-0.0,0.0,1005.1488869999356,0.0,2407.0,336.57,0.0,38.4,0,-749.881113000065,0.0,4537,3156.8811130000645
Data,6711,-0.0,0.0,1129.1089976569276,0.0,2407.0,393.6,0.0,38.4,0,-613.8910023430724,0.0,4582,3020.891002343072
Data,6712,-0.0,0.0,1367.0609067243581,0.0,2407.0,519.95,0.0,38.4,0,-379.5890932756424,0.0,4712,2786.589093275642
Data,6713,-0.0,0.0,1725.405285825334,0.0,2407.0,712.28,0.0,38.4,0,57.08528582533347,0.0,4826,2349.914714174666
Data,6714,0.0,0.0,2331.7645760734345,0.0,2407.0,789.44,0.0,38.4,0,671.604576073434,0.0,4895,1735.3954239265654
Data,6715,-0.0,0.0,2194.6763777684346,0.0,2407.0,781.61,0.0,38.4,0,587.6863777684342,0.0,4834,1819.3136222315654
Data,6716,0.0,0.0,1881.1187369413342,0.0,2407.0,697.75,0.0,38.4,0,337.2687369413337,0.0,4687,2069.7312630586657
Data,6717,0.0,0.0,1802.5616961246342,0.0,2407.0,534.49,0.0,35.2,0,179.2516961246339,0.0,4600,2227.7483038753658
Data,6718,0.0,0.0,1882.5825575304343,0.0,2407.0,503.18,0.0,38.4,0,363.1625575304337,0.0,4468,2043.8374424695658
Data,6719,0.0,0.0,1730.7497258956341,0.0,2407.0,459.57,0.0,38.4,0,335.71972589563404,0.0,4300,2071.280274104366
Data,6720,0.0,0.0,1752.925440697934,0.0,2407.0,460.69,0.0,38.4,0,224.01544069793374,0.0,4435,2182.984559302066
Data,6721,0.0,0.0,1717.3739856037341,0.0,2407.0,461.81,0.0,186.2,0,387.3839856037338,0.0,4385,2019.6160143962659
Data,6722,0.0,0.0,1684.141247739834,0.0,2407.0,472.99,0.0,329.9212,0,417.0524477398334,0.0,4477,1989.947552260166
Data,6723,0.0,0.0,1679.6454654607342,0.0,2407.0,490.88,0.0,537.2,0,522.725465460734,0.0,4592,1884.274534539266
Data,6724,0.0,0.0,1509.0856898826341,0.0,2407.0,485.29,0.0,183.0,0,-73.62431011736601,0.0,4658,2480.624310117366
Data,6725,0.0,0.0,1535.1589136856342,0.0,2407.0,472.99,0.0,537.2,0,268.3489136856339,0.0,4684,2138.651086314366
Data,6726,0.0,0.0,1280.0310344109705,0.0,2407.0,547.91,0.0,537.2,0,105.14103441097024,0.0,4667,2301.8589655890296
Data,6727,0.0,0.0,794.872537932622,0.0,2407.0,595.99,0.0,537.2,0,-368.9374620673784,0.0,4704,2775.937462067378
Data,6728,0.0,0.0,640.8247342249075,0.0,2407.0,692.15,0.0,540.4,0,-323.6252657750923,0.0,4604,2730.6252657750924
Data,6729,-0.0,0.0,328.1078358100481,0.0,2407.0,572.51,0.0,522.5266,0,-890.8555641899516,0.0,4721,3297.855564189952
Data,6730,-0.0,0.0,445.2320304852013,0.0,2407.0,453.98,0.0,540.4,0,-796.3879695147991,0.0,4643,3203.387969514799
Data,6731,-0.0,0.0,503.82416592463017,0.0,2407.0,370.12,0.0,540.4,0,-620.6558340753699,0.0,4442,3027.65583407537
Data,6732,-0.0,0.0,434.9077561204749,0.0,2407.0,344.4,0.0,537.2,0,-767.4922438795252,0.0,4491,3174.492243879525
Data,6733,-0.0,0.0,541.2932586039857,0.0,2407.0,315.33,0.0,543.6,0,-493.77674139601453,0.0,4301,2900.776741396014
Data,6734,-0.0,0.0,483.4624665792841,0.0,2407.0,327.63,0.0,537.2,0,-555.7075334207159,0.0,4311,2962.7075334207157
Data,6735,-0.0,0.0,523.6039995315354,0.0,2407.0,383.54,0.0,540.4,0,-556.4560004684646,0.0,4411,2963.4560004684645
Data,6736,-0.0,0.0,1009.5138966667605,0.0,2407.0,483.05,0.0,540.4,0,-151.03610333323917,0.0,4591,2558.0361033332397
Data,6737,-0.0,0.0,1257.5850647361597,0.0,2407.0,715.64,0.0,540.4,0,121.62506473615913,0.0,4799,2285.3749352638406
Data,6738,-0.0,0.0,1951.847601186134,0.0,2407.0,820.75,0.0,540.4,0,896.9976011861337,0.0,4823,1510.002398813866
Data,6739,0.0,0.0,1692.3894529116342,0.0,2407.0,828.57,0.0,540.4,0,743.3594529116341,0.0,4725,1663.6405470883658
Data,6740,0.0,0.0,1510.7465373170344,0.0,2407.0,826.34,0.0,540.4,0,701.4865373170345,0.0,4583,1705.5134626829656
Data,6741,0.0,0.0,1558.2332237898345,0.0,2407.0,572.51,0.0,540.4,0,623.1432237898342,0.0,4455,1783.8567762101657
Data,6742,0.0,0.0,1911.0361252429343,0.0,2407.0,556.85,0.0,540.4,0,1112.2861252429343,0.0,4303,1294.7138747570657
Data,6743,0.0,0.0,1410.4897038026343,0.0,2407.0,496.47,0.0,540.4,0,734.359703802634,0.0,4120,1672.6402961973658
Data,6744,0.0,0.0,1423.8795812827339,0.0,2407.0,469.64,0.0,540.4,0,615.9195812827339,0.0,4225,1791.0804187172662
Data,6745,0.0,0.0,1578.3577751746343,0.0,2407.0,461.81,0.0,537.2,0,799.3677751746342,0.0,4185,1607.6322248253657
Data,6746,0.0,0.0,1801.7591114891343,0.0,2407.0,487.53,0.0,537.2,0,912.4891114891338,0.0,4321,1494.5108885108657
Data,6747,0.0,0.0,1702.5028035554342,0.0,2407.0,508.77,0.0,534.0,0,670.272803555434,0.0,4482,1736.7271964445658
Data,6748,0.0,0.0,1978.042297598734,0.0,2407.0,553.5,0.0,537.2,0,852.7422975987339,0.0,4623,1554.257702401266
Data,6749,0.0,0.0,1230.6457729278345,0.0,2407.0,588.16,0.0,537.2,0,108.00577292783407,0.0,4655,2298.9942270721654
Data,6750,0.0,0.0,1248.2141943577344,0.0,2407.0,597.11,0.0,537.2,0,195.52419435773425,0.0,4594,2211.4758056422656
Data,6751,0.0,0.0,1299.8329355207625,0.0,2407.0,602.7,0.0,537.2,0,280.73293552076206,0.0,4566,2126.2670644792374
Data,6752,0.0,0.0,913.5502567081329,0.0,2407.0,625.06,0.0,540.4,0,35.01025670813294,0.0,4451,2371.989743291867
Data,6753,-0.0,0.0,534.6725712726185,0.0,2407.0,564.68,0.0,540.4,0,-559.2474287273816,0.0,4606,2966.2474287273817
Data,6754,-0.0,0.0,503.3332505764318,0.0,2407.0,453.98,0.0,540.4,0,-630.286749423568,0.0,4535,3037.2867494235684
Data,6755,-0.0,0.0,585.6017224659258,0.0,2407.0,338.81,0.0,540.4,0,-421.18827753407413,0.0,4293,2828.188277534074
Data,6756,-0.0,0.0,677.5667063606172,0.0,2407.0,304.15,0.0,540.4,0,-160.88329363938254,0.0,4090,2567.883293639383
Data,6757,-0.0,0.0,606.4386882455464,0.0,2407.0,280.66,0.0,537.2,0,-16.701311754453982,0.0,3848,2423.7013117544534
Data,6758,-0.0,0.0,612.3589756991234,0.0,2407.0,289.61,0.0,540.4,0,-14.631024300876291,0.0,3864,2421.6310243008766
Data,6759,-0.0,0.0,702.6166166737443,0.0,2407.0,329.86,0.0,540.4,0,-33.12338332625549,0.0,4013,2440.123383326256
Data,6760,-0.0,0.0,747.6509003345342,0.0,2407.0,441.68,0.0,540.4,0,-180.2690996654659,0.0,4317,2587.269099665466
Data,6761,-0.0,0.0,917.5238530211342,0.0,2407.0,649.66,0.0,540.4,0,17.583853021134132,0.0,4497,2389.416146978866
Data,6762,0.0,0.0,1389.0730604371342,0.0,2407.0,725.7,0.0,540.4,0,434.1730604371345,0.0,4628,1972.8269395628658
Data,6763,0.0,0.0,1502.192124470434,0.0,2407.0,727.94,0.0,540.4,0,565.5321244704343,0.0,4612,1841.4678755295658
Data,6764,0.0,0.0,1441.048000240834,0.0,2407.0,727.94,0.0,540.4,0,609.3880002408342,0.0,4507,1797.6119997591659
Data,6765,0.0,0.0,1396.279455238834,0.0,2407.0,592.64,0.0,537.2,0,546.1194552388339,0.0,4387,1860.8805447611658
Data,6766,0.0,0.0,1562.118883634534,0.0,2407.0,497.59,0.0,540.4,0,699.1088836345344,0.0,4308,1707.891116365466
Data,6767,0.0,0.0,1545.6626839885344,0.0,2407.0,457.34,0.0,540.4,0,790.4026839885345,0.0,4160,1616.5973160114656
Data,6768,0.0,0.0,1633.4741705117344,0.0,2407.0,434.97,0.0,540.4,0,699.8441705117342,0.0,4316,1707.1558294882657
Data,6769,0.0,0.0,1867.1609203614341,0.0,2407.0,441.68,0.0,537.2,0,949.0409203614337,0.0,4304,1457.9590796385658
Data,6770,0.0,0.0,1881.7080800183344,0.0,2407.0,459.57,0.0,534.0,0,815.2780800183344,0.0,4467,1591.7219199816657
Data,6771,0.0,0.0,1952.5556208191342,0.0,2407.0,449.51,0.0,537.2,0,752.2656208191343,0.0,4594,1654.7343791808657
Data,6772,0.0,0.0,1755.3894035931344,0.0,2407.0,438.33,0.0,537.2,0,382.9194035931341,0.0,4755,2024.0805964068657
Data,6773,0.0,0.0,1909.8092812342343,0.0,2407.0,452.86,0.0,537.2,0,501.8692812342341,0.0,4805,1905.1307187657658
Data,6774,0.0,0.0,1500.4716066433343,0.0,2407.0,446.15,0.0,537.2,0,222.82160664333423,0.0,4668,2184.1783933566658
Data,6775,0.0,0.0,1327.0125699404343,0.0,2407.0,419.32,0.0,540.4,0,89.73256994043459,0.0,4604,2317.267430059566
Data,6776,0.0,0.0,988.3274015452427,0.0,2407.0,471.87,0.0,540.4,0,51.59740154524263,0.0,4356,2355.4025984547575
Data,6777,-0.0,0.0,865.4649704129401,0.0,2407.0,412.61,0.0,540.4,0,-58.525029587059635,0.0,4284,2465.52502958706
Data,6778,-0.0,0.0,717.318576777388,0.0,2407.0,374.59,0.0,537.2,0,-117.891423222612,0.0,4154,2524.891423222612
Data,6779,-0.0,0.0,653.8265890890922,0.0,2407.0,294.08,0.0,189.4,0,-389.69341091090786,0.0,3934,2796.693410910908
Data,6780,-0.0,0.0,533.2924313611089,0.0,2407.0,289.61,0.0,273.4241,0,-263.67346863889077,0.0,3767,2670.673468638891
Data,6781,-0.0,0.0,447.5517559529383,0.0,2407.0,280.66,0.0,189.4,0,-313.38824404706173,0.0,3638,2720.3882440470616
Data,6782,-0.0,0.0,556.6069681353976,0.0,2407.0,301.91,0.0,540.4,0,180.91696813539747,0.0,3625,2226.0830318646026
Data,6783,-0.0,0.0,676.00474540033,0.0,2407.0,325.39,0.0,189.4,0,-98.20525459967001,0.0,3696,2505.20525459967
Data,6784,-0.0,0.0,620.9821090705088,0.0,2407.0,438.33,0.0,186.2,0,-344.4878909294914,0.0,3997,2751.487890929491
Data,6785,-0.0,0.0,766.9382675432753,0.0,2407.0,623.95,0.0,540.4,0,67.28826754327568,0.0,4271,2339.711732456725
Data,6786,0.0,0.0,1510.379163289098,0.0,2407.0,698.86,0.0,540.4,0,664.6391632890982,0.0,4492,1742.360836710902
Data,6787,0.0,0.0,1639.4725989408157,0.0,2407.0,685.45,0.0,540.4,0,753.3225989408162,0.0,4519,1653.6774010591844
Data,6788,0.0,0.0,2033.3710245228765,0.0,2407.0,685.45,0.0,540.4,0,1210.2210245228769,0.0,4456,1196.7789754771234
Data,6789,0.0,0.0,1741.4478766012287,0.0,2407.0,543.44,0.0,537.2,0,830.0878766012286,0.0,4399,1576.9121233987712
Data,6790,0.0,0.0,2069.8174079521245,0.0,2407.0,452.86,0.0,540.4,0,1147.0774079521248,0.0,4323,1259.9225920478755
Data,6791,0.0,0.0,2040.1879993954603,0.0,2407.0,426.03,0.0,540.4,0,1293.6179993954606,0.0,4120,1113.3820006045398
Data,6792,0.0,0.0,2157.8355347784386,0.0,2407.0,415.96,0.0,540.4,0,1286.195534778439,0.0,4235,1120.8044652215615
Data,6793,0.0,0.0,1662.6507344646461,0.0,2407.0,418.2,0.0,537.2,0,854.0507344646458,0.0,4171,1552.9492655353538
Data,6794,0.0,0.0,1772.1265100294293,0.0,2407.0,443.92,0.0,534.0,0,853.0465100294294,0.0,4304,1553.9534899705707
Data,6795,0.0,0.0,2012.567004214277,0.0,2407.0,457.34,0.0,537.2,0,952.1070042142769,0.0,4462,1454.892995785723
Data,6796,0.0,0.0,2063.07896110837,0.0,2407.0,468.52,0.0,537.2,0,882.79896110837,0.0,4593,1524.2010388916299
Data,6797,0.0,0.0,2137.653560093446,0.0,2407.0,494.24,0.0,537.2,0,887.0935600934451,0.0,4689,1519.9064399065542
Data,6798,0.0,0.0,2033.7567201107818,0.0,2407.0,507.65,0.0,537.2,0,890.6067201107818,0.0,4595,1516.3932798892183
Data,6799,0.0,0.0,1636.3594231349,0.0,2407.0,507.65,0.0,534.0,0,562.0094231349001,0.0,4523,1844.9905768651001
Data,6800,0.0,0.0,1453.5522632934,0.0,2407.0,514.36,0.0,540.4,0,587.3122632934003,0.0,4328,1819.6877367066
Data,6801,-0.0,0.0,578.4094187784,0.0,2407.0,455.1,0.0,540.4,0,-436.0905812216,0.0,4417,2843.0905812216
Data,6802,-0.0,0.0,668.8833187578563,0.0,2407.0,376.83,0.0,189.4,0,-720.8866812421442,0.0,4363,3127.886681242144
Data,6803,-0.0,0.0,1113.1732246227778,0.0,2407.0,304.15,0.0,540.4,0,212.72322462277793,0.0,4152,2194.2767753772223
Data,6804,-0.0,0.0,651.6438299922155,0.0,2407.0,296.32,0.0,540.4,0,-44.63617000778429,0.0,3940,2451.6361700077846
Data,6805,-0.0,0.0,1109.7188383928426,0.0,2407.0,275.07,0.0,540.4,0,490.18883839284297,0.0,3842,1916.8111616071574
Data,6806,-0.0,0.0,1249.2190688582386,0.0,2407.0,292.96,0.0,537.2,0,481.3790688582385,0.0,4005,1925.6209311417613
Data,6807,-0.0,0.0,1105.5939309501098,0.0,2407.0,353.35,0.0,540.4,0,200.34393095010984,0.0,4206,2206.65606904989
Data,6808,-0.0,0.0,1670.5601802454164,0.0,2407.0,434.97,0.0,540.4,0,669.9301802454164,0.0,4383,1737.0698197545835
Data,6809,-0.0,0.0,1764.82233003651,0.0,2407.0,611.65,0.0,540.4,0,824.8723300365102,0.0,4499,1582.12766996349
Data,6810,0.0,0.0,1957.864288359136,0.0,2407.0,704.45,0.0,186.2,0,551.5142883591358,0.0,4704,1855.4857116408639
Data,6811,0.0,0.0,1886.5487067796248,0.0,2407.0,697.75,0.0,189.4,0,424.6987067796244,0.0,4756,1982.301293220375
Data,6812,0.0,0.0,2132.385286571843,0.0,2407.0,688.8,0.0,189.4,0,779.585286571843,0.0,4638,1627.4147134281568
Data,6813,0.0,0.0,1968.6176957067328,0.0,2407.0,572.51,0.0,189.4,0,548.5276957067325,0.0,4589,1858.4723042932671
Data,6814,0.0,0.0,1318.0653273698488,0.0,2407.0,547.91,0.0,189.4,0,-91.62467263015184,0.0,4554,2498.624672630151
Data,6815,0.0,0.0,1464.8182218081186,0.0,2407.0,525.55,0.0,373.873,0,423.2412218081183,0.0,4348,1983.7587781918814
Data,6816,0.0,0.0,1294.033787061105,0.0,2407.0,507.65,0.0,186.2,0,-16.11621293889517,0.0,4411,2423.116212938895
Data,6817,0.0,0.0,1450.82948903539,0.0,2407.0,437.21,0.0,425.5201,0,370.5595890353902,0.0,4350,2036.44041096461
Data,6818,0.0,0.0,1385.4504744808382,0.0,2407.0,437.21,0.0,401.7229,0,100.38337448083811,0.0,4531,2306.616625519162
Data,6819,0.0,0.0,1289.7110496110397,0.0,2407.0,464.05,0.0,396.807,0,-154.43195038896033,0.0,4712,2561.43195038896
Data,6820,0.0,0.0,1298.0743665150148,0.0,2407.0,494.24,0.0,537.2,0,-103.48563348498563,0.0,4840,2510.485633484985
Data,6821,0.0,0.0,1280.5097308943464,0.0,2407.0,489.76,0.0,537.2,0,-181.53026910565353,0.0,4896,2588.5302691056536
Data,6822,0.0,0.0,1246.3941146973975,0.0,2407.0,527.78,0.0,186.2,0,-506.6258853026029,0.0,4874,2913.6258853026025
Data,6823,0.0,0.0,1260.5744789340968,0.0,2407.0,579.22,0.0,189.4,0,-516.8055210659033,0.0,4953,2923.805521065903
Data,6824,0.0,0.0,1193.9433707719143,0.0,2407.0,660.85,0.0,186.2,0,-411.00662922808596,0.0,4859,2818.006629228086
Data,6825,-0.0,0.0,1150.505419403374,0.0,2407.0,642.95,0.0,370.6501,0,-534.8944805966264,0.0,5106,2941.894480596626
Data,6826,-0.0,0.0,1105.066708731582,0.0,2407.0,611.65,0.0,540.4,0,-535.8832912684182,0.0,5200,2942.8832912684184
Data,6827,-0.0,0.0,1044.137013751828,0.0,2407.0,494.24,0.0,394.8865,0,-758.7364862481726,0.0,5099,3165.7364862481722
Data,6828,-0.0,0.0,1175.2546974721872,0.0,2407.0,408.14,0.0,540.4,0,-477.2053025278133,0.0,5008,2884.205302527813
Data,6829,-0.0,0.0,1272.2666791209112,0.0,2407.0,392.48,0.0,189.4,0,-496.8533208790895,0.0,4758,2903.8533208790886
Data,6830,-0.0,0.0,1403.8184626478728,0.0,2407.0,410.37,0.0,540.4,0,-65.41153735212757,0.0,4827,2472.411537352127
Data,6831,-0.0,0.0,1411.2116912798444,0.0,2407.0,450.63,0.0,344.8453,0,-325.31300872015555,0.0,4939,2732.3130087201557
Data,6832,-0.0,0.0,1385.051870088871,0.0,2407.0,560.21,0.0,189.4,0,-557.3381299111292,0.0,5099,2964.338129911129
Data,6833,-0.0,0.0,1325.3041777454669,0.0,2407.0,742.47,0.0,189.4,0,-508.8258222545333,0.0,5173,2915.8258222545333
Data,6834,0.0,0.0,1352.7070028539906,0.0,2407.0,854.29,0.0,189.4,0,-382.60299714600967,0.0,5186,2789.6029971460093
Data,6835,0.0,0.0,1315.7102055484902,0.0,2407.0,868.83,0.0,189.4,0,-339.0597944515103,0.0,5120,2746.05979445151
Data,6836,0.0,0.0,1257.4104498656134,0.0,2407.0,783.85,0.0,189.4,0,-299.3395501343871,0.0,4937,2706.3395501343866
Data,6837,0.0,0.0,1215.8692654024385,0.0,2407.0,630.65,0.0,186.2,0,-386.2807345975615,0.0,4826,2793.2807345975616
Data,6838,0.0,0.0,1122.4019398845346,0.0,2407.0,554.62,0.0,189.4,0,-443.57806011546586,0.0,4717,2850.578060115465
Data,6839,0.0,0.0,1463.471642436553,0.0,2407.0,502.06,0.0,189.4,0,142.93164243655272,0.0,4419,2264.068357563447
Data,6840,0.0,0.0,1409.3979327743252,0.0,2407.0,477.46,0.0,189.4,0,24.25793277432492,0.0,4459,2382.742067225675
Data,6841,0.0,0.0,1199.152342704526,0.0,2407.0,484.17,0.0,186.2,0,-88.477657295474,0.0,4365,2495.477657295474
Data,6842,0.0,0.0,1276.594814866981,0.0,2407.0,507.65,0.0,183.0,0,-144.75518513301887,0.0,4519,2551.755185133019
Data,6843,0.0,0.0,1378.5983911314788,0.0,2407.0,507.65,0.0,186.2,0,-199.55160886852127,0.0,4679,2606.5516088685213
Data,6844,0.0,0.0,1330.8291907975715,0.0,2407.0,494.24,0.0,434.9184,0,-122.01240920242822,0.0,4789,2529.0124092024284
Data,6845,0.0,0.0,1317.2983633949118,0.0,2407.0,474.11,0.0,534.0,0,-83.59163660508807,0.0,4816,2490.5916366050883
Data,6846,0.0,0.0,1126.3754913429643,0.0,2407.0,474.11,0.0,186.2,0,-620.3145086570362,0.0,4814,3027.3145086570357
Data,6847,0.0,0.0,1180.9214833074543,0.0,2407.0,528.9,0.0,186.2,0,-615.9785166925462,0.0,4919,3022.978516692546
Data,6848,0.0,0.0,1037.1096061987887,0.0,2407.0,703.34,0.0,186.2,0,-532.3503938012113,0.0,4866,2939.3503938012113
Data,6849,-0.0,0.0,1074.3513293909948,0.0,2407.0,702.22,0.0,183.0,0,-776.428670609005,0.0,5143,3183.428670609005
Data,6850,-0.0,0.0,958.7288868022478,0.0,2407.0,617.24,0.0,189.4,0,-984.6311131977528,0.0,5157,3391.6311131977523
Data,6851,-0.0,0.0,1058.5272595053518,0.0,2407.0,358.94,0.0,192.6,0,-956.9327404946483,0.0,4974,3363.932740494648
Data,6852,-0.0,0.0,976.0143168729163,0.0,2407.0,284.02,0.0,189.4,0,-937.5656831270836,0.0,4794,3344.5656831270835
Data,6853,-0.0,0.0,568.2650515624653,0.0,2407.0,269.48,0.0,543.6,0,-700.6549484375348,0.0,4489,3107.6549484375346
Data,6854,-0.0,0.0,1011.9055550236285,0.0,2407.0,303.03,0.0,192.6,0,-634.4644449763714,0.0,4549,3041.4644449763714
Data,6855,-0.0,0.0,1031.2934363146067,0.0,2407.0,366.76,0.0,540.4,0,-157.5465636853934,0.0,4503,2564.5465636853933
Data,6856,-0.0,0.0,1128.330756989159,0.0,2407.0,430.5,0.0,543.6,0,-135.56924301084075,0.0,4645,2542.569243010841
Data,6857,-0.0,0.0,1205.1207200330912,0.0,2407.0,603.82,0.0,540.4,0,-84.65927996690903,0.0,4841,2491.659279966909
Data,6858,0.0,0.0,1260.5310291255366,0.0,2407.0,795.03,0.0,543.6,0,113.1610291255368,0.0,4893,2293.8389708744635
Data,6859,-0.0,0.0,987.1864083632588,0.0,2407.0,825.22,0.0,540.4,0,-49.19359163674133,0.0,4809,2456.193591636741
Data,6860,0.0,0.0,1036.0650840447342,0.0,2407.0,715.64,0.0,543.6,0,32.30508404473437,0.0,4670,2374.694915955266
Data,6861,0.0,0.0,928.4614860777343,0.0,2407.0,555.74,0.0,540.4,0,-49.39851392226535,0.0,4481,2456.398513922266
Data,6862,0.0,0.0,1044.084741186734,0.0,2407.0,474.11,0.0,543.6,0,133.7947411867341,0.0,4335,2273.205258813266
Data,6863,0.0,0.0,995.7122500721342,0.0,2407.0,440.56,0.0,540.4,0,285.67225007213426,0.0,4098,2121.3277499278656
Data,6864,0.0,0.0,739.6491781513445,0.0,2407.0,429.38,0.0,543.6,0,-74.37082184863215,0.0,4194,2481.3708218486554
Data,6865,0.0,0.0,974.1635776875344,0.0,2407.0,474.11,0.0,537.2,0,307.4735776875342,0.0,4085,2099.5264223124655
Data,6866,0.0,0.0,487.6513568610375,0.0,2407.0,458.45,0.0,540.4,0,-323.49864313896256,0.0,4217,2730.4986431389625
Data,6867,0.0,0.0,476.6913902533342,0.0,2407.0,457.34,0.0,464.3417,0,-552.6269097466657,0.0,4358,2959.6269097466657
Data,6868,0.0,0.0,583.7288170299342,0.0,2407.0,456.22,0.0,540.4,0,-507.65118297006586,0.0,4495,2914.6511829700657
Data,6869,0.0,0.0,723.4899969497457,0.0,2407.0,461.81,0.0,537.2,0,-428.5000030502546,0.0,4558,2835.5000030502542
Data,6870,0.0,0.0,578.6377074334422,0.0,2407.0,450.63,0.0,540.4,0,-542.3322925665576,0.0,4519,2949.332292566558
Data,6871,0.0,0.0,824.2867445754478,0.0,2407.0,474.11,0.0,537.2,0,-325.4032554245523,0.0,4568,2732.4032554245523
Data,6872,0.0,0.0,655.0779369480076,0.0,2407.0,659.73,0.0,540.4,0,-294.7920630519923,0.0,4557,2701.7920630519925
Data,6873,-0.0,0.0,726.373840979377,0.0,2407.0,679.85,0.0,537.2,0,-368.57615902062327,0.0,4719,2775.576159020623
Data,6874,-0.0,0.0,775.5589397367049,0.0,2407.0,528.9,0.0,540.4,0,-301.14106026329483,0.0,4553,2708.141060263295
Data,6875,-0.0,0.0,791.309142770487,0.0,2407.0,268.36,0.0,540.4,0,-374.93085722951275,0.0,4382,2781.930857229513
Data,6876,-0.0,0.0,677.4557126464421,0.0,2407.0,243.76,0.0,543.6,0,-394.18428735355826,0.0,4266,2801.184287353558
Data,6877,-0.0,0.0,426.35212845106497,0.0,2407.0,233.7,0.0,540.4,0,-380.5478715489351,0.0,3988,2787.5478715489353
Data,6878,-0.0,0.0,437.4134082125005,0.0,2407.0,263.89,0.0,543.6,0,-394.09659178749973,0.0,4046,2801.0965917874996
Data,6879,-0.0,0.0,324.22721429802664,0.0,2407.0,323.15,0.0,540.4,0,-457.2227857019732,0.0,4052,2864.2227857019734
Data,6880,-0.0,0.0,321.2134181386831,0.0,2407.0,428.26,0.0,540.4,0,-600.126581861317,0.0,4297,3007.126581861317
Data,6881,-0.0,0.0,335.60875375725544,0.0,2407.0,629.54,0.0,543.6,0,-677.2512462427446,0.0,4593,3084.2512462427444
Data,6882,-0.0,0.0,921.3496736743341,0.0,2407.0,772.66,0.0,540.4,0,-80.59032632566641,0.0,4722,2487.590326325666
Data,6883,0.0,0.0,1258.569400116034,0.0,2407.0,811.8,0.0,543.6,0,334.96940011603465,0.0,4686,2072.030599883966
Data,6884,0.0,0.0,1016.3674594701375,0.0,2407.0,693.27,0.0,540.4,0,100.0374594701376,0.0,4557,2306.9625405298625
Data,6885,0.0,0.0,1012.262487956451,0.0,2407.0,460.69,0.0,543.6,0,4.552487956450932,0.0,4419,2402.447512043549
Data,6886,0.0,0.0,1088.459053877115,0.0,2407.0,417.08,0.0,540.4,0,159.93905387711507,0.0,4293,2247.060946122885
Data,6887,0.0,0.0,1051.8624590421832,0.0,2407.0,393.6,0.0,543.6,0,315.06245904218304,0.0,4081,2091.937540957817
Data,6888,0.0,0.0,1119.2258977109395,0.0,2407.0,383.54,0.0,540.4,0,327.1658977109395,0.0,4123,2079.8341022890604
Data,6889,0.0,0.0,1235.4292817804762,0.0,2407.0,398.07,0.0,540.4,0,526.8992817804765,0.0,4054,1880.1007182195237
Data,6890,0.0,0.0,1363.3093517872626,0.0,2407.0,486.41,0.0,537.2,0,595.9193517872624,0.0,4198,1811.0806482127373
Data,6891,0.0,0.0,1314.273612992334,0.0,2407.0,493.12,0.0,540.4,0,367.79361299233386,0.0,4387,2039.206387007666
Data,6892,0.0,0.0,1324.5452467855764,0.0,2407.0,427.15,0.0,537.2,0,184.8952467855764,0.0,4511,2222.1047532144235
Data,6893,0.0,0.0,1211.292263933102,0.0,2407.0,438.33,0.0,537.2,0,12.822263933101723,0.0,4581,2394.177736066898
Data,6894,0.0,0.0,1148.4631338614784,0.0,2407.0,471.87,0.0,537.2,0,6.533133861478002,0.0,4558,2400.4668661385217
Data,6895,0.0,0.0,967.5556295705001,0.0,2407.0,546.79,0.0,540.4,0,-125.25437042949498,0.0,4587,2532.2543704295
Data,6896,0.0,0.0,997.8064544512106,0.0,2407.0,646.31,0.0,537.2,0,87.31645445121036,0.0,4501,2319.6835455487894
Data,6897,-0.0,0.0,895.2811453582001,0.0,2407.0,665.32,0.0,537.2,0,-165.19885464179993,0.0,4670,2572.1988546417997
Data,6898,-0.0,0.0,702.1185999618999,0.0,2407.0,500.95,0.0,537.2,0,-494.73140003810045,0.0,4642,2901.7314000381
Data,6899,-0.0,0.0,756.1853259657736,0.0,2407.0,296.32,0.0,543.6,0,-617.8946740342263,0.0,4621,3024.8946740342262
Data,6900,-0.0,0.0,405.3646448680989,0.0,2407.0,254.95,0.0,540.4,0,-1053.2853551319015,0.0,4661,3460.2853551319013
Data,6901,-0.0,0.0,147.20842185932776,0.0,2407.0,240.41,0.0,540.4,0,-1126.9815781406724,0.0,4462,3533.9815781406724
Data,6902,-0.0,0.0,503.2643485843356,0.0,2407.0,263.89,0.0,540.4,0,-896.4456514156644,0.0,4611,3303.4456514156645
Data,6903,-0.0,0.0,929.690915969005,0.0,2407.0,315.33,0.0,543.6,0,-354.37908403099516,0.0,4550,2761.379084030995
Data,6904,-0.0,0.0,1168.528198075777,0.0,2407.0,426.03,0.0,540.4,0,39.9581980757773,0.0,4502,2367.041801924223
Data,6905,-0.0,0.0,1453.4305752912544,0.0,2407.0,630.65,0.0,540.4,0,385.48057529125407,0.0,4646,2021.5194247087456
Data,6906,0.0,0.0,2072.0035519149355,0.0,2407.0,760.36,0.0,540.4,0,1167.7635519149358,0.0,4612,1239.2364480850645
Data,6907,-0.0,0.0,1818.3507517249514,0.0,2407.0,773.78,0.0,540.4,0,1058.5307517249516,0.0,4481,1348.4692482750488
Data,6908,0.0,0.0,1424.3920339980227,0.0,2407.0,683.21,0.0,543.6,0,702.2020339980227,0.0,4356,1704.7979660019773
Data,6909,0.0,0.0,1490.3956179391676,0.0,2407.0,516.6,0.0,540.4,0,765.3956179391676,0.0,4189,1641.6043820608324
Data,6910,0.0,0.0,1479.4572830476302,0.0,2407.0,436.09,0.0,540.4,0,848.9472830476303,0.0,4014,1558.0527169523698
Data,6911,0.0,0.0,1143.7431686505365,0.0,2407.0,399.19,0.0,540.4,0,699.3331686505367,0.0,3791,1707.6668313494636
Data,6912,0.0,0.0,1041.7614028307892,0.0,2407.0,398.07,0.0,543.6,0,527.4314028307892,0.0,3863,1879.5685971692108
Data,6913,0.0,0.0,771.4470230455953,0.0,2407.0,335.45,0.0,537.2,0,233.09702304559494,0.0,3818,2173.9029769544045
Data,6914,0.0,0.0,537.5011812898138,0.0,2407.0,429.38,0.0,537.2,0,-48.91881871018636,0.0,3960,2455.9188187101863
Data,6915,0.0,0.0,957.4791465755058,0.0,2407.0,408.14,0.0,537.2,0,227.8191465755031,0.0,4082,2179.180853424494
Data,6916,0.0,0.0,872.3767097677443,0.0,2407.0,325.39,0.0,540.4,0,-24.833290232255763,0.0,4170,2431.833290232256
Data,6917,0.0,0.0,862.0316733562007,0.0,2407.0,327.63,0.0,537.2,0,-92.13832664379936,0.0,4226,2499.1383266437992
Data,6918,0.0,0.0,763.4199095438994,0.0,2407.0,328.75,0.0,537.2,0,-107.63009045610079,0.0,4144,2514.6300904561003
Data,6919,0.0,0.0,853.1456134349345,0.0,2407.0,403.66,0.0,540.4,0,149.2056134349366,0.0,4055,2257.7943865650655
Data,6920,0.0,0.0,831.6364214990788,0.0,2407.0,517.72,0.0,537.2,0,250.55642149907885,0.0,4043,2156.443578500921
Data,6921,-0.0,0.0,351.8882604276283,0.0,2407.0,568.04,0.0,537.2,0,-588.8717395723719,0.0,4453,2995.8717395723716
Data,6922,-0.0,0.0,407.74067926193584,0.0,2407.0,430.5,0.0,543.6,0,-822.1593207380643,0.0,4611,3229.1593207380643
Data,6923,-0.0,0.0,495.0999775468966,0.0,2407.0,297.44,0.0,540.4,0,-790.0600224531032,0.0,4530,3197.0600224531036
Data,6924,-0.0,0.0,93.33754915763724,0.0,2407.0,279.55,0.0,543.6,0,-1130.5124508423626,0.0,4454,3537.512450842363
Data,6925,-0.0,0.0,120.5071298292609,0.0,2407.0,303.03,0.0,540.4,0,-957.0628701707387,0.0,4328,3364.062870170739
Data,6926,-0.0,0.0,220.32554434090125,0.0,2407.0,306.38,0.0,540.4,0,-840.8944556590985,0.0,4315,3247.8944556590986
Data,6927,-0.0,0.0,377.7287746482822,0.0,2407.0,307.5,0.0,543.6,0,-636.1712253517179,0.0,4272,3043.171225351718
Data,6928,-0.0,0.0,423.0152129006093,0.0,2407.0,347.75,0.0,540.4,0,-567.8347870993906,0.0,4286,2974.8347870993907
Data,6929,-0.0,0.0,794.0978625858495,0.0,2407.0,518.84,0.0,540.4,0,-109.66213741415028,0.0,4370,2516.6621374141505
Data,6930,0.0,0.0,1451.9280019339124,0.0,2407.0,632.89,0.0,540.4,0,564.2180019339123,0.0,4468,1842.7819980660877
Data,6931,0.0,0.0,1275.2635022001907,0.0,2407.0,621.71,0.0,543.6,0,382.57350220019055,0.0,4465,2024.426497799809
Data,6932,0.0,0.0,1003.5129327210245,0.0,2407.0,573.63,0.0,540.4,0,158.54293272102478,0.0,4366,2248.4570672789755
Data,6933,0.0,0.0,1046.8206064305982,0.0,2407.0,557.97,0.0,540.4,0,263.1906064305982,0.0,4289,2143.809393569402
Data,6934,0.0,0.0,1202.3254756294987,0.0,2407.0,423.79,0.0,540.4,0,412.5154756294987,0.0,4161,1994.4845243705013
Data,6935,0.0,0.0,1168.0582205130022,0.0,2407.0,363.41,0.0,540.4,0,481.8682205130021,0.0,3997,1925.1317794869979
Data,6936,0.0,0.0,1163.6649887278377,0.0,2407.0,342.16,0.0,540.4,0,318.2249887278377,0.0,4135,2088.7750112721624
Data,6937,0.0,0.0,1071.945737065884,0.0,2407.0,326.51,0.0,540.4,0,236.85573706588383,0.0,4109,2170.144262934116
Data,6938,0.0,0.0,989.8274239658974,0.0,2407.0,379.06,0.0,537.2,0,53.08742396589714,0.0,4260,2353.9125760341026
Data,6939,0.0,0.0,984.1000636938471,0.0,2407.0,422.67,0.0,537.2,0,-72.02993630615303,0.0,4423,2479.0299363061526
Data,6940,0.0,0.0,783.6179415196477,0.0,2407.0,427.15,0.0,537.2,0,-362.03205848035236,0.0,4517,2769.032058480352
Data,6941,0.0,0.0,778.3023382409342,0.0,2407.0,394.72,0.0,537.2,0,-455.7776617590657,0.0,4573,2862.7776617590657
Data,6942,0.0,0.0,679.0419994946341,0.0,2407.0,405.9,0.0,540.4,0,-458.65800050536575,0.0,4491,2865.658000505366
Data,6943,0.0,0.0,746.1043501245623,0.0,2407.0,427.15,0.0,537.2,0,-246.54564987543836,0.0,4364,2653.5456498754374
Data,6944,0.0,0.0,957.911581122027,0.0,2407.0,479.7,0.0,540.4,0,211.01158112202683,0.0,4174,2195.988418877973
Data,6945,-0.0,0.0,717.758790313231,0.0,2407.0,440.56,0.0,540.4,0,-183.281209686769,0.0,4289,2590.281209686769
Data,6946,-0.0,0.0,698.0041600047244,0.0,2407.0,351.11,0.0,540.4,0,-329.4858399952753,0.0,4326,2736.4858399952755
Data,6947,-0.0,0.0,702.7928724769341,0.0,2407.0,260.54,0.0,540.4,0,-303.2671275230658,0.0,4214,2710.267127523066
Data,6948,-0.0,0.0,789.808377207334,0.0,2407.0,265.01,0.0,540.4,0,-165.7816227926661,0.0,4168,2572.781622792666
Data,6949,-0.0,0.0,798.184451681334,0.0,2407.0,247.12,0.0,540.4,0,-109.29554831866596,0.0,4102,2516.295548318666
Data,6950,-0.0,0.0,1096.865259182634,0.0,2407.0,265.01,0.0,543.6,0,297.47525918263375,0.0,4015,2109.524740817366
Data,6951,-0.0,0.0,928.3360195373342,0.0,2407.0,262.77,0.0,540.4,0,156.50601953733428,0.0,3982,2250.4939804626656
Data,6952,-0.0,0.0,1114.089009271334,0.0,2407.0,344.4,0.0,540.4,0,219.8890092713342,0.0,4186,2187.1109907286664
Data,6953,-0.0,0.0,1156.8051089914343,0.0,2407.0,562.45,0.0,540.4,0,307.65510899143453,0.0,4359,2099.344891008566
Data,6954,0.0,0.0,1468.8317021514345,0.0,2407.0,666.44,0.0,540.4,0,493.6717021514346,0.0,4589,1913.3282978485654
Data,6955,0.0,0.0,1321.036513540134,0.0,2407.0,658.61,0.0,540.4,0,328.04651354013413,0.0,4599,2078.9534864598663
Data,6956,0.0,0.0,1334.6074752354339,0.0,2407.0,534.49,0.0,540.4,0,267.4974752354342,0.0,4549,2139.5025247645663
Data,6957,0.0,0.0,1139.5233210330343,0.0,2407.0,495.35,0.0,540.4,0,80.27332103303434,0.0,4502,2326.7266789669657
Data,6958,0.0,0.0,2293.744020063334,0.0,2407.0,461.81,0.0,540.4,0,1261.9540200633342,0.0,4441,1145.0459799366658
Data,6959,0.0,0.0,2447.2394832712343,0.0,2407.0,433.85,0.0,540.4,0,1488.4894832712343,0.0,4340,918.5105167287657
Data,6960,0.0,0.0,2415.9580037341343,0.0,2407.0,412.61,0.0,540.4,0,1205.9680037341345,0.0,4570,1201.0319962658657
Data,6961,0.0,0.0,2392.5807326705344,0.0,2407.0,409.25,0.0,537.2,0,1231.0307326705342,0.0,4515,1175.9692673294655
Data,6962,0.0,0.0,2483.9105791646343,0.0,2407.0,466.28,0.0,537.2,0,1233.390579164634,0.0,4661,1173.6094208353657
Data,6963,0.0,0.0,2339.9276387784344,0.0,2407.0,494.24,0.0,537.2,0,976.3676387784338,0.0,4802,1430.6323612215656
Data,6964,0.0,0.0,2256.3326450391596,0.0,2407.0,472.99,0.0,537.2,0,718.5226450391594,0.0,4955,1688.4773549608403
Data,6965,0.0,0.0,2205.178897293722,0.0,2407.0,417.08,0.0,537.2,0,565.458897293722,0.0,5001,1841.541102706278
Data,6966,0.0,0.0,1912.085932120056,0.0,2407.0,451.75,0.0,537.2,0,302.03593212005586,0.0,5006,2104.964067879944
Data,6967,0.0,0.0,1764.12760858226,0.0,2407.0,475.23,0.0,540.4,0,110.75760858225988,0.0,5076,2296.24239141774
Data,6968,0.0,0.0,1603.1371550478393,0.0,2407.0,560.21,0.0,540.4,0,91.74715504783897,0.0,5019,2315.2528449521606
Data,6969,-0.0,0.0,1510.2664008284853,0.0,2407.0,636.25,0.0,540.4,0,-232.08359917151503,0.0,5326,2639.083599171515
Data,6970,-0.0,0.0,1378.7942637863036,0.0,2407.0,515.48,0.0,540.4,0,-644.3257362136973,0.0,5486,3051.3257362136965
Data,6971,-0.0,0.0,1156.0887788730952,0.0,2407.0,362.29,0.0,540.4,0,-877.2212211269051,0.0,5343,3284.2212211269048
Data,6972,-0.0,0.0,1063.4750676279998,0.0,2407.0,351.11,0.0,540.4,0,-739.0149323720009,0.0,5101,3146.014932372
Data,6973,-0.0,0.0,1019.3699100725692,0.0,2407.0,328.75,0.0,540.4,0,-471.48008992743115,0.0,4767,2878.480089927431
Data,6974,-0.0,0.0,922.5770118035174,0.0,2407.0,335.45,0.0,540.4,0,-627.5729881964832,0.0,4833,3034.5729881964826
Data,6975,-0.0,0.0,1203.196411300374,0.0,2407.0,396.95,0.0,276.7697,0,-622.0838886996265,0.0,4906,3029.083888699626
Data,6976,-0.0,0.0,853.9905400162,0.0,2407.0,519.95,0.0,540.4,0,-784.6594599838005,0.0,5106,3191.6594599838
Data,6977,-0.0,0.0,749.0075302091999,0.0,2407.0,763.72,0.0,540.4,0,-685.8724697908002,0.0,5146,3092.8724697908
Data,6978,0.0,0.0,725.3905406786,0.0,2407.0,808.45,0.0,540.4,0,-735.7594593214005,0.0,5217,3142.7594593214
Data,6979,0.0,0.0,617.5064837757096,0.0,2407.0,777.14,0.0,189.4,0,-1193.9535162242905,0.0,5185,3600.9535162242905
Data,6980,0.0,0.0,642.3432510858471,0.0,2407.0,684.33,0.0,540.4,0,-726.9267489141533,0.0,5001,3133.926748914153
Data,6981,0.0,0.0,548.9194062036769,0.0,2407.0,538.96,0.0,540.4,0,-867.7205937963732,0.0,4903,3274.720593796323
Data,6982,0.0,0.0,1893.2133012272532,0.0,2407.0,508.77,0.0,540.4,0,542.3833012272528,0.0,4807,1864.616698772747
Data,6983,0.0,0.0,1522.7743384227686,0.0,2407.0,512.13,0.0,540.4,0,389.3043384227688,0.0,4593,2017.6956615772315
Data,6984,0.0,0.0,1769.989363814538,0.0,2407.0,481.94,0.0,540.4,0,514.3293638145377,0.0,4685,1892.6706361854622
Data,6985,0.0,0.0,1209.8592436106326,0.0,2407.0,449.51,0.0,537.2,0,-42.430756389367346,0.0,4646,2449.430756389367
Data,6986,0.0,0.0,1489.0803144837857,0.0,2407.0,481.94,0.0,537.2,0,89.22031448378567,0.0,4826,2317.779685516214
Data,6987,0.0,0.0,1300.1713046139964,0.0,2407.0,545.67,0.0,537.2,0,-154.95869538600377,0.0,4945,2561.9586953860035
Data,6988,0.0,0.0,789.0372029560328,0.0,2407.0,560.21,0.0,537.2,0,-782.5527970439673,0.0,5076,3189.552797043967
Data,6989,0.0,0.0,854.4566777276409,0.0,2407.0,528.9,0.0,540.4,0,-803.2433222723594,0.0,5134,3210.2433222723594
Data,6990,0.0,0.0,805.5515060858555,0.0,2407.0,526.66,0.0,537.2,0,-839.5884939141448,0.0,5116,3246.5884939141442
Data,6991,0.0,0.0,781.2567077767554,0.0,2407.0,497.59,0.0,540.4,0,-953.7532922232448,0.0,5180,3360.7532922232444
Data,6992,0.0,0.0,952.5048141024421,0.0,2407.0,564.68,0.0,540.4,0,-659.4151858975584,0.0,5124,3066.415185897558
Data,6993,-0.0,0.0,474.95509674465455,0.0,2407.0,672.03,0.0,540.4,0,-1214.614903255346,0.0,5309,3621.6149032553453
Data,6994,-0.0,0.0,450.8244475871421,0.0,2407.0,617.24,0.0,540.4,0,-1343.5355524128584,0.0,5359,3750.535552412858
Data,6995,-0.0,0.0,391.46320986145554,0.0,2407.0,457.34,0.0,540.4,0,-1448.7967901385448,0.0,5245,3855.7967901385446
Data,6996,-0.0,0.0,302.3269225701546,0.0,2407.0,403.66,0.0,540.4,0,-1419.6130774298458,0.0,5073,3826.6130774298454
Data,6997,-0.0,0.0,257.511589782357,0.0,2407.0,345.52,0.0,540.4,0,-1223.5684102176433,0.0,4774,3630.568410217643
Data,6998,-0.0,0.0,902.3299419158418,0.0,2407.0,336.57,0.0,537.2,0,-676.9000580841582,0.0,4860,3083.900058084158
Data,6999,-0.0,0.0,855.2102726888811,0.0,2407.0,344.4,0.0,540.4,0,-719.9897273111192,0.0,4867,3126.989727311119
Data,7000,-0.0,0.0,863.794837990528,0.0,2407.0,497.59,0.0,540.4,0,-700.2151620094722,0.0,5009,3107.215162009472
Data,7001,-0.0,0.0,1366.6423736547715,0.0,2407.0,777.14,0.0,540.4,0,25.182373654771034,0.0,5066,2381.8176263452287
Data,7002,0.0,0.0,1851.9954293434635,0.0,2407.0,838.64,0.0,540.4,0,500.03542934346297,0.0,5138,1906.9645706565366
Data,7003,0.0,0.0,1897.4938345150877,0.0,2407.0,820.75,0.0,540.4,0,583.6438345150874,0.0,5082,1823.3561654849123
Data,7004,0.0,0.0,1859.5411166738008,0.0,2407.0,708.93,0.0,540.4,0,564.8711166738002,0.0,4951,1842.1288833261992
Data,7005,0.0,0.0,1782.6529439883634,0.0,2407.0,553.5,0.0,540.4,0,484.5529439883629,0.0,4799,1922.4470560116365
Data,7006,0.0,0.0,1708.2296874789001,0.0,2407.0,481.94,0.0,540.4,0,453.5696874788998,0.0,4684,1953.4303125211
Data,7007,0.0,0.0,1611.4833519363,0.0,2407.0,457.34,0.0,540.4,0,575.2233519363003,0.0,4441,1831.7766480637
Data,7008,0.0,0.0,1184.4298890494001,0.0,2407.0,457.34,0.0,540.4,0,73.16988904940035,0.0,4516,2333.8301109506
Data,7009,0.0,0.0,1153.6911250993003,0.0,2407.0,403.66,0.0,537.2,0,51.55112509929995,0.0,4450,2355.4488749006996
Data,7010,0.0,0.0,1173.3236716326007,0.0,2407.0,421.55,0.0,537.2,0,-86.92632836739926,0.0,4626,2493.926328367399
Data,7011,0.0,0.0,1324.1762818873585,0.0,2407.0,464.05,0.0,537.2,0,-63.57371811264147,0.0,4796,2470.5737181126415
Data,7012,0.0,0.0,1209.7792438401752,0.0,2407.0,448.39,0.0,537.2,0,-372.63075615982507,0.0,4975,2779.6307561598246
Data,7013,0.0,0.0,1322.5816662642428,0.0,2407.0,413.73,0.0,537.2,0,-331.48833373575735,0.0,5012,2738.488333735757
Data,7014,0.0,0.0,1298.106901801759,0.0,2407.0,451.75,0.0,534.0,0,-280.143098198241,0.0,4971,2687.143098198241
Data,7015,0.0,0.0,1341.994073158639,0.0,2407.0,542.32,0.0,540.4,0,-211.2859268413613,0.0,5043,2618.2859268413613
Data,7016,0.0,0.0,1485.6414602640084,0.0,2407.0,607.17,0.0,540.4,0,-7.788539735991996,0.0,5048,2414.7885397359914
Data,7017,-0.0,0.0,1758.2951001905647,0.0,2407.0,609.41,0.0,540.4,0,-59.8948998094359,0.0,5375,2466.8948998094356
Data,7018,-0.0,0.0,1473.8130784763391,0.0,2407.0,616.12,0.0,540.4,0,-298.66692152366136,0.0,5336,2705.6669215236607
Data,7019,-0.0,0.0,1283.3980809307034,0.0,2407.0,490.88,0.0,540.4,0,-386.3219190692969,0.0,5108,2793.3219190692967
Data,7020,-0.0,0.0,1201.2134258045503,0.0,2407.0,438.33,0.0,237.7109,0,-644.7456741954497,0.0,4929,3051.7456741954497
Data,7021,-0.0,0.0,1138.3087788652488,0.0,2407.0,372.35,0.0,459.7151,0,-410.626121134751,0.0,4788,2817.626121134751
Data,7022,-0.0,0.0,1101.4483037964483,0.0,2407.0,362.29,0.0,320.2509,0,-682.0107962035518,0.0,4873,3089.0107962035518
Data,7023,-0.0,0.0,1198.6220449961488,0.0,2407.0,381.3,0.0,192.6,0,-680.4779550038506,0.0,4860,3087.477955003851
Data,7024,-0.0,0.0,1459.144265277387,0.0,2407.0,484.17,0.0,540.4,0,-207.28573472261326,0.0,5098,2614.285734722613
Data,7025,-0.0,0.0,1916.0956222661118,0.0,2407.0,683.21,0.0,540.4,0,336.70562226611156,0.0,5210,2070.2943777338883
Data,7026,-0.0,0.0,2412.6802571234343,0.0,2407.0,788.32,0.0,543.6,0,905.6002571234347,0.0,5246,1501.3997428765656
Data,7027,-0.0,0.0,2371.6130296674346,0.0,2407.0,820.75,0.0,540.4,0,974.7630296674341,0.0,5165,1432.2369703325653
Data,7028,0.0,0.0,2313.0844654774346,0.0,2407.0,729.05,0.0,540.4,0,981.5344654774343,0.0,5008,1425.4655345225656
Data,7029,0.0,0.0,1733.8454860909342,0.0,2407.0,526.66,0.0,543.6,0,336.1054860909345,0.0,4875,2070.8945139090656
Data,7030,0.0,0.0,1664.955310416759,0.0,2407.0,480.82,0.0,540.4,0,348.17531041675875,0.0,4745,2058.8246895832413
Data,7031,0.0,0.0,1483.289407798482,0.0,2407.0,452.86,0.0,540.4,0,375.5494077984821,0.0,4508,2031.450592201518
Data,7032,0.0,0.0,1526.3951020927807,0.0,2407.0,438.33,0.0,540.4,0,327.12510209278065,0.0,4585,2079.8748979072193
Data,7033,0.0,0.0,1515.8297976661638,0.0,2407.0,448.39,0.0,540.4,0,367.6197976661639,0.0,4544,2039.3802023338362
Data,7034,0.0,0.0,1843.383489282544,0.0,2407.0,485.29,0.0,537.2,0,550.8734892825436,0.0,4722,1856.126510717456
Data,7035,0.0,0.0,1944.3510902750902,0.0,2407.0,521.07,0.0,537.2,0,463.6210902750902,0.0,4946,1943.3789097249096
Data,7036,0.0,0.0,1873.636282311886,0.0,2407.0,499.83,0.0,540.4,0,230.86628231188553,0.0,5090,2176.1337176881143
Data,7037,0.0,0.0,1957.9245665899452,0.0,2407.0,486.41,0.0,537.2,0,240.53456658994503,0.0,5148,2166.4654334100546
Data,7038,0.0,0.0,2181.882013274352,0.0,2407.0,506.54,0.0,537.2,0,496.6220132743521,0.0,5136,1910.3779867256478
Data,7039,0.0,0.0,2321.7739050547566,0.0,2407.0,540.08,0.0,537.2,0,610.0539050547563,0.0,5196,1796.9460949452432
Data,7040,0.0,0.0,2359.3216568492808,0.0,2407.0,590.4,0.0,543.6,0,795.3216568492812,0.0,5105,1611.6783431507192
Data,7041,-0.0,0.0,1758.1187238725001,0.0,2407.0,613.88,0.0,540.4,0,116.39872387249989,0.0,5203,2290.6012761274997
Data,7042,-0.0,0.0,1652.9003177877892,0.0,2407.0,575.86,0.0,540.4,0,109.16031778778894,0.0,5067,2297.839682212211
Data,7043,-0.0,0.0,1318.330710943645,0.0,2407.0,375.71,0.0,540.4,0,-322.5592890563553,0.0,4964,2729.559289056355
Data,7044,-0.0,0.0,1492.2008597333202,0.0,2407.0,335.45,0.0,540.4,0,-97.94914026668037,0.0,4873,2504.94914026668
Data,7045,-0.0,0.0,1389.781979045827,0.0,2407.0,304.15,0.0,540.4,0,67.3319790458273,0.0,4574,2339.668020954173
Data,7046,-0.0,0.0,1398.8795806621,0.0,2407.0,316.45,0.0,543.6,0,-9.07041933789992,0.0,4675,2416.0704193379
Data,7047,-0.0,0.0,1369.1306821294002,0.0,2407.0,365.65,0.0,540.4,0,-51.819317870600116,0.0,4734,2458.8193178705997
Data,7048,-0.0,0.0,1540.2158580774758,0.0,2407.0,508.77,0.0,540.4,0,92.38585807747535,0.0,4904,2314.614141922524
Data,7049,-0.0,0.0,1747.2100952664698,0.0,2407.0,710.05,0.0,540.4,0,326.6600952664696,0.0,5078,2080.33990473353
Data,7050,0.0,0.0,2176.586025572698,0.0,2407.0,819.63,0.0,540.4,0,773.6160255726977,0.0,5170,1633.383974427302
Data,7051,0.0,0.0,2388.58980187668,0.0,2407.0,820.75,0.0,540.4,0,1058.7398018766796,0.0,5098,1348.2601981233197
Data,7052,0.0,0.0,2271.92891649998,0.0,2407.0,729.05,0.0,540.4,0,1021.3789164999796,0.0,4927,1385.6210835000202
Data,7053,0.0,0.0,2475.583647787208,0.0,2407.0,534.49,0.0,543.6,0,1188.6736477872084,0.0,4772,1218.3263522127918
Data,7054,0.0,0.0,2523.4881342384756,0.0,2407.0,494.24,0.0,540.4,0,1304.128134238475,0.0,4661,1102.8718657615245
Data,7055,0.0,0.0,2480.4885101584814,0.0,2407.0,479.7,0.0,540.4,0,1433.5885101584815,0.0,4474,973.4114898415187
Data,7056,0.0,0.0,2448.434579829199,0.0,2407.0,449.51,0.0,540.4,0,1259.3445798291984,0.0,4586,1147.6554201708013
Data,7057,0.0,0.0,2451.915297644303,0.0,2407.0,415.96,0.0,537.2,0,1322.075297644303,0.0,4490,1084.924702355697
Data,7058,0.0,0.0,2378.9415079295086,0.0,2407.0,467.4,0.0,537.2,0,1150.5415079295083,0.0,4640,1256.4584920704915
Data,7059,0.0,0.0,2373.4954302726637,0.0,2407.0,517.72,0.0,537.2,0,1004.4154302726639,0.0,4831,1402.5845697273362
Data,7060,0.0,0.0,2411.032132356074,0.0,2407.0,494.24,0.0,537.2,0,906.4721323560733,0.0,4943,1500.5278676439261
Data,7061,0.0,0.0,2233.162699433014,0.0,2407.0,469.64,0.0,540.4,0,616.2026994330137,0.0,5034,1790.797300566986
Data,7062,0.0,0.0,2413.0819571970274,0.0,2407.0,508.77,0.0,537.2,0,819.0519571970273,0.0,5047,1587.9480428029726
Data,7063,0.0,0.0,2276.0757968281946,0.0,2407.0,566.92,0.0,537.2,0,756.1957968281945,0.0,5031,1650.8042031718055
Data,7064,0.0,0.0,1446.7260811169222,0.0,2407.0,631.77,0.0,537.2,0,96.69608111692185,0.0,4926,2310.303918883078
Data,7065,-0.0,0.0,1005.9758587020516,0.0,2407.0,595.99,0.0,540.4,0,-461.63414129794904,0.0,5011,2868.634141297948
Data,7066,-0.0,0.0,571.4535821222823,0.0,2407.0,493.12,0.0,189.4,0,-1235.0264178777184,0.0,4896,3642.0264178777174
Data,7067,-0.0,0.0,638.692839074743,0.0,2407.0,356.7,0.0,540.4,0,-575.2071609252571,0.0,4518,2982.207160925257
Data,7068,-0.0,0.0,611.7853528254149,0.0,2407.0,326.51,0.0,540.4,0,-246.30464717458523,0.0,4132,2653.304647174585
Data,7069,-0.0,0.0,552.4948371838478,0.0,2407.0,308.62,0.0,543.6,0,-14.285162816152312,0.0,3826,2421.285162816152
Data,7070,-0.0,0.0,626.5430206794439,0.0,2407.0,306.38,0.0,540.4,0,-179.67697932055597,0.0,4060,2586.6769793205563
Data,7071,-0.0,0.0,737.121527161766,0.0,2407.0,349.99,0.0,540.4,0,-266.48847283823363,0.0,4301,2673.488472838234
Data,7072,-0.0,0.0,919.561030205161,0.0,2407.0,514.36,0.0,540.4,0,-289.67896979483925,0.0,4671,2696.678969794839
Data,7073,-0.0,0.0,1099.8393764766647,0.0,2407.0,705.57,0.0,540.4,0,-111.19062352333547,0.0,4864,2518.1906235233355
Data,7074,0.0,0.0,1336.4786141993293,0.0,2407.0,780.49,0.0,189.4,0,-221.63138580067127,0.0,4935,2628.6313858006706
Data,7075,0.0,0.0,1404.9660911590495,0.0,2407.0,798.38,0.0,189.4,0,-25.25390884095075,0.0,4825,2432.2539088409503
Data,7076,0.0,0.0,894.3406465394067,0.0,2407.0,742.47,0.0,189.4,0,-491.78935346059336,0.0,4725,2898.7893534605932
Data,7077,0.0,0.0,844.6449797063764,0.0,2407.0,508.77,0.0,192.6,0,-738.9850202936233,0.0,4692,3145.9850202936236
Data,7078,0.0,0.0,1056.8483645947201,0.0,2407.0,496.47,0.0,189.4,0,-533.28163540528,0.0,4683,2940.2816354052798
Data,7079,0.0,0.0,1418.1558890227604,0.0,2407.0,469.64,0.0,189.4,0,-6.804110977239953,0.0,4491,2413.8041109772394
Data,7080,0.0,0.0,1443.8046995824377,0.0,2407.0,459.57,0.0,189.4,0,-11.225300417562487,0.0,4511,2418.2253004175623
Data,7081,0.0,0.0,1180.9538275534,0.0,2407.0,375.71,0.0,186.2,0,-324.1361724466001,0.0,4474,2731.1361724466
Data,7082,0.0,0.0,896.4889759714001,0.0,2407.0,341.05,0.0,186.2,0,-799.2610240285999,0.0,4630,3206.2610240286
Data,7083,0.0,0.0,832.1189074895001,0.0,2407.0,407.02,0.0,186.2,0,-888.6610925105006,0.0,4721,3295.6610925105
Data,7084,0.0,0.0,1082.4671504954,0.0,2407.0,426.03,0.0,186.2,0,-748.3028495046005,0.0,4850,3155.3028495046
Data,7085,0.0,0.0,832.0519047253999,0.0,2407.0,419.32,0.0,186.2,0,-1020.4280952746005,0.0,4865,3427.4280952746003
Data,7086,0.0,0.0,1067.023776783145,0.0,2407.0,417.08,0.0,186.2,0,-723.6962232168553,0.0,4801,3130.6962232168553
Data,7087,0.0,0.0,1128.1333935799223,0.0,2407.0,427.15,0.0,192.6,0,-554.1166064200772,0.0,4709,2961.116606420078
Data,7088,0.0,0.0,1014.7566310816262,0.0,2407.0,484.17,0.0,38.4,0,-666.6733689183741,0.0,4611,3073.673368918374
Data,7089,-0.0,0.0,388.09184521513936,0.0,2407.0,478.58,0.0,38.4,0,-1520.9281547848611,0.0,4833,3927.9281547848605
Data,7090,-0.0,0.0,242.68570810633352,0.0,2407.0,386.89,0.0,38.4,0,-1830.0242918936665,0.0,4905,4237.0242918936665
Data,7091,-0.0,0.0,398.24074234017195,0.0,2407.0,294.08,0.0,38.4,0,-1650.2792576598285,0.0,4788,4057.279257659828
Data,7092,-0.0,0.0,557.3431856852169,0.0,2407.0,294.08,0.0,38.4,0,-1319.1768143147835,0.0,4616,3726.1768143147833
Data,7093,-0.0,0.0,952.6293474251723,0.0,2407.0,289.61,0.0,38.4,0,-754.3606525748284,0.0,4442,3161.360652574828
Data,7094,-0.0,0.0,2038.8467525779138,0.0,2407.0,296.32,0.0,38.4,0,423.5667525779136,0.0,4357,1983.4332474220862
Data,7095,-0.0,0.0,2196.76270819036,0.0,2407.0,315.33,0.0,41.6,0,537.6927081903606,0.0,4423,1869.3072918096398
Data,7096,-0.0,0.0,2295.408151505202,0.0,2407.0,357.82,0.0,38.4,0,470.62815150520106,0.0,4628,1936.3718484947979
Data,7097,-0.0,0.0,1909.7899702501013,0.0,2407.0,509.89,0.0,38.4,0,190.07997025010118,0.0,4675,2216.9200297498987
Data,7098,-0.0,0.0,1893.230955676944,0.0,2407.0,569.15,0.0,38.4,0,33.78095567694312,0.0,4874,2373.219044323056
Data,7099,0.0,0.0,1620.227071111179,0.0,2407.0,656.37,0.0,38.4,0,-134.00292888882157,0.0,4856,2541.002928888821
Data,7100,0.0,0.0,1257.6660245508297,0.0,2407.0,531.14,0.0,38.4,0,-517.7939754491703,0.0,4752,2924.7939754491704
Data,7101,0.0,0.0,1423.0094477890914,0.0,2407.0,394.72,0.0,41.6,0,-379.67055221090806,0.0,4646,2786.6705522109087
Data,7102,0.0,0.0,1478.0379242827555,0.0,2407.0,362.29,0.0,38.4,0,-263.2720757172448,0.0,4549,2670.2720757172447
Data,7103,0.0,0.0,1717.5288783454257,0.0,2407.0,320.92,0.0,38.4,0,98.84887834542545,0.0,4385,2308.151121654574
Data,7104,0.0,0.0,1496.5807658162119,0.0,2407.0,319.8,0.0,38.4,0,-252.21923418378827,0.0,4514,2659.219234183788
Data,7105,0.0,0.0,1248.0347226137758,0.0,2407.0,292.96,0.0,35.2,0,-548.8052773862244,0.0,4532,2955.805277386224
Data,7106,0.0,0.0,1146.6970956340394,0.0,2407.0,311.97,0.0,35.2,0,-797.1329043659605,0.0,4698,3204.1329043659607
Data,7107,0.0,0.0,1121.8473583796779,0.0,2407.0,347.75,0.0,35.2,0,-950.2026416203223,0.0,4862,3357.202641620322
Data,7108,0.0,0.0,1073.7351574905194,0.0,2407.0,384.65,0.0,35.2,0,-1059.414842509481,0.0,4960,3466.4148425094804
Data,7109,0.0,0.0,1066.2972234925028,0.0,2407.0,392.48,0.0,35.2,0,-1146.022776507497,0.0,5047,3553.0227765074974
Data,7110,0.0,0.0,1047.4238869032383,0.0,2407.0,338.81,0.0,35.2,0,-1136.5661130967615,0.0,4965,3543.5661130967615
Data,7111,0.0,0.0,1061.2073058726655,0.0,2407.0,364.53,0.0,38.4,0,-936.862694127335,0.0,4808,3343.8626941273346
Data,7112,0.0,0.0,1039.8572065515064,0.0,2407.0,439.45,0.0,35.2,0,-685.492793448494,0.0,4607,3092.4927934484936
Data,7113,-0.0,0.0,1020.2820130727491,0.0,2407.0,375.71,0.0,41.6,0,-713.4079869272505,0.0,4558,3120.407986927251
Data,7114,-0.0,0.0,1037.4228781098063,0.0,2407.0,338.81,0.0,38.4,0,-677.3671218901937,0.0,4499,3084.3671218901936
Data,7115,-0.0,0.0,1248.0625467855123,0.0,2407.0,327.63,0.0,38.4,0,-423.90745321448793,0.0,4445,2830.9074532144878
Data,7116,-0.0,0.0,1277.4488476834724,0.0,2407.0,262.77,0.0,35.2,0,-374.5811523165279,0.0,4357,2781.5811523165276
Data,7117,-0.0,0.0,1497.9117587407504,0.0,2407.0,252.71,0.0,38.4,0,-39.9782412592499,0.0,4236,2446.9782412592494
Data,7118,-0.0,0.0,1495.3074111776448,0.0,2407.0,263.89,0.0,38.4,0,24.597411177644307,0.0,4180,2382.402588822355
Data,7119,-0.0,0.0,1522.7003657750402,0.0,2407.0,277.31,0.0,38.4,0,88.41036577503965,0.0,4157,2318.58963422496
Data,7120,-0.0,0.0,1549.8908307455097,0.0,2407.0,291.85,0.0,38.4,0,-70.85916925449078,0.0,4358,2477.85916925449
Data,7121,-0.0,0.0,1567.2163917397402,0.0,2407.0,456.22,0.0,38.4,0,35.83639173974017,0.0,4433,2371.16360826026
Data,7122,-0.0,0.0,1628.5473656914342,0.0,2407.0,559.09,0.0,38.4,0,-75.96263430856595,0.0,4709,2482.9626343085656
Data,7123,0.0,0.0,2016.2214551824345,0.0,2407.0,645.19,0.0,38.4,0,355.8114551824341,0.0,4751,2051.1885448175653
Data,7124,0.0,0.0,1644.8134472734346,0.0,2407.0,566.92,0.0,38.4,0,-41.86655272656583,0.0,4699,2448.8665527265653
Data,7125,0.0,0.0,1298.4951205804346,0.0,2407.0,393.6,0.0,38.4,0,-508.50487941956555,0.0,4646,2915.5048794195654
Data,7126,0.0,0.0,1249.9348691714345,0.0,2407.0,344.4,0.0,540.4,0,-76.26513082856547,0.0,4618,2483.265130828566
Data,7127,0.0,0.0,1292.0596715704341,0.0,2407.0,306.38,0.0,540.4,0,90.83967157043446,0.0,4455,2316.160328429566
Data,7128,0.0,0.0,1501.7775498314345,0.0,2407.0,300.79,0.0,540.4,0,195.96754983143444,0.0,4554,2211.0324501685654
Data,7129,0.0,0.0,1371.3250220294344,0.0,2407.0,348.87,0.0,537.2,0,224.39502202943402,0.0,4440,2182.6049779705654
Data,7130,0.0,0.0,1229.0546028208341,0.0,2407.0,390.25,0.0,537.2,0,-22.495397179165934,0.0,4586,2429.4953971791656
Data,7131,0.0,0.0,1131.1980755309341,0.0,2407.0,409.25,0.0,537.2,0,-271.35192446906603,0.0,4756,2678.351924469066
Data,7132,0.0,0.0,1133.3556321699339,0.0,2407.0,411.49,0.0,537.2,0,-412.95436783006653,0.0,4902,2819.954367830066
Data,7133,0.0,0.0,809.388668885134,0.0,2407.0,408.14,0.0,537.2,0,-833.2713311148663,0.0,4995,3240.271331114866
Data,7134,0.0,0.0,1040.6122563353342,0.0,2407.0,418.2,0.0,537.2,0,-572.9877436646661,0.0,4976,2979.9877436646657
Data,7135,0.0,0.0,1012.1799555782342,0.0,2407.0,479.7,0.0,540.4,0,-664.7200444217664,0.0,5104,3071.720044421766
Data,7136,0.0,0.0,849.5967338429386,0.0,2407.0,622.83,0.0,540.4,0,-608.1732661570618,0.0,5028,3015.1732661570613
Data,7137,-0.0,0.0,659.7004609012703,0.0,2407.0,587.05,0.0,537.2,0,-988.0495390987297,0.0,5179,3395.04953909873
Data,7138,-0.0,0.0,267.74227630223413,0.0,2407.0,562.45,0.0,540.4,0,-1460.4077236977664,0.0,5238,3867.407723697766
Data,7139,-0.0,0.0,225.02467126483413,0.0,2407.0,536.73,0.0,540.4,0,-1357.8453287351663,0.0,5067,3764.845328735166
Data,7140,-0.0,0.0,261.6497599968342,0.0,2407.0,412.61,0.0,540.4,0,-1364.340240003166,0.0,4986,3771.340240003166
Data,7141,-0.0,0.0,337.2810944716341,0.0,2407.0,404.78,0.0,540.4,0,-1154.5389055283663,0.0,4844,3561.538905528366
Data,7142,-0.0,0.0,544.5181343565341,0.0,2407.0,401.43,0.0,540.4,0,-1107.6518656434664,0.0,5001,3514.651865643466
Data,7143,-0.0,0.0,617.4162165476341,0.0,2407.0,414.85,0.0,540.4,0,-1063.3337834523663,0.0,5043,3470.333783452366
Data,7144,-0.0,0.0,603.5949919549342,0.0,2407.0,446.15,0.0,540.4,0,-1106.8550080450664,0.0,5104,3513.855008045066
Data,7145,-0.0,0.0,740.0005462348341,0.0,2407.0,637.36,0.0,540.4,0,-887.2394537651661,0.0,5212,3294.2394537651658
Data,7146,0.0,0.0,868.3136808929343,0.0,2407.0,727.94,0.0,540.4,0,-774.346319107066,0.0,5318,3181.346319107066
Data,7147,-0.0,0.0,1219.1892412203342,0.0,2407.0,751.42,0.0,540.4,0,-315.9907587796662,0.0,5234,2722.990758779666
Data,7148,0.0,0.0,958.8310739549341,0.0,2407.0,661.96,0.0,537.2,0,-480.008926045066,0.0,5045,2887.008926045066
Data,7149,0.0,0.0,824.3517047498341,0.0,2407.0,622.83,0.0,540.4,0,-603.4182952501664,0.0,4998,3010.418295250166
Data,7150,0.0,0.0,951.5314827521343,0.0,2407.0,504.3,0.0,328.2198,0,-718.9487172478657,0.0,4910,3125.9487172478657
Data,7151,0.0,0.0,951.5616017417343,0.0,2407.0,443.92,0.0,540.4,0,-372.118398258266,0.0,4715,2779.1183982582656
Data,7152,0.0,0.0,352.7982258896341,0.0,2407.0,432.74,0.0,540.4,0,-1047.0617741103665,0.0,4780,3454.061774110366
Data,7153,0.0,0.0,389.41279028933417,0.0,2407.0,404.78,0.0,537.2,0,-980.6072097106662,0.0,4719,3387.6072097106658
Data,7154,0.0,0.0,388.6114919856342,0.0,2407.0,424.91,0.0,537.2,0,-1072.2785080143663,0.0,4830,3479.278508014366
Data,7155,0.0,0.0,312.7174733973342,0.0,2407.0,458.45,0.0,537.2,0,-1219.632526602666,0.0,4935,3626.6325266026656
Data,7156,0.0,0.0,796.5187480645342,0.0,2407.0,458.45,0.0,537.2,0,-838.8312519354662,0.0,5038,3245.831251935466
Data,7157,0.0,0.0,879.9756446210341,0.0,2407.0,433.85,0.0,537.2,0,-835.9743553789657,0.0,5094,3242.974355378966
Data,7158,0.0,0.0,419.4984270780342,0.0,2407.0,449.51,0.0,537.2,0,-1270.7915729219658,0.0,5084,3677.791572921966
Data,7159,0.0,0.0,871.2699211104342,0.0,2407.0,516.6,0.0,540.4,0,-870.7300788895658,0.0,5206,3277.730078889566
Data,7160,0.0,0.0,1306.1511152794342,0.0,2407.0,568.04,0.0,540.4,0,-368.4088847205661,0.0,5190,2775.4088847205658
Data,7161,-0.0,0.0,1290.1187879814343,0.0,2407.0,683.21,0.0,540.4,0,-518.2712120185662,0.0,5439,2925.2712120185656
Data,7162,-0.0,0.0,1291.4863989844343,0.0,2407.0,664.2,0.0,540.4,0,-641.9136010155663,0.0,5545,3048.9136010155657
Data,7163,-0.0,0.0,1287.4881834453345,0.0,2407.0,592.64,0.0,38.4,0,-1073.4718165546656,0.0,5399,3480.4718165546656
Data,7164,-0.0,0.0,1273.2121387914344,0.0,2407.0,565.8,0.0,38.4,0,-984.5878612085659,0.0,5269,3391.5878612085658
Data,7165,-0.0,0.0,1274.195539504034,0.0,2407.0,414.85,0.0,38.4,0,-956.5544604959658,0.0,5091,3363.554460495966
Data,7166,-0.0,0.0,1380.2743287265343,0.0,2407.0,415.96,0.0,35.2,0,-998.5656712734659,0.0,5237,3405.565671273466
Data,7167,-0.0,0.0,1481.9277756323345,0.0,2407.0,434.97,0.0,38.4,0,-918.7022243676657,0.0,5281,3325.7022243676656
Data,7168,-0.0,0.0,1585.4543503436344,0.0,2407.0,555.74,0.0,38.4,0,-775.4056496563661,0.0,5362,3182.4056496563658
Data,7169,-0.0,0.0,1997.6844688453343,0.0,2407.0,753.65,0.0,38.4,0,-158.26553115466652,0.0,5355,2565.2655311546655
Data,7170,0.0,0.0,2371.0010003224343,0.0,2407.0,800.62,0.0,38.4,0,119.02100032243368,0.0,5498,2287.9789996775658
Data,7171,-0.0,0.0,1949.0291023558343,0.0,2407.0,807.33,0.0,38.4,0,-253.24089764416624,0.0,5455,2660.2408976441657
Data,7172,0.0,0.0,2218.1954469757343,0.0,2407.0,682.09,0.0,38.4,0,58.68544697573395,0.0,5287,2348.3145530242655
Data,7173,0.0,0.0,2136.1512892654346,0.0,2407.0,497.59,0.0,38.4,0,-129.85871073456576,0.0,5209,2536.8587107345656
Data,7174,0.0,0.0,2085.2868520624343,0.0,2407.0,446.15,0.0,41.6,0,-149.96314793756562,0.0,5130,2556.9631479375657
Data,7175,0.0,0.0,2066.1849256274345,0.0,2407.0,426.03,0.0,35.2,0,77.41492562743417,0.0,4857,2329.5850743725655
Data,7176,0.0,0.0,2049.1522344674345,0.0,2407.0,419.32,0.0,38.4,0,-69.12776553256629,0.0,4983,2476.1277655325657
Data,7177,0.0,0.0,2043.927619449143,0.0,2407.0,410.37,0.0,35.2,0,-57.5023805508571,0.0,4954,2464.5023805508567
Data,7178,0.0,0.0,2004.1064602370502,0.0,2407.0,421.55,0.0,35.2,0,-217.14353976294976,0.0,5085,2624.14353976295
Data,7179,0.0,0.0,1675.6201992760284,0.0,2407.0,439.45,0.0,35.2,0,-744.729800723972,0.0,5302,3151.7298007239715
Data,7180,0.0,0.0,2001.2780211784525,0.0,2407.0,449.51,0.0,35.2,0,-563.0119788215475,0.0,5456,2970.0119788215475
Data,7181,0.0,0.0,1911.9712106147447,0.0,2407.0,461.81,0.0,35.2,0,-696.0187893852551,0.0,5512,3103.0187893852553
Data,7182,0.0,0.0,1943.9193446806003,0.0,2407.0,514.36,0.0,35.2,0,-630.5206553194002,0.0,5531,3037.5206553194
Data,7183,0.0,0.0,1792.409524544,0.0,2407.0,686.56,0.0,35.2,0,-657.8304754559997,0.0,5579,3064.830475456
Data,7184,0.0,0.0,1422.4550837830002,0.0,2407.0,767.07,0.0,38.4,0,-920.0749162170005,0.0,5555,3327.0749162169996
Data,7185,-0.0,0.0,1211.8546044003647,0.0,2407.0,788.32,0.0,38.4,0,-1457.425395599636,0.0,5903,3864.425395599635
Data,7186,-0.0,0.0,1027.9814408062,0.0,2407.0,713.4,0.0,35.2,0,-1896.4185591938005,0.0,6080,4303.4185591938
Data,7187,-0.0,0.0,1030.9241708527002,0.0,2407.0,601.58,0.0,41.6,0,-1998.8958291472995,0.0,6080,4405.8958291473
Data,7188,-0.0,0.0,1099.6218194350336,0.0,2407.0,536.73,0.0,41.6,0,-1917.0481805649665,0.0,6002,4324.048180564966
Data,7189,-0.0,0.0,1160.2517887418053,0.0,2407.0,499.83,0.0,38.4,0,-1626.5182112581952,0.0,5732,4033.5182112581947
Data,7190,-0.0,0.0,1185.638520316245,0.0,2407.0,505.42,0.0,38.4,0,-1664.5414796837554,0.0,5801,4071.541479683755
Data,7191,-0.0,0.0,1247.6628216700433,0.0,2407.0,523.31,0.0,41.6,0,-1566.4271783299569,0.0,5786,3973.427178329957
Data,7192,-0.0,0.0,1287.08120674009,0.0,2407.0,600.46,0.0,38.4,0,-1422.0587932599103,0.0,5755,3829.05879325991
Data,7193,-0.0,0.0,1281.7000337627558,0.0,2407.0,754.77,0.0,41.6,0,-1084.9299662372434,0.0,5570,3491.929966237244
Data,7194,0.0,0.0,1233.103903393371,0.0,2407.0,815.15,0.0,38.4,0,-1170.3460966066298,0.0,5664,3577.346096606629
Data,7195,0.0,0.0,1182.9369269649872,0.0,2407.0,838.64,0.0,41.6,0,-1114.8230730350122,0.0,5585,3521.823073035013
Data,7196,0.0,0.0,1173.4668580355467,0.0,2407.0,808.45,0.0,38.4,0,-971.6831419644539,0.0,5399,3378.683141964453
Data,7197,0.0,0.0,1090.5210353427217,0.0,2407.0,612.76,0.0,38.4,0,-1174.3189646572785,0.0,5323,3581.3189646572782
Data,7198,0.0,0.0,1154.6620746170192,0.0,2407.0,470.75,0.0,41.6,0,-1154.9879253829804,0.0,5229,3561.987925382981
Data,7199,0.0,0.0,1238.8940425356375,0.0,2407.0,385.77,0.0,38.4,0,-955.9359574643624,0.0,5026,3362.9359574643627
Data,7200,0.0,0.0,1147.1301565823371,0.0,2407.0,375.71,0.0,38.4,0,-1114.7598434176632,0.0,5083,3521.759843417663
Data,7201,0.0,0.0,1195.5078514296586,0.0,2407.0,347.75,0.0,38.4,0,-1071.3421485703418,0.0,5060,3478.3421485703416
Data,7202,0.0,0.0,1123.4619082514066,0.0,2407.0,372.35,0.0,35.2,0,-1306.9880917485932,0.0,5245,3713.9880917485934
Data,7203,0.0,0.0,1186.1000500406167,0.0,2407.0,400.31,0.0,35.2,0,-1374.389949959383,0.0,5403,3781.389949959383
Data,7204,0.0,0.0,1494.65837140482,0.0,2407.0,447.27,0.0,35.2,0,-1146.8716285951807,0.0,5531,3553.87162859518
Data,7205,0.0,0.0,1797.8369923143673,0.0,2407.0,456.22,0.0,35.2,0,-840.7430076856325,0.0,5537,3247.7430076856326
Data,7206,0.0,0.0,1802.5375506612309,0.0,2407.0,457.34,0.0,35.2,0,-805.9224493387691,0.0,5508,3212.922449338769
Data,7207,0.0,0.0,2190.2960228671773,0.0,2407.0,546.79,0.0,38.4,0,-312.5139771328233,0.0,5495,2719.5139771328227
Data,7208,0.0,0.0,1832.6948300424149,0.0,2407.0,631.77,0.0,38.4,0,-481.13516995758494,0.0,5391,2888.1351699575853
Data,7209,-0.0,0.0,1310.6449232037921,0.0,2407.0,640.72,0.0,41.6,0,-1287.0350767962072,0.0,5687,3694.0350767962077
Data,7210,-0.0,0.0,1309.1032604306997,0.0,2407.0,557.97,0.0,38.4,0,-1367.5267395693004,0.0,5680,3774.5267395693004
Data,7211,-0.0,0.0,1203.537207995,0.0,2407.0,380.18,0.0,38.4,0,-1457.882792005,0.0,5487,3864.882792005
Data,7212,-0.0,0.0,1330.4462789238003,0.0,2407.0,370.12,0.0,38.4,0,-1272.0337210762002,0.0,5418,3679.0337210761995
Data,7213,-0.0,0.0,1515.3221016699,0.0,2407.0,308.62,0.0,41.6,0,-882.4578983300999,0.0,5155,3289.4578983301003
Data,7214,-0.0,0.0,1562.6804079970002,0.0,2407.0,314.21,0.0,38.4,0,-825.7095920030001,0.0,5148,3232.7095920029997
Data,7215,-0.0,0.0,1548.5219238630025,0.0,2407.0,361.17,0.0,38.4,0,-799.9080761369978,0.0,5155,3206.9080761369974
Data,7216,-0.0,0.0,1530.7627722325,0.0,2407.0,395.84,0.0,38.4,0,-876.9972277675001,0.0,5249,3283.9972277675
Data,7217,-0.0,0.0,1725.5426464145376,0.0,2407.0,590.4,0.0,38.4,0,-558.6573535854632,0.0,5320,2965.6573535854623
Data,7218,-0.0,0.0,1961.8230650274725,0.0,2407.0,799.5,0.0,38.4,0,-219.27693497252787,0.0,5426,2626.2769349725277
Data,7219,0.0,0.0,1680.9239795060425,0.0,2407.0,837.52,0.0,41.6,0,-392.95602049395666,0.0,5360,2799.9560204939576
Data,7220,0.0,0.0,1599.7831300426367,0.0,2407.0,795.03,0.0,38.4,0,-340.78686995736405,0.0,5181,2747.7868699573633
Data,7221,0.0,0.0,1404.86169474029,0.0,2407.0,597.11,0.0,38.4,0,-619.6283052597106,0.0,5067,3026.62830525971
Data,7222,0.0,0.0,1323.4757365195808,0.0,2407.0,427.15,0.0,38.4,0,-720.97426348042,0.0,4917,3127.9742634804193
Data,7223,0.0,0.0,1260.6492696477394,0.0,2407.0,370.12,0.0,38.4,0,-552.8307303522611,0.0,4629,2959.8307303522606
Data,7224,0.0,0.0,979.5156014220828,0.0,2407.0,364.53,0.0,38.4,0,-941.5543985779178,0.0,4731,3348.5543985779173
Data,7225,0.0,0.0,1069.6366968664606,0.0,2407.0,366.76,0.0,537.2,0,-367.40330313353934,0.0,4748,2774.4033031335393
Data,7226,0.0,0.0,1435.7212006120114,0.0,2407.0,424.91,0.0,537.2,0,-134.1687993879889,0.0,4939,2541.1687993879887
Data,7227,0.0,0.0,1368.706239263075,0.0,2407.0,468.52,0.0,537.2,0,-338.5737607369256,0.0,5120,2745.5737607369247
Data,7228,0.0,0.0,1278.4408076025502,0.0,2407.0,466.28,0.0,540.4,0,-546.8791923974504,0.0,5239,2953.87919239745
Data,7229,0.0,0.0,1203.0962358197908,0.0,2407.0,442.8,0.0,537.2,0,-743.9037641802092,0.0,5334,3150.9037641802092
Data,7230,0.0,0.0,1230.64925897164,0.0,2407.0,446.15,0.0,537.2,0,-677.0007410283606,0.0,5298,3084.00074102836
Data,7231,0.0,0.0,442.2965395570311,0.0,2407.0,544.55,0.0,537.2,0,-1370.953460442969,0.0,5302,3777.953460442969
Data,7232,0.0,0.0,355.3180395863012,0.0,2407.0,572.51,0.0,540.4,0,-1339.771960413699,0.0,5215,3746.7719604136987
Data,7233,-0.0,0.0,445.88024476119995,0.0,2407.0,587.05,0.0,540.4,0,-1447.6697552388002,0.0,5428,3854.6697552388
Data,7234,-0.0,0.0,345.6623808025261,0.0,2407.0,564.68,0.0,540.4,0,-1587.2576191974738,0.0,5445,3994.257619197474
Data,7235,-0.0,0.0,296.0053260181495,0.0,2407.0,413.73,0.0,540.4,0,-1641.8646739818512,0.0,5299,4048.8646739818505
Data,7236,-0.0,0.0,415.532310512931,0.0,2407.0,380.18,0.0,540.4,0,-1362.887689487069,0.0,5106,3769.887689487069
Data,7237,-0.0,0.0,413.40977971716285,0.0,2407.0,333.22,0.0,540.4,0,-1088.9702202828373,0.0,4783,3495.970220282837
Data,7238,-0.0,0.0,333.65047651852836,0.0,2407.0,343.28,0.0,543.6,0,-1220.4695234814715,0.0,4848,3627.4695234814717
Data,7239,-0.0,0.0,625.0166592913665,0.0,2407.0,430.5,0.0,540.4,0,-767.0833407086338,0.0,4770,3174.0833407086334
Data,7240,-0.0,0.0,431.88296894079997,0.0,2407.0,526.66,0.0,540.4,0,-1026.0570310592007,0.0,4932,3433.0570310592
Data,7241,-0.0,0.0,442.2570583922,0.0,2407.0,677.62,0.0,540.4,0,-1030.7229416078005,0.0,5098,3437.7229416078
Data,7242,-0.0,0.0,454.4862224669814,0.0,2407.0,738.0,0.0,540.4,0,-1107.113777533019,0.0,5247,3514.1137775330185
Data,7243,0.0,0.0,607.2872737952218,0.0,2407.0,742.47,0.0,540.4,0,-898.8427262047783,0.0,5196,3305.842726204778
Data,7244,0.0,0.0,760.0574650702505,0.0,2407.0,711.16,0.0,540.4,0,-640.38253492975,0.0,5059,3047.3825349297495
Data,7245,0.0,0.0,1054.1061839980864,0.0,2407.0,527.78,0.0,540.4,0,-410.71381600191427,0.0,4940,2817.7138160019135
Data,7246,0.0,0.0,697.0554739145255,0.0,2407.0,417.08,0.0,543.6,0,-760.2645260854742,0.0,4825,3167.2645260854747
Data,7247,0.0,0.0,918.2026538403737,0.0,2407.0,355.58,0.0,540.4,0,-386.81734615962625,0.0,4608,2793.817346159626
Data,7248,0.0,0.0,1015.3600384530284,0.0,2407.0,338.81,0.0,540.4,0,-410.429961546972,0.0,4712,2817.4299615469718
Data,7249,0.0,0.0,1074.1775757342612,0.0,2407.0,382.42,0.0,537.2,0,-297.20242426573896,0.0,4698,2704.202424265739
Data,7250,0.0,0.0,784.7347903596661,0.0,2407.0,407.02,0.0,537.2,0,-709.0452096403341,0.0,4845,3116.0452096403337
Data,7251,0.0,0.0,755.0883507800002,0.0,2407.0,383.54,0.0,537.2,0,-912.1716492200001,0.0,4995,3319.17164922
Data,7252,0.0,0.0,676.1658206404,0.0,2407.0,383.54,0.0,537.2,0,-1119.0941793596003,0.0,5123,3526.0941793596
Data,7253,0.0,0.0,595.1525160267,0.0,2407.0,363.41,0.0,537.2,0,-1268.2374839733002,0.0,5171,3675.2374839732997
Data,7254,0.0,0.0,154.65829599431189,0.0,2407.0,360.05,0.0,537.2,0,-1584.0917040056881,0.0,5043,3991.091704005688
Data,7255,0.0,0.0,605.5247993928667,0.0,2407.0,450.63,0.0,540.4,0,-952.4452006071335,0.0,4956,3359.4452006071333
Data,7256,0.0,0.0,291.8492919805692,0.0,2407.0,471.87,0.0,540.4,0,-955.8807080194313,0.0,4667,3362.880708019431
Data,7257,-0.0,0.0,294.5985399600864,0.0,2407.0,456.22,0.0,38.4,0,-1511.7814600399138,0.0,4708,3918.781460039914
Data,7258,-0.0,0.0,18.20080070712245,0.0,2407.0,377.95,0.0,38.4,0,-1803.4491992928781,0.0,4645,4210.449199292878
Data,7259,-0.0,0.0,218.4566786883,0.0,2407.0,257.18,0.0,38.4,0,-1627.9633213117002,0.0,4549,4034.9633213117
Data,7260,-0.0,0.0,177.6711304655,0.0,2407.0,243.76,0.0,38.4,0,-1553.1688695345001,0.0,4420,3960.1688695345
Data,7261,-0.0,0.0,906.7380253250001,0.0,2407.0,238.17,0.0,38.4,0,-707.6919746750002,0.0,4298,3114.691974675
Data,7262,-0.0,0.0,912.902742317,0.0,2407.0,272.84,0.0,38.4,0,-613.8572576830002,0.0,4245,3020.857257683
Data,7263,-0.0,0.0,916.9497875870001,0.0,2407.0,338.81,0.0,38.4,0,-570.8402124130004,0.0,4272,2977.840212413
Data,7264,-0.0,0.0,1042.4569811340002,0.0,2407.0,372.35,0.0,38.4,0,-593.7930188660002,0.0,4454,3000.793018866
Data,7265,-0.0,0.0,1108.2263138844066,0.0,2407.0,537.85,0.0,38.4,0,-497.5236861155939,0.0,4589,2904.523686115593
Data,7266,-0.0,0.0,1023.4537761840032,0.0,2407.0,617.24,0.0,38.4,0,-774.9062238159974,0.0,4861,3181.906223815997
Data,7267,0.0,0.0,976.4465056283855,0.0,2407.0,693.27,0.0,38.4,0,-742.8834943716145,0.0,4858,3149.8834943716147
Data,7268,0.0,0.0,971.5347285492913,0.0,2407.0,629.54,0.0,38.4,0,-764.525271450709,0.0,4811,3171.5252714507087
Data,7269,0.0,0.0,990.2656841917017,0.0,2407.0,506.54,0.0,38.4,0,-861.7943158082987,0.0,4804,3268.7943158082985
Data,7270,0.0,0.0,1078.8852511498235,0.0,2407.0,440.56,0.0,38.4,0,-766.1547488501764,0.0,4731,3173.1547488501765
Data,7271,0.0,0.0,1120.952366662127,0.0,2407.0,411.49,0.0,38.4,0,-561.1576333378737,0.0,4539,2968.157633337873
Data,7272,0.0,0.0,1129.3308487939403,0.0,2407.0,396.95,0.0,38.4,0,-727.3191512060603,0.0,4699,3134.31915120606
Data,7273,0.0,0.0,1081.8240515631815,0.0,2407.0,395.84,0.0,35.2,0,-781.1359484368187,0.0,4701,3188.1359484368186
Data,7274,0.0,0.0,1076.6260987886474,0.0,2407.0,396.95,0.0,35.2,0,-926.2239012113531,0.0,4842,3333.2239012113528
Data,7275,0.0,0.0,1083.9266279766994,0.0,2407.0,408.14,0.0,35.2,0,-1081.7333720233005,0.0,5016,3488.7333720233005
Data,7276,0.0,0.0,1088.1011307705717,0.0,2407.0,377.95,0.0,35.2,0,-1216.7488692294287,0.0,5125,3623.7488692294282
Data,7277,0.0,0.0,1121.3341214830002,0.0,2407.0,431.62,0.0,35.2,0,-1167.845878517,0.0,5163,3574.8458785169996
Data,7278,0.0,0.0,1164.675132239,0.0,2407.0,410.37,0.0,32.0,0,-1035.954867761,0.0,5050,3442.954867761
Data,7279,0.0,0.0,1155.0852218829,0.0,2407.0,375.71,0.0,38.4,0,-918.8047781171003,0.0,4895,3325.8047781171
Data,7280,0.0,0.0,546.0339748398001,0.0,2407.0,396.95,0.0,38.4,0,-1223.6160251602005,0.0,4612,3630.6160251602
Data,7281,-0.0,0.0,489.93431649589996,0.0,2407.0,363.41,0.0,38.4,0,-1228.2556835041005,0.0,4527,3635.2556835041
Data,7282,-0.0,0.0,1042.465859344,0.0,2407.0,299.67,0.0,38.4,0,-724.4641406560004,0.0,4512,3131.464140656
Data,7283,-0.0,0.0,1028.4212626083,0.0,2407.0,252.71,0.0,38.4,0,-620.4687373917004,0.0,4347,3027.4687373917
Data,7284,-0.0,0.0,980.4919982416001,0.0,2407.0,238.17,0.0,41.6,0,-510.7380017583995,0.0,4178,2917.7380017584
Data,7285,-0.0,0.0,1160.8619623603,0.0,2407.0,230.35,0.0,38.4,0,-169.3880376397001,0.0,4006,2576.3880376397
Data,7286,-0.0,0.0,437.21818405119996,0.0,2407.0,231.46,0.0,38.4,0,-799.9218159487999,0.0,3914,3206.9218159488
Data,7287,-0.0,0.0,381.1469625592,0.0,2407.0,244.88,0.0,38.4,0,-802.5730374407998,0.0,3874,3209.5730374408
Data,7288,-0.0,0.0,589.126924422,0.0,2407.0,327.63,0.0,540.4,0,-225.8430755779998,0.0,4090,2632.843075578
Data,7289,-0.0,0.0,578.8967371932905,0.0,2407.0,535.61,0.0,540.4,0,-311.0932628067093,0.0,4373,2718.0932628067094
Data,7290,-0.0,0.0,990.9470892005037,0.0,2407.0,599.35,0.0,540.4,0,-219.30291079949683,0.0,4757,2626.302910799496
Data,7291,0.0,0.0,1311.4232484694915,0.0,2407.0,670.91,0.0,540.4,0,87.73324846949085,0.0,4842,2319.2667515305084
Data,7292,0.0,0.0,1524.4051809879545,0.0,2407.0,599.35,0.0,540.4,0,285.1551809879541,0.0,4786,2121.8448190120453
Data,7293,0.0,0.0,1770.8567664627901,0.0,2407.0,487.53,0.0,540.4,0,442.78676646278956,0.0,4763,1964.2132335372098
Data,7294,0.0,0.0,2022.5448218412776,0.0,2407.0,418.2,0.0,540.4,0,686.144821841277,0.0,4702,1720.8551781587225
Data,7295,0.0,0.0,2313.4473177383265,0.0,2407.0,393.6,0.0,537.2,0,1119.2473177383263,0.0,4532,1287.7526822616733
Data,7296,0.0,0.0,1823.6090998814352,0.0,2407.0,386.89,0.0,540.4,0,505.89909988143467,0.0,4652,1901.1009001185648
Data,7297,0.0,0.0,2256.0493483599284,0.0,2407.0,360.05,0.0,537.2,0,907.2993483599283,0.0,4653,1499.7006516400716
Data,7298,0.0,0.0,2340.4092459912845,0.0,2407.0,369.0,0.0,537.2,0,813.6092459912841,0.0,4840,1593.3907540087155
Data,7299,0.0,0.0,2195.214325382055,0.0,2407.0,388.01,0.0,534.0,0,492.2243253820554,0.0,5032,1914.775674617945
Data,7300,0.0,0.0,2213.878326017685,0.0,2407.0,392.48,0.0,537.2,0,412.55832601768526,0.0,5138,1994.4416739823148
Data,7301,0.0,0.0,2136.276200613625,0.0,2407.0,394.72,0.0,537.2,0,264.19620061362525,0.0,5211,2142.803799386375
Data,7302,0.0,0.0,2270.9512009052996,0.0,2407.0,464.05,0.0,537.2,0,467.20120090529963,0.0,5212,1939.7987990947004
Data,7303,0.0,0.0,2032.7270903661658,0.0,2407.0,484.17,0.0,537.2,0,133.09709036616565,0.0,5328,2273.902909633834
Data,7304,0.0,0.0,1881.006131301,0.0,2407.0,541.2,0.0,537.2,0,99.40613130099973,0.0,5267,2307.593868699
Data,7305,-0.0,0.0,1803.1951246150002,0.0,2407.0,527.78,0.0,537.2,0,-32.82487538500027,0.0,5308,2439.824875385
Data,7306,-0.0,0.0,1620.4124567470003,0.0,2407.0,422.67,0.0,537.2,0,-267.7175432529998,0.0,5255,2674.717543253
Data,7307,-0.0,0.0,1587.821562763998,0.0,2407.0,324.27,0.0,540.4,0,-186.5084372360021,0.0,5046,2593.508437236002
Data,7308,-0.0,0.0,1346.4777241349063,0.0,2407.0,300.79,0.0,540.4,0,-298.33227586509395,0.0,4893,2705.332275865094
Data,7309,-0.0,0.0,1117.2074089724463,0.0,2407.0,277.31,0.0,540.4,0,-267.08259102755363,0.0,4609,2674.082591027554
Data,7310,-0.0,0.0,942.7351444196511,0.0,2407.0,300.79,0.0,540.4,0,-487.07485558034926,0.0,4678,2894.074855580349
Data,7311,-0.0,0.0,902.0774859926867,0.0,2407.0,354.46,0.0,540.4,0,-557.0625140073137,0.0,4761,2964.0625140073134
Data,7312,-0.0,0.0,710.201386543553,0.0,2407.0,451.75,0.0,540.4,0,-846.6486134564474,0.0,4956,3253.648613456447
Data,7313,-0.0,0.0,1264.443381979358,0.0,2407.0,676.5,0.0,540.4,0,-179.65661802064224,0.0,5068,2586.656618020642
Data,7314,-0.0,0.0,1394.763657542164,0.0,2407.0,750.3,0.0,543.6,0,-90.33634245783529,0.0,5186,2497.336342457836
Data,7315,-0.0,0.0,1215.4481179641832,0.0,2407.0,767.07,0.0,540.4,0,-222.08188203581707,0.0,5152,2629.0818820358168
Data,7316,0.0,0.0,810.7264643869117,0.0,2407.0,732.41,0.0,540.4,0,-504.46353561308877,0.0,4995,2911.4635356130884
Data,7317,0.0,0.0,1366.5015489176624,0.0,2407.0,626.18,0.0,350.0772,0,-139.24125108233795,0.0,4889,2546.241251082338
Data,7318,0.0,0.0,1238.000322012411,0.0,2407.0,514.36,0.0,540.4,0,-53.239677987589154,0.0,4753,2460.239677987589
Data,7319,0.0,0.0,1177.652454204633,0.0,2407.0,469.64,0.0,189.4,0,-282.3075457953675,0.0,4526,2689.307545795367
Data,7320,0.0,0.0,1246.6569366993322,0.0,2407.0,453.98,0.0,189.4,0,-299.96306330066824,0.0,4597,2706.9630633006677
Data,7321,0.0,0.0,1216.4216851783392,0.0,2407.0,455.1,0.0,186.2,0,-309.27831482166107,0.0,4574,2716.278314821661
Data,7322,0.0,0.0,553.4368507618635,0.0,2407.0,434.97,0.0,186.2,0,-1157.3931492381364,0.0,4739,3564.3931492381366
Data,7323,0.0,0.0,1081.2021926323291,0.0,2407.0,443.92,0.0,186.2,0,-778.677807367671,0.0,4897,3185.677807367671
Data,7324,0.0,0.0,938.2195983914924,0.0,2407.0,458.45,0.0,186.2,0,-1069.130401608508,0.0,5059,3476.130401608508
Data,7325,0.0,0.0,842.1487359805539,0.0,2407.0,452.86,0.0,186.2,0,-1238.7912640194468,0.0,5127,3645.7912640194463
Data,7326,0.0,0.0,775.4942769883219,0.0,2407.0,483.05,0.0,362.217,0,-1085.2387230116783,0.0,5113,3492.2387230116783
Data,7327,0.0,0.0,652.5418097926892,0.0,2407.0,495.35,0.0,336.977,0,-1279.1311902073107,0.0,5171,3686.1311902073107
Data,7328,0.0,0.0,779.385571035892,0.0,2407.0,496.47,0.0,35.2,0,-1392.9444289641078,0.0,5111,3799.944428964108
Data,7329,-0.0,0.0,876.1306326135244,0.0,2407.0,503.18,0.0,35.2,0,-1292.4893673864756,0.0,5114,3699.4893673864754
Data,7330,-0.0,0.0,830.1726699062327,0.0,2407.0,468.52,0.0,35.2,0,-1287.107330093768,0.0,5028,3694.1073300937674
Data,7331,-0.0,0.0,354.0783793969275,0.0,2407.0,417.08,0.0,38.4,0,-1660.4416206030728,0.0,4877,4067.4416206030724
Data,7332,-0.0,0.0,783.1710272119024,0.0,2407.0,347.75,0.0,35.2,0,-1244.8789727880978,0.0,4818,3651.8789727880976
Data,7333,-0.0,0.0,838.7419358257318,0.0,2407.0,317.56,0.0,38.4,0,-992.2980641742681,0.0,4594,3399.2980641742683
Data,7334,-0.0,0.0,867.4959461195119,0.0,2407.0,326.51,0.0,38.4,0,-1006.5940538804882,0.0,4646,3413.594053880488
Data,7335,-0.0,0.0,858.7669903017098,0.0,2407.0,401.43,0.0,38.4,0,-983.4030096982902,0.0,4689,3390.40300969829
Data,7336,-0.0,0.0,792.3044555743863,0.0,2407.0,450.63,0.0,38.4,0,-1197.665544425614,0.0,4886,3604.6655444256135
Data,7337,-0.0,0.0,813.2921594184595,0.0,2407.0,661.96,0.0,540.4,0,-573.3478405815408,0.0,4996,2980.3478405815404
Data,7338,-0.0,0.0,1204.101723447041,0.0,2407.0,738.0,0.0,540.4,0,-248.4982765529594,0.0,5138,2655.498276552959
Data,7339,-0.0,0.0,1466.8640603963493,0.0,2407.0,730.17,0.0,540.4,0,75.43406039634897,0.0,5069,2331.565939603651
Data,7340,0.0,0.0,1091.3758296223973,0.0,2407.0,699.98,0.0,540.4,0,-179.24417037760304,0.0,4918,2586.2441703776026
Data,7341,0.0,0.0,1041.101981589841,0.0,2407.0,572.51,0.0,540.4,0,-228.98801841015916,0.0,4790,2635.988018410159
Data,7342,0.0,0.0,655.1579798425853,0.0,2407.0,460.69,0.0,537.2,0,-591.9520201574148,0.0,4652,2998.9520201574146
Data,7343,0.0,0.0,248.03115957965454,0.0,2407.0,389.13,0.0,540.4,0,-852.4388404203453,0.0,4437,3259.4388404203455
Data,7344,0.0,0.0,506.66738607194117,0.0,2407.0,383.54,0.0,540.4,0,-666.3926139280588,0.0,4504,3073.392613928059
Data,7345,0.0,0.0,360.19224977079944,0.0,2407.0,427.15,0.0,537.2,0,-759.4577502292007,0.0,4491,3166.4577502292004
Data,7346,0.0,0.0,621.2555514864225,0.0,2407.0,410.37,0.0,537.2,0,-702.1744485135778,0.0,4678,3109.1744485135773
Data,7347,0.0,0.0,388.7002573893203,0.0,2407.0,434.97,0.0,537.2,0,-1071.1297426106796,0.0,4839,3478.1297426106794
Data,7348,0.0,0.0,653.3764009551456,0.0,2407.0,440.56,0.0,537.2,0,-954.8635990448546,0.0,4993,3361.8635990448543
Data,7349,0.0,0.0,709.9009136422764,0.0,2407.0,451.75,0.0,537.2,0,-945.1490863577238,0.0,5051,3352.1490863577237
Data,7350,0.0,0.0,713.4391806390031,0.0,2407.0,466.28,0.0,537.2,0,-923.0808193609973,0.0,5047,3330.080819360997
Data,7351,0.0,0.0,818.4878396752266,0.0,2407.0,477.46,0.0,537.2,0,-882.8521603247735,0.0,5123,3289.852160324773
Data,7352,0.0,0.0,876.5097167171868,0.0,2407.0,560.21,0.0,537.2,0,-720.0802832828133,0.0,5101,3127.080283282813
Data,7353,-0.0,0.0,757.2352978959,0.0,2407.0,578.1,0.0,537.2,0,-928.4647021041003,0.0,5208,3335.4647021041
Data,7354,-0.0,0.0,581.7357452005,0.0,2407.0,471.87,0.0,186.2,0,-1471.1942547995004,0.0,5118,3878.1942547995
Data,7355,-0.0,0.0,415.3946954898001,0.0,2407.0,396.95,0.0,189.4,0,-1567.2553045102004,0.0,4976,3974.2553045102
Data,7356,-0.0,0.0,538.9960452577,0.0,2407.0,307.5,0.0,189.4,0,-1525.1039547423004,0.0,4968,3932.1039547423
Data,7357,-0.0,0.0,315.958386718975,0.0,2407.0,290.73,0.0,540.4,0,-1286.9116132810254,0.0,4841,3693.911613281025
Data,7358,-0.0,0.0,392.05804989075824,0.0,2407.0,290.73,0.0,273.5818,0,-1752.6301501092423,0.0,5116,4159.630150109242
Data,7359,-0.0,0.0,336.1223409137674,0.0,2407.0,339.93,0.0,543.6,0,-1672.347659086232,0.0,5299,4079.3476590862324
Data,7360,-0.0,0.0,403.57828739798947,0.0,2407.0,452.86,0.0,189.4,0,-1929.1617126020112,0.0,5382,4336.16171260201
Data,7361,-0.0,0.0,393.17582000083206,0.0,2407.0,609.41,0.0,189.4,0,-1606.0141799991684,0.0,5205,4013.014179999168
Data,7362,-0.0,0.0,657.8318966086138,0.0,2407.0,663.08,0.0,189.4,0,-1318.6881033913867,0.0,5236,3725.688103391386
Data,7363,-0.0,0.0,411.3124342434339,0.0,2407.0,672.03,0.0,189.4,0,-1484.2575657565667,0.0,5164,3891.2575657565662
Data,7364,0.0,0.0,586.2420317614341,0.0,2407.0,627.3,0.0,189.4,0,-1190.057968238566,0.0,5000,3597.057968238566
Data,7365,0.0,0.0,774.0759596219375,0.0,2407.0,534.49,0.0,189.4,0,-993.0340403780631,0.0,4898,3400.0340403780624
Data,7366,0.0,0.0,1052.888854768249,0.0,2407.0,412.61,0.0,38.4,0,-930.1011452317517,0.0,4841,3337.1011452317507
Data,7367,0.0,0.0,707.5418947809782,0.0,2407.0,413.73,0.0,38.4,0,-999.3281052190225,0.0,4566,3406.328105219022
Data,7368,0.0,0.0,943.9017184306414,0.0,2407.0,415.96,0.0,38.4,0,-817.738281569359,0.0,4623,3224.7382815693586
Data,7369,0.0,0.0,879.9835196319128,0.0,2407.0,388.01,0.0,35.2,0,-900.8064803680871,0.0,4611,3307.8064803680873
Data,7370,0.0,0.0,851.3499106218385,0.0,2407.0,393.6,0.0,35.2,0,-1083.8500893781613,0.0,4771,3490.8500893781616
Data,7371,0.0,0.0,836.5502410785422,0.0,2407.0,423.79,0.0,35.2,0,-1249.4597589214582,0.0,4952,3656.4597589214577
Data,7372,0.0,0.0,814.2246099754954,0.0,2407.0,414.85,0.0,35.2,0,-1439.7253900245046,0.0,5111,3846.7253900245046
Data,7373,0.0,0.0,804.9062313057733,0.0,2407.0,428.26,0.0,35.2,0,-1486.6337686942265,0.0,5162,3893.6337686942265
Data,7374,0.0,0.0,803.5631950481234,0.0,2407.0,480.82,0.0,35.2,0,-1387.416804951877,0.0,5114,3794.4168049518767
Data,7375,0.0,0.0,697.86162113685,0.0,2407.0,584.81,0.0,38.4,0,-1388.9283788631508,0.0,5117,3795.92837886315
Data,7376,0.0,0.0,814.8150407698001,0.0,2407.0,663.08,0.0,35.2,0,-1114.9049592302001,0.0,5035,3521.9049592302
Data,7377,-0.0,0.0,803.2429509886001,0.0,2407.0,677.62,0.0,38.4,0,-1300.7370490114004,0.0,5227,3707.7370490114
Data,7378,-0.0,0.0,799.2895900000001,0.0,2407.0,634.01,0.0,38.4,0,-1361.30041,0.0,5240,3768.30041
Data,7379,-0.0,0.0,799.2895900000001,0.0,2407.0,458.45,0.0,38.4,0,-1278.8604100000005,0.0,4982,3685.86041
Data,7380,-0.0,0.0,799.7131510085001,0.0,2407.0,325.39,0.0,38.4,0,-1296.4968489915,0.0,4867,3703.4968489915
Data,7381,-0.0,0.0,800.5681957494,0.0,2407.0,301.91,0.0,35.2,0,-1182.3218042506003,0.0,4727,3589.3218042506
Data,7382,-0.0,0.0,817.8460571380001,0.0,2407.0,311.97,0.0,38.4,0,-1295.783942862,0.0,4871,3702.783942862
Data,7383,-0.0,0.0,881.2616777400001,0.0,2407.0,326.51,0.0,38.4,0,-1312.82832226,0.0,4966,3719.82832226
Data,7384,-0.0,0.0,1016.6255997088442,0.0,2407.0,413.73,0.0,38.4,0,-1234.2444002911566,0.0,5110,3641.2444002911557
Data,7385,-0.0,0.0,1194.1531396682608,0.0,2407.0,679.85,0.0,38.4,0,-852.5968603317393,0.0,5172,3259.596860331739
Data,7386,-0.0,0.0,1182.1856480465005,0.0,2407.0,784.96,0.0,38.4,0,-900.4543519534998,0.0,5313,3307.4543519534996
Data,7387,0.0,0.0,1094.3252299327662,0.0,2407.0,805.09,0.0,35.2,0,-944.3847700672338,0.0,5286,3351.3847700672336
Data,7388,0.0,0.0,1001.4397659140953,0.0,2407.0,727.94,0.0,38.4,0,-939.2202340859045,0.0,5114,3346.2202340859044
Data,7389,0.0,0.0,951.7436229768996,0.0,2407.0,578.1,0.0,38.4,0,-1040.7563770231004,0.0,5016,3447.7563770231004
Data,7390,0.0,0.0,923.7602130374659,0.0,2407.0,475.23,0.0,38.4,0,-1094.609786962535,0.0,4939,3501.609786962534
Data,7391,0.0,0.0,897.6442090444897,0.0,2407.0,404.78,0.0,38.4,0,-948.1757909555109,0.0,4696,3355.1757909555104
Data,7392,0.0,0.0,902.0978738040283,0.0,2407.0,373.47,0.0,38.4,0,-1036.0321261959718,0.0,4757,3443.0321261959716
Data,7393,0.0,0.0,905.7552012854001,0.0,2407.0,354.46,0.0,183.0,0,-867.7847987145999,0.0,4718,3274.7847987146
Data,7394,0.0,0.0,931.4960523220001,0.0,2407.0,353.35,0.0,186.2,0,-987.9539476779997,0.0,4866,3394.953947678
Data,7395,0.0,0.0,999.2759153899,0.0,2407.0,382.42,0.0,186.2,0,-1000.1040846101001,0.0,4975,3407.1040846101
Data,7396,0.0,0.0,1104.7383782622,0.0,2407.0,399.19,0.0,186.2,0,-989.8716217378005,0.0,5087,3396.8716217378
Data,7397,0.0,0.0,1201.8419513437,0.0,2407.0,402.55,0.0,183.0,0,-957.6080486562998,0.0,5152,3364.6080486563
Data,7398,0.0,0.0,1229.7332099244088,0.0,2407.0,433.85,0.0,186.2,0,-905.216790075591,0.0,5162,3312.2167900755912
Data,7399,0.0,0.0,1210.834782744941,0.0,2407.0,595.99,0.0,189.4,0,-780.7752172550595,0.0,5184,3187.775217255059
Data,7400,0.0,0.0,1171.8969933878,0.0,2407.0,674.26,0.0,189.4,0,-714.4430066122002,0.0,5157,3121.4430066122
Data,7401,-0.0,0.0,1029.2509886135,0.0,2407.0,686.56,0.0,189.4,0,-1021.7890113865008,0.0,5334,3428.7890113865
Data,7402,-0.0,0.0,1068.8386144127999,0.0,2407.0,595.99,0.0,537.2,0,-704.9713855872005,0.0,5314,3111.9713855872
Data,7403,-0.0,0.0,1138.5429129640002,0.0,2407.0,409.25,0.0,502.0805,0,-728.1265870359998,0.0,5185,3135.126587036
Data,7404,-0.0,0.0,1115.7315389786,0.0,2407.0,352.23,0.0,450.9614,0,-768.0770610214004,0.0,5094,3175.0770610214
Data,7405,-0.0,0.0,1089.5479189963999,0.0,2407.0,307.5,0.0,540.4,0,-474.5520810036005,0.0,4819,2881.5520810036
Data,7406,-0.0,0.0,1148.0333465185,0.0,2407.0,306.38,0.0,501.563,0,-549.0236534814999,0.0,4912,2956.0236534815003
Data,7407,-0.0,0.0,1306.3882001362997,0.0,2407.0,333.22,0.0,537.2,0,-312.1917998637002,0.0,4896,2719.1917998637
Data,7408,-0.0,0.0,1352.7531345114983,0.0,2407.0,419.32,0.0,540.4,0,-260.5268654885019,0.0,4980,2667.5268654885017
Data,7409,-0.0,0.0,1376.75268070782,0.0,2407.0,689.92,0.0,540.4,0,-4.927319292180231,0.0,5019,2411.92731929218
Data,7410,-0.0,0.0,1281.2496147408103,0.0,2407.0,777.14,0.0,540.4,0,-109.21038525919009,0.0,5115,2516.21038525919
Data,7411,0.0,0.0,1271.6124245856752,0.0,2407.0,811.8,0.0,537.2,0,9.612424585675253,0.0,5018,2397.3875754143246
Data,7412,0.0,0.0,1112.9382047137346,0.0,2407.0,790.55,0.0,540.4,0,-21.111795286265522,0.0,4872,2428.1117952862655
Data,7413,0.0,0.0,696.1347802617236,0.0,2407.0,659.73,0.0,540.4,0,-443.7352197382768,0.0,4747,2850.7352197382766
Data,7414,0.0,0.0,1219.9762128018049,0.0,2407.0,524.43,0.0,540.4,0,55.806212801804776,0.0,4636,2351.1937871981954
Data,7415,0.0,0.0,723.2226474530363,0.0,2407.0,408.14,0.0,540.4,0,-282.23735254696373,0.0,4361,2689.237352546964
Data,7416,0.0,0.0,891.157320791016,0.0,2407.0,360.05,0.0,537.2,0,-260.592679208984,0.0,4456,2667.592679208984
Data,7417,0.0,0.0,529.8755703701498,0.0,2407.0,337.69,0.0,537.2,0,-631.2344296298503,0.0,4443,3038.23442962985
Data,7418,0.0,0.0,527.1002048893986,0.0,2407.0,342.16,0.0,537.2,0,-770.5397951106017,0.0,4584,3177.5397951106015
Data,7419,0.0,0.0,490.12537708099995,0.0,2407.0,358.94,0.0,537.2,0,-957.7346229190002,0.0,4751,3364.734622919
Data,7420,0.0,0.0,638.0670489500999,0.0,2407.0,386.89,0.0,534.0,0,-892.0429510499002,0.0,4858,3299.0429510499002
Data,7421,0.0,0.0,499.5470928253999,0.0,2407.0,373.47,0.0,537.2,0,-1089.7829071746,0.0,4907,3496.7829071746
Data,7422,0.0,0.0,574.1606360682001,0.0,2407.0,388.01,0.0,537.2,0,-914.6293639317998,0.0,4821,3321.6293639318
Data,7423,0.0,0.0,536.6216426553001,0.0,2407.0,466.28,0.0,534.0,0,-767.0983573447002,0.0,4711,3174.0983573447
Data,7424,0.0,0.0,579.6713574107,0.0,2407.0,544.55,0.0,540.4,0,-522.3786425893002,0.0,4594,2929.3786425893
Data,7425,-0.0,0.0,489.77941052650004,0.0,2407.0,503.18,0.0,540.4,0,-687.6405894735001,0.0,4628,3094.6405894735
Data,7426,-0.0,0.0,410.75056544119167,0.0,2407.0,370.12,0.0,540.4,0,-825.7294345588084,0.0,4554,3232.7294345588084
Data,7427,-0.0,0.0,344.47466375219307,0.0,2407.0,300.79,0.0,540.4,0,-878.3353362478068,0.0,4471,3285.335336247807
Data,7428,-0.0,0.0,171.2342856349147,0.0,2407.0,295.2,0.0,537.2,0,-977.3657143650858,0.0,4388,3384.3657143650853
Data,7429,-0.0,0.0,357.28397753085454,0.0,2407.0,263.89,0.0,540.4,0,-724.4260224691454,0.0,4293,3131.4260224691457
Data,7430,-0.0,0.0,732.9879439112146,0.0,2407.0,262.77,0.0,540.4,0,-444.8420560887853,0.0,4388,2851.8420560887853
Data,7431,-0.0,0.0,121.94825288593944,0.0,2407.0,285.14,0.0,540.4,0,-1008.5117471140605,0.0,4363,3415.5117471140607
Data,7432,-0.0,0.0,647.3833936955,0.0,2407.0,343.28,0.0,540.4,0,-516.9366063044997,0.0,4455,2923.9366063045
Data,7433,-0.0,0.0,740.0773302244002,0.0,2407.0,504.3,0.0,540.4,0,-260.22266977559957,0.0,4452,2667.2226697756
Data,7434,-0.0,0.0,719.4608079735001,0.0,2407.0,653.02,0.0,540.4,0,-411.1191920265003,0.0,4731,2818.1191920265
Data,7435,0.0,0.0,654.5122891392057,0.0,2407.0,695.51,0.0,540.4,0,-438.57771086079447,0.0,4736,2845.5777108607945
Data,7436,0.0,0.0,392.13947829171093,0.0,2407.0,630.65,0.0,540.4,0,-691.8105217082893,0.0,4662,3098.8105217082893
Data,7437,0.0,0.0,760.0675426975904,0.0,2407.0,547.91,0.0,537.2,0,-315.82245730240993,0.0,4568,2722.8224573024095
Data,7438,0.0,0.0,561.5380496559188,0.0,2407.0,452.86,0.0,540.4,0,-512.201950344081,0.0,4474,2919.201950344081
Data,7439,0.0,0.0,895.1141169918516,0.0,2407.0,417.08,0.0,540.4,0,-30.405883008148407,0.0,4290,2437.4058830081485
Data,7440,0.0,0.0,856.970994392852,0.0,2407.0,418.2,0.0,540.4,0,-200.42900560714804,0.0,4423,2607.429005607148
Data,7441,0.0,0.0,788.1803859704264,0.0,2407.0,372.35,0.0,537.2,0,-340.26961402957386,0.0,4445,2747.2696140295734
Data,7442,0.0,0.0,740.1197389066001,0.0,2407.0,360.05,0.0,534.0,0,-544.8302610933997,0.0,4586,2951.8302610933997
Data,7443,0.0,0.0,813.0203122080001,0.0,2407.0,418.2,0.0,537.2,0,-555.5796877920003,0.0,4731,2962.5796877919997
Data,7444,0.0,0.0,285.7125576297999,0.0,2407.0,433.85,0.0,537.2,0,-1180.2374423702004,0.0,4844,3587.2374423702
Data,7445,0.0,0.0,82.49428862139861,0.0,2407.0,474.11,0.0,537.2,0,-1370.1957113786013,0.0,4871,3777.195711378601
Data,7446,0.0,0.0,203.2840453137601,0.0,2407.0,503.18,0.0,537.2,0,-1135.3359546862403,0.0,4786,3542.33595468624
Data,7447,0.0,0.0,291.79822583052,0.0,2407.0,627.3,0.0,534.0,0,-776.9017741694798,0.0,4637,3183.90177416948
Data,7448,0.0,0.0,280.60879180871177,0.0,2407.0,613.88,0.0,540.4,0,-535.111208191288,0.0,4377,2942.1112081912884
Data,7449,-0.0,0.0,442.29784624812004,0.0,2407.0,514.36,0.0,38.4,0,-832.9421537518801,0.0,4235,3239.94215375188
Data,7450,-0.0,0.0,691.4004549103721,0.0,2407.0,401.43,0.0,35.2,0,-589.9695450896282,0.0,4125,2996.969545089628
Data,7451,-0.0,0.0,815.9035191642013,0.0,2407.0,285.14,0.0,38.4,0,-511.55648083579877,0.0,4058,2918.5564808357985
Data,7452,-0.0,0.0,775.1226201160048,0.0,2407.0,273.95,0.0,38.4,0,-537.5273798839953,0.0,4032,2944.5273798839953
Data,7453,-0.0,0.0,811.0507597303833,0.0,2407.0,248.24,0.0,38.4,0,-436.30924026961634,0.0,3941,2843.3092402696166
Data,7454,-0.0,0.0,831.8431545283263,0.0,2407.0,262.77,0.0,38.4,0,-298.98684547167363,0.0,3839,2705.986845471674
Data,7455,-0.0,0.0,842.5032697776747,0.0,2407.0,270.6,0.0,38.4,0,-277.4967302223252,0.0,3836,2684.4967302223254
Data,7456,-0.0,0.0,801.3410657760694,0.0,2407.0,343.28,0.0,35.2,0,-419.17893422393104,0.0,4006,2826.178934223931
Data,7457,-0.0,0.0,403.32714878511626,0.0,2407.0,506.54,0.0,540.4,0,-303.7328512148837,0.0,4161,2710.732851214884
Data,7458,-0.0,0.0,62.87987690184417,0.0,2407.0,632.89,0.0,540.4,0,-899.8301230981559,0.0,4543,3306.830123098156
Data,7459,0.0,0.0,135.09374914020003,0.0,2407.0,640.72,0.0,540.4,0,-883.7862508598,0.0,4607,3290.7862508598
Data,7460,0.0,0.0,176.1992055426,0.0,2407.0,611.65,0.0,540.4,0,-849.7507944573998,0.0,4585,3256.7507944574
Data,7461,0.0,0.0,779.6746204532,0.0,2407.0,544.55,0.0,537.2,0,-258.57537954680004,0.0,4527,2665.5753795468
Data,7462,0.0,0.0,578.9028060764999,0.0,2407.0,458.45,0.0,540.4,0,-480.24719392350016,0.0,4465,2887.2471939235
Data,7463,0.0,0.0,1046.3012446709,0.0,2407.0,414.85,0.0,540.4,0,106.5512446708999,0.0,4302,2300.4487553291
Data,7464,0.0,0.0,990.9051982305,0.0,2407.0,398.07,0.0,540.4,0,-80.62480176949975,0.0,4417,2487.6248017695
Data,7465,0.0,0.0,1209.2124167303998,0.0,2407.0,391.36,0.0,534.0,0,175.57241673039994,0.0,4366,2231.4275832696003
Data,7466,0.0,0.0,1131.6726937752003,0.0,2407.0,417.08,0.0,537.2,0,2.952693775200032,0.0,4490,2404.0473062247997
Data,7467,0.0,0.0,1253.6050575266001,0.0,2407.0,441.68,0.0,537.2,0,-22.514942473400197,0.0,4662,2429.5149424734
Data,7468,0.0,0.0,1434.6323881020999,0.0,2407.0,453.98,0.0,534.0,0,45.612388102099885,0.0,4784,2361.3876118979
Data,7469,0.0,0.0,1396.5810353351,0.0,2407.0,433.85,0.0,537.2,0,-58.368964664900204,0.0,4833,2465.3689646649
Data,7470,0.0,0.0,1420.3388443608,0.0,2407.0,455.1,0.0,537.2,0,-67.3611556392002,0.0,4887,2474.3611556391998
Data,7471,0.0,0.0,1619.2819136581,0.0,2407.0,531.14,0.0,534.0,0,232.4219136580998,0.0,4859,2174.5780863419
Data,7472,0.0,0.0,1918.0803701097002,0.0,2407.0,617.24,0.0,537.2,0,683.5203701096998,0.0,4796,1723.4796298902997
Data,7473,-0.0,0.0,1459.294153723,0.0,2407.0,616.12,0.0,537.2,0,138.61415372299962,0.0,4881,2268.385846277
Data,7474,-0.0,0.0,1443.0731842507,0.0,2407.0,507.65,0.0,540.4,0,208.12318425069975,0.0,4690,2198.8768157493
Data,7475,-0.0,0.0,1415.7260364207002,0.0,2407.0,376.83,0.0,540.4,0,281.95603642070023,0.0,4458,2125.0439635793
Data,7476,-0.0,0.0,1494.4042667439,0.0,2407.0,337.69,0.0,540.4,0,432.4942667439002,0.0,4347,1974.5057332561
Data,7477,-0.0,0.0,1309.1366124178,0.0,2407.0,277.31,0.0,540.4,0,416.8466124178001,0.0,4117,1990.1533875822
Data,7478,-0.0,0.0,1460.995569289083,0.0,2407.0,318.68,0.0,189.4,0,28.0755692890826,0.0,4348,2378.924430710917
Data,7479,-0.0,0.0,1561.134603953406,0.0,2407.0,374.59,0.0,270.8244,0,176.5490039534066,0.0,4437,2230.450996046594
Data,7480,-0.0,0.0,1630.6407454039097,0.0,2407.0,453.98,0.0,540.4,0,467.02074540390976,0.0,4565,1939.9792545960904
Data,7481,-0.0,0.0,2062.3343012153523,0.0,2407.0,597.11,0.0,540.4,0,894.8443012153521,0.0,4712,1512.1556987846477
Data,7482,-0.0,0.0,2234.9330998209252,0.0,2407.0,744.71,0.0,540.4,0,1060.0430998209247,0.0,4867,1346.9569001790746
Data,7483,0.0,0.0,2281.95587350407,0.0,2407.0,759.25,0.0,540.4,0,1173.60587350407,0.0,4815,1233.3941264959299
Data,7484,0.0,0.0,2073.3322307952853,0.0,2407.0,672.03,0.0,540.4,0,1012.7622307952846,0.0,4680,1394.2377692047148
Data,7485,0.0,0.0,2219.434696706872,0.0,2407.0,606.05,0.0,540.4,0,1248.8846967068716,0.0,4524,1158.1153032931284
Data,7486,0.0,0.0,1970.8559029790606,0.0,2407.0,514.36,0.0,540.4,0,1065.6159029790608,0.0,4367,1341.3840970209394
Data,7487,0.0,0.0,1893.5341095491715,0.0,2407.0,452.86,0.0,540.4,0,1171.7941095491717,0.0,4122,1235.2058904508285
Data,7488,0.0,0.0,2007.3563215092734,0.0,2407.0,437.21,0.0,540.4,0,1162.9663215092735,0.0,4229,1244.0336784907267
Data,7489,0.0,0.0,1661.1566192312434,0.0,2407.0,385.77,0.0,537.2,0,808.1266192312432,0.0,4183,1598.8733807687565
Data,7490,0.0,0.0,1674.9945753153333,0.0,2407.0,382.42,0.0,537.2,0,683.6145753153331,0.0,4318,1723.3854246846665
Data,7491,0.0,0.0,1824.0174637158852,0.0,2407.0,401.43,0.0,537.2,0,720.6474637158848,0.0,4449,1686.3525362841146
Data,7492,0.0,0.0,1817.2995555307227,0.0,2407.0,431.62,0.0,537.2,0,577.1195555307224,0.0,4616,1829.8804444692773
Data,7493,0.0,0.0,1840.5452274646457,0.0,2407.0,409.25,0.0,537.2,0,494.9952274646455,0.0,4699,1912.0047725353543
Data,7494,0.0,0.0,1718.3819758704528,0.0,2407.0,401.43,0.0,537.2,0,339.0119758704525,0.0,4725,2067.9880241295473
Data,7495,0.0,0.0,1325.3344227090226,0.0,2407.0,486.41,0.0,537.2,0,-33.05557729097774,0.0,4789,2440.0555772909775
Data,7496,0.0,0.0,1478.5259777576734,0.0,2407.0,642.95,0.0,540.4,0,271.8759777576728,0.0,4797,2135.1240222423266
Data,7497,-0.0,0.0,1101.6372444438375,0.0,2407.0,632.89,0.0,540.4,0,-190.07275555616292,0.0,4872,2597.0727555561625
Data,7498,-0.0,0.0,1008.8844203343198,0.0,2407.0,551.26,0.0,540.4,0,-253.45557966568035,0.0,4761,2660.4555796656805
Data,7499,-0.0,0.0,1137.2114082271114,0.0,2407.0,295.2,0.0,540.4,0,-238.18859177288866,0.0,4618,2645.1885917728887
Data,7500,-0.0,0.0,905.7916693978045,0.0,2407.0,285.14,0.0,540.4,0,-423.6683306021955,0.0,4562,2830.6683306021955
Data,7501,-0.0,0.0,1518.70163158402,0.0,2407.0,273.95,0.0,540.4,0,410.0516315840201,0.0,4330,1996.94836841598
Data,7502,-0.0,0.0,1362.2539518973574,0.0,2407.0,282.9,0.0,540.4,0,243.55395189735756,0.0,4349,2163.4460481026426
Data,7503,-0.0,0.0,1502.4139535560828,0.0,2407.0,327.63,0.0,540.4,0,367.4439535560829,0.0,4410,2039.5560464439172
Data,7504,-0.0,0.0,1680.131989494953,0.0,2407.0,441.68,0.0,540.4,0,510.2119894949527,0.0,4559,1896.7880105050472
Data,7505,-0.0,0.0,1103.3779902289396,0.0,2407.0,680.97,0.0,540.4,0,17.74799022893952,0.0,4714,2389.2520097710603
Data,7506,-0.0,0.0,1483.5886134531438,0.0,2407.0,789.44,0.0,540.4,0,280.4286134531434,0.0,4940,2126.571386546856
Data,7507,0.0,0.0,505.8317732487033,0.0,2407.0,763.72,0.0,540.4,0,-707.0482267512969,0.0,4924,3114.0482267512966
Data,7508,0.0,0.0,532.5602248724117,0.0,2407.0,642.95,0.0,540.4,0,-646.0897751275888,0.0,4769,3053.0897751275884
Data,7509,0.0,0.0,337.89640950055383,0.0,2407.0,560.21,0.0,540.4,0,-776.4935904994461,0.0,4622,3183.4935904994463
Data,7510,0.0,0.0,743.6811353560889,0.0,2407.0,421.55,0.0,540.4,0,-409.3688646439108,0.0,4522,2816.368864643911
Data,7511,0.0,0.0,632.8000847857004,0.0,2407.0,377.95,0.0,540.4,0,-328.8499152142997,0.0,4287,2735.8499152142995
Data,7512,0.0,0.0,1184.2297401294957,0.0,2407.0,371.24,0.0,540.4,0,112.86974012949597,0.0,4390,2294.1302598705042
Data,7513,0.0,0.0,567.0113546384522,0.0,2407.0,337.69,0.0,537.2,0,-513.0986453615479,0.0,4362,2920.098645361548
Data,7514,0.0,0.0,369.2968716054738,0.0,2407.0,345.52,0.0,537.2,0,-876.9831283945264,0.0,4536,3283.983128394526
Data,7515,0.0,0.0,280.86376921990677,0.0,2407.0,379.06,0.0,537.2,0,-1095.8762307800935,0.0,4700,3502.876230780093
Data,7516,0.0,0.0,400.6877792137343,0.0,2407.0,396.95,0.0,537.2,0,-1087.162220786266,0.0,4829,3494.1622207862656
Data,7517,0.0,0.0,876.3945811518973,0.0,2407.0,455.1,0.0,537.2,0,-634.3054188481029,0.0,4910,3041.305418848103
Data,7518,0.0,0.0,752.8742879817588,0.0,2407.0,465.16,0.0,537.2,0,-748.7657120182415,0.0,4911,3155.765712018241
Data,7519,0.0,0.0,838.9629589331457,0.0,2407.0,471.87,0.0,540.4,0,-724.7670410668547,0.0,4983,3131.7670410668543
Data,7520,-0.0,0.0,505.67202532244437,0.0,2407.0,532.25,0.0,540.4,0,-968.677974677556,0.0,4954,3375.6779746775555
Data,7521,-0.0,0.0,544.394830382829,0.0,2407.0,509.89,0.0,540.4,0,-1066.3151696171715,0.0,5068,3473.315169617171
Data,7522,-0.0,0.0,546.7568841051403,0.0,2407.0,422.67,0.0,540.4,0,-1131.17311589486,0.0,5048,3538.1731158948596
Data,7523,-0.0,0.0,518.999152305727,0.0,2407.0,273.95,0.0,543.6,0,-1108.4508476942729,0.0,4852,3515.450847694273
Data,7524,-0.0,0.0,337.09246953679497,0.0,2407.0,272.84,0.0,540.4,0,-1210.6675304632054,0.0,4768,3617.667530463205
Data,7525,-0.0,0.0,689.0752145594304,0.0,2407.0,270.6,0.0,540.4,0,-584.9247854405696,0.0,4492,2991.9247854405694
Data,7526,-0.0,0.0,1065.365870829134,0.0,2407.0,285.14,0.0,540.4,0,-329.0941291708658,0.0,4627,2736.094129170866
Data,7527,-0.0,0.0,859.209751391041,0.0,2407.0,296.32,0.0,540.4,0,-522.0702486089588,0.0,4625,2929.070248608959
Data,7528,-0.0,0.0,1058.6535686954107,0.0,2407.0,366.76,0.0,543.6,0,-343.98643130458873,0.0,4720,2750.986431304589
Data,7529,-0.0,0.0,1246.283863206011,0.0,2407.0,582.57,0.0,540.4,0,-21.7461367939892,0.0,4798,2428.746136793989
Data,7530,-0.0,0.0,1216.6194009738444,0.0,2407.0,669.79,0.0,540.4,0,-161.19059902615604,0.0,4995,2568.1905990261557
Data,7531,0.0,0.0,1318.3424691246341,0.0,2407.0,632.89,0.0,540.4,0,-26.367530875366242,0.0,4925,2433.367530875366
Data,7532,0.0,0.0,1459.5784087553573,0.0,2407.0,613.88,0.0,540.4,0,216.85840875535695,0.0,4804,2190.1415912446428
Data,7533,0.0,0.0,532.9065011013056,0.0,2407.0,541.2,0.0,543.6,0,-671.2934988986942,0.0,4696,3078.2934988986945
Data,7534,0.0,0.0,1156.9762714525082,0.0,2407.0,436.09,0.0,540.4,0,-64.53372854749162,0.0,4605,2471.533728547492
Data,7535,0.0,0.0,1229.831372346466,0.0,2407.0,390.25,0.0,540.4,0,211.48137234646606,0.0,4356,2195.518627653534
Data,7536,0.0,0.0,1414.6969646757589,0.0,2407.0,373.47,0.0,540.4,0,282.56696467575875,0.0,4453,2124.4330353242412
Data,7537,0.0,0.0,1639.0827787712767,0.0,2407.0,386.89,0.0,540.4,0,531.3727787712767,0.0,4442,1875.6272212287233
Data,7538,0.0,0.0,1510.7157836187866,0.0,2407.0,424.91,0.0,35.2,0,-267.1742163812137,0.0,4645,2674.1742163812132
Data,7539,0.0,0.0,1300.414480468981,0.0,2407.0,451.75,0.0,35.2,0,-667.635519531019,0.0,4862,3074.635519531019
Data,7540,0.0,0.0,1258.9632744603866,0.0,2407.0,455.1,0.0,35.2,0,-818.7367255396133,0.0,4975,3225.7367255396134
Data,7541,0.0,0.0,1182.332943776773,0.0,2407.0,447.27,0.0,35.2,0,-1005.1970562232276,0.0,5077,3412.1970562232273
Data,7542,0.0,0.0,1138.443838627674,0.0,2407.0,452.86,0.0,35.2,0,-1047.4961613723265,0.0,5081,3454.496161372326
Data,7543,0.0,0.0,1043.5704008844766,0.0,2407.0,466.28,0.0,38.4,0,-1206.749599115524,0.0,5162,3613.7495991155233
Data,7544,-0.0,0.0,1026.8519722934789,0.0,2407.0,611.65,0.0,38.4,0,-1045.0980277065219,0.0,5129,3452.098027706521
Data,7545,-0.0,0.0,407.1221995884236,0.0,2407.0,574.75,0.0,41.6,0,-1896.527800411576,0.0,5327,4303.527800411576
Data,7546,-0.0,0.0,299.55435170916934,0.0,2407.0,484.17,0.0,38.4,0,-2121.875648290831,0.0,5351,4528.87564829083
Data,7547,-0.0,0.0,297.1074073887851,0.0,2407.0,346.64,0.0,38.4,0,-2236.852592611215,0.0,5326,4643.852592611215
Data,7548,-0.0,0.0,286.7236321044698,0.0,2407.0,339.93,0.0,38.4,0,-2235.9463678955303,0.0,5308,4642.94636789553
Data,7549,-0.0,0.0,1021.2155286004655,0.0,2407.0,319.8,0.0,38.4,0,-1269.5844713995348,0.0,5056,3676.5844713995343
Data,7550,-0.0,0.0,1010.5218380965201,0.0,2407.0,347.75,0.0,38.4,0,-1357.3281619034803,0.0,5161,3764.3281619034797
Data,7551,-0.0,0.0,984.0785363626882,0.0,2407.0,398.07,0.0,38.4,0,-1349.4514636373124,0.0,5177,3756.451463637312
Data,7552,-0.0,0.0,1048.607624686295,0.0,2407.0,465.16,0.0,38.4,0,-1293.8323753137056,0.0,5253,3700.832375313705
Data,7553,-0.0,0.0,1153.3808001124191,0.0,2407.0,704.45,0.0,189.4,0,-700.7691998875814,0.0,5155,3107.7691998875807
Data,7554,-0.0,0.0,1192.4891204804683,0.0,2407.0,793.91,0.0,189.4,0,-745.2008795195324,0.0,5328,3152.2008795195316
Data,7555,0.0,0.0,1191.901267643434,0.0,2407.0,786.08,0.0,189.4,0,-746.6187323565664,0.0,5321,3153.618732356566
Data,7556,0.0,0.0,1079.485116464041,0.0,2407.0,725.7,0.0,189.4,0,-728.4148835359595,0.0,5130,3135.414883535959
Data,7557,0.0,0.0,942.4730924448472,0.0,2407.0,530.02,0.0,189.4,0,-948.1069075551527,0.0,5017,3355.1069075551527
Data,7558,0.0,0.0,898.1070833137428,0.0,2407.0,437.21,0.0,189.4,0,-946.2829166862575,0.0,4878,3353.282916686257
Data,7559,0.0,0.0,742.9404160388788,0.0,2407.0,402.55,0.0,189.4,0,-857.1095839611214,0.0,4599,3264.109583961121
Data,7560,0.0,0.0,306.84681041060367,0.0,2407.0,421.55,0.0,189.4,0,-1344.2031895893965,0.0,4669,3751.2031895893965
Data,7561,0.0,0.0,145.3738716528369,0.0,2407.0,420.44,0.0,537.2,0,-1152.9861283471632,0.0,4663,3559.9861283471632
Data,7562,0.0,0.0,326.5500758168737,0.0,2407.0,433.85,0.0,537.2,0,-1141.3999241831266,0.0,4846,3548.399924183126
Data,7563,0.0,0.0,315.3879051372455,0.0,2407.0,455.1,0.0,537.2,0,-1282.3120948627547,0.0,4997,3689.3120948627543
Data,7564,0.0,0.0,415.5048219913342,0.0,2407.0,456.22,0.0,537.2,0,-1279.0751780086657,0.0,5095,3686.0751780086657
Data,7565,0.0,0.0,572.4530686424341,0.0,2407.0,439.45,0.0,537.2,0,-1204.8969313575662,0.0,5161,3611.896931357566
Data,7566,0.0,0.0,780.0120305745342,0.0,2407.0,451.75,0.0,537.2,0,-935.037969425466,0.0,5111,3342.0379694254657
Data,7567,0.0,0.0,770.5216160835341,0.0,2407.0,489.76,0.0,540.4,0,-918.318383916466,0.0,5126,3325.318383916466
Data,7568,-0.0,0.0,670.7336206941246,0.0,2407.0,546.79,0.0,540.4,0,-934.0763793058758,0.0,5099,3341.0763793058754
Data,7569,-0.0,0.0,737.9851964316734,0.0,2407.0,562.45,0.0,540.4,0,-1124.1648035683272,0.0,5372,3531.1648035683265
Data,7570,-0.0,0.0,717.9028785822999,0.0,2407.0,533.37,0.0,540.4,0,-1296.3271214177007,0.0,5495,3703.3271214177003
Data,7571,-0.0,0.0,416.7560329309423,0.0,2407.0,400.31,0.0,540.4,0,-1672.5339670690576,0.0,5437,4079.533967069058
Data,7572,-0.0,0.0,331.458646581272,0.0,2407.0,386.89,0.0,540.4,0,-1775.251353418728,0.0,5441,4182.251353418728
Data,7573,-0.0,0.0,332.6636021930602,0.0,2407.0,338.81,0.0,540.4,0,-1605.1263978069398,0.0,5224,4012.1263978069396
Data,7574,-0.0,0.0,466.48462362550634,0.0,2407.0,354.46,0.0,540.4,0,-1450.655376374494,0.0,5219,3857.6553763744937
Data,7575,-0.0,0.0,434.1427297969986,0.0,2407.0,481.94,0.0,540.4,0,-1229.5172702030018,0.0,5093,3636.5172702030013
Data,7576,-0.0,0.0,370.8491833259969,0.0,2407.0,553.5,0.0,540.4,0,-1174.2508166740035,0.0,5046,3581.250816674003
Data,7577,-0.0,0.0,530.8993016515478,0.0,2407.0,670.91,0.0,540.4,0,-818.7906983484527,0.0,4968,3225.790698348452
Data,7578,-0.0,0.0,384.69551724672505,0.0,2407.0,743.59,0.0,540.4,0,-1016.3144827532751,0.0,5092,3423.314482753275
Data,7579,0.0,0.0,576.1457171236376,0.0,2407.0,780.49,0.0,540.4,0,-719.964282876363,0.0,5024,3126.9642828763626
Data,7580,0.0,0.0,638.8292274461023,0.0,2407.0,714.52,0.0,537.2,0,-565.4507725538979,0.0,4863,2972.450772553898
Data,7581,0.0,0.0,743.9619978691074,0.0,2407.0,578.1,0.0,540.4,0,-480.538002130893,0.0,4750,2887.5380021308924
Data,7582,0.0,0.0,599.1195317989,0.0,2407.0,468.52,0.0,540.4,0,-567.9604682011,0.0,4583,2974.9604682011
Data,7583,0.0,0.0,773.0936665587,0.0,2407.0,422.67,0.0,540.4,0,-166.83633344129987,0.0,4310,2573.8363334413
Data,7584,0.0,0.0,887.2069660394001,0.0,2407.0,401.43,0.0,540.4,0,-181.9630339606,0.0,4418,2588.9630339606
Data,7585,0.0,0.0,793.2187790637,0.0,2407.0,341.05,0.0,537.2,0,-383.5312209363,0.0,4462,2790.5312209363
Data,7586,0.0,0.0,869.5467937702815,0.0,2407.0,354.46,0.0,537.2,0,-415.79320622971863,0.0,4584,2822.7932062297186
Data,7587,0.0,0.0,885.1522324721913,0.0,2407.0,372.35,0.0,537.2,0,-549.297767527809,0.0,4751,2956.297767527809
Data,7588,0.0,0.0,948.3436822693088,0.0,2407.0,376.83,0.0,534.0,0,-604.8263177306912,0.0,4871,3011.8263177306912
Data,7589,0.0,0.0,956.113578649749,0.0,2407.0,348.87,0.0,537.2,0,-655.8164213502513,0.0,4905,3062.816421350251
Data,7590,0.0,0.0,970.5766870849274,0.0,2407.0,375.71,0.0,537.2,0,-468.5133129150728,0.0,4759,2875.5133129150727
Data,7591,0.0,0.0,1046.4845299289036,0.0,2407.0,393.6,0.0,537.2,0,-215.71547007109666,0.0,4600,2622.715470071096
Data,7592,0.0,0.0,981.6611970185737,0.0,2407.0,490.88,0.0,537.2,0,-145.25880298142636,0.0,4562,2552.258802981426
Data,7593,-0.0,0.0,868.173102538718,0.0,2407.0,443.92,0.0,540.4,0,-497.5068974612823,0.0,4757,2904.506897461282
Data,7594,-0.0,0.0,710.2643902575,0.0,2407.0,371.24,0.0,540.4,0,-619.0956097425005,0.0,4648,3026.0956097425
Data,7595,-0.0,0.0,472.8949032518,0.0,2407.0,286.25,0.0,540.4,0,-746.4550967481999,0.0,4453,3153.4550967482
Data,7596,-0.0,0.0,358.29183541709995,0.0,2407.0,261.65,0.0,540.4,0,-717.6581645828999,0.0,4285,3124.6581645829
Data,7597,-0.0,0.0,460.8720912920844,0.0,2407.0,241.53,0.0,540.4,0,-504.1979087079153,0.0,4154,2911.1979087079158
Data,7598,-0.0,0.0,322.2927496377714,0.0,2407.0,254.95,0.0,540.4,0,-564.3572503622286,0.0,4089,2971.3572503622286
Data,7599,-0.0,0.0,118.62547527635131,0.0,2407.0,254.95,0.0,540.4,0,-693.0245247236488,0.0,4014,3100.024524723649
Data,7600,-0.0,0.0,138.51206829712288,0.0,2407.0,326.51,0.0,540.4,0,-671.5779317028773,0.0,4084,3078.5779317028773
Data,7601,-0.0,0.0,484.2408932868673,0.0,2407.0,484.17,0.0,540.4,0,-245.18910671313256,0.0,4161,2652.189106713133
Data,7602,-0.0,0.0,596.4399493834152,0.0,2407.0,574.75,0.0,540.4,0,-354.4100506165847,0.0,4473,2761.410050616585
Data,7603,0.0,0.0,395.5374167771605,0.0,2407.0,557.97,0.0,540.4,0,-628.0925832228396,0.0,4529,3035.0925832228395
Data,7604,0.0,0.0,441.57784173253964,0.0,2407.0,528.9,0.0,540.4,0,-495.1221582674602,0.0,4413,2902.1221582674602
Data,7605,0.0,0.0,458.32403291006733,0.0,2407.0,489.76,0.0,540.4,0,-358.5159670899328,0.0,4254,2765.515967089933
Data,7606,0.0,0.0,318.0870106167115,0.0,2407.0,383.54,0.0,540.4,0,-517.9729893832884,0.0,4167,2924.9729893832887
Data,7607,0.0,0.0,372.45384920470514,0.0,2407.0,333.22,0.0,540.4,0,-367.926150795295,0.0,4021,2774.9261507952947
Data,7608,0.0,0.0,108.6179752142122,0.0,2407.0,320.92,0.0,540.4,0,-818.0620247857876,0.0,4195,3225.062024785788
Data,7609,0.0,0.0,60.63222641360001,0.0,2407.0,341.05,0.0,534.0,0,-747.3177735863998,0.0,4090,3154.3177735864
Data,7610,0.0,0.0,404.39927263490006,0.0,2407.0,339.93,0.0,537.2,0,-550.4707273651003,0.0,4239,2957.4707273650997
Data,7611,0.0,0.0,519.8122391841,0.0,2407.0,330.98,0.0,537.2,0,-594.0077608159002,0.0,4389,3001.0077608159
Data,7612,0.0,0.0,375.71829202189997,0.0,2407.0,354.46,0.0,537.2,0,-827.6217079781002,0.0,4502,3234.6217079781
Data,7613,0.0,0.0,356.0767452688999,0.0,2407.0,373.47,0.0,537.2,0,-897.2532547311,0.0,4571,3304.2532547311002
Data,7614,0.0,0.0,228.13758046879843,0.0,2407.0,398.07,0.0,537.2,0,-917.5924195312016,0.0,4488,3324.5924195312014
Data,7615,0.0,0.0,363.95196877830006,0.0,2407.0,421.55,0.0,537.2,0,-711.2980312217,0.0,4441,3118.2980312217
Data,7616,0.0,0.0,159.13189989819998,0.0,2407.0,514.36,0.0,537.2,0,-696.3081001018,0.0,4314,3103.3081001018
Data,7617,-0.0,0.0,606.9342297844,0.0,2407.0,483.05,0.0,35.2,0,-856.8157702156,0.0,4389,3263.8157702156
Data,7618,-0.0,0.0,107.2435351238,0.0,2407.0,367.88,0.0,38.4,0,-1467.4764648762002,0.0,4388,3874.4764648762
Data,7619,-0.0,0.0,278.4992545500235,0.0,2407.0,269.48,0.0,38.4,0,-1237.620745449977,0.0,4231,3644.6207454499763
Data,7620,-0.0,0.0,677.6763810488709,0.0,2407.0,246.0,0.0,38.4,0,-652.923618951129,0.0,4022,3059.923618951129
Data,7621,-0.0,0.0,657.7852655042211,0.0,2407.0,222.52,0.0,38.4,0,-489.2947344957788,0.0,3815,2896.294734495779
Data,7622,-0.0,0.0,809.6545161418117,0.0,2407.0,238.17,0.0,38.4,0,-98.77548385818824,0.0,3592,2505.775483858188
Data,7623,-0.0,0.0,801.7293109936,0.0,2407.0,247.12,0.0,35.2,0,-141.95068900640024,0.0,3633,2548.9506890064
Data,7624,-0.0,0.0,766.935799696294,0.0,2407.0,383.54,0.0,38.4,0,-221.12420030370598,0.0,3817,2628.124200303706
Data,7625,-0.0,0.0,799.2829627206166,0.0,2407.0,581.45,0.0,540.4,0,367.132962720617,0.0,3961,2039.8670372793833
Data,7626,-0.0,0.0,774.2538337875817,0.0,2407.0,660.85,0.0,540.4,0,79.50383378758168,0.0,4303,2327.4961662124183
Data,7627,0.0,0.0,235.27244505665567,0.0,2407.0,618.35,0.0,540.4,0,-548.9775549433443,0.0,4350,2955.9775549433443
Data,7628,0.0,0.0,557.9194146248246,0.0,2407.0,581.45,0.0,537.2,0,-212.43058537517572,0.0,4296,2619.4305853751753
Data,7629,0.0,0.0,438.243088997559,0.0,2407.0,500.95,0.0,540.4,0,-377.40691100244106,0.0,4264,2784.406911002441
Data,7630,0.0,0.0,409.13354815008637,0.0,2407.0,352.23,0.0,540.4,0,-508.2364518499135,0.0,4217,2915.2364518499135
Data,7631,0.0,0.0,307.01082117309994,0.0,2407.0,294.08,0.0,540.4,0,-491.50917882690004,0.0,4040,2898.5091788269
Data,7632,0.0,0.0,221.37055746340002,0.0,2407.0,275.07,0.0,540.4,0,-720.1594425365997,0.0,4164,3127.1594425366
Data,7633,0.0,0.0,145.94867685306963,0.0,2407.0,300.79,0.0,534.0,0,-741.2613231469304,0.0,4129,3148.2613231469304
Data,7634,0.0,0.0,254.12660673384096,0.0,2407.0,349.99,0.0,537.2,0,-760.6833932661594,0.0,4309,3167.683393266159
Data,7635,0.0,0.0,200.93880570070002,0.0,2407.0,376.83,0.0,537.2,0,-934.0311942993003,0.0,4456,3341.0311942993
Data,7636,0.0,0.0,347.5214827582,0.0,2407.0,389.13,0.0,534.0,0,-917.3485172417999,0.0,4595,3324.3485172418
Data,7637,0.0,0.0,602.7732025618,0.0,2407.0,394.72,0.0,537.2,0,-751.3067974382,0.0,4693,3158.3067974382
Data,7638,0.0,0.0,707.5953971421001,0.0,2407.0,409.25,0.0,537.2,0,-649.9546028579001,0.0,4711,3056.9546028578998
Data,7639,0.0,0.0,1171.6951114524354,0.0,2407.0,448.39,0.0,534.0,0,-152.91488854756463,0.0,4714,2559.9148885475647
Data,7640,-0.0,0.0,940.0126018071528,0.0,2407.0,536.73,0.0,540.4,0,-268.85739819284754,0.0,4693,2675.857398192847
Data,7641,-0.0,0.0,681.9574091138294,0.0,2407.0,521.07,0.0,540.4,0,-772.5725908861708,0.0,4923,3179.5725908861705
Data,7642,-0.0,0.0,280.24075291370696,0.0,2407.0,439.45,0.0,537.2,0,-1117.1092470862934,0.0,4781,3524.109247086293
Data,7643,-0.0,0.0,238.6316932347807,0.0,2407.0,330.98,0.0,540.4,0,-1043.988306765219,0.0,4561,3450.9883067652195
Data,7644,-0.0,0.0,238.35730283742373,0.0,2407.0,303.03,0.0,540.4,0,-922.212697162576,0.0,4411,3329.212697162576
Data,7645,-0.0,0.0,138.92546430328642,0.0,2407.0,285.14,0.0,540.4,0,-932.5345356967136,0.0,4304,3339.5345356967136
Data,7646,-0.0,0.0,62.80635223166042,0.0,2407.0,295.2,0.0,540.4,0,-1138.5936477683397,0.0,4444,3545.5936477683395
Data,7647,-0.0,0.0,94.52709536638206,0.0,2407.0,334.34,0.0,540.4,0,-1145.7329046336176,0.0,4522,3552.732904633618
Data,7648,-0.0,0.0,127.9503899925932,0.0,2407.0,431.62,0.0,540.4,0,-1099.029610007407,0.0,4606,3506.029610007407
Data,7649,-0.0,0.0,632.6999707463968,0.0,2407.0,645.19,0.0,537.2,0,-424.91002925360334,0.0,4647,2831.910029253603
Data,7650,-0.0,0.0,389.4780355122088,0.0,2407.0,732.41,0.0,540.4,0,-751.7119644877918,0.0,4821,3158.711964487791
Data,7651,0.0,0.0,332.838120236574,0.0,2407.0,744.71,0.0,540.4,0,-772.0518797634263,0.0,4797,3179.051879763426
Data,7652,0.0,0.0,192.61486706990001,0.0,2407.0,634.01,0.0,540.4,0,-926.9751329301001,0.0,4701,3333.9751329301
Data,7653,0.0,0.0,79.05560460101037,0.0,2407.0,515.48,0.0,540.4,0,-1058.0643953989895,0.0,4600,3465.0643953989897
Data,7654,0.0,0.0,252.1607320720042,0.0,2407.0,399.19,0.0,540.4,0,-883.2492679279957,0.0,4482,3290.249267927996
Data,7655,0.0,0.0,250.23561243183605,0.0,2407.0,396.95,0.0,537.2,0,-676.6143875681644,0.0,4268,3083.6143875681637
Data,7656,0.0,0.0,121.4037139680335,0.0,2407.0,372.35,0.0,540.4,0,-853.8462860319665,0.0,4295,3260.8462860319664
Data,7657,0.0,0.0,145.27082411192004,0.0,2407.0,356.7,0.0,537.2,0,-835.8291758880803,0.0,4282,3242.82917588808
Data,7658,0.0,0.0,211.49578014617765,0.0,2407.0,363.41,0.0,537.2,0,-909.8942198538227,0.0,4429,3316.8942198538225
Data,7659,0.0,0.0,341.225106699477,0.0,2407.0,379.06,0.0,537.2,0,-942.5148933005232,0.0,4607,3349.514893300523
Data,7660,0.0,0.0,531.4617971235452,0.0,2407.0,438.33,0.0,537.2,0,-813.008202876455,0.0,4727,3220.0082028764546
Data,7661,0.0,0.0,798.4954215052865,0.0,2407.0,434.97,0.0,537.2,0,-630.3345784947135,0.0,4808,3037.3345784947132
Data,7662,0.0,0.0,582.3320795046423,0.0,2407.0,431.62,0.0,534.0,0,-844.0479204953579,0.0,4799,3251.0479204953576
Data,7663,0.0,0.0,677.8998276434343,0.0,2407.0,450.63,0.0,540.4,0,-802.070172356566,0.0,4878,3209.0701723565658
Data,7664,-0.0,0.0,689.6266917353341,0.0,2407.0,565.8,0.0,540.4,0,-571.173308264666,0.0,4774,2978.173308264666
Data,7665,-0.0,0.0,553.1322550873375,0.0,2407.0,543.44,0.0,189.4,0,-1134.027744912663,0.0,4827,3541.0277449126625
Data,7666,-0.0,0.0,366.51382314212697,0.0,2407.0,475.23,0.0,540.4,0,-960.8561768578733,0.0,4750,3367.856176857873
Data,7667,-0.0,0.0,637.0424156825603,0.0,2407.0,376.83,0.0,540.4,0,-542.7275843174397,0.0,4504,2949.72758431744
Data,7668,-0.0,0.0,386.5429114397486,0.0,2407.0,324.27,0.0,537.2,0,-743.9870885602516,0.0,4399,3150.9870885602513
Data,7669,-0.0,0.0,560.7484196261294,0.0,2407.0,287.37,0.0,540.4,0,-470.48158037387066,0.0,4266,2877.4815803738707
Data,7670,-0.0,0.0,264.25840167755996,0.0,2407.0,300.79,0.0,540.4,0,-953.55159832244,0.0,4466,3360.55159832244
Data,7671,-0.0,0.0,256.36085863300667,0.0,2407.0,317.56,0.0,540.4,0,-1101.6791413669932,0.0,4623,3508.6791413669935
Data,7672,-0.0,0.0,241.05235093842938,0.0,2407.0,430.5,0.0,537.2,0,-1223.2476490615707,0.0,4839,3630.2476490615704
Data,7673,-0.0,0.0,299.6220469922598,0.0,2407.0,722.35,0.0,540.4,0,-863.6279530077406,0.0,4833,3270.62795300774
Data,7674,-0.0,0.0,402.44898927015106,0.0,2407.0,796.15,0.0,540.4,0,-833.0010107298492,0.0,4979,3240.001010729849
Data,7675,0.0,0.0,467.0226061465341,0.0,2407.0,818.51,0.0,537.2,0,-763.2673938534659,0.0,4993,3170.267393853466
Data,7676,0.0,0.0,663.8260838950341,0.0,2407.0,694.39,0.0,540.4,0,-536.3839161049664,0.0,4842,2943.383916104966
Data,7677,0.0,0.0,1077.5886494813456,0.0,2407.0,562.45,0.0,209.4237,0,-482.5376505186543,0.0,4739,2889.5376505186546
Data,7678,0.0,0.0,978.3386469461545,0.0,2407.0,429.38,0.0,540.4,0,-281.88135305384577,0.0,4637,2688.8813530538455
Data,7679,0.0,0.0,954.9263454112703,0.0,2407.0,360.05,0.0,540.4,0,-155.62365458872938,0.0,4418,2562.6236545887296
Data,7680,0.0,0.0,896.773385864009,0.0,2407.0,353.35,0.0,537.2,0,-301.6766141359913,0.0,4496,2708.676614135991
Data,7681,0.0,0.0,468.66825096407035,0.0,2407.0,371.24,0.0,537.2,0,-683.89174903593,0.0,4468,3090.8917490359295
Data,7682,0.0,0.0,419.4792897273511,0.0,2407.0,410.37,0.0,537.2,0,-871.9507102726492,0.0,4646,3278.950710272649
Data,7683,0.0,0.0,295.8549685592342,0.0,2407.0,422.67,0.0,537.2,0,-1141.2750314407658,0.0,4804,3548.275031440766
Data,7684,0.0,0.0,162.59708827183752,0.0,2407.0,438.33,0.0,537.2,0,-1419.8729117281628,0.0,4965,3826.8729117281623
Data,7685,0.0,0.0,238.60935418275452,0.0,2407.0,446.15,0.0,537.2,0,-1409.0406458172456,0.0,5038,3816.0406458172456
Data,7686,0.0,0.0,450.2361305458604,0.0,2407.0,476.35,0.0,537.2,0,-1195.21386945414,0.0,5066,3602.2138694541395
Data,7687,0.0,0.0,482.73532657186723,0.0,2407.0,557.97,0.0,540.4,0,-1129.8946734281328,0.0,5118,3536.8946734281326
Data,7688,-0.0,0.0,359.8923033030341,0.0,2407.0,691.04,0.0,537.2,0,-1099.867696696966,0.0,5095,3506.867696696966
Data,7689,-0.0,0.0,262.47578723423413,0.0,2407.0,634.01,0.0,540.4,0,-1391.1142127657658,0.0,5235,3798.114212765766
Data,7690,-0.0,0.0,348.6851163407376,0.0,2407.0,422.67,0.0,540.4,0,-1519.2448836592628,0.0,5238,3926.2448836592625
Data,7691,-0.0,0.0,531.8367107439342,0.0,2407.0,304.15,0.0,540.4,0,-1261.6132892560668,0.0,5045,3668.613289256066
Data,7692,-0.0,0.0,684.6438971666341,0.0,2407.0,296.32,0.0,540.4,0,-982.636102833366,0.0,4911,3389.636102833366
Data,7693,-0.0,0.0,640.2206200160341,0.0,2407.0,279.55,0.0,543.6,0,-832.6293799839654,0.0,4703,3239.629379983966
Data,7694,-0.0,0.0,1133.0078206015341,0.0,2407.0,285.14,0.0,540.4,0,-410.45217939846646,0.0,4776,2817.452179398466
Data,7695,-0.0,0.0,779.8410162261342,0.0,2407.0,322.04,0.0,540.4,0,-740.7189837738662,0.0,4790,3147.7189837738656
Data,7696,-0.0,0.0,1000.6327821235342,0.0,2407.0,409.25,0.0,540.4,0,-465.7172178764662,0.0,4823,2872.717217876466
Data,7697,-0.0,0.0,685.5751024980342,0.0,2407.0,664.2,0.0,540.4,0,-559.8248975019663,0.0,4857,2966.824897501966
Data,7698,-0.0,0.0,620.1383474519341,0.0,2407.0,791.67,0.0,540.4,0,-718.7916525480662,0.0,5078,3125.791652548066
Data,7699,0.0,0.0,397.25835006253413,0.0,2407.0,805.09,0.0,540.4,0,-960.251649937466,0.0,5110,3367.251649937466
Data,7700,0.0,0.0,385.6687535689341,0.0,2407.0,724.58,0.0,540.4,0,-927.3512464310663,0.0,4985,3334.351246431066
Data,7701,0.0,0.0,413.9987410557341,0.0,2407.0,601.58,0.0,540.4,0,-965.0212589442663,0.0,4928,3372.021258944266
Data,7702,0.0,0.0,501.249342056757,0.0,2407.0,457.34,0.0,540.4,0,-928.0106579432432,0.0,4834,3335.010657943243
Data,7703,0.0,0.0,748.488347547225,0.0,2407.0,382.42,0.0,540.4,0,-490.69165245277486,0.0,4569,2897.691652452775
Data,7704,0.0,0.0,693.6810708488118,0.0,2407.0,363.41,0.0,540.4,0,-637.5089291511887,0.0,4642,3044.508929151188
Data,7705,0.0,0.0,893.1701739648375,0.0,2407.0,365.65,0.0,537.2,0,-418.97982603516255,0.0,4622,2825.9798260351627
Data,7706,0.0,0.0,1458.3622282673296,0.0,2407.0,369.0,0.0,537.2,0,-31.43777173267072,0.0,4803,2438.4377717326706
Data,7707,0.0,0.0,1977.7534117448313,0.0,2407.0,393.6,0.0,537.2,0,351.553411744831,0.0,4964,2055.4465882551685
Data,7708,0.0,0.0,2102.2484496326424,0.0,2407.0,418.2,0.0,537.2,0,359.64844963264187,0.0,5105,2047.3515503673575
Data,7709,0.0,0.0,1732.6204622083853,0.0,2407.0,431.62,0.0,537.2,0,10.440462208384986,0.0,5098,2396.5595377916147
Data,7710,0.0,0.0,2222.052653885334,0.0,2407.0,450.63,0.0,537.2,0,550.882653885334,0.0,5066,1856.117346114666
Data,7711,0.0,0.0,2505.503752062672,0.0,2407.0,502.06,0.0,537.2,0,890.7637520626715,0.0,5061,1516.236247937328
Data,7712,-0.0,0.0,2241.4358914598406,0.0,2407.0,600.46,0.0,540.4,0,804.2958914598403,0.0,4985,1602.7041085401593
Data,7713,-0.0,0.0,2269.108550879078,0.0,2407.0,579.22,0.0,38.4,0,166.72855087907777,0.0,5127,2240.271449120922
Data,7714,-0.0,0.0,1991.017145516626,0.0,2407.0,448.39,0.0,38.4,0,-212.192854483374,0.0,5097,2619.192854483374
Data,7715,-0.0,0.0,1320.3009789024845,0.0,2407.0,325.39,0.0,38.4,0,-841.9090210975156,0.0,4933,3248.9090210975155
Data,7716,-0.0,0.0,835.3474957119184,0.0,2407.0,314.21,0.0,38.4,0,-1158.042504288082,0.0,4753,3565.0425042880815
Data,7717,-0.0,0.0,1795.049681868537,0.0,2407.0,306.38,0.0,38.4,0,72.82968186853662,0.0,4474,2334.170318131463
Data,7718,-0.0,0.0,2286.352817292764,0.0,2407.0,329.86,0.0,38.4,0,506.6128172927634,0.0,4555,1900.387182707236
Data,7719,-0.0,0.0,2058.7151775042403,0.0,2407.0,355.58,0.0,38.4,0,340.6951775042398,0.0,4519,2066.3048224957597
Data,7720,-0.0,0.0,2095.050231868211,0.0,2407.0,415.96,0.0,38.4,0,367.41023186821076,0.0,4589,2039.589768131789
Data,7721,-0.0,0.0,2020.8921426631669,0.0,2407.0,664.2,0.0,38.4,0,422.49214266316636,0.0,4708,1984.507857336833
Data,7722,-0.0,0.0,1926.2692107532516,0.0,2407.0,781.61,0.0,189.4,0,343.2792107532514,0.0,4961,2063.720789246748
Data,7723,-0.0,0.0,1773.1014352570455,0.0,2407.0,768.19,0.0,189.4,0,210.69143525704527,0.0,4927,2196.3085647429543
Data,7724,0.0,0.0,1637.5155179737117,0.0,2407.0,723.46,0.0,189.4,0,209.37551797371125,0.0,4748,2197.624482026288
Data,7725,0.0,0.0,1473.8510848547,0.0,2407.0,616.12,0.0,189.4,0,61.371084854699575,0.0,4625,2345.6289151452997
Data,7726,0.0,0.0,1641.0113413223,0.0,2407.0,470.75,0.0,189.4,0,247.16134132229968,0.0,4461,2159.8386586777
Data,7727,0.0,0.0,1058.346783117577,0.0,2407.0,410.37,0.0,189.4,0,-112.88321688242314,0.0,4178,2519.883216882423
Data,7728,0.0,0.0,754.8317478342292,0.0,2407.0,400.31,0.0,189.4,0,-508.4582521657708,0.0,4260,2915.458252165771
Data,7729,0.0,0.0,506.61984362447765,0.0,2407.0,417.08,0.0,537.2,0,-342.1001563755226,0.0,4210,2749.100156375522
Data,7730,0.0,0.0,914.5253898277825,0.0,2407.0,427.15,0.0,537.2,0,-82.12461017221761,0.0,4368,2489.124610172217
Data,7731,0.0,0.0,827.5547130248457,0.0,2407.0,423.79,0.0,537.2,0,-337.45528697515454,0.0,4533,2744.455286975154
Data,7732,0.0,0.0,893.9918477003495,0.0,2407.0,447.27,0.0,534.0,0,-407.73815229965055,0.0,4690,2814.7381522996507
Data,7733,0.0,0.0,862.6517913984818,0.0,2407.0,488.65,0.0,537.2,0,-433.4982086015183,0.0,4729,2840.498208601518
Data,7734,0.0,0.0,1221.395814932464,0.0,2407.0,500.95,0.0,537.2,0,-69.4541850675364,0.0,4736,2476.454185067536
Data,7735,0.0,0.0,1384.4356094113252,0.0,2407.0,523.31,0.0,537.2,0,98.94560941132508,0.0,4753,2308.054390588675
Data,7736,-0.0,0.0,1051.5895636821374,0.0,2407.0,584.81,0.0,537.2,0,-185.40043631786295,0.0,4766,2592.400436317863
Data,7737,-0.0,0.0,1229.6073209605001,0.0,2407.0,578.1,0.0,537.2,0,-183.09267903950013,0.0,4935,2590.0926790394997
Data,7738,-0.0,0.0,469.50761171029995,0.0,2407.0,465.16,0.0,189.4,0,-1390.9323882897006,0.0,4922,3797.9323882897
Data,7739,-0.0,0.0,1322.1549613338377,0.0,2407.0,391.36,0.0,189.4,0,-530.0850386661631,0.0,4840,2937.0850386661623
Data,7740,-0.0,0.0,1405.1395144523,0.0,2407.0,358.94,0.0,189.4,0,-369.5204855477007,0.0,4730,2776.5204855477
Data,7741,-0.0,0.0,1480.6137460487055,0.0,2407.0,322.04,0.0,189.4,0,-59.94625395129483,0.0,4459,2466.9462539512947
Data,7742,-0.0,0.0,1445.2303756997428,0.0,2407.0,364.53,0.0,540.4,0,259.160375699743,0.0,4498,2147.839624300257
Data,7743,-0.0,0.0,1376.771121937312,0.0,2407.0,403.66,0.0,189.4,0,-55.16887806268836,0.0,4432,2462.168878062688
Data,7744,-0.0,0.0,1242.9890494413,0.0,2407.0,452.86,0.0,189.4,0,-168.7509505587002,0.0,4461,2575.7509505587
Data,7745,-0.0,0.0,1082.7402598599126,0.0,2407.0,654.14,0.0,540.4,0,166.28025985991252,0.0,4518,2240.719740140087
Data,7746,-0.0,0.0,1146.9387361226593,0.0,2407.0,773.78,0.0,543.6,0,166.31873612265937,0.0,4705,2240.681263877341
Data,7747,0.0,0.0,987.6644368955763,0.0,2407.0,754.77,0.0,540.4,0,-18.16556310442411,0.0,4708,2425.1655631044237
Data,7748,0.0,0.0,912.4705378038572,0.0,2407.0,666.44,0.0,540.4,0,-21.6894621961427,0.0,4548,2428.689462196143
Data,7749,0.0,0.0,872.9701014438999,0.0,2407.0,584.81,0.0,540.4,0,35.18010144389996,0.0,4370,2371.8198985561003
Data,7750,0.0,0.0,911.2024086504533,0.0,2407.0,403.66,0.0,540.4,0,54.262408650453246,0.0,4208,2352.7375913495466
Data,7751,0.0,0.0,1008.9434018589,0.0,2407.0,370.12,0.0,540.4,0,299.46340185889994,0.0,4027,2107.5365981411
Data,7752,0.0,0.0,902.259320014,0.0,2407.0,366.76,0.0,540.4,0,114.41932001399982,0.0,4102,2292.580679986
Data,7753,0.0,0.0,804.1746844664999,0.0,2407.0,346.64,0.0,537.2,0,7.014684466499602,0.0,4088,2399.9853155335
Data,7754,0.0,0.0,788.3524452204999,0.0,2407.0,401.43,0.0,537.2,0,-67.01755477950041,0.0,4201,2474.0175547795
Data,7755,0.0,0.0,1095.957112286,0.0,2407.0,419.32,0.0,537.2,0,149.47711228599997,0.0,4310,2257.522887714
Data,7756,0.0,0.0,1190.0891906447,0.0,2407.0,410.37,0.0,537.2,0,111.65919064469972,0.0,4433,2295.3408093553
Data,7757,0.0,0.0,1375.374751218,0.0,2407.0,399.19,0.0,537.2,0,206.7647512179999,0.0,4512,2200.235248782
Data,7758,0.0,0.0,1202.4045479198,0.0,2407.0,403.66,0.0,537.2,0,117.26454791979972,0.0,4433,2289.7354520802
Data,7759,0.0,0.0,1212.373119397,0.0,2407.0,478.58,0.0,537.2,0,314.1531193969997,0.0,4321,2092.846880603
Data,7760,-0.0,0.0,844.0258200555436,0.0,2407.0,553.5,0.0,537.2,0,205.7258200555434,0.0,4136,2201.2741799444566
Data,7761,-0.0,0.0,1434.5633055147332,0.0,2407.0,483.05,0.0,35.2,0,260.8133055147332,0.0,4099,2146.186694485267
Data,7762,-0.0,0.0,1454.5490529295998,0.0,2407.0,335.45,0.0,35.2,0,193.19905292959947,0.0,4039,2213.8009470704
Data,7763,-0.0,0.0,1213.698441561,0.0,2407.0,290.73,0.0,38.4,0,-31.17155843899991,0.0,3981,2438.171558439
Data,7764,-0.0,0.0,1240.2149061796,0.0,2407.0,275.07,0.0,38.4,0,-23.315093820399852,0.0,3984,2430.3150938204003
Data,7765,-0.0,0.0,1406.8506478027748,0.0,2407.0,263.89,0.0,38.4,0,259.14064780277477,0.0,3857,2147.8593521972252
Data,7766,-0.0,0.0,1416.5004165087523,0.0,2407.0,267.25,0.0,38.4,0,303.15041650875247,0.0,3826,2103.849583491248
Data,7767,-0.0,0.0,1455.3737535030039,0.0,2407.0,282.9,0.0,38.4,0,414.67375350300404,0.0,3769,1992.3262464969962
Data,7768,-0.0,0.0,1537.8476508435133,0.0,2407.0,324.27,0.0,38.4,0,566.5176508435134,0.0,3741,1840.4823491564866
Data,7769,-0.0,0.0,1848.876662023295,0.0,2407.0,522.19,0.0,303.7643,0,1261.830962023295,0.0,3820,1145.1690379767049
Data,7770,-0.0,0.0,2077.0285860680106,0.0,2407.0,564.68,0.0,189.4,0,1112.1085860680105,0.0,4126,1294.8914139319895
Data,7771,0.0,0.0,2207.1167830691575,0.0,2407.0,530.02,0.0,540.4,0,1464.5367830691578,0.0,4220,942.4632169308426
Data,7772,0.0,0.0,2136.8916495739545,0.0,2407.0,503.18,0.0,540.4,0,1456.4716495739544,0.0,4131,950.5283504260456
Data,7773,0.0,0.0,1939.577552210884,0.0,2407.0,441.68,0.0,540.4,0,1322.657552210884,0.0,4006,1084.342447789116
Data,7774,0.0,0.0,1378.9046457373067,0.0,2407.0,346.64,0.0,540.4,0,762.9446457373067,0.0,3910,1644.0553542626933
Data,7775,0.0,0.0,851.1922510201316,0.0,2407.0,334.34,0.0,540.4,0,382.9322510201318,0.0,3750,2024.0677489798684
Data,7776,0.0,0.0,787.5444071816264,0.0,2407.0,323.15,0.0,540.4,0,162.09440718162662,0.0,3896,2244.9055928183734
Data,7777,0.0,0.0,1086.394065597623,0.0,2407.0,307.5,0.0,537.2,0,414.09406559762283,0.0,3924,1992.905934402377
Data,7778,0.0,0.0,745.783184830426,0.0,2407.0,328.75,0.0,537.2,0,-123.26681516957422,0.0,4142,2530.266815169574
Data,7779,0.0,0.0,814.7665816192109,0.0,2407.0,334.34,0.0,537.2,0,-130.69341838078913,0.0,4224,2537.693418380789
Data,7780,0.0,0.0,927.0465130992353,0.0,2407.0,357.82,0.0,537.2,0,-81.9334869007647,0.0,4311,2488.933486900765
Data,7781,0.0,0.0,1211.9486642149823,0.0,2407.0,325.39,0.0,537.2,0,125.53866421498189,0.0,4356,2281.4613357850176
Data,7782,0.0,0.0,1378.80610041846,0.0,2407.0,328.75,0.0,537.2,0,378.75610041845977,0.0,4273,2028.24389958154
Data,7783,0.0,0.0,1482.7500940690638,0.0,2407.0,467.4,0.0,537.2,0,805.3500940690637,0.0,4089,1601.6499059309363
Data,7784,-0.0,0.0,1750.3284758941427,0.0,2407.0,508.77,0.0,537.2,0,1228.2984758941425,0.0,3975,1178.7015241058573
Data,7785,-0.0,0.0,1487.0531676167602,0.0,2407.0,400.31,0.0,537.2,0,758.5631676167601,0.0,4073,1648.4368323832398
Data,7786,-0.0,0.0,1607.3575118504418,0.0,2407.0,286.25,0.0,540.4,0,671.007511850442,0.0,4170,1735.992488149558
Data,7787,-0.0,0.0,1393.1825543602608,0.0,2407.0,248.24,0.0,540.4,0,433.82255436026117,0.0,4155,1973.1774456397393
Data,7788,-0.0,0.0,1629.4180521637043,0.0,2407.0,250.47,0.0,540.4,0,759.2880521637042,0.0,4068,1647.7119478362958
Data,7789,-0.0,0.0,1573.5426745919701,0.0,2407.0,231.46,0.0,189.4,0,526.4026745919703,0.0,3875,1880.59732540803
Data,7790,-0.0,0.0,1526.7961068905954,0.0,2407.0,229.23,0.0,540.4,0,907.4261068905955,0.0,3796,1499.5738931094047
Data,7791,-0.0,0.0,1188.2956722099982,0.0,2407.0,249.35,0.0,540.4,0,661.0456722099981,0.0,3724,1745.9543277900018
Data,7792,-0.0,0.0,1118.5868762685075,0.0,2407.0,272.84,0.0,540.4,0,531.8268762685078,0.0,3807,1875.1731237314925
Data,7793,-0.0,0.0,1260.0607658915278,0.0,2407.0,401.43,0.0,540.4,0,737.8907658915276,0.0,3871,1669.1092341084723
Data,7794,-0.0,0.0,1626.6287031365591,0.0,2407.0,513.25,0.0,540.4,0,852.2787031365591,0.0,4235,1554.7212968634408
Data,7795,0.0,0.0,1645.730248145734,0.0,2407.0,555.74,0.0,540.4,0,786.8702481457345,0.0,4362,1620.129751854266
Data,7796,0.0,0.0,1523.1018656935555,0.0,2407.0,543.44,0.0,540.4,0,698.9418656935557,0.0,4315,1708.0581343064446
Data,7797,0.0,0.0,1630.4213433009354,0.0,2407.0,462.93,0.0,540.4,0,760.7513433009353,0.0,4280,1646.2486566990647
Data,7798,0.0,0.0,1479.2598728189341,0.0,2407.0,373.47,0.0,540.4,0,523.1298728189339,0.0,4277,1883.870127181066
Data,7799,0.0,0.0,1358.5964422084344,0.0,2407.0,322.04,0.0,518.8449,0,452.4813422084343,0.0,4154,1954.5186577915656
Data,7800,0.0,0.0,1524.9035273824343,0.0,2407.0,323.15,0.0,537.2,0,535.2535273824341,0.0,4257,1871.7464726175658
Data,7801,0.0,0.0,1410.166054004434,0.0,2407.0,314.21,0.0,35.2,0,-85.42394599556599,0.0,4252,2492.423945995566
Data,7802,0.0,0.0,1303.268118588434,0.0,2407.0,361.17,0.0,35.2,0,-282.36188141156606,0.0,4389,2689.361881411566
Data,7803,0.0,0.0,1298.3302925694343,0.0,2407.0,376.83,0.0,35.2,0,-363.6397074305661,0.0,4481,2770.6397074305655
Data,7804,0.0,0.0,738.9940625194341,0.0,2407.0,412.61,0.0,35.2,0,-1013.1959374805664,0.0,4607,3420.195937480566
Data,7805,0.0,0.0,991.3347482724342,0.0,2407.0,430.5,0.0,35.2,0,-814.9652517275659,0.0,4679,3221.965251727566
Data,7806,0.0,0.0,578.4167977676342,0.0,2407.0,460.69,0.0,32.0,0,-1193.893202232366,0.0,4672,3600.8932022323656
Data,7807,0.0,0.0,1102.6135094874344,0.0,2407.0,486.41,0.0,38.4,0,-620.5764905125662,0.0,4655,3027.5764905125657
Data,7808,-0.0,0.0,1119.1632215200343,0.0,2407.0,519.95,0.0,38.4,0,-641.4867784799663,0.0,4726,3048.486778479966
Data,7809,-0.0,0.0,1031.0414733129342,0.0,2407.0,506.54,0.0,38.4,0,-922.0185266870664,0.0,4905,3329.018526687066
Data,7810,-0.0,0.0,1023.3324062771342,0.0,2407.0,506.54,0.0,35.2,0,-987.9275937228659,0.0,4960,3394.927593722866
Data,7811,-0.0,0.0,322.62685703243415,0.0,2407.0,402.55,0.0,38.4,0,-1608.423142967566,0.0,4779,4015.423142967566
Data,7812,-0.0,0.0,665.4452085655295,0.0,2407.0,326.51,0.0,38.4,0,-1268.6447914344706,0.0,4706,3675.6447914344703
Data,7813,-0.0,0.0,504.4213654884738,0.0,2407.0,268.36,0.0,38.4,0,-1182.8186345115266,0.0,4401,3589.8186345115264
Data,7814,-0.0,0.0,321.3551912488341,0.0,2407.0,273.95,0.0,38.4,0,-1321.2948087511663,0.0,4362,3728.294808751166
Data,7815,-0.0,0.0,431.4880946754341,0.0,2407.0,279.55,0.0,38.4,0,-1263.561905324566,0.0,4420,3670.561905324566
Data,7816,-0.0,0.0,1069.506514886834,0.0,2407.0,343.28,0.0,35.2,0,-777.0134851131663,0.0,4632,3184.013485113166
Data,7817,-0.0,0.0,1371.380237472234,0.0,2407.0,474.11,0.0,38.4,0,-385.10976252776675,0.0,4676,2792.1097625277657
Data,7818,-0.0,0.0,1455.3158240734342,0.0,2407.0,576.98,0.0,189.4,0,-247.30417592656647,0.0,4876,2654.3041759265657
Data,7819,-0.0,0.0,1008.9774048066341,0.0,2407.0,632.89,0.0,189.4,0,-608.7325951933664,0.0,4847,3015.732595193366
Data,7820,0.0,0.0,938.3758811281343,0.0,2407.0,619.47,0.0,189.4,0,-528.7541188718658,0.0,4683,2935.7541188718656
Data,7821,0.0,0.0,455.58651388483406,0.0,2407.0,527.78,0.0,189.4,0,-996.2334861151666,0.0,4576,3403.2334861151658
Data,7822,0.0,0.0,584.4467801238342,0.0,2407.0,430.5,0.0,189.4,0,-900.6532198761662,0.0,4512,3307.6532198761656
Data,7823,0.0,0.0,430.6468544965341,0.0,2407.0,389.13,0.0,186.2,0,-885.0231455034659,0.0,4298,3292.023145503466
Data,7824,0.0,0.0,1121.3664087084344,0.0,2407.0,333.22,0.0,189.4,0,-319.0135912915657,0.0,4370,2726.0135912915657
Data,7825,0.0,0.0,1163.3902124922547,0.0,2407.0,308.62,0.0,186.2,0,-234.78978750774564,0.0,4300,2641.789787507745
Data,7826,0.0,0.0,1165.9876590759548,0.0,2407.0,329.86,0.0,186.2,0,-363.95234092404536,0.0,4453,2770.952340924045
Data,7827,0.0,0.0,1143.4692409530403,0.0,2407.0,344.4,0.0,186.2,0,-495.93075904695985,0.0,4577,2902.93075904696
Data,7828,0.0,0.0,1139.9457141581174,0.0,2407.0,358.94,0.0,534.0,0,-287.1142858418825,0.0,4727,2694.1142858418825
Data,7829,0.0,0.0,1143.2587055049758,0.0,2407.0,360.05,0.0,537.2,0,-370.49129449502425,0.0,4818,2777.4912944950242
Data,7830,0.0,0.0,1180.456731352068,0.0,2407.0,367.88,0.0,537.2,0,-356.4632686479322,0.0,4849,2763.463268647932
Data,7831,0.0,0.0,1212.7191893019294,0.0,2407.0,475.23,0.0,540.4,0,-276.6508106980709,0.0,4912,2683.6508106980705
Data,7832,-0.0,0.0,1139.6954245780191,0.0,2407.0,591.52,0.0,540.4,0,-186.38457542198128,0.0,4865,2593.384575421981
Data,7833,-0.0,0.0,832.6335191479898,0.0,2407.0,551.26,0.0,540.4,0,-715.7064808520104,0.0,5047,3122.7064808520104
Data,7834,-0.0,0.0,338.8368444906,0.0,2407.0,471.87,0.0,186.2,0,-1724.0931555094003,0.0,5128,4131.0931555094
Data,7835,-0.0,0.0,146.93938654720003,0.0,2407.0,411.49,0.0,189.4,0,-1801.1706134528006,0.0,4956,4208.1706134528
Data,7836,-0.0,0.0,124.013806723,0.0,2407.0,333.22,0.0,189.4,0,-1754.366193277,0.0,4808,4161.366193277
Data,7837,-0.0,0.0,178.1758828055,0.0,2407.0,310.85,0.0,189.4,0,-1412.5741171945006,0.0,4498,3819.5741171945
Data,7838,-0.0,0.0,320.5481653565001,0.0,2407.0,301.91,0.0,186.2,0,-1320.3418346435003,0.0,4536,3727.3418346435
Data,7839,-0.0,0.0,462.87968391325745,0.0,2407.0,316.45,0.0,540.4,0,-766.2703160867426,0.0,4493,3173.2703160867427
Data,7840,-0.0,0.0,305.4874723220354,0.0,2407.0,401.43,0.0,189.4,0,-1185.6825276779653,0.0,4489,3592.6825276779646
Data,7841,-0.0,0.0,279.56208881967694,0.0,2407.0,619.47,0.0,189.4,0,-1105.5679111803233,0.0,4601,3512.567911180323
Data,7842,-0.0,0.0,198.70669847185036,0.0,2407.0,761.48,0.0,189.4,0,-1310.41330152815,0.0,4867,3717.4133015281495
Data,7843,0.0,0.0,133.34130369105958,0.0,2407.0,781.61,0.0,186.2,0,-1462.8486963089404,0.0,4971,3869.8486963089404
Data,7844,0.0,0.0,157.74409636215566,0.0,2407.0,754.77,0.0,189.4,0,-1304.0859036378447,0.0,4813,3711.0859036378442
Data,7845,0.0,0.0,158.6772975555,0.0,2407.0,564.68,0.0,189.4,0,-1413.2427024445005,0.0,4733,3820.2427024445
Data,7846,0.0,0.0,173.7226242486,0.0,2407.0,445.04,0.0,189.4,0,-1447.8373757514005,0.0,4663,3854.8373757514
Data,7847,0.0,0.0,189.37804546179999,0.0,2407.0,414.85,0.0,186.2,0,-1266.5719545382003,0.0,4464,3673.5719545382
Data,7848,0.0,0.0,170.9915203722,0.0,2407.0,381.3,0.0,189.4,0,-1402.3084796278001,0.0,4551,3809.3084796278
Data,7849,0.0,0.0,272.1955351475,0.0,2407.0,372.35,0.0,445.4676,0,-986.9868648525002,0.0,4484,3393.9868648525
Data,7850,0.0,0.0,264.9935610964,0.0,2407.0,408.14,0.0,186.2,0,-1326.6664389036002,0.0,4593,3733.6664389036
Data,7851,0.0,0.0,329.84109822690004,0.0,2407.0,429.38,0.0,186.2,0,-1372.5789017731,0.0,4725,3779.5789017731
Data,7852,0.0,0.0,343.7961850055,0.0,2407.0,456.22,0.0,183.0,0,-1463.9838149944999,0.0,4854,3870.9838149945
Data,7853,0.0,0.0,296.5109090214,0.0,2407.0,447.27,0.0,186.2,0,-1608.0190909786006,0.0,4945,4015.0190909786
Data,7854,0.0,0.0,933.3112073415,0.0,2407.0,439.45,0.0,186.2,0,-1069.0387926585004,0.0,5035,3476.0387926585
Data,7855,0.0,0.0,964.9510255634002,0.0,2407.0,506.54,0.0,186.2,0,-954.3089744366,0.0,5019,3361.3089744366
Data,7856,-0.0,0.0,1009.5577057025,0.0,2407.0,621.71,0.0,35.2,0,-830.5322942975001,0.0,4904,3237.5322942975
Data,7857,-0.0,0.0,1035.7826323186998,0.0,2407.0,587.05,0.0,38.4,0,-985.7673676813004,0.0,5054,3392.7673676813
Data,7858,-0.0,0.0,550.3780695691,0.0,2407.0,496.47,0.0,38.4,0,-1533.7519304309,0.0,5026,3940.7519304309
Data,7859,-0.0,0.0,442.2515723053,0.0,2407.0,426.03,0.0,38.4,0,-1581.3184276947006,0.0,4895,3988.3184276947
Data,7860,-0.0,0.0,730.4691610891,0.0,2407.0,334.34,0.0,41.6,0,-1211.5908389108995,0.0,4725,3618.5908389109
Data,7861,-0.0,0.0,475.80091132140006,0.0,2407.0,300.79,0.0,38.4,0,-1177.0090886786004,0.0,4399,3584.0090886785997
Data,7862,-0.0,0.0,683.7191992156213,0.0,2407.0,296.32,0.0,38.4,0,-1011.5608007843794,0.0,4437,3418.560800784379
Data,7863,-0.0,0.0,574.8366591716608,0.0,2407.0,336.57,0.0,38.4,0,-1038.1933408283394,0.0,4395,3445.1933408283394
Data,7864,-0.0,0.0,1168.046142081493,0.0,2407.0,445.04,0.0,38.4,0,-365.5138579185075,0.0,4424,2772.5138579185073
Data,7865,-0.0,0.0,1054.86481358101,0.0,2407.0,606.05,0.0,41.6,0,-397.48518641898954,0.0,4507,2804.48518641899
Data,7866,-0.0,0.0,1177.2599153989572,0.0,2407.0,725.7,0.0,38.4,0,-384.6400846010434,0.0,4733,2791.640084601043
Data,7867,0.0,0.0,1131.3133365864383,0.0,2407.0,727.94,0.0,38.4,0,-413.34666341356206,0.0,4718,2820.3466634135616
Data,7868,0.0,0.0,1053.3786734098721,0.0,2407.0,638.48,0.0,189.4,0,-295.7413265901282,0.0,4584,2702.7413265901278
Data,7869,0.0,0.0,1031.466274804441,0.0,2407.0,552.38,0.0,189.4,0,-273.75372519555935,0.0,4454,2680.753725195559
Data,7870,0.0,0.0,959.4733949781585,0.0,2407.0,450.63,0.0,189.4,0,-339.4966050218418,0.0,4346,2746.4966050218413
Data,7871,0.0,0.0,901.1886388373567,0.0,2407.0,370.12,0.0,189.4,0,-283.2913611626433,0.0,4151,2690.291361162643
Data,7872,0.0,0.0,835.0382209824393,0.0,2407.0,338.81,0.0,540.4,0,-178.7517790175607,0.0,4300,2585.7517790175607
Data,7873,0.0,0.0,625.9220967661,0.0,2407.0,328.75,0.0,537.2,0,-362.12790323390016,0.0,4261,2769.1279032339
Data,7874,0.0,0.0,356.90642817089997,0.0,2407.0,344.4,0.0,537.2,0,-726.4935718291001,0.0,4372,3133.4935718291
Data,7875,0.0,0.0,296.59808076879995,0.0,2407.0,330.98,0.0,537.2,0,-942.2219192312002,0.0,4514,3349.2219192312
Data,7876,0.0,0.0,435.7162803545,0.0,2407.0,360.05,0.0,537.2,0,-865.0337196455,0.0,4605,3272.0337196455
Data,7877,0.0,0.0,477.9406387547,0.0,2407.0,377.95,0.0,537.2,0,-805.9093612453004,0.0,4606,3212.9093612453
Data,7878,0.0,0.0,363.4269938842001,0.0,2407.0,328.75,0.0,540.4,0,-935.4230061157998,0.0,4575,3342.4230061158
Data,7879,0.0,0.0,562.4402382936,0.0,2407.0,392.48,0.0,537.2,0,-533.8797617064001,0.0,4433,2940.8797617064
Data,7880,-0.0,0.0,708.8942159894,0.0,2407.0,449.51,0.0,537.2,0,-139.39578401059998,0.0,4242,2546.3957840106
Data,7881,-0.0,0.0,560.7768122496,0.0,2407.0,415.96,0.0,537.2,0,-436.0631877504002,0.0,4357,2843.0631877504
Data,7882,-0.0,0.0,368.27802687969995,0.0,2407.0,363.41,0.0,540.4,0,-774.9119731203001,0.0,4454,3181.9119731203
Data,7883,-0.0,0.0,227.3497140592,0.0,2407.0,315.33,0.0,192.6,0,-1261.7202859407996,0.0,4404,3668.7202859408
Data,7884,-0.0,0.0,212.4824509386,0.0,2407.0,291.85,0.0,189.4,0,-1226.2675490614004,0.0,4327,3633.2675490614
Data,7885,-0.0,0.0,178.03636059098324,0.0,2407.0,277.31,0.0,189.4,0,-1102.2536394090168,0.0,4154,3509.2536394090166
Data,7886,-0.0,0.0,234.05394567914493,0.0,2407.0,284.02,0.0,189.4,0,-1075.5260543208549,0.0,4190,3482.526054320855
Data,7887,-0.0,0.0,399.45226639442376,0.0,2407.0,280.66,0.0,543.6,0,-561.2877336055765,0.0,4192,2968.2877336055762
Data,7888,-0.0,0.0,670.6108227208335,0.0,2407.0,316.45,0.0,189.4,0,-659.5391772791666,0.0,4243,3066.5391772791663
Data,7889,-0.0,0.0,727.9443276398753,0.0,2407.0,433.85,0.0,540.4,0,-84.80567236012476,0.0,4194,2491.805672360125
Data,7890,-0.0,0.0,665.2753130599469,0.0,2407.0,560.21,0.0,540.4,0,-284.1146869400529,0.0,4457,2691.114686940053
Data,7891,0.0,0.0,620.2512749372866,0.0,2407.0,553.5,0.0,540.4,0,-413.84872506271336,0.0,4535,2820.8487250627136
Data,7892,0.0,0.0,600.5620987645497,0.0,2407.0,526.66,0.0,540.4,0,-354.3779012354504,0.0,4429,2761.3779012354503
Data,7893,0.0,0.0,422.6267761852216,0.0,2407.0,475.23,0.0,540.4,0,-473.7432238147783,0.0,4319,2880.7432238147785
Data,7894,0.0,0.0,525.6319411094253,0.0,2407.0,410.37,0.0,540.4,0,-295.59805889057475,0.0,4179,2702.598058890575
Data,7895,0.0,0.0,498.3588748119266,0.0,2407.0,317.56,0.0,540.4,0,-197.68112518807334,0.0,3961,2604.6811251880736
Data,7896,0.0,0.0,527.9285896398477,0.0,2407.0,310.85,0.0,543.6,0,-250.62141036015248,0.0,4040,2657.6214103601524
Data,7897,0.0,0.0,660.6367427131682,0.0,2407.0,300.79,0.0,537.2,0,-108.37325728683196,0.0,4014,2515.3732572868316
Data,7898,0.0,0.0,778.6356853517533,0.0,2407.0,316.45,0.0,537.2,0,-132.71431464824707,0.0,4172,2539.7143146482467
Data,7899,0.0,0.0,755.7999399447697,0.0,2407.0,326.51,0.0,537.2,0,-338.49006005523023,0.0,4365,2745.49006005523
Data,7900,0.0,0.0,888.4431782257154,0.0,2407.0,366.76,0.0,537.2,0,-327.59682177428454,0.0,4527,2734.5968217742848
Data,7901,0.0,0.0,892.9537473740261,0.0,2407.0,436.09,0.0,534.0,0,-358.9562526259737,0.0,4629,2765.956252625974
Data,7902,0.0,0.0,943.4703129858449,0.0,2407.0,530.02,0.0,537.2,0,-208.30968701415526,0.0,4626,2615.3096870141553
Data,7903,0.0,0.0,839.5649031095095,0.0,2407.0,452.86,0.0,537.2,0,-426.37509689049057,0.0,4663,2833.3750968904906
Data,7904,-0.0,0.0,1119.711786316069,0.0,2407.0,498.71,0.0,540.4,0,-3.178213683930835,0.0,4569,2410.178213683931
Data,7905,-0.0,0.0,762.0064495844,0.0,2407.0,420.44,0.0,540.4,0,-588.1535504156003,0.0,4718,2995.1535504156
Data,7906,-0.0,0.0,273.9888564190027,0.0,2407.0,374.59,0.0,540.4,0,-1080.0211435809974,0.0,4676,3487.0211435809974
Data,7907,-0.0,0.0,490.2067923526328,0.0,2407.0,292.96,0.0,540.4,0,-866.433207647367,0.0,4597,3273.4332076473675
Data,7908,-0.0,0.0,512.7418575548512,0.0,2407.0,288.49,0.0,540.4,0,-707.3681424451485,0.0,4456,3114.368142445149
Data,7909,-0.0,0.0,522.4679393666363,0.0,2407.0,277.31,0.0,540.4,0,-516.8220606333637,0.0,4264,2923.822060633364
Data,7910,-0.0,0.0,220.1449422789,0.0,2407.0,280.66,0.0,540.4,0,-972.7950577211001,0.0,4421,3379.7950577211
Data,7911,-0.0,0.0,203.8045614026,0.0,2407.0,281.78,0.0,540.4,0,-1053.0154385973997,0.0,4486,3460.0154385974
Data,7912,-0.0,0.0,219.36942335880002,0.0,2407.0,333.22,0.0,540.4,0,-920.0105766412,0.0,4420,3327.0105766412
Data,7913,-0.0,0.0,215.2116784475,0.0,2407.0,507.65,0.0,540.4,0,-738.7383215524999,0.0,4409,3145.7383215525
Data,7914,-0.0,0.0,110.43658851890001,0.0,2407.0,629.54,0.0,540.4,0,-913.6234114811,0.0,4601,3320.6234114811
Data,7915,-0.0,0.0,191.0976006153,0.0,2407.0,626.18,0.0,540.4,0,-839.3223993847,0.0,4604,3246.3223993847
Data,7916,0.0,0.0,119.2991914845,0.0,2407.0,571.39,0.0,540.4,0,-834.9108085155001,0.0,4473,3241.9108085155
Data,7917,0.0,0.0,141.27066256,0.0,2407.0,496.47,0.0,540.4,0,-768.8593374400001,0.0,4354,3175.8593374399998
Data,7918,0.0,0.0,456.2782489702001,0.0,2407.0,385.77,0.0,540.4,0,-408.55175102979985,0.0,4198,2815.5517510298
Data,7919,0.0,0.0,273.0856610931,0.0,2407.0,352.23,0.0,540.4,0,-393.2843389068999,0.0,3966,2800.2843389069
Data,7920,0.0,0.0,182.7287346225,0.0,2407.0,347.75,0.0,540.4,0,-559.1212653774999,0.0,4037,2966.1212653775
Data,7921,0.0,0.0,325.82612133249023,0.0,2407.0,299.67,0.0,537.2,0,-417.3038786675099,0.0,3987,2824.3038786675097
Data,7922,0.0,0.0,273.82837602706337,0.0,2407.0,301.91,0.0,537.2,0,-649.061623972937,0.0,4169,3056.0616239729366
Data,7923,0.0,0.0,724.7511570857354,0.0,2407.0,296.32,0.0,534.0,0,-418.92884291426446,0.0,4381,2825.928842914265
Data,7924,0.0,0.0,747.664248342873,0.0,2407.0,316.45,0.0,537.2,0,-484.6857516571274,0.0,4493,2891.685751657127
Data,7925,0.0,0.0,267.0064524432867,0.0,2407.0,353.35,0.0,537.2,0,-974.4435475567136,0.0,4539,3381.4435475567134
Data,7926,0.0,0.0,34.72812248977418,0.0,2407.0,380.18,0.0,537.2,0,-1088.891877510226,0.0,4448,3495.8918775102256
Data,7927,0.0,0.0,121.98858514111963,0.0,2407.0,395.84,0.0,540.4,0,-946.7714148588801,0.0,4412,3353.7714148588802
Data,7928,-0.0,0.0,51.93988262133092,0.0,2407.0,468.52,0.0,35.2,0,-1302.3401173786692,0.0,4265,3709.340117378669
Data,7929,-0.0,0.0,160.80712256637378,0.0,2407.0,429.38,0.0,38.4,0,-1383.4128774336266,0.0,4419,3790.4128774336264
Data,7930,-0.0,0.0,60.095250226041806,0.0,2407.0,377.95,0.0,38.4,0,-1409.5547497739587,0.0,4293,3816.554749773958
Data,7931,-0.0,0.0,83.55114359488017,0.0,2407.0,276.19,0.0,38.4,0,-1314.8588564051197,0.0,4120,3721.8588564051197
Data,7932,-0.0,0.0,153.73758722195106,0.0,2407.0,262.77,0.0,38.4,0,-1158.0924127780488,0.0,4020,3565.092412778049
Data,7933,-0.0,0.0,195.8281044920319,0.0,2407.0,234.82,0.0,38.4,0,-934.9518955079678,0.0,3811,3341.951895507968
Data,7934,-0.0,0.0,146.73109848592574,0.0,2407.0,244.88,0.0,35.2,0,-1002.1889015140744,0.0,3836,3409.188901514074
Data,7935,-0.0,0.0,568.4007044313853,0.0,2407.0,248.24,0.0,38.4,0,-671.9592955686144,0.0,3934,3078.959295568615
Data,7936,-0.0,0.0,488.3541834111259,0.0,2407.0,295.2,0.0,38.4,0,-831.0458165888742,0.0,4060,3238.045816588874
Data,7937,-0.0,0.0,882.10578004425,0.0,2407.0,475.23,0.0,38.4,0,-245.2642199557499,0.0,4048,2652.26421995575
Data,7938,-0.0,0.0,320.2605912680034,0.0,2407.0,589.28,0.0,189.4,0,-851.0594087319972,0.0,4357,3258.0594087319964
Data,7939,0.0,0.0,147.5310536740071,0.0,2407.0,595.99,0.0,189.4,0,-1144.0789463259935,0.0,4484,3551.078946325993
Data,7940,0.0,0.0,500.4800851423599,0.0,2407.0,556.85,0.0,189.4,0,-693.2699148576405,0.0,4347,3100.2699148576403
Data,7941,0.0,0.0,465.64929375518955,0.0,2407.0,478.58,0.0,189.4,0,-688.3707062448104,0.0,4229,3095.3707062448107
Data,7942,0.0,0.0,513.3079797452451,0.0,2407.0,366.76,0.0,189.4,0,-659.532020254755,0.0,4136,3066.532020254755
Data,7943,0.0,0.0,496.53379695251033,0.0,2407.0,343.28,0.0,186.2,0,-584.9862030474901,0.0,4018,2991.9862030474897
Data,7944,0.0,0.0,267.7634146495865,0.0,2407.0,320.92,0.0,189.4,0,-942.9165853504134,0.0,4128,3349.9165853504137
Data,7945,0.0,0.0,219.87269287232255,0.0,2407.0,275.07,0.0,186.2,0,-1013.8573071276775,0.0,4102,3420.8573071276774
Data,7946,0.0,0.0,271.6739622946361,0.0,2407.0,277.31,0.0,186.2,0,-1154.8160377053641,0.0,4297,3561.8160377053637
Data,7947,0.0,0.0,479.57833972410725,0.0,2407.0,290.73,0.0,186.2,0,-1075.4916602758929,0.0,4439,3482.4916602758926
Data,7948,0.0,0.0,383.1662139809393,0.0,2407.0,292.96,0.0,186.2,0,-1249.6737860190608,0.0,4519,3656.6737860190606
Data,7949,0.0,0.0,375.97695153249526,0.0,2407.0,351.11,0.0,35.2,0,-1421.7130484675054,0.0,4591,3828.713048467505
Data,7950,0.0,0.0,380.38605108129656,0.0,2407.0,404.78,0.0,35.2,0,-1339.633948918704,0.0,4567,3746.6339489187035
Data,7951,0.0,0.0,1116.8585794530554,0.0,2407.0,418.2,0.0,35.2,0,-503.7414205469448,0.0,4481,2910.7414205469445
Data,7952,-0.0,0.0,1174.2224732262803,0.0,2407.0,490.88,0.0,38.4,0,-182.49752677371993,0.0,4293,2589.4975267737195
Data,7953,-0.0,0.0,1280.578224318695,0.0,2407.0,354.46,0.0,38.4,0,-191.56177568130542,0.0,4272,2598.561775681305
Data,7954,-0.0,0.0,1303.9259776673366,0.0,2407.0,289.61,0.0,38.4,0,-198.0640223326636,0.0,4237,2605.064022332663
Data,7955,-0.0,0.0,1265.4063627625685,0.0,2407.0,256.06,0.0,38.4,0,-269.13363723743186,0.0,4236,2676.1336372374317
Data,7956,-0.0,0.0,1270.375737957531,0.0,2407.0,246.0,0.0,38.4,0,-252.2242620424693,0.0,4214,2659.224262042469
Data,7957,-0.0,0.0,1355.8996047154958,0.0,2407.0,234.82,0.0,35.2,0,-18.08039528450427,0.0,4051,2425.080395284504
Data,7958,-0.0,0.0,1356.5080567749171,0.0,2407.0,243.76,0.0,38.4,0,52.66805677491697,0.0,3993,2354.331943225083
Data,7959,-0.0,0.0,1374.858780198365,0.0,2407.0,233.7,0.0,38.4,0,9.958780198364897,0.0,4044,2397.041219801635
Data,7960,-0.0,0.0,1370.7378175406113,0.0,2407.0,304.15,0.0,38.4,0,-57.712182459388856,0.0,4178,2464.7121824593887
Data,7961,-0.0,0.0,1352.33024731565,0.0,2407.0,467.4,0.0,38.4,0,132.13024731565025,0.0,4133,2274.86975268435
Data,7962,-0.0,0.0,754.8169884889454,0.0,2407.0,602.7,0.0,38.4,0,-683.0830115110551,0.0,4486,3090.0830115110543
Data,7963,0.0,0.0,550.3754234690089,0.0,2407.0,622.83,0.0,38.4,0,-1008.3945765309916,0.0,4627,3415.394576530991
Data,7964,0.0,0.0,516.824063589881,0.0,2407.0,611.65,0.0,38.4,0,-936.1259364101193,0.0,4510,3343.125936410119
Data,7965,0.0,0.0,654.1766367209145,0.0,2407.0,536.73,0.0,38.4,0,-823.6933632790858,0.0,4460,3230.6933632790856
Data,7966,0.0,0.0,777.4400996871241,0.0,2407.0,420.44,0.0,186.2,0,-613.919900312876,0.0,4405,3020.919900312876
Data,7967,0.0,0.0,561.4620944624512,0.0,2407.0,404.78,0.0,189.4,0,-632.3579055375485,0.0,4195,3039.357905537549
Data,7968,0.0,0.0,558.3546607268679,0.0,2407.0,363.41,0.0,189.4,0,-800.8353392731326,0.0,4319,3207.835339273132
Data,7969,0.0,0.0,585.0161513418483,0.0,2407.0,298.55,0.0,186.2,0,-786.2338486581517,0.0,4263,3193.2338486581516
Data,7970,0.0,0.0,708.0647039094207,0.0,2407.0,313.09,0.0,186.2,0,-777.6452960905793,0.0,4392,3184.6452960905794
Data,7971,0.0,0.0,991.7865855564403,0.0,2407.0,338.81,0.0,186.2,0,-597.20341444356,0.0,4521,3004.2034144435597
Data,7972,0.0,0.0,1238.1520049427554,0.0,2407.0,361.17,0.0,186.2,0,-480.4779950572447,0.0,4673,2887.4779950572447
Data,7973,0.0,0.0,1459.8392427686556,0.0,2407.0,386.89,0.0,186.2,0,-300.07075723134426,0.0,4740,2707.0707572313445
Data,7974,0.0,0.0,1525.2878755657343,0.0,2407.0,458.45,0.0,186.2,0,-209.06212443426602,0.0,4786,2616.0621244342656
Data,7975,0.0,0.0,1601.9935500453344,0.0,2407.0,442.8,0.0,183.0,0,-206.20644995466546,0.0,4841,2613.2064499546655
Data,7976,-0.0,0.0,1640.5360639874343,0.0,2407.0,523.31,0.0,186.2,0,14.046063987433968,0.0,4743,2392.953936012566
Data,7977,-0.0,0.0,1756.597742139434,0.0,2407.0,441.68,0.0,35.2,0,-234.52225786056567,0.0,4875,2641.522257860566
Data,7978,-0.0,0.0,1735.7438821494343,0.0,2407.0,390.25,0.0,38.4,0,-362.60611785056597,0.0,4934,2769.6061178505656
Data,7979,-0.0,0.0,1714.6804783559342,0.0,2407.0,291.85,0.0,38.4,0,-238.06952164406573,0.0,4690,2645.069521644066
Data,7980,-0.0,0.0,2170.8474561317344,0.0,1934.7325438682656,284.02,0.0,38.4,0,0,0.0,4428,1934.7325438682656
Data,7981,-0.0,0.0,2407.7107671724343,0.0,1707.0,258.3,0.0,38.4,0,246.41076717243402,0.0,4165,1460.5892328275656
Data,7982,-0.0,0.0,2455.551780851434,0.0,1707.0,278.43,0.0,38.4,0,262.3817808514335,0.0,4217,1444.618219148566
Data,7983,-0.0,0.0,2465.5304468654344,0.0,1707.0,290.73,0.0,38.4,0,357.660446865434,0.0,4144,1349.3395531345654
Data,7984,-0.0,0.0,2505.4972714730343,0.0,1707.0,361.17,0.0,38.4,0,532.0672714730343,0.0,4080,1174.9327285269658
Data,7985,-0.0,0.0,2092.491930457334,0.0,1707.0,554.62,0.0,38.4,0,228.51193045733373,0.0,4164,1478.488069542666
Data,7986,-0.0,0.0,2062.1119509535342,0.0,1707.0,669.79,0.0,35.2,0,61.10195095353413,0.0,4413,1645.8980490464658
Data,7987,-0.0,0.0,1999.7353913499342,0.0,1709.0546086500663,707.81,0.0,38.4,0,0,0.0,4455,1709.0546086500658
Data,7988,0.0,0.0,2576.6786032037344,0.0,1707.0,663.08,0.0,38.4,0,656.1586032037338,0.0,4329,1050.8413967962656
Data,7989,0.0,0.0,2592.3686578554343,0.0,1707.0,589.28,0.0,38.4,0,741.0486578554336,0.0,4186,965.9513421445657
Data,7990,0.0,0.0,2586.2597115154344,0.0,1707.0,419.32,0.0,38.4,0,727.9797115154346,0.0,4023,979.0202884845655
Data,7991,0.0,0.0,2296.2428403654344,0.0,1707.0,394.72,0.0,38.4,0,627.3628403654342,0.0,3809,1079.6371596345655
Data,7992,0.0,0.0,2289.997993519434,0.0,1707.0,367.88,0.0,38.4,0,516.2779935194343,0.0,3887,1190.7220064805658
Data,7993,0.0,0.0,2420.983453351434,0.0,1707.0,328.75,0.0,35.2,0,641.9334533514337,0.0,3850,1065.066546648566
Data,7994,0.0,0.0,2416.9385305334345,0.0,1707.0,349.99,0.0,35.2,0,519.128530533434,0.0,3990,1187.8714694665655
Data,7995,0.0,0.0,2523.0148074954345,0.0,1707.0,357.82,0.0,35.2,0,508.0348074954344,0.0,4115,1198.9651925045655
Data,7996,0.0,0.0,1929.553360263334,0.0,1932.6266397366658,357.82,0.0,32.0,0,0,0.0,4252,1932.626639736666
Data,7997,0.0,0.0,2195.9636562527344,0.0,1719.7063437472657,389.13,0.0,35.2,0,0,0.0,4340,1719.7063437472657
Data,7998,0.0,0.0,2560.013415252234,0.0,1707.0,447.27,0.0,35.2,0,417.48341525223384,0.0,4332,1289.5165847477658
Data,7999,0.0,0.0,2393.816471929334,0.0,1707.0,472.99,0.0,35.2,0,279.00647192933354,0.0,4330,1427.993528070666
Data,8000,-0.0,0.0,2038.3481827180344,0.0,1707.0,479.7,0.0,35.2,0,142.24818271803395,0.0,4118,1564.7518172819655
Data,8001,-0.0,0.0,2098.350716267334,0.0,1707.0,436.09,0.0,35.2,0,8.640716267334033,0.0,4268,1698.359283732666
Data,8002,-0.0,0.0,1814.4342588750342,0.0,2160.925741124966,297.44,0.0,35.2,0,0,0.0,4308,2160.925741124966
Data,8003,-0.0,0.0,1730.5037687003341,0.0,2263.116231299666,257.18,0.0,35.2,0,0,0.0,4286,2263.1162312996657
Data,8004,-0.0,0.0,1750.4738825934342,0.0,2145.9461174065664,257.18,0.0,38.4,0,0,0.0,4192,2145.946117406566
Data,8005,-0.0,0.0,2529.501595465434,0.0,1707.0,238.17,0.0,38.4,0,567.0715954654341,0.0,3946,1139.928404534566
Data,8006,-0.0,0.0,2566.8473412467342,0.0,1707.0,257.18,0.0,38.4,0,594.427341246734,0.0,3975,1112.5726587532658
Data,8007,-0.0,0.0,2583.2214381114345,0.0,1707.0,272.84,0.0,38.4,0,643.4614381114346,0.0,3958,1063.5385618885655
Data,8008,-0.0,0.0,2580.9916763472443,0.0,1707.0,296.32,0.0,35.2,0,714.5116763472444,0.0,3905,992.4883236527558
Data,8009,-0.0,0.0,1842.08736779312,0.0,1720.9026322068798,412.61,0.0,38.4,0,0,0.0,4014,1720.90263220688
Data,8010,-0.0,0.0,1875.8694835876345,0.0,1734.5805164123658,550.15,0.0,38.4,0,0,0.0,4199,1734.5805164123656
Data,8011,-0.0,0.0,1764.0019338873344,0.0,1855.078066112666,591.52,0.0,38.4,0,0,0.0,4249,1855.0780661126655
Data,8012,0.0,0.0,1793.0790678554345,0.0,1757.670932144566,556.85,0.0,38.4,0,0,0.0,4146,1757.6709321445655
Data,8013,0.0,0.0,1825.1145946226343,0.0,1707.0,486.41,0.0,38.4,0,76.92459462263434,0.0,3980,1630.0754053773658
Data,8014,0.0,0.0,2265.9228035076344,0.0,1707.0,377.95,0.0,35.2,0,592.0728035076339,0.0,3794,1114.9271964923655
Data,8015,0.0,0.0,2592.2234279060413,0.0,1707.0,334.34,0.0,38.4,0,1070.9634279060413,0.0,3601,636.0365720939587
Data,8016,0.0,0.0,2592.3686578554343,0.0,1707.0,315.33,0.0,38.4,0,984.0986578554342,0.0,3669,722.9013421445657
Data,8017,0.0,0.0,2592.3686578554343,0.0,1707.0,287.37,0.0,35.2,0,1051.938657855434,0.0,3570,655.0613421445656
Data,8018,0.0,0.0,2541.9314479916443,0.0,1707.0,315.33,0.0,35.2,0,905.4614479916441,0.0,3694,801.5385520083557
Data,8019,0.0,0.0,2589.0431036593445,0.0,1707.0,367.88,0.0,35.2,0,839.1231036593446,0.0,3860,867.8768963406554
Data,8020,0.0,0.0,2592.3686578554343,0.0,1707.0,357.82,0.0,35.2,0,710.3886578554342,0.0,3982,996.6113421445657
Data,8021,0.0,0.0,2522.000343734935,0.0,1707.0,391.36,0.0,35.2,0,586.5603437349353,0.0,4069,1120.439656265065
Data,8022,0.0,0.0,2493.000451720338,0.0,1707.0,457.34,0.0,32.0,0,623.3404517203383,0.0,4066,1083.6595482796622
Data,8023,0.0,0.0,2222.629530468623,0.0,1707.0,475.23,0.0,35.2,0,283.05953046862317,0.0,4157,1423.9404695313767
Data,8024,-0.0,0.0,2328.1304037817063,0.0,1707.0,503.18,0.0,35.2,0,425.5104037817059,0.0,4148,1281.4895962182936
Data,8025,-0.0,0.0,2172.6272551685515,0.0,1707.0,424.91,0.0,35.2,0,79.737255168551,0.0,4260,1627.2627448314483
Data,8026,-0.0,0.0,1379.013477697307,0.0,2407.0,299.67,0.0,38.4,0,-254.9165223026933,0.0,4379,2661.916522302693
Data,8027,-0.0,0.0,1166.4258993834737,0.0,2407.0,265.01,0.0,38.4,0,-469.1641006165264,0.0,4346,2876.1641006165264
Data,8028,-0.0,0.0,1066.5690359428054,0.0,2407.0,263.89,0.0,38.4,0,-501.140964057195,0.0,4277,2908.1409640571947
Data,8029,-0.0,0.0,733.1203476738524,0.0,2407.0,240.41,0.0,41.6,0,-616.8696523261478,0.0,4039,3023.8696523261474
Data,8030,-0.0,0.0,1535.5430876239259,0.0,2204.576912376074,269.48,0.0,38.4,0,0,0.0,4048,2204.5769123760742
Data,8031,-0.0,0.0,802.5267322335876,0.0,2407.0,305.26,0.0,41.6,0,-513.6132677664127,0.0,4070,2920.6132677664123
Data,8032,-0.0,0.0,1189.9407070395591,0.0,2354.8392929604406,357.82,0.0,189.4,0,0,0.0,4092,2354.839292960441
Data,8033,-0.0,0.0,1010.1982770561337,0.0,2109.7517229438663,507.65,0.0,540.4,0,0,0.0,4168,2109.7517229438663
Data,8034,-0.0,0.0,1517.8083880104489,0.0,1707.0,592.64,0.0,543.6,0,64.04838801044862,0.0,4297,1642.951611989551
Data,8035,0.0,0.0,1559.66645829994,0.0,1707.0,637.36,0.0,540.4,0,133.4264582999402,0.0,4311,1573.57354170006
Data,8036,0.0,0.0,1753.5060422434453,0.0,1707.0,632.89,0.0,540.4,0,440.7960422434453,0.0,4193,1266.2039577565547
Data,8037,0.0,0.0,1752.738493596909,0.0,1707.0,556.85,0.0,543.6,0,525.1884935969088,0.0,4035,1181.811506403091
Data,8038,0.0,0.0,1781.8796386882796,0.0,1707.0,466.28,0.0,540.4,0,631.5596386882797,0.0,3864,1075.4403613117206
Data,8039,0.0,0.0,1738.3642736677787,0.0,1707.0,384.65,0.0,540.4,0,704.4142736677788,0.0,3666,1002.5857263322214
Data,8040,0.0,0.0,1743.0358060538026,0.0,1707.0,376.83,0.0,540.4,0,601.2658060538026,0.0,3766,1105.7341939461974
Data,8041,0.0,0.0,1746.9177284408065,0.0,1707.0,372.35,0.0,537.2,0,603.4677284408062,0.0,3760,1103.5322715591933
Data,8042,0.0,0.0,1720.7556794507946,0.0,1707.0,379.06,0.0,540.4,0,334.21567945079454,0.0,4013,1372.7843205492054
Data,8043,0.0,0.0,1664.4801180045763,0.0,1707.0,389.13,0.0,537.2,0,161.8101180045762,0.0,4136,1545.1898819954235
Data,8044,0.0,0.0,1729.4172423422356,0.0,1707.0,379.06,0.0,537.2,0,150.67724234223544,0.0,4202,1556.3227576577644
Data,8045,0.0,0.0,1248.158345566893,0.0,2034.201654433107,420.44,0.0,537.2,0,0,0.0,4240,2034.2016544331068
Data,8046,0.0,0.0,1285.5596791129415,0.0,1992.0803208870589,465.16,0.0,537.2,0,0,0.0,4280,1992.0803208870584
Data,8047,0.0,0.0,1663.9156356709702,0.0,1707.0,515.48,0.0,537.2,0,141.59563567097,0.0,4282,1565.4043643290297
Data,8048,-0.0,0.0,1630.284325125685,0.0,1707.0,544.55,0.0,540.4,0,207.23432512568485,0.0,4215,1499.7656748743152
Data,8049,-0.0,0.0,1647.5927514973016,0.0,1707.0,447.27,0.0,537.2,0,62.06275149730142,0.0,4277,1644.9372485026984
Data,8050,-0.0,0.0,1603.8554728017941,0.0,2100.4745271982056,324.27,0.0,189.4,0,0,0.0,4218,2100.474527198206
Data,8051,-0.0,0.0,1737.222893591645,0.0,1836.717106408355,280.66,0.0,189.4,0,0,0.0,4044,1836.717106408355
Data,8052,-0.0,0.0,1927.3718152830493,0.0,1707.0,276.19,0.0,189.4,0,183.96181528304948,0.0,3916,1523.0381847169508
Data,8053,-0.0,0.0,1152.511828075571,0.0,2111.378171924429,252.71,0.0,189.4,0,0,0.0,3706,2111.378171924429
Data,8054,-0.0,0.0,1456.5078187286983,0.0,1901.492181271302,270.6,0.0,189.4,0,0,0.0,3818,1901.4921812713017
Data,8055,-0.0,0.0,1197.5258743566485,0.0,2197.564125643352,326.51,0.0,189.4,0,0,0.0,3911,2197.5641256433514
Data,8056,-0.0,0.0,1217.5423386980917,0.0,2284.3076613019084,347.75,0.0,189.4,0,0,0.0,4039,2284.3076613019084
Data,8057,-0.0,0.0,1204.060280337048,0.0,2306.2397196629518,504.3,0.0,189.4,0,0,0.0,4204,2306.239719662952
Data,8058,-0.0,0.0,1697.580208707832,0.0,1911.6197912921682,590.4,0.0,189.4,0,0,0.0,4389,1911.619791292168
Data,8059,-0.0,0.0,2241.9409806030426,0.0,1707.0,601.58,0.0,189.4,0,293.9209806030422,0.0,4446,1413.0790193969574
Data,8060,-0.0,0.0,1996.4417371993536,0.0,1707.0,573.63,0.0,189.4,0,98.4717371993534,0.0,4368,1608.5282628006464
Data,8061,0.0,0.0,2147.930057124347,0.0,1707.0,550.15,0.0,189.4,0,327.4800571243471,0.0,4267,1379.519942875653
Data,8062,0.0,0.0,2436.772944185207,0.0,1707.0,476.35,0.0,189.4,0,677.5229441852068,0.0,4132,1029.477055814793
Data,8063,0.0,0.0,1747.8372891288689,0.0,1707.0,403.66,0.0,189.4,0,126.8972891288688,0.0,3921,1580.1027108711312
Data,8064,0.0,0.0,2105.0434182396707,0.0,1707.0,367.88,0.0,189.4,0,398.3234182396708,0.0,3971,1308.6765817603293
Data,8065,0.0,0.0,1998.119143114845,0.0,1707.0,355.58,0.0,537.2,0,692.8991431148448,0.0,3905,1014.100856885155
Data,8066,0.0,0.0,2119.1524677771513,0.0,1707.0,386.89,0.0,537.2,0,700.2424677771509,0.0,4050,1006.7575322228487
Data,8067,0.0,0.0,2059.1069572522215,0.0,1707.0,390.25,0.0,537.2,0,511.5569572522214,0.0,4182,1195.4430427477785
Data,8068,0.0,0.0,1665.0948582708609,0.0,1723.0351417291392,422.67,0.0,537.2,0,0,0.0,4348,1723.035141729139
Data,8069,0.0,0.0,1392.7879618271256,0.0,2065.4520381728744,440.56,0.0,537.2,0,0,0.0,4436,2065.4520381728744
Data,8070,0.0,0.0,2059.6592557073686,0.0,1707.0,471.87,0.0,534.0,0,317.5292557073686,0.0,4455,1389.4707442926315
Data,8071,0.0,0.0,1402.1826675535299,0.0,1983.9173324464705,602.7,0.0,537.2,0,0,0.0,4526,1983.91733244647
Data,8072,-0.0,0.0,2161.1239076292322,0.0,1707.0,634.01,0.0,537.2,0,627.3339076292322,0.0,4412,1079.6660923707677
Data,8073,-0.0,0.0,1985.1741902855547,0.0,1867.0358097144458,571.39,0.0,38.4,0,0,0.0,4462,1867.0358097144453
Data,8074,-0.0,0.0,1870.5943889833436,0.0,2178.4356110166564,459.57,0.0,38.4,0,0,0.0,4547,2178.4356110166564
Data,8075,-0.0,0.0,1096.651702701108,0.0,2407.0,354.46,0.0,38.4,0,-696.4882972988922,0.0,4593,3103.488297298892
Data,8076,-0.0,0.0,1272.0686571821961,0.0,2407.0,329.86,0.0,38.4,0,-297.6713428178041,0.0,4345,2704.6713428178036
Data,8077,-0.0,0.0,1408.0414117583773,0.0,2314.9485882416225,289.61,0.0,38.4,0,0,0.0,4051,2314.9485882416225
Data,8078,-0.0,0.0,1232.2619173598816,0.0,2407.0,292.96,0.0,38.4,0,-171.3780826401186,0.0,4142,2578.3780826401185
Data,8079,-0.0,0.0,1049.191926985563,0.0,2407.0,328.75,0.0,38.4,0,-290.65807301443687,0.0,4114,2697.658073014437
Data,8080,-0.0,0.0,672.975817226989,0.0,2407.0,436.09,0.0,35.2,0,-604.7341827730111,0.0,4156,3011.734182773011
Data,8081,-0.0,0.0,1139.4366700520122,0.0,1977.4133299479877,574.75,0.0,540.4,0,0,0.0,4232,1977.4133299479877
Data,8082,-0.0,0.0,497.93755045241824,0.0,2407.0,644.07,0.0,540.4,0,-319.5924495475815,0.0,4409,2726.592449547582
Data,8083,-0.0,0.0,1007.09524812379,0.0,2228.70475187621,688.8,0.0,540.4,0,0,0.0,4465,2228.70475187621
Data,8084,0.0,0.0,651.2519604584999,0.0,2407.0,670.91,0.0,540.4,0,-88.43803954150019,0.0,4358,2495.4380395415
Data,8085,0.0,0.0,682.9828674503774,0.0,2407.0,592.64,0.0,540.4,0,-66.97713254962264,0.0,4290,2473.9771325496226
Data,8086,0.0,0.0,506.9594725551399,0.0,2407.0,478.58,0.0,540.4,0,-239.0605274448601,0.0,4172,2646.0605274448603
Data,8087,0.0,0.0,504.1545442994334,0.0,2407.0,386.89,0.0,537.2,0,-143.75545570056693,0.0,3979,2550.7554557005665
Data,8088,0.0,0.0,227.9637250061524,0.0,2407.0,372.35,0.0,540.4,0,-457.2862749938476,0.0,4005,2864.2862749938477
Data,8089,0.0,0.0,199.85589056302695,0.0,2407.0,380.18,0.0,537.2,0,-379.7641094369734,0.0,3904,2786.764109436973
Data,8090,0.0,0.0,160.30483303286027,0.0,2407.0,412.61,0.0,537.2,0,-488.88516696713975,0.0,4006,2895.88516696714
Data,8091,0.0,0.0,319.7897643507161,0.0,2407.0,414.85,0.0,537.2,0,-444.1602356492842,0.0,4123,2851.160235649284
Data,8092,0.0,0.0,290.5638777455795,0.0,2407.0,434.97,0.0,534.0,0,-584.4661222544203,0.0,4251,2991.4661222544205
Data,8093,0.0,0.0,240.21623896149947,0.0,2407.0,431.62,0.0,537.2,0,-697.9637610385008,0.0,4314,3104.9637610385007
Data,8094,0.0,0.0,273.738712932818,0.0,2407.0,472.99,0.0,537.2,0,-603.0712870671824,0.0,4294,3010.071287067182
Data,8095,0.0,0.0,285.2383146845921,0.0,2407.0,584.81,0.0,537.2,0,-423.7516853154081,0.0,4238,2830.751685315408
Data,8096,-0.0,0.0,354.7529203854,0.0,2407.0,676.5,0.0,537.2,0,-19.547079614600193,0.0,3995,2426.5470796146
Data,8097,-0.0,0.0,350.9492671912327,0.0,2407.0,514.36,0.0,35.2,0,-648.4907328087673,0.0,3956,3055.4907328087675
Data,8098,-0.0,0.0,220.6231434781467,0.0,2407.0,365.65,0.0,38.4,0,-951.3268565218532,0.0,3983,3358.326856521853
Data,8099,-0.0,0.0,178.6245230595,0.0,2407.0,286.25,0.0,38.4,0,-928.7254769404999,0.0,3839,3335.7254769405
Data,8100,-0.0,0.0,138.4062865052,0.0,2407.0,282.9,0.0,38.4,0,-1047.2937134947997,0.0,3914,3454.2937134948
Data,8101,-0.0,0.0,106.00490394549999,0.0,2407.0,248.24,0.0,38.4,0,-1024.3550960544997,0.0,3824,3431.3550960545
Data,8102,-0.0,0.0,351.8049481940431,0.0,2407.0,253.83,0.0,35.2,0,-768.1650518059572,0.0,3816,3175.165051805957
Data,8103,-0.0,0.0,659.3767581156354,0.0,2407.0,261.65,0.0,38.4,0,-397.5732418843644,0.0,3764,2804.5732418843645
Data,8104,-0.0,0.0,734.8883812937012,0.0,2407.0,320.92,0.0,38.4,0,-244.7916187062986,0.0,3746,2651.791618706299
Data,8105,-0.0,0.0,732.0184828087306,0.0,2407.0,511.01,0.0,38.4,0,-155.57151719126952,0.0,3844,2562.5715171912693
Data,8106,-0.0,0.0,777.0431642395441,0.0,2203.6068357604554,642.95,0.0,540.4,0,0,0.0,4164,2203.606835760456
Data,8107,-0.0,0.0,596.4973017624511,0.0,2407.0,752.54,0.0,537.2,0,-35.762698237549074,0.0,4329,2442.7626982375486
Data,8108,-0.0,0.0,572.9789796233681,0.0,2378.321020376632,750.3,0.0,540.4,0,0,0.0,4242,2378.321020376632
Data,8109,0.0,0.0,488.80885248,0.0,2403.72114752,693.27,0.0,537.2,0,0,0.0,4123,2403.72114752
Data,8110,0.0,0.0,564.44932344,0.0,2362.96067656,522.19,0.0,540.4,0,0,0.0,3990,2362.96067656
Data,8111,0.0,0.0,721.2044090655384,0.0,2142.555590934462,445.04,0.0,537.2,0,0,0.0,3846,2142.5555909344616
Data,8112,0.0,0.0,742.2206500068662,0.0,2229.7593499931336,431.62,0.0,540.4,0,0,0.0,3944,2229.7593499931336
Data,8113,0.0,0.0,733.8914024297164,0.0,2307.0285975702836,367.88,0.0,537.2,0,0,0.0,3946,2307.0285975702836
Data,8114,0.0,0.0,767.8029713596857,0.0,2407.0,362.29,0.0,534.0,0,-6.907028640314381,0.0,4078,2413.9070286403144
Data,8115,0.0,0.0,889.2911690431414,0.0,2407.0,362.29,0.0,537.2,0,-10.218830956858815,0.0,4206,2417.2188309568587
Data,8116,0.0,0.0,952.5366525668452,0.0,2407.0,386.89,0.0,534.0,0,-3.573347433154936,0.0,4284,2410.5733474331546
Data,8117,0.0,0.0,981.4071660948999,0.0,2407.0,383.54,0.0,537.2,0,-20.852833905100283,0.0,4330,2427.8528339051
Data,8118,0.0,0.0,1016.7356204542001,0.0,2248.3743795458,460.69,0.0,537.2,0,0,0.0,4263,2248.3743795458
Data,8119,0.0,0.0,1006.0581056914763,0.0,1941.6818943085234,551.26,0.0,534.0,0,0,0.0,4033,1941.6818943085236
Data,8120,-0.0,0.0,1013.8674387915144,0.0,2076.602561208486,561.33,0.0,35.2,0,0,0.0,3687,2076.6025612084854
Data,8121,-0.0,0.0,1139.7017433247,0.0,2006.2782566753,407.02,0.0,32.0,0,0,0.0,3585,2006.2782566753
Data,8122,-0.0,0.0,517.5842311699,0.0,2407.0,298.55,0.0,38.4,0,-285.4657688300997,0.0,3547,2692.4657688301
Data,8123,-0.0,0.0,1347.401650869309,0.0,1885.4983491306912,233.7,0.0,38.4,0,0,0.0,3505,1885.4983491306912
Data,8124,-0.0,0.0,1388.5694190049996,0.0,1786.980580995,237.05,0.0,38.4,0,0,0.0,3451,1786.9805809950003
Data,8125,-0.0,0.0,1272.0365636932984,0.0,1814.7034363067014,206.86,0.0,38.4,0,0,0.0,3332,1814.7034363067016
Data,8126,-0.0,0.0,1191.575953079302,0.0,1759.0440469206978,207.98,0.0,38.4,0,0,0.0,3197,1759.044046920698
Data,8127,-0.0,0.0,1123.4652665961269,0.0,1732.8147334038733,222.52,0.0,35.2,0,0,0.0,3114,1732.814733403873
Data,8128,-0.0,0.0,1095.7390161780545,0.0,1707.4209838219454,297.44,0.0,38.4,0,0,0.0,3139,1707.4209838219456
Data,8129,-0.0,0.0,1200.5487194685609,0.0,1707.0,470.75,0.0,38.4,0,44.69871946856107,0.0,3372,1662.301280531439
Data,8130,-0.0,0.0,405.72753123184344,0.0,2407.0,592.64,0.0,38.4,0,-333.23246876815665,0.0,3777,2740.2324687681567
Data,8131,-0.0,0.0,260.29917810105314,0.0,2407.0,674.26,0.0,35.2,0,-631.2408218989468,0.0,4008,3038.2408218989467
Data,8132,0.0,0.0,306.60617296431263,0.0,2407.0,674.26,0.0,189.4,0,-396.73382703568757,0.0,3974,2803.733827035687
Data,8133,0.0,0.0,451.1572671862981,0.0,2407.0,617.24,0.0,189.4,0,-210.2027328137016,0.0,3875,2617.202732813702
Data,8134,0.0,0.0,668.4268706550218,0.0,2390.913129344978,477.46,0.0,186.2,0,0,0.0,3723,2390.913129344978
Data,8135,0.0,0.0,947.2798167970251,0.0,2026.4201832029748,405.9,0.0,189.4,0,0,0.0,3569,2026.4201832029748
Data,8136,0.0,0.0,1234.1778594695343,0.0,1826.8221405304657,393.6,0.0,189.4,0,0,0.0,3644,1826.8221405304657
Data,8137,0.0,0.0,968.9155550948341,0.0,2109.904444905166,380.18,0.0,183.0,0,0,0.0,3642,2109.9044449051657
Data,8138,0.0,0.0,913.3523449559342,0.0,2292.197655044066,409.25,0.0,186.2,0,0,0.0,3801,2292.197655044066
Data,8139,0.0,0.0,1203.3537441876342,0.0,2116.296255812366,427.15,0.0,186.2,0,0,0.0,3933,2116.296255812366
Data,8140,0.0,0.0,1508.427247197334,0.0,2065.242752802666,438.33,0.0,32.0,0,0,0.0,4044,2065.242752802666
Data,8141,0.0,0.0,1420.286743892334,0.0,2227.5232561076664,472.99,0.0,35.2,0,0,0.0,4156,2227.523256107666
Data,8142,0.0,0.0,1094.141094983534,0.0,2407.0,544.55,0.0,35.2,0,-103.10890501646588,0.0,4184,2510.108905016466
Data,8143,0.0,0.0,1099.7645673409343,0.0,2407.0,588.16,0.0,35.2,0,-58.87543265906618,0.0,4189,2465.8754326590656
Data,8144,-0.0,0.0,845.2593914946341,0.0,2407.0,616.12,0.0,32.0,0,-86.62060850536602,0.0,3987,2493.620608505366
Data,8145,-0.0,0.0,910.907161639334,0.0,2407.0,531.14,0.0,35.2,0,-223.75283836066626,0.0,4108,2630.752838360666
Data,8146,-0.0,0.0,466.97716630083414,0.0,2407.0,379.06,0.0,35.2,0,-921.7628336991661,0.0,4210,3328.7628336991656
Data,8147,-0.0,0.0,261.65874466575184,0.0,2407.0,269.48,0.0,38.4,0,-1166.4612553342486,0.0,4143,3573.461255334248
Data,8148,-0.0,0.0,219.83877268436476,0.0,2407.0,248.24,0.0,35.2,0,-1127.7212273156356,0.0,4038,3534.721227315635
Data,8149,-0.0,0.0,1001.3844399293953,0.0,2407.0,235.94,0.0,38.4,0,-78.2755600706046,0.0,3761,2485.2755600706046
Data,8150,-0.0,0.0,430.4278853142233,0.0,2407.0,289.61,0.0,38.4,0,-629.5621146857765,0.0,3795,3036.5621146857766
Data,8151,-0.0,0.0,592.9645629466498,0.0,2407.0,319.8,0.0,35.2,0,-418.03543705335017,0.0,3773,2825.03543705335
Data,8152,-0.0,0.0,648.1226975671443,0.0,2407.0,431.62,0.0,38.4,0,-226.85730243285568,0.0,3752,2633.8573024328557
Data,8153,-0.0,0.0,570.7715131397342,0.0,2407.0,497.59,0.0,38.4,0,-400.2384868602656,0.0,3914,2807.2384868602658
Data,8154,-0.0,0.0,700.7144710040342,0.0,2407.0,583.69,0.0,186.2,0,-228.39552899596595,0.0,4106,2635.395528995966
Data,8155,-0.0,0.0,938.5910949650341,0.0,2407.0,636.25,0.0,189.4,0,-1.7589050349657782,0.0,4173,2408.7589050349657
Data,8156,0.0,0.0,1371.4285501118343,0.0,1855.0914498881657,663.08,0.0,189.4,0,1.1368683772161603e-13,0.0,4079,1855.0914498881657
Data,8157,0.0,0.0,1405.0090167609342,0.0,1763.6309832390662,588.16,0.0,186.2,0,0,0.0,3943,1763.630983239066
Data,8158,0.0,0.0,1586.167751459634,0.0,1707.0,456.22,0.0,189.4,0,185.7877514596338,0.0,3753,1521.2122485403659
Data,8159,0.0,0.0,1302.420731215634,0.0,1707.0,418.2,0.0,186.2,0,28.8207312156336,0.0,3585,1678.1792687843658
Data,8160,0.0,0.0,1249.4163007747343,0.0,1781.9936992252656,399.19,0.0,189.4,0,0,0.0,3620,1781.9936992252658
Data,8161,0.0,0.0,1100.170405882734,0.0,2407.0,363.41,0.0,186.2,0,514.7804058827263,0.0,3542,1892.2195941172658
Data,8162,0.0,0.0,1176.1993055755343,0.0,2080.850694424466,377.95,0.0,32.0,0,0,0.0,3667,2080.850694424466
Data,8163,0.0,0.0,1159.744368432834,0.0,2243.9314676845274,377.95,0.0,35.2,0,25.825836117361177,0.0,3791,2218.105631567166
Data,8164,0.0,0.0,1159.2664616093339,0.0,2303.3035383906663,401.43,0.0,32.0,0,0,0.0,3896,2303.3035383906663
Data,8165,0.0,0.0,1120.1257312317343,0.0,2407.0,392.48,0.0,35.2,0,-20.194268768265943,0.0,3975,2427.194268768266
Data,8166,0.0,0.0,974.7406057771342,0.0,2407.0,466.28,0.0,32.0,0,-124.97939422286606,0.0,4005,2531.9793942228657
Data,8167,0.0,0.0,835.431458529834,0.0,2407.0,483.05,0.0,35.2,0,-253.318541470166,0.0,4014,2660.318541470166
Data,8168,-0.0,0.0,886.1884226373342,0.0,2407.0,515.48,0.0,35.2,0,-230.131577362666,0.0,4074,2637.1315773626657
Data,8169,-0.0,0.0,748.4603866044341,0.0,2407.0,415.96,0.0,32.0,0,-516.5796133955658,0.0,4120,2923.579613395566
Data,8170,-0.0,0.0,1376.818127980734,0.0,2407.0,290.73,0.0,32.0,0,-138.4518720192658,0.0,4245,2545.451872019266
Data,8171,-0.0,0.0,1504.106546545434,0.0,2284.323453454566,238.17,0.0,38.4,0,0,0.0,4065,2284.323453454566
Data,8172,-0.0,0.0,1470.3822546746342,0.0,2264.257745325366,219.16,0.0,35.2,0,0,0.0,3989,2264.2577453253657
Data,8173,-0.0,0.0,1419.456021077834,0.0,2124.633978922166,203.51,0.0,38.4,0,0,0.0,3786,2124.633978922166
Data,8174,-0.0,0.0,1263.866988728334,0.0,2300.2330112716663,233.7,0.0,35.2,0,0,0.0,3833,2300.233011271666
Data,8175,-0.0,0.0,1194.0460152474343,0.0,2229.9939847525657,317.56,0.0,38.4,0,0,0.0,3780,2229.9939847525657
Data,8176,-0.0,0.0,896.3149122335341,0.0,2383.185087766466,381.3,0.0,35.2,0,0,0.0,3696,2383.185087766466
Data,8177,-0.0,0.0,914.8019053559341,0.0,1817.4480946440658,495.35,0.0,540.4,0,0,0.0,3768,1817.4480946440658
Data,8178,-0.0,0.0,638.6004654457341,0.0,2181.1495345542658,606.05,0.0,537.2,0,0,0.0,3963,2181.1495345542658
Data,8179,-0.0,0.0,670.3916005864342,0.0,2336.6850994135657,715.64,0.0,356.2833,0,0,0.0,4079,2336.6850994135657
Data,8180,0.0,0.0,772.4151871044342,0.0,2010.8048128955656,675.38,0.0,540.4,0,0,0.0,3999,2010.8048128955659
Data,8181,0.0,0.0,1026.3201904683342,0.0,1729.689809531666,546.79,0.0,537.2,0,0,0.0,3840,1729.6898095316658
Data,8182,0.0,0.0,1309.877034607534,0.0,1707.0,431.62,0.0,540.4,0,314.897034607534,0.0,3674,1392.102965392466
Data,8183,0.0,0.0,1579.5292434398343,0.0,1707.0,369.0,0.0,537.2,0,703.729243439834,0.0,3489,1003.2707565601656
Data,8184,0.0,0.0,1854.063566054734,0.0,1707.0,364.53,0.0,540.4,0,873.9935660547345,0.0,3592,833.0064339452659
Data,8185,0.0,0.0,1822.241316614734,0.0,1707.0,348.87,0.0,537.2,0,842.3113166147338,0.0,3573,864.688683385266
Data,8186,0.0,0.0,2352.163851244134,0.0,1707.0,363.41,0.0,534.0,0,1285.573851244134,0.0,3671,421.4261487558659
Data,8187,0.0,0.0,2454.7653323212344,0.0,1707.0,394.72,0.0,537.2,0,1279.6853323212345,0.0,3814,427.31466767876555
Data,8188,0.0,0.0,2488.3032002393447,0.0,1707.0,414.85,0.0,537.2,0,1218.3532002393447,0.0,3929,488.6467997606552
Data,8189,0.0,0.0,2089.8856448368388,0.0,1707.0,423.79,0.0,534.0,0,735.675644836839,0.0,4019,971.3243551631613
Data,8190,0.0,0.0,1886.602943611251,0.0,1707.0,441.68,0.0,186.2,0,192.48294361125068,0.0,4029,1514.517056388749
Data,8191,0.0,0.0,1909.5436751048424,0.0,1707.0,468.52,0.0,32.0,0,103.06367510484225,0.0,4014,1603.9363248951577
Data,8192,-0.0,0.0,1936.5522163965704,0.0,1707.0,419.32,0.0,35.2,0,154.07221639657035,0.0,3944,1552.9277836034296
Data,8193,-0.0,0.0,1700.0202029332252,0.0,2045.6997970667753,343.28,0.0,32.0,0,0,0.0,4121,2045.6997970667749
Data,8194,-0.0,0.0,1450.8082178984127,0.0,2407.0,281.78,0.0,35.2,0,-157.21178210158777,0.0,4332,2564.2117821015872
Data,8195,-0.0,0.0,656.3009108505588,0.0,2407.0,242.65,0.0,38.4,0,-1028.6490891494414,0.0,4373,3435.6490891494414
Data,8196,-0.0,0.0,664.9336695041994,0.0,2407.0,230.35,0.0,38.4,0,-901.316330495801,0.0,4242,3308.3163304958007
Data,8197,-0.0,0.0,693.1255509972342,0.0,2407.0,249.35,0.0,41.6,0,-629.924449002766,0.0,4021,3036.924449002766
Data,8198,-0.0,0.0,640.2087332554341,0.0,2407.0,271.72,0.0,38.4,0,-794.671266744566,0.0,4152,3201.671266744566
Data,8199,-0.0,0.0,1427.2717727193344,0.0,2279.9782272806656,304.15,0.0,41.6,0,0,0.0,4053,2279.9782272806656
Data,8200,-0.0,0.0,854.2939235558341,0.0,2407.0,391.36,0.0,41.6,0,-339.74607644416585,0.0,4034,2746.7460764441657
Data,8201,-0.0,0.0,792.7482970658341,0.0,2407.0,530.02,0.0,38.4,0,-317.83170293416583,0.0,4086,2724.831702934166
Data,8202,-0.0,0.0,1040.297982331634,0.0,2407.0,604.94,0.0,38.4,0,-76.3620176683661,0.0,4167,2483.3620176683658
Data,8203,0.0,0.0,1327.9183741867341,0.0,2024.591625813266,632.89,0.0,192.6,0,0,0.0,4178,2024.5916258132659
Data,8204,0.0,0.0,927.6599745629342,0.0,2407.0,583.69,0.0,192.6,0,21.94997456293413,0.0,4089,2385.050025437066
Data,8205,0.0,0.0,844.6787434535341,0.0,2034.151256546466,508.77,0.0,540.4,0,0,0.0,3928,2034.151256546466
Data,8206,0.0,0.0,782.0668691373342,0.0,1985.7031308626658,450.63,0.0,543.6,0,0,0.0,3762,1985.7031308626658
Data,8207,0.0,0.0,609.3498632982341,0.0,2086.0101367017605,371.24,0.0,540.4,0,-5.229594535194337e-12,0.0,3607,2086.010136701766
Data,8208,0.0,0.0,598.4036576705341,0.0,2407.0,362.29,0.0,543.6,0,213.293657670534,0.0,3698,2193.7063423294658
Data,8209,0.0,0.0,579.4288501194342,0.0,2174.3111498805706,379.06,0.0,537.2,0,4.433786671143025e-12,0.0,3670,2174.3111498805656
Data,8210,0.0,0.0,669.3210904279342,0.0,2228.1142109966127,385.77,0.0,540.4,0,23.60530142454695,0.0,3800,2204.508909572066
Data,8211,0.0,0.0,823.2313520161341,0.0,2407.0,399.19,0.0,537.2,0,229.62135201613398,0.0,3937,2177.378647983866
Data,8212,0.0,0.0,747.6509328494341,0.0,2407.0,433.85,0.0,540.4,0,51.90093284943407,0.0,4077,2355.099067150566
Data,8213,0.0,0.0,775.8352782743342,0.0,2407.0,474.11,0.0,537.2,0,3.145278274334146,0.0,4191,2403.8547217256655
Data,8214,0.0,0.0,924.6738195158341,0.0,2407.0,484.17,0.0,189.4,0,-179.75618048416575,0.0,4185,2586.7561804841657
Data,8215,0.0,0.0,1057.4067714417554,0.0,2407.0,549.03,0.0,186.2,0,36.636771441754945,0.0,4163,2370.363228558245
Data,8216,-0.0,0.0,1168.822591278749,0.0,2407.0,547.91,0.0,186.2,0,308.93259127874876,0.0,4001,2098.067408721251
Data,8217,-0.0,0.0,1024.6525362596315,0.0,2407.0,452.86,0.0,38.4,0,-156.0874637403684,0.0,4079,2563.0874637403685
Data,8218,-0.0,0.0,1103.4312108146694,0.0,2407.0,375.71,0.0,35.2,0,-250.65878918533303,0.0,4172,2657.6587891853305
Data,8219,-0.0,0.0,969.3981620676091,0.0,2407.0,352.23,0.0,41.6,0,-384.7718379323905,0.0,4155,2791.771837932391
Data,8220,-0.0,0.0,1232.632951020442,0.0,2407.0,333.22,0.0,38.4,0,-48.7470489795581,0.0,4060,2455.747048979558
Data,8221,-0.0,0.0,963.01900754874,0.0,2407.0,328.75,0.0,41.6,0,-123.6309924512601,0.0,3864,2530.63099245126
Data,8222,-0.0,0.0,870.4253083676128,0.0,2407.0,336.57,0.0,38.4,0,-317.60469163238696,0.0,3970,2724.604691632387
Data,8223,-0.0,0.0,751.5005819345164,0.0,2407.0,343.28,0.0,41.6,0,-452.6194180654835,0.0,3996,2859.619418065484
Data,8224,-0.0,0.0,770.4711882268061,0.0,2407.0,385.77,0.0,38.4,0,-406.35881177319374,0.0,4008,2813.358811773194
Data,8225,-0.0,0.0,724.8113138581288,0.0,2407.0,532.25,0.0,38.4,0,-440.53868614187166,0.0,4143,2847.538686141871
Data,8226,-0.0,0.0,903.4313335358166,0.0,2407.0,619.47,0.0,41.6,0,-297.4986664641816,0.0,4269,2704.4986664641833
Data,8227,-0.0,0.0,1755.8344178215343,0.0,1799.845582178466,689.92,0.0,38.4,0,0,0.0,4284,1799.8455821784657
Data,8228,0.0,0.0,1581.0351201822446,0.0,1848.864879817755,676.5,0.0,41.6,0,0,0.0,4148,1848.8648798177555
Data,8229,0.0,0.0,1987.6352805438814,0.0,1707.0,638.48,0.0,38.4,0,352.51528054388154,0.0,4019,1354.4847194561185
Data,8230,0.0,0.0,2057.768780481294,0.0,1707.0,516.6,0.0,38.4,0,451.768780481294,0.0,3868,1255.231219518706
Data,8231,0.0,0.0,1973.563179455839,0.0,1707.0,426.03,0.0,41.6,0,414.193179455839,0.0,3734,1292.8068205441612
Data,8232,0.0,0.0,1905.5134779892128,0.0,1707.0,413.73,0.0,38.4,0,267.6434779892129,0.0,3797,1439.356522010787
Data,8233,0.0,0.0,1933.6754444624153,0.0,1707.0,428.26,0.0,38.4,0,439.33544446241507,0.0,3668,1267.6645555375846
Data,8234,0.0,0.0,2117.001697931139,0.0,1707.0,443.92,0.0,35.2,0,532.1216979311389,0.0,3771,1174.8783020688609
Data,8235,0.0,0.0,2295.5520406020087,0.0,1707.0,443.92,0.0,35.2,0,576.6720406020086,0.0,3905,1130.3279593979912
Data,8236,0.0,0.0,2338.92001003961,0.0,1707.0,468.52,0.0,38.4,0,538.8400100396103,0.0,4014,1168.1599899603898
Data,8237,0.0,0.0,2334.9792365427,0.0,1707.0,475.23,0.0,35.2,0,417.4092365427,0.0,4135,1289.5907634572998
Data,8238,0.0,0.0,2200.908553270811,0.0,1707.0,493.12,0.0,35.2,0,316.2285532708106,0.0,4120,1390.7714467291892
Data,8239,0.0,0.0,2422.563968969738,0.0,1707.0,600.46,0.0,38.4,0,596.4239689697375,0.0,4172,1110.5760310302617
Data,8240,-0.0,0.0,2321.9060527629,0.0,1707.0,609.41,0.0,35.2,0,457.51605276289956,0.0,4216,1249.4839472371002
Data,8241,-0.0,0.0,2392.1268880003,0.0,1707.0,522.19,0.0,35.2,0,235.5168880002998,0.0,4421,1471.4831119997
Data,8242,-0.0,0.0,2283.2700078042003,0.0,1842.7199921957995,461.81,0.0,35.2,0,0,0.0,4623,1842.7199921957997
Data,8243,-0.0,0.0,2342.9382735486997,0.0,1742.7917264512998,422.67,0.0,41.6,0,0,0.0,4550,1742.7917264513003
Data,8244,-0.0,0.0,2111.3270131153,0.0,1882.3229868847006,377.95,0.0,38.4,0,0,0.0,4410,1882.3229868847002
Data,8245,-0.0,0.0,1739.1109687212002,0.0,2030.7890312788004,356.7,0.0,38.4,0,0,0.0,4165,2030.7890312788
Data,8246,-0.0,0.0,1629.746579774,0.0,2221.0234202260003,376.83,0.0,38.4,0,0,0.0,4266,2221.023420226
Data,8247,-0.0,0.0,1458.1482338789,0.0,2364.1117661210997,408.14,0.0,41.6,0,0,0.0,4272,2364.1117661211
Data,8248,-0.0,0.0,874.7648508973,0.0,2407.0,465.16,0.0,38.4,0,-440.6751491027005,0.0,4226,2847.6751491027
Data,8249,-0.0,0.0,1191.8360483564,0.0,2359.7139516436,606.05,0.0,38.4,0,0,0.0,4196,2359.7139516436
Data,8250,-0.0,0.0,1567.3890247392999,0.0,1972.9709752606998,691.04,0.0,41.6,0,0,0.0,4273,1972.9709752607002
Data,8251,-0.0,0.0,1048.2164810186,0.0,2407.0,771.55,0.0,38.4,0,-69.83351898140018,0.0,4335,2476.8335189814
Data,8252,0.0,0.0,1349.5204209956,0.0,2123.2695790044004,707.81,0.0,38.4,0,0,0.0,4219,2123.2695790044
Data,8253,0.0,0.0,1301.3587822068,0.0,2068.8812177931995,637.36,0.0,38.4,0,0,0.0,4046,2068.8812177932
Data,8254,0.0,0.0,1260.8623820084001,0.0,2056.1976179916,580.34,0.0,41.6,0,0,0.0,3939,2056.1976179916
Data,8255,0.0,0.0,1729.2832262578002,0.0,1707.0,525.55,0.0,189.4,0,368.23322625779997,0.0,3783,1338.7667737421998
Data,8256,0.0,0.0,1604.1598525925,0.0,1707.0,509.89,0.0,189.4,0,112.44985259250006,0.0,3898,1594.5501474075
Data,8257,0.0,0.0,1534.8518320152,0.0,1707.0,494.24,0.0,186.2,0,168.2918320151996,0.0,3754,1538.7081679848
Data,8258,0.0,0.0,1455.1531797993,0.0,1747.2968202007003,476.35,0.0,186.2,0,0,0.0,3865,1747.2968202007
Data,8259,0.0,0.0,1565.0472230068,0.0,1732.6927769931997,452.86,0.0,189.4,0,0,0.0,3940,1732.6927769932
Data,8260,0.0,0.0,1074.6204053330998,0.0,2320.7795946669003,467.4,0.0,186.2,0,0,0.0,4049,2320.7795946669003
Data,8261,0.0,0.0,1530.07917021,0.0,1886.8508297900003,471.87,0.0,186.2,0,0,0.0,4075,1886.85082979
Data,8262,0.0,0.0,1423.8591722668,0.0,1944.4208277332002,468.52,0.0,186.2,0,0,0.0,4023,1944.4208277332
Data,8263,0.0,0.0,1387.2147959704998,0.0,1731.7352040295,507.65,0.0,189.4,0,0,0.0,3816,1731.7352040295002
Data,8264,-0.0,0.0,1128.4100899198,0.0,1896.5399100802003,537.85,0.0,35.2,0,0,0.0,3598,1896.5399100802001
Data,8265,-0.0,0.0,850.346823758,0.0,2245.703176242,451.75,0.0,35.2,0,0,0.0,3583,2245.703176242
Data,8266,-0.0,0.0,629.756735618256,0.0,2407.0,380.18,0.0,35.2,0,-152.86326438174433,0.0,3605,2559.863264381744
Data,8267,-0.0,0.0,512.2114680859,0.0,2407.0,362.29,0.0,41.6,0,-211.8985319141001,0.0,3535,2618.8985319140997
Data,8268,-0.0,0.0,508.7221564934,0.0,2407.0,366.76,0.0,38.4,0,-114.11784350660014,0.0,3435,2521.1178435066
Data,8269,-0.0,0.0,539.3040632972,0.0,2321.0559367028,371.24,0.0,38.4,0,0,0.0,3270,2321.0559367028
Data,8270,-0.0,0.0,565.2182692190413,0.0,2215.6717307809586,375.71,0.0,38.4,0,0,0.0,3195,2215.6717307809586
Data,8271,-0.0,0.0,545.3301581035992,0.0,2267.0287777630483,379.06,0.0,41.6,0,92.01893586664744,0.0,3141,2175.0098418964008
Data,8272,-0.0,0.0,513.5744178921633,0.0,2255.885582107837,408.14,0.0,38.4,0,0,0.0,3216,2255.885582107837
Data,8273,-0.0,0.0,488.50216439791416,0.0,2407.0,474.11,0.0,540.4,0,501.0121643979144,0.0,3409,1905.9878356020859
Data,8274,-0.0,0.0,430.2484675594395,0.0,2407.0,616.12,0.0,543.6,0,274.9684675594392,0.0,3722,2132.0315324405606
Data,8275,-0.0,0.0,284.8366451798487,0.0,2407.0,715.64,0.0,189.4,0,-294.12335482015135,0.0,3891,2701.1233548201512
Data,8276,0.0,0.0,202.6972643403382,0.0,2407.0,661.96,0.0,190.3061,0,-394.036635659662,0.0,3856,2801.036635659662
Data,8277,0.0,0.0,155.6942991149669,0.0,2407.0,566.92,0.0,484.1494,0,-94.23630088503279,0.0,3708,2501.236300885033
Data,8278,0.0,0.0,150.91075846236987,0.0,2407.0,505.42,0.0,540.4,0,7.7307584623700265,0.0,3596,2399.26924153763
Data,8279,0.0,0.0,112.53258452719147,0.0,2407.0,468.52,0.0,543.6,0,29.65258452719137,0.0,3502,2377.3474154728087
Data,8280,0.0,0.0,159.2933032738792,0.0,2407.0,460.69,0.0,540.4,0,16.383303273879342,0.0,3551,2390.6166967261206
Data,8281,0.0,0.0,141.5796198120712,0.0,2407.0,457.34,0.0,537.2,0,43.119619812071164,0.0,3500,2363.880380187929
Data,8282,0.0,0.0,111.16922481614594,0.0,2407.0,493.12,0.0,537.2,0,-130.51077518385435,0.0,3679,2537.510775183854
Data,8283,0.0,0.0,91.93933661216293,0.0,2407.0,511.01,0.0,537.2,0,-241.85066338783702,0.0,3789,2648.850663387837
Data,8284,0.0,0.0,107.4515889693,0.0,2407.0,534.49,0.0,537.2,0,-354.8584110307004,0.0,3941,2761.8584110307
Data,8285,0.0,0.0,150.7004178994,0.0,2407.0,541.2,0.0,537.2,0,-339.89958210060036,0.0,3976,2746.8995821006
Data,8286,0.0,0.0,214.22964732393774,0.0,2407.0,545.67,0.0,537.2,0,-177.90035267606237,0.0,3882,2584.900352676062
Data,8287,0.0,0.0,220.3290591139712,0.0,2407.0,536.73,0.0,186.2,0,-371.74094088602897,0.0,3722,2778.740940886029
Data,8288,-0.0,0.0,181.88457721185443,0.0,2407.0,521.07,0.0,35.2,0,-356.8454227881456,0.0,3502,2763.8454227881457
Data,8289,-0.0,0.0,323.63862282858406,0.0,2407.0,400.31,0.0,35.2,0,-297.8513771714162,0.0,3464,2704.851377171416
Data,8290,-0.0,0.0,373.1737495041089,0.0,2407.0,351.11,0.0,35.2,0,-343.51625049589114,0.0,3510,2750.516250495891
Data,8291,-0.0,0.0,146.1845605014207,0.0,2407.0,342.16,0.0,38.4,0,-551.2554394985794,0.0,3485,2958.255439498579
Data,8292,-0.0,0.0,71.05105711568422,0.0,2407.0,349.99,0.0,38.4,0,-628.5589428843155,0.0,3495,3035.558942884316
Data,8293,-0.0,0.0,289.03873972939004,0.0,2407.0,343.28,0.0,38.4,0,-357.28126027060966,0.0,3435,2764.28126027061
Data,8294,-0.0,0.0,435.39668308859996,0.0,2407.0,351.11,0.0,38.4,0,-146.09331691139982,0.0,3378,2553.0933169114
Data,8295,-0.0,0.0,400.46878209249996,0.0,2407.0,383.54,0.0,38.4,0,-58.59121790749998,0.0,3288,2465.5912179075
Data,8296,-0.0,0.0,611.3779588017,0.0,2307.7120411983,400.31,0.0,41.6,0,0,0.0,3361,2307.7120411983
Data,8297,-0.0,0.0,1598.9502064242,0.0,1707.0,455.1,0.0,38.4,0,413.4502064241999,0.0,3386,1293.5497935758
Data,8298,-0.0,0.0,1877.2015202461002,0.0,1707.0,623.95,0.0,38.4,0,567.5515202461006,0.0,3679,1139.4484797538996
Data,8299,-0.0,0.0,1609.7596153002,0.0,1707.0,714.52,0.0,38.4,0,233.6796153002001,0.0,3836,1473.3203846998
Data,8300,0.0,0.0,1687.0732904026,0.0,1707.0,663.08,0.0,38.4,0,306.55329040259994,0.0,3789,1400.4467095974
Data,8301,0.0,0.0,1394.2936281403001,0.0,1707.0,608.29,0.0,38.4,0,71.9836281403002,0.0,3676,1635.0163718596998
Data,8302,0.0,0.0,1850.5955145700366,0.0,1707.0,553.5,0.0,38.4,0,569.4955145700368,0.0,3580,1137.5044854299633
Data,8303,0.0,0.0,1538.7011707244144,0.0,1707.0,523.31,0.0,38.4,0,383.4111707244145,0.0,3424,1323.5888292755856
Data,8304,0.0,0.0,1817.1661244133,0.0,1707.0,506.54,0.0,38.4,0,609.1061244133,0.0,3460,1097.8938755867
Data,8305,0.0,0.0,1658.3637581004002,0.0,1707.0,480.82,0.0,35.2,0,516.3837581004002,0.0,3365,1190.6162418995998
Data,8306,0.0,0.0,2030.3651696329,0.0,1707.0,485.29,0.0,35.2,0,820.8551696328998,0.0,3437,886.1448303671
Data,8307,0.0,0.0,1445.914527083421,0.0,1707.0,521.07,0.0,35.2,0,138.184527083421,0.0,3571,1568.815472916579
Data,8308,0.0,0.0,1583.6211158312763,0.0,1707.0,551.26,0.0,35.2,0,230.0811158312764,0.0,3647,1476.9188841687237
Data,8309,0.0,0.0,1308.7329830199012,0.0,1814.7870169800992,589.28,0.0,35.2,0,0,0.0,3748,1814.7870169800988
Data,8310,0.0,0.0,1390.7359904351024,0.0,1708.884009564898,626.18,0.0,35.2,0,0,0.0,3761,1708.8840095648977
Data,8311,0.0,0.0,1131.720887349144,0.0,2017.889112650856,645.19,0.0,35.2,0,0,0.0,3830,2017.8891126508559
Data,8312,-0.0,0.0,1229.359440530855,0.0,1894.1105594691453,684.33,0.0,35.2,0,0,0.0,3843,1894.110559469145
Data,8313,-0.0,0.0,1501.478403420505,0.0,1975.5815965794955,555.74,0.0,35.2,0,0,0.0,4068,1975.581596579495
Data,8314,-0.0,0.0,1197.4000073553173,0.0,2407.0,498.71,0.0,35.2,0,-157.68999264468286,0.0,4296,2564.6899926446827
Data,8315,-0.0,0.0,887.7274763771852,0.0,2407.0,497.59,0.0,38.4,0,-499.28252362281506,0.0,4330,2906.282523622815
Data,8316,-0.0,0.0,703.5689432920423,0.0,2407.0,464.05,0.0,35.2,0,-683.1810567079577,0.0,4293,3090.181056707958
Data,8317,-0.0,0.0,827.2655332031965,0.0,2407.0,465.16,0.0,38.4,0,-374.1744667968036,0.0,4112,2781.1744667968037
Data,8318,-0.0,0.0,1350.9983958258695,0.0,2384.021604174131,478.58,0.0,38.4,0,0,0.0,4252,2384.0216041741305
Data,8319,-0.0,0.0,848.5389055785477,0.0,2407.0,513.25,0.0,38.4,0,-401.8110944214527,0.0,4209,2808.8110944214523
Data,8320,-0.0,0.0,1253.9036110320271,0.0,2261.5463889679727,569.15,0.0,38.4,0,0,0.0,4123,2261.5463889679727
Data,8321,-0.0,0.0,1034.5717031598067,0.0,2394.9982968401937,672.03,0.0,38.4,0,0,0.0,4140,2394.9982968401932
Data,8322,-0.0,0.0,1091.6443313124578,0.0,2228.4056686875424,790.55,0.0,38.4,0,0,0.0,4149,2228.4056686875424
Data,8323,-0.0,0.0,1218.1665480187796,0.0,2095.0434519812206,817.39,0.0,38.4,0,0,0.0,4169,2095.04345198122
Data,8324,-0.0,0.0,474.90700789494696,0.0,2407.0,850.94,0.0,38.4,0,-285.7529921050529,0.0,4057,2692.752992105053
Data,8325,-0.0,0.0,531.828081536166,0.0,2407.0,841.99,0.0,38.4,0,-56.78191846383363,0.0,3876,2463.781918463834
Data,8326,0.0,0.0,1276.4474356495068,0.0,1707.0,762.6,0.0,38.4,0,89.44743564950693,0.0,3695,1617.5525643504932
Data,8327,0.0,0.0,1196.9118521251748,0.0,1637.7781478748252,720.11,0.0,35.2,0,0,0.0,3590,1637.7781478748252
Data,8328,0.0,0.0,707.156059940379,0.0,2160.273940059621,730.17,0.0,38.4,0,0,0.0,3636,2160.273940059621
Data,8329,0.0,0.0,430.5490759843048,0.0,2407.0,717.87,0.0,35.2,0,-6.380924015695477,0.0,3597,2413.380924015695
Data,8330,0.0,0.0,476.6172262061117,0.0,2407.0,731.29,0.0,35.2,0,-71.89277379388852,0.0,3722,2478.8927737938884
Data,8331,0.0,0.0,827.2508747786851,0.0,2243.779125221315,754.77,0.0,35.2,0,0,0.0,3861,2243.779125221315
Data,8332,0.0,0.0,951.7389487526185,0.0,2186.2110512473787,802.85,0.0,35.2,0,-2.8812950544578587e-12,0.0,3976,2186.2110512473814
Data,8333,0.0,0.0,1779.648932182787,0.0,2407.0,820.75,0.0,35.2,0,983.5989321827867,0.0,4059,1423.401067817213
Data,8334,0.0,0.0,1311.5771727783422,0.0,2407.0,862.12,0.0,32.0,0,589.6971727783421,0.0,4023,1817.302827221658
Data,8335,0.0,0.0,1189.447163031046,0.0,2005.5898840152822,828.57,0.0,35.2,0,51.80704704632847,0.0,4007,1953.782836968954
Data,8336,-0.0,0.0,1061.2635630528118,0.0,2407.0,781.61,0.0,35.2,0,384.0735630528117,0.0,3901,2022.9264369471882
Data,8337,-0.0,0.0,455.37986872321017,0.0,2407.0,735.76,0.0,35.2,0,-315.6601312767898,0.0,3949,2722.66013127679
Data,8338,-0.0,0.0,111.20064319882906,0.0,2407.0,630.65,0.0,38.4,0,-854.7493568011707,0.0,4042,3261.749356801171
Data,8339,-0.0,0.0,85.02435007504674,0.0,2407.0,615.0,0.0,38.4,0,-894.5756499249532,0.0,4040,3301.5756499249533
Data,8340,-0.0,0.0,288.82727767812605,0.0,2407.0,618.35,0.0,38.4,0,-613.4227223218741,0.0,3966,3020.422722321874
Data,8341,-0.0,0.0,231.94363383002457,0.0,2407.0,564.68,0.0,38.4,0,-513.9763661699756,0.0,3756,2920.9763661699753
Data,8342,-0.0,0.0,608.2661462248619,0.0,2407.0,609.41,0.0,35.2,0,-186.1238537751384,0.0,3846,2593.1238537751383
Data,8343,-0.0,0.0,947.7544586297804,0.0,2321.360269171583,635.13,0.0,38.4,0,208.64472780136347,0.0,3734,2112.7155413702194
Data,8344,-0.0,0.0,515.3945170629933,0.0,2407.0,667.55,0.0,38.4,0,-62.65548293700689,0.0,3691,2469.6554829370066
Data,8345,-0.0,0.0,904.9904487230342,0.0,1707.0,767.07,0.0,540.4,0,128.46044872303446,0.0,3791,1578.5395512769658
Data,8346,-0.0,0.0,441.22687246263416,0.0,2161.3731275373657,861.0,0.0,540.4,0,0,0.0,4004,2161.3731275373657
Data,8347,-0.0,0.0,178.38620206883414,0.0,2407.0,837.52,0.0,540.4,0,-183.6937979311658,0.0,4147,2590.693797931166
Data,8348,-0.0,0.0,209.87988082243413,0.0,2407.0,856.53,0.0,540.4,0,-40.19011917756558,0.0,4054,2447.190119177566
Data,8349,-0.0,0.0,251.58923956063416,0.0,2313.8607604393655,796.15,0.0,540.4,0,0,0.0,3902,2313.860760439366
Data,8350,0.0,0.0,394.84830069763416,0.0,2062.0116993023657,727.94,0.0,537.2,0,0,0.0,3722,2062.0116993023657
Data,8351,0.0,0.0,365.01660318944437,0.0,1993.3833968105553,664.2,0.0,540.4,0,0,0.0,3563,1993.3833968105555
Data,8352,0.0,0.0,350.42496680464365,0.0,2062.4450331953562,659.73,0.0,540.4,0,0,0.0,3613,2062.4450331953562
Data,8353,0.0,0.0,532.935535116013,0.0,1889.154464883987,670.91,0.0,534.0,0,0,0.0,3627,1889.154464883987
Data,8354,0.0,0.0,675.6795686156443,0.0,1836.5104313843558,707.81,0.0,534.0,0,0,0.0,3754,1836.5104313843558
Data,8355,0.0,0.0,910.6645842650422,0.0,1707.0,759.25,0.0,534.0,0,65.91458426504221,0.0,3845,1641.0854157349577
Data,8356,0.0,0.0,949.1848627033343,0.0,1770.9426948485698,770.43,0.0,534.0,0,54.55755755190383,0.0,3970,1716.3851372966658
Data,8357,0.0,0.0,870.3233461628341,0.0,1866.766653837166,793.91,0.0,534.0,0,0,0.0,4065,1866.766653837166
Data,8358,0.0,0.0,883.5281111367817,0.0,1925.358534926315,795.03,0.0,534.0,0,73.91664606309664,0.0,4064,1851.4418888632183
Data,8359,0.0,0.0,949.4121340853854,0.0,2407.0,801.74,0.0,530.8,0,717.9521340853854,0.0,3971,1689.0478659146147
Data,8360,-0.0,0.0,939.4425807991178,0.0,2407.0,665.32,0.0,35.2,0,176.96258079911775,0.0,3870,2230.037419200882
Data,8361,-0.0,0.0,944.4004044370737,0.0,2407.0,572.51,0.0,35.2,0,43.1104044370737,0.0,3916,2363.8895955629264
Data,8362,-0.0,0.0,946.0522323093718,0.0,2407.0,536.73,0.0,35.2,0,-83.01776769062839,0.0,4008,2490.0177676906283
Data,8363,-0.0,0.0,959.6004891772794,0.0,2407.0,519.95,0.0,38.4,0,-33.049510822720194,0.0,3958,2440.0495108227205
Data,8364,-0.0,0.0,425.88768534598296,0.0,2407.0,508.77,0.0,38.4,0,-537.9423146540171,0.0,3918,2944.942314654017
Data,8365,-0.0,0.0,479.48777204598895,0.0,2407.0,459.57,0.0,38.4,0,-308.5422279540108,0.0,3693,2715.542227954011
Data,8366,-0.0,0.0,963.7791104413627,0.0,2255.3808895586376,469.64,0.0,35.2,0,0,0.0,3724,2255.380889558637
Data,8367,-0.0,0.0,1385.7480696618463,0.0,1718.7319303381537,493.12,0.0,38.4,0,0,0.0,3636,1718.7319303381537
Data,8368,-0.0,0.0,1149.4674387663001,0.0,1931.2825612336999,556.85,0.0,38.4,0,0,0.0,3676,1931.2825612336999
Data,8369,-0.0,0.0,1340.1350900597001,0.0,1707.0,707.81,0.0,35.2,0,4.145090059699896,0.0,3786,1702.8549099402999
Data,8370,-0.0,0.0,1315.9020803383419,0.0,1744.007919661658,829.69,0.0,38.4,0,0,0.0,3928,1744.007919661658
Data,8371,-0.0,0.0,1333.6130246244063,0.0,1852.2569753755936,856.53,0.0,41.6,0,0,0.0,4084,1852.2569753755938
Data,8372,0.0,0.0,1105.361918548536,0.0,1971.788081451464,857.65,0.0,51.2,0,0,0.0,3986,1971.788081451464
Data,8373,0.0,0.0,1057.5593142867342,0.0,1916.8606857132659,798.38,0.0,51.2,0,0,0.0,3824,1916.8606857132659
Data,8374,0.0,0.0,940.0157236808027,0.0,1993.5442763191973,666.44,0.0,48.0,0,0,0.0,3648,1993.5442763191973
Data,8375,0.0,0.0,878.9804260410485,0.0,1974.1395739589518,564.68,0.0,51.2,0,0,0.0,3469,1974.1395739589516
Data,8376,0.0,0.0,950.7374335828597,0.0,1984.8925664171404,533.37,0.0,48.0,0,0,0.0,3517,1984.8925664171402
Data,8377,0.0,0.0,956.0035050713394,0.0,1917.0164949286604,552.38,0.0,41.6,0,0,0.0,3467,1917.0164949286607
Data,8378,0.0,0.0,926.8868469511465,0.0,2069.1131530488537,565.8,0.0,35.2,0,0,0.0,3597,2069.1131530488537
Data,8379,0.0,0.0,960.4572038867925,0.0,2128.9627961132073,576.98,0.0,41.6,0,0,0.0,3708,2128.9627961132073
Data,8380,0.0,0.0,1021.4166163983163,0.0,2066.5833836016836,688.8,0.0,35.2,0,0,0.0,3812,2066.5833836016836
Data,8381,0.0,0.0,1031.2257328507753,0.0,2094.3542671492246,726.82,0.0,41.6,0,0,0.0,3894,2094.3542671492246
Data,8382,0.0,0.0,1059.3418516309516,0.0,2165.7381483690483,640.72,0.0,35.2,0,0,0.0,3901,2165.7381483690483
Data,8383,-0.0,0.0,1124.752927721252,0.0,2260.932286992359,649.66,0.0,38.4,0,138.7452147136106,0.0,3935,2122.187072278748
Data,8384,-0.0,0.0,866.1691158007316,0.0,2394.070884199268,637.36,0.0,38.4,0,0,0.0,3936,2394.070884199268
Data,8385,-0.0,0.0,901.0032409426861,0.0,2407.0,604.94,0.0,41.6,0,-121.45675905731393,0.0,4076,2528.456759057314
Data,8386,-0.0,0.0,1327.8324146632158,0.0,2298.4375853367847,610.53,0.0,35.2,0,0,0.0,4272,2298.437585336784
Data,8387,-0.0,0.0,1341.0553965495133,0.0,2269.424603450487,616.12,0.0,38.4,0,0,0.0,4265,2269.4246034504868
Data,8388,-0.0,0.0,1425.7820724767546,0.0,2210.567927523245,606.05,0.0,41.6,0,0,0.0,4284,2210.5679275232455
Data,8389,-0.0,0.0,1474.3968336944724,0.0,2153.9431663055275,477.46,0.0,35.2,0,0,0.0,4141,2153.9431663055275
Data,8390,-0.0,0.0,1474.735863564196,0.0,2351.3341364358043,487.53,0.0,38.4,0,0,0.0,4352,2351.334136435804
Data,8391,-0.0,0.0,1375.630507587855,0.0,2345.999492412145,557.97,0.0,38.4,0,0,0.0,4318,2345.999492412145
Data,8392,-0.0,0.0,1490.7565393690766,0.0,2127.393460630924,581.45,0.0,38.4,0,0,0.0,4238,2127.3934606309235
Data,8393,-0.0,0.0,1406.255711202262,0.0,1974.6542887977378,706.69,0.0,38.4,0,0,0.0,4126,1974.6542887977378
Data,8394,-0.0,0.0,1716.1593961824863,0.0,1419.9906038175134,827.45,0.0,189.4,0,0,0.0,4153,1419.9906038175136
Data,8395,-0.0,0.0,1800.4482324212304,0.0,1441.6917675787695,846.46,0.0,189.4,0,0,0.0,4278,1441.6917675787695
Data,8396,0.0,0.0,1792.2022183622296,0.0,1707.0,871.06,0.0,189.4,0,424.6622183622296,0.0,4135,1282.3377816377704
Data,8397,0.0,0.0,1718.2872146062998,0.0,1537.8256407380832,777.14,0.0,186.2,0,247.45285534438267,0.0,3972,1290.3727853937003
Data,8398,0.0,0.0,1450.4482712194,0.0,1707.0,680.97,0.0,192.6,0,203.01827121939982,0.0,3828,1503.9817287806
Data,8399,0.0,0.0,1375.8346709017,0.0,1494.1153290982998,630.65,0.0,189.4,0,0,0.0,3690,1494.1153290983
Data,8400,0.0,0.0,1288.6892285348558,0.0,1631.450771465144,600.46,0.0,189.4,0,6.047440467896893e-14,0.0,3710,1631.450771465144
Data,8401,0.0,0.0,1083.945925798149,0.0,1777.5140742018511,580.34,0.0,202.2,0,0,0.0,3644,1777.5140742018511
Data,8402,0.0,0.0,1008.6274218217625,0.0,1861.1825781782375,645.19,0.0,199.0,0,0,0.0,3714,1861.1825781782375
Data,8403,0.0,0.0,1065.814281848677,0.0,1932.395718151323,669.79,0.0,199.0,0,0,0.0,3867,1932.395718151323
Data,8404,0.0,0.0,1202.9238574539984,0.0,1836.9461425460015,758.13,0.0,199.0,0,0,0.0,3997,1836.9461425460017
Data,8405,0.0,0.0,1247.595590210677,0.0,1895.0644097893232,777.14,0.0,202.2,0,0,0.0,4122,1895.064409789323
Data,8406,0.0,0.0,1265.1384695571455,0.0,1801.3015304428545,809.56,0.0,199.0,0,0,0.0,4075,1801.3015304428545
Data,8407,0.0,0.0,992.6682378939554,0.0,2103.9817621060447,741.35,0.0,199.0,0,0,0.0,4037,2103.9817621060447
Data,8408,-0.0,0.0,1023.1679715818555,0.0,2141.432028418145,664.2,0.0,51.2,0,0,0.0,3880,2141.4320284181445
Data,8409,-0.0,0.0,921.4634238515555,0.0,2341.0165761484445,591.52,0.0,48.0,0,0,0.0,3902,2341.0165761484445
Data,8410,-0.0,0.0,985.4178317939342,0.0,2407.0,477.46,0.0,48.0,0,-256.1221682060658,0.0,4174,2663.122168206066
Data,8411,-0.0,0.0,814.7388250189554,0.0,2407.0,468.52,0.0,48.0,0,-487.7411749810446,0.0,4226,2894.7411749810444
Data,8412,-0.0,0.0,1485.4058375987624,0.0,2200.834162401238,440.56,0.0,51.2,0,0,0.0,4178,2200.8341624012373
Data,8413,-0.0,0.0,1454.5067218350623,0.0,2065.873278164938,431.62,0.0,48.0,0,0,0.0,4000,2065.873278164938
Data,8414,-0.0,0.0,1609.857265080165,0.0,1897.0127349198353,462.93,0.0,51.2,0,0,0.0,4021,1897.0127349198349
Data,8415,-0.0,0.0,1664.9383904271672,0.0,1766.111609572833,500.95,0.0,48.0,0,0,0.0,3980,1766.1116095728328
Data,8416,-0.0,0.0,1982.399498885217,0.0,1301.8005011147827,565.8,0.0,48.0,0,0,0.0,3898,1301.800501114783
Data,8417,-0.0,0.0,2468.8082697193904,0.0,730.6717302806095,788.32,0.0,51.2,0,0,0.0,4039,730.6717302806095
Data,8418,-0.0,0.0,2447.016048224283,0.0,780.633951775717,864.35,0.0,48.0,0,0,0.0,4140,780.6339517757168
Data,8419,-0.0,0.0,2440.8755133875966,0.0,856.9744866124031,919.15,0.0,48.0,0,0,0.0,4265,856.9744866124034
Data,8420,0.0,0.0,2420.0418278615784,0.0,756.9981721384215,907.96,0.0,48.0,0,0,0.0,4133,756.9981721384215
Data,8421,0.0,0.0,2444.967915232592,0.0,668.5920847674079,789.44,0.0,48.0,0,0,0.0,3951,668.5920847674079
Data,8422,0.0,0.0,2282.1318307576603,0.0,741.0581692423395,707.81,0.0,48.0,0,0,0.0,3779,741.0581692423398
Data,8423,0.0,0.0,2091.1903349304353,0.0,770.3896650695647,628.42,0.0,199.0,0,0,0.0,3689,770.3896650695648
Data,8424,0.0,0.0,2109.223499973076,0.0,797.1265000269241,611.65,0.0,199.0,0,0,0.0,3717,797.1265000269242
Data,8425,0.0,0.0,1997.782968988375,0.0,903.507031011625,572.51,0.0,202.2,0,0,0.0,3676,903.507031011625
Data,8426,0.0,0.0,2382.139955249453,0.0,637.2400447505471,554.62,0.0,199.0,0,0,0.0,3773,637.2400447505469
Data,8427,0.0,0.0,1760.527811970103,0.0,1329.972188029897,553.5,0.0,199.0,0,0,0.0,3843,1329.972188029897
Data,8428,0.0,0.0,1858.144734542098,0.0,1329.7552654579022,578.1,0.0,199.0,0,0,0.0,3965,1329.7552654579022
Data,8429,0.0,0.0,1616.2538382402229,0.0,1563.6261617597772,616.12,0.0,199.0,0,0,0.0,3995,1563.626161759777
Data,8430,0.0,0.0,892.9063133727789,0.0,2172.4336866272215,649.66,0.0,199.0,0,0,0.0,3914,2172.433686627221
Data,8431,-0.0,0.0,1880.908860787886,0.0,1573.839268110956,644.07,0.0,51.2,0,407.01812889884195,0.0,3743,1166.821139212114
Data,8432,-0.0,0.0,1642.6899017430349,0.0,1315.260098256965,587.05,0.0,48.0,0,0,0.0,3593,1315.2600982569652
Data,8433,-0.0,0.0,1180.5129434657583,0.0,1825.0470565342416,543.44,0.0,48.0,0,0,0.0,3597,1825.0470565342416
Data,8434,-0.0,0.0,1227.675580646226,0.0,1983.4044193537738,517.72,0.0,51.2,0,0,0.0,3780,1983.4044193537738
Data,8435,-0.0,0.0,1089.469245999375,0.0,2310.600754000625,462.93,0.0,48.0,0,0,0.0,3911,2310.600754000625
Data,8436,-0.0,0.0,598.2345904359842,0.0,2407.0,442.8,0.0,48.0,0,-345.96540956401566,0.0,3842,2752.9654095640158
Data,8437,-0.0,0.0,977.12917916462,0.0,2127.68082083538,399.19,0.0,48.0,0,0,0.0,3552,2127.68082083538
Data,8438,-0.0,0.0,934.6718098067837,0.0,2109.638190193217,411.49,0.0,51.2,0,0,0.0,3507,2109.6381901932164
Data,8439,-0.0,0.0,1030.660231471583,0.0,1863.1897685284168,427.15,0.0,48.0,0,0,0.0,3369,1863.189768528417
Data,8440,-0.0,0.0,901.7711192956517,0.0,1913.5288807043485,479.7,0.0,48.0,0,0,0.0,3343,1913.5288807043482
Data,8441,-0.0,0.0,846.4324094431239,0.0,1694.817590556876,667.55,0.0,202.2,0,0,0.0,3411,1694.8175905568762
Data,8442,-0.0,0.0,991.108563332631,0.0,1387.3614366673694,733.53,0.0,550.0,0,0,0.0,3662,1387.3614366673692
Data,8443,-0.0,0.0,992.2855092518256,0.0,1559.744490748174,803.97,0.0,550.0,0,0,0.0,3906,1559.7444907481745
Data,8444,0.0,0.0,1401.5390127223222,0.0,1065.070987277678,817.39,0.0,550.0,0,0,0.0,3834,1065.070987277678
Data,8445,0.0,0.0,827.7734934780533,0.0,1655.106506521944,689.92,0.0,553.2,0,-2.728484105318785e-12,0.0,3726,1655.1065065219468
Data,8446,0.0,0.0,915.9258203245132,0.0,1528.8541796754866,579.22,0.0,550.0,0,0,0.0,3574,1528.8541796754866
Data,8447,0.0,0.0,1687.0351135998415,0.0,712.8248864001614,531.14,0.0,550.0,0,2.7284841053187847e-12,0.0,3481,712.8248864001586
Data,8448,0.0,0.0,1607.254450062877,0.0,930.6255499371231,493.12,0.0,550.0,0,0,0.0,3581,930.6255499371231
Data,8449,0.0,0.0,1540.978194830533,0.0,904.561805169467,477.46,0.0,550.0,0,0,0.0,3473,904.5618051694669
Data,8450,0.0,0.0,1490.3929337240866,0.0,1063.5770662759137,499.83,0.0,553.2,0,0,0.0,3607,1063.5770662759135
Data,8451,0.0,0.0,1572.7183207188073,0.0,1077.8016792811927,515.48,0.0,550.0,0,0,0.0,3716,1077.8016792811927
Data,8452,0.0,0.0,1191.2455723488374,0.0,1513.4144276511624,580.34,0.0,550.0,0,0,0.0,3835,1513.4144276511624
Data,8453,0.0,0.0,948.2903446851498,0.0,1782.8296553148502,613.88,0.0,550.0,0,0,0.0,3895,1782.8296553148502
Data,8454,0.0,0.0,1219.2624304999345,0.0,1437.8475695000657,632.89,0.0,550.0,0,0,0.0,3840,1437.8475695000657
Data,8455,-0.0,0.0,879.2311383486341,0.0,2069.128861651366,592.64,0.0,48.0,0,0,0.0,3589,2069.1288616513657
Data,8456,-0.0,0.0,684.6616421378343,0.0,2100.6983578621657,543.44,0.0,51.2,0,0,0.0,3380,2100.6983578621657
Data,8457,-0.0,0.0,910.4163473113342,0.0,1844.8236526886656,489.76,0.0,48.0,0,0,0.0,3293,1844.8236526886658
Data,8458,-0.0,0.0,968.3526988615341,0.0,1920.837301138466,461.81,0.0,48.0,0,0,0.0,3399,1920.8373011384658
Data,8459,-0.0,0.0,1170.536647111634,0.0,1742.7633528883662,430.5,0.0,51.2,0,0,0.0,3395,1742.763352888366
Data,8460,-0.0,0.0,1402.9955286614345,0.0,1477.8144713385655,399.19,0.0,48.0,0,0,0.0,3328,1477.8144713385655
Data,8461,-0.0,0.0,1452.656151631434,0.0,1344.283848368566,379.06,0.0,48.0,0,0,0.0,3224,1344.283848368566
Data,8462,-0.0,0.0,1723.6161214976341,0.0,866.8938785023662,411.49,0.0,48.0,0,0,0.0,3050,866.8938785023659
Data,8463,-0.0,0.0,1685.6008129404345,0.0,765.2391870595658,415.96,0.0,51.2,0,0,0.0,2918,765.2391870595656
Data,8464,-0.0,0.0,1604.3089923664343,0.0,748.0410076335658,488.65,0.0,48.0,0,0,0.0,2889,748.0410076335658
Data,8465,-0.0,0.0,1512.4267449084346,0.0,888.5232550915654,606.05,0.0,48.0,0,0,0.0,3055,888.5232550915655
Data,8466,-0.0,0.0,1649.3276790274344,0.0,956.9123209725652,735.76,0.0,48.0,0,0,0.0,3390,956.9123209725656
Data,8467,-0.0,0.0,1956.3969918350344,0.0,865.9430081649658,772.66,0.0,48.0,0,0,0.0,3643,865.9430081649656
Data,8468,0.0,0.0,2036.4737174304341,0.0,770.8662825695659,772.66,0.0,48.0,0,0,0.0,3628,770.8662825695659
Data,8469,0.0,0.0,2064.5241694483343,0.0,754.6058305516659,668.67,0.0,51.2,0,0,0.0,3539,754.6058305516657
Data,8470,0.0,0.0,1760.7760108336342,0.0,1053.2639891663657,538.96,0.0,48.0,0,0,0.0,3401,1053.2639891663657
Data,8471,0.0,0.0,1127.6725475529342,0.0,1562.667452447066,526.66,0.0,48.0,0,0,0.0,3265,1562.667452447066
Data,8472,0.0,0.0,1355.3174763326342,0.0,1445.9125236673658,508.77,0.0,48.0,0,0,0.0,3358,1445.9125236673658
Data,8473,0.0,0.0,1577.032096655334,0.0,1166.8379033446658,512.13,0.0,48.0,0,0,0.0,3304,1166.8379033446658
Data,8474,0.0,0.0,1252.451677246734,0.0,1584.2883227532661,551.26,0.0,48.0,0,4.547473508864641e-13,0.0,3436,1584.288322753266
Data,8475,0.0,0.0,1075.1233950353344,0.0,1821.436604964666,617.24,0.0,51.2,0,0,0.0,3565,1821.4366049646655
Data,8476,0.0,0.0,1686.0947187990341,0.0,1496.629429276586,654.14,0.0,48.0,0,224.86414807562014,0.0,3660,1271.765281200966
Data,8477,0.0,0.0,996.0604410593343,0.0,2062.379558940666,686.56,0.0,48.0,0,0,0.0,3793,2062.379558940666
Data,8478,0.0,0.0,1514.7780358676341,0.0,1707.0,701.1,0.0,48.0,0,168.87803586763414,0.0,3802,1538.121964132366
Data,8479,-0.0,0.0,1269.482069175434,0.0,1738.197930824566,665.32,0.0,48.0,0,0,0.0,3721,1738.197930824566
Data,8480,-0.0,0.0,653.3282919372342,0.0,2363.031708062766,592.64,0.0,48.0,0,0,0.0,3657,2363.0317080627656
Data,8481,-0.0,0.0,474.1988246846589,0.0,2407.0,504.3,0.0,48.0,0,-286.5011753153409,0.0,3720,2693.5011753153412
Data,8482,-0.0,0.0,893.0203189635743,0.0,2407.0,442.8,0.0,48.0,0,-48.17968103642559,0.0,3839,2455.179681036426
Data,8483,-0.0,0.0,1016.5499699922212,0.0,2338.780030007779,422.67,0.0,48.0,0,0,0.0,3826,2338.780030007779
Data,8484,-0.0,0.0,1270.121815559413,0.0,2047.2681844405868,412.61,0.0,48.0,0,0,0.0,3778,2047.268184440587
Data,8485,-0.0,0.0,1389.564886945636,0.0,1724.2451130543639,399.19,0.0,48.0,0,0,0.0,3561,1724.2451130543639
Data,8486,-0.0,0.0,989.1763939921628,0.0,2084.323606007837,430.5,0.0,48.0,0,0,0.0,3552,2084.323606007837
Data,8487,-0.0,0.0,1063.46083658166,0.0,1832.78916341834,451.75,0.0,48.0,0,0,0.0,3396,1832.78916341834
Data,8488,-0.0,0.0,890.269639865,0.0,1853.250360135,515.48,0.0,48.0,0,0,0.0,3307,1853.250360135
Data,8489,-0.0,0.0,862.1451977353,0.0,1865.1848022647,668.67,0.0,48.0,0,0,0.0,3444,1865.1848022647
Data,8490,-0.0,0.0,864.7441789101,0.0,1754.2882210899002,784.96,0.0,212.0076,0,0,0.0,3616,1754.2882210899
Data,8491,-0.0,0.0,1036.4803908503002,0.0,1495.7459091496996,850.94,0.0,392.8337,0,0,0.0,3776,1495.7459091496999
Data,8492,0.0,0.0,1396.5078639722,0.0,1179.5383360277997,841.99,0.0,285.9638,0,0,0.0,3704,1179.5383360278
Data,8493,0.0,0.0,1609.7303093019,0.0,991.5096906980998,735.76,0.0,199.0,0,0,0.0,3536,991.5096906981
Data,8494,0.0,0.0,2107.956026828498,0.0,371.13397317150225,670.91,0.0,199.0,0,0,0.0,3349,371.1339731715019
Data,8495,0.0,0.0,2101.77123623427,0.0,332.76876376573017,600.46,0.0,199.0,0,0,0.0,3234,332.76876376573
Data,8496,0.0,0.0,2103.0199747799425,0.0,415.18002522005736,565.8,0.0,199.0,0,0,0.0,3283,415.1800252200576
Data,8497,0.0,0.0,2062.7966710200403,0.0,395.6533289799597,544.55,0.0,199.0,0,0,0.0,3202,395.6533289799597
Data,8498,0.0,0.0,2021.2111637419878,0.0,246.76883625801233,530.02,0.0,550.0,0,0,0.0,3348,246.76883625801224
Data,8499,0.0,0.0,2003.8830691227777,0.0,357.31693087722215,565.8,0.0,550.0,0,0,0.0,3477,357.3169308772224
Data,8500,0.0,0.0,2136.013932431954,0.0,265.5860675680459,590.4,0.0,550.0,0,0,0.0,3542,265.58606756804613
Data,8501,0.0,0.0,2064.4267314177246,0.0,407.273268582275,627.3,0.0,550.0,0,0,0.0,3649,407.2732685822755
Data,8502,0.0,0.0,2174.002927108476,0.0,237.8070728915239,645.19,0.0,550.0,0,0,0.0,3607,237.80707289152406
Data,8503,-0.0,0.0,2403.6553258793156,0.0,235.5846741206837,612.76,0.0,199.0,0,-2.2737367544323206e-13,0.0,3451,235.58467412068444
Data,8504,-0.0,0.0,2307.777322097813,0.0,417.2126779021873,584.81,0.0,51.2,0,0,0.0,3361,417.2126779021872
Data,8505,-0.0,0.0,1920.9911436002274,0.0,874.7588563997726,532.25,0.0,48.0,0,0,0.0,3376,874.7588563997726
Data,8506,-0.0,0.0,1424.7380575966286,0.0,1515.0919424033714,484.17,0.0,48.0,0,0,0.0,3472,1515.0919424033714
Data,8507,-0.0,0.0,1100.7652518697848,0.0,1909.314748130215,443.92,0.0,48.0,0,0,0.0,3502,1909.314748130215
Data,8508,-0.0,0.0,1124.2237971255324,0.0,1884.8062028744673,434.97,0.0,48.0,0,0,0.0,3492,1884.8062028744675
Data,8509,-0.0,0.0,810.8762124603587,0.0,2033.2337875396408,436.09,0.0,44.8,0,0,0.0,3325,2033.2337875396413
Data,8510,-0.0,0.0,605.5556841295166,0.0,2108.8743158704833,459.57,0.0,48.0,0,0,0.0,3222,2108.8743158704833
Data,8511,-0.0,0.0,637.8763288820497,0.0,1958.1336711179504,472.99,0.0,48.0,0,0,0.0,3117,1958.1336711179501
Data,8512,-0.0,0.0,1085.445570037062,0.0,1347.764429962938,546.79,0.0,48.0,0,0,0.0,3028,1347.764429962938
Data,8513,-0.0,0.0,1425.62526754,0.0,498.41473245999987,661.96,0.0,550.0,0,0,0.0,3136,498.41473245999987
Data,8514,-0.0,0.0,1414.7784485680002,0.0,598.3615514319997,821.86,0.0,550.0,0,0,0.0,3385,598.3615514319998
Data,8515,-0.0,0.0,1619.180285837,0.0,585.3897141630002,893.43,0.0,550.0,0,0,0.0,3648,585.3897141630001
Data,8516,0.0,0.0,1863.0357548429,0.0,338.2642451571003,848.7,0.0,550.0,0,0,0.0,3600,338.26424515710005
Data,8517,0.0,0.0,1688.1778337915998,0.0,475.1021662083999,763.72,0.0,550.0,0,0,0.0,3477,475.10216620840015
Data,8518,0.0,0.0,1747.1419883998879,0.0,330.93801160011213,689.92,0.0,550.0,0,0,0.0,3318,330.9380116001122
Data,8519,0.0,0.0,1851.673512891944,0.0,91.18648710805616,654.14,0.0,550.0,0,0,0.0,3147,91.18648710805599
Data,8520,0.0,0.0,1868.007042681641,0.0,121.51295731835901,638.48,0.0,550.0,0,0,0.0,3178,121.51295731835899
Data,8521,0.0,0.0,1951.0258151825408,0.0,12.554184817459218,628.42,0.0,550.0,0,0,0.0,3142,12.554184817459259
Data,8522,0.0,0.0,1998.4086087711125,0.0,61.69139122888791,651.9,0.0,550.0,0,2.2737367544323206e-13,0.0,3262,61.69139122888748
Data,8523,0.0,0.0,2073.6857920249277,0.0,62.37420797507232,727.94,0.0,550.0,0,0,0.0,3414,62.374207975072295
Data,8524,0.0,0.0,2038.3118766067837,0.0,152.0681233932163,800.62,0.0,550.0,0,0,0.0,3541,152.0681233932163
Data,8525,0.0,0.0,2023.4399807657655,0.0,189.32001923423462,863.24,0.0,550.0,0,0,0.0,3626,189.32001923423445
Data,8526,0.0,0.0,2118.0066059877486,0.0,111.29339401225182,848.7,0.0,550.0,0,0,0.0,3628,111.29339401225138
Data,8527,-0.0,0.0,2249.8278120355594,0.0,51.22218796444078,765.95,0.0,550.0,0,0,0.0,3617,51.222187964440536
Data,8528,-0.0,0.0,2352.27280655981,0.0,509.3371934401904,694.39,0.0,48.0,0,0,0.0,3604,509.33719344019016
Data,8529,-0.0,0.0,2365.227215407419,0.0,714.4127845925807,637.36,0.0,48.0,0,0,0.0,3765,714.412784592581
Data,8530,-0.0,0.0,2282.017886140787,0.0,976.2921138592129,583.69,0.0,48.0,0,0,0.0,3890,976.2921138592128
Data,8531,-0.0,0.0,1930.0956244398058,0.0,1397.8643755601943,518.84,0.0,51.2,0,0,0.0,3898,1397.8643755601943
Data,8532,-0.0,0.0,1715.6870954339856,0.0,1610.3129045660144,492.0,0.0,48.0,0,0,0.0,3866,1610.3129045660144
Data,8533,-0.0,0.0,1652.0242414309118,0.0,1440.6857585690882,485.29,0.0,48.0,0,0,0.0,3626,1440.6857585690882
Data,8534,-0.0,0.0,1392.3265196107789,0.0,1692.2334803892215,494.24,0.0,51.2,0,0,0.0,3630,1692.233480389221
Data,8535,-0.0,0.0,1067.1785104723185,0.0,1884.2214895276816,516.6,0.0,48.0,0,0,0.0,3516,1884.2214895276816
Data,8536,-0.0,0.0,1465.6949608743628,0.0,1288.4650391256375,592.64,0.0,51.2,0,0,0.0,3398,1288.4650391256373
Data,8537,-0.0,0.0,1505.094754032861,0.0,1056.155245967139,716.75,0.0,199.0,0,0,0.0,3477,1056.155245967139
Data,8538,-0.0,0.0,1614.7972252018628,0.0,619.9327747981372,816.27,0.0,550.0,0,0,0.0,3601,619.9327747981372
Data,8539,-0.0,0.0,1613.5080143293626,0.0,738.9019856706373,866.59,0.0,550.0,0,0,0.0,3769,738.9019856706374
Data,8540,0.0,0.0,1622.1989310576937,0.0,644.3010689423062,873.3,0.0,553.2,0,0,0.0,3693,644.3010689423063
Data,8541,0.0,0.0,1691.6813040517702,0.0,396.90869594823,855.41,0.0,550.0,0,5.684341886080802e-14,0.0,3494,396.9086959482298
Data,8542,0.0,0.0,1833.0093727995659,0.0,516.320627200434,791.67,0.0,199.0,0,0,0.0,3340,516.3206272004342
Data,8543,0.0,0.0,2402.5681273530345,0.0,0.0,715.64,0.0,202.2,0,154.4081273530341,0.0,3166,-154.40812735303444
Data,8544,0.0,0.0,2416.988335720253,0.0,0.0,704.45,0.0,199.0,0,126.43833572025271,0.0,3194,-126.43833572025301
Data,8545,0.0,0.0,2248.575193528177,0.0,116.42480647182299,688.8,0.0,51.2,0,0,0.0,3105,116.42480647182315
Data,8546,0.0,0.0,2117.0551732261943,0.0,335.1448267738057,688.8,0.0,48.0,0,0,0.0,3189,335.1448267738058
Data,8547,0.0,0.0,2421.722290047662,0.0,93.26770995233746,757.01,0.0,48.0,0,0,0.0,3320,93.26770995233778
Data,8548,0.0,0.0,2298.76453991185,0.0,305.31546008814985,763.72,0.0,51.2,0,0,0.0,3419,305.3154600881499
Data,8549,0.0,0.0,2288.4881954483867,0.0,308.631804551613,859.88,0.0,48.0,0,0,0.0,3505,308.6318045516133
Data,8550,0.0,0.0,1995.5666850601042,0.0,591.8833149398961,864.35,0.0,51.2,0,0,0.0,3503,591.8833149398957
Data,8551,-0.0,0.0,2021.777437831965,0.0,746.8425621680349,798.38,0.0,48.0,0,0,0.0,3615,746.842562168035
Data,8552,-0.0,0.0,1864.6520605641388,0.0,964.6979394358611,734.65,0.0,48.0,0,0,0.0,3612,964.6979394358613
Data,8553,-0.0,0.0,1545.0108065788636,0.0,1552.0191934211362,680.97,0.0,48.0,0,0,0.0,3826,1552.0191934211364
Data,8554,-0.0,0.0,1520.957405917091,0.0,1705.5925940829093,655.25,0.0,51.2,0,0,0.0,3933,1705.592594082909
Data,8555,-0.0,0.0,1510.8171874171176,0.0,1680.9328125828824,636.25,0.0,48.0,0,0,0.0,3876,1680.9328125828824
Data,8556,-0.0,0.0,673.5607157884838,0.0,2407.0,609.41,0.0,48.0,0,-135.02928421151643,0.0,3873,2542.0292842115164
Data,8557,-0.0,0.0,1995.8114681562151,0.0,1030.898531843785,608.29,0.0,48.0,0,0,0.0,3683,1030.898531843785
Data,8558,-0.0,0.0,1314.003288526128,0.0,1832.8167114738721,626.18,0.0,48.0,0,0,0.0,3821,1832.8167114738721
Data,8559,-0.0,0.0,1412.2210325005915,0.0,1677.1589674994086,677.62,0.0,48.0,0,0,0.0,3815,1677.1589674994084
Data,8560,-0.0,0.0,1606.2208126031846,0.0,1201.6491873968153,758.13,0.0,199.0,0,0,0.0,3765,1201.6491873968153
Data,8561,-0.0,0.0,1770.8921537665808,0.0,956.8278462334195,835.28,0.0,199.0,0,0,0.0,3762,956.8278462334192
Data,8562,-0.0,0.0,1573.2728426417266,0.0,745.0571573582732,914.67,0.0,550.0,0,0,0.0,3783,745.0571573582735
Data,8563,-0.0,0.0,1808.81337107047,0.0,531.9666289295296,948.22,0.0,550.0,0,0,0.0,3839,531.9666289295299
Data,8564,0.0,0.0,2221.0951463293623,0.0,0.0,956.05,0.0,550.0,0,18.145146329362355,0.0,3709,-18.145146329362206
Data,8565,0.0,0.0,2318.3084147774343,0.0,0.0,881.13,0.0,553.2,0,210.63841477743415,0.0,3542,-210.63841477743438
Data,8566,0.0,0.0,2281.065296714759,0.0,0.0,869.95,0.0,550.0,0,327.01529671475873,0.0,3374,-327.01529671475896
Data,8567,0.0,0.0,2174.7143033225784,0.0,0.0,800.62,0.0,550.0,0,307.3343033225783,0.0,3218,-307.3343033225784
Data,8568,0.0,0.0,1912.7787906423255,0.0,0.0,783.85,0.0,550.0,0,0.6287906423254057,0.0,3246,-0.6287906423254981
Data,8569,0.0,0.0,2280.8475483215843,0.0,0.0,792.79,0.0,550.0,0,482.6375483215844,0.0,3141,-482.6375483215843
Data,8570,0.0,0.0,2432.6371770619417,0.0,0.0,765.95,0.0,550.0,0,542.5871770619418,0.0,3206,-542.5871770619417
Data,8571,0.0,0.0,1938.9520663887247,0.0,188.85193361127546,874.42,0.0,312.776,0,0,0.0,3315,188.85193361127534
Data,8572,0.0,0.0,2143.3332943971873,0.0,0.0,894.55,0.0,433.0525,0,20.935794397187117,0.0,3450,-20.935794397187237
Data,8573,0.0,0.0,1964.2075588703706,0.0,604.7624411296297,918.03,0.0,48.0,0,0,0.0,3535,604.7624411296295
Data,8574,0.0,0.0,1920.0300632665007,0.0,644.4199367334991,913.55,0.0,48.0,0,0,0.0,3526,644.4199367334993
Data,8575,-0.0,0.0,1922.924385592431,0.0,743.5756144075689,922.5,0.0,48.0,0,0,0.0,3637,743.575614407569
Data,8576,-0.0,0.0,1903.4546003692008,0.0,739.7753996307991,877.77,0.0,48.0,0,0,0.0,3569,739.7753996307993
Data,8577,-0.0,0.0,1773.4721558853896,0.0,1133.3678441146105,834.16,0.0,48.0,0,0,0.0,3789,1133.3678441146103
Data,8578,-0.0,0.0,1950.4306501098456,0.0,1100.7593498901545,830.81,0.0,48.0,0,0,0.0,3930,1100.7593498901545
Data,8579,-0.0,0.0,2359.9901838032697,0.0,701.3198161967304,829.69,0.0,48.0,0,0,0.0,3939,701.3198161967302
Data,8580,-0.0,0.0,2426.0406320270945,0.0,683.8393679729056,812.92,0.0,51.2,0,0,0.0,3974,683.8393679729055
Data,8581,-0.0,0.0,1992.202065754504,0.0,984.8279342454958,803.97,0.0,48.0,0,0,0.0,3829,984.827934245496
Data,8582,-0.0,0.0,1911.4819238340172,0.0,1075.4780761659829,814.04,0.0,48.0,0,0,0.0,3849,1075.4780761659829
Data,8583,-0.0,0.0,1862.9788611036956,0.0,1045.7411388963046,835.28,0.0,48.0,0,0,0.0,3792,1045.7411388963044
Data,8584,-0.0,0.0,1689.292789928911,0.0,1102.9872100710888,886.72,0.0,48.0,0,0,0.0,3727,1102.987210071089
Data,8585,-0.0,0.0,1998.2216753705795,0.0,772.8083246294203,926.97,0.0,48.0,0,0,0.0,3746,772.8083246294204
Data,8586,-0.0,0.0,1416.7554069085788,0.0,1239.5245930914214,960.52,0.0,202.2,0,0,0.0,3819,1239.5245930914211
Data,8587,-0.0,0.0,1400.5543199427354,0.0,1026.0956800572646,968.35,0.0,550.0,0,0,0.0,3945,1026.0956800572644
Data,8588,0.0,0.0,1225.7130782880547,0.0,1129.2369217119451,956.05,0.0,550.0,0,0,0.0,3861,1129.2369217119453
Data,8589,0.0,0.0,1140.418236802714,0.0,1061.5317631972857,956.05,0.0,550.0,0,0,0.0,3708,1061.531763197286
Data,8590,0.0,0.0,652.9999399653816,0.0,1433.3800600346185,923.62,0.0,550.0,0,0,0.0,3560,1433.3800600346185
Data,8591,0.0,0.0,431.4742117741846,0.0,1553.6757882258155,925.85,0.0,550.0,0,0,0.0,3461,1553.6757882258153
Data,8592,0.0,0.0,310.2843768449639,0.0,1708.0556231550363,895.66,0.0,550.0,0,0,0.0,3464,1708.055623155036
Data,8593,0.0,0.0,315.26881981292803,0.0,1625.181180187072,894.55,0.0,550.0,0,0,0.0,3385,1625.181180187072
Data,8594,0.0,0.0,546.9946406843022,0.0,1446.9153593156975,928.09,0.0,550.0,0,0,0.0,3472,1446.9153593156977
Data,8595,0.0,0.0,644.3043618896858,0.0,1418.835638110314,944.86,0.0,550.0,0,0,0.0,3558,1418.8356381103142
Data,8596,0.0,0.0,653.000093582565,0.0,1483.5499064174353,950.45,0.0,550.0,0,0,0.0,3637,1483.549906417435
Data,8597,0.0,0.0,600.9257307835258,0.0,1602.6742692164742,959.4,0.0,550.0,0,0,0.0,3713,1602.6742692164744
Data,8598,0.0,0.0,886.9138910099084,0.0,1239.9761089900915,966.11,0.0,550.0,0,0,0.0,3643,1239.9761089900917
Data,8599,-0.0,0.0,797.7868897195341,0.0,1214.353110280466,944.86,0.0,550.0,0,0,0.0,3507,1214.353110280466
Data,8600,-0.0,0.0,943.6813353079341,0.0,1090.6486646920657,914.67,0.0,550.0,0,0,0.0,3499,1090.648664692066
Data,8601,-0.0,0.0,691.218440246475,0.0,1527.781559753525,861.0,0.0,550.0,0,0,0.0,3630,1527.781559753525
Data,8602,-0.0,0.0,518.0363628412443,0.0,1700.7236371587558,863.24,0.0,550.0,0,0,0.0,3632,1700.7236371587555
Data,8603,-0.0,0.0,437.96809633937085,0.0,1731.6819036606291,864.35,0.0,550.0,0,0,0.0,3584,1731.6819036606291
Data,8604,-0.0,0.0,423.1270305004627,0.0,1713.9729694995376,848.7,0.0,553.2,0,0,0.0,3539,1713.9729694995372
Data,8605,-0.0,0.0,282.5899372110552,0.0,1762.0700627889446,826.34,0.0,550.0,0,0,0.0,3421,1762.0700627889448
Data,8606,-0.0,0.0,523.8013230156811,0.0,1429.6686769843188,856.53,0.0,550.0,0,0,0.0,3360,1429.668676984319
Data,8607,-0.0,0.0,473.90641689364367,0.0,1298.673583106356,874.42,0.0,550.0,0,0,0.0,3197,1298.6735831063563
Data,8608,-0.0,0.0,771.8844896260341,0.0,879.035510373966,909.08,0.0,550.0,0,0,0.0,3110,879.0355103739658
Data,8609,-0.0,0.0,717.3685676249341,0.0,988.4114323750658,948.22,0.0,550.0,0,0,0.0,3204,988.4114323750658
Data,8610,-0.0,0.0,654.6061695257341,0.0,1265.4838304742661,990.71,0.0,553.2,0,0,0.0,3464,1265.4838304742657
Data,8611,-0.0,0.0,633.3413740486342,0.0,1518.7786259513655,982.88,0.0,550.0,0,0,0.0,3685,1518.778625951366
Data,8612,-0.0,0.0,812.4384395414341,0.0,1311.981560458566,970.58,0.0,550.0,0,0,0.0,3645,1311.9815604585658
Data,8613,0.0,0.0,789.0177743349342,0.0,1253.3522256650658,942.63,0.0,550.0,0,0,0.0,3535,1253.3522256650658
Data,8614,0.0,0.0,688.0190614615639,0.0,1233.960938538436,899.02,0.0,550.0,0,0,0.0,3371,1233.960938538436
Data,8615,0.0,0.0,722.2754705376792,0.0,1116.1845294623208,875.54,0.0,550.0,0,0,0.0,3264,1116.1845294623208
Data,8616,0.0,0.0,800.842835462826,0.0,1104.4071645371741,820.75,0.0,550.0,0,0,0.0,3276,1104.4071645371741
Data,8617,0.0,0.0,778.9612795112463,0.0,1104.4887204887536,790.55,0.0,550.0,0,0,0.0,3224,1104.4887204887536
Data,8618,0.0,0.0,712.5349539659802,0.0,1220.2450460340197,825.22,0.0,550.0,0,0,0.0,3308,1220.2450460340197
Data,8619,0.0,0.0,627.8628340793999,0.0,1380.1871659206,869.95,0.0,550.0,0,0,0.0,3428,1380.1871659206
Data,8620,0.0,0.0,538.6600027130528,0.0,1529.1299972869472,929.21,0.0,550.0,0,0,0.0,3547,1529.1299972869472
Data,8621,0.0,0.0,684.3871881223888,0.0,1409.1628118776114,931.45,0.0,550.0,0,0,0.0,3575,1409.1628118776111
Data,8622,0.0,0.0,858.6495693468894,0.0,1209.8004306531107,894.55,0.0,550.0,0,0,0.0,3513,1209.8004306531107
Data,8623,-0.0,0.0,862.9170718342357,0.0,1167.9829281657644,824.1,0.0,550.0,0,0,0.0,3405,1167.9829281657644
Data,8624,-0.0,0.0,1021.3743318803944,0.0,914.8256681196057,811.8,0.0,550.0,0,0,0.0,3298,914.8256681196057
Data,8625,-0.0,0.0,728.7513721528617,0.0,1338.3386278471385,793.91,0.0,550.0,0,0,0.0,3411,1338.3386278471385
Data,8626,-0.0,0.0,659.6361478045001,0.0,1975.2338521954998,758.13,0.0,199.0,0,0,0.0,3592,1975.2338521954998
Data,8627,-0.0,0.0,705.6680063278,0.0,1963.8019936722003,733.53,0.0,199.0,0,0,0.0,3602,1963.8019936722
Data,8628,-0.0,0.0,705.4426557815,0.0,1590.0437442185003,762.6,0.0,492.9136,0,0,0.0,3551,1590.0437442185
Data,8629,-0.0,0.0,765.2728640869999,0.0,1757.647135913,786.08,0.0,199.0,0,0,0.0,3508,1757.647135913
Data,8630,-0.0,0.0,749.5265668027818,0.0,1365.8616331972187,801.74,0.0,519.8718,0,0,0.0,3437,1365.8616331972182
Data,8631,-0.0,0.0,598.3120674376,0.0,1403.9379325624,820.75,0.0,550.0,0,0,0.0,3373,1403.9379325624
Data,8632,-0.0,0.0,919.3079279088148,0.0,1046.6320720911851,871.06,0.0,550.0,0,0,0.0,3387,1046.6320720911854
Data,8633,-0.0,0.0,1084.7503235580548,0.0,865.9096764419452,949.34,0.0,550.0,0,0,0.0,3450,865.9096764419452
Data,8634,-0.0,0.0,735.0299521106865,0.0,1378.8500478893134,985.12,0.0,550.0,0,0,0.0,3649,1378.8500478893134
Data,8635,-0.0,0.0,1149.6502639141074,0.0,1160.6497360858928,971.7,0.0,550.0,0,0,0.0,3832,1160.6497360858925
Data,8636,0.0,0.0,1032.754511830071,0.0,1312.995488169929,901.25,0.0,550.0,0,0,0.0,3797,1312.995488169929
Data,8637,0.0,0.0,1536.930560631179,0.0,699.7294393688206,875.54,0.0,546.8,0,0,0.0,3659,699.729439368821
Data,8638,0.0,0.0,1197.3925069161469,0.0,939.2574930838532,845.35,0.0,550.0,0,0,0.0,3532,939.2574930838531
Data,8639,0.0,0.0,1193.453808124253,0.0,825.4061918757469,777.14,0.0,550.0,0,0,0.0,3346,825.4061918757469
Data,8640,0.0,0.0,1065.7672225464175,0.0,1011.2827774535826,765.95,0.0,550.0,0,0,0.0,3393,1011.2827774535824
Data,8641,0.0,0.0,544.2118961680495,0.0,1525.4281038319502,760.36,0.0,550.0,0,0,0.0,3380,1525.4281038319505
Data,8642,0.0,0.0,583.3708593594097,0.0,2025.3791406405903,778.25,0.0,48.0,0,0,0.0,3435,2025.3791406405903
Data,8643,0.0,0.0,589.1704764994735,0.0,2094.7395235005265,805.09,0.0,48.0,0,0,0.0,3537,2094.7395235005265
Data,8644,0.0,0.0,977.1521033132171,0.0,1751.207896686783,838.64,0.0,48.0,0,0,0.0,3615,1751.207896686783
Data,8645,0.0,0.0,742.2084101137342,0.0,1998.8215898862654,926.97,0.0,48.0,0,0,0.0,3716,1998.8215898862659
Data,8646,0.0,0.0,617.5657364844382,0.0,2105.334263515562,947.1,0.0,48.0,0,0,0.0,3718,2105.334263515562
Data,8647,-0.0,0.0,1476.6981542626338,0.0,1321.651845737366,876.65,0.0,48.0,0,0,0.0,3723,1321.6518457373663
Data,8648,-0.0,0.0,1110.8668261756343,0.0,1676.5231738243656,781.61,0.0,48.0,0,0,0.0,3617,1676.5231738243656
Data,8649,-0.0,0.0,1210.0708011613444,0.0,1653.0991988386556,745.83,0.0,48.0,0,0,0.0,3657,1653.0991988386554
Data,8650,-0.0,0.0,1117.7855245159953,0.0,1750.934475484005,712.28,0.0,48.0,0,0,0.0,3629,1750.9344754840047
Data,8651,-0.0,0.0,1486.521955539916,0.0,1276.148044460084,684.33,0.0,48.0,0,0,0.0,3495,1276.1480444600838
Data,8652,-0.0,0.0,1459.7614407224412,0.0,1421.8585592775587,675.38,0.0,48.0,0,0,0.0,3605,1421.858559277559
Data,8653,-0.0,0.0,1651.3933015166967,0.0,1100.0066984833034,639.6,0.0,48.0,0,0,0.0,3439,1100.0066984833034
Data,8654,-0.0,0.0,1575.5576640394343,0.0,1226.2523359605657,645.19,0.0,48.0,0,0,0.0,3495,1226.2523359605657
Data,8655,-0.0,0.0,1688.9170867554344,0.0,1089.1629132445655,689.92,0.0,48.0,0,0,0.0,3516,1089.1629132445655
Data,8656,-0.0,0.0,1957.6619101943343,0.0,800.5280898056659,707.81,0.0,48.0,0,0,0.0,3514,800.5280898056658
Data,8657,-0.0,0.0,2077.6841697384343,0.0,656.3358302615658,822.98,0.0,48.0,0,0,0.0,3605,656.3358302615657
Data,8658,-0.0,0.0,1935.5132160594344,0.0,860.9267839405658,932.56,0.0,48.0,0,0,0.0,3777,860.9267839405657
Data,8659,-0.0,0.0,1670.478686273434,0.0,1308.481313726566,937.04,0.0,48.0,0,0,0.0,3964,1308.481313726566
Data,8660,0.0,0.0,1591.6754003183341,0.0,1329.8545996816656,914.67,0.0,44.8,0,0,0.0,3881,1329.8545996816658
Data,8661,0.0,0.0,1714.3557282973343,0.0,591.944271702666,848.7,0.0,550.0,0,0,0.0,3705,591.9442717026657
Data,8662,0.0,0.0,1710.0726012142345,0.0,469.3173987857655,781.61,0.0,550.0,0,0,0.0,3511,469.3173987857655
Data,8663,0.0,0.0,1505.375254514333,0.0,508.4847454856673,777.14,0.0,550.0,0,0,0.0,3341,508.4847454856671
Data,8664,0.0,0.0,1343.6483956744341,0.0,753.2216043255656,758.13,0.0,550.0,0,0,0.0,3405,753.2216043255659
Data,8665,0.0,0.0,1159.7149235124343,0.0,908.7650764875658,714.52,0.0,550.0,0,0,0.0,3333,908.7650764875657
Data,8666,0.0,0.0,1084.992775571934,0.0,1030.717224428066,731.29,0.0,550.0,0,0,0.0,3397,1030.717224428066
Data,8667,0.0,0.0,263.6800907275341,0.0,1964.0699092724658,759.25,0.0,550.0,0,0,0.0,3537,1964.0699092724658
Data,8668,0.0,0.0,563.1753496075341,0.0,1770.4246503924658,762.6,0.0,546.8,0,0,0.0,3643,1770.424650392466
Data,8669,0.0,0.0,660.9283424914341,0.0,1689.1916575085656,859.88,0.0,550.0,0,0,0.0,3760,1689.1916575085659
Data,8670,0.0,0.0,647.566685379434,0.0,1647.4896213888337,895.66,0.0,550.0,0,23.71630676826764,0.0,3717,1623.773314620566
Data,8671,-0.0,0.0,859.0902881461341,0.0,1401.4597118538659,827.45,0.0,550.0,0,0,0.0,3638,1401.4597118538659
Data,8672,-0.0,0.0,843.3140101364341,0.0,1578.1159898635656,705.57,0.0,550.0,0,0,0.0,3677,1578.1159898635658
Data,8673,-0.0,0.0,569.3353523487342,0.0,2407.0,680.97,0.0,48.0,0,-92.6946476512656,0.0,3798,2499.6946476512658
Data,8674,-0.0,0.0,275.68211778043417,0.0,2407.0,653.02,0.0,48.0,0,-556.2978822195658,0.0,3940,2963.297882219566
Data,8675,-0.0,0.0,266.52089253713416,0.0,2407.0,618.35,0.0,48.0,0,-608.1291074628659,0.0,3948,3015.1291074628657
Data,8676,-0.0,0.0,435.9907390970341,0.0,2407.0,585.93,0.0,48.0,0,-435.07926090296604,0.0,3912,2842.079260902966
Data,8677,-0.0,0.0,744.8760762910341,0.0,2321.503923708966,554.62,0.0,48.0,0,0,0.0,3669,2321.503923708966
Data,8678,-0.0,0.0,833.7665418660341,0.0,2220.083458133966,569.15,0.0,48.0,0,0,0.0,3671,2220.083458133966
Data,8679,-0.0,0.0,695.1515543276341,0.0,2180.318445672366,610.53,0.0,48.0,0,0,0.0,3534,2180.3184456723657
Data,8680,-0.0,0.0,712.6199473269663,0.0,1950.6600526730333,640.72,0.0,48.0,0,0,0.0,3352,1950.6600526730335
Data,8681,-0.0,0.0,942.5479332496342,0.0,1707.0,715.64,0.0,44.8,0,1.9879332496342386,0.0,3408,1705.0120667503659
Data,8682,-0.0,0.0,536.8017471614342,0.0,1707.0,865.47,0.0,550.0,0,70.2717471614344,0.0,3589,1636.7282528385658
Data,8683,-0.0,0.0,611.5759444935342,0.0,1737.0040555064656,874.42,0.0,550.0,0,0,0.0,3773,1737.0040555064659
Data,8684,0.0,0.0,285.77210979423415,0.0,2028.7578902057655,865.47,0.0,550.0,0,0,0.0,3730,2028.7578902057658
Data,8685,0.0,0.0,183.70276334223414,0.0,2061.5172366577663,773.78,0.0,550.0,0,0,0.0,3569,2061.517236657766
Data,8686,0.0,0.0,294.7381437713342,0.0,1813.7218562286657,752.54,0.0,550.0,0,0,0.0,3411,1813.7218562286657
Data,8687,0.0,0.0,364.62524113473415,0.0,1707.0,732.41,0.0,550.0,0,105.03524113473405,0.0,3249,1601.9647588652658
Data,8688,0.0,0.0,361.65588898565795,0.0,1707.0,708.93,0.0,550.0,0,38.58588898565779,0.0,3289,1668.414111014342
Data,8689,0.0,0.0,320.0131128860285,0.0,1707.0,651.9,0.0,550.0,0,29.913112886028614,0.0,3199,1677.0868871139714
Data,8690,0.0,0.0,370.9863526804759,0.0,1708.1836473195242,672.03,0.0,546.8,0,0,0.0,3298,1708.1836473195242
Data,8691,0.0,0.0,441.1030740531,0.0,1718.5469259469,722.35,0.0,550.0,0,0,0.0,3432,1718.5469259469
Data,8692,0.0,0.0,640.1196098677,0.0,1707.0,722.35,0.0,550.0,0,62.46960986769989,0.0,3557,1644.5303901323
Data,8693,0.0,0.0,809.6005841903002,0.0,1707.0,827.45,0.0,550.0,0,236.05058419030001,0.0,3658,1470.9494158096998
Data,8694,0.0,0.0,849.3296704344426,0.0,1707.0,844.23,0.0,550.0,0,317.55967043444264,0.0,3633,1389.4403295655575
Data,8695,-0.0,0.0,780.5880203729743,0.0,1707.0,779.37,0.0,481.3305,0,205.28852037297415,0.0,3543,1501.7114796270257
Data,8696,-0.0,0.0,816.8744271835643,0.0,2084.6155728164354,695.51,0.0,48.0,0,0,0.0,3645,2084.615572816436
Data,8697,-0.0,0.0,732.3600553741261,0.0,2407.0,630.65,0.0,44.8,0,-27.18994462587365,0.0,3842,2434.189944625874
Data,8698,-0.0,0.0,598.4511387894391,0.0,2407.0,578.1,0.0,51.2,0,-338.2488612105612,0.0,3973,2745.248861210561
Data,8699,-0.0,0.0,368.22105056357947,0.0,2407.0,563.56,0.0,48.0,0,-568.2189494364206,0.0,3955,2975.2189494364206
Data,8700,-0.0,0.0,876.9875204831478,0.0,2407.0,553.5,0.0,48.0,0,-28.512479516852203,0.0,3914,2435.512479516852
Data,8701,-0.0,0.0,1074.3452724377737,0.0,2048.2047275622263,513.25,0.0,51.2,0,0,0.0,3687,2048.2047275622263
Data,8702,-0.0,0.0,1035.169109529903,0.0,2100.810890470097,530.02,0.0,48.0,0,0,0.0,3714,2100.810890470097
Data,8703,-0.0,0.0,877.2970292776466,0.0,2055.9329707223533,582.57,0.0,51.2,0,0,0.0,3567,2055.9329707223533
Data,8704,-0.0,0.0,933.2520891372734,0.0,1854.7379108627265,634.01,0.0,48.0,0,0,0.0,3470,1854.7379108627265
Data,8705,-0.0,0.0,655.7274131697873,0.0,2054.8125868302127,723.46,0.0,48.0,0,0,0.0,3482,2054.8125868302127
Data,8706,-0.0,0.0,827.5177454341499,0.0,1316.8822545658502,885.6,0.0,550.0,0,0,0.0,3580,1316.88225456585
Data,8707,-0.0,0.0,711.8025384270783,0.0,1608.5674615729222,893.43,0.0,553.2,0,0,0.0,3767,1608.5674615729217
Data,8708,0.0,0.0,577.881789564,0.0,1688.1082104359998,880.01,0.0,550.0,0,0,0.0,3696,1688.108210436
Data,8709,0.0,0.0,724.1106007874,0.0,1490.0793992126,781.61,0.0,553.2,0,0,0.0,3549,1490.0793992126
Data,8710,0.0,0.0,571.9386597334,0.0,1500.4113402665998,753.65,0.0,550.0,0,0,0.0,3376,1500.4113402666
Data,8711,0.0,0.0,700.7888421102058,0.0,1256.2811578897943,708.93,0.0,550.0,0,0,0.0,3216,1256.2811578897943
Data,8712,0.0,0.0,812.2040183910323,0.0,1227.555981608968,691.04,0.0,553.2,0,0,0.0,3284,1227.5559816089676
Data,8713,0.0,0.0,1123.3231822949992,0.0,873.4268177050008,655.25,0.0,550.0,0,0,0.0,3202,873.4268177050008
Data,8714,0.0,0.0,1423.8673464484318,0.0,639.7526535515681,675.38,0.0,550.0,0,0,0.0,3289,639.7526535515682
Data,8715,0.0,0.0,1628.1221156169463,0.0,549.0478843830538,696.63,0.0,553.2,0,0,0.0,3427,549.0478843830537
Data,8716,0.0,0.0,1839.5588318706493,0.0,669.8933960363038,704.45,0.0,550.0,0,268.902227906953,0.0,3495,400.9911681293506
Data,8717,0.0,0.0,1859.7076090634996,0.0,1707.0,769.31,0.0,511.8312,0,1237.8488090634996,0.0,3610,469.1511909365004
Data,8718,0.0,0.0,1823.9336318633843,0.0,1707.0,773.78,0.0,199.0,0,908.7136318633841,0.0,3595,798.2863681366157
Data,8719,-0.0,0.0,1955.621253873634,0.0,1707.0,711.16,0.0,48.0,0,850.781253873634,0.0,3571,856.218746126366
Data,8720,-0.0,0.0,1882.0091785083341,0.0,1707.0,630.65,0.0,48.0,0,764.6591785083343,0.0,3503,942.3408214916659
Data,8721,-0.0,0.0,1442.4404396739342,0.0,1707.0,601.58,0.0,51.2,0,131.22043967393404,0.0,3671,1575.7795603260658
Data,8722,-0.0,0.0,1057.087257438834,0.0,2127.932742561166,576.98,0.0,48.0,0,0,0.0,3810,2127.932742561166
Data,8723,-0.0,0.0,683.5970053012342,0.0,2407.0,566.92,0.0,48.0,0,-82.48299469876576,0.0,3788,2489.4829946987657
Data,8724,-0.0,0.0,502.87089354472334,0.0,2407.0,552.38,0.0,48.0,0,-251.74910645527655,0.0,3762,2658.749106455277
Data,8725,-0.0,0.0,578.204665887541,0.0,2407.0,518.84,0.0,48.0,0,-1.9553341124589139,0.0,3554,2408.9553341124592
Data,8726,-0.0,0.0,643.2193945979635,0.0,2307.4606054020364,542.32,0.0,48.0,0,0,0.0,3541,2307.4606054020364
Data,8727,-0.0,0.0,918.4679881486715,0.0,1827.8420118513284,583.69,0.0,48.0,0,0,0.0,3378,1827.8420118513286
Data,8728,-0.0,0.0,579.6095970057816,0.0,2081.9504029942186,617.24,0.0,51.2,0,0,0.0,3330,2081.9504029942186
Data,8729,-0.0,0.0,670.0060222711551,0.0,2015.9939777288448,738.0,0.0,48.0,0,0,0.0,3472,2015.993977728845
Data,8730,-0.0,0.0,855.953335671211,0.0,1836.736664328789,892.31,0.0,48.0,0,0,0.0,3633,1836.7366643287892
Data,8731,-0.0,0.0,674.7075547368141,0.0,2125.272445263186,899.02,0.0,48.0,0,0,0.0,3747,2125.272445263186
Data,8732,0.0,0.0,857.9610321405,0.0,1876.7089678595,881.13,0.0,51.2,0,0,0.0,3667,1876.7089678595
Data,8733,0.0,0.0,761.3456035239435,0.0,1877.5043964760564,815.15,0.0,48.0,0,0,0.0,3502,1877.5043964760566
Data,8734,0.0,0.0,656.2538614154621,0.0,1859.6761385845377,767.07,0.0,48.0,0,0,0.0,3331,1859.676138584538
Data,8735,0.0,0.0,547.6501373338596,0.0,1869.8298626661403,714.52,0.0,48.0,0,0,0.0,3180,1869.8298626661403
Data,8736,0.0,0.0,1004.8050912725666,0.0,1707.0,672.03,0.0,51.2,0,248.03509127256615,0.0,3187,1458.9649087274333
Data,8737,0.0,0.0,722.4778234364392,0.0,1707.0,650.78,0.0,199.0,0,167.2578234364389,0.0,3112,1539.7421765635609
Data,8738,0.0,0.0,658.5007434455126,0.0,1707.0,674.26,0.0,199.0,0,43.76074344551287,0.0,3195,1663.2392565544874
Data,8739,0.0,0.0,658.3188112866715,0.0,1757.1711887133283,695.51,0.0,199.0,0,0,0.0,3310,1757.1711887133285
Data,8740,0.0,0.0,721.4543820077033,0.0,1707.0,727.94,0.0,553.2,0,276.59438200770313,0.0,3433,1430.4056179922966
Data,8741,0.0,0.0,942.9682633531374,0.0,1707.0,778.25,0.0,406.6461,0,346.86436335313743,0.0,3488,1360.1356366468626
Data,8742,0.0,0.0,925.311917427149,0.0,1707.0,808.45,0.0,360.6034,0,301.36531742714874,0.0,3500,1405.634682572851
Data,8743,-0.0,0.0,1009.6529052275135,0.0,1707.0,741.35,0.0,550.0,0,398.0029052275134,0.0,3610,1308.9970947724864
Data,8744,-0.0,0.0,1177.9052583585055,0.0,1707.0,692.15,0.0,199.0,0,159.0552583585056,0.0,3617,1547.9447416414946
Data,8745,-0.0,0.0,1185.505543690532,0.0,2156.3244563094677,607.17,0.0,48.0,0,0,0.0,3997,2156.324456309468
Data,8746,-0.0,0.0,764.6756137656009,0.0,2407.0,574.75,0.0,48.0,0,-388.57438623439907,0.0,4183,2795.574386234399
Data,8747,-0.0,0.0,906.8997119437831,0.0,2407.0,561.33,0.0,48.0,0,-153.7702880562169,0.0,4077,2560.770288056217
Data,8748,-0.0,0.0,601.6338771070091,0.0,2407.0,562.45,0.0,48.0,0,-256.91612289299115,0.0,3876,2663.9161228929906
Data,8749,-0.0,0.0,868.1122810118486,0.0,2138.0277189881517,526.66,0.0,51.2,0,0,0.0,3584,2138.0277189881513
Data,8750,-0.0,0.0,1283.3291920774639,0.0,1748.6408079225364,549.03,0.0,48.0,0,0,0.0,3629,1748.6408079225362
Data,8751,-0.0,0.0,1214.9796175805923,0.0,1707.0,582.57,0.0,48.0,0,33.54961758059247,0.0,3519,1673.4503824194076
Data,8752,-0.0,0.0,684.4410097510001,0.0,2023.938990249,677.62,0.0,48.0,0,0,0.0,3434,2023.9389902489997
Data,8753,-0.0,0.0,732.3293523984,0.0,1882.1806476016002,780.49,0.0,48.0,0,0,0.0,3443,1882.1806476016
Data,8754,-0.0,0.0,609.637748969,0.0,1707.0,905.73,0.0,550.0,0,261.367748969,0.0,3511,1445.6322510310001
Data,8755,-0.0,0.0,439.00639700597316,0.0,1732.4336029940268,932.56,0.0,550.0,0,0,0.0,3654,1732.4336029940268
Data,8756,0.0,0.0,669.2153580431212,0.0,1707.0,920.26,0.0,550.0,0,253.47535804312145,0.0,3593,1453.524641956879
Data,8757,0.0,0.0,573.9108062291954,0.0,1707.0,820.75,0.0,550.0,0,193.6608062291954,0.0,3458,1513.3391937708047
Data,8758,0.0,0.0,965.8633455178468,0.0,1707.0,707.81,0.0,553.2,0,640.8733455178466,0.0,3293,1066.1266544821533
Data,8759,0.0,0.0,512.3085844683934,0.0,1707.0,697.75,0.0,550.0,0,306.0585844683934,0.0,3161,1400.9414155316067
Data,8760,0.0,0.0,709.8223368229894,0.0,1707.0,729.05,0.0,550.0,0,488.8723368229894,0.0,3207,1218.1276631770106
