*Hour,LargeHydro
1,456.22
2,467.4
3,476.35
4,590.4
5,646.31
6,621.71
7,615
8,527.78
9,415.96
10,369
11,360.05
12,349.99
13,337.69
14,337.69
15,352.23
16,399.19
17,490.88
18,640.72
19,693.27
20,638.48
21,537.85
22,471.87
23,441.68
24,428.26
25,422.67
26,438.33
27,492
28,630.65
29,679.85
30,655.25
31,532.25
32,448.39
33,355.58
34,333.22
35,329.86
36,349.99
37,328.75
38,336.57
39,335.45
40,345.52
41,417.08
42,471.87
43,506.54
44,507.65
45,474.11
46,427.15
47,385.77
48,372.35
49,376.83
50,408.14
51,446.15
52,512.13
53,553.5
54,555.74
55,505.42
56,409.25
57,344.4
58,296.32
59,289.61
60,279.55
61,273.95
62,272.84
63,288.49
64,307.5
65,389.13
66,497.59
67,598.23
68,615
69,536.73
70,476.35
71,455.1
72,445.04
73,433.85
74,474.11
75,516.6
76,657.49
77,710.05
78,722.35
79,658.61
80,523.31
81,447.27
82,402.55
83,362.29
84,367.88
85,366.76
86,375.71
87,420.44
88,486.41
89,550.15
90,668.67
91,696.63
92,648.55
93,611.65
94,557.97
95,522.19
96,518.84
97,497.59
98,492
99,493.12
100,555.74
101,720.11
102,746.95
103,686.56
104,572.51
105,478.58
106,445.04
107,398.07
108,390.25
109,365.65
110,375.71
111,415.96
112,427.15
113,481.94
114,612.76
115,676.5
116,658.61
117,636.25
118,610.53
119,584.81
120,570.27
121,526.66
122,525.55
123,556.85
124,626.18
125,735.76
126,748.06
127,666.44
128,561.33
129,534.49
130,493.12
131,464.05
132,437.21
133,426.03
134,451.75
135,512.13
136,576.98
137,646.31
138,722.35
139,746.95
140,717.87
141,678.74
142,661.96
143,659.73
144,651.9
145,615
146,631.77
147,648.55
148,684.33
149,797.26
150,781.61
151,727.94
152,632.89
153,561.33
154,526.66
155,487.53
156,459.57
157,447.27
158,468.52
159,509.89
160,546.79
161,613.88
162,677.62
163,732.41
164,699.98
165,655.25
166,647.43
167,645.19
168,604.94
169,561.33
170,592.64
171,609.41
172,723.46
173,778.25
174,749.18
175,688.8
176,580.34
177,528.9
178,486.41
179,467.4
180,436.09
181,412.61
182,460.69
183,524.43
184,615
185,695.51
186,742.47
187,715.64
188,644.07
189,606.05
190,593.75
191,565.8
192,545.67
193,569.15
194,565.8
195,573.63
196,715.64
197,730.17
198,715.64
199,656.37
200,571.39
201,512.13
202,488.65
203,475.23
204,492
205,452.86
206,460.69
207,496.47
208,557.97
209,631.77
210,678.74
211,691.04
212,658.61
213,641.84
214,647.43
215,606.05
216,613.88
217,581.45
218,592.64
219,622.83
220,723.46
221,759.25
222,787.2
223,717.87
224,615
225,587.05
226,553.5
227,540.08
228,521.07
229,514.36
230,542.32
231,581.45
232,607.17
233,655.25
234,738
235,782.73
236,771.55
237,722.35
238,695.51
239,696.63
240,676.5
241,644.07
242,648.55
243,729.05
244,812.92
245,831.93
246,824.1
247,816.27
248,767.07
249,660.85
250,673.15
251,646.31
252,617.24
253,609.41
254,638.48
255,679.85
256,745.83
257,848.7
258,913.55
259,923.62
260,868.83
261,868.83
262,871.06
263,859.88
264,846.46
265,893.43
266,916.91
267,931.45
268,948.22
269,954.93
270,952.69
271,919.15
272,877.77
273,841.99
274,828.57
275,830.81
276,818.51
277,810.68
278,826.34
279,848.7
280,881.13
281,897.9
282,893.43
283,913.55
284,931.45
285,934.8
286,929.21
287,901.25
288,892.31
289,880.01
290,886.72
291,901.25
292,940.39
293,954.93
294,959.4
295,919.15
296,900.14
297,891.19
298,899.02
299,911.32
300,920.26
301,864.35
302,900.14
303,903.49
304,934.8
305,945.98
306,966.11
307,1010.84
308,1004.13
309,992.95
310,991.83
311,996.3
312,954.93
313,940.39
314,958.28
315,986.24
316,1013.07
317,1029.85
318,1022.02
319,1017.55
320,990.71
321,949.34
322,933.68
323,906.85
324,901.25
325,904.61
326,916.91
327,937.04
328,928.09
329,923.62
330,949.34
331,997.42
332,1015.31
333,1004.13
334,972.82
335,967.23
336,939.27
337,925.85
338,924.74
339,940.39
340,962.75
341,986.24
342,997.42
343,992.95
344,943.75
345,890.07
346,880.01
347,881.13
348,862.12
349,828.57
350,841.99
351,844.23
352,841.99
353,867.71
354,915.79
355,939.27
356,919.15
357,892.31
358,857.65
359,852.05
360,819.63
361,822.98
362,828.57
363,872.18
364,923.62
365,931.45
366,922.5
367,899.02
368,867.71
369,857.65
370,840.87
371,820.75
372,806.21
373,695.51
374,686.56
375,679.85
376,703.34
377,788.32
378,829.69
379,852.05
380,849.82
381,827.45
382,814.04
383,809.56
384,760.36
385,779.37
386,791.67
387,835.28
388,864.35
389,869.95
390,848.7
391,843.11
392,767.07
393,748.06
394,712.28
395,611.65
396,597.11
397,604.94
398,654.14
399,691.04
400,704.45
401,797.26
402,849.82
403,864.35
404,838.64
405,803.97
406,805.09
407,796.15
408,750.3
409,758.13
410,776.02
411,818.51
412,855.41
413,862.12
414,853.17
415,845.35
416,836.4
417,694.39
418,678.74
419,647.43
420,638.48
421,625.06
422,660.85
423,672.03
424,682.09
425,765.95
426,815.15
427,838.64
428,849.82
429,834.16
430,826.34
431,767.07
432,752.54
433,745.83
434,755.89
435,757.01
436,800.62
437,801.74
438,789.44
439,772.66
440,767.07
441,720.11
442,712.28
443,651.9
444,659.73
445,608.29
446,634.01
447,667.55
448,658.61
449,768.19
450,807.33
451,820.75
452,818.51
453,809.56
454,808.45
455,810.68
456,753.65
457,748.06
458,752.54
459,740.24
460,762.6
461,772.66
462,748.06
463,783.85
464,748.06
465,722.35
466,702.22
467,664.2
468,660.85
469,620.59
470,625.06
471,654.14
472,668.67
473,755.89
474,798.38
475,826.34
476,835.28
477,839.75
478,825.22
479,812.92
480,769.31
481,732.41
482,760.36
483,759.25
484,789.44
485,778.25
486,770.43
487,746.95
488,736.88
489,675.38
490,660.85
491,625.06
492,608.29
493,615
494,645.19
495,648.55
496,670.91
497,745.83
498,829.69
499,859.88
500,878.89
501,880.01
502,875.54
503,874.42
504,793.91
505,770.43
506,793.91
507,846.46
508,884.48
509,883.36
510,880.01
511,864.35
512,800.62
513,722.35
514,723.46
515,721.23
516,739.12
517,729.05
518,772.66
519,790.55
520,826.34
521,877.77
522,925.85
523,950.45
524,957.16
525,951.57
526,906.85
527,893.43
528,885.6
529,864.35
530,904.61
531,929.21
532,964.99
533,972.82
534,968.35
535,934.8
536,918.03
537,872.18
538,847.58
539,856.53
540,865.47
541,849.82
542,871.06
543,906.85
544,915.79
545,938.15
546,992.95
547,1019.78
548,1019.78
549,1013.07
550,979.53
551,961.64
552,941.51
553,924.74
554,947.1
555,961.64
556,984
557,989.59
558,985.12
559,957.16
560,956.05
561,878.89
562,865.47
563,861
564,871.06
565,843.11
566,852.05
567,865.47
568,886.72
569,924.74
570,961.64
571,997.42
572,997.42
573,973.94
574,966.11
575,962.75
576,931.45
577,900.14
578,923.62
579,931.45
580,942.63
581,943.75
582,942.63
583,938.15
584,948.22
585,914.67
586,880.01
587,827.45
588,821.86
589,826.34
590,861
591,890.07
592,891.19
593,926.97
594,961.64
595,991.83
596,1010.84
597,1013.07
598,960.52
599,940.39
600,925.85
601,894.55
602,901.25
603,919.15
604,948.22
605,947.1
606,948.22
607,924.74
608,920.26
609,874.42
610,838.64
611,853.17
612,875.54
613,861
614,891.19
615,926.97
616,952.69
617,947.1
618,970.58
619,981.76
620,995.18
621,1009.72
622,967.23
623,933.68
624,907.96
625,891.19
626,903.49
627,931.45
628,971.7
629,976.17
630,979.53
631,924.74
632,918.03
633,896.78
634,877.77
635,858.76
636,881.13
637,887.84
638,926.97
639,941.51
640,964.99
641,996.3
642,1004.13
643,1009.72
644,1026.49
645,1036.55
646,991.83
647,962.75
648,926.97
649,912.44
650,923.62
651,950.45
652,967.23
653,977.29
654,990.71
655,992.95
656,940.39
657,865.47
658,840.87
659,839.75
660,866.59
661,845.35
662,857.65
663,885.6
664,920.26
665,970.58
666,972.82
667,992.95
668,1010.84
669,1018.66
670,994.06
671,980.65
672,928.09
673,943.75
674,970.58
675,984
676,999.65
677,999.65
678,975.05
679,933.68
680,903.49
681,892.31
682,862.12
683,844.23
684,830.81
685,819.63
686,818.51
687,837.52
688,855.41
689,896.78
690,957.16
691,957.16
692,953.81
693,945.98
694,941.51
695,905.73
696,885.6
697,878.89
698,884.48
699,903.49
700,914.67
701,910.2
702,890.07
703,892.31
704,881.13
705,853.17
706,843.11
707,820.75
708,769.31
709,759.25
710,770.43
711,786.08
712,812.92
713,859.88
714,921.38
715,929.21
716,932.56
717,932.56
718,921.38
719,866.59
720,806.21
721,780.49
722,801.74
723,859.88
724,877.77
725,893.43
726,891.19
727,855.41
728,838.64
729,786.08
730,777.14
731,750.3
732,727.94
733,705.57
734,725.7
735,732.41
736,789.44
737,893.43
738,957.16
739,971.7
740,960.52
741,948.22
742,911.32
743,850.94
744,803.97
745,807.33
746,844.23
747,838.64
748,869.95
749,883.36
750,876.65
751,819.63
752,814.04
753,759.25
754,731.29
755,726.82
756,720.11
757,703.34
758,742.47
759,743.59
760,787.2
761,869.95
762,926.97
763,938.15
764,940.39
765,886.72
766,868.83
767,846.46
768,786.08
769,759.25
770,777.14
771,795.03
772,854.29
773,867.71
774,845.35
775,827.45
776,798.38
777,714.52
778,697.75
779,701.1
780,687.68
781,675.38
782,712.28
783,732.41
784,812.92
785,853.17
786,922.5
787,941.51
788,920.26
789,881.13
790,855.41
791,799.5
792,755.89
793,750.3
794,768.19
795,800.62
796,856.53
797,868.83
798,891.19
799,797.26
800,793.91
801,781.61
802,729.05
803,702.22
804,713.4
805,701.1
806,724.58
807,742.47
808,768.19
809,814.04
810,888.95
811,895.66
812,895.66
813,896.78
814,880.01
815,816.27
816,773.78
817,769.31
818,796.15
819,793.91
820,816.27
821,839.75
822,841.99
823,822.98
824,807.33
825,771.55
826,674.26
827,666.44
828,666.44
829,648.55
830,668.67
831,664.2
832,735.76
833,816.27
834,888.95
835,928.09
836,932.56
837,906.85
838,850.94
839,833.05
840,784.96
841,779.37
842,803.97
843,854.29
844,890.07
845,886.72
846,875.54
847,814.04
848,802.85
849,778.25
850,753.65
851,762.6
852,733.53
853,711.16
854,740.24
855,744.71
856,788.32
857,844.23
858,891.19
859,915.79
860,897.9
861,900.14
862,875.54
863,848.7
864,803.97
865,815.15
866,838.64
867,857.65
868,895.66
869,916.91
870,907.96
871,849.82
872,829.69
873,803.97
874,790.55
875,788.32
876,759.25
877,754.77
878,773.78
879,795.03
880,824.1
881,845.35
882,888.95
883,928.09
884,901.25
885,905.73
886,902.37
887,872.18
888,844.23
889,831.93
890,868.83
891,892.31
892,929.21
893,919.15
894,928.09
895,949.34
896,948.22
897,939.27
898,916.91
899,922.5
900,920.26
901,901.25
902,914.67
903,931.45
904,950.45
905,980.65
906,977.29
907,981.76
908,972.82
909,968.35
910,954.93
911,944.86
912,888.95
913,874.42
914,903.49
915,903.49
916,909.08
917,932.56
918,937.04
919,906.85
920,899.02
921,880.01
922,865.47
923,861
924,841.99
925,816.27
926,818.51
927,835.28
928,847.58
929,856.53
930,892.31
931,905.73
932,929.21
933,929.21
934,929.21
935,900.14
936,843.11
937,822.98
938,854.29
939,856.53
940,886.72
941,900.14
942,916.91
943,887.84
944,873.3
945,829.69
946,789.44
947,779.37
948,755.89
949,739.12
950,744.71
951,755.89
952,789.44
953,848.7
954,894.55
955,934.8
956,940.39
957,925.85
958,928.09
959,866.59
960,816.27
961,811.8
962,836.4
963,829.69
964,850.94
965,869.95
966,892.31
967,857.65
968,838.64
969,825.22
970,779.37
971,746.95
972,717.87
973,716.75
974,723.46
975,731.29
976,761.48
977,835.28
978,895.66
979,939.27
980,942.63
981,939.27
982,930.33
983,873.3
984,834.16
985,822.98
986,838.64
987,847.58
988,880.01
989,893.43
990,886.72
991,865.47
992,834.16
993,826.34
994,781.61
995,739.12
996,726.82
997,722.35
998,732.41
999,758.13
1000,783.85
1001,850.94
1002,926.97
1003,937.04
1004,956.05
1005,999.65
1006,997.42
1007,935.92
1008,895.66
1009,874.42
1010,886.72
1011,891.19
1012,925.85
1013,938.15
1014,941.51
1015,932.56
1016,937.04
1017,935.92
1018,909.08
1019,878.89
1020,872.18
1021,880.01
1022,900.14
1023,906.85
1024,932.56
1025,957.16
1026,978.41
1027,994.06
1028,994.06
1029,990.71
1030,982.88
1031,941.51
1032,900.14
1033,883.36
1034,899.02
1035,907.96
1036,944.86
1037,960.52
1038,961.64
1039,943.75
1040,941.51
1041,934.8
1042,896.78
1043,873.3
1044,872.18
1045,868.83
1046,900.14
1047,912.44
1048,949.34
1049,985.12
1050,1001.89
1051,996.3
1052,1000.77
1053,1017.55
1054,1015.31
1055,984
1056,968.35
1057,948.22
1058,976.17
1059,980.65
1060,991.83
1061,995.18
1062,991.83
1063,938.15
1064,926.97
1065,924.74
1066,866.59
1067,835.28
1068,833.05
1069,819.63
1070,835.28
1071,882.25
1072,920.26
1073,942.63
1074,987.35
1075,995.18
1076,995.18
1077,991.83
1078,977.29
1079,944.86
1080,919.15
1081,893.43
1082,919.15
1083,944.86
1084,985.12
1085,992.95
1086,994.06
1087,941.51
1088,881.13
1089,866.59
1090,874.42
1091,847.58
1092,828.57
1093,808.45
1094,854.29
1095,853.17
1096,858.76
1097,896.78
1098,925.85
1099,921.38
1100,925.85
1101,916.91
1102,886.72
1103,853.17
1104,820.75
1105,814.04
1106,821.86
1107,816.27
1108,856.53
1109,872.18
1110,868.83
1111,834.16
1112,791.67
1113,787.2
1114,746.95
1115,749.18
1116,765.95
1117,761.48
1118,753.65
1119,745.83
1120,798.38
1121,875.54
1122,911.32
1123,923.62
1124,922.5
1125,921.38
1126,903.49
1127,861
1128,836.4
1129,826.34
1130,837.52
1131,830.81
1132,894.55
1133,903.49
1134,885.6
1135,854.29
1136,836.4
1137,803.97
1138,776.02
1139,768.19
1140,776.02
1141,758.13
1142,760.36
1143,770.43
1144,807.33
1145,864.35
1146,903.49
1147,911.32
1148,907.96
1149,907.96
1150,888.95
1151,855.41
1152,816.27
1153,799.5
1154,811.8
1155,812.92
1156,829.69
1157,853.17
1158,854.29
1159,840.87
1160,816.27
1161,767.07
1162,776.02
1163,798.38
1164,780.49
1165,774.9
1166,790.55
1167,786.08
1168,789.44
1169,825.22
1170,852.05
1171,871.06
1172,893.43
1173,890.07
1174,853.17
1175,854.29
1176,821.86
1177,796.15
1178,808.45
1179,826.34
1180,856.53
1181,868.83
1182,862.12
1183,847.58
1184,822.98
1185,791.67
1186,757.01
1187,753.65
1188,749.18
1189,774.9
1190,803.97
1191,818.51
1192,827.45
1193,859.88
1194,891.19
1195,924.74
1196,932.56
1197,881.13
1198,881.13
1199,864.35
1200,838.64
1201,810.68
1202,811.8
1203,809.56
1204,829.69
1205,835.28
1206,837.52
1207,797.26
1208,778.25
1209,730.17
1210,744.71
1211,745.83
1212,750.3
1213,741.35
1214,781.61
1215,779.37
1216,800.62
1217,845.35
1218,887.84
1219,885.6
1220,882.25
1221,826.34
1222,829.69
1223,803.97
1224,801.74
1225,772.66
1226,812.92
1227,811.8
1228,818.51
1229,829.69
1230,831.93
1231,753.65
1232,726.82
1233,696.63
1234,749.18
1235,739.12
1236,744.71
1237,683.21
1238,718.99
1239,734.65
1240,768.19
1241,841.99
1242,897.9
1243,915.79
1244,937.04
1245,888.95
1246,859.88
1247,845.35
1248,800.62
1249,748.06
1250,814.04
1251,837.52
1252,852.05
1253,838.64
1254,836.4
1255,788.32
1256,703.34
1257,697.75
1258,768.19
1259,763.72
1260,718.99
1261,679.85
1262,693.27
1263,691.04
1264,708.93
1265,827.45
1266,893.43
1267,873.3
1268,877.77
1269,867.71
1270,859.88
1271,793.91
1272,793.91
1273,780.49
1274,849.82
1275,854.29
1276,864.35
1277,850.94
1278,841.99
1279,798.38
1280,704.45
1281,704.45
1282,777.14
1283,774.9
1284,726.82
1285,707.81
1286,733.53
1287,743.59
1288,780.49
1289,837.52
1290,886.72
1291,891.19
1292,873.3
1293,845.35
1294,837.52
1295,822.98
1296,802.85
1297,771.55
1298,848.7
1299,861
1300,858.76
1301,861
1302,869.95
1303,822.98
1304,741.35
1305,738
1306,789.44
1307,735.76
1308,649.66
1309,635.13
1310,677.62
1311,695.51
1312,723.46
1313,805.09
1314,872.18
1315,866.59
1316,838.64
1317,792.79
1318,798.38
1319,771.55
1320,741.35
1321,770.43
1322,824.1
1323,810.68
1324,801.74
1325,800.62
1326,802.85
1327,758.13
1328,687.68
1329,659.73
1330,670.91
1331,659.73
1332,657.49
1333,641.84
1334,651.9
1335,677.62
1336,699.98
1337,758.13
1338,854.29
1339,826.34
1340,808.45
1341,811.8
1342,822.98
1343,810.68
1344,806.21
1345,793.91
1346,827.45
1347,835.28
1348,835.28
1349,831.93
1350,833.05
1351,821.86
1352,831.93
1353,844.23
1354,850.94
1355,822.98
1356,833.05
1357,805.09
1358,807.33
1359,840.87
1360,845.35
1361,847.58
1362,874.42
1363,890.07
1364,914.67
1365,913.55
1366,911.32
1367,904.61
1368,923.62
1369,919.15
1370,928.09
1371,937.04
1372,935.92
1373,918.03
1374,911.32
1375,914.67
1376,907.96
1377,902.37
1378,905.73
1379,911.32
1380,914.67
1381,896.78
1382,899.02
1383,922.5
1384,920.26
1385,910.2
1386,914.67
1387,919.15
1388,918.03
1389,880.01
1390,877.77
1391,885.6
1392,853.17
1393,809.56
1394,833.05
1395,836.4
1396,845.35
1397,836.4
1398,836.4
1399,835.28
1400,835.28
1401,784.96
1402,762.6
1403,752.54
1404,746.95
1405,742.47
1406,776.02
1407,790.55
1408,874.42
1409,883.36
1410,910.2
1411,911.32
1412,928.09
1413,941.51
1414,921.38
1415,895.66
1416,884.48
1417,857.65
1418,866.59
1419,863.24
1420,862.12
1421,824.1
1422,814.04
1423,812.92
1424,816.27
1425,798.38
1426,733.53
1427,735.76
1428,732.41
1429,723.46
1430,740.24
1431,767.07
1432,792.79
1433,848.7
1434,883.36
1435,897.9
1436,887.84
1437,845.35
1438,834.16
1439,800.62
1440,809.56
1441,799.5
1442,805.09
1443,809.56
1444,819.63
1445,815.15
1446,814.04
1447,808.45
1448,790.55
1449,776.02
1450,736.88
1451,743.59
1452,746.95
1453,733.53
1454,742.47
1455,753.65
1456,781.61
1457,819.63
1458,821.86
1459,843.11
1460,849.82
1461,854.29
1462,836.4
1463,828.57
1464,814.04
1465,778.25
1466,810.68
1467,840.87
1468,846.46
1469,843.11
1470,872.18
1471,827.45
1472,831.93
1473,814.04
1474,800.62
1475,792.79
1476,774.9
1477,757.01
1478,782.73
1479,774.9
1480,788.32
1481,800.62
1482,826.34
1483,839.75
1484,820.75
1485,812.92
1486,811.8
1487,796.15
1488,799.5
1489,784.96
1490,786.08
1491,791.67
1492,795.03
1493,792.79
1494,807.33
1495,776.02
1496,755.89
1497,735.76
1498,692.15
1499,693.27
1500,677.62
1501,632.89
1502,651.9
1503,663.08
1504,751.42
1505,796.15
1506,822.98
1507,852.05
1508,850.94
1509,818.51
1510,781.61
1511,788.32
1512,773.78
1513,761.48
1514,770.43
1515,786.08
1516,826.34
1517,822.98
1518,805.09
1519,778.25
1520,749.18
1521,706.69
1522,650.78
1523,653.02
1524,651.9
1525,585.93
1526,620.59
1527,656.37
1528,712.28
1529,765.95
1530,836.4
1531,866.59
1532,837.52
1533,825.22
1534,814.04
1535,778.25
1536,759.25
1537,764.84
1538,765.95
1539,795.03
1540,825.22
1541,829.69
1542,820.75
1543,793.91
1544,731.29
1545,680.97
1546,670.91
1547,679.85
1548,682.09
1549,623.95
1550,653.02
1551,697.75
1552,721.23
1553,774.9
1554,825.22
1555,843.11
1556,817.39
1557,810.68
1558,767.07
1559,735.76
1560,723.46
1561,717.87
1562,772.66
1563,797.26
1564,830.81
1565,828.57
1566,818.51
1567,799.5
1568,734.65
1569,659.73
1570,655.25
1571,666.44
1572,664.2
1573,606.05
1574,641.84
1575,658.61
1576,689.92
1577,757.01
1578,819.63
1579,833.05
1580,807.33
1581,801.74
1582,777.14
1583,726.82
1584,697.75
1585,680.97
1586,746.95
1587,792.79
1588,835.28
1589,840.87
1590,830.81
1591,771.55
1592,754.77
1593,749.18
1594,679.85
1595,665.32
1596,667.55
1597,615
1598,646.31
1599,646.31
1600,696.63
1601,767.07
1602,831.93
1603,856.53
1604,840.87
1605,814.04
1606,792.79
1607,731.29
1608,716.75
1609,702.22
1610,749.18
1611,765.95
1612,803.97
1613,801.74
1614,777.14
1615,705.57
1616,696.63
1617,672.03
1618,631.77
1619,646.31
1620,653.02
1621,551.26
1622,603.82
1623,630.65
1624,688.8
1625,780.49
1626,830.81
1627,845.35
1628,837.52
1629,826.34
1630,783.85
1631,679.85
1632,659.73
1633,631.77
1634,710.05
1635,750.3
1636,778.25
1637,790.55
1638,757.01
1639,688.8
1640,628.42
1641,631.77
1642,590.4
1643,570.27
1644,559.09
1645,506.54
1646,554.62
1647,594.87
1648,667.55
1649,741.35
1650,814.04
1651,856.53
1652,844.23
1653,814.04
1654,718.99
1655,682.09
1656,649.66
1657,616.12
1658,691.04
1659,734.65
1660,740.24
1661,748.06
1662,692.15
1663,639.6
1664,609.41
1665,604.94
1666,544.55
1667,545.67
1668,547.91
1669,483.05
1670,515.48
1671,540.08
1672,626.18
1673,694.39
1674,776.02
1675,809.56
1676,800.62
1677,768.19
1678,684.33
1679,618.35
1680,572.51
1681,545.67
1682,598.23
1683,646.31
1684,654.14
1685,656.37
1686,634.01
1687,641.84
1688,625.06
1689,611.65
1690,566.92
1691,565.8
1692,546.79
1693,514.36
1694,551.26
1695,571.39
1696,628.42
1697,688.8
1698,762.6
1699,792.79
1700,801.74
1701,736.88
1702,673.15
1703,594.87
1704,561.33
1705,518.84
1706,528.9
1707,623.95
1708,648.55
1709,667.55
1710,667.55
1711,609.41
1712,557.97
1713,526.66
1714,484.17
1715,472.99
1716,468.52
1717,450.63
1718,481.94
1719,526.66
1720,570.27
1721,650.78
1722,692.15
1723,743.59
1724,748.06
1725,707.81
1726,666.44
1727,603.82
1728,553.5
1729,516.6
1730,541.2
1731,628.42
1732,657.49
1733,649.66
1734,630.65
1735,598.23
1736,574.75
1737,568.04
1738,480.82
1739,461.81
1740,456.22
1741,443.92
1742,484.17
1743,505.42
1744,560.21
1745,649.66
1746,693.27
1747,755.89
1748,777.14
1749,778.25
1750,731.29
1751,551.26
1752,496.47
1753,507.65
1754,550.15
1755,613.88
1756,632.89
1757,656.37
1758,663.08
1759,654.14
1760,601.58
1761,579.22
1762,532.25
1763,500.95
1764,483.05
1765,471.87
1766,516.6
1767,528.9
1768,552.38
1769,668.67
1770,753.65
1771,788.32
1772,772.66
1773,769.31
1774,741.35
1775,644.07
1776,602.7
1777,578.1
1778,590.4
1779,646.31
1780,682.09
1781,695.51
1782,689.92
1783,613.88
1784,556.85
1785,547.91
1786,518.84
1787,493.12
1788,498.71
1789,469.64
1790,494.24
1791,511.01
1792,543.44
1793,670.91
1794,748.06
1795,781.61
1796,763.72
1797,752.54
1798,729.05
1799,587.05
1800,549.03
1801,536.73
1802,565.8
1803,609.41
1804,638.48
1805,682.09
1806,668.67
1807,629.54
1808,580.34
1809,584.81
1810,573.63
1811,549.03
1812,542.32
1813,481.94
1814,522.19
1815,538.96
1816,597.11
1817,667.55
1818,717.87
1819,750.3
1820,748.06
1821,735.76
1822,686.56
1823,585.93
1824,554.62
1825,573.63
1826,591.52
1827,582.57
1828,623.95
1829,629.54
1830,616.12
1831,599.35
1832,589.28
1833,594.87
1834,587.05
1835,569.15
1836,598.23
1837,572.51
1838,620.59
1839,645.19
1840,649.66
1841,678.74
1842,714.52
1843,721.23
1844,724.58
1845,721.23
1846,692.15
1847,618.35
1848,617.24
1849,612.76
1850,638.48
1851,672.03
1852,688.8
1853,695.51
1854,702.22
1855,688.8
1856,618.35
1857,611.65
1858,573.63
1859,569.15
1860,576.98
1861,559.09
1862,566.92
1863,582.57
1864,648.55
1865,678.74
1866,724.58
1867,789.44
1868,799.5
1869,741.35
1870,692.15
1871,642.95
1872,644.07
1873,622.83
1874,631.77
1875,695.51
1876,726.82
1877,726.82
1878,732.41
1879,726.82
1880,656.37
1881,642.95
1882,630.65
1883,631.77
1884,632.89
1885,635.13
1886,641.84
1887,640.72
1888,668.67
1889,733.53
1890,762.6
1891,781.61
1892,776.02
1893,779.37
1894,723.46
1895,655.25
1896,655.25
1897,644.07
1898,675.38
1899,656.37
1900,699.98
1901,698.86
1902,699.98
1903,697.75
1904,628.42
1905,627.3
1906,622.83
1907,613.88
1908,618.35
1909,584.81
1910,608.29
1911,615
1912,647.43
1913,764.84
1914,808.45
1915,819.63
1916,812.92
1917,805.09
1918,673.15
1919,660.85
1920,627.3
1921,563.56
1922,590.4
1923,673.15
1924,658.61
1925,702.22
1926,713.4
1927,724.58
1928,687.68
1929,678.74
1930,693.27
1931,694.39
1932,670.91
1933,612.76
1934,667.55
1935,673.15
1936,717.87
1937,802.85
1938,826.34
1939,841.99
1940,837.52
1941,821.86
1942,722.35
1943,711.16
1944,705.57
1945,682.09
1946,680.97
1947,679.85
1948,693.27
1949,720.11
1950,731.29
1951,731.29
1952,656.37
1953,617.24
1954,623.95
1955,626.18
1956,623.95
1957,616.12
1958,632.89
1959,631.77
1960,650.78
1961,712.28
1962,779.37
1963,805.09
1964,807.33
1965,805.09
1966,695.51
1967,676.5
1968,669.79
1969,650.78
1970,654.14
1971,672.03
1972,674.26
1973,697.75
1974,694.39
1975,669.79
1976,617.24
1977,606.05
1978,603.82
1979,600.46
1980,590.4
1981,575.86
1982,585.93
1983,627.3
1984,669.79
1985,784.96
1986,812.92
1987,829.69
1988,852.05
1989,837.52
1990,791.67
1991,730.17
1992,729.05
1993,724.58
1994,727.94
1995,752.54
1996,788.32
1997,799.5
1998,803.97
1999,739.12
2000,711.16
2001,708.93
2002,691.04
2003,684.33
2004,683.21
2005,637.36
2006,647.43
2007,673.15
2008,692.15
2009,731.29
2010,750.3
2011,783.85
2012,799.5
2013,788.32
2014,749.18
2015,743.59
2016,727.94
2017,712.28
2018,723.46
2019,732.41
2020,729.05
2021,722.35
2022,706.69
2023,705.57
2024,698.86
2025,704.45
2026,722.35
2027,739.12
2028,752.54
2029,741.35
2030,808.45
2031,837.52
2032,848.7
2033,853.17
2034,865.47
2035,892.31
2036,902.37
2037,912.44
2038,934.8
2039,939.27
2040,940.39
2041,952.69
2042,967.23
2043,966.11
2044,975.05
2045,973.94
2046,963.87
2047,951.57
2048,918.03
2049,904.61
2050,938.15
2051,904.61
2052,876.65
2053,865.47
2054,877.77
2055,881.13
2056,869.95
2057,868.83
2058,881.13
2059,902.37
2060,952.69
2061,945.98
2062,873.3
2063,867.71
2064,856.53
2065,822.98
2066,834.16
2067,896.78
2068,873.3
2069,869.95
2070,859.88
2071,808.45
2072,802.85
2073,799.5
2074,807.33
2075,800.62
2076,799.5
2077,783.85
2078,796.15
2079,793.91
2080,791.67
2081,859.88
2082,909.08
2083,945.98
2084,938.15
2085,867.71
2086,871.06
2087,837.52
2088,802.85
2089,769.31
2090,830.81
2091,843.11
2092,853.17
2093,862.12
2094,866.59
2095,796.15
2096,782.73
2097,782.73
2098,795.03
2099,835.28
2100,863.24
2101,830.81
2102,850.94
2103,852.05
2104,920.26
2105,962.75
2106,982.88
2107,991.83
2108,999.65
2109,1001.89
2110,925.85
2111,909.08
2112,915.79
2113,904.61
2114,956.05
2115,960.52
2116,981.76
2117,988.47
2118,944.86
2119,897.9
2120,901.25
2121,897.9
2122,903.49
2123,911.32
2124,914.67
2125,907.96
2126,918.03
2127,913.55
2128,939.27
2129,960.52
2130,960.52
2131,970.58
2132,976.17
2133,984
2134,988.47
2135,994.06
2136,1008.6
2137,1004.13
2138,1013.07
2139,1019.78
2140,1023.14
2141,1022.02
2142,1023.14
2143,1010.84
2144,998.54
2145,999.65
2146,994.06
2147,1009.72
2148,1017.55
2149,1003.01
2150,1010.84
2151,1014.19
2152,1018.66
2153,1015.31
2154,1015.31
2155,1014.19
2156,1013.07
2157,1007.48
2158,1007.48
2159,1009.72
2160,1017.55
2161,1013.07
2162,1018.66
2163,1014.19
2164,1017.55
2165,1015.31
2166,1018.66
2167,1009.72
2168,1005.25
2169,997.42
2170,994.06
2171,996.3
2172,1015.31
2173,990.71
2174,1011.95
2175,1024.25
2176,1041.03
2177,1037.67
2178,1038.79
2179,1041.03
2180,1039.91
2181,1036.55
2182,1006.36
2183,994.06
2184,987.35
2185,980.65
2186,985.12
2187,985.12
2188,986.24
2189,985.12
2190,977.29
2191,930.33
2192,926.97
2193,915.79
2194,911.32
2195,916.91
2196,919.15
2197,914.67
2198,925.85
2199,937.04
2200,938.15
2201,945.98
2202,991.83
2203,988.47
2204,986.24
2205,985.12
2206,978.41
2207,920.26
2208,924.74
2209,913.55
2210,905.73
2211,901.25
2212,950.45
2213,953.81
2214,905.73
2215,899.02
2216,894.55
2217,887.84
2218,883.36
2219,886.72
2220,884.48
2221,854.29
2222,863.24
2223,863.24
2224,865.47
2225,861
2226,924.74
2227,942.63
2228,939.27
2229,941.51
2230,871.06
2231,868.83
2232,843.11
2233,836.4
2234,837.52
2235,839.75
2236,903.49
2237,932.56
2238,939.27
2239,881.13
2240,858.76
2241,827.45
2242,808.45
2243,801.74
2244,803.97
2245,795.03
2246,808.45
2247,834.16
2248,829.69
2249,862.12
2250,903.49
2251,899.02
2252,909.08
2253,904.61
2254,824.1
2255,821.86
2256,826.34
2257,811.8
2258,836.4
2259,837.52
2260,886.72
2261,874.42
2262,791.67
2263,791.67
2264,787.2
2265,818.51
2266,763.72
2267,742.47
2268,748.06
2269,740.24
2270,736.88
2271,753.65
2272,742.47
2273,787.2
2274,841.99
2275,840.87
2276,839.75
2277,858.76
2278,805.09
2279,787.2
2280,749.18
2281,715.64
2282,717.87
2283,717.87
2284,776.02
2285,770.43
2286,733.53
2287,741.35
2288,716.75
2289,800.62
2290,764.84
2291,761.48
2292,757.01
2293,742.47
2294,751.42
2295,779.37
2296,783.85
2297,795.03
2298,821.86
2299,882.25
2300,872.18
2301,865.47
2302,808.45
2303,745.83
2304,742.47
2305,731.29
2306,729.05
2307,744.71
2308,807.33
2309,810.68
2310,827.45
2311,784.96
2312,733.53
2313,718.99
2314,731.29
2315,762.6
2316,773.78
2317,763.72
2318,768.19
2319,755.89
2320,751.42
2321,755.89
2322,836.4
2323,835.28
2324,821.86
2325,809.56
2326,725.7
2327,683.21
2328,657.49
2329,654.14
2330,657.49
2331,680.97
2332,739.12
2333,764.84
2334,780.49
2335,685.45
2336,650.78
2337,654.14
2338,654.14
2339,647.43
2340,650.78
2341,648.55
2342,654.14
2343,661.96
2344,688.8
2345,705.57
2346,789.44
2347,795.03
2348,786.08
2349,757.01
2350,660.85
2351,653.02
2352,663.08
2353,645.19
2354,642.95
2355,645.19
2356,696.63
2357,721.23
2358,714.52
2359,660.85
2360,636.25
2361,641.84
2362,617.24
2363,618.35
2364,621.71
2365,610.53
2366,620.59
2367,631.77
2368,667.55
2369,738
2370,844.23
2371,868.83
2372,841.99
2373,797.26
2374,722.35
2375,710.05
2376,712.28
2377,734.65
2378,740.24
2379,740.24
2380,769.31
2381,790.55
2382,731.29
2383,708.93
2384,676.5
2385,680.97
2386,679.85
2387,676.5
2388,685.45
2389,675.38
2390,685.45
2391,715.64
2392,742.47
2393,744.71
2394,817.39
2395,810.68
2396,817.39
2397,748.06
2398,746.95
2399,694.39
2400,683.21
2401,649.66
2402,666.44
2403,696.63
2404,754.77
2405,788.32
2406,748.06
2407,730.17
2408,682.09
2409,688.8
2410,694.39
2411,703.34
2412,678.74
2413,675.38
2414,696.63
2415,701.1
2416,698.86
2417,724.58
2418,771.55
2419,749.18
2420,733.53
2421,675.38
2422,657.49
2423,629.54
2424,623.95
2425,600.46
2426,597.11
2427,611.65
2428,674.26
2429,649.66
2430,621.71
2431,619.47
2432,609.41
2433,623.95
2434,625.06
2435,629.54
2436,640.72
2437,629.54
2438,659.73
2439,688.8
2440,713.4
2441,762.6
2442,841.99
2443,786.08
2444,767.07
2445,755.89
2446,689.92
2447,657.49
2448,619.47
2449,598.23
2450,618.35
2451,620.59
2452,656.37
2453,696.63
2454,670.91
2455,640.72
2456,616.12
2457,635.13
2458,647.43
2459,708.93
2460,638.48
2461,615
2462,644.07
2463,650.78
2464,687.68
2465,688.8
2466,723.46
2467,745.83
2468,705.57
2469,668.67
2470,647.43
2471,618.35
2472,626.18
2473,610.53
2474,611.65
2475,594.87
2476,620.59
2477,655.25
2478,663.08
2479,615
2480,621.71
2481,646.31
2482,632.89
2483,679.85
2484,641.84
2485,615
2486,628.42
2487,638.48
2488,673.15
2489,718.99
2490,770.43
2491,844.23
2492,796.15
2493,710.05
2494,683.21
2495,622.83
2496,612.76
2497,589.28
2498,587.05
2499,582.57
2500,571.39
2501,579.22
2502,597.11
2503,607.17
2504,611.65
2505,616.12
2506,613.88
2507,663.08
2508,623.95
2509,581.45
2510,589.28
2511,592.64
2512,608.29
2513,689.92
2514,710.05
2515,734.65
2516,684.33
2517,641.84
2518,627.3
2519,582.57
2520,587.05
2521,568.04
2522,566.92
2523,571.39
2524,566.92
2525,590.4
2526,595.99
2527,603.82
2528,597.11
2529,617.24
2530,588.16
2531,600.46
2532,591.52
2533,541.2
2534,542.32
2535,585.93
2536,625.06
2537,689.92
2538,748.06
2539,758.13
2540,749.18
2541,708.93
2542,654.14
2543,650.78
2544,640.72
2545,608.29
2546,619.47
2547,660.85
2548,668.67
2549,741.35
2550,702.22
2551,695.51
2552,696.63
2553,676.5
2554,651.9
2555,676.5
2556,668.67
2557,660.85
2558,665.32
2559,688.8
2560,703.34
2561,722.35
2562,789.44
2563,774.9
2564,749.18
2565,717.87
2566,714.52
2567,701.1
2568,692.15
2569,692.15
2570,684.33
2571,736.88
2572,750.3
2573,734.65
2574,724.58
2575,673.15
2576,675.38
2577,741.35
2578,738
2579,732.41
2580,715.64
2581,663.08
2582,672.03
2583,680.97
2584,685.45
2585,718.99
2586,768.19
2587,811.8
2588,836.4
2589,869.95
2590,836.4
2591,826.34
2592,815.15
2593,810.68
2594,843.11
2595,849.82
2596,791.67
2597,765.95
2598,772.66
2599,776.02
2600,777.14
2601,771.55
2602,765.95
2603,772.66
2604,772.66
2605,718.99
2606,733.53
2607,739.12
2608,724.58
2609,764.84
2610,825.22
2611,852.05
2612,847.58
2613,801.74
2614,741.35
2615,710.05
2616,695.51
2617,653.02
2618,663.08
2619,686.56
2620,686.56
2621,701.1
2622,694.39
2623,699.98
2624,710.05
2625,718.99
2626,705.57
2627,685.45
2628,640.72
2629,615
2630,627.3
2631,659.73
2632,703.34
2633,723.46
2634,748.06
2635,792.79
2636,800.62
2637,751.42
2638,734.65
2639,661.96
2640,653.02
2641,677.62
2642,689.92
2643,696.63
2644,688.8
2645,672.03
2646,666.44
2647,670.91
2648,698.86
2649,723.46
2650,696.63
2651,684.33
2652,628.42
2653,623.95
2654,687.68
2655,723.46
2656,748.06
2657,768.19
2658,826.34
2659,853.17
2660,828.57
2661,787.2
2662,758.13
2663,711.16
2664,692.15
2665,655.25
2666,647.43
2667,648.55
2668,715.64
2669,735.76
2670,741.35
2671,666.44
2672,675.38
2673,669.79
2674,665.32
2675,661.96
2676,664.2
2677,619.47
2678,623.95
2679,628.42
2680,666.44
2681,722.35
2682,809.56
2683,863.24
2684,868.83
2685,764.84
2686,727.94
2687,675.38
2688,654.14
2689,639.6
2690,742.47
2691,720.11
2692,733.53
2693,741.35
2694,751.42
2695,692.15
2696,683.21
2697,687.68
2698,684.33
2699,641.84
2700,642.95
2701,626.18
2702,691.04
2703,703.34
2704,776.02
2705,848.7
2706,864.35
2707,869.95
2708,883.36
2709,789.44
2710,738
2711,716.75
2712,699.98
2713,663.08
2714,680.97
2715,738
2716,742.47
2717,726.82
2718,710.05
2719,697.75
2720,705.57
2721,694.39
2722,697.75
2723,754.77
2724,755.89
2725,691.04
2726,707.81
2727,714.52
2728,777.14
2729,814.04
2730,853.17
2731,878.89
2732,865.47
2733,795.03
2734,724.58
2735,696.63
2736,685.45
2737,650.78
2738,724.58
2739,740.24
2740,739.12
2741,741.35
2742,746.95
2743,712.28
2744,675.38
2745,678.74
2746,684.33
2747,638.48
2748,620.59
2749,615
2750,649.66
2751,712.28
2752,758.13
2753,770.43
2754,814.04
2755,847.58
2756,852.05
2757,821.86
2758,684.33
2759,639.6
2760,638.48
2761,619.47
2762,734.65
2763,768.19
2764,774.9
2765,771.55
2766,760.36
2767,672.03
2768,668.67
2769,660.85
2770,667.55
2771,634.01
2772,626.18
2773,607.17
2774,627.3
2775,718.99
2776,726.82
2777,762.6
2778,811.8
2779,835.28
2780,776.02
2781,770.43
2782,723.46
2783,647.43
2784,636.25
2785,648.55
2786,759.25
2787,788.32
2788,798.38
2789,816.27
2790,744.71
2791,670.91
2792,668.67
2793,664.2
2794,667.55
2795,632.89
2796,606.05
2797,592.64
2798,637.36
2799,699.98
2800,743.59
2801,859.88
2802,893.43
2803,919.15
2804,921.38
2805,891.19
2806,755.89
2807,657.49
2808,639.6
2809,639.6
2810,675.38
2811,675.38
2812,706.69
2813,745.83
2814,730.17
2815,669.79
2816,659.73
2817,672.03
2818,656.37
2819,593.75
2820,579.22
2821,574.75
2822,623.95
2823,693.27
2824,800.62
2825,835.28
2826,884.48
2827,906.85
2828,905.73
2829,801.74
2830,723.46
2831,675.38
2832,621.71
2833,616.12
2834,642.95
2835,649.66
2836,714.52
2837,730.17
2838,695.51
2839,640.72
2840,625.06
2841,629.54
2842,611.65
2843,604.94
2844,569.15
2845,557.97
2846,602.7
2847,648.55
2848,758.13
2849,826.34
2850,872.18
2851,913.55
2852,901.25
2853,792.79
2854,712.28
2855,648.55
2856,616.12
2857,594.87
2858,613.88
2859,658.61
2860,699.98
2861,688.8
2862,678.74
2863,611.65
2864,604.94
2865,610.53
2866,602.7
2867,592.64
2868,554.62
2869,555.74
2870,606.05
2871,642.95
2872,763.72
2873,846.46
2874,877.77
2875,904.61
2876,881.13
2877,781.61
2878,686.56
2879,629.54
2880,590.4
2881,547.91
2882,552.38
2883,597.11
2884,660.85
2885,670.91
2886,659.73
2887,581.45
2888,541.2
2889,532.25
2890,527.78
2891,527.78
2892,513.25
2893,500.95
2894,508.77
2895,537.85
2896,616.12
2897,758.13
2898,854.29
2899,868.83
2900,871.06
2901,774.9
2902,623.95
2903,561.33
2904,566.92
2905,530.02
2906,536.73
2907,560.21
2908,660.85
2909,663.08
2910,642.95
2911,580.34
2912,550.15
2913,530.02
2914,526.66
2915,512.13
2916,524.43
2917,500.95
2918,500.95
2919,522.19
2920,636.25
2921,713.4
2922,776.02
2923,795.03
2924,807.33
2925,743.59
2926,648.55
2927,553.5
2928,557.97
2929,534.49
2930,553.5
2931,590.4
2932,608.29
2933,603.82
2934,588.16
2935,589.28
2936,584.81
2937,589.28
2938,618.35
2939,595.99
2940,595.99
2941,588.16
2942,627.3
2943,683.21
2944,714.52
2945,802.85
2946,826.34
2947,799.5
2948,825.22
2949,765.95
2950,710.05
2951,738
2952,792.79
2953,818.51
2954,849.82
2955,895.66
2956,911.32
2957,892.31
2958,886.72
2959,900.14
2960,914.67
2961,910.2
2962,910.2
2963,884.48
2964,886.72
2965,862.12
2966,865.47
2967,880.01
2968,872.18
2969,857.65
2970,872.18
2971,882.25
2972,861
2973,819.63
2974,790.55
2975,778.25
2976,764.84
2977,760.36
2978,731.29
2979,721.23
2980,768.19
2981,742.47
2982,714.52
2983,695.51
2984,701.1
2985,750.3
2986,796.15
2987,815.15
2988,827.45
2989,817.39
2990,825.22
2991,856.53
2992,878.89
2993,888.95
2994,950.45
2995,967.23
2996,915.79
2997,793.91
2998,762.6
2999,748.06
3000,744.71
3001,788.32
3002,735.76
3003,730.17
3004,735.76
3005,741.35
3006,765.95
3007,731.29
3008,738
3009,771.55
3010,733.53
3011,724.58
3012,757.01
3013,738
3014,770.43
3015,773.78
3016,808.45
3017,834.16
3018,929.21
3019,961.64
3020,920.26
3021,805.09
3022,757.01
3023,734.65
3024,714.52
3025,711.16
3026,715.64
3027,715.64
3028,786.08
3029,799.5
3030,727.94
3031,701.1
3032,717.87
3033,696.63
3034,675.38
3035,648.55
3036,630.65
3037,588.16
3038,622.83
3039,675.38
3040,713.4
3041,791.67
3042,885.6
3043,932.56
3044,945.98
3045,805.09
3046,724.58
3047,684.33
3048,679.85
3049,656.37
3050,664.2
3051,668.67
3052,693.27
3053,746.95
3054,742.47
3055,730.17
3056,677.62
3057,609.41
3058,606.05
3059,610.53
3060,613.88
3061,598.23
3062,648.55
3063,695.51
3064,741.35
3065,844.23
3066,899.02
3067,931.45
3068,919.15
3069,796.15
3070,755.89
3071,696.63
3072,660.85
3073,651.9
3074,616.12
3075,606.05
3076,669.79
3077,661.96
3078,649.66
3079,668.67
3080,653.02
3081,666.44
3082,667.55
3083,672.03
3084,687.68
3085,677.62
3086,678.74
3087,684.33
3088,743.59
3089,820.75
3090,885.6
3091,886.72
3092,885.6
3093,801.74
3094,735.76
3095,706.69
3096,685.45
3097,678.74
3098,693.27
3099,741.35
3100,826.34
3101,830.81
3102,810.68
3103,799.5
3104,798.38
3105,753.65
3106,744.71
3107,761.48
3108,723.46
3109,710.05
3110,765.95
3111,792.79
3112,829.69
3113,912.44
3114,916.91
3115,901.25
3116,855.41
3117,864.35
3118,841.99
3119,815.15
3120,867.71
3121,931.45
3122,907.96
3123,885.6
3124,935.92
3125,982.88
3126,986.24
3127,982.88
3128,949.34
3129,952.69
3130,967.23
3131,948.22
3132,945.98
3133,924.74
3134,934.8
3135,959.4
3136,996.3
3137,1003.01
3138,1005.25
3139,1006.36
3140,990.71
3141,981.76
3142,971.7
3143,970.58
3144,976.17
3145,952.69
3146,952.69
3147,930.33
3148,922.5
3149,905.73
3150,896.78
3151,904.61
3152,907.96
3153,904.61
3154,923.62
3155,944.86
3156,939.27
3157,930.33
3158,933.68
3159,943.75
3160,964.99
3161,981.76
3162,990.71
3163,999.65
3164,994.06
3165,954.93
3166,953.81
3167,948.22
3168,948.22
3169,918.03
3170,934.8
3171,967.23
3172,967.23
3173,957.16
3174,938.15
3175,945.98
3176,937.04
3177,914.67
3178,919.15
3179,907.96
3180,881.13
3181,866.59
3182,883.36
3183,894.55
3184,904.61
3185,895.66
3186,937.04
3187,949.34
3188,947.1
3189,930.33
3190,910.2
3191,915.79
3192,904.61
3193,912.44
3194,943.75
3195,957.16
3196,933.68
3197,947.1
3198,953.81
3199,954.93
3200,964.99
3201,958.28
3202,926.97
3203,923.62
3204,939.27
3205,938.15
3206,945.98
3207,924.74
3208,945.98
3209,985.12
3210,990.71
3211,997.42
3212,1000.77
3213,959.4
3214,950.45
3215,949.34
3216,931.45
3217,941.51
3218,945.98
3219,945.98
3220,960.52
3221,973.94
3222,971.7
3223,948.22
3224,945.98
3225,945.98
3226,944.86
3227,886.72
3228,894.55
3229,883.36
3230,885.6
3231,919.15
3232,933.68
3233,953.81
3234,986.24
3235,1004.13
3236,981.76
3237,925.85
3238,923.62
3239,925.85
3240,929.21
3241,937.04
3242,948.22
3243,954.93
3244,967.23
3245,977.29
3246,952.69
3247,873.3
3248,837.52
3249,837.52
3250,835.28
3251,835.28
3252,856.53
3253,840.87
3254,828.57
3255,831.93
3256,863.24
3257,882.25
3258,963.87
3259,984
3260,990.71
3261,976.17
3262,886.72
3263,878.89
3264,866.59
3265,900.14
3266,893.43
3267,915.79
3268,943.75
3269,945.98
3270,895.66
3271,871.06
3272,841.99
3273,821.86
3274,853.17
3275,830.81
3276,799.5
3277,790.55
3278,793.91
3279,825.22
3280,838.64
3281,839.75
3282,890.07
3283,923.62
3284,925.85
3285,934.8
3286,914.67
3287,904.61
3288,897.9
3289,940.39
3290,947.1
3291,943.75
3292,942.63
3293,970.58
3294,929.21
3295,931.45
3296,926.97
3297,934.8
3298,925.85
3299,912.44
3300,912.44
3301,888.95
3302,888.95
3303,880.01
3304,874.42
3305,849.82
3306,858.76
3307,864.35
3308,861
3309,861
3310,853.17
3311,841.99
3312,841.99
3313,829.69
3314,835.28
3315,831.93
3316,831.93
3317,828.57
3318,821.86
3319,822.98
3320,820.75
3321,834.16
3322,834.16
3323,831.93
3324,837.52
3325,837.52
3326,845.35
3327,843.11
3328,858.76
3329,861
3330,871.06
3331,893.43
3332,893.43
3333,893.43
3334,895.66
3335,894.55
3336,902.37
3337,919.15
3338,910.2
3339,887.84
3340,883.36
3341,886.72
3342,919.15
3343,886.72
3344,880.01
3345,878.89
3346,890.07
3347,891.19
3348,896.78
3349,888.95
3350,888.95
3351,896.78
3352,890.07
3353,910.2
3354,905.73
3355,909.08
3356,884.48
3357,886.72
3358,881.13
3359,877.77
3360,875.54
3361,918.03
3362,907.96
3363,885.6
3364,888.95
3365,928.09
3366,929.21
3367,890.07
3368,888.95
3369,887.84
3370,929.21
3371,928.09
3372,934.8
3373,926.97
3374,934.8
3375,935.92
3376,931.45
3377,930.33
3378,963.87
3379,1004.13
3380,978.41
3381,951.57
3382,957.16
3383,948.22
3384,954.93
3385,944.86
3386,951.57
3387,954.93
3388,952.69
3389,951.57
3390,950.45
3391,947.1
3392,948.22
3393,948.22
3394,948.22
3395,949.34
3396,956.05
3397,945.98
3398,950.45
3399,950.45
3400,948.22
3401,951.57
3402,977.29
3403,1004.13
3404,995.18
3405,962.75
3406,952.69
3407,952.69
3408,959.4
3409,948.22
3410,953.81
3411,951.57
3412,951.57
3413,951.57
3414,951.57
3415,937.04
3416,928.09
3417,924.74
3418,923.62
3419,877.77
3420,876.65
3421,866.59
3422,875.54
3423,916.91
3424,918.03
3425,914.67
3426,944.86
3427,970.58
3428,971.7
3429,943.75
3430,918.03
3431,857.65
3432,864.35
3433,853.17
3434,878.89
3435,878.89
3436,882.25
3437,871.06
3438,871.06
3439,852.05
3440,848.7
3441,847.58
3442,850.94
3443,853.17
3444,841.99
3445,843.11
3446,864.35
3447,869.95
3448,873.3
3449,925.85
3450,969.46
3451,947.1
3452,935.92
3453,910.2
3454,888.95
3455,876.65
3456,881.13
3457,871.06
3458,896.78
3459,899.02
3460,897.9
3461,890.07
3462,865.47
3463,866.59
3464,866.59
3465,866.59
3466,836.4
3467,862.12
3468,845.35
3469,838.64
3470,874.42
3471,935.92
3472,967.23
3473,996.3
3474,1003.01
3475,997.42
3476,989.59
3477,981.76
3478,931.45
3479,896.78
3480,900.14
3481,861
3482,878.89
3483,940.39
3484,941.51
3485,949.34
3486,960.52
3487,905.73
3488,880.01
3489,863.24
3490,847.58
3491,843.11
3492,839.75
3493,791.67
3494,817.39
3495,825.22
3496,854.29
3497,913.55
3498,999.65
3499,1013.07
3500,945.98
3501,903.49
3502,891.19
3503,864.35
3504,857.65
3505,825.22
3506,850.94
3507,912.44
3508,926.97
3509,950.45
3510,909.08
3511,881.13
3512,852.05
3513,850.94
3514,822.98
3515,827.45
3516,810.68
3517,789.44
3518,810.68
3519,811.8
3520,859.88
3521,950.45
3522,970.58
3523,977.29
3524,905.73
3525,846.46
3526,824.1
3527,821.86
3528,825.22
3529,798.38
3530,812.92
3531,784.96
3532,789.44
3533,830.81
3534,885.6
3535,865.47
3536,814.04
3537,824.1
3538,837.52
3539,838.64
3540,837.52
3541,786.08
3542,806.21
3543,827.45
3544,854.29
3545,926.97
3546,984
3547,989.59
3548,995.18
3549,878.89
3550,867.71
3551,799.5
3552,754.77
3553,795.03
3554,781.61
3555,755.89
3556,787.2
3557,827.45
3558,774.9
3559,780.49
3560,768.19
3561,792.79
3562,812.92
3563,835.28
3564,789.44
3565,730.17
3566,812.92
3567,826.34
3568,858.76
3569,912.44
3570,929.21
3571,958.28
3572,883.36
3573,847.58
3574,821.86
3575,764.84
3576,758.13
3577,772.66
3578,772.66
3579,761.48
3580,822.98
3581,824.1
3582,805.09
3583,776.02
3584,752.54
3585,741.35
3586,742.47
3587,745.83
3588,725.7
3589,697.75
3590,703.34
3591,741.35
3592,777.14
3593,853.17
3594,865.47
3595,873.3
3596,872.18
3597,784.96
3598,753.65
3599,741.35
3600,731.29
3601,702.22
3602,703.34
3603,770.43
3604,835.28
3605,826.34
3606,763.72
3607,740.24
3608,744.71
3609,731.29
3610,731.29
3611,745.83
3612,725.7
3613,666.44
3614,695.51
3615,717.87
3616,771.55
3617,829.69
3618,858.76
3619,904.61
3620,844.23
3621,731.29
3622,718.99
3623,693.27
3624,683.21
3625,641.84
3626,674.26
3627,741.35
3628,821.86
3629,746.95
3630,736.88
3631,693.27
3632,683.21
3633,676.5
3634,665.32
3635,688.8
3636,642.95
3637,598.23
3638,667.55
3639,716.75
3640,809.56
3641,822.98
3642,876.65
3643,894.55
3644,803.97
3645,713.4
3646,677.62
3647,668.67
3648,675.38
3649,657.49
3650,665.32
3651,710.05
3652,707.81
3653,712.28
3654,715.64
3655,676.5
3656,688.8
3657,694.39
3658,713.4
3659,762.6
3660,721.23
3661,707.81
3662,815.15
3663,890.07
3664,907.96
3665,928.09
3666,938.15
3667,956.05
3668,944.86
3669,931.45
3670,894.55
3671,866.59
3672,876.65
3673,848.7
3674,854.29
3675,890.07
3676,913.55
3677,861
3678,864.35
3679,880.01
3680,892.31
3681,874.42
3682,866.59
3683,861
3684,825.22
3685,791.67
3686,814.04
3687,920.26
3688,947.1
3689,921.38
3690,901.25
3691,903.49
3692,826.34
3693,810.68
3694,799.5
3695,763.72
3696,769.31
3697,734.65
3698,744.71
3699,755.89
3700,817.39
3701,828.57
3702,838.64
3703,809.56
3704,786.08
3705,761.48
3706,763.72
3707,768.19
3708,781.61
3709,715.64
3710,733.53
3711,786.08
3712,831.93
3713,900.14
3714,920.26
3715,930.33
3716,944.86
3717,848.7
3718,783.85
3719,751.42
3720,732.41
3721,786.08
3722,788.32
3723,784.96
3724,767.07
3725,836.4
3726,852.05
3727,811.8
3728,792.79
3729,758.13
3730,774.9
3731,742.47
3732,734.65
3733,702.22
3734,720.11
3735,730.17
3736,774.9
3737,810.68
3738,822.98
3739,888.95
3740,876.65
3741,825.22
3742,770.43
3743,754.77
3744,713.4
3745,729.05
3746,734.65
3747,742.47
3748,754.77
3749,765.95
3750,767.07
3751,711.16
3752,693.27
3753,651.9
3754,636.25
3755,639.6
3756,622.83
3757,602.7
3758,631.77
3759,650.78
3760,699.98
3761,768.19
3762,790.55
3763,846.46
3764,831.93
3765,831.93
3766,739.12
3767,736.88
3768,693.27
3769,702.22
3770,667.55
3771,663.08
3772,767.07
3773,733.53
3774,710.05
3775,676.5
3776,654.14
3777,628.42
3778,644.07
3779,642.95
3780,640.72
3781,608.29
3782,672.03
3783,697.75
3784,705.57
3785,739.12
3786,863.24
3787,897.9
3788,894.55
3789,776.02
3790,708.93
3791,679.85
3792,638.48
3793,617.24
3794,629.54
3795,629.54
3796,730.17
3797,749.18
3798,689.92
3799,602.7
3800,611.65
3801,610.53
3802,613.88
3803,622.83
3804,618.35
3805,575.86
3806,647.43
3807,710.05
3808,800.62
3809,816.27
3810,891.19
3811,890.07
3812,876.65
3813,733.53
3814,641.84
3815,618.35
3816,585.93
3817,593.75
3818,602.7
3819,626.18
3820,667.55
3821,707.81
3822,687.68
3823,649.66
3824,641.84
3825,673.15
3826,664.2
3827,651.9
3828,636.25
3829,615
3830,658.61
3831,707.81
3832,791.67
3833,836.4
3834,861
3835,858.76
3836,835.28
3837,740.24
3838,625.06
3839,519.95
3840,494.24
3841,514.36
3842,512.13
3843,599.35
3844,610.53
3845,613.88
3846,585.93
3847,556.85
3848,569.15
3849,528.9
3850,524.43
3851,531.14
3852,527.78
3853,484.17
3854,519.95
3855,552.38
3856,570.27
3857,701.1
3858,762.6
3859,788.32
3860,810.68
3861,732.41
3862,613.88
3863,497.59
3864,494.24
3865,483.05
3866,490.88
3867,524.43
3868,516.6
3869,591.52
3870,598.23
3871,503.18
3872,478.58
3873,450.63
3874,493.12
3875,469.64
3876,462.93
3877,472.99
3878,525.55
3879,546.79
3880,644.07
3881,762.6
3882,776.02
3883,805.09
3884,806.21
3885,704.45
3886,553.5
3887,459.57
3888,471.87
3889,461.81
3890,447.27
3891,479.7
3892,549.03
3893,592.64
3894,573.63
3895,509.89
3896,452.86
3897,439.45
3898,415.96
3899,400.31
3900,405.9
3901,374.59
3902,375.71
3903,423.79
3904,469.64
3905,621.71
3906,724.58
3907,724.58
3908,683.21
3909,578.1
3910,497.59
3911,438.33
3912,457.34
3913,438.33
3914,443.92
3915,500.95
3916,555.74
3917,581.45
3918,519.95
3919,476.35
3920,427.15
3921,417.08
3922,392.48
3923,380.18
3924,398.07
3925,374.59
3926,372.35
3927,414.85
3928,446.15
3929,532.25
3930,650.78
3931,684.33
3932,661.96
3933,584.81
3934,470.75
3935,447.27
3936,458.45
3937,437.21
3938,447.27
3939,528.9
3940,572.51
3941,523.31
3942,531.14
3943,459.57
3944,398.07
3945,380.18
3946,376.83
3947,371.24
3948,362.29
3949,353.35
3950,392.48
3951,452.86
3952,547.91
3953,694.39
3954,734.65
3955,763.72
3956,731.29
3957,552.38
3958,494.24
3959,420.44
3960,415.96
3961,409.25
3962,404.78
3963,426.03
3964,489.76
3965,489.76
3966,469.64
3967,432.74
3968,374.59
3969,390.25
3970,411.49
3971,517.72
3972,528.9
3973,419.32
3974,431.62
3975,479.7
3976,503.18
3977,595.99
3978,685.45
3979,678.74
3980,621.71
3981,513.25
3982,418.2
3983,415.96
3984,417.08
3985,390.25
3986,393.6
3987,413.73
3988,502.06
3989,528.9
3990,476.35
3991,422.67
3992,372.35
3993,362.29
3994,364.53
3995,355.58
3996,355.58
3997,343.28
3998,361.17
3999,412.61
4000,493.12
4001,617.24
4002,660.85
4003,687.68
4004,603.82
4005,524.43
4006,465.16
4007,419.32
4008,399.19
4009,389.13
4010,393.6
4011,412.61
4012,495.35
4013,528.9
4014,480.82
4015,415.96
4016,357.82
4017,351.11
4018,313.09
4019,289.61
4020,294.08
4021,284.02
4022,347.75
4023,443.92
4024,526.66
4025,657.49
4026,705.57
4027,726.82
4028,634.01
4029,573.63
4030,498.71
4031,419.32
4032,399.19
4033,386.89
4034,391.36
4035,412.61
4036,502.06
4037,525.55
4038,488.65
4039,429.38
4040,382.42
4041,362.29
4042,351.11
4043,345.52
4044,353.35
4045,345.52
4046,388.01
4047,449.51
4048,514.36
4049,642.95
4050,692.15
4051,729.05
4052,701.1
4053,580.34
4054,452.86
4055,452.86
4056,451.75
4057,485.29
4058,442.8
4059,458.45
4060,524.43
4061,585.93
4062,557.97
4063,462.93
4064,405.9
4065,399.19
4066,403.66
4067,404.78
4068,423.79
4069,393.6
4070,409.25
4071,495.35
4072,570.27
4073,677.62
4074,739.12
4075,752.54
4076,677.62
4077,650.78
4078,513.25
4079,428.26
4080,460.69
4081,517.72
4082,497.59
4083,512.13
4084,519.95
4085,623.95
4086,587.05
4087,462.93
4088,443.92
4089,424.91
4090,420.44
4091,377.95
4092,388.01
4093,376.83
4094,445.04
4095,498.71
4096,565.8
4097,665.32
4098,716.75
4099,725.7
4100,678.74
4101,597.11
4102,524.43
4103,526.66
4104,524.43
4105,503.18
4106,534.49
4107,552.38
4108,651.9
4109,598.23
4110,574.75
4111,549.03
4112,566.92
4113,559.09
4114,589.28
4115,616.12
4116,627.3
4117,608.29
4118,620.59
4119,657.49
4120,722.35
4121,740.24
4122,746.95
4123,758.13
4124,746.95
4125,741.35
4126,743.59
4127,754.77
4128,768.19
4129,759.25
4130,776.02
4131,808.45
4132,845.35
4133,853.17
4134,847.58
4135,846.46
4136,880.01
4137,902.37
4138,866.59
4139,894.55
4140,901.25
4141,857.65
4142,865.47
4143,868.83
4144,848.7
4145,815.15
4146,835.28
4147,826.34
4148,807.33
4149,781.61
4150,706.69
4151,685.45
4152,680.97
4153,670.91
4154,670.91
4155,669.79
4156,665.32
4157,676.5
4158,660.85
4159,630.65
4160,599.35
4161,559.09
4162,564.68
4163,566.92
4164,553.5
4165,514.36
4166,544.55
4167,553.5
4168,587.05
4169,649.66
4170,676.5
4171,683.21
4172,655.25
4173,619.47
4174,587.05
4175,570.27
4176,541.2
4177,464.05
4178,459.57
4179,483.05
4180,573.63
4181,626.18
4182,587.05
4183,537.85
4184,485.29
4185,472.99
4186,450.63
4187,439.45
4188,447.27
4189,424.91
4190,460.69
4191,490.88
4192,550.15
4193,623.95
4194,682.09
4195,680.97
4196,585.93
4197,538.96
4198,506.54
4199,479.7
4200,495.35
4201,487.53
4202,465.16
4203,453.98
4204,487.53
4205,554.62
4206,530.02
4207,526.66
4208,487.53
4209,512.13
4210,538.96
4211,607.17
4212,629.54
4213,609.41
4214,646.31
4215,658.61
4216,722.35
4217,812.92
4218,873.3
4219,883.36
4220,859.88
4221,826.34
4222,825.22
4223,784.96
4224,780.49
4225,765.95
4226,755.89
4227,803.97
4228,809.56
4229,764.84
4230,770.43
4231,773.78
4232,768.19
4233,770.43
4234,796.15
4235,825.22
4236,812.92
4237,788.32
4238,825.22
4239,888.95
4240,896.78
4241,904.61
4242,907.96
4243,893.43
4244,877.77
4245,845.35
4246,801.74
4247,784.96
4248,765.95
4249,792.79
4250,838.64
4251,792.79
4252,829.69
4253,825.22
4254,774.9
4255,759.25
4256,779.37
4257,776.02
4258,788.32
4259,761.48
4260,715.64
4261,684.33
4262,691.04
4263,716.75
4264,720.11
4265,750.3
4266,764.84
4267,815.15
4268,781.61
4269,684.33
4270,666.44
4271,687.68
4272,691.04
4273,691.04
4274,697.75
4275,694.39
4276,676.5
4277,691.04
4278,686.56
4279,680.97
4280,672.03
4281,664.2
4282,638.48
4283,609.41
4284,597.11
4285,579.22
4286,587.05
4287,593.75
4288,620.59
4289,684.33
4290,729.05
4291,760.36
4292,761.48
4293,685.45
4294,660.85
4295,628.42
4296,622.83
4297,622.83
4298,634.01
4299,631.77
4300,637.36
4301,650.78
4302,634.01
4303,585.93
4304,563.56
4305,549.03
4306,544.55
4307,524.43
4308,534.49
4309,519.95
4310,515.48
4311,534.49
4312,592.64
4313,722.35
4314,755.89
4315,779.37
4316,746.95
4317,613.88
4318,562.45
4319,570.27
4320,559.09
4321,545.67
4322,571.39
4323,579.22
4324,649.66
4325,618.35
4326,601.58
4327,528.9
4328,533.37
4329,517.72
4330,508.77
4331,506.54
4332,500.95
4333,470.75
4334,487.53
4335,515.48
4336,580.34
4337,659.73
4338,704.45
4339,714.52
4340,696.63
4341,569.15
4342,506.54
4343,502.06
4344,505.42
4345,503.18
4346,509.89
4347,521.07
4348,523.31
4349,540.08
4350,574.75
4351,500.95
4352,499.83
4353,495.35
4354,500.95
4355,521.07
4356,522.19
4357,462.93
4358,483.05
4359,487.53
4360,563.56
4361,655.25
4362,716.75
4363,733.53
4364,665.32
4365,573.63
4366,522.19
4367,487.53
4368,470.75
4369,424.91
4370,433.85
4371,462.93
4372,470.75
4373,513.25
4374,515.48
4375,494.24
4376,464.05
4377,424.91
4378,421.55
4379,445.04
4380,468.52
4381,441.68
4382,464.05
4383,500.95
4384,555.74
4385,678.74
4386,734.65
4387,757.01
4388,691.04
4389,617.24
4390,568.04
4391,531.14
4392,499.83
4393,461.81
4394,461.81
4395,505.42
4396,526.66
4397,561.33
4398,580.34
4399,534.49
4400,500.95
4401,465.16
4402,430.5
4403,433.85
4404,434.97
4405,414.85
4406,452.86
4407,495.35
4408,560.21
4409,620.59
4410,710.05
4411,716.75
4412,653.02
4413,591.52
4414,515.48
4415,499.83
4416,466.28
4417,471.87
4418,475.23
4419,498.71
4420,526.66
4421,561.33
4422,579.22
4423,506.54
4424,460.69
4425,414.85
4426,415.96
4427,421.55
4428,432.74
4429,410.37
4430,453.98
4431,544.55
4432,642.95
4433,677.62
4434,726.82
4435,739.12
4436,702.22
4437,653.02
4438,579.22
4439,534.49
4440,525.55
4441,537.85
4442,546.79
4443,575.86
4444,648.55
4445,688.8
4446,678.74
4447,648.55
4448,604.94
4449,494.24
4450,485.29
4451,494.24
4452,484.17
4453,448.39
4454,508.77
4455,561.33
4456,657.49
4457,773.78
4458,799.5
4459,789.44
4460,772.66
4461,686.56
4462,612.76
4463,535.61
4464,532.25
4465,524.43
4466,528.9
4467,527.78
4468,564.68
4469,609.41
4470,660.85
4471,647.43
4472,640.72
4473,637.36
4474,670.91
4475,724.58
4476,722.35
4477,716.75
4478,742.47
4479,765.95
4480,830.81
4481,839.75
4482,838.64
4483,841.99
4484,855.41
4485,829.69
4486,793.91
4487,724.58
4488,708.93
4489,696.63
4490,679.85
4491,664.2
4492,712.28
4493,743.59
4494,697.75
4495,667.55
4496,644.07
4497,632.89
4498,627.3
4499,646.31
4500,660.85
4501,635.13
4502,647.43
4503,635.13
4504,645.19
4505,641.84
4506,733.53
4507,750.3
4508,674.26
4509,657.49
4510,656.37
4511,639.6
4512,646.31
4513,638.48
4514,642.95
4515,661.96
4516,701.1
4517,769.31
4518,720.11
4519,680.97
4520,660.85
4521,626.18
4522,613.88
4523,649.66
4524,660.85
4525,641.84
4526,648.55
4527,691.04
4528,716.75
4529,782.73
4530,807.33
4531,810.68
4532,759.25
4533,676.5
4534,667.55
4535,622.83
4536,623.95
4537,611.65
4538,613.88
4539,609.41
4540,676.5
4541,725.7
4542,740.24
4543,647.43
4544,641.84
4545,654.14
4546,638.48
4547,619.47
4548,637.36
4549,600.46
4550,604.94
4551,641.84
4552,722.35
4553,793.91
4554,837.52
4555,830.81
4556,743.59
4557,672.03
4558,621.71
4559,591.52
4560,573.63
4561,588.16
4562,597.11
4563,571.39
4564,616.12
4565,712.28
4566,702.22
4567,602.7
4568,587.05
4569,588.16
4570,562.45
4571,569.15
4572,562.45
4573,538.96
4574,568.04
4575,584.81
4576,618.35
4577,674.26
4578,762.6
4579,783.85
4580,732.41
4581,679.85
4582,641.84
4583,606.05
4584,604.94
4585,635.13
4586,630.65
4587,594.87
4588,634.01
4589,670.91
4590,672.03
4591,609.41
4592,597.11
4593,595.99
4594,600.46
4595,638.48
4596,563.56
4597,541.2
4598,557.97
4599,587.05
4600,667.55
4601,750.3
4602,814.04
4603,805.09
4604,752.54
4605,651.9
4606,595.99
4607,576.98
4608,571.39
4609,573.63
4610,574.75
4611,578.1
4612,571.39
4613,562.45
4614,585.93
4615,599.35
4616,607.17
4617,621.71
4618,644.07
4619,677.62
4620,712.28
4621,716.75
4622,741.35
4623,734.65
4624,746.95
4625,741.35
4626,743.59
4627,788.32
4628,807.33
4629,780.49
4630,762.6
4631,778.25
4632,776.02
4633,754.77
4634,754.77
4635,771.55
4636,774.9
4637,779.37
4638,788.32
4639,781.61
4640,777.14
4641,760.36
4642,769.31
4643,765.95
4644,781.61
4645,777.14
4646,778.25
4647,781.61
4648,789.44
4649,802.85
4650,838.64
4651,840.87
4652,831.93
4653,809.56
4654,807.33
4655,807.33
4656,799.5
4657,783.85
4658,789.44
4659,791.67
4660,790.55
4661,816.27
4662,816.27
4663,791.67
4664,778.25
4665,742.47
4666,707.81
4667,732.41
4668,755.89
4669,736.88
4670,742.47
4671,740.24
4672,755.89
4673,799.5
4674,801.74
4675,780.49
4676,777.14
4677,773.78
4678,752.54
4679,753.65
4680,762.6
4681,744.71
4682,748.06
4683,749.18
4684,781.61
4685,780.49
4686,776.02
4687,758.13
4688,723.46
4689,710.05
4690,694.39
4691,692.15
4692,695.51
4693,686.56
4694,725.7
4695,736.88
4696,716.75
4697,763.72
4698,780.49
4699,793.91
4700,809.56
4701,772.66
4702,760.36
4703,751.42
4704,753.65
4705,788.32
4706,782.73
4707,770.43
4708,767.07
4709,790.55
4710,801.74
4711,746.95
4712,710.05
4713,702.22
4714,688.8
4715,683.21
4716,678.74
4717,669.79
4718,678.74
4719,706.69
4720,733.53
4721,761.48
4722,809.56
4723,828.57
4724,802.85
4725,765.95
4726,741.35
4727,716.75
4728,722.35
4729,758.13
4730,736.88
4731,745.83
4732,757.01
4733,774.9
4734,793.91
4735,763.72
4736,750.3
4737,670.91
4738,658.61
4739,677.62
4740,683.21
4741,641.84
4742,656.37
4743,699.98
4744,711.16
4745,752.54
4746,791.67
4747,799.5
4748,792.79
4749,769.31
4750,726.82
4751,718.99
4752,703.34
4753,682.09
4754,701.1
4755,717.87
4756,752.54
4757,786.08
4758,788.32
4759,764.84
4760,710.05
4761,667.55
4762,645.19
4763,651.9
4764,659.73
4765,612.76
4766,621.71
4767,632.89
4768,683.21
4769,761.48
4770,839.75
4771,850.94
4772,824.1
4773,808.45
4774,734.65
4775,705.57
4776,686.56
4777,677.62
4778,714.52
4779,727.94
4780,779.37
4781,777.14
4782,777.14
4783,716.75
4784,692.15
4785,672.03
4786,602.7
4787,611.65
4788,606.05
4789,569.15
4790,595.99
4791,626.18
4792,676.5
4793,751.42
4794,793.91
4795,802.85
4796,792.79
4797,755.89
4798,736.88
4799,708.93
4800,696.63
4801,686.56
4802,698.86
4803,730.17
4804,743.59
4805,730.17
4806,724.58
4807,714.52
4808,701.1
4809,593.75
4810,560.21
4811,543.44
4812,546.79
4813,474.11
4814,514.36
4815,538.96
4816,618.35
4817,668.67
4818,720.11
4819,695.51
4820,673.15
4821,660.85
4822,656.37
4823,650.78
4824,632.89
4825,602.7
4826,626.18
4827,617.24
4828,655.25
4829,656.37
4830,645.19
4831,585.93
4832,551.26
4833,533.37
4834,526.66
4835,512.13
4836,522.19
4837,464.05
4838,488.65
4839,513.25
4840,556.85
4841,588.16
4842,634.01
4843,653.02
4844,631.77
4845,619.47
4846,611.65
4847,585.93
4848,575.86
4849,545.67
4850,568.04
4851,571.39
4852,638.48
4853,641.84
4854,637.36
4855,573.63
4856,574.75
4857,518.84
4858,502.06
4859,467.4
4860,470.75
4861,426.03
4862,432.74
4863,460.69
4864,546.79
4865,613.88
4866,661.96
4867,641.84
4868,629.54
4869,591.52
4870,535.61
4871,538.96
4872,543.44
4873,525.55
4874,505.42
4875,514.36
4876,581.45
4877,591.52
4878,581.45
4879,489.76
4880,449.51
4881,436.09
4882,430.5
4883,411.49
4884,420.44
4885,372.35
4886,376.83
4887,438.33
4888,545.67
4889,669.79
4890,732.41
4891,720.11
4892,702.22
4893,602.7
4894,587.05
4895,590.4
4896,601.58
4897,546.79
4898,538.96
4899,531.14
4900,568.04
4901,582.57
4902,556.85
4903,504.3
4904,457.34
4905,451.75
4906,442.8
4907,441.68
4908,441.68
4909,422.67
4910,431.62
4911,471.87
4912,527.78
4913,645.19
4914,683.21
4915,677.62
4916,660.85
4917,607.17
4918,497.59
4919,468.52
4920,459.57
4921,492
4922,448.39
4923,447.27
4924,505.42
4925,562.45
4926,566.92
4927,532.25
4928,460.69
4929,450.63
4930,422.67
4931,401.43
4932,400.31
4933,369
4934,372.35
4935,385.77
4936,442.8
4937,579.22
4938,623.95
4939,607.17
4940,601.58
4941,532.25
4942,457.34
4943,426.03
4944,432.74
4945,415.96
4946,423.79
4947,438.33
4948,537.85
4949,571.39
4950,553.5
4951,514.36
4952,440.56
4953,393.6
4954,364.53
4955,358.94
4956,355.58
4957,332.1
4958,348.87
4959,404.78
4960,464.05
4961,625.06
4962,696.63
4963,704.45
4964,653.02
4965,535.61
4966,506.54
4967,446.15
4968,439.45
4969,396.95
4970,422.67
4971,428.26
4972,527.78
4973,569.15
4974,541.2
4975,519.95
4976,466.28
4977,370.12
4978,364.53
4979,377.95
4980,375.71
4981,326.51
4982,374.59
4983,413.73
4984,489.76
4985,653.02
4986,702.22
4987,713.4
4988,689.92
4989,591.52
4990,515.48
4991,432.74
4992,434.97
4993,432.74
4994,461.81
4995,485.29
4996,575.86
4997,612.76
4998,583.69
4999,500.95
5000,426.03
5001,391.36
5002,347.75
5003,311.97
5004,307.5
5005,296.32
5006,319.8
5007,357.82
5008,487.53
5009,626.18
5010,675.38
5011,694.39
5012,694.39
5013,546.79
5014,455.1
5015,450.63
5016,452.86
5017,417.08
5018,404.78
5019,430.5
5020,504.3
5021,542.32
5022,531.14
5023,490.88
5024,434.97
5025,356.7
5026,328.75
5027,322.04
5028,327.63
5029,322.04
5030,332.1
5031,384.65
5032,471.87
5033,607.17
5034,644.07
5035,655.25
5036,631.77
5037,538.96
5038,440.56
5039,422.67
5040,426.03
5041,430.5
5042,429.38
5043,443.92
5044,493.12
5045,531.14
5046,496.47
5047,506.54
5048,488.65
5049,401.43
5050,369
5051,364.53
5052,341.05
5053,329.86
5054,335.45
5055,408.14
5056,505.42
5057,635.13
5058,660.85
5059,680.97
5060,640.72
5061,528.9
5062,458.45
5063,439.45
5064,450.63
5065,431.62
5066,439.45
5067,490.88
5068,550.15
5069,575.86
5070,566.92
5071,470.75
5072,440.56
5073,423.79
5074,402.55
5075,389.13
5076,375.71
5077,342.16
5078,342.16
5079,395.84
5080,486.41
5081,575.86
5082,609.41
5083,610.53
5084,564.68
5085,518.84
5086,438.33
5087,407.02
5088,393.6
5089,392.48
5090,398.07
5091,396.95
5092,433.85
5093,468.52
5094,475.23
5095,429.38
5096,382.42
5097,367.88
5098,323.15
5099,294.08
5100,296.32
5101,252.71
5102,251.59
5103,285.14
5104,344.4
5105,462.93
5106,524.43
5107,524.43
5108,479.7
5109,403.66
5110,380.18
5111,354.46
5112,333.22
5113,304.15
5114,309.74
5115,305.26
5116,349.99
5117,398.07
5118,392.48
5119,362.29
5120,287.37
5121,254.95
5122,237.05
5123,223.64
5124,238.17
5125,229.23
5126,256.06
5127,294.08
5128,403.66
5129,485.29
5130,487.53
5131,448.39
5132,433.85
5133,369
5134,342.16
5135,296.32
5136,301.91
5137,295.2
5138,300.79
5139,294.08
5140,352.23
5141,394.72
5142,408.14
5143,400.31
5144,325.39
5145,300.79
5146,287.37
5147,275.07
5148,270.6
5149,211.34
5150,209.1
5151,235.94
5152,282.9
5153,395.84
5154,399.19
5155,413.73
5156,349.99
5157,329.86
5158,309.74
5159,291.85
5160,303.03
5161,323.15
5162,345.52
5163,364.53
5164,380.18
5165,385.77
5166,367.88
5167,379.06
5168,346.64
5169,336.57
5170,308.62
5171,306.38
5172,292.96
5173,238.17
5174,231.46
5175,226.99
5176,286.25
5177,402.55
5178,441.68
5179,465.16
5180,391.36
5181,345.52
5182,287.37
5183,273.95
5184,282.9
5185,278.43
5186,273.95
5187,266.13
5188,305.26
5189,372.35
5190,382.42
5191,362.29
5192,301.91
5193,290.73
5194,277.31
5195,267.25
5196,235.94
5197,205.75
5198,211.34
5199,214.69
5200,269.48
5201,404.78
5202,418.2
5203,512.13
5204,452.86
5205,358.94
5206,328.75
5207,323.15
5208,291.85
5209,276.19
5210,275.07
5211,289.61
5212,361.17
5213,384.65
5214,375.71
5215,380.18
5216,335.45
5217,292.96
5218,277.31
5219,244.88
5220,244.88
5221,207.98
5222,213.57
5223,259.42
5224,336.57
5225,471.87
5226,573.63
5227,553.5
5228,475.23
5229,451.75
5230,356.7
5231,313.09
5232,291.85
5233,261.65
5234,273.95
5235,307.5
5236,369
5237,394.72
5238,391.36
5239,383.54
5240,308.62
5241,286.25
5242,265.01
5243,260.54
5244,248.24
5245,234.82
5246,231.46
5247,235.94
5248,346.64
5249,471.87
5250,507.65
5251,528.9
5252,429.38
5253,407.02
5254,319.8
5255,298.55
5256,276.19
5257,241.53
5258,237.05
5259,254.95
5260,305.26
5261,335.45
5262,341.05
5263,341.05
5264,297.44
5265,290.73
5266,240.41
5267,226.99
5268,211.34
5269,192.33
5270,194.56
5271,181.15
5272,237.05
5273,389.13
5274,445.04
5275,489.76
5276,424.91
5277,376.83
5278,286.25
5279,254.95
5280,223.64
5281,202.39
5282,225.87
5283,234.82
5284,311.97
5285,323.15
5286,361.17
5287,336.57
5288,275.07
5289,257.18
5290,221.4
5291,202.39
5292,190.09
5293,164.37
5294,171.08
5295,167.73
5296,229.23
5297,386.89
5298,459.57
5299,508.77
5300,442.8
5301,393.6
5302,327.63
5303,262.77
5304,223.64
5305,214.69
5306,234.82
5307,231.46
5308,267.25
5309,335.45
5310,341.05
5311,300.79
5312,250.47
5313,250.47
5314,206.86
5315,188.97
5316,181.15
5317,158.78
5318,176.67
5319,205.75
5320,258.3
5321,408.14
5322,470.75
5323,422.67
5324,384.65
5325,367.88
5326,280.66
5327,226.99
5328,190.09
5329,181.15
5330,204.63
5331,206.86
5332,268.36
5333,316.45
5334,344.4
5335,327.63
5336,243.76
5337,221.4
5338,192.33
5339,195.68
5340,188.97
5341,159.9
5342,161.02
5343,185.62
5344,268.36
5345,391.36
5346,478.58
5347,447.27
5348,375.71
5349,351.11
5350,298.55
5351,225.87
5352,190.09
5353,183.38
5354,205.75
5355,214.69
5356,247.12
5357,277.31
5358,326.51
5359,318.68
5360,270.6
5361,224.75
5362,181.15
5363,168.85
5364,166.61
5365,139.77
5366,148.72
5367,165.49
5368,261.65
5369,398.07
5370,480.82
5371,458.45
5372,415.96
5373,377.95
5374,278.43
5375,241.53
5376,212.45
5377,219.16
5378,252.71
5379,251.59
5380,323.15
5381,297.44
5382,351.11
5383,332.1
5384,259.42
5385,216.93
5386,196.8
5387,174.44
5388,229.23
5389,188.97
5390,222.52
5391,234.82
5392,285.14
5393,452.86
5394,511.01
5395,446.15
5396,388.01
5397,349.99
5398,287.37
5399,244.88
5400,231.46
5401,212.45
5402,232.58
5403,238.17
5404,258.3
5405,345.52
5406,352.23
5407,355.58
5408,277.31
5409,220.28
5410,190.09
5411,177.79
5412,161.02
5413,165.49
5414,182.26
5415,191.21
5416,226.99
5417,412.61
5418,474.11
5419,457.34
5420,382.42
5421,343.28
5422,305.26
5423,240.41
5424,211.34
5425,187.85
5426,244.88
5427,262.77
5428,265.01
5429,342.16
5430,366.76
5431,334.34
5432,306.38
5433,238.17
5434,235.94
5435,219.16
5436,226.99
5437,263.89
5438,301.91
5439,304.15
5440,328.75
5441,447.27
5442,551.26
5443,569.15
5444,550.15
5445,554.62
5446,583.69
5447,566.92
5448,564.68
5449,521.07
5450,514.36
5451,507.65
5452,507.65
5453,508.77
5454,535.61
5455,550.15
5456,555.74
5457,493.12
5458,448.39
5459,442.8
5460,440.56
5461,434.97
5462,429.38
5463,452.86
5464,477.46
5465,498.71
5466,532.25
5467,534.49
5468,507.65
5469,453.98
5470,442.8
5471,443.92
5472,430.5
5473,374.59
5474,377.95
5475,377.95
5476,377.95
5477,430.5
5478,462.93
5479,405.9
5480,379.06
5481,356.7
5482,332.1
5483,316.45
5484,299.67
5485,287.37
5486,299.67
5487,307.5
5488,319.8
5489,423.79
5490,530.02
5491,531.14
5492,460.69
5493,356.7
5494,336.57
5495,311.97
5496,295.2
5497,256.06
5498,269.48
5499,273.95
5500,270.6
5501,324.27
5502,375.71
5503,373.47
5504,338.81
5505,320.92
5506,269.48
5507,250.47
5508,256.06
5509,230.35
5510,229.23
5511,252.71
5512,313.09
5513,507.65
5514,533.37
5515,488.65
5516,432.74
5517,364.53
5518,304.15
5519,271.72
5520,266.13
5521,258.3
5522,254.95
5523,247.12
5524,260.54
5525,304.15
5526,391.36
5527,354.46
5528,305.26
5529,256.06
5530,219.16
5531,202.39
5532,212.45
5533,187.85
5534,188.97
5535,199.04
5536,220.28
5537,434.97
5538,472.99
5539,457.34
5540,431.62
5541,390.25
5542,354.46
5543,296.32
5544,294.08
5545,269.48
5546,260.54
5547,260.54
5548,271.72
5549,326.51
5550,376.83
5551,400.31
5552,327.63
5553,282.9
5554,258.3
5555,234.82
5556,248.24
5557,221.4
5558,225.87
5559,222.52
5560,287.37
5561,472.99
5562,512.13
5563,517.72
5564,481.94
5565,462.93
5566,390.25
5567,366.76
5568,380.18
5569,381.3
5570,364.53
5571,355.58
5572,386.89
5573,427.15
5574,469.64
5575,460.69
5576,404.78
5577,346.64
5578,317.56
5579,303.03
5580,291.85
5581,287.37
5582,289.61
5583,314.21
5584,363.41
5585,522.19
5586,578.1
5587,581.45
5588,537.85
5589,522.19
5590,445.04
5591,400.31
5592,366.76
5593,383.54
5594,362.29
5595,358.94
5596,411.49
5597,455.1
5598,492
5599,461.81
5600,403.66
5601,353.35
5602,313.09
5603,294.08
5604,280.66
5605,272.84
5606,284.02
5607,313.09
5608,355.58
5609,459.57
5610,511.01
5611,512.13
5612,538.96
5613,502.06
5614,437.21
5615,388.01
5616,374.59
5617,396.95
5618,388.01
5619,439.45
5620,483.05
5621,517.72
5622,527.78
5623,524.43
5624,505.42
5625,472.99
5626,427.15
5627,431.62
5628,436.09
5629,438.33
5630,462.93
5631,476.35
5632,508.77
5633,608.29
5634,627.3
5635,635.13
5636,632.89
5637,592.64
5638,556.85
5639,541.2
5640,550.15
5641,530.02
5642,555.74
5643,578.1
5644,587.05
5645,582.57
5646,581.45
5647,575.86
5648,583.69
5649,576.98
5650,531.14
5651,468.52
5652,480.82
5653,477.46
5654,504.3
5655,552.38
5656,601.58
5657,611.65
5658,632.89
5659,589.28
5660,581.45
5661,571.39
5662,571.39
5663,568.04
5664,540.08
5665,528.9
5666,533.37
5667,547.91
5668,541.2
5669,559.09
5670,584.81
5671,518.84
5672,499.83
5673,484.17
5674,494.24
5675,503.18
5676,490.88
5677,467.4
5678,458.45
5679,460.69
5680,445.04
5681,554.62
5682,602.7
5683,595.99
5684,597.11
5685,589.28
5686,531.14
5687,470.75
5688,471.87
5689,511.01
5690,504.3
5691,514.36
5692,549.03
5693,584.81
5694,581.45
5695,513.25
5696,511.01
5697,481.94
5698,460.69
5699,426.03
5700,390.25
5701,390.25
5702,438.33
5703,458.45
5704,514.36
5705,656.37
5706,692.15
5707,670.91
5708,588.16
5709,541.2
5710,551.26
5711,507.65
5712,492
5713,477.46
5714,486.41
5715,492
5716,475.23
5717,534.49
5718,616.12
5719,607.17
5720,530.02
5721,506.54
5722,495.35
5723,452.86
5724,409.25
5725,400.31
5726,421.55
5727,417.08
5728,486.41
5729,583.69
5730,632.89
5731,677.62
5732,672.03
5733,571.39
5734,552.38
5735,507.65
5736,500.95
5737,475.23
5738,514.36
5739,561.33
5740,621.71
5741,590.4
5742,594.87
5743,568.04
5744,546.79
5745,509.89
5746,478.58
5747,488.65
5748,499.83
5749,515.48
5750,564.68
5751,601.58
5752,616.12
5753,675.38
5754,720.11
5755,744.71
5756,745.83
5757,676.5
5758,612.76
5759,571.39
5760,554.62
5761,522.19
5762,546.79
5763,578.1
5764,578.1
5765,597.11
5766,591.52
5767,569.15
5768,565.8
5769,536.73
5770,496.47
5771,456.22
5772,461.81
5773,402.55
5774,451.75
5775,458.45
5776,462.93
5777,589.28
5778,742.47
5779,750.3
5780,727.94
5781,587.05
5782,576.98
5783,559.09
5784,531.14
5785,468.52
5786,496.47
5787,552.38
5788,575.86
5789,604.94
5790,616.12
5791,556.85
5792,551.26
5793,472.99
5794,419.32
5795,430.5
5796,447.27
5797,374.59
5798,422.67
5799,496.47
5800,572.51
5801,685.45
5802,696.63
5803,724.58
5804,705.57
5805,641.84
5806,582.57
5807,566.92
5808,570.27
5809,541.2
5810,572.51
5811,607.17
5812,610.53
5813,622.83
5814,650.78
5815,656.37
5816,660.85
5817,664.2
5818,629.54
5819,608.29
5820,613.88
5821,602.7
5822,604.94
5823,606.05
5824,694.39
5825,729.05
5826,760.36
5827,776.02
5828,778.25
5829,722.35
5830,693.27
5831,694.39
5832,706.69
5833,703.34
5834,711.16
5835,718.99
5836,733.53
5837,723.46
5838,723.46
5839,716.75
5840,730.17
5841,734.65
5842,701.1
5843,657.49
5844,664.2
5845,629.54
5846,656.37
5847,691.04
5848,727.94
5849,773.78
5850,800.62
5851,807.33
5852,791.67
5853,751.42
5854,723.46
5855,704.45
5856,701.1
5857,670.91
5858,664.2
5859,660.85
5860,687.68
5861,724.58
5862,736.88
5863,707.81
5864,676.5
5865,696.63
5866,689.92
5867,637.36
5868,617.24
5869,589.28
5870,591.52
5871,610.53
5872,686.56
5873,762.6
5874,809.56
5875,789.44
5876,767.07
5877,693.27
5878,627.3
5879,584.81
5880,591.52
5881,594.87
5882,590.4
5883,597.11
5884,636.25
5885,650.78
5886,648.55
5887,634.01
5888,570.27
5889,563.56
5890,546.79
5891,507.65
5892,486.41
5893,474.11
5894,504.3
5895,579.22
5896,654.14
5897,731.29
5898,765.95
5899,761.48
5900,740.24
5901,657.49
5902,566.92
5903,544.55
5904,549.03
5905,537.85
5906,547.91
5907,593.75
5908,638.48
5909,708.93
5910,705.57
5911,625.06
5912,512.13
5913,483.05
5914,464.05
5915,458.45
5916,462.93
5917,434.97
5918,489.76
5919,494.24
5920,536.73
5921,698.86
5922,749.18
5923,770.43
5924,670.91
5925,639.6
5926,556.85
5927,521.07
5928,500.95
5929,525.55
5930,536.73
5931,533.37
5932,589.28
5933,673.15
5934,657.49
5935,609.41
5936,509.89
5937,492
5938,455.1
5939,448.39
5940,441.68
5941,410.37
5942,461.81
5943,493.12
5944,601.58
5945,645.19
5946,682.09
5947,680.97
5948,684.33
5949,603.82
5950,513.25
5951,486.41
5952,479.7
5953,451.75
5954,445.04
5955,527.78
5956,570.27
5957,632.89
5958,599.35
5959,550.15
5960,526.66
5961,543.44
5962,533.37
5963,514.36
5964,516.6
5965,466.28
5966,483.05
5967,516.6
5968,599.35
5969,713.4
5970,729.05
5971,720.11
5972,710.05
5973,629.54
5974,490.88
5975,440.56
5976,441.68
5977,438.33
5978,441.68
5979,436.09
5980,437.21
5981,513.25
5982,500.95
5983,500.95
5984,528.9
5985,518.84
5986,518.84
5987,523.31
5988,533.37
5989,496.47
5990,578.1
5991,553.5
5992,642.95
5993,732.41
5994,757.01
5995,752.54
5996,735.76
5997,642.95
5998,525.55
5999,476.35
6000,455.1
6001,427.15
6002,430.5
6003,419.32
6004,428.26
6005,448.39
6006,457.34
6007,561.33
6008,636.25
6009,583.69
6010,517.72
6011,516.6
6012,493.12
6013,446.15
6014,466.28
6015,476.35
6016,634.01
6017,750.3
6018,765.95
6019,800.62
6020,778.25
6021,666.44
6022,534.49
6023,474.11
6024,449.51
6025,404.78
6026,399.19
6027,422.67
6028,413.73
6029,448.39
6030,585.93
6031,734.65
6032,725.7
6033,660.85
6034,589.28
6035,499.83
6036,469.64
6037,428.26
6038,441.68
6039,499.83
6040,687.68
6041,781.61
6042,773.78
6043,777.14
6044,751.42
6045,699.98
6046,535.61
6047,447.27
6048,429.38
6049,402.55
6050,415.96
6051,465.16
6052,489.76
6053,495.35
6054,599.35
6055,676.5
6056,670.91
6057,553.5
6058,487.53
6059,442.8
6060,396.95
6061,351.11
6062,355.58
6063,407.02
6064,589.28
6065,718.99
6066,781.61
6067,803.97
6068,780.49
6069,710.05
6070,604.94
6071,485.29
6072,423.79
6073,400.31
6074,409.25
6075,459.57
6076,504.3
6077,513.25
6078,597.11
6079,646.31
6080,619.47
6081,545.67
6082,453.98
6083,405.9
6084,373.47
6085,325.39
6086,326.51
6087,361.17
6088,524.43
6089,668.67
6090,760.36
6091,759.25
6092,758.13
6093,636.25
6094,527.78
6095,448.39
6096,393.6
6097,395.84
6098,464.05
6099,488.65
6100,527.78
6101,572.51
6102,574.75
6103,566.92
6104,547.91
6105,516.6
6106,409.25
6107,382.42
6108,357.82
6109,317.56
6110,354.46
6111,381.3
6112,525.55
6113,685.45
6114,739.12
6115,733.53
6116,735.76
6117,612.76
6118,484.17
6119,415.96
6120,403.66
6121,376.83
6122,371.24
6123,375.71
6124,404.78
6125,464.05
6126,533.37
6127,593.75
6128,589.28
6129,582.57
6130,528.9
6131,445.04
6132,433.85
6133,369
6134,388.01
6135,445.04
6136,574.75
6137,701.1
6138,716.75
6139,727.94
6140,729.05
6141,613.88
6142,522.19
6143,418.2
6144,404.78
6145,410.37
6146,436.09
6147,441.68
6148,441.68
6149,457.34
6150,453.98
6151,450.63
6152,504.3
6153,535.61
6154,533.37
6155,504.3
6156,424.91
6157,355.58
6158,432.74
6159,479.7
6160,554.62
6161,698.86
6162,713.4
6163,715.64
6164,689.92
6165,617.24
6166,500.95
6167,434.97
6168,443.92
6169,421.55
6170,421.55
6171,423.79
6172,438.33
6173,466.28
6174,480.82
6175,492
6176,472.99
6177,449.51
6178,421.55
6179,389.13
6180,380.18
6181,345.52
6182,362.29
6183,385.77
6184,496.47
6185,645.19
6186,674.26
6187,685.45
6188,651.9
6189,552.38
6190,468.52
6191,388.01
6192,382.42
6193,371.24
6194,355.58
6195,353.35
6196,381.3
6197,421.55
6198,462.93
6199,428.26
6200,417.08
6201,394.72
6202,370.12
6203,334.34
6204,329.86
6205,342.16
6206,398.07
6207,451.75
6208,587.05
6209,679.85
6210,720.11
6211,733.53
6212,763.72
6213,640.72
6214,504.3
6215,459.57
6216,451.75
6217,466.28
6218,457.34
6219,439.45
6220,468.52
6221,474.11
6222,440.56
6223,477.46
6224,457.34
6225,430.5
6226,379.06
6227,363.41
6228,361.17
6229,356.7
6230,380.18
6231,446.15
6232,575.86
6233,755.89
6234,822.98
6235,836.4
6236,840.87
6237,705.57
6238,513.25
6239,441.68
6240,411.49
6241,429.38
6242,462.93
6243,485.29
6244,464.05
6245,497.59
6246,530.02
6247,568.04
6248,468.52
6249,433.85
6250,391.36
6251,370.12
6252,375.71
6253,349.99
6254,393.6
6255,459.57
6256,544.55
6257,791.67
6258,861
6259,895.66
6260,864.35
6261,708.93
6262,609.41
6263,532.25
6264,544.55
6265,500.95
6266,506.54
6267,543.44
6268,559.09
6269,581.45
6270,598.23
6271,655.25
6272,742.47
6273,694.39
6274,661.96
6275,550.15
6276,402.55
6277,381.3
6278,394.72
6279,389.13
6280,507.65
6281,743.59
6282,802.85
6283,838.64
6284,714.52
6285,553.5
6286,485.29
6287,437.21
6288,446.15
6289,429.38
6290,446.15
6291,451.75
6292,475.23
6293,517.72
6294,538.96
6295,536.73
6296,572.51
6297,677.62
6298,640.72
6299,581.45
6300,362.29
6301,339.93
6302,361.17
6303,450.63
6304,626.18
6305,778.25
6306,793.91
6307,778.25
6308,695.51
6309,578.1
6310,495.35
6311,437.21
6312,408.14
6313,385.77
6314,404.78
6315,426.03
6316,471.87
6317,492
6318,530.02
6319,575.86
6320,568.04
6321,634.01
6322,590.4
6323,440.56
6324,323.15
6325,305.26
6326,326.51
6327,403.66
6328,546.79
6329,713.4
6330,800.62
6331,793.91
6332,743.59
6333,598.23
6334,497.59
6335,429.38
6336,388.01
6337,356.7
6338,381.3
6339,428.26
6340,471.87
6341,472.99
6342,476.35
6343,578.1
6344,661.96
6345,640.72
6346,549.03
6347,418.2
6348,374.59
6349,358.94
6350,372.35
6351,439.45
6352,559.09
6353,751.42
6354,825.22
6355,814.04
6356,740.24
6357,609.41
6358,484.17
6359,439.45
6360,427.15
6361,366.76
6362,399.19
6363,415.96
6364,433.85
6365,462.93
6366,519.95
6367,637.36
6368,768.19
6369,705.57
6370,508.77
6371,369
6372,304.15
6373,297.44
6374,309.74
6375,381.3
6376,536.73
6377,797.26
6378,861
6379,858.76
6380,754.77
6381,646.31
6382,544.55
6383,483.05
6384,455.1
6385,381.3
6386,395.84
6387,393.6
6388,398.07
6389,414.85
6390,496.47
6391,654.14
6392,726.82
6393,704.45
6394,651.9
6395,535.61
6396,393.6
6397,343.28
6398,410.37
6399,518.84
6400,697.75
6401,741.35
6402,833.05
6403,861
6404,733.53
6405,530.02
6406,456.22
6407,441.68
6408,429.38
6409,407.02
6410,461.81
6411,442.8
6412,459.57
6413,476.35
6414,489.76
6415,478.58
6416,537.85
6417,497.59
6418,405.9
6419,329.86
6420,285.14
6421,262.77
6422,287.37
6423,328.75
6424,459.57
6425,651.9
6426,791.67
6427,789.44
6428,695.51
6429,459.57
6430,362.29
6431,352.23
6432,347.75
6433,381.3
6434,448.39
6435,445.04
6436,445.04
6437,459.57
6438,468.52
6439,452.86
6440,517.72
6441,497.59
6442,390.25
6443,311.97
6444,271.72
6445,267.25
6446,273.95
6447,287.37
6448,432.74
6449,649.66
6450,725.7
6451,774.9
6452,714.52
6453,555.74
6454,426.03
6455,405.9
6456,388.01
6457,377.95
6458,391.36
6459,377.95
6460,415.96
6461,432.74
6462,461.81
6463,526.66
6464,618.35
6465,527.78
6466,474.11
6467,409.25
6468,380.18
6469,365.65
6470,392.48
6471,467.4
6472,697.75
6473,863.24
6474,888.95
6475,837.52
6476,769.31
6477,579.22
6478,470.75
6479,451.75
6480,442.8
6481,452.86
6482,476.35
6483,460.69
6484,541.2
6485,590.4
6486,621.71
6487,628.42
6488,692.15
6489,590.4
6490,555.74
6491,519.95
6492,464.05
6493,440.56
6494,462.93
6495,470.75
6496,615
6497,761.48
6498,783.85
6499,754.77
6500,656.37
6501,467.4
6502,398.07
6503,385.77
6504,376.83
6505,323.15
6506,336.57
6507,381.3
6508,466.28
6509,509.89
6510,526.66
6511,612.76
6512,620.59
6513,488.65
6514,341.05
6515,316.45
6516,309.74
6517,287.37
6518,304.15
6519,432.74
6520,635.13
6521,762.6
6522,799.5
6523,748.06
6524,686.56
6525,545.67
6526,478.58
6527,420.44
6528,401.43
6529,375.71
6530,363.41
6531,358.94
6532,360.05
6533,408.14
6534,438.33
6535,546.79
6536,561.33
6537,497.59
6538,443.92
6539,410.37
6540,355.58
6541,347.75
6542,366.76
6543,393.6
6544,532.25
6545,733.53
6546,767.07
6547,736.88
6548,680.97
6549,470.75
6550,389.13
6551,373.47
6552,366.76
6553,365.65
6554,389.13
6555,436.09
6556,442.8
6557,437.21
6558,430.5
6559,486.41
6560,467.4
6561,404.78
6562,379.06
6563,342.16
6564,318.68
6565,300.79
6566,307.5
6567,334.34
6568,431.62
6569,713.4
6570,790.55
6571,720.11
6572,686.56
6573,477.46
6574,405.9
6575,384.65
6576,381.3
6577,366.76
6578,398.07
6579,399.19
6580,399.19
6581,456.22
6582,465.16
6583,490.88
6584,470.75
6585,392.48
6586,338.81
6587,297.44
6588,287.37
6589,278.43
6590,299.67
6591,325.39
6592,391.36
6593,545.67
6594,679.85
6595,695.51
6596,653.02
6597,519.95
6598,449.51
6599,407.02
6600,373.47
6601,385.77
6602,384.65
6603,396.95
6604,474.11
6605,485.29
6606,502.06
6607,436.09
6608,434.97
6609,374.59
6610,365.65
6611,319.8
6612,287.37
6613,277.31
6614,285.14
6615,304.15
6616,403.66
6617,571.39
6618,702.22
6619,741.35
6620,631.77
6621,518.84
6622,438.33
6623,374.59
6624,371.24
6625,404.78
6626,420.44
6627,430.5
6628,429.38
6629,443.92
6630,506.54
6631,590.4
6632,616.12
6633,446.15
6634,353.35
6635,306.38
6636,287.37
6637,271.72
6638,303.03
6639,341.05
6640,389.13
6641,513.25
6642,716.75
6643,783.85
6644,707.81
6645,608.29
6646,522.19
6647,458.45
6648,422.67
6649,447.27
6650,458.45
6651,469.64
6652,480.82
6653,471.87
6654,466.28
6655,458.45
6656,507.65
6657,399.19
6658,346.64
6659,303.03
6660,301.91
6661,294.08
6662,300.79
6663,329.86
6664,401.43
6665,563.56
6666,707.81
6667,701.1
6668,647.43
6669,559.09
6670,507.65
6671,447.27
6672,446.15
6673,433.85
6674,434.97
6675,433.85
6676,445.04
6677,438.33
6678,502.06
6679,592.64
6680,649.66
6681,580.34
6682,456.22
6683,339.93
6684,320.92
6685,307.5
6686,317.56
6687,363.41
6688,496.47
6689,639.6
6690,687.68
6691,721.23
6692,705.57
6693,564.68
6694,506.54
6695,471.87
6696,461.81
6697,424.91
6698,436.09
6699,476.35
6700,554.62
6701,538.96
6702,589.28
6703,606.05
6704,640.72
6705,587.05
6706,443.92
6707,355.58
6708,341.05
6709,323.15
6710,336.57
6711,393.6
6712,519.95
6713,712.28
6714,789.44
6715,781.61
6716,697.75
6717,534.49
6718,503.18
6719,459.57
6720,460.69
6721,461.81
6722,472.99
6723,490.88
6724,485.29
6725,472.99
6726,547.91
6727,595.99
6728,692.15
6729,572.51
6730,453.98
6731,370.12
6732,344.4
6733,315.33
6734,327.63
6735,383.54
6736,483.05
6737,715.64
6738,820.75
6739,828.57
6740,826.34
6741,572.51
6742,556.85
6743,496.47
6744,469.64
6745,461.81
6746,487.53
6747,508.77
6748,553.5
6749,588.16
6750,597.11
6751,602.7
6752,625.06
6753,564.68
6754,453.98
6755,338.81
6756,304.15
6757,280.66
6758,289.61
6759,329.86
6760,441.68
6761,649.66
6762,725.7
6763,727.94
6764,727.94
6765,592.64
6766,497.59
6767,457.34
6768,434.97
6769,441.68
6770,459.57
6771,449.51
6772,438.33
6773,452.86
6774,446.15
6775,419.32
6776,471.87
6777,412.61
6778,374.59
6779,294.08
6780,289.61
6781,280.66
6782,301.91
6783,325.39
6784,438.33
6785,623.95
6786,698.86
6787,685.45
6788,685.45
6789,543.44
6790,452.86
6791,426.03
6792,415.96
6793,418.2
6794,443.92
6795,457.34
6796,468.52
6797,494.24
6798,507.65
6799,507.65
6800,514.36
6801,455.1
6802,376.83
6803,304.15
6804,296.32
6805,275.07
6806,292.96
6807,353.35
6808,434.97
6809,611.65
6810,704.45
6811,697.75
6812,688.8
6813,572.51
6814,547.91
6815,525.55
6816,507.65
6817,437.21
6818,437.21
6819,464.05
6820,494.24
6821,489.76
6822,527.78
6823,579.22
6824,660.85
6825,642.95
6826,611.65
6827,494.24
6828,408.14
6829,392.48
6830,410.37
6831,450.63
6832,560.21
6833,742.47
6834,854.29
6835,868.83
6836,783.85
6837,630.65
6838,554.62
6839,502.06
6840,477.46
6841,484.17
6842,507.65
6843,507.65
6844,494.24
6845,474.11
6846,474.11
6847,528.9
6848,703.34
6849,702.22
6850,617.24
6851,358.94
6852,284.02
6853,269.48
6854,303.03
6855,366.76
6856,430.5
6857,603.82
6858,795.03
6859,825.22
6860,715.64
6861,555.74
6862,474.11
6863,440.56
6864,429.38
6865,474.11
6866,458.45
6867,457.34
6868,456.22
6869,461.81
6870,450.63
6871,474.11
6872,659.73
6873,679.85
6874,528.9
6875,268.36
6876,243.76
6877,233.7
6878,263.89
6879,323.15
6880,428.26
6881,629.54
6882,772.66
6883,811.8
6884,693.27
6885,460.69
6886,417.08
6887,393.6
6888,383.54
6889,398.07
6890,486.41
6891,493.12
6892,427.15
6893,438.33
6894,471.87
6895,546.79
6896,646.31
6897,665.32
6898,500.95
6899,296.32
6900,254.95
6901,240.41
6902,263.89
6903,315.33
6904,426.03
6905,630.65
6906,760.36
6907,773.78
6908,683.21
6909,516.6
6910,436.09
6911,399.19
6912,398.07
6913,335.45
6914,429.38
6915,408.14
6916,325.39
6917,327.63
6918,328.75
6919,403.66
6920,517.72
6921,568.04
6922,430.5
6923,297.44
6924,279.55
6925,303.03
6926,306.38
6927,307.5
6928,347.75
6929,518.84
6930,632.89
6931,621.71
6932,573.63
6933,557.97
6934,423.79
6935,363.41
6936,342.16
6937,326.51
6938,379.06
6939,422.67
6940,427.15
6941,394.72
6942,405.9
6943,427.15
6944,479.7
6945,440.56
6946,351.11
6947,260.54
6948,265.01
6949,247.12
6950,265.01
6951,262.77
6952,344.4
6953,562.45
6954,666.44
6955,658.61
6956,534.49
6957,495.35
6958,461.81
6959,433.85
6960,412.61
6961,409.25
6962,466.28
6963,494.24
6964,472.99
6965,417.08
6966,451.75
6967,475.23
6968,560.21
6969,636.25
6970,515.48
6971,362.29
6972,351.11
6973,328.75
6974,335.45
6975,396.95
6976,519.95
6977,763.72
6978,808.45
6979,777.14
6980,684.33
6981,538.96
6982,508.77
6983,512.13
6984,481.94
6985,449.51
6986,481.94
6987,545.67
6988,560.21
6989,528.9
6990,526.66
6991,497.59
6992,564.68
6993,672.03
6994,617.24
6995,457.34
6996,403.66
6997,345.52
6998,336.57
6999,344.4
7000,497.59
7001,777.14
7002,838.64
7003,820.75
7004,708.93
7005,553.5
7006,481.94
7007,457.34
7008,457.34
7009,403.66
7010,421.55
7011,464.05
7012,448.39
7013,413.73
7014,451.75
7015,542.32
7016,607.17
7017,609.41
7018,616.12
7019,490.88
7020,438.33
7021,372.35
7022,362.29
7023,381.3
7024,484.17
7025,683.21
7026,788.32
7027,820.75
7028,729.05
7029,526.66
7030,480.82
7031,452.86
7032,438.33
7033,448.39
7034,485.29
7035,521.07
7036,499.83
7037,486.41
7038,506.54
7039,540.08
7040,590.4
7041,613.88
7042,575.86
7043,375.71
7044,335.45
7045,304.15
7046,316.45
7047,365.65
7048,508.77
7049,710.05
7050,819.63
7051,820.75
7052,729.05
7053,534.49
7054,494.24
7055,479.7
7056,449.51
7057,415.96
7058,467.4
7059,517.72
7060,494.24
7061,469.64
7062,508.77
7063,566.92
7064,631.77
7065,595.99
7066,493.12
7067,356.7
7068,326.51
7069,308.62
7070,306.38
7071,349.99
7072,514.36
7073,705.57
7074,780.49
7075,798.38
7076,742.47
7077,508.77
7078,496.47
7079,469.64
7080,459.57
7081,375.71
7082,341.05
7083,407.02
7084,426.03
7085,419.32
7086,417.08
7087,427.15
7088,484.17
7089,478.58
7090,386.89
7091,294.08
7092,294.08
7093,289.61
7094,296.32
7095,315.33
7096,357.82
7097,509.89
7098,569.15
7099,656.37
7100,531.14
7101,394.72
7102,362.29
7103,320.92
7104,319.8
7105,292.96
7106,311.97
7107,347.75
7108,384.65
7109,392.48
7110,338.81
7111,364.53
7112,439.45
7113,375.71
7114,338.81
7115,327.63
7116,262.77
7117,252.71
7118,263.89
7119,277.31
7120,291.85
7121,456.22
7122,559.09
7123,645.19
7124,566.92
7125,393.6
7126,344.4
7127,306.38
7128,300.79
7129,348.87
7130,390.25
7131,409.25
7132,411.49
7133,408.14
7134,418.2
7135,479.7
7136,622.83
7137,587.05
7138,562.45
7139,536.73
7140,412.61
7141,404.78
7142,401.43
7143,414.85
7144,446.15
7145,637.36
7146,727.94
7147,751.42
7148,661.96
7149,622.83
7150,504.3
7151,443.92
7152,432.74
7153,404.78
7154,424.91
7155,458.45
7156,458.45
7157,433.85
7158,449.51
7159,516.6
7160,568.04
7161,683.21
7162,664.2
7163,592.64
7164,565.8
7165,414.85
7166,415.96
7167,434.97
7168,555.74
7169,753.65
7170,800.62
7171,807.33
7172,682.09
7173,497.59
7174,446.15
7175,426.03
7176,419.32
7177,410.37
7178,421.55
7179,439.45
7180,449.51
7181,461.81
7182,514.36
7183,686.56
7184,767.07
7185,788.32
7186,713.4
7187,601.58
7188,536.73
7189,499.83
7190,505.42
7191,523.31
7192,600.46
7193,754.77
7194,815.15
7195,838.64
7196,808.45
7197,612.76
7198,470.75
7199,385.77
7200,375.71
7201,347.75
7202,372.35
7203,400.31
7204,447.27
7205,456.22
7206,457.34
7207,546.79
7208,631.77
7209,640.72
7210,557.97
7211,380.18
7212,370.12
7213,308.62
7214,314.21
7215,361.17
7216,395.84
7217,590.4
7218,799.5
7219,837.52
7220,795.03
7221,597.11
7222,427.15
7223,370.12
7224,364.53
7225,366.76
7226,424.91
7227,468.52
7228,466.28
7229,442.8
7230,446.15
7231,544.55
7232,572.51
7233,587.05
7234,564.68
7235,413.73
7236,380.18
7237,333.22
7238,343.28
7239,430.5
7240,526.66
7241,677.62
7242,738
7243,742.47
7244,711.16
7245,527.78
7246,417.08
7247,355.58
7248,338.81
7249,382.42
7250,407.02
7251,383.54
7252,383.54
7253,363.41
7254,360.05
7255,450.63
7256,471.87
7257,456.22
7258,377.95
7259,257.18
7260,243.76
7261,238.17
7262,272.84
7263,338.81
7264,372.35
7265,537.85
7266,617.24
7267,693.27
7268,629.54
7269,506.54
7270,440.56
7271,411.49
7272,396.95
7273,395.84
7274,396.95
7275,408.14
7276,377.95
7277,431.62
7278,410.37
7279,375.71
7280,396.95
7281,363.41
7282,299.67
7283,252.71
7284,238.17
7285,230.35
7286,231.46
7287,244.88
7288,327.63
7289,535.61
7290,599.35
7291,670.91
7292,599.35
7293,487.53
7294,418.2
7295,393.6
7296,386.89
7297,360.05
7298,369
7299,388.01
7300,392.48
7301,394.72
7302,464.05
7303,484.17
7304,541.2
7305,527.78
7306,422.67
7307,324.27
7308,300.79
7309,277.31
7310,300.79
7311,354.46
7312,451.75
7313,676.5
7314,750.3
7315,767.07
7316,732.41
7317,626.18
7318,514.36
7319,469.64
7320,453.98
7321,455.1
7322,434.97
7323,443.92
7324,458.45
7325,452.86
7326,483.05
7327,495.35
7328,496.47
7329,503.18
7330,468.52
7331,417.08
7332,347.75
7333,317.56
7334,326.51
7335,401.43
7336,450.63
7337,661.96
7338,738
7339,730.17
7340,699.98
7341,572.51
7342,460.69
7343,389.13
7344,383.54
7345,427.15
7346,410.37
7347,434.97
7348,440.56
7349,451.75
7350,466.28
7351,477.46
7352,560.21
7353,578.1
7354,471.87
7355,396.95
7356,307.5
7357,290.73
7358,290.73
7359,339.93
7360,452.86
7361,609.41
7362,663.08
7363,672.03
7364,627.3
7365,534.49
7366,412.61
7367,413.73
7368,415.96
7369,388.01
7370,393.6
7371,423.79
7372,414.85
7373,428.26
7374,480.82
7375,584.81
7376,663.08
7377,677.62
7378,634.01
7379,458.45
7380,325.39
7381,301.91
7382,311.97
7383,326.51
7384,413.73
7385,679.85
7386,784.96
7387,805.09
7388,727.94
7389,578.1
7390,475.23
7391,404.78
7392,373.47
7393,354.46
7394,353.35
7395,382.42
7396,399.19
7397,402.55
7398,433.85
7399,595.99
7400,674.26
7401,686.56
7402,595.99
7403,409.25
7404,352.23
7405,307.5
7406,306.38
7407,333.22
7408,419.32
7409,689.92
7410,777.14
7411,811.8
7412,790.55
7413,659.73
7414,524.43
7415,408.14
7416,360.05
7417,337.69
7418,342.16
7419,358.94
7420,386.89
7421,373.47
7422,388.01
7423,466.28
7424,544.55
7425,503.18
7426,370.12
7427,300.79
7428,295.2
7429,263.89
7430,262.77
7431,285.14
7432,343.28
7433,504.3
7434,653.02
7435,695.51
7436,630.65
7437,547.91
7438,452.86
7439,417.08
7440,418.2
7441,372.35
7442,360.05
7443,418.2
7444,433.85
7445,474.11
7446,503.18
7447,627.3
7448,613.88
7449,514.36
7450,401.43
7451,285.14
7452,273.95
7453,248.24
7454,262.77
7455,270.6
7456,343.28
7457,506.54
7458,632.89
7459,640.72
7460,611.65
7461,544.55
7462,458.45
7463,414.85
7464,398.07
7465,391.36
7466,417.08
7467,441.68
7468,453.98
7469,433.85
7470,455.1
7471,531.14
7472,617.24
7473,616.12
7474,507.65
7475,376.83
7476,337.69
7477,277.31
7478,318.68
7479,374.59
7480,453.98
7481,597.11
7482,744.71
7483,759.25
7484,672.03
7485,606.05
7486,514.36
7487,452.86
7488,437.21
7489,385.77
7490,382.42
7491,401.43
7492,431.62
7493,409.25
7494,401.43
7495,486.41
7496,642.95
7497,632.89
7498,551.26
7499,295.2
7500,285.14
7501,273.95
7502,282.9
7503,327.63
7504,441.68
7505,680.97
7506,789.44
7507,763.72
7508,642.95
7509,560.21
7510,421.55
7511,377.95
7512,371.24
7513,337.69
7514,345.52
7515,379.06
7516,396.95
7517,455.1
7518,465.16
7519,471.87
7520,532.25
7521,509.89
7522,422.67
7523,273.95
7524,272.84
7525,270.6
7526,285.14
7527,296.32
7528,366.76
7529,582.57
7530,669.79
7531,632.89
7532,613.88
7533,541.2
7534,436.09
7535,390.25
7536,373.47
7537,386.89
7538,424.91
7539,451.75
7540,455.1
7541,447.27
7542,452.86
7543,466.28
7544,611.65
7545,574.75
7546,484.17
7547,346.64
7548,339.93
7549,319.8
7550,347.75
7551,398.07
7552,465.16
7553,704.45
7554,793.91
7555,786.08
7556,725.7
7557,530.02
7558,437.21
7559,402.55
7560,421.55
7561,420.44
7562,433.85
7563,455.1
7564,456.22
7565,439.45
7566,451.75
7567,489.76
7568,546.79
7569,562.45
7570,533.37
7571,400.31
7572,386.89
7573,338.81
7574,354.46
7575,481.94
7576,553.5
7577,670.91
7578,743.59
7579,780.49
7580,714.52
7581,578.1
7582,468.52
7583,422.67
7584,401.43
7585,341.05
7586,354.46
7587,372.35
7588,376.83
7589,348.87
7590,375.71
7591,393.6
7592,490.88
7593,443.92
7594,371.24
7595,286.25
7596,261.65
7597,241.53
7598,254.95
7599,254.95
7600,326.51
7601,484.17
7602,574.75
7603,557.97
7604,528.9
7605,489.76
7606,383.54
7607,333.22
7608,320.92
7609,341.05
7610,339.93
7611,330.98
7612,354.46
7613,373.47
7614,398.07
7615,421.55
7616,514.36
7617,483.05
7618,367.88
7619,269.48
7620,246
7621,222.52
7622,238.17
7623,247.12
7624,383.54
7625,581.45
7626,660.85
7627,618.35
7628,581.45
7629,500.95
7630,352.23
7631,294.08
7632,275.07
7633,300.79
7634,349.99
7635,376.83
7636,389.13
7637,394.72
7638,409.25
7639,448.39
7640,536.73
7641,521.07
7642,439.45
7643,330.98
7644,303.03
7645,285.14
7646,295.2
7647,334.34
7648,431.62
7649,645.19
7650,732.41
7651,744.71
7652,634.01
7653,515.48
7654,399.19
7655,396.95
7656,372.35
7657,356.7
7658,363.41
7659,379.06
7660,438.33
7661,434.97
7662,431.62
7663,450.63
7664,565.8
7665,543.44
7666,475.23
7667,376.83
7668,324.27
7669,287.37
7670,300.79
7671,317.56
7672,430.5
7673,722.35
7674,796.15
7675,818.51
7676,694.39
7677,562.45
7678,429.38
7679,360.05
7680,353.35
7681,371.24
7682,410.37
7683,422.67
7684,438.33
7685,446.15
7686,476.35
7687,557.97
7688,691.04
7689,634.01
7690,422.67
7691,304.15
7692,296.32
7693,279.55
7694,285.14
7695,322.04
7696,409.25
7697,664.2
7698,791.67
7699,805.09
7700,724.58
7701,601.58
7702,457.34
7703,382.42
7704,363.41
7705,365.65
7706,369
7707,393.6
7708,418.2
7709,431.62
7710,450.63
7711,502.06
7712,600.46
7713,579.22
7714,448.39
7715,325.39
7716,314.21
7717,306.38
7718,329.86
7719,355.58
7720,415.96
7721,664.2
7722,781.61
7723,768.19
7724,723.46
7725,616.12
7726,470.75
7727,410.37
7728,400.31
7729,417.08
7730,427.15
7731,423.79
7732,447.27
7733,488.65
7734,500.95
7735,523.31
7736,584.81
7737,578.1
7738,465.16
7739,391.36
7740,358.94
7741,322.04
7742,364.53
7743,403.66
7744,452.86
7745,654.14
7746,773.78
7747,754.77
7748,666.44
7749,584.81
7750,403.66
7751,370.12
7752,366.76
7753,346.64
7754,401.43
7755,419.32
7756,410.37
7757,399.19
7758,403.66
7759,478.58
7760,553.5
7761,483.05
7762,335.45
7763,290.73
7764,275.07
7765,263.89
7766,267.25
7767,282.9
7768,324.27
7769,522.19
7770,564.68
7771,530.02
7772,503.18
7773,441.68
7774,346.64
7775,334.34
7776,323.15
7777,307.5
7778,328.75
7779,334.34
7780,357.82
7781,325.39
7782,328.75
7783,467.4
7784,508.77
7785,400.31
7786,286.25
7787,248.24
7788,250.47
7789,231.46
7790,229.23
7791,249.35
7792,272.84
7793,401.43
7794,513.25
7795,555.74
7796,543.44
7797,462.93
7798,373.47
7799,322.04
7800,323.15
7801,314.21
7802,361.17
7803,376.83
7804,412.61
7805,430.5
7806,460.69
7807,486.41
7808,519.95
7809,506.54
7810,506.54
7811,402.55
7812,326.51
7813,268.36
7814,273.95
7815,279.55
7816,343.28
7817,474.11
7818,576.98
7819,632.89
7820,619.47
7821,527.78
7822,430.5
7823,389.13
7824,333.22
7825,308.62
7826,329.86
7827,344.4
7828,358.94
7829,360.05
7830,367.88
7831,475.23
7832,591.52
7833,551.26
7834,471.87
7835,411.49
7836,333.22
7837,310.85
7838,301.91
7839,316.45
7840,401.43
7841,619.47
7842,761.48
7843,781.61
7844,754.77
7845,564.68
7846,445.04
7847,414.85
7848,381.3
7849,372.35
7850,408.14
7851,429.38
7852,456.22
7853,447.27
7854,439.45
7855,506.54
7856,621.71
7857,587.05
7858,496.47
7859,426.03
7860,334.34
7861,300.79
7862,296.32
7863,336.57
7864,445.04
7865,606.05
7866,725.7
7867,727.94
7868,638.48
7869,552.38
7870,450.63
7871,370.12
7872,338.81
7873,328.75
7874,344.4
7875,330.98
7876,360.05
7877,377.95
7878,328.75
7879,392.48
7880,449.51
7881,415.96
7882,363.41
7883,315.33
7884,291.85
7885,277.31
7886,284.02
7887,280.66
7888,316.45
7889,433.85
7890,560.21
7891,553.5
7892,526.66
7893,475.23
7894,410.37
7895,317.56
7896,310.85
7897,300.79
7898,316.45
7899,326.51
7900,366.76
7901,436.09
7902,530.02
7903,452.86
7904,498.71
7905,420.44
7906,374.59
7907,292.96
7908,288.49
7909,277.31
7910,280.66
7911,281.78
7912,333.22
7913,507.65
7914,629.54
7915,626.18
7916,571.39
7917,496.47
7918,385.77
7919,352.23
7920,347.75
7921,299.67
7922,301.91
7923,296.32
7924,316.45
7925,353.35
7926,380.18
7927,395.84
7928,468.52
7929,429.38
7930,377.95
7931,276.19
7932,262.77
7933,234.82
7934,244.88
7935,248.24
7936,295.2
7937,475.23
7938,589.28
7939,595.99
7940,556.85
7941,478.58
7942,366.76
7943,343.28
7944,320.92
7945,275.07
7946,277.31
7947,290.73
7948,292.96
7949,351.11
7950,404.78
7951,418.2
7952,490.88
7953,354.46
7954,289.61
7955,256.06
7956,246
7957,234.82
7958,243.76
7959,233.7
7960,304.15
7961,467.4
7962,602.7
7963,622.83
7964,611.65
7965,536.73
7966,420.44
7967,404.78
7968,363.41
7969,298.55
7970,313.09
7971,338.81
7972,361.17
7973,386.89
7974,458.45
7975,442.8
7976,523.31
7977,441.68
7978,390.25
7979,291.85
7980,284.02
7981,258.3
7982,278.43
7983,290.73
7984,361.17
7985,554.62
7986,669.79
7987,707.81
7988,663.08
7989,589.28
7990,419.32
7991,394.72
7992,367.88
7993,328.75
7994,349.99
7995,357.82
7996,357.82
7997,389.13
7998,447.27
7999,472.99
8000,479.7
8001,436.09
8002,297.44
8003,257.18
8004,257.18
8005,238.17
8006,257.18
8007,272.84
8008,296.32
8009,412.61
8010,550.15
8011,591.52
8012,556.85
8013,486.41
8014,377.95
8015,334.34
8016,315.33
8017,287.37
8018,315.33
8019,367.88
8020,357.82
8021,391.36
8022,457.34
8023,475.23
8024,503.18
8025,424.91
8026,299.67
8027,265.01
8028,263.89
8029,240.41
8030,269.48
8031,305.26
8032,357.82
8033,507.65
8034,592.64
8035,637.36
8036,632.89
8037,556.85
8038,466.28
8039,384.65
8040,376.83
8041,372.35
8042,379.06
8043,389.13
8044,379.06
8045,420.44
8046,465.16
8047,515.48
8048,544.55
8049,447.27
8050,324.27
8051,280.66
8052,276.19
8053,252.71
8054,270.6
8055,326.51
8056,347.75
8057,504.3
8058,590.4
8059,601.58
8060,573.63
8061,550.15
8062,476.35
8063,403.66
8064,367.88
8065,355.58
8066,386.89
8067,390.25
8068,422.67
8069,440.56
8070,471.87
8071,602.7
8072,634.01
8073,571.39
8074,459.57
8075,354.46
8076,329.86
8077,289.61
8078,292.96
8079,328.75
8080,436.09
8081,574.75
8082,644.07
8083,688.8
8084,670.91
8085,592.64
8086,478.58
8087,386.89
8088,372.35
8089,380.18
8090,412.61
8091,414.85
8092,434.97
8093,431.62
8094,472.99
8095,584.81
8096,676.5
8097,514.36
8098,365.65
8099,286.25
8100,282.9
8101,248.24
8102,253.83
8103,261.65
8104,320.92
8105,511.01
8106,642.95
8107,752.54
8108,750.3
8109,693.27
8110,522.19
8111,445.04
8112,431.62
8113,367.88
8114,362.29
8115,362.29
8116,386.89
8117,383.54
8118,460.69
8119,551.26
8120,561.33
8121,407.02
8122,298.55
8123,233.7
8124,237.05
8125,206.86
8126,207.98
8127,222.52
8128,297.44
8129,470.75
8130,592.64
8131,674.26
8132,674.26
8133,617.24
8134,477.46
8135,405.9
8136,393.6
8137,380.18
8138,409.25
8139,427.15
8140,438.33
8141,472.99
8142,544.55
8143,588.16
8144,616.12
8145,531.14
8146,379.06
8147,269.48
8148,248.24
8149,235.94
8150,289.61
8151,319.8
8152,431.62
8153,497.59
8154,583.69
8155,636.25
8156,663.08
8157,588.16
8158,456.22
8159,418.2
8160,399.19
8161,363.41
8162,377.95
8163,377.95
8164,401.43
8165,392.48
8166,466.28
8167,483.05
8168,515.48
8169,415.96
8170,290.73
8171,238.17
8172,219.16
8173,203.51
8174,233.7
8175,317.56
8176,381.3
8177,495.35
8178,606.05
8179,715.64
8180,675.38
8181,546.79
8182,431.62
8183,369
8184,364.53
8185,348.87
8186,363.41
8187,394.72
8188,414.85
8189,423.79
8190,441.68
8191,468.52
8192,419.32
8193,343.28
8194,281.78
8195,242.65
8196,230.35
8197,249.35
8198,271.72
8199,304.15
8200,391.36
8201,530.02
8202,604.94
8203,632.89
8204,583.69
8205,508.77
8206,450.63
8207,371.24
8208,362.29
8209,379.06
8210,385.77
8211,399.19
8212,433.85
8213,474.11
8214,484.17
8215,549.03
8216,547.91
8217,452.86
8218,375.71
8219,352.23
8220,333.22
8221,328.75
8222,336.57
8223,343.28
8224,385.77
8225,532.25
8226,619.47
8227,689.92
8228,676.5
8229,638.48
8230,516.6
8231,426.03
8232,413.73
8233,428.26
8234,443.92
8235,443.92
8236,468.52
8237,475.23
8238,493.12
8239,600.46
8240,609.41
8241,522.19
8242,461.81
8243,422.67
8244,377.95
8245,356.7
8246,376.83
8247,408.14
8248,465.16
8249,606.05
8250,691.04
8251,771.55
8252,707.81
8253,637.36
8254,580.34
8255,525.55
8256,509.89
8257,494.24
8258,476.35
8259,452.86
8260,467.4
8261,471.87
8262,468.52
8263,507.65
8264,537.85
8265,451.75
8266,380.18
8267,362.29
8268,366.76
8269,371.24
8270,375.71
8271,379.06
8272,408.14
8273,474.11
8274,616.12
8275,715.64
8276,661.96
8277,566.92
8278,505.42
8279,468.52
8280,460.69
8281,457.34
8282,493.12
8283,511.01
8284,534.49
8285,541.2
8286,545.67
8287,536.73
8288,521.07
8289,400.31
8290,351.11
8291,342.16
8292,349.99
8293,343.28
8294,351.11
8295,383.54
8296,400.31
8297,455.1
8298,623.95
8299,714.52
8300,663.08
8301,608.29
8302,553.5
8303,523.31
8304,506.54
8305,480.82
8306,485.29
8307,521.07
8308,551.26
8309,589.28
8310,626.18
8311,645.19
8312,684.33
8313,555.74
8314,498.71
8315,497.59
8316,464.05
8317,465.16
8318,478.58
8319,513.25
8320,569.15
8321,672.03
8322,790.55
8323,817.39
8324,850.94
8325,841.99
8326,762.6
8327,720.11
8328,730.17
8329,717.87
8330,731.29
8331,754.77
8332,802.85
8333,820.75
8334,862.12
8335,828.57
8336,781.61
8337,735.76
8338,630.65
8339,615
8340,618.35
8341,564.68
8342,609.41
8343,635.13
8344,667.55
8345,767.07
8346,861
8347,837.52
8348,856.53
8349,796.15
8350,727.94
8351,664.2
8352,659.73
8353,670.91
8354,707.81
8355,759.25
8356,770.43
8357,793.91
8358,795.03
8359,801.74
8360,665.32
8361,572.51
8362,536.73
8363,519.95
8364,508.77
8365,459.57
8366,469.64
8367,493.12
8368,556.85
8369,707.81
8370,829.69
8371,856.53
8372,857.65
8373,798.38
8374,666.44
8375,564.68
8376,533.37
8377,552.38
8378,565.8
8379,576.98
8380,688.8
8381,726.82
8382,640.72
8383,649.66
8384,637.36
8385,604.94
8386,610.53
8387,616.12
8388,606.05
8389,477.46
8390,487.53
8391,557.97
8392,581.45
8393,706.69
8394,827.45
8395,846.46
8396,871.06
8397,777.14
8398,680.97
8399,630.65
8400,600.46
8401,580.34
8402,645.19
8403,669.79
8404,758.13
8405,777.14
8406,809.56
8407,741.35
8408,664.2
8409,591.52
8410,477.46
8411,468.52
8412,440.56
8413,431.62
8414,462.93
8415,500.95
8416,565.8
8417,788.32
8418,864.35
8419,919.15
8420,907.96
8421,789.44
8422,707.81
8423,628.42
8424,611.65
8425,572.51
8426,554.62
8427,553.5
8428,578.1
8429,616.12
8430,649.66
8431,644.07
8432,587.05
8433,543.44
8434,517.72
8435,462.93
8436,442.8
8437,399.19
8438,411.49
8439,427.15
8440,479.7
8441,667.55
8442,733.53
8443,803.97
8444,817.39
8445,689.92
8446,579.22
8447,531.14
8448,493.12
8449,477.46
8450,499.83
8451,515.48
8452,580.34
8453,613.88
8454,632.89
8455,592.64
8456,543.44
8457,489.76
8458,461.81
8459,430.5
8460,399.19
8461,379.06
8462,411.49
8463,415.96
8464,488.65
8465,606.05
8466,735.76
8467,772.66
8468,772.66
8469,668.67
8470,538.96
8471,526.66
8472,508.77
8473,512.13
8474,551.26
8475,617.24
8476,654.14
8477,686.56
8478,701.1
8479,665.32
8480,592.64
8481,504.3
8482,442.8
8483,422.67
8484,412.61
8485,399.19
8486,430.5
8487,451.75
8488,515.48
8489,668.67
8490,784.96
8491,850.94
8492,841.99
8493,735.76
8494,670.91
8495,600.46
8496,565.8
8497,544.55
8498,530.02
8499,565.8
8500,590.4
8501,627.3
8502,645.19
8503,612.76
8504,584.81
8505,532.25
8506,484.17
8507,443.92
8508,434.97
8509,436.09
8510,459.57
8511,472.99
8512,546.79
8513,661.96
8514,821.86
8515,893.43
8516,848.7
8517,763.72
8518,689.92
8519,654.14
8520,638.48
8521,628.42
8522,651.9
8523,727.94
8524,800.62
8525,863.24
8526,848.7
8527,765.95
8528,694.39
8529,637.36
8530,583.69
8531,518.84
8532,492
8533,485.29
8534,494.24
8535,516.6
8536,592.64
8537,716.75
8538,816.27
8539,866.59
8540,873.3
8541,855.41
8542,791.67
8543,715.64
8544,704.45
8545,688.8
8546,688.8
8547,757.01
8548,763.72
8549,859.88
8550,864.35
8551,798.38
8552,734.65
8553,680.97
8554,655.25
8555,636.25
8556,609.41
8557,608.29
8558,626.18
8559,677.62
8560,758.13
8561,835.28
8562,914.67
8563,948.22
8564,956.05
8565,881.13
8566,869.95
8567,800.62
8568,783.85
8569,792.79
8570,765.95
8571,874.42
8572,894.55
8573,918.03
8574,913.55
8575,922.5
8576,877.77
8577,834.16
8578,830.81
8579,829.69
8580,812.92
8581,803.97
8582,814.04
8583,835.28
8584,886.72
8585,926.97
8586,960.52
8587,968.35
8588,956.05
8589,956.05
8590,923.62
8591,925.85
8592,895.66
8593,894.55
8594,928.09
8595,944.86
8596,950.45
8597,959.4
8598,966.11
8599,944.86
8600,914.67
8601,861
8602,863.24
8603,864.35
8604,848.7
8605,826.34
8606,856.53
8607,874.42
8608,909.08
8609,948.22
8610,990.71
8611,982.88
8612,970.58
8613,942.63
8614,899.02
8615,875.54
8616,820.75
8617,790.55
8618,825.22
8619,869.95
8620,929.21
8621,931.45
8622,894.55
8623,824.1
8624,811.8
8625,793.91
8626,758.13
8627,733.53
8628,762.6
8629,786.08
8630,801.74
8631,820.75
8632,871.06
8633,949.34
8634,985.12
8635,971.7
8636,901.25
8637,875.54
8638,845.35
8639,777.14
8640,765.95
8641,760.36
8642,778.25
8643,805.09
8644,838.64
8645,926.97
8646,947.1
8647,876.65
8648,781.61
8649,745.83
8650,712.28
8651,684.33
8652,675.38
8653,639.6
8654,645.19
8655,689.92
8656,707.81
8657,822.98
8658,932.56
8659,937.04
8660,914.67
8661,848.7
8662,781.61
8663,777.14
8664,758.13
8665,714.52
8666,731.29
8667,759.25
8668,762.6
8669,859.88
8670,895.66
8671,827.45
8672,705.57
8673,680.97
8674,653.02
8675,618.35
8676,585.93
8677,554.62
8678,569.15
8679,610.53
8680,640.72
8681,715.64
8682,865.47
8683,874.42
8684,865.47
8685,773.78
8686,752.54
8687,732.41
8688,708.93
8689,651.9
8690,672.03
8691,722.35
8692,722.35
8693,827.45
8694,844.23
8695,779.37
8696,695.51
8697,630.65
8698,578.1
8699,563.56
8700,553.5
8701,513.25
8702,530.02
8703,582.57
8704,634.01
8705,723.46
8706,885.6
8707,893.43
8708,880.01
8709,781.61
8710,753.65
8711,708.93
8712,691.04
8713,655.25
8714,675.38
8715,696.63
8716,704.45
8717,769.31
8718,773.78
8719,711.16
8720,630.65
8721,601.58
8722,576.98
8723,566.92
8724,552.38
8725,518.84
8726,542.32
8727,583.69
8728,617.24
8729,738
8730,892.31
8731,899.02
8732,881.13
8733,815.15
8734,767.07
8735,714.52
8736,672.03
8737,650.78
8738,674.26
8739,695.51
8740,727.94
8741,778.25
8742,808.45
8743,741.35
8744,692.15
8745,607.17
8746,574.75
8747,561.33
8748,562.45
8749,526.66
8750,549.03
8751,582.57
8752,677.62
8753,780.49
8754,905.73
8755,932.56
8756,920.26
8757,820.75
8758,707.81
8759,697.75
8760,729.05
