Hour,65c,74c
1,1217.086281306344,0.0
2,926.8517612720772,0.0
3,630.5545487026579,0.0
4,666.6190451449872,0.0
5,727.6907943322369,0.0
6,567.2059670215255,0.0
7,190.58079724186254,0.0
8,76.00181178258924,0.0
9,0.0,0.0
10,1202.6479587258718,0.0
11,875.2332442641871,0.0
12,1707.0,0.0
13,1415.988063096399,0.0
14,1478.9931745137683,0.0
15,1376.9365204864134,0.0
16,768.6520481202094,0.0
17,555.8991974918517,0.0
18,1021.4504781339547,0.0
19,1180.6797817111255,0.0
20,1316.9388644634626,0.0
21,1179.8552583745438,0.0
22,772.876400730874,0.0
23,738.8842367138175,0.0
24,731.4897031881388,0.0
25,886.538748087914,0.0
26,919.5935746390272,0.0
27,1307.6766871678867,0.0
28,931.1121520574591,0.0
29,1026.0224213565866,0.0
30,619.7681470492445,0.0
31,790.9088649933819,0.0
32,847.5008030367396,0.0
33,184.03463700963718,0.0
34,737.6152559481177,0.0
35,291.7899310185506,0.0
36,379.2124625891643,0.0
37,997.1752844497368,0.0
38,285.3676636147328,0.0
39,212.78093718131586,0.0
40,18.620869592134312,0.0
41,79.92025907686337,0.0
42,452.72293768048456,0.0
43,748.407751937512,0.0
44,1009.9586681785978,0.0
45,884.8420330581085,0.0
46,626.7203471455082,0.0
47,443.3345277400758,0.0
48,634.8437059001,0.0
49,374.7871194326085,0.0
50,562.4767066413436,0.0
51,178.6568268144442,0.0
52,237.14431752984044,0.0
53,80.97130409522347,0.0
54,0.0,0.0
55,0.0,0.0
56,292.0336347233026,0.0
57,388.57161038977785,0.0
58,856.2038638080791,0.0
59,908.2176517742909,0.0
60,897.3450745297001,0.0
61,677.55804032584,0.0
62,727.4973851101731,0.0
63,384.4687227485885,0.0
64,37.02339156450759,0.0
65,247.4198445373615,0.0
66,633.386649804502,0.0
67,944.5952530925273,0.0
68,894.8774107184863,0.0
69,951.7930211393452,0.0
70,716.9311686376144,0.0
71,689.6920933517395,0.0
72,564.2394881870025,0.0
73,657.9579115152098,0.0
74,830.1591814653084,0.0
75,722.7445179877492,0.0
76,847.2470132001002,0.0
77,687.6397429042211,0.0
78,499.2397746686542,0.0
79,685.2565176025538,0.0
80,820.2795027626838,0.0
81,1422.935766211782,0.0
82,1707.0,0.0
83,1707.0,0.0
84,1707.0,0.0
85,1707.0,0.0
86,1156.5248891461254,0.0
87,1270.2596459732895,0.0
88,1399.487272093751,0.0
89,1538.0007310727224,0.0
90,1612.6482832212196,0.0
91,1707.0,0.0
92,1517.3115596062016,0.0
93,1342.5061872448143,0.0
94,806.1885193397902,0.0
95,477.64452927496507,0.0
96,357.47641538110867,0.0
97,323.3156244044216,0.0
98,378.6500724578225,0.0
99,678.3746047593168,0.0
100,629.1799677316795,0.0
101,575.4259334525069,0.0
102,398.697160804865,0.0
103,331.1933192567003,0.0
104,353.30339485555857,0.0
105,1223.6779717672314,0.0
106,1232.0763271355306,0.0
107,1707.0,0.0
108,1540.9192625494363,0.0
109,838.9790696890694,0.0
110,808.9018323176076,0.0
111,786.6918766170492,0.0
112,783.3664523455824,0.0
113,426.7107504376448,0.0
114,517.8722425991881,0.0
115,363.00088676979954,0.0
116,847.2891978174014,0.0
117,699.3848258994202,0.0
118,177.86246304783208,0.0
119,0.0,0.0
120,0.0,0.0
121,0.0,0.0
122,0.0,0.0
123,0.0,0.0
124,0.0,0.0
125,0.0,0.0
126,0.0,0.0
127,0.0,0.0
128,0.0,0.0
129,143.23560546455258,0.0
130,0.0,0.0
131,831.5415042777622,0.0
132,701.9640228297649,0.0
133,0.0,0.0
134,0.0,0.0
135,150.55227355135062,0.0
136,0.0,0.0
137,0.0,0.0
138,0.0,0.0
139,356.7763545848958,0.0
140,88.9072924080993,0.0
141,0.0,0.0
142,0.0,0.0
143,0.0,0.0
144,0.0,0.0
145,0.0,0.0
146,0.0,0.0
147,0.0,0.0
148,0.0,0.0
149,0.0,0.0
150,8.20018681200128,0.0
151,0.0,0.0
152,0.0,0.0
153,0.0,0.0
154,0.0,0.0
155,0.0,0.0
156,156.44445173159457,0.0
157,0.0,0.0
158,0.0,0.0
159,0.0,0.0
160,0.0,0.0
161,0.0,0.0
162,0.0,0.0
163,0.0,0.0
164,0.0,0.0
165,23.759695680935256,0.0
166,0.0,0.0
167,0.0,0.0
168,241.1609699182786,0.0
169,0.0,0.0
170,402.35044803944146,0.0
171,69.09508304014338,0.0
172,71.00669715283031,0.0
173,351.41505252432347,0.0
174,340.4197988175601,0.0
175,744.2361163280481,0.0
176,921.5542086230555,0.0
177,906.5593644862255,0.0
178,1385.173002006399,0.0
179,757.201806086487,0.0
180,1337.0969173253004,0.0
181,994.5696204400106,0.0
182,1150.6838395020488,0.0
183,779.8422264166298,0.0
184,495.4163260913034,0.0
185,816.6835316696119,0.0
186,884.6394941083593,0.0
187,926.4164552861357,0.0
188,1128.617472791939,0.0
189,1464.8657510323683,0.0
190,1707.0,0.0
191,1520.148558955546,0.0
192,1567.029226322993,0.0
193,1383.5039830949572,0.0
194,1459.9539367132047,0.0
195,1341.9084493006762,0.0
196,1242.59613092172,0.0
197,1304.6123280930083,0.0
198,1118.1350098638243,0.0
199,1399.2429096673657,0.0
200,711.1916977403465,0.0
201,946.5138873066658,0.0
202,1111.1377236398116,0.0
203,909.6520695831314,0.0
204,1338.2044730218945,0.0
205,1364.4599989370986,0.0
206,1438.6229895477406,0.0
207,1707.0,0.0
208,1645.6093893157433,0.0
209,1707.0,0.0
210,1707.0,0.0
211,1234.459510626409,0.0
212,1227.0084755889488,0.0
213,1531.75528511514,0.0
214,1707.0,0.0
215,1707.0,0.0
216,1707.0,0.0
217,1707.0,0.0
218,1707.0,0.0
219,1707.0,0.0
220,1707.0,0.0
221,1707.0,0.0
222,1707.0,0.0
223,1707.0,0.0
224,1707.0,0.0
225,1707.0,0.0
226,1707.0,0.0
227,1707.0,0.0
228,1707.0,0.0
229,1707.0,0.0
230,1707.0,0.0
231,1707.0,0.0
232,1707.0,0.0
233,1707.0,0.0
234,1707.0,0.0
235,1617.001438871589,0.0
236,1043.7714986841227,0.0
237,618.6346339049454,0.0
238,234.94300037205164,0.0
239,450.5437157501538,0.0
240,415.35225331103743,0.0
241,219.87346068474818,0.0
242,568.8613751426736,0.0
243,805.3988386354373,0.0
244,372.674558229592,0.0
245,98.88227896071383,0.0
246,448.66180863143484,0.0
247,1188.288286709006,0.0
248,796.6124911060153,0.0
249,1484.4466025744675,0.0
250,1707.0,0.0
251,1707.0,0.0
252,1707.0,0.0
253,1517.3567494801518,0.0
254,1707.0,0.0
255,1675.522603875894,0.0
256,1707.0,0.0
257,1640.52364906982,0.0
258,1329.549280310209,0.0
259,1477.8159548333865,0.0
260,1410.8923548200862,0.0
261,1450.2764315960574,0.0
262,932.4145402263688,0.0
263,1132.1203017982557,0.0
264,813.0328364547378,0.0
265,0.0,0.0
266,0.0,0.0
267,0.0,0.0
268,0.0,0.0
269,0.0,0.0
270,0.0,0.0
271,191.5691228287998,0.0
272,695.5081997233351,0.0
273,915.255535714102,0.0
274,1289.271360126706,0.0
275,1707.0,0.0
276,1425.872359238408,0.0
277,1391.9096072965583,0.0
278,1599.8236205575224,0.0
279,1465.361896630085,0.0
280,1419.8130293009576,0.0
281,1607.0114514538236,0.0
282,1330.9072507354729,0.0
283,1328.3072832981563,0.0
284,1297.8076766054573,0.0
285,1053.7649743512661,0.0
286,781.7655594042618,0.0
287,584.4584870074784,0.0
288,536.4063532391507,0.0
289,0.0,0.0
290,91.5754742993394,0.0
291,438.9391209650961,0.0
292,0.0,0.0
293,0.0,0.0
294,0.0,0.0
295,713.5980287819496,0.0
296,584.4425612556093,0.0
297,1266.8820922129885,0.0
298,1707.0,0.0
299,1424.446608595729,0.0
300,1538.5825689266958,0.0
301,1349.948809445823,0.0
302,1532.8428815647642,0.0
303,1245.4694012881719,0.0
304,1119.3794674486935,0.0
305,1157.4412938349424,0.0
306,1313.3469556120097,0.0
307,1707.0,0.0
308,1707.0,0.0
309,1578.449479461191,0.0
310,1370.5670082493975,0.0
311,1171.246352537676,0.0
312,1277.5572161020878,0.0
313,1159.1887703672683,0.0
314,1332.7561715782292,0.0
315,1428.6041503432293,0.0
316,1467.2396702508934,0.0
317,1308.1730990847468,0.0
318,1055.5627552664553,0.0
319,966.7474426396474,0.0
320,561.2094411632418,0.0
321,961.6777360516417,0.0
322,1062.103853028397,0.0
323,580.8088004344581,0.0
324,930.7971054893414,0.0
325,1004.4774709189305,0.0
326,999.9029068201529,0.0
327,1149.3396186155373,0.0
328,781.6491306497247,0.0
329,597.2517265018519,0.0
330,704.6795971862324,0.0
331,1195.4302464629984,0.0
332,1061.5330401409688,0.0
333,1255.6575732317915,0.0
334,630.2828271987293,0.0
335,481.7950914715709,0.0
336,0.0,0.0
337,0.0,0.0
338,0.0,0.0
339,0.0,0.0
340,0.0,0.0
341,0.0,0.0
342,0.0,0.0
343,0.0,0.0
344,0.0,0.0
345,0.0,0.0
346,0.0,0.0
347,0.0,0.0
348,0.0,0.0
349,0.0,0.0
350,0.0,0.0
351,0.0,0.0
352,0.0,0.0
353,0.0,0.0
354,0.0,0.0
355,0.0,0.0
356,0.0,0.0
357,0.0,0.0
358,1071.574931324745,0.0
359,0.0,0.0
360,0.0,0.0
361,1059.1237175153335,0.0
362,1011.0512620677533,0.0
363,1007.2729792240393,0.0
364,595.4643757988476,0.0
365,651.0212758182058,0.0
366,1054.9768274190662,0.0
367,1184.108244163182,0.0
368,1349.8183192892861,0.0
369,1490.5178039686753,0.0
370,1183.019555174763,0.0
371,867.7256426704373,0.0
372,655.634052870687,0.0
373,292.21733074311317,0.0
374,296.26086124774326,0.0
375,265.17456122216464,0.0
376,566.1716837872407,0.0
377,668.3731157917412,0.0
378,974.1736651395538,0.0
379,1058.0985520518554,0.0
380,1498.6673243087841,0.0
381,1501.607314224924,0.0
382,1354.2052834125725,0.0
383,929.0607222488486,0.0
384,375.7520377924438,0.0
385,128.55336992465413,0.0
386,417.72123542513,0.0
387,0.0,0.0
388,28.948429839112904,0.0
389,211.44395537198437,0.0
390,297.3402937191363,0.0
391,331.27565780677185,0.0
392,414.0514207060433,0.0
393,787.5758499535809,0.0
394,1462.928623562499,0.0
395,803.0272256204769,0.0
396,466.3320608892237,0.0
397,420.2556680359873,0.0
398,0.0,0.0
399,21.479286937995937,0.0
400,0.0,0.0
401,0.0,0.0
402,0.0,0.0
403,0.0,0.0
404,0.0,0.0
405,303.5212138139754,0.0
406,131.83567349883833,0.0
407,0.0,0.0
408,0.0,0.0
409,0.0,0.0
410,0.0,0.0
411,227.57575894056518,0.0
412,0.0,0.0
413,0.0,0.0
414,384.23491973135185,0.0
415,261.3593692476866,0.0
416,503.998768673795,0.0
417,295.0542949922755,0.0
418,969.8783876902106,0.0
419,1124.5597292383,0.0
420,1089.393711206223,0.0
421,159.34956997771292,0.0
422,520.9764502646793,0.0
423,625.2892326269039,0.0
424,511.5513116754772,0.0
425,592.6422431239133,0.0
426,434.020766995423,0.0
427,571.1257707221837,0.0
428,450.9373685161527,0.0
429,376.5608034086853,0.0
430,0.0,0.0
431,33.89675895228473,0.0
432,100.41364898155193,0.0
433,94.105466011258,0.0
434,26.3620387572498,0.0
435,41.15059246706059,0.0
436,24.58630544730726,0.0
437,88.59184704050573,0.0
438,3.8592585788128844,0.0
439,0.0,0.0
440,420.15528646407313,0.0
441,894.9810967488124,0.0
442,979.4382857639771,0.0
443,797.2790505954824,0.0
444,518.7294366993709,0.0
445,0.0,0.0
446,0.0,0.0
447,0.0,0.0
448,0.0,0.0
449,0.0,0.0
450,0.0,0.0
451,0.0,0.0
452,0.0,0.0
453,0.0,0.0
454,0.0,0.0
455,0.0,0.0
456,0.0,0.0
457,0.0,0.0
458,0.0,0.0
459,0.0,0.0
460,0.0,0.0
461,0.0,0.0
462,0.0,0.0
463,0.0,0.0
464,0.0,0.0
465,0.0,0.0
466,0.0,0.0
467,0.0,0.0
468,0.0,0.0
469,0.0,0.0
470,0.0,0.0
471,0.0,0.0
472,0.0,0.0
473,0.0,0.0
474,0.0,0.0
475,0.0,0.0
476,0.0,0.0
477,0.0,0.0
478,0.0,0.0
479,0.0,0.0
480,0.0,0.0
481,0.0,0.0
482,0.0,0.0
483,0.0,0.0
484,0.0,0.0
485,0.0,0.0
486,0.0,0.0
487,0.0,0.0
488,0.0,0.0
489,0.0,0.0
490,0.0,0.0
491,0.0,0.0
492,0.0,0.0
493,0.0,0.0
494,0.0,0.0
495,0.0,0.0
496,0.0,0.0
497,0.0,0.0
498,0.0,0.0
499,0.0,0.0
500,0.0,0.0
501,0.0,0.0
502,0.0,0.0
503,0.0,0.0
504,0.0,0.0
505,0.0,0.0
506,0.0,0.0
507,0.0,0.0
508,0.0,0.0
509,0.0,0.0
510,0.0,0.0
511,0.0,0.0
512,0.0,0.0
513,0.0,0.0
514,0.0,0.0
515,0.0,0.0
516,0.0,0.0
517,0.0,0.0
518,0.0,0.0
519,0.0,0.0
520,0.0,0.0
521,0.0,0.0
522,0.0,0.0
523,0.0,0.0
524,0.0,0.0
525,0.0,0.0
526,0.0,0.0
527,0.0,0.0
528,0.0,0.0
529,0.0,0.0
530,0.0,0.0
531,0.0,0.0
532,0.0,0.0
533,0.0,0.0
534,0.0,0.0
535,0.0,0.0
536,0.0,0.0
537,0.0,0.0
538,0.0,0.0
539,0.0,0.0
540,0.0,0.0
541,0.0,0.0
542,0.0,0.0
543,0.0,0.0
544,0.0,0.0
545,0.0,0.0
546,0.0,0.0
547,0.0,0.0
548,0.0,0.0
549,0.0,0.0
550,0.0,0.0
551,0.0,0.0
552,0.0,0.0
553,0.0,0.0
554,0.0,0.0
555,0.0,0.0
556,0.0,0.0
557,0.0,0.0
558,0.0,0.0
559,0.0,0.0
560,0.0,0.0
561,0.0,0.0
562,0.0,0.0
563,0.0,0.0
564,0.0,0.0
565,0.0,0.0
566,0.0,0.0
567,0.0,0.0
568,0.0,0.0
569,0.0,0.0
570,0.0,0.0
571,0.0,0.0
572,0.0,0.0
573,0.0,0.0
574,0.0,0.0
575,0.0,0.0
576,0.0,0.0
577,0.0,0.0
578,0.0,0.0
579,0.0,0.0
580,0.0,0.0
581,0.0,0.0
582,0.0,0.0
583,0.0,0.0
584,0.0,0.0
585,0.0,0.0
586,0.0,0.0
587,0.0,0.0
588,0.0,0.0
589,0.0,0.0
590,0.0,0.0
591,0.0,0.0
592,0.0,0.0
593,0.0,0.0
594,0.0,0.0
595,0.0,0.0
596,0.0,0.0
597,0.0,0.0
598,0.0,0.0
599,0.0,0.0
600,0.0,0.0
601,0.0,0.0
602,0.0,0.0
603,0.0,0.0
604,0.0,0.0
605,0.0,0.0
606,0.0,0.0
607,0.0,0.0
608,0.0,0.0
609,0.0,0.0
610,0.0,0.0
611,0.0,0.0
612,0.0,0.0
613,0.0,0.0
614,0.0,0.0
615,0.0,0.0
616,0.0,0.0
617,0.0,0.0
618,0.0,0.0
619,0.0,0.0
620,0.0,0.0
621,0.0,0.0
622,0.0,0.0
623,0.0,0.0
624,0.0,0.0
625,0.0,0.0
626,0.0,0.0
627,0.0,0.0
628,0.0,0.0
629,0.0,0.0
630,0.0,0.0
631,0.0,0.0
632,0.0,0.0
633,0.0,0.0
634,0.0,0.0
635,0.0,0.0
636,0.0,0.0
637,0.0,0.0
638,0.0,0.0
639,0.0,0.0
640,0.0,0.0
641,0.0,0.0
642,0.0,0.0
643,0.0,0.0
644,0.0,0.0
645,0.0,0.0
646,0.0,0.0
647,0.0,0.0
648,0.0,0.0
649,0.0,0.0
650,0.0,0.0
651,0.0,0.0
652,0.0,0.0
653,0.0,0.0
654,0.0,0.0
655,0.0,0.0
656,0.0,0.0
657,0.0,0.0
658,0.0,0.0
659,0.0,0.0
660,0.0,0.0
661,0.0,0.0
662,0.0,0.0
663,0.0,0.0
664,0.0,0.0
665,0.0,0.0
666,0.0,0.0
667,0.0,0.0
668,0.0,0.0
669,0.0,0.0
670,0.0,0.0
671,0.0,0.0
672,0.0,0.0
673,0.0,0.0
674,0.0,0.0
675,0.0,0.0
676,0.0,0.0
677,0.0,0.0
678,0.0,0.0
679,0.0,0.0
680,0.0,0.0
681,0.0,0.0
682,0.0,0.0
683,0.0,0.0
684,0.0,0.0
685,0.0,0.0
686,0.0,0.0
687,0.0,0.0
688,0.0,0.0
689,0.0,0.0
690,0.0,0.0
691,0.0,0.0
692,0.0,0.0
693,0.0,0.0
694,0.0,0.0
695,0.0,0.0
696,0.0,0.0
697,0.0,0.0
698,0.0,0.0
699,0.0,0.0
700,0.0,0.0
701,0.0,0.0
702,0.0,0.0
703,0.0,0.0
704,0.0,0.0
705,0.0,0.0
706,0.0,0.0
707,0.0,0.0
708,0.0,0.0
709,0.0,0.0
710,0.0,0.0
711,0.0,0.0
712,0.0,0.0
713,0.0,0.0
714,0.0,0.0
715,0.0,0.0
716,0.0,0.0
717,0.0,0.0
718,0.0,0.0
719,0.0,0.0
720,0.0,0.0
721,0.0,0.0
722,0.0,0.0
723,0.0,0.0
724,0.0,0.0
725,0.0,0.0
726,0.0,0.0
727,0.0,0.0
728,0.0,0.0
729,0.0,0.0
730,0.0,0.0
731,0.0,0.0
732,0.0,0.0
733,0.0,0.0
734,0.0,0.0
735,0.0,0.0
736,0.0,0.0
737,0.0,0.0
738,0.0,0.0
739,0.0,0.0
740,0.0,0.0
741,0.0,0.0
742,0.0,0.0
743,0.0,0.0
744,0.0,0.0
745,0.0,0.0
746,0.0,0.0
747,0.0,0.0
748,0.0,0.0
749,0.0,0.0
750,0.0,0.0
751,0.0,0.0
752,0.0,0.0
753,0.0,0.0
754,0.0,0.0
755,0.0,0.0
756,0.0,0.0
757,0.0,0.0
758,0.0,0.0
759,0.0,0.0
760,0.0,0.0
761,0.0,0.0
762,0.0,0.0
763,0.0,0.0
764,0.0,0.0
765,0.0,0.0
766,0.0,0.0
767,0.0,0.0
768,0.0,0.0
769,0.0,0.0
770,0.0,0.0
771,0.0,0.0
772,0.0,0.0
773,0.0,0.0
774,0.0,0.0
775,0.0,0.0
776,0.0,0.0
777,0.0,0.0
778,0.0,0.0
779,0.0,0.0
780,0.0,0.0
781,0.0,0.0
782,0.0,0.0
783,0.0,0.0
784,0.0,0.0
785,0.0,0.0
786,0.0,0.0
787,0.0,0.0
788,0.0,0.0
789,0.0,0.0
790,0.0,0.0
791,0.0,0.0
792,0.0,0.0
793,0.0,0.0
794,0.0,0.0
795,0.0,0.0
796,0.0,0.0
797,0.0,0.0
798,0.0,0.0
799,0.0,0.0
800,0.0,0.0
801,0.0,0.0
802,0.0,0.0
803,0.0,0.0
804,0.0,0.0
805,0.0,0.0
806,0.0,0.0
807,0.0,0.0
808,0.0,0.0
809,0.0,0.0
810,0.0,0.0
811,0.0,0.0
812,0.0,0.0
813,0.0,0.0
814,0.0,0.0
815,0.0,0.0
816,0.0,0.0
817,0.0,0.0
818,0.0,0.0
819,0.0,0.0
820,0.0,0.0
821,0.0,0.0
822,0.0,0.0
823,0.0,0.0
824,0.0,0.0
825,0.0,0.0
826,0.0,0.0
827,0.0,0.0
828,0.0,0.0
829,0.0,0.0
830,0.0,0.0
831,0.0,0.0
832,0.0,0.0
833,0.0,0.0
834,0.0,0.0
835,0.0,0.0
836,0.0,0.0
837,0.0,0.0
838,0.0,0.0
839,0.0,0.0
840,0.0,0.0
841,0.0,0.0
842,0.0,0.0
843,0.0,0.0
844,0.0,0.0
845,0.0,0.0
846,0.0,0.0
847,0.0,0.0
848,0.0,0.0
849,0.0,0.0
850,0.0,0.0
851,0.0,0.0
852,0.0,0.0
853,0.0,0.0
854,0.0,0.0
855,0.0,0.0
856,0.0,0.0
857,0.0,0.0
858,0.0,0.0
859,0.0,0.0
860,0.0,0.0
861,0.0,0.0
862,0.0,0.0
863,0.0,0.0
864,0.0,0.0
865,0.0,0.0
866,0.0,0.0
867,0.0,0.0
868,0.0,0.0
869,0.0,0.0
870,0.0,0.0
871,0.0,0.0
872,0.0,0.0
873,0.0,0.0
874,0.0,0.0
875,0.0,0.0
876,0.0,0.0
877,0.0,0.0
878,0.0,0.0
879,0.0,0.0
880,0.0,0.0
881,0.0,0.0
882,0.0,0.0
883,0.0,0.0
884,0.0,0.0
885,0.0,0.0
886,0.0,0.0
887,0.0,0.0
888,0.0,0.0
889,0.0,0.0
890,0.0,0.0
891,0.0,0.0
892,0.0,0.0
893,0.0,0.0
894,0.0,0.0
895,0.0,0.0
896,0.0,0.0
897,0.0,0.0
898,0.0,0.0
899,0.0,0.0
900,0.0,0.0
901,0.0,0.0
902,0.0,0.0
903,0.0,0.0
904,0.0,0.0
905,0.0,0.0
906,0.0,0.0
907,0.0,0.0
908,0.0,0.0
909,0.0,0.0
910,0.0,0.0
911,0.0,0.0
912,0.0,0.0
913,0.0,0.0
914,0.0,0.0
915,0.0,0.0
916,0.0,0.0
917,0.0,0.0
918,0.0,0.0
919,0.0,0.0
920,0.0,0.0
921,0.0,0.0
922,0.0,0.0
923,0.0,0.0
924,0.0,0.0
925,0.0,0.0
926,0.0,0.0
927,0.0,0.0
928,0.0,0.0
929,0.0,0.0
930,0.0,0.0
931,0.0,0.0
932,0.0,0.0
933,0.0,0.0
934,0.0,0.0
935,0.0,0.0
936,0.0,0.0
937,0.0,0.0
938,0.0,0.0
939,0.0,0.0
940,0.0,0.0
941,0.0,0.0
942,0.0,0.0
943,0.0,0.0
944,0.0,0.0
945,0.0,0.0
946,0.0,0.0
947,0.0,0.0
948,0.0,0.0
949,0.0,0.0
950,0.0,0.0
951,0.0,0.0
952,0.0,0.0
953,0.0,0.0
954,0.0,0.0
955,0.0,0.0
956,0.0,0.0
957,0.0,0.0
958,0.0,0.0
959,0.0,0.0
960,0.0,0.0
961,0.0,0.0
962,0.0,0.0
963,0.0,0.0
964,0.0,0.0
965,0.0,0.0
966,0.0,0.0
967,0.0,0.0
968,0.0,0.0
969,0.0,0.0
970,0.0,0.0
971,0.0,0.0
972,0.0,0.0
973,0.0,0.0
974,0.0,0.0
975,0.0,0.0
976,0.0,0.0
977,0.0,0.0
978,0.0,0.0
979,0.0,0.0
980,0.0,0.0
981,0.0,0.0
982,0.0,0.0
983,0.0,0.0
984,0.0,0.0
985,0.0,0.0
986,0.0,0.0
987,0.0,0.0
988,0.0,0.0
989,0.0,0.0
990,0.0,0.0
991,0.0,0.0
992,0.0,0.0
993,0.0,0.0
994,0.0,0.0
995,0.0,0.0
996,0.0,0.0
997,0.0,0.0
998,0.0,0.0
999,0.0,0.0
1000,0.0,0.0
1001,0.0,0.0
1002,0.0,0.0
1003,0.0,0.0
1004,0.0,0.0
1005,0.0,0.0
1006,0.0,0.0
1007,0.0,0.0
1008,0.0,0.0
1009,0.0,0.0
1010,0.0,0.0
1011,0.0,0.0
1012,0.0,0.0
1013,0.0,0.0
1014,0.0,0.0
1015,0.0,0.0
1016,0.0,0.0
1017,0.0,0.0
1018,0.0,0.0
1019,0.0,0.0
1020,0.0,0.0
1021,0.0,0.0
1022,0.0,0.0
1023,0.0,0.0
1024,0.0,0.0
1025,0.0,0.0
1026,0.0,0.0
1027,0.0,0.0
1028,0.0,0.0
1029,0.0,0.0
1030,0.0,0.0
1031,0.0,0.0
1032,0.0,0.0
1033,0.0,0.0
1034,0.0,0.0
1035,0.0,0.0
1036,0.0,0.0
1037,0.0,0.0
1038,0.0,0.0
1039,0.0,0.0
1040,0.0,0.0
1041,0.0,0.0
1042,0.0,0.0
1043,0.0,0.0
1044,0.0,0.0
1045,0.0,0.0
1046,0.0,0.0
1047,0.0,0.0
1048,0.0,0.0
1049,0.0,0.0
1050,0.0,0.0
1051,0.0,0.0
1052,0.0,0.0
1053,0.0,0.0
1054,0.0,0.0
1055,0.0,0.0
1056,0.0,0.0
1057,0.0,0.0
1058,0.0,0.0
1059,0.0,0.0
1060,0.0,0.0
1061,0.0,0.0
1062,0.0,0.0
1063,0.0,0.0
1064,0.0,0.0
1065,0.0,0.0
1066,0.0,0.0
1067,0.0,0.0
1068,0.0,0.0
1069,0.0,0.0
1070,0.0,0.0
1071,0.0,0.0
1072,0.0,0.0
1073,0.0,0.0
1074,0.0,0.0
1075,0.0,0.0
1076,0.0,0.0
1077,0.0,0.0
1078,0.0,0.0
1079,0.0,0.0
1080,0.0,0.0
1081,0.0,0.0
1082,0.0,0.0
1083,0.0,0.0
1084,0.0,0.0
1085,0.0,0.0
1086,0.0,0.0
1087,0.0,0.0
1088,0.0,0.0
1089,0.0,0.0
1090,0.0,0.0
1091,0.0,0.0
1092,0.0,0.0
1093,0.0,0.0
1094,0.0,0.0
1095,0.0,0.0
1096,0.0,0.0
1097,0.0,0.0
1098,0.0,0.0
1099,0.0,0.0
1100,0.0,0.0
1101,0.0,0.0
1102,0.0,0.0
1103,0.0,0.0
1104,0.0,0.0
1105,0.0,0.0
1106,0.0,0.0
1107,0.0,0.0
1108,0.0,0.0
1109,0.0,0.0
1110,0.0,0.0
1111,0.0,0.0
1112,0.0,0.0
1113,0.0,0.0
1114,0.0,0.0
1115,0.0,0.0
1116,0.0,0.0
1117,0.0,0.0
1118,0.0,0.0
1119,0.0,0.0
1120,0.0,0.0
1121,0.0,0.0
1122,0.0,0.0
1123,0.0,0.0
1124,0.0,0.0
1125,0.0,0.0
1126,0.0,0.0
1127,0.0,0.0
1128,0.0,0.0
1129,0.0,0.0
1130,0.0,0.0
1131,0.0,0.0
1132,0.0,0.0
1133,0.0,0.0
1134,0.0,0.0
1135,0.0,0.0
1136,0.0,0.0
1137,0.0,0.0
1138,0.0,0.0
1139,0.0,0.0
1140,0.0,0.0
1141,0.0,0.0
1142,0.0,0.0
1143,0.0,0.0
1144,0.0,0.0
1145,0.0,0.0
1146,0.0,0.0
1147,0.0,0.0
1148,0.0,0.0
1149,0.0,0.0
1150,0.0,0.0
1151,0.0,0.0
1152,0.0,0.0
1153,0.0,0.0
1154,0.0,0.0
1155,0.0,0.0
1156,0.0,0.0
1157,0.0,0.0
1158,0.0,0.0
1159,0.0,0.0
1160,0.0,0.0
1161,0.0,0.0
1162,0.0,0.0
1163,0.0,0.0
1164,0.0,0.0
1165,0.0,0.0
1166,0.0,0.0
1167,0.0,0.0
1168,0.0,0.0
1169,0.0,0.0
1170,0.0,0.0
1171,0.0,0.0
1172,0.0,0.0
1173,0.0,0.0
1174,0.0,0.0
1175,0.0,0.0
1176,0.0,0.0
1177,0.0,0.0
1178,0.0,0.0
1179,0.0,0.0
1180,0.0,0.0
1181,0.0,0.0
1182,0.0,0.0
1183,0.0,0.0
1184,0.0,0.0
1185,0.0,0.0
1186,0.0,0.0
1187,0.0,0.0
1188,0.0,0.0
1189,0.0,0.0
1190,0.0,0.0
1191,0.0,0.0
1192,0.0,0.0
1193,0.0,0.0
1194,0.0,0.0
1195,0.0,0.0
1196,0.0,0.0
1197,0.0,0.0
1198,0.0,0.0
1199,0.0,0.0
1200,0.0,0.0
1201,0.0,0.0
1202,0.0,0.0
1203,0.0,0.0
1204,0.0,0.0
1205,0.0,0.0
1206,0.0,0.0
1207,0.0,0.0
1208,0.0,0.0
1209,0.0,0.0
1210,0.0,0.0
1211,0.0,0.0
1212,0.0,0.0
1213,0.0,0.0
1214,0.0,0.0
1215,0.0,0.0
1216,0.0,0.0
1217,0.0,0.0
1218,0.0,0.0
1219,0.0,0.0
1220,0.0,0.0
1221,0.0,0.0
1222,0.0,0.0
1223,0.0,0.0
1224,0.0,0.0
1225,0.0,0.0
1226,0.0,0.0
1227,0.0,0.0
1228,0.0,0.0
1229,0.0,0.0
1230,0.0,0.0
1231,0.0,0.0
1232,0.0,0.0
1233,0.0,0.0
1234,0.0,0.0
1235,0.0,0.0
1236,0.0,0.0
1237,0.0,0.0
1238,0.0,0.0
1239,0.0,0.0
1240,0.0,0.0
1241,0.0,0.0
1242,0.0,0.0
1243,0.0,0.0
1244,0.0,0.0
1245,0.0,0.0
1246,0.0,0.0
1247,0.0,0.0
1248,0.0,0.0
1249,0.0,0.0
1250,0.0,0.0
1251,0.0,0.0
1252,0.0,0.0
1253,0.0,0.0
1254,0.0,0.0
1255,0.0,0.0
1256,0.0,0.0
1257,0.0,0.0
1258,0.0,0.0
1259,0.0,0.0
1260,0.0,0.0
1261,0.0,0.0
1262,0.0,0.0
1263,0.0,0.0
1264,0.0,0.0
1265,0.0,0.0
1266,0.0,0.0
1267,0.0,0.0
1268,0.0,0.0
1269,0.0,0.0
1270,0.0,0.0
1271,0.0,0.0
1272,0.0,0.0
1273,0.0,0.0
1274,0.0,0.0
1275,0.0,0.0
1276,0.0,0.0
1277,0.0,0.0
1278,0.0,0.0
1279,0.0,0.0
1280,0.0,0.0
1281,0.0,0.0
1282,0.0,0.0
1283,0.0,0.0
1284,0.0,0.0
1285,0.0,0.0
1286,0.0,0.0
1287,0.0,0.0
1288,0.0,0.0
1289,0.0,0.0
1290,0.0,0.0
1291,0.0,0.0
1292,0.0,0.0
1293,0.0,0.0
1294,0.0,0.0
1295,0.0,0.0
1296,0.0,0.0
1297,0.0,0.0
1298,0.0,0.0
1299,0.0,0.0
1300,0.0,0.0
1301,0.0,0.0
1302,0.0,0.0
1303,0.0,0.0
1304,0.0,0.0
1305,0.0,0.0
1306,0.0,0.0
1307,0.0,0.0
1308,0.0,0.0
1309,0.0,0.0
1310,0.0,0.0
1311,0.0,0.0
1312,0.0,0.0
1313,0.0,0.0
1314,0.0,0.0
1315,0.0,0.0
1316,0.0,0.0
1317,0.0,0.0
1318,0.0,0.0
1319,0.0,0.0
1320,0.0,0.0
1321,0.0,0.0
1322,0.0,0.0
1323,0.0,0.0
1324,0.0,0.0
1325,0.0,0.0
1326,0.0,0.0
1327,0.0,0.0
1328,0.0,0.0
1329,0.0,0.0
1330,0.0,0.0
1331,0.0,0.0
1332,0.0,0.0
1333,0.0,0.0
1334,0.0,0.0
1335,0.0,0.0
1336,0.0,0.0
1337,0.0,0.0
1338,0.0,0.0
1339,0.0,0.0
1340,0.0,0.0
1341,0.0,0.0
1342,0.0,0.0
1343,0.0,0.0
1344,0.0,0.0
1345,0.0,0.0
1346,0.0,0.0
1347,0.0,0.0
1348,0.0,0.0
1349,0.0,0.0
1350,0.0,0.0
1351,0.0,0.0
1352,0.0,0.0
1353,0.0,0.0
1354,0.0,0.0
1355,0.0,0.0
1356,0.0,0.0
1357,0.0,0.0
1358,0.0,0.0
1359,0.0,0.0
1360,0.0,0.0
1361,0.0,0.0
1362,0.0,0.0
1363,0.0,0.0
1364,0.0,0.0
1365,0.0,0.0
1366,0.0,0.0
1367,0.0,0.0
1368,0.0,0.0
1369,0.0,0.0
1370,0.0,0.0
1371,0.0,0.0
1372,0.0,0.0
1373,0.0,0.0
1374,0.0,0.0
1375,0.0,0.0
1376,0.0,0.0
1377,0.0,0.0
1378,0.0,0.0
1379,0.0,0.0
1380,0.0,0.0
1381,0.0,0.0
1382,0.0,0.0
1383,0.0,0.0
1384,0.0,0.0
1385,0.0,0.0
1386,0.0,0.0
1387,0.0,0.0
1388,0.0,0.0
1389,0.0,0.0
1390,0.0,0.0
1391,0.0,0.0
1392,0.0,0.0
1393,0.0,0.0
1394,0.0,0.0
1395,0.0,0.0
1396,0.0,0.0
1397,0.0,0.0
1398,0.0,0.0
1399,0.0,0.0
1400,0.0,0.0
1401,0.0,0.0
1402,0.0,0.0
1403,0.0,0.0
1404,0.0,0.0
1405,0.0,0.0
1406,0.0,0.0
1407,0.0,0.0
1408,0.0,0.0
1409,0.0,0.0
1410,0.0,0.0
1411,0.0,0.0
1412,0.0,0.0
1413,0.0,0.0
1414,0.0,0.0
1415,0.0,0.0
1416,0.0,0.0
1417,0.0,0.0
1418,0.0,0.0
1419,0.0,0.0
1420,0.0,0.0
1421,0.0,0.0
1422,0.0,0.0
1423,0.0,0.0
1424,0.0,0.0
1425,0.0,0.0
1426,0.0,0.0
1427,0.0,0.0
1428,0.0,0.0
1429,0.0,0.0
1430,0.0,0.0
1431,0.0,0.0
1432,0.0,0.0
1433,0.0,0.0
1434,0.0,0.0
1435,0.0,0.0
1436,0.0,0.0
1437,0.0,0.0
1438,0.0,0.0
1439,0.0,0.0
1440,0.0,0.0
1441,0.0,0.0
1442,0.0,0.0
1443,0.0,0.0
1444,0.0,0.0
1445,0.0,0.0
1446,0.0,0.0
1447,0.0,0.0
1448,0.0,0.0
1449,0.0,0.0
1450,0.0,0.0
1451,0.0,0.0
1452,0.0,0.0
1453,0.0,0.0
1454,0.0,0.0
1455,0.0,0.0
1456,0.0,0.0
1457,0.0,0.0
1458,0.0,0.0
1459,0.0,0.0
1460,0.0,0.0
1461,0.0,0.0
1462,0.0,0.0
1463,0.0,0.0
1464,0.0,0.0
1465,0.0,0.0
1466,0.0,0.0
1467,0.0,0.0
1468,0.0,0.0
1469,0.0,0.0
1470,0.0,0.0
1471,0.0,0.0
1472,0.0,0.0
1473,0.0,0.0
1474,0.0,0.0
1475,0.0,0.0
1476,0.0,0.0
1477,0.0,0.0
1478,0.0,0.0
1479,0.0,0.0
1480,0.0,0.0
1481,0.0,0.0
1482,0.0,0.0
1483,0.0,0.0
1484,0.0,0.0
1485,0.0,0.0
1486,0.0,0.0
1487,0.0,0.0
1488,0.0,0.0
1489,0.0,0.0
1490,0.0,0.0
1491,0.0,0.0
1492,0.0,0.0
1493,0.0,0.0
1494,0.0,0.0
1495,0.0,0.0
1496,0.0,0.0
1497,0.0,0.0
1498,0.0,0.0
1499,0.0,0.0
1500,0.0,0.0
1501,0.0,0.0
1502,0.0,0.0
1503,0.0,0.0
1504,0.0,0.0
1505,0.0,0.0
1506,0.0,0.0
1507,0.0,0.0
1508,0.0,0.0
1509,0.0,0.0
1510,0.0,0.0
1511,0.0,0.0
1512,0.0,0.0
1513,0.0,0.0
1514,0.0,0.0
1515,0.0,0.0
1516,0.0,0.0
1517,0.0,0.0
1518,0.0,0.0
1519,0.0,0.0
1520,0.0,0.0
1521,0.0,0.0
1522,0.0,0.0
1523,0.0,0.0
1524,0.0,0.0
1525,0.0,0.0
1526,0.0,0.0
1527,0.0,0.0
1528,0.0,0.0
1529,0.0,0.0
1530,0.0,0.0
1531,0.0,0.0
1532,0.0,0.0
1533,0.0,0.0
1534,0.0,0.0
1535,0.0,0.0
1536,0.0,0.0
1537,0.0,0.0
1538,0.0,0.0
1539,0.0,0.0
1540,0.0,0.0
1541,0.0,0.0
1542,0.0,0.0
1543,0.0,0.0
1544,0.0,0.0
1545,0.0,0.0
1546,0.0,0.0
1547,0.0,0.0
1548,0.0,0.0
1549,0.0,0.0
1550,0.0,0.0
1551,0.0,0.0
1552,0.0,0.0
1553,0.0,0.0
1554,0.0,0.0
1555,0.0,0.0
1556,0.0,0.0
1557,0.0,0.0
1558,0.0,0.0
1559,0.0,0.0
1560,0.0,0.0
1561,0.0,0.0
1562,0.0,0.0
1563,0.0,0.0
1564,0.0,0.0
1565,0.0,0.0
1566,0.0,0.0
1567,0.0,0.0
1568,0.0,0.0
1569,0.0,0.0
1570,0.0,0.0
1571,0.0,0.0
1572,0.0,0.0
1573,0.0,0.0
1574,0.0,0.0
1575,0.0,0.0
1576,0.0,0.0
1577,0.0,0.0
1578,0.0,0.0
1579,0.0,0.0
1580,0.0,0.0
1581,0.0,0.0
1582,0.0,0.0
1583,0.0,0.0
1584,0.0,0.0
1585,0.0,0.0
1586,0.0,0.0
1587,0.0,0.0
1588,0.0,0.0
1589,0.0,0.0
1590,0.0,0.0
1591,0.0,0.0
1592,0.0,0.0
1593,0.0,0.0
1594,0.0,0.0
1595,0.0,0.0
1596,0.0,0.0
1597,0.0,0.0
1598,0.0,0.0
1599,0.0,0.0
1600,0.0,0.0
1601,0.0,0.0
1602,0.0,0.0
1603,0.0,0.0
1604,0.0,0.0
1605,0.0,0.0
1606,0.0,0.0
1607,0.0,0.0
1608,0.0,0.0
1609,0.0,0.0
1610,0.0,0.0
1611,0.0,0.0
1612,0.0,0.0
1613,0.0,0.0
1614,0.0,0.0
1615,0.0,0.0
1616,0.0,0.0
1617,0.0,0.0
1618,0.0,0.0
1619,0.0,0.0
1620,0.0,0.0
1621,0.0,0.0
1622,0.0,0.0
1623,0.0,0.0
1624,0.0,0.0
1625,0.0,0.0
1626,0.0,0.0
1627,0.0,0.0
1628,0.0,0.0
1629,0.0,0.0
1630,0.0,0.0
1631,0.0,0.0
1632,0.0,0.0
1633,0.0,0.0
1634,0.0,0.0
1635,0.0,0.0
1636,0.0,0.0
1637,0.0,0.0
1638,0.0,0.0
1639,0.0,0.0
1640,0.0,0.0
1641,0.0,0.0
1642,0.0,0.0
1643,0.0,0.0
1644,0.0,0.0
1645,0.0,0.0
1646,0.0,0.0
1647,0.0,0.0
1648,0.0,0.0
1649,0.0,0.0
1650,0.0,0.0
1651,0.0,0.0
1652,0.0,0.0
1653,0.0,0.0
1654,0.0,0.0
1655,0.0,0.0
1656,0.0,0.0
1657,0.0,0.0
1658,0.0,0.0
1659,0.0,0.0
1660,0.0,0.0
1661,0.0,0.0
1662,0.0,0.0
1663,0.0,0.0
1664,0.0,0.0
1665,0.0,0.0
1666,0.0,0.0
1667,0.0,0.0
1668,0.0,0.0
1669,0.0,0.0
1670,0.0,0.0
1671,0.0,0.0
1672,0.0,0.0
1673,0.0,0.0
1674,0.0,0.0
1675,0.0,0.0
1676,0.0,0.0
1677,0.0,0.0
1678,0.0,0.0
1679,0.0,0.0
1680,0.0,0.0
1681,0.0,0.0
1682,0.0,0.0
1683,0.0,0.0
1684,0.0,0.0
1685,0.0,0.0
1686,0.0,0.0
1687,0.0,0.0
1688,0.0,0.0
1689,0.0,0.0
1690,0.0,0.0
1691,0.0,0.0
1692,0.0,0.0
1693,0.0,0.0
1694,0.0,0.0
1695,0.0,0.0
1696,0.0,0.0
1697,0.0,0.0
1698,0.0,0.0
1699,0.0,0.0
1700,0.0,0.0
1701,0.0,0.0
1702,0.0,0.0
1703,0.0,0.0
1704,0.0,0.0
1705,0.0,0.0
1706,0.0,0.0
1707,0.0,0.0
1708,0.0,0.0
1709,0.0,0.0
1710,0.0,0.0
1711,0.0,0.0
1712,0.0,0.0
1713,0.0,0.0
1714,0.0,0.0
1715,0.0,0.0
1716,0.0,0.0
1717,0.0,0.0
1718,0.0,0.0
1719,0.0,0.0
1720,0.0,0.0
1721,0.0,0.0
1722,0.0,0.0
1723,0.0,0.0
1724,0.0,0.0
1725,0.0,0.0
1726,0.0,0.0
1727,0.0,0.0
1728,0.0,0.0
1729,0.0,0.0
1730,0.0,0.0
1731,0.0,0.0
1732,0.0,0.0
1733,0.0,0.0
1734,0.0,0.0
1735,0.0,0.0
1736,0.0,0.0
1737,0.0,0.0
1738,0.0,0.0
1739,0.0,0.0
1740,0.0,0.0
1741,0.0,0.0
1742,0.0,0.0
1743,0.0,0.0
1744,0.0,0.0
1745,0.0,0.0
1746,0.0,0.0
1747,0.0,0.0
1748,0.0,0.0
1749,0.0,0.0
1750,0.0,0.0
1751,0.0,0.0
1752,0.0,0.0
1753,0.0,0.0
1754,0.0,0.0
1755,0.0,0.0
1756,0.0,0.0
1757,0.0,0.0
1758,0.0,0.0
1759,0.0,0.0
1760,0.0,0.0
1761,0.0,0.0
1762,0.0,0.0
1763,0.0,0.0
1764,0.0,0.0
1765,0.0,0.0
1766,0.0,0.0
1767,0.0,0.0
1768,0.0,0.0
1769,0.0,0.0
1770,0.0,0.0
1771,0.0,0.0
1772,0.0,0.0
1773,0.0,0.0
1774,0.0,0.0
1775,0.0,0.0
1776,0.0,0.0
1777,0.0,0.0
1778,0.0,0.0
1779,0.0,0.0
1780,0.0,0.0
1781,0.0,0.0
1782,0.0,0.0
1783,0.0,0.0
1784,0.0,0.0
1785,0.0,0.0
1786,0.0,0.0
1787,0.0,0.0
1788,0.0,0.0
1789,0.0,0.0
1790,0.0,0.0
1791,0.0,0.0
1792,0.0,0.0
1793,0.0,0.0
1794,0.0,0.0
1795,0.0,0.0
1796,0.0,0.0
1797,0.0,0.0
1798,0.0,0.0
1799,0.0,0.0
1800,0.0,0.0
1801,0.0,0.0
1802,0.0,0.0
1803,0.0,0.0
1804,0.0,0.0
1805,0.0,0.0
1806,0.0,0.0
1807,0.0,0.0
1808,0.0,0.0
1809,0.0,0.0
1810,0.0,0.0
1811,0.0,0.0
1812,0.0,0.0
1813,0.0,0.0
1814,0.0,0.0
1815,0.0,0.0
1816,0.0,0.0
1817,0.0,0.0
1818,0.0,0.0
1819,0.0,0.0
1820,0.0,0.0
1821,0.0,0.0
1822,0.0,0.0
1823,0.0,0.0
1824,0.0,0.0
1825,0.0,0.0
1826,0.0,0.0
1827,0.0,0.0
1828,0.0,0.0
1829,0.0,0.0
1830,0.0,0.0
1831,0.0,0.0
1832,0.0,0.0
1833,0.0,0.0
1834,0.0,0.0
1835,0.0,0.0
1836,0.0,0.0
1837,0.0,0.0
1838,0.0,0.0
1839,0.0,0.0
1840,0.0,0.0
1841,0.0,0.0
1842,0.0,0.0
1843,0.0,0.0
1844,0.0,0.0
1845,0.0,0.0
1846,0.0,0.0
1847,0.0,0.0
1848,0.0,0.0
1849,0.0,0.0
1850,0.0,0.0
1851,0.0,0.0
1852,0.0,0.0
1853,0.0,0.0
1854,0.0,0.0
1855,0.0,0.0
1856,0.0,0.0
1857,0.0,0.0
1858,0.0,0.0
1859,0.0,0.0
1860,0.0,0.0
1861,0.0,0.0
1862,0.0,0.0
1863,0.0,0.0
1864,0.0,0.0
1865,0.0,0.0
1866,0.0,0.0
1867,0.0,0.0
1868,0.0,0.0
1869,0.0,0.0
1870,0.0,0.0
1871,0.0,0.0
1872,0.0,0.0
1873,0.0,0.0
1874,0.0,0.0
1875,0.0,0.0
1876,0.0,0.0
1877,0.0,0.0
1878,0.0,0.0
1879,0.0,0.0
1880,0.0,0.0
1881,0.0,0.0
1882,0.0,0.0
1883,0.0,0.0
1884,0.0,0.0
1885,0.0,0.0
1886,0.0,0.0
1887,0.0,0.0
1888,0.0,0.0
1889,0.0,0.0
1890,0.0,0.0
1891,0.0,0.0
1892,0.0,0.0
1893,0.0,0.0
1894,0.0,0.0
1895,0.0,0.0
1896,0.0,0.0
1897,0.0,0.0
1898,0.0,0.0
1899,0.0,0.0
1900,0.0,0.0
1901,0.0,0.0
1902,0.0,0.0
1903,0.0,0.0
1904,0.0,0.0
1905,0.0,0.0
1906,0.0,0.0
1907,0.0,0.0
1908,0.0,0.0
1909,0.0,0.0
1910,0.0,0.0
1911,0.0,0.0
1912,0.0,0.0
1913,0.0,0.0
1914,0.0,0.0
1915,0.0,0.0
1916,0.0,0.0
1917,0.0,0.0
1918,0.0,0.0
1919,0.0,0.0
1920,0.0,0.0
1921,0.0,0.0
1922,0.0,0.0
1923,0.0,0.0
1924,0.0,0.0
1925,0.0,0.0
1926,0.0,0.0
1927,0.0,0.0
1928,0.0,0.0
1929,0.0,0.0
1930,0.0,0.0
1931,0.0,0.0
1932,0.0,0.0
1933,0.0,0.0
1934,0.0,0.0
1935,0.0,0.0
1936,0.0,0.0
1937,0.0,0.0
1938,0.0,0.0
1939,0.0,0.0
1940,0.0,0.0
1941,0.0,0.0
1942,0.0,0.0
1943,0.0,0.0
1944,0.0,0.0
1945,0.0,0.0
1946,0.0,0.0
1947,0.0,0.0
1948,0.0,0.0
1949,0.0,0.0
1950,0.0,0.0
1951,0.0,0.0
1952,0.0,0.0
1953,0.0,0.0
1954,0.0,0.0
1955,0.0,0.0
1956,0.0,0.0
1957,0.0,0.0
1958,0.0,0.0
1959,0.0,0.0
1960,0.0,0.0
1961,0.0,0.0
1962,0.0,0.0
1963,0.0,0.0
1964,0.0,0.0
1965,0.0,0.0
1966,0.0,0.0
1967,0.0,0.0
1968,0.0,0.0
1969,0.0,0.0
1970,0.0,0.0
1971,0.0,0.0
1972,0.0,0.0
1973,0.0,0.0
1974,0.0,0.0
1975,0.0,0.0
1976,0.0,0.0
1977,0.0,0.0
1978,0.0,0.0
1979,0.0,0.0
1980,0.0,0.0
1981,0.0,0.0
1982,0.0,0.0
1983,0.0,0.0
1984,0.0,0.0
1985,0.0,0.0
1986,0.0,0.0
1987,0.0,0.0
1988,0.0,0.0
1989,0.0,0.0
1990,0.0,0.0
1991,0.0,0.0
1992,0.0,0.0
1993,0.0,0.0
1994,0.0,0.0
1995,0.0,0.0
1996,0.0,0.0
1997,0.0,0.0
1998,0.0,0.0
1999,0.0,0.0
2000,0.0,0.0
2001,0.0,0.0
2002,0.0,0.0
2003,0.0,0.0
2004,0.0,0.0
2005,0.0,0.0
2006,0.0,0.0
2007,0.0,0.0
2008,0.0,0.0
2009,0.0,0.0
2010,0.0,0.0
2011,0.0,0.0
2012,0.0,0.0
2013,0.0,0.0
2014,0.0,0.0
2015,0.0,0.0
2016,0.0,0.0
2017,0.0,0.0
2018,0.0,0.0
2019,0.0,0.0
2020,0.0,0.0
2021,0.0,0.0
2022,0.0,0.0
2023,0.0,0.0
2024,0.0,0.0
2025,0.0,0.0
2026,0.0,0.0
2027,0.0,0.0
2028,0.0,0.0
2029,0.0,0.0
2030,0.0,0.0
2031,0.0,0.0
2032,0.0,0.0
2033,0.0,0.0
2034,0.0,0.0
2035,0.0,0.0
2036,0.0,0.0
2037,0.0,0.0
2038,0.0,0.0
2039,0.0,0.0
2040,0.0,0.0
2041,0.0,0.0
2042,0.0,0.0
2043,0.0,0.0
2044,0.0,0.0
2045,0.0,0.0
2046,0.0,0.0
2047,0.0,0.0
2048,0.0,0.0
2049,0.0,0.0
2050,0.0,0.0
2051,0.0,0.0
2052,0.0,0.0
2053,0.0,0.0
2054,0.0,0.0
2055,0.0,0.0
2056,0.0,0.0
2057,0.0,0.0
2058,0.0,0.0
2059,0.0,0.0
2060,0.0,0.0
2061,0.0,0.0
2062,0.0,0.0
2063,0.0,0.0
2064,0.0,0.0
2065,0.0,0.0
2066,0.0,0.0
2067,0.0,0.0
2068,0.0,0.0
2069,0.0,0.0
2070,0.0,0.0
2071,0.0,0.0
2072,0.0,0.0
2073,0.0,0.0
2074,0.0,0.0
2075,0.0,0.0
2076,0.0,0.0
2077,0.0,0.0
2078,0.0,0.0
2079,0.0,0.0
2080,0.0,0.0
2081,0.0,0.0
2082,0.0,0.0
2083,0.0,0.0
2084,0.0,0.0
2085,0.0,0.0
2086,0.0,0.0
2087,0.0,0.0
2088,0.0,0.0
2089,0.0,0.0
2090,0.0,0.0
2091,0.0,0.0
2092,0.0,0.0
2093,0.0,0.0
2094,0.0,0.0
2095,0.0,0.0
2096,0.0,0.0
2097,0.0,0.0
2098,0.0,0.0
2099,0.0,0.0
2100,0.0,0.0
2101,0.0,0.0
2102,0.0,0.0
2103,0.0,0.0
2104,0.0,0.0
2105,0.0,0.0
2106,0.0,0.0
2107,0.0,0.0
2108,0.0,0.0
2109,0.0,0.0
2110,0.0,0.0
2111,0.0,0.0
2112,0.0,0.0
2113,0.0,0.0
2114,0.0,0.0
2115,0.0,0.0
2116,0.0,0.0
2117,0.0,0.0
2118,0.0,0.0
2119,0.0,0.0
2120,0.0,0.0
2121,0.0,0.0
2122,0.0,0.0
2123,0.0,0.0
2124,0.0,0.0
2125,0.0,0.0
2126,0.0,0.0
2127,0.0,0.0
2128,0.0,0.0
2129,0.0,0.0
2130,0.0,0.0
2131,0.0,0.0
2132,0.0,0.0
2133,0.0,0.0
2134,0.0,0.0
2135,0.0,0.0
2136,0.0,0.0
2137,0.0,0.0
2138,0.0,0.0
2139,0.0,0.0
2140,0.0,0.0
2141,0.0,0.0
2142,0.0,0.0
2143,0.0,0.0
2144,0.0,0.0
2145,0.0,0.0
2146,0.0,0.0
2147,0.0,0.0
2148,0.0,0.0
2149,0.0,0.0
2150,0.0,0.0
2151,0.0,0.0
2152,0.0,0.0
2153,0.0,0.0
2154,0.0,0.0
2155,0.0,0.0
2156,0.0,0.0
2157,0.0,0.0
2158,0.0,0.0
2159,0.0,0.0
2160,0.0,0.0
2161,0.0,0.0
2162,0.0,0.0
2163,0.0,0.0
2164,0.0,0.0
2165,0.0,0.0
2166,0.0,0.0
2167,0.0,0.0
2168,0.0,0.0
2169,0.0,0.0
2170,0.0,0.0
2171,0.0,0.0
2172,0.0,0.0
2173,0.0,0.0
2174,0.0,0.0
2175,0.0,0.0
2176,0.0,0.0
2177,0.0,0.0
2178,0.0,0.0
2179,0.0,0.0
2180,0.0,0.0
2181,0.0,0.0
2182,0.0,0.0
2183,0.0,0.0
2184,0.0,0.0
2185,0.0,0.0
2186,0.0,0.0
2187,0.0,0.0
2188,0.0,0.0
2189,0.0,0.0
2190,0.0,0.0
2191,0.0,0.0
2192,0.0,0.0
2193,0.0,0.0
2194,0.0,0.0
2195,0.0,0.0
2196,0.0,0.0
2197,0.0,0.0
2198,0.0,0.0
2199,0.0,0.0
2200,0.0,0.0
2201,0.0,0.0
2202,0.0,0.0
2203,0.0,0.0
2204,0.0,0.0
2205,0.0,0.0
2206,0.0,0.0
2207,0.0,0.0
2208,0.0,0.0
2209,0.0,0.0
2210,0.0,0.0
2211,0.0,0.0
2212,0.0,0.0
2213,0.0,0.0
2214,0.0,0.0
2215,0.0,0.0
2216,0.0,0.0
2217,0.0,0.0
2218,0.0,0.0
2219,0.0,0.0
2220,0.0,0.0
2221,0.0,0.0
2222,0.0,0.0
2223,0.0,0.0
2224,0.0,0.0
2225,0.0,0.0
2226,0.0,0.0
2227,0.0,0.0
2228,0.0,0.0
2229,0.0,0.0
2230,0.0,0.0
2231,0.0,0.0
2232,0.0,0.0
2233,0.0,0.0
2234,0.0,0.0
2235,0.0,0.0
2236,0.0,0.0
2237,0.0,0.0
2238,0.0,0.0
2239,0.0,0.0
2240,0.0,0.0
2241,0.0,0.0
2242,0.0,0.0
2243,0.0,0.0
2244,0.0,0.0
2245,0.0,0.0
2246,0.0,0.0
2247,0.0,0.0
2248,0.0,0.0
2249,0.0,0.0
2250,0.0,0.0
2251,0.0,0.0
2252,0.0,0.0
2253,0.0,0.0
2254,0.0,0.0
2255,0.0,0.0
2256,0.0,0.0
2257,0.0,0.0
2258,0.0,0.0
2259,0.0,0.0
2260,0.0,0.0
2261,0.0,0.0
2262,0.0,0.0
2263,0.0,0.0
2264,0.0,0.0
2265,0.0,0.0
2266,0.0,0.0
2267,0.0,0.0
2268,0.0,0.0
2269,0.0,0.0
2270,0.0,0.0
2271,0.0,0.0
2272,0.0,0.0
2273,0.0,0.0
2274,0.0,0.0
2275,0.0,0.0
2276,0.0,0.0
2277,0.0,0.0
2278,0.0,0.0
2279,0.0,0.0
2280,0.0,0.0
2281,0.0,0.0
2282,0.0,0.0
2283,0.0,0.0
2284,0.0,0.0
2285,0.0,0.0
2286,0.0,0.0
2287,0.0,0.0
2288,0.0,0.0
2289,0.0,0.0
2290,0.0,0.0
2291,0.0,0.0
2292,0.0,0.0
2293,0.0,0.0
2294,0.0,0.0
2295,0.0,0.0
2296,0.0,0.0
2297,0.0,0.0
2298,0.0,0.0
2299,0.0,0.0
2300,0.0,0.0
2301,0.0,0.0
2302,0.0,0.0
2303,0.0,0.0
2304,0.0,0.0
2305,0.0,0.0
2306,0.0,0.0
2307,0.0,0.0
2308,0.0,0.0
2309,0.0,0.0
2310,0.0,0.0
2311,0.0,0.0
2312,0.0,0.0
2313,0.0,0.0
2314,0.0,0.0
2315,0.0,0.0
2316,0.0,0.0
2317,0.0,0.0
2318,0.0,0.0
2319,0.0,0.0
2320,0.0,0.0
2321,0.0,0.0
2322,0.0,0.0
2323,0.0,0.0
2324,0.0,0.0
2325,0.0,0.0
2326,0.0,0.0
2327,0.0,0.0
2328,0.0,0.0
2329,0.0,0.0
2330,0.0,0.0
2331,0.0,0.0
2332,0.0,0.0
2333,0.0,0.0
2334,0.0,0.0
2335,0.0,0.0
2336,0.0,0.0
2337,0.0,0.0
2338,0.0,0.0
2339,0.0,0.0
2340,0.0,0.0
2341,0.0,0.0
2342,0.0,0.0
2343,0.0,0.0
2344,0.0,0.0
2345,0.0,0.0
2346,0.0,0.0
2347,0.0,0.0
2348,0.0,0.0
2349,0.0,0.0
2350,0.0,0.0
2351,0.0,0.0
2352,0.0,0.0
2353,0.0,0.0
2354,0.0,0.0
2355,0.0,0.0
2356,0.0,0.0
2357,0.0,0.0
2358,0.0,0.0
2359,0.0,0.0
2360,0.0,0.0
2361,0.0,0.0
2362,0.0,0.0
2363,0.0,0.0
2364,0.0,0.0
2365,0.0,0.0
2366,0.0,0.0
2367,0.0,0.0
2368,0.0,0.0
2369,0.0,0.0
2370,0.0,0.0
2371,0.0,0.0
2372,0.0,0.0
2373,0.0,0.0
2374,0.0,0.0
2375,0.0,0.0
2376,0.0,0.0
2377,0.0,0.0
2378,0.0,0.0
2379,0.0,0.0
2380,0.0,0.0
2381,0.0,0.0
2382,0.0,0.0
2383,0.0,0.0
2384,0.0,0.0
2385,0.0,0.0
2386,0.0,0.0
2387,0.0,0.0
2388,0.0,0.0
2389,0.0,0.0
2390,0.0,0.0
2391,0.0,0.0
2392,0.0,0.0
2393,0.0,0.0
2394,0.0,0.0
2395,0.0,0.0
2396,0.0,0.0
2397,0.0,0.0
2398,0.0,0.0
2399,0.0,0.0
2400,0.0,0.0
2401,0.0,0.0
2402,0.0,0.0
2403,0.0,0.0
2404,0.0,0.0
2405,0.0,0.0
2406,0.0,0.0
2407,0.0,0.0
2408,0.0,0.0
2409,0.0,0.0
2410,0.0,0.0
2411,0.0,0.0
2412,0.0,0.0
2413,0.0,0.0
2414,0.0,0.0
2415,0.0,0.0
2416,0.0,0.0
2417,0.0,0.0
2418,0.0,0.0
2419,0.0,0.0
2420,0.0,0.0
2421,0.0,0.0
2422,0.0,0.0
2423,0.0,0.0
2424,0.0,0.0
2425,0.0,0.0
2426,0.0,0.0
2427,0.0,0.0
2428,0.0,0.0
2429,0.0,0.0
2430,0.0,0.0
2431,0.0,0.0
2432,0.0,0.0
2433,0.0,0.0
2434,0.0,0.0
2435,0.0,0.0
2436,0.0,0.0
2437,0.0,0.0
2438,0.0,0.0
2439,0.0,0.0
2440,0.0,0.0
2441,0.0,0.0
2442,0.0,0.0
2443,0.0,0.0
2444,0.0,0.0
2445,0.0,0.0
2446,0.0,0.0
2447,0.0,0.0
2448,0.0,0.0
2449,0.0,0.0
2450,0.0,0.0
2451,0.0,0.0
2452,0.0,0.0
2453,0.0,0.0
2454,0.0,0.0
2455,0.0,0.0
2456,0.0,0.0
2457,0.0,0.0
2458,0.0,0.0
2459,0.0,0.0
2460,0.0,0.0
2461,0.0,0.0
2462,0.0,0.0
2463,0.0,0.0
2464,0.0,0.0
2465,0.0,0.0
2466,0.0,0.0
2467,0.0,0.0
2468,0.0,0.0
2469,0.0,0.0
2470,0.0,0.0
2471,0.0,0.0
2472,0.0,0.0
2473,0.0,0.0
2474,0.0,0.0
2475,0.0,0.0
2476,0.0,0.0
2477,0.0,0.0
2478,0.0,0.0
2479,0.0,0.0
2480,0.0,0.0
2481,0.0,0.0
2482,0.0,0.0
2483,0.0,0.0
2484,0.0,0.0
2485,0.0,0.0
2486,0.0,0.0
2487,0.0,0.0
2488,0.0,0.0
2489,0.0,0.0
2490,0.0,0.0
2491,0.0,0.0
2492,0.0,0.0
2493,0.0,0.0
2494,0.0,0.0
2495,0.0,0.0
2496,0.0,0.0
2497,0.0,0.0
2498,0.0,0.0
2499,0.0,0.0
2500,0.0,0.0
2501,0.0,0.0
2502,0.0,0.0
2503,0.0,0.0
2504,0.0,0.0
2505,0.0,0.0
2506,0.0,0.0
2507,0.0,0.0
2508,0.0,0.0
2509,0.0,0.0
2510,0.0,0.0
2511,0.0,0.0
2512,0.0,0.0
2513,0.0,0.0
2514,0.0,0.0
2515,0.0,0.0
2516,0.0,0.0
2517,0.0,0.0
2518,0.0,0.0
2519,0.0,0.0
2520,0.0,0.0
2521,0.0,0.0
2522,0.0,0.0
2523,0.0,0.0
2524,0.0,0.0
2525,0.0,0.0
2526,0.0,0.0
2527,0.0,0.0
2528,0.0,0.0
2529,0.0,0.0
2530,0.0,0.0
2531,0.0,0.0
2532,0.0,0.0
2533,0.0,0.0
2534,0.0,0.0
2535,0.0,0.0
2536,0.0,0.0
2537,0.0,0.0
2538,0.0,0.0
2539,0.0,0.0
2540,0.0,0.0
2541,0.0,0.0
2542,0.0,0.0
2543,0.0,0.0
2544,0.0,0.0
2545,0.0,0.0
2546,0.0,0.0
2547,0.0,0.0
2548,0.0,0.0
2549,0.0,0.0
2550,0.0,0.0
2551,0.0,0.0
2552,0.0,0.0
2553,0.0,0.0
2554,0.0,0.0
2555,0.0,0.0
2556,0.0,0.0
2557,0.0,0.0
2558,0.0,0.0
2559,0.0,0.0
2560,0.0,0.0
2561,0.0,0.0
2562,0.0,0.0
2563,0.0,0.0
2564,0.0,0.0
2565,0.0,0.0
2566,0.0,0.0
2567,0.0,0.0
2568,0.0,0.0
2569,0.0,0.0
2570,0.0,0.0
2571,0.0,0.0
2572,0.0,0.0
2573,0.0,0.0
2574,0.0,0.0
2575,0.0,0.0
2576,0.0,0.0
2577,0.0,0.0
2578,0.0,0.0
2579,0.0,0.0
2580,0.0,0.0
2581,0.0,0.0
2582,0.0,0.0
2583,0.0,0.0
2584,0.0,0.0
2585,0.0,0.0
2586,0.0,0.0
2587,0.0,0.0
2588,0.0,0.0
2589,0.0,0.0
2590,0.0,0.0
2591,0.0,0.0
2592,0.0,0.0
2593,0.0,0.0
2594,0.0,0.0
2595,0.0,0.0
2596,0.0,0.0
2597,0.0,0.0
2598,0.0,0.0
2599,0.0,0.0
2600,0.0,0.0
2601,0.0,0.0
2602,0.0,0.0
2603,0.0,0.0
2604,0.0,0.0
2605,0.0,0.0
2606,0.0,0.0
2607,0.0,0.0
2608,0.0,0.0
2609,0.0,0.0
2610,0.0,0.0
2611,0.0,0.0
2612,0.0,0.0
2613,0.0,0.0
2614,0.0,0.0
2615,0.0,0.0
2616,0.0,0.0
2617,0.0,0.0
2618,0.0,0.0
2619,0.0,0.0
2620,0.0,0.0
2621,0.0,0.0
2622,0.0,0.0
2623,0.0,0.0
2624,0.0,0.0
2625,0.0,0.0
2626,0.0,0.0
2627,0.0,0.0
2628,0.0,0.0
2629,0.0,0.0
2630,0.0,0.0
2631,0.0,0.0
2632,0.0,0.0
2633,0.0,0.0
2634,0.0,0.0
2635,0.0,0.0
2636,0.0,0.0
2637,0.0,0.0
2638,0.0,0.0
2639,0.0,0.0
2640,0.0,0.0
2641,0.0,0.0
2642,0.0,0.0
2643,0.0,0.0
2644,0.0,0.0
2645,0.0,0.0
2646,0.0,0.0
2647,0.0,0.0
2648,0.0,0.0
2649,0.0,0.0
2650,0.0,0.0
2651,0.0,0.0
2652,0.0,0.0
2653,0.0,0.0
2654,0.0,0.0
2655,0.0,0.0
2656,0.0,0.0
2657,0.0,0.0
2658,0.0,0.0
2659,0.0,0.0
2660,0.0,0.0
2661,0.0,0.0
2662,0.0,0.0
2663,0.0,0.0
2664,0.0,0.0
2665,0.0,0.0
2666,0.0,0.0
2667,0.0,0.0
2668,0.0,0.0
2669,0.0,0.0
2670,0.0,0.0
2671,0.0,0.0
2672,0.0,0.0
2673,0.0,0.0
2674,0.0,0.0
2675,0.0,0.0
2676,0.0,0.0
2677,0.0,0.0
2678,0.0,0.0
2679,0.0,0.0
2680,0.0,0.0
2681,0.0,0.0
2682,0.0,0.0
2683,0.0,0.0
2684,0.0,0.0
2685,0.0,0.0
2686,0.0,0.0
2687,0.0,0.0
2688,0.0,0.0
2689,0.0,0.0
2690,0.0,0.0
2691,0.0,0.0
2692,0.0,0.0
2693,0.0,0.0
2694,0.0,0.0
2695,0.0,0.0
2696,0.0,0.0
2697,0.0,0.0
2698,0.0,0.0
2699,0.0,0.0
2700,0.0,0.0
2701,0.0,0.0
2702,0.0,0.0
2703,0.0,0.0
2704,0.0,0.0
2705,0.0,0.0
2706,0.0,0.0
2707,0.0,0.0
2708,0.0,0.0
2709,0.0,0.0
2710,0.0,0.0
2711,0.0,0.0
2712,0.0,0.0
2713,0.0,0.0
2714,0.0,0.0
2715,0.0,0.0
2716,0.0,0.0
2717,0.0,0.0
2718,0.0,0.0
2719,0.0,0.0
2720,0.0,0.0
2721,0.0,0.0
2722,0.0,0.0
2723,0.0,0.0
2724,0.0,0.0
2725,0.0,0.0
2726,0.0,0.0
2727,0.0,0.0
2728,0.0,0.0
2729,0.0,0.0
2730,0.0,0.0
2731,0.0,0.0
2732,0.0,0.0
2733,0.0,0.0
2734,0.0,0.0
2735,0.0,0.0
2736,0.0,0.0
2737,0.0,0.0
2738,0.0,0.0
2739,0.0,0.0
2740,0.0,0.0
2741,0.0,0.0
2742,0.0,0.0
2743,0.0,0.0
2744,0.0,0.0
2745,0.0,0.0
2746,0.0,0.0
2747,0.0,0.0
2748,0.0,0.0
2749,0.0,0.0
2750,0.0,0.0
2751,0.0,0.0
2752,0.0,0.0
2753,0.0,0.0
2754,0.0,0.0
2755,0.0,0.0
2756,0.0,0.0
2757,0.0,0.0
2758,0.0,0.0
2759,0.0,0.0
2760,0.0,0.0
2761,0.0,0.0
2762,0.0,0.0
2763,0.0,0.0
2764,0.0,0.0
2765,0.0,0.0
2766,0.0,0.0
2767,0.0,0.0
2768,0.0,0.0
2769,0.0,0.0
2770,0.0,0.0
2771,0.0,0.0
2772,0.0,0.0
2773,0.0,0.0
2774,0.0,0.0
2775,0.0,0.0
2776,0.0,0.0
2777,0.0,0.0
2778,0.0,0.0
2779,0.0,0.0
2780,0.0,0.0
2781,0.0,0.0
2782,0.0,0.0
2783,0.0,0.0
2784,0.0,0.0
2785,0.0,0.0
2786,0.0,0.0
2787,0.0,0.0
2788,0.0,0.0
2789,0.0,0.0
2790,0.0,0.0
2791,0.0,0.0
2792,0.0,0.0
2793,0.0,0.0
2794,0.0,0.0
2795,0.0,0.0
2796,0.0,0.0
2797,0.0,0.0
2798,0.0,0.0
2799,0.0,0.0
2800,0.0,0.0
2801,0.0,0.0
2802,0.0,0.0
2803,0.0,0.0
2804,0.0,0.0
2805,0.0,0.0
2806,0.0,0.0
2807,0.0,0.0
2808,0.0,0.0
2809,0.0,0.0
2810,0.0,0.0
2811,0.0,0.0
2812,0.0,0.0
2813,0.0,0.0
2814,0.0,0.0
2815,0.0,0.0
2816,0.0,0.0
2817,0.0,0.0
2818,0.0,0.0
2819,0.0,0.0
2820,0.0,0.0
2821,0.0,0.0
2822,0.0,0.0
2823,0.0,0.0
2824,0.0,0.0
2825,0.0,0.0
2826,0.0,0.0
2827,0.0,0.0
2828,0.0,0.0
2829,0.0,0.0
2830,0.0,0.0
2831,0.0,0.0
2832,0.0,0.0
2833,0.0,0.0
2834,0.0,0.0
2835,0.0,0.0
2836,0.0,0.0
2837,0.0,0.0
2838,0.0,0.0
2839,0.0,0.0
2840,0.0,0.0
2841,0.0,0.0
2842,0.0,0.0
2843,0.0,0.0
2844,0.0,0.0
2845,0.0,0.0
2846,0.0,0.0
2847,0.0,0.0
2848,0.0,0.0
2849,0.0,0.0
2850,0.0,0.0
2851,0.0,0.0
2852,0.0,0.0
2853,0.0,0.0
2854,0.0,0.0
2855,0.0,0.0
2856,0.0,0.0
2857,0.0,0.0
2858,0.0,0.0
2859,0.0,0.0
2860,0.0,0.0
2861,0.0,0.0
2862,0.0,0.0
2863,0.0,0.0
2864,0.0,0.0
2865,0.0,0.0
2866,0.0,0.0
2867,0.0,0.0
2868,0.0,0.0
2869,0.0,0.0
2870,0.0,0.0
2871,0.0,0.0
2872,0.0,0.0
2873,0.0,0.0
2874,0.0,0.0
2875,0.0,0.0
2876,0.0,0.0
2877,0.0,0.0
2878,0.0,0.0
2879,0.0,0.0
2880,0.0,0.0
2881,0.0,0.0
2882,0.0,0.0
2883,0.0,0.0
2884,0.0,0.0
2885,0.0,0.0
2886,0.0,0.0
2887,0.0,0.0
2888,0.0,0.0
2889,0.0,0.0
2890,0.0,0.0
2891,0.0,0.0
2892,0.0,0.0
2893,0.0,0.0
2894,0.0,0.0
2895,0.0,0.0
2896,0.0,0.0
2897,0.0,0.0
2898,0.0,0.0
2899,0.0,0.0
2900,0.0,0.0
2901,0.0,0.0
2902,0.0,0.0
2903,0.0,0.0
2904,0.0,0.0
2905,0.0,0.0
2906,0.0,0.0
2907,0.0,0.0
2908,0.0,0.0
2909,0.0,0.0
2910,0.0,0.0
2911,0.0,0.0
2912,0.0,0.0
2913,0.0,0.0
2914,0.0,0.0
2915,0.0,0.0
2916,0.0,0.0
2917,0.0,0.0
2918,0.0,0.0
2919,0.0,0.0
2920,0.0,0.0
2921,0.0,0.0
2922,0.0,0.0
2923,0.0,0.0
2924,0.0,0.0
2925,0.0,0.0
2926,0.0,0.0
2927,0.0,0.0
2928,0.0,0.0
2929,0.0,0.0
2930,0.0,0.0
2931,0.0,0.0
2932,0.0,0.0
2933,0.0,0.0
2934,0.0,0.0
2935,0.0,0.0
2936,0.0,0.0
2937,0.0,0.0
2938,0.0,0.0
2939,0.0,0.0
2940,0.0,0.0
2941,0.0,0.0
2942,0.0,0.0
2943,0.0,0.0
2944,0.0,0.0
2945,0.0,0.0
2946,0.0,0.0
2947,0.0,0.0
2948,0.0,0.0
2949,0.0,0.0
2950,0.0,0.0
2951,0.0,0.0
2952,0.0,0.0
2953,0.0,0.0
2954,0.0,0.0
2955,0.0,0.0
2956,0.0,0.0
2957,0.0,0.0
2958,0.0,0.0
2959,0.0,0.0
2960,0.0,0.0
2961,0.0,0.0
2962,0.0,0.0
2963,0.0,0.0
2964,0.0,0.0
2965,0.0,0.0
2966,0.0,0.0
2967,0.0,0.0
2968,0.0,0.0
2969,0.0,0.0
2970,0.0,0.0
2971,0.0,0.0
2972,0.0,0.0
2973,0.0,0.0
2974,0.0,0.0
2975,0.0,0.0
2976,0.0,0.0
2977,0.0,0.0
2978,0.0,0.0
2979,0.0,0.0
2980,0.0,0.0
2981,0.0,0.0
2982,0.0,0.0
2983,0.0,0.0
2984,0.0,0.0
2985,0.0,0.0
2986,0.0,0.0
2987,0.0,0.0
2988,0.0,0.0
2989,0.0,0.0
2990,0.0,0.0
2991,0.0,0.0
2992,0.0,0.0
2993,0.0,0.0
2994,0.0,0.0
2995,0.0,0.0
2996,0.0,0.0
2997,0.0,0.0
2998,0.0,0.0
2999,0.0,0.0
3000,0.0,0.0
3001,0.0,0.0
3002,0.0,0.0
3003,0.0,0.0
3004,0.0,0.0
3005,0.0,0.0
3006,0.0,0.0
3007,0.0,0.0
3008,0.0,0.0
3009,0.0,0.0
3010,0.0,0.0
3011,0.0,0.0
3012,0.0,0.0
3013,0.0,0.0
3014,0.0,0.0
3015,0.0,0.0
3016,0.0,0.0
3017,0.0,0.0
3018,0.0,0.0
3019,0.0,0.0
3020,0.0,0.0
3021,0.0,0.0
3022,0.0,0.0
3023,0.0,0.0
3024,0.0,0.0
3025,0.0,0.0
3026,0.0,0.0
3027,0.0,0.0
3028,0.0,0.0
3029,0.0,0.0
3030,0.0,0.0
3031,0.0,0.0
3032,0.0,0.0
3033,0.0,0.0
3034,0.0,0.0
3035,0.0,0.0
3036,0.0,0.0
3037,0.0,0.0
3038,0.0,0.0
3039,0.0,0.0
3040,0.0,0.0
3041,0.0,0.0
3042,0.0,0.0
3043,0.0,0.0
3044,0.0,0.0
3045,0.0,0.0
3046,0.0,0.0
3047,0.0,0.0
3048,0.0,0.0
3049,0.0,0.0
3050,0.0,0.0
3051,0.0,0.0
3052,0.0,0.0
3053,0.0,0.0
3054,0.0,0.0
3055,0.0,0.0
3056,0.0,0.0
3057,0.0,0.0
3058,0.0,0.0
3059,0.0,0.0
3060,0.0,0.0
3061,0.0,0.0
3062,0.0,0.0
3063,0.0,0.0
3064,0.0,0.0
3065,0.0,0.0
3066,0.0,0.0
3067,0.0,0.0
3068,0.0,0.0
3069,0.0,0.0
3070,0.0,0.0
3071,0.0,0.0
3072,0.0,0.0
3073,0.0,0.0
3074,0.0,0.0
3075,0.0,0.0
3076,0.0,0.0
3077,0.0,0.0
3078,0.0,0.0
3079,0.0,0.0
3080,0.0,0.0
3081,0.0,0.0
3082,0.0,0.0
3083,0.0,0.0
3084,0.0,0.0
3085,0.0,0.0
3086,0.0,0.0
3087,0.0,0.0
3088,0.0,0.0
3089,0.0,0.0
3090,0.0,0.0
3091,0.0,0.0
3092,0.0,0.0
3093,0.0,0.0
3094,0.0,0.0
3095,0.0,0.0
3096,0.0,0.0
3097,0.0,0.0
3098,0.0,0.0
3099,0.0,0.0
3100,0.0,0.0
3101,0.0,0.0
3102,0.0,0.0
3103,0.0,0.0
3104,0.0,0.0
3105,0.0,0.0
3106,0.0,0.0
3107,0.0,0.0
3108,0.0,0.0
3109,0.0,0.0
3110,0.0,0.0
3111,0.0,0.0
3112,0.0,0.0
3113,0.0,0.0
3114,0.0,0.0
3115,0.0,0.0
3116,0.0,0.0
3117,0.0,0.0
3118,0.0,0.0
3119,0.0,0.0
3120,0.0,0.0
3121,0.0,0.0
3122,0.0,0.0
3123,0.0,0.0
3124,0.0,0.0
3125,0.0,0.0
3126,0.0,0.0
3127,0.0,0.0
3128,0.0,0.0
3129,0.0,0.0
3130,0.0,0.0
3131,0.0,0.0
3132,0.0,0.0
3133,0.0,0.0
3134,0.0,0.0
3135,0.0,0.0
3136,0.0,0.0
3137,0.0,0.0
3138,0.0,0.0
3139,0.0,0.0
3140,0.0,0.0
3141,0.0,0.0
3142,0.0,0.0
3143,0.0,0.0
3144,0.0,0.0
3145,0.0,0.0
3146,0.0,0.0
3147,0.0,0.0
3148,0.0,0.0
3149,0.0,0.0
3150,0.0,0.0
3151,0.0,0.0
3152,0.0,0.0
3153,0.0,0.0
3154,0.0,0.0
3155,0.0,0.0
3156,0.0,0.0
3157,0.0,0.0
3158,0.0,0.0
3159,0.0,0.0
3160,0.0,0.0
3161,0.0,0.0
3162,0.0,0.0
3163,0.0,0.0
3164,0.0,0.0
3165,0.0,0.0
3166,0.0,0.0
3167,0.0,0.0
3168,0.0,0.0
3169,0.0,0.0
3170,0.0,0.0
3171,0.0,0.0
3172,0.0,0.0
3173,0.0,0.0
3174,0.0,0.0
3175,0.0,0.0
3176,0.0,0.0
3177,0.0,0.0
3178,0.0,0.0
3179,0.0,0.0
3180,0.0,0.0
3181,0.0,0.0
3182,0.0,0.0
3183,0.0,0.0
3184,0.0,0.0
3185,0.0,0.0
3186,0.0,0.0
3187,0.0,0.0
3188,0.0,0.0
3189,0.0,0.0
3190,0.0,0.0
3191,0.0,0.0
3192,0.0,0.0
3193,0.0,0.0
3194,0.0,0.0
3195,0.0,0.0
3196,0.0,0.0
3197,0.0,0.0
3198,0.0,0.0
3199,0.0,0.0
3200,0.0,0.0
3201,0.0,0.0
3202,0.0,0.0
3203,0.0,0.0
3204,0.0,0.0
3205,0.0,0.0
3206,0.0,0.0
3207,0.0,0.0
3208,0.0,0.0
3209,0.0,0.0
3210,0.0,0.0
3211,0.0,0.0
3212,0.0,0.0
3213,0.0,0.0
3214,0.0,0.0
3215,0.0,0.0
3216,0.0,0.0
3217,0.0,0.0
3218,0.0,0.0
3219,0.0,0.0
3220,0.0,0.0
3221,0.0,0.0
3222,0.0,0.0
3223,0.0,0.0
3224,0.0,0.0
3225,0.0,0.0
3226,0.0,0.0
3227,0.0,0.0
3228,0.0,0.0
3229,0.0,0.0
3230,0.0,0.0
3231,0.0,0.0
3232,0.0,0.0
3233,0.0,0.0
3234,0.0,0.0
3235,0.0,0.0
3236,0.0,0.0
3237,0.0,0.0
3238,0.0,0.0
3239,0.0,0.0
3240,0.0,0.0
3241,0.0,0.0
3242,0.0,0.0
3243,0.0,0.0
3244,0.0,0.0
3245,0.0,0.0
3246,0.0,0.0
3247,0.0,0.0
3248,0.0,0.0
3249,0.0,0.0
3250,0.0,0.0
3251,0.0,0.0
3252,0.0,0.0
3253,0.0,0.0
3254,0.0,0.0
3255,0.0,0.0
3256,0.0,0.0
3257,0.0,0.0
3258,0.0,0.0
3259,0.0,0.0
3260,0.0,0.0
3261,0.0,0.0
3262,0.0,0.0
3263,0.0,0.0
3264,0.0,0.0
3265,0.0,0.0
3266,0.0,0.0
3267,0.0,0.0
3268,0.0,0.0
3269,0.0,0.0
3270,0.0,0.0
3271,0.0,0.0
3272,0.0,0.0
3273,0.0,0.0
3274,0.0,0.0
3275,0.0,0.0
3276,0.0,0.0
3277,0.0,0.0
3278,0.0,0.0
3279,0.0,0.0
3280,0.0,0.0
3281,0.0,0.0
3282,0.0,0.0
3283,0.0,0.0
3284,0.0,0.0
3285,0.0,0.0
3286,0.0,0.0
3287,0.0,0.0
3288,0.0,0.0
3289,0.0,0.0
3290,0.0,0.0
3291,0.0,0.0
3292,0.0,0.0
3293,0.0,0.0
3294,0.0,0.0
3295,0.0,0.0
3296,0.0,0.0
3297,0.0,0.0
3298,0.0,0.0
3299,0.0,0.0
3300,0.0,0.0
3301,0.0,0.0
3302,0.0,0.0
3303,0.0,0.0
3304,0.0,0.0
3305,0.0,0.0
3306,0.0,0.0
3307,0.0,0.0
3308,0.0,0.0
3309,0.0,0.0
3310,0.0,0.0
3311,0.0,0.0
3312,0.0,0.0
3313,0.0,0.0
3314,0.0,0.0
3315,0.0,0.0
3316,0.0,0.0
3317,0.0,0.0
3318,0.0,0.0
3319,0.0,0.0
3320,0.0,0.0
3321,0.0,0.0
3322,0.0,0.0
3323,0.0,0.0
3324,0.0,0.0
3325,0.0,0.0
3326,0.0,0.0
3327,0.0,0.0
3328,0.0,0.0
3329,0.0,0.0
3330,0.0,0.0
3331,0.0,0.0
3332,0.0,0.0
3333,0.0,0.0
3334,0.0,0.0
3335,0.0,0.0
3336,0.0,0.0
3337,0.0,0.0
3338,0.0,0.0
3339,0.0,0.0
3340,0.0,0.0
3341,0.0,0.0
3342,0.0,0.0
3343,0.0,0.0
3344,0.0,0.0
3345,0.0,0.0
3346,0.0,0.0
3347,0.0,0.0
3348,0.0,0.0
3349,0.0,0.0
3350,0.0,0.0
3351,0.0,0.0
3352,0.0,0.0
3353,0.0,0.0
3354,0.0,0.0
3355,0.0,0.0
3356,0.0,0.0
3357,0.0,0.0
3358,0.0,0.0
3359,0.0,0.0
3360,0.0,0.0
3361,0.0,0.0
3362,0.0,0.0
3363,0.0,0.0
3364,0.0,0.0
3365,0.0,0.0
3366,0.0,0.0
3367,0.0,0.0
3368,0.0,0.0
3369,0.0,0.0
3370,0.0,0.0
3371,0.0,0.0
3372,0.0,0.0
3373,0.0,0.0
3374,0.0,0.0
3375,0.0,0.0
3376,0.0,0.0
3377,0.0,0.0
3378,0.0,0.0
3379,0.0,0.0
3380,0.0,0.0
3381,0.0,0.0
3382,0.0,0.0
3383,0.0,0.0
3384,0.0,0.0
3385,0.0,0.0
3386,0.0,0.0
3387,0.0,0.0
3388,0.0,0.0
3389,0.0,0.0
3390,0.0,0.0
3391,0.0,0.0
3392,0.0,0.0
3393,0.0,0.0
3394,0.0,0.0
3395,0.0,0.0
3396,0.0,0.0
3397,0.0,0.0
3398,0.0,0.0
3399,0.0,0.0
3400,0.0,0.0
3401,0.0,0.0
3402,0.0,0.0
3403,0.0,0.0
3404,0.0,0.0
3405,0.0,0.0
3406,0.0,0.0
3407,0.0,0.0
3408,0.0,0.0
3409,0.0,0.0
3410,0.0,0.0
3411,0.0,0.0
3412,0.0,0.0
3413,0.0,0.0
3414,0.0,0.0
3415,0.0,0.0
3416,0.0,0.0
3417,0.0,0.0
3418,0.0,0.0
3419,0.0,0.0
3420,0.0,0.0
3421,0.0,0.0
3422,0.0,0.0
3423,0.0,0.0
3424,0.0,0.0
3425,0.0,0.0
3426,0.0,0.0
3427,0.0,0.0
3428,0.0,0.0
3429,0.0,0.0
3430,0.0,0.0
3431,0.0,0.0
3432,0.0,0.0
3433,0.0,0.0
3434,0.0,0.0
3435,0.0,0.0
3436,0.0,0.0
3437,0.0,0.0
3438,0.0,0.0
3439,0.0,0.0
3440,0.0,0.0
3441,0.0,0.0
3442,0.0,0.0
3443,0.0,0.0
3444,0.0,0.0
3445,0.0,0.0
3446,0.0,0.0
3447,0.0,0.0
3448,0.0,0.0
3449,0.0,0.0
3450,0.0,0.0
3451,0.0,0.0
3452,0.0,0.0
3453,0.0,0.0
3454,0.0,0.0
3455,0.0,0.0
3456,0.0,0.0
3457,0.0,0.0
3458,0.0,0.0
3459,0.0,0.0
3460,0.0,0.0
3461,0.0,0.0
3462,0.0,0.0
3463,0.0,0.0
3464,0.0,0.0
3465,0.0,0.0
3466,0.0,0.0
3467,0.0,0.0
3468,0.0,0.0
3469,0.0,0.0
3470,0.0,0.0
3471,0.0,0.0
3472,0.0,0.0
3473,0.0,0.0
3474,0.0,0.0
3475,0.0,0.0
3476,0.0,0.0
3477,0.0,0.0
3478,0.0,0.0
3479,0.0,0.0
3480,0.0,0.0
3481,0.0,0.0
3482,0.0,0.0
3483,0.0,0.0
3484,0.0,0.0
3485,0.0,0.0
3486,0.0,0.0
3487,0.0,0.0
3488,0.0,0.0
3489,0.0,0.0
3490,0.0,0.0
3491,0.0,0.0
3492,0.0,0.0
3493,0.0,0.0
3494,0.0,0.0
3495,0.0,0.0
3496,0.0,0.0
3497,0.0,0.0
3498,0.0,0.0
3499,0.0,0.0
3500,0.0,0.0
3501,0.0,0.0
3502,0.0,0.0
3503,0.0,0.0
3504,0.0,0.0
3505,0.0,0.0
3506,0.0,0.0
3507,0.0,0.0
3508,0.0,0.0
3509,0.0,0.0
3510,0.0,0.0
3511,0.0,0.0
3512,0.0,0.0
3513,0.0,0.0
3514,0.0,0.0
3515,0.0,0.0
3516,0.0,0.0
3517,0.0,0.0
3518,0.0,0.0
3519,0.0,0.0
3520,0.0,0.0
3521,0.0,0.0
3522,0.0,0.0
3523,0.0,0.0
3524,0.0,0.0
3525,0.0,0.0
3526,0.0,0.0
3527,0.0,0.0
3528,0.0,0.0
3529,0.0,0.0
3530,0.0,0.0
3531,0.0,0.0
3532,0.0,0.0
3533,0.0,0.0
3534,0.0,0.0
3535,0.0,0.0
3536,0.0,0.0
3537,0.0,0.0
3538,0.0,0.0
3539,0.0,0.0
3540,0.0,0.0
3541,0.0,0.0
3542,0.0,0.0
3543,0.0,0.0
3544,0.0,0.0
3545,0.0,0.0
3546,0.0,0.0
3547,0.0,0.0
3548,0.0,0.0
3549,0.0,0.0
3550,0.0,0.0
3551,0.0,0.0
3552,0.0,0.0
3553,0.0,0.0
3554,0.0,0.0
3555,0.0,0.0
3556,0.0,0.0
3557,0.0,0.0
3558,0.0,0.0
3559,0.0,0.0
3560,0.0,0.0
3561,0.0,0.0
3562,0.0,0.0
3563,0.0,0.0
3564,0.0,0.0
3565,0.0,0.0
3566,0.0,0.0
3567,0.0,0.0
3568,0.0,0.0
3569,0.0,0.0
3570,0.0,0.0
3571,0.0,0.0
3572,0.0,0.0
3573,0.0,0.0
3574,0.0,0.0
3575,0.0,0.0
3576,0.0,0.0
3577,0.0,0.0
3578,0.0,0.0
3579,0.0,0.0
3580,0.0,0.0
3581,0.0,0.0
3582,0.0,0.0
3583,0.0,0.0
3584,0.0,0.0
3585,0.0,0.0
3586,0.0,0.0
3587,0.0,0.0
3588,0.0,0.0
3589,0.0,0.0
3590,0.0,0.0
3591,0.0,0.0
3592,0.0,0.0
3593,0.0,0.0
3594,0.0,0.0
3595,0.0,0.0
3596,0.0,0.0
3597,0.0,0.0
3598,0.0,0.0
3599,0.0,0.0
3600,0.0,0.0
3601,0.0,0.0
3602,0.0,0.0
3603,0.0,0.0
3604,0.0,0.0
3605,0.0,0.0
3606,0.0,0.0
3607,0.0,0.0
3608,0.0,0.0
3609,0.0,0.0
3610,0.0,0.0
3611,0.0,0.0
3612,0.0,0.0
3613,0.0,0.0
3614,0.0,0.0
3615,0.0,0.0
3616,0.0,0.0
3617,0.0,0.0
3618,0.0,0.0
3619,0.0,0.0
3620,0.0,0.0
3621,0.0,0.0
3622,0.0,0.0
3623,0.0,0.0
3624,0.0,0.0
3625,0.0,0.0
3626,0.0,0.0
3627,0.0,0.0
3628,0.0,0.0
3629,0.0,0.0
3630,0.0,0.0
3631,0.0,0.0
3632,0.0,0.0
3633,0.0,0.0
3634,0.0,0.0
3635,0.0,0.0
3636,0.0,0.0
3637,0.0,0.0
3638,0.0,0.0
3639,0.0,0.0
3640,0.0,0.0
3641,0.0,0.0
3642,0.0,0.0
3643,0.0,0.0
3644,0.0,0.0
3645,0.0,0.0
3646,0.0,0.0
3647,0.0,0.0
3648,0.0,0.0
3649,0.0,0.0
3650,0.0,0.0
3651,0.0,0.0
3652,0.0,0.0
3653,0.0,0.0
3654,0.0,0.0
3655,0.0,0.0
3656,0.0,0.0
3657,0.0,0.0
3658,0.0,0.0
3659,0.0,0.0
3660,0.0,0.0
3661,0.0,0.0
3662,0.0,0.0
3663,0.0,0.0
3664,0.0,0.0
3665,0.0,0.0
3666,0.0,0.0
3667,0.0,0.0
3668,0.0,0.0
3669,0.0,0.0
3670,0.0,0.0
3671,0.0,0.0
3672,0.0,0.0
3673,0.0,0.0
3674,0.0,0.0
3675,0.0,0.0
3676,0.0,0.0
3677,0.0,0.0
3678,0.0,0.0
3679,0.0,0.0
3680,0.0,0.0
3681,0.0,0.0
3682,0.0,0.0
3683,0.0,0.0
3684,0.0,0.0
3685,0.0,0.0
3686,0.0,0.0
3687,0.0,0.0
3688,0.0,0.0
3689,0.0,0.0
3690,0.0,0.0
3691,0.0,0.0
3692,0.0,0.0
3693,0.0,0.0
3694,0.0,0.0
3695,0.0,0.0
3696,0.0,0.0
3697,0.0,0.0
3698,0.0,0.0
3699,0.0,0.0
3700,0.0,0.0
3701,0.0,0.0
3702,0.0,0.0
3703,0.0,0.0
3704,0.0,0.0
3705,0.0,0.0
3706,0.0,0.0
3707,0.0,0.0
3708,0.0,0.0
3709,0.0,0.0
3710,0.0,0.0
3711,0.0,0.0
3712,0.0,0.0
3713,0.0,0.0
3714,0.0,0.0
3715,0.0,0.0
3716,0.0,0.0
3717,0.0,0.0
3718,0.0,0.0
3719,0.0,0.0
3720,0.0,0.0
3721,0.0,0.0
3722,0.0,0.0
3723,0.0,0.0
3724,0.0,0.0
3725,0.0,0.0
3726,0.0,0.0
3727,0.0,0.0
3728,0.0,0.0
3729,0.0,0.0
3730,0.0,0.0
3731,0.0,0.0
3732,0.0,0.0
3733,0.0,0.0
3734,0.0,0.0
3735,0.0,0.0
3736,0.0,0.0
3737,0.0,0.0
3738,0.0,0.0
3739,0.0,0.0
3740,0.0,0.0
3741,0.0,0.0
3742,0.0,0.0
3743,0.0,0.0
3744,0.0,0.0
3745,0.0,0.0
3746,0.0,0.0
3747,0.0,0.0
3748,0.0,0.0
3749,0.0,0.0
3750,0.0,0.0
3751,0.0,0.0
3752,0.0,0.0
3753,0.0,0.0
3754,0.0,0.0
3755,0.0,0.0
3756,0.0,0.0
3757,0.0,0.0
3758,0.0,0.0
3759,0.0,0.0
3760,0.0,0.0
3761,0.0,0.0
3762,0.0,0.0
3763,0.0,0.0
3764,0.0,0.0
3765,0.0,0.0
3766,0.0,0.0
3767,0.0,0.0
3768,0.0,0.0
3769,0.0,0.0
3770,0.0,0.0
3771,0.0,0.0
3772,0.0,0.0
3773,0.0,0.0
3774,0.0,0.0
3775,0.0,0.0
3776,0.0,0.0
3777,0.0,0.0
3778,0.0,0.0
3779,0.0,0.0
3780,0.0,0.0
3781,0.0,0.0
3782,0.0,0.0
3783,0.0,0.0
3784,0.0,0.0
3785,0.0,0.0
3786,0.0,0.0
3787,0.0,0.0
3788,0.0,0.0
3789,0.0,0.0
3790,0.0,0.0
3791,0.0,0.0
3792,0.0,0.0
3793,0.0,0.0
3794,0.0,0.0
3795,0.0,0.0
3796,0.0,0.0
3797,0.0,0.0
3798,0.0,0.0
3799,0.0,0.0
3800,0.0,0.0
3801,0.0,0.0
3802,0.0,0.0
3803,0.0,0.0
3804,0.0,0.0
3805,0.0,0.0
3806,0.0,0.0
3807,0.0,0.0
3808,0.0,0.0
3809,0.0,0.0
3810,0.0,0.0
3811,0.0,0.0
3812,0.0,0.0
3813,0.0,0.0
3814,0.0,0.0
3815,0.0,0.0
3816,0.0,0.0
3817,0.0,0.0
3818,0.0,0.0
3819,0.0,0.0
3820,0.0,0.0
3821,0.0,0.0
3822,0.0,0.0
3823,0.0,0.0
3824,0.0,0.0
3825,0.0,0.0
3826,0.0,0.0
3827,0.0,0.0
3828,0.0,0.0
3829,0.0,0.0
3830,0.0,0.0
3831,0.0,0.0
3832,0.0,0.0
3833,0.0,0.0
3834,0.0,0.0
3835,0.0,0.0
3836,0.0,0.0
3837,0.0,0.0
3838,0.0,0.0
3839,0.0,0.0
3840,0.0,0.0
3841,0.0,0.0
3842,0.0,0.0
3843,0.0,0.0
3844,0.0,0.0
3845,0.0,0.0
3846,0.0,0.0
3847,0.0,0.0
3848,0.0,0.0
3849,0.0,0.0
3850,0.0,0.0
3851,0.0,0.0
3852,0.0,0.0
3853,0.0,0.0
3854,0.0,0.0
3855,0.0,0.0
3856,0.0,0.0
3857,0.0,0.0
3858,0.0,0.0
3859,0.0,0.0
3860,0.0,0.0
3861,0.0,0.0
3862,0.0,0.0
3863,0.0,0.0
3864,0.0,0.0
3865,0.0,0.0
3866,0.0,0.0
3867,0.0,0.0
3868,0.0,0.0
3869,0.0,0.0
3870,0.0,0.0
3871,0.0,0.0
3872,0.0,0.0
3873,0.0,0.0
3874,0.0,0.0
3875,0.0,0.0
3876,0.0,0.0
3877,0.0,0.0
3878,0.0,0.0
3879,0.0,0.0
3880,0.0,0.0
3881,0.0,0.0
3882,0.0,0.0
3883,0.0,0.0
3884,0.0,0.0
3885,0.0,0.0
3886,0.0,0.0
3887,0.0,0.0
3888,0.0,0.0
3889,0.0,0.0
3890,0.0,0.0
3891,0.0,0.0
3892,0.0,0.0
3893,0.0,0.0
3894,0.0,0.0
3895,0.0,0.0
3896,0.0,0.0
3897,0.0,0.0
3898,0.0,0.0
3899,0.0,0.0
3900,0.0,0.0
3901,0.0,0.0
3902,0.0,0.0
3903,0.0,0.0
3904,0.0,0.0
3905,0.0,0.0
3906,0.0,0.0
3907,0.0,0.0
3908,0.0,0.0
3909,0.0,0.0
3910,0.0,0.0
3911,0.0,0.0
3912,0.0,0.0
3913,0.0,0.0
3914,0.0,0.0
3915,0.0,0.0
3916,0.0,0.0
3917,0.0,0.0
3918,0.0,0.0
3919,0.0,0.0
3920,0.0,0.0
3921,0.0,0.0
3922,0.0,0.0
3923,0.0,0.0
3924,0.0,0.0
3925,0.0,0.0
3926,0.0,0.0
3927,0.0,0.0
3928,0.0,0.0
3929,0.0,0.0
3930,0.0,0.0
3931,0.0,0.0
3932,0.0,0.0
3933,0.0,0.0
3934,0.0,0.0
3935,0.0,0.0
3936,0.0,0.0
3937,0.0,0.0
3938,0.0,0.0
3939,0.0,0.0
3940,0.0,0.0
3941,0.0,0.0
3942,0.0,0.0
3943,0.0,0.0
3944,0.0,0.0
3945,0.0,0.0
3946,0.0,0.0
3947,0.0,0.0
3948,0.0,0.0
3949,0.0,0.0
3950,0.0,0.0
3951,0.0,0.0
3952,0.0,0.0
3953,0.0,0.0
3954,0.0,0.0
3955,0.0,0.0
3956,0.0,0.0
3957,0.0,0.0
3958,0.0,0.0
3959,0.0,0.0
3960,0.0,0.0
3961,0.0,0.0
3962,0.0,0.0
3963,0.0,0.0
3964,0.0,0.0
3965,0.0,0.0
3966,0.0,0.0
3967,0.0,0.0
3968,0.0,0.0
3969,0.0,0.0
3970,0.0,0.0
3971,0.0,0.0
3972,0.0,0.0
3973,0.0,0.0
3974,0.0,0.0
3975,0.0,0.0
3976,0.0,0.0
3977,0.0,0.0
3978,0.0,0.0
3979,0.0,0.0
3980,0.0,0.0
3981,0.0,0.0
3982,0.0,0.0
3983,0.0,0.0
3984,0.0,0.0
3985,0.0,0.0
3986,0.0,0.0
3987,0.0,0.0
3988,0.0,0.0
3989,0.0,0.0
3990,0.0,0.0
3991,0.0,0.0
3992,0.0,0.0
3993,0.0,0.0
3994,0.0,0.0
3995,0.0,0.0
3996,0.0,0.0
3997,0.0,0.0
3998,0.0,0.0
3999,0.0,0.0
4000,0.0,0.0
4001,0.0,0.0
4002,0.0,0.0
4003,0.0,0.0
4004,0.0,0.0
4005,0.0,0.0
4006,0.0,0.0
4007,0.0,0.0
4008,0.0,0.0
4009,0.0,0.0
4010,0.0,0.0
4011,0.0,0.0
4012,0.0,0.0
4013,0.0,0.0
4014,0.0,0.0
4015,0.0,0.0
4016,0.0,0.0
4017,0.0,0.0
4018,0.0,0.0
4019,0.0,0.0
4020,0.0,0.0
4021,0.0,0.0
4022,0.0,0.0
4023,0.0,0.0
4024,0.0,0.0
4025,0.0,0.0
4026,0.0,0.0
4027,0.0,0.0
4028,0.0,0.0
4029,0.0,0.0
4030,0.0,0.0
4031,0.0,0.0
4032,0.0,0.0
4033,0.0,0.0
4034,0.0,0.0
4035,0.0,0.0
4036,0.0,0.0
4037,0.0,0.0
4038,0.0,0.0
4039,0.0,0.0
4040,0.0,0.0
4041,0.0,0.0
4042,0.0,0.0
4043,0.0,0.0
4044,0.0,0.0
4045,0.0,0.0
4046,0.0,0.0
4047,0.0,0.0
4048,0.0,0.0
4049,0.0,0.0
4050,0.0,0.0
4051,0.0,0.0
4052,0.0,0.0
4053,0.0,0.0
4054,0.0,0.0
4055,0.0,0.0
4056,0.0,0.0
4057,0.0,0.0
4058,0.0,0.0
4059,0.0,0.0
4060,0.0,0.0
4061,0.0,0.0
4062,0.0,0.0
4063,0.0,0.0
4064,0.0,0.0
4065,0.0,0.0
4066,0.0,0.0
4067,0.0,0.0
4068,0.0,0.0
4069,0.0,0.0
4070,0.0,0.0
4071,0.0,0.0
4072,0.0,0.0
4073,0.0,0.0
4074,0.0,0.0
4075,0.0,0.0
4076,0.0,0.0
4077,0.0,0.0
4078,0.0,0.0
4079,0.0,0.0
4080,0.0,0.0
4081,0.0,0.0
4082,0.0,0.0
4083,0.0,0.0
4084,0.0,0.0
4085,0.0,0.0
4086,0.0,0.0
4087,0.0,0.0
4088,0.0,0.0
4089,0.0,0.0
4090,0.0,0.0
4091,0.0,0.0
4092,0.0,0.0
4093,0.0,0.0
4094,0.0,0.0
4095,0.0,0.0
4096,0.0,0.0
4097,0.0,0.0
4098,0.0,0.0
4099,0.0,0.0
4100,0.0,0.0
4101,0.0,0.0
4102,0.0,0.0
4103,0.0,0.0
4104,0.0,0.0
4105,0.0,0.0
4106,0.0,0.0
4107,0.0,0.0
4108,0.0,0.0
4109,0.0,0.0
4110,0.0,0.0
4111,0.0,0.0
4112,0.0,0.0
4113,0.0,0.0
4114,0.0,0.0
4115,0.0,0.0
4116,0.0,0.0
4117,0.0,0.0
4118,0.0,0.0
4119,0.0,0.0
4120,0.0,0.0
4121,0.0,0.0
4122,0.0,0.0
4123,0.0,0.0
4124,0.0,0.0
4125,0.0,0.0
4126,0.0,0.0
4127,0.0,0.0
4128,0.0,0.0
4129,0.0,0.0
4130,0.0,0.0
4131,0.0,0.0
4132,0.0,0.0
4133,0.0,0.0
4134,0.0,0.0
4135,0.0,0.0
4136,0.0,0.0
4137,0.0,0.0
4138,0.0,0.0
4139,0.0,0.0
4140,0.0,0.0
4141,0.0,0.0
4142,0.0,0.0
4143,0.0,0.0
4144,0.0,0.0
4145,0.0,0.0
4146,0.0,0.0
4147,0.0,0.0
4148,0.0,0.0
4149,0.0,0.0
4150,0.0,0.0
4151,0.0,0.0
4152,0.0,0.0
4153,0.0,0.0
4154,0.0,0.0
4155,0.0,0.0
4156,0.0,0.0
4157,0.0,0.0
4158,0.0,0.0
4159,0.0,0.0
4160,0.0,0.0
4161,0.0,0.0
4162,0.0,0.0
4163,0.0,0.0
4164,0.0,0.0
4165,0.0,0.0
4166,0.0,0.0
4167,0.0,0.0
4168,0.0,0.0
4169,0.0,0.0
4170,0.0,0.0
4171,0.0,0.0
4172,0.0,0.0
4173,0.0,0.0
4174,0.0,0.0
4175,0.0,0.0
4176,0.0,0.0
4177,0.0,0.0
4178,0.0,0.0
4179,0.0,0.0
4180,0.0,0.0
4181,0.0,0.0
4182,0.0,0.0
4183,0.0,0.0
4184,0.0,0.0
4185,0.0,0.0
4186,0.0,0.0
4187,0.0,0.0
4188,0.0,0.0
4189,0.0,0.0
4190,0.0,0.0
4191,0.0,0.0
4192,0.0,0.0
4193,0.0,0.0
4194,0.0,0.0
4195,0.0,0.0
4196,0.0,0.0
4197,0.0,0.0
4198,0.0,0.0
4199,0.0,0.0
4200,0.0,0.0
4201,0.0,0.0
4202,0.0,0.0
4203,0.0,0.0
4204,0.0,0.0
4205,0.0,0.0
4206,0.0,0.0
4207,0.0,0.0
4208,0.0,0.0
4209,0.0,0.0
4210,0.0,0.0
4211,0.0,0.0
4212,0.0,0.0
4213,0.0,0.0
4214,0.0,0.0
4215,0.0,0.0
4216,0.0,0.0
4217,0.0,0.0
4218,0.0,0.0
4219,0.0,0.0
4220,0.0,0.0
4221,0.0,0.0
4222,0.0,0.0
4223,0.0,0.0
4224,0.0,0.0
4225,0.0,0.0
4226,0.0,0.0
4227,0.0,0.0
4228,0.0,0.0
4229,0.0,0.0
4230,0.0,0.0
4231,0.0,0.0
4232,0.0,0.0
4233,0.0,0.0
4234,0.0,0.0
4235,0.0,0.0
4236,0.0,0.0
4237,0.0,0.0
4238,0.0,0.0
4239,0.0,0.0
4240,0.0,0.0
4241,0.0,0.0
4242,0.0,0.0
4243,0.0,0.0
4244,0.0,0.0
4245,0.0,0.0
4246,0.0,0.0
4247,0.0,0.0
4248,0.0,0.0
4249,0.0,0.0
4250,0.0,0.0
4251,0.0,0.0
4252,0.0,0.0
4253,0.0,0.0
4254,0.0,0.0
4255,0.0,0.0
4256,0.0,0.0
4257,0.0,0.0
4258,0.0,0.0
4259,0.0,0.0
4260,0.0,0.0
4261,0.0,0.0
4262,0.0,0.0
4263,0.0,0.0
4264,0.0,0.0
4265,0.0,0.0
4266,0.0,0.0
4267,0.0,0.0
4268,0.0,0.0
4269,0.0,0.0
4270,0.0,0.0
4271,0.0,0.0
4272,0.0,0.0
4273,0.0,0.0
4274,0.0,0.0
4275,0.0,0.0
4276,0.0,0.0
4277,0.0,0.0
4278,0.0,0.0
4279,0.0,0.0
4280,0.0,0.0
4281,0.0,0.0
4282,0.0,0.0
4283,0.0,0.0
4284,0.0,0.0
4285,0.0,0.0
4286,0.0,0.0
4287,0.0,0.0
4288,0.0,0.0
4289,0.0,0.0
4290,0.0,0.0
4291,0.0,0.0
4292,0.0,0.0
4293,0.0,0.0
4294,0.0,0.0
4295,0.0,0.0
4296,0.0,0.0
4297,0.0,0.0
4298,0.0,0.0
4299,0.0,0.0
4300,0.0,0.0
4301,0.0,0.0
4302,0.0,0.0
4303,0.0,0.0
4304,0.0,0.0
4305,0.0,0.0
4306,0.0,0.0
4307,0.0,0.0
4308,0.0,0.0
4309,0.0,0.0
4310,0.0,0.0
4311,0.0,0.0
4312,0.0,0.0
4313,0.0,0.0
4314,0.0,0.0
4315,0.0,0.0
4316,0.0,0.0
4317,0.0,0.0
4318,0.0,0.0
4319,0.0,0.0
4320,0.0,0.0
4321,0.0,0.0
4322,0.0,0.0
4323,0.0,0.0
4324,0.0,0.0
4325,0.0,0.0
4326,0.0,0.0
4327,0.0,0.0
4328,0.0,0.0
4329,0.0,0.0
4330,0.0,0.0
4331,0.0,0.0
4332,0.0,0.0
4333,0.0,0.0
4334,0.0,0.0
4335,0.0,0.0
4336,0.0,0.0
4337,0.0,0.0
4338,0.0,0.0
4339,0.0,0.0
4340,0.0,0.0
4341,0.0,0.0
4342,0.0,0.0
4343,0.0,0.0
4344,0.0,0.0
4345,0.0,0.0
4346,0.0,0.0
4347,0.0,0.0
4348,0.0,0.0
4349,0.0,0.0
4350,0.0,0.0
4351,0.0,0.0
4352,0.0,0.0
4353,0.0,0.0
4354,0.0,0.0
4355,0.0,0.0
4356,0.0,0.0
4357,0.0,0.0
4358,0.0,0.0
4359,0.0,0.0
4360,0.0,0.0
4361,0.0,0.0
4362,0.0,0.0
4363,0.0,0.0
4364,0.0,0.0
4365,0.0,0.0
4366,0.0,0.0
4367,0.0,0.0
4368,0.0,0.0
4369,0.0,0.0
4370,0.0,0.0
4371,0.0,0.0
4372,0.0,0.0
4373,0.0,0.0
4374,0.0,0.0
4375,0.0,0.0
4376,0.0,0.0
4377,0.0,0.0
4378,0.0,0.0
4379,0.0,0.0
4380,0.0,0.0
4381,0.0,0.0
4382,0.0,0.0
4383,0.0,0.0
4384,0.0,0.0
4385,0.0,0.0
4386,0.0,0.0
4387,0.0,0.0
4388,0.0,0.0
4389,0.0,0.0
4390,0.0,0.0
4391,0.0,0.0
4392,0.0,0.0
4393,0.0,0.0
4394,0.0,0.0
4395,0.0,0.0
4396,0.0,0.0
4397,0.0,0.0
4398,0.0,0.0
4399,0.0,0.0
4400,0.0,0.0
4401,0.0,0.0
4402,0.0,0.0
4403,0.0,0.0
4404,0.0,0.0
4405,0.0,0.0
4406,0.0,0.0
4407,0.0,0.0
4408,0.0,0.0
4409,0.0,0.0
4410,0.0,0.0
4411,0.0,0.0
4412,0.0,0.0
4413,0.0,0.0
4414,0.0,0.0
4415,0.0,0.0
4416,0.0,0.0
4417,0.0,0.0
4418,0.0,0.0
4419,0.0,0.0
4420,0.0,0.0
4421,0.0,0.0
4422,0.0,0.0
4423,0.0,0.0
4424,0.0,0.0
4425,0.0,0.0
4426,0.0,0.0
4427,0.0,0.0
4428,0.0,0.0
4429,0.0,0.0
4430,0.0,0.0
4431,0.0,0.0
4432,0.0,0.0
4433,0.0,0.0
4434,0.0,0.0
4435,0.0,0.0
4436,0.0,0.0
4437,0.0,0.0
4438,0.0,0.0
4439,0.0,0.0
4440,0.0,0.0
4441,0.0,0.0
4442,0.0,0.0
4443,0.0,0.0
4444,0.0,0.0
4445,0.0,0.0
4446,0.0,0.0
4447,0.0,0.0
4448,0.0,0.0
4449,0.0,0.0
4450,0.0,0.0
4451,0.0,0.0
4452,0.0,0.0
4453,0.0,0.0
4454,0.0,0.0
4455,0.0,0.0
4456,0.0,0.0
4457,0.0,0.0
4458,0.0,0.0
4459,0.0,0.0
4460,0.0,0.0
4461,0.0,0.0
4462,0.0,0.0
4463,0.0,0.0
4464,0.0,0.0
4465,0.0,0.0
4466,0.0,0.0
4467,0.0,0.0
4468,0.0,0.0
4469,0.0,0.0
4470,0.0,0.0
4471,0.0,0.0
4472,0.0,0.0
4473,0.0,0.0
4474,0.0,0.0
4475,0.0,0.0
4476,0.0,0.0
4477,0.0,0.0
4478,0.0,0.0
4479,0.0,0.0
4480,0.0,0.0
4481,0.0,0.0
4482,0.0,0.0
4483,0.0,0.0
4484,0.0,0.0
4485,0.0,0.0
4486,0.0,0.0
4487,0.0,0.0
4488,0.0,0.0
4489,0.0,0.0
4490,0.0,0.0
4491,0.0,0.0
4492,0.0,0.0
4493,0.0,0.0
4494,0.0,0.0
4495,0.0,0.0
4496,0.0,0.0
4497,0.0,0.0
4498,0.0,0.0
4499,0.0,0.0
4500,0.0,0.0
4501,0.0,0.0
4502,0.0,0.0
4503,0.0,0.0
4504,0.0,0.0
4505,0.0,0.0
4506,0.0,0.0
4507,0.0,0.0
4508,0.0,0.0
4509,0.0,0.0
4510,0.0,0.0
4511,0.0,0.0
4512,0.0,0.0
4513,0.0,0.0
4514,0.0,0.0
4515,0.0,0.0
4516,0.0,0.0
4517,0.0,0.0
4518,0.0,0.0
4519,0.0,0.0
4520,0.0,0.0
4521,0.0,0.0
4522,0.0,0.0
4523,0.0,0.0
4524,0.0,0.0
4525,0.0,0.0
4526,0.0,0.0
4527,0.0,0.0
4528,0.0,0.0
4529,0.0,0.0
4530,0.0,0.0
4531,0.0,0.0
4532,0.0,0.0
4533,0.0,0.0
4534,0.0,0.0
4535,0.0,0.0
4536,0.0,0.0
4537,0.0,0.0
4538,0.0,0.0
4539,0.0,0.0
4540,0.0,0.0
4541,0.0,0.0
4542,0.0,0.0
4543,0.0,0.0
4544,0.0,0.0
4545,0.0,0.0
4546,0.0,0.0
4547,0.0,0.0
4548,0.0,0.0
4549,0.0,0.0
4550,0.0,0.0
4551,0.0,0.0
4552,0.0,0.0
4553,0.0,0.0
4554,0.0,0.0
4555,0.0,0.0
4556,0.0,0.0
4557,0.0,0.0
4558,0.0,0.0
4559,0.0,0.0
4560,0.0,0.0
4561,0.0,0.0
4562,0.0,0.0
4563,0.0,0.0
4564,0.0,0.0
4565,0.0,0.0
4566,0.0,0.0
4567,0.0,0.0
4568,0.0,0.0
4569,0.0,0.0
4570,0.0,0.0
4571,0.0,0.0
4572,0.0,0.0
4573,0.0,0.0
4574,0.0,0.0
4575,0.0,0.0
4576,0.0,0.0
4577,0.0,0.0
4578,0.0,0.0
4579,0.0,0.0
4580,0.0,0.0
4581,0.0,0.0
4582,0.0,0.0
4583,0.0,0.0
4584,0.0,0.0
4585,0.0,0.0
4586,0.0,0.0
4587,0.0,0.0
4588,0.0,0.0
4589,0.0,0.0
4590,0.0,0.0
4591,0.0,0.0
4592,0.0,0.0
4593,0.0,0.0
4594,0.0,0.0
4595,0.0,0.0
4596,0.0,0.0
4597,0.0,0.0
4598,0.0,0.0
4599,0.0,0.0
4600,0.0,0.0
4601,0.0,0.0
4602,0.0,0.0
4603,0.0,0.0
4604,0.0,0.0
4605,0.0,0.0
4606,0.0,0.0
4607,0.0,0.0
4608,0.0,0.0
4609,0.0,0.0
4610,0.0,0.0
4611,0.0,0.0
4612,0.0,0.0
4613,0.0,0.0
4614,0.0,0.0
4615,0.0,0.0
4616,0.0,0.0
4617,0.0,0.0
4618,0.0,0.0
4619,0.0,0.0
4620,0.0,0.0
4621,0.0,0.0
4622,0.0,0.0
4623,0.0,0.0
4624,0.0,0.0
4625,0.0,0.0
4626,0.0,0.0
4627,0.0,0.0
4628,0.0,0.0
4629,0.0,0.0
4630,0.0,0.0
4631,0.0,0.0
4632,0.0,0.0
4633,0.0,0.0
4634,0.0,0.0
4635,0.0,0.0
4636,0.0,0.0
4637,0.0,0.0
4638,0.0,0.0
4639,0.0,0.0
4640,0.0,0.0
4641,0.0,0.0
4642,0.0,0.0
4643,0.0,0.0
4644,0.0,0.0
4645,0.0,0.0
4646,0.0,0.0
4647,0.0,0.0
4648,0.0,0.0
4649,0.0,0.0
4650,0.0,0.0
4651,0.0,0.0
4652,0.0,0.0
4653,0.0,0.0
4654,0.0,0.0
4655,0.0,0.0
4656,0.0,0.0
4657,0.0,0.0
4658,0.0,0.0
4659,0.0,0.0
4660,0.0,0.0
4661,0.0,0.0
4662,0.0,0.0
4663,0.0,0.0
4664,0.0,0.0
4665,0.0,0.0
4666,0.0,0.0
4667,0.0,0.0
4668,0.0,0.0
4669,0.0,0.0
4670,0.0,0.0
4671,0.0,0.0
4672,0.0,0.0
4673,0.0,0.0
4674,0.0,0.0
4675,0.0,0.0
4676,0.0,0.0
4677,0.0,0.0
4678,0.0,0.0
4679,0.0,0.0
4680,0.0,0.0
4681,0.0,0.0
4682,0.0,0.0
4683,0.0,0.0
4684,0.0,0.0
4685,0.0,0.0
4686,0.0,0.0
4687,0.0,0.0
4688,0.0,0.0
4689,0.0,0.0
4690,0.0,0.0
4691,0.0,0.0
4692,0.0,0.0
4693,0.0,0.0
4694,0.0,0.0
4695,0.0,0.0
4696,0.0,0.0
4697,0.0,0.0
4698,0.0,0.0
4699,0.0,0.0
4700,0.0,0.0
4701,0.0,0.0
4702,0.0,0.0
4703,0.0,0.0
4704,0.0,0.0
4705,0.0,0.0
4706,0.0,0.0
4707,0.0,0.0
4708,0.0,0.0
4709,0.0,0.0
4710,0.0,0.0
4711,0.0,0.0
4712,0.0,0.0
4713,0.0,0.0
4714,0.0,0.0
4715,0.0,0.0
4716,0.0,0.0
4717,0.0,0.0
4718,0.0,0.0
4719,0.0,0.0
4720,0.0,0.0
4721,0.0,0.0
4722,0.0,0.0
4723,0.0,0.0
4724,0.0,0.0
4725,0.0,0.0
4726,0.0,0.0
4727,0.0,0.0
4728,0.0,0.0
4729,0.0,0.0
4730,0.0,0.0
4731,0.0,0.0
4732,0.0,0.0
4733,0.0,0.0
4734,0.0,0.0
4735,0.0,0.0
4736,0.0,0.0
4737,0.0,0.0
4738,0.0,0.0
4739,0.0,0.0
4740,0.0,0.0
4741,0.0,0.0
4742,0.0,0.0
4743,0.0,0.0
4744,0.0,0.0
4745,0.0,0.0
4746,0.0,0.0
4747,0.0,0.0
4748,0.0,0.0
4749,0.0,0.0
4750,0.0,0.0
4751,0.0,0.0
4752,0.0,0.0
4753,0.0,0.0
4754,0.0,0.0
4755,0.0,0.0
4756,0.0,0.0
4757,0.0,0.0
4758,0.0,0.0
4759,0.0,0.0
4760,0.0,0.0
4761,0.0,0.0
4762,0.0,0.0
4763,0.0,0.0
4764,0.0,0.0
4765,0.0,0.0
4766,0.0,0.0
4767,0.0,0.0
4768,0.0,0.0
4769,0.0,0.0
4770,0.0,0.0
4771,0.0,0.0
4772,0.0,0.0
4773,0.0,0.0
4774,0.0,0.0
4775,0.0,0.0
4776,0.0,0.0
4777,0.0,0.0
4778,0.0,0.0
4779,0.0,0.0
4780,0.0,0.0
4781,0.0,0.0
4782,0.0,0.0
4783,0.0,0.0
4784,0.0,0.0
4785,0.0,0.0
4786,0.0,0.0
4787,0.0,0.0
4788,0.0,0.0
4789,0.0,0.0
4790,0.0,0.0
4791,0.0,0.0
4792,0.0,0.0
4793,0.0,0.0
4794,0.0,0.0
4795,0.0,0.0
4796,0.0,0.0
4797,0.0,0.0
4798,0.0,0.0
4799,0.0,0.0
4800,0.0,0.0
4801,0.0,0.0
4802,0.0,0.0
4803,0.0,0.0
4804,0.0,0.0
4805,0.0,0.0
4806,0.0,0.0
4807,0.0,0.0
4808,0.0,0.0
4809,0.0,0.0
4810,0.0,0.0
4811,0.0,0.0
4812,0.0,0.0
4813,0.0,0.0
4814,0.0,0.0
4815,0.0,0.0
4816,0.0,0.0
4817,0.0,0.0
4818,0.0,0.0
4819,0.0,0.0
4820,0.0,0.0
4821,0.0,0.0
4822,0.0,0.0
4823,0.0,0.0
4824,0.0,0.0
4825,0.0,0.0
4826,0.0,0.0
4827,0.0,0.0
4828,0.0,0.0
4829,0.0,0.0
4830,0.0,0.0
4831,0.0,0.0
4832,0.0,0.0
4833,0.0,0.0
4834,0.0,0.0
4835,0.0,0.0
4836,0.0,0.0
4837,0.0,0.0
4838,0.0,0.0
4839,0.0,0.0
4840,0.0,0.0
4841,0.0,0.0
4842,0.0,0.0
4843,0.0,0.0
4844,0.0,0.0
4845,0.0,0.0
4846,0.0,0.0
4847,0.0,0.0
4848,0.0,0.0
4849,0.0,0.0
4850,0.0,0.0
4851,0.0,0.0
4852,0.0,0.0
4853,0.0,0.0
4854,0.0,0.0
4855,0.0,0.0
4856,0.0,0.0
4857,0.0,0.0
4858,0.0,0.0
4859,0.0,0.0
4860,0.0,0.0
4861,0.0,0.0
4862,0.0,0.0
4863,0.0,0.0
4864,0.0,0.0
4865,0.0,0.0
4866,0.0,0.0
4867,0.0,0.0
4868,0.0,0.0
4869,0.0,0.0
4870,0.0,0.0
4871,0.0,0.0
4872,0.0,0.0
4873,0.0,0.0
4874,0.0,0.0
4875,0.0,0.0
4876,0.0,0.0
4877,0.0,0.0
4878,0.0,0.0
4879,0.0,0.0
4880,0.0,0.0
4881,0.0,0.0
4882,0.0,0.0
4883,0.0,0.0
4884,0.0,0.0
4885,0.0,0.0
4886,0.0,0.0
4887,0.0,0.0
4888,0.0,0.0
4889,0.0,0.0
4890,0.0,0.0
4891,0.0,0.0
4892,0.0,0.0
4893,0.0,0.0
4894,0.0,0.0
4895,0.0,0.0
4896,0.0,0.0
4897,0.0,0.0
4898,0.0,0.0
4899,0.0,0.0
4900,0.0,0.0
4901,0.0,0.0
4902,0.0,0.0
4903,0.0,0.0
4904,0.0,0.0
4905,0.0,0.0
4906,0.0,0.0
4907,0.0,0.0
4908,0.0,0.0
4909,0.0,0.0
4910,0.0,0.0
4911,0.0,0.0
4912,0.0,0.0
4913,0.0,0.0
4914,0.0,0.0
4915,0.0,0.0
4916,0.0,0.0
4917,0.0,0.0
4918,0.0,0.0
4919,0.0,0.0
4920,0.0,0.0
4921,0.0,0.0
4922,0.0,0.0
4923,0.0,0.0
4924,0.0,0.0
4925,0.0,0.0
4926,0.0,0.0
4927,0.0,0.0
4928,0.0,0.0
4929,0.0,0.0
4930,0.0,0.0
4931,0.0,0.0
4932,0.0,0.0
4933,0.0,0.0
4934,0.0,0.0
4935,0.0,0.0
4936,0.0,0.0
4937,0.0,0.0
4938,0.0,0.0
4939,0.0,0.0
4940,0.0,0.0
4941,0.0,0.0
4942,0.0,0.0
4943,0.0,0.0
4944,0.0,0.0
4945,0.0,0.0
4946,0.0,0.0
4947,0.0,0.0
4948,0.0,0.0
4949,0.0,0.0
4950,0.0,0.0
4951,0.0,0.0
4952,0.0,0.0
4953,0.0,0.0
4954,0.0,0.0
4955,0.0,0.0
4956,0.0,0.0
4957,0.0,0.0
4958,0.0,0.0
4959,0.0,0.0
4960,0.0,0.0
4961,0.0,0.0
4962,0.0,0.0
4963,0.0,0.0
4964,0.0,0.0
4965,0.0,0.0
4966,0.0,0.0
4967,0.0,0.0
4968,0.0,0.0
4969,0.0,0.0
4970,0.0,0.0
4971,0.0,0.0
4972,0.0,0.0
4973,0.0,0.0
4974,0.0,0.0
4975,0.0,0.0
4976,0.0,0.0
4977,0.0,0.0
4978,0.0,0.0
4979,0.0,0.0
4980,0.0,0.0
4981,0.0,0.0
4982,0.0,0.0
4983,0.0,0.0
4984,0.0,0.0
4985,0.0,0.0
4986,0.0,0.0
4987,0.0,0.0
4988,0.0,0.0
4989,0.0,0.0
4990,0.0,0.0
4991,0.0,0.0
4992,0.0,0.0
4993,0.0,0.0
4994,0.0,0.0
4995,0.0,0.0
4996,0.0,0.0
4997,0.0,0.0
4998,0.0,0.0
4999,0.0,0.0
5000,0.0,0.0
5001,0.0,0.0
5002,0.0,0.0
5003,0.0,0.0
5004,0.0,0.0
5005,0.0,0.0
5006,0.0,0.0
5007,0.0,0.0
5008,0.0,0.0
5009,0.0,0.0
5010,0.0,0.0
5011,0.0,0.0
5012,0.0,0.0
5013,0.0,0.0
5014,0.0,0.0
5015,0.0,0.0
5016,0.0,0.0
5017,0.0,0.0
5018,0.0,0.0
5019,0.0,0.0
5020,0.0,0.0
5021,0.0,0.0
5022,0.0,0.0
5023,0.0,0.0
5024,0.0,0.0
5025,0.0,0.0
5026,0.0,0.0
5027,0.0,0.0
5028,0.0,0.0
5029,0.0,0.0
5030,0.0,0.0
5031,0.0,0.0
5032,0.0,0.0
5033,0.0,0.0
5034,0.0,0.0
5035,0.0,0.0
5036,0.0,0.0
5037,0.0,0.0
5038,0.0,0.0
5039,0.0,0.0
5040,0.0,0.0
5041,0.0,0.0
5042,0.0,0.0
5043,0.0,0.0
5044,0.0,0.0
5045,0.0,0.0
5046,0.0,0.0
5047,0.0,0.0
5048,0.0,0.0
5049,0.0,0.0
5050,0.0,0.0
5051,0.0,0.0
5052,0.0,0.0
5053,0.0,0.0
5054,0.0,0.0
5055,0.0,0.0
5056,0.0,0.0
5057,0.0,0.0
5058,0.0,0.0
5059,0.0,0.0
5060,0.0,0.0
5061,0.0,0.0
5062,0.0,0.0
5063,0.0,0.0
5064,0.0,0.0
5065,0.0,0.0
5066,0.0,0.0
5067,0.0,0.0
5068,0.0,0.0
5069,0.0,0.0
5070,0.0,0.0
5071,0.0,0.0
5072,0.0,0.0
5073,0.0,0.0
5074,0.0,0.0
5075,0.0,0.0
5076,0.0,0.0
5077,0.0,0.0
5078,0.0,0.0
5079,0.0,0.0
5080,0.0,0.0
5081,0.0,0.0
5082,0.0,0.0
5083,0.0,0.0
5084,0.0,0.0
5085,0.0,0.0
5086,0.0,0.0
5087,0.0,0.0
5088,0.0,0.0
5089,0.0,0.0
5090,0.0,0.0
5091,0.0,0.0
5092,0.0,0.0
5093,0.0,0.0
5094,0.0,0.0
5095,0.0,0.0
5096,0.0,0.0
5097,0.0,0.0
5098,0.0,0.0
5099,0.0,0.0
5100,0.0,0.0
5101,0.0,0.0
5102,0.0,0.0
5103,0.0,0.0
5104,0.0,0.0
5105,0.0,0.0
5106,0.0,0.0
5107,0.0,0.0
5108,0.0,0.0
5109,0.0,0.0
5110,0.0,0.0
5111,0.0,0.0
5112,0.0,0.0
5113,0.0,0.0
5114,0.0,0.0
5115,0.0,0.0
5116,0.0,0.0
5117,0.0,0.0
5118,0.0,0.0
5119,0.0,0.0
5120,0.0,0.0
5121,0.0,0.0
5122,0.0,0.0
5123,0.0,0.0
5124,0.0,0.0
5125,0.0,0.0
5126,0.0,0.0
5127,0.0,0.0
5128,0.0,0.0
5129,0.0,0.0
5130,0.0,0.0
5131,0.0,0.0
5132,0.0,0.0
5133,0.0,0.0
5134,0.0,0.0
5135,0.0,0.0
5136,0.0,0.0
5137,0.0,0.0
5138,0.0,0.0
5139,0.0,0.0
5140,0.0,0.0
5141,0.0,0.0
5142,0.0,0.0
5143,0.0,0.0
5144,0.0,0.0
5145,0.0,0.0
5146,0.0,0.0
5147,0.0,0.0
5148,0.0,0.0
5149,0.0,0.0
5150,0.0,0.0
5151,0.0,0.0
5152,0.0,0.0
5153,0.0,0.0
5154,0.0,0.0
5155,0.0,0.0
5156,0.0,0.0
5157,0.0,0.0
5158,0.0,0.0
5159,0.0,0.0
5160,0.0,0.0
5161,0.0,0.0
5162,0.0,0.0
5163,0.0,0.0
5164,0.0,0.0
5165,0.0,0.0
5166,0.0,0.0
5167,0.0,0.0
5168,0.0,0.0
5169,0.0,0.0
5170,0.0,0.0
5171,0.0,0.0
5172,0.0,0.0
5173,0.0,0.0
5174,0.0,0.0
5175,0.0,0.0
5176,0.0,0.0
5177,0.0,0.0
5178,0.0,0.0
5179,0.0,0.0
5180,0.0,0.0
5181,0.0,0.0
5182,0.0,0.0
5183,0.0,0.0
5184,0.0,0.0
5185,0.0,0.0
5186,0.0,0.0
5187,0.0,0.0
5188,0.0,0.0
5189,0.0,0.0
5190,0.0,0.0
5191,0.0,0.0
5192,0.0,0.0
5193,0.0,0.0
5194,0.0,0.0
5195,0.0,0.0
5196,0.0,0.0
5197,0.0,0.0
5198,0.0,0.0
5199,0.0,0.0
5200,0.0,0.0
5201,0.0,0.0
5202,0.0,0.0
5203,0.0,0.0
5204,0.0,0.0
5205,0.0,0.0
5206,0.0,0.0
5207,0.0,0.0
5208,0.0,0.0
5209,0.0,0.0
5210,0.0,0.0
5211,0.0,0.0
5212,0.0,0.0
5213,0.0,0.0
5214,0.0,0.0
5215,0.0,0.0
5216,0.0,0.0
5217,0.0,0.0
5218,0.0,0.0
5219,0.0,0.0
5220,0.0,0.0
5221,0.0,0.0
5222,0.0,0.0
5223,0.0,0.0
5224,0.0,0.0
5225,0.0,0.0
5226,0.0,0.0
5227,0.0,0.0
5228,0.0,0.0
5229,0.0,0.0
5230,0.0,0.0
5231,0.0,0.0
5232,0.0,0.0
5233,0.0,0.0
5234,0.0,0.0
5235,0.0,0.0
5236,0.0,0.0
5237,0.0,0.0
5238,0.0,0.0
5239,0.0,0.0
5240,0.0,0.0
5241,0.0,0.0
5242,0.0,0.0
5243,0.0,0.0
5244,0.0,0.0
5245,0.0,0.0
5246,0.0,0.0
5247,0.0,0.0
5248,0.0,0.0
5249,0.0,0.0
5250,0.0,0.0
5251,0.0,0.0
5252,0.0,0.0
5253,0.0,0.0
5254,0.0,0.0
5255,0.0,0.0
5256,0.0,0.0
5257,0.0,0.0
5258,0.0,0.0
5259,0.0,0.0
5260,0.0,0.0
5261,0.0,0.0
5262,0.0,0.0
5263,0.0,0.0
5264,0.0,0.0
5265,0.0,0.0
5266,0.0,0.0
5267,0.0,0.0
5268,0.0,0.0
5269,0.0,0.0
5270,0.0,0.0
5271,0.0,0.0
5272,0.0,0.0
5273,0.0,0.0
5274,0.0,0.0
5275,0.0,0.0
5276,0.0,0.0
5277,0.0,0.0
5278,0.0,0.0
5279,0.0,0.0
5280,0.0,0.0
5281,0.0,0.0
5282,0.0,0.0
5283,0.0,0.0
5284,0.0,0.0
5285,0.0,0.0
5286,0.0,0.0
5287,0.0,0.0
5288,0.0,0.0
5289,0.0,0.0
5290,0.0,0.0
5291,0.0,0.0
5292,0.0,0.0
5293,0.0,0.0
5294,0.0,0.0
5295,0.0,0.0
5296,0.0,0.0
5297,0.0,0.0
5298,0.0,0.0
5299,0.0,0.0
5300,0.0,0.0
5301,0.0,0.0
5302,0.0,0.0
5303,0.0,0.0
5304,0.0,0.0
5305,0.0,0.0
5306,0.0,0.0
5307,0.0,0.0
5308,0.0,0.0
5309,0.0,0.0
5310,0.0,0.0
5311,0.0,0.0
5312,0.0,0.0
5313,0.0,0.0
5314,0.0,0.0
5315,0.0,0.0
5316,0.0,0.0
5317,0.0,0.0
5318,0.0,0.0
5319,0.0,0.0
5320,0.0,0.0
5321,0.0,0.0
5322,0.0,0.0
5323,0.0,0.0
5324,0.0,0.0
5325,0.0,0.0
5326,0.0,0.0
5327,0.0,0.0
5328,0.0,0.0
5329,0.0,0.0
5330,0.0,0.0
5331,0.0,0.0
5332,0.0,0.0
5333,0.0,0.0
5334,0.0,0.0
5335,0.0,0.0
5336,0.0,0.0
5337,0.0,0.0
5338,0.0,0.0
5339,0.0,0.0
5340,0.0,0.0
5341,0.0,0.0
5342,0.0,0.0
5343,0.0,0.0
5344,0.0,0.0
5345,0.0,0.0
5346,0.0,0.0
5347,0.0,0.0
5348,0.0,0.0
5349,0.0,0.0
5350,0.0,0.0
5351,0.0,0.0
5352,0.0,0.0
5353,0.0,0.0
5354,0.0,0.0
5355,0.0,0.0
5356,0.0,0.0
5357,0.0,0.0
5358,0.0,0.0
5359,0.0,0.0
5360,0.0,0.0
5361,0.0,0.0
5362,0.0,0.0
5363,0.0,0.0
5364,0.0,0.0
5365,0.0,0.0
5366,0.0,0.0
5367,0.0,0.0
5368,0.0,0.0
5369,0.0,0.0
5370,0.0,0.0
5371,0.0,0.0
5372,0.0,0.0
5373,0.0,0.0
5374,0.0,0.0
5375,0.0,0.0
5376,0.0,0.0
5377,0.0,0.0
5378,0.0,0.0
5379,0.0,0.0
5380,0.0,0.0
5381,0.0,0.0
5382,0.0,0.0
5383,0.0,0.0
5384,0.0,0.0
5385,0.0,0.0
5386,0.0,0.0
5387,0.0,0.0
5388,0.0,0.0
5389,0.0,0.0
5390,0.0,0.0
5391,0.0,0.0
5392,0.0,0.0
5393,0.0,0.0
5394,0.0,0.0
5395,0.0,0.0
5396,0.0,0.0
5397,0.0,0.0
5398,0.0,0.0
5399,0.0,0.0
5400,0.0,0.0
5401,0.0,0.0
5402,0.0,0.0
5403,0.0,0.0
5404,0.0,0.0
5405,0.0,0.0
5406,0.0,0.0
5407,0.0,0.0
5408,0.0,0.0
5409,0.0,0.0
5410,0.0,0.0
5411,0.0,0.0
5412,0.0,0.0
5413,0.0,0.0
5414,0.0,0.0
5415,0.0,0.0
5416,0.0,0.0
5417,0.0,0.0
5418,0.0,0.0
5419,0.0,0.0
5420,0.0,0.0
5421,0.0,0.0
5422,0.0,0.0
5423,0.0,0.0
5424,0.0,0.0
5425,0.0,0.0
5426,0.0,0.0
5427,0.0,0.0
5428,0.0,0.0
5429,0.0,0.0
5430,0.0,0.0
5431,0.0,0.0
5432,0.0,0.0
5433,0.0,0.0
5434,0.0,0.0
5435,0.0,0.0
5436,0.0,0.0
5437,0.0,0.0
5438,0.0,0.0
5439,0.0,0.0
5440,0.0,0.0
5441,0.0,0.0
5442,0.0,0.0
5443,0.0,0.0
5444,0.0,0.0
5445,0.0,0.0
5446,0.0,0.0
5447,0.0,0.0
5448,0.0,0.0
5449,0.0,0.0
5450,0.0,0.0
5451,0.0,0.0
5452,0.0,0.0
5453,0.0,0.0
5454,0.0,0.0
5455,0.0,0.0
5456,0.0,0.0
5457,0.0,0.0
5458,0.0,0.0
5459,0.0,0.0
5460,0.0,0.0
5461,0.0,0.0
5462,0.0,0.0
5463,0.0,0.0
5464,0.0,0.0
5465,0.0,0.0
5466,0.0,0.0
5467,0.0,0.0
5468,0.0,0.0
5469,0.0,0.0
5470,0.0,0.0
5471,0.0,0.0
5472,0.0,0.0
5473,0.0,0.0
5474,0.0,0.0
5475,0.0,0.0
5476,0.0,0.0
5477,0.0,0.0
5478,0.0,0.0
5479,0.0,0.0
5480,0.0,0.0
5481,0.0,0.0
5482,0.0,0.0
5483,0.0,0.0
5484,0.0,0.0
5485,0.0,0.0
5486,0.0,0.0
5487,0.0,0.0
5488,0.0,0.0
5489,0.0,0.0
5490,0.0,0.0
5491,0.0,0.0
5492,0.0,0.0
5493,0.0,0.0
5494,0.0,0.0
5495,0.0,0.0
5496,0.0,0.0
5497,0.0,0.0
5498,0.0,0.0
5499,0.0,0.0
5500,0.0,0.0
5501,0.0,0.0
5502,0.0,0.0
5503,0.0,0.0
5504,0.0,0.0
5505,0.0,0.0
5506,0.0,0.0
5507,0.0,0.0
5508,0.0,0.0
5509,0.0,0.0
5510,0.0,0.0
5511,0.0,0.0
5512,0.0,0.0
5513,0.0,0.0
5514,0.0,0.0
5515,0.0,0.0
5516,0.0,0.0
5517,0.0,0.0
5518,0.0,0.0
5519,0.0,0.0
5520,0.0,0.0
5521,0.0,0.0
5522,0.0,0.0
5523,0.0,0.0
5524,0.0,0.0
5525,0.0,0.0
5526,0.0,0.0
5527,0.0,0.0
5528,0.0,0.0
5529,0.0,0.0
5530,0.0,0.0
5531,0.0,0.0
5532,0.0,0.0
5533,0.0,0.0
5534,0.0,0.0
5535,0.0,0.0
5536,0.0,0.0
5537,0.0,0.0
5538,0.0,0.0
5539,0.0,0.0
5540,0.0,0.0
5541,0.0,0.0
5542,0.0,0.0
5543,0.0,0.0
5544,0.0,0.0
5545,0.0,0.0
5546,0.0,0.0
5547,0.0,0.0
5548,0.0,0.0
5549,0.0,0.0
5550,0.0,0.0
5551,0.0,0.0
5552,0.0,0.0
5553,0.0,0.0
5554,0.0,0.0
5555,0.0,0.0
5556,0.0,0.0
5557,0.0,0.0
5558,0.0,0.0
5559,0.0,0.0
5560,0.0,0.0
5561,0.0,0.0
5562,0.0,0.0
5563,0.0,0.0
5564,0.0,0.0
5565,0.0,0.0
5566,0.0,0.0
5567,0.0,0.0
5568,0.0,0.0
5569,0.0,0.0
5570,0.0,0.0
5571,0.0,0.0
5572,0.0,0.0
5573,0.0,0.0
5574,0.0,0.0
5575,0.0,0.0
5576,0.0,0.0
5577,0.0,0.0
5578,0.0,0.0
5579,0.0,0.0
5580,0.0,0.0
5581,0.0,0.0
5582,0.0,0.0
5583,0.0,0.0
5584,0.0,0.0
5585,0.0,0.0
5586,0.0,0.0
5587,0.0,0.0
5588,0.0,0.0
5589,0.0,0.0
5590,0.0,0.0
5591,0.0,0.0
5592,0.0,0.0
5593,0.0,0.0
5594,0.0,0.0
5595,0.0,0.0
5596,0.0,0.0
5597,0.0,0.0
5598,0.0,0.0
5599,0.0,0.0
5600,0.0,0.0
5601,0.0,0.0
5602,0.0,0.0
5603,0.0,0.0
5604,0.0,0.0
5605,0.0,0.0
5606,0.0,0.0
5607,0.0,0.0
5608,0.0,0.0
5609,0.0,0.0
5610,0.0,0.0
5611,0.0,0.0
5612,0.0,0.0
5613,0.0,0.0
5614,0.0,0.0
5615,0.0,0.0
5616,0.0,0.0
5617,0.0,0.0
5618,0.0,0.0
5619,0.0,0.0
5620,0.0,0.0
5621,0.0,0.0
5622,0.0,0.0
5623,0.0,0.0
5624,0.0,0.0
5625,0.0,0.0
5626,0.0,0.0
5627,0.0,0.0
5628,0.0,0.0
5629,0.0,0.0
5630,0.0,0.0
5631,0.0,0.0
5632,0.0,0.0
5633,0.0,0.0
5634,0.0,0.0
5635,0.0,0.0
5636,0.0,0.0
5637,0.0,0.0
5638,0.0,0.0
5639,0.0,0.0
5640,0.0,0.0
5641,0.0,0.0
5642,0.0,0.0
5643,0.0,0.0
5644,0.0,0.0
5645,0.0,0.0
5646,0.0,0.0
5647,0.0,0.0
5648,0.0,0.0
5649,0.0,0.0
5650,0.0,0.0
5651,0.0,0.0
5652,0.0,0.0
5653,0.0,0.0
5654,0.0,0.0
5655,0.0,0.0
5656,0.0,0.0
5657,0.0,0.0
5658,0.0,0.0
5659,0.0,0.0
5660,0.0,0.0
5661,0.0,0.0
5662,0.0,0.0
5663,0.0,0.0
5664,0.0,0.0
5665,0.0,0.0
5666,0.0,0.0
5667,0.0,0.0
5668,0.0,0.0
5669,0.0,0.0
5670,539.417026496974,0.0
5671,1265.8169583567594,0.0
5672,1707.0,0.0
5673,1707.0,0.0
5674,1707.0,0.0
5675,1707.0,0.0
5676,1583.175054365537,0.0
5677,1491.502149744988,0.0
5678,1358.7284469410843,0.0
5679,1132.15882275425,0.0
5680,1287.0581262378655,0.0
5681,1320.8875795554832,0.0
5682,928.2670560268991,0.0
5683,357.21698213063445,0.0
5684,363.39082657081894,0.0
5685,179.56326732373253,0.0
5686,135.44926215240824,0.0
5687,0.0,0.0
5688,0.0,0.0
5689,0.0,0.0
5690,1.5462783268811506,0.0
5691,117.07930166661811,0.0
5692,306.0167601552001,0.0
5693,395.22604954832593,0.0
5694,649.1333050064151,0.0
5695,806.1317910156138,0.0
5696,1486.0027518704367,0.0
5697,1707.0,0.0
5698,1707.0,0.0
5699,1707.0,0.0
5700,1707.0,0.0
5701,929.1494922963102,0.0
5702,1062.5820740419622,0.0
5703,496.020949482066,0.0
5704,312.93688517261666,0.0
5705,408.28792972153025,0.0
5706,43.28978107989251,0.0
5707,30.03106559427289,0.0
5708,0.0,0.0
5709,0.0,0.0
5710,0.0,0.0
5711,0.0,0.0
5712,0.0,0.0
5713,0.0,0.0
5714,0.0,0.0
5715,105.40517636490182,0.0
5716,263.72027883433503,0.0
5717,791.5413562113267,0.0
5718,727.8302371723656,0.0
5719,807.0231906065796,0.0
5720,967.412304366007,0.0
5721,1443.6410318071914,0.0
5722,1337.3905748538493,0.0
5723,1550.1874116136246,0.0
5724,1474.8290043609265,0.0
5725,1128.1944351575949,0.0
5726,1356.1526512019848,0.0
5727,1688.7416611835713,0.0
5728,1169.094151688059,0.0
5729,832.8254075658147,0.0
5730,505.85543904969427,0.0
5731,0.0,0.0
5732,0.0,0.0
5733,0.0,0.0
5734,0.0,0.0
5735,0.0,0.0
5736,0.0,0.0
5737,0.0,0.0
5738,0.0,0.0
5739,0.0,0.0
5740,0.0,0.0
5741,0.0,0.0
5742,0.0,0.0
5743,0.0,0.0
5744,883.0935340183487,0.0
5745,994.7462172451576,0.0
5746,983.0137338686429,0.0
5747,1113.2812985005057,0.0
5748,1063.9896460106465,0.0
5749,1223.5463879114864,0.0
5750,747.9181859014524,0.0
5751,578.2210773502263,0.0
5752,616.0935629467594,0.0
5753,755.3791827195034,0.0
5754,11.38631867080393,0.0
5755,0.0,0.0
5756,0.0,0.0
5757,0.0,0.0
5758,0.0,0.0
5759,0.0,0.0
5760,0.0,0.0
5761,0.0,0.0
5762,0.0,0.0
5763,4.907555791680579,0.0
5764,74.36503748892632,0.0
5765,381.5525979184948,0.0
5766,169.2331570763517,0.0
5767,186.27539421687163,0.0
5768,569.761066822432,0.0
5769,301.4102532782384,0.0
5770,402.1379022318569,0.0
5771,191.6649798528754,0.0
5772,184.52916383494238,0.0
5773,498.00798940923937,0.0
5774,433.6231902208765,0.0
5775,417.10435073187017,0.0
5776,520.1949273146802,0.0
5777,0.0,0.0
5778,0.0,0.0
5779,0.0,0.0
5780,0.0,0.0
5781,0.0,0.0
5782,0.0,0.0
5783,0.0,0.0
5784,0.0,0.0
5785,0.0,0.0
5786,0.0,0.0
5787,0.0,0.0
5788,0.0,0.0
5789,300.6698021398358,0.0
5790,621.9598179441696,0.0
5791,784.7293398296257,0.0
5792,1158.4528684710606,0.0
5793,1200.2439986368868,0.0
5794,1164.4962144425606,0.0
5795,1445.7642053930772,0.0
5796,1696.196219453731,0.0
5797,1707.0,0.0
5798,1707.0,0.0
5799,1707.0,0.0
5800,1707.0,0.0
5801,1707.0,0.0
5802,803.9100989186431,0.0
5803,204.7733878906462,0.0
5804,337.31704091918067,0.0
5805,583.5011921346827,0.0
5806,846.3676126792308,0.0
5807,262.47221991383014,0.0
5808,0.0,0.0
5809,0.0,0.0
5810,250.20598396110097,0.0
5811,149.94018130483428,0.0
5812,290.8635125269282,0.0
5813,1172.9387798911603,0.0
5814,1336.6670330287939,0.0
5815,1304.2313073417695,0.0
5816,1707.0,0.0
5817,1707.0,0.0
5818,1303.310216529911,0.0
5819,1334.6768819602357,0.0
5820,1145.6078451683918,0.0
5821,660.0031087246311,0.0
5822,0.0,0.0
5823,622.5942340281978,0.0
5824,0.0,0.0
5825,220.43735310458575,0.0
5826,0.0,0.0
5827,0.0,0.0
5828,0.0,0.0
5829,0.0,0.0
5830,0.0,0.0
5831,0.0,0.0
5832,0.0,0.0
5833,0.0,0.0
5834,0.0,0.0
5835,0.0,0.0
5836,0.0,0.0
5837,0.0,0.0
5838,0.0,0.0
5839,0.0,0.0
5840,0.0,0.0
5841,0.0,0.0
5842,53.10462783902241,0.0
5843,105.3672991117891,0.0
5844,0.0,0.0
5845,0.0,0.0
5846,0.0,0.0
5847,0.0,0.0
5848,0.0,0.0
5849,0.0,0.0
5850,0.0,0.0
5851,0.0,0.0
5852,0.0,0.0
5853,0.0,0.0
5854,0.0,0.0
5855,0.0,0.0
5856,0.0,0.0
5857,0.0,0.0
5858,0.0,0.0
5859,0.0,0.0
5860,0.0,0.0
5861,0.0,0.0
5862,0.0,0.0
5863,0.0,0.0
5864,300.9777453964325,0.0
5865,805.3574952814331,0.0
5866,971.0800549314313,0.0
5867,1004.4514412241649,0.0
5868,1052.503014111281,0.0
5869,736.6764512293598,0.0
5870,387.1590856018003,0.0
5871,417.31486038699546,0.0
5872,677.7534741196475,0.0
5873,764.8314978810236,0.0
5874,363.6336533059684,0.0
5875,0.0,0.0
5876,0.0,0.0
5877,0.0,0.0
5878,0.0,0.0
5879,0.0,0.0
5880,0.0,0.0
5881,0.0,0.0
5882,0.0,0.0
5883,134.10814787685868,0.0
5884,583.6189194487945,0.0
5885,864.1302504938233,0.0
5886,1473.750818275063,0.0
5887,812.1554568360087,0.0
5888,1164.6600393772655,0.0
5889,1675.5839100401342,0.0
5890,1707.0,0.0
5891,1707.0,0.0
5892,1465.6466010511435,0.0
5893,1350.875372087662,0.0
5894,475.1266294415038,0.0
5895,695.7143551327557,0.0
5896,811.9132518660576,0.0
5897,1121.4710205149026,0.0
5898,254.47098035903485,0.0
5899,0.0,0.0
5900,0.0,0.0
5901,0.0,0.0
5902,0.0,0.0
5903,0.0,0.0
5904,0.0,0.0
5905,0.0,0.0
5906,190.84626351551654,0.0
5907,822.4006160922386,0.0
5908,1276.2495074719122,0.0
5909,887.5158011672665,0.0
5910,1469.7701248642766,0.0
5911,1707.0,0.0
5912,1707.0,0.0
5913,1707.0,0.0
5914,1707.0,0.0
5915,1707.0,0.0
5916,1707.0,0.0
5917,1707.0,0.0
5918,1707.0,0.0
5919,1707.0,0.0
5920,1707.0,0.0
5921,1707.0,0.0
5922,1171.4361327199736,0.0
5923,769.6606123876302,0.0
5924,972.2040657331338,0.0
5925,608.7677428796619,0.0
5926,783.4856655136841,0.0
5927,235.69785902426014,0.0
5928,531.5426485463936,0.0
5929,0.0,0.0
5930,210.43392387112027,0.0
5931,553.9405310450218,0.0
5932,670.5434108345512,0.0
5933,921.8224879748154,0.0
5934,838.2062082339578,0.0
5935,1075.4654083990868,0.0
5936,1187.88391632368,0.0
5937,1545.9761930138989,0.0
5938,1512.1486524313568,0.0
5939,1564.0754698203118,0.0
5940,1101.300220268523,0.0
5941,1312.4440870927817,0.0
5942,1090.3470773297947,0.0
5943,709.8912960764915,0.0
5944,720.3578695290701,0.0
5945,443.73785128988203,0.0
5946,0.0,0.0
5947,0.0,0.0
5948,0.0,0.0
5949,0.0,0.0
5950,0.0,0.0
5951,0.0,0.0
5952,0.0,0.0
5953,181.13485338405422,0.0
5954,256.28245685621323,0.0
5955,392.26410458266486,0.0
5956,562.7566570701024,0.0
5957,782.9823890622038,0.0
5958,597.9156269464295,0.0
5959,1049.21205917265,0.0
5960,1108.448484585642,0.0
5961,1494.9827238214884,0.0
5962,1648.6085078578049,0.0
5963,1707.0,0.0
5964,1707.0,0.0
5965,1440.0168284080687,0.0
5966,1583.3159794104236,0.0
5967,762.8536206625745,0.0
5968,689.0660832475764,0.0
5969,639.4834745430027,0.0
5970,37.15155429846915,0.0
5971,247.21207699730607,0.0
5972,483.16604982091627,0.0
5973,369.85872196319406,0.0
5974,0.0,0.0
5975,0.0,0.0
5976,388.57741933212384,0.0
5977,199.7075372199277,0.0
5978,136.2695284351786,0.0
5979,209.98622249554086,0.0
5980,834.2797132834949,0.0
5981,1022.9746668806465,0.0
5982,1627.1107310722828,0.0
5983,1567.1748396118653,0.0
5984,1707.0,0.0
5985,1707.0,0.0
5986,1707.0,0.0
5987,1707.0,0.0
5988,1707.0,0.0
5989,1707.0,0.0
5990,1216.3260574265034,0.0
5991,1598.2590524681993,0.0
5992,1707.0,0.0
5993,1685.6016026613984,0.0
5994,559.4667043851264,0.0
5995,1364.5823764541494,0.0
5996,1447.7703269582046,0.0
5997,957.0466383651031,0.0
5998,448.29112725287507,0.0
5999,0.0,0.0
6000,0.0,0.0
6001,0.0,0.0
6002,0.0,0.0
6003,536.8050177617822,0.0
6004,0.0,0.0
6005,0.0,0.0
6006,567.2680128495019,0.0
6007,716.6313902527918,0.0
6008,1320.1994982658784,0.0
6009,1707.0,0.0
6010,1707.0,0.0
6011,1640.2139016355356,0.0
6012,1359.7834576068296,0.0
6013,1655.0277661245989,0.0
6014,1033.1957607994834,0.0
6015,1385.350806758129,0.0
6016,1148.9062655196224,0.0
6017,565.8424749058945,0.0
6018,112.07328246324548,0.0
6019,107.20115060799148,0.0
6020,93.46811353060713,0.0
6021,0.0,0.0
6022,0.0,0.0
6023,0.0,0.0
6024,132.89951672690415,0.0
6025,0.0,0.0
6026,0.0,0.0
6027,0.0,0.0
6028,0.0,0.0
6029,0.0,0.0
6030,0.0,0.0
6031,0.0,0.0
6032,392.4556939882812,0.0
6033,661.4459939910198,0.0
6034,1170.8610740382524,0.0
6035,1138.29265212522,0.0
6036,748.5950026153866,0.0
6037,672.2626073179501,0.0
6038,610.9057452130528,0.0
6039,323.76396423920465,0.0
6040,43.548957274917,0.0
6041,694.1718405853073,0.0
6042,82.51080463888277,0.0
6043,0.0,0.0
6044,0.0,0.0
6045,0.0,0.0
6046,0.0,0.0
6047,0.0,0.0
6048,0.0,0.0
6049,0.0,0.0
6050,68.83775016978905,0.0
6051,0.0,0.0
6052,0.0,0.0
6053,0.0,0.0
6054,0.0,0.0
6055,0.0,0.0
6056,0.0,0.0
6057,106.32932861822,0.0
6058,350.42721914285886,0.0
6059,405.02498539106415,0.0
6060,1055.2063115326669,0.0
6061,1112.0130068885726,0.0
6062,673.2548853574301,0.0
6063,304.15153333584567,0.0
6064,731.0920775181161,0.0
6065,379.3520322307264,0.0
6066,0.0,0.0
6067,0.0,0.0
6068,0.0,0.0
6069,0.0,0.0
6070,0.0,0.0
6071,20.16397878038692,0.0
6072,313.0497969632901,0.0
6073,361.74123338501545,0.0
6074,511.2592915929944,0.0
6075,402.3441131684831,0.0
6076,623.4951252341102,0.0
6077,1425.6879361205674,0.0
6078,1707.0,0.0
6079,1707.0,0.0
6080,1707.0,0.0
6081,1610.1685804397891,0.0
6082,1707.0,0.0
6083,1160.9260959359003,0.0
6084,633.2132813585553,0.0
6085,829.8598823516377,0.0
6086,418.60993725692776,0.0
6087,1154.0137590829297,0.0
6088,1332.2548553365712,0.0
6089,510.1689451401027,0.0
6090,366.7573664631792,0.0
6091,245.50891617780994,0.0
6092,266.75261434906366,0.0
6093,231.7532538109514,0.0
6094,108.26030039673294,0.0
6095,0.0,0.0
6096,0.0,0.0
6097,0.0,0.0
6098,192.78053531606795,0.0
6099,146.56698297814393,0.0
6100,684.922894998575,0.0
6101,768.3345389922076,0.0
6102,853.1747867870391,0.0
6103,935.3732929912699,0.0
6104,1488.484219651827,0.0
6105,1427.0848334677726,0.0
6106,1637.7053439119668,0.0
6107,1584.9152093084692,0.0
6108,918.9510031886033,0.0
6109,1094.8226655623475,0.0
6110,1099.9268349210686,0.0
6111,990.0986015272463,0.0
6112,816.8214297520911,0.0
6113,797.2611947650466,0.0
6114,510.17768261157,0.0
6115,1277.7683370691611,0.0
6116,501.11916204785393,0.0
6117,654.7216342369926,0.0
6118,1428.499983379457,0.0
6119,1188.5898011303573,0.0
6120,1135.1635335551755,0.0
6121,968.0866233202955,0.0
6122,1509.5930701729271,0.0
6123,1568.6341948378567,0.0
6124,1591.3035898757241,0.0
6125,1599.6731233442897,0.0
6126,1636.248833081777,0.0
6127,1707.0,0.0
6128,1707.0,0.0
6129,1707.0,0.0
6130,1707.0,0.0
6131,1707.0,0.0
6132,1707.0,0.0
6133,1707.0,0.0
6134,1707.0,0.0
6135,1707.0,0.0
6136,1707.0,0.0
6137,1707.0,0.0
6138,807.728712445509,0.0
6139,705.8769943124396,0.0
6140,482.543097154736,0.0
6141,493.1824966460963,0.0
6142,0.0,0.0
6143,0.0,0.0
6144,240.70644688252278,0.0
6145,385.67410749698234,0.0
6146,947.8270655854103,0.0
6147,1703.2112629572605,0.0
6148,1369.488702981143,0.0
6149,1707.0,0.0
6150,1707.0,0.0
6151,1707.0,0.0
6152,1707.0,0.0
6153,1707.0,0.0
6154,1707.0,0.0
6155,1707.0,0.0
6156,1707.0,0.0
6157,1707.0,0.0
6158,1707.0,0.0
6159,1707.0,0.0
6160,1707.0,0.0
6161,1213.2889860056532,0.0
6162,452.8731689030979,0.0
6163,364.21776315971283,0.0
6164,107.95728601392284,0.0
6165,338.5061574698679,0.0
6166,0.0,0.0
6167,0.0,0.0
6168,0.0,0.0
6169,0.0,0.0
6170,0.0,0.0
6171,0.0,0.0
6172,96.3672617154547,0.0
6173,553.4593510137399,0.0
6174,468.76119045539747,0.0
6175,870.0950798307549,0.0
6176,1141.7097673164126,0.0
6177,1707.0,0.0
6178,1707.0,0.0
6179,1707.0,0.0
6180,1707.0,0.0
6181,1346.0928529933908,0.0
6182,1315.085686126434,0.0
6183,1026.4471519823967,0.0
6184,770.6948003662558,0.0
6185,348.09206320713605,0.0
6186,0.0,0.0
6187,0.0,0.0
6188,0.0,0.0
6189,0.0,0.0
6190,0.0,0.0
6191,0.0,0.0
6192,0.0,0.0
6193,0.0,0.0
6194,0.0,0.0
6195,0.0,0.0
6196,0.0,0.0
6197,0.0,0.0
6198,95.81114513379131,0.0
6199,247.7091589464378,0.0
6200,687.0768220787991,0.0
6201,1461.5610169585077,0.0
6202,1446.7518541924892,0.0
6203,1525.3192899541632,0.0
6204,1349.6131173752915,0.0
6205,1152.5200377094836,0.0
6206,1062.8468740675883,0.0
6207,1042.0855132931263,0.0
6208,1107.5825670264041,0.0
6209,638.5308322744577,0.0
6210,0.0,0.0
6211,0.0,0.0
6212,0.0,0.0
6213,0.0,0.0
6214,159.65249635811506,0.0
6215,0.0,0.0
6216,0.0,0.0
6217,0.0,0.0
6218,0.0,0.0
6219,302.8670919864573,0.0
6220,519.1654791933124,0.0
6221,684.5084386563517,0.0
6222,778.5575725358426,0.0
6223,1368.6952903348251,0.0
6224,1627.443789845377,0.0
6225,1707.0,0.0
6226,1707.0,0.0
6227,1707.0,0.0
6228,1707.0,0.0
6229,1707.0,0.0
6230,1707.0,0.0
6231,1705.3133105652223,0.0
6232,1707.0,0.0
6233,1422.3979679063875,0.0
6234,619.0702078149156,0.0
6235,492.35267094972227,0.0
6236,269.4163563437043,0.0
6237,248.09773252097756,0.0
6238,603.1152415320464,0.0
6239,931.7111225890135,0.0
6240,562.0869291623371,0.0
6241,389.61953824485846,0.0
6242,857.8195142646812,0.0
6243,1208.3437882048431,0.0
6244,768.4842005131193,0.0
6245,877.2447628647669,0.0
6246,1303.0130957451947,0.0
6247,941.30242826553,0.0
6248,1467.5135799720867,0.0
6249,1707.0,0.0
6250,1707.0,0.0
6251,1707.0,0.0
6252,1675.6988259523293,0.0
6253,1596.031784266025,0.0
6254,1628.171597876424,0.0
6255,1707.0,0.0
6256,1707.0,0.0
6257,1689.366178792325,0.0
6258,1205.883559067829,0.0
6259,1188.7104709894634,0.0
6260,827.370730700117,0.0
6261,1321.4808909565681,0.0
6262,1282.4824141064832,0.0
6263,997.4000249250258,0.0
6264,1220.0685954656897,0.0
6265,1369.3075418985904,0.0
6266,1208.0842800835285,0.0
6267,1583.8032675552959,0.0
6268,1537.2355607295312,0.0
6269,243.82727093035345,0.0
6270,87.17066425018086,0.0
6271,331.140367089923,0.0
6272,374.6987825696898,0.0
6273,778.9098883356128,0.0
6274,551.7233210648599,0.0
6275,1008.9437631048056,0.0
6276,526.9922780391464,0.0
6277,532.1864969863911,0.0
6278,384.62047535568576,0.0
6279,448.4964249821148,0.0
6280,417.57806601867486,0.0
6281,0.0,0.0
6282,0.0,0.0
6283,0.0,0.0
6284,0.0,0.0
6285,89.69872458020319,0.0
6286,250.4275001022027,0.0
6287,158.87107918320254,0.0
6288,238.55962516620258,0.0
6289,0.0,0.0
6290,0.0,0.0
6291,390.2657588868031,0.0
6292,533.167029481803,0.0
6293,541.9554661248023,0.0
6294,571.7292821714025,0.0
6295,730.1390429326364,0.0
6296,1279.379835723349,0.0
6297,1288.2685400096213,0.0
6298,1415.573408606349,0.0
6299,1644.366171382502,0.0
6300,1707.0,0.0
6301,1707.0,0.0
6302,1702.052892806185,0.0
6303,1438.6726300689288,0.0
6304,957.1130714217798,0.0
6305,862.7489865743039,0.0
6306,695.3830000485486,0.0
6307,818.7523962317332,0.0
6308,744.1933297793512,0.0
6309,420.3733316635789,0.0
6310,604.8423969045056,0.0
6311,502.8144722062295,0.0
6312,331.37642563092163,0.0
6313,168.6272701459741,0.0
6314,228.3592900521822,0.0
6315,170.7780480057463,0.0
6316,387.5556126272268,0.0
6317,634.516144615708,0.0
6318,270.70042218038503,0.0
6319,101.64285344056927,0.0
6320,570.0644170761075,0.0
6321,1539.471606250742,0.0
6322,1071.583347299923,0.0
6323,1364.0066388298826,0.0
6324,1432.5206361221026,0.0
6325,1068.0936728410513,0.0
6326,809.3862191869696,0.0
6327,758.1703299191026,0.0
6328,438.2704151271357,0.0
6329,112.51298954325995,0.0
6330,17.415872681125336,0.0
6331,0.0,0.0
6332,0.0,0.0
6333,0.0,0.0
6334,0.0,0.0
6335,0.0,0.0
6336,0.0,0.0
6337,0.0,0.0
6338,0.0,0.0
6339,39.10386813630957,0.0
6340,285.56583756976545,0.0
6341,535.9989511690651,0.0
6342,747.0343347381879,0.0
6343,541.5179799643636,0.0
6344,1177.5305794733927,0.0
6345,1707.0,0.0
6346,1707.0,0.0
6347,1707.0,0.0
6348,1707.0,0.0
6349,1707.0,0.0
6350,1707.0,0.0
6351,1707.0,0.0
6352,1707.0,0.0
6353,1707.0,0.0
6354,1445.1109232918611,0.0
6355,1098.6826300622142,0.0
6356,463.2758279137314,0.0
6357,13.729222654975757,0.0
6358,0.0,0.0
6359,0.0,0.0
6360,209.27906995159017,0.0
6361,181.4638394851764,0.0
6362,845.4188964927293,0.0
6363,473.66281319771724,0.0
6364,1093.5544466906388,0.0
6365,1550.4806989035933,0.0
6366,1149.4778062443465,0.0
6367,1498.0250687155085,0.0
6368,1228.448859503112,0.0
6369,1707.0,0.0
6370,1707.0,0.0
6371,1707.0,0.0
6372,1707.0,0.0
6373,1613.6536765216704,0.0
6374,1707.0,0.0
6375,1707.0,0.0
6376,1707.0,0.0
6377,1522.9361003731337,0.0
6378,1033.151243114034,0.0
6379,301.1617108655321,0.0
6380,283.1266307539962,0.0
6381,0.0,0.0
6382,0.0,0.0
6383,0.0,0.0
6384,0.0,0.0
6385,0.0,0.0
6386,465.7541283355807,0.0
6387,820.3731491574538,0.0
6388,1180.4527146233609,0.0
6389,1655.5444966464338,0.0
6390,1671.8308290671548,0.0
6391,1261.45093554042,0.0
6392,1311.9708903955573,0.0
6393,1481.5228861856674,0.0
6394,1444.6609027091888,0.0
6395,1460.1903914584307,0.0
6396,1218.5548413271213,0.0
6397,1028.1580156318728,0.0
6398,938.8455551161571,0.0
6399,792.0779403520891,0.0
6400,864.4071000271049,0.0
6401,506.27504635017925,0.0
6402,0.0,0.0
6403,0.0,0.0
6404,0.0,0.0
6405,0.0,0.0
6406,0.0,0.0
6407,37.39403922331982,0.0
6408,180.725836375641,0.0
6409,418.55725944960324,0.0
6410,253.4006423625616,0.0
6411,480.55279183686173,0.0
6412,656.8081891988973,0.0
6413,491.4854505732609,0.0
6414,0.0,0.0
6415,606.2345957276003,0.0
6416,972.3642225808909,0.0
6417,1016.5520324431336,0.0
6418,1453.1612801308038,0.0
6419,1423.2606356994793,0.0
6420,1432.8241650996788,0.0
6421,1234.3307557537207,0.0
6422,1017.8016694462407,0.0
6423,1228.4748453416391,0.0
6424,1040.6124882817003,0.0
6425,1269.318850702169,0.0
6426,861.3405017954723,0.0
6427,310.6521163667687,0.0
6428,621.2631923195252,0.0
6429,539.0490513816814,0.0
6430,626.3857929775278,0.0
6431,323.9617236061151,0.0
6432,1034.5526741119804,0.0
6433,1488.5164502385924,0.0
6434,1707.0,0.0
6435,1707.0,0.0
6436,1707.0,0.0
6437,1707.0,0.0
6438,1707.0,0.0
6439,1707.0,0.0
6440,1707.0,0.0
6441,1707.0,0.0
6442,1707.0,0.0
6443,1561.007982635717,0.0
6444,772.9221645111561,0.0
6445,487.05380872086937,0.0
6446,483.4434476575155,0.0
6447,311.1862079368678,0.0
6448,237.45578501009314,0.0
6449,186.15544675160282,0.0
6450,0.0,0.0
6451,330.0625750098877,0.0
6452,0.0,0.0
6453,57.67226139572406,0.0
6454,0.0,0.0
6455,0.0,0.0
6456,0.0,0.0
6457,0.0,0.0
6458,0.0,0.0
6459,0.0,0.0
6460,181.56536234849355,0.0
6461,626.7190831435493,0.0
6462,460.73657999191994,0.0
6463,1332.3223782014247,0.0
6464,1707.0,0.0
6465,1707.0,0.0
6466,1707.0,0.0
6467,1707.0,0.0
6468,1707.0,0.0
6469,1707.0,0.0
6470,1707.0,0.0
6471,1707.0,0.0
6472,1707.0,0.0
6473,1707.0,0.0
6474,1254.607997685207,0.0
6475,1042.1157656426496,0.0
6476,1287.7373006781113,0.0
6477,1236.1745367622566,0.0
6478,1590.1607816258468,0.0
6479,1475.6777212440616,0.0
6480,1547.725353488572,0.0
6481,1555.3421534143793,0.0
6482,1707.0,0.0
6483,1707.0,0.0
6484,1707.0,0.0
6485,1707.0,0.0
6486,1707.0,0.0
6487,1707.0,0.0
6488,1707.0,0.0
6489,1707.0,0.0
6490,1707.0,0.0
6491,1707.0,0.0
6492,1707.0,0.0
6493,1707.0,0.0
6494,1707.0,0.0
6495,1707.0,0.0
6496,1707.0,0.0
6497,1707.0,0.0
6498,1707.0,0.0
6499,1707.0,0.0
6500,1707.0,0.0
6501,1707.0,0.0
6502,1707.0,0.0
6503,1707.0,0.0
6504,1707.0,0.0
6505,1640.0536893673059,0.0
6506,1707.0,0.0
6507,1707.0,0.0
6508,1707.0,0.0
6509,1707.0,0.0
6510,1707.0,0.0
6511,1707.0,0.0
6512,1707.0,0.0
6513,1707.0,0.0
6514,1707.0,0.0
6515,1707.0,0.0
6516,1707.0,0.0
6517,1707.0,0.0
6518,1707.0,0.0
6519,843.6663636373133,0.0
6520,0.0,0.0
6521,5.416639582762336,0.0
6522,369.3217296787217,0.0
6523,865.9237409832826,0.0
6524,414.4413093728219,0.0
6525,436.56769764839856,0.0
6526,597.9566062865572,0.0
6527,742.0847193651725,0.0
6528,309.81984231986667,0.0
6529,645.4032482339721,0.0
6530,237.58069658694177,0.0
6531,379.8119598196809,0.0
6532,565.8710422341419,0.0
6533,930.8312963055826,0.0
6534,1505.4664236281749,0.0
6535,1278.294177150533,0.0
6536,1234.0942151583413,0.0
6537,1608.681061939722,0.0
6538,1701.022342902441,0.0
6539,1301.630962477241,0.0
6540,978.4987752325146,0.0
6541,775.8951125256881,0.0
6542,519.5230691721586,0.0
6543,472.0785110219463,0.0
6544,341.4229175147098,0.0
6545,0.0,0.0
6546,0.0,0.0
6547,0.0,0.0
6548,0.0,0.0
6549,0.0,0.0
6550,140.3173984479953,0.0
6551,544.0039682077477,0.0
6552,1049.538034925455,0.0
6553,992.9688891291171,0.0
6554,1375.68123423197,0.0
6555,1301.0019497479962,0.0
6556,1415.2532607726798,0.0
6557,1492.4380267368842,0.0
6558,1489.9962258382088,0.0
6559,1609.7896046886945,0.0
6560,1707.0,0.0
6561,1707.0,0.0
6562,1707.0,0.0
6563,1707.0,0.0
6564,1534.943787927741,0.0
6565,1381.0458468700413,0.0
6566,1630.5527326908543,0.0
6567,1502.7019431022404,0.0
6568,1474.8910657583845,0.0
6569,1394.69823908938,0.0
6570,934.563186124562,0.0
6571,1227.311910431263,0.0
6572,1707.0,0.0
6573,1707.0,0.0
6574,1707.0,0.0
6575,1707.0,0.0
6576,1539.0007969689473,0.0
6577,1707.0,0.0
6578,1707.0,0.0
6579,1707.0,0.0
6580,1707.0,0.0
6581,1707.0,0.0
6582,1707.0,0.0
6583,1678.281934653533,0.0
6584,1610.340478932581,0.0
6585,1707.0,0.0
6586,1707.0,0.0
6587,1707.0,0.0
6588,1707.0,0.0
6589,1707.0,0.0
6590,1707.0,0.0
6591,1149.9447572915979,0.0
6592,968.7250902925814,0.0
6593,918.7522925658733,0.0
6594,1053.460719040848,0.0
6595,595.5761755110816,0.0
6596,995.2701862924716,0.0
6597,1302.2131035492573,0.0
6598,1707.0,0.0
6599,1549.2037077578505,0.0
6600,1140.0598597283781,0.0
6601,1365.8136389046645,0.0
6602,1285.964697790701,0.0
6603,1637.8124364963546,0.0
6604,1707.0,0.0
6605,1707.0,0.0
6606,1634.5979333056343,0.0
6607,1220.1865246277048,0.0
6608,895.2883464263789,0.0
6609,1204.6842801993628,0.0
6610,959.1826435232575,0.0
6611,884.7043055747388,0.0
6612,759.160137693219,0.0
6613,1024.6406949169648,0.0
6614,776.8127777593681,0.0
6615,782.7918782891325,0.0
6616,818.6874019827567,0.0
6617,681.1389358232436,0.0
6618,330.5099246204746,0.0
6619,521.0678949315386,0.0
6620,954.1132871558648,0.0
6621,1125.3999513376207,0.0
6622,1560.1975682351667,0.0
6623,1556.601892235013,0.0
6624,1610.4493805293832,0.0
6625,1612.54682068452,0.0
6626,1707.0,0.0
6627,1707.0,0.0
6628,1704.5075538660615,0.0
6629,1707.0,0.0
6630,1707.0,0.0
6631,1483.1709241077408,0.0
6632,1337.6185013533411,0.0
6633,1522.6339834167409,0.0
6634,1479.8566474861411,0.0
6635,1196.3870628383404,0.0
6636,1088.8491492963042,0.0
6637,777.881423546256,0.0
6638,417.75370429132073,0.0
6639,443.00883458842947,0.0
6640,442.17782607213263,0.0
6641,146.80290608754711,0.0
6642,121.20844650850592,0.0
6643,33.63523070971229,0.0
6644,0.0,0.0
6645,0.0,0.0
6646,0.0,0.0
6647,0.0,0.0
6648,122.67379134694767,0.0
6649,164.30467420338317,0.0
6650,245.53356605838968,0.0
6651,291.57346992798585,0.0
6652,496.412745016836,0.0
6653,638.7049592530045,0.0
6654,369.5874087170849,0.0
6655,321.8224684864795,0.0
6656,328.0112660752516,0.0
6657,166.20938637940415,0.0
6658,236.88194789602704,0.0
6659,147.01699145369457,0.0
6660,281.31562166348886,0.0
6661,0.0,0.0
6662,19.73153396758582,0.0
6663,0.0,0.0
6664,0.0,0.0
6665,0.0,0.0
6666,0.0,0.0
6667,0.0,0.0
6668,0.0,0.0
6669,0.0,0.0
6670,120.28727727842698,0.0
6671,0.0,0.0
6672,0.0,0.0
6673,0.0,0.0
6674,166.84028203373128,0.0
6675,195.3876427099251,0.0
6676,286.1458918801008,0.0
6677,426.9837107917486,0.0
6678,265.81783548333453,0.0
6679,161.06304038695652,0.0
6680,285.5680493233696,0.0
6681,412.6510156195471,0.0
6682,358.1470328722925,0.0
6683,670.9487992720933,0.0
6684,614.6205477662418,0.0
6685,547.166027048878,0.0
6686,532.0793429670457,0.0
6687,497.910333158734,0.0
6688,565.6635159763559,0.0
6689,406.72839920101455,0.0
6690,448.0055430012879,0.0
6691,418.3080261672024,0.0
6692,589.1436858199347,0.0
6693,385.96767865703424,0.0
6694,349.19562679300844,0.0
6695,169.73307069348954,0.0
6696,410.1834592510331,0.0
6697,586.3022331055924,0.0
6698,499.4412168599816,0.0
6699,656.5262530838718,0.0
6700,382.86190885552014,0.0
6701,559.6897836917904,0.0
6702,726.3581761218757,0.0
6703,663.1824089525712,0.0
6704,699.7301313715161,0.0
6705,939.7149064554321,0.0
6706,1045.9825861214301,0.0
6707,1361.9275850475458,0.0
6708,1441.983864015369,0.0
6709,1501.7276135239329,0.0
6710,1478.697196814873,0.0
6711,1375.3420133527457,0.0
6712,1054.920896144611,0.0
6713,521.7242470819278,0.0
6714,0.0,0.0
6715,0.0,0.0
6716,0.0,0.0
6717,0.0,0.0
6718,0.0,0.0
6719,0.0,0.0
6720,0.0,0.0
6721,0.0,0.0
6722,0.0,0.0
6723,0.0,0.0
6724,372.8251598111764,0.0
6725,142.0701477737869,0.0
6726,355.2720665241084,0.0
6727,1119.053525608197,0.0
6728,1268.0451732820593,0.0
6729,1707.0,0.0
6730,1707.0,0.0
6731,1707.0,0.0
6732,1707.0,0.0
6733,1707.0,0.0
6734,1707.0,0.0
6735,1707.0,0.0
6736,1590.6871690713494,0.0
6737,1102.4250541345762,0.0
6738,279.08494917990197,0.0
6739,341.11762701190895,0.0
6740,458.0803605882867,0.0
6741,415.7649289237279,0.0
6742,0.0,0.0
6743,225.16866813230126,0.0
6744,388.8968850650849,0.0
6745,175.40660482505865,0.0
6746,0.0,0.0
6747,423.0249515784243,0.0
6748,374.84321092193545,0.0
6749,1167.570755939776,0.0
6750,1147.8621799792188,0.0
6751,1036.0764553864874,0.0
6752,1504.3312826054039,0.0
6753,1707.0,0.0
6754,1707.0,0.0
6755,1707.0,0.0
6756,1707.0,0.0
6757,1707.0,0.0
6758,1175.3442966713224,0.0
6759,1411.1630016126064,0.0
6760,1707.0,0.0
6761,1707.0,0.0
6762,1303.2990916370222,0.0
6763,1139.6416223323656,0.0
6764,1023.5407736212569,0.0
6765,1042.2292281110176,0.0
6766,839.9418027941715,0.0
6767,899.0744059784643,0.0
6768,1048.0412542747836,0.0
6769,772.6868340553929,0.0
6770,918.6857024147444,0.0
6771,992.7369992247905,0.0
6772,1345.502405014261,0.0
6773,1242.925913773633,0.0
6774,1550.407366946174,0.0
6775,1707.0,0.0
6776,1707.0,0.0
6777,1707.0,0.0
6778,1707.0,0.0
6779,1707.0,0.0
6780,1707.0,0.0
6781,1707.0,0.0
6782,1697.9898179909783,0.0
6783,1707.0,0.0
6784,1707.0,0.0
6785,1707.0,0.0
6786,1194.8307189247807,0.0
6787,899.0038042512347,0.0
6788,595.4780830321315,0.0
6789,969.4869093840393,0.0
6790,653.5074073895639,0.0
6791,510.9446985821278,0.0
6792,285.70231617213665,0.0
6793,727.6368710885454,0.0
6794,527.6484968982766,0.0
6795,417.04996090631124,0.0
6796,240.51165201514695,0.0
6797,375.8957763250602,0.0
6798,388.66202752720073,0.0
6799,903.4739831826661,0.0
6800,852.0047372905293,0.0
6801,1707.0,0.0
6802,1707.0,0.0
6803,1568.935317589609,0.0
6804,1707.0,0.0
6805,897.4719988253836,0.0
6806,713.1321516044466,0.0
6807,1008.9342310062145,0.0
6808,382.8116508488146,0.0
6809,451.73582708940484,0.0
6810,805.2036633736445,0.0
6811,625.4352231776759,0.0
6812,164.39334298619676,0.0
6813,452.8172022922988,0.0
6814,1014.6256018730406,0.0
6815,687.8598740529897,0.0
6816,941.1691931062398,0.0
6817,426.64486464500243,0.0
6818,668.7946440451026,0.0
6819,1066.4959512262858,0.0
6820,946.6310497437746,0.0
6821,726.8007675828816,0.0
6822,1323.1964816915706,0.0
6823,893.7294714133066,0.0
6824,925.698079771175,0.0
6825,1534.3463256273565,0.0
6826,1104.6707180083088,0.0
6827,1481.0917191218975,0.0
6828,1182.6120197818352,0.0
6829,901.1413135224277,0.0
6830,455.2860270763903,0.0
6831,1085.7978227383162,0.0
6832,1707.0,0.0
6833,1619.2294004458608,0.0
6834,1343.4590838932886,0.0
6835,1128.5262597426029,0.0
6836,1575.7297764039845,0.0
6837,1401.4921495865674,0.0
6838,1519.2457860892496,0.0
6839,833.1004314433607,0.0
6840,885.6341377007964,0.0
6841,946.3933556088452,0.0
6842,1072.5775943517324,0.0
6843,1031.4366205554418,0.0
6844,977.0622225199922,0.0
6845,963.7109745861842,0.0
6846,1615.3773189530052,0.0
6847,1580.1760276223768,0.0
6848,1707.0,0.0
6849,1707.0,0.0
6850,1707.0,0.0
6851,1707.0,0.0
6852,1707.0,0.0
6853,1707.0,0.0
6854,1707.0,0.0
6855,1584.571929408009,0.0
6856,1478.426463223001,0.0
6857,1592.933565957907,0.0
6858,1390.648509674424,0.0
6859,1307.8442914569698,0.0
6860,1251.5143957508967,0.0
6861,1580.7802668887348,0.0
6862,1270.2574144894172,0.0
6863,1020.0263449418594,0.0
6864,1428.8401157065007,0.0
6865,860.8249720350391,0.0
6866,1507.870218647033,0.0
6867,1707.0,0.0
6868,1566.6804239209966,0.0
6869,1630.4291404592225,0.0
6870,1666.9019957796884,0.0
6871,1681.9647032038006,0.0
6872,1707.0,0.0
6873,1707.0,0.0
6874,1707.0,0.0
6875,1707.0,0.0
6876,1707.0,0.0
6877,1707.0,0.0
6878,1707.0,0.0
6879,1707.0,0.0
6880,1707.0,0.0
6881,1707.0,0.0
6882,1707.0,0.0
6883,1386.7306294174668,0.0
6884,1652.494534995745,0.0
6885,1689.352346285132,0.0
6886,1567.7149416781645,0.0
6887,1435.906568739862,0.0
6888,1212.0059235348012,0.0
6889,927.4533478276737,0.0
6890,1026.657115612496,0.0
6891,1181.7978661481852,0.0
6892,1260.984885472425,0.0
6893,1448.2752537890897,0.0
6894,1565.7117992630904,0.0
6895,1707.0,0.0
6896,1262.454312622116,0.0
6897,1315.7973361038305,0.0
6898,1707.0,0.0
6899,1707.0,0.0
6900,1707.0,0.0
6901,1707.0,0.0
6902,1707.0,0.0
6903,1707.0,0.0
6904,1164.6330863302344,0.0
6905,773.8782139705729,0.0
6906,0.0,0.0
6907,145.81542683867502,0.0
6908,643.2926299570397,0.0
6909,935.4870000263572,0.0
6910,707.3610382981865,0.0
6911,1033.360334764049,0.0
6912,638.4568962989947,0.0
6913,862.4878220040196,0.0
6914,1051.650111326347,0.0
6915,895.5478930181964,0.0
6916,1486.7162762330108,0.0
6917,1567.1676863660336,0.0
6918,1563.5620113142222,0.0
6919,1488.8949108400727,0.0
6920,1406.7494321750466,0.0
6921,1707.0,0.0
6922,1707.0,0.0
6923,1707.0,0.0
6924,1707.0,0.0
6925,1707.0,0.0
6926,1707.0,0.0
6927,1707.0,0.0
6928,1707.0,0.0
6929,1336.088740657205,0.0
6930,320.1832174211631,0.0
6931,461.1428259344843,0.0
6932,419.2164016100177,0.0
6933,625.1554984982586,0.0
6934,665.7671358065118,0.0
6935,640.3333451721422,0.0
6936,954.6954902083146,0.0
6937,1210.6288368667092,0.0
6938,1390.9713227701664,0.0
6939,1033.8318452549433,0.0
6940,1536.7749111778144,0.0
6941,1470.6798269714295,0.0
6942,1447.3418404638937,0.0
6943,1373.564800127632,0.0
6944,1217.9775012144785,0.0
6945,1707.0,0.0
6946,1707.0,0.0
6947,1707.0,0.0
6948,1529.7641965273826,0.0
6949,1569.8685112950077,0.0
6950,1131.2741953767368,0.0
6951,1350.5824582153396,0.0
6952,1438.5743031091965,0.0
6953,1407.0266905413978,0.0
6954,962.3481738031601,0.0
6955,1173.3693772556599,0.0
6956,1227.3205472120544,0.0
6957,1699.9918502540631,0.0
6958,463.2963755508148,0.0
6959,87.50063987444923,0.0
6960,328.0203147787016,0.0
6961,125.76959398279433,0.0
6962,0.0,0.0
6963,0.0,0.0
6964,0.0,0.0
6965,898.4814534437323,0.0
6966,1252.230550903622,0.0
6967,1569.1326555327728,0.0
6968,1707.0,0.0
6969,1707.0,0.0
6970,1707.0,0.0
6971,1707.0,0.0
6972,1707.0,0.0
6973,1707.0,0.0
6974,1492.8225518103661,0.0
6975,1707.0,0.0
6976,1707.0,0.0
6977,1707.0,0.0
6978,1707.0,0.0
6979,1707.0,0.0
6980,1707.0,0.0
6981,1707.0,0.0
6982,634.1253082207411,0.0
6983,399.9825778225741,0.0
6984,523.1593951464703,0.0
6985,885.7572849904789,0.0
6986,297.74261979735866,0.0
6987,715.4796981761488,0.0
6988,1304.814216914418,0.0
6989,1395.062704301292,0.0
6990,1487.7824703371107,0.0
6991,1707.0,0.0
6992,1256.2197711012018,0.0
6993,1707.0,0.0
6994,1707.0,0.0
6995,1707.0,0.0
6996,1707.0,0.0
6997,1707.0,0.0
6998,1462.5762892690157,0.0
6999,1707.0,0.0
7000,1707.0,0.0
7001,1084.167132242873,0.0
7002,694.4348082100306,0.0
7003,830.8832833728438,0.0
7004,1072.4956630378504,0.0
7005,1254.739274601176,0.0
7006,1352.4534522910985,0.0
7007,1416.3915379865098,0.0
7008,1707.0,0.0
7009,1707.0,0.0
7010,1707.0,0.0
7011,1700.7700023096259,0.0
7012,1707.0,0.0
7013,1707.0,0.0
7014,1707.0,0.0
7015,1689.7978368470863,0.0
7016,1379.2729645361196,0.0
7017,1707.0,0.0
7018,1707.0,0.0
7019,1475.728689948415,0.0
7020,1707.0,0.0
7021,1088.2148127321009,0.0
7022,1557.1690786300035,0.0
7023,1449.4000394476789,0.0
7024,1261.534214815289,0.0
7025,769.0055272780345,0.0
7026,258.682428282609,0.0
7027,0.0,0.0
7028,54.685769768713115,0.0
7029,823.766980753154,0.0
7030,622.0581347596191,0.0
7031,910.6239870032155,0.0
7032,894.2987950673174,0.0
7033,751.9552910713386,0.0
7034,633.0122817729682,0.0
7035,799.5545057620889,0.0
7036,1143.995500676448,0.0
7037,1317.790382881432,0.0
7038,1205.8617942207363,0.0
7039,1358.2623032613064,0.0
7040,1330.34040057787,0.0
7041,1707.0,0.0
7042,1707.0,0.0
7043,1707.0,0.0
7044,1707.0,0.0
7045,1707.0,0.0
7046,1707.0,0.0
7047,1707.0,0.0
7048,1707.0,0.0
7049,1707.0,0.0
7050,1114.8096386683487,0.0
7051,627.4085028663658,0.0
7052,468.1177731783764,0.0
7053,282.73198253619853,0.0
7054,331.2556137553653,0.0
7055,223.59469051337845,0.0
7056,114.10784783891248,0.0
7057,0.0,0.0
7058,22.278085042439358,0.0
7059,0.0,0.0
7060,0.0,0.0
7061,0.0,0.0
7062,0.0,0.0
7063,864.4728126722717,0.0
7064,1707.0,0.0
7065,1707.0,0.0
7066,1707.0,0.0
7067,1707.0,0.0
7068,1707.0,0.0
7069,1442.4314588472373,0.0
7070,1632.2875664665996,0.0
7071,1465.6869653725387,0.0
7072,1092.3809277142338,0.0
7073,621.4409723288902,0.0
7074,928.538113238977,0.0
7075,79.82253285178675,0.0
7076,410.83192716890966,0.0
7077,979.7567081515555,0.0
7078,1107.1643119132418,0.0
7079,1023.6606855929107,0.0
7080,954.5131847733306,0.0
7081,750.7927739233132,0.0
7082,1307.324475929214,0.0
7083,1036.9203860652397,0.0
7084,935.5928143455733,0.0
7085,1371.4451951134427,0.0
7086,769.8579773528104,0.0
7087,639.0102210063158,0.0
7088,1285.2468592063658,0.0
7089,1707.0,0.0
7090,1707.0,0.0
7091,1707.0000000000002,0.0
7092,1707.0,0.0
7093,1384.498184197896,0.0
7094,178.82433652699265,0.0
7095,60.91505769782998,0.0
7096,14.024856022476797,0.0
7097,45.58588987285518,0.0
7098,596.8422540140948,0.0
7099,741.1477238009952,0.0
7100,1481.3818870009807,0.0
7101,1139.729015167092,0.0
7102,961.4617086728529,0.0
7103,520.121312833187,0.0
7104,912.8129867354767,0.0
7105,773.6976375816625,0.0
7106,1049.1741304278041,0.0
7107,1050.9633035045615,0.0
7108,1665.5945561194894,0.0
7109,1548.9031651644366,0.0
7110,1707.0,0.0
7111,1707.0,0.0
7112,1707.0,0.0
7113,1609.7957630074309,0.0
7114,1275.4171761009288,0.0
7115,1121.9041456603159,0.0
7116,1055.4870012922502,0.0
7117,1014.3854815225457,0.0
7118,659.2295620022003,0.0
7119,942.5618083572795,0.0
7120,826.6925315158248,0.0
7121,482.405008251439,0.0
7122,340.71133434262305,0.0
7123,0.0,0.0
7124,565.3543297289732,0.0
7125,1013.4029138722954,0.0
7126,924.9403808130003,0.0
7127,942.6471110210824,0.0
7128,787.1545291212323,0.0
7129,939.9507283860929,0.0
7130,986.5808636893868,0.0
7131,1381.506307278547,0.0
7132,1613.3140940326184,0.0
7133,1707.0,0.0
7134,1707.0,0.0
7135,1707.0,0.0
7136,1707.0,0.0
7137,1707.0,0.0
7138,1707.0,0.0
7139,1707.0,0.0
7140,1707.0,0.0
7141,1707.0,0.0
7142,1707.0,0.0
7143,1707.0,0.0
7144,1707.0,0.0
7145,1707.0,0.0
7146,1707.0,0.0
7147,1707.0,0.0
7148,1707.0,0.0
7149,1707.0,0.0
7150,1707.0,0.0
7151,1200.1798468601569,0.0
7152,1064.2420426959623,0.0
7153,1287.5060142982818,0.0
7154,1707.0,0.0
7155,1707.0,0.0
7156,1568.7586550978815,0.0
7157,1707.0,0.0
7158,1707.0,0.0
7159,1707.0,0.0
7160,1435.799180098037,0.0
7161,1296.827607819063,0.0
7162,1495.2520895324333,0.0
7163,1530.6354790363205,0.0
7164,1498.706004120633,0.0
7165,1418.6284330094945,0.0
7166,1471.9406194461862,0.0
7167,1233.4858776685799,0.0
7168,949.0932369956267,0.0
7169,0.0,0.0
7170,0.0,0.0
7171,0.0,0.0
7172,0.0,0.0
7173,210.99051240998577,0.0
7174,0.0,0.0
7175,0.0,0.0
7176,396.0757556116542,0.0
7177,0.0,0.0
7178,502.2062398173296,0.0
7179,1487.0877030864074,0.0
7180,966.4328437912714,0.0
7181,1158.1569038697876,0.0
7182,1430.5993863387455,0.0
7183,1485.3505281798534,0.0
7184,1707.0,0.0
7185,1707.0,0.0
7186,1707.0,0.0
7187,1707.0,0.0
7188,1707.0,0.0
7189,1707.0,0.0
7190,1707.0,0.0
7191,1707.0,0.0
7192,1707.0,0.0
7193,1404.5589366854413,0.0
7194,1414.590431144957,0.0
7195,1707.0,0.0
7196,1707.0,0.0
7197,1707.0,0.0
7198,1707.0,0.0
7199,1707.0,0.0
7200,1707.0,0.0
7201,1707.0,0.0
7202,1707.0,0.0
7203,1707.0,0.0
7204,1707.0,0.0
7205,1707.0,0.0
7206,1707.0,0.0
7207,1241.0932529668476,0.0
7208,1459.6928270570454,0.0
7209,1707.0,0.0
7210,1707.0,0.0
7211,1707.0,0.0
7212,1707.0,0.0
7213,1707.0,0.0
7214,1707.0,0.0
7215,1707.0,0.0
7216,1707.0,0.0
7217,1298.4292217436055,0.0
7218,455.73476467455015,0.0
7219,803.9911046391999,0.0
7220,896.3488619672298,0.0
7221,1375.229693182639,0.0
7222,1707.0,0.0
7223,1707.0,0.0
7224,1707.0,0.0
7225,1431.8467692200456,0.0
7226,1126.4531916187282,0.0
7227,1658.3936413158144,0.0
7228,1707.0,0.0
7229,1707.0,0.0
7230,1707.0,0.0
7231,1707.0,0.0
7232,1707.0,0.0
7233,1707.0,0.0
7234,1707.0,0.0
7235,1707.0,0.0
7236,1707.0,0.0
7237,1707.0,0.0
7238,1707.0,0.0
7239,1707.0,0.0
7240,1707.0,0.0
7241,1707.0,0.0
7242,1707.0,0.0
7243,1707.0,0.0
7244,1707.0,0.0
7245,1631.3886295039088,0.0
7246,1707.0,0.0
7247,1707.0,0.0
7248,1707.0,0.0
7249,1461.994228841982,0.0
7250,1707.0,0.0
7251,1707.0,0.0
7252,1707.0,0.0
7253,1707.0,0.0
7254,1707.0,0.0
7255,1707.0,0.0
7256,1707.0,0.0
7257,1707.0,0.0
7258,1707.0,0.0
7259,1707.0,0.0
7260,1707.0000000000002,0.0
7261,1479.4895651836296,0.0
7262,1521.8355506404682,0.0
7263,1449.6201190305653,0.0
7264,927.9086867083568,0.0
7265,766.9265551277451,0.0
7266,1283.548395255229,0.0
7267,1220.1400514312286,0.0
7268,876.2975925719588,0.0
7269,915.0406931023092,0.0
7270,837.6994522240741,0.0
7271,633.137207067115,0.0
7272,839.7217633480589,0.0
7273,929.0917736350002,0.0
7274,1093.949402214123,0.0
7275,1241.7343992871808,0.0
7276,1436.0047930499293,0.0
7277,1342.998957854898,0.0
7278,1327.66746068921,0.0
7279,1684.2107316588379,0.0
7280,1707.0,0.0
7281,1707.0,0.0
7282,1707.0,0.0
7283,1661.1895921309538,0.0
7284,1488.2061214272298,0.0
7285,1241.5866546851012,0.0
7286,1707.0,0.0
7287,1707.0,0.0
7288,1707.0,0.0
7289,1707.0,0.0
7290,1566.6531176316562,0.0
7291,1153.8457291474888,0.0
7292,1149.141140337577,0.0
7293,1105.6523894332568,0.0
7294,944.6368390305563,0.0
7295,502.6527613867123,0.0
7296,1148.385811220862,0.0
7297,831.8272913108558,0.0
7298,820.3938344540493,0.0
7299,1221.1011484114397,0.0
7300,1273.018320885677,0.0
7301,1424.2581849672918,0.0
7302,1265.833037310614,0.0
7303,1707.0,0.0
7304,1703.5900084493846,0.0
7305,1707.0,0.0
7306,1707.0,0.0
7307,1707.0,0.0
7308,1707.0,0.0
7309,1707.0,0.0
7310,1707.0,0.0
7311,1707.0,0.0
7312,1707.0,0.0
7313,1437.572885264364,0.0
7314,1178.407138779632,0.0
7315,684.2602424715055,0.0
7316,761.0127232613881,0.0
7317,436.68833697322304,0.0
7318,764.4771667214991,0.0
7319,402.0858810721776,0.0
7320,623.7386765234467,0.0
7321,977.1285349110274,0.0
7322,1707.0,0.0
7323,1379.603923912721,0.0
7324,1684.878746962149,0.0
7325,1707.0,0.0
7326,1439.7688914318276,0.0
7327,1707.0,0.0
7328,1707.0,0.0
7329,1707.0,0.0
7330,1707.0,0.0
7331,1706.9999999999998,0.0
7332,1707.0,0.0
7333,1707.0,0.0
7334,1707.0,0.0
7335,1707.0,0.0
7336,1707.0,0.0
7337,1701.090558116167,0.0
7338,1077.9918966063103,0.0
7339,915.7824949035798,0.0
7340,914.2120276329906,0.0
7341,950.3718869673668,0.0
7342,1358.4467325038117,0.0
7343,1707.0,0.0
7344,1707.0,0.0
7345,1707.0,0.0
7346,1707.0,0.0
7347,1707.0,0.0
7348,1707.0,0.0
7349,1707.0,0.0
7350,1707.0,0.0
7351,1707.0,0.0
7352,1707.0,0.0
7353,1707.0,0.0
7354,1707.0,0.0
7355,1707.0,0.0
7356,1707.0,0.0
7357,1707.0,0.0
7358,1707.0,0.0
7359,1707.0,0.0
7360,1707.0,0.0
7361,1707.0,0.0
7362,1707.0,0.0
7363,1707.0,0.0
7364,1311.1521746887204,0.0
7365,1035.0931150350225,0.0
7366,974.1587787322517,0.0
7367,1054.227331272537,0.0
7368,971.7300095005073,0.0
7369,1181.3294124765373,0.0
7370,1591.007008436591,0.0
7371,1682.934458206686,0.0
7372,1707.0,0.0
7373,1707.0,0.0
7374,1707.0,0.0
7375,1707.0,0.0
7376,1707.0,0.0
7377,1707.0,0.0
7378,1707.0,0.0
7379,1707.0,0.0
7380,1707.0,0.0
7381,1707.0,0.0
7382,1707.0,0.0
7383,1707.0,0.0
7384,1707.0,0.0
7385,1707.0,0.0
7386,1707.0,0.0
7387,1707.0,0.0
7388,1707.0,0.0
7389,1707.0,0.0
7390,1707.0,0.0
7391,1707.0,0.0
7392,1707.0,0.0
7393,1707.0,0.0
7394,1707.0,0.0
7395,1707.0,0.0
7396,1707.0,0.0
7397,1707.0,0.0
7398,1707.0,0.0
7399,1707.0,0.0
7400,1707.0,0.0
7401,1707.0,0.0
7402,1707.0,0.0
7403,1707.0,0.0
7404,1707.0,0.0
7405,1707.0,0.0
7406,1707.0,0.0
7407,1707.0,0.0
7408,1707.0,0.0
7409,1447.6572959427226,0.0
7410,1707.0,0.0
7411,1517.5213072733532,0.0
7412,1279.8610269112005,0.0
7413,1634.7514000075653,0.0
7414,1295.6461723593304,0.0
7415,1443.042171257702,0.0
7416,1707.0,0.0
7417,1707.0,0.0
7418,1707.0,0.0
7419,1707.0,0.0
7420,1707.0,0.0
7421,1707.0,0.0
7422,1707.0,0.0
7423,1707.0,0.0
7424,1707.0,0.0
7425,1707.0,0.0
7426,1707.0,0.0
7427,1707.0,0.0
7428,1707.0,0.0
7429,1707.0,0.0
7430,1707.0,0.0
7431,1707.0,0.0
7432,1707.0,0.0
7433,1707.0,0.0
7434,1707.0,0.0
7435,1707.0,0.0
7436,1707.0,0.0
7437,1430.2777933376092,0.0
7438,1584.539799049527,0.0
7439,1261.7382120175648,0.0
7440,1289.545200986665,0.0
7441,1707.0,0.0
7442,1707.0,0.0
7443,1707.0,0.0
7444,1707.0,0.0
7445,1707.0,0.0
7446,1707.0,0.0
7447,1707.0,0.0
7448,1707.0,0.0
7449,1707.0,0.0
7450,1707.0,0.0
7451,1627.6488932030861,0.0
7452,1707.0,0.0
7453,1480.1942907264754,0.0
7454,1392.303511691108,0.0
7455,1373.576721754009,0.0
7456,1584.318054011275,0.0
7457,1455.7487797160106,0.0
7458,1707.0,0.0
7459,1707.0,0.0
7460,1707.0,0.0
7461,1080.4942469676355,0.0
7462,1393.9952694107758,0.0
7463,844.0522554940455,0.0
7464,1045.4803484175186,0.0
7465,551.9065261439132,0.0
7466,1175.9851734790914,0.0
7467,785.9404786986215,0.0
7468,680.3173067373991,0.0
7469,1154.261421832058,0.0
7470,1464.891093670276,0.0
7471,1012.1734901025472,0.0
7472,680.9452208518228,0.0
7473,1685.9753750578122,0.0
7474,1506.7015450734496,0.0
7475,1620.273056637969,0.0
7476,1476.488513669352,0.0
7477,1258.775149851523,0.0
7478,1688.9540506778967,0.0
7479,1593.449953850824,0.0
7480,1417.0832770438476,0.0
7481,906.2256754152645,0.0
7482,450.6920241196634,0.0
7483,559.6133424166245,0.0
7484,396.0776125671136,0.0
7485,150.97103060298826,0.0
7486,221.22667749206133,0.0
7487,58.019091471206515,0.0
7488,0.0,0.0
7489,421.66397259446194,0.0
7490,650.848802720162,0.0
7491,484.0367834347015,0.0
7492,505.72580301586544,0.0
7493,755.3346347379029,0.0
7494,797.4251117571231,0.0
7495,1241.7199086308967,0.0
7496,1217.5519762197605,0.0
7497,1629.1780805206772,0.0
7498,1704.2292428180288,0.0
7499,1707.0,0.0
7500,1707.0,0.0
7501,867.6814325257235,0.0
7502,1113.7153354844831,0.0
7503,713.1438471883126,0.0
7504,770.5211118920801,0.0
7505,1542.2067436356224,0.0
7506,1284.5287974393818,0.0
7507,1707.0,0.0
7508,1707.0,0.0
7509,1707.0,0.0
7510,1707.0,0.0
7511,1707.0,0.0
7512,1590.7796640983101,0.0
7513,1707.0,0.0
7514,1707.0,0.0
7515,1707.0,0.0
7516,1707.0,0.0
7517,1707.0,0.0
7518,1707.0,0.0
7519,1707.0,0.0
7520,1707.0,0.0
7521,1707.0,0.0
7522,1707.0,0.0
7523,1707.0,0.0
7524,1707.0,0.0
7525,1707.0,0.0
7526,1707.0,0.0
7527,1707.0,0.0
7528,1707.0,0.0
7529,1464.8769543778617,0.0
7530,1476.4445823651215,0.0
7531,1340.0876928547805,0.0
7532,1227.5078475447376,0.0
7533,1693.3519999466814,0.0
7534,713.6212091965814,0.0
7535,833.3983073806266,0.0
7536,391.00600066636423,0.0
7537,0.0,0.0
7538,274.39521655629835,0.0
7539,679.5383502596985,0.0
7540,965.6917173750412,0.0
7541,1179.4775925665117,0.0
7542,1205.0524974511018,0.0
7543,1593.5851413096557,0.0
7544,1469.4546230676951,0.0
7545,1707.0,0.0
7546,1707.0,0.0
7547,1707.0,0.0
7548,1707.0000000000002,0.0
7549,1707.0,0.0
7550,1707.0,0.0
7551,1707.0,0.0
7552,1707.0,0.0
7553,1360.4107304197757,0.0
7554,1046.99881224378,0.0
7555,1403.3961047897847,0.0
7556,1659.8860869351852,0.0
7557,1707.0,0.0
7558,1707.0,0.0
7559,1707.0,0.0
7560,1707.0,0.0
7561,1707.0,0.0
7562,1707.0,0.0
7563,1707.0,0.0
7564,1707.0,0.0
7565,1707.0,0.0
7566,1707.0,0.0
7567,1707.0,0.0
7568,1707.0,0.0
7569,1707.0,0.0
7570,1707.0,0.0
7571,1707.0,0.0
7572,1707.0,0.0
7573,1707.0,0.0
7574,1707.0,0.0
7575,1707.0,0.0
7576,1707.0,0.0
7577,1707.0,0.0
7578,1707.0,0.0
7579,1707.0,0.0
7580,1707.0,0.0
7581,1707.0,0.0
7582,1707.0,0.0
7583,1707.0,0.0
7584,1707.0,0.0
7585,1707.0,0.0
7586,1707.0,0.0
7587,1707.0,0.0
7588,1707.0,0.0
7589,1707.0,0.0
7590,1707.0,0.0
7591,1707.0,0.0
7592,1707.0,0.0
7593,1707.0,0.0
7594,1707.0,0.0
7595,1707.0,0.0
7596,1707.0,0.0
7597,1707.0,0.0
7598,1707.0,0.0
7599,1707.0,0.0
7600,1707.0,0.0
7601,1707.0,0.0
7602,1707.0,0.0
7603,1707.0,0.0
7604,1707.0,0.0
7605,1707.0,0.0
7606,1707.0,0.0
7607,1707.0,0.0
7608,1707.0,0.0
7609,1707.0,0.0
7610,1707.0,0.0
7611,1707.0,0.0
7612,1707.0,0.0
7613,1707.0,0.0
7614,1707.0,0.0
7615,1707.0,0.0
7616,1707.0,0.0
7617,1707.0,0.0
7618,1707.0,0.0
7619,1707.0,0.0
7620,1707.0,0.0
7621,1707.0,0.0
7622,1548.6012618386062,0.0
7623,1707.0,0.0
7624,1707.0,0.0
7625,1127.5359293984282,0.0
7626,1707.0,0.0
7627,1707.0,0.0
7628,1707.0,0.0
7629,1707.0,0.0
7630,1707.0,0.0
7631,1707.0,0.0
7632,1707.0,0.0
7633,1707.0,0.0
7634,1707.0,0.0
7635,1707.0,0.0
7636,1707.0,0.0
7637,1707.0,0.0
7638,1707.0,0.0
7639,1707.0,0.0
7640,1707.0,0.0
7641,1707.0,0.0
7642,1707.0,0.0
7643,1707.0,0.0
7644,1707.0,0.0
7645,1707.0,0.0
7646,1707.0,0.0
7647,1707.0,0.0
7648,1707.0,0.0
7649,1707.0,0.0
7650,1707.0,0.0
7651,1707.0,0.0
7652,1707.0,0.0
7653,1707.0,0.0
7654,1707.0,0.0
7655,1707.0,0.0
7656,1707.0,0.0
7657,1707.0,0.0
7658,1681.248749979316,0.0
7659,1707.0,0.0
7660,1546.7835698017868,0.0
7661,1304.6805420867163,0.0
7662,1636.1597241879804,0.0
7663,1669.7821323483527,0.0
7664,1297.5797808403836,0.0
7665,1707.0,0.0
7666,1588.3851525180057,0.0
7667,1006.7563904231332,0.0
7668,1368.2810669172775,0.0
7669,617.094292849684,0.0
7670,1707.0,0.0
7671,1701.3236793696835,0.0
7672,1427.8199945562417,0.0
7673,1486.5687229640837,0.0
7674,1707.0,0.0
7675,1411.934648329176,0.0
7676,704.3629467896242,0.0
7677,912.6033828991043,0.0
7678,981.4226520788599,0.0
7679,818.402490129754,0.0
7680,1014.525689762989,0.0
7681,1507.9036685997748,0.0
7682,1707.0,0.0
7683,1707.0,0.0
7684,1707.0,0.0
7685,1707.0,0.0
7686,1707.0,0.0
7687,1707.0,0.0
7688,1707.0,0.0
7689,1707.0,0.0
7690,1707.0,0.0
7691,1707.0,0.0
7692,1707.0,0.0
7693,1707.0,0.0
7694,1021.6753204375057,0.0
7695,1443.2918018562361,0.0
7696,1147.685269096911,0.0
7697,1003.5638432609405,0.0
7698,1364.106222959985,0.0
7699,1448.9325090857847,0.0
7700,1707.0,0.0
7701,1707.0,0.0
7702,1707.0,0.0
7703,1632.0561675866147,0.0
7704,1707.0,0.0
7705,1517.4718182114111,0.0
7706,921.483535076375,0.0
7707,733.7950642799804,0.0
7708,696.6329773813483,0.0
7709,666.3082418291882,0.0
7710,0.0,0.0
7711,0.0,0.0
7712,0.0,0.0
7713,327.19075204876395,0.0
7714,707.7184058242922,0.0
7715,1511.3092748554227,0.0
7716,1681.7064660452731,0.0
7717,233.81873524443364,0.0
7718,0.0,0.0
7719,54.34264126979514,0.0
7720,126.0565526085592,0.0
7721,236.6716890537894,0.0
7722,645.665913687385,0.0
7723,765.6433641678266,0.0
7724,827.1307379131276,0.0
7725,1004.398300943422,0.0
7726,641.5230892183182,0.0
7727,1147.603365735846,0.0
7728,1621.9779852635115,0.0
7729,1305.9401472284865,0.0
7730,1090.6335120109588,0.0
7731,1707.0,0.0
7732,1707.0,0.0
7733,1707.0,0.0
7734,1381.5055008057016,0.0
7735,1017.8326589441464,0.0
7736,1674.092239850602,0.0
7737,1707.0,0.0
7738,1707.0,0.0
7739,1707.0,0.0
7740,1707.0,0.0
7741,1303.7193544393879,0.0
7742,881.7001908526219,0.0
7743,1429.4112226829766,0.0
7744,1707.0,0.0
7745,1577.1058584284717,0.0
7746,1362.4393329818001,0.0
7747,1465.6969244265852,0.0
7748,1611.9865784428991,0.0
7749,1425.6705853193791,0.0
7750,1301.0574445430716,0.0
7751,804.0056301715139,0.0
7752,1078.8599937228237,0.0
7753,1150.2041566969615,0.0
7754,1131.4962495109144,0.0
7755,912.138933456023,0.0
7756,944.5030419661235,0.0
7757,576.609155348928,0.0
7758,896.22558600355,0.0
7759,760.3211036998688,0.0
7760,1054.6384695002835,0.0
7761,993.0035725677682,0.0
7762,911.7461528304523,0.0
7763,1147.5339207537213,0.0
7764,1131.4093523902275,0.0
7765,756.2085042274448,0.0
7766,867.1652725836078,0.0
7767,835.3897065343644,0.0
7768,828.1976557042632,0.0
7769,0.0,0.0
7770,0.0,0.0
7771,0.0,0.0
7772,29.844012840073802,0.0
7773,134.3213862129003,0.0
7774,671.8602273296246,0.0
7775,1237.8258201446224,0.0
7776,1463.5066060027664,0.0
7777,1313.683020228076,0.0
7778,1707.0,0.0
7779,1707.0,0.0
7780,1707.0,0.0
7781,1525.2077035705413,0.0
7782,1167.983357556973,0.0
7783,598.4149846760223,0.0
7784,95.1637410191911,0.0
7785,638.9000098977776,0.0
7786,818.542090673984,0.0
7787,1086.1688979678931,0.0
7788,796.3132285011045,0.0
7789,1001.2580632647711,0.0
7790,489.1837578315507,0.0
7791,89.92284215001331,0.0
7792,535.1148845164289,0.0
7793,193.76273582767524,0.0
7794,0.0,0.0
7795,0.0,0.0
7796,49.58897683654652,0.0
7797,0.0,0.0
7798,0.0,0.0
7799,0.0,0.0
7800,0.0,0.0
7801,111.13437190755326,0.0
7802,751.7544512393048,0.0
7803,55.596843357831304,0.0
7804,691.3070861885678,0.0
7805,437.50745746892756,0.0
7806,842.2229350168859,0.0
7807,268.1798472989509,0.0
7808,321.3614159010571,0.0
7809,618.6971066022006,0.0
7810,802.9723401954461,0.0
7811,1314.0457826048826,0.0
7812,1070.7363459630205,0.0
7813,1145.3557216843612,0.0
7814,1319.5825525269436,0.0
7815,1370.4082287230033,0.0
7816,920.295071683706,0.0
7817,717.0580864530211,0.0
7818,774.7841823894936,0.0
7819,1290.3774688853755,0.0
7820,1675.226206318794,0.0
7821,1707.0,0.0
7822,1647.417729980441,0.0
7823,1707.0,0.0
7824,1262.6909020409894,0.0
7825,736.780805038464,0.0
7826,1079.921843772635,0.0
7827,1409.1279036662127,0.0
7828,1314.6975801557965,0.0
7829,1637.5321629583555,0.0
7830,1376.0540825214564,0.0
7831,1690.9389185561367,0.0
7832,1494.8584843463664,0.0
7833,1707.0,0.0
7834,1707.0,0.0
7835,1707.0,0.0
7836,1707.0,0.0
7837,1707.0,0.0
7838,1707.0,0.0
7839,1707.0,0.0
7840,1707.0,0.0
7841,1707.0,0.0
7842,1707.0,0.0
7843,1707.0,0.0
7844,1707.0,0.0
7845,1707.0,0.0
7846,1707.0,0.0
7847,1707.0,0.0
7848,1707.0,0.0
7849,1707.0,0.0
7850,1707.0,0.0
7851,1707.0,0.0
7852,1707.0,0.0
7853,1707.0,0.0
7854,1707.0,0.0
7855,1707.0,0.0
7856,1707.0,0.0
7857,1707.0,0.0
7858,1707.0,0.0
7859,1707.0,0.0
7860,1707.0,0.0
7861,1707.0,0.0
7862,1707.0,0.0
7863,1707.0,0.0
7864,1604.4152234748487,0.0
7865,1581.4430019581089,0.0
7866,1312.5810865772023,0.0
7867,1309.7126086076873,0.0
7868,1295.5659408386095,0.0
7869,1429.545363832405,0.0
7870,1361.368782331328,0.0
7871,1600.5621757624692,0.0
7872,1448.1459224042173,0.0
7873,1707.0,0.0
7874,1707.0,0.0
7875,1707.0,0.0
7876,1707.0,0.0
7877,1707.0,0.0
7878,1707.0,0.0
7879,1707.0,0.0
7880,1707.0,0.0
7881,1707.0,0.0
7882,1707.0,0.0
7883,1707.0,0.0
7884,1707.0,0.0
7885,1707.0,0.0
7886,1707.0,0.0
7887,1707.0,0.0
7888,1707.0,0.0
7889,1692.317613583776,0.0
7890,1707.0,0.0
7891,1707.0,0.0
7892,1707.0,0.0
7893,1707.0,0.0
7894,1707.0,0.0
7895,1707.0,0.0
7896,1707.0,0.0
7897,1707.0,0.0
7898,1707.0,0.0
7899,1707.0,0.0
7900,1707.0,0.0
7901,1707.0,0.0
7902,1707.0,0.0
7903,1707.0,0.0
7904,1707.0,0.0
7905,1707.0,0.0
7906,1707.0,0.0
7907,1707.0,0.0
7908,1707.0,0.0
7909,1707.0,0.0
7910,1707.0,0.0
7911,1707.0,0.0
7912,1707.0,0.0
7913,1707.0,0.0
7914,1707.0,0.0
7915,1707.0,0.0
7916,1707.0,0.0
7917,1707.0,0.0
7918,1707.0,0.0
7919,1707.0,0.0
7920,1707.0,0.0
7921,1707.0,0.0
7922,1707.0,0.0
7923,1577.6332079601973,0.0
7924,1306.0784434762195,0.0
7925,1707.0,0.0
7926,1707.0,0.0
7927,1707.0,0.0
7928,1707.0,0.0
7929,1707.0,0.0
7930,1707.0,0.0
7931,1707.0,0.0
7932,1707.0,0.0
7933,1707.0,0.0
7934,1707.0,0.0
7935,1707.0,0.0
7936,1707.0,0.0
7937,1190.3996452929086,0.0
7938,1707.0,0.0
7939,1707.0,0.0
7940,1605.8650136108279,0.0
7941,1423.7082150984274,0.0
7942,1254.6015212079878,0.0
7943,1117.5422388778102,0.0
7944,1428.0934813822978,0.0
7945,1553.171664870125,0.0
7946,1707.0,0.0
7947,1590.5485342049917,0.0
7948,1707.0,0.0
7949,1707.0,0.0
7950,1707.0,0.0
7951,1226.073023840065,0.0
7952,489.47920343692766,0.0
7953,300.200837142728,0.0
7954,288.11842467692827,0.0
7955,362.2443958352091,0.0
7956,359.5517902629283,0.0
7957,152.4779235379276,0.0
7958,371.11844085452753,0.0
7959,758.4240802865272,0.0
7960,739.0863407517274,0.0
7961,259.6088798817275,0.0
7962,886.358777437428,0.0
7963,1365.1588955517993,0.0
7964,1235.227208913973,0.0
7965,1395.9640329100496,0.0
7966,1707.0,0.0
7967,1707.0,0.0
7968,1707.0,0.0
7969,1707.0,0.0
7970,1707.0,0.0
7971,1707.0,0.0
7972,1707.0,0.0
7973,1707.0,0.0
7974,1553.1857210593707,0.0
7975,1403.3045519930656,0.0
7976,935.6831021537216,0.0
7977,979.3659459434591,0.0
7978,813.8227644140089,0.0
7979,153.47673183249339,0.0
7980,0.0,0.0
7981,0.0,0.0
7982,0.0,0.0
7983,0.0,0.0
7984,0.0,0.0
7985,0.0,0.0
7986,0.0,0.0
7987,0.0,0.0
7988,0.0,0.0
7989,0.0,0.0
7990,0.0,0.0
7991,0.0,0.0
7992,0.0,0.0
7993,0.0,0.0
7994,0.0,0.0
7995,0.0,0.0
7996,0.0,0.0
7997,0.0,0.0
7998,0.0,0.0
7999,0.0,0.0
8000,0.0,0.0
8001,0.0,0.0
8002,0.0,0.0
8003,0.0,0.0
8004,0.0,0.0
8005,0.0,0.0
8006,0.0,0.0
8007,0.0,0.0
8008,0.0,0.0
8009,0.0,0.0
8010,0.0,0.0
8011,0.0,0.0
8012,0.0,0.0
8013,0.0,0.0
8014,0.0,0.0
8015,0.0,0.0
8016,0.0,0.0
8017,0.0,0.0
8018,0.0,0.0
8019,0.0,0.0
8020,0.0,0.0
8021,0.0,0.0
8022,0.0,0.0
8023,0.0,0.0
8024,0.0,0.0
8025,0.0,0.0
8026,0.0,0.0
8027,0.0,0.0
8028,0.0,0.0
8029,0.0,0.0
8030,0.0,0.0
8031,1707.0,0.0
8032,0.0,0.0
8033,202.89876699005185,0.0
8034,0.0,0.0
8035,0.0,0.0
8036,0.0,0.0
8037,0.0,0.0
8038,0.0,0.0
8039,585.5249675418395,0.0
8040,769.3806824589117,0.0
8041,775.4800746224879,0.0
8042,0.0,0.0
8043,1133.9775444095676,0.0
8044,0.0,0.0
8045,1707.0,0.0
8046,1563.1567484375678,0.0
8047,1088.6311626815677,0.0
8048,1169.5150467945618,0.0
8049,1131.6356110555103,0.0
8050,1145.4934549982593,0.0
8051,535.3507058495682,0.0
8052,0.0,0.0
8053,472.358308143197,0.0
8054,0.0,0.0
8055,518.7711224058826,0.0
8056,708.9362425359909,0.0
8057,1123.130940253502,0.0
8058,707.9774536260647,0.0
8059,518.7598210962967,0.0
8060,686.0967619551787,0.0
8061,0.0,0.0
8062,0.0,0.0
8063,329.5923252298213,0.0
8064,0.0,0.0
8065,0.0,0.0
8066,0.0,0.0
8067,0.0,0.0
8068,514.5562531484125,0.0
8069,797.7679069711032,0.0
8070,507.2179426875433,0.0
8071,375.7310257585654,0.0
8072,0.0,0.0
8073,229.13624421338943,0.0
8074,235.74145311317233,0.0
8075,1518.7002356319786,0.0
8076,1209.4836471583444,0.0
8077,791.1578410678842,0.0
8078,1133.608001521428,0.0
8079,1413.3358440341578,0.0
8080,1670.675647847893,0.0
8081,803.5122744538526,0.0
8082,1616.5995992430005,0.0
8083,1252.3723185189256,0.0
8084,1406.2743959638028,0.0
8085,1465.169112036777,0.0
8086,1707.0,0.0
8087,1707.0,0.0
8088,1707.0,0.0
8089,1707.0,0.0
8090,1707.0,0.0
8091,1707.0,0.0
8092,1707.0,0.0
8093,1707.0,0.0
8094,1707.0,0.0
8095,1707.0,0.0
8096,1388.7469984283948,0.0
8097,1579.5391302589483,0.0
8098,1707.0,0.0
8099,1707.0,0.0
8100,1707.0,0.0
8101,1707.0,0.0
8102,1707.0,0.0
8103,1517.8828881332531,0.0
8104,1539.2754034329237,0.0
8105,1601.416274496006,0.0
8106,1384.8041477938764,0.0
8107,1625.374065726365,0.0
8108,1707.0,0.0
8109,1706.5999572536095,0.0
8110,1642.452921890851,0.0
8111,1454.8498468342866,0.0
8112,1394.1775160807865,0.0
8113,1352.0403425460217,0.0
8114,1418.889150192401,0.0
8115,1562.5442184940866,0.0
8116,1687.1761237435865,0.0
8117,1707.0,0.0
8118,1533.9044880819729,0.0
8119,967.4236534147863,0.0
8120,690.0373395548733,0.0
8121,692.2372332160732,0.0
8122,1120.0788169873238,0.0
8123,307.25031397254565,0.0
8124,653.5683215471335,0.0
8125,386.4292822098238,0.0
8126,175.21992553268979,0.0
8127,139.088525288224,0.0
8128,133.87028579337306,0.0
8129,0.0,0.0
8130,1146.551427817445,0.0
8131,1506.3536855509483,0.0
8132,1066.5023314887435,0.0
8133,801.2150574616599,0.0
8134,631.8658212076693,0.0
8135,39.11069277295484,0.0
8136,0.0,0.0
8137,108.89968476400436,0.0
8138,482.05496416905845,0.0
8139,21.768796303233433,0.0
8140,132.5911431091038,0.0
8141,159.95445925549834,0.0
8142,384.261138715685,0.0
8143,415.61865689054696,0.0
8144,568.722482298645,0.0
8145,458.60352061461924,0.0
8146,1247.907182972198,0.0
8147,1613.3905382243188,0.0
8148,1618.3600194468263,0.0
8149,599.1927580143026,0.0
8150,1151.4241271494536,0.0
8151,1010.620562473409,0.0
8152,874.3231416940636,0.0
8153,1383.8803283036943,0.0
8154,1163.0646727102117,0.0
8155,948.0928420809728,0.0
8156,760.5769291964875,0.0
8157,419.0724364754459,0.0
8158,428.08352523878347,0.0
8159,515.1121194108117,0.0
8160,586.3863819018828,0.0
8161,507.17061069437176,0.0
8162,705.4006153686718,0.0
8163,674.0103680737695,0.0
8164,828.9741035378734,0.0
8165,1034.453623246986,0.0
8166,895.9410776582345,0.0
8167,870.9707914111891,0.0
8168,864.0287676916469,0.0
8169,1161.6204441302884,0.0
8170,1062.5257049119327,0.0
8171,610.4821251477988,0.0
8172,565.7244032206162,0.0
8173,1146.3225612763763,0.0
8174,1331.4725388834281,0.0
8175,1425.1787602711056,0.0
8176,1703.5381376863,0.0
8177,1156.2864717867,0.0
8178,1534.6507817136999,0.0
8179,1707.0,0.0
8180,1241.8729569582445,0.0
8181,1115.79640201389,0.0
8182,692.259838180607,0.0
8183,239.51157182799412,0.0
8184,111.61156729755584,0.0
8185,95.19042582569338,0.0
8186,0.0,0.0
8187,0.0,0.0
8188,0.0,0.0
8189,0.0,0.0
8190,514.274853468646,0.0
8191,345.3726203511057,0.0
8192,470.04730741297686,0.0
8193,492.2370385336455,0.0
8194,1257.0718488257837,0.0
8195,1707.0,0.0
8196,1707.0,0.0
8197,1707.0,0.0
8198,1707.0,0.0
8199,1281.1622425405826,0.0
8200,1623.3415212086966,0.0
8201,1411.9733119588007,0.0
8202,866.4730049853688,0.0
8203,792.1325174495709,0.0
8204,1085.3478404647005,0.0
8205,867.2687469186295,0.0
8206,1444.0626004198077,0.0
8207,1512.1870165739074,0.0
8208,1662.3870263169824,0.0
8209,1683.5342122345735,0.0
8210,1680.4192025157902,0.0
8211,1643.2688421992088,0.0
8212,1707.0,0.0
8213,1707.0,0.0
8214,1707.0,0.0
8215,1707.0,0.0
8216,1398.6012012294493,0.0
8217,1707.0,0.0
8218,1707.0,0.0
8219,1707.0,0.0
8220,1448.1273092154174,0.0
8221,1528.507872610135,0.0
8222,1429.810128990111,0.0
8223,1621.9657866558991,0.0
8224,1110.5874694227361,0.0
8225,983.8219256248892,0.0
8226,1080.9355260267077,0.0
8227,8.374490163019864,0.0
8228,0.0,0.0
8229,0.0,0.0
8230,0.0,0.0
8231,0.0,0.0
8232,270.55066251357056,0.0
8233,0.0,0.0
8234,206.49429926597713,0.0
8235,191.03669936236608,0.0
8236,301.56268156207847,0.0
8237,382.6351866784788,0.0
8238,441.23050739937156,0.0
8239,0.0,0.0
8240,299.4082040039402,0.0
8241,288.6125831408998,0.0
8242,674.5885904831958,0.0
8243,493.69723305370997,0.0
8244,0.0,0.0
8245,84.56559009216183,0.0
8246,395.46502271240695,0.0
8247,606.7377854297865,0.0
8248,1105.2302689653945,0.0
8249,549.6148010548479,0.0
8250,0.0,0.0
8251,764.5833918640551,0.0
8252,784.7776677285491,0.0
8253,787.9387351413598,0.0
8254,571.4184237756554,0.0
8255,322.74042280304815,0.0
8256,672.6837258557808,0.0
8257,678.0937880635953,0.0
8258,1207.813318089485,0.0
8259,972.8343989588491,0.0
8260,1691.8682188731175,0.0
8261,1618.5629066358442,0.0
8262,1669.3536251770372,0.0
8263,1492.308515363653,0.0
8264,1682.1568339210858,0.0
8265,1707.0,0.0
8266,1707.0,0.0
8267,1707.0,0.0
8268,1707.0,0.0
8269,1525.403444158801,0.0
8270,1707.0,0.0
8271,1466.7705252535836,0.0
8272,1607.2470697001706,0.0
8273,1373.6023710311779,0.0
8274,1586.7306270914357,0.0
8275,1707.0,0.0
8276,1707.0,0.0
8277,1707.0,0.0
8278,1707.0,0.0
8279,1707.0,0.0
8280,1707.0,0.0
8281,1707.0,0.0
8282,1707.0,0.0
8283,1707.0,0.0
8284,1707.0,0.0
8285,1707.0,0.0
8286,1707.0,0.0
8287,1707.0,0.0
8288,1707.0,0.0
8289,1360.1800852389867,0.0
8290,1490.7327232426965,0.0
8291,1707.0,0.0
8292,1574.8645379579682,0.0
8293,1346.253055542859,0.0
8294,1013.066203809171,0.0
8295,1042.774102700075,0.0
8296,806.4370940838456,0.0
8297,0.0,0.0
8298,0.0,0.0
8299,0.0,0.0
8300,0.0,0.0
8301,113.55239661545195,0.0
8302,0.0,0.0
8303,0.0,0.0
8304,0.0,0.0
8305,0.0,0.0
8306,0.0,0.0
8307,273.47001490204656,0.0
8308,0.0,0.0
8309,830.1715163385686,0.0
8310,575.2872863190462,0.0
8311,588.9879663657686,0.0
8312,569.5554246217167,0.0
8313,1172.168642142344,0.0
8314,1707.0,0.0
8315,1707.0,0.0
8316,1707.0,0.0
8317,1331.724461036423,0.0
8318,1245.5058185267371,0.0
8319,1638.29237657334,0.0
8320,886.5937389562605,0.0
8321,777.5920162626667,0.0
8322,400.2712554153213,0.0
8323,490.4439994643438,0.0
8324,794.2026953693507,0.0
8325,852.4471548612757,0.0
8326,0.0,0.0
8327,0.0,0.0
8328,84.29508169414083,0.0
8329,281.229952613841,0.0
8330,598.670974722237,0.0
8331,326.79147107269074,0.0
8332,141.824860842644,0.0
8333,0.0,0.0
8334,0.0,0.0
8335,241.81926278334336,0.0
8336,666.6677697021013,0.0
8337,1707.0,0.0
8338,1707.0,0.0
8339,1707.0,0.0
8340,1707.0,0.0
8341,1707.0,0.0
8342,1537.5680481123568,0.0
8343,1317.6673740439987,0.0
8344,1629.8595996238669,0.0
8345,834.894427906808,0.0
8346,1377.6690322701033,0.0
8347,1707.0,0.0
8348,1707.0,0.0
8349,1628.3176477801846,0.0
8350,1380.409079617653,0.0
8351,1372.6279252147076,0.0
8352,1568.8102933915088,0.0
8353,1329.8711901974384,0.0
8354,1269.7223684512535,0.0
8355,1064.8921375739762,0.0
8356,1148.904188565594,0.0
8357,1168.808878802763,0.0
8358,1228.7660965441466,0.0
8359,1099.6953530106093,0.0
8360,1555.6696951159222,0.0
8361,1707.0,0.0
8362,1707.0,0.0
8363,1663.9674449211207,0.0
8364,1707.0,0.0
8365,1707.0,0.0
8366,1707.0,0.0
8367,1166.4231666813064,0.0
8368,1301.2817447166844,0.0
8369,1119.0609507369868,0.0
8370,1100.9226821860625,0.0
8371,1223.2774625101167,0.0
8372,1475.4898358841301,0.0
8373,1241.722112642635,0.0
8374,1270.7238004309709,0.0
8375,1310.0497559334826,0.0
8376,1321.0076387862,0.0
8377,1286.4131400528056,0.0
8378,1330.5883972994814,0.0
8379,1450.2433901801674,0.0
8380,1333.0359904508011,0.0
8381,1176.939313560514,0.0
8382,1315.2203859929014,0.0
8383,1302.3670890587014,0.0
8384,1491.991735405559,0.0
8385,1532.4202371495937,0.0
8386,747.4270896663336,0.0
8387,131.7918138885637,0.0
8388,464.09000635625114,0.0
8389,171.41580206851455,0.0
8390,233.27656997211147,0.0
8391,279.2850103883045,0.0
8392,450.09924810924514,0.0
8393,115.34357843580176,0.0
8394,0.0,0.0
8395,104.22241893350053,0.0
8396,111.96431734179995,0.0
8397,349.56877735288026,0.0
8398,180.25824265189112,0.0
8399,282.5405955218202,0.0
8400,329.10007345143157,0.0
8401,398.94465163333865,0.0
8402,245.60510396081102,0.0
8403,426.45989663179085,0.0
8404,199.56062666013224,0.0
8405,348.8083313553903,0.0
8406,88.40969103748833,0.0
8407,307.10722121342644,0.0
8408,549.3963132163125,0.0
8409,351.3467649719203,0.0
8410,153.33922366351106,0.0
8411,426.2961051954597,0.0
8412,0.0,0.0
8413,0.0,0.0
8414,0.0,0.0
8415,0.0,0.0
8416,0.0,0.0
8417,0.0,0.0
8418,0.0,0.0
8419,0.0,0.0
8420,0.0,0.0
8421,0.0,0.0
8422,0.0,0.0
8423,0.0,0.0
8424,0.0,0.0
8425,0.0,0.0
8426,0.0,0.0
8427,0.0,0.0
8428,0.0,0.0
8429,0.0,0.0
8430,0.0,0.0
8431,0.0,0.0
8432,0.0,0.0
8433,0.0,0.0
8434,0.0,0.0
8435,0.0,0.0
8436,0.0,0.0
8437,0.0,0.0
8438,0.0,0.0
8439,542.5021911714832,0.0
8440,1108.1604925202437,0.0
8441,0.0,0.0
8442,0.0,0.0
8443,878.2345875616144,0.0
8444,355.9252370593747,0.0
8445,0.0,0.0
8446,1101.0571277778147,0.0
8447,75.18344709050997,0.0
8448,0.0,0.0
8449,0.0,0.0
8450,365.2130843610798,0.0
8451,597.6366450847026,0.0
8452,512.2849544778605,0.0
8453,710.0009932741174,0.0
8454,154.14663422800135,0.0
8455,891.4610928582555,0.0
8456,768.4838089091164,0.0
8457,705.3304165904777,0.0
8458,771.8317682140316,0.0
8459,322.6620110705401,0.0
8460,0.0,0.0
8461,0.0,0.0
8462,0.0,0.0
8463,0.0,0.0
8464,0.0,0.0
8465,0.0,0.0
8466,0.0,0.0
8467,0.0,0.0
8468,0.0,0.0
8469,0.0,0.0
8470,0.0,0.0
8471,0.0,0.0
8472,0.0,0.0
8473,0.0,0.0
8474,0.0,0.0
8475,0.0,0.0
8476,0.0,0.0
8477,0.0,0.0
8478,0.0,0.0
8479,0.0,0.0
8480,1227.4155123145367,0.0
8481,684.4095882449543,0.0
8482,0.0,0.0
8483,0.0,0.0
8484,0.0,0.0
8485,437.81419429232034,0.0
8486,0.0,0.0
8487,385.20833156690225,0.0
8488,446.97684766794424,0.0
8489,521.5172952032132,0.0
8490,473.3317501251287,0.0
8491,184.03535758238286,0.0
8492,0.0,0.0
8493,0.0,0.0
8494,0.0,0.0
8495,0.0,0.0
8496,0.0,0.0
8497,0.0,0.0
8498,0.0,0.0
8499,0.0,0.0
8500,0.0,0.0
8501,0.0,0.0
8502,0.0,0.0
8503,0.0,0.0
8504,0.0,0.0
8505,0.0,0.0
8506,0.0,0.0
8507,0.0,0.0
8508,0.0,0.0
8509,0.0,0.0
8510,0.0,0.0
8511,0.0,0.0
8512,0.0,0.0
8513,0.0,0.0
8514,0.0,0.0
8515,0.0,0.0
8516,0.0,0.0
8517,0.0,0.0
8518,0.0,0.0
8519,0.0,0.0
8520,0.0,0.0
8521,0.0,0.0
8522,0.0,0.0
8523,0.0,0.0
8524,0.0,0.0
8525,0.0,0.0
8526,0.0,0.0
8527,0.0,0.0
8528,0.0,0.0
8529,0.0,0.0
8530,0.0,0.0
8531,0.0,0.0
8532,0.0,0.0
8533,0.0,0.0
8534,0.0,0.0
8535,0.0,0.0
8536,0.0,0.0
8537,0.0,0.0
8538,0.0,0.0
8539,0.0,0.0
8540,0.0,0.0
8541,0.0,0.0
8542,0.0,0.0
8543,0.0,0.0
8544,0.0,0.0
8545,0.0,0.0
8546,0.0,0.0
8547,0.0,0.0
8548,0.0,0.0
8549,0.0,0.0
8550,0.0,0.0
8551,0.0,0.0
8552,0.0,0.0
8553,0.0,0.0
8554,0.0,0.0
8555,0.0,0.0
8556,0.0,0.0
8557,0.0,0.0
8558,0.0,0.0
8559,0.0,0.0
8560,0.0,0.0
8561,0.0,0.0
8562,0.0,0.0
8563,0.0,0.0
8564,0.0,0.0
8565,0.0,0.0
8566,0.0,0.0
8567,0.0,0.0
8568,0.0,0.0
8569,0.0,0.0
8570,0.0,0.0
8571,0.0,0.0
8572,0.0,0.0
8573,0.0,0.0
8574,0.0,0.0
8575,0.0,0.0
8576,0.0,0.0
8577,0.0,0.0
8578,0.0,0.0
8579,0.0,0.0
8580,0.0,0.0
8581,0.0,0.0
8582,0.0,0.0
8583,0.0,0.0
8584,0.0,0.0
8585,0.0,0.0
8586,0.0,0.0
8587,0.0,0.0
8588,0.0,0.0
8589,0.0,0.0
8590,0.0,0.0
8591,0.0,0.0
8592,0.0,0.0
8593,0.0,0.0
8594,0.0,0.0
8595,0.0,0.0
8596,0.0,0.0
8597,0.0,0.0
8598,0.0,0.0
8599,0.0,0.0
8600,0.0,0.0
8601,0.0,0.0
8602,0.0,0.0
8603,0.0,0.0
8604,0.0,0.0
8605,0.0,0.0
8606,0.0,0.0
8607,0.0,0.0
8608,0.0,0.0
8609,0.0,0.0
8610,0.0,0.0
8611,0.0,0.0
8612,0.0,0.0
8613,0.0,0.0
8614,0.0,0.0
8615,0.0,0.0
8616,0.0,0.0
8617,0.0,0.0
8618,0.0,0.0
8619,0.0,0.0
8620,0.0,0.0
8621,0.0,0.0
8622,0.0,0.0
8623,0.0,0.0
8624,0.0,0.0
8625,0.0,0.0
8626,0.0,0.0
8627,0.0,0.0
8628,0.0,0.0
8629,0.0,0.0
8630,0.0,0.0
8631,0.0,0.0
8632,0.0,0.0
8633,0.0,0.0
8634,0.0,0.0
8635,0.0,0.0
8636,0.0,0.0
8637,0.0,0.0
8638,0.0,0.0
8639,0.0,0.0
8640,0.0,0.0
8641,0.0,0.0
8642,0.0,0.0
8643,0.0,0.0
8644,0.0,0.0
8645,0.0,0.0
8646,0.0,0.0
8647,0.0,0.0
8648,0.0,0.0
8649,0.0,0.0
8650,0.0,0.0
8651,0.0,0.0
8652,0.0,0.0
8653,0.0,0.0
8654,0.0,0.0
8655,0.0,0.0
8656,0.0,0.0
8657,0.0,0.0
8658,0.0,0.0
8659,0.0,0.0
8660,0.0,0.0
8661,0.0,0.0
8662,0.0,0.0
8663,0.0,0.0
8664,0.0,0.0
8665,0.0,0.0
8666,0.0,0.0
8667,0.0,0.0
8668,0.0,0.0
8669,0.0,0.0
8670,0.0,0.0
8671,0.0,0.0
8672,0.0,0.0
8673,0.0,0.0
8674,1707.0,0.0
8675,0.0,0.0
8676,0.0,0.0
8677,0.0,0.0
8678,0.0,0.0
8679,0.0,0.0
8680,0.0,0.0
8681,788.9567880160675,0.0
8682,666.4629029515984,0.0
8683,0.0,0.0
8684,0.0,0.0
8685,0.0,0.0
8686,791.4181571176032,0.0
8687,816.524557326391,0.0
8688,877.3373281858428,0.0
8689,0.0,0.0
8690,1074.201439710718,0.0
8691,1297.5664130995929,0.0
8692,1114.868487638373,0.0
8693,739.1566562453155,0.0
8694,602.2984736089813,0.0
8695,723.1991395130487,0.0
8696,1254.4291970555194,0.0
8697,1639.731095871816,0.0
8698,1707.0,0.0
8699,1707.0,0.0
8700,1548.7737703273915,0.0
8701,1114.737227657038,0.0
8702,1053.902262748094,0.0
8703,769.5211396576816,0.0
8704,555.2152890981081,0.0
8705,916.6699867471897,0.0
8706,340.3540870074447,0.0
8707,778.1196959200646,0.0
8708,881.9312608875459,0.0
8709,582.3575197220677,0.0
8710,700.4823242546374,0.0
8711,515.7412352312242,0.0
8712,542.8354993194298,0.0
8713,46.72582907177633,0.0
8714,0.0,0.0
8715,0.0,0.0
8716,0.0,0.0
8717,0.0,0.0
8718,0.0,0.0
8719,0.0,0.0
8720,0.0,0.0
8721,0.0,0.0
8722,571.3112248800556,0.0
8723,823.8951196054385,0.0
8724,931.8630011740509,0.0
8725,0.0,0.0
8726,0.0,0.0
8727,597.1058294225236,0.0
8728,977.3272562601485,0.0
8729,974.1443740530292,0.0
8730,957.5495109956978,0.0
8731,1536.3925266627343,0.0
8732,1238.0949070869349,0.0
8733,1245.0727835218552,0.0
8734,1415.6968272637723,0.0
8735,1155.5996914296106,0.0
8736,710.101355754895,0.0
8737,726.0467808533066,0.0
8738,712.9409437761506,0.0
8739,798.2408014862899,0.0
8740,441.603120951796,0.0
8741,461.36174645687714,0.0
8742,251.39643596228032,0.0
8743,316.0561138090498,0.0
8744,100.82934964902648,0.0
8745,1233.4795088450878,0.0
8746,1707.0,0.0
8747,1466.1491021429456,0.0
8748,1397.0840373837991,0.0
8749,770.4071077738074,0.0
8750,428.3286867992738,0.0
8751,534.3591671691427,0.0
8752,1505.3480478021831,0.0
8753,1285.1411863566423,0.0
8754,1104.3859311885797,0.0
8755,1557.625033775206,0.0
8756,1256.8785977216544,0.0
8757,821.6993784623387,0.0
8758,315.19167075281973,0.0
8759,1165.8549954565874,0.0
8760,950.0770035213746,0.0
