Scenario,Hour,Solar PV Generation (MW),Solar PV Curtailment (MW),Wind Generation (MW),Wind Curtailment (MW),All Thermal Generation (MW),Hydro Generation (MW),Nuclear Generation (MW),Other Renewables Generation (MW),Imports (MW),Storage Charge/Discharge (MW),Exports (MW),Load (MW),Net Load (MW)
Data,1,0.0,0.0,1296.293718693656,0.0,1217.086281306344,456.22,0.0,540.4,0,0,0.0,3510,1217.086281306344
Data,2,0.0,0.0,1742.5482387279226,0.0,926.8517612720772,467.4,0.0,537.2,0,0,0.0,3674,926.8517612720774
Data,3,0.0,0.0,2148.695451297342,0.0,630.5545487026579,476.35,0.0,540.4,0,0,0.0,3796,630.5545487026579
Data,4,0.0,0.0,2131.780954855013,0.0,666.6190451449872,590.4,0.0,537.2,0,0,0.0,3926,666.6190451449869
Data,5,0.0,0.0,2086.7992056677635,0.0,727.6907943322369,646.31,0.0,537.2,0,0,0.0,3998,727.6907943322365
Data,6,0.0,0.0,2232.8840329784744,0.0,567.2059670215255,621.71,0.0,537.2,0,0,0.0,3959,567.2059670215256
Data,7,-0.0,0.0,2985.4895027581374,0.0,190.58079724186254,615.0,0.0,235.9297,0,0,0.0,4027,190.5807972418626
Data,8,-0.0,0.0,3243.018188217411,0.0,76.00181178258924,527.78,0.0,35.2,0,0,0.0,3882,76.00181178258894
Data,9,-0.0,0.0,3760.053464801217,0.0,0.0,415.96,0.0,35.2,0,148.21346480121696,0.0,4063,-148.21346480121713
Data,10,-0.0,0.0,2592.952041274129,0.0,1202.6479587258718,369.0,0.0,38.4,0,0,0.0,4203,1202.647958725871
Data,11,-0.0,0.0,2760.316755735813,0.0,875.2332442641871,360.05,0.0,38.4,0,0,0.0,4034,875.2332442641871
Data,12,-0.0,0.0,1946.3901294535779,0.0,1707.0,349.99,0.0,41.6,0,-38.019870546421984,0.0,4083,1745.0198705464222
Data,13,-0.0,0.0,2017.721936903601,0.0,1415.988063096399,337.69,0.0,41.6,0,0,0.0,3813,1415.988063096399
Data,14,-0.0,0.0,2045.9168254862316,0.0,1478.9931745137683,337.69,0.0,38.4,0,0,0.0,3901,1478.9931745137685
Data,15,-0.0,0.0,2144.4334795135865,0.0,1376.9365204864134,352.23,0.0,38.4,0,0,0.0,3912,1376.9365204864134
Data,16,-0.0,0.0,2692.557951879791,0.0,768.6520481202094,399.19,0.0,41.6,0,0,0.0,3902,768.6520481202092
Data,17,-0.0,0.0,2905.820802508148,0.0,555.8991974918517,490.88,0.0,38.4,0,0,0.0,3991,555.899197491852
Data,18,-0.0,0.0,2380.429521866046,0.0,1021.4504781339547,640.72,0.0,38.4,0,0,0.0,4081,1021.4504781339541
Data,19,-0.0,0.0,2165.6502182888744,0.0,1180.6797817111255,693.27,0.0,189.4,0,0,0.0,4229,1180.6797817111255
Data,20,0.0,0.0,2004.9811355365375,0.0,1316.9388644634626,638.48,0.0,192.6,0,0,0.0,4153,1316.9388644634626
Data,21,0.0,0.0,2105.894741625456,0.0,1179.8552583745438,537.85,0.0,189.4,0,0,0.0,4013,1179.855258374544
Data,22,0.0,0.0,2401.853599269126,0.0,772.876400730874,471.87,0.0,189.4,0,0,0.0,3836,772.8764007308741
Data,23,0.0,0.0,2345.035763286183,0.0,738.8842367138175,441.68,0.0,189.4,0,0,0.0,3715,738.8842367138171
Data,24,0.0,0.0,2082.6502968118616,0.0,731.4897031881388,428.26,0.0,543.6,0,0,0.0,3786,731.4897031881384
Data,25,0.0,0.0,1852.5912519120861,0.0,886.538748087914,422.67,0.0,537.2,0,0,0.0,3699,886.5387480879137
Data,26,0.0,0.0,1970.8764253609731,0.0,919.5935746390272,438.33,0.0,537.2,0,0,0.0,3866,919.5935746390269
Data,27,0.0,0.0,1632.1233128321135,0.0,1307.6766871678867,492.0,0.0,537.2,0,0,0.0,3969,1307.6766871678865
Data,28,0.0,0.0,1950.8378479425407,0.0,931.1121520574591,630.65,0.0,540.4,0,0,0.0,4053,931.1121520574593
Data,29,0.0,0.0,1854.9275786434137,0.0,1026.0224213565866,679.85,0.0,537.2,0,0,0.0,4098,1026.0224213565862
Data,30,0.0,0.0,2169.7818529507554,0.0,619.7681470492445,655.25,0.0,537.2,0,0,0.0,3982,619.7681470492446
Data,31,-0.0,0.0,2351.441135006618,0.0,790.9088649933819,532.25,0.0,189.4,0,0,0.0,3864,790.908864993382
Data,32,-0.0,0.0,2364.9091969632605,0.0,847.5008030367396,448.39,0.0,35.2,0,0,0.0,3696,847.5008030367395
Data,33,-0.0,0.0,3081.185362990363,0.0,184.03463700963718,355.58,0.0,35.2,0,0,0.0,3656,184.03463700963698
Data,34,-0.0,0.0,2539.7647440518826,0.0,737.6152559481177,333.22,0.0,38.4,0,0,0.0,3649,737.6152559481174
Data,35,-0.0,0.0,2961.1500689814493,0.0,291.7899310185506,329.86,0.0,35.2,0,0,0.0,3618,291.7899310185507
Data,36,-0.0,0.0,2787.3975374108354,0.0,379.2124625891643,349.99,0.0,38.4,0,0,0.0,3555,379.2124625891646
Data,37,-0.0,0.0,2018.8747155502635,0.0,997.1752844497368,328.75,0.0,35.2,0,0,0.0,3380,997.1752844497364
Data,38,-0.0,0.0,2632.4623363852675,0.0,285.3676636147328,336.57,0.0,41.6,0,0,0.0,3296,285.3676636147325
Data,39,-0.0,0.0,2555.3690628186846,0.0,212.78093718131586,335.45,0.0,38.4,0,0,0.0,3142,212.7809371813154
Data,40,-0.0,0.0,2757.459130407866,0.0,18.620869592134312,345.52,0.0,38.4,0,0,0.0,3160,18.620869592134206
Data,41,-0.0,0.0,2785.399740923137,0.0,79.92025907686337,417.08,0.0,41.6,0,0,0.0,3324,79.92025907686306
Data,42,-0.0,0.0,2580.007062319515,0.0,452.72293768048456,471.87,0.0,38.4,0,0,0.0,3543,452.72293768048485
Data,43,-0.0,0.0,2351.4522480624883,0.0,748.407751937512,506.54,0.0,192.6,0,0,0.0,3799,748.4077519375118
Data,44,0.0,0.0,2080.991331821402,0.0,1009.9586681785978,507.65,0.0,189.4,0,0,0.0,3788,1009.9586681785979
Data,45,0.0,0.0,2100.6479669418914,0.0,884.8420330581085,474.11,0.0,189.4,0,0,0.0,3649,884.8420330581087
Data,46,0.0,0.0,2274.529652854492,0.0,626.7203471455082,427.15,0.0,192.6,0,0,0.0,3521,626.7203471455082
Data,47,0.0,0.0,2452.495472259924,0.0,443.3345277400758,385.77,0.0,189.4,0,0,0.0,3471,443.33452774007594
Data,48,0.0,0.0,2361.2062940999,0.0,634.8437059001,372.35,0.0,192.6,0,0,0.0,3561,634.8437059001001
Data,49,0.0,0.0,2594.1828805673917,0.0,374.7871194326085,376.83,0.0,186.2,0,0,0.0,3532,374.7871194326083
Data,50,0.0,0.0,2483.183293358656,0.0,562.4767066413436,408.14,0.0,186.2,0,0,0.0,3640,562.476706641344
Data,51,0.0,0.0,2890.5931731855558,0.0,178.6568268144442,446.15,0.0,192.6,0,0,0.0,3708,178.65682681444426
Data,52,0.0,0.0,2722.5156824701594,0.0,237.14431752984044,512.13,0.0,358.21,0,0,0.0,3830,237.14431752984063
Data,53,0.0,0.0,2670.1286959047766,0.0,80.97130409522347,553.5,0.0,540.4,0,0,0.0,3845,80.97130409522345
Data,54,0.0,0.0,3042.106354534502,0.0,0.0,555.74,0.0,543.6,0,436.4463545345017,0.0,3705,-436.4463545345019
Data,55,-0.0,0.0,2648.9255933870836,0.0,0.0,505.42,0.0,540.4,0,195.74559338708391,0.0,3499,-195.7455933870836
Data,56,-0.0,0.0,2507.316365276697,0.0,292.0336347233026,409.25,0.0,38.4,0,0,0.0,3247,292.03363472330295
Data,57,-0.0,0.0,2426.428389610222,0.0,388.57161038977785,344.4,0.0,41.6,0,0,0.0,3201,388.571610389778
Data,58,-0.0,0.0,2047.0761361919203,0.0,856.2038638080791,296.32,0.0,38.4,0,0,0.0,3238,856.2038638080796
Data,59,-0.0,0.0,2004.5723482257092,0.0,908.2176517742909,289.61,0.0,41.6,0,0,0.0,3244,908.2176517742907
Data,60,-0.0,0.0,2090.9049254702995,0.0,897.3450745297001,279.55,0.0,3.2,0,0,0.0,3271,897.3450745297005
Data,61,-0.0,0.0,2201.49195967416,0.0,677.55804032584,273.95,0.0,0.0,0,0,0.0,3153,677.5580403258398
Data,62,-0.0,0.0,2003.6626148898265,0.0,727.4973851101731,272.84,0.0,0.0,0,0,0.0,3004,727.4973851101736
Data,63,-0.0,0.0,2174.0412772514114,0.0,384.4687227485885,288.49,0.0,0.0,0,0,0.0,2847,384.46872274858856
Data,64,-0.0,0.0,2566.4766084354924,0.0,37.02339156450759,307.5,0.0,0.0,0,0,0.0,2911,37.02339156450762
Data,65,-0.0,0.0,2028.6177554626381,0.0,247.4198445373615,389.13,0.0,454.8324,0,0,0.0,3120,247.41984453736188
Data,66,-0.0,0.0,1763.0233501954979,0.0,633.386649804502,497.59,0.0,502.0,0,0,0.0,3396,633.3866498045022
Data,67,-0.0,0.0,1663.1747469074726,0.0,944.5952530925273,598.23,0.0,502.0,0,0,0.0,3708,944.5952530925274
Data,68,0.0,0.0,1703.1225892815137,0.0,894.8774107184863,615.0,0.0,502.0,0,0,0.0,3715,894.8774107184863
Data,69,0.0,0.0,1605.4769788606548,0.0,951.7930211393452,536.73,0.0,502.0,0,0,0.0,3596,951.7930211393452
Data,70,0.0,0.0,1718.7188313623858,0.0,716.9311686376144,476.35,0.0,502.0,0,0,0.0,3414,716.9311686376142
Data,71,0.0,0.0,1597.8079066482605,0.0,689.6920933517395,455.1,0.0,508.4,0,0,0.0,3251,689.6920933517395
Data,72,0.0,0.0,1775.3205118129974,0.0,564.2394881870025,445.04,0.0,540.4,0,0,0.0,3325,564.2394881870025
Data,73,0.0,0.0,1640.9920884847904,0.0,657.9579115152098,433.85,0.0,537.2,0,0,0.0,3270,657.9579115152095
Data,74,0.0,0.0,1583.5308185346917,0.0,830.1591814653084,474.11,0.0,537.2,0,0,0.0,3425,830.1591814653083
Data,75,0.0,0.0,1778.4554820122512,0.0,722.7445179877492,516.6,0.0,537.2,0,0,0.0,3555,722.7445179877487
Data,76,0.0,0.0,1628.0629867999,0.0,847.2470132001002,657.49,0.0,537.2,0,0,0.0,3670,847.2470132000999
Data,77,0.0,0.0,1834.110257095779,0.0,687.6397429042211,710.05,0.0,537.2,0,0,0.0,3769,687.6397429042211
Data,78,0.0,0.0,1955.210225331346,0.0,499.2397746686542,722.35,0.0,537.2,0,0,0.0,3714,499.2397746686539
Data,79,-0.0,0.0,1774.1334823974462,0.0,685.2565176025538,658.61,0.0,534.0,0,0,0.0,3652,685.2565176025538
Data,80,-0.0,0.0,1616.2104972373163,0.0,820.2795027626838,523.31,0.0,537.2,0,0,0.0,3497,820.2795027626837
Data,81,-0.0,0.0,1194.5942337882182,0.0,1422.935766211782,447.27,0.0,537.2,0,0,0.0,3602,1422.9357662117818
Data,82,-0.0,0.0,996.0255660369921,0.0,1707.0,402.55,0.0,321.3762,0,-297.0482339630075,0.0,3724,2004.048233963008
Data,83,-0.0,0.0,809.3356953727113,0.0,1707.0,362.29,0.0,358.4812,0,-462.8931046272886,0.0,3700,2169.8931046272887
Data,84,-0.0,0.0,832.1642350764578,0.0,1707.0,367.88,0.0,273.2253,0,-497.73046492354194,0.0,3678,2204.730464923542
Data,85,-0.0,0.0,1032.79030560608,0.0,1707.0,366.76,0.0,186.2,0,-171.24969439391992,0.0,3464,1878.24969439392
Data,86,-0.0,0.0,1454.9674108538745,0.0,1156.5248891461254,375.71,0.0,494.7977,0,0,0.0,3482,1156.5248891461256
Data,87,-0.0,0.0,1170.9003540267104,0.0,1270.2596459732895,420.44,0.0,540.4,0,0,0.0,3402,1270.2596459732897
Data,88,-0.0,0.0,952.7027279062492,0.0,1399.487272093751,486.41,0.0,540.4,0,0,0.0,3379,1399.4872720937508
Data,89,-0.0,0.0,908.4492689272773,0.0,1538.0007310727224,550.15,0.0,540.4,0,0,0.0,3537,1538.0007310727228
Data,90,-0.0,0.0,863.4817167787807,0.0,1612.6482832212196,668.67,0.0,537.2,0,0,0.0,3682,1612.6482832212193
Data,91,-0.0,0.0,869.8411446595009,-0.0,1707.0,696.63,0.0,540.4,0,-46.1288553404989,0.0,3860,1753.1288553404993
Data,92,0.0,0.0,1087.7384403937986,0.0,1517.3115596062016,648.55,0.0,540.4,0,0,0.0,3794,1517.3115596062016
Data,93,0.0,0.0,1116.4438127551855,0.0,1342.5061872448143,611.65,0.0,540.4,0,0,0.0,3611,1342.5061872448146
Data,94,0.0,0.0,1596.4414806602097,0.0,806.1885193397902,557.97,0.0,540.4,0,0,0.0,3501,806.1885193397903
Data,95,0.0,0.0,1801.765470725035,0.0,477.64452927496507,522.19,0.0,540.4,0,0,0.0,3342,477.64452927496507
Data,96,0.0,0.0,1974.2835846188912,0.0,357.47641538110867,518.84,0.0,540.4,0,0,0.0,3391,357.47641538110884
Data,97,0.0,0.0,1917.8943755955784,0.0,323.3156244044216,497.59,0.0,537.2,0,0,0.0,3276,323.3156244044216
Data,98,0.0,0.0,2016.1499275421777,0.0,378.6500724578225,492.0,0.0,537.2,0,0,0.0,3424,378.65007245782226
Data,99,0.0,0.0,1842.3053952406835,0.0,678.3746047593168,493.12,0.0,537.2,0,0,0.0,3551,678.3746047593164
Data,100,0.0,0.0,1912.68003226832,0.0,629.1799677316795,555.74,0.0,540.4,0,0,0.0,3638,629.17996773168
Data,101,0.0,0.0,1860.2640665474933,0.0,575.4259334525069,720.11,0.0,537.2,0,0,0.0,3693,575.4259334525067
Data,102,0.0,0.0,1945.1528391951354,0.0,398.697160804865,746.95,0.0,537.2,0,0,0.0,3628,398.69716080486455
Data,103,-0.0,0.0,1949.0466807433,0.0,331.1933192567003,686.56,0.0,537.2,0,0,0.0,3504,331.1933192567001
Data,104,-0.0,0.0,1961.9866051444415,0.0,353.30339485555857,572.51,0.0,537.2,0,0,0.0,3425,353.3033948555585
Data,105,-0.0,0.0,1702.5420282327689,0.0,1223.6779717672314,478.58,0.0,186.2,0,0,0.0,3591,1223.6779717672312
Data,106,-0.0,0.0,1464.8836728644694,0.0,1232.0763271355306,445.04,0.0,534.0,0,0,0.0,3676,1232.0763271355306
Data,107,-0.0,0.0,1229.5599487729942,0.0,1707.0,398.07,0.0,186.2,0,-88.1700512270059,0.0,3609,1795.1700512270058
Data,108,-0.0,0.0,1473.6307374505639,0.0,1540.9192625494363,390.25,0.0,186.2,0,0,0.0,3591,1540.919262549436
Data,109,-0.0,0.0,1620.1709303109308,0.0,838.9790696890694,365.65,0.0,537.2,0,0,0.0,3362,838.9790696890692
Data,110,-0.0,0.0,2055.988167682392,0.0,808.9018323176076,375.71,0.0,189.4,0,0,0.0,3430,808.901832317608
Data,111,-0.0,0.0,1943.9481233829506,0.0,786.6918766170492,415.96,0.0,189.4,0,0,0.0,3336,786.6918766170494
Data,112,-0.0,0.0,1921.8835476544175,0.0,783.3664523455824,427.15,0.0,192.6,0,0,0.0,3325,783.3664523455825
Data,113,-0.0,0.0,2036.7492495623553,0.0,426.7107504376448,481.94,0.0,543.6,0,0,0.0,3489,426.71075043764466
Data,114,-0.0,0.0,1922.7677574008123,0.0,517.8722425991881,612.76,0.0,543.6,0,0,0.0,3597,517.8722425991876
Data,115,-0.0,0.0,2203.8991132302003,0.0,363.00088676979954,676.5,0.0,543.6,0,0,0.0,3787,363.00088676979965
Data,116,0.0,0.0,1649.5008021825986,0.0,847.2891978174014,658.61,0.0,543.6,0,0,0.0,3699,847.2891978174014
Data,117,0.0,0.0,1658.5651741005797,0.0,699.3848258994202,636.25,0.0,546.8,0,0,0.0,3541,699.3848258994203
Data,118,0.0,0.0,2066.007536952168,0.0,177.86246304783208,610.53,0.0,543.6,0,0,0.0,3398,177.8624630478322
Data,119,0.0,0.0,2463.1985497572946,0.0,0.0,584.81,0.0,543.6,0,381.6085497572945,0.0,3210,-381.60854975729455
Data,120,0.0,0.0,2699.5985608919495,0.0,0.0,570.27,0.0,543.6,0,573.4685608919497,0.0,3240,-573.4685608919496
Data,121,0.0,0.0,2618.1606286833057,0.0,0.0,526.66,0.0,189.4,0,150.22062868330605,0.0,3184,-150.2206286833057
Data,122,0.0,0.0,2455.7747926991074,0.0,0.0,525.55,0.0,456.8499,0,175.1746926991076,0.0,3263,-175.1746926991073
Data,123,0.0,0.0,2951.7578208755945,0.0,0.0,556.85,0.0,540.4,0,676.0078208755946,0.0,3373,-676.0078208755945
Data,124,0.0,0.0,2623.1347653305247,0.0,0.0,626.18,0.0,540.4,0,288.71476533052464,0.0,3501,-288.71476533052464
Data,125,0.0,0.0,2580.3729520506963,0.0,0.0,735.76,0.0,189.4,0,-51.46704794930377,0.0,3557,51.46704794930369
Data,126,0.0,0.0,2744.3904120882944,0.0,0.0,748.06,0.0,38.4,0,-19.149587911705666,0.0,3550,19.14958791170566
Data,127,-0.0,0.0,2554.194091323352,0.0,0.0,666.44,0.0,38.4,0,-361.96590867664764,0.0,3621,361.9659086766479
Data,128,-0.0,0.0,3331.5316638805757,0.0,0.0,561.33,0.0,38.4,0,270.26166388057544,0.0,3661,-270.2616638805757
Data,129,-0.0,0.0,2616.4141066364878,0.0,143.23560546455258,534.49,0.0,38.4,0,-630.4602878989593,0.0,3963,773.6958933635123
Data,130,-0.0,0.0,2854.734606960088,0.0,0.0,493.12,0.0,41.6,0,-748.5453930399117,0.0,4138,748.5453930399119
Data,131,-0.0,0.0,2825.0084957222384,0.0,831.5415042777622,464.05,0.0,38.4,0,0,0.0,4159,831.5415042777615
Data,132,-0.0,0.0,2976.2259771702347,0.0,701.9640228297649,437.21,0.0,41.6,0,0,0.0,4157,701.9640228297653
Data,133,-0.0,0.0,3462.8417290450025,0.0,0.0,426.03,0.0,38.4,0,47.27172904500297,0.0,3880,-47.27172904500244
Data,134,-0.0,0.0,3462.060549021348,0.0,0.0,451.75,0.0,44.8,0,209.61054902134796,0.0,3749,-209.61054902134794
Data,135,-0.0,0.0,2928.7177264486495,0.0,150.55227355135062,512.13,0.0,41.6,0,0,0.0,3633,150.5522735513505
Data,136,-0.0,0.0,3128.8348190158895,0.0,0.0,576.98,0.0,44.8,0,144.6148190158891,0.0,3606,-144.6148190158895
Data,137,-0.0,0.0,3300.38607004547,0.0,0.0,646.31,0.0,44.8,0,276.4960700454703,0.0,3715,-276.49607004547016
Data,138,-0.0,0.0,3108.955129821529,0.0,0.0,722.35,0.0,41.6,0,76.90512982152899,0.0,3796,-76.90512982152924
Data,139,-0.0,0.0,2831.4736454151043,0.0,356.7763545848958,746.95,0.0,44.8,0,0,0.0,3980,356.7763545848956
Data,140,0.0,0.0,2929.622707591901,0.0,88.9072924080993,717.87,0.0,192.6,0,0,0.0,3929,88.90729240809904
Data,141,0.0,0.0,2952.4906128463194,0.0,0.0,678.74,0.0,195.8,0,67.03061284631937,0.0,3760,-67.03061284631946
Data,142,0.0,0.0,2987.7515327692363,0.0,0.0,661.96,0.0,195.8,0,270.51153276923606,0.0,3575,-270.51153276923634
Data,143,0.0,0.0,2896.667484456002,0.0,0.0,659.73,0.0,192.6,0,341.99748445600187,0.0,3407,-341.9974844560021
Data,144,0.0,0.0,2714.2134451630777,0.0,0.0,651.9,0.0,195.8,0,135.91344516307802,0.0,3426,-135.9134451630777
Data,145,0.0,0.0,3110.1339481565115,0.0,0.0,615.0,0.0,189.4,0,521.5339481565119,0.0,3393,-521.5339481565114
Data,146,0.0,0.0,2677.7270128053324,0.0,0.0,631.77,0.0,189.4,0,31.897012805332174,0.0,3467,-31.897012805332366
Data,147,0.0,0.0,3261.5719074540093,0.0,0.0,648.55,0.0,192.6,0,464.72190745400894,0.0,3638,-464.7219074540093
Data,148,0.0,0.0,2844.71408242857,0.0,0.0,684.33,0.0,189.4,0,0.4440824285697431,0.0,3718,-0.4440824285698284
Data,149,0.0,0.0,3019.4779303373853,0.0,0.0,797.26,0.0,189.4,0,214.1379303373849,0.0,3792,-214.13793033738526
Data,150,0.0,0.0,2753.5898131879985,0.0,8.20018681200128,781.61,0.0,192.6,0,0,0.0,3736,8.200186812001476
Data,151,-0.0,0.0,3153.5215736394343,0.0,0.0,727.94,0.0,189.4,0,398.86157363943425,0.0,3672,-398.86157363943437
Data,152,-0.0,0.0,3688.3309855418274,0.0,0.0,632.89,0.0,38.4,0,799.6209855418278,0.0,3560,-799.6209855418274
Data,153,-0.0,0.0,3526.63289803095,0.0,0.0,561.33,0.0,41.6,0,392.5628980309497,0.0,3737,-392.56289803095
Data,154,-0.0,0.0,3800.0456752105165,0.0,0.0,526.66,0.0,38.4,0,474.1056752105162,0.0,3891,-474.10567521051644
Data,155,-0.0,0.0,3362.331212602532,0.0,0.0,487.53,0.0,38.4,0,60.26121260253262,0.0,3828,-60.261212602532076
Data,156,-0.0,0.0,3160.3855482684053,0.0,156.44445173159457,459.57,0.0,41.6,0,0,0.0,3818,156.44445173159474
Data,157,-0.0,0.0,3852.2880581797913,0.0,0.0,447.27,0.0,38.4,0,793.9580581797912,0.0,3544,-793.9580581797912
Data,158,-0.0,0.0,3623.3220982457087,0.0,0.0,468.52,0.0,41.6,0,537.4420982457084,0.0,3596,-537.4420982457087
Data,159,-0.0,0.0,3551.5296687284153,0.0,0.0,509.89,0.0,44.8,0,437.2196687284154,0.0,3669,-437.21966872841534
Data,160,-0.0,0.0,3215.7257142227522,0.0,0.0,546.79,0.0,41.6,0,61.11571422275197,0.0,3743,-61.115714222752196
Data,161,-0.0,0.0,3769.032995040606,0.0,0.0,613.88,0.0,195.8,0,718.7129950406062,0.0,3860,-718.7129950406058
Data,162,-0.0,0.0,3387.813838806952,0.0,0.0,677.62,0.0,192.6,0,350.03383880695156,0.0,3908,-350.03383880695196
Data,163,-0.0,0.0,3523.045248262659,0.0,0.0,732.41,0.0,192.6,0,444.05524826265844,0.0,4004,-444.0552482626588
Data,164,0.0,0.0,3296.9922095622655,0.0,0.0,699.98,0.0,195.8,0,281.77220956226574,0.0,3911,-281.7722095622656
Data,165,0.0,0.0,2879.390304319065,0.0,23.759695680935256,655.25,0.0,192.6,0,0,0.0,3751,23.759695680935152
Data,166,0.0,0.0,2809.820360410552,0.0,0.0,647.43,0.0,195.8,0,59.05036041055183,0.0,3594,-59.050360410551946
Data,167,0.0,0.0,2753.2659207898814,0.0,0.0,645.19,0.0,192.6,0,153.05592078988118,0.0,3438,-153.05592078988147
Data,168,0.0,0.0,2519.2990300817214,0.0,241.1609699182786,604.94,0.0,192.6,0,0,0.0,3558,241.16096991827854
Data,169,0.0,0.0,2442.9746496396165,0.0,0.0,561.33,0.0,543.6,0,77.90464963961652,0.0,3470,-77.90464963961654
Data,170,0.0,0.0,2050.6095519605587,0.0,402.35044803944146,592.64,0.0,540.4,0,0,0.0,3586,402.3504480394413
Data,171,0.0,0.0,2475.0949169598566,0.0,69.09508304014338,609.41,0.0,540.4,0,0,0.0,3694,69.09508304014344
Data,172,0.0,0.0,2479.1333028471695,0.0,71.00669715283031,723.46,0.0,540.4,0,0,0.0,3814,71.0066971528305
Data,173,0.0,0.0,2180.7349474756766,0.0,351.41505252432347,778.25,0.0,543.6,0,0,0.0,3854,351.4150525243234
Data,174,0.0,0.0,2169.00020118244,0.0,340.4197988175601,749.18,0.0,540.4,0,0,0.0,3799,340.41979881756015
Data,175,-0.0,0.0,1943.5638836719522,0.0,744.2361163280481,688.8,0.0,540.4,0,0,0.0,3917,744.2361163280478
Data,176,-0.0,0.0,2235.705791376944,0.0,921.5542086230555,580.34,0.0,38.4,0,0,0.0,3776,921.554208623056
Data,177,-0.0,0.0,2366.940635513775,0.0,906.5593644862255,528.9,0.0,41.6,0,0,0.0,3844,906.5593644862251
Data,178,-0.0,0.0,2047.016997993601,0.0,1385.173002006399,486.41,0.0,38.4,0,0,0.0,3957,1385.173002006399
Data,179,-0.0,0.0,2704.9981939135128,0.0,757.201806086487,467.4,0.0,38.4,0,0,0.0,3968,757.2018060864873
Data,180,-0.0,0.0,2228.2130826746993,0.0,1337.0969173253004,436.09,0.0,41.6,0,0,0.0,4043,1337.0969173253006
Data,181,-0.0,0.0,2239.4203795599897,0.0,994.5696204400106,412.61,0.0,38.4,0,0,0.0,3685,994.5696204400103
Data,182,-0.0,0.0,2014.0261604979512,0.0,1150.6838395020488,460.69,0.0,41.6,0,0,0.0,3667,1150.6838395020488
Data,183,-0.0,0.0,2168.9277735833703,0.0,779.8422264166298,524.43,0.0,44.8,0,0,0.0,3518,779.8422264166298
Data,184,-0.0,0.0,2323.9836739086973,0.0,495.4163260913034,615.0,0.0,41.6,0,0,0.0,3476,495.4163260913027
Data,185,-0.0,0.0,2105.2064683303884,0.0,816.6835316696119,695.51,0.0,41.6,0,0,0.0,3659,816.6835316696116
Data,186,-0.0,0.0,2045.0905058916403,0.0,884.6394941083593,742.47,0.0,44.8,0,0,0.0,3717,884.6394941083597
Data,187,-0.0,0.0,2058.3435447138645,0.0,926.4164552861357,715.64,0.0,192.6,0,0,0.0,3893,926.4164552861355
Data,188,0.0,0.0,1860.712527208061,0.0,1128.617472791939,644.07,0.0,192.6,0,0,0.0,3826,1128.617472791939
Data,189,0.0,0.0,1388.2842489676314,0.0,1464.8657510323683,606.05,0.0,195.8,0,0,0.0,3655,1464.8657510323687
Data,190,0.0,0.0,1000.9551026044705,0.0,1707.0,593.75,0.0,192.6,0,-9.694897395529551,0.0,3504,1716.6948973955296
Data,191,0.0,0.0,814.4514410444543,0.0,1520.148558955546,565.8,0.0,543.6,0,0,0.0,3444,1520.1485589555457
Data,192,0.0,0.0,826.5007736770066,0.0,1567.029226322993,545.67,0.0,546.8,0,0,0.0,3486,1567.0292263229935
Data,193,0.0,0.0,1270.9460169050426,0.0,1383.5039830949572,569.15,0.0,189.4,0,0,0.0,3413,1383.5039830949574
Data,194,0.0,0.0,1288.8460632867955,0.0,1459.9539367132047,565.8,0.0,189.4,0,0,0.0,3504,1459.9539367132045
Data,195,0.0,0.0,1506.0615506993236,0.0,1341.9084493006762,573.63,0.0,189.4,0,0,0.0,3611,1341.9084493006765
Data,196,0.0,0.0,1523.1638690782802,0.0,1242.59613092172,715.64,0.0,192.6,0,0,0.0,3674,1242.5961309217198
Data,197,0.0,0.0,1455.8176719069916,0.0,1304.6123280930083,730.17,0.0,189.4,0,0,0.0,3680,1304.6123280930085
Data,198,0.0,0.0,1557.8249901361758,0.0,1118.1350098638243,715.64,0.0,189.4,0,0,0.0,3581,1118.1350098638243
Data,199,-0.0,0.0,1360.9870903326344,0.0,1399.2429096673657,656.37,0.0,38.4,0,0,0.0,3455,1399.2429096673657
Data,200,-0.0,0.0,1902.8183022596538,0.0,711.1916977403465,571.39,0.0,41.6,0,0,0.0,3227,711.1916977403462
Data,201,-0.0,0.0,1787.956112693334,0.0,946.5138873066658,512.13,0.0,38.4,0,0,0.0,3285,946.513887306666
Data,202,-0.0,0.0,1717.8122763601882,0.0,1111.1377236398116,488.65,0.0,38.4,0,0,0.0,3356,1111.1377236398118
Data,203,-0.0,0.0,1894.7179304168685,0.0,909.6520695831314,475.23,0.0,38.4,0,0,0.0,3318,909.6520695831315
Data,204,-0.0,0.0,1467.1955269781056,0.0,1338.2044730218945,492.0,0.0,41.6,0,0,0.0,3339,1338.2044730218945
Data,205,-0.0,0.0,1377.2800010629012,0.0,1364.4599989370986,452.86,0.0,38.4,0,0,0.0,3233,1364.4599989370988
Data,206,-0.0,0.0,1156.0870104522594,0.0,1438.6229895477406,460.69,0.0,41.6,0,0,0.0,3097,1438.6229895477406
Data,207,-0.0,0.0,733.087107565759,0.0,1707.0,496.47,0.0,38.4,0,-87.04289243424114,0.0,3062,1794.042892434241
Data,208,-0.0,0.0,866.8206106842572,0.0,1645.6093893157433,557.97,0.0,41.6,0,0,0.0,3112,1645.6093893157429
Data,209,-0.0,0.0,621.4775513126629,0.0,1707.0,631.77,0.0,44.8,0,-249.95244868733698,0.0,3255,1956.9524486873372
Data,210,-0.0,0.0,883.2234135427864,0.0,1707.0,678.74,0.0,41.6,0,-103.43658645721351,0.0,3414,1810.4365864572137
Data,211,-0.0,0.0,1478.700489373591,0.0,1234.459510626409,691.04,0.0,195.8,0,0,0.0,3600,1234.4595106264092
Data,212,0.0,0.0,1475.7815244110511,0.0,1227.0084755889488,658.61,0.0,192.6,0,0,0.0,3554,1227.0084755889488
Data,213,0.0,0.0,1045.80471488486,0.0,1531.75528511514,641.84,0.0,192.6,0,0,0.0,3412,1531.75528511514
Data,214,0.0,0.0,552.1455259249893,0.0,1707.0,647.43,0.0,195.8,0,-209.62447407501065,0.0,3312,1916.6244740750108
Data,215,0.0,0.0,516.9726455383493,0.0,1707.0,606.05,0.0,192.6,0,-136.377354461651,0.0,3159,1843.3773544616508
Data,216,0.0,0.0,298.1537102163088,0.0,1707.0,613.88,0.0,192.6,0,-378.36628978369123,0.0,3190,2085.366289783691
Data,217,0.0,0.0,308.1255428484543,0.0,1707.0,581.45,0.0,189.4,0,-338.0244571515453,0.0,3124,2045.0244571515457
Data,218,0.0,0.0,259.42820475164166,0.0,1707.0,592.64,0.0,192.6,0,-487.3317952483585,0.0,3239,2194.3317952483585
Data,219,0.0,0.0,323.6358490392279,0.0,1707.0,622.83,0.0,189.4,0,-464.1341509607721,0.0,3307,2171.134150960772
Data,220,0.0,0.0,282.0941629775108,0.0,1707.0,723.46,0.0,189.4,0,-515.0458370224891,0.0,3417,2222.045837022489
Data,221,0.0,0.0,276.8239546689871,0.0,1707.0,759.25,0.0,189.4,0,-521.5260453310129,0.0,3454,2228.526045331013
Data,222,0.0,0.0,449.2483481338187,0.0,1707.0,787.2,0.0,192.6,0,-234.95165186618112,0.0,3371,1941.9516518661812
Data,223,-0.0,0.0,415.85993685262804,-0.0,1707.0,717.87,0.0,189.4,0,-213.87006314737198,0.0,3244,1920.8700631473719
Data,224,-0.0,0.0,531.238885314146,-0.0,1707.0,615.0,0.0,38.4,0,-123.36111468585385,0.0,3015,1830.3611146858539
Data,225,-0.0,0.0,419.46735433129885,0.0,1707.0,587.05,0.0,38.4,0,-267.08264566870133,0.0,3019,1974.0826456687012
Data,226,-0.0,0.0,255.38606158179724,0.0,1707.0,553.5,0.0,38.4,0,-481.7139384182027,0.0,3036,2188.713938418203
Data,227,-0.0,0.0,393.17776197062125,0.0,1707.0,540.08,0.0,38.4,0,-321.34223802937873,0.0,3000,2028.3422380293787
Data,228,-0.0,0.0,364.59051549322595,0.0,1707.0,521.07,0.0,41.6,0,-360.739484506774,0.0,2995,2067.739484506774
Data,229,-0.0,0.0,153.46290813755374,0.0,1707.0,514.36,0.0,38.4,0,-671.777091862446,0.0,3085,2378.7770918624465
Data,230,-0.0,0.0,352.9647399604655,0.0,1707.0,542.32,0.0,38.4,0,-414.3152600395342,0.0,3055,2121.315260039534
Data,231,-0.0,0.0,702.4352820831326,0.0,1707.0,581.45,0.0,41.6,0,-6.51471791686719,0.0,3039,1713.5147179168673
Data,232,-0.0,0.0,627.1420908753406,0.0,1707.0,607.17,0.0,41.6,0,-106.08790912465945,0.0,3089,1813.0879091246595
Data,233,-0.0,0.0,721.9969541951699,0.0,1707.0,655.25,0.0,41.6,0,-42.153045804830235,0.0,3168,1749.15304580483
Data,234,-0.0,0.0,678.3556524278669,0.0,1707.0,738.0,0.0,195.8,0,-32.84434757213301,0.0,3352,1739.844347572133
Data,235,-0.0,0.0,946.668561128411,-0.0,1617.001438871589,782.73,0.0,192.6,0,0,0.0,3539,1617.001438871589
Data,236,0.0,0.0,1514.0785013158777,0.0,1043.7714986841227,771.55,0.0,192.6,0,0,0.0,3522,1043.7714986841224
Data,237,0.0,0.0,1857.4153660950549,0.0,618.6346339049454,722.35,0.0,192.6,0,0,0.0,3391,618.6346339049451
Data,238,0.0,0.0,2123.946999627949,0.0,234.94300037205164,695.51,0.0,192.6,0,0,0.0,3247,234.943000372051
Data,239,0.0,0.0,1768.2262842498465,0.0,450.5437157501538,696.63,0.0,192.6,0,0,0.0,3108,450.5437157501535
Data,240,0.0,0.0,1835.5477466889627,0.0,415.35225331103743,676.5,0.0,192.6,0,0,0.0,3120,415.3522533110373
Data,241,0.0,0.0,2016.6565393152516,0.0,219.87346068474818,644.07,0.0,189.4,0,0,0.0,3070,219.87346068474832
Data,242,0.0,0.0,1772.1886248573267,0.0,568.8613751426736,648.55,0.0,189.4,0,0,0.0,3179,568.8613751426734
Data,243,0.0,0.0,1596.9511613645632,0.0,805.3988386354373,729.05,0.0,192.6,0,0,0.0,3324,805.3988386354368
Data,244,0.0,0.0,2037.0054417704077,0.0,372.674558229592,812.92,0.0,189.4,0,0,0.0,3412,372.6745582295923
Data,245,0.0,0.0,2318.787721039286,0.0,98.88227896071383,831.93,0.0,189.4,0,0,0.0,3439,98.88227896071382
Data,246,0.0,0.0,1942.838191368565,0.0,448.66180863143484,824.1,0.0,189.4,0,0,0.0,3405,448.66180863143495
Data,247,-0.0,0.0,1310.041713290994,0.0,1188.288286709006,816.27,0.0,189.4,0,0,0.0,3504,1188.288286709006
Data,248,-0.0,0.0,1901.9175088939844,0.0,796.6124911060153,767.07,0.0,38.4,0,0,0.0,3504,796.6124911060156
Data,249,-0.0,0.0,1470.3033974255322,0.0,1484.4466025744675,660.85,0.0,38.4,0,0,0.0,3654,1484.4466025744678
Data,250,-0.0,0.0,961.359340834593,0.0,1707.0,673.15,0.0,38.4,0,-362.0906591654067,0.0,3742,2069.090659165407
Data,251,-0.0,0.0,1062.4380003386693,0.0,1707.0,646.31,0.0,38.4,0,-162.85199966133058,0.0,3617,1869.8519996613306
Data,252,-0.0,0.0,930.5052567911188,0.0,1707.0,617.24,0.0,38.4,0,-288.8547432088808,0.0,3582,1995.8547432088812
Data,253,-0.0,0.0,1193.8332505198482,0.0,1517.3567494801518,609.41,0.0,38.4,0,0,0.0,3359,1517.3567494801518
Data,254,-0.0,0.0,874.5956496198996,0.0,1707.0,638.48,0.0,38.4,0,-221.52435038010023,0.0,3480,1928.5243503801003
Data,255,-0.0,0.0,1031.2273961241058,0.0,1675.522603875894,679.85,0.0,38.4,0,0,0.0,3425,1675.5226038758942
Data,256,-0.0,0.0,903.4560795053134,0.0,1707.0,745.83,0.0,38.4,0,-30.313920494686627,0.0,3425,1737.3139204946865
Data,257,-0.0,0.0,836.9763509301802,0.0,1640.52364906982,848.7,0.0,195.8,0,0,0.0,3522,1640.5236490698198
Data,258,-0.0,0.0,729.3007196897913,0.0,1329.549280310209,913.55,0.0,543.6,0,0,0.0,3516,1329.5492803102088
Data,259,-0.0,0.0,726.9640451666137,-0.0,1477.8159548333865,923.62,0.0,543.6,0,0,0.0,3672,1477.8159548333863
Data,260,0.0,0.0,983.4432451799137,0.0,1410.8923548200862,868.83,0.0,359.8344,0,0,0.0,3623,1410.8923548200862
Data,261,0.0,0.0,571.2935684039428,0.0,1450.2764315960574,868.83,0.0,543.6,0,0,0.0,3434,1450.2764315960571
Data,262,0.0,0.0,917.9254597736314,0.0,932.4145402263688,871.06,0.0,543.6,0,0,0.0,3265,932.4145402263687
Data,263,0.0,0.0,562.3996982017442,0.0,1132.1203017982557,859.88,0.0,543.6,0,0,0.0,3098,1132.1203017982557
Data,264,0.0,0.0,874.9071635452623,0.0,813.0328364547378,846.46,0.0,543.6,0,0,0.0,3078,813.0328364547377
Data,265,0.0,0.0,1957.0933899693164,0.0,0.0,893.43,0.0,540.4,0,372.9233899693163,0.0,3018,-372.9233899693163
Data,266,0.0,0.0,1881.568017098317,0.0,0.0,916.91,0.0,543.6,0,215.07801709831662,0.0,3127,-215.07801709831688
Data,267,0.0,0.0,1858.7573507550517,0.0,0.0,931.45,0.0,540.4,0,73.60735075505187,0.0,3257,-73.6073507550517
Data,268,0.0,0.0,1852.8270827566519,0.0,0.0,948.22,0.0,540.4,0,-28.552917243347963,0.0,3370,28.552917243348134
Data,269,0.0,0.0,1938.5106646393517,0.0,0.0,954.93,0.0,540.4,0,29.8406646393517,0.0,3404,-29.840664639351644
Data,270,0.0,0.0,1972.4957889935517,0.0,0.0,952.69,0.0,540.4,0,89.58578899355194,0.0,3376,-89.58578899355177
Data,271,-0.0,0.0,1731.953042685352,0.0,191.5691228287998,919.15,0.0,189.4,0,-397.9278344858478,0.0,3430,589.496957314648
Data,272,-0.0,0.0,1712.121800276665,0.0,695.5081997233351,877.77,0.0,41.6,0,0,0.0,3327,695.508199723335
Data,273,-0.0,0.0,1756.3544642858976,0.0,915.255535714102,841.99,0.0,38.4,0,0,0.0,3552,915.2555357141024
Data,274,-0.0,0.0,1461.7586398732938,0.0,1289.271360126706,828.57,0.0,38.4,0,0,0.0,3618,1289.2713601267062
Data,275,-0.0,0.0,771.3908219919455,0.0,1707.0,830.81,0.0,38.4,0,-237.39917800805438,0.0,3585,1944.3991780080546
Data,276,-0.0,0.0,1296.217640761592,0.0,1425.872359238408,818.51,0.0,38.4,0,0,0.0,3579,1425.8723592384079
Data,277,-0.0,0.0,1072.0103927034418,0.0,1391.9096072965583,810.68,0.0,38.4,0,0,0.0,3313,1391.9096072965583
Data,278,-0.0,0.0,990.4363794424776,0.0,1599.8236205575224,826.34,0.0,38.4,0,0,0.0,3455,1599.8236205575224
Data,279,-0.0,0.0,1135.5381033699146,0.0,1465.361896630085,848.7,0.0,38.4,0,0,0.0,3488,1465.3618966300853
Data,280,-0.0,0.0,1152.656970699042,0.0,1419.8130293009576,881.13,0.0,38.4,0,0,0.0,3492,1419.813029300958
Data,281,-0.0,0.0,856.4885485461764,0.0,1607.0114514538236,897.9,0.0,192.6,0,0,0.0,3554,1607.0114514538236
Data,282,-0.0,0.0,848.0627492645275,0.0,1330.9072507354729,893.43,0.0,543.6,0,0,0.0,3616,1330.9072507354726
Data,283,-0.0,0.0,927.542716701844,-0.0,1328.3072832981563,913.55,0.0,543.6,0,0,0.0,3713,1328.307283298156
Data,284,0.0,0.0,849.1423233945424,0.0,1297.8076766054573,931.45,0.0,543.6,0,0,0.0,3622,1297.8076766054576
Data,285,0.0,0.0,904.8350256487341,0.0,1053.7649743512661,934.8,0.0,543.6,0,0,0.0,3437,1053.764974351266
Data,286,0.0,0.0,1021.4244405957382,0.0,781.7655594042618,929.21,0.0,543.6,0,0,0.0,3276,781.7655594042617
Data,287,0.0,0.0,1060.6915129925214,0.0,584.4584870074784,901.25,0.0,543.6,0,0,0.0,3090,584.4584870074785
Data,288,0.0,0.0,1104.6836467608496,0.0,536.4063532391507,892.31,0.0,543.6,0,0,0.0,3077,536.4063532391505
Data,289,0.0,0.0,1746.2962302195035,0.0,0.0,880.01,0.0,543.6,0,143.9062302195034,0.0,3026,-143.90623021950353
Data,290,0.0,0.0,1600.3560208974272,0.0,91.5754742993394,886.72,0.0,540.4,0,-4.948504803233089,0.0,3124,96.52397910257275
Data,291,0.0,0.0,1395.410879034904,0.0,438.9391209650961,901.25,0.0,540.4,0,0,0.0,3276,438.9391209650961
Data,292,0.0,0.0,1943.2083602865464,0.0,0.0,940.39,0.0,540.4,0,41.9983602865463,0.0,3382,-41.99836028654636
Data,293,0.0,0.0,2071.5272206008026,0.0,0.0,954.93,0.0,540.4,0,142.85722060080258,0.0,3424,-142.85722060080252
Data,294,0.0,0.0,1969.0673844185324,0.0,0.0,959.4,0.0,540.4,0,20.86738441853245,0.0,3448,-20.86738441853231
Data,295,-0.0,0.0,1707.8519712180503,0.0,713.5980287819496,919.15,0.0,189.4,0,0,0.0,3530,713.5980287819498
Data,296,-0.0,0.0,2006.0174387443908,0.0,584.4425612556093,900.14,0.0,38.4,0,0,0.0,3529,584.4425612556092
Data,297,-0.0,0.0,1590.5279077870114,0.0,1266.8820922129885,891.19,0.0,38.4,0,0,0.0,3787,1266.8820922129885
Data,298,-0.0,0.0,1104.9000448238776,0.0,1707.0,899.02,0.0,38.4,0,-161.67995517612232,0.0,3911,1868.6799551761223
Data,299,-0.0,0.0,1534.633391404271,0.0,1424.446608595729,911.32,0.0,41.6,0,0,0.0,3912,1424.446608595729
Data,300,-0.0,0.0,1427.7574310733044,0.0,1538.5825689266958,920.26,0.0,38.4,0,0,0.0,3925,1538.5825689266956
Data,301,-0.0,0.0,1482.301190554177,0.0,1349.948809445823,864.35,0.0,38.4,0,0,0.0,3735,1349.948809445823
Data,302,-0.0,0.0,1392.417118435236,0.0,1532.8428815647642,900.14,0.0,41.6,0,0,0.0,3867,1532.842881564764
Data,303,-0.0,0.0,1621.440598711828,0.0,1245.4694012881719,903.49,0.0,41.6,0,0,0.0,3812,1245.469401288172
Data,304,-0.0,0.0,1681.0205325513061,0.0,1119.3794674486935,934.8,0.0,44.8,0,0,0.0,3780,1119.379467448694
Data,305,-0.0,0.0,1143.9787061650575,0.0,1157.4412938349424,945.98,0.0,543.6,0,0,0.0,3791,1157.4412938349424
Data,306,-0.0,0.0,993.74304438799,0.0,1313.3469556120097,966.11,0.0,546.8,0,0,0.0,3820,1313.3469556120099
Data,307,-0.0,0.0,655.2619251897697,0.0,1707.0,1010.84,0.0,543.6,0,-12.298074810230165,0.0,3929,1719.2980748102302
Data,308,0.0,0.0,481.8117185930082,0.0,1707.0,1004.13,0.0,546.8,0,-118.25828140699147,0.0,3858,1825.258281406992
Data,309,0.0,0.0,557.0005205388087,0.0,1578.449479461191,992.95,0.0,543.6,0,0,0.0,3672,1578.4494794611912
Data,310,0.0,0.0,582.8029917506022,0.0,1370.5670082493975,991.83,0.0,546.8,0,0,0.0,3492,1370.5670082493978
Data,311,0.0,0.0,623.8536474623241,0.0,1171.246352537676,996.3,0.0,543.6,0,0,0.0,3335,1171.2463525376759
Data,312,0.0,0.0,576.7127838979121,0.0,1277.5572161020878,954.93,0.0,546.8,0,0,0.0,3356,1277.557216102088
Data,313,0.0,0.0,616.0212296327318,0.0,1159.1887703672683,940.39,0.0,540.4,0,0,0.0,3256,1159.1887703672683
Data,314,0.0,0.0,546.5638284217707,0.0,1332.7561715782292,958.28,0.0,540.4,0,0,0.0,3378,1332.7561715782294
Data,315,0.0,0.0,543.5558496567708,0.0,1428.6041503432293,986.24,0.0,543.6,0,0,0.0,3502,1428.6041503432293
Data,316,0.0,0.0,570.2903297491064,0.0,1467.2396702508934,1013.07,0.0,540.4,0,0,0.0,3591,1467.2396702508936
Data,317,0.0,0.0,781.3769009152533,0.0,1308.1730990847468,1029.85,0.0,543.6,0,0,0.0,3663,1308.1730990847468
Data,318,0.0,0.0,979.0172447335447,0.0,1055.5627552664553,1022.02,0.0,540.4,0,0,0.0,3597,1055.5627552664555
Data,319,-0.0,0.0,1043.3025573603527,0.0,966.7474426396474,1017.55,0.0,540.4,0,0,0.0,3568,966.7474426396474
Data,320,-0.0,0.0,1411.4805588367583,0.0,561.2094411632418,990.71,0.0,543.6,0,0,0.0,3507,561.2094411632416
Data,321,-0.0,0.0,1225.582263948358,0.0,961.6777360516417,949.34,0.0,540.4,0,0,0.0,3677,961.6777360516419
Data,322,-0.0,0.0,1263.616146971603,0.0,1062.103853028397,933.68,0.0,543.6,0,0,0.0,3803,1062.103853028397
Data,323,-0.0,0.0,1770.9411995655419,0.0,580.8088004344581,906.85,0.0,540.4,0,0,0.0,3799,580.8088004344581
Data,324,-0.0,0.0,1416.1492945106584,0.0,930.7971054893414,901.25,0.0,509.8036,0,0,0.0,3758,930.7971054893417
Data,325,-0.0,0.0,1443.3125290810694,0.0,1004.4774709189305,904.61,0.0,192.6,0,0,0.0,3545,1004.4774709189305
Data,326,-0.0,0.0,1510.787093179847,0.0,999.9029068201529,916.91,0.0,189.4,0,0,0.0,3617,999.902906820153
Data,327,-0.0,0.0,1290.9395813844624,0.0,1149.3396186155373,937.04,0.0,217.6808,0,0,0.0,3595,1149.3396186155376
Data,328,-0.0,0.0,1544.5174693502754,0.0,781.6491306497247,928.09,0.0,352.7434,0,0,0.0,3607,781.6491306497246
Data,329,-0.0,0.0,1590.5282734981483,0.0,597.2517265018519,923.62,0.0,543.6,0,0,0.0,3655,597.2517265018516
Data,330,-0.0,0.0,1520.3804028137677,0.0,704.6795971862324,949.34,0.0,543.6,0,0,0.0,3718,704.6795971862323
Data,331,-0.0,0.0,1181.3497535370013,0.0,1195.4302464629984,997.42,0.0,546.8,0,0,0.0,3921,1195.4302464629986
Data,332,0.0,0.0,1252.5569598590314,0.0,1061.5330401409688,1015.31,0.0,543.6,0,0,0.0,3873,1061.5330401409688
Data,333,-0.0,0.0,1241.7167267682084,0.0,1255.6575732317915,1004.13,0.0,202.4957,0,0,0.0,3704,1255.6575732317915
Data,334,0.0,0.0,1630.4181728012709,0.0,630.2828271987293,972.82,0.0,274.479,0,0,0.0,3508,630.2828271987291
Data,335,0.0,0.0,1674.495608528429,0.0,481.7950914715709,967.23,0.0,258.4793,0,0,0.0,3382,481.79509147157086
Data,336,0.0,0.0,2332.821308291381,0.0,0.0,939.27,0.0,543.6,0,419.6913082913807,0.0,3396,-419.6913082913808
Data,337,0.0,0.0,2605.5512854877443,0.0,0.0,925.85,0.0,543.6,0,725.001285487744,0.0,3350,-725.0012854877443
Data,338,0.0,0.0,2912.992466716628,0.0,0.0,924.74,0.0,540.4,0,961.1324667166277,0.0,3417,-961.1324667166278
Data,339,0.0,0.0,2723.8110063866334,0.0,0.0,940.39,0.0,540.4,0,689.6010063866333,0.0,3515,-689.6010063866333
Data,340,0.0,0.0,2369.165669720271,0.0,0.0,962.75,0.0,543.6,0,235.51566972027098,0.0,3640,-235.51566972027115
Data,341,0.0,0.0,2659.2153689557,0.0,0.0,986.24,0.0,540.4,0,418.8553689557001,0.0,3767,-418.8553689556999
Data,342,0.0,0.0,2681.0407558364714,0.0,0.0,997.42,0.0,540.4,0,528.8607558364713,0.0,3690,-528.8607558364713
Data,343,-0.0,0.0,3213.2975793544656,0.0,0.0,992.95,0.0,543.6,0,1022.8475793544658,0.0,3727,-1022.8475793544657
Data,344,-0.0,0.0,3343.900642932924,0.0,0.0,943.75,0.0,540.4,0,1193.0506429329241,0.0,3635,-1193.050642932924
Data,345,-0.0,0.0,2465.306789779799,0.0,0.0,890.07,0.0,540.4,0,19.77678977979945,0.0,3876,-19.776789779799174
Data,346,-0.0,0.0,2138.7676140642848,0.0,0.0,880.01,0.0,543.6,0,-437.6223859357153,0.0,4000,437.6223859357152
Data,347,-0.0,0.0,2217.489383115814,0.0,0.0,881.13,0.0,540.4,0,-304.980616884186,0.0,3944,304.98061688418625
Data,348,-0.0,0.0,2605.872741821834,0.0,0.0,862.12,0.0,540.4,0,142.39274182183397,0.0,3866,-142.39274182183408
Data,349,-0.0,0.0,2767.6792462911035,0.0,0.0,828.57,0.0,543.6,0,420.84924629110384,0.0,3719,-420.84924629110355
Data,350,-0.0,0.0,2623.526248960412,0.0,0.0,841.99,0.0,540.4,0,256.9162489604123,0.0,3749,-256.91624896041196
Data,351,-0.0,0.0,2567.412337655843,0.0,0.0,844.23,0.0,543.6,0,310.2423376558431,0.0,3645,-310.24233765584324
Data,352,-0.0,0.0,2464.290283529651,0.0,0.0,841.99,0.0,546.8,0,257.08028352965107,0.0,3596,-257.08028352965084
Data,353,-0.0,0.0,2235.0220529936887,0.0,0.0,867.71,0.0,543.6,0,1.3320529936886976,0.0,3645,-1.3320529936887624
Data,354,-0.0,0.0,1946.0472717629561,0.0,0.0,915.79,0.0,543.6,0,-333.562728237044,0.0,3739,333.56272823704387
Data,355,-0.0,0.0,1695.9042718295382,0.0,0.0,939.27,0.0,543.6,0,-770.2257281704618,0.0,3949,770.2257281704618
Data,356,0.0,0.0,1592.2250066786657,0.0,0.0,919.15,0.0,546.8,0,-898.824993321334,0.0,3957,898.8249933213343
Data,357,-0.0,0.0,1567.7053574980066,0.0,0.0,892.31,0.0,543.6,0,-757.3846425019935,0.0,3761,757.3846425019934
Data,358,0.0,0.0,1107.175068675255,0.0,1071.574931324745,857.65,0.0,543.6,0,0,0.0,3580,1071.574931324745
Data,359,0.0,0.0,925.6534469059497,0.0,0.0,852.05,0.0,546.8,0,-1160.49655309405,0.0,3485,1160.4965530940503
Data,360,0.0,0.0,975.1028072200966,0.0,0.0,819.63,0.0,543.6,0,-1168.6671927799034,0.0,3507,1168.6671927799034
Data,361,0.0,0.0,957.4962824846664,0.0,1059.1237175153335,822.98,0.0,540.4,0,0,0.0,3380,1059.1237175153337
Data,362,0.0,0.0,1070.9787379322463,0.0,1011.0512620677533,828.57,0.0,540.4,0,0,0.0,3451,1011.0512620677537
Data,363,0.0,0.0,1176.947020775961,0.0,1007.2729792240393,872.18,0.0,543.6,0,0,0.0,3600,1007.2729792240391
Data,364,0.0,0.0,1017.6065481184723,0.0,595.4643757988476,923.62,0.0,540.4,0,-630.90907608268,0.0,3708,1226.3734518815277
Data,365,0.0,0.0,1600.1287241817938,0.0,651.0212758182058,931.45,0.0,540.4,0,0,0.0,3723,651.0212758182062
Data,366,0.0,0.0,1091.1231725809337,0.0,1054.9768274190662,922.5,0.0,540.4,0,0,0.0,3609,1054.9768274190665
Data,367,-0.0,0.0,842.471755836818,-0.0,1184.108244163182,899.02,0.0,540.4,0,0,0.0,3466,1184.108244163182
Data,368,-0.0,0.0,1000.8716807107139,-0.0,1349.8183192892861,867.71,0.0,41.6,0,0,0.0,3260,1349.8183192892861
Data,369,-0.0,0.0,905.4321960313246,0.0,1490.5178039686753,857.65,0.0,38.4,0,0,0.0,3292,1490.5178039686755
Data,370,-0.0,0.0,1271.7104448252371,0.0,1183.019555174763,840.87,0.0,38.4,0,0,0.0,3334,1183.019555174763
Data,371,-0.0,0.0,1584.9243573295628,0.0,867.7256426704373,820.75,0.0,41.6,0,0,0.0,3315,867.7256426704372
Data,372,-0.0,0.0,1736.7559471293127,0.0,655.634052870687,806.21,0.0,38.4,0,0,0.0,3237,655.6340528706872
Data,373,-0.0,0.0,2056.8726692568866,0.0,292.21733074311317,695.51,0.0,38.4,0,0,0.0,3083,292.2173307431134
Data,374,-0.0,0.0,1996.5791387522568,0.0,296.26086124774326,686.56,0.0,41.6,0,0,0.0,3021,296.26086124774326
Data,375,-0.0,0.0,1935.1754387778353,0.0,265.17456122216464,679.85,0.0,44.8,0,0,0.0,2925,265.17456122216464
Data,376,-0.0,0.0,1606.8883162127593,0.0,566.1716837872407,703.34,0.0,41.6,0,0,0.0,2918,566.1716837872407
Data,377,-0.0,0.0,1590.7068842082588,0.0,668.3731157917412,788.32,0.0,41.6,0,0,0.0,3089,668.3731157917412
Data,378,-0.0,0.0,1308.5363348604462,0.0,974.1736651395538,829.69,0.0,192.6,0,0,0.0,3305,974.1736651395537
Data,379,-0.0,0.0,1115.251447948145,0.0,1058.0985520518554,852.05,0.0,543.6,0,0,0.0,3569,1058.0985520518552
Data,380,0.0,0.0,1067.7126756912155,0.0,1498.6673243087841,849.82,0.0,195.8,0,0,0.0,3612,1498.6673243087844
Data,381,0.0,0.0,950.3426857750758,0.0,1501.607314224924,827.45,0.0,192.6,0,0,0.0,3472,1501.6073142249243
Data,382,0.0,0.0,928.1547165874275,0.0,1354.2052834125725,814.04,0.0,192.6,0,0,0.0,3289,1354.2052834125725
Data,383,0.0,0.0,1238.5792777511513,0.0,929.0607222488486,809.56,0.0,195.8,0,0,0.0,3173,929.0607222488488
Data,384,0.0,0.0,1611.2879622075561,0.0,375.7520377924438,760.36,0.0,543.6,0,0,0.0,3291,375.75203779244384
Data,385,0.0,0.0,2171.676630075346,0.0,128.55336992465413,779.37,0.0,189.4,0,0,0.0,3269,128.55336992465388
Data,386,0.0,0.0,1968.20876457487,0.0,417.72123542513,791.67,0.0,189.4,0,0,0.0,3367,417.7212354251301
Data,387,0.0,0.0,2641.659228059806,0.0,0.0,835.28,0.0,189.4,0,187.339228059806,0.0,3479,-187.33922805980606
Data,388,0.0,0.0,2119.301570160887,0.0,28.948429839112904,864.35,0.0,540.4,0,0,0.0,3553,28.948429839113032
Data,389,0.0,0.0,2159.96770077718,0.0,211.44395537198437,869.95,0.0,189.4,0,-159.23834385083512,0.0,3590,370.6822992228198
Data,390,0.0,0.0,2065.5597062808633,0.0,297.3402937191363,848.7,0.0,189.4,0,0,0.0,3401,297.34029371913664
Data,391,-0.0,0.0,2034.2143421932278,0.0,331.27565780677185,843.11,0.0,38.4,0,0,0.0,3247,331.2756578067722
Data,392,-0.0,0.0,1850.4785792939565,0.0,414.0514207060433,767.07,0.0,38.4,0,0,0.0,3070,414.0514207060435
Data,393,-0.0,0.0,1593.964150046419,0.0,787.5758499535809,748.06,0.0,38.4,0,0,0.0,3168,787.575849953581
Data,394,-0.0,0.0,1009.3913764375006,0.0,1462.928623562499,712.28,0.0,38.4,0,0,0.0,3223,1462.9286235624993
Data,395,-0.0,0.0,1833.9227743795227,0.0,803.0272256204769,611.65,0.0,38.4,0,0,0.0,3287,803.0272256204773
Data,396,-0.0,0.0,2133.157939110776,0.0,466.3320608892237,597.11,0.0,38.4,0,0,0.0,3235,466.33206088922384
Data,397,-0.0,0.0,2125.4043319640127,0.0,420.2556680359873,604.94,0.0,38.4,0,0,0.0,3189,420.25566803598724
Data,398,-0.0,0.0,2645.0164211783513,0.0,0.0,654.14,0.0,38.4,0,140.5564211783509,0.0,3197,-140.55642117835126
Data,399,-0.0,0.0,2297.207755060406,0.0,21.479286937995937,691.04,0.0,44.8,0,-119.47295800159827,0.0,3174,140.9522449395942
Data,400,-0.0,0.0,2446.234024762173,0.0,0.0,704.45,0.0,38.4,0,47.08402476217293,0.0,3142,-47.08402476217284
Data,401,-0.0,0.0,2770.0589041788726,0.0,0.0,797.26,0.0,44.8,0,432.11890417887275,0.0,3180,-432.1189041788726
Data,402,-0.0,0.0,2026.166193706039,0.0,0.0,849.82,0.0,543.6,0,61.58619370603893,0.0,3358,-61.58619370603901
Data,403,-0.0,0.0,2335.766926600009,0.0,0.0,864.35,0.0,543.6,0,149.71692660000892,0.0,3594,-149.71692660000895
Data,404,0.0,0.0,1662.891773881298,0.0,0.0,838.64,0.0,543.6,0,-581.8682261187022,0.0,3627,581.8682261187021
Data,405,0.0,0.0,1820.1087861860249,0.0,303.5212138139754,803.97,0.0,540.4,0,0,0.0,3468,303.5212138139751
Data,406,0.0,0.0,1866.4743265011616,0.0,131.83567349883833,805.09,0.0,543.6,0,0,0.0,3347,131.83567349883833
Data,407,0.0,0.0,1973.9326683828308,0.0,0.0,796.15,0.0,543.6,0,169.6826683828308,0.0,3144,-169.6826683828308
Data,408,0.0,0.0,1903.077076247744,0.0,0.0,750.3,0.0,543.6,0,73.97707624774358,0.0,3123,-73.97707624774387
Data,409,0.0,0.0,1849.3755142378036,0.0,0.0,758.13,0.0,540.4,0,22.905514237803878,0.0,3125,-22.905514237803573
Data,410,0.0,0.0,1824.9483588306498,0.0,0.0,776.02,0.0,540.4,0,-111.63164116935015,0.0,3253,111.63164116935025
Data,411,0.0,0.0,1782.5142410594347,0.0,227.57575894056518,818.51,0.0,540.4,0,0,0.0,3369,227.57575894056538
Data,412,0.0,0.0,2078.8163622106736,0.0,0.0,855.41,0.0,540.4,0,16.626362210673104,0.0,3458,-16.626362210673506
Data,413,0.0,0.0,2328.544476453763,0.0,0.0,862.12,0.0,540.4,0,231.06447645376286,0.0,3500,-231.06447645376284
Data,414,0.0,0.0,1660.1950802686479,0.0,384.23491973135185,853.17,0.0,540.4,0,0,0.0,3438,384.2349197313522
Data,415,-0.0,0.0,1881.8906307523137,0.0,261.3593692476866,845.35,0.0,540.4,0,0,0.0,3529,261.35936924768635
Data,416,-0.0,0.0,1704.201231326205,0.0,503.998768673795,836.4,0.0,540.4,0,0,0.0,3585,503.998768673795
Data,417,-0.0,0.0,1859.6077475328552,0.0,295.0542949922755,694.39,0.0,540.4,0,-330.5479574748694,0.0,3720,625.6022524671448
Data,418,-0.0,0.0,1644.981612309789,0.0,969.8783876902106,678.74,0.0,540.4,0,0,0.0,3834,969.8783876902111
Data,419,-0.0,0.0,1581.6102707617001,0.0,1124.5597292383,647.43,0.0,540.4,0,0,0.0,3894,1124.5597292383
Data,420,-0.0,0.0,1629.7262887937768,0.0,1089.393711206223,638.48,0.0,540.4,0,0,0.0,3898,1089.393711206223
Data,421,-0.0,0.0,2300.190430022287,0.0,159.34956997771292,625.06,0.0,540.4,0,0,0.0,3625,159.34956997771326
Data,422,-0.0,0.0,2022.7735497353208,0.0,520.9764502646793,660.85,0.0,540.4,0,0,0.0,3745,520.9764502646792
Data,423,-0.0,0.0,1966.080767373096,0.0,625.2892326269039,672.03,0.0,543.6,0,0,0.0,3807,625.289232626904
Data,424,-0.0,0.0,2083.758688324523,0.0,511.5513116754772,682.09,0.0,543.6,0,0,0.0,3821,511.5513116754769
Data,425,-0.0,0.0,1942.6077568760868,0.0,592.6422431239133,765.95,0.0,546.8,0,0,0.0,3848,592.6422431239132
Data,426,-0.0,0.0,2058.229233004577,0.0,434.020766995423,815.15,0.0,543.6,0,0,0.0,3851,434.02076699542295
Data,427,-0.0,0.0,1963.6342292778165,0.0,571.1257707221837,838.64,0.0,543.6,0,0,0.0,3917,571.1257707221835
Data,428,0.0,0.0,1993.6426314838473,0.0,450.9373685161527,849.82,0.0,543.6,0,0,0.0,3838,450.9373685161527
Data,429,0.0,0.0,1878.679196591315,0.0,376.5608034086853,834.16,0.0,543.6,0,0,0.0,3633,376.56080340868493
Data,430,0.0,0.0,2111.7823074441476,0.0,0.0,826.34,0.0,543.6,0,36.72230744414752,0.0,3445,-36.722307444147646
Data,431,0.0,0.0,1966.4332410477152,0.0,33.89675895228473,767.07,0.0,543.6,0,0,0.0,3311,33.8967589522847
Data,432,0.0,0.0,1914.4463510184482,0.0,100.41364898155193,752.54,0.0,543.6,0,0,0.0,3311,100.41364898155177
Data,433,0.0,0.0,1845.664533988742,0.0,94.105466011258,745.83,0.0,540.4,0,0,0.0,3226,94.10546601125793
Data,434,0.0,0.0,1998.3479612427502,0.0,26.3620387572498,755.89,0.0,540.4,0,0,0.0,3321,26.36203875724982
Data,435,0.0,0.0,2097.4394075329396,0.0,41.15059246706059,757.01,0.0,540.4,0,0,0.0,3436,41.15059246706039
Data,436,0.0,0.0,2183.3936945526925,0.0,24.58630544730726,800.62,0.0,540.4,0,0,0.0,3549,24.586305447307495
Data,437,0.0,0.0,2155.0541916319685,0.0,88.59184704050573,801.74,0.0,540.4,0,-31.213961327525393,0.0,3617,119.80580836803153
Data,438,0.0,0.0,2198.300741421187,0.0,3.8592585788128844,789.44,0.0,540.4,0,0,0.0,3532,3.8592585788129554
Data,439,-0.0,0.0,2315.426868925681,0.0,0.0,772.66,0.0,543.6,0,95.68686892568086,0.0,3536,-95.68686892568098
Data,440,-0.0,0.0,2128.040874949098,0.0,420.15528646407313,767.07,0.0,38.4,0,-81.33383858682873,0.0,3435,501.489125050902
Data,441,-0.0,0.0,1931.5089032511873,0.0,894.9810967488124,720.11,0.0,38.4,0,0,0.0,3585,894.9810967488127
Data,442,-0.0,0.0,1957.8817142360224,0.0,979.4382857639771,712.28,0.0,38.4,0,0,0.0,3688,979.4382857639777
Data,443,-0.0,0.0,2211.420949404517,0.0,797.2790505954824,651.9,0.0,38.4,0,0,0.0,3699,797.2790505954829
Data,444,-0.0,0.0,2442.1405633006293,0.0,518.7294366993709,659.73,0.0,38.4,0,0,0.0,3659,518.7294366993707
Data,445,-0.0,0.0,3145.113569812231,0.0,0.0,608.29,0.0,38.4,0,363.80356981223105,0.0,3428,-363.8035698122311
Data,446,-0.0,0.0,3044.9116422775624,0.0,0.0,634.01,0.0,38.4,0,246.32164227756218,0.0,3471,-246.32164227756235
Data,447,-0.0,0.0,3025.487965980615,0.0,0.0,667.55,0.0,41.6,0,359.6379659806148,0.0,3375,-359.63796598061515
Data,448,-0.0,0.0,2751.784659234871,0.0,0.0,658.61,0.0,41.6,0,105.99465923487112,0.0,3346,-105.99465923487102
Data,449,-0.0,0.0,2770.9803270896377,0.0,0.0,768.19,0.0,41.6,0,104.77032708963768,0.0,3476,-104.77032708963779
Data,450,-0.0,0.0,2917.3907787756048,0.0,0.0,807.33,0.0,543.6,0,736.3207787756046,0.0,3532,-736.3207787756048
Data,451,-0.0,0.0,2736.4952260079203,0.0,0.0,820.75,0.0,543.6,0,393.84522600792036,0.0,3707,-393.84522600792036
Data,452,0.0,0.0,2459.1846589532547,0.0,0.0,818.51,0.0,543.6,0,76.29465895325446,0.0,3745,-76.29465895325473
Data,453,0.0,0.0,2623.3695580935255,0.0,0.0,809.56,0.0,546.8,0,418.7295580935257,0.0,3561,-418.7295580935254
Data,454,0.0,0.0,2629.919109575097,0.0,0.0,808.45,0.0,543.6,0,590.9691095750969,0.0,3391,-590.9691095750971
Data,455,0.0,0.0,2726.9276106226107,0.0,0.0,810.68,0.0,543.6,0,909.2076106226104,0.0,3172,-909.2076106226107
Data,456,0.0,0.0,3014.214266645711,0.0,0.0,753.65,0.0,543.6,0,1089.464266645711,0.0,3222,-1089.4642666457112
Data,457,0.0,0.0,3032.393447714122,0.0,0.0,748.06,0.0,540.4,0,1147.8534477141222,0.0,3173,-1147.853447714122
Data,458,0.0,0.0,3046.4658148080143,0.0,0.0,752.54,0.0,540.4,0,1081.4058148080142,0.0,3258,-1081.4058148080144
Data,459,0.0,0.0,3103.9473181536587,0.0,0.0,740.24,0.0,540.4,0,1036.587318153659,0.0,3348,-1036.5873181536585
Data,460,0.0,0.0,3280.2292076337017,0.0,0.0,762.6,0.0,540.4,0,1109.2292076337014,0.0,3474,-1109.2292076337017
Data,461,0.0,0.0,3361.829635707901,0.0,0.0,772.66,0.0,540.4,0,1120.889635707901,0.0,3554,-1120.889635707901
Data,462,0.0,0.0,3495.1723597401724,0.0,0.0,748.06,0.0,540.4,0,1334.6323597401727,0.0,3449,-1334.6323597401724
Data,463,-0.0,0.0,3409.708838466957,0.0,0.0,783.85,0.0,540.4,0,1263.9588384669566,0.0,3470,-1263.9588384669569
Data,464,-0.0,0.0,3709.2697645832977,0.0,0.0,748.06,0.0,189.4,0,1263.7297645832978,0.0,3383,-1263.7297645832978
Data,465,-0.0,0.0,4126.940895483087,0.0,0.0,722.35,0.0,189.4,0,1501.690895483087,0.0,3537,-1501.690895483087
Data,466,-0.0,0.0,3502.285425842529,0.0,0.0,702.22,0.0,189.4,0,702.9054258425286,0.0,3691,-702.9054258425291
Data,467,-0.0,0.0,3168.29186006476,0.0,0.0,664.2,0.0,189.4,0,372.89186006476024,0.0,3649,-372.89186006475995
Data,468,-0.0,0.0,3297.887910032126,0.0,0.0,660.85,0.0,192.6,0,502.33791003212576,0.0,3649,-502.33791003212605
Data,469,-0.0,0.0,3549.09063305624,0.0,0.0,620.59,0.0,436.5814,0,1165.26203305624,0.0,3441,-1165.2620330562402
Data,470,-0.0,0.0,3252.8576348344345,0.0,0.0,625.06,0.0,192.6,0,594.5176348344344,0.0,3476,-594.5176348344345
Data,471,-0.0,0.0,3286.1372468995123,0.0,0.0,654.14,0.0,192.6,0,715.8772468995121,0.0,3417,-715.8772468995123
Data,472,-0.0,0.0,3334.0597556892926,0.0,0.0,668.67,0.0,543.6,0,1150.3297556892924,0.0,3396,-1150.3297556892926
Data,473,-0.0,0.0,3488.5783790179253,0.0,0.0,755.89,0.0,546.8,0,1294.2683790179253,0.0,3497,-1294.2683790179253
Data,474,-0.0,0.0,3666.836611443597,0.0,0.0,798.38,0.0,543.6,0,1463.8166114435971,0.0,3545,-1463.8166114435971
Data,475,-0.0,0.0,3476.323817544652,0.0,0.0,826.34,0.0,546.8,0,1161.463817544652,0.0,3688,-1161.4638175446516
Data,476,0.0,0.0,3538.332625677879,0.0,0.0,835.28,0.0,543.6,0,1247.212625677879,0.0,3670,-1247.2126256778793
Data,477,0.0,0.0,3610.9621990859523,0.0,0.0,839.75,0.0,543.6,0,1506.3121990859522,0.0,3488,-1506.3121990859522
Data,478,0.0,0.0,3619.640200840252,0.0,0.0,825.22,0.0,546.8,0,1676.660200840252,0.0,3315,-1676.660200840252
Data,479,0.0,0.0,3548.4280902408686,0.0,0.0,812.92,0.0,543.6,0,1736.9480902408686,0.0,3168,-1736.9480902408686
Data,480,0.0,0.0,3507.470503759506,0.0,0.0,769.31,0.0,543.6,0,1620.3805037595057,0.0,3200,-1620.3805037595057
Data,481,0.0,0.0,3269.3101174765397,0.0,0.0,732.41,0.0,543.6,0,1434.3201174765395,0.0,3111,-1434.3201174765397
Data,482,0.0,0.0,3873.2884795275518,0.0,0.0,760.36,0.0,540.4,0,1965.0484795275518,0.0,3209,-1965.0484795275518
Data,483,0.0,0.0,3659.168302962714,0.0,0.0,759.25,0.0,540.4,0,1611.8183029627137,0.0,3347,-1611.818302962714
Data,484,0.0,0.0,3579.456613889952,0.0,0.0,789.44,0.0,543.6,0,1444.4966138899522,0.0,3468,-1444.4966138899522
Data,485,0.0,0.0,3559.0564383502488,0.0,0.0,778.25,0.0,189.4,0,1042.7064383502486,0.0,3484,-1042.7064383502488
Data,486,0.0,0.0,4069.798880480952,0.0,0.0,770.43,0.0,428.8085,0,1837.037380480952,0.0,3432,-1837.037380480952
Data,487,-0.0,0.0,4051.2405430005865,0.0,0.0,746.95,0.0,540.4,0,1930.5905430005869,0.0,3408,-1930.5905430005864
Data,488,-0.0,0.0,4156.591912844673,0.0,0.0,736.88,0.0,38.4,0,1643.8719128446737,0.0,3288,-1643.871912844673
Data,489,-0.0,0.0,3855.5786271491934,0.0,0.0,675.38,0.0,41.6,0,1156.5586271491936,0.0,3416,-1156.5586271491934
Data,490,-0.0,0.0,3965.2623246813246,0.0,0.0,660.85,0.0,38.4,0,1109.5123246813246,0.0,3555,-1109.5123246813246
Data,491,-0.0,0.0,3680.478480564435,0.0,0.0,625.06,0.0,41.6,0,789.1384805644348,0.0,3558,-789.1384805644349
Data,492,-0.0,0.0,3872.460993225896,0.0,0.0,608.29,0.0,38.4,0,962.150993225896,0.0,3557,-962.1509932258958
Data,493,-0.0,0.0,3922.9234363188953,0.0,0.0,615.0,0.0,38.4,0,1238.3234363188953,0.0,3338,-1238.3234363188953
Data,494,-0.0,0.0,3802.0670797023135,0.0,0.0,645.19,0.0,41.6,0,1049.857079702313,0.0,3439,-1049.8570797023135
Data,495,-0.0,0.0,3420.818511104877,0.0,0.0,648.55,0.0,38.4,0,735.7685111048769,0.0,3372,-735.7685111048769
Data,496,-0.0,0.0,3348.408475436603,0.0,0.0,670.91,0.0,38.4,0,706.7184754366032,0.0,3351,-706.7184754366031
Data,497,-0.0,0.0,2798.711416810806,0.0,0.0,745.83,0.0,195.8,0,259.3414168108062,0.0,3481,-259.34141681080604
Data,498,-0.0,0.0,2931.2644005824277,0.0,0.0,829.69,0.0,192.6,0,443.5544005824274,0.0,3510,-443.5544005824278
Data,499,-0.0,0.0,2513.2446226902875,0.0,0.0,859.88,0.0,192.6,0,-59.27537730971281,0.0,3625,59.27537730971247
Data,500,0.0,0.0,2611.0664727348844,0.0,0.0,878.89,0.0,195.8,0,49.75647273488438,0.0,3636,-49.756472734884426
Data,501,0.0,0.0,2711.1752621163796,0.0,0.0,880.01,0.0,192.6,0,355.7852621163793,0.0,3428,-355.7852621163796
Data,502,0.0,0.0,2815.6205151751005,0.0,0.0,875.54,0.0,192.6,0,622.7605151751004,0.0,3261,-622.7605151751005
Data,503,0.0,0.0,3080.508502993527,0.0,0.0,874.42,0.0,192.6,0,1003.528502993527,0.0,3144,-1003.5285029935271
Data,504,0.0,0.0,3035.7353281281594,0.0,0.0,793.91,0.0,195.8,0,901.4453281281593,0.0,3124,-901.4453281281594
Data,505,0.0,0.0,2838.772299995957,0.0,0.0,770.43,0.0,540.4,0,1076.6022999959566,0.0,3073,-1076.6022999959569
Data,506,0.0,0.0,2590.2027058552485,0.0,0.0,793.91,0.0,540.4,0,769.5127058552487,0.0,3155,-769.5127058552484
Data,507,0.0,0.0,2949.5294270863606,0.0,0.0,846.46,0.0,543.6,0,1062.5894270863607,0.0,3277,-1062.5894270863605
Data,508,0.0,0.0,2565.62811952169,0.0,0.0,884.48,0.0,540.4,0,577.5081195216903,0.0,3413,-577.5081195216902
Data,509,0.0,0.0,3405.7631584642654,0.0,0.0,883.36,0.0,540.4,0,1410.5231584642654,0.0,3419,-1410.5231584642654
Data,510,0.0,0.0,3416.8310111552582,0.0,0.0,880.01,0.0,540.4,0,1433.241011155258,0.0,3404,-1433.241011155258
Data,511,-0.0,0.0,3310.6826175539773,0.0,0.0,864.35,0.0,540.4,0,1357.4326175539773,0.0,3358,-1357.4326175539773
Data,512,-0.0,0.0,3521.956941079515,0.0,0.0,800.62,0.0,41.6,0,965.1769410795149,0.0,3399,-965.1769410795152
Data,513,-0.0,0.0,2850.088642614613,0.0,0.0,722.35,0.0,38.4,0,-30.161357385387063,0.0,3641,30.161357385386943
Data,514,-0.0,0.0,2780.7738481976994,0.0,0.0,723.46,0.0,38.4,0,-289.3661518023005,0.0,3832,289.3661518023006
Data,515,-0.0,0.0,2514.7732584857317,0.0,0.0,721.23,0.0,41.6,0,-541.3967415142682,0.0,3819,541.3967415142682
Data,516,-0.0,0.0,2474.52354453054,0.0,0.0,739.12,0.0,38.4,0,-413.95645546945985,0.0,3666,413.9564554694598
Data,517,-0.0,0.0,3084.1029003676326,0.0,0.0,729.05,0.0,38.4,0,457.5529003676324,0.0,3394,-457.55290036763256
Data,518,-0.0,0.0,3037.624449214594,0.0,0.0,772.66,0.0,38.4,0,397.68444921459337,0.0,3451,-397.68444921459377
Data,519,-0.0,0.0,3286.4116804874816,0.0,0.0,790.55,0.0,38.4,0,629.3616804874814,0.0,3486,-629.3616804874815
Data,520,-0.0,0.0,3324.9996964341926,0.0,0.0,826.34,0.0,189.4,0,854.739696434193,0.0,3486,-854.7396964341926
Data,521,-0.0,0.0,3164.242382247711,0.0,0.0,877.77,0.0,192.6,0,672.6123822477107,0.0,3562,-672.6123822477108
Data,522,-0.0,0.0,2885.8657204033107,0.0,0.0,925.85,0.0,195.8,0,448.51572040331087,0.0,3559,-448.5157204033107
Data,523,-0.0,0.0,2743.0267516459626,0.0,0.0,950.45,0.0,192.6,0,217.076751645963,0.0,3669,-217.07675164596262
Data,524,0.0,0.0,3934.562564031211,0.0,0.0,957.16,0.0,192.6,0,1479.322564031211,0.0,3605,-1479.322564031211
Data,525,-0.0,0.0,3106.1383647441444,0.0,0.0,951.57,0.0,192.6,0,881.3083647441445,0.0,3369,-881.3083647441445
Data,526,0.0,0.0,3666.529672257311,0.0,0.0,906.85,0.0,192.6,0,1562.9796722573112,0.0,3203,-1562.9796722573112
Data,527,0.0,0.0,3576.8681352351114,0.0,0.0,893.43,0.0,192.6,0,1493.8981352351109,0.0,3169,-1493.8981352351113
Data,528,0.0,0.0,3801.1180346116107,0.0,0.0,885.6,0.0,44.8,0,1574.518034611611,0.0,3157,-1574.5180346116108
Data,529,0.0,0.0,4511.922511477829,0.0,0.0,864.35,0.0,38.4,0,2310.6725114778296,0.0,3104,-2310.672511477829
Data,530,0.0,0.0,4304.862367272597,0.0,0.0,904.61,0.0,38.4,0,2098.8723672725973,0.0,3149,-2098.8723672725973
Data,531,0.0,0.0,3553.1185932309086,0.0,0.0,929.21,0.0,38.4,0,1278.7285932309087,0.0,3242,-1278.7285932309087
Data,532,0.0,0.0,3543.3366500626835,0.0,0.0,964.99,0.0,38.4,0,1174.7266500626838,0.0,3372,-1174.7266500626836
Data,533,0.0,0.0,3597.324412603126,0.0,0.0,972.82,0.0,38.4,0,1247.5444126031261,0.0,3361,-1247.544412603126
Data,534,0.0,0.0,3821.347361576727,0.0,0.0,968.35,0.0,38.4,0,1599.097361576727,0.0,3229,-1599.097361576727
Data,535,-0.0,0.0,3571.084478684877,0.0,0.0,934.8,0.0,38.4,0,1404.2844786848764,0.0,3140,-1404.284478684877
Data,536,-0.0,0.0,2740.9406494203754,0.0,0.0,918.03,0.0,38.4,0,710.3706494203752,0.0,2987,-710.3706494203753
Data,537,-0.0,0.0,3258.2089276817496,0.0,0.0,872.18,0.0,38.4,0,1098.788927681749,0.0,3070,-1098.7889276817496
Data,538,-0.0,0.0,3010.1004832864764,0.0,0.0,847.58,0.0,38.4,0,646.0804832864764,0.0,3250,-646.0804832864765
Data,539,-0.0,0.0,2756.1199887169514,0.0,0.0,856.53,0.0,41.6,0,341.24998871695163,0.0,3313,-341.2499887169514
Data,540,-0.0,0.0,3274.645725508763,0.0,0.0,865.47,0.0,38.4,0,831.5157255087629,0.0,3347,-831.515725508763
Data,541,-0.0,0.0,2806.2790604877246,0.0,0.0,849.82,0.0,38.4,0,471.49906048772505,0.0,3223,-471.4990604877246
Data,542,-0.0,0.0,2445.336060996335,0.0,0.0,871.06,0.0,38.4,0,187.79606099633526,0.0,3167,-187.79606099633511
Data,543,-0.0,0.0,2745.5668072302665,0.0,0.0,906.85,0.0,41.6,0,633.0168072302661,0.0,3061,-633.0168072302665
Data,544,-0.0,0.0,2787.346996575756,0.0,0.0,915.79,0.0,41.6,0,678.7369965757558,0.0,3066,-678.7369965757558
Data,545,-0.0,0.0,2713.1359155121463,0.0,0.0,938.15,0.0,41.6,0,573.8859155121465,0.0,3119,-573.8859155121463
Data,546,-0.0,0.0,1949.5013095928412,0.0,0.0,992.95,0.0,41.6,0,-246.94869040715858,0.0,3231,246.9486904071588
Data,547,-0.0,0.0,1488.9180811500457,0.0,0.0,1019.78,0.0,192.6,0,-714.7019188499542,0.0,3416,714.7019188499543
Data,548,0.0,0.0,1493.986641687862,0.0,0.0,1019.78,0.0,192.6,0,-779.633358312138,0.0,3486,779.6333583121381
Data,549,-0.0,0.0,887.6474112595738,0.0,0.0,1013.07,0.0,516.8786,0,-915.403988740426,0.0,3333,915.4039887404261
Data,550,0.0,0.0,966.1584027731905,0.0,0.0,979.53,0.0,546.8,0,-691.5115972268094,0.0,3184,691.5115972268096
Data,551,0.0,0.0,1263.3300978882214,0.0,0.0,961.64,0.0,543.6,0,-315.4299021117788,0.0,3084,315.4299021117786
Data,552,0.0,0.0,1353.9984270685,0.0,0.0,941.51,0.0,543.6,0,-254.89157293150015,0.0,3094,254.89157293150004
Data,553,0.0,0.0,1870.4323942734227,0.0,0.0,924.74,0.0,540.4,0,296.572394273423,0.0,3039,-296.5723942734227
Data,554,0.0,0.0,1742.9824537654288,0.0,0.0,947.1,0.0,540.4,0,85.48245376542884,0.0,3145,-85.48245376542877
Data,555,0.0,0.0,1660.2140114176293,0.0,0.0,961.64,0.0,540.4,0,-142.74598858237093,0.0,3305,142.74598858237073
Data,556,0.0,0.0,1994.5349012973218,0.0,0.0,984.0,0.0,540.4,0,161.93490129732183,0.0,3357,-161.93490129732174
Data,557,0.0,0.0,1916.660136505235,0.0,0.0,989.59,0.0,540.4,0,114.65013650523501,0.0,3332,-114.65013650523497
Data,558,0.0,0.0,2043.364251185205,0.0,0.0,985.12,0.0,296.5363,0,152.02055118520448,0.0,3173,-152.0205511852049
Data,559,-0.0,0.0,2327.019906428216,0.0,0.0,957.16,0.0,38.4,0,258.5799064282156,0.0,3064,-258.57990642821596
Data,560,-0.0,0.0,2477.848448031913,0.0,0.0,956.05,0.0,38.4,0,585.2984480319127,0.0,2887,-585.2984480319129
Data,561,-0.0,0.0,2413.1263158701922,0.0,0.0,878.89,0.0,38.4,0,311.41631587019174,0.0,3019,-311.4163158701922
Data,562,-0.0,0.0,2365.626121145303,0.0,0.0,865.47,0.0,38.4,0,194.49612114530282,0.0,3075,-194.49612114530296
Data,563,-0.0,0.0,2230.3437003191193,0.0,0.0,861.0,0.0,38.4,0,101.74370031911958,0.0,3028,-101.74370031911931
Data,564,-0.0,0.0,2637.3967641790664,0.0,0.0,871.06,0.0,38.4,0,531.8567641790661,0.0,3015,-531.8567641790663
Data,565,-0.0,0.0,2567.6574670775435,0.0,0.0,843.11,0.0,41.6,0,465.36746707754367,0.0,2987,-465.36746707754355
Data,566,-0.0,0.0,2551.5183966250047,0.0,0.0,852.05,0.0,38.4,0,569.9683966250047,0.0,2872,-569.9683966250046
Data,567,-0.0,0.0,2264.340364191862,0.0,0.0,865.47,0.0,38.4,0,360.2103641918625,0.0,2808,-360.21036419186214
Data,568,-0.0,0.0,2158.8899275648537,0.0,0.0,886.72,0.0,41.6,0,218.20992756485342,0.0,2869,-218.2099275648537
Data,569,-0.0,0.0,2582.993464717128,0.0,0.0,924.74,0.0,41.6,0,549.3334647171283,0.0,3000,-549.3334647171281
Data,570,-0.0,0.0,2963.7792991463184,0.0,0.0,961.64,0.0,195.8,0,928.219299146318,0.0,3193,-928.2192991463185
Data,571,-0.0,0.0,2775.4128629494653,0.0,0.0,997.42,0.0,192.6,0,538.4328629494651,0.0,3427,-538.4328629494653
Data,572,0.0,0.0,2558.839235309645,0.0,0.0,997.42,0.0,189.4,0,241.6592353096454,0.0,3504,-241.65923530964508
Data,573,0.0,0.0,2388.557869985182,0.0,0.0,973.94,0.0,356.8829,0,375.38076998518244,0.0,3344,-375.3807699851822
Data,574,0.0,0.0,1959.5619595272258,0.0,0.0,966.11,0.0,250.3727,0,-32.95534047277422,0.0,3209,32.955340472774196
Data,575,0.0,0.0,2403.4005261389366,0.0,0.0,962.75,0.0,543.6,0,888.7505261389367,0.0,3021,-888.7505261389366
Data,576,0.0,0.0,2791.655475987811,0.0,0.0,931.45,0.0,546.8,0,1315.9054759878109,0.0,2954,-1315.9054759878109
Data,577,0.0,0.0,2494.833825106976,0.0,0.0,900.14,0.0,540.4,0,1081.373825106976,0.0,2854,-1081.3738251069758
Data,578,0.0,0.0,2017.283568244942,0.0,0.0,923.62,0.0,540.4,0,545.303568244942,0.0,2936,-545.303568244942
Data,579,0.0,0.0,1356.0401405981645,0.0,0.0,931.45,0.0,543.6,0,-232.90985940183552,0.0,3064,232.90985940183543
Data,580,0.0,0.0,1265.7222970834157,0.0,0.0,942.63,0.0,540.4,0,-460.24770291658393,0.0,3209,460.24770291658433
Data,581,0.0,0.0,1161.0358159420693,0.0,0.0,943.75,0.0,540.4,0,-574.8141840579304,0.0,3220,574.8141840579307
Data,582,-0.0,0.0,1005.9713448169272,0.0,0.0,942.63,0.0,543.6,0,-630.7986551830728,0.0,3123,630.7986551830728
Data,583,-0.0,0.0,1231.7330648139418,0.0,0.0,938.15,0.0,540.4,0,-496.71693518605804,0.0,3207,496.7169351860582
Data,584,-0.0,0.0,1388.2423265066375,0.0,0.0,948.22,0.0,38.4,0,-816.1376734933629,0.0,3191,816.1376734933625
Data,585,-0.0,0.0,1188.4567744981039,0.0,0.0,914.67,0.0,38.4,0,-1132.473225501896,0.0,3274,1132.4732255018962
Data,586,-0.0,0.0,1032.512275204665,0.0,0.0,880.01,0.0,41.6,0,-1478.8777247953353,0.0,3433,1478.877724795335
Data,587,-0.0,0.0,1019.8715167976711,0.0,0.0,827.45,0.0,38.4,0,-1649.2784832023287,0.0,3535,1649.2784832023287
Data,588,-0.0,0.0,963.366881600912,0.0,0.0,821.86,0.0,38.4,0,-1787.3731183990878,0.0,3611,1787.3731183990878
Data,589,-0.0,0.0,996.141658524991,0.0,0.0,826.34,0.0,38.4,0,-1559.1183414750087,0.0,3420,1559.118341475009
Data,590,-0.0,0.0,896.9432576196319,0.0,0.0,861.0,0.0,41.6,0,-1617.4567423803683,0.0,3417,1617.456742380368
Data,591,-0.0,0.0,1010.017457963314,0.0,0.0,890.07,0.0,41.6,0,-1374.312542036686,0.0,3316,1374.312542036686
Data,592,-0.0,0.0,1151.8335029846965,0.0,0.0,891.19,0.0,44.8,0,-1257.1764970153033,0.0,3345,1257.1764970153035
Data,593,-0.0,0.0,995.5263841348494,0.0,0.0,926.97,0.0,543.6,0,-955.9036158651506,0.0,3422,955.9036158651505
Data,594,-0.0,0.0,1085.7950236274417,0.0,0.0,961.64,0.0,546.8,0,-831.7649763725584,0.0,3426,831.7649763725584
Data,595,-0.0,0.0,1115.9426877961096,0.0,0.0,991.83,0.0,543.6,0,-883.6273122038905,0.0,3535,883.6273122038904
Data,596,0.0,0.0,1440.0539850915147,0.0,0.0,1010.84,0.0,543.6,0,-572.5060149084853,0.0,3567,572.5060149084852
Data,597,0.0,0.0,1937.355386655101,0.0,0.0,1013.07,0.0,543.6,0,100.02538665510106,0.0,3394,-100.0253866551011
Data,598,0.0,0.0,2148.2278044150858,0.0,0.0,960.52,0.0,546.8,0,422.5478044150856,0.0,3233,-422.5478044150857
Data,599,0.0,0.0,2229.3219035733764,0.0,0.0,940.39,0.0,543.6,0,568.3119035733758,0.0,3145,-568.3119035733764
Data,600,0.0,0.0,2504.0779655558667,0.0,0.0,925.85,0.0,543.6,0,851.5279655558666,0.0,3122,-851.5279655558668
Data,601,0.0,0.0,2431.0687911289215,0.0,0.0,894.55,0.0,540.4,0,845.0187911289219,0.0,3021,-845.0187911289214
Data,602,0.0,0.0,2344.2522956857374,0.0,0.0,901.25,0.0,543.6,0,684.1022956857375,0.0,3105,-684.1022956857374
Data,603,0.0,0.0,2455.475857522105,0.0,0.0,919.15,0.0,540.4,0,686.0258575221052,0.0,3229,-686.0258575221048
Data,604,0.0,0.0,2393.855036616028,0.0,0.0,948.22,0.0,540.4,0,554.4750366160279,0.0,3328,-554.475036616028
Data,605,0.0,0.0,2318.802056549351,0.0,0.0,947.1,0.0,540.4,0,477.30205654935116,0.0,3329,-477.30205654935116
Data,606,-0.0,0.0,2430.4255092480207,0.0,0.0,948.22,0.0,303.1569,0,439.8024092480209,0.0,3242,-439.80240924802075
Data,607,-0.0,0.0,2983.5094487407277,0.0,0.0,924.74,0.0,189.4,0,780.6494487407281,0.0,3317,-780.6494487407277
Data,608,-0.0,0.0,3112.656479887653,0.0,0.0,920.26,0.0,189.4,0,911.3164798876529,0.0,3311,-911.3164798876529
Data,609,-0.0,0.0,2762.2294185128103,0.0,0.0,874.42,0.0,189.4,0,284.04941851281046,0.0,3542,-284.04941851281023
Data,610,-0.0,0.0,2424.7455463441693,0.0,0.0,838.64,0.0,192.6,0,-254.01445365583083,0.0,3710,254.01445365583075
Data,611,-0.0,0.0,2330.409549810007,0.0,0.0,853.17,0.0,189.4,0,-432.0204501899928,0.0,3805,432.0204501899932
Data,612,-0.0,0.0,2100.7633041490535,0.0,0.0,875.54,0.0,192.6,0,-648.0966958509464,0.0,3817,648.0966958509465
Data,613,-0.0,0.0,2390.0818246494855,0.0,0.0,861.0,0.0,189.4,0,-190.51817535051447,0.0,3631,190.5181753505145
Data,614,-0.0,0.0,2245.263743659726,0.0,0.0,891.19,0.0,543.6,0,-42.94625634027413,0.0,3723,42.94625634027386
Data,615,-0.0,0.0,1735.6911439306389,0.0,0.0,926.97,0.0,540.4,0,-426.9388560693612,0.0,3630,426.9388560693611
Data,616,-0.0,0.0,1831.8514676772593,0.0,0.0,952.69,0.0,543.6,0,-188.85853232274084,0.0,3517,188.85853232274064
Data,617,-0.0,0.0,2376.9207653773024,0.0,0.0,947.1,0.0,546.8,0,331.8207653773027,0.0,3539,-331.82076537730234
Data,618,-0.0,0.0,1952.5423147369238,0.0,0.0,970.58,0.0,543.6,0,-46.277685263076336,0.0,3513,46.27768526307614
Data,619,-0.0,0.0,1817.731006841964,0.0,0.0,981.76,0.0,546.8,0,-299.7089931580354,0.0,3646,299.70899315803604
Data,620,0.0,0.0,2264.887433384104,0.0,0.0,995.18,0.0,543.6,0,189.66743338410402,0.0,3614,-189.66743338410402
Data,621,0.0,0.0,3117.177894327843,0.0,0.0,1009.72,0.0,543.6,0,1253.497894327843,0.0,3417,-1253.4978943278434
Data,622,0.0,0.0,3374.6795916299398,0.0,0.0,967.23,0.0,192.6,0,1287.5095916299395,0.0,3247,-1287.5095916299397
Data,623,0.0,0.0,3165.796630094591,0.0,0.0,933.68,0.0,543.6,0,1558.0766300945904,0.0,3085,-1558.0766300945909
Data,624,0.0,0.0,3148.62318843725,0.0,0.0,907.96,0.0,546.8,0,1575.3831884372503,0.0,3028,-1575.38318843725
Data,625,0.0,0.0,2956.26135689274,0.0,0.0,891.19,0.0,540.4,0,1418.8513568927401,0.0,2969,-1418.8513568927401
Data,626,0.0,0.0,3118.2118812522895,0.0,0.0,903.49,0.0,540.4,0,1530.1018812522898,0.0,3032,-1530.1018812522893
Data,627,0.0,0.0,3297.323867650888,0.0,0.0,931.45,0.0,540.4,0,1636.173867650888,0.0,3133,-1636.173867650888
Data,628,0.0,0.0,2762.356984292299,0.0,0.0,971.7,0.0,543.6,0,1026.6569842922986,0.0,3251,-1026.656984292299
Data,629,0.0,0.0,3350.1176268353615,0.0,0.0,976.17,0.0,540.4,0,1604.6876268353617,0.0,3262,-1604.6876268353615
Data,630,-0.0,0.0,3878.193532466111,0.0,0.0,979.53,0.0,38.4,0,1657.1235324661113,0.0,3239,-1657.1235324661109
Data,631,-0.0,0.0,4634.899502369579,0.0,0.0,924.74,0.0,38.4,0,2267.0395023695796,0.0,3331,-2267.0395023695787
Data,632,-0.0,0.0,4559.97472566183,0.0,0.0,918.03,0.0,41.6,0,2256.604725661831,0.0,3263,-2256.6047256618303
Data,633,-0.0,0.0,4658.747321140809,0.0,0.0,896.78,0.0,38.4,0,2229.9273211408104,0.0,3364,-2229.9273211408085
Data,634,-0.0,0.0,4423.24357155967,0.0,0.0,877.77,0.0,41.6,0,1777.6135715596702,0.0,3565,-1777.6135715596702
Data,635,-0.0,0.0,4460.428093866402,0.0,0.0,858.76,0.0,38.4,0,1758.5880938664025,0.0,3599,-1758.5880938664025
Data,636,-0.0,0.0,4860.679080555302,0.0,0.0,881.13,0.0,41.6,0,2219.4090805553024,0.0,3564,-2219.409080555302
Data,637,-0.0,0.0,5179.239944836968,0.0,0.0,887.84,0.0,38.4,0,2708.479944836968,0.0,3397,-2708.479944836968
Data,638,-0.0,0.0,5290.078750588024,0.0,0.0,926.97,0.0,38.4,0,2779.448750588025,0.0,3476,-2779.4487505880243
Data,639,-0.0,0.0,4959.332089396414,0.0,0.0,941.51,0.0,38.4,0,2562.242089396415,0.0,3377,-2562.2420893964136
Data,640,-0.0,0.0,5042.289811906237,0.0,0.0,964.99,0.0,44.8,0,2659.079811906238,0.0,3393,-2659.0798119062374
Data,641,-0.0,0.0,5023.5131569957475,0.0,0.0,996.3,0.0,41.6,0,2588.413156995748,0.0,3473,-2588.4131569957476
Data,642,-0.0,0.0,4614.319303589498,0.0,0.0,1004.13,0.0,41.6,0,2181.0493035894992,0.0,3479,-2181.0493035894983
Data,643,-0.0,0.0,4316.16887374248,0.0,0.0,1009.72,0.0,41.6,0,1735.4888737424797,0.0,3632,-1735.48887374248
Data,644,0.0,0.0,4011.266594304222,0.0,0.0,1026.49,0.0,41.6,0,1401.356594304222,0.0,3678,-1401.356594304222
Data,645,0.0,0.0,3855.1174562121923,0.0,0.0,1036.55,0.0,41.6,0,1429.2674562121922,0.0,3504,-1429.2674562121922
Data,646,0.0,0.0,4003.799137310072,0.0,0.0,991.83,0.0,44.8,0,1741.4291373100723,0.0,3299,-1741.4291373100723
Data,647,0.0,0.0,3913.7860802604114,0.0,0.0,962.75,0.0,41.6,0,1769.1360802604113,0.0,3149,-1769.1360802604113
Data,648,0.0,0.0,3794.3150497237702,0.0,0.0,926.97,0.0,41.6,0,1657.8850497237697,0.0,3105,-1657.8850497237702
Data,649,0.0,0.0,3152.007146443271,0.0,0.0,912.44,0.0,38.4,0,1111.8471464432712,0.0,2991,-1111.847146443271
Data,650,0.0,0.0,3449.7876502676545,0.0,0.0,923.62,0.0,38.4,0,1357.8076502676543,0.0,3054,-1357.8076502676545
Data,651,0.0,0.0,3129.2866553543618,0.0,0.0,950.45,0.0,41.6,0,934.3366553543622,0.0,3187,-934.3366553543618
Data,652,0.0,0.0,3113.6848650175634,0.0,0.0,967.23,0.0,38.4,0,810.3148650175636,0.0,3309,-810.3148650175634
Data,653,0.0,0.0,2737.7217692980435,0.0,0.0,977.29,0.0,38.4,0,436.41176929804357,0.0,3317,-436.4117692980434
Data,654,-0.0,0.0,2628.000494545809,0.0,0.0,990.71,0.0,38.4,0,466.11049454580905,0.0,3191,-466.11049454580905
Data,655,-0.0,0.0,2749.7272565232197,0.0,0.0,992.95,0.0,38.4,0,549.07725652322,0.0,3232,-549.0772565232197
Data,656,-0.0,0.0,2792.6293836461946,0.0,0.0,940.39,0.0,41.6,0,635.6193836461946,0.0,3139,-635.6193836461946
Data,657,-0.0,0.0,2351.496357233177,0.0,0.0,865.47,0.0,38.4,0,-11.633642766822664,0.0,3267,11.633642766822824
Data,658,-0.0,0.0,2048.5702791911094,0.0,0.0,840.87,0.0,38.4,0,-501.15972080889054,0.0,3429,501.1597208088906
Data,659,-0.0,0.0,2106.3706677907503,0.0,0.0,839.75,0.0,38.4,0,-464.4793322092495,0.0,3449,464.4793322092497
Data,660,-0.0,0.0,1882.1601240160396,0.0,0.0,866.59,0.0,38.4,0,-675.8498759839601,0.0,3463,675.8498759839604
Data,661,-0.0,0.0,1964.0555123104598,0.0,0.0,845.35,0.0,38.4,0,-390.1944876895402,0.0,3238,390.1944876895402
Data,662,-0.0,0.0,1954.8113731036335,0.0,0.0,857.65,0.0,38.4,0,-432.1386268963663,0.0,3283,432.13862689636653
Data,663,-0.0,0.0,2169.8291656114675,0.0,0.0,885.6,0.0,41.6,0,-163.97083438853264,0.0,3261,163.9708343885325
Data,664,-0.0,0.0,1405.3483149866474,0.0,0.0,920.26,0.0,41.6,0,-870.7916850133529,0.0,3238,870.7916850133525
Data,665,-0.0,0.0,1387.5465788412394,0.0,0.0,970.58,0.0,41.6,0,-982.2734211587607,0.0,3382,982.2734211587606
Data,666,-0.0,0.0,1548.1467140351199,0.0,0.0,972.82,0.0,195.8,0,-699.2332859648798,0.0,3416,699.23328596488
Data,667,-0.0,0.0,1246.2434410629219,0.0,0.0,992.95,0.0,192.6,0,-1141.206558937078,0.0,3573,1141.2065589370782
Data,668,-0.0,0.0,814.917819243643,0.0,0.0,1010.84,0.0,192.6,0,-1560.642180756357,0.0,3579,1560.642180756357
Data,669,0.0,0.0,1618.9145611191782,0.0,0.0,1018.66,0.0,192.6,0,-563.825438880822,0.0,3394,563.8254388808218
Data,670,0.0,0.0,1191.9757353066013,0.0,0.0,994.06,0.0,192.6,0,-848.3642646933988,0.0,3227,848.3642646933987
Data,671,0.0,0.0,1015.4143535163463,0.0,0.0,980.65,0.0,195.8,0,-961.1356464836535,0.0,3153,961.1356464836538
Data,672,0.0,0.0,711.3297891019366,0.0,0.0,928.09,0.0,192.6,0,-1296.9802108980634,0.0,3129,1296.9802108980634
Data,673,0.0,0.0,702.6356624667291,0.0,0.0,943.75,0.0,540.4,0,-847.2143375332709,0.0,3034,847.214337533271
Data,674,0.0,0.0,1200.0510954828178,0.0,0.0,970.58,0.0,540.4,0,-387.96890451718207,0.0,3099,387.9689045171822
Data,675,0.0,0.0,1130.5635830060007,0.0,0.0,984.0,0.0,543.6,0,-593.8364169939994,0.0,3252,593.8364169939993
Data,676,0.0,0.0,1130.8314457501276,0.0,0.0,999.65,0.0,540.4,0,-719.1185542498721,0.0,3390,719.1185542498724
Data,677,0.0,0.0,728.1455823532918,0.0,0.0,999.65,0.0,540.4,0,-1103.8044176467079,0.0,3372,1103.8044176467083
Data,678,-0.0,0.0,617.6073894066382,0.0,0.0,975.05,0.0,540.4,0,-1092.9426105933617,0.0,3226,1092.942610593362
Data,679,-0.0,0.0,935.2233830341285,0.0,0.0,933.68,0.0,540.4,0,-673.6966169658716,0.0,3083,673.6966169658716
Data,680,-0.0,0.0,467.35432735008493,0.0,0.0,903.49,0.0,540.4,0,-1020.7556726499149,0.0,2932,1020.7556726499151
Data,681,-0.0,0.0,314.5363560883692,0.0,0.0,892.31,0.0,192.6,0,-1696.553643911631,0.0,3096,1696.5536439116308
Data,682,-0.0,0.0,239.52537564052778,0.0,0.0,862.12,0.0,540.4,0,-1626.954624359472,0.0,3269,1626.9546243594723
Data,683,-0.0,0.0,437.1475992891952,0.0,0.0,844.23,0.0,540.4,0,-1489.2224007108045,0.0,3311,1489.2224007108048
Data,684,-0.0,0.0,381.0100827137801,0.0,0.0,830.81,0.0,189.4,0,-1847.7799172862199,0.0,3249,1847.7799172862199
Data,685,-0.0,0.0,522.4063882362949,0.0,0.0,819.63,0.0,540.4,0,-1299.563611763705,0.0,3182,1299.563611763705
Data,686,-0.0,0.0,650.9822995727864,0.0,0.0,818.51,0.0,540.4,0,-1152.1077004272136,0.0,3162,1152.1077004272138
Data,687,-0.0,0.0,765.2752460111135,0.0,0.0,837.52,0.0,543.6,0,-938.6047539888864,0.0,3085,938.6047539888865
Data,688,-0.0,0.0,797.6665879740135,0.0,0.0,855.41,0.0,543.6,0,-848.3234120259867,0.0,3045,848.3234120259865
Data,689,-0.0,0.0,1049.1325630036135,0.0,0.0,896.78,0.0,543.6,0,-652.4874369963866,0.0,3142,652.4874369963865
Data,690,-0.0,0.0,1097.9590294675136,0.0,0.0,957.16,0.0,543.6,0,-687.2809705324867,0.0,3286,687.2809705324864
Data,691,-0.0,0.0,1139.2204145731337,0.0,0.0,957.16,0.0,543.6,0,-816.0195854268666,0.0,3456,816.0195854268663
Data,692,0.0,0.0,769.4647380656556,0.0,0.0,953.81,0.0,543.6,0,-1249.1252619343445,0.0,3516,1249.1252619343445
Data,693,0.0,0.0,652.8155450646368,0.0,0.0,945.98,0.0,543.6,0,-1253.6044549353633,0.0,3396,1253.6044549353633
Data,694,0.0,0.0,820.8876264382699,0.0,0.0,941.51,0.0,543.6,0,-943.0023735617302,0.0,3249,943.0023735617301
Data,695,0.0,0.0,1166.7700745914426,0.0,0.0,905.73,0.0,543.6,0,-463.89992540855764,0.0,3080,463.89992540855735
Data,696,0.0,0.0,1180.1294456147916,0.0,0.0,885.6,0.0,546.8,0,-457.4705543852084,0.0,3070,457.4705543852084
Data,697,0.0,0.0,913.3962443616703,0.0,0.0,878.89,0.0,540.4,0,-661.3137556383298,0.0,2994,661.3137556383298
Data,698,0.0,0.0,901.8215424582551,0.0,0.0,884.48,0.0,540.4,0,-702.2984575417448,0.0,3029,702.2984575417449
Data,699,0.0,0.0,1050.5455252088968,0.0,0.0,903.49,0.0,540.4,0,-629.564474791103,0.0,3124,629.5644747911032
Data,700,0.0,0.0,723.7409383362284,0.0,0.0,914.67,0.0,540.4,0,-1066.1890616637716,0.0,3245,1066.1890616637716
Data,701,0.0,0.0,644.7604032065543,0.0,0.0,910.2,0.0,540.4,0,-1141.6395967934457,0.0,3237,1141.6395967934457
Data,702,-0.0,0.0,630.1331179774633,0.0,0.0,890.07,0.0,540.4,0,-1094.3968820225364,0.0,3155,1094.3968820225368
Data,703,-0.0,0.0,761.9140269838491,0.0,0.0,892.31,0.0,38.4,0,-1299.3759730161507,0.0,2992,1299.375973016151
Data,704,-0.0,0.0,886.3528493057466,0.0,0.0,881.13,0.0,38.4,0,-970.117150694253,0.0,2776,970.1171506942534
Data,705,-0.0,0.0,1191.8918329863427,0.0,0.0,853.17,0.0,38.4,0,-789.538167013657,0.0,2873,789.5381670136574
Data,706,-0.0,0.0,1472.1792236465685,0.0,0.0,843.11,0.0,38.4,0,-638.3107763534312,0.0,2992,638.3107763534315
Data,707,-0.0,0.0,1723.1962018619863,0.0,0.0,820.75,0.0,38.4,0,-446.6537981380136,0.0,3029,446.6537981380137
Data,708,-0.0,0.0,1913.2514176094105,0.0,0.0,769.31,0.0,38.4,0,-314.0385823905895,0.0,3035,314.03858239058957
Data,709,-0.0,0.0,1979.3912984131846,0.0,0.0,759.25,0.0,38.4,0,-195.95870158681532,0.0,2973,195.9587015868154
Data,710,-0.0,0.0,1953.001068115735,0.0,0.0,770.43,0.0,41.6,0,-114.96893188426526,0.0,2880,114.968931884265
Data,711,-0.0,0.0,1565.468418442862,0.0,0.0,786.08,0.0,41.6,0,-392.8515815571382,0.0,2786,392.85158155713793
Data,712,-0.0,0.0,1207.5674504747453,0.0,0.0,812.92,0.0,41.6,0,-782.9125495252547,0.0,2845,782.9125495252547
Data,713,-0.0,0.0,1343.5465053229243,0.0,0.0,859.88,0.0,41.6,0,-778.9734946770757,0.0,3024,778.9734946770757
Data,714,-0.0,0.0,1082.2919112470804,0.0,0.0,921.38,0.0,192.6,0,-985.7280887529196,0.0,3182,985.7280887529196
Data,715,-0.0,0.0,1306.4902847009685,0.0,0.0,929.21,0.0,543.6,0,-564.6997152990318,0.0,3344,564.6997152990315
Data,716,-0.0,0.0,1358.8732660956152,0.0,0.0,932.56,0.0,192.6,0,-965.966733904385,0.0,3450,965.9667339043848
Data,717,0.0,0.0,1541.3008385079931,0.0,0.0,932.56,0.0,543.6,0,-284.53916149200717,0.0,3302,284.5391614920069
Data,718,0.0,0.0,1683.5723698314428,0.0,0.0,921.38,0.0,546.8,0,4.752369831443119,0.0,3147,-4.7523698314427065
Data,719,0.0,0.0,2119.171103204816,0.0,0.0,866.59,0.0,543.6,0,543.3611032048163,0.0,2986,-543.3611032048161
Data,720,0.0,0.0,2044.6256427678163,0.0,0.0,806.21,0.0,189.4,0,57.2356427678165,0.0,2983,-57.23564276781636
Data,721,0.0,0.0,2190.1912462072296,0.0,0.0,780.49,0.0,189.4,0,248.08124620722984,0.0,2912,-248.0812462072296
Data,722,0.0,0.0,2119.2777889503677,0.0,0.0,801.74,0.0,189.4,0,145.4177889503677,0.0,2965,-145.41778895036774
Data,723,0.0,0.0,1915.8503365913784,0.0,0.0,859.88,0.0,189.4,0,-97.8696634086214,0.0,3063,97.86966340862156
Data,724,0.0,0.0,1607.616339085911,0.0,0.0,877.77,0.0,189.4,0,-492.2136609140888,0.0,3167,492.213660914089
Data,725,0.0,0.0,1930.2710347957304,0.0,0.0,893.43,0.0,189.4,0,-131.89896520426976,0.0,3145,131.89896520426962
Data,726,-0.0,0.0,1486.590973494839,0.0,0.0,891.19,0.0,186.2,0,-515.0190265051609,0.0,3079,515.0190265051608
Data,727,-0.0,0.0,1315.2383455172176,0.0,0.0,855.41,0.0,38.4,0,-744.9516544827826,0.0,2954,744.9516544827825
Data,728,-0.0,0.0,856.7489809153021,0.0,0.0,838.64,0.0,38.4,0,-1128.211019084698,0.0,2862,1128.211019084698
Data,729,-0.0,0.0,643.7519301219864,0.0,0.0,786.08,0.0,35.2,0,-1558.9680698780137,0.0,3024,1558.9680698780135
Data,730,-0.0,0.0,909.2271110897,0.0,0.0,777.14,0.0,38.4,0,-1333.2328889103,0.0,3058,1333.2328889103
Data,731,-0.0,0.0,858.2979691912069,0.0,0.0,750.3,0.0,38.4,0,-1441.0020308087933,0.0,3088,1441.002030808793
Data,732,-0.0,0.0,854.8540035063907,0.0,0.0,727.94,0.0,38.4,0,-1469.8059964936092,0.0,3091,1469.8059964936092
Data,733,-0.0,0.0,1245.292630718848,0.0,0.0,705.57,0.0,38.4,0,-1132.7373692811518,0.0,3122,1132.737369281152
Data,734,-0.0,0.0,1710.7634539762346,0.0,0.0,725.7,0.0,38.4,0,-684.1365460237652,0.0,3159,684.1365460237654
Data,735,-0.0,0.0,1244.4249277472072,0.0,0.0,732.41,0.0,195.8,0,-971.3650722527926,0.0,3144,971.3650722527927
Data,736,-0.0,0.0,1303.9329080906218,0.0,0.0,789.44,0.0,543.6,0,-490.0270919093782,0.0,3127,490.0270919093781
Data,737,-0.0,0.0,1731.6912932838347,0.0,0.0,893.43,0.0,543.6,0,-9.278706716165608,0.0,3178,9.278706716165289
Data,738,-0.0,0.0,1911.2351814047345,0.0,0.0,957.16,0.0,540.4,0,94.7951814047343,0.0,3314,-94.79518140473442
Data,739,-0.0,0.0,1823.6561990896525,0.0,0.0,971.7,0.0,543.6,0,-131.0438009103477,0.0,3470,131.0438009103474
Data,740,-0.0,0.0,2197.6586557404376,0.0,0.0,960.52,0.0,543.6,0,218.77865574043742,0.0,3483,-218.77865574043756
Data,741,-0.0,0.0,1806.330783459401,0.0,0.0,948.22,0.0,543.6,0,-61.849216540599265,0.0,3360,61.84921654059906
Data,742,0.0,0.0,2604.958621674868,0.0,0.0,911.32,0.0,543.6,0,882.8786216748681,0.0,3177,-882.8786216748681
Data,743,0.0,0.0,2026.19600253636,0.0,0.0,850.94,0.0,543.6,0,419.73600253636,0.0,3001,-419.73600253636016
Data,744,0.0,0.0,2129.9749032707236,0.0,0.0,803.97,0.0,543.6,0,467.5449032707237,0.0,3010,-467.5449032707237
Data,745,0.0,0.0,2225.5528067592095,0.0,0.0,807.33,0.0,189.4,0,289.2828067592093,0.0,2933,-289.2828067592095
Data,746,0.0,0.0,1886.0971044695257,0.0,0.0,844.23,0.0,189.4,0,-75.27289553047433,0.0,2995,75.2728955304743
Data,747,0.0,0.0,2138.0937927827554,0.0,0.0,838.64,0.0,540.4,0,394.1337927827551,0.0,3123,-394.13379278275534
Data,748,0.0,0.0,2121.333217877521,0.0,0.0,869.95,0.0,186.2,0,-64.51678212247923,0.0,3242,64.51678212247913
Data,749,0.0,0.0,1964.398352304193,0.0,0.0,883.36,0.0,540.4,0,137.15835230419302,0.0,3251,-137.15835230419293
Data,750,-0.0,0.0,1509.2571286270593,0.0,0.0,876.65,0.0,189.4,0,-680.6928713729407,0.0,3256,680.6928713729408
Data,751,-0.0,0.0,1860.9623338828508,0.0,0.0,819.63,0.0,38.4,0,-505.007666117149,0.0,3224,505.00766611714926
Data,752,-0.0,0.0,2025.1990666047082,0.0,0.0,814.04,0.0,38.4,0,-253.36093339529174,0.0,3131,253.36093339529188
Data,753,-0.0,0.0,1799.394488224744,0.0,0.0,759.25,0.0,35.2,0,-657.1555117752563,0.0,3251,657.155511775256
Data,754,-0.0,0.0,1683.9314353536474,0.0,0.0,731.29,0.0,38.4,0,-875.3785646463524,0.0,3329,875.3785646463526
Data,755,-0.0,0.0,1624.5253988736192,0.0,0.0,726.82,0.0,38.4,0,-889.2546011263805,0.0,3279,889.2546011263807
Data,756,-0.0,0.0,1950.497209137716,0.0,0.0,720.11,0.0,41.6,0,-570.7927908622839,0.0,3283,570.7927908622839
Data,757,-0.0,0.0,2389.2634950095544,0.0,0.0,703.34,0.0,38.4,0,-20.996504990445533,0.0,3152,20.99650499044558
Data,758,-0.0,0.0,1911.038577971212,0.0,0.0,742.47,0.0,41.6,0,-435.8914220287883,0.0,3131,435.89142202878804
Data,759,-0.0,0.0,2149.7956435253404,0.0,0.0,743.59,0.0,41.6,0,-207.0143564746598,0.0,3142,207.01435647465954
Data,760,-0.0,0.0,2603.0236328096016,0.0,0.0,787.2,0.0,41.6,0,303.823632809602,0.0,3128,-303.8236328096017
Data,761,-0.0,0.0,2314.249835857109,0.0,0.0,869.95,0.0,41.6,0,-58.20016414289069,0.0,3284,58.20016414289116
Data,762,-0.0,0.0,2354.7822235723925,0.0,0.0,926.97,0.0,41.6,0,-73.64777642760825,0.0,3397,73.64777642760751
Data,763,-0.0,0.0,2980.3097475257687,0.0,0.0,938.15,0.0,192.6,0,634.059747525769,0.0,3477,-634.0597475257687
Data,764,-0.0,0.0,2967.224162904896,0.0,0.0,940.39,0.0,192.6,0,558.2141629048954,0.0,3542,-558.2141629048958
Data,765,0.0,0.0,2889.2884983638073,0.0,0.0,886.72,0.0,195.8,0,597.8084983638079,0.0,3374,-597.8084983638073
Data,766,0.0,0.0,3247.472384679831,0.0,0.0,868.83,0.0,192.6,0,1114.9023846798307,0.0,3194,-1114.9023846798311
Data,767,0.0,0.0,3703.921962660117,0.0,0.0,846.46,0.0,192.6,0,1714.9819626601168,0.0,3028,-1714.981962660117
Data,768,0.0,0.0,3818.080315216656,0.0,0.0,786.08,0.0,192.6,0,1806.7603152166557,0.0,2990,-1806.760315216656
Data,769,0.0,0.0,3825.364163708984,0.0,0.0,759.25,0.0,189.4,0,1887.0141637089844,0.0,2887,-1887.0141637089841
Data,770,0.0,0.0,3915.1286752725637,0.0,0.0,777.14,0.0,189.4,0,1918.6686752725634,0.0,2963,-1918.6686752725636
Data,771,0.0,0.0,3944.5060510105336,0.0,0.0,795.03,0.0,192.6,0,1846.1360510105337,0.0,3086,-1846.1360510105335
Data,772,0.0,0.0,3659.2149617797904,0.0,0.0,854.29,0.0,189.4,0,1533.9049617797907,0.0,3169,-1533.9049617797905
Data,773,0.0,0.0,3301.514180895547,0.0,0.0,867.71,0.0,189.4,0,1175.6241808955472,0.0,3183,-1175.624180895547
Data,774,-0.0,0.0,3218.629893336207,0.0,0.0,845.35,0.0,189.4,0,1109.3798933362066,0.0,3144,-1109.3798933362068
Data,775,-0.0,0.0,3035.041458753743,0.0,0.0,827.45,0.0,38.4,0,846.8914587537433,0.0,3054,-846.891458753743
Data,776,-0.0,0.0,3088.1583247535327,0.0,0.0,798.38,0.0,38.4,0,1081.9383247535327,0.0,2843,-1081.9383247535327
Data,777,-0.0,0.0,3429.825207697758,0.0,0.0,714.52,0.0,38.4,0,1278.745207697758,0.0,2904,-1278.745207697758
Data,778,-0.0,0.0,2783.757652027052,0.0,0.0,697.75,0.0,38.4,0,481.9076520270515,0.0,3038,-481.90765202705177
Data,779,-0.0,0.0,4048.9338002316226,0.0,0.0,701.1,0.0,38.4,0,1725.4338002316222,0.0,3063,-1725.4338002316226
Data,780,-0.0,0.0,3322.996304557592,0.0,0.0,687.68,0.0,38.4,0,1003.0763045575922,0.0,3046,-1003.0763045575918
Data,781,-0.0,0.0,3260.100080396295,0.0,0.0,675.38,0.0,38.4,0,1055.8800803962956,0.0,2918,-1055.8800803962952
Data,782,-0.0,0.0,3264.5925138307207,0.0,0.0,712.28,0.0,41.6,0,1190.4725138307206,0.0,2828,-1190.4725138307206
Data,783,-0.0,0.0,3000.628044855074,0.0,0.0,732.41,0.0,44.8,0,959.8380448550745,0.0,2818,-959.8380448550741
Data,784,-0.0,0.0,2484.235916850026,0.0,0.0,812.92,0.0,41.6,0,432.75591685002604,0.0,2906,-432.7559168500261
Data,785,-0.0,0.0,1480.924397676432,0.0,0.0,853.17,0.0,41.6,0,-684.305602323568,0.0,3060,684.3056023235681
Data,786,-0.0,0.0,1549.1859802520985,0.0,0.0,922.5,0.0,41.6,0,-725.7140197479018,0.0,3239,725.7140197479015
Data,787,-0.0,0.0,2639.8204491486263,0.0,0.0,941.51,0.0,41.6,0,283.9304491486259,0.0,3339,-283.9304491486263
Data,788,-0.0,0.0,2662.3334445776663,0.0,0.0,920.26,0.0,192.6,0,372.1934445776657,0.0,3403,-372.19344457766636
Data,789,-0.0,0.0,3004.373200153711,0.0,0.0,881.13,0.0,192.6,0,798.1032001537112,0.0,3280,-798.103200153711
Data,790,0.0,0.0,2790.3088948727236,0.0,0.0,855.41,0.0,192.6,0,694.3188948727234,0.0,3144,-694.3188948727236
Data,791,0.0,0.0,2546.0990505734444,0.0,0.0,799.5,0.0,195.8,0,521.3990505734448,0.0,3020,-521.3990505734444
Data,792,0.0,0.0,2722.323706279511,0.0,0.0,755.89,0.0,192.6,0,663.8137062795108,0.0,3007,-663.813706279511
Data,793,0.0,0.0,2593.4180096226264,0.0,0.0,750.3,0.0,189.4,0,620.1180096226265,0.0,2913,-620.1180096226263
Data,794,0.0,0.0,2668.620752021011,0.0,0.0,768.19,0.0,189.4,0,658.2107520210109,0.0,2968,-658.210752021011
Data,795,0.0,0.0,2549.08110017531,0.0,0.0,800.62,0.0,189.4,0,465.1011001753102,0.0,3074,-465.10110017530997
Data,796,0.0,0.0,2217.654281687803,0.0,0.0,856.53,0.0,38.4,0,-70.4157183121964,0.0,3183,70.41571831219684
Data,797,0.0,0.0,2241.199489717347,0.0,0.0,868.83,0.0,41.6,0,-23.370510282653136,0.0,3175,23.370510282652752
Data,798,-0.0,0.0,2690.201954661713,0.0,0.0,891.19,0.0,38.4,0,421.79195466171285,0.0,3198,-421.791954661713
Data,799,-0.0,0.0,2518.555569730785,0.0,0.0,797.26,0.0,38.4,0,160.2155697307847,0.0,3194,-160.215569730785
Data,800,-0.0,0.0,2554.0279521926163,0.0,0.0,793.91,0.0,38.4,0,295.337952192616,0.0,3091,-295.3379521926163
Data,801,-0.0,0.0,2907.743589937049,0.0,0.0,781.61,0.0,38.4,0,456.75358993704907,0.0,3271,-456.7535899370489
Data,802,-0.0,0.0,2899.586114651961,0.0,0.0,729.05,0.0,38.4,0,334.0361146519606,0.0,3333,-334.03611465196093
Data,803,-0.0,0.0,2950.7834531572094,0.0,0.0,702.22,0.0,41.6,0,561.603453157209,0.0,3133,-561.6034531572094
Data,804,-0.0,0.0,2919.052796566061,0.0,0.0,713.4,0.0,41.6,0,782.0527965660607,0.0,2892,-782.0527965660608
Data,805,-0.0,0.0,2972.5324461905548,0.0,0.0,701.1,0.0,38.4,0,992.032446190555,0.0,2720,-992.0324461905548
Data,806,-0.0,0.0,2836.083426035668,0.0,0.0,724.58,0.0,41.6,0,841.2634260356672,0.0,2761,-841.2634260356679
Data,807,-0.0,0.0,1682.732629402482,0.0,0.0,742.47,0.0,38.4,0,-353.3973705975178,0.0,2817,353.39737059751803
Data,808,-0.0,0.0,1809.2581233979092,0.0,0.0,768.19,0.0,44.8,0,-220.75187660209036,0.0,2843,220.7518766020907
Data,809,-0.0,0.0,1846.8303900269161,0.0,0.0,814.04,0.0,41.6,0,-269.5296099730839,0.0,2972,269.5296099730839
Data,810,-0.0,0.0,1005.2847998577904,0.0,0.0,888.95,0.0,44.8,0,-1242.9652001422094,0.0,3182,1242.9652001422096
Data,811,-0.0,0.0,776.4903679800793,0.0,0.0,895.66,0.0,192.6,0,-1501.2496320199211,0.0,3366,1501.2496320199207
Data,812,-0.0,0.0,565.9801651855262,0.0,0.0,895.66,0.0,192.6,0,-1840.759834814474,0.0,3495,1840.7598348144738
Data,813,-0.0,0.0,545.0891722107181,0.0,0.0,896.78,0.0,195.8,0,-1716.330827789282,0.0,3354,1716.330827789282
Data,814,0.0,0.0,636.1222600945737,0.0,0.0,880.01,0.0,192.6,0,-1510.2677399054267,0.0,3219,1510.2677399054264
Data,815,0.0,0.0,715.9163914019455,0.0,0.0,816.27,0.0,195.8,0,-1346.0136085980544,0.0,3074,1346.0136085980546
Data,816,0.0,0.0,782.5767598210725,0.0,0.0,773.78,0.0,192.6,0,-1294.0432401789274,0.0,3043,1294.0432401789276
Data,817,0.0,0.0,1006.8623006381241,0.0,0.0,769.31,0.0,189.4,0,-1004.4276993618759,0.0,2970,1004.427699361876
Data,818,0.0,0.0,910.3024976851513,0.0,0.0,796.15,0.0,192.6,0,-1119.9475023148489,0.0,3019,1119.9475023148489
Data,819,0.0,0.0,1269.0517031076065,0.0,0.0,793.91,0.0,189.4,0,-874.6382968923936,0.0,3127,874.6382968923936
Data,820,0.0,0.0,2138.521657912107,0.0,0.0,816.27,0.0,192.6,0,-86.60834208789333,0.0,3234,86.60834208789302
Data,821,0.0,0.0,2297.228848409496,0.0,0.0,839.75,0.0,189.4,0,107.37884840949624,0.0,3219,-107.3788484094961
Data,822,-0.0,0.0,2522.953526031137,0.0,0.0,841.99,0.0,189.4,0,393.34352603113723,0.0,3161,-393.3435260311368
Data,823,-0.0,0.0,2724.228892356748,0.0,0.0,822.98,0.0,41.6,0,561.808892356748,0.0,3027,-561.8088923567481
Data,824,-0.0,0.0,2862.774897781055,0.0,0.0,807.33,0.0,38.4,0,916.504897781055,0.0,2792,-916.5048977810552
Data,825,-0.0,0.0,1989.1211534629874,0.0,0.0,771.55,0.0,41.6,0,-27.728846537012885,0.0,2830,27.728846537012622
Data,826,-0.0,0.0,1563.9433097793976,0.0,0.0,674.26,0.0,38.4,0,-674.3966902206025,0.0,2951,674.3966902206024
Data,827,-0.0,0.0,1232.0557011206981,0.0,0.0,666.44,0.0,38.4,0,-967.1042988793017,0.0,2904,967.1042988793018
Data,828,-0.0,0.0,1162.8314353375547,0.0,0.0,666.44,0.0,41.6,0,-968.1285646624451,0.0,2839,968.1285646624452
Data,829,-0.0,0.0,1316.6881680738718,0.0,0.0,648.55,0.0,38.4,0,-711.3618319261282,0.0,2715,711.3618319261283
Data,830,-0.0,0.0,1080.8344372099723,0.0,0.0,668.67,0.0,41.6,0,-851.8955627900276,0.0,2643,851.8955627900277
Data,831,-0.0,0.0,1062.1418883357078,0.0,0.0,664.2,0.0,41.6,0,-826.058111664292,0.0,2594,826.0581116642921
Data,832,-0.0,0.0,836.5402805944832,0.0,0.0,735.76,0.0,44.8,0,-1032.8997194055169,0.0,2650,1032.8997194055169
Data,833,-0.0,0.0,887.1592771459931,0.0,0.0,816.27,0.0,41.6,0,-1130.9707228540074,0.0,2876,1130.970722854007
Data,834,-0.0,0.0,1031.307576218091,0.0,0.0,888.95,0.0,192.6,0,-953.1424237819091,0.0,3066,953.1424237819089
Data,835,-0.0,0.0,1363.2609397700264,0.0,0.0,928.09,0.0,195.8,0,-760.8490602299735,0.0,3248,760.8490602299735
Data,836,-0.0,0.0,1771.1684208557153,0.0,0.0,932.56,0.0,192.6,0,-494.6715791442848,0.0,3391,494.6715791442847
Data,837,0.0,0.0,1683.41078353905,0.0,0.0,906.85,0.0,192.6,0,-472.13921646095014,0.0,3255,472.1392164609499
Data,838,0.0,0.0,1701.2470311938475,0.0,0.0,850.94,0.0,192.6,0,-313.21296880615256,0.0,3058,313.2129688061524
Data,839,0.0,0.0,1846.2019519954629,0.0,0.0,833.05,0.0,195.8,0,-10.9480480045371,0.0,2886,10.948048004537156
Data,840,0.0,0.0,1695.1995862162466,0.0,0.0,784.96,0.0,192.6,0,-162.24041378375333,0.0,2835,162.24041378375333
Data,841,0.0,0.0,1805.1293583456413,0.0,0.0,779.37,0.0,540.4,0,308.89935834564113,0.0,2816,-308.8993583456413
Data,842,0.0,0.0,2224.4225725449246,0.0,0.0,803.97,0.0,540.4,0,693.792572544925,0.0,2875,-693.7925725449246
Data,843,0.0,0.0,2516.2976612676084,0.0,0.0,854.29,0.0,543.6,0,884.1876612676082,0.0,3030,-884.1876612676084
Data,844,0.0,0.0,2896.805460678833,0.0,0.0,890.07,0.0,540.4,0,1191.2754606788326,0.0,3136,-1191.2754606788328
Data,845,0.0,0.0,3030.0058150516625,0.0,0.0,886.72,0.0,540.4,0,1298.1258150516624,0.0,3159,-1298.1258150516624
Data,846,-0.0,0.0,3270.63111069047,0.0,0.0,875.54,0.0,543.6,0,1568.7711106904699,0.0,3121,-1568.7711106904699
Data,847,-0.0,0.0,3333.652241022352,0.0,0.0,814.04,0.0,38.4,0,1141.092241022352,0.0,3045,-1141.092241022352
Data,848,-0.0,0.0,3331.609843424452,0.0,0.0,802.85,0.0,38.4,0,1245.8598434244518,0.0,2927,-1245.8598434244518
Data,849,-0.0,0.0,2391.1920370068965,0.0,0.0,778.25,0.0,41.6,0,127.04203700689646,0.0,3084,-127.04203700689649
Data,850,-0.0,0.0,1552.8717944688083,0.0,0.0,753.65,0.0,38.4,0,-870.0782055311915,0.0,3215,870.0782055311918
Data,851,-0.0,0.0,1476.225887338839,0.0,0.0,762.6,0.0,41.6,0,-969.5741126611612,0.0,3250,969.574112661161
Data,852,-0.0,0.0,1621.9563819372108,0.0,0.0,733.53,0.0,38.4,0,-842.1136180627888,0.0,3236,842.1136180627892
Data,853,-0.0,0.0,1790.309180788985,0.0,0.0,711.16,0.0,38.4,0,-559.130819211015,0.0,3099,559.130819211015
Data,854,-0.0,0.0,1717.3711931650992,0.0,0.0,740.24,0.0,38.4,0,-633.9888068349003,0.0,3130,633.9888068349009
Data,855,-0.0,0.0,1740.5721471336399,0.0,0.0,744.71,0.0,41.6,0,-586.1178528663603,0.0,3113,586.1178528663601
Data,856,-0.0,0.0,1561.2469027023312,0.0,0.0,788.32,0.0,38.4,0,-792.0330972976683,0.0,3180,792.0330972976687
Data,857,-0.0,0.0,1345.67636421583,0.0,0.0,844.23,0.0,38.4,0,-1114.6936357841698,0.0,3343,1114.6936357841698
Data,858,-0.0,0.0,1126.2960184284084,0.0,0.0,891.19,0.0,192.6,0,-1133.9139815715916,0.0,3344,1133.9139815715916
Data,859,-0.0,0.0,1215.302417233228,0.0,0.0,915.79,0.0,192.6,0,-1068.307582766772,0.0,3392,1068.3075827667722
Data,860,-0.0,0.0,1275.5650120553196,0.0,0.0,897.9,0.0,195.8,0,-1033.7349879446801,0.0,3403,1033.7349879446804
Data,861,0.0,0.0,1539.2372127251351,0.0,0.0,900.14,0.0,192.6,0,-581.0227872748651,0.0,3213,581.0227872748649
Data,862,0.0,0.0,1656.7858230879688,0.0,0.0,875.54,0.0,192.6,0,-340.07417691203153,0.0,3065,340.07417691203125
Data,863,0.0,0.0,1857.4560854428844,0.0,0.0,848.7,0.0,195.8,0,-31.043914557115478,0.0,2933,31.043914557115556
Data,864,0.0,0.0,1629.5049569152063,0.0,0.0,803.97,0.0,192.6,0,-271.9250430847935,0.0,2898,271.92504308479363
Data,865,0.0,0.0,1808.2641973952618,0.0,0.0,815.15,0.0,189.4,0,-6.185802604737904,0.0,2819,6.1858026047382
Data,866,0.0,0.0,1611.051942901593,0.0,0.0,838.64,0.0,192.6,0,-219.7080570984073,0.0,2862,219.70805709840695
Data,867,0.0,0.0,2343.1293206072946,0.0,0.0,857.65,0.0,189.4,0,396.17932060729515,0.0,2994,-396.1793206072946
Data,868,0.0,0.0,2101.9447504646378,0.0,0.0,895.66,0.0,189.4,0,117.00475046463748,0.0,3070,-117.00475046463774
Data,869,0.0,0.0,2491.388093563886,0.0,0.0,916.91,0.0,189.4,0,529.6980935638858,0.0,3068,-529.6980935638858
Data,870,-0.0,0.0,2078.785945344607,0.0,0.0,907.96,0.0,189.4,0,210.14594534460733,0.0,2966,-210.1459453446072
Data,871,-0.0,0.0,1911.418289745592,0.0,0.0,849.82,0.0,38.4,0,5.638289745592118,0.0,2794,-5.6382897455919405
Data,872,-0.0,0.0,1821.6026951482356,0.0,0.0,829.69,0.0,38.4,0,-55.30730485176419,0.0,2745,55.30730485176432
Data,873,-0.0,0.0,1766.9951999484106,0.0,0.0,803.97,0.0,38.4,0,-247.63480005158925,0.0,2857,247.6348000515894
Data,874,-0.0,0.0,1646.635903975863,0.0,0.0,790.55,0.0,41.6,0,-575.2140960241372,0.0,3054,575.2140960241371
Data,875,-0.0,0.0,1826.1831499257098,0.0,0.0,788.32,0.0,38.4,0,-491.0968500742901,0.0,3144,491.09685007429016
Data,876,-0.0,0.0,1624.8918579241847,0.0,0.0,759.25,0.0,38.4,0,-765.4581420758152,0.0,3188,765.4581420758153
Data,877,-0.0,0.0,1480.3102116834714,0.0,0.0,754.77,0.0,38.4,0,-866.5197883165288,0.0,3140,866.5197883165287
Data,878,-0.0,0.0,1690.4215429065855,0.0,0.0,773.78,0.0,38.4,0,-720.3984570934143,0.0,3223,720.3984570934145
Data,879,-0.0,0.0,1519.3605717638168,0.0,0.0,795.03,0.0,38.4,0,-809.2094282361829,0.0,3162,809.2094282361833
Data,880,-0.0,0.0,1845.4301725728421,0.0,0.0,824.1,0.0,41.6,0,-400.8698274271581,0.0,3112,400.8698274271578
Data,881,-0.0,0.0,2037.2944849939358,0.0,0.0,845.35,0.0,192.6,0,-157.7555150060643,0.0,3233,157.75551500606414
Data,882,-0.0,0.0,2380.473201980299,0.0,0.0,888.95,0.0,192.6,0,158.02320198029958,0.0,3304,-158.02320198029915
Data,883,-0.0,0.0,2250.1340381364216,0.0,0.0,928.09,0.0,192.6,0,9.824038136421718,0.0,3361,-9.824038136421649
Data,884,-0.0,0.0,3257.952955181499,0.0,0.0,901.25,0.0,192.6,0,973.8029551814986,0.0,3378,-973.802955181499
Data,885,0.0,0.0,2105.9921698512844,0.0,0.0,905.73,0.0,192.6,0,30.322169851284727,0.0,3174,-30.32216985128443
Data,886,0.0,0.0,2477.3101614991133,0.0,0.0,902.37,0.0,192.6,0,577.2801614991133,0.0,2995,-577.2801614991133
Data,887,0.0,0.0,3026.202489748218,0.0,0.0,872.18,0.0,192.6,0,1236.9824897482179,0.0,2854,-1236.9824897482179
Data,888,0.0,0.0,3474.7323815372233,0.0,0.0,844.23,0.0,192.6,0,1692.5623815372235,0.0,2819,-1692.5623815372232
Data,889,0.0,0.0,3514.4950516815684,0.0,0.0,831.93,0.0,38.4,0,1593.8250516815688,0.0,2791,-1593.8250516815683
Data,890,0.0,0.0,3545.2762802948178,0.0,0.0,868.83,0.0,38.4,0,1588.5062802948175,0.0,2864,-1588.5062802948178
Data,891,0.0,0.0,3302.689695041107,0.0,0.0,892.31,0.0,38.4,0,1253.3996950411067,0.0,2980,-1253.399695041107
Data,892,0.0,0.0,3384.0978811063424,0.0,0.0,929.21,0.0,38.4,0,1293.7078811063423,0.0,3058,-1293.7078811063425
Data,893,0.0,0.0,4166.753602657992,0.0,0.0,919.15,0.0,38.4,0,2088.3036026579935,0.0,3036,-2088.303602657992
Data,894,-0.0,0.0,3939.088463321348,0.0,0.0,928.09,0.0,38.4,0,1962.5784633213482,0.0,2943,-1962.5784633213482
Data,895,-0.0,0.0,4198.243181822859,0.0,0.0,949.34,0.0,38.4,0,2382.9831818228595,0.0,2803,-2382.983181822859
Data,896,-0.0,0.0,4306.929131873308,0.0,0.0,948.22,0.0,38.4,0,2650.549131873307,0.0,2643,-2650.5491318733075
Data,897,-0.0,0.0,4339.93580852327,0.0,0.0,939.27,0.0,41.6,0,2604.8058085232706,0.0,2716,-2604.8058085232697
Data,898,-0.0,0.0,3895.6389716903795,0.0,0.0,916.91,0.0,38.4,0,2043.9489716903795,0.0,2807,-2043.9489716903795
Data,899,-0.0,0.0,4036.0801467744336,0.0,0.0,922.5,0.0,38.4,0,2126.9801467744337,0.0,2870,-2126.9801467744337
Data,900,-0.0,0.0,3454.907669347911,0.0,0.0,920.26,0.0,38.4,0,1579.5676693479113,0.0,2834,-1579.567669347911
Data,901,-0.0,0.0,3373.964723725809,0.0,0.0,901.25,0.0,38.4,0,1515.6147237258092,0.0,2798,-1515.6147237258092
Data,902,-0.0,0.0,3343.568420716293,0.0,0.0,914.67,0.0,38.4,0,1664.638420716293,0.0,2632,-1664.638420716293
Data,903,-0.0,0.0,2901.705510036268,0.0,0.0,931.45,0.0,41.6,0,1223.7555100362686,0.0,2651,-1223.755510036268
Data,904,-0.0,0.0,2999.127844106948,0.0,0.0,950.45,0.0,41.6,0,1284.1778441069478,0.0,2707,-1284.177844106948
Data,905,-0.0,0.0,2818.1333820481036,0.0,0.0,980.65,0.0,41.6,0,1014.3833820481038,0.0,2826,-1014.3833820481036
Data,906,-0.0,0.0,2791.88536808804,0.0,0.0,977.29,0.0,41.6,0,769.7753680880401,0.0,3041,-769.7753680880402
Data,907,-0.0,0.0,2360.328673365748,0.0,0.0,981.76,0.0,41.6,0,190.68867336574735,0.0,3193,-190.6886733657478
Data,908,-0.0,0.0,2016.3490045088415,0.0,0.0,972.82,0.0,41.6,0,-284.2309954911585,0.0,3315,284.2309954911584
Data,909,0.0,0.0,1578.1160687525135,0.0,0.0,968.35,0.0,41.6,0,-600.9339312474866,0.0,3189,600.9339312474865
Data,910,0.0,0.0,1942.6305969560196,0.0,0.0,954.93,0.0,195.8,0,39.360596956019684,0.0,3054,-39.360596956019606
Data,911,0.0,0.0,1664.700468969986,0.0,0.0,944.86,0.0,192.6,0,-137.83953103001392,0.0,2940,137.8395310300139
Data,912,0.0,0.0,1604.467868060739,0.0,0.0,888.95,0.0,192.6,0,-194.98213193926114,0.0,2881,194.982131939261
Data,913,0.0,0.0,2226.1494744920396,0.0,0.0,874.42,0.0,189.4,0,454.96947449203986,0.0,2835,-454.9694744920396
Data,914,0.0,0.0,2249.390877665554,0.0,0.0,903.49,0.0,189.4,0,435.28087766555427,0.0,2907,-435.28087766555393
Data,915,0.0,0.0,2403.790057066084,0.0,0.0,903.49,0.0,189.4,0,444.68005706608403,0.0,3052,-444.68005706608403
Data,916,0.0,0.0,2219.062406799568,0.0,0.0,909.08,0.0,189.4,0,156.5424067995683,0.0,3161,-156.54240679956823
Data,917,0.0,0.0,2326.3788559077116,0.0,0.0,932.56,0.0,189.4,0,265.3388559077117,0.0,3183,-265.3388559077115
Data,918,-0.0,0.0,2475.702882896166,0.0,0.0,937.04,0.0,189.4,0,440.1428828961662,0.0,3162,-440.14288289616604
Data,919,-0.0,0.0,2633.3550246178547,0.0,0.0,906.85,0.0,38.4,0,485.60502461785444,0.0,3093,-485.6050246178547
Data,920,-0.0,0.0,2377.8312816489283,0.0,0.0,899.02,0.0,38.4,0,319.2512816489281,0.0,2996,-319.2512816489283
Data,921,-0.0,0.0,2098.273984354822,0.0,0.0,880.01,0.0,38.4,0,-167.31601564517794,0.0,3184,167.316015645178
Data,922,-0.0,0.0,1992.895636295652,0.0,0.0,865.47,0.0,38.4,0,-553.2343637043482,0.0,3450,553.2343637043481
Data,923,-0.0,0.0,2200.505877915983,0.0,0.0,861.0,0.0,38.4,0,-474.0941220840169,0.0,3574,474.09412208401693
Data,924,-0.0,0.0,2362.2001451710476,0.0,0.0,841.99,0.0,38.4,0,-205.40985482895215,0.0,3448,205.40985482895243
Data,925,-0.0,0.0,2252.936988726289,0.0,0.0,816.27,0.0,41.6,0,-147.19301127371097,0.0,3258,147.19301127371082
Data,926,-0.0,0.0,1749.0553061002022,0.0,0.0,818.51,0.0,38.4,0,-732.0346938997977,0.0,3338,732.0346938997978
Data,927,-0.0,0.0,1470.819886354217,0.0,0.0,835.28,0.0,41.6,0,-919.3001136457829,0.0,3267,919.300113645783
Data,928,-0.0,0.0,1762.2947606566895,0.0,0.0,847.58,0.0,41.6,0,-571.5252393433107,0.0,3223,571.5252393433104
Data,929,-0.0,0.0,1955.8243973414683,0.0,0.0,856.53,0.0,41.6,0,-533.0456026585315,0.0,3387,533.0456026585317
Data,930,-0.0,0.0,2122.9303870310823,0.0,0.0,892.31,0.0,41.6,0,-349.1596129689177,0.0,3406,349.1596129689177
Data,931,-0.0,0.0,2075.999316138282,0.0,0.0,905.73,0.0,192.6,0,-281.67068386171826,0.0,3456,281.67068386171775
Data,932,-0.0,0.0,1948.0577525221854,0.0,0.0,929.21,0.0,192.6,0,-468.1322474778146,0.0,3538,468.13224747781453
Data,933,-0.0,0.0,818.4470396529978,0.0,0.0,929.21,0.0,543.6,0,-1069.7429603470023,0.0,3361,1069.7429603470023
Data,934,0.0,0.0,743.7259424999193,0.0,0.0,929.21,0.0,543.6,0,-960.4640575000807,0.0,3177,960.4640575000807
Data,935,0.0,0.0,1374.6301788934147,0.0,0.0,900.14,0.0,543.6,0,-230.6298211065856,0.0,3049,230.62982110658527
Data,936,0.0,0.0,881.8516717123049,0.0,0.0,843.11,0.0,543.6,0,-722.4383282876951,0.0,2991,722.4383282876951
Data,937,0.0,0.0,696.1076232796894,0.0,0.0,822.98,0.0,540.4,0,-794.5123767203105,0.0,2854,794.5123767203106
Data,938,0.0,0.0,1331.7187992597176,0.0,0.0,854.29,0.0,540.4,0,-198.59120074028243,0.0,2925,198.5912007402825
Data,939,0.0,0.0,728.695617100677,0.0,0.0,856.53,0.0,540.4,0,-965.3743828993229,0.0,3091,965.374382899323
Data,940,0.0,0.0,784.4779825272146,0.0,0.0,886.72,0.0,540.4,0,-996.4020174727852,0.0,3208,996.4020174727854
Data,941,0.0,0.0,1103.632748367875,0.0,0.0,900.14,0.0,189.4,0,-1011.8272516321251,0.0,3205,1011.8272516321251
Data,942,-0.0,0.0,1183.1873860417236,0.0,0.0,916.91,0.0,189.4,0,-880.5026139582765,0.0,3170,880.5026139582765
Data,943,-0.0,0.0,817.5672307922177,0.0,0.0,887.84,0.0,38.4,0,-1388.192769207782,0.0,3132,1388.1927692077822
Data,944,-0.0,0.0,1051.8383767788882,0.0,0.0,873.3,0.0,38.4,0,-1062.461623221112,0.0,3026,1062.4616232211117
Data,945,-0.0,0.0,1109.143551525414,0.0,0.0,829.69,0.0,38.4,0,-1169.7664484745858,0.0,3147,1169.7664484745858
Data,946,-0.0,0.0,785.2671202520828,0.0,0.0,789.44,0.0,41.6,0,-1723.692879747917,0.0,3340,1723.6928797479172
Data,947,-0.0,0.0,937.6371197069036,0.0,0.0,779.37,0.0,38.4,0,-1624.5928802930964,0.0,3380,1624.5928802930964
Data,948,-0.0,0.0,1085.552631838709,0.0,0.0,755.89,0.0,38.4,0,-1470.1573681612913,0.0,3350,1470.157368161291
Data,949,-0.0,0.0,1124.1556937352736,0.0,0.0,739.12,0.0,38.4,0,-1259.3243062647264,0.0,3161,1259.3243062647264
Data,950,-0.0,0.0,1077.6967596169088,0.0,0.0,744.71,0.0,38.4,0,-1410.1932403830908,0.0,3271,1410.193240383091
Data,951,-0.0,0.0,1555.6719589971297,0.0,0.0,755.89,0.0,38.4,0,-856.0380410028703,0.0,3206,856.0380410028704
Data,952,-0.0,0.0,1615.2506666692477,0.0,0.0,789.44,0.0,44.8,0,-782.5093333307522,0.0,3232,782.5093333307523
Data,953,-0.0,0.0,1855.4609597880092,0.0,0.0,848.7,0.0,41.6,0,-663.2390402119906,0.0,3409,663.2390402119908
Data,954,-0.0,0.0,1773.8086498517769,0.0,0.0,894.55,0.0,543.6,0,-198.04135014822347,0.0,3410,198.04135014822316
Data,955,-0.0,0.0,1800.5661827494075,0.0,0.0,934.8,0.0,543.6,0,-154.03381725059268,0.0,3433,154.0338172505925
Data,956,-0.0,0.0,1745.9184016649135,0.0,0.0,940.39,0.0,543.6,0,-292.09159833508676,0.0,3522,292.0915983350865
Data,957,0.0,0.0,1913.4145272237138,0.0,0.0,925.85,0.0,543.6,0,46.86452722371354,0.0,3336,-46.86452722371382
Data,958,0.0,0.0,2011.1340929230137,0.0,0.0,928.09,0.0,543.6,0,312.82409292301367,0.0,3170,-312.8240929230137
Data,959,0.0,0.0,2179.518499951803,0.0,0.0,866.59,0.0,543.6,0,521.7084999518031,0.0,3068,-521.7084999518029
Data,960,0.0,0.0,2410.1639433789574,0.0,0.0,816.27,0.0,543.6,0,743.0339433789572,0.0,3027,-743.0339433789574
Data,961,0.0,0.0,2817.224545114607,0.0,0.0,811.8,0.0,540.4,0,1261.4245451146069,0.0,2908,-1261.4245451146066
Data,962,0.0,0.0,2954.8523300381416,0.0,0.0,836.4,0.0,540.4,0,1386.6523300381418,0.0,2945,-1386.6523300381416
Data,963,0.0,0.0,3273.490533639243,0.0,0.0,829.69,0.0,540.4,0,1548.580533639243,0.0,3095,-1548.5805336392432
Data,964,0.0,0.0,3278.1835603465097,0.0,0.0,850.94,0.0,540.4,0,1478.5235603465096,0.0,3191,-1478.5235603465098
Data,965,0.0,0.0,3180.2819255374743,0.0,0.0,869.95,0.0,540.4,0,1386.6319255374747,0.0,3204,-1386.6319255374742
Data,966,-0.0,0.0,3200.241239578102,0.0,0.0,892.31,0.0,189.4,0,1134.9512395781019,0.0,3147,-1134.951239578102
Data,967,-0.0,0.0,3366.6518054353505,0.0,0.0,857.65,0.0,38.4,0,1176.701805435351,0.0,3086,-1176.7018054353505
Data,968,-0.0,0.0,3291.3361248525316,0.0,0.0,838.64,0.0,38.4,0,1145.3761248525313,0.0,3023,-1145.3761248525316
Data,969,-0.0,0.0,2551.8758424093503,0.0,0.0,825.22,0.0,38.4,0,180.4958424093499,0.0,3235,-180.49584240935033
Data,970,-0.0,0.0,2108.371061349112,0.0,0.0,779.37,0.0,38.4,0,-478.8589386508881,0.0,3405,478.8589386508879
Data,971,-0.0,0.0,2000.1295256449457,0.0,0.0,746.95,0.0,41.6,0,-663.3204743550541,0.0,3452,663.3204743550542
Data,972,-0.0,0.0,1612.5178333218964,0.0,0.0,717.87,0.0,41.6,0,-1070.0121666781038,0.0,3442,1070.0121666781035
Data,973,-0.0,0.0,1855.031100583606,0.0,0.0,716.75,0.0,38.4,0,-635.8188994163937,0.0,3246,635.818899416394
Data,974,-0.0,0.0,2015.5020140424058,0.0,0.0,723.46,0.0,38.4,0,-539.6379859575941,0.0,3317,539.6379859575942
Data,975,-0.0,0.0,2126.6891417041134,0.0,0.0,731.29,0.0,38.4,0,-400.62085829588665,0.0,3297,400.6208582958867
Data,976,-0.0,0.0,2253.5306400865047,0.0,0.0,761.48,0.0,44.8,0,-250.18935991349494,0.0,3310,250.18935991349525
Data,977,-0.0,0.0,1880.1299767890714,0.0,0.0,835.28,0.0,538.0052,0,-167.58482321092794,0.0,3421,167.58482321092868
Data,978,-0.0,0.0,1935.862872345565,0.0,0.0,895.66,0.0,543.6,0,-4.877127654435384,0.0,3380,4.877127654435071
Data,979,-0.0,0.0,2048.489883888302,0.0,0.0,939.27,0.0,546.8,0,91.55988388830208,0.0,3443,-91.55988388830178
Data,980,-0.0,0.0,2228.6188864239152,0.0,0.0,942.63,0.0,543.6,0,218.84888642391545,0.0,3496,-218.84888642391525
Data,981,0.0,0.0,2106.119621398135,0.0,0.0,939.27,0.0,543.6,0,280.9896213981352,0.0,3308,-280.9896213981352
Data,982,0.0,0.0,2029.235745716024,0.0,0.0,930.33,0.0,543.6,0,371.1657457160237,0.0,3132,-371.16574571602405
Data,983,0.0,0.0,2048.1764898666374,0.0,0.0,873.3,0.0,543.6,0,491.0764898666373,0.0,2974,-491.0764898666374
Data,984,0.0,0.0,2418.469804651401,0.0,0.0,834.16,0.0,543.6,0,905.2298046514006,0.0,2891,-905.2298046514009
Data,985,0.0,0.0,2345.7053131600264,0.0,0.0,822.98,0.0,540.4,0,859.0853131600262,0.0,2850,-859.0853131600264
Data,986,0.0,0.0,2045.7480088005893,0.0,0.0,838.64,0.0,540.4,0,504.78800880058924,0.0,2920,-504.7880088005893
Data,987,0.0,0.0,2481.7396884366917,0.0,0.0,847.58,0.0,540.4,0,820.7196884366917,0.0,3049,-820.7196884366917
Data,988,0.0,0.0,2534.1059827528916,0.0,0.0,880.01,0.0,540.4,0,793.5159827528917,0.0,3161,-793.5159827528915
Data,989,0.0,0.0,2309.2186303426483,0.0,0.0,893.43,0.0,540.4,0,624.0486303426484,0.0,3119,-624.0486303426483
Data,990,-0.0,0.0,2571.7703002733133,0.0,0.0,886.72,0.0,540.4,0,898.8903002733135,0.0,3100,-898.8903002733133
Data,991,-0.0,0.0,2505.9905459793563,0.0,0.0,865.47,0.0,540.4,0,844.8605459793566,0.0,3067,-844.8605459793563
Data,992,-0.0,0.0,2567.377689208778,0.0,0.0,834.16,0.0,543.6,0,851.1376892087777,0.0,3094,-851.137689208778
Data,993,-0.0,0.0,2180.170384248823,0.0,0.0,826.34,0.0,540.4,0,201.91038424882348,0.0,3345,-201.91038424882322
Data,994,-0.0,0.0,1862.9718102732836,0.0,0.0,781.61,0.0,189.4,0,-631.018189726716,0.0,3465,631.0181897267164
Data,995,-0.0,0.0,1609.7884380564763,0.0,0.0,739.12,0.0,540.4,0,-412.6915619435239,0.0,3302,412.69156194352377
Data,996,-0.0,0.0,1950.4994700022673,0.0,0.0,726.82,0.0,189.4,0,-540.2805299977324,0.0,3407,540.2805299977326
Data,997,-0.0,0.0,1928.5797270839082,0.0,0.0,722.35,0.0,189.4,0,-458.6702729160918,0.0,3299,458.6702729160918
Data,998,-0.0,0.0,1855.5393014368183,0.0,0.0,732.41,0.0,540.4,0,-263.6506985631817,0.0,3392,263.6506985631818
Data,999,-0.0,0.0,1945.2582594862456,0.0,0.0,758.13,0.0,540.4,0,-114.21174051375428,0.0,3358,114.21174051375442
Data,1000,-0.0,0.0,1830.4095654671107,0.0,0.0,783.85,0.0,540.4,0,-209.34043453288942,0.0,3364,209.34043453288928
Data,1001,-0.0,0.0,1760.8854025493908,0.0,0.0,850.94,0.0,540.4,0,-361.77459745060884,0.0,3514,361.7745974506091
Data,1002,-0.0,0.0,2156.703792985621,0.0,0.0,926.97,0.0,543.6,0,162.27379298562076,0.0,3465,-162.27379298562107
Data,1003,-0.0,0.0,2593.662798652892,0.0,0.0,937.04,0.0,543.6,0,573.3027986528917,0.0,3501,-573.302798652892
Data,1004,-0.0,0.0,2708.870508725457,0.0,0.0,956.05,0.0,543.6,0,663.5205087254568,0.0,3545,-663.520508725457
Data,1005,0.0,0.0,2867.2220966934083,0.0,0.0,999.65,0.0,543.6,0,1084.4720966934083,0.0,3326,-1084.4720966934083
Data,1006,0.0,0.0,2427.2376875650984,0.0,0.0,997.42,0.0,543.6,0,784.2576875650983,0.0,3184,-784.2576875650984
Data,1007,0.0,0.0,2276.2202577103526,0.0,0.0,935.92,0.0,543.6,0,691.7402577103524,0.0,3064,-691.7402577103526
Data,1008,0.0,0.0,2340.9231864810336,0.0,0.0,895.66,0.0,543.6,0,781.1831864810333,0.0,2999,-781.1831864810335
Data,1009,0.0,0.0,2068.5123767269815,0.0,0.0,874.42,0.0,540.4,0,582.3323767269819,0.0,2901,-582.3323767269815
Data,1010,0.0,0.0,2058.6894607334657,0.0,0.0,886.72,0.0,543.6,0,509.0094607334657,0.0,2980,-509.00946073346574
Data,1011,0.0,0.0,1742.5531166543747,0.0,0.0,891.19,0.0,540.4,0,69.1431166543748,0.0,3105,-69.1431166543747
Data,1012,0.0,0.0,1473.426166234073,0.0,0.0,925.85,0.0,540.4,0,-298.3238337659269,0.0,3238,298.323833765927
Data,1013,0.0,0.0,1353.4401732661495,0.0,0.0,938.15,0.0,540.4,0,-362.00982673385033,0.0,3194,362.00982673385056
Data,1014,-0.0,0.0,1319.0103179753742,0.0,0.0,941.51,0.0,540.4,0,-359.0796820246257,0.0,3160,359.07968202462587
Data,1015,-0.0,0.0,1108.923485850194,0.0,0.0,932.56,0.0,543.6,0,-576.9165141498061,0.0,3162,576.916514149806
Data,1016,-0.0,0.0,1035.9721389648287,0.0,0.0,937.04,0.0,540.4,0,-680.5878610351713,0.0,3194,680.5878610351714
Data,1017,-0.0,0.0,906.8950349353074,0.0,0.0,935.92,0.0,540.4,0,-1049.7849650646924,0.0,3433,1049.7849650646926
Data,1018,-0.0,0.0,739.7315184220922,0.0,0.0,909.08,0.0,540.4,0,-1311.7884815779078,0.0,3501,1311.7884815779078
Data,1019,-0.0,0.0,763.8827717950317,0.0,0.0,878.89,0.0,540.4,0,-1214.8272282049684,0.0,3398,1214.8272282049684
Data,1020,-0.0,0.0,619.1762472233136,0.0,0.0,872.18,0.0,540.4,0,-1464.2437527766865,0.0,3496,1464.2437527766865
Data,1021,-0.0,0.0,1109.3490111587148,0.0,0.0,880.01,0.0,540.4,0,-889.240988841285,0.0,3419,889.2409888412852
Data,1022,-0.0,0.0,1327.5141375346877,0.0,0.0,900.14,0.0,540.4,0,-794.9458624653123,0.0,3563,794.9458624653123
Data,1023,-0.0,0.0,852.9831652121829,0.0,0.0,906.85,0.0,540.4,0,-1236.7668347878173,0.0,3537,1236.766834787817
Data,1024,-0.0,0.0,1268.6550960925185,0.0,0.0,932.56,0.0,540.4,0,-790.3849039074814,0.0,3532,790.3849039074815
Data,1025,-0.0,0.0,1756.8165199962218,0.0,0.0,957.16,0.0,540.4,0,-310.6234800037784,0.0,3565,310.62348000377824
Data,1026,-0.0,0.0,2194.7956385900566,0.0,0.0,978.41,0.0,540.4,0,172.60563859005646,0.0,3541,-172.60563859005651
Data,1027,-0.0,0.0,2224.6941068429205,0.0,0.0,994.06,0.0,543.6,0,209.35410684292046,0.0,3553,-209.3541068429205
Data,1028,-0.0,0.0,1763.560139671563,0.0,0.0,994.06,0.0,543.6,0,-189.77986032843714,0.0,3491,189.77986032843694
Data,1029,0.0,0.0,1707.5426859917711,0.0,0.0,990.71,0.0,543.6,0,-50.14731400822906,0.0,3292,50.14731400822882
Data,1030,0.0,0.0,1893.8858327898342,0.0,0.0,982.88,0.0,543.6,0,297.3658327898342,0.0,3123,-297.36583278983426
Data,1031,0.0,0.0,1735.0379814858147,0.0,0.0,941.51,0.0,543.6,0,193.14798148581465,0.0,3027,-193.14798148581474
Data,1032,0.0,0.0,1785.6407201601298,0.0,0.0,900.14,0.0,546.8,0,258.58072016012983,0.0,2974,-258.5807201601298
Data,1033,0.0,0.0,1572.9910465189203,0.0,0.0,883.36,0.0,540.4,0,132.7510465189204,0.0,2864,-132.75104651892025
Data,1034,0.0,0.0,2276.4174889448414,0.0,0.0,899.02,0.0,540.4,0,799.8374889448417,0.0,2916,-799.8374889448413
Data,1035,0.0,0.0,2094.23265236256,0.0,0.0,907.96,0.0,38.4,0,14.592652362560365,0.0,3026,-14.592652362560237
Data,1036,0.0,0.0,2092.417576441365,0.0,0.0,944.86,0.0,38.4,0,-93.32242355863484,0.0,3169,93.32242355863511
Data,1037,0.0,0.0,2124.3170634655767,0.0,0.0,960.52,0.0,38.4,0,8.237063465576853,0.0,3115,-8.237063465576647
Data,1038,-0.0,0.0,2700.797875397231,0.0,0.0,961.64,0.0,38.4,0,657.837875397231,0.0,3043,-657.8378753972311
Data,1039,-0.0,0.0,3117.625599550759,0.0,0.0,943.75,0.0,38.4,0,1149.775599550759,0.0,2950,-1149.7755995507591
Data,1040,-0.0,0.0,3184.4421436381467,0.0,0.0,941.51,0.0,38.4,0,1198.3521436381466,0.0,2966,-1198.3521436381468
Data,1041,-0.0,0.0,2618.0334770443,0.0,0.0,934.8,0.0,38.4,0,528.2334770442998,0.0,3063,-528.2334770443
Data,1042,-0.0,0.0,2733.974486946772,0.0,0.0,896.78,0.0,38.4,0,470.1544869467726,0.0,3199,-470.1544869467717
Data,1043,-0.0,0.0,2053.181587887859,0.0,0.0,873.3,0.0,38.4,0,-98.11841211214109,0.0,3063,98.11841211214082
Data,1044,-0.0,0.0,2596.7821152867755,0.0,0.0,872.18,0.0,38.4,0,450.36211528677495,0.0,3057,-450.3621152867754
Data,1045,-0.0,0.0,2655.5777363498673,0.0,0.0,868.83,0.0,38.4,0,622.8077363498674,0.0,2940,-622.8077363498674
Data,1046,-0.0,0.0,2790.658759984103,0.0,0.0,900.14,0.0,35.2,0,701.998759984103,0.0,3024,-701.9987599841032
Data,1047,-0.0,0.0,3646.7544963197392,0.0,0.0,912.44,0.0,38.4,0,1690.5944963197392,0.0,2907,-1690.5944963197394
Data,1048,-0.0,0.0,3815.1171491941286,0.0,0.0,949.34,0.0,38.4,0,1950.8571491941286,0.0,2852,-1950.8571491941286
Data,1049,-0.0,0.0,3753.4518956789584,0.0,0.0,985.12,0.0,41.6,0,1801.1718956789582,0.0,2979,-1801.1718956789584
Data,1050,-0.0,0.0,3517.389716435055,0.0,0.0,1001.89,0.0,44.8,0,1474.0797164350558,0.0,3090,-1474.0797164350552
Data,1051,-0.0,0.0,3650.831362554204,0.0,0.0,996.3,0.0,41.6,0,1475.731362554204,0.0,3213,-1475.731362554204
Data,1052,-0.0,0.0,3364.5580433108894,0.0,0.0,1000.77,0.0,38.4,0,1084.7280433108892,0.0,3319,-1084.7280433108895
Data,1053,0.0,0.0,3369.4780141412434,0.0,0.0,1017.55,0.0,41.6,0,1276.6280141412428,0.0,3152,-1276.6280141412433
Data,1054,0.0,0.0,3026.317184452947,0.0,0.0,1015.31,0.0,41.6,0,1061.227184452947,0.0,3022,-1061.2271844529469
Data,1055,0.0,0.0,3216.6024627837483,0.0,0.0,984.0,0.0,41.6,0,1315.202462783748,0.0,2927,-1315.2024627837482
Data,1056,0.0,0.0,3210.2157792425082,0.0,0.0,968.35,0.0,38.4,0,1330.9657792425085,0.0,2886,-1330.9657792425082
Data,1057,0.0,0.0,2841.0934086028483,0.0,0.0,948.22,0.0,38.4,0,1052.7134086028486,0.0,2775,-1052.7134086028484
Data,1058,0.0,0.0,2525.4701578164872,0.0,0.0,976.17,0.0,38.4,0,705.0401578164876,0.0,2835,-705.0401578164872
Data,1059,0.0,0.0,3225.9780900124233,0.0,0.0,980.65,0.0,38.4,0,1286.0280900124235,0.0,2959,-1286.0280900124233
Data,1060,0.0,0.0,3260.57363266607,0.0,0.0,991.83,0.0,38.4,0,1211.80363266607,0.0,3079,-1211.80363266607
Data,1061,0.0,0.0,3349.468825321369,0.0,0.0,995.18,0.0,35.2,0,1332.8488253213684,0.0,3047,-1332.8488253213688
Data,1062,-0.0,0.0,3187.5692352529936,0.0,0.0,991.83,0.0,38.4,0,1235.7992352529936,0.0,2982,-1235.7992352529936
Data,1063,-0.0,0.0,1873.660253792707,0.0,0.0,938.15,0.0,38.4,0,95.2102537927072,0.0,2755,-95.21025379270694
Data,1064,-0.0,0.0,2284.53671481708,0.0,0.0,926.97,0.0,38.4,0,670.9067148170799,0.0,2579,-670.9067148170799
Data,1065,-0.0,0.0,2010.6283169460453,0.0,0.0,924.74,0.0,38.4,0,367.7683169460455,0.0,2606,-367.7683169460453
Data,1066,-0.0,0.0,2763.006084191386,0.0,0.0,866.59,0.0,38.4,0,960.9960841913863,0.0,2707,-960.996084191386
Data,1067,-0.0,0.0,2738.1784692384667,0.0,0.0,835.28,0.0,38.4,0,783.8584692384668,0.0,2828,-783.8584692384667
Data,1068,-0.0,0.0,2812.3218321996824,0.0,0.0,833.05,0.0,38.4,0,821.7718321996822,0.0,2862,-821.7718321996823
Data,1069,-0.0,0.0,3360.788988612906,0.0,0.0,819.63,0.0,38.4,0,1322.8189886129064,0.0,2896,-1322.818988612906
Data,1070,-0.0,0.0,3404.5350013268885,0.0,0.0,835.28,0.0,38.4,0,1474.2150013268881,0.0,2804,-1474.2150013268886
Data,1071,-0.0,0.0,3333.987471411339,0.0,0.0,882.25,0.0,38.4,0,1530.637471411339,0.0,2724,-1530.637471411339
Data,1072,-0.0,0.0,3229.6479975858706,0.0,0.0,920.26,0.0,41.6,0,1500.5079975858703,0.0,2691,-1500.5079975858705
Data,1073,-0.0,0.0,3705.8177287681215,0.0,0.0,942.63,0.0,41.6,0,1850.0477287681215,0.0,2840,-1850.0477287681215
Data,1074,-0.0,0.0,3618.893634281466,0.0,0.0,987.35,0.0,41.6,0,1573.8436342814655,0.0,3074,-1573.843634281466
Data,1075,-0.0,0.0,3304.187356874344,0.0,0.0,995.18,0.0,423.7199,0,1565.0872568743437,0.0,3158,-1565.087256874344
Data,1076,-0.0,0.0,3404.911107366119,0.0,0.0,995.18,0.0,337.1565,0,1420.247607366119,0.0,3317,-1420.2476073661187
Data,1077,0.0,0.0,3697.3505570778448,0.0,0.0,991.83,0.0,543.6,0,2053.7805570778446,0.0,3179,-2053.7805570778446
Data,1078,0.0,0.0,3563.2071026863546,0.0,0.0,977.29,0.0,540.4,0,2069.8971026863546,0.0,3011,-2069.8971026863546
Data,1079,0.0,0.0,3106.431825629609,0.0,0.0,944.86,0.0,546.8,0,1776.0918256296097,0.0,2822,-1776.091825629609
Data,1080,0.0,0.0,2989.069217375171,0.0,0.0,919.15,0.0,540.4,0,1695.6192173751715,0.0,2753,-1695.6192173751708
Data,1081,0.0,0.0,3047.678948837621,0.0,0.0,893.43,0.0,540.4,0,1799.5089488376216,0.0,2682,-1799.5089488376211
Data,1082,0.0,0.0,2633.7177025194715,0.0,0.0,919.15,0.0,540.4,0,1335.2677025194719,0.0,2758,-1335.2677025194714
Data,1083,0.0,0.0,2854.9637870624324,0.0,0.0,944.86,0.0,537.2,0,1419.0237870624323,0.0,2918,-1419.0237870624323
Data,1084,0.0,0.0,2981.847792674853,0.0,0.0,985.12,0.0,540.4,0,1460.3677926748528,0.0,3047,-1460.3677926748528
Data,1085,0.0,0.0,3668.583606646671,0.0,0.0,992.95,0.0,537.2,0,2153.7336066466705,0.0,3045,-2153.733606646671
Data,1086,-0.0,0.0,3827.0254513269715,0.0,0.0,994.06,0.0,540.4,0,2351.4854513269715,0.0,3010,-2351.4854513269715
Data,1087,-0.0,0.0,3127.905129224897,0.0,0.0,941.51,0.0,434.3287,0,1538.7438292248964,0.0,2965,-1538.743829224897
Data,1088,-0.0,0.0,2832.7299256844904,0.0,0.0,881.13,0.0,38.4,0,803.2599256844906,0.0,2949,-803.2599256844903
Data,1089,-0.0,0.0,2892.76474639668,0.0,0.0,866.59,0.0,38.4,0,670.7547463966802,0.0,3127,-670.75474639668
Data,1090,-0.0,0.0,3500.2066314601884,0.0,0.0,874.42,0.0,38.4,0,1148.0266314601886,0.0,3265,-1148.0266314601884
Data,1091,-0.0,0.0,4058.418610014287,0.0,0.0,847.58,0.0,38.4,0,1657.3986100142868,0.0,3287,-1657.398610014287
Data,1092,-0.0,0.0,3983.5356343821963,0.0,0.0,828.57,0.0,38.4,0,1538.5056343821964,0.0,3312,-1538.5056343821964
Data,1093,-0.0,0.0,3873.7055571133997,0.0,0.0,808.45,0.0,38.4,0,1597.5555571134003,0.0,3123,-1597.5555571133998
Data,1094,-0.0,0.0,3375.7619351824674,0.0,0.0,854.29,0.0,38.4,0,994.4519351824674,0.0,3274,-994.4519351824673
Data,1095,-0.0,0.0,2964.2200349124023,0.0,0.0,853.17,0.0,38.4,0,593.7900349124023,0.0,3262,-593.7900349124022
Data,1096,-0.0,0.0,2970.9957793311064,0.0,0.0,858.76,0.0,41.6,0,610.3557793311064,0.0,3261,-610.3557793311064
Data,1097,-0.0,0.0,3194.8889260015167,0.0,0.0,896.78,0.0,543.6,0,1248.2689260015165,0.0,3387,-1248.2689260015168
Data,1098,-0.0,0.0,3231.1368948317,0.0,0.0,925.85,0.0,543.6,0,1303.5868948316997,0.0,3397,-1303.5868948317
Data,1099,-0.0,0.0,3126.0115847913253,0.0,0.0,921.38,0.0,543.6,0,1154.9915847913253,0.0,3436,-1154.9915847913253
Data,1100,-0.0,0.0,3130.093541106141,0.0,0.0,925.85,0.0,543.6,0,1088.5435411061405,0.0,3511,-1088.543541106141
Data,1101,-0.0,0.0,3310.626074603312,0.0,0.0,916.91,0.0,540.4,0,1464.9360746033124,0.0,3303,-1464.9360746033121
Data,1102,0.0,0.0,3175.7873754980137,0.0,0.0,886.72,0.0,543.6,0,1480.1073754980139,0.0,3126,-1480.1073754980139
Data,1103,0.0,0.0,3271.5177689680395,0.0,0.0,853.17,0.0,543.6,0,1700.2877689680395,0.0,2968,-1700.2877689680395
Data,1104,0.0,0.0,2898.24907788023,0.0,0.0,820.75,0.0,543.6,0,1357.5990778802297,0.0,2905,-1357.5990778802297
Data,1105,0.0,0.0,3199.2018851033554,0.0,0.0,814.04,0.0,540.4,0,1743.6418851033554,0.0,2810,-1743.6418851033554
Data,1106,0.0,0.0,3672.358687214268,0.0,0.0,821.86,0.0,540.4,0,2162.618687214268,0.0,2872,-2162.618687214268
Data,1107,0.0,0.0,3550.1899142964517,0.0,0.0,816.27,0.0,540.4,0,1883.8599142964517,0.0,3023,-1883.8599142964517
Data,1108,0.0,0.0,3333.9095199747417,0.0,0.0,856.53,0.0,540.4,0,1564.8395199747415,0.0,3166,-1564.8395199747415
Data,1109,0.0,0.0,3784.9328291262677,0.0,0.0,872.18,0.0,537.2,0,2041.3128291262674,0.0,3153,-2041.3128291262678
Data,1110,-0.0,0.0,3699.593863002521,0.0,0.0,868.83,0.0,540.4,0,2045.8238630025212,0.0,3063,-2045.8238630025212
Data,1111,-0.0,0.0,3598.0372488341927,0.0,0.0,834.16,0.0,540.4,0,1945.5972488341927,0.0,3027,-1945.5972488341927
Data,1112,-0.0,0.0,3366.5354257437434,0.0,0.0,791.67,0.0,540.4,0,1723.6054257437436,0.0,2975,-1723.6054257437434
Data,1113,-0.0,0.0,2699.5585845842843,0.0,0.0,787.2,0.0,540.4,0,858.1585845842843,0.0,3169,-858.1585845842843
Data,1114,-0.0,0.0,2239.686556123756,0.0,0.0,746.95,0.0,540.4,0,227.03655612375596,0.0,3300,-227.036556123756
Data,1115,-0.0,0.0,2225.170190805067,0.0,0.0,749.18,0.0,244.5131,0,-59.13670919493305,0.0,3278,59.136709194933246
Data,1116,-0.0,0.0,1625.4059684254612,0.0,0.0,765.95,0.0,189.4,0,-704.2440315745384,0.0,3285,704.2440315745388
Data,1117,-0.0,0.0,1636.9895250513564,0.0,0.0,761.48,0.0,366.6247,0,-391.9057749486436,0.0,3157,391.90577494864357
Data,1118,-0.0,0.0,2098.893182723426,0.0,0.0,753.65,0.0,540.4,0,122.9431827234259,0.0,3270,-122.94318272342593
Data,1119,-0.0,0.0,1513.4911541639267,0.0,0.0,745.83,0.0,475.1988,0,-513.4800458360731,0.0,3248,513.4800458360733
Data,1120,-0.0,0.0,1614.0512802767862,0.0,0.0,798.38,0.0,543.6,0,-368.9687197232137,0.0,3325,368.9687197232138
Data,1121,-0.0,0.0,1867.9446838475037,0.0,0.0,875.54,0.0,543.6,0,-138.91531615249647,0.0,3426,138.9153161524963
Data,1122,-0.0,0.0,1557.4859967567572,0.0,0.0,911.32,0.0,543.6,0,-373.59400324324287,0.0,3386,373.5940032432427
Data,1123,-0.0,0.0,1262.092189235066,0.0,0.0,923.62,0.0,543.6,0,-725.6878107649344,0.0,3455,725.687810764934
Data,1124,-0.0,0.0,1507.6053420861854,0.0,0.0,922.5,0.0,543.6,0,-517.2946579138147,0.0,3491,517.2946579138146
Data,1125,-0.0,0.0,1588.9559290831594,0.0,0.0,921.38,0.0,543.6,0,-241.06407091684056,0.0,3295,241.0640709168406
Data,1126,0.0,0.0,1802.2823226735268,0.0,0.0,903.49,0.0,540.4,0,133.17232267352676,0.0,3113,-133.17232267352676
Data,1127,0.0,0.0,1526.6296434520154,0.0,0.0,861.0,0.0,543.6,0,-16.770356547984612,0.0,2948,16.770356547984534
Data,1128,0.0,0.0,1607.3333260288737,0.0,0.0,836.4,0.0,546.8,0,134.53332602887394,0.0,2856,-134.5333260288736
Data,1129,0.0,0.0,1346.7921054194153,0.0,0.0,826.34,0.0,537.2,0,-54.667894580584765,0.0,2765,54.66789458058463
Data,1130,0.0,0.0,1182.3894188601641,0.0,0.0,837.52,0.0,540.4,0,-277.6905811398358,0.0,2838,277.6905811398359
Data,1131,0.0,0.0,1425.5698004095964,0.0,0.0,830.81,0.0,540.4,0,-190.22019959040358,0.0,2987,190.2201995904037
Data,1132,0.0,0.0,1741.270282877656,0.0,0.0,894.55,0.0,540.4,0,61.22028287765603,0.0,3115,-61.220282877655904
Data,1133,0.0,0.0,2040.6561991027102,0.0,0.0,903.49,0.0,540.4,0,425.5461991027101,0.0,3059,-425.54619910271015
Data,1134,-0.0,0.0,1792.109565347226,0.0,0.0,885.6,0.0,540.4,0,188.10956534722595,0.0,3030,-188.10956534722595
Data,1135,-0.0,0.0,1662.4924193072422,0.0,0.0,854.29,0.0,540.4,0,62.182419307242306,0.0,2995,-62.182419307242185
Data,1136,-0.0,0.0,1431.1343841824844,0.0,0.0,836.4,0.0,38.4,0,-638.0656158175154,0.0,2944,638.0656158175157
Data,1137,-0.0,0.0,1180.6342720003688,0.0,0.0,803.97,0.0,38.4,0,-1060.9957279996313,0.0,3084,1060.995727999631
Data,1138,-0.0,0.0,1032.7328131595696,0.0,0.0,776.02,0.0,38.4,0,-1366.8471868404304,0.0,3214,1366.8471868404304
Data,1139,-0.0,0.0,1237.5700759517558,0.0,0.0,768.19,0.0,38.4,0,-1232.839924048244,0.0,3277,1232.839924048244
Data,1140,-0.0,0.0,1689.8690735422783,0.0,0.0,776.02,0.0,38.4,0,-784.7109264577216,0.0,3289,784.7109264577217
Data,1141,-0.0,0.0,2121.262706867848,0.0,0.0,758.13,0.0,38.4,0,-187.20729313215156,0.0,3105,187.207293132152
Data,1142,-0.0,0.0,1696.922858808732,0.0,0.0,760.36,0.0,41.6,0,-735.1171411912682,0.0,3234,735.117141191268
Data,1143,-0.0,0.0,1477.2391565798555,0.0,0.0,770.43,0.0,38.4,0,-928.9308434201446,0.0,3215,928.9308434201446
Data,1144,-0.0,0.0,1699.7792807112862,0.0,0.0,807.33,0.0,38.4,0,-734.4907192887135,0.0,3280,734.4907192887138
Data,1145,-0.0,0.0,1787.6284749011556,0.0,0.0,864.35,0.0,38.4,0,-737.6215250988445,0.0,3428,737.6215250988444
Data,1146,-0.0,0.0,1838.0263611512219,0.0,0.0,903.49,0.0,192.6,0,-484.8836388487778,0.0,3419,484.8836388487781
Data,1147,-0.0,0.0,2181.569163704066,0.0,0.0,911.32,0.0,546.8,0,199.68916370406623,0.0,3440,-199.6891637040659
Data,1148,-0.0,0.0,2394.9104050712967,0.0,0.0,907.96,0.0,543.6,0,326.47040507129645,0.0,3520,-326.4704050712968
Data,1149,0.0,0.0,2196.026094406304,0.0,0.0,907.96,0.0,543.6,0,342.5860944063036,0.0,3305,-342.5860944063039
Data,1150,0.0,0.0,3050.2028192114967,0.0,0.0,888.95,0.0,195.8,0,1027.9528192114972,0.0,3107,-1027.9528192114967
Data,1151,0.0,0.0,3245.7471374405504,0.0,0.0,855.41,0.0,543.6,0,1717.7571374405502,0.0,2927,-1717.7571374405504
Data,1152,0.0,0.0,3583.0500463858525,0.0,0.0,816.27,0.0,543.6,0,2103.9200463858524,0.0,2839,-2103.9200463858524
Data,1153,0.0,0.0,3696.795017108971,0.0,0.0,799.5,0.0,543.6,0,2267.895017108971,0.0,2772,-2267.895017108971
Data,1154,0.0,0.0,4118.869033803952,0.0,0.0,811.8,0.0,189.4,0,2306.069033803952,0.0,2814,-2306.069033803952
Data,1155,0.0,0.0,3634.0489290828677,0.0,0.0,812.92,0.0,540.4,0,1996.368929082868,0.0,2991,-1996.3689290828677
Data,1156,0.0,0.0,3494.391969696301,0.0,0.0,829.69,0.0,543.6,0,1778.681969696301,0.0,3089,-1778.6819696963012
Data,1157,0.0,0.0,3073.451780240824,0.0,0.0,853.17,0.0,540.4,0,1414.0217802408245,0.0,3053,-1414.021780240824
Data,1158,-0.0,0.0,2424.4978858602904,0.0,0.0,854.29,0.0,189.4,0,492.1878858602904,0.0,2976,-492.1878858602903
Data,1159,-0.0,0.0,2074.5467973868667,0.0,0.0,840.87,0.0,41.6,0,2.0167973868663864,0.0,2955,-2.0167973868667346
Data,1160,-0.0,0.0,1578.6094828394987,0.0,0.0,816.27,0.0,38.4,0,-561.720517160501,0.0,2995,561.7205171605013
Data,1161,-0.0,0.0,1371.5303278873423,0.0,0.0,767.07,0.0,38.4,0,-1093.9996721126574,0.0,3271,1093.9996721126577
Data,1162,-0.0,0.0,1954.6836006072638,0.0,0.0,776.02,0.0,38.4,0,-676.8963993927362,0.0,3446,676.8963993927363
Data,1163,-0.0,0.0,2181.5654516556974,0.0,0.0,798.38,0.0,41.6,0,-431.4545483443025,0.0,3453,431.45454834430257
Data,1164,-0.0,0.0,1506.7068797940979,0.0,0.0,780.49,0.0,38.4,0,-1053.4031202059018,0.0,3379,1053.403120205902
Data,1165,-0.0,0.0,1584.0822404668568,0.0,0.0,774.9,0.0,38.4,0,-796.6177595331428,0.0,3194,796.6177595331433
Data,1166,-0.0,0.0,1866.4288969779798,0.0,0.0,790.55,0.0,38.4,0,-763.6211030220204,0.0,3459,763.6211030220203
Data,1167,-0.0,0.0,2090.886343135446,0.0,0.0,786.08,0.0,38.4,0,-551.6336568645539,0.0,3467,551.6336568645538
Data,1168,-0.0,0.0,1805.373583639242,0.0,0.0,789.44,0.0,41.6,0,-852.586416360758,0.0,3489,852.5864163607579
Data,1169,-0.0,0.0,1732.4728432351171,0.0,0.0,825.22,0.0,189.4,0,-784.907156764883,0.0,3532,784.9071567648829
Data,1170,-0.0,0.0,1889.4340094041256,0.0,0.0,852.05,0.0,189.4,0,-559.1159905958746,0.0,3490,559.1159905958745
Data,1171,-0.0,0.0,1354.626634612485,0.0,0.0,871.06,0.0,192.6,0,-1110.713365387515,0.0,3529,1110.713365387515
Data,1172,-0.0,0.0,1486.6959983248887,0.0,0.0,893.43,0.0,192.6,0,-958.2740016751117,0.0,3531,958.2740016751113
Data,1173,-0.0,0.0,2068.102931853673,0.0,0.0,890.07,0.0,192.6,0,-167.227068146327,0.0,3318,167.22706814632696
Data,1174,0.0,0.0,1914.2184133815438,0.0,0.0,853.17,0.0,195.8,0,-185.81158661845586,0.0,3149,185.81158661845626
Data,1175,0.0,0.0,2244.301541434677,0.0,0.0,854.29,0.0,192.6,0,269.191541434677,0.0,3022,-269.1915414346769
Data,1176,0.0,0.0,2510.471243103356,0.0,0.0,821.86,0.0,192.6,0,572.9312431033558,0.0,2952,-572.9312431033559
Data,1177,0.0,0.0,2159.642804808138,0.0,0.0,796.15,0.0,540.4,0,671.192804808138,0.0,2825,-671.1928048081379
Data,1178,0.0,0.0,2159.308808379745,0.0,0.0,808.45,0.0,543.6,0,638.358808379745,0.0,2873,-638.3588083797453
Data,1179,0.0,0.0,2569.3147614015393,0.0,0.0,826.34,0.0,540.4,0,891.0547614015394,0.0,3045,-891.0547614015393
Data,1180,0.0,0.0,2245.69710197459,0.0,0.0,856.53,0.0,540.4,0,480.62710197459006,0.0,3162,-480.6271019745901
Data,1181,0.0,0.0,1911.5125961035196,0.0,0.0,868.83,0.0,540.4,0,175.74259610351967,0.0,3145,-175.74259610351965
Data,1182,-0.0,0.0,1614.2544742144817,0.0,0.0,862.12,0.0,543.6,0,-57.02552578551852,0.0,3077,57.02552578551831
Data,1183,-0.0,0.0,2233.513063887801,0.0,0.0,847.58,0.0,189.4,0,257.49306388780093,0.0,3013,-257.4930638878009
Data,1184,-0.0,0.0,1841.9339554409885,0.0,0.0,822.98,0.0,189.4,0,-121.68604455901134,0.0,2976,121.68604455901149
Data,1185,-0.0,0.0,1500.7897352922298,0.0,0.0,791.67,0.0,189.4,0,-707.14026470777,0.0,3189,707.1402647077703
Data,1186,-0.0,0.0,1873.6703396103867,0.0,0.0,757.01,0.0,189.4,0,-706.9196603896136,0.0,3527,706.9196603896133
Data,1187,-0.0,0.0,1044.1239210609217,0.0,0.0,753.65,0.0,192.6,0,-1642.6260789390783,0.0,3633,1642.6260789390783
Data,1188,-0.0,0.0,642.1701594131823,0.0,0.0,749.18,0.0,189.4,0,-2113.2498405868178,0.0,3694,2113.2498405868178
Data,1189,-0.0,0.0,1394.7610320269898,0.0,0.0,774.9,0.0,189.4,0,-1039.93896797301,0.0,3399,1039.9389679730102
Data,1190,-0.0,0.0,1339.7088340101764,0.0,0.0,803.97,0.0,189.4,0,-1151.9211659898237,0.0,3485,1151.9211659898235
Data,1191,-0.0,0.0,1411.569405450215,0.0,0.0,818.51,0.0,189.4,0,-987.520594549785,0.0,3407,987.520594549785
Data,1192,-0.0,0.0,1532.439970053295,0.0,0.0,827.45,0.0,192.6,0,-790.5100299467048,0.0,3343,790.510029946705
Data,1193,-0.0,0.0,1050.5898190347277,0.0,0.0,859.88,0.0,540.4,0,-1009.130180965272,0.0,3460,1009.1301809652723
Data,1194,-0.0,0.0,2051.4137197178247,0.0,0.0,891.19,0.0,540.4,0,43.00371971782476,0.0,3440,-43.003719717824765
Data,1195,-0.0,0.0,2222.5256242128826,0.0,0.0,924.74,0.0,543.6,0,268.8656242128828,0.0,3422,-268.8656242128826
Data,1196,-0.0,0.0,2347.592749745411,0.0,0.0,932.56,0.0,543.6,0,329.7527497454106,0.0,3494,-329.7527497454108
Data,1197,-0.0,0.0,2493.9816486581644,0.0,0.0,881.13,0.0,546.8,0,609.9116486581648,0.0,3312,-609.9116486581644
Data,1198,0.0,0.0,2588.0704419293847,0.0,0.0,881.13,0.0,543.6,0,877.8004419293846,0.0,3135,-877.8004419293848
Data,1199,0.0,0.0,2315.7991550307493,0.0,0.0,864.35,0.0,543.6,0,709.7491550307491,0.0,3014,-709.7491550307493
Data,1200,0.0,0.0,1766.6169569438312,0.0,0.0,838.64,0.0,546.8,0,210.05695694383107,0.0,2942,-210.0569569438311
Data,1201,0.0,0.0,1712.7071237811224,0.0,0.0,810.68,0.0,540.4,0,247.78712378112215,0.0,2816,-247.78712378112232
Data,1202,0.0,0.0,1541.6938136425579,0.0,0.0,811.8,0.0,540.4,0,27.89381364255778,0.0,2866,-27.893813642557802
Data,1203,0.0,0.0,1383.2201061112817,0.0,0.0,809.56,0.0,543.6,0,-261.61989388871837,0.0,2998,261.61989388871837
Data,1204,0.0,0.0,1339.101404068696,0.0,0.0,829.69,0.0,540.4,0,-443.8085959313039,0.0,3153,443.808595931304
Data,1205,0.0,0.0,1217.183994914895,0.0,0.0,835.28,0.0,540.4,0,-458.13600508510496,0.0,3051,458.136005085105
Data,1206,-0.0,0.0,1162.4563251781808,0.0,0.0,837.52,0.0,540.4,0,-413.6236748218192,0.0,2954,413.62367482181924
Data,1207,-0.0,0.0,1269.717628589665,0.0,0.0,797.26,0.0,540.4,0,-243.62237141033484,0.0,2851,243.62237141033495
Data,1208,-0.0,0.0,1042.9983975591515,0.0,0.0,778.25,0.0,192.6,0,-770.1516024408486,0.0,2784,770.1516024408485
Data,1209,-0.0,0.0,1040.3711015800827,0.0,0.0,730.17,0.0,540.4,0,-584.0588984199171,0.0,2895,584.0588984199173
Data,1210,-0.0,0.0,315.9955176607037,0.0,0.0,744.71,0.0,189.4,0,-1772.8944823392962,0.0,3023,1772.8944823392962
Data,1211,-0.0,0.0,705.1124390277618,0.0,0.0,745.83,0.0,189.4,0,-1412.6575609722381,0.0,3053,1412.6575609722381
Data,1212,-0.0,0.0,471.53446268321085,0.0,0.0,750.3,0.0,540.4,0,-1315.7655373167888,0.0,3078,1315.7655373167893
Data,1213,-0.0,0.0,350.479661554087,0.0,0.0,741.35,0.0,189.4,0,-1715.770338445913,0.0,2997,1715.770338445913
Data,1214,-0.0,0.0,532.0483154454379,0.0,0.0,781.61,0.0,540.4,0,-1122.941684554562,0.0,2977,1122.941684554562
Data,1215,-0.0,0.0,249.98371533654017,0.0,0.0,779.37,0.0,540.4,0,-1446.2462846634598,0.0,3016,1446.2462846634598
Data,1216,-0.0,0.0,310.6050466474362,0.0,0.0,800.62,0.0,540.4,0,-1389.3749533525638,0.0,3041,1389.3749533525638
Data,1217,-0.0,0.0,825.7101181169877,0.0,0.0,845.35,0.0,540.4,0,-927.5398818830123,0.0,3139,927.5398818830123
Data,1218,-0.0,0.0,768.7839064480836,0.0,0.0,887.84,0.0,543.6,0,-969.7760935519163,0.0,3170,969.7760935519163
Data,1219,-0.0,0.0,875.2125670291912,-0.0,0.0,885.6,0.0,546.8,0,-925.3874329708087,0.0,3233,925.3874329708088
Data,1220,-0.0,0.0,620.1025981620186,-0.0,0.0,882.25,0.0,543.6,0,-1251.0474018379814,0.0,3297,1251.0474018379814
Data,1221,-0.0,0.0,444.8302298266699,0.0,0.0,826.34,0.0,543.6,0,-1314.22977017333,0.0,3129,1314.22977017333
Data,1222,0.0,0.0,490.4700706544299,0.0,0.0,829.69,0.0,543.6,0,-1125.23992934557,0.0,2989,1125.23992934557
Data,1223,0.0,0.0,924.4960645769,0.0,0.0,803.97,0.0,543.6,0,-665.9339354231,0.0,2938,665.9339354230999
Data,1224,0.0,0.0,1225.0196335706264,0.0,0.0,801.74,0.0,543.6,0,-295.64036642937367,0.0,2866,295.64036642937356
Data,1225,0.0,0.0,1153.7486851724918,0.0,0.0,772.66,0.0,540.4,0,-325.191314827508,0.0,2792,325.1913148275082
Data,1226,0.0,0.0,1621.4758859703484,0.0,0.0,812.92,0.0,543.6,0,153.99588597034824,0.0,2824,-153.99588597034835
Data,1227,0.0,0.0,1824.7226124359393,0.0,0.0,811.8,0.0,540.4,0,218.92261243593924,0.0,2958,-218.9226124359392
Data,1228,0.0,0.0,2219.8477546134486,0.0,0.0,818.51,0.0,540.4,0,506.75775461344875,0.0,3072,-506.7577546134486
Data,1229,0.0,0.0,1915.223871527871,0.0,0.0,829.69,0.0,540.4,0,279.3138715278713,0.0,3006,-279.31387152787113
Data,1230,-0.0,0.0,2130.7275859173456,0.0,0.0,831.93,0.0,540.4,0,587.057585917345,0.0,2916,-587.0575859173455
Data,1231,-0.0,0.0,1948.2939046466986,0.0,0.0,753.65,0.0,38.4,0,-103.65609535330105,0.0,2844,103.65609535330142
Data,1232,-0.0,0.0,1144.7944448591577,0.0,0.0,726.82,0.0,38.4,0,-860.985555140842,0.0,2771,860.9855551408423
Data,1233,-0.0,0.0,1015.9899564788248,0.0,0.0,696.63,0.0,38.4,0,-1090.980043521175,0.0,2842,1090.9800435211753
Data,1234,-0.0,0.0,988.0790157939277,0.0,0.0,749.18,0.0,38.4,0,-1156.3409842060723,0.0,2932,1156.3409842060723
Data,1235,-0.0,0.0,951.2762566750757,0.0,0.0,739.12,0.0,41.6,0,-1188.0037433249245,0.0,2920,1188.0037433249242
Data,1236,-0.0,0.0,1553.733229847107,0.0,0.0,744.71,0.0,38.4,0,-640.156770152893,0.0,2977,640.156770152893
Data,1237,-0.0,0.0,1907.743054751491,0.0,0.0,683.21,0.0,38.4,0,-339.64694524850916,0.0,2969,339.64694524850904
Data,1238,-0.0,0.0,1259.669454966516,0.0,0.0,718.99,0.0,38.4,0,-852.9405450334837,0.0,2870,852.940545033484
Data,1239,-0.0,0.0,1262.1032052610506,0.0,0.0,734.65,0.0,38.4,0,-833.8467947389493,0.0,2869,833.8467947389495
Data,1240,-0.0,0.0,1238.8313905881419,0.0,0.0,768.19,0.0,38.4,0,-917.5786094118581,0.0,2963,917.5786094118581
Data,1241,-0.0,0.0,1420.6246262826148,0.0,0.0,841.99,0.0,38.4,0,-764.9853737173848,0.0,3066,764.9853737173852
Data,1242,-0.0,0.0,1395.5427135142982,0.0,0.0,897.9,0.0,192.6,0,-671.9572864857017,0.0,3158,671.9572864857018
Data,1243,-0.0,0.0,1773.4922777988197,0.0,0.0,915.79,0.0,543.6,0,-0.11772220118034227,0.0,3233,0.11772220118029963
Data,1244,-0.0,0.0,2461.3546143391804,0.0,0.0,937.04,0.0,192.6,0,285.99461433918054,0.0,3305,-285.99461433918043
Data,1245,-0.0,0.0,2653.1371991108795,0.0,0.0,888.95,0.0,543.6,0,924.6871991108794,0.0,3161,-924.6871991108795
Data,1246,0.0,0.0,3180.6485616324117,0.0,0.0,859.88,0.0,543.6,0,1604.1285616324117,0.0,2980,-1604.1285616324117
Data,1247,0.0,0.0,2859.171544484566,0.0,0.0,845.35,0.0,543.6,0,1426.1215444845657,0.0,2822,-1426.121544484566
Data,1248,0.0,0.0,2931.7403023467386,0.0,0.0,800.62,0.0,192.6,0,1192.9603023467384,0.0,2732,-1192.9603023467387
Data,1249,0.0,0.0,2503.9159027764385,0.0,0.0,748.06,0.0,189.4,0,804.3759027764385,0.0,2637,-804.3759027764385
Data,1250,0.0,0.0,2368.8342751733385,0.0,0.0,814.04,0.0,189.4,0,704.2742751733384,0.0,2668,-704.2742751733384
Data,1251,0.0,0.0,2310.2440900641386,0.0,0.0,837.52,0.0,189.4,0,525.1640900641386,0.0,2812,-525.1640900641386
Data,1252,0.0,0.0,2066.9283540477386,0.0,0.0,852.05,0.0,540.4,0,504.3783540477385,0.0,2955,-504.3783540477385
Data,1253,0.0,0.0,1811.2791752021385,0.0,0.0,838.64,0.0,540.4,0,256.31917520213835,0.0,2934,-256.31917520213847
Data,1254,-0.0,0.0,1453.670026551836,0.0,0.0,836.4,0.0,189.4,0,-431.529973448164,0.0,2911,431.5299734481641
Data,1255,-0.0,0.0,1254.876817372551,0.0,0.0,788.32,0.0,189.4,0,-716.4031826274488,0.0,2949,716.403182627449
Data,1256,-0.0,0.0,1622.5186944592356,0.0,0.0,703.34,0.0,189.4,0,-457.7413055407642,0.0,2973,457.7413055407644
Data,1257,-0.0,0.0,1162.8618159962587,0.0,0.0,697.75,0.0,189.4,0,-1160.9881840037413,0.0,3211,1160.9881840037413
Data,1258,-0.0,0.0,991.703061324884,0.0,0.0,768.19,0.0,189.4,0,-1371.7069386751161,0.0,3321,1371.706938675116
Data,1259,-0.0,0.0,1360.369963031015,0.0,0.0,763.72,0.0,189.4,0,-1038.510036968985,0.0,3352,1038.5100369689849
Data,1260,-0.0,0.0,1852.5200629363703,0.0,0.0,718.99,0.0,189.4,0,-588.0899370636293,0.0,3349,588.0899370636297
Data,1261,-0.0,0.0,2465.554454145609,0.0,0.0,679.85,0.0,189.4,0,197.804454145609,0.0,3137,-197.80445414560884
Data,1262,-0.0,0.0,2447.22695727767,0.0,0.0,693.27,0.0,189.4,0,-71.10304272232963,0.0,3401,71.10304272233006
Data,1263,-0.0,0.0,2105.820517555942,0.0,0.0,691.04,0.0,189.4,0,-318.73948244405796,0.0,3305,318.7394824440581
Data,1264,-0.0,0.0,2233.718871713213,0.0,0.0,708.93,0.0,189.4,0,-183.95112828678722,0.0,3316,183.951128286787
Data,1265,-0.0,0.0,2439.223583177102,0.0,0.0,827.45,0.0,189.4,0,32.07358317710205,0.0,3424,-32.073583177101824
Data,1266,-0.0,0.0,2090.4789337119296,0.0,0.0,893.43,0.0,540.4,0,115.30893371192955,0.0,3409,-115.30893371192951
Data,1267,-0.0,0.0,2451.9515061591665,0.0,0.0,873.3,0.0,543.6,0,462.8515061591662,0.0,3406,-462.85150615916643
Data,1268,-0.0,0.0,2445.143970478697,0.0,0.0,877.77,0.0,543.6,0,431.51397047869705,0.0,3435,-431.51397047869716
Data,1269,-0.0,0.0,2875.9724515298362,0.0,0.0,867.71,0.0,543.6,0,1033.2824515298362,0.0,3254,-1033.2824515298362
Data,1270,0.0,0.0,2808.5628450275926,0.0,0.0,859.88,0.0,543.6,0,1118.0428450275924,0.0,3094,-1118.0428450275926
Data,1271,0.0,0.0,2659.5312252947188,0.0,0.0,793.91,0.0,543.6,0,1038.0412252947183,0.0,2959,-1038.0412252947187
Data,1272,0.0,0.0,2589.8099071906145,0.0,0.0,793.91,0.0,546.8,0,1041.5199071906145,0.0,2889,-1041.5199071906145
Data,1273,0.0,0.0,2615.803356424196,0.0,0.0,780.49,0.0,540.4,0,1147.693356424196,0.0,2789,-1147.6933564241958
Data,1274,0.0,0.0,2153.707138253064,0.0,0.0,849.82,0.0,540.4,0,725.927138253064,0.0,2818,-725.927138253064
Data,1275,0.0,0.0,2388.1616977754975,0.0,0.0,854.29,0.0,540.4,0,850.8516977754975,0.0,2932,-850.8516977754974
Data,1276,0.0,0.0,2433.575663614316,0.0,0.0,864.35,0.0,540.4,0,770.3256636143158,0.0,3068,-770.325663614316
Data,1277,0.0,0.0,2467.520005186341,0.0,0.0,850.94,0.0,543.6,0,787.0600051863411,0.0,3075,-787.0600051863413
Data,1278,-0.0,0.0,2670.7848520148405,0.0,0.0,841.99,0.0,540.4,0,1016.1748520148407,0.0,3037,-1016.1748520148404
Data,1279,-0.0,0.0,2638.1532989772595,0.0,0.0,798.38,0.0,537.2,0,935.7332989772592,0.0,3038,-935.7332989772596
Data,1280,-0.0,0.0,2710.6174124193767,0.0,0.0,704.45,0.0,38.4,0,392.4674124193772,0.0,3061,-392.4674124193767
Data,1281,-0.0,0.0,2735.1463165330333,0.0,0.0,704.45,0.0,38.4,0,222.99631653303365,0.0,3255,-222.99631653303337
Data,1282,-0.0,0.0,2620.0207946982882,0.0,0.0,777.14,0.0,38.4,0,70.56079469828799,0.0,3365,-70.56079469828822
Data,1283,-0.0,0.0,2858.6690925978264,0.0,0.0,774.9,0.0,38.4,0,387.96909259782643,0.0,3284,-387.9690925978264
Data,1284,-0.0,0.0,2874.5420430476233,0.0,0.0,726.82,0.0,38.4,0,371.7620430476236,0.0,3268,-371.76204304762337
Data,1285,-0.0,0.0,2883.9788187315175,0.0,0.0,707.81,0.0,38.4,0,553.1888187315174,0.0,3077,-553.1888187315175
Data,1286,-0.0,0.0,2776.406183137342,0.0,0.0,733.53,0.0,38.4,0,310.3361831373419,0.0,3238,-310.3361831373419
Data,1287,-0.0,0.0,2856.3476545844674,0.0,0.0,743.59,0.0,38.4,0,385.3376545844676,0.0,3253,-385.3376545844674
Data,1288,-0.0,0.0,2866.4970577825575,0.0,0.0,780.49,0.0,38.4,0,435.3870577825581,0.0,3250,-435.38705778255746
Data,1289,-0.0,0.0,2522.203916136969,0.0,0.0,837.52,0.0,38.4,0,0.12391613696872228,0.0,3398,-0.12391613696890857
Data,1290,-0.0,0.0,2699.6676785062887,0.0,0.0,886.72,0.0,540.4,0,766.7876785062887,0.0,3360,-766.7876785062887
Data,1291,-0.0,0.0,2488.777897379575,0.0,0.0,891.19,0.0,543.6,0,573.567897379575,0.0,3350,-573.5678973795749
Data,1292,-0.0,0.0,2349.75851295135,0.0,0.0,873.3,0.0,543.6,0,324.6585129513498,0.0,3442,-324.65851295134996
Data,1293,0.0,0.0,2468.1568110426497,0.0,0.0,845.35,0.0,543.6,0,592.1068110426493,0.0,3265,-592.1068110426497
Data,1294,0.0,0.0,2812.8551423060967,0.0,0.0,837.52,0.0,543.6,0,1105.9751423060966,0.0,3088,-1105.9751423060966
Data,1295,0.0,0.0,2866.5289553730513,0.0,0.0,822.98,0.0,543.6,0,1319.1089553730512,0.0,2914,-1319.1089553730512
Data,1296,0.0,0.0,2819.260298566542,0.0,0.0,802.85,0.0,543.6,0,1342.710298566542,0.0,2823,-1342.7102985665422
Data,1297,0.0,0.0,2996.685695176945,0.0,0.0,771.55,0.0,540.4,0,1599.6356951769449,0.0,2709,-1599.6356951769449
Data,1298,0.0,0.0,2996.999725933001,0.0,0.0,848.7,0.0,540.4,0,1647.0997259330015,0.0,2739,-1647.099725933001
Data,1299,0.0,0.0,2872.053204445826,0.0,0.0,861.0,0.0,540.4,0,1399.4532044458258,0.0,2874,-1399.453204445826
Data,1300,0.0,0.0,3085.0658414577056,0.0,0.0,858.76,0.0,540.4,0,1461.2258414577057,0.0,3023,-1461.2258414577054
Data,1301,0.0,0.0,3357.4030165750837,0.0,0.0,861.0,0.0,540.4,0,1775.8030165750838,0.0,2983,-1775.8030165750838
Data,1302,-0.0,0.0,3523.765606278137,0.0,0.0,869.95,0.0,543.6,0,2048.3156062781372,0.0,2889,-2048.3156062781372
Data,1303,-0.0,0.0,3207.3627374089656,0.0,0.0,822.98,0.0,480.1144,0,1648.4571374089655,0.0,2862,-1648.4571374089655
Data,1304,-0.0,0.0,2885.491365385731,0.0,0.0,741.35,0.0,38.4,0,790.2413653857308,0.0,2875,-790.2413653857311
Data,1305,-0.0,0.0,1267.2347726514186,0.0,0.0,738.0,0.0,38.4,0,-1083.3652273485816,0.0,3127,1083.3652273485814
Data,1306,-0.0,0.0,1373.399712053551,0.0,0.0,789.44,0.0,38.4,0,-1131.760287946449,0.0,3333,1131.760287946449
Data,1307,-0.0,0.0,1388.9736699263867,0.0,0.0,735.76,0.0,38.4,0,-1231.8663300736134,0.0,3395,1231.8663300736132
Data,1308,-0.0,0.0,1486.5625145268739,0.0,0.0,649.66,0.0,38.4,0,-1223.3774854731262,0.0,3398,1223.3774854731262
Data,1309,-0.0,0.0,1598.456092118667,0.0,0.0,635.13,0.0,38.4,0,-953.0139078813328,0.0,3225,953.0139078813331
Data,1310,-0.0,0.0,1093.5359431137686,0.0,0.0,677.62,0.0,38.4,0,-1569.4440568862315,0.0,3379,1569.4440568862315
Data,1311,-0.0,0.0,1293.784589294555,0.0,0.0,695.51,0.0,38.4,0,-1319.3054107054452,0.0,3347,1319.305410705445
Data,1312,-0.0,0.0,1549.5717308144792,0.0,0.0,723.46,0.0,38.4,0,-1070.5682691855206,0.0,3382,1070.5682691855206
Data,1313,-0.0,0.0,2348.7439632278397,0.0,0.0,805.09,0.0,543.6,0,193.43396322783985,0.0,3504,-193.43396322783974
Data,1314,-0.0,0.0,2350.254510736152,0.0,0.0,872.18,0.0,540.4,0,345.8345107361518,0.0,3417,-345.83451073615197
Data,1315,-0.0,0.0,1880.796304110152,0.0,0.0,866.59,0.0,543.6,0,-88.01369588984784,0.0,3379,88.0136958898479
Data,1316,-0.0,0.0,1968.864909524504,0.0,0.0,838.64,0.0,543.6,0,-96.89509047549632,0.0,3448,96.89509047549609
Data,1317,0.0,0.0,2567.1302930052816,0.0,0.0,792.79,0.0,543.6,0,627.5202930052816,0.0,3276,-627.5202930052816
Data,1318,0.0,0.0,2882.5187038371523,0.0,0.0,798.38,0.0,543.6,0,1099.4987038371523,0.0,3125,-1099.4987038371523
Data,1319,0.0,0.0,3129.5029299921853,0.0,0.0,771.55,0.0,546.8,0,1499.8529299921856,0.0,2948,-1499.8529299921852
Data,1320,0.0,0.0,3676.441495238185,0.0,0.0,741.35,0.0,543.6,0,2121.3914952381847,0.0,2840,-2121.3914952381847
Data,1321,0.0,0.0,3251.142601103119,0.0,0.0,770.43,0.0,540.4,0,1839.972601103119,0.0,2722,-1839.972601103119
Data,1322,0.0,0.0,3127.894661741293,0.0,0.0,824.1,0.0,540.4,0,1735.3946617412928,0.0,2757,-1735.394661741293
Data,1323,0.0,0.0,2923.852251727951,0.0,0.0,810.68,0.0,543.6,0,1368.132251727951,0.0,2910,-1368.1322517279511
Data,1324,0.0,0.0,2448.1507328326984,0.0,0.0,801.74,0.0,540.4,0,784.2907328326987,0.0,3006,-784.2907328326984
Data,1325,0.0,0.0,3462.4006893949772,0.0,0.0,800.62,0.0,540.4,0,1827.4206893949774,0.0,2976,-1827.4206893949772
Data,1326,-0.0,0.0,3756.7140026435845,0.0,0.0,802.85,0.0,192.6,0,1851.1640026435846,0.0,2901,-1851.1640026435846
Data,1327,-0.0,0.0,3750.998540138752,0.0,0.0,758.13,0.0,189.4,0,1776.5285401387523,0.0,2922,-1776.528540138752
Data,1328,-0.0,0.0,3143.717538017015,0.0,0.0,687.68,0.0,189.4,0,1037.797538017015,0.0,2983,-1037.797538017015
Data,1329,-0.0,0.0,2327.5845482619766,0.0,0.0,659.73,0.0,189.4,0,19.714548261976518,0.0,3157,-19.714548261976603
Data,1330,-0.0,0.0,1954.127205701408,0.0,0.0,670.91,0.0,189.4,0,-515.562794298592,0.0,3330,515.562794298592
Data,1331,-0.0,0.0,1985.9054649301336,0.0,0.0,659.73,0.0,192.6,0,-572.7645350698665,0.0,3411,572.7645350698664
Data,1332,-0.0,0.0,1897.1524461597205,0.0,0.0,657.49,0.0,189.4,0,-724.957553840279,0.0,3469,724.9575538402795
Data,1333,-0.0,0.0,1936.4620083065136,0.0,0.0,641.84,0.0,189.4,0,-518.2979916934862,0.0,3286,518.2979916934864
Data,1334,-0.0,0.0,1804.490095947634,0.0,0.0,651.9,0.0,189.4,0,-773.2099040523658,0.0,3419,773.209904052366
Data,1335,-0.0,0.0,1715.4401302607134,0.0,0.0,677.62,0.0,189.4,0,-887.5398697392866,0.0,3470,887.5398697392866
Data,1336,-0.0,0.0,1712.9805213246675,0.0,0.0,699.98,0.0,189.4,0,-889.6394786753325,0.0,3492,889.6394786753325
Data,1337,-0.0,0.0,1646.6560877432212,0.0,0.0,758.13,0.0,189.4,0,-943.8139122567786,0.0,3538,943.8139122567788
Data,1338,-0.0,0.0,2522.0564377211695,0.0,0.0,854.29,0.0,189.4,0,100.7464377211698,0.0,3465,-100.74643772116943
Data,1339,-0.0,0.0,2179.1818403432308,0.0,0.0,826.34,0.0,543.6,0,96.12184034323099,0.0,3453,-96.12184034323082
Data,1340,-0.0,0.0,2773.8097276219887,0.0,0.0,808.45,0.0,195.8,0,259.05972762198877,0.0,3519,-259.05972762198877
Data,1341,0.0,0.0,2871.61556629488,0.0,0.0,811.8,0.0,192.6,0,544.0155662948797,0.0,3332,-544.0155662948799
Data,1342,0.0,0.0,3033.7818738861897,0.0,0.0,822.98,0.0,192.6,0,866.3618738861896,0.0,3183,-866.3618738861898
Data,1343,0.0,0.0,2986.946596141849,0.0,0.0,810.68,0.0,543.6,0,1337.2265961418489,0.0,3004,-1337.226596141849
Data,1344,0.0,0.0,2912.9795106779893,0.0,0.0,806.21,0.0,192.6,0,1006.7895106779895,0.0,2905,-1006.7895106779894
Data,1345,0.0,0.0,3328.4222690100223,0.0,0.0,793.91,0.0,540.4,0,1864.7322690100223,0.0,2798,-1864.7322690100223
Data,1346,0.0,0.0,3411.2165631183598,0.0,0.0,827.45,0.0,540.4,0,1962.0665631183597,0.0,2817,-1962.0665631183597
Data,1347,0.0,0.0,3474.9574248839135,0.0,0.0,835.28,0.0,540.4,0,1878.6374248839134,0.0,2972,-1878.6374248839134
Data,1348,0.0,0.0,3469.991797758038,0.0,0.0,835.28,0.0,540.4,0,1721.6717977580383,0.0,3124,-1721.6717977580379
Data,1349,0.0,0.0,3424.307252920312,0.0,0.0,831.93,0.0,540.4,0,1718.637252920312,0.0,3078,-1718.6372529203118
Data,1350,-0.0,0.0,2962.1325991622393,0.0,0.0,833.05,0.0,543.6,0,1308.782599162239,0.0,3030,-1308.7825991622394
Data,1351,-0.0,0.0,3018.382317242588,0.0,0.0,821.86,0.0,540.4,0,1353.6423172425882,0.0,3027,-1353.6423172425882
Data,1352,-0.0,0.0,3194.1619594051363,0.0,0.0,831.93,0.0,189.4,0,1131.4919594051362,0.0,3084,-1131.4919594051362
Data,1353,-0.0,0.0,1899.0967145640934,0.0,0.0,844.23,0.0,189.4,0,-419.2732854359065,0.0,3352,419.2732854359066
Data,1354,-0.0,0.0,1388.7817476318833,0.0,0.0,850.94,0.0,189.4,0,-1086.8782523681166,0.0,3516,1086.8782523681166
Data,1355,-0.0,0.0,1480.9939356911764,0.0,0.0,822.98,0.0,189.4,0,-1148.6260643088235,0.0,3642,1148.6260643088235
Data,1356,-0.0,0.0,1159.1517775714983,0.0,0.0,833.05,0.0,189.4,0,-1507.3982224285019,0.0,3689,1507.3982224285016
Data,1357,-0.0,0.0,1249.772177304242,0.0,0.0,805.09,0.0,192.6,0,-1284.537822695758,0.0,3532,1284.537822695758
Data,1358,-0.0,0.0,1081.9858793556944,0.0,0.0,807.33,0.0,189.4,0,-1558.2841206443059,0.0,3637,1558.2841206443056
Data,1359,-0.0,0.0,1466.0541973288969,0.0,0.0,840.87,0.0,189.4,0,-1120.6758026711032,0.0,3617,1120.6758026711032
Data,1360,-0.0,0.0,1344.4751062566559,0.0,0.0,845.35,0.0,189.4,0,-1219.7748937433441,0.0,3599,1219.7748937433441
Data,1361,-0.0,0.0,2221.0121631445395,0.0,0.0,847.58,0.0,189.4,0,-368.0078368554604,0.0,3626,368.0078368554605
Data,1362,-0.0,0.0,2595.8671340815304,0.0,0.0,874.42,0.0,189.4,0,94.68713408153077,0.0,3565,-94.68713408153033
Data,1363,-0.0,0.0,2229.122323241134,0.0,0.0,890.07,0.0,543.6,0,92.7923232411344,0.0,3570,-92.792323241134
Data,1364,-0.0,0.0,2509.1886191895524,0.0,0.0,914.67,0.0,543.6,0,418.4586191895525,0.0,3549,-418.45861918955234
Data,1365,-0.0,0.0,2004.4839894620386,0.0,0.0,913.55,0.0,543.6,0,110.63398946203839,0.0,3351,-110.63398946203858
Data,1366,0.0,0.0,1869.061148366524,0.0,0.0,911.32,0.0,543.6,0,168.9811483665241,0.0,3155,-168.98114836652417
Data,1367,0.0,0.0,1910.5845016647818,0.0,0.0,904.61,0.0,543.6,0,338.7945016647818,0.0,3020,-338.7945016647818
Data,1368,0.0,0.0,1899.5980502607224,0.0,0.0,923.62,0.0,543.6,0,455.8180502607222,0.0,2911,-455.81805026072243
Data,1369,0.0,0.0,2070.6541472239614,0.0,0.0,919.15,0.0,189.4,0,396.2041472239618,0.0,2783,-396.2041472239614
Data,1370,0.0,0.0,1913.219090466222,0.0,0.0,928.09,0.0,540.4,0,612.7090904662223,0.0,2769,-612.709090466222
Data,1371,0.0,0.0,1962.1517259976245,0.0,0.0,937.04,0.0,540.4,0,543.5917259976246,0.0,2896,-543.5917259976244
Data,1372,0.0,0.0,1993.1751605275665,0.0,0.0,935.92,0.0,540.4,0,441.4951605275668,0.0,3028,-441.49516052756644
Data,1373,0.0,0.0,2155.029702708735,0.0,0.0,918.03,0.0,543.6,0,595.6597027087347,0.0,3021,-595.6597027087349
Data,1374,-0.0,0.0,2158.5211048688757,0.0,0.0,911.32,0.0,307.1482,0,455.9893048688758,0.0,2921,-455.9893048688757
Data,1375,-0.0,0.0,2231.620667313843,0.0,0.0,914.67,0.0,38.4,0,337.69066731384305,0.0,2847,-337.69066731384305
Data,1376,-0.0,0.0,2054.8197713354016,0.0,0.0,907.96,0.0,38.4,0,95.17977133540202,0.0,2906,-95.17977133540163
Data,1377,-0.0,0.0,1256.3141616589296,0.0,0.0,902.37,0.0,38.4,0,-860.9158383410705,0.0,3058,860.9158383410704
Data,1378,-0.0,0.0,1479.991787725599,0.0,0.0,905.73,0.0,38.4,0,-783.878212274401,0.0,3208,783.8782122744011
Data,1379,-0.0,0.0,1698.268308809646,0.0,0.0,911.32,0.0,38.4,0,-523.0116911903536,0.0,3171,523.011691190354
Data,1380,-0.0,0.0,1772.4965576448105,0.0,0.0,914.67,0.0,38.4,0,-463.43344235518913,0.0,3189,463.4334423551895
Data,1381,-0.0,0.0,2335.2474014025865,0.0,0.0,896.78,0.0,38.4,0,223.42740140258667,0.0,3047,-223.42740140258653
Data,1382,-0.0,0.0,3138.4115019552482,0.0,0.0,899.02,0.0,38.4,0,998.8315019552483,0.0,3077,-998.8315019552482
Data,1383,-0.0,0.0,2782.132281346142,0.0,0.0,922.5,0.0,38.4,0,616.0322813461421,0.0,3127,-616.032281346142
Data,1384,-0.0,0.0,2251.573746049949,0.0,0.0,920.26,0.0,38.4,0,138.23374604994927,0.0,3072,-138.23374604994902
Data,1385,-0.0,0.0,2880.0649730346486,0.0,0.0,910.2,0.0,41.6,0,758.8649730346488,0.0,3073,-758.8649730346486
Data,1386,-0.0,0.0,3381.687828208674,0.0,0.0,914.67,0.0,41.6,0,1214.9578282086745,0.0,3123,-1214.957828208674
Data,1387,-0.0,0.0,3759.6899543249915,0.0,0.0,919.15,0.0,44.8,0,1514.6399543249925,0.0,3209,-1514.6399543249915
Data,1388,-0.0,0.0,3514.6813124190194,0.0,0.0,918.03,0.0,41.6,0,1194.3113124190193,0.0,3280,-1194.3113124190193
Data,1389,0.0,0.0,3503.8167343678756,0.0,0.0,880.01,0.0,41.6,0,1325.426734367875,0.0,3100,-1325.4267343678755
Data,1390,0.0,0.0,3531.182846118954,0.0,0.0,877.77,0.0,41.6,0,1478.5528461189535,0.0,2972,-1478.5528461189538
Data,1391,0.0,0.0,3527.9770654454574,0.0,0.0,885.6,0.0,41.6,0,1589.1770654454572,0.0,2866,-1589.1770654454574
Data,1392,0.0,0.0,3657.9655969848723,0.0,0.0,853.17,0.0,41.6,0,1760.7355969848722,0.0,2792,-1760.7355969848722
Data,1393,0.0,0.0,3163.5191251284996,0.0,0.0,809.56,0.0,38.4,0,1352.4791251284998,0.0,2659,-1352.4791251284996
Data,1394,0.0,0.0,3310.827321984499,0.0,0.0,833.05,0.0,38.4,0,1465.2773219844992,0.0,2717,-1465.2773219844992
Data,1395,0.0,0.0,3020.0810966924846,0.0,0.0,836.4,0.0,38.4,0,1053.8810966924846,0.0,2841,-1053.8810966924846
Data,1396,0.0,0.0,3879.6840156505673,0.0,0.0,845.35,0.0,41.6,0,1759.6340156505673,0.0,3007,-1759.6340156505673
Data,1397,0.0,0.0,3225.3455959540433,0.0,0.0,836.4,0.0,38.4,0,1158.1455959540433,0.0,2942,-1158.1455959540433
Data,1398,-0.0,0.0,3427.807158172527,0.0,0.0,836.4,0.0,38.4,0,1480.6071581725273,0.0,2822,-1480.607158172527
Data,1399,-0.0,0.0,3441.307960102731,0.0,0.0,835.28,0.0,38.4,0,1647.9879601027314,0.0,2667,-1647.9879601027312
Data,1400,-0.0,0.0,2829.0094723277057,0.0,0.0,835.28,0.0,38.4,0,1059.6894723277055,0.0,2643,-1059.6894723277057
Data,1401,-0.0,0.0,3435.059990093526,0.0,0.0,784.96,0.0,38.4,0,1509.419990093526,0.0,2749,-1509.419990093526
Data,1402,-0.0,0.0,3231.2527826573205,0.0,0.0,762.6,0.0,38.4,0,1155.2527826573207,0.0,2877,-1155.2527826573205
Data,1403,-0.0,0.0,3529.544520526476,0.0,0.0,752.54,0.0,38.4,0,1536.4845205264758,0.0,2784,-1536.484520526476
Data,1404,-0.0,0.0,3522.4896681008386,0.0,0.0,746.95,0.0,38.4,0,1538.8396681008387,0.0,2769,-1538.8396681008387
Data,1405,-0.0,0.0,3878.373994249626,0.0,0.0,742.47,0.0,38.4,0,1854.2439942496258,0.0,2805,-1854.243994249626
Data,1406,-0.0,0.0,4147.960932001493,0.0,0.0,776.02,0.0,38.4,0,2242.380932001494,0.0,2720,-2242.3809320014934
Data,1407,-0.0,0.0,4414.050490914825,0.0,0.0,790.55,0.0,38.4,0,2579.0004909148247,0.0,2664,-2579.0004909148247
Data,1408,-0.0,0.0,4134.306580822465,0.0,0.0,874.42,0.0,38.4,0,2333.1265808224653,0.0,2714,-2333.126580822465
Data,1409,-0.0,0.0,4291.462511894535,0.0,0.0,883.36,0.0,41.6,0,2394.4225118945355,0.0,2822,-2394.422511894535
Data,1410,-0.0,0.0,3949.552413225336,0.0,0.0,910.2,0.0,192.6,0,2062.3524132253356,0.0,2990,-2062.352413225336
Data,1411,-0.0,0.0,2985.633780337024,0.0,0.0,911.32,0.0,192.6,0,964.5537803370239,0.0,3125,-964.5537803370239
Data,1412,-0.0,0.0,3588.9444665696465,0.0,0.0,928.09,0.0,192.6,0,1407.6344665696463,0.0,3302,-1407.6344665696465
Data,1413,-0.0,0.0,3062.620514895952,0.0,0.0,941.51,0.0,192.6,0,1008.7305148959516,0.0,3188,-1008.7305148959521
Data,1414,0.0,0.0,3395.224344473406,0.0,0.0,921.38,0.0,192.6,0,1542.204344473406,0.0,2967,-1542.2043444734059
Data,1415,0.0,0.0,2380.584589804032,0.0,0.0,895.66,0.0,192.6,0,691.8445898040319,0.0,2777,-691.844589804032
Data,1416,0.0,0.0,2093.437032659319,0.0,0.0,884.48,0.0,192.6,0,490.51703265931894,0.0,2680,-490.51703265931894
Data,1417,0.0,0.0,2446.5681812939583,0.0,0.0,857.65,0.0,189.4,0,892.6181812939586,0.0,2601,-892.6181812939583
Data,1418,0.0,0.0,2173.2690192590503,0.0,0.0,866.59,0.0,189.4,0,561.2590192590503,0.0,2668,-561.2590192590503
Data,1419,0.0,0.0,2878.916412726844,0.0,0.0,863.24,0.0,189.4,0,1121.5564127268444,0.0,2810,-1121.5564127268442
Data,1420,0.0,0.0,2566.606177156511,0.0,0.0,862.12,0.0,189.4,0,688.1261771565111,0.0,2930,-688.126177156511
Data,1421,0.0,0.0,2302.324860011321,0.0,0.0,824.1,0.0,186.2,0,377.62486001132106,0.0,2935,-377.6248600113211
Data,1422,-0.0,0.0,1985.9519875742715,0.0,0.0,814.04,0.0,189.4,0,72.3919875742714,0.0,2917,-72.39198757427144
Data,1423,-0.0,0.0,1126.2063422000522,0.0,0.0,812.92,0.0,38.4,0,-903.4736577999477,0.0,2881,903.4736577999479
Data,1424,-0.0,0.0,1131.1494398146667,0.0,0.0,816.27,0.0,38.4,0,-829.1805601853332,0.0,2815,829.1805601853333
Data,1425,-0.0,0.0,1877.9871637952951,0.0,0.0,798.38,0.0,38.4,0,-265.23283620470465,0.0,2980,265.2328362047049
Data,1426,-0.0,0.0,2194.9974180998347,0.0,0.0,733.53,0.0,38.4,0,-202.0725819001651,0.0,3169,202.07258190016532
Data,1427,-0.0,0.0,3416.259799279444,0.0,0.0,735.76,0.0,38.4,0,988.4197992794439,0.0,3202,-988.419799279444
Data,1428,-0.0,0.0,3068.4948969140823,0.0,0.0,732.41,0.0,38.4,0,639.3048969140823,0.0,3200,-639.3048969140823
Data,1429,-0.0,0.0,3471.9747884158273,0.0,0.0,723.46,0.0,38.4,0,1196.8347884158275,0.0,3037,-1196.8347884158275
Data,1430,-0.0,0.0,3381.618624817474,0.0,0.0,740.24,0.0,38.4,0,1007.2586248174745,0.0,3153,-1007.258624817474
Data,1431,-0.0,0.0,3361.170567465544,0.0,0.0,767.07,0.0,38.4,0,1033.6405674655446,0.0,3133,-1033.640567465544
Data,1432,-0.0,0.0,2914.5823700753726,0.0,0.0,792.79,0.0,38.4,0,577.7723700753725,0.0,3168,-577.7723700753726
Data,1433,-0.0,0.0,2938.43012406119,0.0,0.0,848.7,0.0,38.4,0,525.53012406119,0.0,3300,-525.5301240611899
Data,1434,-0.0,0.0,3375.5154606648816,0.0,0.0,883.36,0.0,38.4,0,987.2754606648817,0.0,3310,-987.2754606648816
Data,1435,-0.0,0.0,3526.7403710374124,0.0,0.0,897.9,0.0,41.6,0,1145.2403710374124,0.0,3321,-1145.2403710374124
Data,1436,-0.0,0.0,3991.4688558141634,0.0,0.0,887.84,0.0,41.6,0,1540.9088558141636,0.0,3380,-1540.9088558141634
Data,1437,-0.0,0.0,3758.475837937338,0.0,0.0,845.35,0.0,41.6,0,1413.4258379373377,0.0,3232,-1413.425837937338
Data,1438,0.0,0.0,3306.4221673817574,0.0,0.0,834.16,0.0,41.6,0,1145.1821673817576,0.0,3037,-1145.1821673817574
Data,1439,0.0,0.0,3097.9515873040286,0.0,0.0,800.62,0.0,41.6,0,1044.1715873040284,0.0,2896,-1044.1715873040287
Data,1440,0.0,0.0,3059.165445368608,0.0,0.0,809.56,0.0,44.8,0,1075.5254453686084,0.0,2838,-1075.5254453686077
Data,1441,0.0,0.0,3114.653607205254,0.0,0.0,799.5,0.0,38.4,0,1215.5536072052544,0.0,2737,-1215.5536072052541
Data,1442,0.0,0.0,3102.0258401652327,0.0,0.0,805.09,0.0,38.4,0,1160.515840165233,0.0,2785,-1160.5158401652327
Data,1443,0.0,0.0,3111.74721212774,0.0,0.0,809.56,0.0,38.4,0,1038.7072121277401,0.0,2921,-1038.7072121277401
Data,1444,0.0,0.0,3644.981598867085,0.0,0.0,819.63,0.0,38.4,0,1460.011598867085,0.0,3043,-1460.0115988670848
Data,1445,0.0,0.0,3420.9581012217195,0.0,0.0,815.15,0.0,38.4,0,1215.50810122172,0.0,3059,-1215.5081012217195
Data,1446,-0.0,0.0,4014.806423839847,0.0,0.0,814.04,0.0,38.4,0,1915.2464238398468,0.0,2952,-1915.246423839847
Data,1447,-0.0,0.0,4035.1635040451047,0.0,0.0,808.45,0.0,38.4,0,1925.0135040451053,0.0,2957,-1925.0135040451048
Data,1448,-0.0,0.0,4136.392817201155,0.0,0.0,790.55,0.0,38.4,0,1922.3428172011543,0.0,3043,-1922.3428172011547
Data,1449,-0.0,0.0,4224.7327262138815,0.0,0.0,776.02,0.0,38.4,0,1805.1527262138811,0.0,3234,-1805.1527262138816
Data,1450,-0.0,0.0,4822.544733343354,0.0,0.0,736.88,0.0,38.4,0,2172.824733343355,0.0,3425,-2172.824733343354
Data,1451,-0.0,0.0,4238.286632725813,0.0,0.0,743.59,0.0,38.4,0,1575.2766327258141,0.0,3445,-1575.2766327258134
Data,1452,-0.0,0.0,4301.504868181251,0.0,0.0,746.95,0.0,38.4,0,1626.8548681812522,0.0,3460,-1626.8548681812515
Data,1453,-0.0,0.0,4166.664787475678,0.0,0.0,733.53,0.0,38.4,0,1614.594787475679,0.0,3324,-1614.5947874756782
Data,1454,-0.0,0.0,4153.180797134278,0.0,0.0,742.47,0.0,38.4,0,1433.0507971342777,0.0,3501,-1433.050797134278
Data,1455,-0.0,0.0,3761.954339686218,0.0,0.0,753.65,0.0,38.4,0,1027.0043396862184,0.0,3527,-1027.0043396862181
Data,1456,-0.0,0.0,4176.430749256462,0.0,0.0,781.61,0.0,38.4,0,1498.4407492564617,0.0,3498,-1498.4407492564621
Data,1457,-0.0,0.0,3506.8724588494124,0.0,0.0,819.63,0.0,41.6,0,822.1024588494125,0.0,3546,-822.1024588494124
Data,1458,-0.0,0.0,3117.5868060220428,0.0,0.0,821.86,0.0,41.6,0,458.04680602204274,0.0,3523,-458.0468060220428
Data,1459,-0.0,0.0,2560.6296411484836,0.0,0.0,843.11,0.0,41.6,0,-86.660358851516,0.0,3532,86.66035885151635
Data,1460,-0.0,0.0,3039.056452583438,0.0,0.0,849.82,0.0,41.6,0,425.4764525834381,0.0,3505,-425.476452583438
Data,1461,-0.0,0.0,3200.6657127685153,0.0,0.0,854.29,0.0,41.6,0,800.5557127685149,0.0,3296,-800.5557127685153
Data,1462,0.0,0.0,3409.607658824894,0.0,0.0,836.4,0.0,38.4,0,1180.407658824894,0.0,3104,-1180.4076588248938
Data,1463,0.0,0.0,3446.933678535866,0.0,0.0,828.57,0.0,192.6,0,1549.103678535866,0.0,2919,-1549.103678535866
Data,1464,0.0,0.0,3411.795497097229,0.0,0.0,814.04,0.0,192.6,0,1572.435497097229,0.0,2846,-1572.435497097229
Data,1465,0.0,0.0,3522.1264230452266,0.0,0.0,778.25,0.0,189.4,0,1729.7764230452267,0.0,2760,-1729.7764230452267
Data,1466,0.0,0.0,2786.51158636065,0.0,0.0,810.68,0.0,189.4,0,961.59158636065,0.0,2825,-961.5915863606501
Data,1467,0.0,0.0,3349.1775015260837,0.0,0.0,840.87,0.0,189.4,0,1418.4475015260834,0.0,2961,-1418.4475015260837
Data,1468,0.0,0.0,3208.8142340611594,0.0,0.0,846.46,0.0,186.2,0,1117.474234061159,0.0,3124,-1117.4742340611594
Data,1469,0.0,0.0,3379.1820269689356,0.0,0.0,843.11,0.0,189.4,0,1288.6920269689358,0.0,3123,-1288.6920269689356
Data,1470,-0.0,0.0,3101.6797952610077,0.0,0.0,872.18,0.0,189.4,0,1096.2597952610079,0.0,3067,-1096.2597952610076
Data,1471,-0.0,0.0,2996.840213573077,0.0,0.0,827.45,0.0,38.4,0,816.6902135730776,0.0,3046,-816.6902135730771
Data,1472,-0.0,0.0,2865.3871674825546,0.0,0.0,831.93,0.0,38.4,0,634.7171674825548,0.0,3101,-634.7171674825545
Data,1473,-0.0,0.0,2192.1218580965083,0.0,0.0,814.04,0.0,38.4,0,-201.4381419034915,0.0,3246,201.43814190349175
Data,1474,-0.0,0.0,1488.313644265252,0.0,0.0,800.62,0.0,38.4,0,-1018.6663557347482,0.0,3346,1018.6663557347481
Data,1475,-0.0,0.0,1442.4468907445232,0.0,0.0,792.79,0.0,38.4,0,-1156.3631092554767,0.0,3430,1156.3631092554767
Data,1476,-0.0,0.0,1486.1930292979914,0.0,0.0,774.9,0.0,41.6,0,-1115.3069707020086,0.0,3418,1115.3069707020086
Data,1477,-0.0,0.0,1391.0368149800493,0.0,0.0,757.01,0.0,38.4,0,-987.5531850199508,0.0,3174,987.5531850199508
Data,1478,-0.0,0.0,1745.1275462516435,0.0,0.0,782.73,0.0,38.4,0,-696.7424537483566,0.0,3263,696.7424537483565
Data,1479,-0.0,0.0,1412.9930967013747,0.0,0.0,774.9,0.0,38.4,0,-1022.7069032986252,0.0,3249,1022.7069032986253
Data,1480,-0.0,0.0,996.6650595221662,0.0,0.0,788.32,0.0,38.4,0,-1502.6149404778337,0.0,3326,1502.6149404778337
Data,1481,-0.0,0.0,1008.294626042765,0.0,0.0,800.62,0.0,543.6,0,-1095.4853739572352,0.0,3448,1095.485373957235
Data,1482,-0.0,0.0,1157.4342866896754,0.0,0.0,826.34,0.0,543.6,0,-868.6257133103245,0.0,3396,868.6257133103245
Data,1483,-0.0,0.0,1361.6452505986774,0.0,0.0,839.75,0.0,543.6,0,-650.0047494013226,0.0,3395,650.0047494013226
Data,1484,-0.0,0.0,1775.5119723299035,0.0,0.0,820.75,0.0,543.6,0,-323.1380276700967,0.0,3463,323.13802767009645
Data,1485,0.0,0.0,1718.580760534404,0.0,0.0,812.92,0.0,546.8,0,-209.69923946559595,0.0,3288,209.69923946559618
Data,1486,0.0,0.0,1700.4965310347611,0.0,0.0,811.8,0.0,543.6,0,-12.103468965238989,0.0,3068,12.103468965238903
Data,1487,0.0,0.0,1406.7733173735087,0.0,0.0,796.15,0.0,543.6,0,-197.4766826264912,0.0,2944,197.4766826264913
Data,1488,0.0,0.0,1243.7725201183425,0.0,0.0,799.5,0.0,543.6,0,-275.12747988165756,0.0,2862,275.12747988165745
Data,1489,0.0,0.0,1838.3328920535678,0.0,0.0,784.96,0.0,540.4,0,384.692892053568,0.0,2779,-384.6928920535678
Data,1490,0.0,0.0,1650.0466993162368,0.0,0.0,786.08,0.0,540.4,0,149.52669931623683,0.0,2827,-149.52669931623677
Data,1491,0.0,0.0,1468.8246317989503,0.0,0.0,791.67,0.0,540.4,0,-172.10536820104954,0.0,2973,172.1053682010497
Data,1492,0.0,0.0,726.6274873322938,0.0,0.0,795.03,0.0,540.4,0,-1035.942512667706,0.0,3098,1035.9425126677063
Data,1493,0.0,0.0,619.277070047201,0.0,0.0,792.79,0.0,540.4,0,-1167.532929952799,0.0,3120,1167.532929952799
Data,1494,-0.0,0.0,518.9263130282836,-0.0,0.0,807.33,0.0,540.4,0,-1151.3436869717164,0.0,3018,1151.3436869717164
Data,1495,-0.0,0.0,634.9695812761582,-0.0,0.0,776.02,0.0,540.4,0,-1069.6104187238416,0.0,3021,1069.6104187238418
Data,1496,-0.0,0.0,470.98811215913634,-0.0,0.0,755.89,0.0,38.4,0,-1775.7218878408637,0.0,3041,1775.7218878408637
Data,1497,-0.0,0.0,414.6758356513338,-0.0,0.0,735.76,0.0,38.4,0,-2000.1641643486662,0.0,3189,2000.1641643486662
Data,1498,-0.0,0.0,567.8000966088333,0.0,0.0,692.15,0.0,38.4,0,-2032.6499033911666,0.0,3331,2032.6499033911666
Data,1499,-0.0,0.0,374.9126702689908,0.0,0.0,693.27,0.0,38.4,0,-2207.417329731009,0.0,3314,2207.4173297310094
Data,1500,-0.0,0.0,460.9441955379858,0.0,0.0,677.62,0.0,38.4,0,-2149.035804462014,0.0,3326,2149.0358044620143
Data,1501,-0.0,0.0,548.5704737153036,0.0,0.0,632.89,0.0,38.4,0,-1967.1395262846963,0.0,3187,1967.1395262846963
Data,1502,-0.0,0.0,618.3514956252839,0.0,0.0,651.9,0.0,38.4,0,-2069.348504374716,0.0,3378,2069.348504374716
Data,1503,-0.0,0.0,618.2158908416877,0.0,0.0,663.08,0.0,38.4,0,-2059.3041091583123,0.0,3379,2059.3041091583123
Data,1504,-0.0,0.0,804.0224839051415,0.0,0.0,751.42,0.0,38.4,0,-1784.1575160948585,0.0,3378,1784.1575160948585
Data,1505,-0.0,0.0,1009.2365138125116,0.0,0.0,796.15,0.0,189.4,0,-1490.2134861874881,0.0,3485,1490.2134861874883
Data,1506,-0.0,0.0,997.834926905724,0.0,0.0,822.98,0.0,189.4,0,-1411.7850730942757,0.0,3422,1411.785073094276
Data,1507,-0.0,0.0,906.5854986628411,-0.0,0.0,852.05,0.0,192.6,0,-1464.7645013371591,0.0,3416,1464.764501337159
Data,1508,-0.0,0.0,485.9176986842553,0.0,0.0,850.94,0.0,192.6,0,-1937.542301315745,0.0,3467,1937.5423013157447
Data,1509,-0.0,0.0,749.3078282918061,0.0,0.0,818.51,0.0,192.6,0,-1533.5821717081942,0.0,3294,1533.582171708194
Data,1510,0.0,0.0,815.3991979650865,0.0,0.0,781.61,0.0,192.6,0,-1323.3908020349136,0.0,3113,1323.3908020349136
Data,1511,0.0,0.0,850.2539330148031,0.0,0.0,788.32,0.0,192.6,0,-1111.8260669851968,0.0,2943,1111.8260669851968
Data,1512,0.0,0.0,807.0436656280172,0.0,0.0,773.78,0.0,192.6,0,-1058.576334371983,0.0,2832,1058.576334371983
Data,1513,0.0,0.0,706.919763316439,0.0,0.0,761.48,0.0,540.4,0,-725.2002366835609,0.0,2734,725.200236683561
Data,1514,0.0,0.0,742.7836877543957,0.0,0.0,770.43,0.0,540.4,0,-728.3863122456032,0.0,2782,728.3863122456044
Data,1515,0.0,0.0,765.8639928244743,0.0,0.0,786.08,0.0,540.4,0,-887.6560071755257,0.0,2980,887.6560071755257
Data,1516,0.0,0.0,722.1224947102586,0.0,0.0,826.34,0.0,540.4,0,-1050.137505289741,0.0,3139,1050.1375052897415
Data,1517,0.0,0.0,730.4389079390731,0.0,0.0,822.98,0.0,540.4,0,-1011.1810920609267,0.0,3105,1011.1810920609269
Data,1518,-0.0,0.0,782.7005070494032,0.0,0.0,805.09,0.0,540.4,0,-900.8094929505966,0.0,3029,900.8094929505968
Data,1519,-0.0,0.0,785.7154898740529,0.0,0.0,778.25,0.0,540.4,0,-958.634510125947,0.0,3063,958.6345101259471
Data,1520,-0.0,0.0,839.929795821743,0.0,0.0,749.18,0.0,189.4,0,-1340.490204178257,0.0,3119,1340.490204178257
Data,1521,-0.0,0.0,854.6322413194374,0.0,0.0,706.69,0.0,189.4,0,-1577.2777586805626,0.0,3328,1577.2777586805626
Data,1522,-0.0,0.0,869.1498656674097,0.0,0.0,650.78,0.0,189.4,0,-1708.67013433259,0.0,3418,1708.6701343325904
Data,1523,-0.0,0.0,818.1798769047898,0.0,0.0,653.02,0.0,540.4,0,-1376.4001230952103,0.0,3388,1376.4001230952103
Data,1524,-0.0,0.0,889.7269907140492,0.0,0.0,651.9,0.0,189.4,0,-1629.9730092859509,0.0,3361,1629.9730092859509
Data,1525,-0.0,0.0,1364.7328869300493,0.0,0.0,585.93,0.0,537.2,0,-685.1371130699509,0.0,3173,685.1371130699507
Data,1526,-0.0,0.0,1467.8610098459983,0.0,0.0,620.59,0.0,189.4,0,-1009.1489901540016,0.0,3287,1009.1489901540017
Data,1527,-0.0,0.0,1529.2374821618444,0.0,0.0,656.37,0.0,189.4,0,-928.9925178381557,0.0,3304,928.9925178381557
Data,1528,-0.0,0.0,1447.831036709771,0.0,0.0,712.28,0.0,189.4,0,-930.4889632902288,0.0,3280,930.488963290229
Data,1529,-0.0,0.0,1848.1855297585394,0.0,0.0,765.95,0.0,540.4,0,-242.4644702414601,0.0,3397,242.46447024146062
Data,1530,-0.0,0.0,1801.5014744141656,0.0,0.0,836.4,0.0,192.6,0,-572.4985255858346,0.0,3403,572.4985255858344
Data,1531,-0.0,0.0,1611.7186876646824,0.0,0.0,866.59,0.0,543.6,0,-366.0913123353175,0.0,3388,366.0913123353175
Data,1532,-0.0,0.0,1532.8016911639313,0.0,0.0,837.52,0.0,543.6,0,-570.0783088360688,0.0,3484,570.0783088360687
Data,1533,-0.0,0.0,1472.4079479248785,0.0,0.0,825.22,0.0,543.6,0,-463.77205207512156,0.0,3305,463.77205207512145
Data,1534,0.0,0.0,1560.8701333699614,0.0,0.0,814.04,0.0,189.4,0,-567.6898666300384,0.0,3132,567.6898666300386
Data,1535,0.0,0.0,1858.2051340101086,0.0,0.0,778.25,0.0,543.6,0,115.05513401010847,0.0,3065,-115.05513401010865
Data,1536,0.0,0.0,1820.8062523889485,0.0,0.0,759.25,0.0,543.6,0,138.65625238894827,0.0,2985,-138.65625238894847
Data,1537,0.0,0.0,1616.5761518293803,0.0,0.0,764.84,0.0,540.4,0,29.81615182938053,0.0,2892,-29.81615182938026
Data,1538,0.0,0.0,1316.9701485552318,0.0,0.0,765.95,0.0,540.4,0,-290.6798514447681,0.0,2914,290.67985144476813
Data,1539,0.0,0.0,1283.18479922955,0.0,0.0,795.03,0.0,540.4,0,-423.3852007704501,0.0,3042,423.38520077045007
Data,1540,0.0,0.0,1270.3921746040387,0.0,0.0,825.22,0.0,537.2,0,-531.1878253959616,0.0,3164,531.1878253959612
Data,1541,0.0,0.0,1307.4594675923076,0.0,0.0,829.69,0.0,540.4,0,-463.45053240769215,0.0,3141,463.4505324076923
Data,1542,-0.0,0.0,1294.2011243666739,0.0,0.0,820.75,0.0,540.4,0,-364.6488756333261,0.0,3020,364.64887563332616
Data,1543,-0.0,0.0,1331.7859488062643,0.0,0.0,793.91,0.0,38.4,0,-707.9040511937357,0.0,2872,707.9040511937358
Data,1544,-0.0,0.0,1453.3923958370447,0.0,0.0,731.29,0.0,38.4,0,-592.9176041629551,0.0,2816,592.9176041629554
Data,1545,-0.0,0.0,1690.3415605632738,0.0,0.0,680.97,0.0,38.4,0,-502.2884394367262,0.0,2912,502.2884394367262
Data,1546,-0.0,0.0,1809.0224558166594,0.0,0.0,670.91,0.0,38.4,0,-492.66754418334074,0.0,3011,492.6675441833406
Data,1547,-0.0,0.0,1847.6574219366883,0.0,0.0,679.85,0.0,35.2,0,-467.2925780633121,0.0,3030,467.29257806331174
Data,1548,-0.0,0.0,2040.8581591221332,0.0,0.0,682.09,0.0,38.4,0,-285.65184087786645,0.0,3047,285.6518408778668
Data,1549,-0.0,0.0,2583.3627531644584,0.0,0.0,623.95,0.0,38.4,0,329.7127531644586,0.0,2916,-329.7127531644584
Data,1550,-0.0,0.0,2813.4195728906366,0.0,0.0,653.02,0.0,38.4,0,612.8395728906364,0.0,2892,-612.8395728906365
Data,1551,-0.0,0.0,3357.7404979136168,0.0,0.0,697.75,0.0,38.4,0,1197.8904979136169,0.0,2896,-1197.8904979136169
Data,1552,-0.0,0.0,3440.895155538309,0.0,0.0,721.23,0.0,38.4,0,1237.5251555383093,0.0,2963,-1237.5251555383093
Data,1553,-0.0,0.0,4166.635349746036,0.0,0.0,774.9,0.0,41.6,0,1900.1353497460354,0.0,3083,-1900.135349746036
Data,1554,-0.0,0.0,4137.649163086747,0.0,0.0,825.22,0.0,192.6,0,2015.4691630867462,0.0,3140,-2015.4691630867467
Data,1555,-0.0,0.0,3447.522557356381,0.0,0.0,843.11,0.0,543.6,0,1633.2325573563812,0.0,3201,-1633.2325573563812
Data,1556,-0.0,0.0,3259.4565832691524,0.0,0.0,817.39,0.0,192.6,0,954.446583269152,0.0,3315,-954.4465832691524
Data,1557,-0.0,0.0,3084.4914505569523,0.0,0.0,810.68,0.0,334.8598,0,1097.0312505569523,0.0,3133,-1097.0312505569523
Data,1558,0.0,0.0,3197.8152221044093,0.0,0.0,767.07,0.0,543.6,0,1508.4852221044093,0.0,3000,-1508.4852221044093
Data,1559,0.0,0.0,3518.4025501038977,0.0,0.0,735.76,0.0,543.6,0,1908.7625501038974,0.0,2889,-1908.7625501038979
Data,1560,0.0,0.0,3488.9131415639763,0.0,0.0,723.46,0.0,543.6,0,1906.9731415639762,0.0,2849,-1906.9731415639762
Data,1561,0.0,0.0,3587.8829615434584,0.0,0.0,717.87,0.0,537.2,0,2074.952961543458,0.0,2768,-2074.9529615434585
Data,1562,0.0,0.0,3592.6175151410057,0.0,0.0,772.66,0.0,540.4,0,2078.6775151410056,0.0,2827,-2078.6775151410056
Data,1563,0.0,0.0,3266.2964845571187,0.0,0.0,797.26,0.0,540.4,0,1633.9564845571185,0.0,2970,-1633.9564845571185
Data,1564,0.0,0.0,3356.6455484878884,0.0,0.0,830.81,0.0,540.4,0,1646.8555484878884,0.0,3081,-1646.8555484878884
Data,1565,0.0,0.0,3396.529700470426,0.0,0.0,828.57,0.0,537.2,0,1681.2997004704264,0.0,3081,-1681.2997004704262
Data,1566,-0.0,0.0,3328.7802995598113,0.0,0.0,818.51,0.0,189.4,0,1398.6902995598111,0.0,2938,-1398.6902995598114
Data,1567,-0.0,0.0,2659.859129661826,0.0,0.0,799.5,0.0,540.4,0,1216.7591296618261,0.0,2783,-1216.7591296618261
Data,1568,-0.0,0.0,2565.7591322814797,0.0,0.0,734.65,0.0,38.4,0,662.8091322814796,0.0,2676,-662.8091322814796
Data,1569,-0.0,0.0,3195.164327969152,0.0,0.0,659.73,0.0,35.2,0,1212.0943279691521,0.0,2678,-1212.0943279691521
Data,1570,-0.0,0.0,4163.161799890059,0.0,0.0,655.25,0.0,38.4,0,2101.8117998900584,0.0,2755,-2101.8117998900593
Data,1571,-0.0,0.0,4024.180729698865,0.0,0.0,666.44,0.0,38.4,0,1969.0207296988654,0.0,2760,-1969.0207296988651
Data,1572,-0.0,0.0,3827.514113176765,0.0,0.0,664.2,0.0,38.4,0,1821.1141131767652,0.0,2709,-1821.1141131767652
Data,1573,-0.0,0.0,3818.546164043839,0.0,0.0,606.05,0.0,38.4,0,1786.9961640438385,0.0,2676,-1786.996164043839
Data,1574,-0.0,0.0,3822.0810125533394,0.0,0.0,641.84,0.0,38.4,0,1803.3210125533399,0.0,2699,-1803.3210125533394
Data,1575,-0.0,0.0,3790.30861912887,0.0,0.0,658.61,0.0,38.4,0,1829.3186191288698,0.0,2658,-1829.3186191288698
Data,1576,-0.0,0.0,3649.3633660980395,0.0,0.0,689.92,0.0,41.6,0,1631.8833660980397,0.0,2749,-1631.8833660980395
Data,1577,-0.0,0.0,3521.0228809217783,0.0,0.0,757.01,0.0,192.6,0,1584.6328809217782,0.0,2886,-1584.6328809217782
Data,1578,-0.0,0.0,3595.086756481958,0.0,0.0,819.63,0.0,192.6,0,1549.316756481958,0.0,3058,-1549.3167564819582
Data,1579,-0.0,0.0,3623.748409407637,0.0,0.0,833.05,0.0,543.6,0,1874.3984094076372,0.0,3126,-1874.3984094076372
Data,1580,-0.0,0.0,3714.953742673456,0.0,0.0,807.33,0.0,192.6,0,1448.883742673456,0.0,3266,-1448.883742673456
Data,1581,-0.0,0.0,3578.87238522455,0.0,0.0,801.74,0.0,192.6,0,1382.21238522455,0.0,3191,-1382.2123852245497
Data,1582,0.0,0.0,4224.214071643946,0.0,0.0,777.14,0.0,189.4,0,2223.7540716439457,0.0,2967,-2223.754071643946
Data,1583,0.0,0.0,4406.943096280814,0.0,0.0,726.82,0.0,192.6,0,2510.363096280814,0.0,2816,-2510.363096280814
Data,1584,0.0,0.0,4316.141857671035,0.0,0.0,697.75,0.0,192.6,0,2453.4918576710343,0.0,2753,-2453.4918576710347
Data,1585,0.0,0.0,4409.109529781884,0.0,0.0,680.97,0.0,38.4,0,2498.479529781884,0.0,2630,-2498.4795297818837
Data,1586,0.0,0.0,4556.937103887706,0.0,0.0,746.95,0.0,35.2,0,2639.087103887706,0.0,2700,-2639.0871038877062
Data,1587,0.0,0.0,4618.784297749444,0.0,0.0,792.79,0.0,38.4,0,2597.974297749444,0.0,2852,-2597.974297749444
Data,1588,0.0,0.0,4670.993442563152,0.0,0.0,835.28,0.0,38.4,0,2538.673442563152,0.0,3006,-2538.6734425631516
Data,1589,0.0,0.0,3888.6805603826465,0.0,0.0,840.87,0.0,38.4,0,1754.9505603826465,0.0,3013,-1754.9505603826465
Data,1590,-0.0,0.0,4216.91224634912,0.0,0.0,830.81,0.0,35.2,0,2141.92224634912,0.0,2941,-2141.92224634912
Data,1591,-0.0,0.0,4329.53492831435,0.0,0.0,771.55,0.0,38.4,0,2206.4849283143494,0.0,2933,-2206.4849283143494
Data,1592,-0.0,0.0,4331.780350857201,0.0,0.0,754.77,0.0,38.4,0,2116.9503508572016,0.0,3008,-2116.9503508572006
Data,1593,-0.0,0.0,3776.781091420159,0.0,0.0,749.18,0.0,38.4,0,1387.3610914201583,0.0,3177,-1387.361091420159
Data,1594,-0.0,0.0,3611.4831693262613,0.0,0.0,679.85,0.0,38.4,0,1085.7331693262613,0.0,3244,-1085.7331693262613
Data,1595,-0.0,0.0,3859.841138847958,0.0,0.0,665.32,0.0,38.4,0,1343.5611388479583,0.0,3220,-1343.561138847958
Data,1596,-0.0,0.0,3976.723880237574,0.0,0.0,667.55,0.0,38.4,0,1463.673880237574,0.0,3219,-1463.6738802375742
Data,1597,-0.0,0.0,3727.6285137022683,0.0,0.0,615.0,0.0,38.4,0,1350.0285137022684,0.0,3031,-1350.0285137022684
Data,1598,-0.0,0.0,3532.3428604539968,0.0,0.0,646.31,0.0,38.4,0,1004.052860453997,0.0,3213,-1004.0528604539967
Data,1599,-0.0,0.0,2992.806864361589,0.0,0.0,646.31,0.0,38.4,0,471.5168643615889,0.0,3206,-471.5168643615888
Data,1600,-0.0,0.0,3037.567055469911,0.0,0.0,696.63,0.0,35.2,0,553.3970554699108,0.0,3216,-553.3970554699109
Data,1601,-0.0,0.0,2971.0876764847817,0.0,0.0,767.07,0.0,41.6,0,415.7576764847819,0.0,3364,-415.75767648478177
Data,1602,-0.0,0.0,3563.685414365197,0.0,0.0,831.93,0.0,41.6,0,1094.215414365197,0.0,3343,-1094.2154143651971
Data,1603,-0.0,0.0,3175.027579817491,0.0,0.0,856.53,0.0,41.6,0,724.1575798174914,0.0,3349,-724.1575798174912
Data,1604,-0.0,0.0,2739.8669259944445,0.0,0.0,840.87,0.0,41.6,0,180.33692599444421,0.0,3442,-180.3369259944445
Data,1605,-0.0,0.0,2779.084492344311,0.0,0.0,814.04,0.0,41.6,0,325.7244923443108,0.0,3309,-325.724492344311
Data,1606,0.0,0.0,3382.2439003971294,0.0,0.0,792.79,0.0,41.6,0,1068.6339003971293,0.0,3148,-1068.6339003971293
Data,1607,0.0,0.0,3337.253452353514,0.0,0.0,731.29,0.0,38.4,0,1141.9434523535142,0.0,2965,-1141.9434523535142
Data,1608,0.0,0.0,3474.0091778162036,0.0,0.0,716.75,0.0,41.6,0,1324.3591778162036,0.0,2908,-1324.3591778162036
Data,1609,0.0,0.0,3286.3662875629034,0.0,0.0,702.22,0.0,38.4,0,1228.9862875629035,0.0,2798,-1228.9862875629035
Data,1610,0.0,0.0,3291.7376657758364,0.0,0.0,749.18,0.0,38.4,0,1209.3176657758363,0.0,2870,-1209.3176657758363
Data,1611,0.0,0.0,2921.5254776019146,0.0,0.0,765.95,0.0,35.2,0,724.675477601914,0.0,2998,-724.6754776019147
Data,1612,0.0,0.0,2626.202776744261,0.0,0.0,803.97,0.0,38.4,0,305.57277674426075,0.0,3163,-305.572776744261
Data,1613,0.0,0.0,1829.4145334785069,0.0,0.0,801.74,0.0,38.4,0,-440.44546652149285,0.0,3110,440.44546652149313
Data,1614,-0.0,0.0,1874.6625728425226,0.0,0.0,777.14,0.0,38.4,0,-331.7974271574775,0.0,3022,331.7974271574774
Data,1615,-0.0,0.0,1780.4337121965107,0.0,0.0,705.57,0.0,35.2,0,-511.79628780348924,0.0,3033,511.7962878034893
Data,1616,-0.0,0.0,1767.893599544105,0.0,0.0,696.63,0.0,38.4,0,-477.0764004558949,0.0,2980,477.07640045589505
Data,1617,-0.0,0.0,1767.1128674770396,0.0,0.0,672.03,0.0,38.4,0,-642.45713252296,0.0,3120,642.4571325229605
Data,1618,-0.0,0.0,1609.442425480162,0.0,0.0,631.77,0.0,186.2,0,-853.5875745198383,0.0,3281,853.587574519838
Data,1619,-0.0,0.0,1655.9155643345243,0.0,0.0,646.31,0.0,189.4,0,-817.3744356654755,0.0,3309,817.3744356654757
Data,1620,-0.0,0.0,1753.4933507049204,0.0,0.0,653.02,0.0,189.4,0,-683.0866492950794,0.0,3279,683.0866492950796
Data,1621,-0.0,0.0,1934.6566602920586,0.0,0.0,551.26,0.0,189.4,0,-403.68333970794157,0.0,3079,403.6833397079414
Data,1622,-0.0,0.0,1589.701497170098,0.0,0.0,603.82,0.0,189.4,0,-785.0785028299017,0.0,3168,785.0785028299019
Data,1623,-0.0,0.0,1532.6246004093398,0.0,0.0,630.65,0.0,189.4,0,-838.32539959066,0.0,3191,838.3253995906603
Data,1624,-0.0,0.0,1437.1540114395482,0.0,0.0,688.8,0.0,192.6,0,-875.4459885604522,0.0,3194,875.4459885604518
Data,1625,-0.0,0.0,1243.281124860908,0.0,0.0,780.49,0.0,543.6,0,-804.6288751390922,0.0,3372,804.628875139092
Data,1626,-0.0,0.0,1637.052781046943,0.0,0.0,830.81,0.0,540.4,0,-360.73721895305704,0.0,3369,360.7372189530571
Data,1627,-0.0,0.0,1449.5432070140168,0.0,0.0,845.35,0.0,543.6,0,-488.5067929859833,0.0,3327,488.5067929859831
Data,1628,-0.0,0.0,1415.6489782479148,0.0,0.0,837.52,0.0,543.6,0,-602.2310217520852,0.0,3399,602.2310217520852
Data,1629,0.0,0.0,1386.8922528266826,0.0,0.0,826.34,0.0,543.6,0,-510.16774717331737,0.0,3267,510.16774717331737
Data,1630,0.0,0.0,1461.893697744107,0.0,0.0,783.85,0.0,543.6,0,-286.656302255893,0.0,3076,286.656302255893
Data,1631,0.0,0.0,1315.4488200316407,0.0,0.0,679.85,0.0,540.4,0,-403.30117996835935,0.0,2939,403.3011799683593
Data,1632,0.0,0.0,1507.45416804629,0.0,0.0,659.73,0.0,543.6,0,-151.21583195370988,0.0,2862,151.21583195370988
Data,1633,0.0,0.0,1376.3668068434558,0.0,0.0,631.77,0.0,540.4,0,-227.4631931565441,0.0,2776,227.4631931565442
Data,1634,0.0,0.0,860.6772438632145,0.0,0.0,710.05,0.0,537.2,0,-709.0727561367858,0.0,2817,709.0727561367855
Data,1635,0.0,0.0,853.6924697006173,0.0,0.0,750.3,0.0,540.4,0,-830.6075302993827,0.0,2975,830.6075302993828
Data,1636,0.0,0.0,1055.720867210695,0.0,0.0,778.25,0.0,537.2,0,-729.8291327893053,0.0,3101,729.829132789305
Data,1637,0.0,0.0,1412.6780665578167,0.0,0.0,790.55,0.0,540.4,0,-369.37193344218326,0.0,3113,369.3719334421834
Data,1638,-0.0,0.0,1247.7034896167136,0.0,0.0,757.01,0.0,540.4,0,-526.8865103832863,0.0,3072,526.8865103832865
Data,1639,-0.0,0.0,1423.6416183581136,0.0,0.0,688.8,0.0,537.2,0,-420.35838164188664,0.0,3070,420.35838164188635
Data,1640,-0.0,0.0,804.126049100013,0.0,0.0,628.42,0.0,189.4,0,-1441.0539508999866,0.0,3063,1441.053950899987
Data,1641,-0.0,0.0,736.0416895470405,0.0,0.0,631.77,0.0,189.4,0,-1671.7883104529594,0.0,3229,1671.7883104529594
Data,1642,-0.0,0.0,838.8492510098935,0.0,0.0,590.4,0.0,540.4,0,-1345.3507489901065,0.0,3315,1345.3507489901067
Data,1643,-0.0,0.0,1304.7863311529381,0.0,0.0,570.27,0.0,540.4,0,-839.5436688470618,0.0,3255,839.5436688470619
Data,1644,-0.0,0.0,1324.335070119398,0.0,0.0,559.09,0.0,540.4,0,-764.1749298806017,0.0,3188,764.1749298806019
Data,1645,-0.0,0.0,990.8189999974309,0.0,0.0,506.54,0.0,540.4,0,-967.2410000025691,0.0,3005,967.2410000025691
Data,1646,-0.0,0.0,1174.9666985788183,0.0,0.0,554.62,0.0,189.4,0,-1251.0133014211817,0.0,3170,1251.0133014211817
Data,1647,-0.0,0.0,985.7378525195184,0.0,0.0,594.87,0.0,540.4,0,-1070.9921474804817,0.0,3192,1070.9921474804817
Data,1648,-0.0,0.0,946.1576781011136,0.0,0.0,667.55,0.0,195.8,0,-1455.492321898886,0.0,3265,1455.4923218988865
Data,1649,-0.0,0.0,948.8005057508135,0.0,0.0,741.35,0.0,543.6,0,-1132.2494942491867,0.0,3366,1132.2494942491865
Data,1650,-0.0,0.0,1205.5086588045135,0.0,0.0,814.04,0.0,543.6,0,-792.8513411954866,0.0,3356,792.8513411954865
Data,1651,-0.0,0.0,1677.9477930301107,0.0,0.0,856.53,0.0,543.6,0,-276.92220696988954,0.0,3355,276.9222069698893
Data,1652,-0.0,0.0,1554.6087783354442,0.0,0.0,844.23,0.0,543.6,0,-474.561221664556,0.0,3417,474.5612216645558
Data,1653,0.0,0.0,1521.9672354149714,0.0,0.0,814.04,0.0,543.6,0,-391.3927645850287,0.0,3271,391.39276458502866
Data,1654,0.0,0.0,1875.2473049008915,0.0,0.0,718.99,0.0,543.6,0,48.83730490089145,0.0,3089,-48.83730490089158
Data,1655,0.0,0.0,1952.380532723622,0.0,0.0,682.09,0.0,543.6,0,186.07053272362216,0.0,2992,-186.07053272362214
Data,1656,0.0,0.0,2284.141484955302,0.0,0.0,649.66,0.0,543.6,0,575.4014849553016,0.0,2902,-575.4014849553021
Data,1657,0.0,0.0,2771.002302060492,0.0,0.0,616.12,0.0,537.2,0,1140.3223020604921,0.0,2784,-1140.3223020604923
Data,1658,0.0,0.0,2765.0632468544427,0.0,0.0,691.04,0.0,540.4,0,1170.5032468544428,0.0,2826,-1170.5032468544428
Data,1659,0.0,0.0,2992.512911707635,0.0,0.0,734.65,0.0,540.4,0,1288.5629117076353,0.0,2979,-1288.5629117076348
Data,1660,0.0,0.0,2810.515468046052,0.0,0.0,740.24,0.0,540.4,0,994.1554680460519,0.0,3097,-994.1554680460519
Data,1661,0.0,0.0,2801.6314997918685,0.0,0.0,748.06,0.0,540.4,0,953.0914997918685,0.0,3137,-953.0914997918684
Data,1662,-0.0,0.0,2910.022921181452,0.0,0.0,692.15,0.0,540.4,0,1087.5729211814523,0.0,3055,-1087.572921181452
Data,1663,-0.0,0.0,2722.325110414852,0.0,0.0,639.6,0.0,540.4,0,858.325110414852,0.0,3044,-858.3251104148521
Data,1664,-0.0,0.0,2574.935242099409,0.0,0.0,609.41,0.0,189.4,0,300.7452420994093,0.0,3073,-300.7452420994091
Data,1665,-0.0,0.0,2431.183912249576,0.0,0.0,604.94,0.0,189.4,0,10.523912249576398,0.0,3215,-10.523912249576284
Data,1666,-0.0,0.0,2142.805835728841,0.0,0.0,544.55,0.0,189.4,0,-419.2441642711594,0.0,3296,419.2441642711591
Data,1667,-0.0,0.0,1974.5059590816911,0.0,0.0,545.67,0.0,189.4,0,-512.424040918309,0.0,3222,512.424040918309
Data,1668,-0.0,0.0,1756.2120158419125,0.0,0.0,547.91,0.0,189.4,0,-776.4779841580876,0.0,3270,776.4779841580876
Data,1669,-0.0,0.0,2043.0239592942812,0.0,0.0,483.05,0.0,189.4,0,-380.5260407057184,0.0,3096,380.52604070571874
Data,1670,-0.0,0.0,2522.6758843386424,0.0,0.0,515.48,0.0,189.4,0,-72.4441156613574,0.0,3300,72.44411566135759
Data,1671,-0.0,0.0,2614.973378651011,0.0,0.0,540.08,0.0,189.4,0,24.45337865101096,0.0,3320,-24.453378651011036
Data,1672,-0.0,0.0,2886.7558535636927,0.0,0.0,626.18,0.0,189.4,0,390.3358535636927,0.0,3312,-390.3358535636926
Data,1673,-0.0,0.0,2767.3638753867713,0.0,0.0,694.39,0.0,260.5633,0,321.3171753867709,0.0,3401,-321.3171753867713
Data,1674,-0.0,0.0,2432.9596849439517,0.0,0.0,776.02,0.0,192.6,0,0.5796849439516905,0.0,3401,-0.5796849439517189
Data,1675,-0.0,0.0,2572.1572375586957,0.0,0.0,809.56,0.0,543.6,0,522.3172375586954,0.0,3403,-522.3172375586956
Data,1676,-0.0,0.0,2561.701833500885,0.0,0.0,800.62,0.0,543.6,0,421.92183350088493,0.0,3484,-421.9218335008852
Data,1677,0.0,0.0,2705.783250149213,0.0,0.0,768.19,0.0,543.6,0,693.5732501492132,0.0,3324,-693.5732501492131
Data,1678,0.0,0.0,2745.0428714215523,0.0,0.0,684.33,0.0,192.6,0,489.97287142155193,0.0,3132,-489.9728714215523
Data,1679,0.0,0.0,2722.9657216636524,0.0,0.0,618.35,0.0,195.8,0,529.1157216636523,0.0,3008,-529.1157216636525
Data,1680,0.0,0.0,3104.9778015446523,0.0,0.0,572.51,0.0,192.6,0,930.0878015446518,0.0,2940,-930.0878015446523
Data,1681,0.0,0.0,3304.4107641366095,0.0,0.0,545.67,0.0,540.4,0,1526.4807641366097,0.0,2864,-1526.4807641366094
Data,1682,0.0,0.0,2929.3805928417432,0.0,0.0,598.23,0.0,540.4,0,1192.0105928417431,0.0,2876,-1192.0105928417433
Data,1683,0.0,0.0,3231.930668621937,0.0,0.0,646.31,0.0,540.4,0,1402.640668621937,0.0,3016,-1402.640668621937
Data,1684,0.0,0.0,3299.1088603657,0.0,0.0,654.14,0.0,540.4,0,1386.6488603657,0.0,3107,-1386.6488603656999
Data,1685,0.0,0.0,3083.4469828610204,0.0,0.0,656.37,0.0,537.2,0,1160.01698286102,0.0,3117,-1160.0169828610206
Data,1686,-0.0,0.0,2718.3639463412037,0.0,0.0,634.01,0.0,540.4,0,824.7739463412038,0.0,3068,-824.7739463412037
Data,1687,-0.0,0.0,3092.297565226582,0.0,0.0,641.84,0.0,540.4,0,1257.537565226582,0.0,3017,-1257.5375652265818
Data,1688,-0.0,0.0,2244.9950596057624,0.0,0.0,625.06,0.0,540.4,0,336.4550596057623,0.0,3074,-336.45505960576236
Data,1689,-0.0,0.0,1988.7727951713123,0.0,0.0,611.65,0.0,540.4,0,-92.17720482868764,0.0,3233,92.17720482868776
Data,1690,-0.0,0.0,1790.5525109844968,0.0,0.0,566.92,0.0,189.4,0,-768.127489015503,0.0,3315,768.1274890155032
Data,1691,-0.0,0.0,2056.141864291561,0.0,0.0,565.8,0.0,540.4,0,-161.65813570843935,0.0,3324,161.6581357084391
Data,1692,-0.0,0.0,1779.7050299413995,0.0,0.0,546.79,0.0,189.4,0,-779.1049700586004,0.0,3295,779.1049700586005
Data,1693,-0.0,0.0,1782.9770887549846,0.0,0.0,514.36,0.0,189.4,0,-630.2629112450151,0.0,3117,630.2629112450154
Data,1694,-0.0,0.0,2017.3240024151166,0.0,0.0,551.26,0.0,189.4,0,-475.01599758488356,0.0,3233,475.0159975848834
Data,1695,-0.0,0.0,1948.9193099878864,0.0,0.0,571.39,0.0,189.4,0,-510.2906900121136,0.0,3220,510.2906900121136
Data,1696,-0.0,0.0,2118.0450301063643,0.0,0.0,628.42,0.0,540.4,0,4.865030106364212,0.0,3282,-4.865030106364202
Data,1697,-0.0,0.0,1542.0713055512474,0.0,0.0,688.8,0.0,537.2,0,-647.9286944487527,0.0,3416,647.9286944487526
Data,1698,-0.0,0.0,2010.3908309219883,0.0,0.0,762.6,0.0,540.4,0,-50.60916907801162,0.0,3364,50.609169078011746
Data,1699,-0.0,0.0,1945.1307892050067,0.0,0.0,792.79,0.0,543.6,0,-48.47921079499352,0.0,3330,48.479210794993264
Data,1700,-0.0,0.0,2185.999627891773,0.0,0.0,801.74,0.0,543.6,0,162.3396278917728,0.0,3369,-162.33962789177292
Data,1701,0.0,0.0,1918.4773325652254,0.0,0.0,736.88,0.0,543.6,0,-25.04266743477467,0.0,3224,25.042667434774557
Data,1702,0.0,0.0,1915.8082040779595,0.0,0.0,673.15,0.0,543.6,0,88.5582040779595,0.0,3044,-88.55820407795954
Data,1703,0.0,0.0,2005.4004869167425,0.0,0.0,594.87,0.0,543.6,0,176.8704869167422,0.0,2967,-176.8704869167425
Data,1704,0.0,0.0,1820.352143314547,0.0,0.0,561.33,0.0,540.4,0,9.082143314547025,0.0,2913,-9.082143314547011
Data,1705,0.0,0.0,1788.220453769328,0.0,0.0,518.84,0.0,540.4,0,19.460453769328264,0.0,2828,-19.46045376932807
Data,1706,0.0,0.0,1854.0041657914603,0.0,0.0,528.9,0.0,540.4,0,119.30416579146039,0.0,2804,-119.30416579146026
Data,1707,0.0,0.0,1784.0448803444694,0.0,0.0,623.95,0.0,540.4,0,-3.605119655530391,0.0,2952,3.6051196555305296
Data,1708,0.0,0.0,1533.609928861457,0.0,0.0,648.55,0.0,540.4,0,-379.44007113854303,0.0,3102,379.440071138543
Data,1709,0.0,0.0,1401.6725150455852,0.0,0.0,667.55,0.0,540.4,0,-474.37748495441485,0.0,3084,474.37748495441485
Data,1710,-0.0,0.0,1425.389646641862,0.0,0.0,667.55,0.0,540.4,0,-319.6603533581379,0.0,2953,319.66035335813797
Data,1711,-0.0,0.0,1315.1281442527013,0.0,0.0,609.41,0.0,540.4,0,-414.06185574729886,0.0,2879,414.06185574729875
Data,1712,-0.0,0.0,1233.0450689669738,0.0,0.0,557.97,0.0,386.6489,0,-688.3360310330261,0.0,2866,688.3360310330262
Data,1713,-0.0,0.0,1328.3393221744934,0.0,0.0,526.66,0.0,540.4,0,-593.6006778255065,0.0,2989,593.6006778255066
Data,1714,-0.0,0.0,1566.6621677735443,0.0,0.0,484.17,0.0,540.4,0,-483.7678322264557,0.0,3075,483.7678322264557
Data,1715,-0.0,0.0,1416.9351538893013,0.0,0.0,472.99,0.0,540.4,0,-655.6748461106984,0.0,3086,655.6748461106987
Data,1716,-0.0,0.0,1496.3979262617488,0.0,0.0,468.52,0.0,294.2567,0,-842.8253737382513,0.0,3102,842.8253737382512
Data,1717,-0.0,0.0,1870.5484875834848,0.0,0.0,450.63,0.0,540.4,0,-142.42151241651504,0.0,3004,142.42151241651527
Data,1718,-0.0,0.0,2687.0690243934396,0.0,0.0,481.94,0.0,540.4,0,712.4090243934397,0.0,2997,-712.4090243934395
Data,1719,-0.0,0.0,2090.9278107726445,0.0,0.0,526.66,0.0,540.4,0,159.98781077264465,0.0,2998,-159.98781077264448
Data,1720,-0.0,0.0,2371.7603666017767,0.0,0.0,570.27,0.0,537.2,0,405.2303666017763,0.0,3074,-405.2303666017767
Data,1721,-0.0,0.0,2515.6933361237493,0.0,0.0,650.78,0.0,540.4,0,565.8733361237494,0.0,3141,-565.8733361237493
Data,1722,-0.0,0.0,2610.5949988600205,0.0,0.0,692.15,0.0,540.4,0,665.1449988600209,0.0,3178,-665.1449988600205
Data,1723,-0.0,0.0,2686.1288329071735,0.0,0.0,743.59,0.0,540.4,0,784.1188329071739,0.0,3186,-784.1188329071736
Data,1724,-0.0,0.0,2891.560514861713,0.0,0.0,748.06,0.0,543.6,0,986.2205148617126,0.0,3197,-986.2205148617128
Data,1725,0.0,0.0,2042.7451391410273,0.0,0.0,707.81,0.0,543.6,0,235.15513914102715,0.0,3059,-235.15513914102723
Data,1726,0.0,0.0,1829.3327231748667,0.0,0.0,666.44,0.0,543.6,0,132.3727231748668,0.0,2907,-132.3727231748668
Data,1727,0.0,0.0,1722.9646214146737,0.0,0.0,603.82,0.0,543.6,0,60.38462141467389,0.0,2810,-60.3846214146738
Data,1728,0.0,0.0,2227.73243750628,0.0,0.0,553.5,0.0,540.4,0,543.6324375062798,0.0,2778,-543.6324375062799
Data,1729,0.0,0.0,2212.1270186766296,0.0,0.0,516.6,0.0,540.4,0,575.1270186766295,0.0,2694,-575.1270186766296
Data,1730,0.0,0.0,2302.6192488821216,0.0,0.0,541.2,0.0,540.4,0,676.219248882122,0.0,2708,-676.2192488821216
Data,1731,0.0,0.0,2461.827878012032,0.0,0.0,628.42,0.0,540.4,0,768.6478780120323,0.0,2862,-768.6478780120322
Data,1732,0.0,0.0,1782.7255293249325,0.0,0.0,657.49,0.0,540.4,0,6.61552932493251,0.0,2974,-6.615529324932481
Data,1733,0.0,0.0,1962.4782568687326,0.0,0.0,649.66,0.0,537.2,0,207.3382568687322,0.0,2942,-207.33825686873263
Data,1734,-0.0,0.0,1871.1390622089325,0.0,0.0,630.65,0.0,540.4,0,195.1890622089326,0.0,2847,-195.18906220893246
Data,1735,-0.0,0.0,1951.81269183785,0.0,0.0,598.23,0.0,38.4,0,-171.55730816214964,0.0,2760,171.55730816214995
Data,1736,-0.0,0.0,1865.1032992069854,0.0,0.0,574.75,0.0,38.4,0,-184.74670079301453,0.0,2663,184.74670079301458
Data,1737,-0.0,0.0,2295.4284472078657,0.0,0.0,568.04,0.0,38.4,0,179.8684472078656,0.0,2722,-179.86844720786567
Data,1738,-0.0,0.0,1819.6030621849138,0.0,0.0,480.82,0.0,38.4,0,-468.176937815086,0.0,2807,468.1769378150862
Data,1739,-0.0,0.0,2664.7927091041033,0.0,0.0,461.81,0.0,35.2,0,381.8027091041029,0.0,2780,-381.8027091041033
Data,1740,-0.0,0.0,2829.326752800122,0.0,0.0,456.22,0.0,38.4,0,574.9467528001217,0.0,2749,-574.946752800122
Data,1741,-0.0,0.0,2761.7940501286093,0.0,0.0,443.92,0.0,38.4,0,471.11405012860956,0.0,2773,-471.11405012860934
Data,1742,-0.0,0.0,2850.672023310786,0.0,0.0,484.17,0.0,38.4,0,621.2420233107855,0.0,2752,-621.2420233107858
Data,1743,-0.0,0.0,2863.6609394063416,0.0,0.0,505.42,0.0,35.2,0,670.2809394063414,0.0,2734,-670.2809394063416
Data,1744,-0.0,0.0,2846.166348434617,0.0,0.0,560.21,0.0,38.4,0,705.7763484346169,0.0,2739,-705.7763484346168
Data,1745,-0.0,0.0,2817.6149647473558,0.0,0.0,649.66,0.0,41.6,0,611.8749647473555,0.0,2897,-611.8749647473558
Data,1746,-0.0,0.0,1930.1649221821817,0.0,0.0,693.27,0.0,41.6,0,-388.9650778178185,0.0,3054,388.96507781781827
Data,1747,-0.0,0.0,1747.0784108522087,0.0,0.0,755.89,0.0,192.6,0,-419.4315891477917,0.0,3115,419.4315891477913
Data,1748,-0.0,0.0,1622.8468474754131,0.0,0.0,777.14,0.0,189.4,0,-644.613152524587,0.0,3234,644.6131525245869
Data,1749,-0.0,0.0,1298.7837056913106,0.0,0.0,778.25,0.0,192.6,0,-875.3662943086895,0.0,3145,875.3662943086894
Data,1750,0.0,0.0,1655.7175038419832,0.0,0.0,731.29,0.0,192.6,0,-389.3924961580169,0.0,2969,389.3924961580168
Data,1751,0.0,0.0,1912.0816245283445,0.0,0.0,551.26,0.0,189.4,0,-132.25837547165565,0.0,2785,132.2583754716555
Data,1752,0.0,0.0,2052.366871863929,0.0,0.0,496.47,0.0,192.6,0,19.436871863929074,0.0,2722,-19.436871863929213
Data,1753,0.0,0.0,1856.7562463940917,0.0,0.0,507.65,0.0,189.4,0,-53.19375360590816,0.0,2607,53.19375360590831
Data,1754,0.0,0.0,2126.6635951949497,0.0,0.0,550.15,0.0,186.2,0,231.01359519494972,0.0,2632,-231.0135951949497
Data,1755,0.0,0.0,2400.0848656105604,0.0,0.0,613.88,0.0,189.4,0,394.3648656105607,0.0,2809,-394.3648656105604
Data,1756,0.0,0.0,2486.889466849261,0.0,0.0,632.89,0.0,186.2,0,342.97946684926114,0.0,2963,-342.9794668492612
Data,1757,0.0,0.0,2557.6343853063495,0.0,0.0,656.37,0.0,189.4,0,415.4043853063493,0.0,2988,-415.40438530634947
Data,1758,-0.0,0.0,2563.0676676733874,0.0,0.0,663.08,0.0,186.2,0,494.3476676733871,0.0,2918,-494.34766767338743
Data,1759,-0.0,0.0,2414.758732352677,0.0,0.0,654.14,0.0,38.4,0,153.29873235267678,0.0,2954,-153.2987323526768
Data,1760,-0.0,0.0,2042.7074698450733,0.0,0.0,601.58,0.0,35.2,0,-328.5125301549268,0.0,3008,328.51253015492665
Data,1761,-0.0,0.0,2259.6269813546855,0.0,0.0,579.22,0.0,38.4,0,-235.7530186453145,0.0,3113,235.75301864531443
Data,1762,-0.0,0.0,2042.492482839729,0.0,0.0,532.25,0.0,38.4,0,-672.857517160271,0.0,3286,672.857517160271
Data,1763,-0.0,0.0,1858.9244633926112,0.0,0.0,500.95,0.0,38.4,0,-941.7255366073889,0.0,3340,941.7255366073888
Data,1764,-0.0,0.0,2227.136976854814,0.0,0.0,483.05,0.0,38.4,0,-550.4130231451854,0.0,3299,550.4130231451861
Data,1765,-0.0,0.0,1816.315801875768,0.0,0.0,471.87,0.0,38.4,0,-818.4141981242319,0.0,3145,818.4141981242319
Data,1766,-0.0,0.0,1705.9741374441403,0.0,0.0,516.6,0.0,38.4,0,-983.0258625558598,0.0,3244,983.0258625558597
Data,1767,-0.0,0.0,1737.252309232962,0.0,0.0,528.9,0.0,38.4,0,-873.4476907670377,0.0,3178,873.447690767038
Data,1768,-0.0,0.0,1650.0980982240144,0.0,0.0,552.38,0.0,38.4,0,-913.1219017759855,0.0,3154,913.1219017759856
Data,1769,-0.0,0.0,1344.3194760830945,0.0,0.0,668.67,0.0,543.6,0,-745.4105239169054,0.0,3302,745.4105239169055
Data,1770,-0.0,0.0,1796.324434206551,0.0,0.0,753.65,0.0,543.6,0,-240.42556579344924,0.0,3334,240.4255657934491
Data,1771,-0.0,0.0,1946.2470417312315,0.0,0.0,788.32,0.0,543.6,0,-34.8329582687685,0.0,3313,34.83295826876838
Data,1772,-0.0,0.0,2032.3290072429163,0.0,0.0,772.66,0.0,540.4,0,-64.6109927570839,0.0,3410,64.61099275708375
Data,1773,0.0,0.0,2203.946913414866,0.0,0.0,769.31,0.0,543.6,0,247.85691341486563,0.0,3269,-247.85691341486574
Data,1774,0.0,0.0,2302.3319057486615,0.0,0.0,741.35,0.0,543.6,0,518.2819057486611,0.0,3069,-518.2819057486615
Data,1775,0.0,0.0,2546.9564450874987,0.0,0.0,644.07,0.0,543.6,0,816.6264450874988,0.0,2918,-816.6264450874987
Data,1776,0.0,0.0,2656.24160668568,0.0,0.0,602.7,0.0,543.6,0,968.54160668568,0.0,2834,-968.54160668568
Data,1777,0.0,0.0,2403.4250638541994,0.0,0.0,578.1,0.0,540.4,0,764.9250638541994,0.0,2757,-764.9250638541994
Data,1778,0.0,0.0,2222.1099248008795,0.0,0.0,590.4,0.0,540.4,0,573.9099248008799,0.0,2779,-573.9099248008795
Data,1779,0.0,0.0,2139.386224628136,0.0,0.0,646.31,0.0,540.4,0,383.096224628136,0.0,2943,-383.09622462813593
Data,1780,0.0,0.0,2520.112252324488,0.0,0.0,682.09,0.0,540.4,0,647.6022523244885,0.0,3095,-647.6022523244881
Data,1781,0.0,0.0,2555.32271155567,0.0,0.0,695.51,0.0,540.4,0,713.2327115556702,0.0,3078,-713.2327115556701
Data,1782,-0.0,0.0,2971.36765317556,0.0,0.0,689.92,0.0,540.4,0,1195.6876531755602,0.0,3006,-1195.68765317556
Data,1783,-0.0,0.0,3160.9609254750985,0.0,0.0,613.88,0.0,540.4,0,1368.2409254751,0.0,2947,-1368.2409254750985
Data,1784,-0.0,0.0,2815.8328612365435,0.0,0.0,556.85,0.0,38.4,0,429.08286123654335,0.0,2982,-429.0828612365435
Data,1785,-0.0,0.0,2552.505360289132,0.0,0.0,547.91,0.0,38.4,0,-9.18463971086802,0.0,3148,9.18463971086792
Data,1786,-0.0,0.0,2704.1269771049315,0.0,0.0,518.84,0.0,38.4,0,-11.633022895068411,0.0,3273,11.633022895068486
Data,1787,-0.0,0.0,2910.8594420124464,0.0,0.0,493.12,0.0,38.4,0,162.37944201244676,0.0,3280,-162.3794420124464
Data,1788,-0.0,0.0,2765.599130489565,0.0,0.0,498.71,0.0,38.4,0,75.70913048956491,0.0,3227,-75.70913048956513
Data,1789,-0.0,0.0,3135.489034637599,0.0,0.0,469.64,0.0,38.4,0,580.5290346375989,0.0,3063,-580.5290346375991
Data,1790,-0.0,0.0,3076.713392132555,0.0,0.0,494.24,0.0,38.4,0,388.35339213255514,0.0,3221,-388.35339213255486
Data,1791,-0.0,0.0,3553.457305278168,0.0,0.0,511.01,0.0,38.4,0,905.8673052781678,0.0,3197,-905.8673052781679
Data,1792,-0.0,0.0,3639.616155931983,0.0,0.0,543.44,0.0,35.2,0,1005.2561559319831,0.0,3213,-1005.2561559319831
Data,1793,-0.0,0.0,2907.4450551994387,0.0,0.0,670.91,0.0,38.4,0,237.75505519943894,0.0,3379,-237.75505519943866
Data,1794,-0.0,0.0,3586.8102031589406,0.0,0.0,748.06,0.0,189.4,0,1152.2702031589404,0.0,3372,-1152.2702031589406
Data,1795,-0.0,0.0,3660.4192560343026,0.0,0.0,781.61,0.0,192.6,0,1303.6292560343024,0.0,3331,-1303.6292560343027
Data,1796,-0.0,0.0,3159.0107426544137,0.0,0.0,763.72,0.0,192.6,0,752.3307426544133,0.0,3363,-752.3307426544137
Data,1797,0.0,0.0,3283.943236779908,0.0,0.0,752.54,0.0,192.6,0,1010.0832367799078,0.0,3219,-1010.0832367799081
Data,1798,0.0,0.0,3360.67078913606,0.0,0.0,729.05,0.0,192.6,0,1252.3207891360596,0.0,3030,-1252.32078913606
Data,1799,0.0,0.0,3653.4474400691397,0.0,0.0,587.05,0.0,192.6,0,1548.097440069139,0.0,2885,-1548.0974400691396
Data,1800,0.0,0.0,3805.830374710402,0.0,0.0,549.03,0.0,192.6,0,1727.460374710402,0.0,2820,-1727.4603747104018
Data,1801,0.0,0.0,3763.705230671817,0.0,0.0,536.73,0.0,189.4,0,1743.835230671817,0.0,2746,-1743.835230671817
Data,1802,0.0,0.0,3627.595385159001,0.0,0.0,565.8,0.0,189.4,0,1626.7953851590012,0.0,2756,-1626.7953851590012
Data,1803,0.0,0.0,3385.478080986364,0.0,0.0,609.41,0.0,189.4,0,1257.2880809863643,0.0,2927,-1257.288080986364
Data,1804,0.0,0.0,2852.889209367032,0.0,0.0,638.48,0.0,186.2,0,631.5692093670319,0.0,3046,-631.569209367032
Data,1805,0.0,0.0,2773.738787219453,0.0,0.0,682.09,0.0,189.4,0,534.2287872194531,0.0,3111,-534.2287872194531
Data,1806,-0.0,0.0,2765.095263514887,0.0,0.0,668.67,0.0,189.4,0,656.1652635148873,0.0,2967,-656.1652635148869
Data,1807,-0.0,0.0,2788.933522748727,0.0,0.0,629.54,0.0,38.4,0,546.8735227487265,0.0,2910,-546.8735227487267
Data,1808,-0.0,0.0,2767.494879884149,0.0,0.0,580.34,0.0,38.4,0,477.2348798841497,0.0,2909,-477.2348798841492
Data,1809,-0.0,0.0,2909.8210121353163,0.0,0.0,584.81,0.0,38.4,0,471.0310121353164,0.0,3062,-471.03101213531625
Data,1810,-0.0,0.0,3108.4148553202535,0.0,0.0,573.63,0.0,38.4,0,435.44485532025374,0.0,3285,-435.4448553202535
Data,1811,-0.0,0.0,2723.3089251087067,0.0,0.0,549.03,0.0,38.4,0,-17.26107489129292,0.0,3328,17.261074891293312
Data,1812,-0.0,0.0,3053.80911821407,0.0,0.0,542.32,0.0,38.4,0,299.5291182140703,0.0,3335,-299.5291182140702
Data,1813,-0.0,0.0,2958.323519192397,0.0,0.0,481.94,0.0,38.4,0,308.663519192397,0.0,3170,-308.6635191923968
Data,1814,-0.0,0.0,2706.430542572106,0.0,0.0,522.19,0.0,38.4,0,-77.97945742789426,0.0,3345,77.97945742789406
Data,1815,-0.0,0.0,2807.2328642276766,0.0,0.0,538.96,0.0,38.4,0,63.59286422767664,0.0,3321,-63.592864227676635
Data,1816,-0.0,0.0,2790.4582930155616,0.0,0.0,597.11,0.0,41.6,0,126.16829301556157,0.0,3303,-126.1682930155616
Data,1817,-0.0,0.0,2704.469680576608,0.0,0.0,667.55,0.0,540.4,0,524.4196805766078,0.0,3388,-524.4196805766079
Data,1818,-0.0,0.0,2494.443295498252,0.0,0.0,717.87,0.0,543.6,0,396.9132954982518,0.0,3359,-396.9132954982522
Data,1819,-0.0,0.0,2466.767576731635,0.0,0.0,750.3,0.0,543.6,0,383.66757673163465,0.0,3377,-383.667576731635
Data,1820,-0.0,0.0,2793.1817900349683,0.0,0.0,748.06,0.0,546.8,0,674.0417900349684,0.0,3414,-674.0417900349682
Data,1821,-0.0,0.0,2376.191247169709,0.0,0.0,735.76,0.0,543.6,0,422.5512471697093,0.0,3233,-422.5512471697092
Data,1822,0.0,0.0,2394.5879177989036,0.0,0.0,686.56,0.0,543.6,0,554.7479177989035,0.0,3070,-554.7479177989036
Data,1823,0.0,0.0,2098.3444597551106,0.0,0.0,585.93,0.0,543.6,0,280.87445975511025,0.0,2947,-280.8744597551106
Data,1824,0.0,0.0,2337.419911350972,0.0,0.0,554.62,0.0,546.8,0,597.8399113509726,0.0,2841,-597.8399113509721
Data,1825,0.0,0.0,2532.2617068071413,0.0,0.0,573.63,0.0,540.4,0,914.291706807142,0.0,2732,-914.2917068071413
Data,1826,0.0,0.0,1829.1218338913577,0.0,0.0,591.52,0.0,540.4,0,172.04183389135773,0.0,2789,-172.04183389135767
Data,1827,0.0,0.0,1361.7604500398636,0.0,0.0,582.57,0.0,540.4,0,-480.26954996013615,0.0,2965,480.2695499601364
Data,1828,0.0,0.0,1725.0355162863532,0.0,0.0,623.95,0.0,540.4,0,-215.6144837136466,0.0,3105,215.6144837136468
Data,1829,0.0,0.0,1204.7250669517389,0.0,0.0,629.54,0.0,543.6,0,-713.1349330482612,0.0,3091,713.1349330482611
Data,1830,-0.0,0.0,1197.1530545585285,-0.0,0.0,616.12,0.0,189.4,0,-1015.3269454414715,0.0,3018,1015.3269454414715
Data,1831,-0.0,0.0,1312.7883309102144,0.0,0.0,599.35,0.0,38.4,0,-1095.4616690897856,0.0,3046,1095.4616690897856
Data,1832,-0.0,0.0,2034.377834679863,0.0,0.0,589.28,0.0,38.4,0,-467.94216532013644,0.0,3130,467.94216532013695
Data,1833,-0.0,0.0,1683.1821490334914,0.0,0.0,594.87,0.0,38.4,0,-1060.5478509665086,0.0,3377,1060.5478509665086
Data,1834,-0.0,0.0,1766.3030408156799,0.0,0.0,587.05,0.0,38.4,0,-1132.2469591843203,0.0,3524,1132.24695918432
Data,1835,-0.0,0.0,2387.9217402810755,0.0,0.0,569.15,0.0,38.4,0,-531.5282597189243,0.0,3527,531.5282597189246
Data,1836,-0.0,0.0,2031.9375572927495,0.0,0.0,598.23,0.0,38.4,0,-782.4324427072504,0.0,3451,782.4324427072505
Data,1837,-0.0,0.0,2037.1425883126085,0.0,0.0,572.51,0.0,35.2,0,-608.1474116873915,0.0,3253,608.1474116873915
Data,1838,-0.0,0.0,2537.9534673063326,0.0,0.0,620.59,0.0,38.4,0,-251.05653269366758,0.0,3448,251.05653269366732
Data,1839,-0.0,0.0,2489.134473785756,0.0,0.0,645.19,0.0,38.4,0,-282.27552621424354,0.0,3455,282.27552621424377
Data,1840,-0.0,0.0,1950.6740910580504,0.0,0.0,649.66,0.0,35.2,0,-769.4659089419499,0.0,3405,769.4659089419496
Data,1841,-0.0,0.0,1562.0695754278809,0.0,0.0,678.74,0.0,189.4,0,-1029.7904245721188,0.0,3460,1029.790424572119
Data,1842,-0.0,0.0,2513.003859135587,0.0,0.0,714.52,0.0,543.6,0,339.1238591355871,0.0,3432,-339.12385913558694
Data,1843,-0.0,0.0,2644.193479217269,0.0,0.0,721.23,0.0,543.6,0,486.0234792172694,0.0,3423,-486.02347921726926
Data,1844,-0.0,0.0,2632.351982343977,0.0,0.0,724.58,0.0,192.6,0,100.53198234397694,0.0,3449,-100.53198234397698
Data,1845,-0.0,0.0,2729.5759022348766,0.0,0.0,721.23,0.0,540.4,0,719.2059022348768,0.0,3272,-719.2059022348766
Data,1846,0.0,0.0,2462.2460121086947,0.0,0.0,692.15,0.0,543.6,0,630.9960121086946,0.0,3067,-630.9960121086947
Data,1847,0.0,0.0,1960.780462008288,0.0,0.0,618.35,0.0,543.6,0,153.73046200828784,0.0,2969,-153.730462008288
Data,1848,0.0,0.0,2135.6332980362354,0.0,0.0,617.24,0.0,543.6,0,367.4732980362353,0.0,2929,-367.4732980362354
Data,1849,0.0,0.0,2359.8167835037043,0.0,0.0,612.76,0.0,540.4,0,709.9767835037044,0.0,2803,-709.9767835037043
Data,1850,0.0,0.0,2910.363978122747,0.0,0.0,638.48,0.0,540.4,0,1262.2439781227472,0.0,2827,-1262.2439781227472
Data,1851,0.0,0.0,3316.7028672937818,0.0,0.0,672.03,0.0,540.4,0,1544.1328672937816,0.0,2985,-1544.1328672937816
Data,1852,0.0,0.0,3041.6406228834094,0.0,0.0,688.8,0.0,540.4,0,1163.8406228834094,0.0,3107,-1163.8406228834092
Data,1853,0.0,0.0,2563.7182567245404,0.0,0.0,695.51,0.0,540.4,0,664.6282567245404,0.0,3135,-664.6282567245404
Data,1854,-0.0,0.0,2429.277248466944,0.0,0.0,702.22,0.0,537.2,0,629.6972484669441,0.0,3039,-629.6972484669441
Data,1855,-0.0,0.0,1994.309278240224,0.0,0.0,688.8,0.0,540.4,0,237.50927824022426,0.0,2986,-237.50927824022403
Data,1856,-0.0,0.0,1632.800597353353,0.0,0.0,618.35,0.0,540.4,0,-219.44940264664734,0.0,3011,219.44940264664706
Data,1857,-0.0,0.0,2090.212160905068,0.0,0.0,611.65,0.0,540.4,0,36.26216090506763,0.0,3206,-36.26216090506773
Data,1858,-0.0,0.0,2455.5374079955045,0.0,0.0,573.63,0.0,540.4,0,179.56740799550502,0.0,3390,-179.56740799550448
Data,1859,-0.0,0.0,2661.715078982365,0.0,0.0,569.15,0.0,189.4,0,-18.734921017634576,0.0,3439,18.73492101763506
Data,1860,-0.0,0.0,3013.032776104723,0.0,0.0,576.98,0.0,540.4,0,704.4127761047231,0.0,3426,-704.4127761047229
Data,1861,-0.0,0.0,3173.517380833885,0.0,0.0,559.09,0.0,540.4,0,1035.0073808338852,0.0,3238,-1035.007380833885
Data,1862,-0.0,0.0,3315.9002689037025,0.0,0.0,566.92,0.0,540.4,0,1005.2202689037023,0.0,3418,-1005.2202689037024
Data,1863,-0.0,0.0,3045.304868470235,0.0,0.0,582.57,0.0,537.2,0,757.0748684702346,0.0,3408,-757.074868470235
Data,1864,-0.0,0.0,3017.864544892429,0.0,0.0,648.55,0.0,540.4,0,807.8145448924284,0.0,3399,-807.8145448924289
Data,1865,-0.0,0.0,3153.713303252164,0.0,0.0,678.74,0.0,543.6,0,901.0533032521643,0.0,3475,-901.0533032521643
Data,1866,-0.0,0.0,2476.7026748041717,0.0,0.0,724.58,0.0,543.6,0,322.8826748041713,0.0,3422,-322.88267480417176
Data,1867,-0.0,0.0,2453.625350224927,0.0,0.0,789.44,0.0,543.6,0,421.6653502249268,0.0,3365,-421.665350224927
Data,1868,-0.0,0.0,2220.4342642963093,0.0,0.0,799.5,0.0,543.6,0,150.53426429630923,0.0,3413,-150.5342642963093
Data,1869,-0.0,0.0,1841.4031289925472,0.0,0.0,741.35,0.0,543.6,0,-105.6468710074529,0.0,3232,105.64687100745277
Data,1870,0.0,0.0,1749.1084607785695,0.0,0.0,692.15,0.0,543.6,0,-72.14153922143055,0.0,3057,72.14153922143055
Data,1871,0.0,0.0,1162.2055013706133,0.0,0.0,642.95,0.0,543.6,0,-615.2444986293866,0.0,2964,615.2444986293866
Data,1872,0.0,0.0,635.3286657552555,0.0,0.0,644.07,0.0,540.4,0,-1045.2013342447442,0.0,2865,1045.2013342447444
Data,1873,0.0,0.0,758.5359532096663,0.0,0.0,622.83,0.0,540.4,0,-840.2340467903337,0.0,2762,840.2340467903337
Data,1874,0.0,0.0,804.9756244544351,0.0,0.0,631.77,0.0,540.4,0,-804.8543755455648,0.0,2782,804.854375545565
Data,1875,0.0,0.0,869.1476740136843,0.0,0.0,695.51,0.0,540.4,0,-830.9423259863156,0.0,2936,830.9423259863157
Data,1876,0.0,0.0,949.2363340642663,0.0,0.0,726.82,0.0,540.4,0,-841.5436659357334,0.0,3058,841.5436659357337
Data,1877,0.0,0.0,1006.7380987536912,0.0,0.0,726.82,0.0,540.4,0,-781.0419012463085,0.0,3055,781.0419012463087
Data,1878,-0.0,0.0,1123.2655850011558,0.0,0.0,732.41,0.0,537.2,0,-545.1244149988445,0.0,2938,545.1244149988441
Data,1879,-0.0,0.0,1512.435534072474,0.0,0.0,726.82,0.0,540.4,0,-6.344465927525559,0.0,2786,6.3444659275260165
Data,1880,-0.0,0.0,1356.4224645013346,0.0,0.0,656.37,0.0,540.4,0,-223.8075354986654,0.0,2777,223.8075354986654
Data,1881,-0.0,0.0,1255.9279218130175,0.0,0.0,642.95,0.0,537.2,0,-499.92207818698273,0.0,2936,499.9220781869824
Data,1882,-0.0,0.0,1104.7996318506407,0.0,0.0,630.65,0.0,540.4,0,-806.1503681493591,0.0,3082,806.1503681493593
Data,1883,-0.0,0.0,996.3879222570779,0.0,0.0,631.77,0.0,189.4,0,-1305.442077742922,0.0,3123,1305.442077742922
Data,1884,-0.0,0.0,1152.1984143018215,0.0,0.0,632.89,0.0,186.2,0,-1173.7115856981789,0.0,3145,1173.7115856981786
Data,1885,-0.0,0.0,1259.6076161445108,0.0,0.0,635.13,0.0,189.4,0,-919.8623838554892,0.0,3004,919.8623838554893
Data,1886,-0.0,0.0,1451.9610056053398,0.0,0.0,641.84,0.0,537.2,0,-440.99899439466026,0.0,3072,440.99899439466014
Data,1887,-0.0,0.0,1472.516133180479,0.0,0.0,640.72,0.0,540.4,0,-362.36386681952075,0.0,3016,362.3638668195209
Data,1888,-0.0,0.0,1377.3389923668715,0.0,0.0,668.67,0.0,537.2,0,-423.79100763312863,0.0,3007,423.7910076331285
Data,1889,-0.0,0.0,1688.8863641768464,0.0,0.0,733.53,0.0,543.6,0,-134.98363582315363,0.0,3101,134.98363582315358
Data,1890,-0.0,0.0,1992.303819822486,0.0,0.0,762.6,0.0,540.4,0,124.30381982248606,0.0,3171,-124.30381982248605
Data,1891,-0.0,0.0,1645.5395355240198,0.0,0.0,781.61,0.0,543.6,0,-195.25046447598024,0.0,3166,195.25046447598015
Data,1892,-0.0,0.0,1873.9712552947954,0.0,0.0,776.02,0.0,543.6,0,-53.40874470520467,0.0,3247,53.40874470520464
Data,1893,-0.0,0.0,2237.5917259777448,0.0,0.0,779.37,0.0,540.4,0,425.36172597774504,0.0,3132,-425.36172597774475
Data,1894,0.0,0.0,2028.8946710858154,0.0,0.0,723.46,0.0,543.6,0,316.9546710858155,0.0,2979,-316.95467108581545
Data,1895,0.0,0.0,1991.418264794571,0.0,0.0,655.25,0.0,543.6,0,295.268264794571,0.0,2895,-295.2682647945711
Data,1896,0.0,0.0,1697.094349884503,0.0,0.0,655.25,0.0,540.4,0,68.74434988450292,0.0,2824,-68.74434988450287
Data,1897,0.0,0.0,2149.9338361695136,0.0,0.0,644.07,0.0,540.4,0,623.4038361695137,0.0,2711,-623.4038361695136
Data,1898,0.0,0.0,2342.8303726755626,0.0,0.0,675.38,0.0,540.4,0,810.6103726755628,0.0,2748,-810.6103726755625
Data,1899,0.0,0.0,2750.7534453248263,0.0,0.0,656.37,0.0,537.2,0,1058.3234453248258,0.0,2886,-1058.3234453248265
Data,1900,0.0,0.0,2662.6549915586565,0.0,0.0,699.98,0.0,540.4,0,906.0349915586565,0.0,2997,-906.0349915586565
Data,1901,0.0,0.0,2606.9129219312135,0.0,0.0,698.86,0.0,540.4,0,865.1729219312138,0.0,2981,-865.1729219312135
Data,1902,-0.0,0.0,2380.1934530057133,0.0,0.0,699.98,0.0,537.2,0,748.3734530057133,0.0,2869,-748.3734530057134
Data,1903,-0.0,0.0,2169.2413879129135,0.0,0.0,697.75,0.0,540.4,0,663.3913879129136,0.0,2744,-663.3913879129135
Data,1904,-0.0,0.0,1929.6516475434871,0.0,0.0,628.42,0.0,35.2,0,-100.72835245651292,0.0,2694,100.72835245651292
Data,1905,-0.0,0.0,1785.5722740432873,0.0,0.0,627.3,0.0,38.4,0,-368.72772595671273,0.0,2820,368.7277259567128
Data,1906,-0.0,0.0,1596.887082936736,0.0,0.0,622.83,0.0,35.2,0,-621.0829170632644,0.0,2876,621.0829170632638
Data,1907,-0.0,0.0,1464.2774604040817,0.0,0.0,613.88,0.0,38.4,0,-813.4425395959182,0.0,2930,813.4425395959183
Data,1908,-0.0,0.0,1329.979998482426,0.0,0.0,618.35,0.0,38.4,0,-1017.2700015175739,0.0,3004,1017.270001517574
Data,1909,-0.0,0.0,1271.1739118781327,0.0,0.0,584.81,0.0,35.2,0,-1064.8160881218676,0.0,2956,1064.8160881218673
Data,1910,-0.0,0.0,1305.6199221043591,0.0,0.0,608.29,0.0,35.2,0,-995.8900778956411,0.0,2945,995.8900778956408
Data,1911,-0.0,0.0,1392.7243842408107,0.0,0.0,615.0,0.0,38.4,0,-896.8756157591891,0.0,2943,896.8756157591894
Data,1912,-0.0,0.0,1477.370269205759,0.0,0.0,647.43,0.0,35.2,0,-790.9997307942413,0.0,2951,790.9997307942409
Data,1913,-0.0,0.0,1180.3588352805548,0.0,0.0,764.84,0.0,192.6,0,-955.201164719445,0.0,3093,955.2011647194452
Data,1914,-0.0,0.0,1520.1420275747746,0.0,0.0,808.45,0.0,540.4,0,-317.0079724252254,0.0,3186,317.0079724252254
Data,1915,-0.0,0.0,1368.2675925766766,0.0,0.0,819.63,0.0,543.6,0,-486.5024074233235,0.0,3218,486.50240742332335
Data,1916,-0.0,0.0,1502.4170772571438,0.0,0.0,812.92,0.0,540.4,0,-465.26292274285595,0.0,3321,465.2629227428563
Data,1917,-0.0,0.0,1650.2667481358753,0.0,0.0,805.09,0.0,543.6,0,-202.0432518641246,0.0,3201,202.0432518641246
Data,1918,0.0,0.0,1585.573539065141,0.0,0.0,673.15,0.0,540.4,0,-211.876460934859,0.0,3011,211.8764609348591
Data,1919,0.0,0.0,1385.02939006675,0.0,0.0,660.85,0.0,543.6,0,-236.52060993325034,0.0,2826,236.52060993324994
Data,1920,0.0,0.0,1270.1743601735614,0.0,0.0,627.3,0.0,540.4,0,-236.12563982643866,0.0,2674,236.12563982643871
Data,1921,0.0,0.0,1059.9828182534222,0.0,0.0,563.56,0.0,189.4,0,-737.0571817465778,0.0,2550,737.0571817465778
Data,1922,0.0,0.0,1176.3267933934162,0.0,0.0,590.4,0.0,186.2,0,-621.0732066065839,0.0,2574,621.0732066065839
Data,1923,0.0,0.0,1234.392716325459,0.0,0.0,673.15,0.0,540.4,0,-234.0572836745406,0.0,2682,234.05728367454094
Data,1924,0.0,0.0,1706.3608742979923,0.0,0.0,658.61,0.0,495.5372,0,1.5080742979920407,0.0,2859,-1.508074297992266
Data,1925,0.0,0.0,1437.7121381490335,0.0,0.0,702.22,0.0,537.2,0,-216.86786185096645,0.0,2894,216.8678618509664
Data,1926,-0.0,0.0,1659.2023254112028,0.0,0.0,713.4,0.0,189.4,0,-288.997674588797,0.0,2851,288.9976745887973
Data,1927,-0.0,0.0,1350.522204754942,0.0,0.0,724.58,0.0,540.4,0,-254.49779524505772,0.0,2870,254.4977952450579
Data,1928,-0.0,0.0,1513.5490934743905,0.0,0.0,687.68,0.0,186.2,0,-495.57090652560987,0.0,2883,495.5709065256096
Data,1929,-0.0,0.0,1629.4624554390848,0.0,0.0,678.74,0.0,189.4,0,-682.3975445609149,0.0,3180,682.3975445609152
Data,1930,-0.0,0.0,1996.145466430142,0.0,0.0,693.27,0.0,189.4,0,-604.1845335698578,0.0,3483,604.184533569858
Data,1931,-0.0,0.0,1709.4541085612736,0.0,0.0,694.39,0.0,186.2,0,-901.9558914387267,0.0,3492,901.9558914387264
Data,1932,-0.0,0.0,1354.3966713246032,0.0,0.0,670.91,0.0,189.4,0,-1345.2933286753967,0.0,3560,1345.2933286753969
Data,1933,-0.0,0.0,1788.996912563419,0.0,0.0,612.76,0.0,186.2,0,-746.0430874365811,0.0,3334,746.0430874365809
Data,1934,-0.0,0.0,1715.3469938850574,0.0,0.0,667.55,0.0,189.4,0,-856.7030061149428,0.0,3429,856.7030061149427
Data,1935,-0.0,0.0,1478.7979569321947,0.0,0.0,673.15,0.0,189.4,0,-1053.6520430678052,0.0,3395,1053.6520430678054
Data,1936,-0.0,0.0,1364.2233663348036,0.0,0.0,717.87,0.0,186.2,0,-1095.7066336651967,0.0,3364,1095.7066336651965
Data,1937,-0.0,0.0,1531.9910446781275,0.0,0.0,802.85,0.0,543.6,0,-587.5589553218726,0.0,3466,587.5589553218724
Data,1938,-0.0,0.0,2390.4959565621643,0.0,0.0,826.34,0.0,543.6,0,335.43595656216456,0.0,3425,-335.4359565621644
Data,1939,-0.0,0.0,2633.3752032133225,0.0,0.0,841.99,0.0,540.4,0,620.7652032133229,0.0,3395,-620.7652032133225
Data,1940,-0.0,0.0,2392.150991316001,0.0,0.0,837.52,0.0,543.6,0,350.2709913160016,0.0,3423,-350.2709913160012
Data,1941,0.0,0.0,2781.919980777721,0.0,0.0,821.86,0.0,543.6,0,870.3799807777209,0.0,3277,-870.3799807777209
Data,1942,0.0,0.0,2548.56147091111,0.0,0.0,722.35,0.0,543.6,0,728.5114709111099,0.0,3086,-728.5114709111101
Data,1943,0.0,0.0,2450.9793567585707,0.0,0.0,711.16,0.0,540.4,0,769.5393567585711,0.0,2933,-769.5393567585706
Data,1944,0.0,0.0,1834.939289260205,0.0,0.0,705.57,0.0,543.6,0,286.10928926020495,0.0,2798,-286.10928926020506
Data,1945,0.0,0.0,1640.3011556410174,0.0,0.0,682.09,0.0,540.4,0,162.79115564101772,0.0,2700,-162.79115564101744
Data,1946,0.0,0.0,1288.037026513188,0.0,0.0,680.97,0.0,540.4,0,-216.59297348681196,0.0,2726,216.59297348681196
Data,1947,0.0,0.0,1362.6066868883888,0.0,0.0,679.85,0.0,540.4,0,-251.1433131116111,0.0,2834,251.14331311161118
Data,1948,0.0,0.0,1392.0572271088934,0.0,0.0,693.27,0.0,537.2,0,-388.4727728911069,0.0,3011,388.4727728911066
Data,1949,0.0,0.0,1653.24746837659,0.0,0.0,720.11,0.0,540.4,0,-73.24253162340982,0.0,2987,73.24253162341006
Data,1950,-0.0,0.0,1571.980318417312,0.0,0.0,731.29,0.0,540.4,0,-119.32968158268801,0.0,2963,119.32968158268807
Data,1951,-0.0,0.0,1448.4462846589693,0.0,0.0,731.29,0.0,540.4,0,-218.8637153410308,0.0,2939,218.8637153410308
Data,1952,-0.0,0.0,1257.0131154258181,0.0,0.0,656.37,0.0,540.4,0,-482.21688457418185,0.0,2936,482.2168845741819
Data,1953,-0.0,0.0,1575.688431328296,0.0,0.0,617.24,0.0,540.4,0,-471.6715686717041,0.0,3205,471.671568671704
Data,1954,-0.0,0.0,1715.565211217234,0.0,0.0,623.95,0.0,537.2,0,-479.2847887827665,0.0,3356,479.2847887827659
Data,1955,-0.0,0.0,1661.2137071417983,0.0,0.0,626.18,0.0,540.4,0,-573.2062928582018,0.0,3401,573.2062928582018
Data,1956,-0.0,0.0,1603.261842590068,0.0,0.0,623.95,0.0,537.2,0,-681.5881574099321,0.0,3446,681.5881574099319
Data,1957,-0.0,0.0,1756.5576599612432,0.0,0.0,616.12,0.0,540.4,0,-351.922340038757,0.0,3265,351.92234003875683
Data,1958,-0.0,0.0,2184.83373042193,0.0,0.0,632.89,0.0,540.4,0,-6.876269578070204,0.0,3365,6.876269578070151
Data,1959,-0.0,0.0,2194.7898961229857,0.0,0.0,631.77,0.0,537.2,0,-33.24010387701419,0.0,3397,33.240103877014235
Data,1960,-0.0,0.0,2347.788759911708,0.0,0.0,650.78,0.0,540.4,0,100.96875991170826,0.0,3438,-100.96875991170793
Data,1961,-0.0,0.0,2394.153636667294,0.0,0.0,712.28,0.0,540.4,0,101.83363666729437,0.0,3545,-101.83363666729394
Data,1962,-0.0,0.0,2946.304026478499,0.0,0.0,779.37,0.0,543.6,0,835.2740264784987,0.0,3434,-835.2740264784991
Data,1963,-0.0,0.0,2746.371884701114,0.0,0.0,805.09,0.0,543.6,0,687.0618847011139,0.0,3408,-687.0618847011142
Data,1964,-0.0,0.0,2347.9300049896765,0.0,0.0,807.33,0.0,540.4,0,238.66000498967654,0.0,3457,-238.6600049896765
Data,1965,0.0,0.0,1949.878647026973,0.0,0.0,805.09,0.0,543.6,0,0.5686470269730393,0.0,3298,-0.5686470269731672
Data,1966,0.0,0.0,2171.999072291436,0.0,0.0,695.51,0.0,543.6,0,322.1090722914359,0.0,3089,-322.10907229143584
Data,1967,0.0,0.0,1982.058488520318,0.0,0.0,676.5,0.0,543.6,0,286.15848852031775,0.0,2916,-286.158488520318
Data,1968,0.0,0.0,2037.0279605853498,0.0,0.0,669.79,0.0,540.4,0,459.2179605853499,0.0,2788,-459.2179605853497
Data,1969,0.0,0.0,2319.9375432026523,0.0,0.0,650.78,0.0,540.4,0,838.1175432026522,0.0,2673,-838.1175432026522
Data,1970,0.0,0.0,2301.007263279952,0.0,0.0,654.14,0.0,540.4,0,845.547263279952,0.0,2650,-845.547263279952
Data,1971,0.0,0.0,2425.701201004314,0.0,0.0,672.03,0.0,540.4,0,856.1312010043143,0.0,2782,-856.131201004314
Data,1972,0.0,0.0,2134.222625100282,0.0,0.0,674.26,0.0,540.4,0,406.88262510028204,0.0,2942,-406.8826251002821
Data,1973,0.0,0.0,2560.820945497027,0.0,0.0,697.75,0.0,537.2,0,839.7709454970268,0.0,2956,-839.770945497027
Data,1974,-0.0,0.0,2509.1650632550927,0.0,0.0,694.39,0.0,540.4,0,880.955063255093,0.0,2863,-880.9550632550927
Data,1975,-0.0,0.0,2654.2668849149486,0.0,0.0,669.79,0.0,540.4,0,1021.4568849149489,0.0,2843,-1021.4568849149485
Data,1976,-0.0,0.0,2113.0883101528134,0.0,0.0,617.24,0.0,189.4,0,-64.27168984718611,0.0,2984,64.2716898471866
Data,1977,-0.0,0.0,1835.3012418908138,0.0,0.0,606.05,0.0,356.0016,0,-443.6471581091865,0.0,3241,443.64715810918625
Data,1978,-0.0,0.0,1563.614742117806,0.0,0.0,603.82,0.0,38.4,0,-1156.1652578821938,0.0,3362,1156.165257882194
Data,1979,-0.0,0.0,1854.5157164453135,0.0,0.0,600.46,0.0,38.4,0,-865.6242835546864,0.0,3359,865.6242835546865
Data,1980,-0.0,0.0,1687.4843154843245,0.0,0.0,590.4,0.0,38.4,0,-1063.7156845156753,0.0,3380,1063.7156845156755
Data,1981,-0.0,0.0,1609.1466218130072,0.0,0.0,575.86,0.0,35.2,0,-1002.7933781869929,0.0,3223,1002.7933781869928
Data,1982,-0.0,0.0,1619.1138262664756,0.0,0.0,585.93,0.0,38.4,0,-1142.5561737335245,0.0,3386,1142.5561737335245
Data,1983,-0.0,0.0,1525.918853927574,0.0,0.0,627.3,0.0,38.4,0,-1187.3811460724262,0.0,3379,1187.381146072426
Data,1984,-0.0,0.0,1613.3034648606258,0.0,0.0,669.79,0.0,38.4,0,-1087.5065351393741,0.0,3409,1087.5065351393741
Data,1985,-0.0,0.0,2298.0338515716844,0.0,0.0,784.96,0.0,38.4,0,-399.6061484283157,0.0,3521,399.6061484283156
Data,1986,-0.0,0.0,2558.722567886193,0.0,0.0,812.92,0.0,41.6,0,-14.757432113807432,0.0,3428,14.757432113807248
Data,1987,-0.0,0.0,2908.444548735877,0.0,0.0,829.69,0.0,41.6,0,355.73454873587707,0.0,3424,-355.7345487358772
Data,1988,-0.0,0.0,2793.505791371136,0.0,0.0,852.05,0.0,38.4,0,228.95579137113592,0.0,3455,-228.95579137113614
Data,1989,-0.0,0.0,2762.777623141534,0.0,0.0,837.52,0.0,41.6,0,346.897623141534,0.0,3295,-346.89762314153415
Data,1990,0.0,0.0,2806.332412729214,0.0,0.0,791.67,0.0,41.6,0,539.6024127292139,0.0,3100,-539.6024127292139
Data,1991,0.0,0.0,2669.181925869064,0.0,0.0,730.17,0.0,41.6,0,530.9519258690639,0.0,2910,-530.9519258690639
Data,1992,0.0,0.0,2312.2414056726884,0.0,0.0,729.05,0.0,38.4,0,284.69140567268875,0.0,2795,-284.69140567268835
Data,1993,0.0,0.0,2254.505006375313,0.0,0.0,724.58,0.0,38.4,0,343.48500637531276,0.0,2674,-343.4850063753129
Data,1994,0.0,0.0,2160.925005031813,0.0,0.0,727.94,0.0,38.4,0,248.26500503181313,0.0,2679,-248.26500503181288
Data,1995,0.0,0.0,2522.381120937167,0.0,0.0,752.54,0.0,35.2,0,498.12112093716667,0.0,2812,-498.12112093716695
Data,1996,0.0,0.0,2815.8555692375116,0.0,0.0,788.32,0.0,38.4,0,661.5755692375116,0.0,2981,-661.5755692375117
Data,1997,0.0,0.0,2677.2944486406464,0.0,0.0,799.5,0.0,38.4,0,514.1944486406464,0.0,3001,-514.1944486406463
Data,1998,-0.0,0.0,2698.794323011402,0.0,0.0,803.97,0.0,35.2,0,619.9643230114021,0.0,2918,-619.964323011402
Data,1999,-0.0,0.0,2224.8453014938414,0.0,0.0,739.12,0.0,38.4,0,61.36530149384126,0.0,2941,-61.365301493841365
Data,2000,-0.0,0.0,1403.364640626006,0.0,0.0,711.16,0.0,38.4,0,-962.0753593739943,0.0,3115,962.0753593739942
Data,2001,-0.0,0.0,1289.7039075248958,0.0,0.0,708.93,0.0,35.2,0,-1375.1660924751045,0.0,3409,1375.1660924751043
Data,2002,-0.0,0.0,1400.1892738273968,0.0,0.0,691.04,0.0,38.4,0,-1465.370726172603,0.0,3595,1465.370726172603
Data,2003,-0.0,0.0,1643.833271256779,0.0,0.0,684.33,0.0,35.2,0,-1228.6367287432213,0.0,3592,1228.636728743221
Data,2004,-0.0,0.0,1999.1950415498723,0.0,0.0,683.21,0.0,38.4,0,-927.1949584501276,0.0,3648,927.1949584501277
Data,2005,-0.0,0.0,2039.7154371766999,0.0,0.0,637.36,0.0,189.4,0,-529.5245628232999,0.0,3396,529.5245628233001
Data,2006,-0.0,0.0,1817.515033088643,0.0,0.0,647.43,0.0,186.2,0,-928.8549669113575,0.0,3580,928.8549669113572
Data,2007,-0.0,0.0,2002.8236395602614,0.0,0.0,673.15,0.0,189.4,0,-720.6263604397383,0.0,3586,720.6263604397386
Data,2008,-0.0,0.0,2040.7927630897193,0.0,0.0,692.15,0.0,186.2,0,-638.8572369102807,0.0,3558,638.8572369102808
Data,2009,-0.0,0.0,1898.619981304962,0.0,0.0,731.29,0.0,192.6,0,-790.490018695038,0.0,3613,790.490018695038
Data,2010,-0.0,0.0,1969.6022798617937,0.0,0.0,750.3,0.0,189.4,0,-627.6977201382065,0.0,3537,627.6977201382064
Data,2011,-0.0,0.0,1575.307452905314,0.0,0.0,783.85,0.0,192.6,0,-940.2425470946863,0.0,3492,940.242547094686
Data,2012,-0.0,0.0,1374.4137605262065,0.0,0.0,799.5,0.0,189.4,0,-1133.6862394737934,0.0,3497,1133.6862394737934
Data,2013,0.0,0.0,1987.342369459299,0.0,0.0,788.32,0.0,41.6,0,-480.73763054070093,0.0,3298,480.7376305407008
Data,2014,0.0,0.0,2305.2233884373295,0.0,0.0,749.18,0.0,38.4,0,-30.196611562670427,0.0,3123,30.196611562670547
Data,2015,0.0,0.0,2544.6179889698114,0.0,0.0,743.59,0.0,41.6,0,317.80798896981156,0.0,3012,-317.8079889698115
Data,2016,0.0,0.0,2503.089775755967,0.0,0.0,727.94,0.0,41.6,0,396.6297757559669,0.0,2876,-396.629775755967
Data,2017,0.0,0.0,1968.2470041953013,0.0,0.0,712.28,0.0,35.2,0,-51.27299580469898,0.0,2767,51.27299580469871
Data,2018,0.0,0.0,1851.1846047811405,0.0,0.0,723.46,0.0,38.4,0,-167.9553952188595,0.0,2781,167.95539521885948
Data,2019,0.0,0.0,1406.8663274799012,0.0,0.0,732.41,0.0,38.4,0,-720.3236725200989,0.0,2898,720.3236725200989
Data,2020,0.0,0.0,1492.1779376032136,0.0,0.0,729.05,0.0,35.2,0,-823.5720623967864,0.0,3080,823.5720623967864
Data,2021,0.0,0.0,1856.5172797893138,0.0,0.0,722.35,0.0,38.4,0,-482.7327202106863,0.0,3100,482.73272021068624
Data,2022,-0.0,0.0,1558.370036804338,0.0,0.0,706.69,0.0,35.2,0,-763.7399631956621,0.0,3064,763.7399631956619
Data,2023,-0.0,0.0,2079.6992639621785,0.0,0.0,705.57,0.0,38.4,0,-315.33073603782105,0.0,3139,315.33073603782145
Data,2024,-0.0,0.0,2183.1283290211218,0.0,0.0,698.86,0.0,38.4,0,-348.6116709788782,0.0,3269,348.61167097887824
Data,2025,-0.0,0.0,2072.17604861202,0.0,0.0,704.45,0.0,35.2,0,-754.1739513879799,0.0,3566,754.1739513879797
Data,2026,-0.0,0.0,1748.3631344352139,0.0,0.0,722.35,0.0,35.2,0,-1256.0868655647864,0.0,3762,1256.0868655647862
Data,2027,-0.0,0.0,2709.812560158443,0.0,0.0,739.12,0.0,35.2,0,-306.86743984155777,0.0,3791,306.8674398415571
Data,2028,-0.0,0.0,2993.8965237451466,0.0,0.0,752.54,0.0,35.2,0,-27.36347625485353,0.0,3809,27.36347625485341
Data,2029,-0.0,0.0,2911.0349379576373,0.0,0.0,741.35,0.0,35.2,0,99.584937957637,0.0,3588,-99.58493795763737
Data,2030,-0.0,0.0,2178.937069770635,0.0,0.0,808.45,0.0,35.2,0,-677.4129302293657,0.0,3700,677.412930229365
Data,2031,-0.0,0.0,1828.8029107897883,0.0,0.0,837.52,0.0,35.2,0,-970.4770892102117,0.0,3672,970.4770892102117
Data,2032,-0.0,0.0,2061.2334590138457,0.0,0.0,848.7,0.0,35.2,0,-646.8665409861549,0.0,3592,646.8665409861542
Data,2033,-0.0,0.0,2838.7130105799765,0.0,0.0,853.17,0.0,35.2,0,112.08301057997656,0.0,3615,-112.08301057997649
Data,2034,-0.0,0.0,3250.8766460735856,0.0,0.0,865.47,0.0,189.4,0,775.746646073585,0.0,3530,-775.7466460735856
Data,2035,-0.0,0.0,2982.0165034432594,0.0,0.0,892.31,0.0,189.4,0,571.7265034432592,0.0,3492,-571.7265034432593
Data,2036,-0.0,0.0,2554.9403883236014,0.0,0.0,902.37,0.0,189.4,0,156.71038832360128,0.0,3490,-156.7103883236014
Data,2037,0.0,0.0,1899.3023184267122,0.0,0.0,912.44,0.0,189.4,0,-312.85768157328744,0.0,3314,312.8576815732878
Data,2038,0.0,0.0,2008.580756592739,0.0,0.0,934.8,0.0,189.4,0,-13.21924340726099,0.0,3146,13.219243407261132
Data,2039,0.0,0.0,1809.2925228540157,0.0,0.0,939.27,0.0,189.4,0,-78.03747714598428,0.0,3016,78.0374771459843
Data,2040,0.0,0.0,1800.4034955622876,0.0,0.0,940.39,0.0,189.4,0,10.193495562287545,0.0,2920,-10.193495562287609
Data,2041,0.0,0.0,2015.1056279932147,0.0,0.0,952.69,0.0,186.2,0,336.9956279932147,0.0,2817,-336.9956279932148
Data,2042,0.0,0.0,1906.9053078120778,0.0,0.0,967.23,0.0,186.2,0,246.3353078120777,0.0,2814,-246.33530781207782
Data,2043,0.0,0.0,2017.5375341613117,0.0,0.0,966.11,0.0,186.2,0,251.8475341613117,0.0,2918,-251.84753416131167
Data,2044,0.0,0.0,2726.842005590152,0.0,0.0,975.05,0.0,189.4,0,834.292005590152,0.0,3057,-834.2920055901519
Data,2045,0.0,0.0,2382.868523207748,0.0,0.0,973.94,0.0,186.2,0,485.0085232077479,0.0,3058,-485.0085232077478
Data,2046,-0.0,0.0,2065.3441100498344,0.0,0.0,963.87,0.0,186.2,0,306.41411004983416,0.0,2909,-306.4141100498344
Data,2047,-0.0,0.0,1559.0388571570697,0.0,0.0,951.57,0.0,35.2,0,-267.19114284293033,0.0,2813,267.1911428429302
Data,2048,-0.0,0.0,1463.0868417665226,0.0,0.0,918.03,0.0,35.2,0,-397.6831582334777,0.0,2814,397.6831582334774
Data,2049,-0.0,0.0,1925.5954530229264,0.0,0.0,904.61,0.0,35.2,0,-27.59454697707366,0.0,2893,27.594546977073534
Data,2050,-0.0,0.0,2229.7473462839175,0.0,0.0,938.15,0.0,35.2,0,36.097346283917396,0.0,3167,-36.0973462839175
Data,2051,-0.0,0.0,2389.0721707305443,0.0,0.0,904.61,0.0,35.2,0,36.88217073054384,0.0,3292,-36.882170730544274
Data,2052,-0.0,0.0,2203.9605854624156,0.0,0.0,876.65,0.0,35.2,0,-223.1894145375845,0.0,3339,223.18941453758447
Data,2053,-0.0,0.0,2244.7381712784822,0.0,0.0,865.47,0.0,35.2,0,-127.5918287215174,0.0,3273,127.59182872151773
Data,2054,-0.0,0.0,2472.1810620224874,0.0,0.0,877.77,0.0,35.2,0,54.15106202248681,0.0,3331,-54.15106202248735
Data,2055,-0.0,0.0,2383.636348654649,0.0,0.0,881.13,0.0,35.2,0,39.96634865464834,0.0,3260,-39.966348654648826
Data,2056,-0.0,0.0,2889.3780789150437,0.0,0.0,869.95,0.0,35.2,0,525.5280789150431,0.0,3269,-525.5280789150438
Data,2057,-0.0,0.0,2586.6928626806084,0.0,0.0,868.83,0.0,38.4,0,108.92286268060839,0.0,3385,-108.92286268060846
Data,2058,-0.0,0.0,2890.8033160927075,0.0,0.0,881.13,0.0,38.4,0,412.33331609270743,0.0,3398,-412.3333160927075
Data,2059,-0.0,0.0,3287.921668414075,0.0,0.0,902.37,0.0,38.4,0,869.6916684140749,0.0,3359,-869.6916684140751
Data,2060,-0.0,0.0,3172.1285805431594,0.0,0.0,952.69,0.0,189.4,0,881.2185805431593,0.0,3433,-881.2185805431594
Data,2061,0.0,0.0,3140.5678403236425,0.0,0.0,945.98,0.0,189.4,0,968.9478403236426,0.0,3307,-968.9478403236425
Data,2062,0.0,0.0,3040.3407469245194,0.0,0.0,873.3,0.0,189.4,0,958.0407469245188,0.0,3145,-958.0407469245193
Data,2063,0.0,0.0,2932.439302549522,0.0,0.0,867.71,0.0,189.4,0,942.549302549522,0.0,3047,-942.5493025495219
Data,2064,0.0,0.0,2923.6221208075426,0.0,0.0,856.53,0.0,192.6,0,1034.7521208075425,0.0,2938,-1034.7521208075425
Data,2065,0.0,0.0,2992.4758515043472,0.0,0.0,822.98,0.0,186.2,0,1200.6558515043466,0.0,2801,-1200.6558515043473
Data,2066,0.0,0.0,3259.6499059550097,0.0,0.0,834.16,0.0,186.2,0,1472.0099059550093,0.0,2808,-1472.0099059550096
Data,2067,0.0,0.0,3329.5943442428916,0.0,0.0,896.78,0.0,186.2,0,1469.5743442428914,0.0,2943,-1469.5743442428916
Data,2068,0.0,0.0,3144.3872496513377,0.0,0.0,873.3,0.0,186.2,0,1153.8872496513377,0.0,3050,-1153.8872496513377
Data,2069,0.0,0.0,2923.4131035785017,0.0,0.0,869.95,0.0,189.4,0,974.7631035785017,0.0,3008,-974.7631035785017
Data,2070,-0.0,0.0,2733.0428997000263,0.0,0.0,859.88,0.0,186.2,0,824.1228997000262,0.0,2955,-824.1228997000262
Data,2071,-0.0,0.0,2768.419408943391,0.0,0.0,808.45,0.0,35.2,0,797.0694089433905,0.0,2815,-797.069408943391
Data,2072,-0.0,0.0,2911.733042043113,0.0,0.0,802.85,0.0,35.2,0,966.7830420431126,0.0,2783,-966.7830420431131
Data,2073,-0.0,0.0,2678.842910050844,0.0,0.0,799.5,0.0,35.2,0,542.5429100508436,0.0,2971,-542.5429100508438
Data,2074,-0.0,0.0,2818.850688085466,0.0,0.0,807.33,0.0,35.2,0,582.3806880854656,0.0,3079,-582.3806880854662
Data,2075,-0.0,0.0,3114.9576609888445,0.0,0.0,800.62,0.0,35.2,0,818.7776609888442,0.0,3132,-818.7776609888446
Data,2076,-0.0,0.0,3346.520910042515,0.0,0.0,799.5,0.0,35.2,0,1007.2209100425148,0.0,3174,-1007.220910042515
Data,2077,-0.0,0.0,3124.8569516269076,0.0,0.0,783.85,0.0,35.2,0,756.9069516269071,0.0,3187,-756.9069516269077
Data,2078,-0.0,0.0,3692.842854592638,0.0,0.0,796.15,0.0,35.2,0,1335.1928545926382,0.0,3189,-1335.192854592638
Data,2079,-0.0,0.0,3344.3037604143524,0.0,0.0,793.91,0.0,35.2,0,1052.413760414352,0.0,3121,-1052.4137604143523
Data,2080,-0.0,0.0,2413.5082101039216,0.0,0.0,791.67,0.0,32.0,0,92.17821010392154,0.0,3145,-92.17821010392151
Data,2081,-0.0,0.0,2113.0746283930957,0.0,0.0,859.88,0.0,38.4,0,-256.6453716069043,0.0,3268,256.6453716069043
Data,2082,-0.0,0.0,3491.3725821917274,0.0,0.0,909.08,0.0,369.4685,0,1395.9210821917272,0.0,3374,-1395.9210821917275
Data,2083,-0.0,0.0,2467.057522121776,0.0,0.0,945.98,0.0,540.4,0,523.4375221217763,0.0,3430,-523.4375221217759
Data,2084,-0.0,0.0,2489.3631785729863,0.0,0.0,938.15,0.0,540.4,0,484.91317857298634,0.0,3483,-484.9131785729862
Data,2085,0.0,0.0,2448.938061256952,0.0,0.0,867.71,0.0,540.4,0,462.04806125695205,0.0,3395,-462.0480612569521
Data,2086,0.0,0.0,2301.215374606725,0.0,0.0,871.06,0.0,543.6,0,510.87537460672525,0.0,3205,-510.87537460672513
Data,2087,0.0,0.0,2268.6152574071234,0.0,0.0,837.52,0.0,540.4,0,666.5352574071238,0.0,2980,-666.5352574071234
Data,2088,0.0,0.0,2080.729360085723,0.0,0.0,802.85,0.0,540.4,0,568.9793600857229,0.0,2855,-568.9793600857229
Data,2089,0.0,0.0,2364.7885187618003,0.0,0.0,769.31,0.0,537.2,0,991.2985187618002,0.0,2680,-991.2985187618003
Data,2090,0.0,0.0,2367.448131307377,0.0,0.0,830.81,0.0,347.1039,0,845.3620313073767,0.0,2700,-845.362031307377
Data,2091,0.0,0.0,1987.7527072716196,0.0,0.0,843.11,0.0,537.2,0,540.0627072716195,0.0,2828,-540.0627072716196
Data,2092,0.0,0.0,1586.415026196867,0.0,0.0,853.17,0.0,537.2,0,26.785026196866937,0.0,2950,-26.78502619686708
Data,2093,0.0,0.0,1736.9919895186154,0.0,0.0,862.12,0.0,239.2043,0,-167.6837104813849,0.0,3006,167.68371048138465
Data,2094,-0.0,0.0,1710.0404175402193,0.0,0.0,866.59,0.0,186.2,0,-195.16958245978086,0.0,2958,195.16958245978066
Data,2095,-0.0,0.0,1781.713653034097,0.0,0.0,796.15,0.0,186.2,0,-224.9363469659031,0.0,2989,224.93634696590306
Data,2096,-0.0,0.0,1665.6926924065986,0.0,0.0,782.73,0.0,186.2,0,-461.3773075934017,0.0,3096,461.37730759340144
Data,2097,-0.0,0.0,1239.7058396536922,0.0,0.0,782.73,0.0,204.9463,0,-1149.6178603463077,0.0,3377,1149.6178603463077
Data,2098,-0.0,0.0,1435.5431485809634,0.0,0.0,795.03,0.0,189.4,0,-1142.0268514190363,0.0,3562,1142.0268514190366
Data,2099,-0.0,0.0,1945.526383296139,0.0,0.0,835.28,0.0,186.2,0,-577.9936167038612,0.0,3545,577.9936167038609
Data,2100,-0.0,0.0,2164.979460985831,0.0,0.0,863.24,0.0,537.2,0,-56.580539014169574,0.0,3622,56.58053901416906
Data,2101,-0.0,0.0,2329.6840614000457,0.0,0.0,830.81,0.0,186.2,0,-143.30593859995452,0.0,3490,143.30593859995435
Data,2102,-0.0,0.0,2477.221420562929,0.0,0.0,850.94,0.0,186.2,0,-144.63857943707114,0.0,3659,144.6385794370711
Data,2103,-0.0,0.0,2794.3636655062246,0.0,0.0,852.05,0.0,186.2,0,171.6136655062246,0.0,3661,-171.61366550622455
Data,2104,-0.0,0.0,2742.2984602782885,0.0,0.0,920.26,0.0,537.2,0,587.7584602782883,0.0,3612,-587.7584602782886
Data,2105,-0.0,0.0,2636.6136428703808,0.0,0.0,962.75,0.0,540.4,0,453.7636428703808,0.0,3686,-453.76364287038075
Data,2106,-0.0,0.0,2503.704862710289,0.0,0.0,982.88,0.0,540.4,0,432.984862710289,0.0,3594,-432.984862710289
Data,2107,-0.0,0.0,2251.2001323805835,0.0,0.0,991.83,0.0,540.4,0,249.4301323805834,0.0,3534,-249.43013238058347
Data,2108,-0.0,0.0,2299.5148830670273,0.0,0.0,999.65,0.0,543.6,0,292.76488306702765,0.0,3550,-292.7648830670273
Data,2109,0.0,0.0,2191.2770712029696,0.0,0.0,1001.89,0.0,540.4,0,331.56707120296966,0.0,3402,-331.5670712029696
Data,2110,0.0,0.0,2142.1316216557507,0.0,0.0,925.85,0.0,540.4,0,395.3816216557509,0.0,3213,-395.3816216557507
Data,2111,0.0,0.0,2173.352965505644,0.0,0.0,909.08,0.0,543.6,0,626.032965505644,0.0,3000,-626.0329655056441
Data,2112,0.0,0.0,2070.8056952811858,0.0,0.0,915.79,0.0,540.4,0,686.9956952811858,0.0,2840,-686.9956952811857
Data,2113,0.0,0.0,1823.2491241079683,0.0,0.0,904.61,0.0,537.2,0,543.0591241079682,0.0,2722,-543.0591241079684
Data,2114,0.0,0.0,1727.8621888926366,0.0,0.0,956.05,0.0,540.4,0,498.31218889263664,0.0,2726,-498.3121888926365
Data,2115,0.0,0.0,1748.3241797184926,0.0,0.0,960.52,0.0,537.2,0,408.04417971849216,0.0,2838,-408.0441797184926
Data,2116,0.0,0.0,1804.845843005692,0.0,0.0,981.76,0.0,540.4,0,330.00584300569193,0.0,2997,-330.0058430056919
Data,2117,0.0,0.0,1771.6816345997206,0.0,0.0,988.47,0.0,537.2,0,312.35163459972034,0.0,2985,-312.3516345997207
Data,2118,-0.0,0.0,1745.7618703021562,0.0,0.0,944.86,0.0,540.4,0,307.0218703021564,0.0,2924,-307.02187030215623
Data,2119,-0.0,0.0,2022.6426622449699,0.0,0.0,897.9,0.0,537.2,0,565.7426622449698,0.0,2892,-565.7426622449699
Data,2120,-0.0,0.0,2366.7444798681836,0.0,0.0,901.25,0.0,186.2,0,439.1944798681834,0.0,3015,-439.1944798681836
Data,2121,-0.0,0.0,2451.7066046366135,0.0,0.0,897.9,0.0,540.4,0,540.0066046366139,0.0,3350,-540.0066046366135
Data,2122,-0.0,0.0,2026.5122045540854,0.0,0.0,903.49,0.0,186.2,0,-559.7977954459149,0.0,3676,559.7977954459145
Data,2123,-0.0,0.0,1961.5946648842348,0.0,0.0,911.32,0.0,186.2,0,-612.8853351157651,0.0,3672,612.8853351157652
Data,2124,-0.0,0.0,1883.5440037407704,0.0,0.0,914.67,0.0,537.2,0,-447.58599625922983,0.0,3783,447.58599625922955
Data,2125,-0.0,0.0,2090.955154603991,0.0,0.0,907.96,0.0,186.2,0,-369.88484539600927,0.0,3555,369.88484539600887
Data,2126,-0.0,0.0,2593.076848575549,0.0,0.0,918.03,0.0,537.2,0,340.30684857554826,0.0,3708,-340.3068485755489
Data,2127,-0.0,0.0,2735.0760622604253,0.0,0.0,913.55,0.0,189.4,0,142.02606226042525,0.0,3696,-142.02606226042522
Data,2128,-0.0,0.0,2805.8570931836052,0.0,0.0,939.27,0.0,186.2,0,311.327093183605,0.0,3620,-311.3270931836052
Data,2129,-0.0,0.0,2580.9212207435353,0.0,0.0,960.52,0.0,189.4,0,66.84122074353513,0.0,3664,-66.84122074353527
Data,2130,-0.0,0.0,2845.161389739961,0.0,0.0,960.52,0.0,189.4,0,366.0813897399612,0.0,3629,-366.0813897399611
Data,2131,-0.0,0.0,3045.7938540346604,0.0,0.0,970.58,0.0,189.4,0,623.7738540346604,0.0,3582,-623.7738540346604
Data,2132,-0.0,0.0,3378.552826701075,0.0,0.0,976.17,0.0,189.4,0,963.1228267010749,0.0,3581,-963.1228267010749
Data,2133,-0.0,0.0,3368.7527430095397,0.0,0.0,984.0,0.0,189.4,0,1179.1527430095396,0.0,3363,-1179.1527430095398
Data,2134,0.0,0.0,3085.4615083927793,0.0,0.0,988.47,0.0,189.4,0,1103.3315083927791,0.0,3160,-1103.3315083927794
Data,2135,0.0,0.0,2907.158673416736,0.0,0.0,994.06,0.0,189.4,0,1047.6186734167356,0.0,3043,-1047.6186734167359
Data,2136,0.0,0.0,3199.4462807248983,0.0,0.0,1008.6,0.0,186.2,0,1466.2462807248976,0.0,2928,-1466.2462807248983
Data,2137,0.0,0.0,3562.7977328673423,0.0,0.0,1004.13,0.0,35.2,0,1783.127732867342,0.0,2819,-1783.1277328673423
Data,2138,0.0,0.0,3041.8265301933693,0.0,0.0,1013.07,0.0,35.2,0,1314.096530193369,0.0,2776,-1314.0965301933693
Data,2139,0.0,0.0,3330.5051069751494,0.0,0.0,1019.78,0.0,35.2,0,1497.485106975149,0.0,2888,-1497.4851069751494
Data,2140,0.0,0.0,3537.274500065933,0.0,0.0,1023.14,0.0,32.0,0,1546.4145000659325,0.0,3046,-1546.4145000659328
Data,2141,0.0,0.0,3448.3444788105867,0.0,0.0,1022.02,0.0,35.2,0,1401.5644788105863,0.0,3104,-1401.5644788105867
Data,2142,-0.0,0.0,3618.18254965392,0.0,0.0,1023.14,0.0,35.2,0,1590.5225496539192,0.0,3086,-1590.52254965392
Data,2143,-0.0,0.0,3958.8947503817562,0.0,0.0,1010.84,0.0,35.2,0,1914.934750381756,0.0,3090,-1914.9347503817562
Data,2144,-0.0,0.0,3113.947158248962,0.0,0.0,998.54,0.0,35.2,0,959.6871582489612,0.0,3188,-959.6871582489619
Data,2145,-0.0,0.0,3396.0798822232605,0.0,0.0,999.65,0.0,32.0,0,908.7298822232603,0.0,3519,-908.7298822232605
Data,2146,-0.0,0.0,2793.221800099217,0.0,0.0,994.06,0.0,35.2,0,148.48180009921643,0.0,3674,-148.48180009921697
Data,2147,-0.0,0.0,2429.2288358312585,0.0,0.0,1009.72,0.0,38.4,0,-227.65116416874127,0.0,3705,227.65116416874147
Data,2148,-0.0,0.0,2317.156714414387,0.0,0.0,1017.55,0.0,35.2,0,-347.09328558561316,0.0,3717,347.09328558561316
Data,2149,-0.0,0.0,2383.7444420669694,0.0,0.0,1003.01,0.0,35.2,0,-106.04555793303095,0.0,3528,106.04555793303057
Data,2150,-0.0,0.0,2300.688275520186,0.0,0.0,1010.84,0.0,35.2,0,-357.271724479814,0.0,3704,357.27172447981405
Data,2151,-0.0,0.0,2530.1100517667214,0.0,0.0,1014.19,0.0,35.2,0,-127.49994823327853,0.0,3707,127.49994823327852
Data,2152,-0.0,0.0,2667.102194550766,0.0,0.0,1018.66,0.0,38.4,0,56.16219455076566,0.0,3668,-56.16219455076591
Data,2153,-0.0,0.0,2823.976877642056,0.0,0.0,1015.31,0.0,540.4,0,697.6868776420563,0.0,3682,-697.686877642056
Data,2154,-0.0,0.0,2796.826555488359,0.0,0.0,1015.31,0.0,422.1615,0,580.2980554883593,0.0,3654,-580.2980554883591
Data,2155,-0.0,0.0,2488.622932794331,0.0,0.0,1014.19,0.0,540.4,0,425.21293279433115,0.0,3618,-425.2129327943311
Data,2156,-0.0,0.0,2252.229444830101,0.0,0.0,1013.07,0.0,543.6,0,224.89944483010112,0.0,3584,-224.89944483010095
Data,2157,-0.0,0.0,2397.200525517202,0.0,0.0,1007.48,0.0,291.3196,0,289.00012551720204,0.0,3407,-289.0001255172021
Data,2158,0.0,0.0,2318.456110469923,0.0,0.0,1007.48,0.0,189.4,0,313.3361104699227,0.0,3202,-313.3361104699228
Data,2159,0.0,0.0,2899.9890234028803,0.0,0.0,1009.72,0.0,189.4,0,1042.1090234028804,0.0,3057,-1042.1090234028804
Data,2160,0.0,0.0,3081.3550417695856,0.0,0.0,1017.55,0.0,192.6,0,1399.5050417695854,0.0,2892,-1399.5050417695854
Data,2161,0.0,0.0,2706.047217054789,0.0,0.0,1013.07,0.0,186.2,0,1173.317217054789,0.0,2732,-1173.3172170547891
Data,2162,0.0,0.0,2764.745262759927,0.0,0.0,1018.66,0.0,186.2,0,1234.6052627599265,0.0,2735,-1234.6052627599267
Data,2163,0.0,0.0,2576.168317968646,0.0,0.0,1014.19,0.0,189.4,0,912.7583179686465,0.0,2867,-912.7583179686461
Data,2164,0.0,0.0,2230.425036905497,0.0,0.0,1017.55,0.0,537.2,0,770.175036905497,0.0,3015,-770.1750369054971
Data,2165,0.0,0.0,2395.791903974452,0.0,0.0,1015.31,0.0,537.2,0,922.3019039744516,0.0,3026,-922.301903974452
Data,2166,-0.0,0.0,2274.9418369058812,0.0,0.0,1018.66,0.0,189.4,0,491.00183690588125,0.0,2992,-491.0018369058812
Data,2167,-0.0,0.0,2395.5680970194517,0.0,0.0,1009.72,0.0,186.2,0,617.4880970194517,0.0,2974,-617.4880970194517
Data,2168,-0.0,0.0,2607.9503762998556,0.0,0.0,1005.25,0.0,186.2,0,769.4003762998552,0.0,3030,-769.4003762998557
Data,2169,-0.0,0.0,2627.821363563952,0.0,0.0,997.42,0.0,540.4,0,920.6413635639523,0.0,3245,-920.6413635639522
Data,2170,-0.0,0.0,2523.5764152204356,0.0,0.0,994.06,0.0,186.2,0,300.83641522043547,0.0,3403,-300.8364152204355
Data,2171,-0.0,0.0,3205.382434510089,0.0,0.0,996.3,0.0,537.2,0,1277.8824345100888,0.0,3461,-1277.8824345100888
Data,2172,-0.0,0.0,3370.545702211776,0.0,0.0,1015.31,0.0,537.2,0,1434.055702211776,0.0,3489,-1434.0557022117762
Data,2173,-0.0,0.0,3623.489246475252,0.0,0.0,990.71,0.0,534.0,0,1839.199246475252,0.0,3309,-1839.199246475252
Data,2174,-0.0,0.0,3174.974205707552,0.0,0.0,1011.95,0.0,186.2,0,844.1242057075514,0.0,3529,-844.1242057075519
Data,2175,-0.0,0.0,2993.634460506052,0.0,0.0,1024.25,0.0,537.2,0,1036.084460506052,0.0,3519,-1036.0844605060522
Data,2176,-0.0,0.0,2565.7810819468523,0.0,0.0,1041.03,0.0,534.0,0,608.811081946852,0.0,3532,-608.8110819468523
Data,2177,-0.0,0.0,2855.430027939452,0.0,0.0,1037.67,0.0,537.2,0,853.3000279394518,0.0,3577,-853.3000279394521
Data,2178,-0.0,0.0,2587.0832813281518,0.0,0.0,1038.79,0.0,537.2,0,610.0732813281516,0.0,3553,-610.0732813281518
Data,2179,-0.0,0.0,2355.1443571962445,0.0,0.0,1041.03,0.0,537.2,0,414.37435719624426,0.0,3519,-414.37435719624455
Data,2180,-0.0,0.0,2438.391283977552,0.0,0.0,1039.91,0.0,537.2,0,482.50128397755185,0.0,3533,-482.50128397755225
Data,2181,0.0,0.0,2702.376522926977,0.0,0.0,1036.55,0.0,540.4,0,917.3265229269768,0.0,3362,-917.326522926977
Data,2182,0.0,0.0,3020.282284301452,0.0,0.0,1006.36,0.0,537.2,0,1395.8422843014519,0.0,3168,-1395.8422843014519
Data,2183,0.0,0.0,2735.3808317451053,0.0,0.0,994.06,0.0,537.2,0,1183.6408317451053,0.0,3083,-1183.6408317451053
Data,2184,0.0,0.0,3102.033870516352,0.0,0.0,987.35,0.0,537.2,0,1706.583870516352,0.0,2920,-1706.5838705163524
Data,2185,0.0,0.0,3102.011716147352,0.0,0.0,980.65,0.0,537.2,0,1852.8617161473521,0.0,2767,-1852.8617161473521
Data,2186,0.0,0.0,2994.7123583897524,0.0,0.0,985.12,0.0,537.2,0,1781.032358389752,0.0,2736,-1781.0323583897525
Data,2187,0.0,0.0,2966.6605367138454,0.0,0.0,985.12,0.0,534.0,0,1600.7805367138453,0.0,2885,-1600.7805367138453
Data,2188,0.0,0.0,2841.013335046745,0.0,0.0,986.24,0.0,537.2,0,1335.453335046745,0.0,3029,-1335.453335046745
Data,2189,0.0,0.0,2305.5855678003913,0.0,0.0,985.12,0.0,534.0,0,762.7055678003911,0.0,3062,-762.7055678003913
Data,2190,-0.0,0.0,1917.7684401766924,0.0,0.0,977.29,0.0,540.4,0,453.45844017669265,0.0,2982,-453.4584401766923
Data,2191,-0.0,0.0,1489.1000945140513,0.0,0.0,930.33,0.0,186.2,0,-326.36990548594906,0.0,2932,326.36990548594866
Data,2192,-0.0,0.0,1057.286430488636,0.0,0.0,926.97,0.0,189.4,0,-838.3435695113637,0.0,3012,838.3435695113641
Data,2193,-0.0,0.0,1039.971048618903,0.0,0.0,915.79,0.0,537.2,0,-837.038951381097,0.0,3330,837.0389513810969
Data,2194,-0.0,0.0,1023.2567322451179,0.0,0.0,911.32,0.0,437.0622,0,-1160.361067754882,0.0,3532,1160.361067754882
Data,2195,-0.0,0.0,1078.277159226112,0.0,0.0,916.91,0.0,502.0,0,-1052.8128407738884,0.0,3550,1052.8128407738882
Data,2196,-0.0,0.0,1035.787518035027,0.0,0.0,919.15,0.0,502.0,0,-1107.062481964973,0.0,3564,1107.062481964973
Data,2197,-0.0,0.0,1136.612149041496,0.0,0.0,914.67,0.0,502.0,0,-859.717850958504,0.0,3413,859.7178509585041
Data,2198,-0.0,0.0,1125.9639066054501,0.0,0.0,925.85,0.0,502.0,0,-993.18609339455,0.0,3547,993.1860933945499
Data,2199,-0.0,0.0,1684.8062315494128,0.0,0.0,937.04,0.0,502.0,0,-435.15376845058717,0.0,3559,435.1537684505872
Data,2200,-0.0,0.0,1394.244101873966,0.0,0.0,938.15,0.0,502.0,0,-743.6058981260338,0.0,3578,743.605898126034
Data,2201,-0.0,0.0,1218.0108753144734,-0.0,0.0,945.98,0.0,502.0,0,-1012.0091246855266,0.0,3678,1012.0091246855266
Data,2202,-0.0,0.0,1417.6776701524002,0.0,0.0,991.83,0.0,502.0,0,-698.4923298476,0.0,3610,698.4923298475998
Data,2203,-0.0,0.0,1213.1524372510203,0.0,0.0,988.47,0.0,502.0,0,-838.3775627489795,0.0,3542,838.3775627489797
Data,2204,-0.0,0.0,973.6312811729248,-0.0,0.0,986.24,0.0,502.0,0,-1076.1287188270753,0.0,3538,1076.1287188270753
Data,2205,-0.0,0.0,1101.8182146879235,0.0,0.0,985.12,0.0,502.0,0,-800.0617853120766,0.0,3389,800.0617853120765
Data,2206,0.0,0.0,1010.6742723661532,0.0,0.0,978.41,0.0,502.0,0,-698.9157276338469,0.0,3190,698.9157276338468
Data,2207,0.0,0.0,881.5935539426,0.0,0.0,920.26,0.0,502.0,0,-740.1464460574,0.0,3044,740.1464460574
Data,2208,0.0,0.0,933.2314034625999,0.0,0.0,924.74,0.0,502.0,0,-570.0285965374001,0.0,2930,570.0285965374001
Data,2209,0.0,0.0,1101.217612688785,0.0,0.0,913.55,0.0,502.0,0,-312.232387311215,0.0,2829,312.232387311215
Data,2210,0.0,0.0,1230.8905666728945,0.0,0.0,905.73,0.0,502.0,0,-148.37943332710552,0.0,2787,148.37943332710552
Data,2211,0.0,0.0,1939.813955087812,0.0,0.0,901.25,0.0,502.0,0,454.063955087812,0.0,2889,-454.063955087812
Data,2212,0.0,0.0,2117.4817916374186,0.0,0.0,950.45,0.0,502.0,0,493.93179163741866,0.0,3076,-493.93179163741866
Data,2213,0.0,0.0,2606.8654641480953,0.0,0.0,953.81,0.0,502.0,0,999.6754641480954,0.0,3063,-999.6754641480952
Data,2214,-0.0,0.0,2860.405185178516,0.0,0.0,905.73,0.0,502.0,0,1320.1351851785162,0.0,2948,-1320.1351851785162
Data,2215,-0.0,0.0,2088.141710851185,0.0,0.0,899.02,0.0,502.0,0,647.161710851185,0.0,2842,-647.161710851185
Data,2216,-0.0,0.0,1721.6598006325382,0.0,0.0,894.55,0.0,151.0,0,-128.79019936746198,0.0,2896,128.7901993674618
Data,2217,-0.0,0.0,1538.204072984021,0.0,0.0,887.84,0.0,151.0,0,-466.9559270159788,0.0,3044,466.955927015979
Data,2218,-0.0,0.0,1715.226156285911,0.0,0.0,883.36,0.0,151.0,0,-416.41384371408844,0.0,3166,416.413843714089
Data,2219,-0.0,0.0,1785.0959794105588,0.0,0.0,886.72,0.0,151.0,0,-332.18402058944076,0.0,3155,332.18402058944116
Data,2220,-0.0,0.0,1672.7883627116275,0.0,0.0,884.48,0.0,151.0,0,-484.73163728837227,0.0,3193,484.73163728837244
Data,2221,-0.0,0.0,1613.6471871300982,0.0,0.0,854.29,0.0,151.0,0,-533.0628128699017,0.0,3152,533.0628128699018
Data,2222,-0.0,0.0,1569.6695823179193,0.0,0.0,863.24,0.0,151.0,0,-683.0904176820806,0.0,3267,683.0904176820807
Data,2223,-0.0,0.0,1629.4369756009494,0.0,0.0,863.24,0.0,151.0,0,-695.3230243990505,0.0,3339,695.3230243990506
Data,2224,-0.0,0.0,1583.9858935057448,0.0,0.0,865.47,0.0,151.0,0,-740.544106494255,0.0,3341,740.5441064942552
Data,2225,-0.0,0.0,1272.3955423866362,0.0,0.0,861.0,0.0,502.0,0,-777.6044576133637,0.0,3413,777.6044576133638
Data,2226,-0.0,0.0,2540.715972453886,0.0,0.0,924.74,0.0,502.0,0,594.4559724538861,0.0,3373,-594.455972453886
Data,2227,-0.0,0.0,2578.9743113097893,0.0,0.0,942.63,0.0,502.0,0,636.6043113097891,0.0,3387,-636.6043113097893
Data,2228,-0.0,0.0,2497.535815665182,0.0,0.0,939.27,0.0,502.0,0,459.8058156651819,0.0,3479,-459.80581566518185
Data,2229,-0.0,0.0,2491.151112475203,0.0,0.0,941.51,0.0,502.0,0,601.6611124752027,0.0,3333,-601.6611124752028
Data,2230,0.0,0.0,2511.298454227621,0.0,0.0,871.06,0.0,502.0,0,715.3584542276207,0.0,3169,-715.3584542276208
Data,2231,0.0,0.0,2841.7337137026448,0.0,0.0,868.83,0.0,502.0,0,1175.5637137026447,0.0,3037,-1175.5637137026447
Data,2232,0.0,0.0,2907.406402049962,0.0,0.0,843.11,0.0,502.0,0,1288.5164020499617,0.0,2964,-1288.516402049962
Data,2233,0.0,0.0,3077.205081179037,0.0,0.0,836.4,0.0,502.0,0,1577.605081179037,0.0,2838,-1577.605081179037
Data,2234,0.0,0.0,3178.209155979851,0.0,0.0,837.52,0.0,502.0,0,1708.7291559798512,0.0,2809,-1708.729155979851
Data,2235,0.0,0.0,3302.568320572568,0.0,0.0,839.75,0.0,502.0,0,1725.3183205725682,0.0,2919,-1725.3183205725682
Data,2236,0.0,0.0,3446.3646685225776,0.0,0.0,903.49,0.0,502.0,0,1805.8546685225779,0.0,3046,-1805.8546685225776
Data,2237,0.0,0.0,3465.191682388114,0.0,0.0,932.56,0.0,502.0,0,1896.751682388114,0.0,3003,-1896.7516823881137
Data,2238,-0.0,0.0,3665.547600088083,0.0,0.0,939.27,0.0,502.0,0,2235.817600088083,0.0,2871,-2235.817600088083
Data,2239,-0.0,0.0,3414.8422262740596,0.0,0.0,881.13,0.0,502.0,0,2017.97222627406,0.0,2780,-2017.9722262740597
Data,2240,-0.0,0.0,2160.426279609189,0.0,0.0,858.76,0.0,502.0,0,727.186279609189,0.0,2794,-727.1862796091889
Data,2241,-0.0,0.0,1967.4758100141687,0.0,0.0,827.45,0.0,502.0,0,340.92581001416863,0.0,2956,-340.92581001416875
Data,2242,-0.0,0.0,1797.2507184977994,0.0,0.0,808.45,0.0,502.0,0,-91.29928150220056,0.0,3199,91.29928150220053
Data,2243,-0.0,0.0,1502.8899949235652,0.0,0.0,801.74,0.0,502.0,0,-459.3700050764349,0.0,3266,459.37000507643484
Data,2244,-0.0,0.0,1709.496746053516,0.0,0.0,803.97,0.0,502.0,0,-338.5332539464838,0.0,3354,338.5332539464839
Data,2245,-0.0,0.0,2524.5524591427,0.0,0.0,795.03,0.0,502.0,0,405.5824591426999,0.0,3416,-405.58245914270015
Data,2246,-0.0,0.0,1827.4416122789241,0.0,0.0,808.45,0.0,151.0,0,-617.1083877210763,0.0,3404,617.1083877210758
Data,2247,-0.0,0.0,2593.701021142218,0.0,0.0,834.16,0.0,151.0,0,140.8610211422183,0.0,3438,-140.86102114221796
Data,2248,-0.0,0.0,3077.7571548118826,0.0,0.0,829.69,0.0,502.0,0,892.4471548118826,0.0,3517,-892.4471548118827
Data,2249,-0.0,0.0,3070.3599337506066,0.0,0.0,862.12,0.0,502.0,0,743.4799337506063,0.0,3691,-743.4799337506066
Data,2250,-0.0,0.0,3222.779051013915,0.0,0.0,903.49,0.0,502.0,0,878.2690510139149,0.0,3750,-878.2690510139148
Data,2251,-0.0,0.0,2706.695766962519,0.0,0.0,899.02,0.0,502.0,0,390.71576696251907,0.0,3717,-390.71576696251896
Data,2252,-0.0,0.0,2550.8204341773776,0.0,0.0,909.08,0.0,502.0,0,176.90043417737743,0.0,3785,-176.90043417737763
Data,2253,-0.0,0.0,3167.2678315979524,0.0,0.0,904.61,0.0,502.0,0,915.8778315979524,0.0,3658,-915.8778315979524
Data,2254,0.0,0.0,2720.757891987879,0.0,0.0,824.1,0.0,502.0,0,625.8578919878786,0.0,3421,-625.8578919878788
Data,2255,0.0,0.0,2495.1373440571624,0.0,0.0,821.86,0.0,502.0,0,651.9973440571626,0.0,3167,-651.9973440571624
Data,2256,0.0,0.0,2483.7714507496567,0.0,0.0,826.34,0.0,502.0,0,832.1114507496565,0.0,2980,-832.1114507496567
Data,2257,0.0,0.0,2665.5001981834675,0.0,0.0,811.8,0.0,502.0,0,1186.3001981834677,0.0,2793,-1186.3001981834675
Data,2258,0.0,0.0,2132.6536058015604,0.0,0.0,836.4,0.0,502.0,0,732.0536058015607,0.0,2739,-732.0536058015604
Data,2259,0.0,0.0,2478.059475015874,0.0,0.0,837.52,0.0,502.0,0,953.5794750158741,0.0,2864,-953.5794750158739
Data,2260,0.0,0.0,1774.4801392955815,0.0,0.0,886.72,0.0,502.0,0,143.20013929558152,0.0,3020,-143.2001392955815
Data,2261,0.0,0.0,1649.4662416410483,0.0,0.0,874.42,0.0,502.0,0,21.886241641048542,0.0,3004,-21.886241641048287
Data,2262,-0.0,0.0,2193.8327179948747,0.0,0.0,791.67,0.0,502.0,0,558.5027179948745,0.0,2929,-558.5027179948746
Data,2263,-0.0,0.0,2307.2581550108293,0.0,0.0,791.67,0.0,502.0,0,634.9281550108296,0.0,2966,-634.9281550108293
Data,2264,-0.0,0.0,1722.8152068293675,0.0,0.0,787.2,0.0,502.0,0,-123.98479317063249,0.0,3136,123.98479317063243
Data,2265,-0.0,0.0,1370.8607200346096,0.0,0.0,818.51,0.0,502.0,0,-930.6292799653903,0.0,3622,930.6292799653904
Data,2266,-0.0,0.0,1342.605658882231,0.0,0.0,763.72,0.0,502.0,0,-1372.6743411177688,0.0,3981,1372.674341117769
Data,2267,-0.0,0.0,1523.6478056318595,0.0,0.0,742.47,0.0,502.0,0,-1357.8821943681403,0.0,4126,1357.8821943681405
Data,2268,-0.0,0.0,1452.3408030862283,0.0,0.0,748.06,0.0,502.0,0,-1505.5991969137717,0.0,4208,1505.5991969137717
Data,2269,-0.0,0.0,1419.5991126050994,0.0,0.0,740.24,0.0,502.0,0,-1456.1608873949008,0.0,4118,1456.1608873949006
Data,2270,-0.0,0.0,1862.8896675408323,0.0,0.0,736.88,0.0,502.0,0,-1045.2303324591676,0.0,4147,1045.2303324591676
Data,2271,-0.0,0.0,2180.9001680113356,0.0,0.0,753.65,0.0,502.0,0,-677.4498319886645,0.0,4114,677.4498319886644
Data,2272,-0.0,0.0,2136.5219548740424,0.0,0.0,742.47,0.0,502.0,0,-729.0080451259574,0.0,4110,729.0080451259576
Data,2273,-0.0,0.0,2314.875123393072,0.0,0.0,787.2,0.0,502.0,0,-471.9248766069279,0.0,4076,471.9248766069279
Data,2274,-0.0,0.0,2146.0729575747505,0.0,0.0,841.99,0.0,502.0,0,-433.93704242524973,0.0,3924,433.9370424252495
Data,2275,-0.0,0.0,2147.7280305995782,0.0,0.0,840.87,0.0,502.0,0,-327.4019694004219,0.0,3818,327.40196940042176
Data,2276,-0.0,0.0,1336.1691936776224,-0.0,0.0,839.75,0.0,502.0,0,-1125.0808063223776,0.0,3803,1125.0808063223776
Data,2277,-0.0,0.0,1797.12753558031,-0.0,0.0,858.76,0.0,502.0,0,-418.11246441968984,0.0,3576,418.11246441969
Data,2278,0.0,0.0,1982.3545531019206,0.0,0.0,805.09,0.0,502.0,0,-90.55544689807923,0.0,3380,90.55544689807937
Data,2279,0.0,0.0,1296.4314040507106,0.0,0.0,787.2,0.0,502.0,0,-584.3685959492893,0.0,3170,584.3685959492893
Data,2280,0.0,0.0,1397.4706813675275,0.0,0.0,749.18,0.0,502.0,0,-378.3493186324727,0.0,3027,378.34931863247255
Data,2281,0.0,0.0,1601.8825286698545,0.0,0.0,715.64,0.0,502.0,0,-49.47747133014563,0.0,2869,49.47747133014548
Data,2282,0.0,0.0,1350.0972630359006,0.0,0.0,717.87,0.0,502.0,0,-254.03273696409957,0.0,2824,254.0327369640994
Data,2283,0.0,0.0,924.642228232002,0.0,0.0,717.87,0.0,502.0,0,-791.4877717679981,0.0,2936,791.487771767998
Data,2284,0.0,0.0,894.9644347608864,0.0,0.0,776.02,0.0,502.0,0,-939.0155652391136,0.0,3112,939.0155652391136
Data,2285,0.0,0.0,861.9847461681687,0.0,0.0,770.43,0.0,502.0,0,-982.5852538318314,0.0,3117,982.5852538318313
Data,2286,-0.0,0.0,1018.174289603463,0.0,0.0,733.53,0.0,502.0,0,-808.2957103965371,0.0,3062,808.2957103965371
Data,2287,-0.0,0.0,917.9798346831566,0.0,0.0,741.35,0.0,502.0,0,-1004.6701653168435,0.0,3166,1004.6701653168434
Data,2288,-0.0,0.0,971.5889861158,0.0,0.0,716.75,0.0,502.0,0,-1145.6610138842,0.0,3336,1145.6610138842
Data,2289,-0.0,0.0,1019.3570081656001,0.0,0.0,800.62,0.0,502.0,0,-1345.0229918344,0.0,3667,1345.0229918343998
Data,2290,-0.0,0.0,1179.7249326030774,0.0,0.0,764.84,0.0,502.0,0,-1386.4350673969225,0.0,3833,1386.4350673969225
Data,2291,-0.0,0.0,1504.0788492020936,0.0,0.0,761.48,0.0,502.0,0,-1087.4411507979064,0.0,3855,1087.4411507979064
Data,2292,-0.0,0.0,1508.998928546149,0.0,0.0,757.01,0.0,502.0,0,-1080.9910714538507,0.0,3849,1080.991071453851
Data,2293,-0.0,0.0,1493.7564615606045,0.0,0.0,742.47,0.0,502.0,0,-986.7735384393952,0.0,3725,986.7735384393955
Data,2294,-0.0,0.0,1580.2349623854325,0.0,0.0,751.42,0.0,502.0,0,-1045.3450376145674,0.0,3879,1045.3450376145674
Data,2295,-0.0,0.0,1726.9701723547423,0.0,0.0,779.37,0.0,502.0,0,-870.6598276452579,0.0,3879,870.6598276452577
Data,2296,-0.0,0.0,1561.6327917492465,0.0,0.0,783.85,0.0,502.0,0,-1022.5172082507536,0.0,3870,1022.5172082507535
Data,2297,-0.0,0.0,2086.8026053502235,0.0,0.0,795.03,0.0,502.0,0,-598.1673946497766,0.0,3982,598.1673946497765
Data,2298,-0.0,0.0,2576.598132523924,0.0,0.0,821.86,0.0,502.0,0,46.45813252392415,0.0,3854,-46.458132523924064
Data,2299,-0.0,0.0,2647.5030637643104,0.0,0.0,882.25,0.0,502.0,0,284.7530637643106,0.0,3747,-284.75306376431035
Data,2300,-0.0,0.0,2085.765943646352,0.0,0.0,872.18,0.0,502.0,0,-316.0540563536481,0.0,3776,316.0540563536482
Data,2301,0.0,0.0,1723.617545540534,0.0,0.0,865.47,0.0,502.0,0,-520.9124544594658,0.0,3612,520.9124544594661
Data,2302,0.0,0.0,1182.4844911863934,0.0,0.0,808.45,0.0,502.0,0,-888.0655088136068,0.0,3381,888.0655088136066
Data,2303,0.0,0.0,1197.0903125350728,0.0,0.0,745.83,0.0,502.0,0,-729.0796874649272,0.0,3174,729.0796874649271
Data,2304,0.0,0.0,1090.4498985779753,0.0,0.0,742.47,0.0,502.0,0,-693.0801014220247,0.0,3028,693.0801014220247
Data,2305,0.0,0.0,872.6355937195608,0.0,0.0,731.29,0.0,502.0,0,-758.0744062804392,0.0,2864,758.0744062804392
Data,2306,0.0,0.0,872.3031302441741,0.0,0.0,729.05,0.0,502.0,0,-709.646869755826,0.0,2813,709.646869755826
Data,2307,0.0,0.0,944.037026523689,0.0,0.0,744.71,0.0,502.0,0,-733.252973476311,0.0,2924,733.252973476311
Data,2308,0.0,0.0,690.322102663449,0.0,0.0,807.33,0.0,502.0,0,-1069.3478973365511,0.0,3069,1069.347897336551
Data,2309,0.0,0.0,691.6742164375419,0.0,0.0,810.68,0.0,502.0,0,-1085.6457835624583,0.0,3090,1085.6457835624583
Data,2310,-0.0,0.0,675.8039541586866,-0.0,0.0,827.45,0.0,502.0,0,-1041.7460458413136,0.0,3047,1041.7460458413134
Data,2311,-0.0,0.0,732.0526456217242,-0.0,0.0,784.96,0.0,502.0,0,-1087.9873543782758,0.0,3107,1087.9873543782758
Data,2312,-0.0,0.0,923.9777040538443,-0.0,0.0,733.53,0.0,502.0,0,-1119.4922959461558,0.0,3279,1119.4922959461558
Data,2313,-0.0,0.0,1103.9674003013524,0.0,0.0,718.99,0.0,502.0,0,-1348.0425996986478,0.0,3673,1348.0425996986476
Data,2314,-0.0,0.0,1118.656632522114,0.0,0.0,731.29,0.0,502.0,0,-1511.053367477886,0.0,3863,1511.053367477886
Data,2315,-0.0,0.0,1389.8076844855289,0.0,0.0,762.6,0.0,502.0,0,-1218.5923155144712,0.0,3873,1218.592315514471
Data,2316,-0.0,0.0,1144.5062746187855,0.0,0.0,773.78,0.0,502.0,0,-1502.7137253812148,0.0,3923,1502.7137253812145
Data,2317,-0.0,0.0,1464.1713186763989,0.0,0.0,763.72,0.0,502.0,0,-1084.1086813236009,0.0,3814,1084.108681323601
Data,2318,-0.0,0.0,1188.5490305783278,0.0,0.0,768.19,0.0,502.0,0,-1524.2609694216721,0.0,3983,1524.2609694216721
Data,2319,-0.0,0.0,1233.1105342319386,0.0,0.0,755.89,0.0,502.0,0,-1507.9994657680616,0.0,3999,1507.9994657680613
Data,2320,-0.0,0.0,1532.1172356514924,0.0,0.0,751.42,0.0,502.0,0,-1212.4627643485076,0.0,3998,1212.4627643485078
Data,2321,-0.0,0.0,1362.037647044573,0.0,0.0,755.89,0.0,502.0,0,-1430.072352955427,0.0,4050,1430.072352955427
Data,2322,-0.0,0.0,1195.1017894170118,0.0,0.0,836.4,0.0,502.0,0,-1400.4982105829881,0.0,3934,1400.4982105829881
Data,2323,-0.0,0.0,1152.124669511083,-0.0,0.0,835.28,0.0,502.0,0,-1310.5953304889172,0.0,3800,1310.595330488917
Data,2324,-0.0,0.0,1376.029942850614,0.0,0.0,821.86,0.0,502.0,0,-1110.110057149386,0.0,3810,1110.1100571493862
Data,2325,0.0,0.0,1280.4132718935869,0.0,0.0,809.56,0.0,502.0,0,-1005.026728106413,0.0,3597,1005.0267281064132
Data,2326,0.0,0.0,816.1466797479889,0.0,0.0,725.7,0.0,502.0,0,-1311.1533202520113,0.0,3355,1311.153320252011
Data,2327,0.0,0.0,979.6010616905513,0.0,0.0,683.21,0.0,502.0,0,-1004.1889383094486,0.0,3169,1004.1889383094486
Data,2328,0.0,0.0,987.545360939032,0.0,0.0,657.49,0.0,502.0,0,-888.964639060968,0.0,3036,888.964639060968
Data,2329,0.0,0.0,893.0184534075136,0.0,0.0,654.14,0.0,502.0,0,-830.8415465924866,0.0,2880,830.8415465924865
Data,2330,0.0,0.0,776.3080777621135,0.0,0.0,657.49,0.0,502.0,0,-897.2019222378863,0.0,2833,897.2019222378865
Data,2331,0.0,0.0,859.6977210626135,0.0,0.0,680.97,0.0,502.0,0,-927.3322789373865,0.0,2970,927.3322789373865
Data,2332,0.0,0.0,959.5946818933136,0.0,0.0,739.12,0.0,502.0,0,-916.2853181066865,0.0,3117,916.2853181066864
Data,2333,0.0,0.0,902.7167250412385,0.0,0.0,764.84,0.0,502.0,0,-947.4432749587613,0.0,3117,947.4432749587614
Data,2334,-0.0,0.0,1041.1526845629598,0.0,0.0,780.49,0.0,502.0,0,-692.3573154370399,0.0,3016,692.3573154370401
Data,2335,-0.0,0.0,991.3401840141637,0.0,0.0,685.45,0.0,502.0,0,-844.2098159858365,0.0,3023,844.2098159858363
Data,2336,-0.0,0.0,1006.2588144749548,0.0,0.0,650.78,0.0,151.0,0,-1365.9611855250455,0.0,3174,1365.9611855250453
Data,2337,-0.0,0.0,1143.9847605735388,0.0,0.0,654.14,0.0,151.0,0,-1617.8752394264611,0.0,3567,1617.8752394264611
Data,2338,-0.0,0.0,1364.9208099844589,0.0,0.0,654.14,0.0,502.0,0,-1299.939190015541,0.0,3821,1299.939190015541
Data,2339,-0.0,0.0,1676.1079660084567,0.0,0.0,647.43,0.0,369.6247,0,-1214.8373339915436,0.0,3908,1214.8373339915433
Data,2340,-0.0,0.0,1407.331395853759,0.0,0.0,650.78,0.0,151.0,0,-1712.888604146241,0.0,3922,1712.888604146241
Data,2341,-0.0,0.0,1139.1009723127488,0.0,0.0,648.55,0.0,502.0,0,-1457.349027687251,0.0,3747,1457.3490276872512
Data,2342,-0.0,0.0,1141.953595378583,0.0,0.0,654.14,0.0,151.0,0,-1978.906404621417,0.0,3926,1978.906404621417
Data,2343,-0.0,0.0,1525.3786575275694,0.0,0.0,661.96,0.0,502.0,0,-1357.6613424724305,0.0,4047,1357.6613424724305
Data,2344,-0.0,0.0,1413.6483238781002,0.0,0.0,688.8,0.0,151.0,0,-1781.5516761218994,0.0,4035,1781.5516761218998
Data,2345,-0.0,0.0,1452.7995115281979,0.0,0.0,705.57,0.0,151.0,0,-1826.630488471802,0.0,4136,1826.630488471802
Data,2346,-0.0,0.0,1592.5779869482756,0.0,0.0,789.44,0.0,502.0,0,-1149.9820130517244,0.0,4034,1149.9820130517244
Data,2347,-0.0,0.0,1419.6081016018584,0.0,0.0,795.03,0.0,502.0,0,-1199.3618983981416,0.0,3916,1199.3618983981416
Data,2348,-0.0,0.0,1475.024049030941,0.0,0.0,786.08,0.0,502.0,0,-1065.8959509690592,0.0,3829,1065.895950969059
Data,2349,-0.0,0.0,1751.9630492064357,0.0,0.0,757.01,0.0,502.0,0,-613.026950793564,0.0,3624,613.0269507935643
Data,2350,0.0,0.0,1752.9941870183986,0.0,0.0,660.85,0.0,502.0,0,-449.1558129816013,0.0,3365,449.15581298160134
Data,2351,0.0,0.0,1777.6844220246285,0.0,0.0,653.02,0.0,502.0,0,-246.2955779753715,0.0,3179,246.29557797537154
Data,2352,0.0,0.0,1662.8765092577605,0.0,0.0,663.08,0.0,502.0,0,-223.04349074223958,0.0,3051,223.04349074223944
Data,2353,0.0,0.0,2062.8590266848196,0.0,0.0,645.19,0.0,502.0,0,351.04902668481964,0.0,2859,-351.04902668481964
Data,2354,0.0,0.0,2237.0235943140447,0.0,0.0,642.95,0.0,502.0,0,566.9735943140448,0.0,2815,-566.9735943140447
Data,2355,0.0,0.0,2123.9960574509255,0.0,0.0,645.19,0.0,502.0,0,342.18605745092566,0.0,2929,-342.18605745092555
Data,2356,0.0,0.0,2054.6410172161495,0.0,0.0,696.63,0.0,502.0,0,152.27101721614923,0.0,3101,-152.27101721614952
Data,2357,0.0,0.0,2021.4969471953896,0.0,0.0,721.23,0.0,502.0,0,112.72694719538944,0.0,3132,-112.72694719538958
Data,2358,-0.0,0.0,2014.0043076938757,0.0,0.0,714.52,0.0,502.0,0,164.52430769387564,0.0,3066,-164.5243076938757
Data,2359,-0.0,0.0,2218.0063231738604,0.0,0.0,660.85,0.0,502.0,0,248.85632317386063,0.0,3132,-248.85632317386046
Data,2360,-0.0,0.0,1903.149359472552,0.0,0.0,636.25,0.0,327.2866,0,-398.3140405274482,0.0,3265,398.3140405274479
Data,2361,-0.0,0.0,1650.586765146382,0.0,0.0,641.84,0.0,151.0,0,-1139.5732348536178,0.0,3583,1139.573234853618
Data,2362,-0.0,0.0,1946.8325824887077,0.0,0.0,617.24,0.0,151.0,0,-1154.9274175112926,0.0,3870,1154.9274175112923
Data,2363,-0.0,0.0,1814.8770248389467,0.0,0.0,618.35,0.0,502.0,0,-971.7729751610535,0.0,3907,971.7729751610533
Data,2364,-0.0,0.0,1692.955931906049,0.0,0.0,621.71,0.0,151.0,0,-1440.334068093951,0.0,3906,1440.334068093951
Data,2365,-0.0,0.0,1736.2792300414596,0.0,0.0,610.53,0.0,502.0,0,-893.1907699585407,0.0,3742,893.1907699585404
Data,2366,-0.0,0.0,1623.8840528289936,0.0,0.0,620.59,0.0,151.0,0,-1508.5259471710062,0.0,3904,1508.5259471710065
Data,2367,-0.0,0.0,2031.2522337200746,0.0,0.0,631.77,0.0,151.0,0,-1096.9777662799254,0.0,3911,1096.9777662799254
Data,2368,-0.0,0.0,2146.90963237713,0.0,0.0,667.55,0.0,151.0,0,-976.5403676228699,0.0,3942,976.54036762287
Data,2369,-0.0,0.0,2269.935139483736,0.0,0.0,738.0,0.0,484.4282,0,-541.6366605162642,0.0,4034,541.6366605162641
Data,2370,-0.0,0.0,2493.021312556786,0.0,0.0,844.23,0.0,502.0,0,-43.748687443213804,0.0,3883,43.74868744321384
Data,2371,-0.0,0.0,2503.2611013050237,0.0,0.0,868.83,0.0,355.0531,0,4.144201305023687,0.0,3723,-4.144201305023671
Data,2372,-0.0,0.0,2586.3265511807904,0.0,0.0,841.99,0.0,202.3427,0,-79.34074881920947,0.0,3710,79.34074881920961
Data,2373,-0.0,0.0,2992.9762396172837,0.0,0.0,797.26,0.0,502.0,0,771.2362396172838,0.0,3521,-771.2362396172837
Data,2374,0.0,0.0,2719.7806587739715,0.0,0.0,722.35,0.0,502.0,0,623.1306587739712,0.0,3321,-623.1306587739715
Data,2375,0.0,0.0,2832.1784550087864,0.0,0.0,710.05,0.0,151.0,0,538.2284550087866,0.0,3155,-538.2284550087863
Data,2376,0.0,0.0,3458.69238722468,0.0,0.0,712.28,0.0,151.0,0,1275.9723872246793,0.0,3046,-1275.9723872246798
Data,2377,0.0,0.0,3211.0833195835653,0.0,0.0,734.65,0.0,151.0,0,1240.7333195835658,0.0,2856,-1240.7333195835654
Data,2378,0.0,0.0,2293.6793408769313,0.0,0.0,740.24,0.0,151.0,0,396.91934087693124,0.0,2788,-396.9193408769313
Data,2379,0.0,0.0,2475.0994650544235,0.0,0.0,740.24,0.0,151.0,0,489.33946505442316,0.0,2877,-489.3394650544235
Data,2380,0.0,0.0,2542.3245989598895,0.0,0.0,769.31,0.0,151.0,0,432.63459895988944,0.0,3030,-432.63459895988944
Data,2381,0.0,0.0,1852.1566738169083,0.0,0.0,790.55,0.0,151.0,0,-219.29332618309147,0.0,3013,219.29332618309172
Data,2382,-0.0,0.0,2485.710154592532,0.0,0.0,731.29,0.0,442.6278,0,731.6279545925319,0.0,2928,-731.627954592532
Data,2383,-0.0,0.0,1838.0021887048556,0.0,0.0,708.93,0.0,151.0,0,-187.06781129514476,0.0,2885,187.06781129514445
Data,2384,-0.0,0.0,2030.2275927478302,0.0,0.0,676.5,0.0,151.0,0,-121.27240725216993,0.0,2979,121.27240725216984
Data,2385,-0.0,0.0,1578.0357323292244,0.0,0.0,680.97,0.0,151.0,0,-759.9942676707755,0.0,3170,759.9942676707756
Data,2386,-0.0,0.0,1515.7684686134244,0.0,0.0,679.85,0.0,151.0,0,-1035.3815313865757,0.0,3382,1035.3815313865757
Data,2387,-0.0,0.0,1651.0344113505407,0.0,0.0,676.5,0.0,151.0,0,-932.4655886494593,0.0,3411,932.4655886494593
Data,2388,-0.0,0.0,1622.0317913725269,0.0,0.0,685.45,0.0,151.0,0,-997.5182086274732,0.0,3456,997.5182086274731
Data,2389,-0.0,0.0,1803.5805273798203,0.0,0.0,675.38,0.0,151.0,0,-797.0394726201795,0.0,3427,797.0394726201797
Data,2390,-0.0,0.0,2247.005987328575,0.0,0.0,685.45,0.0,151.0,0,-296.5440126714251,0.0,3380,296.544012671425
Data,2391,-0.0,0.0,1813.7695570480696,0.0,0.0,715.64,0.0,151.0,0,-775.5904429519304,0.0,3456,775.5904429519304
Data,2392,-0.0,0.0,1817.8845223699568,0.0,0.0,742.47,0.0,151.0,0,-738.6454776300428,0.0,3450,738.6454776300432
Data,2393,-0.0,0.0,1861.9789140106257,0.0,0.0,744.71,0.0,502.0,0,-410.31108598937453,0.0,3519,410.3110859893743
Data,2394,-0.0,0.0,2641.0199949461917,0.0,0.0,817.39,0.0,502.0,0,414.4099949461916,0.0,3546,-414.40999494619166
Data,2395,-0.0,0.0,2618.76890689614,0.0,0.0,810.68,0.0,502.0,0,395.44890689613953,0.0,3536,-395.4489068961399
Data,2396,-0.0,0.0,2403.60923434974,0.0,0.0,817.39,0.0,502.0,0,132.9992343497395,0.0,3590,-132.99923434973982
Data,2397,-0.0,0.0,2542.7279005279606,0.0,0.0,748.06,0.0,502.0,0,353.78790052796074,0.0,3439,-353.7879005279606
Data,2398,0.0,0.0,2587.7672405992917,0.0,0.0,746.95,0.0,502.0,0,633.7172405992916,0.0,3203,-633.7172405992917
Data,2399,0.0,0.0,2913.4196642929337,0.0,0.0,694.39,0.0,502.0,0,1042.8096642929333,0.0,3067,-1042.8096642929336
Data,2400,0.0,0.0,1938.046348719976,0.0,0.0,683.21,0.0,502.0,0,180.25634871997605,0.0,2943,-180.25634871997613
Data,2401,0.0,0.0,1426.0082428709206,0.0,0.0,649.66,0.0,502.0,0,-218.33175712907945,0.0,2796,218.3317571290794
Data,2402,0.0,0.0,1298.4258813383788,0.0,0.0,666.44,0.0,502.0,0,-269.13411866162136,0.0,2736,269.1341186616212
Data,2403,0.0,0.0,1144.7655620559383,0.0,0.0,696.63,0.0,502.0,0,-515.6044379440615,0.0,2859,515.6044379440617
Data,2404,0.0,0.0,1035.3366378620326,0.0,0.0,754.77,0.0,502.0,0,-733.8933621379672,0.0,3026,733.8933621379674
Data,2405,0.0,0.0,1075.424993790103,0.0,0.0,788.32,0.0,502.0,0,-647.255006209897,0.0,3013,647.255006209897
Data,2406,-0.0,0.0,1113.203510452662,0.0,0.0,748.06,0.0,502.0,0,-566.7364895473381,0.0,2930,566.7364895473381
Data,2407,-0.0,0.0,1246.3202321231438,0.0,0.0,730.17,0.0,502.0,0,-449.5097678768563,0.0,2928,449.50976787685624
Data,2408,-0.0,0.0,1142.8632454453577,0.0,0.0,682.09,0.0,151.0,0,-888.0467545546422,0.0,2864,888.0467545546422
Data,2409,-0.0,0.0,1008.9259007892013,0.0,0.0,688.8,0.0,151.0,0,-1119.2740992107986,0.0,2968,1119.2740992107988
Data,2410,-0.0,0.0,963.5769549830673,0.0,0.0,694.39,0.0,245.9761,0,-1251.056945016933,0.0,3155,1251.0569450169328
Data,2411,-0.0,0.0,1255.2916799379136,0.0,0.0,703.34,0.0,151.0,0,-1175.3683200620862,0.0,3285,1175.3683200620862
Data,2412,-0.0,0.0,1366.9613912953644,0.0,0.0,678.74,0.0,151.0,0,-1121.2986087046359,0.0,3318,1121.2986087046356
Data,2413,-0.0,0.0,1661.4977411448597,0.0,0.0,675.38,0.0,254.0135,0,-784.1087588551403,0.0,3375,784.1087588551403
Data,2414,-0.0,0.0,1711.8871576257677,0.0,0.0,696.63,0.0,502.0,0,-413.4828423742322,0.0,3324,413.4828423742323
Data,2415,-0.0,0.0,1436.1921891706174,0.0,0.0,701.1,0.0,151.0,0,-1022.7078108293827,0.0,3311,1022.7078108293825
Data,2416,-0.0,0.0,1828.0157311942985,0.0,0.0,698.86,0.0,151.0,0,-684.1242688057013,0.0,3362,684.1242688057015
Data,2417,-0.0,0.0,1189.6847285681936,0.0,0.0,724.58,0.0,502.0,0,-1067.7352714318065,0.0,3484,1067.7352714318063
Data,2418,-0.0,0.0,1237.8272080152617,0.0,0.0,771.55,0.0,502.0,0,-1039.6227919847381,0.0,3551,1039.6227919847383
Data,2419,-0.0,0.0,1109.8328964508926,0.0,0.0,749.18,0.0,502.0,0,-1161.9871035491076,0.0,3523,1161.9871035491074
Data,2420,-0.0,0.0,933.6795547767911,-0.0,0.0,733.53,0.0,502.0,0,-1429.7904452232092,0.0,3599,1429.790445223209
Data,2421,-0.0,0.0,1006.8538293523336,0.0,0.0,675.38,0.0,502.0,0,-1290.7661706476663,0.0,3475,1290.7661706476665
Data,2422,0.0,0.0,1198.813658234888,0.0,0.0,657.49,0.0,502.0,0,-935.6963417651123,0.0,3294,935.696341765112
Data,2423,0.0,0.0,1240.8538270830136,0.0,0.0,629.54,0.0,502.0,0,-695.6061729169865,0.0,3068,695.6061729169865
Data,2424,0.0,0.0,773.3726771972492,0.0,0.0,623.95,0.0,502.0,0,-1018.6773228027508,0.0,2918,1018.6773228027507
Data,2425,0.0,0.0,606.3107536675866,0.0,0.0,600.46,0.0,502.0,0,-1051.2292463324134,0.0,2760,1051.2292463324134
Data,2426,0.0,0.0,556.5385174225848,0.0,0.0,597.11,0.0,502.0,0,-1059.351482577415,0.0,2715,1059.351482577415
Data,2427,0.0,0.0,495.7810647701915,0.0,0.0,611.65,0.0,502.0,0,-1199.5689352298084,0.0,2809,1199.5689352298086
Data,2428,0.0,0.0,475.13578010210745,0.0,0.0,674.26,0.0,502.0,0,-1318.6042198978926,0.0,2970,1318.6042198978926
Data,2429,0.0,0.0,1035.8114999294708,0.0,0.0,649.66,0.0,502.0,0,-800.5285000705294,0.0,2988,800.5285000705293
Data,2430,-0.0,0.0,1496.4884728291045,0.0,0.0,621.71,0.0,502.0,0,-397.80152717089527,0.0,3018,397.8015271708955
Data,2431,-0.0,0.0,1005.9951728709281,0.0,0.0,619.47,0.0,502.0,0,-995.5348271290719,0.0,3123,995.5348271290719
Data,2432,-0.0,0.0,1402.6405150176058,0.0,0.0,609.41,0.0,502.0,0,-762.9494849823941,0.0,3277,762.9494849823942
Data,2433,-0.0,0.0,1452.927385112992,0.0,0.0,623.95,0.0,502.0,0,-1100.1226148870082,0.0,3679,1100.122614887008
Data,2434,-0.0,0.0,1993.6397840583074,0.0,0.0,625.06,0.0,502.0,0,-805.3002159416924,0.0,3926,805.3002159416926
Data,2435,-0.0,0.0,2495.2956536031916,0.0,0.0,629.54,0.0,502.0,0,-342.1643463968085,0.0,3969,342.16434639680847
Data,2436,-0.0,0.0,2437.2161704313876,0.0,0.0,640.72,0.0,502.0,0,-378.0638295686123,0.0,3958,378.0638295686124
Data,2437,-0.0,0.0,2689.845684813452,0.0,0.0,629.54,0.0,502.0,0,18.385684813451746,0.0,3803,-18.385684813451917
Data,2438,-0.0,0.0,2715.9002400503523,0.0,0.0,659.73,0.0,502.0,0,-140.36975994964786,0.0,4018,140.3697599496477
Data,2439,-0.0,0.0,2686.1294663886397,0.0,0.0,688.8,0.0,502.0,0,-119.07053361136005,0.0,3996,119.07053361136036
Data,2440,-0.0,0.0,2785.0243050269446,0.0,0.0,713.4,0.0,502.0,0,41.42430502694461,0.0,3959,-41.42430502694458
Data,2441,-0.0,0.0,2834.204153703167,0.0,0.0,762.6,0.0,502.0,0,84.80415370316692,0.0,4014,-84.80415370316689
Data,2442,-0.0,0.0,2497.497836208531,0.0,0.0,841.99,0.0,502.0,0,-68.5121637914686,0.0,3910,68.51216379146877
Data,2443,-0.0,0.0,2465.6675462443545,0.0,0.0,786.08,0.0,502.0,0,-93.25245375564575,0.0,3847,93.25245375564543
Data,2444,-0.0,0.0,1898.1601976756376,0.0,0.0,767.07,0.0,502.0,0,-662.7698023243622,0.0,3830,662.7698023243623
Data,2445,-0.0,0.0,1879.1172125574276,0.0,0.0,755.89,0.0,502.0,0,-498.99278744257265,0.0,3636,498.9927874425724
Data,2446,0.0,0.0,2129.3868231735146,0.0,0.0,689.92,0.0,502.0,0,-88.69317682648547,0.0,3410,88.69317682648546
Data,2447,0.0,0.0,2523.0409521706765,0.0,0.0,657.49,0.0,502.0,0,471.53095217067664,0.0,3211,-471.5309521706765
Data,2448,0.0,0.0,2848.893264958797,0.0,0.0,619.47,0.0,502.0,0,947.3632649587971,0.0,3023,-947.3632649587969
Data,2449,0.0,0.0,2892.461329503446,0.0,0.0,598.23,0.0,502.0,0,1138.6913295034462,0.0,2854,-1138.691329503446
Data,2450,0.0,0.0,2614.6290378002523,0.0,0.0,618.35,0.0,502.0,0,930.9790378002521,0.0,2804,-930.9790378002523
Data,2451,0.0,0.0,2744.177880358652,0.0,0.0,620.59,0.0,502.0,0,969.7678803586522,0.0,2897,-969.7678803586522
Data,2452,0.0,0.0,2745.9767267066522,0.0,0.0,656.37,0.0,502.0,0,826.346726706652,0.0,3078,-826.3467267066522
Data,2453,0.0,0.0,2612.1372433334973,0.0,0.0,696.63,0.0,502.0,0,706.7672433334976,0.0,3104,-706.7672433334973
Data,2454,-0.0,0.0,2472.4632381391007,0.0,0.0,670.91,0.0,502.0,0,604.3732381391006,0.0,3041,-604.3732381391006
Data,2455,-0.0,0.0,2059.2570392793223,0.0,0.0,640.72,0.0,502.0,0,70.97703927932233,0.0,3131,-70.9770392793223
Data,2456,-0.0,0.0,2028.23212508194,0.0,0.0,616.12,0.0,502.0,0,-181.64787491806007,0.0,3328,181.64787491805998
Data,2457,-0.0,0.0,2266.1627251320588,0.0,0.0,635.13,0.0,502.0,0,-306.7072748679408,0.0,3710,306.70727486794124
Data,2458,-0.0,0.0,2491.6177435940876,0.0,0.0,647.43,0.0,502.0,0,-312.9522564059122,0.0,3954,312.9522564059124
Data,2459,-0.0,0.0,2119.338907659045,0.0,0.0,708.93,0.0,502.0,0,-729.7310923409547,0.0,4060,729.7310923409549
Data,2460,-0.0,0.0,2362.543432262792,0.0,0.0,638.48,0.0,502.0,0,-515.9765677372077,0.0,4019,515.9765677372079
Data,2461,-0.0,0.0,2740.2980516936846,0.0,0.0,615.0,0.0,502.0,0,31.298051693684766,0.0,3826,-31.298051693684556
Data,2462,-0.0,0.0,2865.9188781567054,0.0,0.0,644.07,0.0,502.0,0,46.988878156705596,0.0,3965,-46.98887815670548
Data,2463,-0.0,0.0,2923.5198730432553,0.0,0.0,650.78,0.0,502.0,0,61.29987304325499,0.0,4015,-61.299873043255275
Data,2464,-0.0,0.0,3052.8080272845814,0.0,0.0,687.68,0.0,502.0,0,257.48802728458105,0.0,3985,-257.48802728458134
Data,2465,-0.0,0.0,2981.644250088457,0.0,0.0,688.8,0.0,502.0,0,141.44425008845684,0.0,4031,-141.44425008845678
Data,2466,-0.0,0.0,2566.443118523141,0.0,0.0,723.46,0.0,502.0,0,-109.09688147685887,0.0,3901,109.09688147685893
Data,2467,-0.0,0.0,2192.6335618673957,0.0,0.0,745.83,0.0,502.0,0,-407.5364381326046,0.0,3848,407.5364381326043
Data,2468,-0.0,0.0,2535.0232930858206,0.0,0.0,705.57,0.0,502.0,0,-128.40670691417898,0.0,3871,128.40670691417938
Data,2469,0.0,0.0,2910.49301720447,0.0,0.0,668.67,0.0,502.0,0,426.16301720447024,0.0,3655,-426.16301720447007
Data,2470,0.0,0.0,2218.971394209069,0.0,0.0,647.43,0.0,502.0,0,-47.59860579093151,0.0,3416,47.598605790931174
Data,2471,0.0,0.0,2033.1180493640427,0.0,0.0,618.35,0.0,502.0,0,-26.53195063595743,0.0,3180,26.531950635957287
Data,2472,0.0,0.0,1462.4528115183475,0.0,0.0,626.18,0.0,502.0,0,-451.36718848165253,0.0,3042,451.36718848165253
Data,2473,0.0,0.0,2238.6339851495086,0.0,0.0,610.53,0.0,502.0,0,471.16398514950873,0.0,2880,-471.16398514950856
Data,2474,0.0,0.0,2783.1548628918163,0.0,0.0,611.65,0.0,502.0,0,1111.8048628918164,0.0,2785,-1111.8048628918164
Data,2475,0.0,0.0,2539.3996574886064,0.0,0.0,594.87,0.0,502.0,0,729.2696574886058,0.0,2907,-729.2696574886064
Data,2476,0.0,0.0,2082.621375976193,0.0,0.0,620.59,0.0,502.0,0,138.21137597619327,0.0,3067,-138.21137597619315
Data,2477,0.0,0.0,1184.990741761503,0.0,0.0,655.25,0.0,502.0,0,-726.759258238497,0.0,3069,726.7592582384971
Data,2478,-0.0,0.0,1520.063266669921,0.0,0.0,663.08,0.0,502.0,0,-345.856733330079,0.0,3031,345.856733330079
Data,2479,-0.0,0.0,876.9433701433733,0.0,0.0,615.0,0.0,502.0,0,-1008.0566298566267,0.0,3002,1008.0566298566267
Data,2480,-0.0,0.0,1830.524166374509,0.0,0.0,621.71,0.0,502.0,0,-222.76583362549113,0.0,3177,222.76583362549104
Data,2481,-0.0,0.0,1734.1780423074729,0.0,0.0,646.31,0.0,502.0,0,-678.5119576925273,0.0,3561,678.5119576925272
Data,2482,-0.0,0.0,2079.71758018304,0.0,0.0,632.89,0.0,502.0,0,-606.3924198169598,0.0,3821,606.3924198169601
Data,2483,-0.0,0.0,2709.320664969615,0.0,0.0,679.85,0.0,502.0,0,-44.82933503038484,0.0,3936,44.829335030385096
Data,2484,-0.0,0.0,2537.4658615585095,0.0,0.0,641.84,0.0,502.0,0,-294.6941384414905,0.0,3976,294.6941384414905
Data,2485,-0.0,0.0,3233.15689713208,0.0,0.0,615.0,0.0,502.0,0,553.1568971320796,0.0,3797,-553.1568971320798
Data,2486,-0.0,0.0,3381.5569617871147,0.0,0.0,628.42,0.0,502.0,0,591.9769617871143,0.0,3920,-591.9769617871146
Data,2487,-0.0,0.0,3278.3722077993752,0.0,0.0,638.48,0.0,502.0,0,525.8522077993753,0.0,3893,-525.8522077993753
Data,2488,-0.0,0.0,3018.381990226385,0.0,0.0,673.15,0.0,502.0,0,317.5319902263847,0.0,3876,-317.5319902263849
Data,2489,-0.0,0.0,2337.0774501960004,0.0,0.0,718.99,0.0,502.0,0,-344.9325498039999,0.0,3903,344.93254980399956
Data,2490,-0.0,0.0,2006.6798530428835,0.0,0.0,770.43,0.0,502.0,0,-559.8901469571167,0.0,3839,559.8901469571166
Data,2491,-0.0,0.0,1994.4979030900647,0.0,0.0,844.23,0.0,502.0,0,-459.2720969099354,0.0,3800,459.27209690993527
Data,2492,-0.0,0.0,2377.2398942605405,0.0,0.0,796.15,0.0,502.0,0,-120.61010573945916,0.0,3796,120.61010573945953
Data,2493,-0.0,0.0,2542.3438435492762,0.0,0.0,710.05,0.0,502.0,0,184.39384354927654,0.0,3570,-184.3938435492762
Data,2494,0.0,0.0,2374.765918148711,0.0,0.0,683.21,0.0,502.0,0,239.97591814871146,0.0,3320,-239.97591814871112
Data,2495,0.0,0.0,2400.6274663874906,0.0,0.0,622.83,0.0,502.0,0,433.45746638749074,0.0,3092,-433.4574663874906
Data,2496,0.0,0.0,2897.474977684228,0.0,0.0,612.76,0.0,502.0,0,1049.2349776842282,0.0,2963,-1049.2349776842282
Data,2497,0.0,0.0,3288.7888963250316,0.0,0.0,589.28,0.0,502.0,0,1618.0688963250316,0.0,2762,-1618.0688963250316
Data,2498,0.0,0.0,2781.412659717148,0.0,0.0,587.05,0.0,502.0,0,1166.4626597171477,0.0,2704,-1166.462659717148
Data,2499,0.0,0.0,2610.1948900835937,0.0,0.0,582.57,0.0,502.0,0,899.7648900835935,0.0,2795,-899.7648900835937
Data,2500,0.0,0.0,2507.4993428309904,0.0,0.0,571.39,0.0,502.0,0,606.8893428309899,0.0,2974,-606.8893428309904
Data,2501,0.0,0.0,2412.3729614420704,0.0,0.0,579.22,0.0,151.0,0,109.59296144207053,0.0,3033,-109.59296144207042
Data,2502,-0.0,0.0,2581.714021499657,0.0,0.0,597.11,0.0,0.0,0,197.82402149965742,0.0,2981,-197.82402149965708
Data,2503,-0.0,0.0,2425.6917913373577,0.0,0.0,607.17,0.0,0.0,0,-4.138208662642165,0.0,3037,4.1382086626423416
Data,2504,-0.0,0.0,2690.166987131358,0.0,0.0,611.65,0.0,0.0,0,65.8169871313577,0.0,3236,-65.8169871313579
Data,2505,-0.0,0.0,2895.2185008075107,0.0,0.0,616.12,0.0,0.0,0,-117.66149919248957,0.0,3629,117.66149919248926
Data,2506,-0.0,0.0,3228.8487204354446,0.0,0.0,613.88,0.0,0.0,0,-30.271279564555062,0.0,3873,30.271279564555357
Data,2507,-0.0,0.0,2768.6853063014714,0.0,0.0,663.08,0.0,0.0,0,-422.2346936985286,0.0,3854,422.23469369852853
Data,2508,-0.0,0.0,2785.2230938727907,0.0,0.0,623.95,0.0,0.0,0,-406.8269061272097,0.0,3816,406.8269061272092
Data,2509,-0.0,0.0,2907.540754278604,0.0,0.0,581.45,0.0,0.0,0,-182.00924572139618,0.0,3671,182.00924572139616
Data,2510,-0.0,0.0,3110.481798961182,0.0,0.0,589.28,0.0,0.0,0,-157.23820103881846,0.0,3857,157.23820103881803
Data,2511,-0.0,0.0,3206.8202976956727,0.0,0.0,592.64,0.0,0.0,0,-122.53970230432779,0.0,3922,122.5397023043273
Data,2512,-0.0,0.0,3084.446207126981,0.0,0.0,608.29,0.0,0.0,0,-203.26379287301944,0.0,3896,203.26379287301916
Data,2513,-0.0,0.0,2812.3897569422893,0.0,0.0,689.92,0.0,0.0,0,-411.6902430577108,0.0,3914,411.69024305771075
Data,2514,-0.0,0.0,3663.3859652357633,0.0,0.0,710.05,0.0,0.0,0,580.4359652357634,0.0,3793,-580.4359652357632
Data,2515,-0.0,0.0,3979.888099984355,0.0,0.0,734.65,0.0,0.0,0,1004.5380999843549,0.0,3710,-1004.538099984355
Data,2516,-0.0,0.0,4098.0848136734785,0.0,0.0,684.33,0.0,0.0,0,1069.4148136734789,0.0,3713,-1069.4148136734784
Data,2517,-0.0,0.0,4064.2630163471877,0.0,0.0,641.84,0.0,0.0,0,1164.1030163471878,0.0,3542,-1164.1030163471878
Data,2518,0.0,0.0,3887.581573320716,0.0,0.0,627.3,0.0,0.0,0,1213.8815733207161,0.0,3301,-1213.881573320716
Data,2519,0.0,0.0,3625.7503962652872,0.0,0.0,582.57,0.0,0.0,0,1080.3203962652872,0.0,3128,-1080.3203962652874
Data,2520,0.0,0.0,3344.9992862839554,0.0,0.0,587.05,0.0,0.0,0,944.0492862839553,0.0,2988,-944.0492862839553
Data,2521,0.0,0.0,3244.7313264996387,0.0,0.0,568.04,0.0,0.0,0,996.7713264996386,0.0,2816,-996.7713264996387
Data,2522,0.0,0.0,3396.1183477743252,0.0,0.0,566.92,0.0,0.0,0,1192.0383477743253,0.0,2771,-1192.0383477743253
Data,2523,0.0,0.0,3365.1239386453835,0.0,0.0,571.39,0.0,0.0,0,1042.5139386453832,0.0,2894,-1042.5139386453834
Data,2524,0.0,0.0,2958.5835249012766,0.0,0.0,566.92,0.0,0.0,0,476.5035249012769,0.0,3049,-476.5035249012766
Data,2525,0.0,0.0,2788.67156597824,0.0,0.0,590.4,0.0,0.0,0,286.07156597824,0.0,3093,-286.07156597823985
Data,2526,-0.0,0.0,2724.1144136613725,0.0,0.0,595.99,0.0,0.0,0,268.10441366137235,0.0,3052,-268.1044136613725
Data,2527,-0.0,0.0,2304.442524512428,0.0,0.0,603.82,0.0,0.0,0,-93.73747548757201,0.0,3002,93.73747548757194
Data,2528,-0.0,0.0,1777.120216266485,0.0,0.0,597.11,0.0,0.0,0,-736.7697837335149,0.0,3111,736.769783733515
Data,2529,-0.0,0.0,1598.7161117766495,0.0,0.0,617.24,0.0,0.0,0,-1274.0438882233507,0.0,3490,1274.0438882233505
Data,2530,-0.0,0.0,1944.8888986505376,0.0,0.0,588.16,0.0,0.0,0,-1154.9511013494625,0.0,3688,1154.9511013494625
Data,2531,-0.0,0.0,1669.7766681407363,0.0,0.0,600.46,0.0,0.0,0,-1483.7633318592636,0.0,3754,1483.7633318592636
Data,2532,-0.0,0.0,1821.0398671676041,0.0,0.0,591.52,0.0,0.0,0,-1399.4401328323959,0.0,3812,1399.4401328323959
Data,2533,-0.0,0.0,1688.4142664923484,0.0,0.0,541.2,0.0,0.0,0,-1352.3857335076518,0.0,3582,1352.3857335076516
Data,2534,-0.0,0.0,1604.4538678689016,0.0,0.0,542.32,0.0,0.0,0,-1579.2261321310982,0.0,3726,1579.2261321310984
Data,2535,-0.0,0.0,1872.7071600210795,0.0,0.0,585.93,0.0,0.0,0,-1374.3628399789206,0.0,3833,1374.3628399789204
Data,2536,-0.0,0.0,2167.869829282513,0.0,0.0,625.06,0.0,0.0,0,-985.070170717487,0.0,3778,985.0701707174871
Data,2537,-0.0,0.0,2490.8333333697865,0.0,0.0,689.92,0.0,0.0,0,-623.2466666302137,0.0,3804,623.2466666302136
Data,2538,-0.0,0.0,3047.2143199386037,0.0,0.0,748.06,0.0,0.0,0,99.27431993860351,0.0,3696,-99.27431993860364
Data,2539,-0.0,0.0,3675.0315545578496,0.0,0.0,758.13,0.0,0.0,0,804.1615545578496,0.0,3629,-804.1615545578496
Data,2540,-0.0,0.0,3516.7207996088146,0.0,0.0,749.18,0.0,0.0,0,619.9007996088146,0.0,3646,-619.9007996088145
Data,2541,-0.0,0.0,2865.5059905344297,0.0,0.0,708.93,0.0,0.0,0,144.43599053442966,0.0,3430,-144.4359905344296
Data,2542,0.0,0.0,2942.150339087236,0.0,0.0,654.14,0.0,0.0,0,364.29033908723545,0.0,3232,-364.2903390872358
Data,2543,0.0,0.0,3441.012935577925,0.0,0.0,650.78,0.0,0.0,0,999.7929355779248,0.0,3092,-999.7929355779249
Data,2544,0.0,0.0,3467.6253777975303,0.0,0.0,640.72,0.0,0.0,0,1179.3453777975305,0.0,2929,-1179.3453777975303
Data,2545,0.0,0.0,3104.7287108105775,0.0,0.0,608.29,0.0,0.0,0,914.0187108105777,0.0,2799,-914.0187108105774
Data,2546,0.0,0.0,3590.5281731359573,0.0,0.0,619.47,0.0,0.0,0,1490.9981731359576,0.0,2719,-1490.9981731359574
Data,2547,0.0,0.0,3648.167252521245,0.0,0.0,660.85,0.0,0.0,0,1479.0172525212447,0.0,2830,-1479.0172525212447
Data,2548,0.0,0.0,3534.939796889529,0.0,0.0,668.67,0.0,0.0,0,1231.6097968895292,0.0,2972,-1231.6097968895292
Data,2549,0.0,0.0,3536.346398346112,0.0,0.0,741.35,0.0,0.0,0,1275.696398346112,0.0,3002,-1275.696398346112
Data,2550,-0.0,0.0,3337.40995974543,0.0,0.0,702.22,0.0,0.0,0,1055.6299597454304,0.0,2984,-1055.6299597454301
Data,2551,-0.0,0.0,3254.686348496783,0.0,0.0,695.51,0.0,0.0,0,1059.1963484967832,0.0,2891,-1059.196348496783
Data,2552,-0.0,0.0,2117.2723122870593,0.0,0.0,696.63,0.0,0.0,0,-144.09768771294034,0.0,2958,144.09768771294068
Data,2553,-0.0,0.0,2069.0585822080366,0.0,0.0,676.5,0.0,0.0,0,-368.4414177919632,0.0,3114,368.44141779196343
Data,2554,-0.0,0.0,1818.538377703607,0.0,0.0,651.9,0.0,0.0,0,-796.561622296393,0.0,3267,796.561622296393
Data,2555,-0.0,0.0,1815.3632660487212,0.0,0.0,676.5,0.0,0.0,0,-885.1367339512786,0.0,3377,885.1367339512788
Data,2556,-0.0,0.0,1670.373891696551,0.0,0.0,668.67,0.0,0.0,0,-1042.956108303449,0.0,3382,1042.9561083034491
Data,2557,-0.0,0.0,1525.9136012108352,0.0,0.0,660.85,0.0,0.0,0,-1024.236398789165,0.0,3211,1024.236398789165
Data,2558,-0.0,0.0,1882.907997746636,0.0,0.0,665.32,0.0,0.0,0,-675.7720022533637,0.0,3224,675.7720022533639
Data,2559,-0.0,0.0,1917.3063983813263,0.0,0.0,688.8,0.0,0.0,0,-626.8936016186736,0.0,3233,626.8936016186738
Data,2560,-0.0,0.0,1971.473873468815,0.0,0.0,703.34,0.0,0.0,0,-530.1861265311848,0.0,3205,530.1861265311849
Data,2561,-0.0,0.0,2401.1388491487664,0.0,0.0,722.35,0.0,0.0,0,-93.51115085123391,0.0,3217,93.51115085123354
Data,2562,-0.0,0.0,3146.092867595623,0.0,0.0,789.44,0.0,0.0,0,595.5328675956229,0.0,3340,-595.532867595623
Data,2563,-0.0,0.0,3197.3813148877266,0.0,0.0,774.9,0.0,151.0,0,744.2813148877266,0.0,3379,-744.2813148877266
Data,2564,-0.0,0.0,2887.411303543494,0.0,0.0,749.18,0.0,151.0,0,365.59130354349355,0.0,3422,-365.59130354349384
Data,2565,0.0,0.0,3003.9079949388415,0.0,0.0,717.87,0.0,151.0,0,616.7779949388415,0.0,3256,-616.7779949388415
Data,2566,0.0,0.0,3096.312308450991,0.0,0.0,714.52,0.0,151.0,0,937.8323084509913,0.0,3024,-937.8323084509911
Data,2567,0.0,0.0,3128.322080149686,0.0,0.0,701.1,0.0,151.0,0,1048.4220801496858,0.0,2932,-1048.4220801496858
Data,2568,0.0,0.0,3109.2602750576916,0.0,0.0,692.15,0.0,245.4919,0,1224.902175057692,0.0,2822,-1224.9021750576917
Data,2569,0.0,0.0,3214.2737998652524,0.0,0.0,692.15,0.0,151.0,0,1369.4237998652525,0.0,2688,-1369.4237998652525
Data,2570,0.0,0.0,2994.0492579492666,0.0,0.0,684.33,0.0,474.2803,0,1508.6595579492666,0.0,2644,-1508.6595579492666
Data,2571,0.0,0.0,3126.768849672108,0.0,0.0,736.88,0.0,502.0,0,1582.648849672108,0.0,2783,-1582.648849672108
Data,2572,0.0,0.0,3113.3505685316704,0.0,0.0,750.3,0.0,502.0,0,1453.6505685316706,0.0,2912,-1453.6505685316704
Data,2573,0.0,0.0,2743.1529958770475,0.0,0.0,734.65,0.0,502.0,0,1078.802995877048,0.0,2901,-1078.8029958770476
Data,2574,-0.0,0.0,2948.3435863018226,0.0,0.0,724.58,0.0,502.0,0,1387.9235863018228,0.0,2787,-1387.9235863018225
Data,2575,-0.0,0.0,2512.1503350785893,0.0,0.0,673.15,0.0,502.0,0,990.3003350785892,0.0,2697,-990.3003350785892
Data,2576,-0.0,0.0,2297.78991419602,0.0,0.0,675.38,0.0,502.0,0,721.1699141960204,0.0,2754,-721.1699141960202
Data,2577,-0.0,0.0,1818.843641794745,0.0,0.0,741.35,0.0,151.0,0,-248.80635820525518,0.0,2960,248.80635820525492
Data,2578,-0.0,0.0,2113.5522585843714,0.0,0.0,738.0,0.0,151.0,0,-82.4477414156286,0.0,3085,82.44774141562857
Data,2579,-0.0,0.0,2437.059914597512,0.0,0.0,732.41,0.0,151.0,0,121.4699145975121,0.0,3199,-121.469914597512
Data,2580,-0.0,0.0,2318.9266850946633,0.0,0.0,715.64,0.0,151.0,0,-34.43331490533673,0.0,3220,34.433314905336715
Data,2581,-0.0,0.0,2494.2347328536507,0.0,0.0,663.08,0.0,151.0,0,86.3147328536508,0.0,3222,-86.31473285365075
Data,2582,-0.0,0.0,2065.018796569445,0.0,0.0,672.03,0.0,502.0,0,8.04879656944469,0.0,3231,-8.048796569444903
Data,2583,-0.0,0.0,2218.8350752397423,0.0,0.0,680.97,0.0,151.0,0,-150.19492476025744,0.0,3201,150.19492476025766
Data,2584,-0.0,0.0,2386.474018072208,0.0,0.0,685.45,0.0,151.0,0,61.92401807220769,0.0,3161,-61.9240180722079
Data,2585,-0.0,0.0,2355.94715813853,0.0,0.0,718.99,0.0,502.0,0,323.93715813853015,0.0,3253,-323.9371581385301
Data,2586,-0.0,0.0,2900.001329037096,0.0,0.0,768.19,0.0,502.0,0,830.1913290370965,0.0,3340,-830.1913290370962
Data,2587,-0.0,0.0,2830.446018128725,0.0,0.0,811.8,0.0,502.0,0,786.246018128725,0.0,3358,-786.2460181287249
Data,2588,-0.0,0.0,3032.2384337831736,0.0,0.0,836.4,0.0,502.0,0,1006.6384337831735,0.0,3364,-1006.6384337831736
Data,2589,-0.0,0.0,3111.2663447186887,0.0,0.0,869.95,0.0,502.0,0,1283.216344718689,0.0,3200,-1283.2163447186888
Data,2590,0.0,0.0,2750.857959355827,0.0,0.0,836.4,0.0,502.0,0,1081.2579593558269,0.0,3008,-1081.257959355827
Data,2591,0.0,0.0,3079.556866944352,0.0,0.0,826.34,0.0,502.0,0,1585.896866944352,0.0,2822,-1585.896866944352
Data,2592,0.0,0.0,2860.6457162119814,0.0,0.0,815.15,0.0,502.0,0,1491.7957162119817,0.0,2686,-1491.7957162119815
Data,2593,0.0,0.0,2442.7771043526386,0.0,0.0,810.68,0.0,502.0,0,1175.4571043526385,0.0,2580,-1175.4571043526385
Data,2594,0.0,0.0,2400.959582610926,0.0,0.0,843.11,0.0,502.0,0,1173.0695826109265,0.0,2573,-1173.0695826109263
Data,2595,0.0,0.0,2476.842140573252,0.0,0.0,849.82,0.0,502.0,0,1178.6621405732521,0.0,2650,-1178.6621405732521
Data,2596,0.0,0.0,2329.81125839393,0.0,0.0,791.67,0.0,502.0,0,772.4812583939304,0.0,2851,-772.48125839393
Data,2597,0.0,0.0,2251.0772747009823,0.0,0.0,765.95,0.0,502.0,0,662.0272747009822,0.0,2857,-662.0272747009824
Data,2598,-0.0,0.0,2312.9402662509706,0.0,0.0,772.66,0.0,502.0,0,811.6002662509705,0.0,2776,-811.6002662509705
Data,2599,-0.0,0.0,2148.282786742288,0.0,0.0,776.02,0.0,502.0,0,682.3027867422877,0.0,2744,-682.3027867422879
Data,2600,-0.0,0.0,1844.3846340982384,0.0,0.0,777.14,0.0,502.0,0,377.5246340982383,0.0,2746,-377.5246340982384
Data,2601,-0.0,0.0,1811.1604697623745,0.0,0.0,771.55,0.0,151.0,0,-200.28953023762574,0.0,2934,200.2895302376255
Data,2602,-0.0,0.0,1944.2257935034002,0.0,0.0,765.95,0.0,151.0,0,-271.8242064966001,0.0,3133,271.8242064965998
Data,2603,-0.0,0.0,1803.9775594082041,0.0,0.0,772.66,0.0,151.0,0,-452.36244059179614,0.0,3180,452.3624405917959
Data,2604,-0.0,0.0,1642.707113947641,0.0,0.0,772.66,0.0,151.0,0,-615.6328860523591,0.0,3182,615.6328860523591
Data,2605,-0.0,0.0,2116.719941445782,0.0,0.0,718.99,0.0,151.0,0,-107.29005855421826,0.0,3094,107.29005855421815
Data,2606,-0.0,0.0,1734.4747008232825,0.0,0.0,733.53,0.0,502.0,0,-175.99529917671745,0.0,3146,175.99529917671748
Data,2607,-0.0,0.0,2171.319936369489,0.0,0.0,739.12,0.0,151.0,0,-129.5600636305108,0.0,3191,129.56006363051108
Data,2608,-0.0,0.0,2471.2652015458675,0.0,0.0,724.58,0.0,502.0,0,531.8452015458673,0.0,3166,-531.8452015458676
Data,2609,-0.0,0.0,2571.8643518345452,0.0,0.0,764.84,0.0,502.0,0,529.7043518345456,0.0,3309,-529.7043518345453
Data,2610,-0.0,0.0,2376.263164540959,0.0,0.0,825.22,0.0,502.0,0,283.4831645409597,0.0,3420,-283.48316454095925
Data,2611,-0.0,0.0,2467.1165817490005,0.0,0.0,852.05,0.0,502.0,0,382.1665817490008,0.0,3439,-382.16658174900044
Data,2612,-0.0,0.0,2295.755820757489,0.0,0.0,847.58,0.0,502.0,0,128.33582075748902,0.0,3517,-128.33582075748893
Data,2613,0.0,0.0,2341.284512491992,0.0,0.0,801.74,0.0,502.0,0,270.0245124919919,0.0,3375,-270.0245124919918
Data,2614,0.0,0.0,2428.8172708658494,0.0,0.0,741.35,0.0,502.0,0,504.16727086584956,0.0,3168,-504.16727086584945
Data,2615,0.0,0.0,2281.523084350326,0.0,0.0,710.05,0.0,502.0,0,525.573084350326,0.0,2968,-525.5730843503259
Data,2616,0.0,0.0,2421.7000789976905,0.0,0.0,695.51,0.0,502.0,0,791.2100789976903,0.0,2828,-791.2100789976905
Data,2617,0.0,0.0,2469.4458592503006,0.0,0.0,653.02,0.0,502.0,0,948.4658592503009,0.0,2676,-948.4658592503006
Data,2618,0.0,0.0,2484.56951289107,0.0,0.0,663.08,0.0,502.0,0,982.6495128910699,0.0,2667,-982.6495128910702
Data,2619,0.0,0.0,2474.353695676978,0.0,0.0,686.56,0.0,502.0,0,878.9136956769781,0.0,2784,-878.913695676978
Data,2620,0.0,0.0,2589.94534005358,0.0,0.0,686.56,0.0,502.0,0,792.5053400535801,0.0,2986,-792.5053400535799
Data,2621,0.0,0.0,2122.7917410326363,0.0,0.0,701.1,0.0,502.0,0,335.89174103263616,0.0,2990,-335.89174103263633
Data,2622,-0.0,0.0,1591.0787436200294,0.0,0.0,694.39,0.0,502.0,0,-135.5312563799706,0.0,2923,135.5312563799706
Data,2623,-0.0,0.0,1158.731490655829,0.0,0.0,699.98,0.0,502.0,0,-567.2885093441708,0.0,2928,567.288509344171
Data,2624,-0.0,0.0,956.9239257780528,0.0,0.0,710.05,0.0,502.0,0,-921.0260742219473,0.0,3090,921.0260742219473
Data,2625,-0.0,0.0,878.0218159247006,0.0,0.0,718.99,0.0,502.0,0,-1354.9881840752996,0.0,3454,1354.9881840752994
Data,2626,-0.0,0.0,815.8408502495407,0.0,0.0,705.57,0.0,502.0,0,-1655.5891497504592,0.0,3679,1655.5891497504592
Data,2627,-0.0,0.0,876.7562164035164,0.0,0.0,685.45,0.0,502.0,0,-1678.793783596484,0.0,3743,1678.7937835964835
Data,2628,-0.0,0.0,829.154523230122,0.0,0.0,640.72,0.0,502.0,0,-1790.1254767698777,0.0,3762,1790.1254767698779
Data,2629,-0.0,0.0,826.4666132542623,0.0,0.0,615.0,0.0,502.0,0,-1667.5333867457377,0.0,3611,1667.5333867457377
Data,2630,-0.0,0.0,939.0854342084826,0.0,0.0,627.3,0.0,502.0,0,-1699.6145657915174,0.0,3768,1699.6145657915174
Data,2631,-0.0,0.0,1187.905086468351,0.0,0.0,659.73,0.0,502.0,0,-1466.3649135316489,0.0,3816,1466.3649135316489
Data,2632,-0.0,0.0,1240.435595943144,0.0,0.0,703.34,0.0,502.0,0,-1427.2244040568557,0.0,3873,1427.2244040568557
Data,2633,-0.0,0.0,1691.023257981351,0.0,0.0,723.46,0.0,502.0,0,-1031.516742018649,0.0,3948,1031.516742018649
Data,2634,-0.0,0.0,1853.383984344218,0.0,0.0,748.06,0.0,502.0,0,-766.5560156557821,0.0,3870,766.556015655782
Data,2635,-0.0,0.0,2008.7480110801453,0.0,0.0,792.79,0.0,502.0,0,-452.46198891985466,0.0,3756,452.4619889198548
Data,2636,-0.0,0.0,1516.9694517366559,0.0,0.0,800.62,0.0,502.0,0,-972.4105482633444,0.0,3792,972.4105482633441
Data,2637,-0.0,0.0,1214.013499850999,0.0,0.0,751.42,0.0,502.0,0,-1102.5665001490008,0.0,3570,1102.566500149001
Data,2638,0.0,0.0,1130.0040565463823,0.0,0.0,734.65,0.0,502.0,0,-951.3459434536176,0.0,3318,951.3459434536177
Data,2639,0.0,0.0,852.1372367908979,0.0,0.0,661.96,0.0,502.0,0,-1048.902763209102,0.0,3065,1048.902763209102
Data,2640,0.0,0.0,752.486158105124,0.0,0.0,653.02,0.0,502.0,0,-1014.493841894876,0.0,2922,1014.493841894876
Data,2641,0.0,0.0,1212.5763227821453,0.0,0.0,677.62,0.0,502.0,0,-364.8036772178548,0.0,2757,364.80367721785467
Data,2642,0.0,0.0,633.4443243656254,0.0,0.0,689.92,0.0,502.0,0,-895.6356756343745,0.0,2721,895.6356756343746
Data,2643,0.0,0.0,1458.8646691836368,0.0,0.0,696.63,0.0,502.0,0,-174.5053308163631,0.0,2832,174.5053308163632
Data,2644,0.0,0.0,1628.0673841394057,0.0,0.0,688.8,0.0,502.0,0,-208.13261586059434,0.0,3027,208.13261586059434
Data,2645,0.0,0.0,1659.4564215246194,0.0,0.0,672.03,0.0,502.0,0,-213.5135784753806,0.0,3047,213.51357847538065
Data,2646,-0.0,0.0,1729.1128353684092,0.0,0.0,666.44,0.0,502.0,0,-171.44716463159088,0.0,3069,171.4471646315908
Data,2647,-0.0,0.0,1209.0432078422664,0.0,0.0,670.91,0.0,502.0,0,-712.0467921577339,0.0,3094,712.0467921577336
Data,2648,-0.0,0.0,1001.9403901815913,0.0,0.0,698.86,0.0,502.0,0,-1064.1996098184088,0.0,3267,1064.1996098184086
Data,2649,-0.0,0.0,788.4006181659068,-0.0,0.0,723.46,0.0,151.0,0,-1962.1393818340932,0.0,3625,1962.139381834093
Data,2650,-0.0,0.0,924.2085203798532,0.0,0.0,696.63,0.0,502.0,0,-1687.1614796201466,0.0,3810,1687.1614796201468
Data,2651,-0.0,0.0,890.2978041732183,0.0,0.0,684.33,0.0,502.0,0,-1724.3721958267818,0.0,3801,1724.3721958267815
Data,2652,-0.0,0.0,1072.9987707206415,0.0,0.0,628.42,0.0,502.0,0,-1628.5812292793585,0.0,3832,1628.5812292793585
Data,2653,-0.0,0.0,1048.2934487414736,0.0,0.0,623.95,0.0,502.0,0,-1494.7565512585265,0.0,3669,1494.7565512585263
Data,2654,-0.0,0.0,1149.7273058091296,0.0,0.0,687.68,0.0,502.0,0,-1520.5926941908706,0.0,3860,1520.5926941908706
Data,2655,-0.0,0.0,914.7523013723596,0.0,0.0,723.46,0.0,502.0,0,-1724.7876986276403,0.0,3865,1724.7876986276403
Data,2656,-0.0,0.0,1032.3227069750765,0.0,0.0,748.06,0.0,151.0,0,-1903.6172930249236,0.0,3835,1903.6172930249236
Data,2657,-0.0,0.0,890.9103145994255,0.0,0.0,768.19,0.0,502.0,0,-1694.8996854005745,0.0,3856,1694.8996854005745
Data,2658,-0.0,0.0,1323.3661380205945,0.0,0.0,826.34,0.0,502.0,0,-1136.2938619794054,0.0,3788,1136.2938619794054
Data,2659,-0.0,0.0,1727.1214308460976,0.0,0.0,853.17,0.0,502.0,0,-634.7085691539024,0.0,3717,634.7085691539024
Data,2660,-0.0,0.0,1271.2900000546479,-0.0,0.0,828.57,0.0,502.0,0,-1137.139999945352,0.0,3739,1137.139999945352
Data,2661,-0.0,0.0,800.5136172915634,0.0,0.0,787.2,0.0,502.0,0,-1437.2863827084368,0.0,3527,1437.2863827084366
Data,2662,0.0,0.0,605.8927011713799,0.0,0.0,758.13,0.0,502.0,0,-1421.97729882862,0.0,3288,1421.97729882862
Data,2663,0.0,0.0,641.2512510871381,0.0,0.0,711.16,0.0,502.0,0,-1249.588748912862,0.0,3104,1249.5887489128618
Data,2664,0.0,0.0,729.8615044630366,0.0,0.0,692.15,0.0,502.0,0,-1026.9884955369635,0.0,2951,1026.9884955369635
Data,2665,0.0,0.0,832.223743991327,0.0,0.0,655.25,0.0,502.0,0,-780.526256008673,0.0,2770,780.526256008673
Data,2666,0.0,0.0,902.8953100527566,0.0,0.0,647.43,0.0,502.0,0,-668.6746899472436,0.0,2721,668.6746899472435
Data,2667,0.0,0.0,787.2118910258827,0.0,0.0,648.55,0.0,502.0,0,-870.2381089741174,0.0,2808,870.2381089741174
Data,2668,0.0,0.0,830.9219099486448,0.0,0.0,715.64,0.0,502.0,0,-927.4380900513553,0.0,2976,927.4380900513552
Data,2669,0.0,0.0,685.483260250519,0.0,0.0,735.76,0.0,502.0,0,-1084.756739749481,0.0,3008,1084.7567397494809
Data,2670,-0.0,0.0,953.8308387061477,-0.0,0.0,741.35,0.0,502.0,0,-755.8191612938524,0.0,2953,755.8191612938523
Data,2671,-0.0,0.0,1072.8445907243233,0.0,0.0,666.44,0.0,502.0,0,-716.7154092756767,0.0,2958,716.7154092756766
Data,2672,-0.0,0.0,437.38629261889986,-0.0,0.0,675.38,0.0,502.0,0,-1452.2337073811,0.0,3067,1452.2337073811002
Data,2673,-0.0,0.0,437.01811160686646,0.0,0.0,669.79,0.0,502.0,0,-1801.1918883931335,0.0,3410,1801.1918883931335
Data,2674,-0.0,0.0,589.3824984280889,0.0,0.0,665.32,0.0,502.0,0,-1837.2975015719112,0.0,3594,1837.2975015719112
Data,2675,-0.0,0.0,675.8244804352634,0.0,0.0,661.96,0.0,502.0,0,-1824.2155195647367,0.0,3664,1824.2155195647365
Data,2676,-0.0,0.0,698.1717382459877,0.0,0.0,664.2,0.0,502.0,0,-1871.6282617540126,0.0,3736,1871.6282617540123
Data,2677,-0.0,0.0,911.0059397660958,0.0,0.0,619.47,0.0,502.0,0,-1548.5240602339038,0.0,3581,1548.524060233904
Data,2678,-0.0,0.0,919.6525368204797,0.0,0.0,623.95,0.0,502.0,0,-1703.3974631795206,0.0,3749,1703.3974631795204
Data,2679,-0.0,0.0,949.8296592972268,0.0,0.0,628.42,0.0,502.0,0,-1706.750340702773,0.0,3787,1706.7503407027732
Data,2680,-0.0,0.0,933.1613787165143,0.0,0.0,666.44,0.0,502.0,0,-1708.3986212834857,0.0,3810,1708.3986212834857
Data,2681,-0.0,0.0,1076.6278657611883,0.0,0.0,722.35,0.0,502.0,0,-1655.0221342388118,0.0,3956,1655.0221342388118
Data,2682,-0.0,0.0,631.1042955528284,0.0,0.0,809.56,0.0,502.0,0,-1933.3357044471718,0.0,3876,1933.3357044471718
Data,2683,-0.0,0.0,542.580059942645,0.0,0.0,863.24,0.0,502.0,0,-1872.1799400573552,0.0,3780,1872.179940057355
Data,2684,-0.0,0.0,431.4650185006613,0.0,0.0,868.83,0.0,502.0,0,-1973.7049814993388,0.0,3776,1973.7049814993386
Data,2685,-0.0,0.0,474.5657294781224,0.0,0.0,764.84,0.0,502.0,0,-1810.5942705218774,0.0,3552,1810.5942705218777
Data,2686,0.0,0.0,412.421584593233,0.0,0.0,727.94,0.0,502.0,0,-1667.6384154067669,0.0,3310,1667.6384154067669
Data,2687,0.0,0.0,628.1882225737872,0.0,0.0,675.38,0.0,502.0,0,-1299.4317774262126,0.0,3105,1299.4317774262126
Data,2688,0.0,0.0,616.093652095171,0.0,0.0,654.14,0.0,502.0,0,-1226.7663479048292,0.0,2999,1226.766347904829
Data,2689,0.0,0.0,849.6338139969082,0.0,0.0,639.6,0.0,502.0,0,-851.7661860030919,0.0,2843,851.7661860030918
Data,2690,0.0,0.0,721.2421375555773,0.0,0.0,742.47,0.0,502.0,0,-814.2878624444227,0.0,2780,814.2878624444227
Data,2691,0.0,0.0,716.8548018564608,0.0,0.0,720.11,0.0,502.0,0,-927.0351981435391,0.0,2866,927.0351981435392
Data,2692,0.0,0.0,753.1334833987571,0.0,0.0,733.53,0.0,502.0,0,-1088.336516601243,0.0,3077,1088.336516601243
Data,2693,0.0,0.0,956.9762355793196,0.0,0.0,741.35,0.0,502.0,0,-877.6737644206805,0.0,3078,877.6737644206804
Data,2694,-0.0,0.0,927.7809241100356,0.0,0.0,751.42,0.0,502.0,0,-804.7990758899645,0.0,2986,804.7990758899645
Data,2695,-0.0,0.0,692.2990924742016,0.0,0.0,692.15,0.0,502.0,0,-1135.550907525798,0.0,3022,1135.5509075257983
Data,2696,-0.0,0.0,814.1018658681706,0.0,0.0,683.21,0.0,502.0,0,-1149.6881341318292,0.0,3149,1149.6881341318294
Data,2697,-0.0,0.0,787.9163085759611,0.0,0.0,687.68,0.0,502.0,0,-1539.403691424039,0.0,3517,1539.403691424039
Data,2698,-0.0,0.0,1111.1942270255797,0.0,0.0,684.33,0.0,502.0,0,-1456.4757729744204,0.0,3754,1456.4757729744201
Data,2699,-0.0,0.0,1375.2077238981467,0.0,0.0,641.84,0.0,502.0,0,-1318.9522761018532,0.0,3838,1318.9522761018534
Data,2700,-0.0,0.0,1299.061481158429,0.0,0.0,642.95,0.0,502.0,0,-1335.9885188415712,0.0,3780,1335.988518841571
Data,2701,-0.0,0.0,1631.7563951623922,0.0,0.0,626.18,0.0,502.0,0,-866.0636048376081,0.0,3626,866.0636048376078
Data,2702,-0.0,0.0,1544.946619808217,0.0,0.0,691.04,0.0,502.0,0,-1170.013380191783,0.0,3908,1170.013380191783
Data,2703,-0.0,0.0,1811.7008703933905,0.0,0.0,703.34,0.0,502.0,0,-892.9591296066094,0.0,3910,892.9591296066095
Data,2704,-0.0,0.0,1667.135624447947,0.0,0.0,776.02,0.0,502.0,0,-962.8443755520527,0.0,3908,962.844375552053
Data,2705,-0.0,0.0,1737.2934331436068,0.0,0.0,848.7,0.0,502.0,0,-863.0065668563933,0.0,3951,863.0065668563932
Data,2706,-0.0,0.0,1986.306369781812,0.0,0.0,864.35,0.0,502.0,0,-489.343630218188,0.0,3842,489.34363021818797
Data,2707,-0.0,0.0,2321.3805174131517,0.0,0.0,869.95,0.0,502.0,0,-47.66948258684831,0.0,3741,47.66948258684829
Data,2708,-0.0,0.0,2357.0359525603694,0.0,0.0,883.36,0.0,502.0,0,-8.60404743963031,0.0,3751,8.604047439630563
Data,2709,-0.0,0.0,2250.9887685245353,0.0,0.0,789.44,0.0,502.0,0,25.428768524535457,0.0,3517,-25.42876852453537
Data,2710,0.0,0.0,2388.9056534215497,0.0,0.0,738.0,0.0,502.0,0,361.9056534215497,0.0,3267,-361.9056534215497
Data,2711,0.0,0.0,2806.9230868061695,0.0,0.0,716.75,0.0,502.0,0,899.6730868061696,0.0,3126,-899.6730868061695
Data,2712,0.0,0.0,2888.8606412953477,0.0,0.0,699.98,0.0,502.0,0,1068.840641295348,0.0,3022,-1068.8406412953477
Data,2713,0.0,0.0,2490.508796950515,0.0,0.0,663.08,0.0,502.0,0,752.588796950515,0.0,2903,-752.5887969505148
Data,2714,0.0,0.0,2225.425760824506,0.0,0.0,680.97,0.0,502.0,0,615.395760824506,0.0,2793,-615.3957608245062
Data,2715,0.0,0.0,2127.2833086844707,0.0,0.0,738.0,0.0,502.0,0,435.2833086844708,0.0,2932,-435.28330868447074
Data,2716,0.0,0.0,2023.6585344617743,0.0,0.0,742.47,0.0,502.0,0,179.1285344617743,0.0,3089,-179.12853446177428
Data,2717,0.0,0.0,2666.1872181951394,0.0,0.0,726.82,0.0,502.0,0,788.0072181951397,0.0,3107,-788.0072181951394
Data,2718,-0.0,0.0,2546.544227639728,0.0,0.0,710.05,0.0,502.0,0,689.5942276397279,0.0,3069,-689.5942276397279
Data,2719,-0.0,0.0,2950.7683212654038,0.0,0.0,697.75,0.0,502.0,0,1099.5183212654038,0.0,3051,-1099.5183212654038
Data,2720,-0.0,0.0,2311.7745311055073,0.0,0.0,705.57,0.0,151.0,0,83.3445311055076,0.0,3085,-83.34453110550737
Data,2721,-0.0,0.0,2593.6436356348618,0.0,0.0,694.39,0.0,151.0,0,215.0336356348616,0.0,3224,-215.03363563486175
Data,2722,-0.0,0.0,2731.216041688715,0.0,0.0,697.75,0.0,151.0,0,158.96604168871477,0.0,3421,-158.966041688715
Data,2723,-0.0,0.0,2634.811238789441,0.0,0.0,754.77,0.0,502.0,0,441.5812387894416,0.0,3450,-441.58123878944116
Data,2724,-0.0,0.0,2692.750560104385,0.0,0.0,755.89,0.0,502.0,0,542.6405601043848,0.0,3408,-542.6405601043849
Data,2725,-0.0,0.0,2904.0717505800535,0.0,0.0,691.04,0.0,151.0,0,493.1117505800533,0.0,3253,-493.11175058005347
Data,2726,-0.0,0.0,3053.925262139234,0.0,0.0,707.81,0.0,151.0,0,597.7352621392336,0.0,3315,-597.7352621392338
Data,2727,-0.0,0.0,2930.6124892580983,0.0,0.0,714.52,0.0,151.0,0,493.1324892580982,0.0,3303,-493.1324892580983
Data,2728,-0.0,0.0,2420.457201673824,0.0,0.0,777.14,0.0,151.0,0,25.597201673824095,0.0,3323,-25.59720167382386
Data,2729,-0.0,0.0,2555.0162620448923,0.0,0.0,814.04,0.0,502.0,0,537.0562620448925,0.0,3334,-537.0562620448923
Data,2730,-0.0,0.0,2136.9094958950095,0.0,0.0,853.17,0.0,502.0,0,122.07949589500964,0.0,3370,-122.07949589500947
Data,2731,-0.0,0.0,2153.3946618288505,0.0,0.0,878.89,0.0,502.0,0,113.28466182885047,0.0,3421,-113.28466182885052
Data,2732,-0.0,0.0,2265.408705702723,0.0,0.0,865.47,0.0,502.0,0,193.8787057027234,0.0,3439,-193.8787057027232
Data,2733,0.0,0.0,2182.380310830673,0.0,0.0,795.03,0.0,502.0,0,182.4103108306729,0.0,3297,-182.41031083067287
Data,2734,0.0,0.0,2364.4868219497257,0.0,0.0,724.58,0.0,502.0,0,501.06682194972575,0.0,3090,-501.06682194972575
Data,2735,0.0,0.0,2490.661943384073,0.0,0.0,696.63,0.0,502.0,0,724.2919433840731,0.0,2965,-724.2919433840729
Data,2736,0.0,0.0,2404.3787035160994,0.0,0.0,685.45,0.0,502.0,0,733.8287035160994,0.0,2858,-733.8287035160995
Data,2737,0.0,0.0,2495.970231384209,0.0,0.0,650.78,0.0,502.0,0,926.7502313842087,0.0,2722,-926.750231384209
Data,2738,0.0,0.0,1999.1940638783742,0.0,0.0,724.58,0.0,502.0,0,539.7740638783744,0.0,2686,-539.7740638783742
Data,2739,0.0,0.0,1842.0636590143524,0.0,0.0,740.24,0.0,502.0,0,266.30365901435243,0.0,2818,-266.30365901435243
Data,2740,0.0,0.0,1511.0201751099967,0.0,0.0,739.12,0.0,502.0,0,-242.85982489000338,0.0,2995,242.85982489000332
Data,2741,0.0,0.0,1274.5163651602315,0.0,0.0,741.35,0.0,502.0,0,-437.13363483976843,0.0,2955,437.13363483976843
Data,2742,-0.0,0.0,1045.0692342891946,0.0,0.0,746.95,0.0,502.0,0,-543.9807657108053,0.0,2838,543.9807657108054
Data,2743,-0.0,0.0,1064.5446661335297,0.0,0.0,712.28,0.0,502.0,0,-468.1753338664704,0.0,2747,468.1753338664703
Data,2744,-0.0,0.0,1129.3002209325489,0.0,0.0,675.38,0.0,0.0,0,-965.319779067451,0.0,2770,965.3197790674511
Data,2745,-0.0,0.0,1357.2614921885604,0.0,0.0,678.74,0.0,0.0,0,-921.9985078114399,0.0,2958,921.9985078114396
Data,2746,-0.0,0.0,1277.3057137117582,0.0,0.0,684.33,0.0,0.0,0,-1102.3642862897,0.0,3064,1102.3642862882416
Data,2747,-0.0,0.0,1038.4283326714212,0.0,0.0,638.48,0.0,0.0,0,-1374.0916673285788,0.0,3051,1374.0916673285788
Data,2748,-0.0,0.0,962.9221822237605,0.0,0.0,620.59,0.0,0.0,0,-1475.4878177762391,0.0,3059,1475.4878177762394
Data,2749,-0.0,0.0,1248.1989777735841,0.0,0.0,615.0,0.0,0.0,0,-1228.8010222264159,0.0,3092,1228.8010222264159
Data,2750,-0.0,0.0,1166.5040454998232,0.0,0.0,649.66,0.0,0.0,0,-1292.835954500177,0.0,3109,1292.8359545001767
Data,2751,-0.0,0.0,1283.5640746920167,0.0,0.0,712.28,0.0,0.0,0,-1063.1559253079836,0.0,3059,1063.1559253079834
Data,2752,-0.0,0.0,1172.0579077976163,0.0,0.0,758.13,0.0,0.0,0,-1105.8120922023834,0.0,3036,1105.8120922023836
Data,2753,-0.0,0.0,1285.0338856889255,0.0,0.0,770.43,0.0,502.0,0,-552.5361143110747,0.0,3110,552.5361143110746
Data,2754,-0.0,0.0,1513.1371846108636,0.0,0.0,814.04,0.0,502.0,0,-412.82281538913645,0.0,3242,412.8228153891364
Data,2755,-0.0,0.0,1910.9834471938043,0.0,0.0,847.58,0.0,502.0,0,-80.4365528061958,0.0,3341,80.43655280619566
Data,2756,-0.0,0.0,1671.6954593635194,0.0,0.0,852.05,0.0,502.0,0,-386.25454063648044,0.0,3412,386.25454063648067
Data,2757,-0.0,0.0,1691.4501242959477,0.0,0.0,821.86,0.0,502.0,0,-257.6898757040522,0.0,3273,257.68987570405227
Data,2758,0.0,0.0,1586.926990193902,0.0,0.0,684.33,0.0,502.0,0,-324.74300980609814,0.0,3098,324.74300980609803
Data,2759,0.0,0.0,1565.858437532277,0.0,0.0,639.6,0.0,502.0,0,-193.54156246772288,0.0,2901,193.54156246772288
Data,2760,0.0,0.0,1399.0380160384457,0.0,0.0,638.48,0.0,502.0,0,-251.48198396155442,0.0,2791,251.4819839615543
Data,2761,0.0,0.0,1120.6705146860513,0.0,0.0,619.47,0.0,502.0,0,-410.85948531394877,0.0,2653,410.85948531394865
Data,2762,0.0,0.0,945.5137366564732,0.0,0.0,734.65,0.0,502.0,0,-397.83626334352687,0.0,2580,397.83626334352687
Data,2763,0.0,0.0,1306.9410787192573,0.0,0.0,768.19,0.0,502.0,0,-140.86892128074254,0.0,2718,140.8689212807426
Data,2764,0.0,0.0,1464.0801305090765,0.0,0.0,774.9,0.0,502.0,0,-197.01986949092338,0.0,2938,197.0198694909235
Data,2765,0.0,0.0,1611.6520057256932,0.0,0.0,771.55,0.0,502.0,0,-73.79799427430692,0.0,2959,73.7979942743068
Data,2766,-0.0,0.0,1650.401604133648,0.0,0.0,760.36,0.0,502.0,0,0.7616041336482198,0.0,2912,-0.7616041336481203
Data,2767,-0.0,0.0,941.5107419846208,0.0,0.0,672.03,0.0,502.0,0,-869.459258015379,0.0,2985,869.4592580153792
Data,2768,-0.0,0.0,918.4063269693107,0.0,0.0,668.67,0.0,502.0,0,-1031.923673030689,0.0,3121,1031.9236730306893
Data,2769,-0.0,0.0,920.8083071508087,0.0,0.0,660.85,0.0,502.0,0,-1367.3416928491913,0.0,3451,1367.3416928491913
Data,2770,-0.0,0.0,902.4707986858161,0.0,0.0,667.55,0.0,502.0,0,-1612.9792013141835,0.0,3685,1612.979201314184
Data,2771,-0.0,0.0,1162.5262586347003,0.0,0.0,634.01,0.0,502.0,0,-1412.4637413652995,0.0,3711,1412.4637413652997
Data,2772,-0.0,0.0,1413.272022831019,0.0,0.0,626.18,0.0,502.0,0,-1158.547977168981,0.0,3700,1158.547977168981
Data,2773,-0.0,0.0,1474.2168125283756,0.0,0.0,607.17,0.0,502.0,0,-979.6131874716244,0.0,3563,979.6131874716244
Data,2774,-0.0,0.0,1475.9025748321058,0.0,0.0,627.3,0.0,502.0,0,-1060.7974251678936,0.0,3666,1060.7974251678943
Data,2775,-0.0,0.0,1898.6161981944874,0.0,0.0,718.99,0.0,502.0,0,-557.3938018055129,0.0,3677,557.3938018055126
Data,2776,-0.0,0.0,1742.7997958827636,0.0,0.0,726.82,0.0,502.0,0,-762.3802041172363,0.0,3734,762.3802041172363
Data,2777,-0.0,0.0,1968.238238953114,0.0,0.0,762.6,0.0,502.0,0,-707.1617610468861,0.0,3940,707.161761046886
Data,2778,-0.0,0.0,1610.1394214650732,0.0,0.0,811.8,0.0,502.0,0,-946.0605785349267,0.0,3870,946.0605785349269
Data,2779,-0.0,0.0,1582.2327082193988,0.0,0.0,835.28,0.0,502.0,0,-860.4872917806013,0.0,3780,860.4872917806013
Data,2780,-0.0,0.0,1400.0713952421856,0.0,0.0,776.02,0.0,502.0,0,-1110.9086047578144,0.0,3789,1110.9086047578144
Data,2781,-0.0,0.0,1219.0543751454197,0.0,0.0,770.43,0.0,502.0,0,-1081.5156248545804,0.0,3573,1081.5156248545804
Data,2782,0.0,0.0,1242.9969954033595,0.0,0.0,723.46,0.0,502.0,0,-840.5430045966405,0.0,3309,840.5430045966405
Data,2783,0.0,0.0,932.9695960664912,0.0,0.0,647.43,0.0,502.0,0,-1101.600403933509,0.0,3184,1101.600403933509
Data,2784,0.0,0.0,885.2129786394568,0.0,0.0,636.25,0.0,502.0,0,-1004.5370213605432,0.0,3028,1004.5370213605432
Data,2785,0.0,0.0,851.3975433858437,0.0,0.0,648.55,0.0,502.0,0,-842.0524566141563,0.0,2844,842.0524566141563
Data,2786,0.0,0.0,1054.3968516730442,0.0,0.0,759.25,0.0,502.0,0,-503.35314832695576,0.0,2819,503.35314832695576
Data,2787,0.0,0.0,993.2458073474959,0.0,0.0,788.32,0.0,502.0,0,-639.434192652504,0.0,2923,639.4341926525041
Data,2788,0.0,0.0,1219.176499875406,0.0,0.0,798.38,0.0,502.0,0,-569.4435001245938,0.0,3089,569.4435001245939
Data,2789,0.0,0.0,1928.4930150481703,0.0,0.0,816.27,0.0,502.0,0,131.76301504817027,0.0,3115,-131.76301504817025
Data,2790,-0.0,0.0,1992.4977766699956,0.0,0.0,744.71,0.0,502.0,0,175.20777666999567,0.0,3064,-175.2077766699956
Data,2791,-0.0,0.0,1838.506986254584,0.0,0.0,670.91,0.0,502.0,0,-61.58301374541625,0.0,3073,61.583013745416
Data,2792,-0.0,0.0,1945.9846373207456,0.0,0.0,668.67,0.0,502.0,0,-32.34536267925432,0.0,3149,32.345362679254436
Data,2793,-0.0,0.0,1773.248403057888,0.0,0.0,664.2,0.0,502.0,0,-452.5515969421122,0.0,3392,452.5515969421119
Data,2794,-0.0,0.0,2329.2316381920605,0.0,0.0,667.55,0.0,502.0,0,-247.21836180793932,0.0,3746,247.21836180793957
Data,2795,-0.0,0.0,2125.584972595869,0.0,0.0,632.89,0.0,502.0,0,-653.5250274041308,0.0,3914,653.5250274041308
Data,2796,-0.0,0.0,2279.3370120716813,0.0,0.0,606.05,0.0,502.0,0,-514.612987928318,0.0,3902,514.6129879283187
Data,2797,-0.0,0.0,2461.0791297192477,0.0,0.0,592.64,0.0,502.0,0,-204.28087028075248,0.0,3760,204.2808702807523
Data,2798,-0.0,0.0,2642.747316296256,0.0,0.0,637.36,0.0,502.0,0,-141.89268370374384,0.0,3924,141.89268370374396
Data,2799,-0.0,0.0,2660.2206694669803,0.0,0.0,699.98,0.0,502.0,0,-102.79933053301966,0.0,3965,102.79933053301966
Data,2800,-0.0,0.0,2596.748607660051,0.0,0.0,743.59,0.0,502.0,0,-150.66139233994863,0.0,3993,150.66139233994875
Data,2801,-0.0,0.0,2567.782322522552,0.0,0.0,859.88,0.0,502.0,0,-180.33767747744818,0.0,4110,180.33767747744798
Data,2802,-0.0,0.0,2239.413963955174,0.0,0.0,893.43,0.0,502.0,0,-415.1560360448263,0.0,4050,415.156036044826
Data,2803,-0.0,0.0,2031.0085263047438,0.0,0.0,919.15,0.0,502.0,0,-507.8414736952561,0.0,3960,507.84147369525624
Data,2804,-0.0,0.0,1867.1525008089961,0.0,0.0,921.38,0.0,502.0,0,-665.4674991910039,0.0,3956,665.4674991910039
Data,2805,-0.0,0.0,1889.1134540287699,0.0,0.0,891.19,0.0,502.0,0,-454.69654597122997,0.0,3737,454.6965459712301
Data,2806,0.0,0.0,1500.8029392690737,0.0,0.0,755.89,0.0,502.0,0,-697.3070607309264,0.0,3456,697.3070607309263
Data,2807,0.0,0.0,1194.0307925549052,0.0,0.0,657.49,0.0,502.0,0,-942.479207445095,0.0,3296,942.4792074450947
Data,2808,0.0,0.0,1194.8285375873472,0.0,0.0,639.6,0.0,502.0,0,-817.5714624126529,0.0,3154,817.5714624126527
Data,2809,0.0,0.0,987.4448744368843,0.0,0.0,639.6,0.0,502.0,0,-820.9551255631158,0.0,2950,820.9551255631156
Data,2810,0.0,0.0,1576.3437904206182,0.0,0.0,675.38,0.0,502.0,0,-129.27620957938154,0.0,2883,129.27620957938177
Data,2811,0.0,0.0,1967.0701276159048,0.0,0.0,675.38,0.0,502.0,0,172.4501276159049,0.0,2972,-172.45012761590476
Data,2812,0.0,0.0,2036.1034642935208,0.0,0.0,706.69,0.0,502.0,0,92.79346429352094,0.0,3152,-92.79346429352086
Data,2813,0.0,0.0,2047.0165685970494,0.0,0.0,745.83,0.0,502.0,0,105.84656859704933,0.0,3189,-105.84656859704944
Data,2814,-0.0,0.0,2121.928214131932,0.0,0.0,730.17,0.0,502.0,0,248.0982141319318,0.0,3106,-248.09821413193174
Data,2815,-0.0,0.0,1849.527185050074,0.0,0.0,669.79,0.0,502.0,0,-118.68281494992615,0.0,3140,118.68281494992607
Data,2816,-0.0,0.0,1528.0123283968612,0.0,0.0,659.73,0.0,502.0,0,-601.2576716031389,0.0,3291,601.2576716031388
Data,2817,-0.0,0.0,1576.299800365598,0.0,0.0,672.03,0.0,502.0,0,-917.6701996344024,0.0,3668,917.670199634402
Data,2818,-0.0,0.0,1682.5988314309463,0.0,0.0,656.37,0.0,502.0,0,-1016.0311685690536,0.0,3857,1016.0311685690536
Data,2819,-0.0,0.0,1559.148016244628,0.0,0.0,593.75,0.0,502.0,0,-1247.1019837553722,0.0,3902,1247.101983755372
Data,2820,-0.0,0.0,1466.8868171571928,0.0,0.0,579.22,0.0,502.0,0,-1470.893182842807,0.0,4019,1470.8931828428072
Data,2821,-0.0,0.0,1600.824225307815,0.0,0.0,574.75,0.0,502.0,0,-1286.425774692185,0.0,3964,1286.425774692185
Data,2822,-0.0,0.0,1769.807949686125,0.0,0.0,623.95,0.0,502.0,0,-1185.242050313875,0.0,4081,1185.2420503138749
Data,2823,-0.0,0.0,1749.341553155477,0.0,0.0,693.27,0.0,502.0,0,-1113.388446844523,0.0,4058,1113.388446844523
Data,2824,-0.0,0.0,1698.613786397163,0.0,0.0,800.62,0.0,502.0,0,-1135.766213602837,0.0,4137,1135.766213602837
Data,2825,-0.0,0.0,1650.2476845535537,0.0,0.0,835.28,0.0,502.0,0,-1243.4723154464466,0.0,4231,1243.4723154464464
Data,2826,-0.0,0.0,1668.6321472049751,0.0,0.0,884.48,0.0,502.0,0,-1059.8878527950249,0.0,4115,1059.8878527950249
Data,2827,-0.0,0.0,2285.2333810463765,0.0,0.0,906.85,0.0,502.0,0,-313.9166189536237,0.0,4008,313.91661895362347
Data,2828,-0.0,0.0,1784.761583942099,0.0,0.0,905.73,0.0,502.0,0,-817.508416057901,0.0,4010,817.5084160579011
Data,2829,0.0,0.0,1474.4984182784249,0.0,0.0,801.74,0.0,502.0,0,-979.7615817215752,0.0,3758,979.7615817215751
Data,2830,0.0,0.0,1318.7112101716523,0.0,0.0,723.46,0.0,502.0,0,-934.8287898283477,0.0,3479,934.8287898283477
Data,2831,0.0,0.0,1337.2622587825588,0.0,0.0,675.38,0.0,502.0,0,-794.3577412174411,0.0,3309,794.3577412174412
Data,2832,0.0,0.0,1278.0203482236595,0.0,0.0,621.71,0.0,502.0,0,-724.2696517763403,0.0,3126,724.2696517763404
Data,2833,0.0,0.0,1257.7615092017575,0.0,0.0,616.12,0.0,502.0,0,-583.1184907982426,0.0,2959,583.1184907982425
Data,2834,0.0,0.0,1178.8549057653288,0.0,0.0,642.95,0.0,502.0,0,-578.1950942346712,0.0,2902,578.1950942346712
Data,2835,0.0,0.0,1214.3673071596568,0.0,0.0,649.66,0.0,502.0,0,-622.9726928403434,0.0,2989,622.9726928403433
Data,2836,0.0,0.0,1414.889225280251,0.0,0.0,714.52,0.0,502.0,0,-532.5907747197491,0.0,3164,532.5907747197491
Data,2837,0.0,0.0,1654.5966645340184,0.0,0.0,730.17,0.0,502.0,0,-307.23333546598155,0.0,3194,307.23333546598167
Data,2838,-0.0,0.0,1801.9566507654074,0.0,0.0,695.51,0.0,502.0,0,-169.53334923459266,0.0,3169,169.5333492345926
Data,2839,-0.0,0.0,1570.1851747787475,0.0,0.0,640.72,0.0,502.0,0,-440.09482522125256,0.0,3153,440.09482522125245
Data,2840,-0.0,0.0,1521.8306553868251,0.0,0.0,625.06,0.0,502.0,0,-625.1093446131749,0.0,3274,625.1093446131749
Data,2841,-0.0,0.0,1639.838966042275,0.0,0.0,629.54,0.0,502.0,0,-879.6210339577251,0.0,3651,879.6210339577251
Data,2842,-0.0,0.0,1884.2655318033696,0.0,0.0,611.65,0.0,502.0,0,-946.0844681966302,0.0,3944,946.0844681966304
Data,2843,-0.0,0.0,2076.3144106679715,0.0,0.0,604.94,0.0,502.0,0,-780.7455893320284,0.0,3964,780.7455893320284
Data,2844,-0.0,0.0,2110.1064494648067,0.0,0.0,569.15,0.0,502.0,0,-819.743550535193,0.0,4001,819.7435505351933
Data,2845,-0.0,0.0,2071.8675403514644,0.0,0.0,557.97,0.0,502.0,0,-698.1624596485351,0.0,3830,698.1624596485356
Data,2846,-0.0,0.0,2060.100589145166,0.0,0.0,602.7,0.0,502.0,0,-826.1994108548338,0.0,3991,826.199410854834
Data,2847,-0.0,0.0,2112.8735715426433,0.0,0.0,648.55,0.0,502.0,0,-817.5764284573568,0.0,4081,817.5764284573568
Data,2848,-0.0,0.0,1869.049211520534,0.0,0.0,758.13,0.0,502.0,0,-952.8207884794659,0.0,4082,952.8207884794659
Data,2849,-0.0,0.0,1921.084528372522,0.0,0.0,826.34,0.0,502.0,0,-940.5754716274777,0.0,4190,940.5754716274779
Data,2850,-0.0,0.0,2184.3679935388996,0.0,0.0,872.18,0.0,502.0,0,-523.4520064611006,0.0,4082,523.4520064611005
Data,2851,-0.0,0.0,2263.160615323671,0.0,0.0,913.55,0.0,502.0,0,-322.2893846763287,0.0,4001,322.28938467632884
Data,2852,-0.0,0.0,1926.3599589956634,0.0,0.0,901.25,0.0,502.0,0,-677.3900410043365,0.0,4007,677.3900410043366
Data,2853,0.0,0.0,1843.2390950309837,0.0,0.0,792.79,0.0,502.0,0,-644.9709049690166,0.0,3783,644.9709049690164
Data,2854,0.0,0.0,1747.5438506968617,0.0,0.0,712.28,0.0,502.0,0,-552.1761493031386,0.0,3514,552.1761493031383
Data,2855,0.0,0.0,1720.6724504175331,0.0,0.0,648.55,0.0,502.0,0,-431.7775495824666,0.0,3303,431.7775495824669
Data,2856,0.0,0.0,1558.808957564985,0.0,0.0,616.12,0.0,502.0,0,-466.0710424350152,0.0,3143,466.0710424350151
Data,2857,0.0,0.0,2230.520287953321,0.0,0.0,594.87,0.0,502.0,0,350.39028795332035,0.0,2977,-350.3902879533208
Data,2858,0.0,0.0,2000.9403159811236,0.0,0.0,613.88,0.0,502.0,0,233.82031598112366,0.0,2883,-233.8203159811236
Data,2859,0.0,0.0,1661.0449811472151,0.0,0.0,658.61,0.0,502.0,0,-173.3450188527848,0.0,2995,173.34501885278485
Data,2860,0.0,0.0,1160.9557776079837,0.0,0.0,699.98,0.0,502.0,0,-808.0642223920163,0.0,3171,808.0642223920163
Data,2861,0.0,0.0,1263.4615347341328,0.0,0.0,688.8,0.0,502.0,0,-732.7384652658673,0.0,3187,732.7384652658673
Data,2862,-0.0,0.0,1353.8599703977156,0.0,0.0,678.74,0.0,502.0,0,-611.4000296022843,0.0,3146,611.4000296022843
Data,2863,-0.0,0.0,1233.9563530281387,0.0,0.0,611.65,0.0,502.0,0,-763.3936469718612,0.0,3111,763.3936469718614
Data,2864,-0.0,0.0,825.2429456441738,0.0,0.0,604.94,0.0,502.0,0,-1331.817054355826,0.0,3264,1331.8170543558263
Data,2865,-0.0,0.0,895.5581458896253,0.0,0.0,610.53,0.0,502.0,0,-1580.911854110375,0.0,3589,1580.9118541103749
Data,2866,-0.0,0.0,986.8748982817909,0.0,0.0,602.7,0.0,502.0,0,-1770.4251017182091,0.0,3862,1770.4251017182091
Data,2867,-0.0,0.0,897.6689025318137,0.0,0.0,592.64,0.0,502.0,0,-1920.6910974681862,0.0,3913,1920.6910974681864
Data,2868,-0.0,0.0,1081.2539581060885,0.0,0.0,554.62,0.0,502.0,0,-1957.1260418939116,0.0,4095,1957.1260418939114
Data,2869,-0.0,0.0,929.1009148365029,0.0,0.0,555.74,0.0,502.0,0,-1997.1590851634976,0.0,3984,1997.1590851634971
Data,2870,-0.0,0.0,976.2918990125191,0.0,0.0,606.05,0.0,502.0,0,-2001.6581009874806,0.0,4086,2001.6581009874808
Data,2871,-0.0,0.0,1002.7177046287433,0.0,0.0,642.95,0.0,502.0,0,-2028.3322953712568,0.0,4176,2028.3322953712568
Data,2872,-0.0,0.0,958.6486580763976,0.0,0.0,763.72,0.0,502.0,0,-2004.6313419236021,0.0,4229,2004.6313419236023
Data,2873,-0.0,0.0,1489.406535019292,0.0,0.0,846.46,0.0,502.0,0,-1436.133464980708,0.0,4274,1436.133464980708
Data,2874,-0.0,0.0,1793.72152133424,0.0,0.0,877.77,0.0,502.0,0,-977.5084786657601,0.0,4151,977.5084786657601
Data,2875,-0.0,0.0,1906.9705998388824,0.0,0.0,904.61,0.0,502.0,0,-748.4194001611174,0.0,4062,748.4194001611176
Data,2876,-0.0,0.0,1850.7689924649376,0.0,0.0,881.13,0.0,502.0,0,-834.1010075350623,0.0,4068,834.1010075350624
Data,2877,-0.0,0.0,1973.7948378678147,0.0,0.0,781.61,0.0,502.0,0,-577.595162132185,0.0,3835,577.5951621321852
Data,2878,0.0,0.0,1982.5731200658643,0.0,0.0,686.56,0.0,502.0,0,-433.8668799341358,0.0,3605,433.8668799341358
Data,2879,0.0,0.0,1922.3640190751366,0.0,0.0,629.54,0.0,502.0,0,-376.0959809248635,0.0,3430,376.0959809248634
Data,2880,0.0,0.0,2040.44022198598,0.0,0.0,590.4,0.0,502.0,0,-140.15977801401988,0.0,3273,140.15977801401993
Data,2881,0.0,0.0,2346.826525476016,0.0,0.0,547.91,0.0,502.0,0,321.7365254760156,0.0,3075,-321.7365254760158
Data,2882,0.0,0.0,2449.774083479214,0.0,0.0,552.38,0.0,502.0,0,470.1540834792142,0.0,3034,-470.1540834792139
Data,2883,0.0,0.0,2269.7371055995563,0.0,0.0,597.11,0.0,502.0,0,273.84710559955647,0.0,3095,-273.84710559955636
Data,2884,0.0,0.0,2242.4146831171242,0.0,0.0,660.85,0.0,502.0,0,148.26468311712418,0.0,3257,-148.26468311712426
Data,2885,0.0,0.0,2264.6833186425392,0.0,0.0,670.91,0.0,502.0,0,221.59331864253932,0.0,3216,-221.5933186425392
Data,2886,-0.0,0.0,2554.4957504970594,0.0,0.0,659.73,0.0,502.0,0,593.2257504970594,0.0,3123,-593.2257504970594
Data,2887,-0.0,0.0,2082.061257937554,0.0,0.0,581.45,0.0,502.0,0,30.511257937553694,0.0,3135,-30.511257937553864
Data,2888,-0.0,0.0,1827.6731020918867,0.0,0.0,541.2,0.0,502.0,0,-306.1268979081135,0.0,3177,306.1268979081133
Data,2889,-0.0,0.0,1880.6040792112829,0.0,0.0,532.25,0.0,502.0,0,-517.1459207887171,0.0,3432,517.1459207887171
Data,2890,-0.0,0.0,1819.0593293116406,0.0,0.0,527.78,0.0,151.0,0,-1125.1606706883597,0.0,3623,1125.1606706883595
Data,2891,-0.0,0.0,2089.4214887179687,0.0,0.0,527.78,0.0,151.0,0,-908.7985112820318,0.0,3677,908.7985112820313
Data,2892,-0.0,0.0,2265.4787988122253,0.0,0.0,513.25,0.0,502.0,0,-513.2712011877749,0.0,3794,513.2712011877747
Data,2893,-0.0,0.0,2487.307853180809,0.0,0.0,500.95,0.0,151.0,0,-642.7421468191909,0.0,3782,642.7421468191908
Data,2894,-0.0,0.0,2793.363714544796,0.0,0.0,508.77,0.0,502.0,0,-88.86628545520415,0.0,3893,88.86628545520398
Data,2895,-0.0,0.0,3016.800114324473,0.0,0.0,537.85,0.0,151.0,0,-198.34988567552708,0.0,3904,198.34988567552716
Data,2896,-0.0,0.0,3298.0584309670894,0.0,0.0,616.12,0.0,151.0,0,142.1784309670891,0.0,3923,-142.1784309670894
Data,2897,-0.0,0.0,3222.092306666402,0.0,0.0,758.13,0.0,502.0,0,452.2223066664018,0.0,4030,-452.2223066664018
Data,2898,-0.0,0.0,3270.584363959993,0.0,0.0,854.29,0.0,502.0,0,609.8743639599928,0.0,4017,-609.8743639599929
Data,2899,-0.0,0.0,3282.2620021973353,0.0,0.0,868.83,0.0,502.0,0,681.092002197335,0.0,3972,-681.0920021973353
Data,2900,-0.0,0.0,3285.119422958749,0.0,0.0,871.06,0.0,502.0,0,660.1794229587488,0.0,3998,-660.179422958749
Data,2901,-0.0,0.0,3346.2192532919007,0.0,0.0,774.9,0.0,502.0,0,837.1192532919008,0.0,3786,-837.1192532919007
Data,2902,0.0,0.0,2788.340745129336,0.0,0.0,623.95,0.0,502.0,0,365.29074512933585,0.0,3549,-365.2907451293361
Data,2903,0.0,0.0,2558.540588527686,0.0,0.0,561.33,0.0,502.0,0,267.8705885276855,0.0,3354,-267.870588527686
Data,2904,0.0,0.0,2951.4338481331947,0.0,0.0,566.92,0.0,502.0,0,786.3538481331949,0.0,3234,-786.3538481331947
Data,2905,0.0,0.0,2769.7461471248625,0.0,0.0,530.02,0.0,502.0,0,747.7661471248628,0.0,3054,-747.7661471248625
Data,2906,0.0,0.0,2369.7131803227358,0.0,0.0,536.73,0.0,502.0,0,423.44318032273577,0.0,2985,-423.44318032273577
Data,2907,0.0,0.0,2435.2071167696968,0.0,0.0,560.21,0.0,502.0,0,464.41711676969686,0.0,3033,-464.4171167696968
Data,2908,0.0,0.0,2695.121507730106,0.0,0.0,660.85,0.0,502.0,0,637.9715077301056,0.0,3220,-637.9715077301058
Data,2909,0.0,0.0,2193.690097190983,0.0,0.0,663.08,0.0,502.0,0,158.77009719098302,0.0,3200,-158.77009719098317
Data,2910,-0.0,0.0,2757.1637112769645,0.0,0.0,642.95,0.0,502.0,0,829.1137112769646,0.0,3073,-829.1137112769645
Data,2911,-0.0,0.0,2728.3004493374074,0.0,0.0,580.34,0.0,0.0,0,239.64044933740786,0.0,3069,-239.6404493374074
Data,2912,-0.0,0.0,2309.036421085159,0.0,0.0,550.15,0.0,0.0,0,-235.81357891484097,0.0,3095,235.81357891484106
Data,2913,-0.0,0.0,2255.0814081143553,0.0,0.0,530.02,0.0,0.0,0,-585.898591885645,0.0,3371,585.8985918856447
Data,2914,-0.0,0.0,2196.6311037764413,0.0,0.0,526.66,0.0,0.0,0,-854.7088962235589,0.0,3578,854.7088962235588
Data,2915,-0.0,0.0,2247.2100386861766,0.0,0.0,512.13,0.0,0.0,0,-912.659961313823,0.0,3672,912.6599613138234
Data,2916,-0.0,0.0,2375.9060160250747,0.0,0.0,524.43,0.0,0.0,0,-865.6639839749254,0.0,3766,865.6639839749254
Data,2917,-0.0,0.0,2174.6846340624074,0.0,0.0,500.95,0.0,0.0,0,-1085.3653659375932,0.0,3761,1085.3653659375925
Data,2918,-0.0,0.0,1611.3240696856833,0.0,0.0,500.95,0.0,0.0,0,-1696.7259303143169,0.0,3809,1696.7259303143167
Data,2919,-0.0,0.0,1967.7284661345784,0.0,0.0,522.19,0.0,0.0,0,-1393.0815338654215,0.0,3883,1393.0815338654215
Data,2920,-0.0,0.0,2535.6908305523616,0.0,0.0,636.25,0.0,0.0,0,-708.0591694476385,0.0,3880,708.0591694476384
Data,2921,-0.0,0.0,2596.0106534533925,0.0,0.0,713.4,0.0,502.0,0,-126.58934654660739,0.0,3938,126.58934654660754
Data,2922,-0.0,0.0,2921.643369406944,0.0,0.0,776.02,0.0,502.0,0,232.66336940694433,0.0,3967,-232.66336940694418
Data,2923,-0.0,0.0,2917.0652111508407,0.0,0.0,795.03,0.0,502.0,0,218.0952111508403,0.0,3996,-218.09521115084067
Data,2924,-0.0,0.0,3220.7854775291366,0.0,0.0,807.33,0.0,502.0,0,478.11547752913674,0.0,4052,-478.1154775291367
Data,2925,-0.0,0.0,3058.0762627418435,0.0,0.0,743.59,0.0,502.0,0,487.6662627418434,0.0,3816,-487.6662627418435
Data,2926,0.0,0.0,2777.111545491114,0.0,0.0,648.55,0.0,502.0,0,342.6615454911141,0.0,3585,-342.6615454911141
Data,2927,0.0,0.0,2913.490130893789,0.0,0.0,553.5,0.0,502.0,0,644.9901308937887,0.0,3324,-644.9901308937888
Data,2928,0.0,0.0,2813.8486646201864,0.0,0.0,557.97,0.0,502.0,0,729.8186646201866,0.0,3144,-729.8186646201864
Data,2929,0.0,0.0,3016.1722590542076,0.0,0.0,534.49,0.0,502.0,0,1084.6622590542079,0.0,2968,-1084.6622590542077
Data,2930,0.0,0.0,3004.969202728177,0.0,0.0,553.5,0.0,502.0,0,1138.4692027281772,0.0,2922,-1138.4692027281772
Data,2931,0.0,0.0,3051.654336713815,0.0,0.0,590.4,0.0,502.0,0,1170.0543367138152,0.0,2974,-1170.0543367138152
Data,2932,0.0,0.0,2558.0086776700923,0.0,0.0,608.29,0.0,502.0,0,538.2986776700927,0.0,3130,-538.2986776700923
Data,2933,0.0,0.0,2628.3560291977665,0.0,0.0,603.82,0.0,502.0,0,585.1760291977669,0.0,3149,-585.1760291977665
Data,2934,-0.0,0.0,2740.0359615961206,0.0,0.0,588.16,0.0,502.0,0,708.1959615961202,0.0,3122,-708.1959615961206
Data,2935,-0.0,0.0,1999.9735871841763,0.0,0.0,589.28,0.0,502.0,0,-51.7464128158239,0.0,3143,51.74641281582376
Data,2936,-0.0,0.0,1366.860961403662,0.0,0.0,584.81,0.0,502.0,0,-870.3290385963378,0.0,3324,870.329038596338
Data,2937,-0.0,0.0,1258.1413444622326,0.0,0.0,589.28,0.0,502.0,0,-1400.5786555377676,0.0,3750,1400.5786555377674
Data,2938,-0.0,0.0,1365.071634166885,0.0,0.0,618.35,0.0,502.0,0,-1677.5783658331152,0.0,4163,1677.5783658331152
Data,2939,-0.0,0.0,1129.2308479319342,0.0,0.0,595.99,0.0,502.0,0,-1948.779152068066,0.0,4176,1948.7791520680657
Data,2940,-0.0,0.0,1036.9447781545298,0.0,0.0,595.99,0.0,502.0,0,-2036.0652218454707,0.0,4171,2036.0652218454702
Data,2941,-0.0,0.0,1340.7082497097967,0.0,0.0,588.16,0.0,502.0,0,-1474.1317502902034,0.0,3905,1474.1317502902034
Data,2942,-0.0,0.0,1749.0267704907114,0.0,0.0,627.3,0.0,151.0,0,-1474.6732295092884,0.0,4002,1474.6732295092886
Data,2943,-0.0,0.0,2269.961235018533,0.0,0.0,683.21,0.0,502.0,0,-567.8287649814666,0.0,4023,567.828764981467
Data,2944,-0.0,0.0,2926.04494814167,0.0,0.0,714.52,0.0,502.0,0,169.56494814166962,0.0,3973,-169.5649481416699
Data,2945,-0.0,0.0,2910.879967314352,0.0,0.0,802.85,0.0,502.0,0,254.72996731435188,0.0,3961,-254.72996731435217
Data,2946,-0.0,0.0,2907.7712422263526,0.0,0.0,826.34,0.0,502.0,0,374.11124222635254,0.0,3862,-374.1112422263526
Data,2947,-0.0,0.0,2857.040703400852,0.0,0.0,799.5,0.0,502.0,0,304.540703400852,0.0,3854,-304.5407034008522
Data,2948,-0.0,0.0,2968.006492459352,0.0,0.0,825.22,0.0,198.7888,0,148.01529245935154,0.0,3844,-148.01529245935214
Data,2949,0.0,0.0,2989.127320271652,0.0,0.0,765.95,0.0,249.2834,0,403.3607202716519,0.0,3601,-403.3607202716521
Data,2950,0.0,0.0,3353.770396366652,0.0,0.0,710.05,0.0,287.9593,0,961.7796963666518,0.0,3390,-961.7796963666522
Data,2951,0.0,0.0,3345.405818292497,0.0,0.0,738.0,0.0,0.0,0,839.405818292497,0.0,3244,-839.4058182924969
Data,2952,0.0,0.0,3623.185952371078,0.0,0.0,792.79,0.0,0.0,0,1324.9759523710784,0.0,3091,-1324.9759523710782
Data,2953,0.0,0.0,3714.9714759232156,0.0,0.0,818.51,0.0,0.0,0,1598.4814759232158,0.0,2935,-1598.4814759232156
Data,2954,0.0,0.0,3592.718973114711,0.0,0.0,849.82,0.0,0.0,0,1531.5389731147113,0.0,2911,-1531.538973114711
Data,2955,0.0,0.0,3948.796015922311,0.0,0.0,895.66,0.0,0.0,0,1909.4560159223108,0.0,2935,-1909.456015922311
Data,2956,0.0,0.0,4563.480912527111,0.0,0.0,911.32,0.0,0.0,0,2382.800912527111,0.0,3092,-2382.8009125271114
Data,2957,0.0,0.0,4826.880688149917,0.0,0.0,892.31,0.0,0.0,0,2559.190688149917,0.0,3160,-2559.1906881499167
Data,2958,-0.0,0.0,4189.662818144316,0.0,0.0,886.72,0.0,0.0,0,1959.3828181443157,0.0,3117,-1959.3828181443157
Data,2959,-0.0,0.0,3562.778894565793,0.0,0.0,900.14,0.0,151.0,0,1473.918894565793,0.0,3140,-1473.918894565793
Data,2960,-0.0,0.0,3195.0161038344104,0.0,0.0,914.67,0.0,151.0,0,983.6861038344106,0.0,3277,-983.6861038344103
Data,2961,-0.0,0.0,3167.896123099212,0.0,0.0,910.2,0.0,502.0,0,944.0961230992118,0.0,3636,-944.0961230992123
Data,2962,-0.0,0.0,3282.603833800536,0.0,0.0,910.2,0.0,151.0,0,434.8038338005356,0.0,3909,-434.80383380053604
Data,2963,-0.0,0.0,2725.307170485353,0.0,0.0,884.48,0.0,502.0,0,194.7871704853529,0.0,3917,-194.78717048535282
Data,2964,-0.0,0.0,2326.2568999816813,0.0,0.0,886.72,0.0,502.0,0,-210.02310001831847,0.0,3925,210.0231000183187
Data,2965,-0.0,0.0,2199.7442165203556,0.0,0.0,862.12,0.0,502.0,0,-162.1357834796441,0.0,3726,162.13578347964437
Data,2966,-0.0,0.0,2081.7596137919986,0.0,0.0,865.47,0.0,502.0,0,-418.770386208001,0.0,3868,418.77038620800136
Data,2967,-0.0,0.0,2158.0089643497904,0.0,0.0,880.01,0.0,502.0,0,-304.9810356502092,0.0,3845,304.9810356502096
Data,2968,-0.0,0.0,2250.958907610845,0.0,0.0,872.18,0.0,502.0,0,-217.86109238915503,0.0,3843,217.86109238915503
Data,2969,-0.0,0.0,2249.3092661449355,0.0,0.0,857.65,0.0,502.0,0,-300.0407338550645,0.0,3909,300.04073385506456
Data,2970,-0.0,0.0,2477.1492078165634,0.0,0.0,872.18,0.0,502.0,0,32.32920781656293,0.0,3819,-32.329207816563326
Data,2971,-0.0,0.0,2528.8786366751974,0.0,0.0,882.25,0.0,502.0,0,115.12863667519713,0.0,3798,-115.12863667519741
Data,2972,-0.0,0.0,2834.621251038044,0.0,0.0,861.0,0.0,502.0,0,387.6212510380443,0.0,3810,-387.6212510380442
Data,2973,0.0,0.0,2604.503648727452,0.0,0.0,819.63,0.0,502.0,0,319.1336487274519,0.0,3607,-319.13364872745194
Data,2974,0.0,0.0,2368.164707575002,0.0,0.0,790.55,0.0,502.0,0,278.7147075750023,0.0,3382,-278.71470757500197
Data,2975,0.0,0.0,2403.911998506672,0.0,0.0,778.25,0.0,502.0,0,464.1619985066718,0.0,3220,-464.1619985066718
Data,2976,0.0,0.0,2256.9222150374435,0.0,0.0,764.84,0.0,502.0,0,406.76221503744364,0.0,3117,-406.7622150374435
Data,2977,0.0,0.0,2044.1320987588279,0.0,0.0,760.36,0.0,502.0,0,339.49209875882786,0.0,2967,-339.49209875882786
Data,2978,0.0,0.0,1984.960103282359,0.0,0.0,731.29,0.0,502.0,0,354.2501032823587,0.0,2864,-354.25010328235885
Data,2979,0.0,0.0,2421.2838131064395,0.0,0.0,721.23,0.0,502.0,0,697.5138131064393,0.0,2947,-697.5138131064396
Data,2980,0.0,0.0,2247.697932423578,0.0,0.0,768.19,0.0,502.0,0,417.8879324235783,0.0,3100,-417.88793242357815
Data,2981,0.0,0.0,2125.9374567112454,0.0,0.0,742.47,0.0,502.0,0,251.40745671124546,0.0,3119,-251.40745671124546
Data,2982,-0.0,0.0,2234.1901746283925,0.0,0.0,714.52,0.0,502.0,0,393.71017462839234,0.0,3057,-393.71017462839245
Data,2983,-0.0,0.0,2232.01094335296,0.0,0.0,695.51,0.0,502.0,0,376.5209433529603,0.0,3053,-376.5209433529601
Data,2984,-0.0,0.0,2248.659393523145,0.0,0.0,701.1,0.0,502.0,0,233.7593935231446,0.0,3218,-233.75939352314492
Data,2985,-0.0,0.0,2011.7834770077131,0.0,0.0,750.3,0.0,502.0,0,-309.91652299228673,0.0,3574,309.9165229922869
Data,2986,-0.0,0.0,1922.2959170070787,0.0,0.0,796.15,0.0,502.0,0,-605.5540829929214,0.0,3826,605.5540829929213
Data,2987,-0.0,0.0,2388.4182212589367,0.0,0.0,815.15,0.0,502.0,0,-247.43177874106286,0.0,3953,247.43177874106334
Data,2988,-0.0,0.0,2623.7573648228736,0.0,0.0,827.45,0.0,502.0,0,27.20736482287307,0.0,3926,-27.207364822873615
Data,2989,-0.0,0.0,2405.423381784325,0.0,0.0,817.39,0.0,502.0,0,9.81338178432482,0.0,3715,-9.813381784325088
Data,2990,-0.0,0.0,2369.7767031823064,0.0,0.0,825.22,0.0,502.0,0,-212.00329681769333,0.0,3909,212.00329681769358
Data,2991,-0.0,0.0,2829.7685452308037,0.0,0.0,856.53,0.0,502.0,0,306.2985452308034,0.0,3882,-306.2985452308037
Data,2992,-0.0,0.0,3027.0801189893423,0.0,0.0,878.89,0.0,502.0,0,560.9701189893423,0.0,3847,-560.9701189893423
Data,2993,-0.0,0.0,3115.944123206258,0.0,0.0,888.95,0.0,502.0,0,601.8941232062581,0.0,3905,-601.8941232062582
Data,2994,-0.0,0.0,2764.1620799898856,0.0,0.0,950.45,0.0,502.0,0,419.61207998988533,0.0,3797,-419.6120799898856
Data,2995,-0.0,0.0,2900.124532357697,0.0,0.0,967.23,0.0,502.0,0,559.354532357697,0.0,3810,-559.3545323576968
Data,2996,-0.0,0.0,2364.131094199919,0.0,0.0,915.79,0.0,502.0,0,-59.078905800080776,0.0,3841,59.078905800080975
Data,2997,0.0,0.0,2052.671263722141,0.0,0.0,793.91,0.0,502.0,0,-257.4187362778592,0.0,3606,257.41873627785924
Data,2998,0.0,0.0,2077.927477306353,0.0,0.0,762.6,0.0,502.0,0,-29.472522693646912,0.0,3372,29.472522693646965
Data,2999,0.0,0.0,2332.2459902453547,0.0,0.0,748.06,0.0,502.0,0,398.3059902453545,0.0,3184,-398.3059902453547
Data,3000,0.0,0.0,3042.934243055631,0.0,0.0,744.71,0.0,502.0,0,1238.6442430556313,0.0,3051,-1238.6442430556313
Data,3001,0.0,0.0,3428.5116151308293,0.0,0.0,788.32,0.0,502.0,0,1812.8316151308295,0.0,2906,-1812.8316151308295
Data,3002,0.0,0.0,3033.4095569006713,0.0,0.0,735.76,0.0,502.0,0,1409.1695569006715,0.0,2862,-1409.1695569006713
Data,3003,0.0,0.0,2884.366919569751,0.0,0.0,730.17,0.0,502.0,0,1181.5369195697515,0.0,2935,-1181.5369195697513
Data,3004,0.0,0.0,3065.4429129407445,0.0,0.0,735.76,0.0,502.0,0,1205.2029129407442,0.0,3098,-1205.2029129407445
Data,3005,0.0,0.0,3190.8763224396116,0.0,0.0,741.35,0.0,502.0,0,1308.2263224396115,0.0,3126,-1308.2263224396115
Data,3006,-0.0,0.0,3293.768055186859,0.0,0.0,765.95,0.0,502.0,0,1493.718055186859,0.0,3068,-1493.718055186859
Data,3007,-0.0,0.0,3463.943151507485,0.0,0.0,731.29,0.0,502.0,0,1638.233151507485,0.0,3059,-1638.2331515074848
Data,3008,-0.0,0.0,3436.162356753439,0.0,0.0,738.0,0.0,502.0,0,1450.1623567534386,0.0,3226,-1450.1623567534389
Data,3009,-0.0,0.0,3643.485375220106,0.0,0.0,771.55,0.0,502.0,0,1331.035375220106,0.0,3586,-1331.035375220106
Data,3010,-0.0,0.0,3497.9888442656943,0.0,0.0,733.53,0.0,502.0,0,963.5188442656938,0.0,3770,-963.5188442656943
Data,3011,-0.0,0.0,3397.6402015283084,0.0,0.0,724.58,0.0,502.0,0,804.2202015283083,0.0,3820,-804.2202015283084
Data,3012,-0.0,0.0,3401.9355325361644,0.0,0.0,757.01,0.0,502.0,0,747.9455325361643,0.0,3913,-747.9455325361644
Data,3013,-0.0,0.0,3255.5308259602025,0.0,0.0,738.0,0.0,502.0,0,772.5308259602024,0.0,3723,-772.5308259602025
Data,3014,-0.0,0.0,3392.352297740085,0.0,0.0,770.43,0.0,502.0,0,806.7822977400849,0.0,3858,-806.7822977400848
Data,3015,-0.0,0.0,2800.9902727228696,0.0,0.0,773.78,0.0,502.0,0,200.77027272286924,0.0,3876,-200.77027272286955
Data,3016,-0.0,0.0,2952.5329946208058,0.0,0.0,808.45,0.0,502.0,0,372.9829946208052,0.0,3890,-372.9829946208058
Data,3017,-0.0,0.0,3247.7448162644896,0.0,0.0,834.16,0.0,502.0,0,632.9048162644897,0.0,3951,-632.9048162644896
Data,3018,-0.0,0.0,3064.3284708455317,0.0,0.0,929.21,0.0,502.0,0,674.5384708455317,0.0,3821,-674.5384708455317
Data,3019,-0.0,0.0,3152.3100792473674,0.0,0.0,961.64,0.0,502.0,0,808.9500792473674,0.0,3807,-808.9500792473674
Data,3020,-0.0,0.0,3512.394906026413,0.0,0.0,920.26,0.0,502.0,0,1101.654906026413,0.0,3833,-1101.654906026413
Data,3021,0.0,0.0,3720.4315653997855,0.0,0.0,805.09,0.0,502.0,0,1439.5215653997855,0.0,3588,-1439.5215653997857
Data,3022,0.0,0.0,3890.0682306737813,0.0,0.0,757.01,0.0,502.0,0,1789.0782306737815,0.0,3360,-1789.0782306737813
Data,3023,0.0,0.0,3781.9625050456584,0.0,0.0,734.65,0.0,502.0,0,1841.6125050456585,0.0,3177,-1841.6125050456585
Data,3024,0.0,0.0,3699.242431959814,0.0,0.0,714.52,0.0,502.0,0,1886.762431959814,0.0,3029,-1886.762431959814
Data,3025,0.0,0.0,4097.694374590039,0.0,0.0,711.16,0.0,502.0,0,2448.8543745900383,0.0,2862,-2448.854374590039
Data,3026,0.0,0.0,3972.72731163557,0.0,0.0,715.64,0.0,502.0,0,2405.36731163557,0.0,2785,-2405.36731163557
Data,3027,0.0,0.0,3502.076640753675,0.0,0.0,715.64,0.0,502.0,0,1848.7166407536747,0.0,2871,-1848.7166407536747
Data,3028,0.0,0.0,3767.8517727629524,0.0,0.0,786.08,0.0,502.0,0,2027.9317727629523,0.0,3028,-2027.9317727629523
Data,3029,0.0,0.0,3586.235575854146,0.0,0.0,799.5,0.0,502.0,0,1814.7355758541464,0.0,3073,-1814.7355758541462
Data,3030,-0.0,0.0,3453.3412962673465,0.0,0.0,727.94,0.0,502.0,0,1684.2812962673463,0.0,2999,-1684.2812962673465
Data,3031,-0.0,0.0,2898.280044061745,0.0,0.0,701.1,0.0,502.0,0,1116.3800440617447,0.0,2985,-1116.3800440617447
Data,3032,-0.0,0.0,3322.1388364620725,0.0,0.0,717.87,0.0,378.9961,0,1300.004936462072,0.0,3119,-1300.0049364620725
Data,3033,-0.0,0.0,3149.636046092486,0.0,0.0,696.63,0.0,151.0,0,514.2660460924865,0.0,3483,-514.2660460924861
Data,3034,-0.0,0.0,3645.540413469896,0.0,0.0,675.38,0.0,151.0,0,747.9204134698963,0.0,3724,-747.9204134698961
Data,3035,-0.0,0.0,3378.9644127906954,0.0,0.0,648.55,0.0,151.0,0,411.51441279069553,0.0,3767,-411.51441279069536
Data,3036,-0.0,0.0,3499.5855304311963,0.0,0.0,630.65,0.0,151.0,0,489.23553043119614,0.0,3792,-489.23553043119625
Data,3037,-0.0,0.0,2937.85239065885,0.0,0.0,588.16,0.0,151.0,0,71.01239065884971,0.0,3606,-71.01239065884977
Data,3038,-0.0,0.0,2566.2088401296824,0.0,0.0,622.83,0.0,151.0,0,-392.96115987031783,0.0,3733,392.9611598703176
Data,3039,-0.0,0.0,2548.894132685021,0.0,0.0,675.38,0.0,151.0,0,-370.7258673149791,0.0,3746,370.72586731497915
Data,3040,-0.0,0.0,2279.9655648019457,0.0,0.0,713.4,0.0,151.0,0,-616.6344351980538,0.0,3761,616.6344351980543
Data,3041,-0.0,0.0,2269.392197214669,0.0,0.0,791.67,0.0,151.0,0,-616.9378027853307,0.0,3829,616.937802785331
Data,3042,-0.0,0.0,2899.8863047175664,0.0,0.0,885.6,0.0,151.0,0,181.48630471756596,0.0,3755,-181.48630471756644
Data,3043,-0.0,0.0,2822.79649779273,0.0,0.0,932.56,0.0,151.0,0,213.35649779272998,0.0,3693,-213.3564977927299
Data,3044,-0.0,0.0,3411.426150810231,0.0,0.0,945.98,0.0,151.0,0,799.4061508102309,0.0,3709,-799.4061508102309
Data,3045,-0.0,0.0,3505.219179891329,0.0,0.0,805.09,0.0,151.0,0,998.3091798913292,0.0,3463,-998.3091798913291
Data,3046,0.0,0.0,3045.805419328562,0.0,0.0,724.58,0.0,151.0,0,685.3854193285617,0.0,3236,-685.3854193285621
Data,3047,0.0,0.0,3402.28213953278,0.0,0.0,684.33,0.0,175.5518,0,1171.1639395327802,0.0,3091,-1171.1639395327802
Data,3048,0.0,0.0,3261.6587830410936,0.0,0.0,679.85,0.0,151.0,0,1148.5087830410937,0.0,2944,-1148.5087830410935
Data,3049,0.0,0.0,3178.5435091155846,0.0,0.0,656.37,0.0,271.1301,0,1330.0436091155843,0.0,2776,-1330.0436091155846
Data,3050,0.0,0.0,3262.9564224108362,0.0,0.0,664.2,0.0,502.0,0,1673.1564224108363,0.0,2756,-1673.1564224108363
Data,3051,0.0,0.0,3183.284301127243,0.0,0.0,668.67,0.0,502.0,0,1520.954301127243,0.0,2833,-1520.954301127243
Data,3052,0.0,0.0,3180.8966242619463,0.0,0.0,693.27,0.0,336.7034,0,1222.8700242619464,0.0,2988,-1222.8700242619461
Data,3053,0.0,0.0,3102.615092302411,0.0,0.0,746.95,0.0,340.2089,0,1174.7739923024112,0.0,3015,-1174.7739923024112
Data,3054,-0.0,0.0,3242.2554111979794,0.0,0.0,742.47,0.0,309.0984,0,1379.8238111979792,0.0,2914,-1379.8238111979795
Data,3055,-0.0,0.0,3140.91538297802,0.0,0.0,730.17,0.0,151.0,0,1165.08538297802,0.0,2857,-1165.0853829780199
Data,3056,-0.0,0.0,2889.0496100830446,0.0,0.0,677.62,0.0,151.0,0,799.669610083045,0.0,2918,-799.6696100830446
Data,3057,-0.0,0.0,2905.655291151567,0.0,0.0,609.41,0.0,151.0,0,562.0652911515667,0.0,3104,-562.0652911515668
Data,3058,-0.0,0.0,2779.7219659746897,0.0,0.0,606.05,0.0,151.0,0,234.7719659746895,0.0,3302,-234.7719659746897
Data,3059,-0.0,0.0,2154.135351441419,0.0,0.0,610.53,0.0,151.0,0,-488.3346485585812,0.0,3404,488.33464855858097
Data,3060,-0.0,0.0,2329.726343080332,0.0,0.0,613.88,0.0,151.0,0,-259.3936569196682,0.0,3354,259.39365691966816
Data,3061,-0.0,0.0,2188.9059289000156,0.0,0.0,598.23,0.0,450.994,0,-71.87007109998436,0.0,3310,71.87007109998433
Data,3062,-0.0,0.0,2275.512169400663,0.0,0.0,648.55,0.0,502.0,0,60.06216940066337,0.0,3366,-60.062169400662924
Data,3063,-0.0,0.0,1955.5773219946398,0.0,0.0,695.51,0.0,335.4958,0,-351.41687800536033,0.0,3338,351.4168780053603
Data,3064,-0.0,0.0,1898.6945335131406,0.0,0.0,741.35,0.0,303.4068,0,-396.5486664868596,0.0,3340,396.54866648685936
Data,3065,-0.0,0.0,2047.477049361468,0.0,0.0,844.23,0.0,502.0,0,-52.29295063853187,0.0,3446,52.29295063853192
Data,3066,-0.0,0.0,2784.0140423302555,0.0,0.0,899.02,0.0,502.0,0,781.0340423302555,0.0,3404,-781.0340423302555
Data,3067,-0.0,0.0,2884.219617806749,0.0,0.0,931.45,0.0,199.5109,0,564.180517806749,0.0,3451,-564.1805178067489
Data,3068,-0.0,0.0,2835.6459355668717,0.0,0.0,919.15,0.0,151.0,0,367.79593556687223,0.0,3538,-367.79593556687166
Data,3069,-0.0,0.0,3181.443252924905,0.0,0.0,796.15,0.0,502.0,0,1115.593252924905,0.0,3364,-1115.5932529249053
Data,3070,0.0,0.0,3173.075194238327,0.0,0.0,755.89,0.0,502.0,0,1257.9651942383268,0.0,3173,-1257.965194238327
Data,3071,0.0,0.0,3389.4447198319845,0.0,0.0,696.63,0.0,502.0,0,1556.0747198319843,0.0,3032,-1556.0747198319846
Data,3072,0.0,0.0,3341.0994633191235,0.0,0.0,660.85,0.0,380.2637,0,1484.2131633191232,0.0,2898,-1484.2131633191234
Data,3073,0.0,0.0,3055.5657204285067,0.0,0.0,651.9,0.0,411.7529,0,1365.2186204285397,0.0,2754,-1365.2186204285067
Data,3074,0.0,0.0,2881.3686144798066,0.0,0.0,616.12,0.0,271.8033,0,1079.2919144798066,0.0,2690,-1079.2919144798066
Data,3075,0.0,0.0,2739.980778500711,0.0,0.0,606.05,0.0,502.0,0,1048.030778500711,0.0,2800,-1048.030778500711
Data,3076,0.0,0.0,2654.8103016833134,0.0,0.0,669.79,0.0,496.4533,0,852.0536016833134,0.0,2969,-852.0536016833133
Data,3077,0.0,0.0,2643.5668309715134,0.0,0.0,661.96,0.0,428.7864,0,768.3132309715133,0.0,2966,-768.3132309715133
Data,3078,-0.0,0.0,2594.912060148616,0.0,0.0,649.66,0.0,374.9677,0,769.5397601486162,0.0,2850,-769.5397601486161
Data,3079,-0.0,0.0,2281.919554101349,0.0,0.0,668.67,0.0,185.5595,0,378.149054101349,0.0,2758,-378.1490541013491
Data,3080,-0.0,0.0,1953.916176541398,0.0,0.0,653.02,0.0,261.3514,0,53.287576541398096,0.0,2815,-53.28757654139804
Data,3081,-0.0,0.0,1663.7369232805152,0.0,0.0,666.44,0.0,151.0,0,-545.8230767194848,0.0,3027,545.8230767194848
Data,3082,-0.0,0.0,2014.698251375155,0.0,0.0,667.55,0.0,262.6376,0,-148.11414862484494,0.0,3093,148.11414862484503
Data,3083,-0.0,0.0,2124.646135778674,0.0,0.0,672.03,0.0,502.0,0,198.676135778674,0.0,3100,-198.67613577867382
Data,3084,-0.0,0.0,1737.2858007065797,0.0,0.0,687.68,0.0,502.0,0,-215.03419929342033,0.0,3142,215.03419929342033
Data,3085,-0.0,0.0,1678.322530608413,0.0,0.0,677.62,0.0,502.0,0,-240.0574693915872,0.0,3098,240.057469391587
Data,3086,-0.0,0.0,1656.685221118591,0.0,0.0,678.74,0.0,502.0,0,-214.5747788814091,0.0,3052,214.57477888140897
Data,3087,-0.0,0.0,1284.813784633628,0.0,0.0,684.33,0.0,151.0,0,-955.8562153663719,0.0,3076,955.8562153663719
Data,3088,-0.0,0.0,1742.2711545596505,0.0,0.0,743.59,0.0,151.0,0,-488.1388454403495,0.0,3125,488.1388454403494
Data,3089,-0.0,0.0,1790.828108333631,0.0,0.0,820.75,0.0,502.0,0,-187.42189166636922,0.0,3301,187.421891666369
Data,3090,-0.0,0.0,2513.125150175588,0.0,0.0,885.6,0.0,502.0,0,502.7251501755877,0.0,3398,-502.7251501755878
Data,3091,-0.0,0.0,2646.5338087737346,0.0,0.0,886.72,0.0,502.0,0,532.2538087737347,0.0,3503,-532.2538087737346
Data,3092,-0.0,0.0,2747.9788607216956,0.0,0.0,885.6,0.0,502.0,0,568.5788607216954,0.0,3567,-568.5788607216956
Data,3093,-0.0,0.0,2875.982468961507,0.0,0.0,801.74,0.0,502.0,0,803.7224689615066,0.0,3376,-803.722468961507
Data,3094,0.0,0.0,3259.3720086209278,0.0,0.0,735.76,0.0,502.0,0,1331.1320086209278,0.0,3166,-1331.1320086209278
Data,3095,0.0,0.0,3127.4346735692743,0.0,0.0,706.69,0.0,502.0,0,1368.1246735692744,0.0,2968,-1368.1246735692744
Data,3096,0.0,0.0,2977.3717155955565,0.0,0.0,685.45,0.0,502.0,0,1318.8217155955563,0.0,2846,-1318.8217155955565
Data,3097,0.0,0.0,3396.6903132965836,0.0,0.0,678.74,0.0,502.0,0,1858.4303132965833,0.0,2719,-1858.4303132965836
Data,3098,0.0,0.0,3166.2390603692525,0.0,0.0,693.27,0.0,502.0,0,1692.5090603692524,0.0,2669,-1692.5090603692524
Data,3099,0.0,0.0,3225.0646867519563,0.0,0.0,741.35,0.0,502.0,0,1695.4146867519562,0.0,2773,-1695.4146867519562
Data,3100,0.0,0.0,3205.7043811080266,0.0,0.0,826.34,0.0,502.0,0,1574.0443811080265,0.0,2960,-1574.0443811080268
Data,3101,0.0,0.0,3054.543670458368,0.0,0.0,830.81,0.0,502.0,0,1371.3536704583682,0.0,3016,-1371.353670458368
Data,3102,-0.0,0.0,2717.989114861502,0.0,0.0,810.68,0.0,502.0,0,1046.669114861502,0.0,2984,-1046.6691148615018
Data,3103,-0.0,0.0,2181.892435067278,0.0,0.0,799.5,0.0,502.0,0,409.3924350672775,0.0,3074,-409.3924350672778
Data,3104,-0.0,0.0,1989.1578818665173,0.0,0.0,798.38,0.0,502.0,0,-17.46211813348267,0.0,3307,17.462118133482704
Data,3105,-0.0,0.0,2021.535457421682,0.0,0.0,753.65,0.0,502.0,0,-440.814542578318,0.0,3718,440.8145425783181
Data,3106,-0.0,0.0,2267.2802384040915,0.0,0.0,744.71,0.0,502.0,0,-484.0097615959086,0.0,3998,484.00976159590846
Data,3107,-0.0,0.0,2242.366521867805,0.0,0.0,761.48,0.0,151.0,0,-875.153478132195,0.0,4030,875.1534781321948
Data,3108,-0.0,0.0,2818.0836401741976,0.0,0.0,723.46,0.0,151.0,0,-358.4563598258025,0.0,4051,358.45635982580234
Data,3109,-0.0,0.0,3163.7311779239794,0.0,0.0,710.05,0.0,151.0,0,161.78117792397927,0.0,3863,-161.78117792397939
Data,3110,-0.0,0.0,3197.799395769904,0.0,0.0,765.95,0.0,151.0,0,66.74939576990374,0.0,4048,-66.74939576990414
Data,3111,-0.0,0.0,3244.9448676027555,0.0,0.0,792.79,0.0,164.4039,0,131.13876760275525,0.0,4071,-131.13876760275545
Data,3112,-0.0,0.0,3648.435893357653,0.0,0.0,829.69,0.0,151.0,0,576.1258933576528,0.0,4053,-576.1258933576532
Data,3113,-0.0,0.0,3215.6412374936535,0.0,0.0,912.44,0.0,151.0,0,78.08123749365355,0.0,4201,-78.08123749365359
Data,3114,-0.0,0.0,3563.464070472115,0.0,0.0,916.91,0.0,151.0,0,491.3740704721148,0.0,4140,-491.374070472115
Data,3115,-0.0,0.0,3376.9509060278815,0.0,0.0,901.25,0.0,224.0255,0,413.2264060278819,0.0,4089,-413.22640602788147
Data,3116,-0.0,0.0,3644.3740568910134,0.0,0.0,855.41,0.0,151.0,0,618.7840568910135,0.0,4032,-618.7840568910134
Data,3117,-0.0,0.0,3027.690949873111,0.0,0.0,864.35,0.0,174.9473,0,306.98824987311065,0.0,3760,-306.98824987311116
Data,3118,0.0,0.0,3222.0795806877386,0.0,0.0,841.99,0.0,174.4352,0,767.5047806877385,0.0,3471,-767.5047806877386
Data,3119,0.0,0.0,4284.958730132397,0.0,0.0,815.15,0.0,151.0,0,1940.108730132397,0.0,3311,-1940.1087301323973
Data,3120,0.0,0.0,4355.300235746898,0.0,0.0,867.71,0.0,460.1381,0,2536.1483357468974,0.0,3147,-2536.148335746898
Data,3121,0.0,0.0,3705.591792821582,0.0,0.0,931.45,0.0,251.0318,0,1886.0735928215825,0.0,3002,-1886.0735928215822
Data,3122,0.0,0.0,3001.447703787073,0.0,0.0,907.96,0.0,502.0,0,1497.4077037870727,0.0,2914,-1497.407703787073
Data,3123,0.0,0.0,2893.6563136953546,0.0,0.0,885.6,0.0,502.0,0,1289.2563136953543,0.0,2992,-1289.2563136953545
Data,3124,0.0,0.0,2512.950326020917,0.0,0.0,935.92,0.0,151.0,0,486.87032602091705,0.0,3113,-486.8703260209171
Data,3125,0.0,0.0,2797.343687676958,0.0,0.0,982.88,0.0,151.0,0,792.223687676958,0.0,3139,-792.2236876769579
Data,3126,-0.0,0.0,1970.7076583581168,0.0,0.0,986.24,0.0,151.0,0,8.94765835811688,0.0,3099,-8.947658358116769
Data,3127,-0.0,0.0,2076.144249281416,0.0,0.0,982.88,0.0,502.0,0,433.0242492814157,0.0,3128,-433.0242492814158
Data,3128,-0.0,0.0,2529.709246836094,0.0,0.0,949.34,0.0,502.0,0,634.049246836094,0.0,3347,-634.0492468360939
Data,3129,-0.0,0.0,2742.122946061151,0.0,0.0,952.69,0.0,151.0,0,56.81294606115134,0.0,3789,-56.81294606115125
Data,3130,-0.0,0.0,2993.0219431348987,0.0,0.0,967.23,0.0,502.0,0,435.2519431348987,0.0,4027,-435.25194313489874
Data,3131,-0.0,0.0,2545.787679568984,0.0,0.0,948.22,0.0,151.0,0,-476.9923204310158,0.0,4122,476.99232043101597
Data,3132,-0.0,0.0,1989.7309637138114,0.0,0.0,945.98,0.0,502.0,0,-769.2890362861888,0.0,4207,769.2890362861885
Data,3133,-0.0,0.0,1830.567185718697,0.0,0.0,924.74,0.0,502.0,0,-809.6928142813034,0.0,4067,809.6928142813031
Data,3134,-0.0,0.0,1631.4543489174978,0.0,0.0,934.8,0.0,502.0,0,-1146.745651082502,0.0,4215,1146.7456510825023
Data,3135,-0.0,0.0,1314.7064290314809,0.0,0.0,959.4,0.0,151.0,0,-1791.893570968519,0.0,4217,1791.8935709685193
Data,3136,-0.0,0.0,1276.1540539117618,0.0,0.0,996.3,0.0,502.0,0,-1398.545946088238,0.0,4173,1398.5459460882382
Data,3137,-0.0,0.0,1296.9417224443014,0.0,0.0,1003.01,0.0,502.0,0,-1401.0482775556984,0.0,4203,1401.0482775556986
Data,3138,-0.0,0.0,1447.7703853062903,0.0,0.0,1005.25,0.0,502.0,0,-1160.9796146937097,0.0,4116,1160.9796146937097
Data,3139,-0.0,0.0,1426.747970849296,0.0,0.0,1006.36,0.0,502.0,0,-1119.8920291507038,0.0,4055,1119.8920291507038
Data,3140,-0.0,0.0,1893.108986516195,0.0,0.0,990.71,0.0,502.0,0,-657.1810134838049,0.0,4043,657.1810134838049
Data,3141,0.0,0.0,1743.1115156361197,0.0,0.0,981.76,0.0,502.0,0,-534.12848436388,0.0,3761,534.1284843638803
Data,3142,0.0,0.0,1702.949562090805,0.0,0.0,971.7,0.0,502.0,0,-328.35043790919497,0.0,3505,328.35043790919485
Data,3143,0.0,0.0,2100.2286319624845,0.0,0.0,970.58,0.0,502.0,0,288.8086319624842,0.0,3284,-288.8086319624846
Data,3144,0.0,0.0,2082.6850451725722,0.0,0.0,976.17,0.0,502.0,0,429.85504517257243,0.0,3131,-429.8550451725722
Data,3145,0.0,0.0,2196.703305932712,0.0,0.0,952.69,0.0,502.0,0,694.3933059327121,0.0,2957,-694.3933059327119
Data,3146,0.0,0.0,2192.1078106776786,0.0,0.0,952.69,0.0,502.0,0,792.7978106776786,0.0,2854,-792.7978106776786
Data,3147,0.0,0.0,2119.3938214958143,0.0,0.0,930.33,0.0,502.0,0,606.7238214958144,0.0,2945,-606.7238214958144
Data,3148,0.0,0.0,2227.1257635907923,0.0,0.0,922.5,0.0,502.0,0,560.6257635907924,0.0,3091,-560.6257635907923
Data,3149,0.0,0.0,2045.3250595060983,0.0,0.0,905.73,0.0,502.0,0,300.0550595060984,0.0,3153,-300.05505950609836
Data,3150,-0.0,0.0,1868.2970829656856,0.0,0.0,896.78,0.0,502.0,0,145.07708296568583,0.0,3122,-145.07708296568558
Data,3151,-0.0,0.0,1617.8239552749244,0.0,0.0,904.61,0.0,502.0,0,-136.56604472507547,0.0,3161,136.56604472507559
Data,3152,-0.0,0.0,1151.5101773844945,0.0,0.0,907.96,0.0,502.0,0,-753.5298226155056,0.0,3315,753.5298226155055
Data,3153,-0.0,0.0,1100.438793816787,0.0,0.0,904.61,0.0,151.0,0,-1542.9512061832127,0.0,3699,1542.951206183213
Data,3154,-0.0,0.0,1635.7069060204112,0.0,0.0,923.62,0.0,502.0,0,-779.6730939795889,0.0,3841,779.6730939795888
Data,3155,-0.0,0.0,1944.4807187199526,0.0,0.0,944.86,0.0,502.0,0,-500.65928128004725,0.0,3892,500.65928128004737
Data,3156,-0.0,0.0,1650.6637365870756,0.0,0.0,939.27,0.0,502.0,0,-889.0662634129242,0.0,3981,889.0662634129244
Data,3157,-0.0,0.0,1498.1561829676443,0.0,0.0,930.33,0.0,502.0,0,-892.5138170323559,0.0,3823,892.5138170323556
Data,3158,-0.0,0.0,1543.6303127324936,0.0,0.0,933.68,0.0,502.0,0,-961.6896872675065,0.0,3941,961.6896872675064
Data,3159,-0.0,0.0,1253.2888408444928,0.0,0.0,943.75,0.0,502.0,0,-1185.9611591555072,0.0,3885,1185.9611591555072
Data,3160,-0.0,0.0,1198.6957917772215,0.0,0.0,964.99,0.0,502.0,0,-1164.3142082227787,0.0,3830,1164.3142082227785
Data,3161,-0.0,0.0,1422.2251570655064,0.0,0.0,981.76,0.0,502.0,0,-1064.0148429344933,0.0,3970,1064.0148429344936
Data,3162,-0.0,0.0,1697.6492808476419,0.0,0.0,990.71,0.0,502.0,0,-685.640719152358,0.0,3876,685.6407191523581
Data,3163,-0.0,0.0,2189.2538699361385,0.0,0.0,999.65,0.0,502.0,0,-183.09613006386155,0.0,3874,183.09613006386155
Data,3164,-0.0,0.0,1980.5323698738339,0.0,0.0,994.06,0.0,502.0,0,-408.40763012616605,0.0,3885,408.40763012616617
Data,3165,-0.0,0.0,1755.227474880929,0.0,0.0,954.93,0.0,502.0,0,-423.84252511907107,0.0,3636,423.84252511907096
Data,3166,0.0,0.0,1570.83808832367,0.0,0.0,953.81,0.0,502.0,0,-359.3519116763299,0.0,3386,359.35191167633
Data,3167,0.0,0.0,1609.9486525955363,0.0,0.0,948.22,0.0,502.0,0,-129.83134740446374,0.0,3190,129.8313474044637
Data,3168,0.0,0.0,1573.9127853371538,0.0,0.0,948.22,0.0,502.0,0,-35.86721466284624,0.0,3060,35.86721466284621
Data,3169,0.0,0.0,1492.2876820076876,0.0,0.0,918.03,0.0,502.0,0,11.317682007687523,0.0,2901,-11.317682007687608
Data,3170,0.0,0.0,1695.4039117303346,0.0,0.0,934.8,0.0,502.0,0,293.20391173033454,0.0,2839,-293.20391173033454
Data,3171,0.0,0.0,1745.3015511131985,0.0,0.0,967.23,0.0,502.0,0,290.53155111319853,0.0,2924,-290.5315511131985
Data,3172,0.0,0.0,1450.5751087383228,0.0,0.0,967.23,0.0,502.0,0,-160.19489126167724,0.0,3080,160.19489126167718
Data,3173,0.0,0.0,1243.039522209418,0.0,0.0,957.16,0.0,502.0,0,-424.8004777905823,0.0,3127,424.800477790582
Data,3174,-0.0,0.0,1105.8091865049832,0.0,0.0,938.15,0.0,502.0,0,-467.04081349501666,0.0,3013,467.0408134950168
Data,3175,-0.0,0.0,1425.2806311264183,0.0,0.0,945.98,0.0,502.0,0,-102.73936887358161,0.0,2976,102.73936887358172
Data,3176,-0.0,0.0,1090.4048488500573,0.0,0.0,937.04,0.0,151.0,0,-849.5551511499428,0.0,3028,849.5551511499427
Data,3177,-0.0,0.0,951.133429797334,0.0,0.0,914.67,0.0,151.0,0,-1314.196570202666,0.0,3331,1314.196570202666
Data,3178,-0.0,0.0,701.2635197214,0.0,0.0,919.15,0.0,151.0,0,-1863.5864802786,0.0,3635,1863.5864802786
Data,3179,-0.0,0.0,798.2217170000841,0.0,0.0,907.96,0.0,502.0,0,-1495.8182829999157,0.0,3704,1495.818282999916
Data,3180,-0.0,0.0,772.1697315070527,0.0,0.0,881.13,0.0,151.0,0,-1823.7002684929475,0.0,3628,1823.7002684929473
Data,3181,-0.0,0.0,825.8954427960907,0.0,0.0,866.59,0.0,502.0,0,-1426.5145572039094,0.0,3621,1426.5145572039091
Data,3182,-0.0,0.0,1156.0980770437895,0.0,0.0,883.36,0.0,151.0,0,-1471.5419229562103,0.0,3662,1471.5419229562103
Data,3183,-0.0,0.0,1256.4025765054487,0.0,0.0,894.55,0.0,502.0,0,-976.0474234945511,0.0,3629,976.0474234945514
Data,3184,-0.0,0.0,1095.698344551226,0.0,0.0,904.61,0.0,502.0,0,-1196.6916554487739,0.0,3699,1196.6916554487739
Data,3185,-0.0,0.0,1497.9361056912244,0.0,0.0,895.66,0.0,502.0,0,-858.4038943087758,0.0,3754,858.4038943087756
Data,3186,-0.0,0.0,1844.8631898052242,0.0,0.0,937.04,0.0,502.0,0,-449.0968101947758,0.0,3733,449.0968101947758
Data,3187,-0.0,0.0,2072.499811421457,0.0,0.0,949.34,0.0,502.0,0,-258.1601885785429,0.0,3782,258.16018857854317
Data,3188,-0.0,0.0,2205.2336281500957,0.0,0.0,947.1,0.0,502.0,0,-118.66637184990446,0.0,3773,118.6663718499043
Data,3189,0.0,0.0,2161.555839889983,0.0,0.0,930.33,0.0,502.0,0,41.88583988998309,0.0,3552,-41.885839889983004
Data,3190,0.0,0.0,2169.3555111439496,0.0,0.0,910.2,0.0,502.0,0,182.55551114394967,0.0,3399,-182.55551114394962
Data,3191,0.0,0.0,2090.8004520176437,0.0,0.0,915.79,0.0,502.0,0,321.59045201764377,0.0,3187,-321.59045201764366
Data,3192,0.0,0.0,2204.9868721511903,0.0,0.0,904.61,0.0,502.0,0,573.5968721511904,0.0,3038,-573.5968721511903
Data,3193,0.0,0.0,2427.8774106530527,0.0,0.0,912.44,0.0,502.0,0,931.3174106530529,0.0,2911,-931.3174106530528
Data,3194,0.0,0.0,2359.33633406993,0.0,0.0,943.75,0.0,502.0,0,929.0863340699303,0.0,2876,-929.0863340699302
Data,3195,0.0,0.0,2584.3072311488017,0.0,0.0,957.16,0.0,502.0,0,1091.4672311488016,0.0,2952,-1091.4672311488016
Data,3196,0.0,0.0,2430.408702530306,0.0,0.0,933.68,0.0,502.0,0,767.0887025303057,0.0,3099,-767.088702530306
Data,3197,0.0,0.0,2154.036191641085,0.0,0.0,947.1,0.0,502.0,0,489.13619164108525,0.0,3114,-489.13619164108525
Data,3198,-0.0,0.0,2162.012087966892,0.0,0.0,953.81,0.0,502.0,0,540.8220879668922,0.0,3077,-540.822087966892
Data,3199,-0.0,0.0,2078.197506777897,0.0,0.0,954.93,0.0,502.0,0,498.1275067778971,0.0,3037,-498.1275067778971
Data,3200,-0.0,0.0,1895.6374993878576,0.0,0.0,964.99,0.0,502.0,0,231.62749938785768,0.0,3131,-231.6274993878576
Data,3201,-0.0,0.0,2016.7282597841727,0.0,0.0,958.28,0.0,502.0,0,88.00825978417254,0.0,3389,-88.00825978417265
Data,3202,-0.0,0.0,2201.412561847208,0.0,0.0,926.97,0.0,502.0,0,127.38256184720848,0.0,3503,-127.38256184720808
Data,3203,-0.0,0.0,2100.3633750626877,0.0,0.0,923.62,0.0,502.0,0,-70.01662493731236,0.0,3596,70.01662493731226
Data,3204,-0.0,0.0,2117.817699899653,0.0,0.0,939.27,0.0,502.0,0,-23.912300100347487,0.0,3583,23.912300100347238
Data,3205,-0.0,0.0,2332.588459990333,0.0,0.0,938.15,0.0,502.0,0,162.7384599903327,0.0,3610,-162.7384599903329
Data,3206,-0.0,0.0,2900.4163995127433,0.0,0.0,945.98,0.0,502.0,0,600.396399512743,0.0,3748,-600.3963995127433
Data,3207,-0.0,0.0,2517.970109216405,0.0,0.0,924.74,0.0,502.0,0,209.71010921640493,0.0,3735,-209.71010921640504
Data,3208,-0.0,0.0,2029.9954525128885,0.0,0.0,945.98,0.0,502.0,0,-267.02454748711153,0.0,3745,267.0245474871115
Data,3209,-0.0,0.0,2202.353064731165,0.0,0.0,985.12,0.0,502.0,0,-206.52693526883513,0.0,3896,206.52693526883502
Data,3210,-0.0,0.0,2193.1629929270966,0.0,0.0,990.71,0.0,502.0,0,-219.12700707290344,0.0,3905,219.12700707290333
Data,3211,-0.0,0.0,2136.6498894762653,0.0,0.0,997.42,0.0,502.0,0,-295.9301105237345,0.0,3932,295.9301105237347
Data,3212,-0.0,0.0,2430.929087188814,0.0,0.0,1000.77,0.0,502.0,0,3.699087188813621,0.0,3930,-3.6990871888137917
Data,3213,0.0,0.0,2402.9325233068357,0.0,0.0,959.4,0.0,502.0,0,227.33252330683572,0.0,3637,-227.3325233068357
Data,3214,0.0,0.0,2632.305025430286,0.0,0.0,950.45,0.0,502.0,0,696.7550254302864,0.0,3388,-696.7550254302862
Data,3215,0.0,0.0,2489.837515128138,0.0,0.0,949.34,0.0,502.0,0,718.177515128138,0.0,3223,-718.177515128138
Data,3216,0.0,0.0,2202.7680732393965,0.0,0.0,931.45,0.0,502.0,0,535.2180732393967,0.0,3101,-535.2180732393965
Data,3217,0.0,0.0,1970.312230643204,0.0,0.0,941.51,0.0,502.0,0,497.82223064320397,0.0,2916,-497.82223064320397
Data,3218,0.0,0.0,2001.1746556711387,0.0,0.0,945.98,0.0,502.0,0,657.1546556711386,0.0,2792,-657.1546556711387
Data,3219,0.0,0.0,2050.5102894890383,0.0,0.0,945.98,0.0,502.0,0,610.4902894890382,0.0,2888,-610.4902894890383
Data,3220,0.0,0.0,1983.0038926448974,0.0,0.0,960.52,0.0,502.0,0,412.5238926448974,0.0,3033,-412.5238926448974
Data,3221,0.0,0.0,1961.8491282453156,0.0,0.0,973.94,0.0,502.0,0,417.7891282453156,0.0,3020,-417.7891282453156
Data,3222,-0.0,0.0,1955.9955912926425,0.0,0.0,971.7,0.0,502.0,0,484.6955912926426,0.0,2945,-484.6955912926426
Data,3223,-0.0,0.0,1838.6920098425678,0.0,0.0,948.22,0.0,502.0,0,363.91200984256795,0.0,2925,-363.91200984256784
Data,3224,-0.0,0.0,1453.2695150447082,0.0,0.0,945.98,0.0,502.0,0,-69.75048495529174,0.0,2971,69.75048495529177
Data,3225,-0.0,0.0,1136.1478002885342,0.0,0.0,945.98,0.0,502.0,0,-604.8721997114657,0.0,3189,604.8721997114658
Data,3226,-0.0,0.0,1202.558603124019,0.0,0.0,944.86,0.0,502.0,0,-811.5813968759807,0.0,3461,811.5813968759809
Data,3227,-0.0,0.0,889.0439969537849,0.0,0.0,886.72,0.0,502.0,0,-1167.2360030462148,0.0,3445,1167.236003046215
Data,3228,-0.0,0.0,997.0613620055838,0.0,0.0,894.55,0.0,502.0,0,-1063.388637994416,0.0,3457,1063.3886379944163
Data,3229,-0.0,0.0,1316.9267191910321,0.0,0.0,883.36,0.0,505.2,0,-650.5132808089677,0.0,3356,650.5132808089679
Data,3230,-0.0,0.0,1831.8122983011015,0.0,0.0,885.6,0.0,537.2,0,-91.38770169889894,0.0,3346,91.38770169889847
Data,3231,-0.0,0.0,1877.638212455279,0.0,0.0,919.15,0.0,534.0,0,-60.21178754472092,0.0,3391,60.211787544721005
Data,3232,-0.0,0.0,2069.5762544422732,0.0,0.0,933.68,0.0,537.2,0,79.45625444227282,0.0,3461,-79.45625444227323
Data,3233,-0.0,0.0,1927.724078410688,0.0,0.0,953.81,0.0,505.2,0,-137.26592158931223,0.0,3524,137.2659215893121
Data,3234,-0.0,0.0,2371.356986176636,0.0,0.0,986.24,0.0,502.0,0,290.5969861766358,0.0,3569,-290.59698617663594
Data,3235,-0.0,0.0,2790.0295082681723,0.0,0.0,1004.13,0.0,502.0,0,666.1595082681727,0.0,3630,-666.1595082681723
Data,3236,-0.0,0.0,2615.6515652933494,0.0,0.0,981.76,0.0,502.0,0,446.4115652933497,0.0,3653,-446.41156529334944
Data,3237,-0.0,0.0,2480.0709407642257,0.0,0.0,925.85,0.0,502.0,0,421.92094076422575,0.0,3486,-421.92094076422575
Data,3238,0.0,0.0,2482.1770915904235,0.0,0.0,923.62,0.0,502.0,0,624.7970915904234,0.0,3283,-624.7970915904235
Data,3239,0.0,0.0,2476.3043084285646,0.0,0.0,925.85,0.0,502.0,0,797.1543084285646,0.0,3107,-797.1543084285646
Data,3240,0.0,0.0,2534.4543291727464,0.0,0.0,929.21,0.0,502.0,0,967.6643291727464,0.0,2998,-967.6643291727464
Data,3241,0.0,0.0,2490.7384829327266,0.0,0.0,937.04,0.0,502.0,0,1083.7784829327268,0.0,2846,-1083.7784829327265
Data,3242,0.0,0.0,2428.154640421202,0.0,0.0,948.22,0.0,502.0,0,1113.374640421202,0.0,2765,-1113.3746404212022
Data,3243,0.0,0.0,2533.6073507529063,0.0,0.0,954.93,0.0,502.0,0,1170.5373507529061,0.0,2820,-1170.5373507529061
Data,3244,0.0,0.0,2679.950882920516,0.0,0.0,967.23,0.0,502.0,0,1180.1808829205158,0.0,2969,-1180.180882920516
Data,3245,0.0,0.0,2564.647562487734,0.0,0.0,977.29,0.0,502.0,0,1039.9375624877339,0.0,3004,-1039.9375624877339
Data,3246,0.0,0.0,2523.04717922111,0.0,0.0,952.69,0.0,502.0,0,1057.7371792211104,0.0,2920,-1057.7371792211102
Data,3247,-0.0,0.0,1730.1194128671382,0.0,0.0,873.3,0.0,502.0,0,186.41941286713828,0.0,2919,-186.41941286713813
Data,3248,-0.0,0.0,1418.8635293654188,0.0,0.0,837.52,0.0,502.0,0,-159.61647063458113,0.0,2918,159.61647063458122
Data,3249,-0.0,0.0,1390.5107511623169,0.0,0.0,837.52,0.0,502.0,0,-275.96924883768304,0.0,3006,275.96924883768315
Data,3250,-0.0,0.0,1271.516195595933,0.0,0.0,835.28,0.0,502.0,0,-566.2038044040672,0.0,3175,566.2038044040671
Data,3251,-0.0,0.0,1328.411109670556,0.0,0.0,835.28,0.0,151.0,0,-904.3088903294444,0.0,3219,904.308890329444
Data,3252,-0.0,0.0,1369.2447957331165,0.0,0.0,856.53,0.0,524.4,0,-400.82520426688336,0.0,3151,400.8252042668836
Data,3253,-0.0,0.0,1553.9831404860772,0.0,0.0,840.87,0.0,534.0,0,-120.14685951392308,0.0,3049,120.14685951392278
Data,3254,-0.0,0.0,1702.2609830093127,0.0,0.0,828.57,0.0,534.0,0,6.830983009312897,0.0,3058,-6.8309830093127175
Data,3255,-0.0,0.0,1962.1363994272212,0.0,0.0,831.93,0.0,534.0,0,315.06639942722103,0.0,3013,-315.0663994272212
Data,3256,-0.0,0.0,2404.7370810776797,0.0,0.0,863.24,0.0,534.0,0,791.9770810776798,0.0,3010,-791.9770810776797
Data,3257,-0.0,0.0,2743.8351675481904,0.0,0.0,882.25,0.0,534.0,0,994.0851675481904,0.0,3166,-994.0851675481904
Data,3258,-0.0,0.0,2486.796735894988,0.0,0.0,963.87,0.0,534.0,0,620.6667358949883,0.0,3364,-620.6667358949882
Data,3259,-0.0,0.0,2441.86120761789,0.0,0.0,984.0,0.0,534.0,0,492.86120761789016,0.0,3467,-492.86120761789016
Data,3260,-0.0,0.0,2421.2139035688488,0.0,0.0,990.71,0.0,537.2,0,425.12390356884873,0.0,3524,-425.12390356884885
Data,3261,-0.0,0.0,2448.2956158856364,0.0,0.0,976.17,0.0,537.2,0,616.6656158856363,0.0,3345,-616.6656158856364
Data,3262,0.0,0.0,2470.183882326331,0.0,0.0,886.72,0.0,537.2,0,758.1038823263309,0.0,3136,-758.1038823263311
Data,3263,0.0,0.0,2498.0713672335346,0.0,0.0,878.89,0.0,537.2,0,1010.1613672335344,0.0,2904,-1010.1613672335346
Data,3264,0.0,0.0,2536.0381141552343,0.0,0.0,866.59,0.0,540.4,0,1177.0281141552343,0.0,2766,-1177.0281141552343
Data,3265,0.0,0.0,2624.8003380073014,0.0,0.0,900.14,0.0,530.8,0,1430.7403380073015,0.0,2625,-1430.7403380073015
Data,3266,0.0,0.0,2635.654624928476,0.0,0.0,893.43,0.0,530.8,0,1497.8846249284761,0.0,2562,-1497.8846249284761
Data,3267,0.0,0.0,2770.1253263855824,0.0,0.0,915.79,0.0,530.8,0,1588.7153263855826,0.0,2628,-1588.7153263855823
Data,3268,0.0,0.0,2906.3637085580813,0.0,0.0,943.75,0.0,534.0,0,1602.1137085580815,0.0,2782,-1602.1137085580813
Data,3269,0.0,0.0,2888.922794339429,0.0,0.0,945.98,0.0,530.8,0,1563.702794339429,0.0,2802,-1563.702794339429
Data,3270,0.0,0.0,2953.8940726153505,0.0,0.0,895.66,0.0,530.8,0,1661.3540726153508,0.0,2719,-1661.3540726153506
Data,3271,-0.0,0.0,2470.733581914716,0.0,0.0,871.06,0.0,530.8,0,1203.5935819147162,0.0,2669,-1203.593581914716
Data,3272,-0.0,0.0,1834.5330917602191,0.0,0.0,841.99,0.0,179.8,0,139.32309176021926,0.0,2717,-139.32309176021914
Data,3273,-0.0,0.0,1290.643276370228,0.0,0.0,821.86,0.0,183.0,0,-608.4967236297719,0.0,2904,608.496723629772
Data,3274,-0.0,0.0,1083.198536240267,0.0,0.0,853.17,0.0,530.8,0,-626.8314637597327,0.0,3094,626.8314637597331
Data,3275,-0.0,0.0,1046.982285400271,0.0,0.0,830.81,0.0,530.8,0,-832.4077145997289,0.0,3241,832.4077145997292
Data,3276,-0.0,0.0,1301.6133395114437,0.0,0.0,799.5,0.0,530.8,0,-686.0866604885562,0.0,3318,686.0866604885564
Data,3277,-0.0,0.0,1456.404607976353,0.0,0.0,790.55,0.0,179.8,0,-949.2453920236466,0.0,3376,949.2453920236471
Data,3278,-0.0,0.0,1695.544116263099,0.0,0.0,793.91,0.0,534.0,0,-432.5458837369009,0.0,3456,432.5458837369009
Data,3279,-0.0,0.0,2246.5883992056497,0.0,0.0,825.22,0.0,496.5605,0,165.3688992056492,0.0,3403,-165.3688992056497
Data,3280,-0.0,0.0,2525.6029554379693,0.0,0.0,838.64,0.0,183.0,0,166.24295543796885,0.0,3381,-166.24295543796927
Data,3281,-0.0,0.0,2713.1069324049813,0.0,0.0,839.75,0.0,534.0,0,673.8569324049811,0.0,3413,-673.8569324049813
Data,3282,-0.0,0.0,3097.119257942354,0.0,0.0,890.07,0.0,534.0,0,1046.1892579423545,0.0,3475,-1046.1892579423543
Data,3283,-0.0,0.0,3267.8712125790134,0.0,0.0,923.62,0.0,183.0,0,835.4912125790131,0.0,3539,-835.4912125790134
Data,3284,0.0,0.0,3060.3780955986767,0.0,0.0,925.85,0.0,183.0,0,685.2280955986764,0.0,3484,-685.2280955986768
Data,3285,0.0,0.0,3347.735190443009,0.0,0.0,934.8,0.0,183.0,0,1170.535190443009,0.0,3295,-1170.5351904430088
Data,3286,0.0,0.0,2918.8290601108556,0.0,0.0,914.67,0.0,183.0,0,917.4990601108558,0.0,3099,-917.4990601108556
Data,3287,0.0,0.0,2982.5366082396386,0.0,0.0,904.61,0.0,183.0,0,1103.1466082396387,0.0,2967,-1103.1466082396387
Data,3288,0.0,0.0,2895.6833843577188,0.0,0.0,897.9,0.0,183.0,0,1089.5833843577186,0.0,2887,-1089.5833843577188
Data,3289,0.0,0.0,3787.446525021798,0.0,0.0,940.39,0.0,186.2,0,2180.036525021798,0.0,2734,-2180.0365250217983
Data,3290,0.0,0.0,3513.715435334798,0.0,0.0,947.1,0.0,183.0,0,1986.8154353347975,0.0,2657,-1986.8154353347977
Data,3291,0.0,0.0,3024.239748553239,0.0,0.0,943.75,0.0,186.2,0,1390.1897485532393,0.0,2764,-1390.1897485532393
Data,3292,0.0,0.0,3278.597234128586,0.0,0.0,942.63,0.0,183.0,0,1479.227234128586,0.0,2925,-1479.2272341285861
Data,3293,0.0,0.0,3434.844325423721,0.0,0.0,970.58,0.0,186.2,0,1606.6243254237208,0.0,2985,-1606.6243254237208
Data,3294,0.0,0.0,4022.180881967827,0.0,0.0,929.21,0.0,32.0,0,2023.390881967827,0.0,2960,-2023.3908819678272
Data,3295,-0.0,0.0,4319.364636532546,0.0,0.0,931.45,0.0,35.2,0,2242.0146365325454,0.0,3044,-2242.014636532546
Data,3296,-0.0,0.0,3743.6072510354165,0.0,0.0,926.97,0.0,32.0,0,1541.5772510354168,0.0,3161,-1541.5772510354166
Data,3297,-0.0,0.0,3981.17322427536,0.0,0.0,934.8,0.0,32.0,0,1539.9732242753603,0.0,3408,-1539.97322427536
Data,3298,-0.0,0.0,4440.876375860957,0.0,0.0,925.85,0.0,35.2,0,1787.9263758609568,0.0,3614,-1787.9263758609566
Data,3299,-0.0,0.0,4267.716838603454,0.0,0.0,912.44,0.0,32.0,0,1587.1568386034542,0.0,3625,-1587.1568386034537
Data,3300,-0.0,0.0,4160.311831477104,0.0,0.0,912.44,0.0,32.0,0,1483.7518314771035,0.0,3621,-1483.7518314771037
Data,3301,-0.0,0.0,4029.9395113699798,0.0,0.0,888.95,0.0,35.2,0,1391.0895113699792,0.0,3563,-1391.0895113699798
Data,3302,-0.0,0.0,4031.524986701136,0.0,0.0,888.95,0.0,32.0,0,1432.4749867011355,0.0,3520,-1432.4749867011362
Data,3303,-0.0,0.0,4291.71242018717,0.0,0.0,880.01,0.0,35.2,0,1711.9224201871698,0.0,3495,-1711.9224201871702
Data,3304,-0.0,0.0,4189.259893708794,0.0,0.0,874.42,0.0,32.0,0,1597.6798937087945,0.0,3498,-1597.6798937087942
Data,3305,-0.0,0.0,4553.3617409200015,0.0,0.0,849.82,0.0,35.2,0,1875.3817409200017,0.0,3563,-1875.3817409200014
Data,3306,-0.0,0.0,4774.741483875751,0.0,0.0,858.76,0.0,32.0,0,2058.5014838757515,0.0,3607,-2058.5014838757515
Data,3307,-0.0,0.0,4987.619731062889,0.0,0.0,864.35,0.0,35.2,0,2193.169731062888,0.0,3694,-2193.169731062889
Data,3308,0.0,0.0,4700.000481896907,0.0,0.0,861.0,0.0,35.2,0,1952.2004818969071,0.0,3644,-1952.2004818969074
Data,3309,-0.0,0.0,4325.521743224492,0.0,0.0,861.0,0.0,35.2,0,1825.7217432244918,0.0,3396,-1825.7217432244918
Data,3310,0.0,0.0,4182.294750253132,0.0,0.0,853.17,0.0,35.2,0,1899.664750253132,0.0,3171,-1899.6647502531323
Data,3311,0.0,0.0,3503.29474787202,0.0,0.0,841.99,0.0,35.2,0,1380.4847478720196,0.0,3000,-1380.4847478720199
Data,3312,0.0,0.0,3387.9195556238224,0.0,0.0,841.99,0.0,35.2,0,1390.1095556238222,0.0,2875,-1390.1095556238224
Data,3313,0.0,0.0,3001.325933975494,0.0,0.0,829.69,0.0,326.2713,0,1442.287233975494,0.0,2715,-1442.287233975494
Data,3314,0.0,0.0,2386.6615106926756,0.0,0.0,835.28,0.0,530.8,0,1072.7415106926755,0.0,2680,-1072.7415106926755
Data,3315,0.0,0.0,2098.9469268162893,0.0,0.0,831.93,0.0,530.8,0,675.6769268162893,0.0,2786,-675.6769268162892
Data,3316,0.0,0.0,1504.2097509327004,0.0,0.0,831.93,0.0,530.8,0,-96.0602490672996,0.0,2963,96.06024906729965
Data,3317,0.0,0.0,1547.7515147864142,0.0,0.0,828.57,0.0,530.8,0,-76.87848521358565,0.0,2984,76.8784852135858
Data,3318,0.0,0.0,1317.8505348783904,0.0,0.0,821.86,0.0,530.8,0,-298.48946512160927,0.0,2969,298.48946512160967
Data,3319,-0.0,0.0,1163.0619022282267,0.0,0.0,822.98,0.0,530.8,0,-418.1580977717732,0.0,2935,418.1580977717733
Data,3320,-0.0,0.0,1283.039065509032,0.0,0.0,820.75,0.0,530.8,0,-370.4109344909677,0.0,3005,370.410934490968
Data,3321,-0.0,0.0,1458.0526441962763,0.0,0.0,834.16,0.0,530.8,0,-528.9873558037236,0.0,3352,528.9873558037237
Data,3322,-0.0,0.0,1650.0022469394178,0.0,0.0,834.16,0.0,530.8,0,-615.0377530605822,0.0,3630,615.0377530605823
Data,3323,-0.0,0.0,1726.03631792495,0.0,0.0,831.93,0.0,530.8,0,-633.2336820750502,0.0,3722,633.2336820750501
Data,3324,-0.0,0.0,1903.8116077526997,0.0,0.0,837.52,0.0,530.8,0,-531.8683922473,0.0,3804,531.8683922473003
Data,3325,-0.0,0.0,2038.5491647192873,0.0,0.0,837.52,0.0,534.0,0,-256.9308352807128,0.0,3667,256.9308352807127
Data,3326,-0.0,0.0,1845.0751065880331,0.0,0.0,845.35,0.0,537.2,0,-553.3748934119673,0.0,3781,553.3748934119668
Data,3327,-0.0,0.0,1932.1773809267968,0.0,0.0,843.11,0.0,534.0,0,-440.712619073203,0.0,3750,440.7126190732032
Data,3328,-0.0,0.0,2134.1607849043685,0.0,0.0,858.76,0.0,534.0,0,-256.0792150956313,0.0,3783,256.0792150956315
Data,3329,-0.0,0.0,2537.929162148339,0.0,0.0,861.0,0.0,534.0,0,22.92916214833886,0.0,3910,-22.929162148338946
Data,3330,-0.0,0.0,2520.7007101194886,0.0,0.0,871.06,0.0,534.0,0,62.76071011948832,0.0,3863,-62.76071011948852
Data,3331,-0.0,0.0,2481.8060470110086,0.0,0.0,893.43,0.0,534.0,0,50.236047011008395,0.0,3859,-50.23604701100851
Data,3332,0.0,0.0,2536.2019400250715,0.0,0.0,893.43,0.0,534.0,0,119.63194002507154,0.0,3844,-119.63194002507146
Data,3333,0.0,0.0,2521.165655369168,0.0,0.0,893.43,0.0,534.0,0,410.5956553691675,0.0,3538,-410.59565536916773
Data,3334,0.0,0.0,2650.8394365198546,0.0,0.0,895.66,0.0,534.0,0,825.4994365198545,0.0,3255,-825.4994365198546
Data,3335,0.0,0.0,2596.4065816391385,0.0,0.0,894.55,0.0,534.0,0,957.9565816391383,0.0,3067,-957.9565816391384
Data,3336,0.0,0.0,2850.043278091339,0.0,0.0,902.37,0.0,537.2,0,1345.6132780913385,0.0,2944,-1345.613278091339
Data,3337,0.0,0.0,2900.4265055507267,0.0,0.0,919.15,0.0,530.8,0,1519.3765055507267,0.0,2831,-1519.3765055507265
Data,3338,0.0,0.0,3181.389625153738,0.0,0.0,910.2,0.0,530.8,0,1893.3896251537385,0.0,2729,-1893.389625153738
Data,3339,0.0,0.0,3403.228162559548,0.0,0.0,887.84,0.0,530.8,0,1972.8681625595482,0.0,2849,-1972.8681625595477
Data,3340,0.0,0.0,2859.453564955086,0.0,0.0,883.36,0.0,534.0,0,1315.8135649550863,0.0,2961,-1315.8135649550863
Data,3341,0.0,0.0,3356.5067060984875,0.0,0.0,886.72,0.0,530.8,0,1727.0267060984877,0.0,3047,-1727.0267060984875
Data,3342,0.0,0.0,3689.6110360689518,0.0,0.0,919.15,0.0,530.8,0,2174.561036068952,0.0,2965,-2174.5610360689516
Data,3343,-0.0,0.0,2935.9797074140915,0.0,0.0,886.72,0.0,179.8,0,1027.499707414092,0.0,2975,-1027.4997074140915
Data,3344,-0.0,0.0,2550.9720728974544,0.0,0.0,880.01,0.0,183.0,0,522.9820728974545,0.0,3091,-522.9820728974544
Data,3345,-0.0,0.0,1933.6426054114725,0.0,0.0,878.89,0.0,179.8,0,-448.6673945885276,0.0,3441,448.66739458852754
Data,3346,-0.0,0.0,1520.9952369599102,0.0,0.0,890.07,0.0,179.8,0,-1097.1347630400894,0.0,3688,1097.1347630400896
Data,3347,-0.0,0.0,1932.0426286786294,0.0,0.0,891.19,0.0,179.8,0,-778.9673713213703,0.0,3782,778.9673713213706
Data,3348,-0.0,0.0,1707.3387917301427,0.0,0.0,896.78,0.0,179.8,0,-1062.0812082698574,0.0,3846,1062.0812082698574
Data,3349,-0.0,0.0,1949.0976926649655,0.0,0.0,888.95,0.0,534.0,0,-294.95230733503473,0.0,3667,294.95230733503445
Data,3350,-0.0,0.0,1807.7470958717438,0.0,0.0,888.95,0.0,183.0,0,-920.3029041282562,0.0,3800,920.3029041282562
Data,3351,-0.0,0.0,1707.5009911285324,0.0,0.0,896.78,0.0,186.2,0,-1032.519008871468,0.0,3823,1032.5190088714676
Data,3352,-0.0,0.0,2124.185147961252,0.0,0.0,890.07,0.0,183.0,0,-599.7448520387485,0.0,3797,599.744852038748
Data,3353,-0.0,0.0,2192.5905566933225,0.0,0.0,910.2,0.0,183.0,0,-530.2094433066777,0.0,3816,530.2094433066775
Data,3354,-0.0,0.0,2267.283145013336,0.0,0.0,905.73,0.0,183.0,0,-416.9868549866644,0.0,3773,416.9868549866642
Data,3355,-0.0,0.0,2899.530135905313,0.0,0.0,909.08,0.0,183.0,0,184.6101359053129,0.0,3807,-184.61013590531286
Data,3356,0.0,0.0,2430.8893728412886,0.0,0.0,884.48,0.0,537.2,0,132.5693728412883,0.0,3720,-132.56937284128867
Data,3357,-0.0,0.0,2387.6982481672117,0.0,0.0,886.72,0.0,534.0,0,352.41824816721186,0.0,3456,-352.4182481672117
Data,3358,-0.0,0.0,2454.572654166973,0.0,0.0,881.13,0.0,534.0,0,667.7026541669728,0.0,3202,-667.7026541669728
Data,3359,0.0,0.0,2460.5011768313093,0.0,0.0,877.77,0.0,537.2,0,848.4711768313091,0.0,3027,-848.4711768313093
Data,3360,0.0,0.0,2360.925991282688,0.0,0.0,875.54,0.0,534.0,0,887.4659912826879,0.0,2883,-887.4659912826878
Data,3361,0.0,0.0,2281.443705640489,0.0,0.0,918.03,0.0,530.8,0,998.2737056404891,0.0,2732,-998.273705640489
Data,3362,0.0,0.0,1628.6354410198214,0.0,0.0,907.96,0.0,534.0,0,370.5954410198215,0.0,2700,-370.59544101982146
Data,3363,0.0,0.0,1166.7342008380654,0.0,0.0,885.6,0.0,530.8,0,-239.86579916193475,0.0,2823,239.86579916193466
Data,3364,0.0,0.0,817.0995143147564,0.0,0.0,888.95,0.0,534.0,0,-783.9504856852435,0.0,3024,783.9504856852435
Data,3365,0.0,0.0,667.6367448149006,0.0,0.0,928.09,0.0,530.8,0,-932.4732551850991,0.0,3059,932.4732551850994
Data,3366,0.0,0.0,817.3370565696532,0.0,0.0,929.21,0.0,530.8,0,-756.6529434303466,0.0,3034,756.6529434303468
Data,3367,-0.0,0.0,788.1492604690688,0.0,0.0,890.07,0.0,28.8,0,-1291.9807395309308,0.0,2999,1291.980739530931
Data,3368,-0.0,0.0,844.3753338891044,0.0,0.0,888.95,0.0,32.0,0,-1369.674666110896,0.0,3135,1369.6746661108955
Data,3369,-0.0,0.0,662.2180720148652,0.0,0.0,887.84,0.0,28.8,0,-1822.1419279851343,0.0,3401,1822.1419279851348
Data,3370,-0.0,0.0,816.2907808997356,0.0,0.0,929.21,0.0,28.8,0,-1896.6992191002641,0.0,3671,1896.6992191002644
Data,3371,-0.0,0.0,1030.5016669211655,0.0,0.0,928.09,0.0,28.8,0,-1726.6083330788342,0.0,3714,1726.6083330788344
Data,3372,-0.0,0.0,997.8759458147231,0.0,0.0,934.8,0.0,28.8,0,-1798.5240541852766,0.0,3760,1798.524054185277
Data,3373,-0.0,0.0,958.7364246806128,0.0,0.0,926.97,0.0,32.0,0,-1680.293575319387,0.0,3598,1680.2935753193872
Data,3374,-0.0,0.0,1361.871317936283,0.0,0.0,934.8,0.0,28.8,0,-1445.5286820637166,0.0,3771,1445.528682063717
Data,3375,-0.0,0.0,1458.4006353728012,0.0,0.0,935.92,0.0,32.0,0,-1344.6793646271988,0.0,3771,1344.679364627199
Data,3376,-0.0,0.0,2235.09725775373,0.0,0.0,931.45,0.0,32.0,0,-610.4527422462702,0.0,3809,610.45274224627
Data,3377,-0.0,0.0,2381.700739136887,0.0,0.0,930.33,0.0,534.0,0,-88.9692608631131,0.0,3935,88.96926086311294
Data,3378,-0.0,0.0,2343.4030062407805,0.0,0.0,963.87,0.0,534.0,0,16.273006240780568,0.0,3825,-16.273006240780546
Data,3379,-0.0,0.0,2337.835614288708,0.0,0.0,1004.13,0.0,534.0,0,24.96561428870801,0.0,3851,-24.965614288707798
Data,3380,0.0,0.0,2418.476470817888,0.0,0.0,978.41,0.0,537.2,0,146.08647081788789,0.0,3788,-146.0864708178882
Data,3381,-0.0,0.0,2583.7531899446076,0.0,0.0,951.57,0.0,534.0,0,534.3231899446075,0.0,3535,-534.3231899446076
Data,3382,0.0,0.0,2525.754986448052,0.0,0.0,957.16,0.0,534.0,0,718.914986448052,0.0,3298,-718.914986448052
Data,3383,0.0,0.0,2765.5115232443513,0.0,0.0,948.22,0.0,534.0,0,1168.7315232443516,0.0,3079,-1168.7315232443514
Data,3384,0.0,0.0,2611.398650606752,0.0,0.0,954.93,0.0,534.0,0,1120.328650606752,0.0,2980,-1120.328650606752
Data,3385,0.0,0.0,2665.1283253886522,0.0,0.0,944.86,0.0,530.8,0,1311.7883253886525,0.0,2829,-1311.788325388652
Data,3386,0.0,0.0,2864.21283775307,0.0,0.0,951.57,0.0,530.8,0,1593.5828377530704,0.0,2753,-1593.5828377530697
Data,3387,0.0,0.0,2939.9114145212516,0.0,0.0,954.93,0.0,530.8,0,1574.6414145212516,0.0,2851,-1574.6414145212516
Data,3388,0.0,0.0,2976.6195819420523,0.0,0.0,952.69,0.0,530.8,0,1463.1095819420525,0.0,2997,-1463.1095819420523
Data,3389,0.0,0.0,3245.1135710760523,0.0,0.0,951.57,0.0,530.8,0,1711.4835710760526,0.0,3016,-1711.4835710760522
Data,3390,0.0,0.0,3330.5372963586524,0.0,0.0,950.45,0.0,530.8,0,1868.7872963586524,0.0,2943,-1868.7872963586524
Data,3391,-0.0,0.0,3413.0198107413444,0.0,0.0,947.1,0.0,530.8,0,2003.9198107413445,0.0,2887,-2003.9198107413445
Data,3392,-0.0,0.0,3024.2805349595756,0.0,0.0,948.22,0.0,179.8,0,1121.3005349595758,0.0,3031,-1121.3005349595755
Data,3393,-0.0,0.0,3199.895541619945,0.0,0.0,948.22,0.0,530.8,0,1362.9155416199455,0.0,3316,-1362.915541619945
Data,3394,-0.0,0.0,3289.6580670383346,0.0,0.0,948.22,0.0,530.8,0,1169.678067038335,0.0,3599,-1169.6780670383346
Data,3395,-0.0,0.0,3374.1356270912765,0.0,0.0,949.34,0.0,527.6,0,1275.0756270912766,0.0,3576,-1275.0756270912766
Data,3396,-0.0,0.0,3575.374071691426,0.0,0.0,956.05,0.0,530.8,0,1504.2240716914262,0.0,3558,-1504.2240716914257
Data,3397,-0.0,0.0,3582.713610017929,0.0,0.0,945.98,0.0,183.0,0,1255.6936100179291,0.0,3456,-1255.6936100179291
Data,3398,-0.0,0.0,3142.46491086808,0.0,0.0,950.45,0.0,183.0,0,721.9149108680801,0.0,3554,-721.9149108680801
Data,3399,-0.0,0.0,3078.3067285986867,0.0,0.0,950.45,0.0,530.8,0,1060.556728598687,0.0,3499,-1060.5567285986867
Data,3400,-0.0,0.0,3257.549301658579,0.0,0.0,948.22,0.0,534.0,0,1358.7693016585793,0.0,3381,-1358.7693016585793
Data,3401,-0.0,0.0,2932.7040653622275,0.0,0.0,951.57,0.0,534.0,0,938.2740653622278,0.0,3480,-938.2740653622276
Data,3402,-0.0,0.0,2782.5692652866765,0.0,0.0,977.29,0.0,534.0,0,779.8592652866763,0.0,3514,-779.8592652866764
Data,3403,-0.0,0.0,2608.7290263161913,0.0,0.0,1004.13,0.0,530.8,0,577.6590263161914,0.0,3566,-577.6590263161912
Data,3404,0.0,0.0,3239.9125412384865,0.0,0.0,995.18,0.0,534.0,0,1212.092541238486,0.0,3557,-1212.0925412384863
Data,3405,-0.0,0.0,3260.2301610943987,0.0,0.0,962.75,0.0,534.0,0,1369.9801610943987,0.0,3387,-1369.9801610943987
Data,3406,0.0,0.0,3427.07147388505,0.0,0.0,952.69,0.0,534.0,0,1744.7614738850505,0.0,3169,-1744.7614738850502
Data,3407,0.0,0.0,2853.83386530422,0.0,0.0,952.69,0.0,534.0,0,1382.52386530422,0.0,2958,-1382.5238653042202
Data,3408,0.0,0.0,3123.070415053412,0.0,0.0,959.4,0.0,534.0,0,1778.4704150534121,0.0,2838,-1778.4704150534121
Data,3409,0.0,0.0,2655.261537256534,0.0,0.0,948.22,0.0,530.8,0,1457.2815372565342,0.0,2677,-1457.2815372565342
Data,3410,0.0,0.0,2631.060783733445,0.0,0.0,953.81,0.0,530.8,0,1513.6707837334452,0.0,2602,-1513.670783733445
Data,3411,0.0,0.0,2578.341947579716,0.0,0.0,951.57,0.0,530.8,0,1356.7119475797163,0.0,2704,-1356.7119475797158
Data,3412,0.0,0.0,3071.766719453565,0.0,0.0,951.57,0.0,534.0,0,1655.3367194535654,0.0,2902,-1655.3367194535654
Data,3413,0.0,0.0,2827.03700196841,0.0,0.0,951.57,0.0,530.8,0,1407.4070019684104,0.0,2902,-1407.40700196841
Data,3414,0.0,0.0,2256.5110697139635,0.0,0.0,951.57,0.0,530.8,0,907.8810697139638,0.0,2831,-907.8810697139635
Data,3415,-0.0,0.0,1910.622501055173,0.0,0.0,937.04,0.0,530.8,0,693.4625010551732,0.0,2685,-693.4625010551729
Data,3416,-0.0,0.0,2129.0266158735976,0.0,0.0,928.09,0.0,530.8,0,936.9166158735976,0.0,2651,-936.9166158735976
Data,3417,-0.0,0.0,2479.317673214388,0.0,0.0,924.74,0.0,530.8,0,1150.8576732143883,0.0,2784,-1150.857673214388
Data,3418,-0.0,0.0,2939.405437827367,0.0,0.0,923.62,0.0,530.8,0,1416.8254378273673,0.0,2977,-1416.8254378273673
Data,3419,-0.0,0.0,2860.397249442944,0.0,0.0,877.77,0.0,179.8,0,832.9672494429443,0.0,3085,-832.967249442944
Data,3420,-0.0,0.0,3309.0733759646955,0.0,0.0,876.65,0.0,530.8,0,1570.5233759646953,0.0,3146,-1570.5233759646953
Data,3421,-0.0,0.0,3626.8099627203574,0.0,0.0,866.59,0.0,530.8,0,1865.199962720358,0.0,3159,-1865.1999627203572
Data,3422,-0.0,0.0,4015.096654872894,0.0,0.0,875.54,0.0,534.0,0,2311.636654872894,0.0,3113,-2311.636654872894
Data,3423,-0.0,0.0,3966.5480011365235,0.0,0.0,916.91,0.0,207.2195,0,1995.6775011365237,0.0,3095,-1995.6775011365235
Data,3424,-0.0,0.0,3888.2591622073364,0.0,0.0,918.03,0.0,451.3238,0,2105.6129622073363,0.0,3152,-2105.6129622073363
Data,3425,-0.0,0.0,3293.201237536514,0.0,0.0,914.67,0.0,534.0,0,1441.871237536514,0.0,3300,-1441.871237536514
Data,3426,-0.0,0.0,2930.61551751352,0.0,0.0,944.86,0.0,534.0,0,943.4755175135201,0.0,3466,-943.47551751352
Data,3427,-0.0,0.0,2859.8195638711445,0.0,0.0,970.58,0.0,534.0,0,831.3995638711446,0.0,3533,-831.3995638711446
Data,3428,0.0,0.0,2359.3112673962137,0.0,0.0,971.7,0.0,530.8,0,344.811267396214,0.0,3517,-344.8112673962137
Data,3429,-0.0,0.0,2227.258605063621,0.0,0.0,943.75,0.0,534.0,0,398.00860506362085,0.0,3307,-398.00860506362096
Data,3430,0.0,0.0,2419.0398338658197,0.0,0.0,918.03,0.0,534.0,0,789.0698338658196,0.0,3082,-789.0698338658196
Data,3431,0.0,0.0,2069.903698749748,0.0,0.0,857.65,0.0,534.0,0,581.5536987497482,0.0,2880,-581.5536987497479
Data,3432,0.0,0.0,2275.108097146658,0.0,0.0,864.35,0.0,534.0,0,939.4580971466581,0.0,2734,-939.4580971466581
Data,3433,0.0,0.0,2202.443426827541,0.0,0.0,853.17,0.0,527.6,0,1009.2134268275411,0.0,2574,-1009.2134268275408
Data,3434,0.0,0.0,2153.5469971891243,0.0,0.0,878.89,0.0,530.8,0,1067.2369971891244,0.0,2496,-1067.2369971891244
Data,3435,0.0,0.0,2336.5196507422843,0.0,0.0,878.89,0.0,530.8,0,1117.2096507422846,0.0,2629,-1117.2096507422843
Data,3436,0.0,0.0,2173.1046911858716,0.0,0.0,882.25,0.0,530.8,0,758.1546911858717,0.0,2828,-758.1546911858716
Data,3437,0.0,0.0,2124.0274345541616,0.0,0.0,871.06,0.0,530.8,0,674.8874345541617,0.0,2851,-674.8874345541615
Data,3438,0.0,0.0,2182.4102068495577,0.0,0.0,871.06,0.0,530.8,0,769.2702068495576,0.0,2815,-769.2702068495576
Data,3439,-0.0,0.0,2019.7337053662422,0.0,0.0,852.05,0.0,530.8,0,578.5837053662424,0.0,2824,-578.5837053662422
Data,3440,-0.0,0.0,2245.6515979236333,0.0,0.0,848.7,0.0,530.8,0,722.1515979236332,0.0,2903,-722.1515979236333
Data,3441,-0.0,0.0,2254.1642241013374,0.0,0.0,847.58,0.0,530.8,0,347.5442241013375,0.0,3285,-347.54422410133736
Data,3442,-0.0,0.0,2031.7019697651467,0.0,0.0,850.94,0.0,527.6,0,-194.7580302348533,0.0,3605,194.7580302348532
Data,3443,-0.0,0.0,2245.388116363237,0.0,0.0,853.17,0.0,530.8,0,-165.64188363676303,0.0,3795,165.64188363676328
Data,3444,-0.0,0.0,2045.0432382213958,0.0,0.0,841.99,0.0,527.6,0,-513.3667617786039,0.0,3928,513.3667617786042
Data,3445,-0.0,0.0,1970.9440708245866,0.0,0.0,843.11,0.0,534.0,0,-444.9459291754134,0.0,3793,444.9459291754134
Data,3446,-0.0,0.0,2265.119080034645,0.0,0.0,864.35,0.0,179.8,0,-657.730919965355,0.0,3967,657.730919965355
Data,3447,-0.0,0.0,3137.3824533201455,0.0,0.0,869.95,0.0,183.0,0,199.33245332014525,0.0,3991,-199.33245332014553
Data,3448,-0.0,0.0,3375.9068002874355,0.0,0.0,873.3,0.0,179.8,0,464.0068002874359,0.0,3965,-464.0068002874355
Data,3449,-0.0,0.0,3949.4963061058806,0.0,0.0,925.85,0.0,183.0,0,1112.3463061058806,0.0,3946,-1112.3463061058806
Data,3450,-0.0,0.0,3481.018977176769,0.0,0.0,969.46,0.0,179.8,0,773.2789771767694,0.0,3857,-773.2789771767691
Data,3451,-0.0,0.0,3206.180797864967,0.0,0.0,947.1,0.0,183.0,0,450.2807978649672,0.0,3886,-450.2807978649672
Data,3452,0.0,0.0,2991.0186227897893,0.0,0.0,935.92,0.0,183.0,0,309.93862278978946,0.0,3800,-309.9386227897893
Data,3453,0.0,0.0,2686.033795826697,0.0,0.0,910.2,0.0,213.4393,0,275.6730958266967,0.0,3534,-275.6730958266969
Data,3454,0.0,0.0,2282.183002274496,0.0,0.0,888.95,0.0,179.8,0,20.933002274496232,0.0,3330,-20.933002274496232
Data,3455,0.0,0.0,1946.6086969165929,0.0,0.0,876.65,0.0,183.0,0,-101.74130308340688,0.0,3108,101.74130308340716
Data,3456,0.0,0.0,2246.028312943755,0.0,0.0,881.13,0.0,183.0,0,331.15831294375516,0.0,2979,-331.1583129437548
Data,3457,0.0,0.0,2473.0306496851913,0.0,0.0,871.06,0.0,179.8,0,699.8906496851913,0.0,2824,-699.8906496851912
Data,3458,0.0,0.0,2204.0993131378646,0.0,0.0,896.78,0.0,179.8,0,479.6793131378646,0.0,2801,-479.67931313786454
Data,3459,0.0,0.0,2654.980458685456,0.0,0.0,899.02,0.0,527.6,0,1212.6004586854563,0.0,2869,-1212.600458685456
Data,3460,0.0,0.0,2552.454325218151,0.0,0.0,897.9,0.0,530.8,0,907.1543252181513,0.0,3074,-907.154325218151
Data,3461,0.0,0.0,2385.53545743778,0.0,0.0,890.07,0.0,527.6,0,673.2054574377802,0.0,3130,-673.2054574377803
Data,3462,0.0,0.0,1770.2138579916352,0.0,0.0,865.47,0.0,527.6,0,44.283857991635145,0.0,3119,-44.28385799163527
Data,3463,-0.0,0.0,2256.2321492561928,0.0,0.0,866.59,0.0,179.8,0,117.62214925619317,0.0,3185,-117.62214925619281
Data,3464,-0.0,0.0,2200.919054345464,0.0,0.0,866.59,0.0,176.6,0,-126.89094565453613,0.0,3371,126.89094565453618
Data,3465,-0.0,0.0,2161.7339607222552,0.0,0.0,866.59,0.0,179.8,0,-557.876039277744,0.0,3766,557.8760392777447
Data,3466,-0.0,0.0,2288.105759629895,0.0,0.0,836.4,0.0,527.6,0,-381.8942403701049,0.0,4034,381.89424037010485
Data,3467,-0.0,0.0,2396.6158579976886,0.0,0.0,862.12,0.0,358.1506,0,-544.1135420023112,0.0,4161,544.1135420023113
Data,3468,-0.0,0.0,2974.9745415529146,0.0,0.0,845.35,0.0,179.8,0,-110.87545844708487,0.0,4111,110.87545844708535
Data,3469,-0.0,0.0,3352.7868775988886,0.0,0.0,838.64,0.0,179.8,0,467.22687759888856,0.0,3904,-467.2268775988886
Data,3470,-0.0,0.0,3881.7233932142617,0.0,0.0,874.42,0.0,423.6777,0,1117.821093214262,0.0,4062,-1117.8210932142617
Data,3471,-0.0,0.0,4776.818678437329,0.0,0.0,935.92,0.0,28.8,0,1627.53867843733,0.0,4114,-1627.5386784373293
Data,3472,-0.0,0.0,5194.220692259733,0.0,0.0,967.23,0.0,32.0,0,2122.4506922597343,0.0,4071,-2122.4506922597334
Data,3473,-0.0,0.0,4696.180394943498,0.0,0.0,996.3,0.0,28.8,0,1663.280394943499,0.0,4058,-1663.2803949434979
Data,3474,-0.0,0.0,4659.779258998425,0.0,0.0,1003.01,0.0,32.0,0,1762.7892589984249,0.0,3932,-1762.7892589984247
Data,3475,-0.0,0.0,3970.813282146293,0.0,0.0,997.42,0.0,32.0,0,1054.233282146293,0.0,3946,-1054.2332821462933
Data,3476,0.0,0.0,4383.316967817159,0.0,0.0,989.59,0.0,28.8,0,1498.706967817159,0.0,3903,-1498.706967817159
Data,3477,0.0,0.0,4320.391302215021,0.0,0.0,981.76,0.0,32.0,0,1723.1513022150214,0.0,3611,-1723.151302215021
Data,3478,0.0,0.0,4502.78400446816,0.0,0.0,931.45,0.0,32.0,0,2070.2340044681596,0.0,3396,-2070.2340044681596
Data,3479,0.0,0.0,4006.0618322487153,0.0,0.0,896.78,0.0,32.0,0,1755.8418322487153,0.0,3179,-1755.8418322487153
Data,3480,0.0,0.0,3114.92691541652,0.0,0.0,900.14,0.0,32.0,0,1023.06691541652,0.0,3024,-1023.0669154165199
Data,3481,0.0,0.0,3745.1321182574334,0.0,0.0,861.0,0.0,28.8,0,1765.9321182574336,0.0,2869,-1765.9321182574333
Data,3482,0.0,0.0,3928.70526403555,0.0,0.0,878.89,0.0,28.8,0,2021.3952640355506,0.0,2815,-2021.39526403555
Data,3483,0.0,0.0,3646.493740464542,0.0,0.0,940.39,0.0,28.8,0,1693.6837404645423,0.0,2922,-1693.683740464542
Data,3484,0.0,0.0,3681.214927046172,0.0,0.0,941.51,0.0,25.6,0,1564.3249270461715,0.0,3084,-1564.3249270461718
Data,3485,0.0,0.0,3514.6611299621773,0.0,0.0,949.34,0.0,28.8,0,1371.8011299621774,0.0,3121,-1371.8011299621774
Data,3486,0.0,0.0,3295.795865297863,0.0,0.0,960.52,0.0,28.8,0,1246.1158652978636,0.0,3039,-1246.1158652978631
Data,3487,-0.0,0.0,3212.2868341721787,0.0,0.0,905.73,0.0,28.8,0,1144.816834172179,0.0,3002,-1144.8168341721787
Data,3488,-0.0,0.0,3201.3622863521555,0.0,0.0,880.01,0.0,28.8,0,1048.1722863521559,0.0,3062,-1048.1722863521554
Data,3489,-0.0,0.0,2955.0481419712346,0.0,0.0,863.24,0.0,28.8,0,448.08814197123485,0.0,3399,-448.0881419712346
Data,3490,-0.0,0.0,3150.689010218812,0.0,0.0,847.58,0.0,28.8,0,356.06901021881197,0.0,3671,-356.06901021881225
Data,3491,-0.0,0.0,3198.8627100396434,0.0,0.0,843.11,0.0,28.8,0,306.77271003964324,0.0,3764,-306.7727100396434
Data,3492,-0.0,0.0,3166.2495804194527,0.0,0.0,839.75,0.0,28.8,0,264.79958041945275,0.0,3770,-264.79958041945275
Data,3493,-0.0,0.0,2931.622657385577,0.0,0.0,791.67,0.0,32.0,0,220.2926573855773,0.0,3535,-220.29265738557694
Data,3494,-0.0,0.0,3371.7898676242444,0.0,0.0,817.39,0.0,32.0,0,601.1798676242444,0.0,3620,-601.1798676242444
Data,3495,-0.0,0.0,2315.121384053015,0.0,0.0,825.22,0.0,530.8,0,23.1413840530153,0.0,3648,-23.141384053014917
Data,3496,-0.0,0.0,3112.2650993352645,0.0,0.0,854.29,0.0,534.0,0,768.5550993352646,0.0,3732,-768.5550993352645
Data,3497,-0.0,0.0,2536.4019287638384,0.0,0.0,913.55,0.0,534.0,0,109.95192876383874,0.0,3874,-109.9519287638384
Data,3498,-0.0,0.0,2590.117296265868,0.0,0.0,999.65,0.0,534.0,0,304.7672962658677,0.0,3819,-304.7672962658679
Data,3499,-0.0,0.0,2182.5515328050574,0.0,0.0,1013.07,0.0,534.0,0,-102.37846719494263,0.0,3832,102.37846719494257
Data,3500,0.0,0.0,2628.1060835226845,0.0,0.0,945.98,0.0,534.0,0,328.08608352268425,0.0,3780,-328.0860835226845
Data,3501,-0.0,0.0,2621.567798908811,0.0,0.0,903.49,0.0,534.0,0,565.0577989088104,0.0,3494,-565.0577989088108
Data,3502,0.0,0.0,2843.8182182655387,0.0,0.0,891.19,0.0,534.0,0,993.0082182655389,0.0,3276,-993.0082182655387
Data,3503,0.0,0.0,3065.217791976498,0.0,0.0,864.35,0.0,537.2,0,1407.7677919764978,0.0,3059,-1407.7677919764983
Data,3504,0.0,0.0,3288.58043046033,0.0,0.0,857.65,0.0,534.0,0,1768.23043046033,0.0,2912,-1768.23043046033
Data,3505,0.0,0.0,3504.761622437876,0.0,0.0,825.22,0.0,530.8,0,2114.781622437876,0.0,2746,-2114.781622437876
Data,3506,0.0,0.0,3048.3703290006342,0.0,0.0,850.94,0.0,530.8,0,1711.1103290006345,0.0,2719,-1711.1103290006342
Data,3507,0.0,0.0,3037.967241663515,0.0,0.0,912.44,0.0,530.8,0,1651.207241663515,0.0,2830,-1651.2072416635149
Data,3508,0.0,0.0,3038.5977585191786,0.0,0.0,926.97,0.0,530.8,0,1506.3677585191786,0.0,2990,-1506.3677585191786
Data,3509,0.0,0.0,2903.8030109675037,0.0,0.0,950.45,0.0,530.8,0,1323.0530109675042,0.0,3062,-1323.0530109675037
Data,3510,0.0,0.0,2796.1688791074125,0.0,0.0,909.08,0.0,530.8,0,1251.0488791074126,0.0,2985,-1251.0488791074126
Data,3511,-0.0,0.0,2337.6506435180827,0.0,0.0,881.13,0.0,530.8,0,819.5806435180829,0.0,2930,-819.5806435180826
Data,3512,-0.0,0.0,2135.402846343781,0.0,0.0,852.05,0.0,530.8,0,545.2528463437816,0.0,2973,-545.2528463437811
Data,3513,-0.0,0.0,2025.3688677696894,0.0,0.0,850.94,0.0,530.8,0,43.108867769689745,0.0,3364,-43.10886776968937
Data,3514,-0.0,0.0,1773.1617790159094,0.0,0.0,822.98,0.0,530.8,0,-513.0582209840906,0.0,3640,513.0582209840907
Data,3515,-0.0,0.0,1907.140518309778,0.0,0.0,827.45,0.0,530.8,0,-470.6094816902221,0.0,3736,470.6094816902221
Data,3516,-0.0,0.0,2303.094992696583,0.0,0.0,810.68,0.0,527.6,0,-127.62500730341722,0.0,3769,127.62500730341685
Data,3517,-0.0,0.0,2577.5971067447263,0.0,0.0,789.44,0.0,530.8,0,298.8371067447263,0.0,3599,-298.83710674472627
Data,3518,-0.0,0.0,2811.854609667391,0.0,0.0,810.68,0.0,534.0,0,414.53460966739067,0.0,3742,-414.5346096673908
Data,3519,-0.0,0.0,2753.771201963256,0.0,0.0,811.8,0.0,530.8,0,343.371201963256,0.0,3753,-343.37120196325577
Data,3520,-0.0,0.0,2576.7047841671383,0.0,0.0,859.88,0.0,534.0,0,191.5847841671383,0.0,3779,-191.5847841671383
Data,3521,-0.0,0.0,2561.6716144564525,0.0,0.0,950.45,0.0,534.0,0,158.12161445645242,0.0,3888,-158.12161445645256
Data,3522,-0.0,0.0,2677.8675156848253,0.0,0.0,970.58,0.0,530.8,0,343.24751568482554,0.0,3836,-343.2475156848253
Data,3523,-0.0,0.0,2456.5453512531385,0.0,0.0,977.29,0.0,534.0,0,75.83535125313836,0.0,3892,-75.83535125313847
Data,3524,0.0,0.0,2598.3942673995757,0.0,0.0,905.73,0.0,534.0,0,227.12426739957593,0.0,3811,-227.12426739957573
Data,3525,0.0,0.0,2655.7573380077174,0.0,0.0,846.46,0.0,534.0,0,507.2173380077172,0.0,3529,-507.21733800771744
Data,3526,0.0,0.0,2594.926527450639,0.0,0.0,824.1,0.0,534.0,0,664.0265274506386,0.0,3289,-664.0265274506388
Data,3527,0.0,0.0,2542.233677700485,0.0,0.0,821.86,0.0,530.8,0,733.8936777004851,0.0,3161,-733.8936777004848
Data,3528,0.0,0.0,2673.7522367329725,0.0,0.0,825.22,0.0,534.0,0,978.9722367329725,0.0,3054,-978.9722367329725
Data,3529,0.0,0.0,2605.7686099810585,0.0,0.0,798.38,0.0,534.0,0,1088.1486099810586,0.0,2850,-1088.1486099810586
Data,3530,0.0,0.0,2688.5534080036323,0.0,0.0,812.92,0.0,534.0,0,1246.4734080036324,0.0,2789,-1246.4734080036324
Data,3531,0.0,0.0,2802.4278066991183,0.0,0.0,784.96,0.0,534.0,0,1198.3878066991185,0.0,2923,-1198.3878066991183
Data,3532,0.0,0.0,2488.2687036866346,0.0,0.0,789.44,0.0,534.0,0,729.7087036866349,0.0,3082,-729.7087036866346
Data,3533,0.0,0.0,2593.8434757221025,0.0,0.0,830.81,0.0,534.0,0,798.6534757221024,0.0,3160,-798.6534757221025
Data,3534,0.0,0.0,2090.3474299265167,0.0,0.0,885.6,0.0,530.8,0,358.7474299265167,0.0,3148,-358.7474299265167
Data,3535,-0.0,0.0,1981.0563459009704,0.0,0.0,865.47,0.0,534.0,0,147.52634590097048,0.0,3233,-147.52634590097045
Data,3536,-0.0,0.0,1636.459421559361,0.0,0.0,814.04,0.0,530.8,0,-328.70057844063876,0.0,3310,328.700578440639
Data,3537,-0.0,0.0,1500.5233728907738,0.0,0.0,824.1,0.0,502.0,0,-797.3766271092264,0.0,3624,797.3766271092262
Data,3538,-0.0,0.0,1466.9146768212306,0.0,0.0,837.52,0.0,502.0,0,-1105.5653231787694,0.0,3912,1105.5653231787694
Data,3539,-0.0,0.0,1310.3335031559325,0.0,0.0,838.64,0.0,502.0,0,-1293.0264968440677,0.0,3944,1293.0264968440674
Data,3540,-0.0,0.0,1088.6056443753018,0.0,0.0,837.52,0.0,502.0,0,-1537.8743556246982,0.0,3966,1537.8743556246982
Data,3541,-0.0,0.0,1297.6784985945887,0.0,0.0,786.08,0.0,502.0,0,-1140.2415014054113,0.0,3726,1140.2415014054113
Data,3542,-0.0,0.0,1538.1640056063325,0.0,0.0,806.21,0.0,502.0,0,-967.6259943936676,0.0,3814,967.6259943936675
Data,3543,-0.0,0.0,1609.2768371844345,0.0,0.0,827.45,0.0,502.0,0,-782.2731628155656,0.0,3721,782.2731628155655
Data,3544,-0.0,0.0,2221.3460810790484,0.0,0.0,854.29,0.0,502.0,0,-161.3639189209518,0.0,3739,161.36391892095162
Data,3545,-0.0,0.0,1949.6620170628216,0.0,0.0,926.97,0.0,502.0,0,-485.3679829371784,0.0,3864,485.36798293717834
Data,3546,-0.0,0.0,2066.8361689905646,0.0,0.0,984.0,0.0,502.0,0,-247.16383100943543,0.0,3800,247.1638310094354
Data,3547,-0.0,0.0,2135.6838746017484,0.0,0.0,989.59,0.0,502.0,0,-231.72612539825127,0.0,3859,231.7261253982516
Data,3548,0.0,0.0,2192.656965294564,0.0,0.0,995.18,0.0,502.0,0,-103.1630347054359,0.0,3793,103.16303470543596
Data,3549,-0.0,0.0,2210.814333739033,0.0,0.0,878.89,0.0,502.0,0,53.704333739032904,0.0,3538,-53.704333739032904
Data,3550,0.0,0.0,2404.146110000402,0.0,0.0,867.71,0.0,534.0,0,534.856110000402,0.0,3271,-534.8561100004022
Data,3551,0.0,0.0,2354.126191441547,0.0,0.0,799.5,0.0,534.0,0,529.6261914415468,0.0,3158,-529.6261914415468
Data,3552,0.0,0.0,2419.6801935836447,0.0,0.0,754.77,0.0,534.0,0,703.4501935836449,0.0,3005,-703.4501935836447
Data,3553,0.0,0.0,2504.0651394028455,0.0,0.0,795.03,0.0,530.8,0,1028.8951394028454,0.0,2801,-1028.8951394028454
Data,3554,0.0,0.0,2495.284046481109,0.0,0.0,781.61,0.0,530.8,0,1066.6940464811091,0.0,2741,-1066.6940464811087
Data,3555,0.0,0.0,2549.068697544031,0.0,0.0,755.89,0.0,527.6,0,980.5586975440305,0.0,2852,-980.5586975440308
Data,3556,0.0,0.0,2798.4683288347715,0.0,0.0,787.2,0.0,530.8,0,1085.4683288347715,0.0,3031,-1085.4683288347715
Data,3557,0.0,0.0,2891.3350077751384,0.0,0.0,827.45,0.0,527.6,0,1138.385007775138,0.0,3108,-1138.3850077751385
Data,3558,0.0,0.0,2912.2435287720937,0.0,0.0,774.9,0.0,530.8,0,1218.943528772094,0.0,2999,-1218.9435287720935
Data,3559,-0.0,0.0,2575.9803056477513,0.0,0.0,780.49,0.0,530.8,0,928.2703056477517,0.0,2959,-928.2703056477512
Data,3560,-0.0,0.0,2638.5316451216804,0.0,0.0,768.19,0.0,527.6,0,872.3216451216806,0.0,3062,-872.3216451216805
Data,3561,-0.0,0.0,2869.7351743382906,0.0,0.0,792.79,0.0,530.8,0,896.3251743382912,0.0,3297,-896.3251743382905
Data,3562,-0.0,0.0,2702.257646879045,0.0,0.0,812.92,0.0,527.6,0,582.7776468790449,0.0,3460,-582.7776468790448
Data,3563,-0.0,0.0,2965.3700874884426,0.0,0.0,835.28,0.0,527.6,0,762.2500874884427,0.0,3566,-762.2500874884425
Data,3564,-0.0,0.0,2809.2363481808216,0.0,0.0,789.44,0.0,530.8,0,499.4763481808217,0.0,3630,-499.47634818082156
Data,3565,-0.0,0.0,3519.728817076872,0.0,0.0,730.17,0.0,527.6,0,1324.4988170768715,0.0,3453,-1324.498817076872
Data,3566,-0.0,0.0,2885.13834812272,0.0,0.0,812.92,0.0,176.6,0,423.65834812272004,0.0,3451,-423.6583481227199
Data,3567,-0.0,0.0,2991.2730985294743,0.0,0.0,826.34,0.0,530.8,0,914.4130985294745,0.0,3434,-914.4130985294743
Data,3568,-0.0,0.0,3091.3270203929137,0.0,0.0,858.76,0.0,534.0,0,1039.087020392914,0.0,3445,-1039.0870203929137
Data,3569,-0.0,0.0,3165.2553359284907,0.0,0.0,912.44,0.0,530.8,0,1132.4953359284912,0.0,3476,-1132.4953359284907
Data,3570,-0.0,0.0,3054.4029310878213,0.0,0.0,929.21,0.0,530.8,0,980.4129310878213,0.0,3534,-980.4129310878213
Data,3571,-0.0,0.0,3169.834589155809,0.0,0.0,958.28,0.0,530.8,0,1037.9145891558094,0.0,3621,-1037.9145891558092
Data,3572,0.0,0.0,3472.0843164274575,0.0,0.0,883.36,0.0,534.0,0,1366.4443164274576,0.0,3523,-1366.4443164274576
Data,3573,-0.0,0.0,3376.528698292528,0.0,0.0,847.58,0.0,530.8,0,1393.9086982925285,0.0,3361,-1393.9086982925282
Data,3574,0.0,0.0,3365.277685243358,0.0,0.0,821.86,0.0,530.8,0,1544.9376852433586,0.0,3173,-1544.937685243358
Data,3575,0.0,0.0,3355.1143797682666,0.0,0.0,764.84,0.0,534.0,0,1657.9543797682668,0.0,2996,-1657.9543797682668
Data,3576,0.0,0.0,2939.0879986941018,0.0,0.0,758.13,0.0,530.8,0,1311.0179986941018,0.0,2917,-1311.0179986941016
Data,3577,0.0,0.0,2816.772704805192,0.0,0.0,772.66,0.0,530.8,0,1332.2327048051923,0.0,2788,-1332.232704805192
Data,3578,0.0,0.0,2855.2018262855263,0.0,0.0,772.66,0.0,527.6,0,1382.4618262855258,0.0,2773,-1382.4618262855263
Data,3579,0.0,0.0,2653.6453393528736,0.0,0.0,761.48,0.0,527.6,0,1117.7253393528733,0.0,2825,-1117.7253393528736
Data,3580,0.0,0.0,2921.86435493745,0.0,0.0,822.98,0.0,530.8,0,1280.6443549374503,0.0,2995,-1280.64435493745
Data,3581,0.0,0.0,2788.434031681173,0.0,0.0,824.1,0.0,530.8,0,1131.3340316811732,0.0,3012,-1131.3340316811732
Data,3582,0.0,0.0,2540.4339507133745,0.0,0.0,805.09,0.0,527.6,0,916.1239507133744,0.0,2957,-916.1239507133746
Data,3583,-0.0,0.0,1938.5333788763687,0.0,0.0,776.02,0.0,530.8,0,300.3533788763688,0.0,2945,-300.35337887636865
Data,3584,-0.0,0.0,1461.129906668772,0.0,0.0,752.54,0.0,527.6,0,-205.73009333122815,0.0,2947,205.73009333122798
Data,3585,-0.0,0.0,1370.0862903896289,0.0,0.0,741.35,0.0,530.8,0,-378.7637096103709,0.0,3021,378.76370961037117
Data,3586,-0.0,0.0,2018.6304059884121,0.0,0.0,742.47,0.0,527.6,0,189.70040598841206,0.0,3099,-189.70040598841217
Data,3587,-0.0,0.0,2331.0068983364918,0.0,0.0,745.83,0.0,530.8,0,463.6368983364916,0.0,3144,-463.63689833649175
Data,3588,-0.0,0.0,2441.4492995057553,0.0,0.0,725.7,0.0,530.8,0,514.9492995057554,0.0,3183,-514.9492995057553
Data,3589,-0.0,0.0,2477.227607455848,0.0,0.0,697.75,0.0,527.6,0,609.5776074558481,0.0,3093,-609.5776074558481
Data,3590,-0.0,0.0,2732.2789002992786,0.0,0.0,703.34,0.0,530.8,0,965.4189002992786,0.0,3001,-965.4189002992786
Data,3591,-0.0,0.0,2928.0693012335755,0.0,0.0,741.35,0.0,445.1143,0,1099.5336012335754,0.0,3015,-1099.5336012335756
Data,3592,-0.0,0.0,3150.345038662622,0.0,0.0,777.14,0.0,534.0,0,1394.4850386626222,0.0,3067,-1394.4850386626217
Data,3593,-0.0,0.0,3214.50032131711,0.0,0.0,853.17,0.0,183.0,0,1066.67032131711,0.0,3184,-1066.67032131711
Data,3594,-0.0,0.0,3591.088752635414,0.0,0.0,865.47,0.0,530.8,0,1624.3587526354147,0.0,3363,-1624.358752635414
Data,3595,-0.0,0.0,4036.8552691177397,0.0,0.0,873.3,0.0,534.0,0,1915.1552691177399,0.0,3529,-1915.1552691177396
Data,3596,-0.0,0.0,3569.6009250851175,0.0,0.0,872.18,0.0,534.0,0,1498.7809250851176,0.0,3477,-1498.7809250851174
Data,3597,0.0,0.0,3702.232823344739,0.0,0.0,784.96,0.0,530.8,0,1768.9928233447388,0.0,3249,-1768.9928233447388
Data,3598,0.0,0.0,3978.4788944330344,0.0,0.0,753.65,0.0,534.0,0,2189.1288944330345,0.0,3077,-2189.1288944330345
Data,3599,0.0,0.0,3427.1085695500606,0.0,0.0,741.35,0.0,534.0,0,1842.4585695500602,0.0,2860,-1842.4585695500605
Data,3600,0.0,0.0,3314.830846765784,0.0,0.0,731.29,0.0,530.8,0,1846.920846765784,0.0,2730,-1846.9208467657838
Data,3601,0.0,0.0,3154.116412457738,0.0,0.0,702.22,0.0,530.8,0,1773.1364124577385,0.0,2614,-1773.136412457738
Data,3602,0.0,0.0,2718.8504161542387,0.0,0.0,703.34,0.0,530.8,0,1411.9904161542386,0.0,2541,-1411.9904161542386
Data,3603,0.0,0.0,3019.451095136513,0.0,0.0,770.43,0.0,527.6,0,1653.4810951365123,0.0,2664,-1653.4810951365127
Data,3604,0.0,0.0,2691.7855835735036,0.0,0.0,835.28,0.0,530.8,0,1191.8655835735035,0.0,2866,-1191.8655835735035
Data,3605,0.0,0.0,2503.8780877867753,0.0,0.0,826.34,0.0,530.8,0,923.0180877867756,0.0,2938,-923.0180877867753
Data,3606,0.0,0.0,2250.5026630957946,0.0,0.0,763.72,0.0,527.6,0,694.8226630957945,0.0,2847,-694.8226630957946
Data,3607,-0.0,0.0,1686.8931646274987,0.0,0.0,740.24,0.0,530.8,0,79.93316462749878,0.0,2878,-79.93316462749863
Data,3608,-0.0,0.0,1271.4558168865856,0.0,0.0,744.71,0.0,176.6,0,-818.2341831134145,0.0,3011,818.2341831134144
Data,3609,-0.0,0.0,887.3268210803761,0.0,0.0,731.29,0.0,179.8,0,-1406.5831789196238,0.0,3205,1406.5831789196238
Data,3610,-0.0,0.0,881.6480531629074,0.0,0.0,731.29,0.0,176.6,0,-1723.4619468370927,0.0,3513,1723.4619468370927
Data,3611,-0.0,0.0,1239.5033057519609,0.0,0.0,745.83,0.0,179.8,0,-1532.866694248039,0.0,3698,1532.866694248039
Data,3612,-0.0,0.0,1339.7426518346933,0.0,0.0,725.7,0.0,534.0,0,-1126.5573481653068,0.0,3726,1126.5573481653066
Data,3613,-0.0,0.0,1101.2915491485023,0.0,0.0,666.44,0.0,179.8,0,-1554.4684508514974,0.0,3502,1554.4684508514977
Data,3614,-0.0,0.0,1112.056133222502,0.0,0.0,695.51,0.0,379.4446,0,-1394.989266777498,0.0,3582,1394.989266777498
Data,3615,-0.0,0.0,1384.5315940624253,0.0,0.0,717.87,0.0,534.0,0,-1019.5984059375749,0.0,3656,1019.5984059375747
Data,3616,-0.0,0.0,1790.7473132076104,0.0,0.0,771.55,0.0,534.0,0,-627.7026867923894,0.0,3724,627.7026867923896
Data,3617,-0.0,0.0,2296.001251561447,0.0,0.0,829.69,0.0,534.0,0,-161.30874843855278,0.0,3821,161.3087484385528
Data,3618,-0.0,0.0,2349.8459742686823,0.0,0.0,858.76,0.0,537.2,0,-33.194025731317645,0.0,3779,33.19402573131765
Data,3619,-0.0,0.0,2460.590323332441,0.0,0.0,904.61,0.0,534.0,0,81.20032333244107,0.0,3818,-81.20032333244114
Data,3620,0.0,0.0,2462.4414356151024,0.0,0.0,844.23,0.0,534.0,0,173.67143561510233,0.0,3667,-173.67143561510238
Data,3621,-0.0,0.0,2583.009248901242,0.0,0.0,731.29,0.0,534.0,0,445.2992489012417,0.0,3403,-445.29924890124175
Data,3622,0.0,0.0,2662.4507829153918,0.0,0.0,718.99,0.0,537.2,0,718.6407829153918,0.0,3200,-718.6407829153918
Data,3623,0.0,0.0,2542.2389745733385,0.0,0.0,693.27,0.0,534.0,0,663.5089745733384,0.0,3106,-663.5089745733385
Data,3624,0.0,0.0,2615.3784634135386,0.0,0.0,683.21,0.0,534.0,0,923.5884634135385,0.0,2909,-923.5884634135386
Data,3625,0.0,0.0,2760.795080141815,0.0,0.0,641.84,0.0,530.8,0,1176.4350801418154,0.0,2757,-1176.435080141815
Data,3626,0.0,0.0,2754.816732359338,0.0,0.0,674.26,0.0,534.0,0,1216.0767323593382,0.0,2747,-1216.076732359338
Data,3627,0.0,0.0,2964.294753915322,0.0,0.0,741.35,0.0,530.8,0,1356.4447539153218,0.0,2880,-1356.444753915322
Data,3628,0.0,0.0,2883.684151197123,0.0,0.0,821.86,0.0,530.8,0,1164.3441511971232,0.0,3072,-1164.3441511971228
Data,3629,0.0,0.0,2683.837434306805,0.0,0.0,746.95,0.0,534.0,0,849.7874343068049,0.0,3115,-849.7874343068049
Data,3630,0.0,0.0,2546.9250296393543,0.0,0.0,736.88,0.0,530.8,0,818.6050296393547,0.0,2996,-818.6050296393543
Data,3631,-0.0,0.0,2190.5621293562936,0.0,0.0,693.27,0.0,530.8,0,379.63212935629394,0.0,3035,-379.6321293562935
Data,3632,-0.0,0.0,1698.8486152662274,0.0,0.0,683.21,0.0,534.0,0,-234.9413847337728,0.0,3151,234.94138473377257
Data,3633,-0.0,0.0,1249.6944557339102,0.0,0.0,676.5,0.0,530.8,0,-970.0055442660897,0.0,3427,970.0055442660898
Data,3634,-0.0,0.0,1100.2708778830627,0.0,0.0,665.32,0.0,530.8,0,-1451.6091221169368,0.0,3748,1451.6091221169372
Data,3635,-0.0,0.0,933.3389637529427,0.0,0.0,688.8,0.0,530.8,0,-1640.061036247057,0.0,3793,1640.0610362470575
Data,3636,-0.0,0.0,946.5670294200294,0.0,0.0,642.95,0.0,530.8,0,-1639.6829705799705,0.0,3760,1639.6829705799705
Data,3637,-0.0,0.0,1015.12405762275,0.0,0.0,598.23,0.0,530.8,0,-1494.84594237725,0.0,3639,1494.8459423772501
Data,3638,-0.0,0.0,1331.3633940706736,0.0,0.0,667.55,0.0,530.8,0,-1237.286605929326,0.0,3767,1237.2866059293265
Data,3639,-0.0,0.0,1355.9774344332309,0.0,0.0,716.75,0.0,534.0,0,-1163.2725655667691,0.0,3770,1163.2725655667691
Data,3640,-0.0,0.0,1649.261693000717,0.0,0.0,809.56,0.0,534.0,0,-764.1783069992831,0.0,3757,764.178306999283
Data,3641,-0.0,0.0,2174.6895117217105,0.0,0.0,822.98,0.0,534.0,0,-278.3304882782896,0.0,3810,278.3304882782895
Data,3642,-0.0,0.0,2157.770788554436,0.0,0.0,876.65,0.0,534.0,0,-174.57921144556383,0.0,3743,174.57921144556406
Data,3643,-0.0,0.0,2335.284715955045,0.0,0.0,894.55,0.0,534.0,0,-69.16528404495483,0.0,3833,69.16528404495489
Data,3644,0.0,0.0,2353.836636915039,0.0,0.0,803.97,0.0,534.0,0,0.8066369150391779,0.0,3691,-0.8066369150390074
Data,3645,0.0,0.0,2434.824136408461,0.0,0.0,713.4,0.0,534.0,0,244.224136408461,0.0,3438,-244.22413640846105
Data,3646,0.0,0.0,2458.267128439704,0.0,0.0,677.62,0.0,534.0,0,440.8871284397035,0.0,3229,-440.8871284397038
Data,3647,0.0,0.0,2512.322062376038,0.0,0.0,668.67,0.0,534.0,0,653.992062376038,0.0,3061,-653.992062376038
Data,3648,0.0,0.0,2666.191492782238,0.0,0.0,675.38,0.0,534.0,0,926.5714927822381,0.0,2949,-926.5714927822381
Data,3649,0.0,0.0,2323.9022009544806,0.0,0.0,657.49,0.0,530.8,0,678.1922009544808,0.0,2834,-678.1922009544805
Data,3650,0.0,0.0,1939.4989643226475,0.0,0.0,665.32,0.0,530.8,0,388.6189643226478,0.0,2747,-388.61896432264746
Data,3651,0.0,0.0,1849.1926353221784,0.0,0.0,710.05,0.0,530.8,0,235.04263532217854,0.0,2855,-235.04263532217828
Data,3652,0.0,0.0,1858.127133471873,0.0,0.0,707.81,0.0,530.8,0,70.7371334718733,0.0,3026,-70.737133471873
Data,3653,0.0,0.0,1930.0374995118057,0.0,0.0,712.28,0.0,530.8,0,47.117499511805875,0.0,3126,-47.11749951180559
Data,3654,0.0,0.0,1912.968538262032,0.0,0.0,715.64,0.0,530.8,0,141.4085382620321,0.0,3018,-141.40853826203204
Data,3655,-0.0,0.0,1349.0141825209696,0.0,0.0,676.5,0.0,530.8,0,-556.6858174790302,0.0,3113,556.6858174790304
Data,3656,-0.0,0.0,1236.542754136435,0.0,0.0,688.8,0.0,530.8,0,-796.8572458635648,0.0,3253,796.8572458635651
Data,3657,-0.0,0.0,1369.7605096822824,0.0,0.0,694.39,0.0,530.8,0,-937.0494903177175,0.0,3532,937.0494903177176
Data,3658,-0.0,0.0,1080.8538031454593,0.0,0.0,713.4,0.0,530.8,0,-1474.9461968545404,0.0,3800,1474.9461968545406
Data,3659,-0.0,0.0,1075.187698239258,0.0,0.0,762.6,0.0,530.8,0,-1504.412301760742,0.0,3873,1504.4123017607421
Data,3660,-0.0,0.0,954.5371598727894,0.0,0.0,721.23,0.0,527.6,0,-1703.6328401272108,0.0,3907,1703.6328401272106
Data,3661,-0.0,0.0,1291.9368557203672,0.0,0.0,707.81,0.0,527.6,0,-1177.653144279633,0.0,3705,1177.6531442796327
Data,3662,-0.0,0.0,1657.6963539277554,0.0,0.0,815.15,0.0,527.6,0,-859.5536460722448,0.0,3860,859.5536460722446
Data,3663,-0.0,0.0,2294.658160966209,0.0,0.0,890.07,0.0,530.8,0,-158.47183903379062,0.0,3874,158.47183903379107
Data,3664,-0.0,0.0,2029.5715774736693,0.0,0.0,907.96,0.0,534.0,0,-320.4684225263308,0.0,3792,320.46842252633064
Data,3665,-0.0,0.0,2176.6097345709168,0.0,0.0,928.09,0.0,530.8,0,-140.50026542908302,0.0,3776,140.50026542908324
Data,3666,-0.0,0.0,2147.5194778282876,0.0,0.0,938.15,0.0,530.8,0,-103.53052217171194,0.0,3720,103.5305221717125
Data,3667,-0.0,0.0,2306.431786973066,0.0,0.0,956.05,0.0,530.8,0,28.281786973066716,0.0,3765,-28.28178697306612
Data,3668,0.0,0.0,2659.5835140604063,0.0,0.0,944.86,0.0,530.8,0,479.2435140604065,0.0,3656,-479.24351406040626
Data,3669,-0.0,0.0,2356.9902388456867,0.0,0.0,931.45,0.0,530.8,0,376.2402388456869,0.0,3443,-376.2402388456867
Data,3670,0.0,0.0,3032.3831692591903,0.0,0.0,894.55,0.0,530.8,0,1184.7331692591902,0.0,3273,-1184.7331692591902
Data,3671,0.0,0.0,3052.6433755259745,0.0,0.0,866.59,0.0,530.8,0,1353.0333755259749,0.0,3097,-1353.0333755259744
Data,3672,0.0,0.0,3147.082617056177,0.0,0.0,876.65,0.0,530.8,0,1611.532617056177,0.0,2943,-1611.5326170561766
Data,3673,0.0,0.0,3262.748828443103,0.0,0.0,848.7,0.0,530.8,0,1817.2488284431029,0.0,2825,-1817.2488284431029
Data,3674,0.0,0.0,3284.430705778849,0.0,0.0,854.29,0.0,527.6,0,1884.320705778849,0.0,2782,-1884.320705778849
Data,3675,0.0,0.0,3317.199510589644,0.0,0.0,890.07,0.0,527.6,0,1877.8695105896443,0.0,2857,-1877.869510589644
Data,3676,0.0,0.0,3247.6620450158853,0.0,0.0,913.55,0.0,527.6,0,1647.812045015885,0.0,3041,-1647.8120450158854
Data,3677,0.0,0.0,3013.3413121288304,0.0,0.0,861.0,0.0,527.6,0,1327.9413121288303,0.0,3074,-1327.9413121288303
Data,3678,0.0,0.0,2750.4438922927025,0.0,0.0,864.35,0.0,527.6,0,1137.3938922927023,0.0,3005,-1137.3938922927025
Data,3679,-0.0,0.0,2019.243802417192,0.0,0.0,880.01,0.0,530.8,0,356.05380241719206,0.0,3074,-356.05380241719195
Data,3680,-0.0,0.0,1901.0837770335258,0.0,0.0,892.31,0.0,527.6,0,105.99377703352567,0.0,3215,-105.99377703352582
Data,3681,-0.0,0.0,1840.2384539321517,0.0,0.0,874.42,0.0,527.6,0,-244.74154606784813,0.0,3487,244.74154606784828
Data,3682,-0.0,0.0,2095.197988804961,0.0,0.0,866.59,0.0,527.6,0,-309.61201119503926,0.0,3799,309.61201119503903
Data,3683,-0.0,0.0,2404.2840242013,0.0,0.0,861.0,0.0,527.6,0,-41.11597579870048,0.0,3834,41.115975798700106
Data,3684,-0.0,0.0,2480.3228414860937,0.0,0.0,825.22,0.0,527.6,0,23.142841486093275,0.0,3810,-23.142841486093744
Data,3685,-0.0,0.0,2839.620972270522,0.0,0.0,791.67,0.0,530.8,0,551.0909722705225,0.0,3611,-551.090972270522
Data,3686,-0.0,0.0,2866.011313255031,0.0,0.0,814.04,0.0,530.8,0,416.8513132550317,0.0,3794,-416.85131325503085
Data,3687,-0.0,0.0,3199.0443647212164,0.0,0.0,920.26,0.0,527.6,0,884.904364721216,0.0,3762,-884.9043647212164
Data,3688,-0.0,0.0,3131.3551406549495,0.0,0.0,947.1,0.0,530.8,0,861.2551406549497,0.0,3748,-861.2551406549495
Data,3689,-0.0,0.0,3195.113975711912,0.0,0.0,921.38,0.0,530.8,0,815.2939757119124,0.0,3832,-815.2939757119121
Data,3690,-0.0,0.0,3011.8657695771903,0.0,0.0,901.25,0.0,530.8,0,665.9157695771906,0.0,3778,-665.9157695771903
Data,3691,-0.0,0.0,2888.9825244308895,0.0,0.0,903.49,0.0,530.8,0,481.2725244308895,0.0,3842,-481.27252443088946
Data,3692,0.0,0.0,2916.0765460275493,0.0,0.0,826.34,0.0,530.8,0,518.2165460275497,0.0,3755,-518.2165460275493
Data,3693,0.0,0.0,2802.82740214858,0.0,0.0,810.68,0.0,530.8,0,627.3074021485801,0.0,3517,-627.3074021485799
Data,3694,0.0,0.0,2603.429548058116,0.0,0.0,799.5,0.0,527.6,0,630.5295480581158,0.0,3300,-630.5295480581159
Data,3695,0.0,0.0,2835.353238694178,0.0,0.0,763.72,0.0,530.8,0,1016.8732386941782,0.0,3113,-1016.8732386941779
Data,3696,0.0,0.0,2863.421151875059,0.0,0.0,769.31,0.0,534.0,0,1191.731151875059,0.0,2975,-1191.731151875059
Data,3697,0.0,0.0,3314.313819087815,0.0,0.0,734.65,0.0,527.6,0,1761.5638190878149,0.0,2815,-1761.5638190878149
Data,3698,0.0,0.0,3528.3495682442776,0.0,0.0,744.71,0.0,527.6,0,2034.6595682442776,0.0,2766,-2034.6595682442776
Data,3699,0.0,0.0,3949.298688764074,0.0,0.0,755.89,0.0,527.6,0,2321.788688764074,0.0,2911,-2321.7886887640743
Data,3700,0.0,0.0,3684.217928162424,0.0,0.0,817.39,0.0,527.6,0,1941.2079281624237,0.0,3088,-1941.207928162424
Data,3701,0.0,0.0,3968.0915460783153,0.0,0.0,828.57,0.0,527.6,0,2165.2615460783154,0.0,3159,-2165.2615460783154
Data,3702,0.0,0.0,3164.0185179958385,0.0,0.0,838.64,0.0,527.6,0,1469.2585179958382,0.0,3061,-1469.2585179958385
Data,3703,-0.0,0.0,3395.133075075257,0.0,0.0,809.56,0.0,527.6,0,1685.2930750752564,0.0,3047,-1685.2930750752566
Data,3704,-0.0,0.0,2845.8402627237515,0.0,0.0,786.08,0.0,527.6,0,1024.5202627237509,0.0,3135,-1024.5202627237516
Data,3705,-0.0,0.0,2701.569202859558,0.0,0.0,761.48,0.0,176.6,0,219.64920285955813,0.0,3420,-219.64920285955813
Data,3706,-0.0,0.0,2406.4669123467584,0.0,0.0,763.72,0.0,176.6,0,-327.21308765324216,0.0,3674,327.2130876532416
Data,3707,-0.0,0.0,2315.1883285221393,0.0,0.0,768.19,0.0,179.8,0,-497.8216714778602,0.0,3761,497.82167147786066
Data,3708,-0.0,0.0,2808.292140536223,0.0,0.0,781.61,0.0,176.6,0,-1.4978594637768285,0.0,3768,1.497859463776905
Data,3709,-0.0,0.0,2570.7861632440586,0.0,0.0,715.64,0.0,176.6,0,-166.97383675594162,0.0,3630,166.97383675594145
Data,3710,-0.0,0.0,2745.0354574683615,0.0,0.0,733.53,0.0,179.8,0,14.365457468361205,0.0,3644,-14.365457468361512
Data,3711,-0.0,0.0,3192.515395940529,0.0,0.0,786.08,0.0,179.8,0,497.39539594052866,0.0,3661,-497.3953959405289
Data,3712,-0.0,0.0,2574.9292867796903,0.0,0.0,831.93,0.0,534.0,0,256.85928677968997,0.0,3684,-256.85928677969025
Data,3713,-0.0,0.0,2450.47165441369,0.0,0.0,900.14,0.0,530.8,0,157.41165441368992,0.0,3724,-157.41165441368992
Data,3714,-0.0,0.0,2292.0252586522474,0.0,0.0,920.26,0.0,530.8,0,81.0852586522478,0.0,3662,-81.08525865224738
Data,3715,-0.0,0.0,2352.5653730686167,0.0,0.0,930.33,0.0,530.8,0,68.69537306861683,0.0,3745,-68.69537306861673
Data,3716,0.0,0.0,2431.4808501329367,0.0,0.0,944.86,0.0,534.0,0,259.3408501329366,0.0,3651,-259.3408501329367
Data,3717,0.0,0.0,2195.3226271277395,0.0,0.0,848.7,0.0,530.8,0,184.8226271277397,0.0,3390,-184.82262712773945
Data,3718,0.0,0.0,2585.880991106952,0.0,0.0,783.85,0.0,530.8,0,765.530991106952,0.0,3135,-765.530991106952
Data,3719,0.0,0.0,2334.546197860659,0.0,0.0,751.42,0.0,534.0,0,592.9661978606592,0.0,3027,-592.966197860659
Data,3720,0.0,0.0,2348.483336027452,0.0,0.0,732.41,0.0,530.8,0,700.693336027452,0.0,2911,-700.6933360274519
Data,3721,0.0,0.0,2414.5726935858493,0.0,0.0,786.08,0.0,527.6,0,934.2526935858489,0.0,2794,-934.2526935858493
Data,3722,0.0,0.0,2636.1420814511666,0.0,0.0,788.32,0.0,530.8,0,1258.2620814511668,0.0,2697,-1258.2620814511665
Data,3723,0.0,0.0,2562.5203801857647,0.0,0.0,784.96,0.0,527.6,0,1061.0803801857646,0.0,2814,-1061.0803801857646
Data,3724,0.0,0.0,2225.947540197364,0.0,0.0,767.07,0.0,527.6,0,536.6175401973641,0.0,2984,-536.6175401973642
Data,3725,0.0,0.0,2038.763277763361,0.0,0.0,836.4,0.0,530.8,0,377.96327776336125,0.0,3028,-377.9632777633609
Data,3726,0.0,0.0,1821.0470794112557,0.0,0.0,852.05,0.0,527.6,0,300.6970794112555,0.0,2900,-300.6970794112557
Data,3727,-0.0,0.0,1724.6961150307297,0.0,0.0,811.8,0.0,527.6,0,238.09611503072972,0.0,2826,-238.09611503072972
Data,3728,-0.0,0.0,1843.6043965279307,0.0,0.0,792.79,0.0,530.8,0,347.19439652793085,0.0,2820,-347.1943965279306
Data,3729,-0.0,0.0,1941.4916111104585,0.0,0.0,758.13,0.0,527.6,0,166.2216111104584,0.0,3061,-166.22161111045853
Data,3730,-0.0,0.0,2426.2732756387613,0.0,0.0,774.9,0.0,527.6,0,496.7732756387612,0.0,3232,-496.77327563876133
Data,3731,-0.0,0.0,2694.571253296992,0.0,0.0,742.47,0.0,527.6,0,634.6412532969916,0.0,3330,-634.641253296992
Data,3732,-0.0,0.0,2871.746837245168,0.0,0.0,734.65,0.0,527.6,0,758.9968372451681,0.0,3375,-758.9968372451681
Data,3733,-0.0,0.0,3296.323608950985,0.0,0.0,702.22,0.0,527.6,0,1338.143608950985,0.0,3188,-1338.1436089509853
Data,3734,-0.0,0.0,3346.6967397703697,0.0,0.0,720.11,0.0,527.6,0,1390.4067397703695,0.0,3204,-1390.4067397703698
Data,3735,-0.0,0.0,3337.5881521836523,0.0,0.0,730.17,0.0,534.0,0,1443.7581521836523,0.0,3158,-1443.7581521836523
Data,3736,-0.0,0.0,2737.213671039052,0.0,0.0,774.9,0.0,530.8,0,883.913671039052,0.0,3159,-883.9136710390518
Data,3737,-0.0,0.0,2749.3733400763053,0.0,0.0,810.68,0.0,530.8,0,802.8533400763055,0.0,3288,-802.8533400763052
Data,3738,-0.0,0.0,2754.3004460960046,0.0,0.0,822.98,0.0,530.8,0,753.0804460960051,0.0,3355,-753.0804460960046
Data,3739,-0.0,0.0,2622.2034891196513,0.0,0.0,888.95,0.0,530.8,0,537.9534891196513,0.0,3504,-537.9534891196513
Data,3740,0.0,0.0,2497.158525640206,0.0,0.0,876.65,0.0,530.8,0,478.60852564020615,0.0,3426,-478.6085256402058
Data,3741,0.0,0.0,2653.175912985752,0.0,0.0,825.22,0.0,530.8,0,784.195912985752,0.0,3225,-784.1959129857519
Data,3742,0.0,0.0,2255.52255642235,0.0,0.0,770.43,0.0,530.8,0,562.7525564223502,0.0,2994,-562.75255642235
Data,3743,0.0,0.0,1617.3001452187402,0.0,0.0,754.77,0.0,534.0,0,-1.9298547812598486,0.0,2908,1.9298547812597917
Data,3744,0.0,0.0,2423.1086045835063,0.0,0.0,713.4,0.0,530.8,0,816.3086045835068,0.0,2851,-816.3086045835063
Data,3745,0.0,0.0,2412.324799549544,0.0,0.0,729.05,0.0,527.6,0,966.974799549544,0.0,2702,-966.974799549544
Data,3746,0.0,0.0,2542.319651424579,0.0,0.0,734.65,0.0,527.6,0,1112.5696514245794,0.0,2692,-1112.5696514245792
Data,3747,0.0,0.0,2309.9187011430936,0.0,0.0,742.47,0.0,530.8,0,779.1887011430937,0.0,2804,-779.1887011430936
Data,3748,0.0,0.0,2387.4917001469366,0.0,0.0,754.77,0.0,527.6,0,702.8617001469365,0.0,2967,-702.8617001469366
Data,3749,0.0,0.0,2404.085265051541,0.0,0.0,765.95,0.0,527.6,0,673.6352650515408,0.0,3024,-673.6352650515408
Data,3750,0.0,0.0,2044.6778020195277,0.0,0.0,767.07,0.0,527.6,0,476.34780201952765,0.0,2863,-476.34780201952776
Data,3751,-0.0,0.0,1636.083480017708,0.0,0.0,711.16,0.0,527.6,0,110.84348001770779,0.0,2764,-110.84348001770809
Data,3752,-0.0,0.0,1446.177524029432,0.0,0.0,693.27,0.0,176.6,0,-360.9524759705681,0.0,2677,360.9524759705679
Data,3753,-0.0,0.0,1091.6534855183315,0.0,0.0,651.9,0.0,176.6,0,-804.8465144816685,0.0,2725,804.8465144816685
Data,3754,-0.0,0.0,1084.7955424848749,0.0,0.0,636.25,0.0,176.6,0,-969.3544575151252,0.0,2867,969.3544575151251
Data,3755,-0.0,0.0,1344.4423331819842,0.0,0.0,639.6,0.0,176.6,0,-773.3576668180159,0.0,2934,773.3576668180158
Data,3756,-0.0,0.0,1442.0338452066007,0.0,0.0,622.83,0.0,176.6,0,-745.5361547933994,0.0,2987,745.5361547933992
Data,3757,-0.0,0.0,1555.1385907165877,0.0,0.0,602.7,0.0,176.6,0,-635.561409283412,0.0,2970,635.5614092834122
Data,3758,-0.0,0.0,1793.7814606384204,0.0,0.0,631.77,0.0,179.8,0,-375.6485393615796,0.0,2981,375.6485393615796
Data,3759,-0.0,0.0,1808.7788256933143,0.0,0.0,650.78,0.0,176.6,0,-355.8411743066856,0.0,2992,355.84117430668573
Data,3760,-0.0,0.0,1650.3621704498166,0.0,0.0,699.98,0.0,179.8,0,-505.85782955018334,0.0,3036,505.85782955018334
Data,3761,-0.0,0.0,1861.8689401266226,0.0,0.0,768.19,0.0,530.8,0,-5.14105987337729,0.0,3166,5.141059873377344
Data,3762,-0.0,0.0,1984.0075999666537,0.0,0.0,790.55,0.0,530.8,0,-56.64240003334615,0.0,3362,56.64240003334635
Data,3763,-0.0,0.0,2622.333151717638,0.0,0.0,846.46,0.0,530.8,0,449.5931517176381,0.0,3550,-449.59315171763797
Data,3764,0.0,0.0,2698.312364555193,0.0,0.0,831.93,0.0,530.8,0,592.0423645551932,0.0,3469,-592.0423645551931
Data,3765,-0.0,0.0,2514.636071304414,0.0,0.0,831.93,0.0,527.6,0,591.1660713044138,0.0,3283,-591.1660713044141
Data,3766,0.0,0.0,2608.3525808280456,0.0,0.0,739.12,0.0,530.8,0,814.2725808280459,0.0,3064,-814.2725808280455
Data,3767,0.0,0.0,3257.4926536498247,0.0,0.0,736.88,0.0,179.8,0,1300.172653649825,0.0,2874,-1300.1726536498247
Data,3768,0.0,0.0,3297.234895154327,0.0,0.0,693.27,0.0,179.8,0,1413.3048951543271,0.0,2757,-1413.3048951543271
Data,3769,0.0,0.0,3388.4643057979306,0.0,0.0,702.22,0.0,176.6,0,1657.2843057979305,0.0,2610,-1657.2843057979305
Data,3770,0.0,0.0,3231.816322970032,0.0,0.0,667.55,0.0,176.6,0,1485.9663229700318,0.0,2590,-1485.966322970032
Data,3771,0.0,0.0,3277.4150621288845,0.0,0.0,663.08,0.0,296.9742,0,1517.4692621288843,0.0,2720,-1517.4692621288846
Data,3772,0.0,0.0,3508.251354737713,0.0,0.0,767.07,0.0,178.4354,0,1540.756754737713,0.0,2913,-1540.756754737713
Data,3773,0.0,0.0,3294.663500615945,0.0,0.0,733.53,0.0,176.6,0,1196.793500615945,0.0,3008,-1196.7935006159448
Data,3774,0.0,0.0,3316.0905962040288,0.0,0.0,710.05,0.0,176.6,0,1267.7405962040282,0.0,2935,-1267.7405962040286
Data,3775,-0.0,0.0,2809.732950773901,0.0,0.0,676.5,0.0,399.2737,0,895.506650773901,0.0,2990,-895.5066507739009
Data,3776,-0.0,0.0,2692.1281831172173,0.0,0.0,654.14,0.0,176.6,0,402.8681831172174,0.0,3120,-402.8681831172173
Data,3777,-0.0,0.0,2718.6617974630058,0.0,0.0,628.42,0.0,176.6,0,73.68179746300578,0.0,3450,-73.68179746300572
Data,3778,-0.0,0.0,2362.887248756799,0.0,0.0,644.07,0.0,176.6,0,-449.4427512432009,0.0,3633,449.44275124320075
Data,3779,-0.0,0.0,2769.2721698697037,0.0,0.0,642.95,0.0,176.6,0,-56.177830130296336,0.0,3645,56.17783013029626
Data,3780,-0.0,0.0,2368.6346681632467,0.0,0.0,640.72,0.0,176.6,0,-484.04533183675346,0.0,3670,484.04533183675323
Data,3781,-0.0,0.0,2419.994659750285,0.0,0.0,608.29,0.0,176.6,0,-375.1153402497154,0.0,3580,375.11534024971513
Data,3782,-0.0,0.0,2368.952844856207,0.0,0.0,672.03,0.0,179.8,0,-495.21715514379326,0.0,3716,495.21715514379315
Data,3783,-0.0,0.0,2721.482902599463,0.0,0.0,697.75,0.0,176.6,0,-171.16709740053685,0.0,3767,171.16709740053685
Data,3784,-0.0,0.0,3427.416928159804,0.0,0.0,705.57,0.0,179.8,0,567.7869281598046,0.0,3745,-567.7869281598039
Data,3785,-0.0,0.0,3610.4825029795975,0.0,0.0,739.12,0.0,179.8,0,718.4025029795976,0.0,3811,-718.4025029795976
Data,3786,-0.0,0.0,3360.9052356857374,0.0,0.0,863.24,0.0,176.6,0,621.7452356857376,0.0,3779,-621.7452356857374
Data,3787,-0.0,0.0,3470.753617784476,0.0,0.0,897.9,0.0,530.8,0,1045.4536177844764,0.0,3854,-1045.4536177844757
Data,3788,0.0,0.0,3336.8576715664026,0.0,0.0,894.55,0.0,179.8,0,695.207671566403,0.0,3716,-695.2076715664025
Data,3789,0.0,0.0,3193.9510868497628,0.0,0.0,776.02,0.0,176.6,0,690.5710868497624,0.0,3456,-690.5710868497628
Data,3790,0.0,0.0,3517.9305053477547,0.0,0.0,708.93,0.0,179.8,0,1203.6605053477547,0.0,3203,-1203.6605053477547
Data,3791,0.0,0.0,3859.431170127158,0.0,0.0,679.85,0.0,179.8,0,1613.0811701271582,0.0,3106,-1613.0811701271582
Data,3792,0.0,0.0,3258.006528605751,0.0,0.0,638.48,0.0,25.6,0,916.0865286057509,0.0,3006,-916.0865286057511
Data,3793,0.0,0.0,3849.486710652653,0.0,0.0,617.24,0.0,25.6,0,1646.3267106526532,0.0,2846,-1646.326710652653
Data,3794,0.0,0.0,3586.975985576829,0.0,0.0,629.54,0.0,25.6,0,1446.1159855768287,0.0,2796,-1446.1159855768287
Data,3795,0.0,0.0,3281.0506132835876,0.0,0.0,629.54,0.0,25.6,0,1026.1906132835875,0.0,2910,-1026.1906132835875
Data,3796,0.0,0.0,3524.3210128965306,0.0,0.0,730.17,0.0,25.6,0,1230.0910128965306,0.0,3050,-1230.0910128965306
Data,3797,0.0,0.0,3192.4827855279605,0.0,0.0,749.18,0.0,22.4,0,812.0627855279605,0.0,3152,-812.0627855279604
Data,3798,0.0,0.0,3537.9910879538734,0.0,0.0,689.92,0.0,25.6,0,1196.5110879538734,0.0,3057,-1196.5110879538734
Data,3799,-0.0,0.0,3010.857349329956,0.0,0.0,602.7,0.0,25.6,0,482.1573493299563,0.0,3157,-482.157349329956
Data,3800,-0.0,0.0,2286.8367202601403,0.0,0.0,611.65,0.0,25.6,0,-389.91327973985966,0.0,3314,389.9132797398597
Data,3801,-0.0,0.0,2550.8346386352637,0.0,0.0,610.53,0.0,22.4,0,-473.2353613647359,0.0,3657,473.2353613647364
Data,3802,-0.0,0.0,3037.7088274136363,0.0,0.0,613.88,0.0,25.6,0,-264.8111725863637,0.0,3942,264.8111725863637
Data,3803,-0.0,0.0,2636.395962738379,0.0,0.0,622.83,0.0,22.4,0,-630.3740372616217,0.0,3912,630.3740372616212
Data,3804,-0.0,0.0,2964.3541382107132,0.0,0.0,618.35,0.0,25.6,0,-302.6958617892871,0.0,3911,302.6958617892867
Data,3805,-0.0,0.0,3304.895107511278,0.0,0.0,575.86,0.0,25.6,0,174.35510751127805,0.0,3732,-174.3551075112782
Data,3806,-0.0,0.0,3717.7478899928687,0.0,0.0,647.43,0.0,28.8,0,503.97788999286865,0.0,3890,-503.9778899928687
Data,3807,-0.0,0.0,3292.311619634713,0.0,0.0,710.05,0.0,25.6,0,95.96161963471296,0.0,3932,-95.96161963471317
Data,3808,-0.0,0.0,3633.9099908928865,0.0,0.0,800.62,0.0,28.8,0,566.3299908928868,0.0,3897,-566.3299908928865
Data,3809,-0.0,0.0,3768.2344109189685,0.0,0.0,816.27,0.0,25.6,0,691.1044109189683,0.0,3919,-691.1044109189685
Data,3810,-0.0,0.0,3786.3461853658055,0.0,0.0,891.19,0.0,176.6,0,949.1361853658052,0.0,3905,-949.1361853658055
Data,3811,-0.0,0.0,4114.080186868356,0.0,0.0,890.07,0.0,179.8,0,1207.9501868683562,0.0,3976,-1207.9501868683558
Data,3812,0.0,0.0,4630.924918151659,0.0,0.0,876.65,0.0,176.6,0,1840.1749181516593,0.0,3844,-1840.1749181516589
Data,3813,0.0,0.0,4305.419670618963,0.0,0.0,733.53,0.0,176.6,0,1632.5496706189638,0.0,3583,-1632.549670618963
Data,3814,0.0,0.0,4588.792586569076,0.0,0.0,641.84,0.0,179.8,0,2045.4325865690757,0.0,3365,-2045.432586569076
Data,3815,0.0,0.0,4563.165446847528,0.0,0.0,618.35,0.0,176.6,0,2216.115446847528,0.0,3142,-2216.115446847528
Data,3816,0.0,0.0,5190.1364695291995,0.0,0.0,585.93,0.0,179.8,0,2929.8664695291995,0.0,3026,-2929.8664695291995
Data,3817,0.0,0.0,5060.511848624311,0.0,0.0,593.75,0.0,173.4,0,2963.661848624311,0.0,2864,-2963.661848624311
Data,3818,0.0,0.0,4432.455574875749,0.0,0.0,602.7,0.0,176.6,0,2359.7555748757495,0.0,2852,-2359.7555748757495
Data,3819,0.0,0.0,3966.9415035253605,0.0,0.0,626.18,0.0,382.5851,0,2037.7066035253604,0.0,2938,-2037.7066035253606
Data,3820,0.0,0.0,3694.782445756395,0.0,0.0,667.55,0.0,527.6,0,1759.9324457563957,0.0,3130,-1759.9324457563953
Data,3821,0.0,0.0,4302.420315319259,0.0,0.0,707.81,0.0,527.6,0,2363.8303153192587,0.0,3174,-2363.830315319259
Data,3822,0.0,0.0,3998.418693268482,0.0,0.0,687.68,0.0,527.6,0,2170.6986932684817,0.0,3043,-2170.698693268482
Data,3823,-0.0,0.0,3014.481746978732,0.0,0.0,649.66,0.0,524.4,0,1139.541746978732,0.0,3049,-1139.5417469787321
Data,3824,-0.0,0.0,3591.948743894159,0.0,0.0,641.84,0.0,176.6,0,1246.388743894159,0.0,3164,-1246.3887438941592
Data,3825,-0.0,0.0,3625.5870345365906,0.0,0.0,673.15,0.0,176.6,0,1018.337034536591,0.0,3457,-1018.3370345365906
Data,3826,-0.0,0.0,3572.158050394051,0.0,0.0,664.2,0.0,176.6,0,649.9580503940506,0.0,3763,-649.9580503940509
Data,3827,-0.0,0.0,3376.5398387780724,0.0,0.0,651.9,0.0,176.6,0,360.03983877807235,0.0,3845,-360.0398387780724
Data,3828,-0.0,0.0,3423.036385737918,0.0,0.0,636.25,0.0,527.6,0,678.8863857379176,0.0,3908,-678.886385737918
Data,3829,-0.0,0.0,3665.2733850028912,0.0,0.0,615.0,0.0,317.2701,0,897.5434850028914,0.0,3700,-897.5434850028912
Data,3830,-0.0,0.0,3779.698593477447,0.0,0.0,658.61,0.0,496.5607,0,1089.8692934774472,0.0,3845,-1089.8692934774472
Data,3831,-0.0,0.0,4257.825555962338,0.0,0.0,707.81,0.0,530.8,0,1683.4355559623377,0.0,3813,-1683.4355559623375
Data,3832,-0.0,0.0,4402.559543266324,0.0,0.0,791.67,0.0,530.8,0,1871.0295432663247,0.0,3854,-1871.0295432663238
Data,3833,-0.0,0.0,4232.490286038164,0.0,0.0,836.4,0.0,527.6,0,1693.4902860381646,0.0,3903,-1693.4902860381644
Data,3834,-0.0,0.0,4063.600230411632,0.0,0.0,861.0,0.0,530.8,0,1580.400230411632,0.0,3875,-1580.4002304116318
Data,3835,-0.0,0.0,3508.9420006385803,0.0,0.0,858.76,0.0,530.8,0,973.5020006385806,0.0,3925,-973.5020006385803
Data,3836,0.0,0.0,3780.2806658944583,0.0,0.0,835.28,0.0,530.8,0,1368.3606658944584,0.0,3778,-1368.3606658944582
Data,3837,0.0,0.0,3798.5286140871813,0.0,0.0,740.24,0.0,527.6,0,1539.3686140871812,0.0,3527,-1539.3686140871814
Data,3838,0.0,0.0,3396.755117194524,0.0,0.0,625.06,0.0,530.8,0,1270.615117194524,0.0,3282,-1270.6151171945237
Data,3839,0.0,0.0,2972.3166735274494,0.0,0.0,519.95,0.0,530.8,0,932.0666735274497,0.0,3091,-932.0666735274494
Data,3840,0.0,0.0,2711.325729653234,0.0,0.0,494.24,0.0,530.8,0,742.3657296532338,0.0,2994,-742.3657296532338
Data,3841,0.0,0.0,2911.5013964709265,0.0,0.0,514.36,0.0,527.6,0,1140.4613964709265,0.0,2813,-1140.4613964709265
Data,3842,0.0,0.0,3500.3532206796626,0.0,0.0,512.13,0.0,281.6027,0,1512.0859206796629,0.0,2782,-1512.0859206796626
Data,3843,0.0,0.0,2793.358517430211,0.0,0.0,599.35,0.0,527.6,0,1055.3085174302107,0.0,2865,-1055.3085174302112
Data,3844,0.0,0.0,3112.366712968237,0.0,0.0,610.53,0.0,527.6,0,1223.4967129682373,0.0,3027,-1223.4967129682373
Data,3845,0.0,0.0,3563.214970000698,0.0,0.0,613.88,0.0,527.6,0,1615.694970000698,0.0,3089,-1615.694970000698
Data,3846,0.0,0.0,3186.479011009671,0.0,0.0,585.93,0.0,527.6,0,1348.0090110096708,0.0,2952,-1348.009011009671
Data,3847,-0.0,0.0,3014.2951197332777,0.0,0.0,556.85,0.0,527.6,0,1134.7451197332778,0.0,2964,-1134.7451197332778
Data,3848,-0.0,0.0,2842.1016262991443,0.0,0.0,569.15,0.0,527.6,0,879.8516262991445,0.0,3059,-879.8516262991443
Data,3849,-0.0,0.0,3234.012390428585,0.0,0.0,528.9,0.0,527.6,0,964.5123904285849,0.0,3326,-964.5123904285851
Data,3850,-0.0,0.0,3346.463786432938,0.0,0.0,524.43,0.0,527.6,0,778.4937864329373,0.0,3620,-778.4937864329379
Data,3851,-0.0,0.0,3436.668077846359,0.0,0.0,531.14,0.0,524.4,0,776.2080778463593,0.0,3716,-776.2080778463592
Data,3852,-0.0,0.0,3366.8290326613164,0.0,0.0,527.78,0.0,527.6,0,639.2090326613161,0.0,3783,-639.2090326613164
Data,3853,-0.0,0.0,3097.2293009158525,0.0,0.0,484.17,0.0,527.6,0,499.99930091585276,0.0,3609,-499.99930091585253
Data,3854,-0.0,0.0,3228.33861371988,0.0,0.0,519.95,0.0,524.4,0,527.6886137198804,0.0,3745,-527.68861371988
Data,3855,-0.0,0.0,3710.8944737148568,0.0,0.0,552.38,0.0,530.8,0,1026.0744737148568,0.0,3768,-1026.0744737148566
Data,3856,-0.0,0.0,3538.0420609594594,0.0,0.0,570.27,0.0,527.6,0,859.9120609594592,0.0,3776,-859.9120609594594
Data,3857,-0.0,0.0,3187.3522401871173,0.0,0.0,701.1,0.0,530.8,0,577.2522401871173,0.0,3842,-577.2522401871173
Data,3858,-0.0,0.0,2974.195199507137,0.0,0.0,762.6,0.0,530.8,0,491.5951995071373,0.0,3776,-491.5951995071372
Data,3859,-0.0,0.0,3011.448271699803,0.0,0.0,788.32,0.0,527.6,0,456.36827169980313,0.0,3871,-456.36827169980324
Data,3860,0.0,0.0,3324.0077185473406,0.0,0.0,810.68,0.0,530.8,0,949.4877185473406,0.0,3716,-949.4877185473405
Data,3861,0.0,0.0,3247.1333250284624,0.0,0.0,732.41,0.0,530.8,0,1074.3433250284622,0.0,3436,-1074.3433250284625
Data,3862,0.0,0.0,3003.1209309061437,0.0,0.0,613.88,0.0,527.6,0,930.6009309061436,0.0,3214,-930.6009309061437
Data,3863,0.0,0.0,3451.7725546456713,0.0,0.0,497.59,0.0,530.8,0,1457.1625546456717,0.0,3023,-1457.1625546456712
Data,3864,0.0,0.0,3514.4165408964054,0.0,0.0,494.24,0.0,530.8,0,1639.4565408964058,0.0,2900,-1639.4565408964054
Data,3865,0.0,0.0,2910.882423576147,0.0,0.0,483.05,0.0,527.6,0,1158.532423576147,0.0,2763,-1158.5324235761473
Data,3866,0.0,0.0,2920.471490497814,0.0,0.0,490.88,0.0,527.6,0,1196.9514904978141,0.0,2742,-1196.9514904978141
Data,3867,0.0,0.0,3150.5225844844476,0.0,0.0,524.43,0.0,527.6,0,1370.5525844844474,0.0,2832,-1370.5525844844476
Data,3868,0.0,0.0,3469.9400361250755,0.0,0.0,516.6,0.0,527.6,0,1503.1400361250753,0.0,3011,-1503.1400361250755
Data,3869,0.0,0.0,3750.587598409052,0.0,0.0,591.52,0.0,527.6,0,1799.707598409052,0.0,3070,-1799.707598409052
Data,3870,0.0,0.0,3755.084500893652,0.0,0.0,598.23,0.0,527.6,0,1922.914500893652,0.0,2958,-1922.914500893652
Data,3871,-0.0,0.0,3638.8448474523657,0.0,0.0,503.18,0.0,527.6,0,1664.6248474523659,0.0,3005,-1664.6248474523657
Data,3872,-0.0,0.0,3488.8845242468683,0.0,0.0,478.58,0.0,527.6,0,1436.0645242468681,0.0,3059,-1436.0645242468684
Data,3873,-0.0,0.0,3228.747224684335,0.0,0.0,450.63,0.0,527.6,0,881.977224684335,0.0,3325,-881.9772246843349
Data,3874,-0.0,0.0,2334.047541646895,0.0,0.0,493.12,0.0,527.6,0,-244.2324583531053,0.0,3599,244.23245835310513
Data,3875,-0.0,0.0,1915.4367117218073,0.0,0.0,469.64,0.0,527.6,0,-828.3232882781929,0.0,3741,828.3232882781926
Data,3876,-0.0,0.0,1644.5156118514985,0.0,0.0,462.93,0.0,527.6,0,-1191.9543881485017,0.0,3827,1191.9543881485015
Data,3877,-0.0,0.0,1397.556089815423,0.0,0.0,472.99,0.0,524.4,0,-1276.0539101845766,0.0,3671,1276.053910184577
Data,3878,-0.0,0.0,1861.3492501342773,0.0,0.0,525.55,0.0,527.6,0,-937.5007498657232,0.0,3852,937.5007498657227
Data,3879,-0.0,0.0,1571.9456224243593,0.0,0.0,546.79,0.0,527.6,0,-1180.6643775756409,0.0,3827,1180.6643775756406
Data,3880,-0.0,0.0,1466.0963526537075,0.0,0.0,644.07,0.0,530.8,0,-1195.0336473462921,0.0,3836,1195.0336473462926
Data,3881,-0.0,0.0,1416.1396740949424,0.0,0.0,762.6,0.0,527.6,0,-1214.6603259050578,0.0,3921,1214.6603259050576
Data,3882,-0.0,0.0,1224.335874881126,-0.0,0.0,776.02,0.0,527.6,0,-1349.0441251188738,0.0,3877,1349.044125118874
Data,3883,-0.0,0.0,1757.857010243819,0.0,0.0,805.09,0.0,530.8,0,-825.2529897561806,0.0,3919,825.2529897561809
Data,3884,0.0,0.0,1949.2005900756901,0.0,0.0,806.21,0.0,530.8,0,-462.7894099243096,0.0,3749,462.7894099243099
Data,3885,-0.0,0.0,2030.5265517125401,0.0,0.0,704.45,0.0,527.6,0,-237.42344828745968,0.0,3500,237.4234482874598
Data,3886,0.0,0.0,1983.0162508312992,0.0,0.0,553.5,0.0,530.8,0,-197.6837491687007,0.0,3265,197.68374916870084
Data,3887,0.0,0.0,1738.4894516014901,0.0,0.0,459.57,0.0,527.6,0,-367.34054839850967,0.0,3093,367.34054839850984
Data,3888,0.0,0.0,1581.5049093532468,0.0,0.0,471.87,0.0,530.8,0,-427.8250906467532,0.0,3012,427.8250906467532
Data,3889,0.0,0.0,1350.1633964369476,0.0,0.0,461.81,0.0,527.6,0,-488.4266035630526,0.0,2828,488.4266035630524
Data,3890,0.0,0.0,1288.6847381683947,0.0,0.0,447.27,0.0,527.6,0,-504.44526183160514,0.0,2768,504.4452618316053
Data,3891,0.0,0.0,1282.188750140402,0.0,0.0,479.7,0.0,524.4,0,-551.711249859598,0.0,2838,551.7112498595982
Data,3892,0.0,0.0,1573.0559626470872,0.0,0.0,549.03,0.0,527.6,0,-374.31403735291315,0.0,3024,374.3140373529128
Data,3893,0.0,0.0,1868.2566029526238,0.0,0.0,592.64,0.0,527.6,0,-74.50339704737632,0.0,3063,74.50339704737621
Data,3894,0.0,0.0,1835.493274403167,0.0,0.0,573.63,0.0,527.6,0,18.723274403167252,0.0,2918,-18.723274403167125
Data,3895,-0.0,0.0,1087.6631925672723,0.0,0.0,509.89,0.0,527.6,0,-678.8468074327279,0.0,2804,678.8468074327277
Data,3896,-0.0,0.0,958.6360527908175,0.0,0.0,452.86,0.0,176.6,0,-1171.9039472091824,0.0,2760,1171.9039472091824
Data,3897,-0.0,0.0,825.621004185911,0.0,0.0,439.45,0.0,173.4,0,-1430.528995814089,0.0,2869,1430.528995814089
Data,3898,-0.0,0.0,808.5149879442235,0.0,0.0,415.96,0.0,176.6,0,-1668.9250120557767,0.0,3070,1668.9250120557765
Data,3899,-0.0,0.0,890.3270014771397,0.0,0.0,400.31,0.0,176.6,0,-1664.7629985228605,0.0,3132,1664.7629985228602
Data,3900,-0.0,0.0,1131.5110833553956,0.0,0.0,405.9,0.0,176.6,0,-1480.9889166446044,0.0,3195,1480.9889166446044
Data,3901,-0.0,0.0,960.8645965981,0.0,0.0,374.59,0.0,176.6,0,-1584.9454034019,0.0,3097,1584.9454034019
Data,3902,-0.0,0.0,1045.5445184404898,0.0,0.0,375.71,0.0,176.6,0,-1482.1454815595102,0.0,3080,1482.1454815595102
Data,3903,-0.0,0.0,925.6804824185352,0.0,0.0,423.79,0.0,179.8,0,-1502.7295175814645,0.0,3032,1502.7295175814647
Data,3904,-0.0,0.0,1844.8718974478702,0.0,0.0,469.64,0.0,179.8,0,-589.6881025521297,0.0,3084,589.6881025521297
Data,3905,-0.0,0.0,2311.6036623376945,0.0,0.0,621.71,0.0,530.8,0,270.11366233769456,0.0,3194,-270.11366233769445
Data,3906,-0.0,0.0,2161.916825625682,0.0,0.0,724.58,0.0,530.8,0,124.29682562568257,0.0,3293,-124.29682562568212
Data,3907,-0.0,0.0,2712.5403484710755,0.0,0.0,724.58,0.0,530.8,0,524.9203484710755,0.0,3443,-524.9203484710755
Data,3908,0.0,0.0,2872.808956085207,0.0,0.0,683.21,0.0,527.6,0,719.6189560852067,0.0,3364,-719.6189560852068
Data,3909,0.0,0.0,3122.336503153352,0.0,0.0,578.1,0.0,530.8,0,1080.2365031533525,0.0,3151,-1080.2365031533523
Data,3910,0.0,0.0,3127.5491545065206,0.0,0.0,497.59,0.0,530.8,0,1210.9391545065207,0.0,2945,-1210.9391545065205
Data,3911,0.0,0.0,2706.061162319704,0.0,0.0,438.33,0.0,530.8,0,835.1911623197044,0.0,2840,-835.1911623197041
Data,3912,0.0,0.0,2837.508740288138,0.0,0.0,457.34,0.0,530.8,0,1079.6487402881385,0.0,2746,-1079.648740288138
Data,3913,0.0,0.0,2802.9982870610206,0.0,0.0,438.33,0.0,176.6,0,815.9282870610205,0.0,2602,-815.9282870610206
Data,3914,0.0,0.0,2710.618412906321,0.0,0.0,443.92,0.0,176.6,0,741.1384129063208,0.0,2590,-741.1384129063208
Data,3915,0.0,0.0,2763.843856535083,0.0,0.0,500.95,0.0,176.6,0,777.3938565350829,0.0,2664,-777.3938565350829
Data,3916,0.0,0.0,2721.060276441618,0.0,0.0,555.74,0.0,176.6,0,601.4002764416184,0.0,2852,-601.4002764416181
Data,3917,0.0,0.0,2775.490446708205,0.0,0.0,581.45,0.0,176.6,0,638.5404467082052,0.0,2895,-638.5404467082052
Data,3918,0.0,0.0,2454.2543942596794,0.0,0.0,519.95,0.0,176.6,0,411.8043942596795,0.0,2739,-411.8043942596795
Data,3919,-0.0,0.0,2034.750871166897,0.0,0.0,476.35,0.0,176.6,0,72.70087116689677,0.0,2615,-72.70087116689703
Data,3920,-0.0,0.0,2002.2650070490529,0.0,0.0,427.15,0.0,25.6,0,-154.98499295094717,0.0,2610,154.98499295094715
Data,3921,-0.0,0.0,1851.255649674794,0.0,0.0,417.08,0.0,22.4,0,-429.26435032520584,0.0,2720,429.26435032520595
Data,3922,-0.0,0.0,1685.4612176770725,0.0,0.0,392.48,0.0,25.6,0,-778.4587823229275,0.0,2882,778.4587823229275
Data,3923,-0.0,0.0,1441.2938548271713,0.0,0.0,380.18,0.0,25.6,0,-1110.926145172829,0.0,2958,1110.9261451728287
Data,3924,-0.0,0.0,1680.2183646494955,0.0,0.0,398.07,0.0,22.4,0,-905.3116353505043,0.0,3006,905.3116353505045
Data,3925,-0.0,0.0,1970.8459440181064,0.0,0.0,374.59,0.0,25.6,0,-603.9640559818935,0.0,2975,603.9640559818937
Data,3926,-0.0,0.0,2345.2515541437115,0.0,0.0,372.35,0.0,25.6,0,-168.79844585628857,0.0,2912,168.7984458562885
Data,3927,-0.0,0.0,2490.9833797644014,0.0,0.0,414.85,0.0,25.6,0,50.433379764401145,0.0,2881,-50.43337976440146
Data,3928,-0.0,0.0,3013.366751295736,0.0,0.0,446.15,0.0,28.8,0,541.316751295736,0.0,2947,-541.3167512957358
Data,3929,-0.0,0.0,2756.4933932822823,0.0,0.0,532.25,0.0,176.6,0,375.34339328228214,0.0,3090,-375.34339328228236
Data,3930,-0.0,0.0,2688.2923163065648,0.0,0.0,650.78,0.0,530.8,0,584.8723163065647,0.0,3285,-584.8723163065647
Data,3931,-0.0,0.0,2889.4962999433683,0.0,0.0,684.33,0.0,176.6,0,273.42629994336795,0.0,3477,-273.42629994336835
Data,3932,0.0,0.0,2797.9906389565745,0.0,0.0,661.96,0.0,530.8,0,595.7506389565747,0.0,3395,-595.7506389565744
Data,3933,0.0,0.0,3059.5488012331384,0.0,0.0,584.81,0.0,530.8,0,970.1588012331384,0.0,3205,-970.1588012331383
Data,3934,0.0,0.0,3038.4212089033676,0.0,0.0,470.75,0.0,530.8,0,1023.9712089033677,0.0,3016,-1023.9712089033676
Data,3935,0.0,0.0,3391.5803504552514,0.0,0.0,447.27,0.0,527.6,0,1538.4503504552515,0.0,2828,-1538.4503504552513
Data,3936,0.0,0.0,3241.8110257602384,0.0,0.0,458.45,0.0,275.5023,0,1245.7633257602383,0.0,2730,-1245.7633257602383
Data,3937,0.0,0.0,3171.9729911001345,0.0,0.0,437.21,0.0,527.6,0,1558.7829911001345,0.0,2578,-1558.7829911001345
Data,3938,0.0,0.0,3224.536929498938,0.0,0.0,447.27,0.0,176.6,0,1272.406929498938,0.0,2576,-1272.406929498938
Data,3939,0.0,0.0,3046.6050855212384,0.0,0.0,528.9,0.0,176.6,0,1051.1050855212384,0.0,2701,-1051.1050855212384
Data,3940,0.0,0.0,2918.2633775624317,0.0,0.0,572.51,0.0,524.4,0,1132.1733775624316,0.0,2883,-1132.1733775624316
Data,3941,0.0,0.0,3245.220058038169,0.0,0.0,523.31,0.0,313.7489,0,1110.278958038169,0.0,2972,-1110.278958038169
Data,3942,0.0,0.0,3099.9523991861465,0.0,0.0,531.14,0.0,176.6,0,927.6923991861464,0.0,2880,-927.6923991861465
Data,3943,-0.0,0.0,2636.89269542117,0.0,0.0,459.57,0.0,527.6,0,710.06269542117,0.0,2914,-710.0626954211702
Data,3944,-0.0,0.0,2317.4976901158107,0.0,0.0,398.07,0.0,176.6,0,-95.83230988418975,0.0,2988,95.83230988418936
Data,3945,-0.0,0.0,2191.486174871177,0.0,0.0,380.18,0.0,173.4,0,-552.9338251288235,0.0,3298,552.9338251288231
Data,3946,-0.0,0.0,1712.126690487241,0.0,0.0,376.83,0.0,176.6,0,-1324.4433095127592,0.0,3590,1324.443309512759
Data,3947,-0.0,0.0,1636.0692453870165,0.0,0.0,371.24,0.0,173.4,0,-1497.2907546129832,0.0,3678,1497.2907546129834
Data,3948,-0.0,0.0,1344.4655417563758,0.0,0.0,362.29,0.0,176.6,0,-1863.6444582436243,0.0,3747,1863.644458243624
Data,3949,-0.0,0.0,1461.079380957622,0.0,0.0,353.35,0.0,173.4,0,-1500.170619042378,0.0,3488,1500.170619042378
Data,3950,-0.0,0.0,1538.8932290717,0.0,0.0,392.48,0.0,176.6,0,-1554.0267709283,0.0,3662,1554.0267709283
Data,3951,-0.0,0.0,1922.1713983597692,0.0,0.0,452.86,0.0,176.6,0,-1116.3686016402307,0.0,3668,1116.3686016402307
Data,3952,-0.0,0.0,2242.0125155723786,0.0,0.0,547.91,0.0,179.8,0,-771.2774844276213,0.0,3741,771.2774844276214
Data,3953,-0.0,0.0,2334.9615318445317,0.0,0.0,694.39,0.0,527.6,0,-272.0484681554682,0.0,3829,272.0484681554683
Data,3954,-0.0,0.0,2569.253906425796,0.0,0.0,734.65,0.0,527.6,0,20.503906425795577,0.0,3811,-20.503906425795776
Data,3955,-0.0,0.0,2820.7833113107413,0.0,0.0,763.72,0.0,530.8,0,229.30331131074175,0.0,3886,-229.30331131074126
Data,3956,0.0,0.0,2552.5165084098594,0.0,0.0,731.29,0.0,527.6,0,98.40650840985921,0.0,3713,-98.40650840985938
Data,3957,0.0,0.0,2713.2680533554385,0.0,0.0,552.38,0.0,530.8,0,345.4480533554387,0.0,3451,-345.44805335543845
Data,3958,0.0,0.0,2699.1394639145383,0.0,0.0,494.24,0.0,527.6,0,488.9794639145383,0.0,3232,-488.9794639145383
Data,3959,0.0,0.0,2800.1034089306386,0.0,0.0,420.44,0.0,530.8,0,678.3434089306387,0.0,3073,-678.3434089306386
Data,3960,0.0,0.0,2553.9422007727385,0.0,0.0,415.96,0.0,527.6,0,552.5022007727383,0.0,2945,-552.5022007727384
Data,3961,0.0,0.0,2502.8058428007384,0.0,0.0,409.25,0.0,527.6,0,632.6558428007382,0.0,2807,-632.6558428007385
Data,3962,0.0,0.0,2553.841735915338,0.0,0.0,404.78,0.0,524.4,0,710.0217359153381,0.0,2773,-710.0217359153381
Data,3963,0.0,0.0,2721.055324243703,0.0,0.0,426.03,0.0,527.6,0,791.6853242437031,0.0,2883,-791.6853242437031
Data,3964,0.0,0.0,2742.3775078966505,0.0,0.0,489.76,0.0,527.6,0,706.7375078966503,0.0,3053,-706.7375078966505
Data,3965,0.0,0.0,2887.2808037527207,0.0,0.0,489.76,0.0,524.4,0,787.4408037527205,0.0,3114,-787.4408037527206
Data,3966,0.0,0.0,2750.6474714143556,0.0,0.0,469.64,0.0,527.6,0,700.8874714143553,0.0,3047,-700.8874714143556
Data,3967,-0.0,0.0,2672.94268113917,0.0,0.0,432.74,0.0,524.4,0,461.0826811391704,0.0,3169,-461.08268113916995
Data,3968,-0.0,0.0,2307.7599673248997,0.0,0.0,374.59,0.0,527.6,0,-67.05003267510017,0.0,3277,67.05003267510034
Data,3969,-0.0,0.0,1857.8499656701056,0.0,0.0,390.25,0.0,524.4,0,-824.5000343298942,0.0,3597,824.5000343298944
Data,3970,-0.0,0.0,1357.037404322704,0.0,0.0,411.49,0.0,527.6,0,-1426.8725956772957,0.0,3723,1426.872595677296
Data,3971,-0.0,0.0,1765.2512518917067,0.0,0.0,517.72,0.0,524.4,0,-925.6287481082827,0.0,3733,925.6287481082933
Data,3972,-0.0,0.0,1665.646071070567,0.0,0.0,528.9,0.0,524.4,0,-1072.053928929433,0.0,3791,1072.0539289294331
Data,3973,-0.0,0.0,2356.3379901359485,0.0,0.0,419.32,0.0,527.6,0,-336.74200986405134,0.0,3640,336.74200986405145
Data,3974,-0.0,0.0,2765.446367689781,0.0,0.0,431.62,0.0,527.6,0,-135.3336323102193,0.0,3860,135.33363231021917
Data,3975,-0.0,0.0,3246.1223969427388,0.0,0.0,479.7,0.0,527.6,0,451.42239694273826,0.0,3802,-451.42239694273877
Data,3976,-0.0,0.0,3310.4381204964952,0.0,0.0,503.18,0.0,527.6,0,475.21812049649475,0.0,3866,-475.21812049649526
Data,3977,-0.0,0.0,3565.7753867741826,0.0,0.0,595.99,0.0,527.6,0,701.3653867741826,0.0,3988,-701.3653867741826
Data,3978,-0.0,0.0,3143.983704183481,0.0,0.0,685.45,0.0,530.8,0,419.23370418348105,0.0,3941,-419.2337041834812
Data,3979,-0.0,0.0,3831.507472039231,0.0,0.0,678.74,0.0,527.6,0,1037.8474720392308,0.0,4000,-1037.847472039231
Data,3980,0.0,0.0,3709.6733823502173,0.0,0.0,621.71,0.0,527.6,0,1032.9833823502174,0.0,3826,-1032.9833823502172
Data,3981,0.0,0.0,3796.9132391620287,0.0,0.0,513.25,0.0,530.8,0,1261.9632391620291,0.0,3579,-1261.9632391620287
Data,3982,0.0,0.0,3896.4540627121696,0.0,0.0,418.2,0.0,527.6,0,1559.2540627121693,0.0,3283,-1559.2540627121696
Data,3983,0.0,0.0,3756.7046188007953,0.0,0.0,415.96,0.0,530.8,0,1633.4646188007953,0.0,3070,-1633.4646188007953
Data,3984,0.0,0.0,3716.393825010604,0.0,0.0,417.08,0.0,527.6,0,1691.0738250106035,0.0,2970,-1691.073825010604
Data,3985,0.0,0.0,3638.3048455092917,0.0,0.0,390.25,0.0,527.6,0,1726.1548455092916,0.0,2830,-1726.1548455092916
Data,3986,0.0,0.0,3035.622885786992,0.0,0.0,393.6,0.0,527.6,0,1210.822885786992,0.0,2746,-1210.822885786992
Data,3987,0.0,0.0,2815.421555953173,0.0,0.0,413.73,0.0,524.4,0,930.5515559531731,0.0,2823,-930.5515559531731
Data,3988,0.0,0.0,2693.9902380241247,0.0,0.0,502.06,0.0,527.6,0,713.6502380241246,0.0,3010,-713.6502380241247
Data,3989,0.0,0.0,2698.035225572082,0.0,0.0,528.9,0.0,524.4,0,685.3352255720822,0.0,3066,-685.3352255720818
Data,3990,0.0,0.0,2257.943951544157,0.0,0.0,476.35,0.0,527.6,0,261.8939515441568,0.0,3000,-261.89395154415683
Data,3991,-0.0,0.0,1622.1750983996315,0.0,0.0,422.67,0.0,527.6,0,-395.55490160036857,0.0,2968,395.5549016003685
Data,3992,-0.0,0.0,1563.8414275703005,0.0,0.0,372.35,0.0,173.4,0,-900.4085724296995,0.0,3010,900.4085724296995
Data,3993,-0.0,0.0,1815.1718492381124,0.0,0.0,362.29,0.0,527.6,0,-563.9381507618878,0.0,3269,563.9381507618875
Data,3994,-0.0,0.0,1790.7466377558203,0.0,0.0,364.53,0.0,176.6,0,-1106.1233622441796,0.0,3438,1106.1233622441798
Data,3995,-0.0,0.0,1957.3624190274802,0.0,0.0,355.58,0.0,527.6,0,-605.4575809725198,0.0,3446,605.4575809725197
Data,3996,-0.0,0.0,1437.5816340215154,0.0,0.0,355.58,0.0,176.6,0,-1458.2383659784848,0.0,3428,1458.2383659784846
Data,3997,-0.0,0.0,1413.5221371258986,0.0,0.0,343.28,0.0,176.6,0,-1300.5978628741013,0.0,3234,1300.5978628741016
Data,3998,-0.0,0.0,1388.3424670983984,0.0,0.0,361.17,0.0,527.6,0,-1094.8875329016016,0.0,3372,1094.8875329016016
Data,3999,-0.0,0.0,1885.9990531928959,0.0,0.0,412.61,0.0,530.8,0,-561.5909468071037,0.0,3391,561.5909468071042
Data,4000,-0.0,0.0,1906.271160862045,0.0,0.0,493.12,0.0,530.8,0,-528.8088391379549,0.0,3459,528.808839137955
Data,4001,-0.0,0.0,1820.5371095818691,0.0,0.0,617.24,0.0,530.8,0,-637.4228904181309,0.0,3606,637.4228904181309
Data,4002,-0.0,0.0,1820.1464661536243,0.0,0.0,660.85,0.0,530.8,0,-648.2035338463755,0.0,3660,648.2035338463758
Data,4003,-0.0,0.0,2144.301001933953,0.0,0.0,687.68,0.0,530.8,0,-358.21899806604694,0.0,3721,358.218998066047
Data,4004,-0.0,0.0,2227.620129543809,0.0,0.0,603.82,0.0,530.8,0,-213.7598704561906,0.0,3576,213.75987045619092
Data,4005,0.0,0.0,2343.7887878974766,0.0,0.0,524.43,0.0,530.8,0,54.018787897476614,0.0,3345,-54.0187878974765
Data,4006,0.0,0.0,2159.115607432362,0.0,0.0,465.16,0.0,530.8,0,30.075607432362148,0.0,3125,-30.07560743236212
Data,4007,0.0,0.0,2086.859305979026,0.0,0.0,419.32,0.0,530.8,0,92.97930597902595,0.0,2944,-92.97930597902592
Data,4008,0.0,0.0,2272.0313499257004,0.0,0.0,399.19,0.0,530.8,0,366.02134992570063,0.0,2836,-366.02134992570035
Data,4009,0.0,0.0,2641.607132586936,0.0,0.0,389.13,0.0,524.4,0,886.1371325869363,0.0,2669,-886.1371325869361
Data,4010,0.0,0.0,2111.65332934515,0.0,0.0,393.6,0.0,527.6,0,388.8533293451495,0.0,2644,-388.85332934514986
Data,4011,0.0,0.0,1905.8160992056835,0.0,0.0,412.61,0.0,527.6,0,82.02609920568372,0.0,2764,-82.02609920568352
Data,4012,0.0,0.0,1961.02502373486,0.0,0.0,495.35,0.0,527.6,0,19.975023734859974,0.0,2964,-19.975023734860088
Data,4013,0.0,0.0,1839.5387547404598,0.0,0.0,528.9,0.0,527.6,0,-152.96124525954022,0.0,3049,152.9612452595402
Data,4014,0.0,0.0,2049.065332484221,0.0,0.0,480.82,0.0,527.6,0,147.485332484221,0.0,2910,-147.48533248422103
Data,4015,-0.0,0.0,1925.9868128634205,0.0,0.0,415.96,0.0,527.6,0,-0.4531871365794835,0.0,2870,0.4531871365795155
Data,4016,-0.0,0.0,1668.8648322514687,0.0,0.0,357.82,0.0,524.4,0,-391.915167748531,0.0,2943,391.91516774853136
Data,4017,-0.0,0.0,1720.3905205425733,0.0,0.0,351.11,0.0,527.6,0,-575.8994794574267,0.0,3175,575.8994794574267
Data,4018,-0.0,0.0,1332.256453832178,0.0,0.0,313.09,0.0,527.6,0,-1206.0535461678219,0.0,3379,1206.0535461678219
Data,4019,-0.0,0.0,1162.9779567713913,0.0,0.0,289.61,0.0,527.6,0,-1479.8120432286087,0.0,3460,1479.8120432286087
Data,4020,-0.0,0.0,1208.5081583135313,0.0,0.0,294.08,0.0,524.4,0,-1470.0118416864686,0.0,3497,1470.0118416864686
Data,4021,-0.0,0.0,1829.285016148221,0.0,0.0,284.02,0.0,527.6,0,-646.0949838517791,0.0,3287,646.0949838517789
Data,4022,-0.0,0.0,1351.6881114500034,0.0,0.0,347.75,0.0,530.8,0,-1255.7618885499965,0.0,3486,1255.7618885499967
Data,4023,-0.0,0.0,1252.3856358071585,0.0,0.0,443.92,0.0,530.8,0,-1343.8943641928413,0.0,3571,1343.8943641928415
Data,4024,-0.0,0.0,877.6543037667606,0.0,0.0,526.66,0.0,527.6,0,-1666.0856962332396,0.0,3598,1666.0856962332396
Data,4025,-0.0,0.0,918.6946562257915,0.0,0.0,657.49,0.0,530.8,0,-1600.0153437742085,0.0,3707,1600.0153437742085
Data,4026,-0.0,0.0,1015.6577674778798,0.0,0.0,705.57,0.0,530.8,0,-1479.9722325221198,0.0,3732,1479.97223252212
Data,4027,-0.0,0.0,1462.0193039952187,0.0,0.0,726.82,0.0,530.8,0,-1071.360696004781,0.0,3791,1071.3606960047814
Data,4028,-0.0,0.0,1310.6763567989713,0.0,0.0,634.01,0.0,527.6,0,-1128.713643201029,0.0,3601,1128.7136432010288
Data,4029,-0.0,0.0,1169.674751992653,0.0,0.0,573.63,0.0,530.8,0,-1082.8952480073467,0.0,3357,1082.8952480073472
Data,4030,-0.0,0.0,1093.4348853155311,0.0,0.0,498.71,0.0,530.8,0,-1015.0551146844688,0.0,3138,1015.0551146844689
Data,4031,-0.0,0.0,999.7877306097645,0.0,0.0,419.32,0.0,530.8,0,-1007.0922693902354,0.0,2957,1007.0922693902355
Data,4032,-0.0,0.0,1124.2801273124633,0.0,0.0,399.19,0.0,530.8,0,-804.7298726875366,0.0,2859,804.7298726875367
Data,4033,0.0,0.0,1254.252686892381,0.0,0.0,386.89,0.0,527.6,0,-555.2573131076193,0.0,2724,555.257313107619
Data,4034,0.0,0.0,1424.2123212076347,0.0,0.0,391.36,0.0,524.4,0,-355.02767879236524,0.0,2695,355.02767879236535
Data,4035,0.0,0.0,1732.4890526171243,0.0,0.0,412.61,0.0,527.6,0,-144.30094738287562,0.0,2817,144.30094738287562
Data,4036,0.0,0.0,1988.3059477311683,0.0,0.0,502.06,0.0,527.6,0,17.965947731168114,0.0,3000,-17.96594773116834
Data,4037,0.0,0.0,1985.7434948206987,0.0,0.0,525.55,0.0,527.6,0,-33.10650517930134,0.0,3072,33.10650517930128
Data,4038,0.0,0.0,2202.2177615122732,0.0,0.0,488.65,0.0,527.6,0,199.46776151227326,0.0,3019,-199.46776151227323
Data,4039,-0.0,0.0,2020.952203818449,0.0,0.0,429.38,0.0,527.6,0,-60.06779618155093,0.0,3038,60.067796181550875
Data,4040,-0.0,0.0,2431.3194871800497,0.0,0.0,382.42,0.0,524.4,0,168.13948718004974,0.0,3170,-168.13948718004968
Data,4041,-0.0,0.0,2698.346507393352,0.0,0.0,362.29,0.0,527.6,0,92.23650739335197,0.0,3496,-92.23650739335216
Data,4042,-0.0,0.0,2969.085189539329,0.0,0.0,351.11,0.0,527.6,0,143.79518953932896,0.0,3704,-143.79518953932893
Data,4043,-0.0,0.0,2930.603664589979,0.0,0.0,345.52,0.0,173.4,0,-244.4763354100208,0.0,3694,244.47633541002105
Data,4044,-0.0,0.0,2953.2075161706516,0.0,0.0,353.35,0.0,176.6,0,-200.84248382934842,0.0,3684,200.84248382934837
Data,4045,-0.0,0.0,2247.0506995657174,0.0,0.0,345.52,0.0,173.4,0,-718.0293004342826,0.0,3484,718.0293004342826
Data,4046,-0.0,0.0,2457.278302789803,0.0,0.0,388.01,0.0,179.8,0,-580.9116972101963,0.0,3606,580.911697210197
Data,4047,-0.0,0.0,2418.4008096070766,0.0,0.0,449.51,0.0,527.6,0,-255.4891903929239,0.0,3651,255.48919039292343
Data,4048,-0.0,0.0,2620.091579610032,0.0,0.0,514.36,0.0,530.8,0,-54.74842038996758,0.0,3720,54.74842038996792
Data,4049,-0.0,0.0,2519.0556621444625,0.0,0.0,642.95,0.0,527.6,0,-89.39433785553723,0.0,3779,89.3943378555374
Data,4050,-0.0,0.0,2819.409031363352,0.0,0.0,692.15,0.0,530.8,0,259.35903136335247,0.0,3783,-259.35903136335185
Data,4051,-0.0,0.0,2824.125169077252,0.0,0.0,729.05,0.0,527.6,0,309.7751690772514,0.0,3771,-309.7751690772519
Data,4052,0.0,0.0,2932.511704776665,0.0,0.0,701.1,0.0,530.8,0,531.4117047766648,0.0,3633,-531.4117047766648
Data,4053,0.0,0.0,2995.242855284181,0.0,0.0,580.34,0.0,527.6,0,678.182855284181,0.0,3425,-678.1828552841812
Data,4054,0.0,0.0,3092.089447932452,0.0,0.0,452.86,0.0,530.8,0,878.7494479324522,0.0,3197,-878.749447932452
Data,4055,0.0,0.0,3273.4409875195397,0.0,0.0,452.86,0.0,530.8,0,1128.1009875195402,0.0,3129,-1128.1009875195396
Data,4056,0.0,0.0,3209.9757814320446,0.0,0.0,451.75,0.0,527.6,0,1147.3257814320446,0.0,3042,-1147.3257814320446
Data,4057,0.0,0.0,3265.989624696252,0.0,0.0,485.29,0.0,527.6,0,1426.879624696252,0.0,2852,-1426.8796246962522
Data,4058,0.0,0.0,3293.086122350952,0.0,0.0,442.8,0.0,524.4,0,1505.2861223509517,0.0,2755,-1505.286122350952
Data,4059,0.0,0.0,3332.1902613913517,0.0,0.0,458.45,0.0,527.6,0,1455.2402613913519,0.0,2863,-1455.2402613913516
Data,4060,0.0,0.0,3414.864790746452,0.0,0.0,524.43,0.0,527.6,0,1458.8947907464517,0.0,3008,-1458.894790746452
Data,4061,0.0,0.0,3529.0900184406523,0.0,0.0,585.93,0.0,524.4,0,1579.4200184406523,0.0,3060,-1579.4200184406523
Data,4062,0.0,0.0,3494.9766775696517,0.0,0.0,557.97,0.0,527.6,0,1608.5466775696514,0.0,2972,-1608.5466775696518
Data,4063,-0.0,0.0,3315.4224011561555,0.0,0.0,462.93,0.0,524.4,0,1297.7524011561557,0.0,3005,-1297.7524011561554
Data,4064,-0.0,0.0,2897.160664462952,0.0,0.0,405.9,0.0,527.6,0,822.6606644629521,0.0,3008,-822.6606644629519
Data,4065,-0.0,0.0,3061.2021989036953,0.0,0.0,399.19,0.0,176.6,0,335.9921989036954,0.0,3301,-335.9921989036952
Data,4066,-0.0,0.0,2968.000359346766,0.0,0.0,403.66,0.0,524.4,0,463.06035934676595,0.0,3433,-463.0603593467659
Data,4067,-0.0,0.0,2583.6142585200046,0.0,0.0,404.78,0.0,524.4,0,45.79425852000524,0.0,3467,-45.79425852000452
Data,4068,-0.0,0.0,2497.0603713757255,0.0,0.0,423.79,0.0,524.4,0,-55.74962862427475,0.0,3501,55.74962862427452
Data,4069,-0.0,0.0,2290.348700752664,0.0,0.0,393.6,0.0,176.6,0,-531.451299247336,0.0,3392,531.4512992473358
Data,4070,-0.0,0.0,2538.6454406182065,0.0,0.0,409.25,0.0,527.6,0,54.49544061820666,0.0,3421,-54.495440618206544
Data,4071,-0.0,0.0,2662.249721464617,0.0,0.0,495.35,0.0,527.6,0,310.19972146461686,0.0,3375,-310.1997214646169
Data,4072,-0.0,0.0,2715.795634904667,0.0,0.0,570.27,0.0,527.6,0,418.66563490466723,0.0,3395,-418.6656349046672
Data,4073,-0.0,0.0,2835.144403900507,0.0,0.0,677.62,0.0,530.8,0,602.5644039005069,0.0,3441,-602.5644039005068
Data,4074,-0.0,0.0,2857.480212567406,0.0,0.0,739.12,0.0,527.6,0,593.200212567406,0.0,3531,-593.200212567406
Data,4075,-0.0,0.0,2890.2039941482135,0.0,0.0,752.54,0.0,527.6,0,525.3439941482131,0.0,3645,-525.3439941482135
Data,4076,0.0,0.0,2988.302698472372,0.0,0.0,677.62,0.0,530.8,0,681.722698472372,0.0,3515,-681.7226984723719
Data,4077,-0.0,0.0,2717.171901186938,0.0,0.0,650.78,0.0,527.6,0,572.5519011869382,0.0,3323,-572.5519011869382
Data,4078,0.0,0.0,2770.1156200889386,0.0,0.0,513.25,0.0,527.6,0,713.9656200889384,0.0,3097,-713.9656200889386
Data,4079,0.0,0.0,2663.313843208943,0.0,0.0,428.26,0.0,530.8,0,606.3738432089434,0.0,3016,-606.3738432089431
Data,4080,0.0,0.0,2716.548510335638,0.0,0.0,460.69,0.0,527.6,0,797.838510335638,0.0,2907,-797.8385103356381
Data,4081,0.0,0.0,2749.5249607829383,0.0,0.0,517.72,0.0,527.6,0,971.8449607829381,0.0,2823,-971.8449607829383
Data,4082,0.0,0.0,2594.9651299013713,0.0,0.0,497.59,0.0,524.4,0,887.9551299013715,0.0,2729,-887.9551299013713
Data,4083,0.0,0.0,2727.9056331714296,0.0,0.0,512.13,0.0,527.6,0,931.6356331714295,0.0,2836,-931.6356331714296
Data,4084,0.0,0.0,2288.1135685563277,0.0,0.0,519.95,0.0,524.4,0,312.4635685563278,0.0,3020,-312.4635685563277
Data,4085,0.0,0.0,1782.4403600924322,0.0,0.0,623.95,0.0,527.6,0,-142.00963990756782,0.0,3076,142.0096399075677
Data,4086,0.0,0.0,1853.0816268360359,0.0,0.0,587.05,0.0,524.4,0,11.531626836035942,0.0,2953,-11.531626836035798
Data,4087,-0.0,0.0,1301.5171871806563,0.0,0.0,462.93,0.0,527.6,0,-604.9528128193438,0.0,2897,604.9528128193438
Data,4088,-0.0,0.0,1377.6427374933767,0.0,0.0,443.92,0.0,524.4,0,-551.0372625066233,0.0,2897,551.0372625066234
Data,4089,-0.0,0.0,1213.10549364291,0.0,0.0,424.91,0.0,524.4,0,-869.5845063570899,0.0,3032,869.58450635709
Data,4090,-0.0,0.0,1187.0749484294527,0.0,0.0,420.44,0.0,527.6,0,-1086.8850515705474,0.0,3222,1086.8850515705474
Data,4091,-0.0,0.0,1397.482721462105,0.0,0.0,377.95,0.0,524.4,0,-1040.167278537895,0.0,3340,1040.167278537895
Data,4092,-0.0,0.0,1335.0838488173279,0.0,0.0,388.01,0.0,524.4,0,-1109.5061511826723,0.0,3357,1109.506151182672
Data,4093,-0.0,0.0,1518.8647196667303,0.0,0.0,376.83,0.0,527.6,0,-893.7052803332699,0.0,3317,893.7052803332697
Data,4094,-0.0,0.0,1762.8749154313482,0.0,0.0,445.04,0.0,527.6,0,-516.4850845686519,0.0,3252,516.4850845686517
Data,4095,-0.0,0.0,1788.6564757236752,0.0,0.0,498.71,0.0,527.6,0,-407.0335242763247,0.0,3222,407.03352427632484
Data,4096,-0.0,0.0,1530.4923484756785,0.0,0.0,565.8,0.0,527.6,0,-618.1076515243219,0.0,3242,618.1076515243216
Data,4097,-0.0,0.0,1793.6185587037583,0.0,0.0,665.32,0.0,527.6,0,-334.4614412962417,0.0,3321,334.4614412962417
Data,4098,-0.0,0.0,2263.740546456641,0.0,0.0,716.75,0.0,530.8,0,10.290546456640996,0.0,3501,-10.290546456640868
Data,4099,-0.0,0.0,2924.643559481514,0.0,0.0,725.7,0.0,527.6,0,609.9435594815141,0.0,3568,-609.943559481514
Data,4100,0.0,0.0,2940.0723858736055,0.0,0.0,678.74,0.0,527.6,0,661.4123858736059,0.0,3485,-661.4123858736056
Data,4101,0.0,0.0,2474.133185161951,0.0,0.0,597.11,0.0,530.8,0,274.04318516195156,0.0,3328,-274.0431851619511
Data,4102,0.0,0.0,2511.727572293632,0.0,0.0,524.43,0.0,527.6,0,435.75757229363194,0.0,3128,-435.75757229363194
Data,4103,0.0,0.0,2068.8349994947607,0.0,0.0,526.66,0.0,527.6,0,156.09499949476069,0.0,2967,-156.0949994947607
Data,4104,0.0,0.0,2115.265933612646,0.0,0.0,524.43,0.0,527.6,0,313.29593361264574,0.0,2854,-313.2959336126462
Data,4105,0.0,0.0,2700.7484348221205,0.0,0.0,503.18,0.0,527.6,0,1020.5284348221206,0.0,2711,-1020.5284348221205
Data,4106,0.0,0.0,2481.7800048428944,0.0,0.0,534.49,0.0,524.4,0,902.6700048428944,0.0,2638,-902.6700048428944
Data,4107,0.0,0.0,2857.6535258687604,0.0,0.0,552.38,0.0,524.4,0,1163.4335258687606,0.0,2771,-1163.4335258687604
Data,4108,0.0,0.0,2624.54523854231,0.0,0.0,651.9,0.0,527.6,0,885.0452385423099,0.0,2919,-885.04523854231
Data,4109,0.0,0.0,2457.8532834479392,0.0,0.0,598.23,0.0,524.4,0,603.4832834479391,0.0,2977,-603.4832834479392
Data,4110,0.0,0.0,2182.4836379023736,0.0,0.0,574.75,0.0,524.4,0,387.6336379023736,0.0,2894,-387.6336379023736
Data,4111,-0.0,0.0,1844.6508748852434,0.0,0.0,549.03,0.0,527.6,0,-11.719125114756723,0.0,2933,11.719125114756594
Data,4112,-0.0,0.0,1678.5797197155032,0.0,0.0,566.92,0.0,173.4,0,-575.1002802844966,0.0,2994,575.1002802844969
Data,4113,-0.0,0.0,1459.0171978787237,0.0,0.0,559.09,0.0,524.4,0,-639.492802121276,0.0,3182,639.4928021212763
Data,4114,-0.0,0.0,1445.8536884439939,0.0,0.0,589.28,0.0,176.6,0,-1194.266311556006,0.0,3406,1194.2663115560063
Data,4115,-0.0,0.0,844.1441164307372,0.0,0.0,616.12,0.0,524.4,0,-1526.3358835692627,0.0,3511,1526.335883569263
Data,4116,-0.0,0.0,960.4136534790184,0.0,0.0,627.3,0.0,524.4,0,-1428.8863465209818,0.0,3541,1428.8863465209815
Data,4117,-0.0,0.0,1837.5689498401448,0.0,0.0,608.29,0.0,176.6,0,-835.5410501598551,0.0,3458,835.5410501598552
Data,4118,-0.0,0.0,1461.1298679539739,0.0,0.0,620.59,0.0,527.6,0,-919.6801320460262,0.0,3529,919.6801320460261
Data,4119,-0.0,0.0,1546.264051384285,0.0,0.0,657.49,0.0,179.8,0,-1145.445948615715,0.0,3529,1145.445948615715
Data,4120,-0.0,0.0,2302.684236452295,0.0,0.0,722.35,0.0,527.6,0,47.63423645229474,0.0,3505,-47.634236452295
Data,4121,-0.0,0.0,2032.2565593157603,0.0,0.0,740.24,0.0,527.6,0,-252.9034406842396,0.0,3553,252.90344068423963
Data,4122,-0.0,0.0,1826.4137541585126,0.0,0.0,746.95,0.0,527.6,0,-541.0362458414872,0.0,3642,541.0362458414874
Data,4123,-0.0,0.0,2310.347291258547,0.0,0.0,758.13,0.0,530.8,0,-29.722708741452465,0.0,3629,29.722708741452948
Data,4124,-0.0,0.0,2857.028378179474,0.0,0.0,746.95,0.0,527.6,0,641.5783781794745,0.0,3490,-641.5783781794743
Data,4125,-0.0,0.0,2579.69738711105,0.0,0.0,741.35,0.0,530.8,0,570.8473871110502,0.0,3281,-570.8473871110499
Data,4126,-0.0,0.0,2441.6503248253503,0.0,0.0,743.59,0.0,527.6,0,604.8403248253503,0.0,3108,-604.8403248253503
Data,4127,0.0,0.0,2317.786281882157,0.0,0.0,754.77,0.0,530.8,0,679.3562818821571,0.0,2924,-679.3562818821567
Data,4128,0.0,0.0,2255.016681584555,0.0,0.0,768.19,0.0,527.6,0,749.8066815845548,0.0,2801,-749.8066815845551
Data,4129,0.0,0.0,2782.509217970718,0.0,0.0,759.25,0.0,527.6,0,1401.359217970718,0.0,2668,-1401.359217970718
Data,4130,0.0,0.0,2316.866731624932,0.0,0.0,776.02,0.0,527.6,0,988.4867316249317,0.0,2632,-988.4867316249321
Data,4131,0.0,0.0,2504.346116729368,0.0,0.0,808.45,0.0,524.4,0,1045.196116729368,0.0,2792,-1045.196116729368
Data,4132,0.0,0.0,3490.645964008586,0.0,0.0,845.35,0.0,25.6,0,1384.5959640085855,0.0,2977,-1384.595964008586
Data,4133,0.0,0.0,3458.0888024487017,0.0,0.0,853.17,0.0,25.6,0,1322.8588024487017,0.0,3014,-1322.8588024487017
Data,4134,0.0,0.0,3412.8582076367975,0.0,0.0,847.58,0.0,22.4,0,1337.8382076367973,0.0,2945,-1337.8382076367975
Data,4135,-0.0,0.0,3542.6030981527074,0.0,0.0,846.46,0.0,25.6,0,1362.663098152707,0.0,3052,-1362.6630981527073
Data,4136,-0.0,0.0,3390.623126534155,0.0,0.0,880.01,0.0,25.6,0,1130.2331265341543,0.0,3166,-1130.2331265341547
Data,4137,-0.0,0.0,3795.696010350156,0.0,0.0,902.37,0.0,25.6,0,1367.6660103501556,0.0,3356,-1367.666010350156
Data,4138,-0.0,0.0,4150.629193238018,0.0,0.0,866.59,0.0,22.4,0,1560.6191932380182,0.0,3479,-1560.6191932380182
Data,4139,-0.0,0.0,4035.4745477755446,0.0,0.0,894.55,0.0,25.6,0,1473.6245477755435,0.0,3482,-1473.6245477755444
Data,4140,-0.0,0.0,4142.699547511967,0.0,0.0,901.25,0.0,28.8,0,1772.7495475119665,0.0,3300,-1772.7495475119665
Data,4141,-0.0,0.0,4366.942018457552,0.0,0.0,857.65,0.0,25.6,0,2209.192018457552,0.0,3041,-2209.192018457552
Data,4142,-0.0,0.0,4547.830635489175,0.0,0.0,865.47,0.0,28.8,0,2265.1006354891756,0.0,3177,-2265.1006354891747
Data,4143,-0.0,0.0,4309.633822228946,0.0,0.0,868.83,0.0,28.8,0,2025.2638222289459,0.0,3182,-2025.263822228946
Data,4144,-0.0,0.0,4100.2498377350375,0.0,0.0,848.7,0.0,25.6,0,1727.5498377350375,0.0,3247,-1727.5498377350375
Data,4145,-0.0,0.0,4086.7127961372726,0.0,0.0,815.15,0.0,179.8,0,1597.6627961372728,0.0,3484,-1597.6627961372726
Data,4146,-0.0,0.0,3883.3627308021278,0.0,0.0,835.28,0.0,530.8,0,1665.4427308021277,0.0,3584,-1665.4427308021277
Data,4147,-0.0,0.0,3656.0266114231254,0.0,0.0,826.34,0.0,527.6,0,1335.9666114231254,0.0,3674,-1335.9666114231254
Data,4148,0.0,0.0,3448.6292537958766,0.0,0.0,807.33,0.0,530.8,0,1270.7592537958767,0.0,3516,-1270.7592537958767
Data,4149,0.0,0.0,3484.246530758922,0.0,0.0,781.61,0.0,530.8,0,1487.656530758922,0.0,3309,-1487.6565307589217
Data,4150,0.0,0.0,3132.5071971094367,0.0,0.0,706.69,0.0,530.8,0,1317.9971971094367,0.0,3052,-1317.9971971094367
Data,4151,0.0,0.0,3014.0294465249763,0.0,0.0,685.45,0.0,527.6,0,1334.079446524976,0.0,2893,-1334.0794465249764
Data,4152,0.0,0.0,2982.6389496025813,0.0,0.0,680.97,0.0,530.8,0,1421.4089496025813,0.0,2773,-1421.4089496025813
Data,4153,0.0,0.0,2481.4889686700235,0.0,0.0,670.91,0.0,527.6,0,1029.9989686700235,0.0,2650,-1029.9989686700235
Data,4154,0.0,0.0,2760.91080107807,0.0,0.0,670.91,0.0,527.6,0,1335.4208010780696,0.0,2624,-1335.42080107807
Data,4155,0.0,0.0,2592.809612950952,0.0,0.0,669.79,0.0,524.4,0,1066.9996129509523,0.0,2720,-1066.9996129509523
Data,4156,0.0,0.0,2559.798105452252,0.0,0.0,665.32,0.0,527.6,0,836.7181054522522,0.0,2916,-836.7181054522521
Data,4157,0.0,0.0,2641.718033998952,0.0,0.0,676.5,0.0,527.6,0,831.8180339989518,0.0,3014,-831.8180339989518
Data,4158,0.0,0.0,2721.515084026683,0.0,0.0,660.85,0.0,527.6,0,954.9650840266826,0.0,2955,-954.9650840266829
Data,4159,-0.0,0.0,2666.925386245852,0.0,0.0,630.65,0.0,524.4,0,841.9753862458523,0.0,2980,-841.9753862458522
Data,4160,-0.0,0.0,2561.903931907885,0.0,0.0,599.35,0.0,176.6,0,169.8539319078848,0.0,3168,-169.8539319078852
Data,4161,-0.0,0.0,2458.364446888952,0.0,0.0,559.09,0.0,176.785,0,-222.76055311104795,0.0,3417,222.76055311104798
Data,4162,-0.0,0.0,2409.286914448211,0.0,0.0,564.68,0.0,524.4,0,-1.6330855517889233,0.0,3500,1.6330855517890086
Data,4163,-0.0,0.0,2985.6512352356394,0.0,0.0,566.92,0.0,530.8,0,657.3712352356395,0.0,3426,-657.3712352356393
Data,4164,-0.0,0.0,3046.068222243944,0.0,0.0,553.5,0.0,179.8,0,392.3682222439443,0.0,3387,-392.3682222439441
Data,4165,-0.0,0.0,3546.2129412770155,0.0,0.0,514.36,0.0,179.8,0,1062.3729412770158,0.0,3178,-1062.3729412770156
Data,4166,-0.0,0.0,3722.6835385611394,0.0,0.0,544.55,0.0,530.8,0,1581.0335385611395,0.0,3217,-1581.0335385611393
Data,4167,-0.0,0.0,3805.8532311897306,0.0,0.0,553.5,0.0,530.8,0,1667.153231189731,0.0,3223,-1667.1532311897306
Data,4168,-0.0,0.0,3253.6567433481187,0.0,0.0,587.05,0.0,530.8,0,1085.5067433481188,0.0,3286,-1085.5067433481186
Data,4169,-0.0,0.0,2967.7000526294614,0.0,0.0,649.66,0.0,530.8,0,634.1600526294616,0.0,3514,-634.1600526294613
Data,4170,-0.0,0.0,2609.6369069690254,0.0,0.0,676.5,0.0,530.8,0,190.93690696902576,0.0,3626,-190.93690696902536
Data,4171,-0.0,0.0,2450.9402668946786,0.0,0.0,683.21,0.0,530.8,0,-37.04973310532122,0.0,3702,37.049733105321366
Data,4172,0.0,0.0,2757.812660275302,0.0,0.0,655.25,0.0,530.8,0,397.8626602753021,0.0,3546,-397.8626602753018
Data,4173,0.0,0.0,3053.9437274445927,0.0,0.0,619.47,0.0,530.8,0,861.2137274445934,0.0,3343,-861.2137274445927
Data,4174,0.0,0.0,3237.2319943867906,0.0,0.0,587.05,0.0,530.8,0,1195.0819943867905,0.0,3160,-1195.0819943867905
Data,4175,0.0,0.0,2833.6500796047976,0.0,0.0,570.27,0.0,527.6,0,929.5200796047974,0.0,3002,-929.5200796047976
Data,4176,0.0,0.0,2829.897123441242,0.0,0.0,541.2,0.0,530.8,0,1041.8971234412422,0.0,2860,-1041.897123441242
Data,4177,0.0,0.0,2648.590121738148,0.0,0.0,464.05,0.0,527.6,0,953.2401217381478,0.0,2687,-953.240121738148
Data,4178,0.0,0.0,2897.2433566810364,0.0,0.0,459.57,0.0,527.6,0,1241.4133566810362,0.0,2643,-1241.4133566810365
Data,4179,0.0,0.0,2425.644421101107,0.0,0.0,483.05,0.0,527.6,0,661.2944211011073,0.0,2775,-661.2944211011072
Data,4180,0.0,0.0,2409.0401837547915,0.0,0.0,573.63,0.0,527.6,0,523.2701837547918,0.0,2987,-523.2701837547916
Data,4181,0.0,0.0,2450.847408687457,0.0,0.0,626.18,0.0,527.6,0,556.627408687457,0.0,3048,-556.6274086874571
Data,4182,0.0,0.0,2394.4837254976533,0.0,0.0,587.05,0.0,527.6,0,539.1337254976531,0.0,2970,-539.1337254976532
Data,4183,-0.0,0.0,2470.805539010576,0.0,0.0,537.85,0.0,527.6,0,598.2555390105757,0.0,2938,-598.2555390105761
Data,4184,-0.0,0.0,2731.4691335786547,0.0,0.0,485.29,0.0,25.6,0,302.3591335786544,0.0,2940,-302.35913357865473
Data,4185,-0.0,0.0,2754.2955975835234,0.0,0.0,472.99,0.0,22.4,0,102.68559758352362,0.0,3147,-102.68559758352345
Data,4186,-0.0,0.0,2673.817218150618,0.0,0.0,450.63,0.0,25.6,0,-196.95278184938223,0.0,3347,196.9527818493821
Data,4187,-0.0,0.0,2470.0444963831533,0.0,0.0,439.45,0.0,25.6,0,-418.90550361684706,0.0,3354,418.9055036168467
Data,4188,-0.0,0.0,2548.9107601473374,0.0,0.0,447.27,0.0,25.6,0,-395.21923985266284,0.0,3417,395.21923985266255
Data,4189,-0.0,0.0,2878.118344545162,0.0,0.0,424.91,0.0,28.8,0,125.82834454516201,0.0,3206,-125.82834454516204
Data,4190,-0.0,0.0,2978.957694336598,0.0,0.0,460.69,0.0,25.6,0,137.24769433659773,0.0,3328,-137.2476943365978
Data,4191,-0.0,0.0,3205.1447408809654,0.0,0.0,490.88,0.0,28.8,0,347.8247408809656,0.0,3377,-347.8247408809654
Data,4192,-0.0,0.0,3218.2500803988914,0.0,0.0,550.15,0.0,28.8,0,351.20008039889166,0.0,3446,-351.20008039889143
Data,4193,-0.0,0.0,3307.228351613019,0.0,0.0,623.95,0.0,179.8,0,518.9783516130193,0.0,3592,-518.9783516130192
Data,4194,-0.0,0.0,3162.0767876682557,0.0,0.0,682.09,0.0,176.6,0,344.76678766825563,0.0,3676,-344.7667876682558
Data,4195,-0.0,0.0,2697.1239242027495,0.0,0.0,680.97,0.0,179.8,0,-147.10607579724987,0.0,3705,147.1060757972504
Data,4196,0.0,0.0,2679.8228133235675,0.0,0.0,585.93,0.0,179.8,0,-106.4471866764324,0.0,3552,106.44718667643252
Data,4197,0.0,0.0,2626.08186541988,0.0,0.0,538.96,0.0,179.8,0,-1.1581345801195004,0.0,3346,1.1581345801197926
Data,4198,0.0,0.0,2364.7802058667326,0.0,0.0,506.54,0.0,176.6,0,-85.07979413326736,0.0,3133,85.07979413326743
Data,4199,0.0,0.0,2277.8837570516675,0.0,0.0,479.7,0.0,179.8,0,-61.61624294833265,0.0,2999,61.616242948332456
Data,4200,0.0,0.0,2131.575799482496,0.0,0.0,495.35,0.0,179.8,0,-105.27420051750357,0.0,2912,105.27420051750374
Data,4201,0.0,0.0,2098.2707332856553,0.0,0.0,487.53,0.0,524.4,0,344.2007332856556,0.0,2766,-344.20073328565525
Data,4202,0.0,0.0,2530.237262935596,0.0,0.0,465.16,0.0,527.6,0,778.9972629355962,0.0,2744,-778.9972629355959
Data,4203,0.0,0.0,2784.38364731899,0.0,0.0,453.98,0.0,527.6,0,905.96364731899,0.0,2860,-905.96364731899
Data,4204,0.0,0.0,2684.557219561608,0.0,0.0,487.53,0.0,524.4,0,633.4872195616082,0.0,3063,-633.4872195616077
Data,4205,0.0,0.0,2625.0211812596744,0.0,0.0,554.62,0.0,527.6,0,582.2411812596741,0.0,3125,-582.2411812596745
Data,4206,0.0,0.0,2210.2887107594584,0.0,0.0,530.02,0.0,527.6,0,249.9087107594582,0.0,3018,-249.90871075945836
Data,4207,-0.0,0.0,2052.6861556470653,0.0,0.0,526.66,0.0,524.4,0,106.74615564706548,0.0,2997,-106.74615564706528
Data,4208,-0.0,0.0,2022.2634060376731,0.0,0.0,487.53,0.0,527.6,0,-37.60659396232676,0.0,3075,37.60659396232688
Data,4209,-0.0,0.0,1799.765365596434,0.0,0.0,512.13,0.0,524.4,0,-493.7046344035657,0.0,3330,493.70463440356593
Data,4210,-0.0,0.0,1755.3610206837632,0.0,0.0,538.96,0.0,527.6,0,-670.0789793162369,0.0,3492,670.0789793162368
Data,4211,-0.0,0.0,1812.7515588326273,0.0,0.0,607.17,0.0,527.6,0,-574.4784411673726,0.0,3522,574.4784411673727
Data,4212,-0.0,0.0,2039.5451711503713,0.0,0.0,629.54,0.0,524.4,0,-326.51482884962866,0.0,3520,326.51482884962877
Data,4213,-0.0,0.0,1167.3091042797494,0.0,0.0,609.41,0.0,524.4,0,-1070.8808957202507,0.0,3372,1070.8808957202507
Data,4214,-0.0,0.0,1892.3004190461684,0.0,0.0,646.31,0.0,530.8,0,-332.58958095383156,0.0,3402,332.5895809538317
Data,4215,-0.0,0.0,1804.167102961266,0.0,0.0,658.61,0.0,527.6,0,-432.62289703873415,0.0,3423,432.622897038734
Data,4216,-0.0,0.0,1815.3348768973888,0.0,0.0,722.35,0.0,530.8,0,-354.5151231026112,0.0,3423,354.51512310261126
Data,4217,-0.0,0.0,2366.8011070969806,0.0,0.0,812.92,0.0,527.6,0,232.32110709698065,0.0,3475,-232.32110709698054
Data,4218,-0.0,0.0,2271.834563557547,0.0,0.0,873.3,0.0,530.8,0,75.93456355754728,0.0,3600,-75.93456355754688
Data,4219,-0.0,0.0,2758.0891877444137,0.0,0.0,883.36,0.0,527.6,0,607.0491877444135,0.0,3562,-607.0491877444138
Data,4220,0.0,0.0,2493.1627446407006,0.0,0.0,859.88,0.0,530.8,0,440.84274464070074,0.0,3443,-440.8427446407005
Data,4221,0.0,0.0,3171.414510218611,0.0,0.0,826.34,0.0,527.6,0,1237.354510218611,0.0,3288,-1237.3545102186113
Data,4222,0.0,0.0,2611.9726347655946,0.0,0.0,825.22,0.0,530.8,0,831.992634765595,0.0,3136,-831.9926347655946
Data,4223,0.0,0.0,2700.1158963014195,0.0,0.0,784.96,0.0,527.6,0,1049.6758963014192,0.0,2963,-1049.6758963014195
Data,4224,0.0,0.0,2480.7711096804387,0.0,0.0,780.49,0.0,282.8454,0,662.1065096804388,0.0,2882,-662.1065096804386
Data,4225,0.0,0.0,2814.7235831599073,0.0,0.0,765.95,0.0,176.6,0,1011.273583159907,0.0,2746,-1011.2735831599074
Data,4226,0.0,0.0,2761.2753788073987,0.0,0.0,755.89,0.0,524.4,0,1331.5653788073987,0.0,2710,-1331.5653788073987
Data,4227,0.0,0.0,2801.681841674321,0.0,0.0,803.97,0.0,524.4,0,1298.0518416743212,0.0,2832,-1298.0518416743207
Data,4228,0.0,0.0,2646.1859183159786,0.0,0.0,809.56,0.0,524.4,0,982.1459183159784,0.0,2998,-982.1459183159785
Data,4229,0.0,0.0,2630.70375661304,0.0,0.0,764.84,0.0,527.6,0,866.14375661304,0.0,3057,-866.1437566130398
Data,4230,0.0,0.0,2851.142666026135,0.0,0.0,770.43,0.0,524.4,0,1168.9726660261351,0.0,2977,-1168.972666026135
Data,4231,-0.0,0.0,2285.710881876377,0.0,0.0,773.78,0.0,524.4,0,566.890881876377,0.0,3017,-566.8908818763767
Data,4232,-0.0,0.0,2159.957218496601,0.0,0.0,768.19,0.0,173.4,0,6.547218496601118,0.0,3095,-6.547218496601005
Data,4233,-0.0,0.0,3081.860405977008,0.0,0.0,770.43,0.0,176.6,0,755.8904059770081,0.0,3273,-755.8904059770082
Data,4234,-0.0,0.0,3240.67941186792,0.0,0.0,796.15,0.0,176.6,0,755.4294118679201,0.0,3458,-755.42941186792
Data,4235,-0.0,0.0,2410.5692079635023,0.0,0.0,825.22,0.0,173.4,0,-67.81079203649814,0.0,3477,67.81079203649765
Data,4236,-0.0,0.0,3049.0503009990093,0.0,0.0,812.92,0.0,25.6,0,509.57030099900953,0.0,3378,-509.5703009990093
Data,4237,-0.0,0.0,3541.999016317225,0.0,0.0,788.32,0.0,28.8,0,1127.1190163172253,0.0,3232,-1127.1190163172253
Data,4238,-0.0,0.0,3836.233505061523,0.0,0.0,825.22,0.0,25.6,0,1465.0535050615229,0.0,3222,-1465.0535050615229
Data,4239,-0.0,0.0,3985.918777677979,0.0,0.0,888.95,0.0,28.8,0,1665.6687776779793,0.0,3238,-1665.668777677979
Data,4240,-0.0,0.0,4185.916596397927,0.0,0.0,896.78,0.0,28.8,0,1965.496596397926,0.0,3146,-1965.4965963979266
Data,4241,-0.0,0.0,4521.002384872911,0.0,0.0,904.61,0.0,28.8,0,2235.4123848729114,0.0,3219,-2235.4123848729105
Data,4242,-0.0,0.0,4424.02116014439,0.0,0.0,907.96,0.0,28.8,0,1951.7811601443898,0.0,3409,-1951.7811601443898
Data,4243,-0.0,0.0,3770.468155937375,0.0,0.0,893.43,0.0,25.6,0,1192.4981559373748,0.0,3497,-1192.4981559373748
Data,4244,0.0,0.0,3737.97037170721,0.0,0.0,877.77,0.0,28.8,0,1275.54037170721,0.0,3369,-1275.5403717072097
Data,4245,0.0,0.0,4690.9945313124,0.0,0.0,845.35,0.0,28.8,0,2403.1445313124,0.0,3162,-2403.1445313124
Data,4246,0.0,0.0,4693.339619714603,0.0,0.0,801.74,0.0,28.8,0,2551.8796197146025,0.0,2972,-2551.879619714603
Data,4247,0.0,0.0,4625.041629788415,0.0,0.0,784.96,0.0,25.6,0,2592.601629788415,0.0,2843,-2592.601629788415
Data,4248,0.0,0.0,4035.233389179615,0.0,0.0,765.95,0.0,179.8,0,2207.983389179615,0.0,2773,-2207.983389179615
Data,4249,0.0,0.0,4197.3596698886195,0.0,0.0,792.79,0.0,176.6,0,2503.749669888619,0.0,2663,-2503.7496698886193
Data,4250,0.0,0.0,3803.6189084023927,0.0,0.0,838.64,0.0,176.6,0,2189.858908402392,0.0,2629,-2189.8589084023924
Data,4251,0.0,0.0,3855.4192963799987,0.0,0.0,792.79,0.0,173.4,0,2084.609296379999,0.0,2737,-2084.609296379999
Data,4252,0.0,0.0,3684.4051976482024,0.0,0.0,829.69,0.0,176.6,0,1782.695197648202,0.0,2908,-1782.6951976482023
Data,4253,0.0,0.0,3122.377587115632,0.0,0.0,825.22,0.0,176.6,0,1169.1975871156324,0.0,2955,-1169.1975871156321
Data,4254,0.0,0.0,2506.3049915527263,0.0,0.0,774.9,0.0,176.6,0,649.8049915527265,0.0,2808,-649.8049915527263
Data,4255,-0.0,0.0,2199.7908078567857,0.0,0.0,759.25,0.0,176.6,0,455.64080785678567,0.0,2680,-455.6408078567857
Data,4256,-0.0,0.0,2270.736472003246,0.0,0.0,779.37,0.0,22.4,0,420.50647200324636,0.0,2652,-420.506472003246
Data,4257,-0.0,0.0,1981.0437945952715,0.0,0.0,776.02,0.0,25.6,0,178.66379459527138,0.0,2604,-178.66379459527147
Data,4258,-0.0,0.0,1707.4516955882534,0.0,0.0,788.32,0.0,25.6,0,-232.62830441174663,0.0,2754,232.62830441174654
Data,4259,-0.0,0.0,1973.284455328876,0.0,0.0,761.48,0.0,22.4,0,-13.835544671123888,0.0,2771,13.83554467112399
Data,4260,-0.0,0.0,1753.8706310902337,0.0,0.0,715.64,0.0,25.6,0,-316.8893689097665,0.0,2812,316.8893689097663
Data,4261,-0.0,0.0,1962.554121497801,0.0,0.0,684.33,0.0,25.6,0,-112.51587850219927,0.0,2785,112.51587850219906
Data,4262,-0.0,0.0,2093.9582741560134,0.0,0.0,691.04,0.0,25.6,0,-1.401725843986354,0.0,2812,1.401725843986604
Data,4263,-0.0,0.0,1583.5674036638816,0.0,0.0,716.75,0.0,28.8,0,-477.88259633611835,0.0,2807,477.8825963361184
Data,4264,-0.0,0.0,1381.618095420166,0.0,0.0,720.11,0.0,28.8,0,-712.4719045798337,0.0,2843,712.4719045798341
Data,4265,-0.0,0.0,2051.840919897073,0.0,0.0,750.3,0.0,527.6,0,308.74091989707335,0.0,3021,-308.740919897073
Data,4266,-0.0,0.0,2638.225920907052,0.0,0.0,764.84,0.0,530.8,0,654.8659209070523,0.0,3279,-654.8659209070521
Data,4267,0.0,0.0,2480.4705889285665,0.0,0.0,815.15,0.0,530.8,0,432.42058892856676,0.0,3394,-432.4205889285664
Data,4268,0.0,0.0,2455.184618604078,0.0,0.0,781.61,0.0,530.8,0,478.5946186040783,0.0,3289,-478.59461860407794
Data,4269,0.0,0.0,2546.558200416514,0.0,0.0,684.33,0.0,530.8,0,645.6882004165141,0.0,3116,-645.688200416514
Data,4270,0.0,0.0,2385.588675564467,0.0,0.0,666.44,0.0,527.6,0,645.6286755644669,0.0,2934,-645.628675564467
Data,4271,0.0,0.0,2322.173415959792,0.0,0.0,687.68,0.0,530.8,0,768.6534159597919,0.0,2772,-768.6534159597917
Data,4272,0.0,0.0,2311.649876144209,0.0,0.0,691.04,0.0,530.8,0,850.4898761442089,0.0,2683,-850.4898761442089
Data,4273,0.0,0.0,2274.863571327613,0.0,0.0,691.04,0.0,527.6,0,932.5035713276129,0.0,2561,-932.503571327613
Data,4274,0.0,0.0,2274.929530669917,0.0,0.0,697.75,0.0,524.4,0,964.079530669917,0.0,2533,-964.0795306699168
Data,4275,0.0,0.0,2028.2851687781335,0.0,0.0,694.39,0.0,527.6,0,561.2751687781332,0.0,2689,-561.2751687781335
Data,4276,0.0,0.0,1828.6115545086338,0.0,0.0,676.5,0.0,527.6,0,144.7115545086338,0.0,2888,-144.71155450863387
Data,4277,0.0,0.0,1603.5324724296233,0.0,0.0,691.04,0.0,527.6,0,-135.82752757037673,0.0,2958,135.82752757037667
Data,4278,0.0,0.0,1349.4268663792943,0.0,0.0,686.56,0.0,524.4,0,-326.6131336207056,0.0,2887,326.61313362070575
Data,4279,-0.0,0.0,961.5504383490788,-0.0,0.0,680.97,0.0,527.6,0,-786.8795616509212,0.0,2957,786.8795616509211
Data,4280,-0.0,0.0,792.023523730623,-0.0,0.0,672.03,0.0,176.6,0,-1381.346476269377,0.0,3022,1381.346476269377
Data,4281,-0.0,0.0,1174.2968326116502,0.0,0.0,664.2,0.0,527.6,0,-804.9031673883497,0.0,3171,804.9031673883497
Data,4282,-0.0,0.0,829.7348476792201,0.0,0.0,638.48,0.0,524.4,0,-1273.3851523207795,0.0,3266,1273.38515232078
Data,4283,-0.0,0.0,1096.3853989399756,0.0,0.0,609.41,0.0,527.6,0,-1082.6046010600246,0.0,3316,1082.6046010600244
Data,4284,-0.0,0.0,1646.5903960168991,0.0,0.0,597.11,0.0,176.6,0,-966.6996039831008,0.0,3387,966.6996039831008
Data,4285,-0.0,0.0,1856.17134970088,0.0,0.0,579.22,0.0,173.4,0,-637.2086502991202,0.0,3246,637.20865029912
Data,4286,-0.0,0.0,1946.6289621196993,0.0,0.0,587.05,0.0,527.6,0,-283.72103788030125,0.0,3345,283.72103788030074
Data,4287,-0.0,0.0,2166.4579676189564,0.0,0.0,593.75,0.0,530.8,0,-67.99203238104312,0.0,3359,67.9920323810436
Data,4288,-0.0,0.0,2752.815002155021,0.0,0.0,620.59,0.0,527.6,0,462.0050021550212,0.0,3439,-462.005002155021
Data,4289,-0.0,0.0,2532.8674164463264,0.0,0.0,684.33,0.0,530.8,0,94.99741644632674,0.0,3653,-94.99741644632638
Data,4290,-0.0,0.0,3064.6011189326987,0.0,0.0,729.05,0.0,530.8,0,568.451118932699,0.0,3756,-568.4511189326986
Data,4291,0.0,0.0,2705.298048941166,0.0,0.0,760.36,0.0,527.6,0,212.25804894116607,0.0,3781,-212.25804894116618
Data,4292,0.0,0.0,2728.403414826061,0.0,0.0,761.48,0.0,530.8,0,414.6834148260614,0.0,3606,-414.68341482606115
Data,4293,-0.0,0.0,3090.0719380823803,0.0,0.0,685.45,0.0,530.8,0,940.3219380823801,0.0,3366,-940.3219380823803
Data,4294,0.0,0.0,3026.2985628531064,0.0,0.0,660.85,0.0,530.8,0,1084.9485628531065,0.0,3133,-1084.9485628531065
Data,4295,0.0,0.0,3174.246119018697,0.0,0.0,628.42,0.0,530.8,0,1359.4661190186969,0.0,2974,-1359.4661190186966
Data,4296,0.0,0.0,2745.1795178733205,0.0,0.0,622.83,0.0,527.6,0,1013.6095178733203,0.0,2882,-1013.6095178733206
Data,4297,0.0,0.0,3091.5790725860375,0.0,0.0,622.83,0.0,527.6,0,1509.0090725860373,0.0,2733,-1509.0090725860375
Data,4298,0.0,0.0,2837.1094090356846,0.0,0.0,634.01,0.0,527.6,0,1272.7194090356847,0.0,2726,-1272.7194090356847
Data,4299,0.0,0.0,2879.6033289096267,0.0,0.0,631.77,0.0,527.6,0,1197.9733289096266,0.0,2841,-1197.9733289096266
Data,4300,0.0,0.0,2863.7706047869797,0.0,0.0,637.36,0.0,527.6,0,990.7306047869795,0.0,3038,-990.7306047869797
Data,4301,0.0,0.0,3234.558241909658,0.0,0.0,650.78,0.0,524.4,0,1311.738241909658,0.0,3098,-1311.738241909658
Data,4302,0.0,0.0,2901.480019171596,0.0,0.0,634.01,0.0,527.6,0,1078.0900191715957,0.0,2985,-1078.090019171596
Data,4303,-0.0,0.0,2039.6162892113553,0.0,0.0,585.93,0.0,524.4,0,178.9462892113552,0.0,2971,-178.94628921135518
Data,4304,-0.0,0.0,1804.8180254316371,0.0,0.0,563.56,0.0,527.6,0,-57.02197456836295,0.0,2953,57.02197456836291
Data,4305,-0.0,0.0,1339.7435810080424,0.0,0.0,549.03,0.0,524.4,0,-781.8264189919574,0.0,3195,781.8264189919577
Data,4306,-0.0,0.0,1597.7777156347975,0.0,0.0,544.55,0.0,527.6,0,-651.072284365203,0.0,3321,651.0722843652026
Data,4307,-0.0,0.0,1766.3322712497056,0.0,0.0,524.43,0.0,527.6,0,-521.6377287502947,0.0,3340,521.6377287502944
Data,4308,-0.0,0.0,1527.2127727700226,0.0,0.0,534.49,0.0,524.4,0,-805.8972272299769,0.0,3392,805.8972272299774
Data,4309,-0.0,0.0,1722.454059855827,0.0,0.0,519.95,0.0,527.6,0,-463.9959401441727,0.0,3234,463.995940144173
Data,4310,-0.0,0.0,1904.8241593530388,0.0,0.0,515.48,0.0,527.6,0,-453.09584064696105,0.0,3401,453.09584064696116
Data,4311,-0.0,0.0,2159.224987155006,0.0,0.0,534.49,0.0,530.8,0,-230.48501284499378,0.0,3455,230.4850128449939
Data,4312,-0.0,0.0,2504.432573234748,0.0,0.0,592.64,0.0,527.6,0,106.67257323474789,0.0,3518,-106.67257323474792
Data,4313,-0.0,0.0,2648.3061237412157,0.0,0.0,722.35,0.0,530.8,0,213.45612374121598,0.0,3688,-213.45612374121572
Data,4314,-0.0,0.0,2876.2910143313757,0.0,0.0,755.89,0.0,530.8,0,377.9810143313756,0.0,3785,-377.9810143313756
Data,4315,-0.0,0.0,2685.2349800090888,0.0,0.0,779.37,0.0,527.6,0,235.20498000908867,0.0,3757,-235.20498000908879
Data,4316,-0.0,0.0,2754.1726809291276,0.0,0.0,746.95,0.0,530.8,0,450.9226809291275,0.0,3581,-450.92268092912764
Data,4317,0.0,0.0,2775.783729482252,0.0,0.0,613.88,0.0,530.8,0,563.4637294822521,0.0,3357,-563.463729482252
Data,4318,0.0,0.0,2670.509373081571,0.0,0.0,562.45,0.0,527.6,0,638.5593730815709,0.0,3122,-638.5593730815712
Data,4319,0.0,0.0,3055.7351845435524,0.0,0.0,570.27,0.0,530.8,0,1206.8051845435525,0.0,2950,-1206.8051845435523
Data,4320,0.0,0.0,2978.199742836352,0.0,0.0,559.09,0.0,530.8,0,1209.0897428363523,0.0,2859,-1209.089742836352
Data,4321,0.0,0.0,2866.692824368398,0.0,0.0,545.67,0.0,524.4,0,1226.762824368398,0.0,2710,-1226.7628243683978
Data,4322,0.0,0.0,2978.7178478778037,0.0,0.0,571.39,0.0,527.6,0,1405.7078478778035,0.0,2672,-1405.7078478778037
Data,4323,0.0,0.0,3189.1217304894735,0.0,0.0,579.22,0.0,527.6,0,1493.9417304894732,0.0,2802,-1493.9417304894737
Data,4324,0.0,0.0,3042.120812531374,0.0,0.0,649.66,0.0,527.6,0,1207.3808125313737,0.0,3012,-1207.3808125313742
Data,4325,0.0,0.0,3000.1713956669746,0.0,0.0,618.35,0.0,524.4,0,1073.9213956669746,0.0,3069,-1073.9213956669746
Data,4326,0.0,0.0,3025.619790662564,0.0,0.0,601.58,0.0,527.6,0,1170.7997906625637,0.0,2984,-1170.799790662564
Data,4327,-0.0,0.0,2887.635984764134,0.0,0.0,528.9,0.0,527.6,0,906.1359847641339,0.0,3038,-906.1359847641338
Data,4328,-0.0,0.0,3013.021864019688,0.0,0.0,533.37,0.0,173.4,0,619.7918640196882,0.0,3100,-619.7918640196881
Data,4329,-0.0,0.0,2680.507663724432,0.0,0.0,517.72,0.0,527.6,0,365.8276637244314,0.0,3360,-365.827663724432
Data,4330,-0.0,0.0,2482.9043147470597,0.0,0.0,508.77,0.0,527.6,0,-29.725685252940494,0.0,3549,29.725685252940252
Data,4331,-0.0,0.0,2401.4142695952382,0.0,0.0,506.54,0.0,396.1594,0,-199.88633040476165,0.0,3504,199.88633040476174
Data,4332,-0.0,0.0,2006.4055549266473,0.0,0.0,500.95,0.0,176.6,0,-791.044445073353,0.0,3475,791.0444450733528
Data,4333,-0.0,0.0,1826.117024968399,0.0,0.0,470.75,0.0,173.4,0,-781.7329750316012,0.0,3252,781.7329750316011
Data,4334,-0.0,0.0,2095.7434419731767,0.0,0.0,487.53,0.0,524.4,0,-277.32655802682314,0.0,3385,277.32655802682336
Data,4335,-0.0,0.0,2475.032447458408,0.0,0.0,515.48,0.0,179.8,0,-245.68755254159188,0.0,3416,245.68755254159186
Data,4336,-0.0,0.0,2533.7254365966996,0.0,0.0,580.34,0.0,527.6,0,188.6654365966997,0.0,3453,-188.6654365966997
Data,4337,-0.0,0.0,2432.2227769510623,0.0,0.0,659.73,0.0,530.8,0,-32.247223048937265,0.0,3655,32.24722304893771
Data,4338,-0.0,0.0,2407.0895852470244,0.0,0.0,704.45,0.0,527.6,0,-110.86041475297523,0.0,3750,110.86041475297554
Data,4339,-0.0,0.0,2705.7447647991053,0.0,0.0,714.52,0.0,530.8,0,197.06476479910526,0.0,3754,-197.0647647991052
Data,4340,0.0,0.0,2823.0928904428247,0.0,0.0,696.63,0.0,527.6,0,468.3228904428246,0.0,3579,-468.3228904428247
Data,4341,0.0,0.0,2532.8933464695447,0.0,0.0,569.15,0.0,530.8,0,291.8433464695447,0.0,3341,-291.8433464695446
Data,4342,0.0,0.0,2474.9519815915555,0.0,0.0,506.54,0.0,530.8,0,390.2919815915556,0.0,3122,-390.2919815915555
Data,4343,0.0,0.0,2428.473964861588,0.0,0.0,502.06,0.0,527.6,0,499.1339648615874,0.0,2959,-499.1339648615878
Data,4344,0.0,0.0,2485.996660403938,0.0,0.0,505.42,0.0,530.8,0,676.2166604039384,0.0,2846,-676.2166604039382
Data,4345,0.0,0.0,3008.5064151202378,0.0,0.0,503.18,0.0,527.6,0,1336.286415120238,0.0,2703,-1336.2864151202377
Data,4346,0.0,0.0,3236.892220439683,0.0,0.0,509.89,0.0,527.6,0,1601.3822204396831,0.0,2673,-1601.3822204396831
Data,4347,0.0,0.0,3264.2286928325943,0.0,0.0,521.07,0.0,524.4,0,1501.6986928325946,0.0,2808,-1501.6986928325944
Data,4348,0.0,0.0,3177.6947192479715,0.0,0.0,523.31,0.0,527.6,0,1241.6047192479714,0.0,2987,-1241.6047192479714
Data,4349,0.0,0.0,2970.9005346399,0.0,0.0,540.08,0.0,527.6,0,991.5805346399,0.0,3047,-991.5805346399
Data,4350,0.0,0.0,2728.9780429749544,0.0,0.0,574.75,0.0,524.4,0,865.1280429749543,0.0,2963,-865.1280429749544
Data,4351,-0.0,0.0,2298.3903805613127,0.0,0.0,500.95,0.0,527.6,0,408.9403805613127,0.0,2918,-408.9403805613127
Data,4352,-0.0,0.0,2765.395431623495,0.0,0.0,499.83,0.0,527.6,0,739.8254316234945,0.0,3053,-739.825431623495
Data,4353,-0.0,0.0,2606.428874110303,0.0,0.0,495.35,0.0,524.4,0,350.1788741103029,0.0,3276,-350.1788741103028
Data,4354,-0.0,0.0,2699.757494825976,0.0,0.0,500.95,0.0,176.6,0,-170.6925051740242,0.0,3548,170.6925051740238
Data,4355,-0.0,0.0,2180.51132473054,0.0,0.0,521.07,0.0,524.4,0,-414.0186752694597,0.0,3640,414.0186752694601
Data,4356,-0.0,0.0,2222.8651847873725,0.0,0.0,522.19,0.0,527.6,0,-398.3448152126275,0.0,3671,398.3448152126274
Data,4357,-0.0,0.0,2327.070082224717,0.0,0.0,462.93,0.0,173.4,0,-428.5999177752824,0.0,3392,428.59991777528273
Data,4358,-0.0,0.0,2576.729010873019,0.0,0.0,483.05,0.0,176.6,0,-275.62098912698104,0.0,3512,275.62098912698104
Data,4359,-0.0,0.0,2491.037722707932,0.0,0.0,487.53,0.0,176.6,0,-379.8322772920684,0.0,3535,379.83227729206794
Data,4360,-0.0,0.0,2545.390601649342,0.0,0.0,563.56,0.0,179.8,0,-216.24939835065786,0.0,3505,216.24939835065805
Data,4361,-0.0,0.0,2498.4012129673865,0.0,0.0,655.25,0.0,527.6,0,19.251212967386223,0.0,3662,-19.25121296738655
Data,4362,-0.0,0.0,2460.508517015116,0.0,0.0,716.75,0.0,530.8,0,-119.94148298488396,0.0,3828,119.94148298488403
Data,4363,0.0,0.0,2391.9675397990773,0.0,0.0,733.53,0.0,527.6,0,-149.90246020092246,0.0,3803,149.90246020092275
Data,4364,0.0,0.0,2454.725651183657,0.0,0.0,665.32,0.0,530.8,0,69.84565118365737,0.0,3581,-69.8456511836572
Data,4365,0.0,0.0,2345.467858559227,0.0,0.0,573.63,0.0,530.8,0,72.89785855922706,0.0,3377,-72.89785855922685
Data,4366,0.0,0.0,2483.584825909274,0.0,0.0,522.19,0.0,527.6,0,361.3748259092741,0.0,3172,-361.37482590927414
Data,4367,0.0,0.0,2611.5750896824866,0.0,0.0,487.53,0.0,530.8,0,577.905089682487,0.0,3052,-577.9050896824865
Data,4368,0.0,0.0,2489.1935113355476,0.0,0.0,470.75,0.0,527.6,0,597.5435113355475,0.0,2890,-597.5435113355476
Data,4369,0.0,0.0,2590.318358318782,0.0,0.0,424.91,0.0,527.6,0,784.8283583187817,0.0,2758,-784.828358318782
Data,4370,0.0,0.0,2442.6653741433042,0.0,0.0,433.85,0.0,524.4,0,646.9153741433042,0.0,2754,-646.9153741433042
Data,4371,0.0,0.0,2647.526648893264,0.0,0.0,462.93,0.0,527.6,0,763.0566488932636,0.0,2875,-763.0566488932639
Data,4372,0.0,0.0,3052.1790074546843,0.0,0.0,470.75,0.0,527.6,0,1030.5290074546842,0.0,3020,-1030.5290074546842
Data,4373,0.0,0.0,2935.428698520773,0.0,0.0,513.25,0.0,524.4,0,899.0786985207734,0.0,3074,-899.0786985207732
Data,4374,0.0,0.0,2925.8206670463746,0.0,0.0,515.48,0.0,527.6,0,979.9006670463747,0.0,2989,-979.9006670463747
Data,4375,-0.0,0.0,3476.955483460777,0.0,0.0,494.24,0.0,527.6,0,1478.7954834607767,0.0,3020,-1478.7954834607772
Data,4376,-0.0,0.0,3693.520762006314,0.0,0.0,464.05,0.0,173.4,0,1181.9707620063143,0.0,3149,-1181.9707620063139
Data,4377,-0.0,0.0,3567.1106048148813,0.0,0.0,424.91,0.0,176.6,0,816.6206048148813,0.0,3352,-816.6206048148813
Data,4378,-0.0,0.0,3138.5705465286233,0.0,0.0,421.55,0.0,173.4,0,229.52054652862344,0.0,3504,-229.52054652862327
Data,4379,-0.0,0.0,2542.772076389257,0.0,0.0,445.04,0.0,173.4,0,-372.7879236107428,0.0,3534,372.78792361074284
Data,4380,-0.0,0.0,2541.24344720889,0.0,0.0,468.52,0.0,176.6,0,-357.6365527911104,0.0,3544,357.63655279111015
Data,4381,-0.0,0.0,2609.9607700879014,0.0,0.0,441.68,0.0,173.4,0,-130.95922991209844,0.0,3356,130.95922991209855
Data,4382,-0.0,0.0,2806.1179283304764,0.0,0.0,464.05,0.0,176.6,0,-18.23207166952367,0.0,3465,18.232071669523606
Data,4383,-0.0,0.0,2952.5624413318433,0.0,0.0,500.95,0.0,530.8,0,527.3124413318433,0.0,3457,-527.3124413318433
Data,4384,-0.0,0.0,2966.4531422240175,0.0,0.0,555.74,0.0,176.6,0,229.79314222401766,0.0,3469,-229.7931422240175
Data,4385,-0.0,0.0,2827.001607811248,0.0,0.0,678.74,0.0,527.6,0,337.34160781124837,0.0,3696,-337.3416078112481
Data,4386,-0.0,0.0,2747.1772649322666,0.0,0.0,734.65,0.0,527.6,0,167.4272649322664,0.0,3842,-167.42726493226655
Data,4387,-0.0,0.0,3031.5436650689107,0.0,0.0,757.01,0.0,530.8,0,514.3536650689111,0.0,3805,-514.3536650689107
Data,4388,-0.0,0.0,3061.3001217740384,0.0,0.0,691.04,0.0,527.6,0,643.9401217740382,0.0,3636,-643.9401217740384
Data,4389,-0.0,0.0,3127.6155962087387,0.0,0.0,617.24,0.0,530.8,0,884.6555962087385,0.0,3391,-884.6555962087386
Data,4390,-0.0,0.0,3206.8605451469384,0.0,0.0,568.04,0.0,527.6,0,1118.5005451469383,0.0,3184,-1118.5005451469383
Data,4391,0.0,0.0,3199.3076011081776,0.0,0.0,531.14,0.0,527.6,0,1241.0476011081773,0.0,3017,-1241.0476011081776
Data,4392,0.0,0.0,3597.7090603462384,0.0,0.0,499.83,0.0,530.8,0,1724.3390603462385,0.0,2904,-1724.3390603462383
Data,4393,0.0,0.0,3784.2656043428383,0.0,0.0,461.81,0.0,524.4,0,1984.4756043428383,0.0,2786,-1984.4756043428383
Data,4394,0.0,0.0,3838.7893015285385,0.0,0.0,461.81,0.0,527.6,0,2059.1993015285384,0.0,2769,-2059.1993015285384
Data,4395,0.0,0.0,3794.530697991638,0.0,0.0,505.42,0.0,524.4,0,1947.3506979916383,0.0,2877,-1947.350697991638
Data,4396,0.0,0.0,3744.7391630123375,0.0,0.0,526.66,0.0,524.4,0,1732.7991630123377,0.0,3063,-1732.7991630123374
Data,4397,0.0,0.0,3464.320754012138,0.0,0.0,561.33,0.0,527.6,0,1470.2507540121378,0.0,3083,-1470.250754012138
Data,4398,0.0,0.0,3248.6382337971245,0.0,0.0,580.34,0.0,524.4,0,1401.3782337971245,0.0,2952,-1401.3782337971245
Data,4399,-0.0,0.0,2540.4548651305918,0.0,0.0,534.49,0.0,527.6,0,722.5448651305918,0.0,2880,-722.5448651305918
Data,4400,-0.0,0.0,2501.42412918936,0.0,0.0,500.95,0.0,22.4,0,129.77412918936002,0.0,2895,-129.77412918935997
Data,4401,-0.0,0.0,1916.8242774949342,0.0,0.0,465.16,0.0,22.4,0,-630.6157225050657,0.0,3035,630.6157225050657
Data,4402,-0.0,0.0,1560.7091705964858,0.0,0.0,430.5,0.0,25.6,0,-1183.1908294035143,0.0,3200,1183.1908294035143
Data,4403,-0.0,0.0,1797.1377059098165,0.0,0.0,433.85,0.0,22.4,0,-1014.6122940901836,0.0,3268,1014.6122940901835
Data,4404,-0.0,0.0,2180.098069280451,0.0,0.0,434.97,0.0,22.4,0,-674.5319307195487,0.0,3312,674.531930719549
Data,4405,-0.0,0.0,2814.8229901816003,0.0,0.0,414.85,0.0,25.6,0,48.272990181599994,0.0,3207,-48.27299018160031
Data,4406,-0.0,0.0,3081.5703346415535,0.0,0.0,452.86,0.0,25.6,0,267.03033464155357,0.0,3293,-267.0303346415535
Data,4407,-0.0,0.0,3110.0167694388892,0.0,0.0,495.35,0.0,28.8,0,324.1667694388893,0.0,3310,-324.1667694388893
Data,4408,-0.0,0.0,3099.532502826867,0.0,0.0,560.21,0.0,25.6,0,432.34250282686713,0.0,3253,-432.3425028268672
Data,4409,-0.0,0.0,3646.1072027869486,0.0,0.0,620.59,0.0,527.6,0,1390.2972027869484,0.0,3404,-1390.2972027869487
Data,4410,-0.0,0.0,3681.16214440294,0.0,0.0,710.05,0.0,530.8,0,1318.0121444029405,0.0,3604,-1318.01214440294
Data,4411,0.0,0.0,3450.755033459017,0.0,0.0,716.75,0.0,527.6,0,1098.1050334590168,0.0,3597,-1098.1050334590168
Data,4412,0.0,0.0,3594.186988855983,0.0,0.0,653.02,0.0,527.6,0,1310.806988855983,0.0,3464,-1310.806988855983
Data,4413,0.0,0.0,3631.688485622301,0.0,0.0,591.52,0.0,530.8,0,1483.0084856223011,0.0,3271,-1483.008485622301
Data,4414,0.0,0.0,3475.739065840052,0.0,0.0,515.48,0.0,527.6,0,1442.8190658400517,0.0,3076,-1442.8190658400517
Data,4415,0.0,0.0,3581.9638671143393,0.0,0.0,499.83,0.0,530.8,0,1624.5938671143397,0.0,2988,-1624.5938671143392
Data,4416,0.0,0.0,3540.1497950540897,0.0,0.0,466.28,0.0,527.6,0,1653.0297950540894,0.0,2881,-1653.0297950540898
Data,4417,0.0,0.0,3533.0642429002473,0.0,0.0,471.87,0.0,527.6,0,1768.5342429002471,0.0,2764,-1768.5342429002474
Data,4418,0.0,0.0,3295.642603368464,0.0,0.0,475.23,0.0,524.4,0,1542.272603368464,0.0,2753,-1542.272603368464
Data,4419,0.0,0.0,2813.7504943002796,0.0,0.0,498.71,0.0,527.6,0,973.0604943002794,0.0,2867,-973.0604943002795
Data,4420,0.0,0.0,2357.88219042093,0.0,0.0,526.66,0.0,524.4,0,385.9421904209298,0.0,3023,-385.9421904209298
Data,4421,0.0,0.0,2699.6221488279316,0.0,0.0,561.33,0.0,527.6,0,682.5521488279313,0.0,3106,-682.5521488279317
Data,4422,0.0,0.0,2577.134042714748,0.0,0.0,579.22,0.0,524.4,0,790.7540427147478,0.0,2890,-790.7540427147479
Data,4423,-0.0,0.0,1781.3059081529166,0.0,0.0,506.54,0.0,527.6,0,23.4459081529165,0.0,2792,-23.445908152916616
Data,4424,-0.0,0.0,1761.3026269021339,0.0,0.0,460.69,0.0,22.4,0,-577.607373097866,0.0,2822,577.6073730978661
Data,4425,-0.0,0.0,1683.2429523817596,0.0,0.0,414.85,0.0,22.4,0,-786.5070476182406,0.0,2907,786.5070476182404
Data,4426,-0.0,0.0,1191.1371304548031,0.0,0.0,415.96,0.0,25.6,0,-1358.302869545197,0.0,2991,1358.302869545197
Data,4427,-0.0,0.0,1405.0749118063495,0.0,0.0,421.55,0.0,22.4,0,-1131.9750881936502,0.0,2981,1131.9750881936504
Data,4428,-0.0,0.0,1090.2279143721812,0.0,0.0,432.74,0.0,22.4,0,-1461.6320856278185,0.0,3007,1461.6320856278187
Data,4429,-0.0,0.0,1209.3479861708986,0.0,0.0,410.37,0.0,22.4,0,-1419.8820138291014,0.0,3062,1419.8820138291014
Data,4430,-0.0,0.0,1271.062349663016,0.0,0.0,453.98,0.0,25.6,0,-1309.357650336984,0.0,3060,1309.357650336984
Data,4431,-0.0,0.0,980.966950555192,0.0,0.0,544.55,0.0,25.6,0,-1477.8830494448084,0.0,3029,1477.883049444808
Data,4432,-0.0,0.0,1058.7026489133366,0.0,0.0,642.95,0.0,25.6,0,-1342.7473510866632,0.0,3070,1342.7473510866635
Data,4433,-0.0,0.0,1338.6326955479387,0.0,0.0,677.62,0.0,527.6,0,-661.1473044520615,0.0,3205,661.1473044520612
Data,4434,-0.0,0.0,1632.543936409377,0.0,0.0,726.82,0.0,527.6,0,-601.0360635906229,0.0,3488,601.0360635906229
Data,4435,-0.0,0.0,2151.448104864314,0.0,0.0,739.12,0.0,530.8,0,-67.63189513568634,0.0,3489,67.63189513568625
Data,4436,-0.0,0.0,2151.474499084285,0.0,0.0,702.22,0.0,527.6,0,-32.70550091571542,0.0,3414,32.70550091571488
Data,4437,0.0,0.0,2216.7479499169704,0.0,0.0,653.02,0.0,527.6,0,113.36794991697045,0.0,3284,-113.36794991697036
Data,4438,0.0,0.0,2309.7603107944706,0.0,0.0,579.22,0.0,530.8,0,299.7803107944708,0.0,3120,-299.78031079447055
Data,4439,0.0,0.0,2377.3773479114293,0.0,0.0,534.49,0.0,527.6,0,542.4673479114292,0.0,2897,-542.4673479114293
Data,4440,0.0,0.0,2524.179505828121,0.0,0.0,525.55,0.0,530.8,0,786.529505828121,0.0,2794,-786.5295058281208
Data,4441,0.0,0.0,2384.7016958030026,0.0,0.0,537.85,0.0,524.4,0,795.9516958030026,0.0,2651,-795.9516958030026
Data,4442,0.0,0.0,2436.5246605401517,0.0,0.0,546.79,0.0,527.6,0,894.9146605401513,0.0,2616,-894.9146605401517
Data,4443,0.0,0.0,2416.626894589616,0.0,0.0,575.86,0.0,412.2825,0,626.7693945896162,0.0,2778,-626.7693945896159
Data,4444,0.0,0.0,2639.530382641514,0.0,0.0,648.55,0.0,173.4,0,537.4803826415139,0.0,2924,-537.4803826415138
Data,4445,0.0,0.0,2588.7952606460103,0.0,0.0,688.8,0.0,176.6,0,449.19526064600996,0.0,3005,-449.1952606460103
Data,4446,0.0,0.0,2512.4608276260947,0.0,0.0,678.74,0.0,173.4,0,429.6008276260949,0.0,2935,-429.60082762609466
Data,4447,-0.0,0.0,1820.8887492406693,0.0,0.0,648.55,0.0,176.6,0,-319.9612507593311,0.0,2966,319.9612507593307
Data,4448,-0.0,0.0,1687.4827565399335,0.0,0.0,604.94,0.0,173.4,0,-648.1772434600665,0.0,3114,648.1772434600665
Data,4449,-0.0,0.0,2107.658875025316,0.0,0.0,494.24,0.0,527.6,0,-253.50112497468388,0.0,3383,253.5011249746841
Data,4450,-0.0,0.0,2039.8285426529587,0.0,0.0,485.29,0.0,173.4,0,-889.4814573470411,0.0,3588,889.4814573470412
Data,4451,-0.0,0.0,1828.474263544052,0.0,0.0,494.24,0.0,173.4,0,-1166.8857364559476,0.0,3663,1166.8857364559478
Data,4452,-0.0,0.0,2145.0213028600297,0.0,0.0,484.17,0.0,176.6,0,-825.2086971399707,0.0,3631,825.2086971399704
Data,4453,-0.0,0.0,2158.0460872167914,0.0,0.0,448.39,0.0,524.4,0,-343.1639127832084,0.0,3474,343.1639127832086
Data,4454,-0.0,0.0,2679.9701942628176,0.0,0.0,508.77,0.0,176.6,0,-233.65980573718272,0.0,3599,233.65980573718244
Data,4455,-0.0,0.0,2572.0165459136306,0.0,0.0,561.33,0.0,527.6,0,105.94654591363052,0.0,3555,-105.94654591363064
Data,4456,-0.0,0.0,2766.9352257912183,0.0,0.0,657.49,0.0,527.6,0,388.0252257912181,0.0,3564,-388.0252257912183
Data,4457,-0.0,0.0,2674.1791515841433,0.0,0.0,773.78,0.0,530.8,0,308.7591515841433,0.0,3670,-308.7591515841432
Data,4458,-0.0,0.0,2647.877350391876,0.0,0.0,799.5,0.0,233.3634,0,-145.2592496081237,0.0,3826,145.25924960812398
Data,4459,-0.0,0.0,2781.8145940882073,0.0,0.0,789.44,0.0,443.5567,0,231.81129408820723,0.0,3783,-231.81129408820732
Data,4460,0.0,0.0,2825.08857337464,0.0,0.0,772.66,0.0,383.9007,0,371.64927337463985,0.0,3610,-371.6492733746399
Data,4461,0.0,0.0,2712.53123647342,0.0,0.0,686.56,0.0,179.8,0,174.89123647342,0.0,3404,-174.89123647341995
Data,4462,0.0,0.0,3029.6214909827545,0.0,0.0,612.76,0.0,176.6,0,647.9814909827542,0.0,3171,-647.9814909827545
Data,4463,0.0,0.0,3103.706834363728,0.0,0.0,535.61,0.0,176.6,0,805.9168343637278,0.0,3010,-805.916834363728
Data,4464,0.0,0.0,3135.9716546269256,0.0,0.0,532.25,0.0,176.6,0,936.8216546269254,0.0,2908,-936.8216546269256
Data,4465,0.0,0.0,2710.762257541509,0.0,0.0,524.43,0.0,176.6,0,604.7922575415089,0.0,2807,-604.7922575415089
Data,4466,0.0,0.0,2617.4537495367877,0.0,0.0,528.9,0.0,173.4,0,541.7537495367877,0.0,2778,-541.7537495367876
Data,4467,0.0,0.0,3406.7597740749998,0.0,0.0,527.78,0.0,173.4,0,1213.9397740749998,0.0,2894,-1213.9397740749998
Data,4468,0.0,0.0,3691.552692602355,0.0,0.0,564.68,0.0,173.4,0,1351.632692602355,0.0,3078,-1351.6326926023548
Data,4469,0.0,0.0,3667.11653881863,0.0,0.0,609.41,0.0,176.6,0,1291.1265388186298,0.0,3162,-1291.12653881863
Data,4470,0.0,0.0,3968.802319707352,0.0,0.0,660.85,0.0,173.4,0,1701.0523197073521,0.0,3102,-1701.0523197073521
Data,4471,-0.0,0.0,3313.4105400230555,0.0,0.0,647.43,0.0,173.4,0,948.2405400230557,0.0,3186,-948.2405400230555
Data,4472,-0.0,0.0,2819.062002489137,0.0,0.0,640.72,0.0,173.4,0,299.18200248913644,0.0,3334,-299.18200248913683
Data,4473,-0.0,0.0,2825.364513210735,0.0,0.0,637.36,0.0,170.2,0,-29.075486789265298,0.0,3662,29.075486789265085
Data,4474,-0.0,0.0,2509.7248960231746,0.0,0.0,670.91,0.0,173.4,0,-543.9651039768257,0.0,3898,543.9651039768255
Data,4475,-0.0,0.0,2830.1682669921374,0.0,0.0,724.58,0.0,173.4,0,-173.85173300786215,0.0,3902,173.85173300786252
Data,4476,-0.0,0.0,3153.721872478678,0.0,0.0,722.35,0.0,176.6,0,203.67187247867747,0.0,3849,-203.67187247867807
Data,4477,-0.0,0.0,2784.175322730237,0.0,0.0,716.75,0.0,176.6,0,33.525322730236695,0.0,3644,-33.52532273023698
Data,4478,-0.0,0.0,3131.8462520346957,0.0,0.0,742.47,0.0,176.6,0,273.91625203469545,0.0,3777,-273.91625203469573
Data,4479,-0.0,0.0,3732.5840412703296,0.0,0.0,765.95,0.0,28.8,0,748.3340412703294,0.0,3779,-748.3340412703296
Data,4480,-0.0,0.0,4127.489256603905,0.0,0.0,830.81,0.0,25.6,0,1217.8992566039053,0.0,3766,-1217.899256603905
Data,4481,-0.0,0.0,4087.3708798635344,0.0,0.0,839.75,0.0,25.6,0,1129.720879863534,0.0,3823,-1129.7208798635343
Data,4482,-0.0,0.0,3801.4441174792737,0.0,0.0,838.64,0.0,28.8,0,785.884117479274,0.0,3883,-785.8841174792736
Data,4483,-0.0,0.0,3584.3858930929964,0.0,0.0,841.99,0.0,25.6,0,679.9758930929968,0.0,3772,-679.9758930929964
Data,4484,0.0,0.0,3841.5044687319005,0.0,0.0,855.41,0.0,28.8,0,1114.7144687319003,0.0,3611,-1114.7144687319005
Data,4485,0.0,0.0,4294.655335829846,0.0,0.0,829.69,0.0,28.8,0,1760.1453358298465,0.0,3393,-1760.145335829846
Data,4486,0.0,0.0,4104.8810842469675,0.0,0.0,793.91,0.0,25.6,0,1752.391084246967,0.0,3172,-1752.3910842469675
Data,4487,0.0,0.0,3812.48507045188,0.0,0.0,724.58,0.0,28.8,0,1560.86507045188,0.0,3005,-1560.86507045188
Data,4488,0.0,0.0,3515.7674475595545,0.0,0.0,708.93,0.0,25.6,0,1396.2974475595543,0.0,2854,-1396.2974475595545
Data,4489,0.0,0.0,3591.6883063236587,0.0,0.0,696.63,0.0,25.6,0,1577.9183063236587,0.0,2736,-1577.9183063236587
Data,4490,0.0,0.0,3324.4541263354304,0.0,0.0,679.85,0.0,22.4,0,1317.7041263354304,0.0,2709,-1317.7041263354304
Data,4491,0.0,0.0,3127.7409553607476,0.0,0.0,664.2,0.0,25.6,0,991.5409553607476,0.0,2826,-991.5409553607477
Data,4492,0.0,0.0,3323.3589244677614,0.0,0.0,712.28,0.0,22.4,0,1072.0389244677615,0.0,2986,-1072.0389244677615
Data,4493,0.0,0.0,3315.873157966575,0.0,0.0,743.59,0.0,25.6,0,1025.063157966575,0.0,3060,-1025.063157966575
Data,4494,0.0,0.0,3332.728853674933,0.0,0.0,697.75,0.0,22.4,0,1045.878853674933,0.0,3007,-1045.878853674933
Data,4495,-0.0,0.0,2235.8275199057157,0.0,0.0,667.55,0.0,25.6,0,-23.022480094284507,0.0,2952,23.022480094284354
Data,4496,-0.0,0.0,2164.0754812554715,0.0,0.0,644.07,0.0,25.6,0,-231.2545187445284,0.0,3065,231.2545187445285
Data,4497,-0.0,0.0,2311.580521565595,0.0,0.0,632.89,0.0,22.4,0,-388.1294784344051,0.0,3355,388.129478434405
Data,4498,-0.0,0.0,2348.35039256296,0.0,0.0,627.3,0.0,25.6,0,-560.7496074370406,0.0,3562,560.7496074370398
Data,4499,-0.0,0.0,2042.7797560676345,0.0,0.0,646.31,0.0,28.8,0,-895.1102439323652,0.0,3613,895.1102439323656
Data,4500,-0.0,0.0,2068.4890479404817,0.0,0.0,660.85,0.0,527.6,0,-298.06095205951874,0.0,3555,298.0609520595183
Data,4501,-0.0,0.0,1870.3969953800256,0.0,0.0,635.13,0.0,530.8,0,-248.67300461997394,0.0,3285,248.67300461997445
Data,4502,-0.0,0.0,1684.3798866656516,0.0,0.0,647.43,0.0,530.8,0,-558.3901133343485,0.0,3421,558.3901133343485
Data,4503,-0.0,0.0,1969.7717591574851,0.0,0.0,635.13,0.0,527.6,0,-286.49824084251486,0.0,3419,286.49824084251486
Data,4504,-0.0,0.0,1544.9765037144734,0.0,0.0,645.19,0.0,530.8,0,-693.0334962855262,0.0,3414,693.0334962855266
Data,4505,-0.0,0.0,1625.5075462683117,0.0,0.0,641.84,0.0,530.8,0,-797.852453731688,0.0,3596,797.8524537316883
Data,4506,-0.0,0.0,2174.945958438146,0.0,0.0,733.53,0.0,530.8,0,-356.72404156185377,0.0,3796,356.72404156185394
Data,4507,-0.0,0.0,2420.779787916213,0.0,0.0,750.3,0.0,527.6,0,-55.32021208378727,0.0,3754,55.32021208378694
Data,4508,0.0,0.0,2511.112628343448,0.0,0.0,674.26,0.0,530.8,0,112.17262834344807,0.0,3604,-112.17262834344774
Data,4509,0.0,0.0,2759.9615143870387,0.0,0.0,657.49,0.0,530.8,0,549.2515143870387,0.0,3399,-549.2515143870387
Data,4510,0.0,0.0,2565.7583854116497,0.0,0.0,656.37,0.0,527.6,0,561.7283854116494,0.0,3188,-561.7283854116497
Data,4511,0.0,0.0,2672.399532428374,0.0,0.0,639.6,0.0,530.8,0,807.7995324283744,0.0,3035,-807.7995324283742
Data,4512,0.0,0.0,2929.3044438874267,0.0,0.0,646.31,0.0,530.8,0,1206.4144438874268,0.0,2900,-1206.4144438874266
Data,4513,0.0,0.0,2971.8385450032774,0.0,0.0,638.48,0.0,527.6,0,1376.9185450032774,0.0,2761,-1376.9185450032774
Data,4514,0.0,0.0,3148.0909280304477,0.0,0.0,642.95,0.0,524.4,0,1542.4409280304476,0.0,2773,-1542.4409280304476
Data,4515,0.0,0.0,2864.499468171195,0.0,0.0,661.96,0.0,527.6,0,1112.0594681711948,0.0,2942,-1112.059468171195
Data,4516,0.0,0.0,2931.1313891375385,0.0,0.0,701.1,0.0,176.6,0,720.8313891375378,0.0,3088,-720.8313891375385
Data,4517,0.0,0.0,2122.836206677597,0.0,0.0,769.31,0.0,473.8898,0,159.03600667759684,0.0,3207,-159.03600667759707
Data,4518,0.0,0.0,1845.6519628847002,0.0,0.0,720.11,0.0,527.6,0,-60.638037115299845,0.0,3154,60.63803711529977
Data,4519,-0.0,0.0,1139.8554325586006,-0.0,0.0,680.97,0.0,527.6,0,-842.5745674413996,0.0,3191,842.5745674413994
Data,4520,-0.0,0.0,1155.4449595043054,-0.0,0.0,660.85,0.0,524.4,0,-893.3050404956944,0.0,3234,893.3050404956946
Data,4521,-0.0,0.0,1389.2300041928963,0.0,0.0,626.18,0.0,179.8,0,-1146.7899958071037,0.0,3342,1146.7899958071037
Data,4522,-0.0,0.0,1575.4479661242085,0.0,0.0,613.88,0.0,179.8,0,-1148.8720338757912,0.0,3518,1148.8720338757914
Data,4523,-0.0,0.0,1764.7386023017932,0.0,0.0,649.66,0.0,176.6,0,-951.0013976982071,0.0,3542,951.0013976982068
Data,4524,-0.0,0.0,1502.1352623756263,0.0,0.0,660.85,0.0,179.8,0,-1179.2147376243736,0.0,3522,1179.2147376243736
Data,4525,-0.0,0.0,2236.869210883325,0.0,0.0,641.84,0.0,179.8,0,-335.49078911667465,0.0,3394,335.49078911667476
Data,4526,-0.0,0.0,2531.034585678804,0.0,0.0,648.55,0.0,176.6,0,-297.8154143211962,0.0,3654,297.81541432119604
Data,4527,-0.0,0.0,2298.571560731432,0.0,0.0,691.04,0.0,530.8,0,-79.5884392685683,0.0,3600,79.58843926856821
Data,4528,-0.0,0.0,2481.837647769043,0.0,0.0,716.75,0.0,527.6,0,144.18764776904322,0.0,3582,-144.1876477690431
Data,4529,-0.0,0.0,2610.7690471882806,0.0,0.0,782.73,0.0,530.8,0,197.29904718828084,0.0,3727,-197.2990471882806
Data,4530,-0.0,0.0,2310.9607133534555,0.0,0.0,807.33,0.0,530.8,0,-262.9092866465446,0.0,3912,262.9092866465445
Data,4531,0.0,0.0,2571.5624489456277,0.0,0.0,810.68,0.0,527.6,0,34.84244894562723,0.0,3875,-34.842448945627666
Data,4532,-0.0,0.0,2532.5878456799655,0.0,0.0,759.25,0.0,530.8,0,97.63784567996578,0.0,3725,-97.6378456799655
Data,4533,0.0,0.0,2276.142750150263,0.0,0.0,676.5,0.0,530.8,0,-48.55724984973691,0.0,3532,48.55724984973699
Data,4534,0.0,0.0,2017.0863259325383,0.0,0.0,667.55,0.0,527.6,0,-110.76367406746192,0.0,3323,110.7636740674617
Data,4535,0.0,0.0,2190.9540561306617,0.0,0.0,622.83,0.0,530.8,0,197.58405613066168,0.0,3147,-197.58405613066168
Data,4536,0.0,0.0,2223.506832663975,0.0,0.0,623.95,0.0,527.6,0,344.0568326639746,0.0,3031,-344.0568326639749
Data,4537,0.0,0.0,2294.8151894045386,0.0,0.0,611.65,0.0,527.6,0,554.0651894045385,0.0,2880,-554.0651894045386
Data,4538,0.0,0.0,2159.924402843138,0.0,0.0,613.88,0.0,524.4,0,401.2044028431384,0.0,2897,-401.20440284313804
Data,4539,0.0,0.0,1981.2391695674382,0.0,0.0,609.41,0.0,527.6,0,98.24916956743812,0.0,3020,-98.24916956743823
Data,4540,0.0,0.0,2415.9114451960386,0.0,0.0,676.5,0.0,524.4,0,387.81144519603856,0.0,3229,-387.81144519603856
Data,4541,0.0,0.0,2232.4181641386385,0.0,0.0,725.7,0.0,527.6,0,161.7181641386386,0.0,3324,-161.7181641386386
Data,4542,0.0,0.0,2298.068383281955,0.0,0.0,740.24,0.0,524.4,0,308.7083832819551,0.0,3254,-308.708383281955
Data,4543,-0.0,0.0,2172.8163300642163,0.0,0.0,647.43,0.0,527.6,0,29.84633006421589,0.0,3318,-29.846330064216318
Data,4544,-0.0,0.0,1824.9027918336797,0.0,0.0,641.84,0.0,524.4,0,-354.85720816632,0.0,3346,354.85720816632033
Data,4545,-0.0,0.0,1077.0349724893629,0.0,0.0,654.14,0.0,527.6,0,-1218.2250275106371,0.0,3477,1218.2250275106371
Data,4546,-0.0,0.0,1109.4198858874008,0.0,0.0,638.48,0.0,527.6,0,-1300.5001141125992,0.0,3576,1300.500114112599
Data,4547,-0.0,0.0,1048.115143834775,0.0,0.0,619.47,0.0,530.8,0,-1322.6148561652249,0.0,3521,1322.614856165225
Data,4548,-0.0,0.0,1229.5401813294864,0.0,0.0,637.36,0.0,527.6,0,-1051.4998186705136,0.0,3446,1051.4998186705136
Data,4549,-0.0,0.0,1412.6753072214021,0.0,0.0,600.46,0.0,530.8,0,-792.0646927785978,0.0,3336,792.0646927785979
Data,4550,-0.0,0.0,1602.7399841551655,0.0,0.0,604.94,0.0,527.6,0,-784.7200158448345,0.0,3520,784.7200158448344
Data,4551,-0.0,0.0,1728.0796822569314,0.0,0.0,641.84,0.0,530.8,0,-658.2803177430683,0.0,3559,658.2803177430686
Data,4552,-0.0,0.0,2044.2887339134377,0.0,0.0,722.35,0.0,530.8,0,-273.5612660865621,0.0,3571,273.56126608656234
Data,4553,-0.0,0.0,2236.6334184770476,0.0,0.0,793.91,0.0,527.6,0,-151.85658152295252,0.0,3710,151.8565815229524
Data,4554,-0.0,0.0,2324.838717759238,0.0,0.0,837.52,0.0,530.8,0,-178.84128224076167,0.0,3872,178.84128224076198
Data,4555,0.0,0.0,2597.0067129718745,0.0,0.0,830.81,0.0,527.6,0,142.41671297187438,0.0,3813,-142.41671297187452
Data,4556,-0.0,0.0,2482.4347423035165,0.0,0.0,743.59,0.0,530.8,0,81.8247423035167,0.0,3675,-81.82474230351647
Data,4557,0.0,0.0,2575.9067715346455,0.0,0.0,672.03,0.0,530.8,0,279.73677153464547,0.0,3499,-279.7367715346454
Data,4558,0.0,0.0,2570.9318731941216,0.0,0.0,621.71,0.0,527.6,0,422.24187319412164,0.0,3298,-422.2418731941217
Data,4559,0.0,0.0,2534.834001249454,0.0,0.0,591.52,0.0,530.8,0,561.1540012494544,0.0,3096,-561.154001249454
Data,4560,0.0,0.0,2564.8187487852383,0.0,0.0,573.63,0.0,527.6,0,677.0487487852382,0.0,2989,-677.0487487852383
Data,4561,0.0,0.0,2422.3842460073383,0.0,0.0,588.16,0.0,527.6,0,636.144246007338,0.0,2902,-636.1442460073383
Data,4562,0.0,0.0,2354.0214232433977,0.0,0.0,597.11,0.0,524.4,0,624.531423243398,0.0,2851,-624.5314232433977
Data,4563,0.0,0.0,2336.1776895907383,0.0,0.0,571.39,0.0,527.6,0,459.16768959073795,0.0,2976,-459.1676895907383
Data,4564,0.0,0.0,2293.676678679575,0.0,0.0,616.12,0.0,527.6,0,294.39667867957485,0.0,3143,-294.3966786795752
Data,4565,0.0,0.0,2305.8032666361914,0.0,0.0,712.28,0.0,524.4,0,312.48326663619173,0.0,3230,-312.4832666361914
Data,4566,0.0,0.0,2115.518526323571,0.0,0.0,702.22,0.0,527.6,0,184.33852632357124,0.0,3161,-184.33852632357127
Data,4567,-0.0,0.0,2102.2381397756762,0.0,0.0,602.7,0.0,524.4,0,86.33813977567632,0.0,3143,-86.33813977567627
Data,4568,-0.0,0.0,1704.2052237001124,0.0,0.0,587.05,0.0,527.6,0,-298.1447762998878,0.0,3117,298.14477629988767
Data,4569,-0.0,0.0,1423.9180848987276,0.0,0.0,588.16,0.0,527.6,0,-543.321915101273,0.0,3083,543.3219151012725
Data,4570,-0.0,0.0,944.7394464112817,0.0,0.0,562.45,0.0,173.4,0,-1455.410553588718,0.0,3136,1455.4105535887181
Data,4571,-0.0,0.0,918.9281441286886,0.0,0.0,569.15,0.0,179.8,0,-1415.121855871311,0.0,3083,1415.1218558713115
Data,4572,-0.0,0.0,1126.6596673523675,0.0,0.0,562.45,0.0,176.6,0,-1162.2903326476323,0.0,3028,1162.2903326476326
Data,4573,-0.0,0.0,1442.1743122823293,0.0,0.0,538.96,0.0,179.8,0,-828.0656877176704,0.0,2989,828.0656877176707
Data,4574,-0.0,0.0,2150.3251699837692,0.0,0.0,568.04,0.0,527.6,0,213.9651699837691,0.0,3032,-213.96516998376921
Data,4575,-0.0,0.0,2248.8445934564743,0.0,0.0,584.81,0.0,530.8,0,374.4545934564745,0.0,2990,-374.4545934564742
Data,4576,-0.0,0.0,2151.116189682592,0.0,0.0,618.35,0.0,527.6,0,290.0661896825915,0.0,3007,-290.06618968259204
Data,4577,-0.0,0.0,2451.8174142080697,0.0,0.0,674.26,0.0,530.8,0,412.87741420806975,0.0,3244,-412.8774142080697
Data,4578,-0.0,0.0,2290.360244169546,0.0,0.0,762.6,0.0,527.6,0,84.56024416954585,0.0,3496,-84.5602441695462
Data,4579,0.0,0.0,2557.3178480517654,0.0,0.0,783.85,0.0,530.8,0,355.9678480517657,0.0,3516,-355.9678480517654
Data,4580,0.0,0.0,2504.6057039266548,0.0,0.0,732.41,0.0,527.6,0,338.61570392665453,0.0,3426,-338.61570392665476
Data,4581,0.0,0.0,2483.970119827988,0.0,0.0,679.85,0.0,530.8,0,420.620119827988,0.0,3274,-420.6201198279881
Data,4582,0.0,0.0,2510.8928591906715,0.0,0.0,641.84,0.0,530.8,0,581.5328591906721,0.0,3102,-581.5328591906715
Data,4583,0.0,0.0,2637.4823998706383,0.0,0.0,606.05,0.0,527.6,0,723.1323998706381,0.0,3048,-723.1323998706383
Data,4584,0.0,0.0,2694.6551562170207,0.0,0.0,604.94,0.0,530.8,0,880.3951562170209,0.0,2950,-880.3951562170207
Data,4585,0.0,0.0,2549.832819638353,0.0,0.0,635.13,0.0,524.4,0,892.3628196383535,0.0,2817,-892.3628196383531
Data,4586,0.0,0.0,2426.5042300204364,0.0,0.0,630.65,0.0,527.6,0,752.7542300204362,0.0,2832,-752.7542300204364
Data,4587,0.0,0.0,2372.6673261142964,0.0,0.0,594.87,0.0,524.4,0,508.9373261142966,0.0,2983,-508.9373261142964
Data,4588,0.0,0.0,2133.7153596049957,0.0,0.0,634.01,0.0,527.6,0,174.3253596049956,0.0,3121,-174.3253596049957
Data,4589,0.0,0.0,1942.890362423213,0.0,0.0,670.91,0.0,524.4,0,-70.79963757678715,0.0,3209,70.79963757678706
Data,4590,0.0,0.0,1755.963214122176,0.0,0.0,672.03,0.0,527.6,0,-161.4067858778243,0.0,3117,161.40678587782406
Data,4591,-0.0,0.0,1613.6172994739459,-0.0,0.0,609.41,0.0,173.4,0,-562.5727005260543,0.0,2959,562.5727005260542
Data,4592,-0.0,0.0,1553.8449637628166,0.0,0.0,597.11,0.0,176.6,0,-521.4450362371832,0.0,2849,521.4450362371833
Data,4593,-0.0,0.0,1637.2321131802455,0.0,0.0,595.99,0.0,173.4,0,-421.3778868197543,0.0,2828,421.3778868197545
Data,4594,-0.0,0.0,1255.8125927258068,0.0,0.0,600.46,0.0,176.6,0,-801.1274072741933,0.0,2834,801.1274072741932
Data,4595,-0.0,0.0,1216.6077149348882,0.0,0.0,638.48,0.0,173.4,0,-755.5122850651118,0.0,2784,755.5122850651118
Data,4596,-0.0,0.0,988.0321389128006,0.0,0.0,563.56,0.0,176.6,0,-1076.8078610871994,0.0,2805,1076.8078610871994
Data,4597,-0.0,0.0,899.2876310888059,0.0,0.0,541.2,0.0,179.8,0,-1115.712368911194,0.0,2736,1115.712368911194
Data,4598,-0.0,0.0,809.5807552160063,0.0,0.0,557.97,0.0,179.8,0,-1215.6492447839935,0.0,2763,1215.6492447839937
Data,4599,-0.0,0.0,1118.908375941418,0.0,0.0,587.05,0.0,210.7203,0,-882.3213240585819,0.0,2799,882.3213240585821
Data,4600,-0.0,0.0,1156.6307973025948,0.0,0.0,667.55,0.0,530.8,0,-492.0192026974051,0.0,2847,492.01920269740526
Data,4601,-0.0,0.0,1650.4955335151665,0.0,0.0,750.3,0.0,176.6,0,-454.6044664848339,0.0,3032,454.60446648483355
Data,4602,-0.0,0.0,2475.2109409773357,0.0,0.0,814.04,0.0,527.6,0,431.8509409773354,0.0,3385,-431.85094097733565
Data,4603,0.0,0.0,2790.078725945584,0.0,0.0,805.09,0.0,176.6,0,389.7687259455842,0.0,3382,-389.76872594558426
Data,4604,0.0,0.0,3038.0553930707897,0.0,0.0,752.54,0.0,179.8,0,640.3953930707899,0.0,3330,-640.3953930707896
Data,4605,0.0,0.0,3087.393535303233,0.0,0.0,651.9,0.0,176.6,0,728.8935353032332,0.0,3187,-728.893535303233
Data,4606,0.0,0.0,3140.428961959111,0.0,0.0,595.99,0.0,530.8,0,1252.2189619591109,0.0,3015,-1252.2189619591109
Data,4607,0.0,0.0,2871.2270775553734,0.0,0.0,576.98,0.0,527.6,0,1129.8070775553733,0.0,2846,-1129.8070775553733
Data,4608,0.0,0.0,2751.10738216189,0.0,0.0,571.39,0.0,278.2363,0,852.7336821618899,0.0,2748,-852.7336821618902
Data,4609,0.0,0.0,2683.7047407023383,0.0,0.0,573.63,0.0,25.6,0,632.9347407023383,0.0,2650,-632.9347407023383
Data,4610,0.0,0.0,2802.0865278796496,0.0,0.0,574.75,0.0,22.4,0,731.2365278796495,0.0,2668,-731.2365278796495
Data,4611,0.0,0.0,2734.875880443445,0.0,0.0,578.1,0.0,25.6,0,572.575880443445,0.0,2766,-572.5758804434452
Data,4612,0.0,0.0,2888.134408099261,0.0,0.0,571.39,0.0,22.4,0,538.9244080992606,0.0,2943,-538.9244080992607
Data,4613,0.0,0.0,2839.6597076402663,0.0,0.0,562.45,0.0,25.6,0,404.70970764026634,0.0,3023,-404.7097076402664
Data,4614,0.0,0.0,2014.2442861220557,0.0,0.0,585.93,0.0,22.4,0,-387.4257138779443,0.0,3010,387.4257138779444
Data,4615,0.0,0.0,1948.6702263171214,0.0,0.0,599.35,0.0,25.6,0,-485.37977368287864,0.0,3059,485.3797736828785
Data,4616,-0.0,0.0,2259.5441763859308,0.0,0.0,607.17,0.0,22.4,0,-208.88582361406895,0.0,3098,208.88582361406927
Data,4617,-0.0,0.0,1759.1264519605784,0.0,0.0,621.71,0.0,22.4,0,-874.7635480394214,0.0,3278,874.7635480394216
Data,4618,-0.0,0.0,1397.5815285618903,0.0,0.0,644.07,0.0,25.6,0,-1370.7484714381096,0.0,3438,1370.7484714381096
Data,4619,-0.0,0.0,1389.08968176035,0.0,0.0,677.62,0.0,22.4,0,-1378.89031823965,0.0,3468,1378.89031823965
Data,4620,-0.0,0.0,1299.3940892983453,0.0,0.0,712.28,0.0,418.9242,0,-1048.4017107016546,0.0,3479,1048.4017107016548
Data,4621,-0.0,0.0,1679.145108974982,0.0,0.0,716.75,0.0,176.6,0,-838.5048910250181,0.0,3411,838.5048910250181
Data,4622,-0.0,0.0,1832.9488545928411,0.0,0.0,741.35,0.0,176.6,0,-698.1011454071593,0.0,3449,698.1011454071588
Data,4623,-0.0,0.0,1812.3401963549281,0.0,0.0,734.65,0.0,179.8,0,-717.2098036450716,0.0,3444,717.2098036450718
Data,4624,-0.0,0.0,1820.5928096494472,0.0,0.0,746.95,0.0,176.6,0,-715.8571903505525,0.0,3460,715.8571903505527
Data,4625,-0.0,0.0,3043.097606692965,0.0,0.0,741.35,0.0,527.6,0,763.0476066929652,0.0,3549,-763.0476066929652
Data,4626,-0.0,0.0,4252.612441165766,0.0,0.0,743.59,0.0,530.8,0,1828.002441165766,0.0,3699,-1828.0024411657655
Data,4627,0.0,0.0,4531.187150421273,0.0,0.0,788.32,0.0,253.5211,0,1953.0282504212735,0.0,3620,-1953.0282504212732
Data,4628,-0.0,0.0,4764.607225818905,0.0,0.0,807.33,0.0,176.6,0,2207.5372258189045,0.0,3541,-2207.537225818905
Data,4629,0.0,0.0,4620.299334096651,0.0,0.0,780.49,0.0,296.0691,0,2326.8584340966513,0.0,3370,-2326.8584340966513
Data,4630,0.0,0.0,4206.358555226055,0.0,0.0,762.6,0.0,179.8,0,1995.7585552260548,0.0,3153,-1995.7585552260548
Data,4631,0.0,0.0,3407.3169676060297,0.0,0.0,778.25,0.0,527.6,0,1749.1669676060296,0.0,2964,-1749.1669676060296
Data,4632,0.0,0.0,3281.2271745558587,0.0,0.0,776.02,0.0,530.8,0,1729.0471745558589,0.0,2859,-1729.0471745558586
Data,4633,0.0,0.0,3319.5755693069627,0.0,0.0,754.77,0.0,527.6,0,1881.9455693069626,0.0,2720,-1881.9455693069626
Data,4634,0.0,0.0,2341.2510226812524,0.0,0.0,754.77,0.0,524.4,0,878.4210226812525,0.0,2742,-878.4210226812523
Data,4635,0.0,0.0,2469.228461701273,0.0,0.0,771.55,0.0,527.6,0,894.3784617012728,0.0,2874,-894.3784617012728
Data,4636,0.0,0.0,3062.492903260415,0.0,0.0,774.9,0.0,524.4,0,1324.792903260415,0.0,3037,-1324.792903260415
Data,4637,0.0,0.0,3112.1559649328547,0.0,0.0,779.37,0.0,176.6,0,936.1259649328542,0.0,3132,-936.1259649328547
Data,4638,0.0,0.0,2497.1837357842605,0.0,0.0,788.32,0.0,173.4,0,397.903735784261,0.0,3061,-397.90373578426056
Data,4639,0.0,0.0,2159.823914572462,0.0,0.0,781.61,0.0,527.6,0,346.0339145724622,0.0,3123,-346.033914572462
Data,4640,-0.0,0.0,1896.6021581089342,0.0,0.0,777.14,0.0,22.4,0,-516.8578418910658,0.0,3213,516.8578418910658
Data,4641,-0.0,0.0,2069.7911306475057,0.0,0.0,760.36,0.0,25.6,0,-550.2488693524946,0.0,3406,550.2488693524942
Data,4642,-0.0,0.0,2067.2104147066575,0.0,0.0,769.31,0.0,22.4,0,-759.0795852933427,0.0,3618,759.0795852933426
Data,4643,-0.0,0.0,2599.498987251329,0.0,0.0,765.95,0.0,25.6,0,-25.951012748671047,0.0,3417,25.951012748671154
Data,4644,-0.0,0.0,2828.024524056887,0.0,0.0,781.61,0.0,25.6,0,279.23452405688715,0.0,3356,-279.23452405688704
Data,4645,-0.0,0.0,3135.77397363203,0.0,0.0,777.14,0.0,22.4,0,830.3139736320297,0.0,3105,-830.31397363203
Data,4646,-0.0,0.0,2832.0003909120555,0.0,0.0,778.25,0.0,28.8,0,484.0503909120552,0.0,3155,-484.05039091205555
Data,4647,-0.0,0.0,3437.6211343165455,0.0,0.0,781.61,0.0,25.6,0,966.8311343165451,0.0,3278,-966.8311343165456
Data,4648,-0.0,0.0,3414.4465253255157,0.0,0.0,789.44,0.0,28.8,0,901.6865253255157,0.0,3331,-901.6865253255157
Data,4649,-0.0,0.0,4406.36771291092,0.0,0.0,802.85,0.0,25.6,0,1645.8177129109195,0.0,3589,-1645.8177129109201
Data,4650,-0.0,0.0,4586.101335207151,0.0,0.0,838.64,0.0,28.8,0,1689.5413352071514,0.0,3764,-1689.5413352071514
Data,4651,0.0,0.0,4252.027738553849,0.0,0.0,840.87,0.0,28.8,0,1434.6977385538491,0.0,3687,-1434.6977385538494
Data,4652,0.0,0.0,4617.887234643786,0.0,0.0,831.93,0.0,25.6,0,1924.4172346437856,0.0,3551,-1924.4172346437856
Data,4653,0.0,0.0,4542.862509845514,0.0,0.0,809.56,0.0,25.6,0,2029.0225098455144,0.0,3349,-2029.022509845514
Data,4654,0.0,0.0,4636.4021698234465,0.0,0.0,807.33,0.0,28.8,0,2327.532169823446,0.0,3145,-2327.5321698234466
Data,4655,0.0,0.0,4576.269021473993,0.0,0.0,807.33,0.0,25.6,0,2429.199021473993,0.0,2980,-2429.199021473993
Data,4656,0.0,0.0,4764.260803107996,0.0,0.0,799.5,0.0,25.6,0,2724.3608031079966,0.0,2865,-2724.360803107996
Data,4657,0.0,0.0,4830.600961200296,0.0,0.0,783.85,0.0,22.4,0,2879.8509612002963,0.0,2757,-2879.8509612002963
Data,4658,0.0,0.0,4468.657238186497,0.0,0.0,789.44,0.0,25.6,0,2533.6972381864975,0.0,2750,-2533.697238186497
Data,4659,0.0,0.0,3908.909375058197,0.0,0.0,791.67,0.0,22.4,0,1821.9793750581973,0.0,2901,-1821.9793750581969
Data,4660,0.0,0.0,3663.9965905903973,0.0,0.0,790.55,0.0,25.6,0,1390.1465905903972,0.0,3090,-1390.1465905903972
Data,4661,0.0,0.0,3377.8121241298813,0.0,0.0,816.27,0.0,22.4,0,1086.4821241298816,0.0,3130,-1086.4821241298814
Data,4662,0.0,0.0,3220.0414819456773,0.0,0.0,816.27,0.0,22.4,0,980.7114819456772,0.0,3078,-980.7114819456773
Data,4663,-0.0,0.0,3179.6313498432955,0.0,0.0,791.67,0.0,25.6,0,954.9013498432956,0.0,3042,-954.9013498432955
Data,4664,-0.0,0.0,3090.051682254211,0.0,0.0,778.25,0.0,22.4,0,871.701682254211,0.0,3019,-871.7016822542108
Data,4665,-0.0,0.0,2820.7286157564818,0.0,0.0,742.47,0.0,25.6,0,380.7986157564815,0.0,3208,-380.7986157564818
Data,4666,-0.0,0.0,2859.4216655857217,0.0,0.0,707.81,0.0,25.6,0,203.83166558572154,0.0,3389,-203.83166558572165
Data,4667,-0.0,0.0,3002.9181374072423,0.0,0.0,732.41,0.0,28.8,0,371.1281374072428,0.0,3393,-371.12813740724226
Data,4668,-0.0,0.0,2838.8290827766145,0.0,0.0,755.89,0.0,25.6,0,253.31908277661407,0.0,3367,-253.31908277661452
Data,4669,-0.0,0.0,2799.2261344523954,0.0,0.0,736.88,0.0,25.6,0,515.7061344523953,0.0,3046,-515.7061344523954
Data,4670,-0.0,0.0,2918.718816962267,0.0,0.0,742.47,0.0,28.8,0,470.98881696226715,0.0,3219,-470.98881696226687
Data,4671,-0.0,0.0,2564.6999381684095,0.0,0.0,740.24,0.0,527.6,0,613.5399381684093,0.0,3219,-613.5399381684095
Data,4672,-0.0,0.0,2631.7032030016803,0.0,0.0,755.89,0.0,530.8,0,657.3932030016805,0.0,3261,-657.3932030016803
Data,4673,-0.0,0.0,2833.4549102575174,0.0,0.0,799.5,0.0,527.6,0,616.5549102575173,0.0,3544,-616.5549102575175
Data,4674,-0.0,0.0,2774.486826499815,0.0,0.0,801.74,0.0,527.6,0,352.8268264998152,0.0,3751,-352.82682649981496
Data,4675,-0.0,0.0,2586.6997998923066,0.0,0.0,780.49,0.0,530.8,0,214.98979989230654,0.0,3683,-214.98979989230656
Data,4676,-0.0,0.0,2530.6830022836925,0.0,0.0,777.14,0.0,527.6,0,293.4230022836923,0.0,3542,-293.42300228369254
Data,4677,0.0,0.0,2615.5786436152393,0.0,0.0,773.78,0.0,530.8,0,571.1586436152397,0.0,3349,-571.1586436152393
Data,4678,0.0,0.0,2587.7665707456244,0.0,0.0,752.54,0.0,527.6,0,704.9065707456243,0.0,3163,-704.9065707456244
Data,4679,0.0,0.0,2601.4092380196344,0.0,0.0,753.65,0.0,530.8,0,888.8592380196345,0.0,2997,-888.8592380196343
Data,4680,0.0,0.0,2828.2977544254218,0.0,0.0,762.6,0.0,530.8,0,1241.6977544254216,0.0,2880,-1241.6977544254219
Data,4681,0.0,0.0,2886.263869833709,0.0,0.0,744.71,0.0,524.4,0,1367.3738698337093,0.0,2788,-1367.3738698337093
Data,4682,0.0,0.0,2768.91273432445,0.0,0.0,748.06,0.0,527.6,0,1257.5727343244496,0.0,2787,-1257.5727343244498
Data,4683,0.0,0.0,2840.4868913448117,0.0,0.0,749.18,0.0,524.4,0,1170.066891344812,0.0,2944,-1170.0668913448117
Data,4684,0.0,0.0,2816.2898801294277,0.0,0.0,781.61,0.0,527.6,0,1005.4998801294279,0.0,3120,-1005.4998801294278
Data,4685,0.0,0.0,2694.613764957986,0.0,0.0,780.49,0.0,524.4,0,789.5037649579858,0.0,3210,-789.5037649579859
Data,4686,0.0,0.0,2227.954247527719,0.0,0.0,776.02,0.0,527.6,0,346.5742475277187,0.0,3185,-346.57424752771897
Data,4687,0.0,0.0,1933.13017397595,0.0,0.0,758.13,0.0,524.4,0,33.66017397595,0.0,3182,-33.660173975949874
Data,4688,-0.0,0.0,1538.1227663120924,0.0,0.0,723.46,0.0,524.4,0,-361.0172336879075,0.0,3147,361.0172336879076
Data,4689,-0.0,0.0,1214.5806211306449,0.0,0.0,710.05,0.0,527.6,0,-861.7693788693553,0.0,3314,861.7693788693551
Data,4690,-0.0,0.0,873.5693495251983,0.0,0.0,694.39,0.0,524.4,0,-1344.6406504748015,0.0,3437,1344.6406504748018
Data,4691,-0.0,0.0,871.3143076102285,0.0,0.0,692.15,0.0,524.4,0,-1353.1356923897715,0.0,3441,1353.1356923897715
Data,4692,-0.0,0.0,959.5882209505739,0.0,0.0,695.51,0.0,530.8,0,-1202.1017790494257,0.0,3388,1202.101779049426
Data,4693,-0.0,0.0,947.0297742786393,0.0,0.0,686.56,0.0,527.6,0,-1010.8102257213608,0.0,3172,1010.8102257213608
Data,4694,-0.0,0.0,1088.5022584613453,0.0,0.0,725.7,0.0,530.8,0,-978.9977415386547,0.0,3324,978.9977415386547
Data,4695,-0.0,0.0,972.1247993465155,0.0,0.0,736.88,0.0,530.8,0,-1074.1952006534846,0.0,3314,1074.1952006534846
Data,4696,-0.0,0.0,1042.992331266981,0.0,0.0,716.75,0.0,527.6,0,-1111.657668733019,0.0,3399,1111.657668733019
Data,4697,-0.0,0.0,1359.0241773693417,0.0,0.0,763.72,0.0,530.8,0,-990.455822630386,0.0,3644,990.4558226306583
Data,4698,-0.0,0.0,2100.052070291927,0.0,0.0,780.49,0.0,527.6,0,-446.8579297080726,0.0,3855,446.8579297080729
Data,4699,0.0,0.0,2669.579797433576,0.0,0.0,793.91,0.0,530.8,0,207.2897974335759,0.0,3787,-207.28979743357593
Data,4700,0.0,0.0,2558.2889955635205,0.0,0.0,809.56,0.0,527.6,0,255.44899556352053,0.0,3640,-255.4489955635205
Data,4701,0.0,0.0,2635.7893575034695,0.0,0.0,772.66,0.0,530.8,0,488.24935750346975,0.0,3451,-488.24935750346947
Data,4702,0.0,0.0,2731.0505577633016,0.0,0.0,760.36,0.0,527.6,0,752.0105577633017,0.0,3267,-752.0105577633017
Data,4703,0.0,0.0,2803.843200943891,0.0,0.0,751.42,0.0,530.8,0,915.0632009438912,0.0,3171,-915.063200943891
Data,4704,0.0,0.0,2808.8280609182593,0.0,0.0,753.65,0.0,527.6,0,1051.078060918259,0.0,3039,-1051.0780609182593
Data,4705,0.0,0.0,2565.6124167651806,0.0,0.0,788.32,0.0,527.6,0,947.5324167651809,0.0,2934,-947.5324167651806
Data,4706,0.0,0.0,2444.4242285426144,0.0,0.0,782.73,0.0,524.4,0,841.5542285426145,0.0,2910,-841.5542285426144
Data,4707,0.0,0.0,2395.2425172871795,0.0,0.0,770.43,0.0,527.6,0,611.2725172871791,0.0,3082,-611.2725172871794
Data,4708,0.0,0.0,2622.5113266437447,0.0,0.0,767.07,0.0,524.4,0,657.9813266437451,0.0,3256,-657.9813266437448
Data,4709,0.0,0.0,2466.284393988534,0.0,0.0,790.55,0.0,524.4,0,460.234393988534,0.0,3321,-460.2343939885337
Data,4710,0.0,0.0,1968.7797897895002,0.0,0.0,801.74,0.0,527.6,0,-0.8802102104999676,0.0,3299,0.8802102104997402
Data,4711,0.0,0.0,1538.3205022981335,0.0,0.0,746.95,0.0,524.4,0,-483.32949770186633,0.0,3293,483.32949770186644
Data,4712,-0.0,0.0,1436.588067540277,0.0,0.0,710.05,0.0,527.6,0,-579.761932459723,0.0,3254,579.761932459723
Data,4713,-0.0,0.0,800.4731748725362,0.0,0.0,702.22,0.0,524.4,0,-1295.906825127464,0.0,3323,1295.906825127464
Data,4714,-0.0,0.0,819.8917021845433,0.0,0.0,688.8,0.0,524.4,0,-1452.908297815457,0.0,3486,1452.9082978154568
Data,4715,-0.0,0.0,1096.5541233606166,0.0,0.0,683.21,0.0,527.6,0,-1148.6358766393835,0.0,3456,1148.6358766393832
Data,4716,-0.0,0.0,1345.601262120922,0.0,0.0,678.74,0.0,524.4,0,-868.2587378790777,0.0,3417,868.258737879078
Data,4717,-0.0,0.0,1333.3364227089248,0.0,0.0,669.79,0.0,530.8,0,-687.0735772910751,0.0,3221,687.0735772910753
Data,4718,-0.0,0.0,1308.7899562032048,0.0,0.0,678.74,0.0,527.6,0,-855.870043796795,0.0,3371,855.8700437967951
Data,4719,-0.0,0.0,1513.7553463783847,0.0,0.0,706.69,0.0,530.8,0,-613.7546536216151,0.0,3365,613.7546536216153
Data,4720,-0.0,0.0,2181.5631869937765,0.0,0.0,733.53,0.0,527.6,0,-0.3068130062233081,0.0,3443,0.3068130062234786
Data,4721,-0.0,0.0,1998.6186815564056,0.0,0.0,761.48,0.0,530.8,0,-377.1013184435941,0.0,3668,377.10131844359444
Data,4722,-0.0,0.0,1985.2880056561335,0.0,0.0,809.56,0.0,527.6,0,-509.5519943438667,0.0,3832,509.55199434386657
Data,4723,-0.0,0.0,2157.881688016286,0.0,0.0,828.57,0.0,530.8,0,-211.74831198371362,0.0,3729,211.7483119837142
Data,4724,-0.0,0.0,2267.3183555191963,0.0,0.0,802.85,0.0,527.6,0,-9.23164448080382,0.0,3607,9.231644480803652
Data,4725,-0.0,0.0,2271.5939761056097,0.0,0.0,765.95,0.0,530.8,0,180.34397610560976,0.0,3388,-180.34397610560973
Data,4726,-0.0,0.0,2527.426748461656,0.0,0.0,741.35,0.0,527.6,0,594.3767484616559,0.0,3202,-594.3767484616562
Data,4727,0.0,0.0,2556.621576418252,0.0,0.0,716.75,0.0,530.8,0,706.1715764182522,0.0,3098,-706.171576418252
Data,4728,0.0,0.0,2642.573328027652,0.0,0.0,722.35,0.0,527.6,0,908.5233280276519,0.0,2984,-908.5233280276523
Data,4729,0.0,0.0,2593.584721271539,0.0,0.0,758.13,0.0,524.4,0,1026.1147212715389,0.0,2850,-1026.1147212715389
Data,4730,0.0,0.0,2654.3633660625815,0.0,0.0,736.88,0.0,527.6,0,1098.8433660625815,0.0,2820,-1098.8433660625815
Data,4731,0.0,0.0,2722.1313385142903,0.0,0.0,745.83,0.0,524.4,0,1053.36133851429,0.0,2939,-1053.3613385142903
Data,4732,0.0,0.0,2455.117972662817,0.0,0.0,757.01,0.0,524.4,0,597.527972662817,0.0,3139,-597.527972662817
Data,4733,0.0,0.0,2761.7015170236523,0.0,0.0,774.9,0.0,524.4,0,863.0015170236524,0.0,3198,-863.0015170236522
Data,4734,0.0,0.0,2735.906689705452,0.0,0.0,793.91,0.0,527.6,0,945.4166897054519,0.0,3112,-945.4166897054522
Data,4735,0.0,0.0,2872.6617295160513,0.0,0.0,763.72,0.0,524.4,0,1047.7817295160517,0.0,3113,-1047.7817295160512
Data,4736,-0.0,0.0,2574.464826950726,0.0,0.0,750.3,0.0,527.6,0,682.3648269507258,0.0,3170,-682.3648269507261
Data,4737,-0.0,0.0,3049.600351981452,0.0,0.0,670.91,0.0,524.4,0,977.910351981452,0.0,3267,-977.9103519814521
Data,4738,-0.0,0.0,2843.2033586884395,0.0,0.0,658.61,0.0,527.6,0,712.4133586884396,0.0,3317,-712.4133586884395
Data,4739,-0.0,0.0,2671.387709719652,0.0,0.0,677.62,0.0,524.4,0,728.407709719652,0.0,3145,-728.4077097196518
Data,4740,-0.0,0.0,2766.355844874139,0.0,0.0,683.21,0.0,524.4,0,854.965844874139,0.0,3119,-854.9658448741392
Data,4741,-0.0,0.0,2868.7306384941057,0.0,0.0,641.84,0.0,524.4,0,980.9706384941061,0.0,3054,-980.9706384941057
Data,4742,-0.0,0.0,2858.228548167606,0.0,0.0,656.37,0.0,530.8,0,946.3985481676057,0.0,3099,-946.3985481676058
Data,4743,-0.0,0.0,2766.7187013841813,0.0,0.0,699.98,0.0,176.6,0,580.298701384181,0.0,3063,-580.2987013841813
Data,4744,-0.0,0.0,2714.568558658952,0.0,0.0,711.16,0.0,527.6,0,821.3285586589517,0.0,3132,-821.328558658952
Data,4745,-0.0,0.0,2511.375465130376,0.0,0.0,752.54,0.0,530.8,0,458.7154651303765,0.0,3336,-458.71546513037606
Data,4746,-0.0,0.0,2369.22029146554,0.0,0.0,791.67,0.0,527.6,0,155.49029146553974,0.0,3533,-155.49029146553994
Data,4747,0.0,0.0,2294.455843304752,0.0,0.0,799.5,0.0,527.6,0,141.55584330475182,0.0,3480,-141.55584330475187
Data,4748,0.0,0.0,2322.2590961200444,0.0,0.0,792.79,0.0,530.8,0,263.8490961200445,0.0,3382,-263.84909612004435
Data,4749,0.0,0.0,2251.227985032595,0.0,0.0,769.31,0.0,527.6,0,331.1379850325949,0.0,3217,-331.1379850325949
Data,4750,0.0,0.0,2187.7856144560155,0.0,0.0,726.82,0.0,530.8,0,393.4056144560158,0.0,3052,-393.40561445601554
Data,4751,0.0,0.0,2170.5309806126143,0.0,0.0,718.99,0.0,527.6,0,444.1209806126141,0.0,2973,-444.1209806126143
Data,4752,0.0,0.0,2327.9046157933635,0.0,0.0,703.34,0.0,530.8,0,654.0446157933638,0.0,2908,-654.0446157933635
Data,4753,0.0,0.0,2176.6974056488502,0.0,0.0,682.09,0.0,524.4,0,550.1874056488504,0.0,2833,-550.1874056488502
Data,4754,0.0,0.0,2201.162659898852,0.0,0.0,701.1,0.0,527.6,0,618.8626598988517,0.0,2811,-618.8626598988519
Data,4755,0.0,0.0,2455.6514694442667,0.0,0.0,717.87,0.0,524.4,0,760.9214694442668,0.0,2937,-760.9214694442667
Data,4756,0.0,0.0,2590.3433536165862,0.0,0.0,752.54,0.0,524.4,0,776.2833536165862,0.0,3091,-776.2833536165862
Data,4757,0.0,0.0,2467.6658810654653,0.0,0.0,786.08,0.0,524.4,0,616.1458810654651,0.0,3162,-616.1458810654653
Data,4758,0.0,0.0,2054.1766267938456,0.0,0.0,788.32,0.0,527.6,0,336.0966267938454,0.0,3034,-336.09662679384564
Data,4759,0.0,0.0,1964.8417478571496,0.0,0.0,764.84,0.0,524.4,0,327.0817478571498,0.0,2927,-327.0817478571496
Data,4760,-0.0,0.0,1760.2788273925314,0.0,0.0,710.05,0.0,173.4,0,-236.27117260746866,0.0,2880,236.27117260746863
Data,4761,-0.0,0.0,1794.9470051767335,0.0,0.0,667.55,0.0,524.4,0,152.8970051767335,0.0,2834,-152.8970051767334
Data,4762,-0.0,0.0,1527.8118287778127,0.0,0.0,645.19,0.0,527.6,0,-196.39817122218733,0.0,2897,196.39817122218722
Data,4763,-0.0,0.0,1577.9353702445742,0.0,0.0,651.9,0.0,173.4,0,-453.7646297554259,0.0,2857,453.76462975542586
Data,4764,-0.0,0.0,1671.1505657395303,0.0,0.0,659.73,0.0,173.4,0,-419.71943426046954,0.0,2924,419.7194342604697
Data,4765,-0.0,0.0,1610.5351568542403,0.0,0.0,612.76,0.0,284.6076,0,-515.0972431457601,0.0,3023,515.0972431457596
Data,4766,-0.0,0.0,1352.9082078926826,0.0,0.0,621.71,0.0,530.8,0,-484.58179210731714,0.0,2990,484.58179210731737
Data,4767,-0.0,0.0,1138.4346820576525,0.0,0.0,632.89,0.0,527.6,0,-669.0753179423476,0.0,2968,669.0753179423475
Data,4768,-0.0,0.0,1088.1925901704035,0.0,0.0,683.21,0.0,527.6,0,-644.9974098295966,0.0,2944,644.9974098295964
Data,4769,-0.0,0.0,999.3438891151893,0.0,0.0,761.48,0.0,527.6,0,-886.5761108848108,0.0,3175,886.5761108848106
Data,4770,-0.0,0.0,1364.8585476572068,0.0,0.0,839.75,0.0,530.8,0,-788.591452342793,0.0,3524,788.5914523427932
Data,4771,0.0,0.0,1585.3019472733051,0.0,0.0,850.94,0.0,527.6,0,-519.1580527266949,0.0,3483,519.1580527266948
Data,4772,0.0,0.0,1969.3009150687697,0.0,0.0,824.1,0.0,527.6,0,-101.9990849312305,0.0,3423,101.9990849312303
Data,4773,0.0,0.0,2055.100427720075,0.0,0.0,808.45,0.0,530.8,0,133.35042772007534,0.0,3261,-133.350427720075
Data,4774,0.0,0.0,2317.690079283203,0.0,0.0,734.65,0.0,527.6,0,484.9400792832031,0.0,3095,-484.940079283203
Data,4775,0.0,0.0,2284.1031214599534,0.0,0.0,705.57,0.0,530.8,0,584.473121459954,0.0,2936,-584.4731214599534
Data,4776,0.0,0.0,1849.0442811816938,0.0,0.0,686.56,0.0,527.6,0,208.2042811816937,0.0,2855,-208.20428118169377
Data,4777,0.0,0.0,1918.7107968709793,0.0,0.0,677.62,0.0,524.4,0,385.7307968709793,0.0,2735,-385.73079687097925
Data,4778,0.0,0.0,2029.6031762131547,0.0,0.0,714.52,0.0,527.6,0,529.7231762131547,0.0,2742,-529.7231762131547
Data,4779,0.0,0.0,1946.4646653396703,0.0,0.0,727.94,0.0,524.4,0,340.80466533967035,0.0,2858,-340.80466533967035
Data,4780,0.0,0.0,1776.6880431774014,0.0,0.0,779.37,0.0,527.6,0,54.65804317740108,0.0,3029,-54.658043177401396
Data,4781,0.0,0.0,1907.4689699111877,0.0,0.0,777.14,0.0,524.4,0,94.00896991118778,0.0,3115,-94.0089699111877
Data,4782,0.0,0.0,2011.2346132682055,0.0,0.0,777.14,0.0,524.4,0,218.77461326820548,0.0,3094,-218.77461326820548
Data,4783,0.0,0.0,1447.8819028969174,0.0,0.0,716.75,0.0,527.6,0,-500.7680971030827,0.0,3193,500.7680971030826
Data,4784,-0.0,0.0,1396.0003822716972,0.0,0.0,692.15,0.0,524.4,0,-656.4496177283024,0.0,3269,656.4496177283029
Data,4785,-0.0,0.0,971.7349979060089,0.0,0.0,672.03,0.0,527.6,0,-1316.6350020939908,0.0,3488,1316.6350020939913
Data,4786,-0.0,0.0,2056.4432084189575,0.0,0.0,602.7,0.0,524.4,0,-394.45679158104224,0.0,3578,394.45679158104247
Data,4787,-0.0,0.0,1926.7540811570716,0.0,0.0,611.65,0.0,524.4,0,-614.1959188429282,0.0,3677,614.1959188429284
Data,4788,-0.0,0.0,2597.352952687355,0.0,0.0,606.05,0.0,527.6,0,92.00295268735417,0.0,3639,-92.00295268735488
Data,4789,-0.0,0.0,2370.0056156077917,0.0,0.0,569.15,0.0,179.8,0,-395.0443843922077,0.0,3514,395.0443843922083
Data,4790,-0.0,0.0,2623.7044210793556,0.0,0.0,595.99,0.0,176.6,0,-242.70557892064426,0.0,3639,242.7055789206444
Data,4791,-0.0,0.0,2369.6382724835034,0.0,0.0,626.18,0.0,179.8,0,-482.38172751649705,0.0,3658,482.3817275164966
Data,4792,-0.0,0.0,2703.69472713662,0.0,0.0,676.5,0.0,355.9751,0,59.1698271366201,0.0,3677,-59.1698271366198
Data,4793,-0.0,0.0,2676.3376185169686,0.0,0.0,751.42,0.0,407.9225,0,44.68011851696828,0.0,3791,-44.680118516968605
Data,4794,-0.0,0.0,3085.4851296961947,0.0,0.0,793.91,0.0,415.6274,0,417.0225296961942,0.0,3878,-417.0225296961947
Data,4795,0.0,0.0,2742.3016551294522,0.0,0.0,802.85,0.0,230.9485,0,3.1001551294522542,0.0,3773,-3.100155129452247
Data,4796,0.0,0.0,3325.5173059920908,0.0,0.0,792.79,0.0,176.6,0,648.9073059920909,0.0,3646,-648.9073059920908
Data,4797,0.0,0.0,3297.347610511987,0.0,0.0,755.89,0.0,176.6,0,823.8376105119867,0.0,3406,-823.8376105119871
Data,4798,0.0,0.0,3480.490665120874,0.0,0.0,736.88,0.0,179.8,0,1145.1706651208742,0.0,3252,-1145.170665120874
Data,4799,0.0,0.0,3469.3703623373,0.0,0.0,708.93,0.0,176.6,0,1234.9003623372996,0.0,3120,-1234.9003623372998
Data,4800,0.0,0.0,3526.3544681189296,0.0,0.0,696.63,0.0,176.6,0,1382.5844681189296,0.0,3017,-1382.5844681189296
Data,4801,0.0,0.0,2775.5180234788513,0.0,0.0,686.56,0.0,176.6,0,757.678023478851,0.0,2881,-757.6780234788513
Data,4802,0.0,0.0,2592.6225653950755,0.0,0.0,698.86,0.0,173.4,0,574.8825653950757,0.0,2890,-574.8825653950755
Data,4803,0.0,0.0,3469.870553894456,0.0,0.0,730.17,0.0,173.4,0,1341.4405538944563,0.0,3032,-1341.440553894456
Data,4804,0.0,0.0,3631.3224464336727,0.0,0.0,743.59,0.0,176.6,0,1331.512446433673,0.0,3220,-1331.5124464336727
Data,4805,0.0,0.0,3247.0517724243605,0.0,0.0,730.17,0.0,376.7591,0,1028.9808724243608,0.0,3325,-1028.9808724243603
Data,4806,0.0,0.0,3568.9545512355226,0.0,0.0,724.58,0.0,304.5845,0,1284.1190512355224,0.0,3314,-1284.1190512355226
Data,4807,0.0,0.0,3365.4617117996413,0.0,0.0,714.52,0.0,173.4,0,964.3817117996416,0.0,3289,-964.3817117996413
Data,4808,-0.0,0.0,2418.190533882795,0.0,0.0,701.1,0.0,176.6,0,-42.10946611720529,0.0,3338,42.1094661172049
Data,4809,-0.0,0.0,2293.9918631117143,0.0,0.0,593.75,0.0,176.6,0,-437.6581368882856,0.0,3502,437.65813688828564
Data,4810,-0.0,0.0,2138.8352620605156,0.0,0.0,560.21,0.0,176.6,0,-730.3547379394844,0.0,3606,730.3547379394844
Data,4811,-0.0,0.0,2559.359739649287,0.0,0.0,543.44,0.0,179.8,0,-381.40026035071276,0.0,3664,381.40026035071304
Data,4812,-0.0,0.0,2301.7515864865945,0.0,0.0,546.79,0.0,25.6,0,-687.8584135134054,0.0,3562,687.8584135134055
Data,4813,-0.0,0.0,2511.7090269523624,0.0,0.0,474.11,0.0,28.8,0,-423.38097304763716,0.0,3438,423.3809730476376
Data,4814,-0.0,0.0,3211.599794448791,0.0,0.0,514.36,0.0,25.6,0,205.55979444879046,0.0,3546,-205.55979444879083
Data,4815,-0.0,0.0,3268.4838985403926,0.0,0.0,538.96,0.0,25.6,0,254.0438985403923,0.0,3579,-254.04389854039263
Data,4816,-0.0,0.0,3470.0531776778653,0.0,0.0,618.35,0.0,28.8,0,469.2031776778651,0.0,3648,-469.2031776778653
Data,4817,-0.0,0.0,4487.941843557418,0.0,0.0,668.67,0.0,25.6,0,1355.211843557418,0.0,3827,-1355.211843557418
Data,4818,-0.0,0.0,3901.606378108391,0.0,0.0,720.11,0.0,28.8,0,674.5163781083911,0.0,3976,-674.5163781083908
Data,4819,-0.0,0.0,4204.641703213021,0.0,0.0,695.51,0.0,25.6,0,1054.7517032130213,0.0,3871,-1054.751703213021
Data,4820,-0.0,0.0,4318.4439547842085,0.0,0.0,673.15,0.0,25.6,0,1284.193954784209,0.0,3733,-1284.1939547842085
Data,4821,-0.0,0.0,4238.277238165925,0.0,0.0,660.85,0.0,25.6,0,1402.727238165925,0.0,3522,-1402.7272381659252
Data,4822,-0.0,0.0,4371.374226223889,0.0,0.0,656.37,0.0,28.8,0,1738.5442262238896,0.0,3318,-1738.5442262238894
Data,4823,-0.0,0.0,4554.364327030111,0.0,0.0,650.78,0.0,25.6,0,2074.7443270301114,0.0,3156,-2074.744327030111
Data,4824,0.0,0.0,4276.46128764517,0.0,0.0,632.89,0.0,28.8,0,1839.1512876451707,0.0,3099,-1839.1512876451702
Data,4825,0.0,0.0,4180.090772254541,0.0,0.0,602.7,0.0,22.4,0,1875.1907722545413,0.0,2930,-1875.190772254541
Data,4826,0.0,0.0,4056.46988875179,0.0,0.0,626.18,0.0,22.4,0,1815.0498887517901,0.0,2890,-1815.0498887517901
Data,4827,0.0,0.0,3977.6959291561175,0.0,0.0,617.24,0.0,25.6,0,1622.5359291561176,0.0,2998,-1622.5359291561174
Data,4828,0.0,0.0,3908.6279578055105,0.0,0.0,655.25,0.0,22.4,0,1380.2779578055106,0.0,3206,-1380.2779578055106
Data,4829,0.0,0.0,3970.258205843431,0.0,0.0,656.37,0.0,22.4,0,1342.0282058434307,0.0,3307,-1342.028205843431
Data,4830,0.0,0.0,3736.8044341622026,0.0,0.0,645.19,0.0,22.4,0,1118.394434162203,0.0,3286,-1118.3944341622027
Data,4831,0.0,0.0,2947.5149565349516,0.0,0.0,585.93,0.0,25.6,0,227.04495653495147,0.0,3332,-227.04495653495152
Data,4832,-0.0,0.0,2926.345224248694,0.0,0.0,551.26,0.0,22.4,0,78.00522424869384,0.0,3422,-78.00522424869419
Data,4833,-0.0,0.0,2542.187245499694,0.0,0.0,533.37,0.0,22.4,0,-499.04275450030576,0.0,3597,499.0427545003058
Data,4834,-0.0,0.0,2646.5738692315367,0.0,0.0,526.66,0.0,25.6,0,-469.1661307684636,0.0,3668,469.1661307684633
Data,4835,-0.0,0.0,2679.582067483303,0.0,0.0,512.13,0.0,28.8,0,-510.4879325166971,0.0,3731,510.48793251669696
Data,4836,-0.0,0.0,2780.562876402571,0.0,0.0,522.19,0.0,25.6,0,-297.6471235974294,0.0,3626,297.64712359742896
Data,4837,-0.0,0.0,2798.1688299084585,0.0,0.0,464.05,0.0,28.8,0,-77.98117009154117,0.0,3369,77.98117009154147
Data,4838,-0.0,0.0,3076.2325694527226,0.0,0.0,488.65,0.0,25.6,0,61.48256945272305,0.0,3529,-61.48256945272258
Data,4839,-0.0,0.0,2890.623228762193,0.0,0.0,513.25,0.0,28.8,0,-156.32677123780704,0.0,3589,156.32677123780712
Data,4840,-0.0,0.0,2872.922439846374,0.0,0.0,556.85,0.0,25.6,0,-173.62756015362632,0.0,3629,173.6275601536261
Data,4841,-0.0,0.0,3106.8703131921297,0.0,0.0,588.16,0.0,25.6,0,-128.36968680787032,0.0,3849,128.3696868078703
Data,4842,-0.0,0.0,3421.642054569288,0.0,0.0,634.01,0.0,179.8,0,246.45205456928875,0.0,3989,-246.45205456928812
Data,4843,-0.0,0.0,3835.755656707469,0.0,0.0,653.02,0.0,176.6,0,749.3756567074686,0.0,3916,-749.3756567074689
Data,4844,-0.0,0.0,3973.288676357556,0.0,0.0,631.77,0.0,179.8,0,1010.8586763575564,0.0,3774,-1010.8586763575561
Data,4845,-0.0,0.0,3815.016217903998,0.0,0.0,619.47,0.0,176.6,0,1040.0862179039975,0.0,3571,-1040.086217903998
Data,4846,-0.0,0.0,3618.311847414688,0.0,0.0,611.65,0.0,179.8,0,1058.7618474146884,0.0,3351,-1058.7618474146882
Data,4847,-0.0,0.0,3357.51823757541,0.0,0.0,585.93,0.0,176.6,0,927.0482375754095,0.0,3193,-927.0482375754098
Data,4848,-0.0,0.0,3357.3091821575913,0.0,0.0,575.86,0.0,179.8,0,1001.9691821575917,0.0,3111,-1001.9691821575914
Data,4849,-0.0,0.0,3168.424012550739,0.0,0.0,545.67,0.0,173.4,0,919.4940125507392,0.0,2968,-919.494012550739
Data,4850,-0.0,0.0,2948.010367449704,0.0,0.0,568.04,0.0,176.6,0,734.6503674497037,0.0,2958,-734.650367449704
Data,4851,-0.0,0.0,2647.3398914918334,0.0,0.0,571.39,0.0,173.4,0,316.1298914918334,0.0,3076,-316.1298914918334
Data,4852,-0.0,0.0,2623.5176280114747,0.0,0.0,638.48,0.0,173.4,0,131.39762801147498,0.0,3304,-131.39762801147472
Data,4853,-0.0,0.0,2415.6232544413283,0.0,0.0,641.84,0.0,176.6,0,-178.93674555867156,0.0,3413,178.93674555867167
Data,4854,-0.0,0.0,2472.1780919236835,0.0,0.0,637.36,0.0,173.4,0,-102.06190807631602,0.0,3385,102.06190807631648
Data,4855,-0.0,0.0,2386.490741629353,0.0,0.0,573.63,0.0,25.6,0,-356.27925837064697,0.0,3342,356.27925837064686
Data,4856,-0.0,0.0,2799.8753845370657,0.0,0.0,574.75,0.0,22.4,0,135.0253845370656,0.0,3262,-135.02538453706566
Data,4857,-0.0,0.0,2666.9603679200645,0.0,0.0,518.84,0.0,25.6,0,-101.59963207993539,0.0,3313,101.59963207993545
Data,4858,-0.0,0.0,3117.4445614700726,0.0,0.0,502.06,0.0,22.4,0,176.90456147007268,0.0,3465,-176.9045614700726
Data,4859,-0.0,0.0,3323.170344544803,0.0,0.0,467.4,0.0,25.6,0,393.17034454480273,0.0,3423,-393.1703445448029
Data,4860,-0.0,0.0,3029.870297004362,0.0,0.0,470.75,0.0,28.8,0,141.42029700436183,0.0,3388,-141.42029700436188
Data,4861,-0.0,0.0,2904.4289847866607,0.0,0.0,426.03,0.0,25.6,0,150.058984786661,0.0,3206,-150.05898478666072
Data,4862,-0.0,0.0,3068.1953638068944,0.0,0.0,432.74,0.0,25.6,0,149.53536380689457,0.0,3377,-149.53536380689442
Data,4863,-0.0,0.0,3180.3652098358243,0.0,0.0,460.69,0.0,25.6,0,321.6552098358241,0.0,3345,-321.65520983582434
Data,4864,-0.0,0.0,3494.413844194193,0.0,0.0,546.79,0.0,25.6,0,578.8038441941931,0.0,3488,-578.8038441941932
Data,4865,-0.0,0.0,3720.187751786426,0.0,0.0,613.88,0.0,28.8,0,570.867751786426,0.0,3792,-570.8677517864259
Data,4866,-0.0,0.0,3863.6854581539365,0.0,0.0,661.96,0.0,25.6,0,632.2454581539362,0.0,3919,-632.2454581539365
Data,4867,0.0,0.0,4263.964430456007,0.0,0.0,641.84,0.0,25.6,0,1121.4044304560068,0.0,3810,-1121.404430456007
Data,4868,0.0,0.0,4439.331709125203,0.0,0.0,629.54,0.0,25.6,0,1408.4717091252028,0.0,3686,-1408.4717091252028
Data,4869,0.0,0.0,4467.163973131976,0.0,0.0,591.52,0.0,28.8,0,1619.483973131976,0.0,3468,-1619.4839731319755
Data,4870,0.0,0.0,4375.589919707449,0.0,0.0,535.61,0.0,25.6,0,1684.7999197074487,0.0,3252,-1684.7999197074487
Data,4871,0.0,0.0,4192.507904231336,0.0,0.0,538.96,0.0,25.6,0,1637.0679042313366,0.0,3120,-1637.0679042313363
Data,4872,0.0,0.0,4093.200536458894,0.0,0.0,543.44,0.0,28.8,0,1618.440536458894,0.0,3047,-1618.440536458894
Data,4873,0.0,0.0,3708.7787289659173,0.0,0.0,525.55,0.0,524.4,0,1835.728728965917,0.0,2923,-1835.728728965917
Data,4874,0.0,0.0,3152.009039796274,0.0,0.0,505.42,0.0,513.1443,0,1237.5733397962742,0.0,2933,-1237.573339796274
Data,4875,0.0,0.0,2733.374499631439,0.0,0.0,514.36,0.0,527.6,0,728.3344996314388,0.0,3047,-728.334499631439
Data,4876,0.0,0.0,2035.8788610431752,0.0,0.0,581.45,0.0,524.4,0,-110.27113895682433,0.0,3252,110.27113895682476
Data,4877,0.0,0.0,1891.7043049603594,0.0,0.0,591.52,0.0,527.6,0,-347.1756950396406,0.0,3358,347.1756950396406
Data,4878,0.0,0.0,1841.6831226134473,0.0,0.0,581.45,0.0,524.4,0,-356.4668773865524,0.0,3304,356.4668773865527
Data,4879,0.0,0.0,1810.5682371141902,0.0,0.0,489.76,0.0,524.4,0,-460.27176288580984,0.0,3285,460.27176288580984
Data,4880,-0.0,0.0,1316.4695000549484,0.0,0.0,449.51,0.0,173.4,0,-1274.6204999450517,0.0,3214,1274.6204999450515
Data,4881,-0.0,0.0,1318.8899053969935,0.0,0.0,436.09,0.0,176.6,0,-1367.4200946030064,0.0,3299,1367.4200946030064
Data,4882,-0.0,0.0,2284.0606953569395,0.0,0.0,430.5,0.0,173.4,0,-596.0393046430604,0.0,3484,596.0393046430605
Data,4883,-0.0,0.0,2600.5090508839126,0.0,0.0,411.49,0.0,176.6,0,-202.4009491160869,0.0,3391,202.40094911608745
Data,4884,-0.0,0.0,2855.7640619666518,0.0,0.0,420.44,0.0,173.4,0,115.60406196665198,0.0,3334,-115.60406196665176
Data,4885,-0.0,0.0,2548.269327238454,0.0,0.0,372.35,0.0,176.6,0,-221.78067276154633,0.0,3319,221.78067276154596
Data,4886,-0.0,0.0,2575.060948723833,0.0,0.0,376.83,0.0,176.6,0,-473.509051276167,0.0,3602,473.50905127616704
Data,4887,-0.0,0.0,2437.756535978933,0.0,0.0,438.33,0.0,179.8,0,-556.1134640210672,0.0,3612,556.1134640210672
Data,4888,-0.0,0.0,2700.5961918417333,0.0,0.0,545.67,0.0,176.6,0,-250.13380815826648,0.0,3673,250.1338081582667
Data,4889,-0.0,0.0,3043.197107169904,0.0,0.0,669.79,0.0,527.6,0,453.58710716990396,0.0,3787,-453.587107169904
Data,4890,-0.0,0.0,2920.8636646609466,0.0,0.0,732.41,0.0,530.8,0,345.07366466094686,0.0,3839,-345.0736646609465
Data,4891,0.0,0.0,3162.393113257447,0.0,0.0,720.11,0.0,527.6,0,693.1031132574471,0.0,3717,-693.1031132574471
Data,4892,0.0,0.0,3300.7516520283507,0.0,0.0,702.22,0.0,530.8,0,921.7716520283512,0.0,3612,-921.7716520283507
Data,4893,0.0,0.0,3474.5366100741953,0.0,0.0,602.7,0.0,527.6,0,1197.8366100741955,0.0,3407,-1197.8366100741955
Data,4894,0.0,0.0,3461.2545761537385,0.0,0.0,587.05,0.0,527.6,0,1350.904576153738,0.0,3225,-1350.9045761537386
Data,4895,0.0,0.0,3196.4941858999136,0.0,0.0,590.4,0.0,530.8,0,1189.6941858999137,0.0,3128,-1189.6941858999135
Data,4896,0.0,0.0,2987.654036298398,0.0,0.0,601.58,0.0,527.6,0,1057.8340362983975,0.0,3059,-1057.834036298398
Data,4897,0.0,0.0,3414.833618281589,0.0,0.0,546.79,0.0,173.4,0,1216.0236182815895,0.0,2919,-1216.0236182815893
Data,4898,0.0,0.0,3166.1924638577875,0.0,0.0,538.96,0.0,176.6,0,963.7524638577875,0.0,2918,-963.7524638577876
Data,4899,0.0,0.0,2966.087462567643,0.0,0.0,531.14,0.0,173.4,0,648.6274625676429,0.0,3022,-648.6274625676429
Data,4900,0.0,0.0,2770.098978526087,0.0,0.0,568.04,0.0,173.4,0,304.53897852608725,0.0,3207,-304.53897852608713
Data,4901,0.0,0.0,2988.1929122747447,0.0,0.0,582.57,0.0,176.6,0,463.3629122747447,0.0,3284,-463.36291227474476
Data,4902,0.0,0.0,2895.349018805484,0.0,0.0,556.85,0.0,173.4,0,436.59901880548404,0.0,3189,-436.59901880548387
Data,4903,0.0,0.0,2530.2237516330633,0.0,0.0,504.3,0.0,173.4,0,157.92375163306346,0.0,3050,-157.92375163306335
Data,4904,-0.0,0.0,1747.3540720603364,0.0,0.0,457.34,0.0,173.4,0,-675.9059279396635,0.0,3054,675.9059279396636
Data,4905,-0.0,0.0,1283.3664532191563,0.0,0.0,451.75,0.0,176.6,0,-1185.2835467808438,0.0,3097,1185.2835467808438
Data,4906,-0.0,0.0,1491.845599118415,0.0,0.0,442.8,0.0,173.4,0,-1086.9544008815847,0.0,3195,1086.954400881585
Data,4907,-0.0,0.0,1541.3887952666605,0.0,0.0,441.68,0.0,173.4,0,-981.5312047333397,0.0,3138,981.5312047333395
Data,4908,-0.0,0.0,1823.2317408934186,0.0,0.0,441.68,0.0,527.6,0,-275.4882591065816,0.0,3068,275.4882591065813
Data,4909,-0.0,0.0,2780.3614428383894,0.0,0.0,422.67,0.0,527.6,0,771.6314428383895,0.0,2959,-771.6314428383894
Data,4910,-0.0,0.0,2881.5177011564747,0.0,0.0,431.62,0.0,176.6,0,513.7377011564747,0.0,2976,-513.7377011564747
Data,4911,-0.0,0.0,3135.9382559146597,0.0,0.0,471.87,0.0,176.6,0,801.4082559146598,0.0,2983,-801.4082559146598
Data,4912,-0.0,0.0,3191.583194451682,0.0,0.0,527.78,0.0,179.8,0,815.1631944516821,0.0,3084,-815.1631944516821
Data,4913,-0.0,0.0,3049.1297146907423,0.0,0.0,645.19,0.0,176.6,0,547.9197146907422,0.0,3323,-547.9197146907424
Data,4914,-0.0,0.0,3441.6273718047887,0.0,0.0,683.21,0.0,324.2928,0,907.1301718047889,0.0,3542,-907.1301718047887
Data,4915,-0.0,0.0,3410.219699909124,0.0,0.0,677.62,0.0,176.6,0,808.4396999091238,0.0,3456,-808.4396999091239
Data,4916,-0.0,0.0,3404.6538532707327,0.0,0.0,660.85,0.0,527.6,0,1232.1038532707325,0.0,3361,-1232.1038532707328
Data,4917,-0.0,0.0,4080.974743096085,0.0,0.0,607.17,0.0,530.8,0,2007.9447430960854,0.0,3211,-2007.944743096085
Data,4918,-0.0,0.0,4222.096999457672,0.0,0.0,497.59,0.0,176.6,0,1858.2869994576715,0.0,3038,-1858.2869994576718
Data,4919,0.0,0.0,3737.6841620869,0.0,0.0,468.52,0.0,530.8,0,1797.0041620869001,0.0,2940,-1797.0041620869
Data,4920,0.0,0.0,3429.7585745438873,0.0,0.0,459.57,0.0,527.6,0,1521.9285745438872,0.0,2895,-1521.9285745438874
Data,4921,0.0,0.0,3659.301193948396,0.0,0.0,492.0,0.0,524.4,0,1894.7011939483957,0.0,2781,-1894.701193948396
Data,4922,0.0,0.0,3172.9924328619477,0.0,0.0,448.39,0.0,527.6,0,1339.9824328619475,0.0,2809,-1339.9824328619477
Data,4923,0.0,0.0,3153.898882706494,0.0,0.0,447.27,0.0,524.4,0,1183.5688827064942,0.0,2942,-1183.5688827064942
Data,4924,0.0,0.0,3132.6551061312543,0.0,0.0,505.42,0.0,173.4,0,700.4751061312545,0.0,3111,-700.4751061312544
Data,4925,0.0,0.0,2449.3036559258067,0.0,0.0,562.45,0.0,527.6,0,351.35365592580695,0.0,3188,-351.3536559258067
Data,4926,0.0,0.0,2385.273587414239,0.0,0.0,566.92,0.0,524.4,0,357.59358741423904,0.0,3119,-357.593587414239
Data,4927,0.0,0.0,2355.3532202068727,0.0,0.0,532.25,0.0,527.6,0,374.2032202068728,0.0,3041,-374.20322020687274
Data,4928,-0.0,0.0,2080.764242059203,0.0,0.0,460.69,0.0,22.4,0,-436.14575794079707,0.0,3000,436.1457579407972
Data,4929,-0.0,0.0,1777.8123029715937,0.0,0.0,450.63,0.0,22.4,0,-730.1576970284061,0.0,2981,730.1576970284063
Data,4930,-0.0,0.0,1660.4631151531162,0.0,0.0,422.67,0.0,28.8,0,-982.0668848468835,0.0,3094,982.0668848468838
Data,4931,-0.0,0.0,1565.682452220785,0.0,0.0,401.43,0.0,25.6,0,-1087.2875477792152,0.0,3080,1087.287547779215
Data,4932,-0.0,0.0,1570.4857830196772,0.0,0.0,400.31,0.0,25.6,0,-1029.604216980323,0.0,3026,1029.6042169803227
Data,4933,-0.0,0.0,1678.526350100758,0.0,0.0,369.0,0.0,28.8,0,-892.6736498992418,0.0,2969,892.673649899242
Data,4934,-0.0,0.0,2202.581814519667,0.0,0.0,372.35,0.0,25.6,0,-425.4681854803328,0.0,3026,425.46818548033275
Data,4935,-0.0,0.0,2271.7503836655296,0.0,0.0,385.77,0.0,25.6,0,-320.8796163344708,0.0,3004,320.87961633447037
Data,4936,-0.0,0.0,2044.8091689296034,0.0,0.0,442.8,0.0,28.8,0,-537.5908310703962,0.0,3054,537.5908310703966
Data,4937,-0.0,0.0,2560.5464947498285,0.0,0.0,579.22,0.0,176.6,0,4.366494749828092,0.0,3312,-4.366494749828547
Data,4938,-0.0,0.0,2996.8151732523393,0.0,0.0,623.95,0.0,527.6,0,613.3651732523397,0.0,3535,-613.3651732523393
Data,4939,0.0,0.0,3180.132809248733,0.0,0.0,607.17,0.0,530.8,0,812.1028092487334,0.0,3506,-812.1028092487328
Data,4940,0.0,0.0,3049.526523051227,0.0,0.0,601.58,0.0,527.6,0,720.7065230512267,0.0,3458,-720.7065230512269
Data,4941,0.0,0.0,2665.146393971844,0.0,0.0,532.25,0.0,527.6,0,396.9963939718442,0.0,3328,-396.9963939718442
Data,4942,0.0,0.0,2974.8517877600807,0.0,0.0,457.34,0.0,334.723,0,593.9147877600806,0.0,3173,-593.9147877600807
Data,4943,0.0,0.0,3135.646574986934,0.0,0.0,426.03,0.0,527.6,0,1094.276574986934,0.0,2995,-1094.276574986934
Data,4944,0.0,0.0,2713.122162445516,0.0,0.0,432.74,0.0,527.6,0,723.4621624455159,0.0,2950,-723.4621624455161
Data,4945,0.0,0.0,3275.0184598987516,0.0,0.0,415.96,0.0,524.4,0,1416.3784598987515,0.0,2799,-1416.3784598987515
Data,4946,0.0,0.0,2979.4123931676604,0.0,0.0,423.79,0.0,527.6,0,1087.8023931676605,0.0,2843,-1087.8023931676605
Data,4947,0.0,0.0,2493.5165117618167,0.0,0.0,438.33,0.0,524.4,0,480.2465117618167,0.0,2976,-480.24651176181663
Data,4948,0.0,0.0,2588.381101349438,0.0,0.0,537.85,0.0,524.4,0,480.6311013494375,0.0,3170,-480.6311013494378
Data,4949,0.0,0.0,2445.497549321633,0.0,0.0,571.39,0.0,524.4,0,234.28754932163278,0.0,3307,-234.28754932163292
Data,4950,0.0,0.0,2847.248364717855,0.0,0.0,553.5,0.0,176.6,0,247.3483647178552,0.0,3330,-247.3483647178551
Data,4951,0.0,0.0,2751.3119481746303,0.0,0.0,514.36,0.0,524.4,0,400.0719481746304,0.0,3390,-400.0719481746303
Data,4952,-0.0,0.0,2355.6120906273086,0.0,0.0,440.56,0.0,524.4,0,-97.42790937269166,0.0,3418,97.42790937269143
Data,4953,-0.0,0.0,1927.246221220396,0.0,0.0,393.6,0.0,527.6,0,-749.5537787796043,0.0,3598,749.553778779604
Data,4954,-0.0,0.0,2057.364266419022,0.0,0.0,364.53,0.0,179.8,0,-1155.305733580978,0.0,3757,1155.305733580978
Data,4955,-0.0,0.0,2175.901285847158,0.0,0.0,358.94,0.0,176.6,0,-1138.558714152842,0.0,3850,1138.5587141528422
Data,4956,-0.0,0.0,1767.8204381796734,0.0,0.0,355.58,0.0,176.6,0,-1591.9995618203268,0.0,3892,1591.9995618203266
Data,4957,-0.0,0.0,2090.1850127587086,0.0,0.0,332.1,0.0,530.8,0,-714.9149872412914,0.0,3668,714.9149872412914
Data,4958,-0.0,0.0,1892.079714359213,0.0,0.0,348.87,0.0,176.6,0,-1407.4502856407871,0.0,3825,1407.450285640787
Data,4959,-0.0,0.0,1732.1987454274704,0.0,0.0,404.78,0.0,527.6,0,-1165.4212545725295,0.0,3830,1165.4212545725295
Data,4960,-0.0,0.0,1849.7572019916506,0.0,0.0,464.05,0.0,527.6,0,-1020.5927980083493,0.0,3862,1020.5927980083493
Data,4961,-0.0,0.0,1855.326808519557,0.0,0.0,625.06,0.0,527.6,0,-1104.013191480443,0.0,4112,1104.0131914804429
Data,4962,-0.0,0.0,1882.8560436099306,0.0,0.0,696.63,0.0,530.8,0,-1109.7139563900691,0.0,4220,1109.7139563900696
Data,4963,0.0,0.0,1976.4669707701678,0.0,0.0,704.45,0.0,527.6,0,-867.483029229832,0.0,4076,867.4830292298321
Data,4964,0.0,0.0,1891.8472765615143,0.0,0.0,653.02,0.0,527.6,0,-805.5327234384858,0.0,3878,805.5327234384857
Data,4965,0.0,0.0,1726.616793930399,0.0,0.0,535.61,0.0,527.6,0,-873.1732060696011,0.0,3663,873.1732060696011
Data,4966,0.0,0.0,1675.8148395125354,0.0,0.0,506.54,0.0,527.6,0,-746.0451604874647,0.0,3456,746.0451604874645
Data,4967,0.0,0.0,1724.5421537410405,0.0,0.0,446.15,0.0,527.6,0,-553.7078462589595,0.0,3252,553.7078462589595
Data,4968,0.0,0.0,1675.7998133702336,0.0,0.0,439.45,0.0,530.8,0,-533.9501866297664,0.0,3180,533.9501866297664
Data,4969,0.0,0.0,1562.715663934568,0.0,0.0,396.95,0.0,521.2,0,-581.1343360654324,0.0,3062,581.1343360654319
Data,4970,0.0,0.0,1677.971904200363,0.0,0.0,422.67,0.0,527.6,0,-484.7580957996369,0.0,3113,484.7580957996369
Data,4971,0.0,0.0,1727.2745955470127,0.0,0.0,428.26,0.0,524.4,0,-591.0654044529874,0.0,3271,591.0654044529873
Data,4972,0.0,0.0,1840.6510505061167,0.0,0.0,527.78,0.0,524.4,0,-580.168949493883,0.0,3473,580.1689494938834
Data,4973,0.0,0.0,1943.1565937053665,0.0,0.0,569.15,0.0,524.4,0,-524.2934062946334,0.0,3561,524.2934062946335
Data,4974,0.0,0.0,1784.6670539557874,0.0,0.0,541.2,0.0,524.4,0,-712.7329460442122,0.0,3563,712.7329460442126
Data,4975,0.0,0.0,1708.9582072826565,0.0,0.0,519.95,0.0,524.4,0,-848.691792717343,0.0,3602,848.6917927173434
Data,4976,-0.0,0.0,1429.5898181818543,0.0,0.0,466.28,0.0,527.6,0,-1005.5301818181457,0.0,3429,1005.5301818181457
Data,4977,-0.0,0.0,1318.2785358241047,0.0,0.0,370.12,0.0,527.6,0,-1327.0014641758955,0.0,3543,1327.0014641758953
Data,4978,-0.0,0.0,1351.4532804958546,0.0,0.0,364.53,0.0,527.6,0,-1361.4167195041452,0.0,3605,1361.4167195041455
Data,4979,-0.0,0.0,1030.592886163948,0.0,0.0,377.95,0.0,527.6,0,-1574.8571138360523,0.0,3511,1574.8571138360521
Data,4980,-0.0,0.0,1093.6993090798203,0.0,0.0,375.71,0.0,527.6,0,-1461.9906909201798,0.0,3459,1461.9906909201798
Data,4981,-0.0,0.0,1241.4093216341741,0.0,0.0,326.51,0.0,176.6,0,-1433.4806783658262,0.0,3178,1433.480678365826
Data,4982,-0.0,0.0,1654.9107687547998,0.0,0.0,374.59,0.0,527.6,0,-766.8992312452003,0.0,3324,766.8992312452001
Data,4983,-0.0,0.0,1844.3368289113776,0.0,0.0,413.73,0.0,530.8,0,-593.1331710886224,0.0,3382,593.1331710886225
Data,4984,-0.0,0.0,1823.7321698083986,0.0,0.0,489.76,0.0,527.6,0,-719.9078301916016,0.0,3561,719.9078301916014
Data,4985,-0.0,0.0,1840.5326523654956,0.0,0.0,653.02,0.0,527.6,0,-858.8473476345046,0.0,3880,858.8473476345044
Data,4986,-0.0,0.0,1956.2897457435774,0.0,0.0,702.22,0.0,527.6,0,-837.890254256423,0.0,4024,837.8902542564225
Data,4987,0.0,0.0,2187.961875428894,0.0,0.0,713.4,0.0,527.6,0,-501.0381245711062,0.0,3930,501.038124571106
Data,4988,0.0,0.0,2530.4284502615988,0.0,0.0,689.92,0.0,527.6,0,-93.05154973840109,0.0,3841,93.05154973840126
Data,4989,0.0,0.0,2627.0498858661913,0.0,0.0,591.52,0.0,527.6,0,94.16988586619101,0.0,3652,-94.1698858661913
Data,4990,0.0,0.0,2729.683946474339,0.0,0.0,515.48,0.0,527.6,0,330.7639464743387,0.0,3442,-330.7639464743389
Data,4991,0.0,0.0,2825.8253499995717,0.0,0.0,432.74,0.0,527.6,0,516.1653499995718,0.0,3270,-516.1653499995717
Data,4992,0.0,0.0,2903.33790634159,0.0,0.0,434.97,0.0,527.6,0,663.9079063415898,0.0,3202,-663.9079063415901
Data,4993,0.0,0.0,3002.458695275882,0.0,0.0,432.74,0.0,524.4,0,920.5986952758823,0.0,3039,-920.5986952758818
Data,4994,0.0,0.0,2950.3477152505275,0.0,0.0,461.81,0.0,524.4,0,882.5577152505276,0.0,3054,-882.5577152505275
Data,4995,0.0,0.0,2999.4274023381213,0.0,0.0,485.29,0.0,521.2,0,788.9174023381213,0.0,3217,-788.9174023381213
Data,4996,0.0,0.0,2848.102387461439,0.0,0.0,575.86,0.0,524.4,0,529.362387461439,0.0,3419,-529.3623874614389
Data,4997,0.0,0.0,2856.4842601439386,0.0,0.0,612.76,0.0,524.4,0,451.64426014393837,0.0,3542,-451.6442601439386
Data,4998,0.0,0.0,2864.4255512722125,0.0,0.0,583.69,0.0,524.4,0,420.51555127221275,0.0,3552,-420.5155512722125
Data,4999,0.0,0.0,2737.3378989184757,0.0,0.0,500.95,0.0,524.4,0,204.68789891847564,0.0,3558,-204.6878989184757
Data,5000,-0.0,0.0,2569.2974326009225,0.0,0.0,426.03,0.0,173.4,0,-212.27256739907693,0.0,3381,212.27256739907747
Data,5001,-0.0,0.0,2247.11999610725,0.0,0.0,391.36,0.0,524.4,0,-297.12000389275005,0.0,3460,297.1200038927502
Data,5002,-0.0,0.0,1638.3501280794733,0.0,0.0,347.75,0.0,176.6,0,-1392.2998719205268,0.0,3555,1392.2998719205268
Data,5003,-0.0,0.0,1629.8450945271263,0.0,0.0,311.97,0.0,179.8,0,-1336.3849054728732,0.0,3458,1336.3849054728737
Data,5004,-0.0,0.0,1417.8315606903873,0.0,0.0,307.5,0.0,334.8946,0,-1326.7738393096126,0.0,3387,1326.7738393096126
Data,5005,-0.0,0.0,1446.3049734358888,0.0,0.0,296.32,0.0,179.8,0,-1246.5750265641109,0.0,3169,1246.5750265641113
Data,5006,-0.0,0.0,1577.6311261237295,0.0,0.0,319.8,0.0,176.6,0,-1210.9688738762704,0.0,3285,1210.9688738762704
Data,5007,-0.0,0.0,1765.472835131234,0.0,0.0,357.82,0.0,179.8,0,-1043.9071648687657,0.0,3347,1043.907164868766
Data,5008,-0.0,0.0,1814.662785260179,0.0,0.0,487.53,0.0,527.6,0,-698.2072147398211,0.0,3528,698.2072147398211
Data,5009,-0.0,0.0,2010.4164865961193,0.0,0.0,626.18,0.0,527.6,0,-705.803513403881,0.0,3870,705.8035134038807
Data,5010,-0.0,0.0,2447.973845605107,0.0,0.0,675.38,0.0,530.8,0,-352.84615439489295,0.0,4007,352.84615439489323
Data,5011,-0.0,0.0,2620.070964304617,0.0,0.0,694.39,0.0,527.6,0,-87.93903569538332,0.0,3930,87.93903569538293
Data,5012,-0.0,0.0,2764.4642812879893,0.0,0.0,694.39,0.0,530.8,0,165.6542812879892,0.0,3824,-165.6542812879892
Data,5013,0.0,0.0,2900.508596454606,0.0,0.0,546.79,0.0,527.6,0,357.8985964546058,0.0,3617,-357.89859645460604
Data,5014,0.0,0.0,3249.3170975076423,0.0,0.0,455.1,0.0,530.8,0,832.2170975076425,0.0,3403,-832.2170975076423
Data,5015,0.0,0.0,3210.1088103856127,0.0,0.0,450.63,0.0,527.6,0,996.3388103856126,0.0,3192,-996.3388103856128
Data,5016,0.0,0.0,3226.198473746299,0.0,0.0,452.86,0.0,530.8,0,1083.8584737462993,0.0,3126,-1083.8584737462988
Data,5017,0.0,0.0,3335.4628435749937,0.0,0.0,417.08,0.0,524.4,0,1261.9428435749937,0.0,3015,-1261.9428435749937
Data,5018,0.0,0.0,3268.7544544435714,0.0,0.0,404.78,0.0,524.4,0,1117.934454443572,0.0,3080,-1117.9344544435712
Data,5019,0.0,0.0,3326.5167410575787,0.0,0.0,430.5,0.0,527.6,0,1045.6167410575783,0.0,3239,-1045.6167410575786
Data,5020,0.0,0.0,3248.0020115561174,0.0,0.0,504.3,0.0,524.4,0,853.7020115561179,0.0,3423,-853.7020115561174
Data,5021,0.0,0.0,3222.5670287492903,0.0,0.0,542.32,0.0,524.4,0,739.2870287492904,0.0,3550,-739.2870287492904
Data,5022,0.0,0.0,3226.653243081087,0.0,0.0,531.14,0.0,527.6,0,710.3932430810868,0.0,3575,-710.3932430810871
Data,5023,0.0,0.0,2537.550340946024,0.0,0.0,490.88,0.0,524.4,0,-2.1696590539758063,0.0,3555,2.1696590539761473
Data,5024,-0.0,0.0,2132.5085680979937,0.0,0.0,434.97,0.0,173.4,0,-658.1214319020065,0.0,3399,658.1214319020063
Data,5025,-0.0,0.0,1978.427262395174,0.0,0.0,356.7,0.0,176.6,0,-973.2727376048263,0.0,3485,973.272737604826
Data,5026,-0.0,0.0,1930.582918605863,0.0,0.0,328.75,0.0,527.6,0,-794.0670813941372,0.0,3581,794.0670813941371
Data,5027,-0.0,0.0,1858.2340525728125,0.0,0.0,322.04,0.0,527.6,0,-781.1259474271876,0.0,3489,781.1259474271874
Data,5028,-0.0,0.0,1724.042936448995,0.0,0.0,327.63,0.0,530.8,0,-948.5270635510046,0.0,3531,948.527063551005
Data,5029,-0.0,0.0,1771.7355061274138,0.0,0.0,322.04,0.0,527.6,0,-768.6244938725861,0.0,3390,768.6244938725861
Data,5030,-0.0,0.0,1521.2185181219647,0.0,0.0,332.1,0.0,176.6,0,-1538.0814818780354,0.0,3568,1538.0814818780352
Data,5031,-0.0,0.0,1583.4000136956054,0.0,0.0,384.65,0.0,527.6,0,-1167.3499863043946,0.0,3663,1167.3499863043946
Data,5032,-0.0,0.0,2001.5260882542639,0.0,0.0,471.87,0.0,530.8,0,-777.8039117457363,0.0,3782,777.8039117457362
Data,5033,-0.0,0.0,2308.120594989981,0.0,0.0,607.17,0.0,527.6,0,-633.1094050100193,0.0,4076,633.1094050100191
Data,5034,-0.0,0.0,2417.679833332928,0.0,0.0,644.07,0.0,527.6,0,-563.6501666670721,0.0,4153,563.650166667072
Data,5035,0.0,0.0,2631.5349971566384,0.0,0.0,655.25,0.0,527.6,0,-218.61500284336182,0.0,4033,218.6150028433616
Data,5036,0.0,0.0,2637.1706597370385,0.0,0.0,631.77,0.0,530.8,0,-18.25934026296136,0.0,3818,18.259340262961587
Data,5037,0.0,0.0,2727.5933996919384,0.0,0.0,538.96,0.0,527.6,0,171.15339969193826,0.0,3623,-171.1533996919385
Data,5038,0.0,0.0,2788.3497555977387,0.0,0.0,440.56,0.0,527.6,0,354.5097555977385,0.0,3402,-354.5097555977388
Data,5039,0.0,0.0,2958.081880311838,0.0,0.0,422.67,0.0,530.8,0,662.5518803118383,0.0,3249,-662.5518803118382
Data,5040,0.0,0.0,2919.1836956684388,0.0,0.0,426.03,0.0,527.6,0,695.8136956684388,0.0,3177,-695.8136956684388
Data,5041,0.0,0.0,3086.2728948487384,0.0,0.0,430.5,0.0,524.4,0,1002.1728948487383,0.0,3039,-1002.1728948487383
Data,5042,0.0,0.0,3661.016259590738,0.0,0.0,429.38,0.0,527.6,0,1567.9962595907382,0.0,3050,-1567.9962595907382
Data,5043,0.0,0.0,3633.1239530133385,0.0,0.0,443.92,0.0,524.4,0,1414.4439530133386,0.0,3187,-1414.4439530133384
Data,5044,0.0,0.0,3484.9432176878386,0.0,0.0,493.12,0.0,524.4,0,1125.4632176878386,0.0,3377,-1125.4632176878386
Data,5045,0.0,0.0,3466.137398213238,0.0,0.0,531.14,0.0,524.4,0,1039.6773982132381,0.0,3482,-1039.6773982132381
Data,5046,0.0,0.0,3344.0626229954696,0.0,0.0,496.47,0.0,527.6,0,891.1326229954695,0.0,3477,-891.1326229954697
Data,5047,0.0,0.0,3305.440935851719,0.0,0.0,506.54,0.0,524.4,0,839.3809358517192,0.0,3497,-839.3809358517192
Data,5048,-0.0,0.0,2802.9020364593302,0.0,0.0,488.65,0.0,524.4,0,315.95203645933066,0.0,3500,-315.9520364593302
Data,5049,-0.0,0.0,2421.19567318031,0.0,0.0,401.43,0.0,173.4,0,-612.9743268196897,0.0,3609,612.9743268196897
Data,5050,-0.0,0.0,2098.7070980862113,0.0,0.0,369.0,0.0,176.6,0,-1015.6929019137887,0.0,3660,1015.6929019137887
Data,5051,-0.0,0.0,1749.390710909754,0.0,0.0,364.53,0.0,176.6,0,-1342.4792890902459,0.0,3633,1342.479289090246
Data,5052,-0.0,0.0,1939.0715340852744,0.0,0.0,341.05,0.0,527.6,0,-730.2784659147256,0.0,3538,730.2784659147255
Data,5053,-0.0,0.0,2259.5990689586124,0.0,0.0,329.86,0.0,527.6,0,-196.94093104138747,0.0,3314,196.94093104138756
Data,5054,-0.0,0.0,2056.6731462999855,0.0,0.0,335.45,0.0,527.6,0,-618.2768537000144,0.0,3538,618.2768537000145
Data,5055,-0.0,0.0,2007.3269221827536,0.0,0.0,408.14,0.0,527.6,0,-652.9330778172466,0.0,3596,652.9330778172464
Data,5056,-0.0,0.0,1917.8590886002276,0.0,0.0,505.42,0.0,527.6,0,-765.1209113997725,0.0,3716,765.1209113997725
Data,5057,-0.0,0.0,1906.0269970347902,0.0,0.0,635.13,0.0,527.6,0,-867.2430029652098,0.0,3936,867.2430029652098
Data,5058,-0.0,0.0,2831.7275130423154,0.0,0.0,660.85,0.0,527.6,0,47.1775130423152,0.0,3973,-47.17751304231547
Data,5059,0.0,0.0,2900.7191579146597,0.0,0.0,680.97,0.0,527.6,0,276.2891579146596,0.0,3833,-276.28915791465977
Data,5060,-0.0,0.0,2694.1850366480285,0.0,0.0,640.72,0.0,530.8,0,157.7050366480289,0.0,3708,-157.70503664802845
Data,5061,0.0,0.0,2781.1636019363145,0.0,0.0,528.9,0.0,527.6,0,362.6636019363146,0.0,3475,-362.66360193631454
Data,5062,0.0,0.0,2990.5649988155847,0.0,0.0,458.45,0.0,527.6,0,669.6149988155844,0.0,3307,-669.6149988155846
Data,5063,0.0,0.0,2787.720328220331,0.0,0.0,439.45,0.0,527.6,0,642.7703282203305,0.0,3112,-642.7703282203308
Data,5064,0.0,0.0,2867.7066301040036,0.0,0.0,450.63,0.0,527.6,0,772.9366301040035,0.0,3073,-772.9366301040036
Data,5065,0.0,0.0,2893.8825020556674,0.0,0.0,431.62,0.0,527.6,0,943.1025020556672,0.0,2910,-943.1025020556674
Data,5066,0.0,0.0,2437.5867052916824,0.0,0.0,439.45,0.0,524.4,0,487.43670529168264,0.0,2914,-487.43670529168236
Data,5067,0.0,0.0,2612.142492906824,0.0,0.0,490.88,0.0,524.4,0,576.4224929068241,0.0,3051,-576.4224929068239
Data,5068,0.0,0.0,2467.14867887069,0.0,0.0,550.15,0.0,527.6,0,318.8986788706904,0.0,3226,-318.8986788706902
Data,5069,0.0,0.0,1946.3378341946777,0.0,0.0,575.86,0.0,524.4,0,-269.4021658053221,0.0,3316,269.4021658053223
Data,5070,0.0,0.0,1879.372058262973,0.0,0.0,566.92,0.0,524.4,0,-309.3079417370269,0.0,3280,309.307941737027
Data,5071,0.0,0.0,1895.3906667536642,0.0,0.0,470.75,0.0,527.6,0,-314.2593332463359,0.0,3208,314.2593332463358
Data,5072,-0.0,0.0,1731.7920941992916,0.0,0.0,440.56,0.0,22.4,0,-967.2479058007085,0.0,3162,967.2479058007084
Data,5073,-0.0,0.0,1706.6770195793297,0.0,0.0,423.79,0.0,22.4,0,-1155.1329804206703,0.0,3308,1155.1329804206703
Data,5074,-0.0,0.0,1726.056535266359,0.0,0.0,402.55,0.0,25.6,0,-1252.7934647336408,0.0,3407,1252.7934647336408
Data,5075,-0.0,0.0,1525.4857657657458,0.0,0.0,389.13,0.0,25.6,0,-1428.7842342342542,0.0,3369,1428.7842342342542
Data,5076,-0.0,0.0,1641.475538862532,0.0,0.0,375.71,0.0,25.6,0,-1205.214461137468,0.0,3248,1205.214461137468
Data,5077,-0.0,0.0,1724.6172209944625,0.0,0.0,342.16,0.0,25.6,0,-970.6227790055377,0.0,3063,970.6227790055375
Data,5078,-0.0,0.0,1894.3816495197311,0.0,0.0,342.16,0.0,25.6,0,-920.858350480269,0.0,3183,920.8583504802689
Data,5079,-0.0,0.0,2062.8662259034827,0.0,0.0,395.84,0.0,25.6,0,-699.693774096517,0.0,3184,699.6937740965174
Data,5080,-0.0,0.0,1909.3989785304188,0.0,0.0,486.41,0.0,25.6,0,-838.5910214695814,0.0,3260,838.5910214695812
Data,5081,-0.0,0.0,2353.3230099904604,0.0,0.0,575.86,0.0,176.6,0,-411.21699000953987,0.0,3517,411.2169900095396
Data,5082,-0.0,0.0,2614.8073705462666,0.0,0.0,609.41,0.0,530.8,0,88.01737054626656,0.0,3667,-88.01737054626653
Data,5083,0.0,0.0,2786.8231667343634,0.0,0.0,610.53,0.0,527.6,0,315.9531667343636,0.0,3609,-315.95316673436344
Data,5084,0.0,0.0,3356.4047290097337,0.0,0.0,564.68,0.0,527.6,0,920.6847290097335,0.0,3528,-920.6847290097337
Data,5085,0.0,0.0,3280.8985013770007,0.0,0.0,518.84,0.0,527.6,0,975.3385013770005,0.0,3352,-975.3385013770007
Data,5086,0.0,0.0,3103.9450202384287,0.0,0.0,438.33,0.0,527.6,0,869.8750202384288,0.0,3200,-869.8750202384288
Data,5087,0.0,0.0,3122.027998666298,0.0,0.0,407.02,0.0,530.8,0,984.847998666298,0.0,3075,-984.847998666298
Data,5088,0.0,0.0,3068.9143572655976,0.0,0.0,393.6,0.0,527.6,0,973.1143572655972,0.0,3017,-973.1143572655976
Data,5089,0.0,0.0,3205.7280331918973,0.0,0.0,392.48,0.0,173.4,0,854.6080331918977,0.0,2917,-854.6080331918973
Data,5090,0.0,0.0,3036.291124808805,0.0,0.0,398.07,0.0,524.4,0,1021.7611248088051,0.0,2937,-1021.7611248088049
Data,5091,0.0,0.0,2847.455782252849,0.0,0.0,396.95,0.0,173.4,0,359.805782252849,0.0,3058,-359.8057822528491
Data,5092,0.0,0.0,2659.2008255576357,0.0,0.0,433.85,0.0,527.6,0,394.65082555763536,0.0,3226,-394.6508255576357
Data,5093,0.0,0.0,2556.6019317988485,0.0,0.0,468.52,0.0,524.4,0,237.5219317988485,0.0,3312,-237.5219317988484
Data,5094,0.0,0.0,2226.5172546535787,0.0,0.0,475.23,0.0,524.4,0,-22.852745346421273,0.0,3249,22.85274534642133
Data,5095,0.0,0.0,1701.50468249989,0.0,0.0,429.38,0.0,523.2673,0,-420.84801750010996,0.0,3075,420.84801750011013
Data,5096,-0.0,0.0,1389.189261686107,0.0,0.0,382.42,0.0,22.4,0,-1106.9907383138927,0.0,2901,1106.990738313893
Data,5097,-0.0,0.0,1400.6865268157321,0.0,0.0,367.88,0.0,25.6,0,-1174.8334731842679,0.0,2969,1174.8334731842679
Data,5098,-0.0,0.0,1745.5232898862337,0.0,0.0,323.15,0.0,22.4,0,-908.926710113766,0.0,3000,908.9267101137664
Data,5099,-0.0,0.0,1682.9117441978865,0.0,0.0,294.08,0.0,25.6,0,-947.4082558021136,0.0,2950,947.4082558021136
Data,5100,-0.0,0.0,1869.3979905291242,0.0,0.0,296.32,0.0,25.6,0,-755.6820094708758,0.0,2947,755.6820094708759
Data,5101,-0.0,0.0,2060.6869155332956,0.0,0.0,252.71,0.0,25.6,0,-644.0030844667041,0.0,2983,644.0030844667043
Data,5102,-0.0,0.0,2110.445151487434,0.0,0.0,251.59,0.0,25.6,0,-466.3648485125662,0.0,2854,466.36484851256597
Data,5103,-0.0,0.0,2662.41340172068,0.0,0.0,285.14,0.0,25.6,0,165.15340172067985,0.0,2808,-165.1534017206802
Data,5104,-0.0,0.0,2882.0407982669017,0.0,0.0,344.4,0.0,25.6,0,299.04079826690145,0.0,2953,-299.0407982669017
Data,5105,-0.0,0.0,2377.359544006841,0.0,0.0,462.93,0.0,527.6,0,63.88954400684091,0.0,3304,-63.88954400684116
Data,5106,-0.0,0.0,2269.11329275559,0.0,0.0,524.43,0.0,527.6,0,-230.85670724441042,0.0,3552,230.85670724441002
Data,5107,0.0,0.0,2504.4626646589404,0.0,0.0,524.43,0.0,530.8,0,41.6926646589406,0.0,3518,-41.692664658940316
Data,5108,0.0,0.0,2321.0429582604315,0.0,0.0,479.7,0.0,527.6,0,-127.65704173956857,0.0,3456,127.65704173956846
Data,5109,0.0,0.0,2289.666385411829,0.0,0.0,403.66,0.0,527.6,0,-80.07361458817093,0.0,3301,80.07361458817076
Data,5110,0.0,0.0,1977.0423767561495,0.0,0.0,380.18,0.0,527.6,0,-246.17762324385083,0.0,3131,246.17762324385052
Data,5111,0.0,0.0,2023.0200917665297,0.0,0.0,354.46,0.0,527.6,0,-50.91990823347032,0.0,2956,50.91990823347027
Data,5112,0.0,0.0,1950.291451641208,0.0,0.0,333.22,0.0,530.8,0,-71.68854835879188,0.0,2886,71.6885483587921
Data,5113,0.0,0.0,2066.473403865584,0.0,0.0,304.15,0.0,524.4,0,71.02340386558379,0.0,2824,-71.02340386558376
Data,5114,0.0,0.0,1866.144292954213,0.0,0.0,309.74,0.0,524.4,0,-140.71570704578693,0.0,2841,140.7157070457871
Data,5115,0.0,0.0,1857.810214651121,0.0,0.0,305.26,0.0,524.4,0,-330.52978534887916,0.0,3018,330.52978534887905
Data,5116,0.0,0.0,1940.1766680066307,0.0,0.0,349.99,0.0,527.6,0,-392.2333319933691,0.0,3210,392.23333199336923
Data,5117,0.0,0.0,1821.102751088576,0.0,0.0,398.07,0.0,524.4,0,-587.4272489114238,0.0,3331,587.4272489114239
Data,5118,0.0,0.0,1774.3817994621008,0.0,0.0,392.48,0.0,524.4,0,-691.738200537899,0.0,3383,691.7382005378992
Data,5119,0.0,0.0,1418.2083627885836,0.0,0.0,362.29,0.0,524.4,0,-1089.1016372114163,0.0,3394,1089.1016372114163
Data,5120,-0.0,0.0,959.3520715384077,0.0,0.0,287.37,0.0,524.4,0,-1467.8779284615923,0.0,3239,1467.8779284615923
Data,5121,-0.0,0.0,859.2128601302135,-0.0,0.0,254.95,0.0,173.4,0,-2108.4371398697867,0.0,3396,2108.4371398697867
Data,5122,-0.0,0.0,861.3779114904407,0.0,0.0,237.05,0.0,527.6,0,-1891.9720885095592,0.0,3518,1891.9720885095592
Data,5123,-0.0,0.0,870.6214573002645,0.0,0.0,223.64,0.0,176.6,0,-2196.1385426997354,0.0,3467,2196.1385426997354
Data,5124,-0.0,0.0,859.3717714017596,0.0,0.0,238.17,0.0,176.6,0,-2116.85822859824,0.0,3391,2116.85822859824
Data,5125,-0.0,0.0,1102.804399597064,0.0,0.0,229.23,0.0,176.6,0,-1643.365600402936,0.0,3152,1643.365600402936
Data,5126,-0.0,0.0,1078.9419553949683,0.0,0.0,256.06,0.0,527.6,0,-1390.3980446050318,0.0,3253,1390.3980446050316
Data,5127,-0.0,0.0,1157.6840068201968,0.0,0.0,294.08,0.0,203.6607,0,-1605.5752931798033,0.0,3261,1605.575293179803
Data,5128,-0.0,0.0,1443.3131903359047,0.0,0.0,403.66,0.0,527.6,0,-1074.4268096640956,0.0,3449,1074.4268096640953
Data,5129,-0.0,0.0,1374.115661860046,-0.0,0.0,485.29,0.0,527.6,0,-1444.9943381399542,0.0,3832,1444.994338139954
Data,5130,-0.0,0.0,2111.386362602027,0.0,0.0,487.53,0.0,527.6,0,-806.4836373979729,0.0,3933,806.483637397973
Data,5131,0.0,0.0,2460.4073456716496,0.0,0.0,448.39,0.0,527.6,0,-390.60265432835064,0.0,3827,390.60265432835035
Data,5132,0.0,0.0,2682.6606174655462,0.0,0.0,433.85,0.0,527.6,0,-27.889382534454086,0.0,3672,27.889382534453716
Data,5133,0.0,0.0,2912.602961656025,0.0,0.0,369.0,0.0,527.6,0,321.20296165602485,0.0,3488,-321.20296165602497
Data,5134,0.0,0.0,2976.2986739260514,0.0,0.0,342.16,0.0,527.6,0,537.0586739260511,0.0,3309,-537.0586739260514
Data,5135,0.0,0.0,2893.9955994806337,0.0,0.0,296.32,0.0,530.8,0,554.1155994806342,0.0,3167,-554.1155994806336
Data,5136,0.0,0.0,2991.8688728660677,0.0,0.0,301.91,0.0,527.6,0,719.3788728660674,0.0,3102,-719.3788728660677
Data,5137,0.0,0.0,2729.1772735016384,0.0,0.0,295.2,0.0,524.4,0,566.7772735016382,0.0,2982,-566.7772735016383
Data,5138,0.0,0.0,2548.724729880871,0.0,0.0,300.79,0.0,524.4,0,355.9147298808711,0.0,3018,-355.9147298808711
Data,5139,0.0,0.0,2596.698581188054,0.0,0.0,294.08,0.0,524.4,0,230.1785811880541,0.0,3185,-230.178581188054
Data,5140,0.0,0.0,2618.7148451137373,0.0,0.0,352.23,0.0,527.6,0,160.54484511373704,0.0,3338,-160.54484511373732
Data,5141,0.0,0.0,2558.2383015422606,0.0,0.0,394.72,0.0,527.6,0,36.55830154226039,0.0,3444,-36.558301542260665
Data,5142,0.0,0.0,2572.0479199213723,0.0,0.0,408.14,0.0,527.6,0,53.787919921372,0.0,3454,-53.78791992137235
Data,5143,0.0,0.0,2199.3786762604523,0.0,0.0,400.31,0.0,527.6,0,-308.71132373954765,0.0,3436,308.7113237395477
Data,5144,-0.0,0.0,1793.116375056077,0.0,0.0,325.39,0.0,527.6,0,-801.8936249439232,0.0,3448,801.893624943923
Data,5145,-0.0,0.0,1663.8511616490312,0.0,0.0,300.79,0.0,527.6,0,-1081.758838350969,0.0,3574,1081.7588383509687
Data,5146,-0.0,0.0,1306.6241707584588,0.0,0.0,287.37,0.0,527.6,0,-1640.4058292415414,0.0,3762,1640.4058292415411
Data,5147,-0.0,0.0,1504.0510640885764,0.0,0.0,275.07,0.0,527.6,0,-1384.2789359114236,0.0,3691,1384.2789359114236
Data,5148,-0.0,0.0,1648.1529555606526,0.0,0.0,270.6,0.0,527.6,0,-1326.6470444393476,0.0,3773,1326.6470444393474
Data,5149,-0.0,0.0,1328.0939834866128,0.0,0.0,211.34,0.0,527.6,0,-1492.966016513387,0.0,3560,1492.966016513387
Data,5150,-0.0,0.0,1404.813138732691,0.0,0.0,209.1,0.0,530.8,0,-1500.286861267309,0.0,3645,1500.2868612673092
Data,5151,-0.0,0.0,1462.4306477119485,0.0,0.0,235.94,0.0,534.0,0,-1450.6293522880515,0.0,3683,1450.6293522880515
Data,5152,-0.0,0.0,1232.5349125983478,0.0,0.0,282.9,0.0,540.4,0,-1680.165087401652,0.0,3736,1680.1650874016523
Data,5153,-0.0,0.0,2004.6476856615272,0.0,0.0,395.84,0.0,540.4,0,-1059.1123143384725,0.0,4000,1059.1123143384727
Data,5154,0.0,0.0,2313.1604216278747,0.0,0.0,399.19,0.0,540.4,0,-759.2495783721254,0.0,4012,759.2495783721254
Data,5155,0.0,0.0,2529.3394000162266,0.0,0.0,413.73,0.0,502.0,0,-451.9305999837734,0.0,3897,451.9305999837734
Data,5156,0.0,0.0,2931.3935865038393,0.0,0.0,349.99,0.0,502.0,0,38.383586503838956,0.0,3745,-38.3835865038393
Data,5157,0.0,0.0,2858.7699468949545,0.0,0.0,329.86,0.0,502.0,0,145.62994689495451,0.0,3545,-145.62994689495451
Data,5158,0.0,0.0,2729.5880779212002,0.0,0.0,309.74,0.0,502.0,0,197.32807792119993,0.0,3344,-197.32807792120025
Data,5159,0.0,0.0,2495.221533798838,0.0,0.0,291.85,0.0,502.0,0,104.071533798838,0.0,3185,-104.07153379883823
Data,5160,0.0,0.0,3293.3271380496385,0.0,0.0,303.03,0.0,502.0,0,986.3571380496381,0.0,3112,-986.3571380496385
Data,5161,0.0,0.0,2071.9024083882045,0.0,0.0,323.15,0.0,502.0,0,-77.94759161179533,0.0,2975,77.94759161179547
Data,5162,0.0,0.0,2120.601864828894,0.0,0.0,345.52,0.0,502.0,0,-49.87813517110587,0.0,3018,49.878135171105896
Data,5163,0.0,0.0,3164.793570857387,0.0,0.0,364.53,0.0,502.0,0,891.3235708573866,0.0,3140,-891.3235708573868
Data,5164,0.0,0.0,2696.0209574602177,0.0,0.0,380.18,0.0,502.0,0,242.20095746021732,0.0,3336,-242.2009574602177
Data,5165,0.0,0.0,2446.4072922734695,0.0,0.0,385.77,0.0,502.0,0,-121.8227077265305,0.0,3456,121.82270772653055
Data,5166,0.0,0.0,2501.053345614686,0.0,0.0,367.88,0.0,502.0,0,-94.06665438531422,0.0,3465,94.06665438531411
Data,5167,0.0,0.0,1680.347859238393,0.0,0.0,379.06,0.0,502.0,0,-866.592140761607,0.0,3428,866.592140761607
Data,5168,-0.0,0.0,1128.5671199582243,-0.0,0.0,346.64,0.0,502.0,0,-1308.7928800417758,0.0,3286,1308.7928800417758
Data,5169,-0.0,0.0,1056.7314315606538,-0.0,0.0,336.57,0.0,151.0,0,-1835.698568439346,0.0,3380,1835.6985684393462
Data,5170,-0.0,0.0,1253.6720736597,0.0,0.0,308.62,0.0,151.0,0,-1818.7079263403002,0.0,3532,1818.7079263403002
Data,5171,-0.0,0.0,1018.2527550894501,0.0,0.0,306.38,0.0,151.0,0,-2019.36724491055,0.0,3495,2019.3672449105497
Data,5172,-0.0,0.0,1605.5765681872908,0.0,0.0,292.96,0.0,502.0,0,-975.4634318127092,0.0,3376,975.4634318127091
Data,5173,-0.0,0.0,1895.7163528912458,0.0,0.0,238.17,0.0,502.0,0,-522.1136471087541,0.0,3158,522.1136471087542
Data,5174,-0.0,0.0,2255.6227194632315,0.0,0.0,231.46,0.0,151.0,0,-630.9172805367688,0.0,3269,630.9172805367684
Data,5175,-0.0,0.0,2643.715903599133,0.0,0.0,226.99,0.0,502.0,0,67.70590359913268,0.0,3305,-67.70590359913308
Data,5176,-0.0,0.0,2620.298242914153,0.0,0.0,286.25,0.0,502.0,0,-138.45175708584668,0.0,3547,138.45175708584702
Data,5177,-0.0,0.0,3061.5842320561615,0.0,0.0,402.55,0.0,502.0,0,64.1342320561616,0.0,3902,-64.13423205616147
Data,5178,-0.0,0.0,2923.2801987577654,0.0,0.0,441.68,0.0,502.0,0,-91.03980124223477,0.0,3958,91.03980124223455
Data,5179,-0.0,0.0,3237.8520238061597,0.0,0.0,465.16,0.0,514.8,0,377.81202380615986,0.0,3840,-377.81202380615963
Data,5180,0.0,0.0,2989.2505901831246,0.0,0.0,391.36,0.0,423.6714,0,102.28199018312492,0.0,3702,-102.2819901831246
Data,5181,0.0,0.0,3070.079288750501,0.0,0.0,345.52,0.0,295.6595,0,183.25878875050043,0.0,3528,-183.2587887505008
Data,5182,0.0,0.0,2685.0508637222983,0.0,0.0,287.37,0.0,189.4,0,-131.17913627770156,0.0,3293,131.17913627770164
Data,5183,0.0,0.0,3652.1859646333846,0.0,0.0,273.95,0.0,192.6,0,963.7359646333842,0.0,3155,-963.7359646333846
Data,5184,0.0,0.0,3634.508560439923,0.0,0.0,282.9,0.0,189.4,0,1012.808560439923,0.0,3094,-1012.8085604399228
Data,5185,0.0,0.0,3266.643309747111,0.0,0.0,278.43,0.0,183.0,0,780.0733097471107,0.0,2948,-780.0733097471109
Data,5186,0.0,0.0,3147.2804672824977,0.0,0.0,273.95,0.0,186.2,0,617.4304672824971,0.0,2990,-617.4304672824977
Data,5187,0.0,0.0,3464.8596283666857,0.0,0.0,266.13,0.0,183.0,0,827.9896283666856,0.0,3086,-827.9896283666857
Data,5188,0.0,0.0,3037.4612883619106,0.0,0.0,305.26,0.0,186.2,0,240.92128836191063,0.0,3288,-240.92128836191063
Data,5189,0.0,0.0,3092.187307137781,0.0,0.0,372.35,0.0,183.0,0,280.53730713778083,0.0,3367,-280.5373071377809
Data,5190,0.0,0.0,2945.662079781579,0.0,0.0,382.42,0.0,183.0,0,150.08207978157924,0.0,3361,-150.082079781579
Data,5191,0.0,0.0,2857.6611909529574,0.0,0.0,362.29,0.0,186.2,0,145.1511909529574,0.0,3261,-145.15119095295745
Data,5192,-0.0,0.0,2401.797937099806,0.0,0.0,301.91,0.0,183.0,0,-347.29206290019425,0.0,3234,347.292062900194
Data,5193,-0.0,0.0,2340.472782507257,0.0,0.0,290.73,0.0,186.2,0,-600.5972174927432,0.0,3418,600.5972174927431
Data,5194,-0.0,0.0,2212.4427215516835,0.0,0.0,277.31,0.0,183.0,0,-954.2472784483167,0.0,3627,954.2472784483166
Data,5195,-0.0,0.0,2008.5040168952248,0.0,0.0,267.25,0.0,189.4,0,-1245.845983104775,0.0,3711,1245.845983104775
Data,5196,-0.0,0.0,1831.6744706426048,0.0,0.0,235.94,0.0,186.2,0,-1467.1855293573954,0.0,3721,1467.1855293573954
Data,5197,-0.0,0.0,1706.3725181322811,0.0,0.0,205.75,0.0,186.2,0,-1496.677481867719,0.0,3595,1496.6774818677188
Data,5198,-0.0,0.0,2273.3956509523887,0.0,0.0,211.34,0.0,189.4,0,-924.8643490476109,0.0,3599,924.8643490476113
Data,5199,-0.0,0.0,2717.898018439292,0.0,0.0,214.69,0.0,186.2,0,-445.21198156070807,0.0,3564,445.21198156070784
Data,5200,-0.0,0.0,2517.7262779828884,0.0,0.0,269.48,0.0,189.4,0,-608.3937220171115,0.0,3585,608.3937220171116
Data,5201,-0.0,0.0,2568.0223930197835,0.0,0.0,404.78,0.0,186.2,0,-671.9976069802173,0.0,3831,671.9976069802165
Data,5202,-0.0,0.0,2909.7351211938476,0.0,0.0,418.2,0.0,189.4,0,-406.66487880615273,0.0,3924,406.6648788061524
Data,5203,-0.0,0.0,3135.0184421994786,0.0,0.0,512.13,0.0,186.2,0,-29.651557800521473,0.0,3863,29.651557800521402
Data,5204,-0.0,0.0,3725.287224770107,0.0,0.0,452.86,0.0,189.4,0,593.5472247701074,0.0,3774,-593.547224770107
Data,5205,-0.0,0.0,3705.8713687480067,0.0,0.0,358.94,0.0,189.4,0,647.2113687480067,0.0,3607,-647.2113687480067
Data,5206,0.0,0.0,3477.6548596925245,0.0,0.0,328.75,0.0,186.2,0,578.6048596925242,0.0,3414,-578.6048596925245
Data,5207,0.0,0.0,3355.272098711582,0.0,0.0,323.15,0.0,189.4,0,625.8220987115824,0.0,3242,-625.8220987115822
Data,5208,0.0,0.0,3318.9128271275204,0.0,0.0,291.85,0.0,186.2,0,619.9628271275203,0.0,3177,-619.9628271275203
Data,5209,0.0,0.0,3289.0036360876725,0.0,0.0,276.19,0.0,433.8799,0,924.0735360876723,0.0,3075,-924.0735360876724
Data,5210,0.0,0.0,3749.293831764934,0.0,0.0,275.07,0.0,261.5345,0,1172.8983317649343,0.0,3113,-1172.898331764934
Data,5211,0.0,0.0,3352.656364803375,0.0,0.0,289.61,0.0,537.2,0,903.4663648033747,0.0,3276,-903.4663648033749
Data,5212,0.0,0.0,3579.7493206020695,0.0,0.0,361.17,0.0,534.0,0,1008.9193206020695,0.0,3466,-1008.9193206020695
Data,5213,0.0,0.0,3218.4827453127537,0.0,0.0,384.65,0.0,445.9378,0,488.07054531275395,0.0,3561,-488.0705453127536
Data,5214,0.0,0.0,3406.485277880131,0.0,0.0,375.71,0.0,35.2,0,226.39527788013086,0.0,3591,-226.39527788013095
Data,5215,0.0,0.0,3054.4920420917088,0.0,0.0,380.18,0.0,32.0,0,-143.32795790829118,0.0,3610,143.32795790829124
Data,5216,-0.0,0.0,2749.561532540875,0.0,0.0,335.45,0.0,35.2,0,-518.7884674591255,0.0,3639,518.7884674591252
Data,5217,-0.0,0.0,2895.3707797416255,0.0,0.0,292.96,0.0,32.0,0,-664.6692202583746,0.0,3885,664.6692202583745
Data,5218,-0.0,0.0,2920.6067562696835,0.0,0.0,277.31,0.0,35.2,0,-707.8832437303167,0.0,3941,707.8832437303165
Data,5219,-0.0,0.0,2601.8877704570314,0.0,0.0,244.88,0.0,35.2,0,-986.0322295429685,0.0,3868,986.0322295429686
Data,5220,-0.0,0.0,2743.5145623040603,0.0,0.0,244.88,0.0,38.4,0,-787.2054376959394,0.0,3814,787.2054376959397
Data,5221,-0.0,0.0,2883.7244783373794,0.0,0.0,207.98,0.0,38.4,0,-388.8955216626204,0.0,3519,388.8955216626206
Data,5222,-0.0,0.0,2905.029848499676,0.0,0.0,213.57,0.0,35.2,0,-506.200151500324,0.0,3660,506.20015150032395
Data,5223,-0.0,0.0,3212.1035787067644,0.0,0.0,259.42,0.0,38.4,0,-175.0764212932357,0.0,3685,175.07642129323554
Data,5224,-0.0,0.0,3633.45277379623,0.0,0.0,336.57,0.0,35.2,0,133.22277379623003,0.0,3872,-133.22277379622983
Data,5225,-0.0,0.0,4302.100172730001,0.0,0.0,471.87,0.0,38.4,0,639.3701727300005,0.0,4173,-639.3701727300008
Data,5226,-0.0,0.0,3526.9549625786817,0.0,0.0,573.63,0.0,38.4,0,-52.01503742131845,0.0,4191,52.01503742131829
Data,5227,-0.0,0.0,3789.14148600438,0.0,0.0,553.5,0.0,35.2,0,307.8414860043799,0.0,4070,-307.8414860043801
Data,5228,-0.0,0.0,3473.199512147007,0.0,0.0,475.23,0.0,38.4,0,36.829512147007485,0.0,3950,-36.82951214700724
Data,5229,0.0,0.0,3645.149365893754,0.0,0.0,451.75,0.0,186.2,0,548.0993658937537,0.0,3735,-548.0993658937539
Data,5230,0.0,0.0,3565.797105029898,0.0,0.0,356.7,0.0,189.4,0,614.8971050298977,0.0,3497,-614.897105029898
Data,5231,0.0,0.0,3023.968165152451,0.0,0.0,313.09,0.0,186.2,0,124.25816515245106,0.0,3399,-124.25816515245106
Data,5232,0.0,0.0,2949.132874676364,0.0,0.0,291.85,0.0,189.4,0,58.382874676363855,0.0,3372,-58.382874676363855
Data,5233,0.0,0.0,3071.8881768572505,0.0,0.0,261.65,0.0,183.0,0,291.53817685725056,0.0,3225,-291.5381768572505
Data,5234,0.0,0.0,3320.8206209875952,0.0,0.0,273.95,0.0,186.2,0,502.97062098759505,0.0,3278,-502.9706209875952
Data,5235,0.0,0.0,3487.4351653744566,0.0,0.0,307.5,0.0,183.0,0,583.9351653744566,0.0,3394,-583.9351653744566
Data,5236,0.0,0.0,3819.068485589643,0.0,0.0,369.0,0.0,186.2,0,805.2684855896429,0.0,3569,-805.268485589643
Data,5237,0.0,0.0,3705.2546744159135,0.0,0.0,394.72,0.0,183.0,0,624.9746744159138,0.0,3658,-624.9746744159136
Data,5238,0.0,0.0,3941.6502390831856,0.0,0.0,391.36,0.0,186.2,0,913.2102390831856,0.0,3606,-913.2102390831856
Data,5239,0.0,0.0,3227.7070043403246,0.0,0.0,383.54,0.0,183.0,0,295.2470043403244,0.0,3499,-295.2470043403246
Data,5240,-0.0,0.0,2616.2366361863915,0.0,0.0,308.62,0.0,35.2,0,-500.94336381360864,0.0,3461,500.9433638136085
Data,5241,-0.0,0.0,2627.2987379604724,0.0,0.0,286.25,0.0,32.0,0,-623.4512620395278,0.0,3569,623.4512620395276
Data,5242,-0.0,0.0,2759.8418814564343,0.0,0.0,265.01,0.0,35.2,0,-528.9481185435659,0.0,3589,528.9481185435657
Data,5243,-0.0,0.0,2258.387365460493,0.0,0.0,260.54,0.0,35.2,0,-960.872634539507,0.0,3515,960.8726345395069
Data,5244,-0.0,0.0,2493.424378371018,0.0,0.0,248.24,0.0,38.4,0,-772.935621628981,0.0,3553,772.935621628982
Data,5245,-0.0,0.0,2688.3926326979376,0.0,0.0,234.82,0.0,35.2,0,-513.5873673020621,0.0,3472,513.5873673020624
Data,5246,-0.0,0.0,2405.1660931043325,0.0,0.0,231.46,0.0,38.4,0,-791.973906895667,0.0,3467,791.9739068956675
Data,5247,-0.0,0.0,2710.6675665168177,0.0,0.0,235.94,0.0,35.2,0,-475.19243348318224,0.0,3457,475.1924334831823
Data,5248,-0.0,0.0,3230.654255448838,0.0,0.0,346.64,0.0,38.4,0,89.69425544883775,0.0,3526,-89.69425544883782
Data,5249,-0.0,0.0,3917.3685404178177,0.0,0.0,471.87,0.0,35.2,0,633.4385404178174,0.0,3791,-633.4385404178178
Data,5250,-0.0,0.0,4173.790852269803,0.0,0.0,507.65,0.0,38.4,0,832.8408522698031,0.0,3887,-832.8408522698026
Data,5251,0.0,0.0,4539.975144277121,0.0,0.0,528.9,0.0,35.2,0,1281.0751442771216,0.0,3823,-1281.0751442771211
Data,5252,0.0,0.0,4145.5263161557405,0.0,0.0,429.38,0.0,38.4,0,877.3063161557405,0.0,3736,-877.3063161557404
Data,5253,0.0,0.0,4226.587411549285,0.0,0.0,407.02,0.0,35.2,0,1113.807411549285,0.0,3555,-1113.8074115492852
Data,5254,0.0,0.0,4565.432706247842,0.0,0.0,319.8,0.0,35.2,0,1566.4327062478424,0.0,3354,-1566.4327062478424
Data,5255,0.0,0.0,4320.132037194311,0.0,0.0,298.55,0.0,38.4,0,1402.0820371943112,0.0,3255,-1402.0820371943112
Data,5256,0.0,0.0,4061.3410182865155,0.0,0.0,276.19,0.0,35.2,0,1099.7310182865156,0.0,3273,-1099.7310182865156
Data,5257,0.0,0.0,3753.9730106346515,0.0,0.0,241.53,0.0,35.2,0,850.7030106346517,0.0,3180,-850.7030106346515
Data,5258,0.0,0.0,4664.581924460692,0.0,0.0,237.05,0.0,32.0,0,1722.631924460692,0.0,3211,-1722.6319244606918
Data,5259,0.0,0.0,4446.628174794992,0.0,0.0,254.95,0.0,35.2,0,1364.7781747949919,0.0,3372,-1364.7781747949925
Data,5260,0.0,0.0,4003.351509336809,0.0,0.0,305.26,0.0,32.0,0,821.6115093368095,0.0,3519,-821.6115093368091
Data,5261,0.0,0.0,3490.405055562436,0.0,0.0,335.45,0.0,35.2,0,240.05505556243554,0.0,3621,-240.05505556243577
Data,5262,0.0,0.0,3421.048770972735,0.0,0.0,341.05,0.0,32.0,0,275.0987709727352,0.0,3519,-275.09877097273494
Data,5263,0.0,0.0,3078.5058522361855,0.0,0.0,341.05,0.0,32.0,0,111.55585223618586,0.0,3340,-111.55585223618556
Data,5264,-0.0,0.0,2506.725340129856,0.0,0.0,297.44,0.0,35.2,0,-283.6346598701441,0.0,3123,283.6346598701442
Data,5265,-0.0,0.0,2012.2451982806936,0.0,0.0,290.73,0.0,32.0,0,-678.0248017193064,0.0,3013,678.0248017193064
Data,5266,-0.0,0.0,2095.9197590011477,0.0,0.0,240.41,0.0,35.2,0,-652.4702409988527,0.0,3024,652.4702409988523
Data,5267,-0.0,0.0,2168.7140395191377,0.0,0.0,226.99,0.0,35.2,0,-593.0959604808628,0.0,3024,593.0959604808622
Data,5268,-0.0,0.0,2319.1965493843277,0.0,0.0,211.34,0.0,35.2,0,-378.26345061567247,0.0,2944,378.2634506156723
Data,5269,-0.0,0.0,2708.273531990719,0.0,0.0,192.33,0.0,38.4,0,69.00353199071877,0.0,2870,-69.00353199071924
Data,5270,-0.0,0.0,2970.4036901022864,0.0,0.0,194.56,0.0,35.2,0,450.16369010228647,0.0,2750,-450.1636901022864
Data,5271,-0.0,0.0,3084.977760501073,0.0,0.0,181.15,0.0,35.2,0,533.327760501073,0.0,2768,-533.3277605010732
Data,5272,-0.0,0.0,3340.395763856366,0.0,0.0,237.05,0.0,38.4,0,582.8457638563663,0.0,3033,-582.8457638563661
Data,5273,-0.0,0.0,3303.0617116698413,0.0,0.0,389.13,0.0,537.2,0,801.3917116698414,0.0,3428,-801.3917116698414
Data,5274,0.0,0.0,3547.0374738091887,0.0,0.0,445.04,0.0,540.4,0,855.4774738091887,0.0,3677,-855.4774738091887
Data,5275,0.0,0.0,3452.556481405878,0.0,0.0,489.76,0.0,537.2,0,783.5164814058778,0.0,3696,-783.516481405878
Data,5276,0.0,0.0,3597.802909367922,0.0,0.0,424.91,0.0,537.2,0,907.9129093679217,0.0,3652,-907.9129093679221
Data,5277,0.0,0.0,3514.0535995547375,0.0,0.0,376.83,0.0,540.4,0,886.2835995547374,0.0,3545,-886.2835995547375
Data,5278,0.0,0.0,3572.4461476221823,0.0,0.0,286.25,0.0,537.2,0,1034.8961476221823,0.0,3361,-1034.8961476221823
Data,5279,0.0,0.0,3229.0648549169387,0.0,0.0,254.95,0.0,540.4,0,808.4148549169387,0.0,3216,-808.4148549169386
Data,5280,0.0,0.0,3330.77901997244,0.0,0.0,223.64,0.0,537.2,0,893.6190199724396,0.0,3198,-893.61901997244
Data,5281,0.0,0.0,3121.1349438629295,0.0,0.0,202.39,0.0,534.0,0,743.5249438629294,0.0,3114,-743.5249438629295
Data,5282,0.0,0.0,2857.8989381466713,0.0,0.0,225.87,0.0,537.2,0,441.96893814667095,0.0,3179,-441.96893814667135
Data,5283,0.0,0.0,2894.101298855151,0.0,0.0,234.82,0.0,534.0,0,330.92129885515135,0.0,3332,-330.92129885515106
Data,5284,0.0,0.0,2136.7191702934206,0.0,0.0,311.97,0.0,534.0,0,-533.3108297065792,0.0,3516,533.3108297065794
Data,5285,0.0,0.0,1552.7168619227339,0.0,0.0,323.15,0.0,537.2,0,-1221.9331380772662,0.0,3635,1221.933138077266
Data,5286,0.0,0.0,1224.6011960558692,0.0,0.0,361.17,0.0,534.0,0,-1566.2288039441307,0.0,3686,1566.2288039441307
Data,5287,0.0,0.0,1432.9804941018317,0.0,0.0,336.57,0.0,534.0,0,-1365.4495058981681,0.0,3669,1365.4495058981684
Data,5288,-0.0,0.0,1036.427731271007,0.0,0.0,275.07,0.0,534.0,0,-1728.502268728993,0.0,3574,1728.5022687289932
Data,5289,-0.0,0.0,896.1362924256684,0.0,0.0,257.18,0.0,534.0,0,-2006.6837075743317,0.0,3694,2006.6837075743315
Data,5290,-0.0,0.0,1416.6525868176755,0.0,0.0,221.4,0.0,186.2,0,-1896.7474131823246,0.0,3721,1896.7474131823246
Data,5291,-0.0,0.0,1279.6514506389958,0.0,0.0,202.39,0.0,540.4,0,-1618.5585493610042,0.0,3641,1618.5585493610042
Data,5292,-0.0,0.0,1150.5695444981025,0.0,0.0,190.09,0.0,186.2,0,-2054.1404555018976,0.0,3581,2054.1404555018976
Data,5293,-0.0,0.0,1389.6221235859,0.0,0.0,164.37,0.0,540.4,0,-1327.6078764141,0.0,3422,1327.6078764141
Data,5294,-0.0,0.0,1484.8778257549925,0.0,0.0,171.08,0.0,540.4,0,-1396.6421742450075,0.0,3593,1396.6421742450075
Data,5295,-0.0,0.0,1598.9310700324038,0.0,0.0,167.73,0.0,189.4,0,-1689.938929967596,0.0,3646,1689.9389299675963
Data,5296,-0.0,0.0,1607.3135017145626,0.0,0.0,229.23,0.0,540.4,0,-1499.0564982854373,0.0,3876,1499.0564982854376
Data,5297,-0.0,0.0,1830.6102546375446,0.0,0.0,386.89,0.0,540.4,0,-1396.0997453624555,0.0,4154,1396.0997453624555
Data,5298,-0.0,0.0,3055.42242903884,0.0,0.0,459.57,0.0,540.4,0,-130.6075709611594,0.0,4186,130.60757096115987
Data,5299,0.0,0.0,3222.518706527104,0.0,0.0,508.77,0.0,540.4,0,202.68870652710396,0.0,4069,-202.68870652710382
Data,5300,0.0,0.0,2932.2853715523224,0.0,0.0,442.8,0.0,540.4,0,-34.514628447677524,0.0,3950,34.51462844767758
Data,5301,0.0,0.0,2720.557839161126,0.0,0.0,393.6,0.0,540.4,0,-98.44216083887378,0.0,3753,98.44216083887386
Data,5302,0.0,0.0,2589.1879506799687,0.0,0.0,327.63,0.0,540.4,0,-89.78204932003115,0.0,3547,89.78204932003132
Data,5303,0.0,0.0,2940.7506895663655,0.0,0.0,262.77,0.0,540.4,0,411.92068956636535,0.0,3332,-411.92068956636547
Data,5304,0.0,0.0,2746.89312459811,0.0,0.0,223.64,0.0,540.4,0,189.9331245981098,0.0,3321,-189.93312459810977
Data,5305,0.0,0.0,2644.729022042004,0.0,0.0,214.69,0.0,534.0,0,185.4190220420042,0.0,3208,-185.4190220420041
Data,5306,0.0,0.0,2178.6507245531143,0.0,0.0,234.82,0.0,537.2,0,-326.32927544688573,0.0,3277,326.3292754468857
Data,5307,0.0,0.0,2330.9365188819747,0.0,0.0,231.46,0.0,537.2,0,-338.4034811180254,0.0,3438,338.4034811180252
Data,5308,0.0,0.0,2225.297195596294,0.0,0.0,267.25,0.0,537.2,0,-578.2528044037061,0.0,3608,578.252804403706
Data,5309,0.0,0.0,1788.3811119522536,0.0,0.0,335.45,0.0,537.2,0,-1064.9688880477468,0.0,3726,1064.9688880477463
Data,5310,0.0,0.0,1530.699970814671,0.0,0.0,341.05,0.0,537.2,0,-1371.050029185329,0.0,3780,1371.050029185329
Data,5311,0.0,0.0,1861.313985765177,0.0,0.0,300.79,0.0,537.2,0,-1038.6960142348232,0.0,3738,1038.696014234823
Data,5312,-0.0,0.0,1454.418775178846,0.0,0.0,250.47,0.0,537.2,0,-1381.9112248211543,0.0,3624,1381.9112248211538
Data,5313,-0.0,0.0,1365.1284036612597,-0.0,0.0,250.47,0.0,186.2,0,-2057.2015963387407,0.0,3859,2057.2015963387403
Data,5314,-0.0,0.0,1265.9664060778357,0.0,0.0,206.86,0.0,534.0,0,-2073.173593922164,0.0,4080,2073.1735939221644
Data,5315,-0.0,0.0,924.1335295312632,0.0,0.0,188.97,0.0,186.2,0,-2736.6964704687375,0.0,4036,2736.6964704687366
Data,5316,-0.0,0.0,1462.7354931681155,0.0,0.0,181.15,0.0,189.4,0,-2088.714506831884,0.0,3922,2088.7145068318846
Data,5317,-0.0,0.0,930.3414649105895,0.0,0.0,158.78,0.0,393.1896,0,-2170.6889350894103,0.0,3653,2170.6889350894107
Data,5318,-0.0,0.0,1163.475849887597,0.0,0.0,176.67,0.0,540.4,0,-1951.454150112403,0.0,3832,1951.454150112403
Data,5319,-0.0,0.0,1116.8166988651724,0.0,0.0,205.75,0.0,186.2,0,-2335.233301134828,0.0,3844,2335.233301134828
Data,5320,-0.0,0.0,1067.6712456520693,0.0,0.0,258.3,0.0,540.4,0,-2019.6287543479307,0.0,3886,2019.6287543479307
Data,5321,-0.0,0.0,1631.0709670365336,-0.0,0.0,408.14,0.0,540.4,0,-1559.3890329634664,0.0,4139,1559.3890329634664
Data,5322,-0.0,0.0,2478.9195573269817,0.0,0.0,470.75,0.0,189.4,0,-987.9304426730183,0.0,4127,987.9304426730183
Data,5323,0.0,0.0,2790.8339732146846,0.0,0.0,422.67,0.0,537.2,0,-264.2960267853154,0.0,4015,264.2960267853153
Data,5324,0.0,0.0,2891.231875267315,0.0,0.0,384.65,0.0,540.4,0,-72.71812473268484,0.0,3889,72.71812473268506
Data,5325,0.0,0.0,2975.138194080511,0.0,0.0,367.88,0.0,540.4,0,177.4181940805112,0.0,3706,-177.41819408051083
Data,5326,0.0,0.0,3160.7456917771387,0.0,0.0,280.66,0.0,540.4,0,482.80569177713886,0.0,3499,-482.80569177713875
Data,5327,0.0,0.0,3419.4766341049876,0.0,0.0,226.99,0.0,189.4,0,533.8666341049881,0.0,3302,-533.8666341049876
Data,5328,0.0,0.0,2945.0916120157663,0.0,0.0,190.09,0.0,189.4,0,56.58161201576627,0.0,3268,-56.58161201576627
Data,5329,0.0,0.0,3380.0011729606267,0.0,0.0,181.15,0.0,186.2,0,598.3511729606264,0.0,3149,-598.3511729606267
Data,5330,0.0,0.0,3406.4115759099336,0.0,0.0,204.63,0.0,186.2,0,604.2415759099335,0.0,3193,-604.2415759099335
Data,5331,0.0,0.0,2790.747613703688,0.0,0.0,206.86,0.0,537.2,0,201.80761370368782,0.0,3333,-201.80761370368793
Data,5332,0.0,0.0,2393.367971893855,0.0,0.0,268.36,0.0,537.2,0,-342.0720281061447,0.0,3541,342.0720281061448
Data,5333,0.0,0.0,2365.3812679723615,0.0,0.0,316.45,0.0,534.0,0,-408.16873202763855,0.0,3624,408.16873202763855
Data,5334,0.0,0.0,1883.5181499343753,0.0,0.0,344.4,0.0,186.2,0,-1248.8818500656248,0.0,3663,1248.8818500656248
Data,5335,0.0,0.0,1916.7234974187938,0.0,0.0,327.63,0.0,537.2,0,-891.4465025812062,0.0,3673,891.4465025812061
Data,5336,-0.0,0.0,1493.2805820562814,-0.0,0.0,243.76,0.0,537.2,0,-1412.7594179437185,0.0,3687,1412.7594179437185
Data,5337,-0.0,0.0,1855.4892776449517,0.0,0.0,221.4,0.0,186.2,0,-1446.9107223550484,0.0,3710,1446.9107223550484
Data,5338,-0.0,0.0,2110.3466491102813,0.0,0.0,192.33,0.0,186.2,0,-1153.1233508897192,0.0,3642,1153.1233508897187
Data,5339,-0.0,0.0,2013.4755078452768,0.0,0.0,195.68,0.0,186.2,0,-1137.6444921547236,0.0,3533,1137.6444921547231
Data,5340,-0.0,0.0,2369.9238587734703,0.0,0.0,188.97,0.0,189.4,0,-734.7061412265293,0.0,3483,734.7061412265297
Data,5341,-0.0,0.0,1974.1033151273,0.0,0.0,159.9,0.0,189.4,0,-939.5966848726996,0.0,3263,939.5966848727
Data,5342,-0.0,0.0,2416.4229500764095,0.0,0.0,161.02,0.0,189.4,0,-665.1570499235908,0.0,3432,665.1570499235904
Data,5343,-0.0,0.0,2363.3953348972213,0.0,0.0,185.62,0.0,189.4,0,-769.5846651027787,0.0,3508,769.5846651027787
Data,5344,-0.0,0.0,2289.757899144292,0.0,0.0,268.36,0.0,189.4,0,-939.4821008557082,0.0,3687,939.482100855708
Data,5345,-0.0,0.0,2745.0134746878944,0.0,0.0,391.36,0.0,189.4,0,-709.2265253121055,0.0,4035,709.2265253121057
Data,5346,-0.0,0.0,3779.4304692373335,0.0,0.0,478.58,0.0,189.4,0,378.4104692373336,0.0,4069,-378.4104692373335
Data,5347,0.0,0.0,3544.787285473982,0.0,0.0,447.27,0.0,189.4,0,224.4572854739824,0.0,3957,-224.45728547398213
Data,5348,0.0,0.0,4021.0505095806047,0.0,0.0,375.71,0.0,189.4,0,744.1605095806051,0.0,3842,-744.1605095806048
Data,5349,0.0,0.0,4036.2096232010344,0.0,0.0,351.11,0.0,189.4,0,939.7196232010344,0.0,3637,-939.7196232010344
Data,5350,0.0,0.0,4069.3304671195274,0.0,0.0,298.55,0.0,189.4,0,1125.2804671195279,0.0,3432,-1125.2804671195274
Data,5351,0.0,0.0,4156.03344606887,0.0,0.0,225.87,0.0,189.4,0,1331.3034460688702,0.0,3240,-1331.30344606887
Data,5352,0.0,0.0,4214.454199706286,0.0,0.0,190.09,0.0,38.4,0,1235.9441997062866,0.0,3207,-1235.944199706286
Data,5353,0.0,0.0,3693.545840632868,0.0,0.0,183.38,0.0,35.2,0,814.125840632868,0.0,3098,-814.1258406328681
Data,5354,0.0,0.0,3431.989730719224,0.0,0.0,205.75,0.0,35.2,0,534.9397307192237,0.0,3138,-534.9397307192241
Data,5355,0.0,0.0,3373.7913587975468,0.0,0.0,214.69,0.0,35.2,0,356.6813587975468,0.0,3267,-356.68135879754675
Data,5356,0.0,0.0,3102.9738049755942,0.0,0.0,247.12,0.0,35.2,0,-40.706195024406014,0.0,3426,40.706195024405744
Data,5357,0.0,0.0,3168.839848391955,0.0,0.0,277.31,0.0,35.2,0,-82.65015160804545,0.0,3564,82.650151608045
Data,5358,0.0,0.0,2966.664177447905,0.0,0.0,326.51,0.0,35.2,0,-228.6258225520951,0.0,3557,228.62582255209514
Data,5359,0.0,0.0,2784.2879613655036,0.0,0.0,318.68,0.0,35.2,0,-394.8320386344967,0.0,3533,394.83203863449637
Data,5360,-0.0,0.0,2219.055301266661,0.0,0.0,270.6,0.0,38.4,0,-1009.9446987333389,0.0,3538,1009.944698733339
Data,5361,-0.0,0.0,2058.2036600085357,0.0,0.0,224.75,0.0,35.2,0,-1401.8463399914644,0.0,3720,1401.8463399914642
Data,5362,-0.0,0.0,2209.9600637407602,0.0,0.0,181.15,0.0,35.2,0,-1342.68993625924,0.0,3769,1342.6899362592399
Data,5363,-0.0,0.0,2029.5164227242624,0.0,0.0,168.85,0.0,35.2,0,-1484.433577275738,0.0,3718,1484.4335772757377
Data,5364,-0.0,0.0,1995.64803672372,0.0,0.0,166.61,0.0,35.2,0,-1406.54196327628,0.0,3604,1406.54196327628
Data,5365,-0.0,0.0,2085.8433591422963,0.0,0.0,139.77,0.0,38.4,0,-1068.9866408577034,0.0,3333,1068.9866408577036
Data,5366,-0.0,0.0,2009.9387797408594,0.0,0.0,148.72,0.0,38.4,0,-1241.9412202591407,0.0,3439,1241.9412202591407
Data,5367,-0.0,0.0,2148.787582203415,0.0,0.0,165.49,0.0,38.4,0,-1141.3224177965851,0.0,3494,1141.3224177965851
Data,5368,-0.0,0.0,1954.910992189391,0.0,0.0,261.65,0.0,186.2,0,-1317.239007810609,0.0,3720,1317.239007810609
Data,5369,-0.0,0.0,1923.3730490199393,-0.0,0.0,398.07,0.0,189.4,0,-1557.1569509800604,0.0,4068,1557.1569509800606
Data,5370,0.0,0.0,2465.5670232994516,0.0,0.0,480.82,0.0,189.4,0,-952.2129767005481,0.0,4088,952.2129767005483
Data,5371,0.0,0.0,2329.1541532228157,0.0,0.0,458.45,0.0,189.4,0,-995.9958467771844,0.0,3973,995.9958467771843
Data,5372,0.0,0.0,2302.8206003436267,0.0,0.0,415.96,0.0,189.4,0,-969.8193996563733,0.0,3878,969.8193996563733
Data,5373,0.0,0.0,2260.17031809853,0.0,0.0,377.95,0.0,189.4,0,-846.4796819014699,0.0,3674,846.4796819014699
Data,5374,0.0,0.0,2348.20893698039,0.0,0.0,278.43,0.0,186.2,0,-676.1610630196108,0.0,3489,676.1610630196102
Data,5375,0.0,0.0,2133.051544997775,0.0,0.0,241.53,0.0,189.4,0,-770.0184550022244,0.0,3334,770.0184550022248
Data,5376,0.0,0.0,2074.7943193765436,0.0,0.0,212.45,0.0,189.4,0,-855.3556806234565,0.0,3332,855.3556806234564
Data,5377,0.0,0.0,2123.2751528698336,0.0,0.0,219.16,0.0,537.2,0,-389.3648471301668,0.0,3269,389.36484713016637
Data,5378,0.0,0.0,2216.586644525748,0.0,0.0,252.71,0.0,537.2,0,-313.503355474252,0.0,3320,313.503355474252
Data,5379,0.0,0.0,2095.452355704412,0.0,0.0,251.59,0.0,537.2,0,-573.7576442955879,0.0,3458,573.7576442955877
Data,5380,0.0,0.0,1619.3361239644032,0.0,0.0,323.15,0.0,534.0,0,-1146.5138760355967,0.0,3623,1146.5138760355967
Data,5381,0.0,0.0,1550.6019618628175,0.0,0.0,297.44,0.0,537.2,0,-1375.7580381371827,0.0,3761,1375.7580381371824
Data,5382,0.0,0.0,1386.059813167201,0.0,0.0,351.11,0.0,537.2,0,-1517.6301868327992,0.0,3792,1517.6301868327992
Data,5383,0.0,0.0,1137.8553194799326,0.0,0.0,332.1,0.0,537.2,0,-1802.8446805200676,0.0,3810,1802.8446805200674
Data,5384,-0.0,0.0,593.5063707931881,0.0,0.0,259.42,0.0,534.0,0,-2245.073629206812,0.0,3632,2245.073629206812
Data,5385,-0.0,0.0,428.65800551560545,0.0,0.0,216.93,0.0,186.2,0,-2832.2119944843953,0.0,3664,2832.2119944843944
Data,5386,-0.0,0.0,529.6985043359883,0.0,0.0,196.8,0.0,537.2,0,-2389.3014956640113,0.0,3653,2389.301495664012
Data,5387,-0.0,0.0,467.4233821830737,0.0,0.0,174.44,0.0,236.4403,0,-2676.6963178169262,0.0,3555,2676.6963178169262
Data,5388,-0.0,0.0,614.885075413508,0.0,0.0,229.23,0.0,540.4,0,-2065.484924586492,0.0,3450,2065.484924586492
Data,5389,-0.0,0.0,744.5873700878549,0.0,0.0,188.97,0.0,540.4,0,-1742.0426299121457,0.0,3216,1742.0426299121452
Data,5390,-0.0,0.0,830.7644399138724,0.0,0.0,222.52,0.0,537.2,0,-1757.515560086128,0.0,3348,1757.5155600861276
Data,5391,-0.0,0.0,969.6541403588444,0.0,0.0,234.82,0.0,540.4,0,-1668.1258596411553,0.0,3413,1668.1258596411556
Data,5392,-0.0,0.0,998.1223762999173,0.0,0.0,285.14,0.0,540.4,0,-1882.3376237000828,0.0,3706,1882.3376237000828
Data,5393,-0.0,0.0,1380.8990926726078,0.0,0.0,452.86,0.0,540.4,0,-1683.840907327392,0.0,4058,1683.8409073273922
Data,5394,-0.0,0.0,2498.4404480856274,0.0,0.0,511.01,0.0,537.2,0,-571.3495519143726,0.0,4118,571.3495519143726
Data,5395,-0.0,0.0,2517.078722725498,0.0,0.0,446.15,0.0,540.4,0,-509.3712772745015,0.0,4013,509.37127727450184
Data,5396,0.0,0.0,2352.088277548354,0.0,0.0,388.01,0.0,540.4,0,-609.5017224516461,0.0,3890,609.5017224516458
Data,5397,0.0,0.0,2771.6049524023488,0.0,0.0,349.99,0.0,540.4,0,-48.0050475976509,0.0,3710,48.00504759765124
Data,5398,0.0,0.0,2643.9794156038793,0.0,0.0,287.37,0.0,540.4,0,-60.2505843961207,0.0,3532,60.25058439612076
Data,5399,0.0,0.0,3195.7198984594825,0.0,0.0,244.88,0.0,540.4,0,553.9998984594829,0.0,3427,-553.9998984594824
Data,5400,0.0,0.0,3235.5854962599433,0.0,0.0,231.46,0.0,537.2,0,549.2454962599434,0.0,3455,-549.2454962599434
Data,5401,0.0,0.0,3151.462287357222,0.0,0.0,212.45,0.0,537.2,0,588.1122873572216,0.0,3313,-588.1122873572222
Data,5402,0.0,0.0,2734.778161503766,0.0,0.0,232.58,0.0,537.2,0,159.55816150376586,0.0,3345,-159.55816150376617
Data,5403,0.0,0.0,2637.4288865302497,0.0,0.0,238.17,0.0,537.2,0,-106.2011134697504,0.0,3519,106.20111346975031
Data,5404,0.0,0.0,2708.912291506466,0.0,0.0,258.3,0.0,534.0,0,-154.7877084935339,0.0,3656,154.78770849353413
Data,5405,0.0,0.0,2344.883279782012,0.0,0.0,345.52,0.0,537.2,0,-514.3967202179882,0.0,3742,514.3967202179881
Data,5406,0.0,0.0,2372.8180418752513,0.0,0.0,352.23,0.0,537.2,0,-444.7519581247488,0.0,3707,444.7519581247486
Data,5407,0.0,0.0,1757.1268485041155,0.0,0.0,355.58,0.0,534.0,0,-947.2931514958846,0.0,3594,947.2931514958846
Data,5408,-0.0,0.0,1621.365999058119,0.0,0.0,277.31,0.0,537.2,0,-1017.124000941881,0.0,3453,1017.1240009418809
Data,5409,-0.0,0.0,1674.183963777924,0.0,0.0,220.28,0.0,183.0,0,-1404.5360362220758,0.0,3482,1404.536036222076
Data,5410,-0.0,0.0,1740.939616766237,0.0,0.0,190.09,0.0,186.2,0,-1401.7703832337631,0.0,3519,1401.7703832337631
Data,5411,-0.0,0.0,1670.006775361313,0.0,0.0,177.79,0.0,186.2,0,-1328.0032246386872,0.0,3362,1328.003224638687
Data,5412,-0.0,0.0,2324.4252868915514,0.0,0.0,161.02,0.0,186.2,0,-667.3547131084487,0.0,3339,667.3547131084485
Data,5413,-0.0,0.0,1712.1604402031605,0.0,0.0,165.49,0.0,183.0,0,-1109.3495597968397,0.0,3170,1109.3495597968395
Data,5414,-0.0,0.0,1892.7977017134042,0.0,0.0,182.26,0.0,189.4,0,-868.5422982865958,0.0,3133,868.5422982865958
Data,5415,-0.0,0.0,2234.36337901548,0.0,0.0,191.21,0.0,189.4,0,-509.02662098452026,0.0,3124,509.02662098452004
Data,5416,-0.0,0.0,1700.1692682759665,0.0,0.0,226.99,0.0,540.4,0,-797.4407317240332,0.0,3265,797.4407317240335
Data,5417,-0.0,0.0,1999.3434249891507,0.0,0.0,412.61,0.0,537.2,0,-647.8465750108495,0.0,3597,647.8465750108493
Data,5418,-0.0,0.0,2442.9739693376832,0.0,0.0,474.11,0.0,540.4,0,-268.51603066231655,0.0,3726,268.5160306623168
Data,5419,0.0,0.0,3139.896739912053,0.0,0.0,457.34,0.0,540.4,0,467.63673991205314,0.0,3670,-467.63673991205286
Data,5420,0.0,0.0,2385.0849650295445,0.0,0.0,382.42,0.0,540.4,0,-277.0950349704553,0.0,3585,277.0950349704555
Data,5421,0.0,0.0,2288.710672159153,0.0,0.0,343.28,0.0,537.2,0,-271.80932784084723,0.0,3441,271.8093278408469
Data,5422,0.0,0.0,2170.3205321459536,0.0,0.0,305.26,0.0,540.4,0,-235.01946785404655,0.0,3251,235.0194678540464
Data,5423,0.0,0.0,2365.412510947204,0.0,0.0,240.41,0.0,540.4,0,-48.7774890527964,0.0,3195,48.7774890527962
Data,5424,0.0,0.0,2262.489640124516,0.0,0.0,211.34,0.0,540.4,0,-207.7703598754839,0.0,3222,207.77035987548405
Data,5425,0.0,0.0,2351.7245222608526,0.0,0.0,187.85,0.0,534.0,0,-35.425477739147674,0.0,3109,35.4254777391474
Data,5426,0.0,0.0,2771.4387634543614,0.0,0.0,244.88,0.0,482.5371,0,332.8558634543615,0.0,3166,-332.8558634543614
Data,5427,0.0,0.0,3546.765507577585,0.0,0.0,262.77,0.0,186.2,0,740.7355075775848,0.0,3255,-740.7355075775852
Data,5428,0.0,0.0,3427.8946491394013,0.0,0.0,265.01,0.0,183.0,0,426.90464913940167,0.0,3449,-426.9046491394013
Data,5429,0.0,0.0,3050.129351818117,0.0,0.0,342.16,0.0,186.2,0,37.489351818116496,0.0,3541,-37.489351818116916
Data,5430,0.0,0.0,2701.794974724236,0.0,0.0,366.76,0.0,32.0,0,-365.44502527576367,0.0,3466,365.445025275764
Data,5431,0.0,0.0,2798.9441678716184,0.0,0.0,334.34,0.0,35.2,0,-163.51583212838145,0.0,3332,163.5158321283816
Data,5432,-0.0,0.0,2293.362219207623,0.0,0.0,306.38,0.0,32.0,0,-696.2577807923767,0.0,3328,696.2577807923768
Data,5433,-0.0,0.0,1958.2047178675261,0.0,0.0,238.17,0.0,35.2,0,-1211.425282132474,0.0,3443,1211.425282132474
Data,5434,-0.0,0.0,2245.8146393607212,0.0,0.0,235.94,0.0,32.0,0,-1018.2453606392792,0.0,3532,1018.2453606392787
Data,5435,-0.0,0.0,2283.3259768447124,0.0,0.0,219.16,0.0,35.2,0,-982.3140231552884,0.0,3520,982.3140231552876
Data,5436,-0.0,0.0,3288.8264029223424,0.0,0.0,226.99,0.0,32.0,0,55.81640292234211,0.0,3492,-55.81640292234238
Data,5437,-0.0,0.0,2779.387204204306,0.0,0.0,263.89,0.0,35.2,0,-393.52279579569495,0.0,3472,393.5227957956942
Data,5438,-0.0,0.0,2682.6682108644554,0.0,0.0,301.91,0.0,35.2,0,-470.2217891355449,0.0,3490,470.22178913554455
Data,5439,-0.0,0.0,3416.465054962444,0.0,0.0,304.15,0.0,35.2,0,286.81505496244347,0.0,3469,-286.81505496244387
Data,5440,-0.0,0.0,4286.2756594295115,0.0,0.0,328.75,0.0,38.4,0,1182.425659429512,0.0,3471,-1182.4256594295116
Data,5441,-0.0,0.0,3688.912153107696,0.0,0.0,447.27,0.0,38.4,0,537.5821531076965,0.0,3637,-537.5821531076962
Data,5442,-0.0,0.0,4532.68993394642,0.0,0.0,551.26,0.0,35.2,0,1367.1499339464203,0.0,3752,-1367.1499339464199
Data,5443,0.0,0.0,4499.29384505342,0.0,0.0,569.15,0.0,38.4,0,1384.8438450534202,0.0,3722,-1384.8438450534202
Data,5444,0.0,0.0,4389.214309134722,0.0,0.0,550.15,0.0,35.2,0,1286.5643091347217,0.0,3688,-1286.5643091347215
Data,5445,0.0,0.0,4165.960332244864,0.0,0.0,554.62,0.0,38.4,0,1205.980332244864,0.0,3553,-1205.9803322448638
Data,5446,0.0,0.0,3933.821970181726,0.0,0.0,583.69,0.0,35.2,0,1186.7119701817262,0.0,3366,-1186.7119701817262
Data,5447,0.0,0.0,3531.114187265496,0.0,0.0,566.92,0.0,38.4,0,959.4341872654963,0.0,3177,-959.4341872654961
Data,5448,0.0,0.0,3366.783282698785,0.0,0.0,564.68,0.0,35.2,0,780.6632826987847,0.0,3186,-780.6632826987851
Data,5449,0.0,0.0,3555.5166453984207,0.0,0.0,521.07,0.0,35.2,0,1015.7866453984207,0.0,3096,-1015.7866453984208
Data,5450,0.0,0.0,3118.870541231301,0.0,0.0,514.36,0.0,32.0,0,481.23054123130106,0.0,3184,-481.2305412313011
Data,5451,0.0,0.0,3069.9209520012946,0.0,0.0,507.65,0.0,35.2,0,257.77095200129435,0.0,3355,-257.7709520012946
Data,5452,0.0,0.0,2571.596127721504,0.0,0.0,507.65,0.0,35.2,0,-383.55387227849604,0.0,3498,383.5538722784958
Data,5453,0.0,0.0,2815.681824020057,0.0,0.0,508.77,0.0,32.0,0,-274.54817597994327,0.0,3631,274.54817597994315
Data,5454,0.0,0.0,2508.87003822489,0.0,0.0,535.61,0.0,35.2,0,-588.31996177511,0.0,3668,588.3199617751101
Data,5455,0.0,0.0,1979.5601302989653,0.0,0.0,550.15,0.0,35.2,0,-1140.0898697010348,0.0,3705,1140.0898697010348
Data,5456,-0.0,0.0,1696.6152001967512,0.0,0.0,555.74,0.0,32.0,0,-1315.644799803249,0.0,3600,1315.6447998032488
Data,5457,-0.0,0.0,1271.25308109539,0.0,0.0,493.12,0.0,35.2,0,-1916.4269189046104,0.0,3716,1916.4269189046101
Data,5458,-0.0,0.0,1436.2820809882921,0.0,0.0,448.39,0.0,35.2,0,-1903.1279190117082,0.0,3823,1903.127919011708
Data,5459,-0.0,0.0,1108.8707583263872,0.0,0.0,442.8,0.0,35.2,0,-2143.129241673613,0.0,3730,2143.129241673613
Data,5460,-0.0,0.0,952.7000747631555,0.0,0.0,440.56,0.0,38.4,0,-2269.3399252368445,0.0,3701,2269.3399252368445
Data,5461,-0.0,0.0,1075.8926301985418,0.0,0.0,434.97,0.0,35.2,0,-1998.937369801458,0.0,3545,1998.937369801458
Data,5462,-0.0,0.0,1114.602131960365,0.0,0.0,429.38,0.0,38.4,0,-2045.6178680396345,0.0,3628,2045.617868039635
Data,5463,-0.0,0.0,1439.3658457885012,0.0,0.0,452.86,0.0,186.2,0,-1605.5741542114988,0.0,3684,1605.5741542114988
Data,5464,-0.0,0.0,1473.5641303364037,0.0,0.0,477.46,0.0,540.4,0,-1413.5758696635962,0.0,3905,1413.5758696635964
Data,5465,-0.0,0.0,1383.6555413863357,-0.0,0.0,498.71,0.0,540.4,0,-1773.2344586136642,0.0,4196,1773.2344586136644
Data,5466,-0.0,0.0,1651.5544701205588,0.0,0.0,532.25,0.0,537.2,0,-1464.9955298794414,0.0,4186,1464.9955298794412
Data,5467,-0.0,0.0,2003.2585382484267,0.0,0.0,534.49,0.0,540.4,0,-984.8514617515729,0.0,4063,984.8514617515733
Data,5468,-0.0,0.0,1947.1037782960843,0.0,0.0,507.65,0.0,537.2,0,-942.0462217039158,0.0,3934,942.0462217039156
Data,5469,-0.0,0.0,1895.5414973202628,0.0,0.0,453.98,0.0,540.4,0,-853.078502679737,0.0,3743,853.0785026797372
Data,5470,-0.0,0.0,2028.6443301704392,0.0,0.0,442.8,0.0,540.4,0,-525.1556698295606,0.0,3537,525.1556698295608
Data,5471,0.0,0.0,2022.2408347264065,0.0,0.0,443.92,0.0,537.2,0,-370.6391652735935,0.0,3374,370.6391652735934
Data,5472,0.0,0.0,2166.0628720705386,0.0,0.0,430.5,0.0,540.4,0,-239.03712792946146,0.0,3376,239.03712792946146
Data,5473,0.0,0.0,2195.1075349103153,0.0,0.0,374.59,0.0,534.0,0,-203.30246508968466,0.0,3307,203.30246508968474
Data,5474,0.0,0.0,2284.1283007067586,0.0,0.0,377.95,0.0,537.2,0,-180.7216992932418,0.0,3380,180.72169929324133
Data,5475,0.0,0.0,2036.5783993787575,0.0,0.0,377.95,0.0,537.2,0,-551.2716006212429,0.0,3503,551.2716006212424
Data,5476,0.0,0.0,2018.660713498563,0.0,0.0,377.95,0.0,534.0,0,-729.3892865014373,0.0,3660,729.389286501437
Data,5477,0.0,0.0,2033.6191563765383,0.0,0.0,430.5,0.0,537.2,0,-781.6808436234618,0.0,3783,781.6808436234617
Data,5478,0.0,0.0,1974.4834576087383,0.0,0.0,462.93,0.0,534.0,0,-853.5865423912619,0.0,3825,853.5865423912617
Data,5479,0.0,0.0,2166.1703285956232,0.0,0.0,405.9,0.0,537.2,0,-745.729671404377,0.0,3855,745.7296714043767
Data,5480,-0.0,0.0,1429.9902824446579,0.0,0.0,379.06,0.0,534.0,0,-1441.9497175553422,0.0,3785,1441.9497175553422
Data,5481,-0.0,0.0,1074.777661063464,-0.0,0.0,356.7,0.0,537.2,0,-1941.3223389365362,0.0,3910,1941.322338936536
Data,5482,-0.0,0.0,908.5946935746591,-0.0,0.0,332.1,0.0,534.0,0,-2217.3053064253413,0.0,3992,2217.305306425341
Data,5483,-0.0,0.0,1102.5516588285998,0.0,0.0,316.45,0.0,540.4,0,-1946.5983411714003,0.0,3906,1946.5983411714003
Data,5484,-0.0,0.0,1029.7689021211577,0.0,0.0,299.67,0.0,537.2,0,-1989.3610978788427,0.0,3856,1989.3610978788422
Data,5485,-0.0,0.0,1052.2920941403377,0.0,0.0,287.37,0.0,540.4,0,-1766.9379058596621,0.0,3647,1766.9379058596624
Data,5486,-0.0,0.0,849.7707916165392,0.0,0.0,299.67,0.0,537.2,0,-2218.3592083834606,0.0,3905,2218.3592083834606
Data,5487,-0.0,0.0,1581.9919872382634,0.0,0.0,307.5,0.0,540.4,0,-1537.1080127617365,0.0,3967,1537.1080127617365
Data,5488,-0.0,0.0,1797.3306703495027,0.0,0.0,319.8,0.0,537.2,0,-1385.6693296504973,0.0,4040,1385.6693296504973
Data,5489,-0.0,0.0,1929.2213969441714,0.0,0.0,423.79,0.0,540.4,0,-1354.5886030558286,0.0,4248,1354.5886030558286
Data,5490,-0.0,0.0,2100.4168921489654,0.0,0.0,530.02,0.0,537.2,0,-1045.3631078510348,0.0,4213,1045.3631078510346
Data,5491,-0.0,0.0,2139.0255182193646,-0.0,0.0,531.14,0.0,540.4,0,-911.4344817806353,0.0,4122,911.4344817806355
Data,5492,0.0,0.0,2215.1068565962346,0.0,0.0,460.69,0.0,537.2,0,-787.0031434037655,0.0,4000,787.0031434037653
Data,5493,0.0,0.0,2119.950403043457,0.0,0.0,356.7,0.0,540.4,0,-806.9495969565432,0.0,3824,806.9495969565432
Data,5494,0.0,0.0,2066.6864545371786,0.0,0.0,336.57,0.0,537.2,0,-651.5435454628214,0.0,3592,651.5435454628214
Data,5495,0.0,0.0,2172.070377340517,0.0,0.0,311.97,0.0,540.4,0,-432.5596226594831,0.0,3457,432.5596226594829
Data,5496,0.0,0.0,2208.628489099126,0.0,0.0,295.2,0.0,537.2,0,-409.9715109008743,0.0,3451,409.97151090087397
Data,5497,0.0,0.0,2063.264725778492,0.0,0.0,256.06,0.0,537.2,0,-500.4752742215082,0.0,3357,500.47527422150796
Data,5498,0.0,0.0,2471.7666276130167,0.0,0.0,269.48,0.0,534.0,0,-151.7533723869834,0.0,3427,151.7533723869833
Data,5499,0.0,0.0,2322.2492309794798,0.0,0.0,273.95,0.0,537.2,0,-443.6007690205206,0.0,3577,443.6007690205202
Data,5500,0.0,0.0,2260.8013787706955,0.0,0.0,270.6,0.0,534.0,0,-671.5986212293046,0.0,3737,671.5986212293045
Data,5501,0.0,0.0,1980.1078350759017,0.0,0.0,324.27,0.0,534.0,0,-1054.6221649240983,0.0,3893,1054.6221649240983
Data,5502,0.0,0.0,1775.6756856102513,0.0,0.0,375.71,0.0,537.2,0,-1217.4143143897488,0.0,3906,1217.4143143897486
Data,5503,0.0,0.0,1840.9615757292024,0.0,0.0,373.47,0.0,534.0,0,-1167.5684242707973,0.0,3916,1167.5684242707975
Data,5504,-0.0,0.0,2091.1192308960653,0.0,0.0,338.81,0.0,537.2,0,-926.8707691039351,0.0,3894,926.8707691039347
Data,5505,-0.0,0.0,1886.1663133961558,0.0,0.0,320.92,0.0,183.0,0,-1523.913686603844,0.0,3914,1523.913686603844
Data,5506,-0.0,0.0,2051.019641105816,0.0,0.0,269.48,0.0,186.2,0,-1457.3003588941842,0.0,3964,1457.300358894184
Data,5507,-0.0,0.0,2062.6546496453907,0.0,0.0,250.47,0.0,189.4,0,-1490.4753503546092,0.0,3993,1490.4753503546094
Data,5508,-0.0,0.0,1628.5806404097589,0.0,0.0,256.06,0.0,189.4,0,-1964.959359590241,0.0,4039,1964.959359590241
Data,5509,-0.0,0.0,2099.5584978768175,0.0,0.0,230.35,0.0,189.4,0,-1375.6915021231828,0.0,3895,1375.6915021231825
Data,5510,-0.0,0.0,2220.995426125675,0.0,0.0,229.23,0.0,189.4,0,-1297.3745738743255,0.0,3937,1297.374573874325
Data,5511,-0.0,0.0,2977.0009541728286,0.0,0.0,252.71,0.0,189.4,0,-553.889045827171,0.0,3973,553.8890458271713
Data,5512,-0.0,0.0,3554.4164459868416,0.0,0.0,313.09,0.0,189.4,0,-50.093554013157956,0.0,4107,50.09355401315841
Data,5513,-0.0,0.0,3733.63291165479,0.0,0.0,507.65,0.0,189.4,0,49.68291165478948,0.0,4381,-49.68291165478993
Data,5514,-0.0,0.0,3634.5478639707635,0.0,0.0,533.37,0.0,189.4,0,-20.682136029237114,0.0,4378,20.68213602923649
Data,5515,-0.0,0.0,3469.2228447391526,0.0,0.0,488.65,0.0,189.4,0,-156.72715526084755,0.0,4304,156.7271552608474
Data,5516,-0.0,0.0,3558.706060898305,0.0,0.0,432.74,0.0,189.4,0,26.846060898305424,0.0,4154,-26.846060898305183
Data,5517,-0.0,0.0,3302.638290106897,0.0,0.0,364.53,0.0,189.4,0,-102.43170989310266,0.0,3959,102.43170989310315
Data,5518,-0.0,0.0,3592.820465716416,0.0,0.0,304.15,0.0,186.2,0,328.1704657164159,0.0,3755,-328.170465716416
Data,5519,0.0,0.0,3539.374341582526,0.0,0.0,271.72,0.0,189.4,0,440.49434158252575,0.0,3560,-440.4943415825261
Data,5520,0.0,0.0,3414.9161740437166,0.0,0.0,266.13,0.0,189.4,0,350.44617404371684,0.0,3520,-350.4461740437166
Data,5521,0.0,0.0,2798.775016788563,0.0,0.0,258.3,0.0,186.2,0,-162.72498321143723,0.0,3406,162.72498321143712
Data,5522,0.0,0.0,2734.559083549601,0.0,0.0,254.95,0.0,186.2,0,-289.2909164503996,0.0,3465,289.2909164503991
Data,5523,0.0,0.0,2587.264631738897,0.0,0.0,247.12,0.0,186.2,0,-559.4153682611029,0.0,3580,559.4153682611029
Data,5524,0.0,0.0,2294.947861935997,0.0,0.0,260.54,0.0,186.2,0,-1011.312138064003,0.0,3753,1011.312138064003
Data,5525,0.0,0.0,2855.1977464259962,0.0,0.0,304.15,0.0,183.0,0,-537.6522535740036,0.0,3880,537.6522535740038
Data,5526,0.0,0.0,2062.69612878526,0.0,0.0,391.36,0.0,537.2,0,-925.7438712147398,0.0,3917,925.7438712147399
Data,5527,0.0,0.0,1990.3152637564483,0.0,0.0,354.46,0.0,537.2,0,-1063.0247362435518,0.0,3945,1063.0247362435516
Data,5528,-0.0,0.0,1837.171909477432,0.0,0.0,305.26,0.0,186.2,0,-1609.3680905225679,0.0,3938,1609.3680905225679
Data,5529,-0.0,0.0,1492.6157051162513,0.0,0.0,256.06,0.0,186.2,0,-2111.124294883749,0.0,4046,2111.124294883749
Data,5530,-0.0,0.0,1479.718937653052,0.0,0.0,219.16,0.0,186.2,0,-2215.9210623469485,0.0,4101,2215.921062346948
Data,5531,-0.0,0.0,1358.9606908402693,0.0,0.0,202.39,0.0,189.4,0,-2222.2493091597307,0.0,3973,2222.2493091597307
Data,5532,-0.0,0.0,1666.334550707545,0.0,0.0,212.45,0.0,189.4,0,-2037.815449292455,0.0,4106,2037.815449292455
Data,5533,-0.0,0.0,1976.8114322006318,0.0,0.0,187.85,0.0,189.4,0,-1513.9385677993682,0.0,3868,1513.9385677993682
Data,5534,-0.0,0.0,2888.8925222677067,0.0,0.0,188.97,0.0,186.2,0,-674.9374777322937,0.0,3939,674.9374777322934
Data,5535,-0.0,0.0,3353.0679033382676,0.0,0.0,199.04,0.0,540.4,0,48.50790333826741,0.0,4044,-48.50790333826754
Data,5536,-0.0,0.0,3110.0038257673627,0.0,0.0,220.28,0.0,540.4,0,-297.31617423263685,0.0,4168,297.3161742326373
Data,5537,-0.0,0.0,3132.766471707102,0.0,0.0,434.97,0.0,540.4,0,-314.8635282928981,0.0,4423,314.86352829289797
Data,5538,0.0,0.0,3155.943888822985,0.0,0.0,472.99,0.0,540.4,0,-226.66611117701433,0.0,4396,226.66611117701484
Data,5539,0.0,0.0,2881.8480370103453,0.0,0.0,457.34,0.0,540.4,0,-378.41196298965474,0.0,4258,378.4119629896548
Data,5540,0.0,0.0,2920.7949275052233,0.0,0.0,431.62,0.0,537.2,0,-240.3850724947771,0.0,4130,240.38507249477664
Data,5541,0.0,0.0,2693.58698997212,0.0,0.0,390.25,0.0,540.4,0,-335.76301002787955,0.0,3960,335.7630100278799
Data,5542,0.0,0.0,2570.4498538929242,0.0,0.0,354.46,0.0,540.4,0,-274.69014610707546,0.0,3740,274.6901461070758
Data,5543,0.0,0.0,2474.0749370482254,0.0,0.0,296.32,0.0,537.2,0,-298.40506295177477,0.0,3606,298.4050629517746
Data,5544,0.0,0.0,2484.1807358662104,0.0,0.0,294.08,0.0,540.4,0,-262.33926413378964,0.0,3581,262.33926413378964
Data,5545,0.0,0.0,2665.6701903034464,0.0,0.0,269.48,0.0,537.2,0,-7.649809696553717,0.0,3480,7.649809696553575
Data,5546,0.0,0.0,2762.4959395073674,0.0,0.0,260.54,0.0,534.0,0,33.03593950736732,0.0,3524,-33.03593950736746
Data,5547,0.0,0.0,2790.652608906739,0.0,0.0,260.54,0.0,537.2,0,-83.60739109326153,0.0,3672,83.60739109326113
Data,5548,0.0,0.0,2926.4438602264167,0.0,0.0,271.72,0.0,537.2,0,-113.63613977358324,0.0,3849,113.63613977358318
Data,5549,0.0,0.0,2821.8179147404103,0.0,0.0,326.51,0.0,534.0,0,-302.6720852595893,0.0,3985,302.6720852595897
Data,5550,0.0,0.0,2800.527313461799,0.0,0.0,376.83,0.0,537.2,0,-300.44268653820086,0.0,4015,300.4426865382008
Data,5551,0.0,0.0,2866.919381363573,0.0,0.0,400.31,0.0,534.0,0,-257.77061863642723,0.0,4059,257.77061863642706
Data,5552,-0.0,0.0,2120.116220060737,-0.0,0.0,327.63,0.0,537.2,0,-984.0537799392631,0.0,3969,984.0537799392631
Data,5553,-0.0,0.0,1981.572799034991,0.0,0.0,282.9,0.0,537.2,0,-1133.327200965009,0.0,3935,1133.327200965009
Data,5554,-0.0,0.0,1994.5449776995522,0.0,0.0,258.3,0.0,186.2,0,-1495.9550223004478,0.0,3935,1495.9550223004478
Data,5555,-0.0,0.0,1907.5408474126907,0.0,0.0,234.82,0.0,186.2,0,-1674.4391525873093,0.0,4003,1674.4391525873093
Data,5556,-0.0,0.0,1762.7733664210723,0.0,0.0,248.24,0.0,540.4,0,-1400.5866335789274,0.0,3952,1400.5866335789278
Data,5557,-0.0,0.0,1891.2701268268634,0.0,0.0,221.4,0.0,540.4,0,-1214.9298731731365,0.0,3868,1214.9298731731367
Data,5558,-0.0,0.0,2085.2824623411816,0.0,0.0,225.87,0.0,537.2,0,-1045.6475376588191,0.0,3894,1045.6475376588182
Data,5559,-0.0,0.0,2664.844833373263,0.0,0.0,222.52,0.0,189.4,0,-882.235166626737,0.0,3959,882.2351666267368
Data,5560,-0.0,0.0,2845.4841377603493,0.0,0.0,287.37,0.0,537.2,0,-409.94586223965075,0.0,4080,409.94586223965064
Data,5561,-0.0,0.0,2708.238797412891,0.0,0.0,472.99,0.0,540.4,0,-592.3712025871087,0.0,4314,592.371202587109
Data,5562,0.0,0.0,2768.798600455706,0.0,0.0,512.13,0.0,540.4,0,-434.67139954429354,0.0,4256,434.671399544294
Data,5563,0.0,0.0,3065.440313330757,0.0,0.0,517.72,0.0,537.2,0,14.360313330757043,0.0,4106,-14.36031333075698
Data,5564,0.0,0.0,3162.6373134621426,0.0,0.0,481.94,0.0,540.4,0,161.97731346214292,0.0,4023,-161.9773134621426
Data,5565,0.0,0.0,2884.355911934432,0.0,0.0,462.93,0.0,540.4,0,69.6859119344316,0.0,3818,-69.68591193443177
Data,5566,0.0,0.0,2908.4296697194923,0.0,0.0,390.25,0.0,537.2,0,230.87966971949217,0.0,3605,-230.8796697194923
Data,5567,0.0,0.0,3359.0975341315384,0.0,0.0,366.76,0.0,540.4,0,775.2575341315381,0.0,3491,-775.2575341315384
Data,5568,0.0,0.0,3363.7460111958803,0.0,0.0,380.18,0.0,540.4,0,780.3260111958804,0.0,3504,-780.3260111958803
Data,5569,0.0,0.0,3474.3128136876976,0.0,0.0,381.3,0.0,534.0,0,1025.6128136876976,0.0,3364,-1025.6128136876976
Data,5570,0.0,0.0,3444.062135914597,0.0,0.0,364.53,0.0,537.2,0,938.7921359145969,0.0,3407,-938.7921359145971
Data,5571,0.0,0.0,3532.6193477786633,0.0,0.0,355.58,0.0,186.2,0,516.3993477786631,0.0,3558,-516.3993477786632
Data,5572,0.0,0.0,3822.6195057431096,0.0,0.0,386.89,0.0,183.0,0,651.5095057431097,0.0,3741,-651.5095057431096
Data,5573,0.0,0.0,3374.147543486395,0.0,0.0,427.15,0.0,537.2,0,502.49754348639516,0.0,3836,-502.4975434863951
Data,5574,0.0,0.0,3249.4674841433916,0.0,0.0,469.64,0.0,537.2,0,451.30748414339115,0.0,3805,-451.30748414339166
Data,5575,0.0,0.0,2627.7476464160122,0.0,0.0,460.69,0.0,534.0,0,-88.5623535839876,0.0,3711,88.56235358398777
Data,5576,-0.0,0.0,2015.8750959917065,0.0,0.0,404.78,0.0,344.6874,0,-980.657504008294,0.0,3746,980.6575040082935
Data,5577,-0.0,0.0,2031.7911689367795,0.0,0.0,346.64,0.0,186.2,0,-1263.3688310632208,0.0,3828,1263.3688310632206
Data,5578,-0.0,0.0,1825.5765950900686,0.0,0.0,317.56,0.0,183.0,0,-1551.8634049099314,0.0,3878,1551.8634049099314
Data,5579,-0.0,0.0,1883.394084583115,0.0,0.0,303.03,0.0,540.4,0,-1080.1759154168847,0.0,3807,1080.175915416885
Data,5580,-0.0,0.0,1634.2321469585288,0.0,0.0,291.85,0.0,374.1546,0,-1405.7632530414714,0.0,3706,1405.7632530414712
Data,5581,-0.0,0.0,1936.4416372843052,0.0,0.0,287.37,0.0,186.2,0,-1157.988362715695,0.0,3568,1157.9883627156948
Data,5582,-0.0,0.0,1631.6595146317509,0.0,0.0,289.61,0.0,189.4,0,-1497.330485368249,0.0,3608,1497.3304853682491
Data,5583,-0.0,0.0,1975.7400684270897,0.0,0.0,314.21,0.0,537.2,0,-810.8499315729105,0.0,3638,810.8499315729102
Data,5584,-0.0,0.0,1893.9867620643822,0.0,0.0,363.41,0.0,540.4,0,-872.203237935618,0.0,3670,872.2032379356178
Data,5585,-0.0,0.0,2194.8102871776737,0.0,0.0,522.19,0.0,537.2,0,-635.7997128223262,0.0,3890,635.7997128223262
Data,5586,0.0,0.0,2558.954090662932,0.0,0.0,578.1,0.0,540.4,0,-251.5459093370681,0.0,3929,251.54590933706822
Data,5587,0.0,0.0,2499.109942145869,0.0,0.0,581.45,0.0,540.4,0,-234.04005785413074,0.0,3855,234.04005785413108
Data,5588,0.0,0.0,2567.8412811046096,0.0,0.0,537.85,0.0,537.2,0,-129.10871889539067,0.0,3772,129.10871889539033
Data,5589,0.0,0.0,2712.2254666016775,0.0,0.0,522.19,0.0,540.4,0,158.81546660167766,0.0,3616,-158.81546660167749
Data,5590,0.0,0.0,2543.625747416228,0.0,0.0,445.04,0.0,540.4,0,56.06574741622805,0.0,3473,-56.06574741622802
Data,5591,0.0,0.0,2718.428348096271,0.0,0.0,400.31,0.0,537.2,0,250.9383480962706,0.0,3405,-250.9383480962709
Data,5592,0.0,0.0,2716.154705844161,0.0,0.0,366.76,0.0,540.4,0,170.31470584416115,0.0,3453,-170.31470584416104
Data,5593,0.0,0.0,2705.804419912701,0.0,0.0,383.54,0.0,534.0,0,264.34441991270097,0.0,3359,-264.3444199127012
Data,5594,0.0,0.0,2773.5324265098748,0.0,0.0,362.29,0.0,537.2,0,234.0224265098747,0.0,3439,-234.02242650987483
Data,5595,0.0,0.0,3023.2030446046515,0.0,0.0,358.94,0.0,534.0,0,364.1430446046515,0.0,3552,-364.1430446046515
Data,5596,0.0,0.0,2927.629450497184,0.0,0.0,411.49,0.0,537.2,0,170.31945049718348,0.0,3706,-170.31945049718388
Data,5597,0.0,0.0,3152.8257971060652,0.0,0.0,455.1,0.0,537.2,0,353.125797106065,0.0,3792,-353.1257971060653
Data,5598,0.0,0.0,3425.53601429922,0.0,0.0,492.0,0.0,534.0,0,740.5360142992199,0.0,3711,-740.5360142992199
Data,5599,0.0,0.0,3460.576314363517,0.0,0.0,461.81,0.0,537.2,0,868.586314363517,0.0,3591,-868.5863143635172
Data,5600,-0.0,0.0,3090.636527681268,0.0,0.0,403.66,0.0,534.0,0,547.2965276812678,0.0,3481,-547.2965276812681
Data,5601,-0.0,0.0,2920.5686588925105,0.0,0.0,353.35,0.0,186.2,0,-2.881341107489753,0.0,3463,2.8813411074895043
Data,5602,-0.0,0.0,2861.851322456259,0.0,0.0,313.09,0.0,183.0,0,-13.058677543740954,0.0,3371,13.058677543741112
Data,5603,-0.0,0.0,2819.1919954303658,0.0,0.0,294.08,0.0,189.4,0,-39.328004569633976,0.0,3342,39.32800456963426
Data,5604,-0.0,0.0,2311.1353089122,0.0,0.0,280.66,0.0,186.2,0,-545.0046910878003,0.0,3323,545.0046910878001
Data,5605,-0.0,0.0,2481.174212704726,0.0,0.0,272.84,0.0,189.4,0,-353.58578729527375,0.0,3297,353.58578729527403
Data,5606,-0.0,0.0,2762.6669322562443,0.0,0.0,284.02,0.0,186.2,0,-105.11306774375566,0.0,3338,105.11306774375572
Data,5607,-0.0,0.0,2756.1552113918024,0.0,0.0,313.09,0.0,186.2,0,-95.55478860819753,0.0,3351,95.55478860819767
Data,5608,-0.0,0.0,2650.9887487897663,0.0,0.0,355.58,0.0,540.4,0,71.96874878976625,0.0,3475,-71.96874878976627
Data,5609,-0.0,0.0,2529.072514031509,0.0,0.0,459.57,0.0,506.2058,0,-253.15168596849074,0.0,3748,253.15168596849105
Data,5610,-0.0,0.0,2580.558692523907,0.0,0.0,511.01,0.0,540.4,0,-220.03130747609305,0.0,3852,220.03130747609282
Data,5611,0.0,0.0,2657.001583290939,0.0,0.0,512.13,0.0,537.2,0,-112.66841670906093,0.0,3819,112.66841670906103
Data,5612,0.0,0.0,2701.6198961168957,0.0,0.0,538.96,0.0,396.2575,0,-115.16260388310394,0.0,3752,115.16260388310428
Data,5613,0.0,0.0,2722.390041409269,0.0,0.0,502.06,0.0,205.6522,0,-179.89775859073112,0.0,3610,179.89775859073092
Data,5614,0.0,0.0,2981.158926730351,0.0,0.0,437.21,0.0,537.2,0,547.5689267303512,0.0,3408,-547.5689267303512
Data,5615,0.0,0.0,2853.612455165439,0.0,0.0,388.01,0.0,537.2,0,561.822455165439,0.0,3217,-561.8224551654389
Data,5616,0.0,0.0,2189.887863357153,0.0,0.0,374.59,0.0,540.4,0,-111.12213664284656,0.0,3216,111.12213664284701
Data,5617,0.0,0.0,2458.1508273674385,0.0,0.0,396.95,0.0,534.0,0,253.10082736743823,0.0,3136,-253.1008273674385
Data,5618,0.0,0.0,2628.903254148872,0.0,0.0,388.01,0.0,537.2,0,337.1132541488721,0.0,3217,-337.1132541488719
Data,5619,0.0,0.0,2131.3764826720712,0.0,0.0,439.45,0.0,534.0,0,-241.17351732792886,0.0,3346,241.17351732792878
Data,5620,0.0,0.0,2243.46050904647,0.0,0.0,483.05,0.0,534.0,0,-251.48949095352978,0.0,3512,251.4894909535298
Data,5621,0.0,0.0,2021.2858477171417,0.0,0.0,517.72,0.0,534.0,0,-555.9941522828582,0.0,3629,555.9941522828583
Data,5622,0.0,0.0,1956.019996114563,0.0,0.0,527.78,0.0,537.2,0,-647.0000038854375,0.0,3668,647.0000038854371
Data,5623,0.0,0.0,2402.9297611021816,0.0,0.0,524.43,0.0,534.0,0,-218.6402388978184,0.0,3680,218.64023889781845
Data,5624,-0.0,0.0,1460.9023474311853,-0.0,0.0,505.42,0.0,534.0,0,-1325.6776525688147,0.0,3826,1325.6776525688147
Data,5625,-0.0,0.0,1004.1537411592693,-0.0,0.0,472.99,0.0,537.2,0,-1988.6562588407312,0.0,4003,1988.6562588407305
Data,5626,-0.0,0.0,826.3990077139244,-0.0,0.0,427.15,0.0,534.0,0,-2341.4509922860752,0.0,4129,2341.4509922860757
Data,5627,-0.0,0.0,702.8213613429231,0.0,0.0,431.62,0.0,537.2,0,-2458.358638657077,0.0,4130,2458.358638657077
Data,5628,-0.0,0.0,704.9402799855302,0.0,0.0,436.09,0.0,537.2,0,-2372.76972001447,0.0,4051,2372.76972001447
Data,5629,-0.0,0.0,919.9370937739094,0.0,0.0,438.33,0.0,537.2,0,-1918.5329062260907,0.0,3814,1918.5329062260905
Data,5630,-0.0,0.0,1241.9849393803815,0.0,0.0,462.93,0.0,540.4,0,-1726.6850606196185,0.0,3972,1726.6850606196185
Data,5631,-0.0,0.0,1681.2245357021823,0.0,0.0,476.35,0.0,537.2,0,-1266.225464297818,0.0,3961,1266.2254642978178
Data,5632,-0.0,0.0,1998.5484882831179,0.0,0.0,508.77,0.0,540.4,0,-904.2815117168818,0.0,3952,904.2815117168822
Data,5633,-0.0,0.0,2167.8601825383025,0.0,0.0,608.29,0.0,540.4,0,-848.4498174616974,0.0,4165,848.4498174616975
Data,5634,-0.0,0.0,2208.743813686165,0.0,0.0,627.3,0.0,537.2,0,-744.756186313835,0.0,4118,744.7561863138349
Data,5635,-0.0,0.0,2391.129753399053,0.0,0.0,635.13,0.0,537.2,0,-421.54024660094706,0.0,3985,421.54024660094717
Data,5636,-0.0,0.0,2690.5285811068866,0.0,0.0,632.89,0.0,540.4,0,15.818581106886601,0.0,3848,-15.81858110688654
Data,5637,0.0,0.0,2838.4293177398326,0.0,0.0,592.64,0.0,537.2,0,345.2693177398323,0.0,3623,-345.2693177398327
Data,5638,0.0,0.0,3394.9603247430823,0.0,0.0,556.85,0.0,540.4,0,1040.210324743082,0.0,3452,-1040.2103247430823
Data,5639,0.0,0.0,3985.027377347812,0.0,0.0,541.2,0.0,537.2,0,1703.4273773478114,0.0,3360,-1703.4273773478121
Data,5640,0.0,0.0,4295.058736850205,0.0,0.0,550.15,0.0,245.8312,0,1715.0399368502046,0.0,3376,-1715.0399368502046
Data,5641,0.0,0.0,4123.313361792098,0.0,0.0,530.02,0.0,32.0,0,1424.3333617920978,0.0,3261,-1424.3333617920975
Data,5642,0.0,0.0,4283.904082226145,0.0,0.0,555.74,0.0,35.2,0,1542.8440822261448,0.0,3332,-1542.844082226145
Data,5643,0.0,0.0,3622.2927598343267,0.0,0.0,578.1,0.0,32.0,0,764.3927598343266,0.0,3468,-764.3927598343267
Data,5644,0.0,0.0,3688.5013815184925,0.0,0.0,587.05,0.0,32.0,0,675.5513815184927,0.0,3632,-675.5513815184925
Data,5645,0.0,0.0,3730.0854493585425,0.0,0.0,582.57,0.0,35.2,0,577.8554493585425,0.0,3770,-577.8554493585426
Data,5646,0.0,0.0,3547.3413788148737,0.0,0.0,581.45,0.0,32.0,0,396.7913788148733,0.0,3764,-396.7913788148737
Data,5647,0.0,0.0,3491.7166818265937,0.0,0.0,575.86,0.0,35.2,0,294.7766818265937,0.0,3808,-294.7766818265937
Data,5648,-0.0,0.0,2817.7153643215374,0.0,0.0,583.69,0.0,32.0,0,-345.59463567846257,0.0,3779,345.5946356784625
Data,5649,-0.0,0.0,2786.44450446265,0.0,0.0,576.98,0.0,35.2,0,-363.37549553735056,0.0,3762,363.37549553735
Data,5650,-0.0,0.0,2998.3332579544854,0.0,0.0,531.14,0.0,32.0,0,-300.526742045515,0.0,3862,300.52674204551465
Data,5651,-0.0,0.0,2955.899607563445,0.0,0.0,468.52,0.0,38.4,0,-389.180392436555,0.0,3852,389.18039243655505
Data,5652,-0.0,0.0,3094.151431238804,0.0,0.0,480.82,0.0,35.2,0,-264.8285687611963,0.0,3875,264.82856876119604
Data,5653,-0.0,0.0,3267.213890004977,0.0,0.0,477.46,0.0,38.4,0,37.07389000497726,0.0,3746,-37.07389000497718
Data,5654,-0.0,0.0,3579.054587849011,0.0,0.0,504.3,0.0,35.2,0,235.55458784901077,0.0,3883,-235.5545878490111
Data,5655,-0.0,0.0,3310.7203857075674,0.0,0.0,552.38,0.0,38.4,0,-78.49961429243221,0.0,3980,78.4996142924326
Data,5656,-0.0,0.0,3411.348037849911,0.0,0.0,601.58,0.0,35.2,0,-61.87196215008899,0.0,4110,61.87196215008878
Data,5657,-0.0,0.0,3360.537576333105,0.0,0.0,611.65,0.0,38.4,0,-348.41242366689534,0.0,4359,348.41242366689517
Data,5658,-0.0,0.0,3580.171131929601,0.0,0.0,632.89,0.0,537.2,0,465.2611319296005,0.0,4285,-465.261131929601
Data,5659,-0.0,0.0,3563.496219379991,0.0,0.0,589.28,0.0,537.2,0,535.9762193799907,0.0,4154,-535.9762193799911
Data,5660,0.0,0.0,3295.494749002807,0.0,0.0,581.45,0.0,540.4,0,384.34474900280725,0.0,4033,-384.34474900280713
Data,5661,0.0,0.0,3173.413505431926,0.0,0.0,571.39,0.0,537.2,0,453.00350543192553,0.0,3829,-453.0035054319259
Data,5662,0.0,0.0,2581.325240495218,0.0,0.0,571.39,0.0,537.2,0,49.91524049521769,0.0,3640,-49.9152404952182
Data,5663,0.0,0.0,2507.067033708469,0.0,0.0,568.04,0.0,540.4,0,96.5070337084691,0.0,3519,-96.50703370846884
Data,5664,0.0,0.0,2554.4336462797114,0.0,0.0,540.08,0.0,537.2,0,108.7136462797111,0.0,3523,-108.7136462797115
Data,5665,0.0,0.0,2450.1374338169253,0.0,0.0,528.9,0.0,537.2,0,100.23743381692515,0.0,3416,-100.23743381692532
Data,5666,0.0,0.0,2649.646196469688,0.0,0.0,533.37,0.0,534.0,0,202.01619646968805,0.0,3515,-202.01619646968823
Data,5667,0.0,0.0,2248.108947293508,0.0,0.0,547.91,0.0,534.0,0,-295.98105270649177,0.0,3626,295.9810527064918
Data,5668,0.0,0.0,2273.900024601715,0.0,0.0,541.2,0.0,537.2,0,-423.6999753982853,0.0,3776,423.699975398285
Data,5669,0.0,0.0,2367.838818033924,0.0,0.0,559.09,0.0,534.0,0,-430.07118196607587,0.0,3891,430.0711819660761
Data,5670,0.0,0.0,2221.772973503026,0.0,539.417026496974,584.81,0.0,534.0,0,0,0.0,3880,539.4170264969739
Data,5671,0.0,0.0,1460.1430416432406,0.0,1265.8169583567594,518.84,0.0,537.2,0,0,0.0,3782,1265.8169583567592
Data,5672,-0.0,0.0,676.8632537830233,0.0,1707.0,499.83,0.0,534.0,0,-151.30674621697673,0.0,3569,1858.3067462169768
Data,5673,-0.0,0.0,600.4168420709123,-0.0,1707.0,484.17,0.0,534.0,0,-224.41315792908765,0.0,3550,1931.4131579290877
Data,5674,-0.0,0.0,556.1578139383037,0.0,1707.0,494.24,0.0,537.2,0,-265.40218606169685,0.0,3560,1972.4021860616963
Data,5675,-0.0,0.0,571.2441338882006,0.0,1707.0,503.18,0.0,540.4,0,-139.17586611179942,0.0,3461,1846.1758661117995
Data,5676,-0.0,0.0,747.5449456344627,0.0,1583.175054365537,490.88,0.0,540.4,0,0,0.0,3362,1583.1750543655373
Data,5677,-0.0,0.0,820.6978502550118,0.0,1491.502149744988,467.4,0.0,540.4,0,0,0.0,3320,1491.5021497449884
Data,5678,-0.0,0.0,1063.4215530589158,0.0,1358.7284469410843,458.45,0.0,540.4,0,0,0.0,3421,1358.7284469410843
Data,5679,-0.0,0.0,1381.75117724575,0.0,1132.15882275425,460.69,0.0,540.4,0,0,0.0,3515,1132.1588227542502
Data,5680,-0.0,0.0,1387.5018737621344,0.0,1287.0581262378655,445.04,0.0,540.4,0,0,0.0,3660,1287.0581262378655
Data,5681,-0.0,0.0,1577.0924204445168,0.0,1320.8875795554832,554.62,0.0,540.4,0,0,0.0,3993,1320.8875795554832
Data,5682,-0.0,0.0,2002.8329439731012,0.0,928.2670560268991,602.7,0.0,537.2,0,0,0.0,4071,928.2670560268987
Data,5683,-0.0,0.0,2546.3930178693654,0.0,357.21698213063445,595.99,0.0,540.4,0,0,0.0,4040,357.2169821306346
Data,5684,-0.0,0.0,2463.099173429181,0.0,363.39082657081894,597.11,0.0,540.4,0,0,0.0,3964,363.39082657081894
Data,5685,-0.0,0.0,2499.7567326762673,0.0,179.56326732373253,589.28,0.0,540.4,0,0,0.0,3809,179.5632673237327
Data,5686,-0.0,0.0,2440.010737847592,0.0,135.44926215240824,531.14,0.0,540.4,0,0,0.0,3647,135.4492621524082
Data,5687,0.0,0.0,2800.885933887427,0.0,0.0,470.75,0.0,540.4,0,332.03593388742706,0.0,3480,-332.0359338874272
Data,5688,0.0,0.0,2591.254554947056,0.0,0.0,471.87,0.0,537.2,0,57.32455494705584,0.0,3543,-57.32455494705607
Data,5689,0.0,0.0,2508.573643653126,0.0,0.0,511.01,0.0,537.2,0,100.783643653126,0.0,3456,-100.78364365312609
Data,5690,0.0,0.0,2441.9537216731187,0.0,1.5462783268811506,504.3,0.0,537.2,0,0,0.0,3485,1.546278326881236
Data,5691,0.0,0.0,2479.360698333382,0.0,117.07930166661811,514.36,0.0,537.2,0,0,0.0,3648,117.07930166661788
Data,5692,0.0,0.0,2375.7532398448,0.0,306.0167601552001,549.03,0.0,537.2,0,0,0.0,3768,306.0167601551998
Data,5693,0.0,0.0,2348.963950451674,0.0,395.22604954832593,584.81,0.0,534.0,0,0,0.0,3863,395.22604954832605
Data,5694,0.0,0.0,2118.2166949935854,0.0,649.1333050064151,581.45,0.0,537.2,0,0,0.0,3886,649.1333050064145
Data,5695,0.0,0.0,2040.4182089843864,0.0,806.1317910156138,513.25,0.0,537.2,0,0,0.0,3897,806.1317910156135
Data,5696,-0.0,0.0,1523.7872481295633,0.0,1486.0027518704367,511.01,0.0,537.2,0,0,0.0,4058,1486.0027518704367
Data,5697,-0.0,0.0,1380.2161122900795,0.0,1707.0,481.94,0.0,183.0,0,-541.8438877099203,0.0,4294,2248.8438877099206
Data,5698,-0.0,0.0,1236.2522432185865,0.0,1707.0,460.69,0.0,537.2,0,-324.8577567814135,0.0,4266,2031.8577567814134
Data,5699,-0.0,0.0,1235.4085591682472,0.0,1707.0,426.03,0.0,537.2,0,-146.3614408317533,0.0,4052,1853.3614408317528
Data,5700,-0.0,0.0,1666.8096052695173,0.0,1707.0,390.25,0.0,189.4,0,-2.5403947304828276,0.0,3956,1709.5403947304826
Data,5701,-0.0,0.0,2033.0868077036898,0.0,929.1494922963102,390.25,0.0,401.5137,0,0,0.0,3754,929.1494922963102
Data,5702,-0.0,0.0,2170.3269835599203,0.0,1062.5820740419622,438.33,0.0,186.2,0,-41.56094239811742,0.0,3899,1104.1430164400797
Data,5703,-0.0,0.0,2805.129050517934,0.0,496.020949482066,458.45,0.0,189.4,0,0,0.0,3949,496.02094948206593
Data,5704,-0.0,0.0,3035.5031148273833,0.0,312.93688517261666,514.36,0.0,186.2,0,0,0.0,4049,312.93688517261666
Data,5705,-0.0,0.0,3033.94207027847,0.0,408.28792972153025,656.37,0.0,189.4,0,0,0.0,4288,408.28792972152996
Data,5706,-0.0,0.0,2948.160218920107,0.0,43.28978107989251,692.15,0.0,540.4,0,0,0.0,4224,43.28978107989292
Data,5707,-0.0,0.0,3233.8589344057273,0.0,30.03106559427289,670.91,0.0,186.2,0,0,0.0,4121,30.031065594272775
Data,5708,-0.0,0.0,3271.7562072581486,0.0,0.0,588.16,0.0,189.4,0,64.31620725814868,0.0,3985,-64.31620725814858
Data,5709,-0.0,0.0,3484.7981938238345,0.0,0.0,541.2,0.0,540.4,0,777.3981938238348,0.0,3789,-777.3981938238345
Data,5710,0.0,0.0,3471.181787436694,0.0,0.0,551.26,0.0,537.2,0,976.641787436694,0.0,3583,-976.6417874366939
Data,5711,0.0,0.0,2931.7043234896573,0.0,0.0,507.65,0.0,540.4,0,449.7543234896577,0.0,3530,-449.7543234896573
Data,5712,0.0,0.0,2942.0271962410457,0.0,0.0,492.0,0.0,189.4,0,120.42719624104572,0.0,3503,-120.42719624104566
Data,5713,0.0,0.0,2783.6229361245255,0.0,0.0,477.46,0.0,534.0,0,388.0829361245254,0.0,3407,-388.0829361245255
Data,5714,0.0,0.0,2597.367508918436,0.0,0.0,486.41,0.0,537.2,0,141.97750891843594,0.0,3479,-141.97750891843629
Data,5715,0.0,0.0,2485.5948236350982,0.0,105.40517636490182,492.0,0.0,534.0,0,0,0.0,3617,105.40517636490176
Data,5716,0.0,0.0,2528.849721165665,0.0,263.72027883433503,475.23,0.0,537.2,0,0,0.0,3805,263.720278834335
Data,5717,0.0,0.0,2054.7686437886737,0.0,791.5413562113267,534.49,0.0,537.2,0,0,0.0,3918,791.5413562113263
Data,5718,0.0,0.0,2054.0497628276344,0.0,727.8302371723656,616.12,0.0,534.0,0,0,0.0,3932,727.8302371723656
Data,5719,0.0,0.0,1990.6068093934205,0.0,807.0231906065796,607.17,0.0,537.2,0,0,0.0,3942,807.0231906065795
Data,5720,-0.0,0.0,1878.567695633993,0.0,967.412304366007,530.02,0.0,534.0,0,0,0.0,3910,967.412304366007
Data,5721,-0.0,0.0,1760.6189681928088,0.0,1443.6410318071914,506.54,0.0,186.2,0,0,0.0,3897,1443.6410318071912
Data,5722,-0.0,0.0,1521.2594251461508,0.0,1337.3905748538493,495.35,0.0,534.0,0,0,0.0,3888,1337.390574853849
Data,5723,-0.0,0.0,1573.5525883863752,0.0,1550.1874116136246,452.86,0.0,189.4,0,0,0.0,3766,1550.1874116136248
Data,5724,-0.0,0.0,1288.5209956390734,0.0,1474.8290043609265,409.25,0.0,540.4,0,0,0.0,3713,1474.8290043609268
Data,5725,-0.0,0.0,1404.2955648424054,0.0,1128.1944351575949,400.31,0.0,537.2,0,0,0.0,3470,1128.1944351575946
Data,5726,-0.0,0.0,1321.897348798015,0.0,1356.1526512019848,421.55,0.0,540.4,0,0,0.0,3640,1356.152651201985
Data,5727,-0.0,0.0,1488.978338816429,0.0,1688.7416611835713,417.08,0.0,186.2,0,0,0.0,3781,1688.741661183571
Data,5728,-0.0,0.0,1763.0958483119412,0.0,1169.094151688059,486.41,0.0,540.4,0,0,0.0,3959,1169.094151688059
Data,5729,-0.0,0.0,2267.2845924341855,0.0,832.8254075658147,583.69,0.0,537.2,0,0,0.0,4221,832.8254075658144
Data,5730,-0.0,0.0,2477.8545609503058,0.0,505.85543904969427,632.89,0.0,540.4,0,0,0.0,4157,505.85543904969427
Data,5731,-0.0,0.0,3207.1473015777055,0.0,0.0,677.62,0.0,537.2,0,393.9673015777054,0.0,4028,-393.9673015777056
Data,5732,0.0,0.0,3597.709879595552,0.0,0.0,672.03,0.0,537.2,0,886.9398795955516,0.0,3920,-886.9398795955522
Data,5733,0.0,0.0,3435.219982901752,0.0,0.0,571.39,0.0,279.3911,0,568.0010829017517,0.0,3718,-568.0010829017517
Data,5734,0.0,0.0,3151.038364034152,0.0,0.0,552.38,0.0,186.2,0,386.61836403415174,0.0,3503,-386.61836403415197
Data,5735,0.0,0.0,3229.990274901552,0.0,0.0,507.65,0.0,186.2,0,520.8402749015515,0.0,3403,-520.8402749015518
Data,5736,0.0,0.0,2977.1212606359854,0.0,0.0,500.95,0.0,38.4,0,77.47126063598549,0.0,3439,-77.47126063598543
Data,5737,0.0,0.0,3706.39521972546,0.0,0.0,475.23,0.0,32.0,0,843.6252197254599,0.0,3370,-843.6252197254598
Data,5738,0.0,0.0,3655.367329907567,0.0,0.0,514.36,0.0,32.0,0,780.7273299075675,0.0,3421,-780.7273299075672
Data,5739,0.0,0.0,3495.51141231272,0.0,0.0,561.33,0.0,35.2,0,563.0414123127197,0.0,3529,-563.0414123127201
Data,5740,0.0,0.0,4222.648290069617,0.0,0.0,621.71,0.0,32.0,0,1190.3582900696179,0.0,3686,-1190.3582900696174
Data,5741,0.0,0.0,3848.3414995401013,0.0,0.0,590.4,0.0,35.2,0,699.9414995401012,0.0,3774,-699.9414995401013
Data,5742,0.0,0.0,3587.61303343052,0.0,0.0,594.87,0.0,32.0,0,483.4830334305197,0.0,3731,-483.48303343051987
Data,5743,0.0,0.0,3061.5205943530746,0.0,0.0,568.04,0.0,35.2,0,70.76059435307414,0.0,3594,-70.76059435307452
Data,5744,-0.0,0.0,2061.1164659816513,0.0,883.0935340183487,546.79,0.0,32.0,0,0,0.0,3523,883.0935340183487
Data,5745,-0.0,0.0,1946.1637827548427,0.0,994.7462172451576,509.89,0.0,35.2,0,0,0.0,3486,994.7462172451573
Data,5746,-0.0,0.0,1998.4062661313571,0.0,983.0137338686429,478.58,0.0,32.0,0,0,0.0,3492,983.0137338686429
Data,5747,-0.0,0.0,1964.8687014994944,0.0,1113.2812985005057,488.65,0.0,35.2,0,0,0.0,3602,1113.2812985005057
Data,5748,-0.0,0.0,2043.9803539893537,0.0,1063.9896460106465,499.83,0.0,35.2,0,0,0.0,3643,1063.9896460106463
Data,5749,-0.0,0.0,1727.5736120885135,0.0,1223.5463879114864,515.48,0.0,38.4,0,0,0.0,3505,1223.5463879114864
Data,5750,-0.0,0.0,2078.201814098548,0.0,747.9181859014524,564.68,0.0,35.2,0,0,0.0,3426,747.9181859014521
Data,5751,-0.0,0.0,2254.998922649774,0.0,578.2210773502263,601.58,0.0,35.2,0,0,0.0,3470,578.2210773502258
Data,5752,-0.0,0.0,2219.3864370532406,0.0,616.0935629467594,616.12,0.0,38.4,0,0,0.0,3490,616.0935629467594
Data,5753,-0.0,0.0,2266.0408172804964,0.0,755.3791827195034,675.38,0.0,35.2,0,0,0.0,3732,755.3791827195035
Data,5754,0.0,0.0,3029.303681329196,0.0,11.38631867080393,720.11,0.0,35.2,0,0,0.0,3796,11.38631867080396
Data,5755,0.0,0.0,3847.512635627593,0.0,0.0,744.71,0.0,38.4,0,894.6226356275936,0.0,3736,-894.6226356275932
Data,5756,0.0,0.0,3871.2785065953353,0.0,0.0,745.83,0.0,35.2,0,984.3085065953351,0.0,3668,-984.3085065953354
Data,5757,0.0,0.0,3916.5218436623054,0.0,0.0,676.5,0.0,38.4,0,1100.4218436623057,0.0,3531,-1100.4218436623055
Data,5758,0.0,0.0,3685.383514296589,0.0,0.0,612.76,0.0,35.2,0,941.3435142965889,0.0,3392,-941.3435142965891
Data,5759,0.0,0.0,3596.9725560026936,0.0,0.0,571.39,0.0,38.4,0,867.7625560026936,0.0,3339,-867.7625560026936
Data,5760,0.0,0.0,3456.9569179283417,0.0,0.0,554.62,0.0,38.4,0,640.9769179283417,0.0,3409,-640.9769179283417
Data,5761,0.0,0.0,3202.4508027127085,0.0,0.0,522.19,0.0,32.0,0,463.64080271270876,0.0,3293,-463.6408027127086
Data,5762,0.0,0.0,2919.0865960883343,0.0,0.0,546.79,0.0,35.2,0,161.07659608833418,0.0,3340,-161.07659608833427
Data,5763,0.0,0.0,2827.9924442083193,0.0,4.907555791680579,578.1,0.0,32.0,0,0,0.0,3443,4.907555791680693
Data,5764,0.0,0.0,2894.5774155670133,0.0,74.36503748892632,578.1,0.0,32.0,0,-40.957546944060525,0.0,3620,115.32258443298667
Data,5765,0.0,0.0,2704.137402081505,0.0,381.5525979184948,597.11,0.0,35.2,0,0,0.0,3718,381.5525979184949
Data,5766,0.0,0.0,2881.2468429236483,0.0,169.2331570763517,591.52,0.0,32.0,0,0,0.0,3674,169.23315707635174
Data,5767,0.0,0.0,2757.3746057831286,0.0,186.27539421687163,569.15,0.0,35.2,0,0,0.0,3548,186.27539421687146
Data,5768,-0.0,0.0,2265.438933177568,0.0,569.761066822432,565.8,0.0,32.0,0,0,0.0,3433,569.7610668224322
Data,5769,-0.0,0.0,2546.6597467217616,0.0,301.4102532782384,536.73,0.0,35.2,0,0,0.0,3420,301.4102532782384
Data,5770,-0.0,0.0,2473.992097768143,0.0,402.1379022318569,496.47,0.0,38.4,0,0,0.0,3411,402.13790223185686
Data,5771,-0.0,0.0,2764.915020147125,0.0,191.6649798528754,456.22,0.0,35.2,0,0,0.0,3448,191.6649798528752
Data,5772,-0.0,0.0,2726.2608361650578,0.0,184.52916383494238,461.81,0.0,38.4,0,0,0.0,3411,184.52916383494224
Data,5773,-0.0,0.0,2440.2420105907604,0.0,498.00798940923937,402.55,0.0,35.2,0,0,0.0,3376,498.0079894092396
Data,5774,-0.0,0.0,2332.2268097791234,0.0,433.6231902208765,451.75,0.0,38.4,0,0,0.0,3256,433.6231902208766
Data,5775,-0.0,0.0,2472.2456492681304,0.0,417.10435073187017,458.45,0.0,35.2,0,0,0.0,3383,417.10435073186966
Data,5776,-0.0,0.0,2397.67507268532,0.0,520.1949273146802,462.93,0.0,186.2,0,0,0.0,3567,520.1949273146798
Data,5777,-0.0,0.0,2734.505349345953,0.0,0.0,589.28,0.0,540.4,0,48.185349345953554,0.0,3816,-48.185349345953114
Data,5778,0.0,0.0,3309.634546571315,0.0,0.0,742.47,0.0,537.2,0,660.3045465713147,0.0,3929,-660.3045465713149
Data,5779,0.0,0.0,3798.3649811297173,0.0,0.0,750.3,0.0,537.2,0,1173.864981129717,0.0,3912,-1173.8649811297173
Data,5780,0.0,0.0,3797.6086004439876,0.0,0.0,727.94,0.0,540.4,0,1232.9486004439877,0.0,3833,-1232.9486004439877
Data,5781,0.0,0.0,3797.176622316685,0.0,0.0,587.05,0.0,537.2,0,1222.4266223166853,0.0,3699,-1222.426622316685
Data,5782,0.0,0.0,3599.8315515233303,0.0,0.0,576.98,0.0,540.4,0,1206.2115515233304,0.0,3511,-1206.2115515233304
Data,5783,0.0,0.0,3626.0579247252817,0.0,0.0,559.09,0.0,537.2,0,1409.3479247252817,0.0,3313,-1409.3479247252817
Data,5784,0.0,0.0,4027.507687882008,0.0,0.0,531.14,0.0,537.2,0,1772.8476878820081,0.0,3323,-1772.8476878820084
Data,5785,0.0,0.0,3818.146376771744,0.0,0.0,468.52,0.0,537.2,0,1594.8663767717442,0.0,3229,-1594.8663767717442
Data,5786,0.0,0.0,3129.1310220786454,0.0,0.0,496.47,0.0,534.0,0,850.6010220786455,0.0,3309,-850.6010220786454
Data,5787,0.0,0.0,2806.1803643779367,0.0,0.0,552.38,0.0,537.2,0,425.7603643779366,0.0,3470,-425.76036437793675
Data,5788,0.0,0.0,2626.1590402854104,0.0,0.0,575.86,0.0,534.0,0,104.01904028541041,0.0,3632,-104.01904028541037
Data,5789,0.0,0.0,2312.3901978601643,0.0,300.6698021398358,604.94,0.0,534.0,0,0,0.0,3752,300.6698021398356
Data,5790,0.0,0.0,2020.7201820558307,0.0,621.9598179441696,616.12,0.0,537.2,0,0,0.0,3796,621.9598179441692
Data,5791,0.0,0.0,2005.4206601703745,0.0,784.7293398296257,556.85,0.0,534.0,0,0,0.0,3881,784.7293398296255
Data,5792,0.0,0.0,1751.0871315289394,0.0,1158.4528684710606,551.26,0.0,537.2,0,0,0.0,3998,1158.4528684710606
Data,5793,-0.0,0.0,1934.7660013631134,0.0,1200.2439986368868,472.99,0.0,534.0,0,0,0.0,4142,1200.2439986368865
Data,5794,-0.0,0.0,2061.983785557439,0.0,1164.4962144425606,419.32,0.0,537.2,0,0,0.0,4183,1164.4962144425608
Data,5795,-0.0,0.0,1753.535794606923,0.0,1445.7642053930772,430.5,0.0,537.2,0,0,0.0,4167,1445.764205393077
Data,5796,-0.0,0.0,1428.133780546269,0.0,1696.196219453731,447.27,0.0,540.4,0,0,0.0,4112,1696.196219453731
Data,5797,-0.0,0.0,1204.5535705929087,0.0,1707.0,374.59,0.0,537.2,0,-35.65642940709124,0.0,3859,1742.6564294070913
Data,5798,-0.0,0.0,973.775520991782,0.0,1707.0,422.67,0.0,537.2,0,-420.35447900821816,0.0,4061,2127.354479008218
Data,5799,-0.0,0.0,944.3712584533157,0.0,1707.0,496.47,0.0,540.4,0,-420.75874154668446,0.0,4109,2127.758741546684
Data,5800,-0.0,0.0,906.974884471987,-0.0,1707.0,572.51,0.0,537.2,0,-481.315115528013,0.0,4205,2188.315115528013
Data,5801,-0.0,0.0,1265.0899969423094,-0.0,1707.0,685.45,0.0,537.2,0,-198.2600030576909,0.0,4393,1905.2600030576905
Data,5802,0.0,0.0,2285.0599010813567,0.0,803.9100989186431,696.63,0.0,540.4,0,0,0.0,4326,803.9100989186434
Data,5803,0.0,0.0,2726.446612109354,0.0,204.7733878906462,724.58,0.0,537.2,0,0,0.0,4193,204.77338789064572
Data,5804,0.0,0.0,2462.712959080819,0.0,337.31704091918067,705.57,0.0,540.4,0,0,0.0,4046,337.31704091918095
Data,5805,0.0,0.0,2067.4588078653173,0.0,583.5011921346827,641.84,0.0,537.2,0,0,0.0,3830,583.5011921346826
Data,5806,0.0,0.0,1669.8623873207694,0.0,846.3676126792308,582.57,0.0,537.2,0,0,0.0,3636,846.3676126792305
Data,5807,0.0,0.0,2421.40778008617,0.0,262.47221991383014,566.92,0.0,186.2,0,0,0.0,3437,262.47221991383
Data,5808,0.0,0.0,2628.1453336508484,0.0,0.0,570.27,0.0,450.1606,0,242.57593365084855,0.0,3406,-242.5759336508484
Data,5809,0.0,0.0,2616.5104938913155,0.0,0.0,541.2,0.0,183.0,0,45.71049389131511,0.0,3295,-45.71049389131554
Data,5810,0.0,0.0,2363.2840160388987,0.0,250.20598396110097,572.51,0.0,183.0,0,0,0.0,3369,250.2059839611013
Data,5811,0.0,0.0,2539.6898186951657,0.0,149.94018130483428,607.17,0.0,186.2,0,0,0.0,3483,149.9401813048343
Data,5812,0.0,0.0,2710.606487473072,0.0,290.8635125269282,610.53,0.0,32.0,0,0,0.0,3644,290.86351252692816
Data,5813,0.0,0.0,1929.2312201088398,0.0,1172.9387798911603,622.83,0.0,32.0,0,0,0.0,3757,1172.9387798911603
Data,5814,0.0,0.0,1716.3529669712066,0.0,1336.6670330287939,650.78,0.0,35.2,0,0,0.0,3739,1336.6670330287934
Data,5815,0.0,0.0,1769.3986926582306,0.0,1304.2313073417695,656.37,0.0,32.0,0,0,0.0,3762,1304.2313073417695
Data,5816,-0.0,0.0,1453.859536738643,-0.0,1707.0,660.85,0.0,32.0,0,-9.29046326135694,0.0,3863,1716.2904632613568
Data,5817,-0.0,0.0,1477.4896157546539,0.0,1707.0,664.2,0.0,32.0,0,-307.31038424534614,0.0,4188,2014.310384245346
Data,5818,-0.0,0.0,2296.9497834700896,0.0,1303.310216529911,629.54,0.0,35.2,0,0,0.0,4265,1303.3102165299103
Data,5819,-0.0,0.0,2267.0331180397643,0.0,1334.6768819602357,608.29,0.0,32.0,0,0,0.0,4242,1334.6768819602357
Data,5820,-0.0,0.0,2459.5121548316083,0.0,1145.6078451683918,613.88,0.0,32.0,0,0,0.0,4251,1145.6078451683916
Data,5821,-0.0,0.0,2750.096891275369,0.0,660.0031087246311,602.7,0.0,35.2,0,0,0.0,4048,660.0031087246307
Data,5822,-0.0,0.0,3256.2747981993966,0.0,0.0,604.94,0.0,537.2,0,207.4147981993962,0.0,4191,-207.41479819939673
Data,5823,-0.0,0.0,2379.1557659718023,0.0,622.5942340281978,606.05,0.0,537.2,0,0,0.0,4145,622.5942340281977
Data,5824,-0.0,0.0,3150.329059729045,0.0,0.0,694.39,0.0,540.4,0,261.11905972904526,0.0,4124,-261.11905972904515
Data,5825,-0.0,0.0,2754.312646895414,0.0,220.43735310458575,729.05,0.0,537.2,0,0,0.0,4241,220.43735310458578
Data,5826,-0.0,0.0,3482.4418304500496,0.0,0.0,760.36,0.0,496.1513,0,586.9531304500496,0.0,4152,-586.9531304500496
Data,5827,0.0,0.0,4067.388425998045,0.0,0.0,776.02,0.0,189.4,0,1002.8084259980451,0.0,4030,-1002.808425998045
Data,5828,0.0,0.0,4030.384097914485,0.0,0.0,778.25,0.0,186.2,0,1077.834097914485,0.0,3917,-1077.8340979144853
Data,5829,0.0,0.0,4202.954343630619,0.0,0.0,722.35,0.0,186.2,0,1401.5043436306187,0.0,3710,-1401.5043436306194
Data,5830,0.0,0.0,3963.5277039413877,0.0,0.0,693.27,0.0,35.2,0,1200.9977039413875,0.0,3491,-1200.9977039413877
Data,5831,0.0,0.0,4068.7656214253598,0.0,0.0,694.39,0.0,35.2,0,1507.3556214253595,0.0,3291,-1507.3556214253597
Data,5832,0.0,0.0,3738.9356155253045,0.0,0.0,706.69,0.0,38.4,0,1198.0256155253046,0.0,3286,-1198.0256155253046
Data,5833,0.0,0.0,4114.479695748311,0.0,0.0,703.34,0.0,32.0,0,1654.8196957483112,0.0,3195,-1654.8196957483115
Data,5834,0.0,0.0,4245.262869563293,0.0,0.0,711.16,0.0,32.0,0,1711.4228695632928,0.0,3277,-1711.4228695632928
Data,5835,0.0,0.0,4028.8930353879023,0.0,0.0,718.99,0.0,35.2,0,1356.0830353879016,0.0,3427,-1356.0830353879023
Data,5836,0.0,0.0,4075.28059836618,0.0,0.0,733.53,0.0,32.0,0,1246.81059836618,0.0,3594,-1246.81059836618
Data,5837,0.0,0.0,4269.327077075874,0.0,0.0,723.46,0.0,32.0,0,1293.7870770758739,0.0,3731,-1293.7870770758736
Data,5838,0.0,0.0,4160.600948374595,0.0,0.0,723.46,0.0,32.0,0,1160.0609483745945,0.0,3756,-1160.0609483745948
Data,5839,0.0,0.0,3714.3241574325707,0.0,0.0,716.75,0.0,32.0,0,612.0741574325708,0.0,3851,-612.0741574325707
Data,5840,0.0,0.0,3607.664828687394,0.0,0.0,730.17,0.0,35.2,0,344.0348286873938,0.0,4029,-344.03482868739417
Data,5841,-0.0,0.0,3997.6688821144085,0.0,0.0,734.65,0.0,38.4,0,263.7188821144083,0.0,4507,-263.7188821144084
Data,5842,-0.0,0.0,3952.595372160978,0.0,53.10462783902241,701.1,0.0,35.2,0,0,0.0,4742,53.104627839021916
Data,5843,-0.0,0.0,3823.7427008882114,0.0,105.3672991117891,657.49,0.0,38.4,0,0,0.0,4625,105.36729911178858
Data,5844,-0.0,0.0,4157.829877309875,0.0,0.0,664.2,0.0,38.4,0,323.42987730987426,0.0,4537,-323.429877309875
Data,5845,-0.0,0.0,4374.868530046624,0.0,0.0,629.54,0.0,38.4,0,741.8085300466237,0.0,4301,-741.808530046624
Data,5846,-0.0,0.0,4331.887548316504,0.0,0.0,656.37,0.0,38.4,0,727.6575483165038,0.0,4299,-727.6575483165038
Data,5847,-0.0,0.0,4663.405069804096,0.0,0.0,691.04,0.0,38.4,0,1131.8450698040954,0.0,4261,-1131.8450698040956
Data,5848,-0.0,0.0,4683.916643035284,0.0,0.0,727.94,0.0,35.2,0,1050.0566430352842,0.0,4397,-1050.0566430352844
Data,5849,-0.0,0.0,4855.992771602805,0.0,0.0,773.78,0.0,38.4,0,1035.1727716028047,0.0,4633,-1035.1727716028051
Data,5850,-0.0,0.0,5197.9175547326995,0.0,0.0,800.62,0.0,38.4,0,1403.9375547326988,0.0,4633,-1403.9375547326995
Data,5851,0.0,0.0,5315.82577199556,0.0,0.0,807.33,0.0,38.4,0,1631.5557719955598,0.0,4530,-1631.55577199556
Data,5852,0.0,0.0,5196.338020376283,0.0,0.0,791.67,0.0,38.4,0,1647.4080203762821,0.0,4379,-1647.4080203762826
Data,5853,0.0,0.0,5077.374565498353,0.0,0.0,751.42,0.0,38.4,0,1637.194565498353,0.0,4230,-1637.194565498353
Data,5854,0.0,0.0,4930.856997219301,0.0,0.0,723.46,0.0,38.4,0,1649.7169972193008,0.0,4043,-1649.716997219301
Data,5855,0.0,0.0,4889.602511380097,0.0,0.0,704.45,0.0,35.2,0,1801.2525113800968,0.0,3828,-1801.252511380097
Data,5856,0.0,0.0,4876.6247083269,0.0,0.0,701.1,0.0,38.4,0,1739.1247083269002,0.0,3877,-1739.1247083269
Data,5857,0.0,0.0,4788.618772462309,0.0,0.0,670.91,0.0,35.2,0,1717.7287724623081,0.0,3777,-1717.7287724623086
Data,5858,0.0,0.0,4650.68362540058,0.0,0.0,664.2,0.0,35.2,0,1508.0836254005796,0.0,3842,-1508.0836254005803
Data,5859,0.0,0.0,4435.048498778784,0.0,0.0,660.85,0.0,35.2,0,1154.098498778784,0.0,3977,-1154.098498778784
Data,5860,0.0,0.0,4322.75653416061,0.0,0.0,687.68,0.0,35.2,0,898.6365341606097,0.0,4147,-898.6365341606096
Data,5861,0.0,0.0,4132.615039622924,0.0,0.0,724.58,0.0,32.0,0,607.1950396229245,0.0,4282,-607.1950396229241
Data,5862,0.0,0.0,3882.017911716694,0.0,0.0,736.88,0.0,35.2,0,349.0979117166938,0.0,4305,-349.097911716694
Data,5863,0.0,0.0,3747.1225305737894,0.0,0.0,707.81,0.0,38.4,0,105.33253057378897,0.0,4388,-105.33253057378934
Data,5864,0.0,0.0,3376.122254603568,0.0,300.9777453964325,676.5,0.0,38.4,0,0,0.0,4392,300.97774539643217
Data,5865,-0.0,0.0,3071.812504718567,0.0,805.3574952814331,696.63,0.0,35.2,0,0,0.0,4609,805.3574952814328
Data,5866,-0.0,0.0,3057.599945068569,0.0,971.0800549314313,689.92,0.0,38.4,0,0,0.0,4757,971.080054931431
Data,5867,-0.0,0.0,2990.7885587758356,0.0,1004.4514412241649,637.36,0.0,38.4,0,0,0.0,4671,1004.4514412241645
Data,5868,-0.0,0.0,2841.85698588872,0.0,1052.503014111281,617.24,0.0,38.4,0,0,0.0,4550,1052.50301411128
Data,5869,-0.0,0.0,3001.6435487706412,0.0,736.6764512293598,589.28,0.0,38.4,0,0,0.0,4366,736.6764512293588
Data,5870,-0.0,0.0,3459.1209143982,0.0,387.1590856018003,591.52,0.0,35.2,0,0,0.0,4473,387.1590856018
Data,5871,-0.0,0.0,3516.755139613005,0.0,417.31486038699546,610.53,0.0,38.4,0,0,0.0,4583,417.31486038699484
Data,5872,-0.0,0.0,3367.2865258803527,0.0,677.7534741196475,686.56,0.0,38.4,0,0,0.0,4770,677.7534741196474
Data,5873,-0.0,0.0,3393.1685021189764,0.0,764.8314978810236,762.6,0.0,38.4,0,0,0.0,4959,764.8314978810236
Data,5874,-0.0,0.0,3725.606346694032,0.0,363.6336533059684,809.56,0.0,35.2,0,0,0.0,4934,363.63365330596827
Data,5875,0.0,0.0,4362.736741120561,0.0,0.0,789.44,0.0,38.4,0,360.57674112056105,0.0,4830,-360.57674112056145
Data,5876,0.0,0.0,4593.148435493695,0.0,0.0,767.07,0.0,38.4,0,734.618435493694,0.0,4664,-734.6184354936947
Data,5877,0.0,0.0,4593.963178955506,0.0,0.0,693.27,0.0,38.4,0,827.6331789555056,0.0,4498,-827.633178955506
Data,5878,0.0,0.0,4342.807562483967,0.0,0.0,627.3,0.0,38.4,0,663.5075624839662,0.0,4345,-663.5075624839666
Data,5879,0.0,0.0,4563.736317660383,0.0,0.0,584.81,0.0,38.4,0,1098.946317660383,0.0,4088,-1098.946317660383
Data,5880,0.0,0.0,4570.040214645237,0.0,0.0,591.52,0.0,35.2,0,1082.7602146452366,0.0,4114,-1082.760214645237
Data,5881,0.0,0.0,3881.327892164868,0.0,0.0,594.87,0.0,35.2,0,488.3978921648675,0.0,4023,-488.397892164868
Data,5882,0.0,0.0,3516.9713717468676,0.0,0.0,590.4,0.0,35.2,0,19.57137174686754,0.0,4123,-19.57137174686757
Data,5883,0.0,0.0,3339.5818521231413,0.0,134.10814787685868,597.11,0.0,186.2,0,0,0.0,4257,134.1081478768587
Data,5884,0.0,0.0,3027.931080551206,0.0,583.6189194487945,636.25,0.0,186.2,0,0,0.0,4434,583.618919448794
Data,5885,0.0,0.0,2905.8897495061774,0.0,864.1302504938233,650.78,0.0,186.2,0,0,0.0,4607,864.1302504938226
Data,5886,0.0,0.0,2273.499181724937,0.0,1473.750818275063,648.55,0.0,186.2,0,0,0.0,4582,1473.750818275063
Data,5887,0.0,0.0,2637.634543163991,0.0,812.1554568360087,634.01,0.0,537.2,0,0,0.0,4621,812.1554568360089
Data,5888,0.0,0.0,2227.6699606227344,0.0,1164.6600393772655,570.27,0.0,540.4,0,0,0.0,4503,1164.6600393772655
Data,5889,-0.0,0.0,2186.456089959866,0.0,1675.5839100401342,563.56,0.0,189.4,0,0,0.0,4615,1675.583910040134
Data,5890,-0.0,0.0,1668.4031018426713,0.0,1707.0,546.79,0.0,189.4,0,-543.4068981573292,0.0,4655,2250.4068981573287
Data,5891,-0.0,0.0,2015.9971194736215,0.0,1707.0,507.65,0.0,189.4,0,-174.95288052637858,0.0,4595,1881.9528805263785
Data,5892,-0.0,0.0,2365.5433989488574,0.0,1465.6466010511435,486.41,0.0,189.4,0,0,0.0,4507,1465.6466010511426
Data,5893,-0.0,0.0,1894.814627912338,0.0,1350.875372087662,474.11,0.0,537.2,0,0,0.0,4257,1350.875372087662
Data,5894,-0.0,0.0,2759.173370558496,0.0,475.1266294415038,504.3,0.0,540.4,0,0,0.0,4279,475.1266294415039
Data,5895,-0.0,0.0,2580.6656448672443,0.0,695.7143551327557,579.22,0.0,540.4,0,0,0.0,4396,695.7143551327557
Data,5896,-0.0,0.0,2645.5467481339433,0.0,811.9132518660576,654.14,0.0,540.4,0,0,0.0,4652,811.9132518660567
Data,5897,-0.0,0.0,2481.0389794850976,0.0,1121.4710205149026,731.29,0.0,537.2,0,0,0.0,4871,1121.4710205149024
Data,5898,0.0,0.0,3310.1790196409656,0.0,254.47098035903485,765.95,0.0,540.4,0,0,0.0,4871,254.47098035903434
Data,5899,0.0,0.0,3731.414911128896,0.0,0.0,761.48,0.0,540.4,0,272.29491112889605,0.0,4761,-272.29491112889616
Data,5900,0.0,0.0,3750.655375209935,0.0,0.0,740.24,0.0,540.4,0,407.29537520993506,0.0,4624,-407.29537520993483
Data,5901,0.0,0.0,4132.417282903625,0.0,0.0,657.49,0.0,537.2,0,907.1072829036248,0.0,4420,-907.1072829036252
Data,5902,0.0,0.0,4255.4364735285335,0.0,0.0,566.92,0.0,540.4,0,1141.7564735285337,0.0,4221,-1141.7564735285334
Data,5903,0.0,0.0,3941.344122497797,0.0,0.0,544.55,0.0,540.4,0,1039.2941224977965,0.0,3987,-1039.2941224977967
Data,5904,0.0,0.0,3912.627431729196,0.0,0.0,549.03,0.0,537.2,0,978.8574317291955,0.0,4020,-978.8574317291959
Data,5905,0.0,0.0,3669.089934837192,0.0,0.0,537.85,0.0,537.2,0,810.1399348371915,0.0,3934,-810.1399348371918
Data,5906,0.0,0.0,2758.043736484484,0.0,190.84626351551654,547.91,0.0,537.2,0,0,0.0,4034,190.84626351551617
Data,5907,0.0,0.0,2228.8493839077614,0.0,822.4006160922386,593.75,0.0,534.0,0,0,0.0,4179,822.4006160922386
Data,5908,0.0,0.0,1877.070492528088,0.0,1276.2495074719122,638.48,0.0,537.2,0,0,0.0,4329,1276.249507471912
Data,5909,0.0,0.0,2201.354198832734,0.0,887.5158011672665,708.93,0.0,537.2,0,0,0.0,4335,887.5158011672662
Data,5910,0.0,0.0,1579.6598751357233,0.0,1469.7701248642766,705.57,0.0,534.0,0,0,0.0,4289,1469.7701248642766
Data,5911,0.0,0.0,805.3395606606455,0.0,1707.0,625.06,0.0,537.2,0,-507.4004393393548,0.0,4182,2214.4004393393543
Data,5912,0.0,0.0,724.750344423768,0.0,1707.0,512.13,0.0,537.2,0,-598.9196555762321,0.0,4080,2305.919655576232
Data,5913,-0.0,0.0,559.8699363490628,-0.0,1707.0,483.05,0.0,534.0,0,-997.0800636509371,0.0,4281,2704.080063650937
Data,5914,-0.0,0.0,1186.283263373793,-0.0,1707.0,464.05,0.0,540.4,0,-416.26673662620664,0.0,4314,2123.266736626207
Data,5915,-0.0,0.0,957.71040489879,0.0,1707.0,458.45,0.0,540.4,0,-545.4395951012101,0.0,4209,2252.43959510121
Data,5916,-0.0,0.0,733.4458472505942,0.0,1707.0,462.93,0.0,537.2,0,-768.4241527494062,0.0,4209,2475.424152749406
Data,5917,-0.0,0.0,900.7763465417166,0.0,1707.0,434.97,0.0,540.4,0,-632.8536534582835,0.0,4216,2339.8536534582836
Data,5918,-0.0,0.0,933.975856734447,0.0,1707.0,489.76,0.0,270.3484,0,-1024.915743265553,0.0,4426,2731.915743265553
Data,5919,-0.0,0.0,953.9851702407852,-0.0,1707.0,494.24,0.0,360.9772,0,-902.7976297592147,0.0,4419,2609.797629759215
Data,5920,-0.0,0.0,1289.3152195944742,0.0,1707.0,536.73,0.0,540.4,0,-284.55478040552566,0.0,4358,1991.554780405526
Data,5921,-0.0,0.0,1025.2943217104503,0.0,1707.0,698.86,0.0,540.4,0,-432.44567828954956,0.0,4404,2139.4456782895495
Data,5922,0.0,0.0,2000.9838672800265,0.0,1171.4361327199736,749.18,0.0,540.4,0,0,0.0,4462,1171.4361327199736
Data,5923,0.0,0.0,2332.70938761237,0.0,769.6606123876302,770.43,0.0,537.2,0,0,0.0,4410,769.6606123876301
Data,5924,0.0,0.0,2360.7838342668665,0.0,972.2040657331338,670.91,0.0,291.1021,0,0,0.0,4295,972.2040657331336
Data,5925,0.0,0.0,2334.232257120338,0.0,608.7677428796619,639.6,0.0,540.4,0,0,0.0,4123,608.7677428796619
Data,5926,0.0,0.0,2189.466134486316,0.0,783.4856655136841,556.85,0.0,494.1982,0,0,0.0,4024,783.4856655136839
Data,5927,0.0,0.0,2599.8305409757395,0.0,235.69785902426014,521.07,0.0,481.4016,0,0,0.0,3838,235.69785902426048
Data,5928,0.0,0.0,2821.1073514536065,0.0,531.5426485463936,500.95,0.0,38.4,0,0,0.0,3892,531.5426485463935
Data,5929,0.0,0.0,3579.3306859916784,0.0,0.0,525.55,0.0,35.2,0,200.08068599167825,0.0,3940,-200.0806859916783
Data,5930,0.0,0.0,3308.8360761288795,0.0,210.43392387112027,536.73,0.0,32.0,0,0,0.0,4088,210.43392387112044
Data,5931,0.0,0.0,3049.4894689549783,0.0,553.9405310450218,533.37,0.0,35.2,0,0,0.0,4172,553.9405310450217
Data,5932,0.0,0.0,3001.9765891654492,0.0,670.5434108345512,589.28,0.0,35.2,0,0,0.0,4297,670.5434108345507
Data,5933,0.0,0.0,2707.0275120251845,0.0,921.8224879748154,673.15,0.0,32.0,0,0,0.0,4334,921.8224879748155
Data,5934,0.0,0.0,2702.1037917660424,0.0,838.2062082339578,657.49,0.0,35.2,0,0,0.0,4233,838.2062082339576
Data,5935,0.0,0.0,2346.9245916009136,0.0,1075.4654083990868,609.41,0.0,35.2,0,0,0.0,4067,1075.4654083990865
Data,5936,0.0,0.0,2273.82608367632,0.0,1187.88391632368,509.89,0.0,38.4,0,0,0.0,4010,1187.8839163236798
Data,5937,-0.0,0.0,2039.623806986101,0.0,1545.9761930138989,492.0,0.0,38.4,0,0,0.0,4116,1545.9761930138989
Data,5938,-0.0,0.0,2125.551347568644,0.0,1512.1486524313568,455.1,0.0,35.2,0,0,0.0,4128,1512.1486524313561
Data,5939,-0.0,0.0,2043.1345301796882,0.0,1564.0754698203118,448.39,0.0,38.4,0,0,0.0,4094,1564.0754698203118
Data,5940,-0.0,0.0,2419.8197797314774,0.0,1101.300220268523,441.68,0.0,35.2,0,0,0.0,3998,1101.3002202685225
Data,5941,-0.0,0.0,2167.7859129072185,0.0,1312.4440870927817,410.37,0.0,38.4,0,0,0.0,3929,1312.4440870927815
Data,5942,-0.0,0.0,2306.6429226702057,0.0,1090.3470773297947,461.81,0.0,35.2,0,0,0.0,3894,1090.3470773297943
Data,5943,-0.0,0.0,2741.5887039235085,0.0,709.8912960764915,493.12,0.0,38.4,0,0,0.0,3983,709.8912960764915
Data,5944,-0.0,0.0,2804.6621304709306,0.0,720.3578695290701,601.58,0.0,38.4,0,0,0.0,4165,720.3578695290694
Data,5945,-0.0,0.0,3237.872148710118,0.0,443.73785128988203,645.19,0.0,35.2,0,0,0.0,4362,443.73785128988203
Data,5946,-0.0,0.0,3849.1971570528713,0.0,0.0,682.09,0.0,38.4,0,51.68715705287113,0.0,4518,-51.68715705287129
Data,5947,0.0,0.0,3859.9896796642433,0.0,0.0,680.97,0.0,35.2,0,37.159679664243555,0.0,4539,-37.15967966424337
Data,5948,0.0,0.0,4033.994192112533,0.0,0.0,684.33,0.0,38.4,0,269.72419211253253,0.0,4487,-269.7241921125328
Data,5949,0.0,0.0,4050.6942487791275,0.0,0.0,603.82,0.0,38.4,0,301.9142487791271,0.0,4391,-301.91424877912755
Data,5950,0.0,0.0,3914.9348661358954,0.0,0.0,513.25,0.0,35.2,0,217.38486613589524,0.0,4246,-217.38486613589538
Data,5951,0.0,0.0,3757.451796032363,0.0,0.0,486.41,0.0,38.4,0,253.2617960323628,0.0,4029,-253.26179603236287
Data,5952,0.0,0.0,3773.9019461388975,0.0,0.0,479.7,0.0,38.4,0,203.0019461388975,0.0,4089,-203.00194613889752
Data,5953,0.0,0.0,3353.115146615946,0.0,181.13485338405422,451.75,0.0,32.0,0,0,0.0,4018,181.13485338405417
Data,5954,0.0,0.0,3408.477543143787,0.0,256.28245685621323,445.04,0.0,35.2,0,0,0.0,4145,256.282456856213
Data,5955,0.0,0.0,3389.7558954173355,0.0,392.26410458266486,527.78,0.0,35.2,0,0,0.0,4345,392.2641045826645
Data,5956,0.0,0.0,3342.9733429298976,0.0,562.7566570701024,570.27,0.0,32.0,0,0,0.0,4508,562.7566570701024
Data,5957,0.0,0.0,3202.9276109377965,0.0,782.9823890622038,632.89,0.0,35.2,0,0,0.0,4654,782.9823890622034
Data,5958,0.0,0.0,3415.5343730535706,0.0,597.9156269464295,599.35,0.0,35.2,0,0,0.0,4648,597.9156269464294
Data,5959,0.0,0.0,3089.4379408273508,0.0,1049.21205917265,550.15,0.0,35.2,0,0,0.0,4724,1049.2120591726493
Data,5960,0.0,0.0,3061.491515414358,0.0,1108.448484585642,526.66,0.0,38.4,0,0,0.0,4735,1108.4484845856418
Data,5961,-0.0,0.0,2856.377276178512,0.0,1494.9827238214884,543.44,0.0,35.2,0,0,0.0,4930,1494.9827238214878
Data,5962,-0.0,0.0,2761.6214921421956,0.0,1648.6085078578049,533.37,0.0,38.4,0,0,0.0,4982,1648.6085078578044
Data,5963,-0.0,0.0,2541.385036822094,0.0,1707.0,514.36,0.0,35.2,0,-96.05496317790667,0.0,4894,1803.0549631779058
Data,5964,-0.0,0.0,2421.0053976445124,0.0,1707.0,516.6,0.0,38.4,0,-99.99460235548781,0.0,4783,1806.9946023554876
Data,5965,-0.0,0.0,2576.5031715919317,0.0,1440.0168284080687,466.28,0.0,35.2,0,0,0.0,4518,1440.0168284080682
Data,5966,-0.0,0.0,2534.234020589576,0.0,1583.3159794104236,483.05,0.0,38.4,0,0,0.0,4639,1583.3159794104238
Data,5967,-0.0,0.0,2883.346379337426,0.0,762.8536206625745,516.6,0.0,537.2,0,0,0.0,4700,762.8536206625741
Data,5968,-0.0,0.0,3061.183916752424,0.0,689.0660832475764,599.35,0.0,540.4,0,0,0.0,4890,689.066083247576
Data,5969,-0.0,0.0,3138.9165254569975,0.0,639.4834745430027,713.4,0.0,537.2,0,0,0.0,5029,639.4834745430024
Data,5970,0.0,0.0,3678.5849457015306,0.0,37.15155429846915,729.05,0.0,540.2135,0,0,0.0,4985,37.15155429846948
Data,5971,0.0,0.0,3389.2391230026938,0.0,247.21207699730607,720.11,0.0,522.4388,0,0,0.0,4879,247.2120769973062
Data,5972,0.0,0.0,3360.383950179084,0.0,483.16604982091627,710.05,0.0,189.4,0,0,0.0,4743,483.1660498209161
Data,5973,0.0,0.0,3252.505478036806,0.0,369.85872196319406,629.54,0.0,329.0958,0,0,0.0,4581,369.8587219631941
Data,5974,0.0,0.0,3559.3234189033324,0.0,0.0,490.88,0.0,540.4,0,187.6034189033324,0.0,4403,-187.60341890333234
Data,5975,0.0,0.0,3336.5826404962972,0.0,0.0,440.56,0.0,537.2,0,193.3426404962969,0.0,4121,-193.3426404962973
Data,5976,0.0,0.0,2842.342580667876,0.0,388.57741933212384,441.68,0.0,540.4,0,0,0.0,4213,388.57741933212395
Data,5977,0.0,0.0,2995.7624627800724,0.0,199.7075372199277,438.33,0.0,537.2,0,0,0.0,4171,199.7075372199276
Data,5978,0.0,0.0,3187.0504715648217,0.0,136.2695284351786,441.68,0.0,534.0,0,0,0.0,4299,136.2695284351783
Data,5979,0.0,0.0,3297.723777504459,0.0,209.98622249554086,436.09,0.0,537.2,0,0,0.0,4481,209.98622249554086
Data,5980,0.0,0.0,2713.510286716505,0.0,834.2797132834949,437.21,0.0,534.0,0,0,0.0,4519,834.2797132834949
Data,5981,0.0,0.0,2507.5753331193537,0.0,1022.9746668806465,513.25,0.0,537.2,0,0,0.0,4581,1022.9746668806463
Data,5982,0.0,0.0,1911.9392689277174,0.0,1627.1107310722828,500.95,0.0,534.0,0,0,0.0,4574,1627.1107310722825
Data,5983,0.0,0.0,2022.675160388135,0.0,1567.1748396118653,500.95,0.0,537.2,0,0,0.0,4628,1567.1748396118649
Data,5984,0.0,0.0,1451.6984575792612,0.0,1707.0,528.9,0.0,534.0,0,-363.4015424207387,0.0,4585,2070.4015424207387
Data,5985,-0.0,0.0,1299.9214239604366,-0.0,1707.0,518.84,0.0,540.4,0,-653.8385760395635,0.0,4720,2360.838576039563
Data,5986,-0.0,0.0,742.2786281263606,0.0,1707.0,518.84,0.0,537.2,0,-1250.6813718736394,0.0,4756,2957.6813718736394
Data,5987,-0.0,0.0,944.7379927741875,0.0,1707.0,523.31,0.0,540.4,0,-880.5520072258124,0.0,4596,2587.5520072258123
Data,5988,-0.0,0.0,1124.2670063114258,0.0,1707.0,533.37,0.0,540.4,0,-560.9629936885743,0.0,4466,2267.962993688574
Data,5989,-0.0,0.0,1166.5565829292384,0.0,1707.0,496.47,0.0,537.2,0,-324.7734170707614,0.0,4232,2031.7734170707615
Data,5990,-0.0,0.0,2025.1739425734966,0.0,1216.3260574265034,578.1,0.0,540.4,0,0,0.0,4360,1216.3260574265034
Data,5991,-0.0,0.0,1759.8409475318006,0.0,1598.2590524681993,553.5,0.0,540.4,0,0,0.0,4452,1598.2590524681996
Data,5992,-0.0,0.0,1486.7539094546007,-0.0,1707.0,642.95,0.0,537.2,0,-253.09609054539976,0.0,4627,1960.0960905453992
Data,5993,-0.0,0.0,1864.5883973386021,-0.0,1685.6016026613984,732.41,0.0,540.4,0,0,0.0,4823,1685.601602661398
Data,5994,0.0,0.0,2900.1232956148738,0.0,559.4667043851264,757.01,0.0,540.4,0,0,0.0,4757,559.4667043851263
Data,5995,0.0,0.0,2029.6776235458508,0.0,1364.5823764541494,752.54,0.0,537.2,0,0,0.0,4684,1364.5823764541492
Data,5996,0.0,0.0,1820.0696730417956,0.0,1447.7703269582046,735.76,0.0,540.4,0,0,0.0,4544,1447.7703269582044
Data,5997,0.0,0.0,2242.6033616348964,0.0,957.0466383651031,642.95,0.0,540.4,0,0,0.0,4383,957.0466383651036
Data,5998,0.0,0.0,2642.958872747125,0.0,448.29112725287507,525.55,0.0,537.2,0,0,0.0,4154,448.29112725287496
Data,5999,0.0,0.0,3281.0773655339613,0.0,0.0,476.35,0.0,540.4,0,374.82736553396126,0.0,3923,-374.82736553396126
Data,6000,0.0,0.0,3183.9703789382447,0.0,0.0,455.1,0.0,540.4,0,222.47037893824472,0.0,3957,-222.47037893824472
Data,6001,0.0,0.0,3511.990950810959,0.0,0.0,427.15,0.0,534.0,0,553.1409508109591,0.0,3920,-553.140950810959
Data,6002,0.0,0.0,3419.690156982553,0.0,0.0,430.5,0.0,537.2,0,335.39015698255315,0.0,4052,-335.3901569825532
Data,6003,0.0,0.0,2758.874982238218,0.0,536.8050177617822,419.32,0.0,534.0,0,0,0.0,4249,536.8050177617822
Data,6004,0.0,0.0,3702.705135855649,0.0,0.0,428.26,0.0,537.2,0,281.1651358556493,0.0,4387,-281.16513585564917
Data,6005,0.0,0.0,3699.3328227005018,0.0,0.0,448.39,0.0,537.2,0,225.92282270050146,0.0,4459,-225.9228227005018
Data,6006,0.0,0.0,2920.3919871504977,0.0,567.2680128495019,457.34,0.0,534.0,0,0,0.0,4479,567.2680128495024
Data,6007,0.0,0.0,2770.8386097472085,0.0,716.6313902527918,561.33,0.0,537.2,0,0,0.0,4586,716.6313902527914
Data,6008,0.0,0.0,2043.5505017341216,0.0,1320.1994982658784,636.25,0.0,534.0,0,0,0.0,4534,1320.1994982658784
Data,6009,-0.0,0.0,1553.3310138147765,0.0,1707.0,583.69,0.0,540.4,0,-391.57898618522376,0.0,4776,2098.5789861852236
Data,6010,-0.0,0.0,1578.4862497042996,0.0,1707.0,517.72,0.0,540.4,0,-317.3937502957005,0.0,4661,2024.3937502957006
Data,6011,-0.0,0.0,2155.786098364465,0.0,1640.2139016355356,516.6,0.0,189.4,0,0,0.0,4502,1640.213901635535
Data,6012,-0.0,0.0,2044.6965423931704,0.0,1359.7834576068296,493.12,0.0,540.4,0,0,0.0,4438,1359.7834576068296
Data,6013,-0.0,0.0,1987.422233875401,0.0,1655.0277661245989,446.15,0.0,189.4,0,0,0.0,4278,1655.027766124599
Data,6014,-0.0,0.0,2711.489239200517,0.0,1033.1957607994834,466.28,0.0,319.035,0,0,0.0,4530,1033.1957607994827
Data,6015,-0.0,0.0,2606.8991932418717,0.0,1385.350806758129,476.35,0.0,189.4,0,0,0.0,4658,1385.3508067581283
Data,6016,-0.0,0.0,2883.683734480378,0.0,1148.9062655196224,634.01,0.0,189.4,0,0,0.0,4856,1148.906265519622
Data,6017,-0.0,0.0,3438.4575250941057,0.0,565.8424749058945,750.3,0.0,189.4,0,0,0.0,4944,565.8424749058944
Data,6018,-0.0,0.0,3781.576717536755,0.0,112.07328246324548,765.95,0.0,189.4,0,0,0.0,4849,112.07328246324491
Data,6019,0.0,0.0,3618.778849392009,0.0,107.20115060799148,800.62,0.0,189.4,0,0,0.0,4716,107.20115060799114
Data,6020,0.0,0.0,3531.881886469393,0.0,93.46811353060713,778.25,0.0,189.4,0,0,0.0,4593,93.46811353060693
Data,6021,0.0,0.0,3675.745015156746,0.0,0.0,666.44,0.0,540.4,0,430.585015156746,0.0,4452,-430.58501515674595
Data,6022,0.0,0.0,3359.4272436028946,0.0,0.0,534.49,0.0,540.4,0,193.31724360289485,0.0,4241,-193.31724360289456
Data,6023,0.0,0.0,3245.7275650559163,0.0,0.0,474.11,0.0,540.4,0,256.23756505591655,0.0,4004,-256.2375650559163
Data,6024,0.0,0.0,2941.190483273096,0.0,132.89951672690415,449.51,0.0,540.4,0,0,0.0,4064,132.89951672690393
Data,6025,0.0,0.0,3625.581496381595,0.0,0.0,404.78,0.0,537.2,0,617.5614963815947,0.0,3950,-617.5614963815951
Data,6026,0.0,0.0,3572.1557429777363,0.0,0.0,399.19,0.0,537.2,0,468.5457429777363,0.0,4040,-468.5457429777363
Data,6027,0.0,0.0,3232.4387001494683,0.0,0.0,422.67,0.0,537.2,0,2.30870014946802,0.0,4190,-2.308700149468393
Data,6028,0.0,0.0,3459.2682098145433,0.0,0.0,413.73,0.0,534.0,0,70.99820981454343,0.0,4336,-70.99820981454332
Data,6029,0.0,0.0,3661.4491882324505,0.0,0.0,448.39,0.0,537.2,0,151.03918823245039,0.0,4496,-151.03918823245056
Data,6030,0.0,0.0,3512.926245467608,0.0,0.0,585.93,0.0,537.2,0,176.05624546760805,0.0,4460,-176.05624546760816
Data,6031,0.0,0.0,3644.9882004847454,0.0,0.0,734.65,0.0,537.2,0,373.83820048474536,0.0,4543,-373.83820048474547
Data,6032,0.0,0.0,3288.444306011719,0.0,392.4556939882812,725.7,0.0,189.4,0,0,0.0,4596,392.4556939882808
Data,6033,-0.0,0.0,3481.30400600898,0.0,661.4459939910198,660.85,0.0,38.4,0,0,0.0,4842,661.4459939910198
Data,6034,-0.0,0.0,3015.4589259617487,0.0,1170.8610740382524,589.28,0.0,38.4,0,0,0.0,4814,1170.8610740382512
Data,6035,-0.0,0.0,2931.477347874781,0.0,1138.29265212522,499.83,0.0,38.4,0,0,0.0,4608,1138.2926521252189
Data,6036,-0.0,0.0,3311.364997384614,0.0,748.5950026153866,469.64,0.0,38.4,0,0,0.0,4568,748.595002615386
Data,6037,-0.0,0.0,3284.0773926820502,0.0,672.2626073179501,428.26,0.0,38.4,0,0,0.0,4423,672.2626073179498
Data,6038,-0.0,0.0,3607.214254786947,0.0,610.9057452130528,441.68,0.0,35.2,0,0,0.0,4695,610.9057452130529
Data,6039,-0.0,0.0,3950.006035760796,0.0,323.76396423920465,499.83,0.0,38.4,0,0,0.0,4812,323.7639642392042
Data,6040,-0.0,0.0,4173.3710427250835,0.0,43.548957274917,687.68,0.0,38.4,0,0,0.0,4943,43.54895727491655
Data,6041,-0.0,0.0,3562.8181594146936,0.0,694.1718405853073,781.61,0.0,38.4,0,0,0.0,5077,694.1718405853064
Data,6042,-0.0,0.0,4106.309195361117,0.0,82.51080463888277,773.78,0.0,38.4,0,0,0.0,5001,82.5108046388826
Data,6043,-0.0,0.0,4162.38498324535,0.0,0.0,777.14,0.0,186.2,0,191.72498324534985,0.0,4934,-191.72498324534973
Data,6044,0.0,0.0,3960.65131013908,0.0,0.0,751.42,0.0,189.4,0,120.47131013907978,0.0,4781,-120.47131013908009
Data,6045,0.0,0.0,3870.4438420928336,0.0,0.0,699.98,0.0,189.4,0,137.8238420928334,0.0,4622,-137.82384209283364
Data,6046,0.0,0.0,4049.7614942705422,0.0,0.0,535.61,0.0,189.4,0,360.77149427054195,0.0,4414,-360.77149427054223
Data,6047,0.0,0.0,3842.9490526188247,0.0,0.0,447.27,0.0,189.4,0,389.6190526188247,0.0,4090,-389.61905261882464
Data,6048,0.0,0.0,3758.6054802041112,0.0,0.0,429.38,0.0,186.2,0,259.1854802041113,0.0,4115,-259.18548020411123
Data,6049,0.0,0.0,4029.001361736311,0.0,0.0,402.55,0.0,186.2,0,603.7513617363111,0.0,4014,-603.7513617363111
Data,6050,0.0,0.0,3470.002249830211,0.0,68.83775016978905,415.96,0.0,186.2,0,0,0.0,4141,68.83775016978905
Data,6051,0.0,0.0,4129.270411564211,0.0,0.0,465.16,0.0,537.2,0,813.6304115642108,0.0,4318,-813.630411564211
Data,6052,0.0,0.0,3612.2889225259105,0.0,0.0,489.76,0.0,534.0,0,162.04892252591083,0.0,4474,-162.04892252591048
Data,6053,0.0,0.0,4546.808887580311,0.0,0.0,495.35,0.0,537.2,0,1008.3588875803109,0.0,4571,-1008.3588875803115
Data,6054,0.0,0.0,4290.725995741112,0.0,0.0,599.35,0.0,537.2,0,866.275995741111,0.0,4561,-866.2759957411116
Data,6055,0.0,0.0,3806.5231527164183,0.0,0.0,676.5,0.0,534.0,0,387.02315271641817,0.0,4630,-387.0231527164183
Data,6056,0.0,0.0,3424.4819582415507,0.0,0.0,670.91,0.0,540.4,0,23.791958241550716,0.0,4612,-23.791958241550674
Data,6057,-0.0,0.0,3529.77067138178,0.0,106.32932861822,553.5,0.0,540.4,0,0,0.0,4730,106.32932861821985
Data,6058,-0.0,0.0,3301.8427808571414,0.0,350.42721914285886,487.53,0.0,537.2,0,0,0.0,4677,350.4272191428586
Data,6059,-0.0,0.0,3147.775014608936,0.0,405.02498539106415,442.8,0.0,540.4,0,0,0.0,4536,405.0249853910639
Data,6060,-0.0,0.0,2483.443688467333,0.0,1055.2063115326669,396.95,0.0,540.4,0,0,0.0,4476,1055.2063115326673
Data,6061,-0.0,0.0,2267.476993111427,0.0,1112.0130068885726,351.11,0.0,540.4,0,0,0.0,4271,1112.013006888573
Data,6062,-0.0,0.0,2951.7651146425696,0.0,673.2548853574301,355.58,0.0,540.4,0,0,0.0,4521,673.2548853574303
Data,6063,-0.0,0.0,3433.4284666641547,0.0,304.15153333584567,407.02,0.0,540.4,0,0,0.0,4685,304.15153333584533
Data,6064,-0.0,0.0,2966.4279224818847,0.0,731.0920775181161,589.28,0.0,537.2,0,0,0.0,4824,731.0920775181153
Data,6065,-0.0,0.0,3318.2579677692743,0.0,379.3520322307264,718.99,0.0,540.4,0,0,0.0,4957,379.35203223072574
Data,6066,0.0,0.0,3648.590519058969,0.0,0.0,781.61,0.0,540.4,0,73.60051905896901,0.0,4897,-73.60051905896921
Data,6067,0.0,0.0,3514.878725556848,0.0,0.0,803.97,0.0,540.4,0,86.24872555684816,0.0,4773,-86.24872555684817
Data,6068,0.0,0.0,3832.142744235759,0.0,0.0,780.49,0.0,540.4,0,547.0327442357595,0.0,4606,-547.032744235759
Data,6069,0.0,0.0,3829.2492242481135,0.0,0.0,710.05,0.0,537.2,0,646.4992242481134,0.0,4430,-646.4992242481135
Data,6070,0.0,0.0,3128.5151959853565,0.0,0.0,604.94,0.0,540.4,0,33.85519598535677,0.0,4240,-33.855195985356545
Data,6071,0.0,0.0,2961.146021219613,0.0,20.16397878038692,485.29,0.0,540.4,0,0,0.0,4007,20.163978780387026
Data,6072,0.0,0.0,2722.7602030367098,0.0,313.0497969632901,423.79,0.0,540.4,0,0,0.0,4000,313.04979696329025
Data,6073,0.0,0.0,2618.7487666149846,0.0,361.74123338501545,400.31,0.0,537.2,0,0,0.0,3918,361.7412333850154
Data,6074,0.0,0.0,2580.4907084070055,0.0,511.2592915929944,409.25,0.0,534.0,0,0,0.0,4035,511.2592915929945
Data,6075,0.0,0.0,2793.885886831517,0.0,402.3441131684831,459.57,0.0,537.2,0,0,0.0,4193,402.34411316848303
Data,6076,0.0,0.0,2656.00487476589,0.0,623.4951252341102,504.3,0.0,537.2,0,0,0.0,4321,623.4951252341102
Data,6077,0.0,0.0,1922.0620638794326,0.0,1425.6879361205674,513.25,0.0,534.0,0,0,0.0,4395,1425.6879361205674
Data,6078,0.0,0.0,1297.4963290648684,0.0,1707.0,597.11,0.0,537.2,0,-207.19367093513165,0.0,4346,1914.1936709351316
Data,6079,0.0,0.0,1142.8968641555798,0.0,1707.0,646.31,0.0,537.2,0,-265.59313584442043,0.0,4299,1972.5931358444202
Data,6080,0.0,0.0,1082.2517148228667,0.0,1707.0,619.47,0.0,540.4,0,-205.87828517713342,0.0,4155,1912.8782851771334
Data,6081,-0.0,0.0,1426.961419560211,0.0,1610.1685804397891,545.67,0.0,537.2,0,0,0.0,4120,1610.168580439789
Data,6082,-0.0,0.0,1536.9061317067,0.0,1707.0,453.98,0.0,189.4,0,-150.7138682932998,0.0,4038,1857.7138682932998
Data,6083,-0.0,0.0,2199.7739040640995,0.0,1160.9260959359003,405.9,0.0,189.4,0,0,0.0,3956,1160.9260959359005
Data,6084,-0.0,0.0,2737.9167186414447,0.0,633.2132813585553,373.47,0.0,189.4,0,0,0.0,3934,633.2132813585553
Data,6085,-0.0,0.0,2500.5501176483626,0.0,829.8598823516377,325.39,0.0,186.2,0,0,0.0,3842,829.8598823516375
Data,6086,-0.0,0.0,2568.4800627430723,0.0,418.60993725692776,326.51,0.0,540.4,0,0,0.0,3854,418.60993725692776
Data,6087,-0.0,0.0,1925.4162409170701,0.0,1154.0137590829297,361.17,0.0,540.4,0,0,0.0,3981,1154.01375908293
Data,6088,-0.0,0.0,1817.915144663429,0.0,1332.2548553365712,524.43,0.0,540.4,0,0,0.0,4215,1332.2548553365712
Data,6089,-0.0,0.0,2695.9610548598976,0.0,510.1689451401027,668.67,0.0,537.2,0,0,0.0,4412,510.16894514010244
Data,6090,-0.0,0.0,2834.4826335368207,0.0,366.7573664631792,760.36,0.0,540.4,0,0,0.0,4502,366.7573664631793
Data,6091,0.0,0.0,2908.84108382219,0.0,245.50891617780994,759.25,0.0,540.4,0,0,0.0,4454,245.5089161778102
Data,6092,0.0,0.0,2789.717385650936,0.0,266.75261434906366,758.13,0.0,540.4,0,0,0.0,4355,266.75261434906383
Data,6093,0.0,0.0,2831.796746189049,0.0,231.7532538109514,636.25,0.0,537.2,0,0,0.0,4237,231.75325381095104
Data,6094,0.0,0.0,2902.559699603267,0.0,108.26030039673294,527.78,0.0,540.4,0,0,0.0,4079,108.26030039673321
Data,6095,0.0,0.0,2992.203980511458,0.0,0.0,448.39,0.0,540.4,0,107.99398051145795,0.0,3873,-107.99398051145818
Data,6096,0.0,0.0,3179.000976876745,0.0,0.0,393.6,0.0,537.2,0,123.80097687674488,0.0,3986,-123.80097687674504
Data,6097,0.0,0.0,3101.9859147738066,0.0,0.0,395.84,0.0,537.2,0,97.02591477380676,0.0,3938,-97.02591477380662
Data,6098,0.0,0.0,2838.969464683932,0.0,192.78053531606795,464.05,0.0,537.2,0,0,0.0,4033,192.78053531606787
Data,6099,0.0,0.0,2982.783017021856,0.0,146.56698297814393,488.65,0.0,534.0,0,0,0.0,4152,146.5669829781442
Data,6100,0.0,0.0,2548.0971050014255,0.0,684.922894998575,527.78,0.0,537.2,0,0,0.0,4298,684.9228949985745
Data,6101,0.0,0.0,2476.955461007792,0.0,768.3345389922076,572.51,0.0,537.2,0,0,0.0,4355,768.3345389922079
Data,6102,0.0,0.0,2327.075213212961,0.0,853.1747867870391,574.75,0.0,534.0,0,0,0.0,4289,853.174786787039
Data,6103,0.0,0.0,2137.5067070087302,0.0,935.3732929912699,566.92,0.0,537.2,0,0,0.0,4177,935.3732929912698
Data,6104,0.0,0.0,1461.205780348173,0.0,1488.484219651827,547.91,0.0,540.4,0,0,0.0,4038,1488.484219651827
Data,6105,-0.0,0.0,1508.1151665322277,-0.0,1427.0848334677726,516.6,0.0,537.2,0,0,0.0,3989,1427.0848334677721
Data,6106,-0.0,0.0,1301.6446560880331,0.0,1637.7053439119668,409.25,0.0,540.4,0,0,0.0,3889,1637.7053439119668
Data,6107,-0.0,0.0,1376.4647906915309,0.0,1584.9152093084692,382.42,0.0,537.2,0,0,0.0,3881,1584.915209308469
Data,6108,-0.0,0.0,2050.8289968113963,0.0,918.9510031886033,357.82,0.0,540.4,0,0,0.0,3868,918.9510031886036
Data,6109,-0.0,0.0,1937.2173344376524,0.0,1094.8226655623475,317.56,0.0,540.4,0,0,0.0,3890,1094.8226655623475
Data,6110,-0.0,0.0,2192.2131650789315,0.0,1099.9268349210686,354.46,0.0,189.4,0,0,0.0,3836,1099.9268349210686
Data,6111,-0.0,0.0,1906.4013984727537,0.0,990.0986015272463,381.3,0.0,537.2,0,0,0.0,3815,990.0986015272463
Data,6112,-0.0,0.0,2139.2285702479094,0.0,816.8214297520911,525.55,0.0,540.4,0,0,0.0,4022,816.8214297520907
Data,6113,-0.0,0.0,2245.888805234953,0.0,797.2611947650466,685.45,0.0,540.4,0,0,0.0,4269,797.261194765047
Data,6114,-0.0,0.0,2730.50231738843,0.0,510.17768261157,739.12,0.0,537.2,0,0,0.0,4517,510.1776826115698
Data,6115,-0.0,0.0,2007.3016629308386,0.0,1277.7683370691611,733.53,0.0,540.4,0,0,0.0,4559,1277.7683370691616
Data,6116,-0.0,0.0,2698.720837952146,0.0,501.11916204785393,735.76,0.0,540.4,0,0,0.0,4476,501.1191620478538
Data,6117,-0.0,0.0,2582.3183657630075,0.0,654.7216342369926,612.76,0.0,537.2,0,0,0.0,4387,654.7216342369925
Data,6118,-0.0,0.0,1843.9300166205428,0.0,1428.499983379457,484.17,0.0,540.4,0,0,0.0,4297,1428.4999833794573
Data,6119,0.0,0.0,1938.0501988696426,0.0,1188.5898011303573,415.96,0.0,540.4,0,0,0.0,4083,1188.5898011303575
Data,6120,0.0,0.0,2072.976466444825,0.0,1135.1635335551755,403.66,0.0,537.2,0,0,0.0,4149,1135.163533555175
Data,6121,0.0,0.0,2196.8833766797047,0.0,968.0866233202955,376.83,0.0,537.2,0,0,0.0,4079,968.0866233202953
Data,6122,0.0,0.0,1800.166929827073,0.0,1509.5930701729271,371.24,0.0,534.0,0,0,0.0,4215,1509.593070172927
Data,6123,0.0,0.0,1882.4558051621434,0.0,1568.6341948378567,375.71,0.0,537.2,0,0,0.0,4364,1568.6341948378565
Data,6124,0.0,0.0,1947.7164101242763,0.0,1591.3035898757241,404.78,0.0,537.2,0,0,0.0,4481,1591.3035898757237
Data,6125,0.0,0.0,1979.27687665571,0.0,1599.6731233442897,464.05,0.0,534.0,0,0,0.0,4577,1599.67312334429
Data,6126,0.0,0.0,1908.1811669182232,0.0,1636.248833081777,533.37,0.0,537.2,0,0,0.0,4615,1636.2488330817769
Data,6127,0.0,0.0,1849.2494250458126,0.0,1707.0,593.75,0.0,537.2,0,-18.800574954187596,0.0,4706,1725.8005749541874
Data,6128,0.0,0.0,1168.0294442981244,0.0,1707.0,589.28,0.0,537.2,0,-704.490555701876,0.0,4706,2411.4905557018756
Data,6129,-0.0,0.0,811.0442177101348,0.0,1707.0,582.57,0.0,540.4,0,-1157.9857822898653,0.0,4799,2864.9857822898653
Data,6130,-0.0,0.0,895.7792144323328,0.0,1707.0,528.9,0.0,540.4,0,-1050.9207855676675,0.0,4723,2757.9207855676673
Data,6131,-0.0,0.0,860.7140796175896,0.0,1707.0,445.04,0.0,537.2,0,-961.0459203824107,0.0,4511,2668.0459203824103
Data,6132,-0.0,0.0,496.8677989755269,0.0,1707.0,433.85,0.0,540.4,0,-1125.8822010244733,0.0,4304,2832.882201024473
Data,6133,-0.0,0.0,642.5764706410099,0.0,1707.0,369.0,0.0,537.2,0,-770.2235293589903,0.0,4026,2477.22352935899
Data,6134,-0.0,0.0,694.2028721569211,0.0,1707.0,388.01,0.0,540.4,0,-860.387127843079,0.0,4190,2567.387127843079
Data,6135,-0.0,0.0,564.3114697802458,0.0,1707.0,445.04,0.0,540.4,0,-1137.248530219754,0.0,4394,2844.2485302197542
Data,6136,-0.0,0.0,799.3769639789724,0.0,1707.0,574.75,0.0,537.2,0,-1101.6730360210277,0.0,4720,2808.6730360210277
Data,6137,-0.0,0.0,1428.3920624400384,-0.0,1707.0,701.1,0.0,540.4,0,-552.1079375599619,0.0,4929,2259.1079375599616
Data,6138,-0.0,0.0,2806.1212875544916,0.0,807.728712445509,716.75,0.0,540.4,0,0,0.0,4871,807.7287124455084
Data,6139,0.0,0.0,2782.9830056875608,0.0,705.8769943124396,727.94,0.0,537.2,0,0,0.0,4754,705.8769943124391
Data,6140,0.0,0.0,2852.006902845264,0.0,482.543097154736,729.05,0.0,540.4,0,0,0.0,4604,482.5430971547361
Data,6141,0.0,0.0,2777.5375033539035,0.0,493.1824966460963,613.88,0.0,540.4,0,0,0.0,4425,493.1824966460965
Data,6142,0.0,0.0,3188.1224634606947,0.0,0.0,522.19,0.0,537.2,0,39.51246346069468,0.0,4208,-39.51246346069479
Data,6143,0.0,0.0,3118.470835054029,0.0,0.0,418.2,0.0,540.4,0,123.07083505402912,0.0,3954,-123.07083505402903
Data,6144,0.0,0.0,2849.3135531174776,0.0,240.70644688252278,404.78,0.0,537.2,0,0,0.0,4032,240.7064468825224
Data,6145,0.0,0.0,2629.755892503018,0.0,385.67410749698234,410.37,0.0,537.2,0,0,0.0,3963,385.67410749698195
Data,6146,0.0,0.0,2403.3885344145897,0.0,947.8270655854103,436.09,0.0,294.6944,0,0,0.0,4082,947.8270655854103
Data,6147,0.0,0.0,2044.9087370427399,0.0,1703.2112629572605,441.68,0.0,35.2,0,0,0.0,4225,1703.21126295726
Data,6148,0.0,0.0,2530.831297018857,0.0,1369.488702981143,441.68,0.0,32.0,0,0,0.0,4374,1369.4887029811428
Data,6149,0.0,0.0,1965.7722154406497,0.0,1707.0,457.34,0.0,35.2,0,-277.68778455935035,0.0,4443,1984.6877845593503
Data,6150,0.0,0.0,1838.9871107127885,0.0,1707.0,453.98,0.0,32.0,0,-381.03288928721145,0.0,4413,2088.032889287211
Data,6151,0.0,0.0,1904.2161781560592,0.0,1707.0,450.63,0.0,35.2,0,-340.9538218439409,0.0,4438,2047.953821843941
Data,6152,0.0,0.0,1891.928798076647,0.0,1707.0,504.3,0.0,35.2,0,-306.57120192335304,0.0,4445,2013.571201923353
Data,6153,-0.0,0.0,2094.19733838146,0.0,1707.0,535.61,0.0,32.0,0,-420.1926616185402,0.0,4789,2127.1926616185397
Data,6154,-0.0,0.0,1924.1733372290294,0.0,1707.0,533.37,0.0,35.2,0,-686.2566627709709,0.0,4886,2393.2566627709707
Data,6155,-0.0,0.0,1673.2374483781482,0.0,1707.0,504.3,0.0,189.4,0,-820.062551621852,0.0,4894,2527.062551621852
Data,6156,-0.0,0.0,1575.6713688532348,0.0,1707.0,424.91,0.0,186.2,0,-970.2186311467656,0.0,4864,2677.2186311467653
Data,6157,-0.0,0.0,1796.6534734131085,0.0,1707.0,355.58,0.0,189.4,0,-494.36652658689206,0.0,4543,2201.3665265868917
Data,6158,-0.0,0.0,1529.887314548915,0.0,1707.0,432.74,0.0,189.4,0,-687.972685451086,0.0,4547,2394.972685451085
Data,6159,-0.0,0.0,796.9962811876005,0.0,1707.0,479.7,0.0,186.2,0,-1312.1037188123998,0.0,4482,3019.1037188123996
Data,6160,-0.0,0.0,1561.0840397285963,-0.0,1707.0,554.62,0.0,189.4,0,-527.895960271404,0.0,4540,2234.8959602714035
Data,6161,-0.0,0.0,2617.451013994347,0.0,1213.2889860056532,698.86,0.0,189.4,0,0,0.0,4719,1213.2889860056532
Data,6162,-0.0,0.0,3312.5268310969022,0.0,452.8731689030979,713.4,0.0,186.2,0,0,0.0,4665,452.8731689030978
Data,6163,0.0,0.0,3258.7422368402877,0.0,364.21776315971283,715.64,0.0,189.4,0,0,0.0,4528,364.2177631597124
Data,6164,0.0,0.0,3414.722713986077,0.0,107.95728601392284,689.92,0.0,189.4,0,-3.694822225952521e-13,0.0,4402,107.95728601392304
Data,6165,0.0,0.0,3107.0538425301324,0.0,338.5061574698679,617.24,0.0,186.2,0,0,0.0,4249,338.50615746986756
Data,6166,0.0,0.0,4027.826686507069,0.0,0.0,500.95,0.0,189.4,0,658.1766865070688,0.0,4060,-658.1766865070691
Data,6167,0.0,0.0,3903.3227591732066,0.0,0.0,434.97,0.0,189.4,0,656.6927591732065,0.0,3871,-656.6927591732066
Data,6168,0.0,0.0,4405.235041794988,0.0,0.0,443.92,0.0,186.2,0,1042.3550417949882,0.0,3993,-1042.3550417949882
Data,6169,0.0,0.0,4285.915317866848,0.0,0.0,421.55,0.0,186.2,0,935.6653178668487,0.0,3958,-935.6653178668485
Data,6170,0.0,0.0,4072.7631190863012,0.0,0.0,421.55,0.0,183.0,0,560.3131190863014,0.0,4117,-560.3131190863012
Data,6171,0.0,0.0,3816.0428208912135,0.0,0.0,423.79,0.0,186.2,0,192.03282089121325,0.0,4234,-192.03282089121353
Data,6172,0.0,0.0,3631.3027382845453,0.0,96.3672617154547,438.33,0.0,183.0,0,0,0.0,4349,96.36726171545473
Data,6173,0.0,0.0,3218.0606489862603,0.0,553.4593510137399,466.28,0.0,186.2,0,0,0.0,4424,553.4593510137397
Data,6174,0.0,0.0,3266.4188095446025,0.0,468.76119045539747,480.82,0.0,183.0,0,0,0.0,4399,468.7611904553975
Data,6175,0.0,0.0,2927.5049201692455,0.0,870.0950798307549,492.0,0.0,189.4,0,0,0.0,4479,870.0950798307546
Data,6176,0.0,0.0,2693.900232683588,0.0,1141.7097673164126,472.99,0.0,189.4,0,0,0.0,4498,1141.709767316412
Data,6177,-0.0,0.0,2399.0501868534843,0.0,1707.0,449.51,0.0,186.2,0,-131.23981314651567,0.0,4873,1838.2398131465156
Data,6178,-0.0,0.0,2706.2225320971065,0.0,1707.0,421.55,0.0,189.4,0,-152.82746790289386,0.0,5177,1859.8274679028934
Data,6179,-0.0,0.0,2587.137825771317,0.0,1707.0,389.13,0.0,38.4,0,-410.3321742286837,0.0,5132,2117.332174228683
Data,6180,-0.0,0.0,2724.238987011217,0.0,1707.0,380.18,0.0,38.4,0,-291.1810129887834,0.0,5141,1998.181012988783
Data,6181,-0.0,0.0,3319.987147006609,0.0,1346.0928529933908,345.52,0.0,38.4,0,0,0.0,5050,1346.0928529933908
Data,6182,-0.0,0.0,3448.2243138735666,0.0,1315.085686126434,362.29,0.0,38.4,0,0,0.0,5164,1315.0856861264333
Data,6183,-0.0,0.0,3711.3828480176035,0.0,1026.4471519823967,385.77,0.0,38.4,0,0,0.0,5162,1026.4471519823965
Data,6184,-0.0,0.0,3951.435199633744,0.0,770.6948003662558,496.47,0.0,38.4,0,0,0.0,5257,770.6948003662559
Data,6185,-0.0,0.0,4240.317936792864,0.0,348.09206320713605,645.19,0.0,38.4,0,0,0.0,5272,348.09206320713577
Data,6186,-0.0,0.0,4662.187639889907,0.0,0.0,674.26,0.0,38.4,0,203.84763988990665,0.0,5171,-203.84763988990667
Data,6187,-0.0,0.0,4760.291770176241,0.0,0.0,685.45,0.0,38.4,0,374.1417701762399,0.0,5110,-374.1417701762408
Data,6188,-0.0,0.0,4837.540849668435,0.0,0.0,651.9,0.0,38.4,0,625.840849668434,0.0,4902,-625.8408496684349
Data,6189,0.0,0.0,4814.13899538405,0.0,0.0,552.38,0.0,38.4,0,645.9189953840494,0.0,4759,-645.9189953840498
Data,6190,0.0,0.0,4690.054947707824,0.0,0.0,468.52,0.0,41.6,0,540.1749477078245,0.0,4660,-540.1749477078239
Data,6191,0.0,0.0,4791.458769569253,0.0,0.0,388.01,0.0,38.4,0,810.8687695692527,0.0,4407,-810.8687695692525
Data,6192,0.0,0.0,4792.285885162184,0.0,0.0,382.42,0.0,38.4,0,738.1058851621835,0.0,4475,-738.1058851621841
Data,6193,0.0,0.0,4828.547422409556,0.0,0.0,371.24,0.0,35.2,0,847.9874224095558,0.0,4387,-847.9874224095561
Data,6194,0.0,0.0,4800.345621567114,0.0,0.0,355.58,0.0,35.2,0,696.1256215671135,0.0,4495,-696.125621567114
Data,6195,0.0,0.0,4657.814546772496,0.0,0.0,353.35,0.0,35.2,0,393.3645467724968,0.0,4653,-393.3645467724962
Data,6196,0.0,0.0,4476.749558199056,0.0,0.0,381.3,0.0,35.2,0,155.24955819905622,0.0,4738,-155.24955819905608
Data,6197,0.0,0.0,4379.35793837402,0.0,0.0,421.55,0.0,32.0,0,14.907938374019977,0.0,4818,-14.907938374019807
Data,6198,0.0,0.0,4262.058854866209,0.0,95.81114513379131,462.93,0.0,35.2,0,0,0.0,4856,95.81114513379099
Data,6199,0.0,0.0,4214.630841053562,0.0,247.7091589464378,428.26,0.0,38.4,0,0,0.0,4929,247.7091589464379
Data,6200,0.0,0.0,3693.4431779212014,0.0,687.0768220787991,417.08,0.0,38.4,0,0,0.0,4836,687.0768220787986
Data,6201,-0.0,0.0,3156.318983041492,0.0,1461.5610169585077,394.72,0.0,38.4,0,0,0.0,5051,1461.5610169585077
Data,6202,-0.0,0.0,3235.7281458075113,0.0,1446.7518541924892,370.12,0.0,38.4,0,0,0.0,5091,1446.7518541924887
Data,6203,-0.0,0.0,3107.940710045837,0.0,1525.3192899541632,334.34,0.0,38.4,0,0,0.0,5006,1525.319289954163
Data,6204,-0.0,0.0,3255.1268826247097,0.0,1349.6131173752915,329.86,0.0,38.4,0,0,0.0,4973,1349.6131173752904
Data,6205,-0.0,0.0,3205.919962290517,0.0,1152.5200377094836,342.16,0.0,38.4,0,0,0.0,4739,1152.520037709483
Data,6206,-0.0,0.0,3343.8831259324124,0.0,1062.8468740675883,398.07,0.0,35.2,0,0,0.0,4840,1062.8468740675876
Data,6207,-0.0,0.0,3451.7644867068743,0.0,1042.0855132931263,451.75,0.0,38.4,0,0,0.0,4984,1042.0855132931256
Data,6208,-0.0,0.0,3427.9674329735963,0.0,1107.5825670264041,587.05,0.0,38.4,0,0,0.0,5161,1107.5825670264037
Data,6209,-0.0,0.0,3884.2191677255423,0.0,638.5308322744577,679.85,0.0,38.4,0,0,0.0,5241,638.5308322744577
Data,6210,0.0,0.0,4922.015911568834,0.0,0.0,720.11,0.0,38.4,0,502.52591156883307,0.0,5178,-502.52591156883386
Data,6211,0.0,0.0,4888.593484933268,0.0,0.0,733.53,0.0,38.4,0,562.5234849332671,0.0,5098,-562.5234849332679
Data,6212,0.0,0.0,4687.369834644833,0.0,0.0,763.72,0.0,35.2,0,553.289834644833,0.0,4933,-553.2898346448328
Data,6213,0.0,0.0,4458.333006157328,0.0,0.0,640.72,0.0,38.4,0,310.4530061573278,0.0,4827,-310.4530061573279
Data,6214,0.0,0.0,4029.647503641885,0.0,159.65249635811506,504.3,0.0,38.4,0,0,0.0,4732,159.65249635811486
Data,6215,0.0,0.0,4019.4196498408864,0.0,0.0,459.57,0.0,38.4,0,35.389649840886165,0.0,4482,-35.38964984088644
Data,6216,0.0,0.0,4248.06617777902,0.0,0.0,451.75,0.0,35.2,0,245.0161777790199,0.0,4490,-245.0161777790201
Data,6217,0.0,0.0,4193.739602616497,0.0,0.0,466.28,0.0,35.2,0,260.2196026164969,0.0,4435,-260.21960261649696
Data,6218,0.0,0.0,4134.3336876148815,0.0,0.0,457.34,0.0,35.2,0,108.87368761488128,0.0,4518,-108.87368761488143
Data,6219,0.0,0.0,3870.4829080135432,0.0,302.8670919864573,439.45,0.0,35.2,0,0,0.0,4648,302.8670919864568
Data,6220,0.0,0.0,3743.1145208066882,0.0,519.1654791933124,468.52,0.0,35.2,0,0,0.0,4766,519.1654791933117
Data,6221,0.0,0.0,3671.3815613436486,0.0,684.5084386563517,474.11,0.0,32.0,0,0,0.0,4862,684.5084386563514
Data,6222,0.0,0.0,3612.682427464157,0.0,778.5575725358426,440.56,0.0,35.2,0,0,0.0,4867,778.5575725358428
Data,6223,0.0,0.0,3089.444709665175,0.0,1368.6952903348251,477.46,0.0,38.4,0,0,0.0,4974,1368.695290334825
Data,6224,0.0,0.0,2831.816210154623,0.0,1627.443789845377,457.34,0.0,38.4,0,0,0.0,4955,1627.4437898453768
Data,6225,-0.0,0.0,2612.7832745974947,0.0,1707.0,430.5,0.0,38.4,0,-300.31672540250565,0.0,5089,2007.3167254025052
Data,6226,-0.0,0.0,2653.857910117765,0.0,1707.0,379.06,0.0,38.4,0,-377.6820898822348,0.0,5156,2084.682089882235
Data,6227,-0.0,0.0,2659.74632251483,0.0,1707.0,363.41,0.0,35.2,0,-242.64367748517043,0.0,5008,1949.64367748517
Data,6228,-0.0,0.0,2540.5432912316937,0.0,1707.0,361.17,0.0,38.4,0,-261.88670876830633,0.0,4909,1968.8867087683063
Data,6229,-0.0,0.0,2408.2234032328056,0.0,1707.0,356.7,0.0,38.4,0,-132.67659676719515,0.0,4643,1839.6765967671945
Data,6230,-0.0,0.0,2615.697934175263,0.0,1707.0,380.18,0.0,38.4,0,-22.72206582473693,0.0,4764,1729.722065824737
Data,6231,-0.0,0.0,2695.3366894347782,0.0,1705.3133105652223,446.15,0.0,35.2,0,0,0.0,4882,1705.3133105652219
Data,6232,-0.0,0.0,2552.6000335582203,-0.0,1707.0,575.86,0.0,38.4,0,-215.13996644178033,0.0,5089,1922.1399664417797
Data,6233,-0.0,0.0,3014.3120320936123,0.0,1422.3979679063875,755.89,0.0,38.4,0,0,0.0,5231,1422.3979679063877
Data,6234,0.0,0.0,3698.549792185085,0.0,619.0702078149156,822.98,0.0,38.4,0,0,0.0,5179,619.0702078149149
Data,6235,0.0,0.0,3711.8473290502784,0.0,492.35267094972227,836.4,0.0,38.4,0,0,0.0,5079,492.35267094972164
Data,6236,0.0,0.0,3779.513643656296,0.0,269.4163563437043,840.87,0.0,35.2,0,0,0.0,4925,269.41635634370385
Data,6237,0.0,0.0,3786.932267479023,0.0,248.09773252097756,705.57,0.0,38.4,0,0,0.0,4779,248.09773252097713
Data,6238,0.0,0.0,3485.2347584679537,0.0,603.1152415320464,513.25,0.0,38.4,0,0,0.0,4640,603.1152415320463
Data,6239,0.0,0.0,2996.208877410987,0.0,931.7111225890135,441.68,0.0,38.4,0,0,0.0,4408,931.7111225890129
Data,6240,0.0,0.0,3425.0230708376635,0.0,562.0869291623371,411.49,0.0,38.4,0,0,0.0,4437,562.0869291623366
Data,6241,0.0,0.0,3488.0004617551413,0.0,389.61953824485846,429.38,0.0,32.0,0,0,0.0,4339,389.61953824485875
Data,6242,0.0,0.0,3051.050485735319,0.0,857.8195142646812,462.93,0.0,35.2,0,0,0.0,4407,857.8195142646811
Data,6243,0.0,0.0,2869.1662117951573,0.0,1208.3437882048431,485.29,0.0,35.2,0,0,0.0,4598,1208.3437882048427
Data,6244,0.0,0.0,3443.4657994868803,0.0,768.4842005131193,464.05,0.0,32.0,0,0,0.0,4708,768.4842005131197
Data,6245,0.0,0.0,3316.965237135233,0.0,877.2447628647669,497.59,0.0,35.2,0,0,0.0,4727,877.2447628647669
Data,6246,0.0,0.0,2810.766904254806,0.0,1303.0130957451947,530.02,0.0,35.2,0,0,0.0,4679,1303.013095745194
Data,6247,0.0,0.0,2566.25757173447,0.0,941.30242826553,568.04,0.0,540.4,0,0,0.0,4616,941.3024282655302
Data,6248,0.0,0.0,2000.7664200279135,0.0,1467.5135799720867,468.52,0.0,537.2,0,0,0.0,4474,1467.5135799720865
Data,6249,-0.0,0.0,1433.1667043783264,0.0,1707.0,433.85,0.0,540.4,0,-402.58329562167364,0.0,4517,2109.5832956216736
Data,6250,-0.0,0.0,1518.5482812229561,0.0,1707.0,391.36,0.0,540.4,0,-298.69171877704355,0.0,4456,2005.691718777044
Data,6251,-0.0,0.0,1649.5643468371636,-0.0,1707.0,370.12,0.0,261.9099,0,-385.40575316283673,0.0,4374,2092.4057531628364
Data,6252,-0.0,0.0,1732.1911740476705,0.0,1675.6988259523293,375.71,0.0,540.4,0,0,0.0,4324,1675.6988259523296
Data,6253,-0.0,0.0,1699.5782157339747,0.0,1596.031784266025,349.99,0.0,540.4,0,0,0.0,4186,1596.0317842660252
Data,6254,-0.0,0.0,1697.0284021235764,0.0,1628.171597876424,393.6,0.0,537.2,0,0,0.0,4256,1628.1715978764237
Data,6255,-0.0,0.0,1094.1023914590678,-0.0,1707.0,459.57,0.0,540.4,0,-514.9276085409319,0.0,4316,2221.9276085409324
Data,6256,-0.0,0.0,1372.1423418708848,-0.0,1707.0,544.55,0.0,537.2,0,-334.1076581291153,0.0,4495,2041.1076581291152
Data,6257,-0.0,0.0,1647.5638212076753,-0.0,1689.366178792325,791.67,0.0,540.4,0,0,0.0,4669,1689.3661787923247
Data,6258,-0.0,0.0,2110.916440932171,-0.0,1205.883559067829,861.0,0.0,537.2,0,0,0.0,4715,1205.8835590678289
Data,6259,-0.0,0.0,2083.229529010537,0.0,1188.7104709894634,895.66,0.0,540.4,0,0,0.0,4708,1188.710470989463
Data,6260,0.0,0.0,2404.8792692998836,0.0,827.370730700117,864.35,0.0,540.4,0,0,0.0,4637,827.3707307001164
Data,6261,0.0,0.0,2010.3891090434322,0.0,1321.4808909565681,708.93,0.0,537.2,0,0,0.0,4578,1321.4808909565677
Data,6262,0.0,0.0,2144.707585893517,0.0,1282.4824141064832,609.41,0.0,540.4,0,0,0.0,4577,1282.4824141064832
Data,6263,0.0,0.0,2332.1499750749745,0.0,997.4000249250258,532.25,0.0,537.2,0,0,0.0,4399,997.4000249250255
Data,6264,0.0,0.0,2205.9814045343105,0.0,1220.0685954656897,544.55,0.0,540.4,0,0,0.0,4511,1220.0685954656897
Data,6265,0.0,0.0,2089.54245810141,0.0,1369.3075418985904,500.95,0.0,537.2,0,0,0.0,4497,1369.30754189859
Data,6266,0.0,0.0,2344.3757199164716,0.0,1208.0842800835285,506.54,0.0,534.0,0,0,0.0,4593,1208.0842800835285
Data,6267,0.0,0.0,2036.5567324447043,0.0,1583.8032675552959,543.44,0.0,537.2,0,0,0.0,4701,1583.8032675552956
Data,6268,0.0,0.0,2204.6744392704686,0.0,1537.2355607295312,559.09,0.0,534.0,0,0,0.0,4835,1537.2355607295312
Data,6269,0.0,0.0,3466.522729069647,0.0,243.82727093035345,581.45,0.0,537.2,0,0,0.0,4829,243.82727093035282
Data,6270,0.0,0.0,3529.3993357498193,0.0,87.17066425018086,598.23,0.0,537.2,0,0,0.0,4752,87.17066425018061
Data,6271,0.0,0.0,3449.409632910077,0.0,331.140367089923,655.25,0.0,186.2,0,0,0.0,4622,331.1403670899229
Data,6272,0.0,0.0,3127.4312174303104,0.0,374.6987825696898,742.47,0.0,189.4,0,0,0.0,4434,374.69878256968957
Data,6273,-0.0,0.0,2789.5001116643875,0.0,778.9098883356128,694.39,0.0,186.2,0,0,0.0,4449,778.9098883356125
Data,6274,-0.0,0.0,2972.9166789351407,0.0,551.7233210648599,661.96,0.0,189.4,0,0,0.0,4376,551.7233210648593
Data,6275,-0.0,0.0,2521.506236895194,0.0,1008.9437631048056,550.15,0.0,189.4,0,0,0.0,4270,1008.9437631048061
Data,6276,-0.0,0.0,2619.257721960854,0.0,526.9922780391464,402.55,0.0,537.2,0,0,0.0,4086,526.9922780391462
Data,6277,-0.0,0.0,2994.113503013609,0.0,532.1864969863911,381.3,0.0,38.4,0,0,0.0,3946,532.1864969863911
Data,6278,-0.0,0.0,3150.2595246443148,0.0,384.62047535568576,394.72,0.0,38.4,0,0,0.0,3968,384.62047535568524
Data,6279,-0.0,0.0,3268.9735750178857,0.0,448.4964249821148,389.13,0.0,38.4,0,0,0.0,4145,448.4964249821144
Data,6280,-0.0,0.0,3487.571933981325,0.0,417.57806601867486,507.65,0.0,35.2,0,0,0.0,4448,417.5780660186751
Data,6281,-0.0,0.0,3853.2814917534174,0.0,0.0,743.59,0.0,38.4,0,34.271491753417024,0.0,4601,-34.27149175341744
Data,6282,-0.0,0.0,4006.7198583087597,0.0,0.0,802.85,0.0,38.4,0,73.96985830875911,0.0,4774,-73.96985830875977
Data,6283,-0.0,0.0,4077.4756195611803,0.0,0.0,838.64,0.0,35.2,0,135.31561956118003,0.0,4816,-135.3156195611803
Data,6284,0.0,0.0,3992.6070460699975,0.0,0.0,714.52,0.0,38.4,0,0.5270460699968567,0.0,4745,-0.5270460699975033
Data,6285,0.0,0.0,4035.401275419797,0.0,89.69872458020319,553.5,0.0,38.4,0,0,0.0,4717,89.69872458020299
Data,6286,0.0,0.0,3847.8824998977975,0.0,250.4275001022027,485.29,0.0,38.4,0,0,0.0,4622,250.42750010220246
Data,6287,0.0,0.0,3811.7189208167974,0.0,158.87107918320254,437.21,0.0,35.2,0,0,0.0,4443,158.8710791832026
Data,6288,0.0,0.0,3840.8903748337975,0.0,238.55962516620258,446.15,0.0,38.4,0,0,0.0,4564,238.5596251662025
Data,6289,0.0,0.0,4301.173537398197,0.0,0.0,429.38,0.0,35.2,0,257.753537398197,0.0,4508,-257.75353739819735
Data,6290,0.0,0.0,4246.043694304397,0.0,0.0,446.15,0.0,32.0,0,62.19369430439673,0.0,4662,-62.1936943043969
Data,6291,0.0,0.0,3945.784241113197,0.0,390.2657588868031,451.75,0.0,35.2,0,0,0.0,4823,390.2657588868031
Data,6292,0.0,0.0,3865.6029705181973,0.0,533.167029481803,475.23,0.0,32.0,0,0,0.0,4906,533.1670294818027
Data,6293,0.0,0.0,3886.124533875198,0.0,541.9554661248023,517.72,0.0,35.2,0,0,0.0,4981,541.9554661248021
Data,6294,0.0,0.0,3886.1107178285974,0.0,571.7292821714025,538.96,0.0,35.2,0,0,0.0,5032,571.7292821714025
Data,6295,0.0,0.0,3813.930957067363,0.0,730.1390429326364,536.73,0.0,35.2,0,0,0.0,5116,730.1390429326368
Data,6296,0.0,0.0,3175.710164276651,0.0,1279.379835723349,572.51,0.0,38.4,0,0,0.0,5066,1279.3798357233488
Data,6297,-0.0,0.0,3223.9114599903787,0.0,1288.2685400096213,677.62,0.0,35.2,0,0,0.0,5225,1288.2685400096213
Data,6298,-0.0,0.0,3164.306591393651,0.0,1415.573408606349,640.72,0.0,38.4,0,0,0.0,5259,1415.5734086063487
Data,6299,-0.0,0.0,2857.783828617499,0.0,1644.366171382502,581.45,0.0,38.4,0,0,0.0,5122,1644.366171382501
Data,6300,-0.0,0.0,2758.7009776752557,0.0,1707.0,362.29,0.0,35.2,0,-155.80902232474438,0.0,5019,1862.8090223247443
Data,6301,-0.0,0.0,2384.1107177170556,0.0,1707.0,339.93,0.0,38.4,0,-335.5592822829445,0.0,4805,2042.5592822829444
Data,6302,-0.0,0.0,2795.577107193815,0.0,1702.052892806185,361.17,0.0,35.2,0,0,0.0,4894,1702.0528928061847
Data,6303,-0.0,0.0,2841.9171699310705,0.0,1438.6726300689288,450.63,0.0,251.7802,0,0,0.0,4983,1438.6726300689295
Data,6304,-0.0,0.0,3012.506928578221,0.0,957.1130714217798,626.18,0.0,537.2,0,0,0.0,5133,957.113071421779
Data,6305,-0.0,0.0,3432.6010134256967,0.0,862.7489865743039,778.25,0.0,189.4,0,0,0.0,5263,862.7489865743033
Data,6306,0.0,0.0,3492.112399951451,0.0,695.3830000485486,793.91,0.0,261.5946,0,0,0.0,5243,695.3830000485489
Data,6307,0.0,0.0,3384.597603768267,0.0,818.7523962317332,778.25,0.0,189.4,0,0,0.0,5171,818.7523962317329
Data,6308,0.0,0.0,3160.6954702206485,0.0,744.1933297793512,695.51,0.0,407.6012,0,0,0.0,5008,744.1933297793514
Data,6309,0.0,0.0,3365.3266683364213,0.0,420.3733316635789,578.1,0.0,537.2,0,0,0.0,4901,420.3733316635786
Data,6310,0.0,0.0,3100.407603095495,0.0,604.8423969045056,495.35,0.0,540.4,0,0,0.0,4741,604.8423969045052
Data,6311,0.0,0.0,3196.053827793771,0.0,502.8144722062295,437.21,0.0,353.9217,0,0,0.0,4490,502.81447220622925
Data,6312,0.0,0.0,3301.0835743690786,0.0,331.37642563092163,408.14,0.0,540.4,0,0,0.0,4581,331.3764256309214
Data,6313,0.0,0.0,3393.6027298540257,0.0,168.6272701459741,385.77,0.0,534.0,0,0,0.0,4482,168.6272701459743
Data,6314,0.0,0.0,3625.342609947818,0.0,228.3592900521822,404.78,0.0,348.5181,0,0,0.0,4607,228.35929005218213
Data,6315,0.0,0.0,3633.991951994254,0.0,170.7780480057463,426.03,0.0,537.2,0,0,0.0,4768,170.77804800574586
Data,6316,0.0,0.0,3494.5743873727733,0.0,387.5556126272268,471.87,0.0,534.0,0,0,0.0,4888,387.55561262722665
Data,6317,0.0,0.0,3304.283855384292,0.0,634.516144615708,492.0,0.0,537.2,0,0,0.0,4968,634.5161446157078
Data,6318,0.0,0.0,3811.193777819615,0.0,270.70042218038503,530.02,0.0,333.0858,0,0,0.0,4945,270.7004221803848
Data,6319,0.0,0.0,3850.097146559431,0.0,101.64285344056927,575.86,0.0,540.4,0,0,0.0,5068,101.64285344056884
Data,6320,0.0,0.0,3729.6955829238927,0.0,570.0644170761075,568.04,0.0,186.2,0,0,0.0,5054,570.0644170761072
Data,6321,-0.0,0.0,2967.118393749258,-0.0,1539.471606250742,634.01,0.0,38.4,0,0,0.0,5179,1539.471606250742
Data,6322,-0.0,0.0,3423.816652700078,0.0,1071.583347299923,590.4,0.0,35.2,0,0,0.0,5121,1071.583347299922
Data,6323,-0.0,0.0,3124.0333611701176,0.0,1364.0066388298826,440.56,0.0,38.4,0,0,0.0,4967,1364.0066388298824
Data,6324,-0.0,0.0,3039.1293638778984,0.0,1432.5206361221026,323.15,0.0,35.2,0,0,0.0,4830,1432.5206361221017
Data,6325,-0.0,0.0,3202.246327158949,0.0,1068.0936728410513,305.26,0.0,38.4,0,0,0.0,4614,1068.0936728410509
Data,6326,-0.0,0.0,3562.9037808130306,0.0,809.3862191869696,326.51,0.0,35.2,0,0,0.0,4734,809.3862191869694
Data,6327,-0.0,0.0,3653.7696700808983,0.0,758.1703299191026,403.66,0.0,38.4,0,0,0.0,4854,758.1703299191016
Data,6328,-0.0,0.0,4019.7395848728647,0.0,438.2704151271357,546.79,0.0,35.2,0,0,0.0,5040,438.2704151271353
Data,6329,-0.0,0.0,4310.687010456741,0.0,112.51298954325995,713.4,0.0,38.4,0,0,0.0,5175,112.51298954325941
Data,6330,0.0,0.0,4331.764127318875,0.0,17.415872681125336,800.62,0.0,35.2,0,0,0.0,5185,17.41587268112532
Data,6331,0.0,0.0,4443.973474603111,0.0,0.0,793.91,0.0,38.4,0,181.2834746031107,0.0,5095,-181.28347460311082
Data,6332,0.0,0.0,4215.212983847374,0.0,0.0,743.59,0.0,35.2,0,41.00298384737399,0.0,4953,-41.00298384737387
Data,6333,0.0,0.0,4296.053792589352,0.0,0.0,598.23,0.0,38.4,0,125.68379258935104,0.0,4807,-125.6837925893523
Data,6334,0.0,0.0,4559.1623561473525,0.0,0.0,497.59,0.0,35.2,0,450.9523561473525,0.0,4641,-450.9523561473525
Data,6335,0.0,0.0,4473.922391808958,0.0,0.0,429.38,0.0,38.4,0,575.702391808958,0.0,4366,-575.7023918089583
Data,6336,0.0,0.0,4744.562990828384,0.0,0.0,388.01,0.0,35.2,0,796.7729908283834,0.0,4371,-796.7729908283836
Data,6337,0.0,0.0,4532.472033015884,0.0,0.0,356.7,0.0,35.2,0,627.372033015884,0.0,4297,-627.3720330158843
Data,6338,0.0,0.0,4491.579927192809,0.0,0.0,381.3,0.0,32.0,0,510.8799271928095,0.0,4394,-510.879927192809
Data,6339,0.0,0.0,4042.63613186369,0.0,39.10386813630957,428.26,0.0,32.0,0,0,0.0,4542,39.103868136309984
Data,6340,0.0,0.0,3903.364162430235,0.0,285.56583756976545,471.87,0.0,35.2,0,0,0.0,4696,285.56583756976505
Data,6341,0.0,0.0,3730.011048830935,0.0,535.9989511690651,472.99,0.0,32.0,0,0,0.0,4771,535.9989511690649
Data,6342,0.0,0.0,3500.415665261812,0.0,747.0343347381879,476.35,0.0,35.2,0,0,0.0,4759,747.0343347381878
Data,6343,0.0,0.0,3356.7615200356367,0.0,541.5179799643636,578.1,0.0,373.6205,0,0,0.0,4850,541.5179799643632
Data,6344,0.0,0.0,2775.1094205266077,0.0,1177.5305794733927,661.96,0.0,189.4,0,0,0.0,4804,1177.5305794733922
Data,6345,-0.0,0.0,2352.0766417108557,-0.0,1707.0,640.72,0.0,186.2,0,-109.0033582891442,0.0,4995,1816.0033582891442
Data,6346,-0.0,0.0,1934.2442072532647,0.0,1707.0,549.03,0.0,537.2,0,-273.52579274673576,0.0,5001,1980.5257927467353
Data,6347,-0.0,0.0,1552.0788786887993,0.0,1707.0,418.2,0.0,540.4,0,-609.3211213112013,0.0,4827,2316.321121311201
Data,6348,-0.0,0.0,1526.2420062931199,0.0,1707.0,374.59,0.0,540.4,0,-546.7679937068804,0.0,4695,2253.76799370688
Data,6349,-0.0,0.0,1227.3269896639047,0.0,1707.0,358.94,0.0,540.4,0,-690.3330103360953,0.0,4524,2397.3330103360954
Data,6350,-0.0,0.0,1229.4859111957676,0.0,1707.0,372.35,0.0,540.4,0,-809.7640888042329,0.0,4659,2516.7640888042324
Data,6351,-0.0,0.0,1285.849003349224,0.0,1707.0,439.45,0.0,540.4,0,-692.3009966507766,0.0,4665,2399.300996650776
Data,6352,-0.0,0.0,965.0218688301928,-0.0,1707.0,559.09,0.0,540.4,0,-1108.4881311698073,0.0,4880,2815.4881311698073
Data,6353,-0.0,0.0,1612.5506684751244,-0.0,1707.0,751.42,0.0,540.4,0,-473.6293315248758,0.0,5085,2180.629331524876
Data,6354,0.0,0.0,2265.469076708139,0.0,1445.1109232918611,825.22,0.0,537.2,0,0,0.0,5073,1445.1109232918611
Data,6355,0.0,0.0,2514.877369937786,0.0,1098.6826300622142,814.04,0.0,540.4,0,0,0.0,4968,1098.6826300622138
Data,6356,0.0,0.0,3070.084172086269,0.0,463.2758279137314,740.24,0.0,540.4,0,0,0.0,4814,463.27582791373095
Data,6357,0.0,0.0,3524.460777345025,0.0,13.729222654975757,609.41,0.0,540.4,0,0,0.0,4688,13.729222654975274
Data,6358,0.0,0.0,3569.1224310061175,0.0,0.0,484.17,0.0,540.4,0,95.69243100611766,0.0,4498,-95.69243100611749
Data,6359,0.0,0.0,3796.023299130363,0.0,0.0,439.45,0.0,540.4,0,556.8732991303627,0.0,4219,-556.8732991303627
Data,6360,0.0,0.0,3118.3709300484097,0.0,209.27906995159017,427.15,0.0,537.2,0,0,0.0,4292,209.27906995159026
Data,6361,0.0,0.0,3132.5761605148236,0.0,181.4638394851764,366.76,0.0,537.2,0,0,0.0,4218,181.46383948517632
Data,6362,0.0,0.0,2577.191103507271,0.0,845.4188964927293,399.19,0.0,537.2,0,0,0.0,4359,845.4188964927291
Data,6363,0.0,0.0,3097.177186802283,0.0,473.66281319771724,415.96,0.0,537.2,0,0,0.0,4524,473.66281319771707
Data,6364,0.0,0.0,2964.3955533093613,0.0,1093.5544466906388,433.85,0.0,186.2,0,0,0.0,4678,1093.5544466906388
Data,6365,0.0,0.0,2707.3893010964066,0.0,1550.4806989035933,462.93,0.0,35.2,0,0,0.0,4756,1550.4806989035933
Data,6366,0.0,0.0,3098.5721937556536,0.0,1149.4778062443465,519.95,0.0,32.0,0,0,0.0,4800,1149.4778062443463
Data,6367,0.0,0.0,2716.414931284492,0.0,1498.0250687155085,637.36,0.0,35.2,0,0,0.0,4887,1498.025068715508
Data,6368,0.0,0.0,2857.161140496888,0.0,1228.448859503112,768.19,0.0,35.2,0,0,0.0,4889,1228.4488595031119
Data,6369,-0.0,0.0,2626.5257968113433,0.0,1707.0,705.57,0.0,35.2,0,-77.70420318865722,0.0,5152,1784.7042031886567
Data,6370,-0.0,0.0,2682.542986607244,0.0,1707.0,508.77,0.0,35.2,0,-252.48701339275672,0.0,5186,1959.487013392756
Data,6371,-0.0,0.0,2908.313399418298,0.0,1707.0,369.0,0.0,38.4,0,-181.28660058170226,0.0,5204,1888.2866005817018
Data,6372,-0.0,0.0,2969.2088261720996,0.0,1707.0,304.15,0.0,38.4,0,-142.2411738279011,0.0,5161,1849.2411738279004
Data,6373,-0.0,0.0,3023.7063234783304,0.0,1613.6536765216704,297.44,0.0,35.2,0,0,0.0,4970,1613.6536765216695
Data,6374,-0.0,0.0,2464.569172039702,0.0,1707.0,309.74,0.0,38.4,0,-601.2908279602984,0.0,5121,2308.290827960298
Data,6375,-0.0,0.0,2700.785431662762,0.0,1707.0,381.3,0.0,38.4,0,-227.51456833723796,0.0,5055,1934.5145683372377
Data,6376,-0.0,0.0,2339.6975194553947,0.0,1707.0,536.73,0.0,38.4,0,-406.17248054460606,0.0,5028,2113.172480544605
Data,6377,-0.0,0.0,2636.4038996268664,0.0,1522.9361003731337,797.26,0.0,189.4,0,0,0.0,5146,1522.9361003731335
Data,6378,0.0,0.0,3016.648756885966,0.0,1033.151243114034,861.0,0.0,186.2,0,0,0.0,5097,1033.1512431140338
Data,6379,0.0,0.0,3661.6782891344683,0.0,301.1617108655321,858.76,0.0,189.4,0,0,0.0,5011,301.16171086553175
Data,6380,0.0,0.0,3585.703369246004,0.0,283.1266307539962,754.77,0.0,189.4,0,0,0.0,4813,283.126630753996
Data,6381,0.0,0.0,3809.973696250228,0.0,0.0,646.31,0.0,189.4,0,17.6836962502274,0.0,4628,-17.683696250227882
Data,6382,0.0,0.0,3949.8411827470004,0.0,0.0,544.55,0.0,186.2,0,255.59118274700026,0.0,4425,-255.59118274700035
Data,6383,0.0,0.0,3920.0806235624773,0.0,0.0,483.05,0.0,189.4,0,329.5306235624775,0.0,4263,-329.53062356247733
Data,6384,0.0,0.0,3791.268250661148,0.0,0.0,455.1,0.0,189.4,0,57.76825066114773,0.0,4378,-57.76825066114819
Data,6385,0.0,0.0,3928.1379548588625,0.0,0.0,381.3,0.0,537.2,0,532.6379548588625,0.0,4314,-532.6379548588625
Data,6386,0.0,0.0,3077.205871664419,0.0,465.7541283355807,395.84,0.0,537.2,0,0,0.0,4476,465.7541283355808
Data,6387,0.0,0.0,2911.8268508425463,0.0,820.3731491574538,393.6,0.0,537.2,0,0,0.0,4663,820.3731491574537
Data,6388,0.0,0.0,2658.277285376639,0.0,1180.4527146233609,398.07,0.0,537.2,0,0,0.0,4774,1180.4527146233609
Data,6389,0.0,0.0,2233.4055033535665,0.0,1655.5444966464338,414.85,0.0,537.2,0,0,0.0,4841,1655.5444966464333
Data,6390,0.0,0.0,2060.499170932845,0.0,1671.8308290671548,496.47,0.0,537.2,0,0,0.0,4766,1671.8308290671548
Data,6391,0.0,0.0,2389.40906445958,0.0,1261.45093554042,654.14,0.0,534.0,0,0,0.0,4839,1261.4509355404202
Data,6392,0.0,0.0,2153.0091096044425,0.0,1311.9708903955573,726.82,0.0,537.2,0,0,0.0,4729,1311.9708903955575
Data,6393,-0.0,0.0,2220.8271138143327,0.0,1481.5228861856674,704.45,0.0,537.2,0,0,0.0,4944,1481.5228861856672
Data,6394,-0.0,0.0,2512.0390972908112,0.0,1444.6609027091888,651.9,0.0,540.4,0,0,0.0,5149,1444.6609027091888
Data,6395,-0.0,0.0,2546.9996085415696,0.0,1460.1903914584307,535.61,0.0,537.2,0,0,0.0,5080,1460.1903914584304
Data,6396,-0.0,0.0,2874.445158672879,0.0,1218.5548413271213,393.6,0.0,540.4,0,0,0.0,5027,1218.5548413271208
Data,6397,-0.0,0.0,2962.1619843681283,0.0,1028.1580156318728,343.28,0.0,540.4,0,0,0.0,4874,1028.1580156318719
Data,6398,-0.0,0.0,3400.3844448838436,0.0,938.8455551161571,410.37,0.0,189.4,0,0,0.0,4939,938.8455551161564
Data,6399,-0.0,0.0,3530.682059647911,0.0,792.0779403520891,518.84,0.0,189.4,0,0,0.0,5031,792.077940352089
Data,6400,-0.0,0.0,3280.4428999728952,0.0,864.4071000271049,697.75,0.0,189.4,0,0,0.0,5032,864.4071000271048
Data,6401,-0.0,0.0,3230.974953649821,0.0,506.27504635017925,741.35,0.0,540.4,0,0,0.0,5019,506.27504635017885
Data,6402,0.0,0.0,4197.257370753205,0.0,0.0,833.05,0.0,189.4,0,314.7073707532042,0.0,4905,-314.7073707532046
Data,6403,0.0,0.0,4585.469316566978,0.0,0.0,861.0,0.0,529.0832,0,1196.5525165669783,0.0,4779,-1196.5525165669778
Data,6404,0.0,0.0,4874.681574109886,0.0,0.0,733.53,0.0,189.4,0,1173.6115741098856,0.0,4624,-1173.6115741098863
Data,6405,0.0,0.0,4417.386982037184,0.0,0.0,530.02,0.0,216.013,0,651.4199820371839,0.0,4512,-651.4199820371838
Data,6406,0.0,0.0,3959.4507786158347,0.0,0.0,456.22,0.0,189.4,0,199.07077861583474,0.0,4406,-199.0707786158347
Data,6407,0.0,0.0,3371.67276077668,0.0,37.39403922331982,441.68,0.0,234.2532,0,0,0.0,4085,37.394039223319794
Data,6408,0.0,0.0,3317.494163624359,0.0,180.725836375641,429.38,0.0,189.4,0,0,0.0,4117,180.72583637564114
Data,6409,0.0,0.0,3064.222740550397,0.0,418.55725944960324,407.02,0.0,186.2,0,0,0.0,4076,418.55725944960324
Data,6410,0.0,0.0,2840.5893576374388,0.0,253.4006423625616,461.81,0.0,537.2,0,0,0.0,4093,253.4006423625612
Data,6411,0.0,0.0,2740.4472081631384,0.0,480.55279183686173,442.8,0.0,537.2,0,0,0.0,4201,480.55279183686156
Data,6412,0.0,0.0,2659.6218108011026,0.0,656.8081891988973,459.57,0.0,534.0,0,0,0.0,4310,656.8081891988975
Data,6413,0.0,0.0,2823.9645494267393,0.0,491.4854505732609,476.35,0.0,537.2,0,0,0.0,4329,491.48545057326066
Data,6414,0.0,0.0,3260.3721979223733,0.0,0.0,489.76,0.0,537.2,0,42.33219792237318,0.0,4245,-42.332197922373325
Data,6415,0.0,0.0,2536.9854042724,0.0,606.2345957276003,478.58,0.0,537.2,0,0,0.0,4159,606.2345957276
Data,6416,0.0,0.0,1994.7857774191093,0.0,972.3642225808909,537.85,0.0,534.0,0,0,0.0,4039,972.3642225808907
Data,6417,-0.0,0.0,2210.457967556866,0.0,1016.5520324431336,497.59,0.0,540.4,0,0,0.0,4265,1016.5520324431338
Data,6418,-0.0,0.0,2206.538719869196,0.0,1453.1612801308038,405.9,0.0,189.4,0,0,0.0,4255,1453.161280130804
Data,6419,-0.0,0.0,2280.4793643005205,0.0,1423.2606356994793,329.86,0.0,189.4,0,0,0.0,4223,1423.2606356994795
Data,6420,-0.0,0.0,2285.6358349003212,0.0,1432.8241650996788,285.14,0.0,189.4,0,0,0.0,4193,1432.8241650996788
Data,6421,-0.0,0.0,2423.4992442462794,0.0,1234.3307557537207,262.77,0.0,189.4,0,0,0.0,4110,1234.3307557537205
Data,6422,-0.0,0.0,2324.428330553759,0.0,1017.8016694462407,287.37,0.0,540.4,0,0,0.0,4170,1017.8016694462408
Data,6423,-0.0,0.0,2413.5751546583615,0.0,1228.4748453416391,328.75,0.0,186.2,0,0,0.0,4157,1228.4748453416385
Data,6424,-0.0,0.0,2588.4175117183,0.0,1040.6124882817003,459.57,0.0,189.4,0,0,0.0,4278,1040.6124882817
Data,6425,-0.0,0.0,2023.381149297831,0.0,1269.318850702169,651.9,0.0,540.4,0,0,0.0,4485,1269.3188507021691
Data,6426,-0.0,0.0,2695.589498204528,0.0,861.3405017954723,791.67,0.0,189.4,0,0,0.0,4538,861.3405017954722
Data,6427,0.0,0.0,3241.707883633231,0.0,310.6521163667687,789.44,0.0,186.2,0,0,0.0,4528,310.6521163667688
Data,6428,0.0,0.0,2886.826807680475,0.0,621.2631923195252,695.51,0.0,189.4,0,0,0.0,4393,621.2631923195248
Data,6429,0.0,0.0,2781.9809486183185,0.0,539.0490513816814,459.57,0.0,540.4,0,0,0.0,4321,539.0490513816815
Data,6430,0.0,0.0,2736.9242070224723,0.0,626.3857929775278,362.29,0.0,540.4,0,0,0.0,4266,626.3857929775277
Data,6431,0.0,0.0,2840.6082763938853,0.0,323.9617236061151,352.23,0.0,537.2,0,0,0.0,4054,323.9617236061147
Data,6432,0.0,0.0,2359.3711258880194,0.0,1034.5526741119804,347.75,0.0,372.3262,0,0,0.0,4114,1034.5526741119807
Data,6433,0.0,0.0,2016.9835497614076,0.0,1488.5164502385924,381.3,0.0,186.2,0,0,0.0,4073,1488.5164502385924
Data,6434,0.0,0.0,1710.569098122689,0.0,1707.0,448.39,0.0,183.0,0,-143.04090187731117,0.0,4192,1850.0409018773112
Data,6435,0.0,0.0,1387.5676902035887,0.0,1707.0,445.04,0.0,346.1376,0,-451.25470979641136,0.0,4337,2158.254709796411
Data,6436,0.0,0.0,1743.4359364346199,0.0,1707.0,445.04,0.0,186.2,0,-390.32406356538036,0.0,4472,2097.32406356538
Data,6437,0.0,0.0,1617.2895855381055,0.0,1707.0,459.57,0.0,534.0,0,-198.14041446189427,0.0,4516,1905.1404144618946
Data,6438,0.0,0.0,1430.3452590255163,0.0,1707.0,468.52,0.0,537.2,0,-275.93474097448393,0.0,4419,1982.9347409744837
Data,6439,0.0,0.0,1378.9500302375955,0.0,1707.0,452.86,0.0,537.2,0,-200.9899697624046,0.0,4277,1907.9899697624046
Data,6440,0.0,0.0,1206.2851556163394,0.0,1707.0,517.72,0.0,183.0,0,-373.9948443836604,0.0,3988,2080.9948443836606
Data,6441,-0.0,0.0,1390.7525200612758,-0.0,1707.0,497.59,0.0,189.4,0,-226.25747993872386,0.0,4011,1933.2574799387241
Data,6442,-0.0,0.0,1462.003772617879,0.0,1707.0,390.25,0.0,189.4,0,-137.34622738212104,0.0,3886,1844.346227382121
Data,6443,-0.0,0.0,1584.8220173642828,0.0,1561.007982635717,311.97,0.0,186.2,0,0,0.0,3644,1561.007982635717
Data,6444,-0.0,0.0,2358.957835488844,0.0,772.9221645111561,271.72,0.0,189.4,0,0,0.0,3593,772.922164511156
Data,6445,-0.0,0.0,2635.2961912791307,0.0,487.05380872086937,267.25,0.0,189.4,0,0,0.0,3579,487.05380872086937
Data,6446,-0.0,0.0,2649.4065523424847,0.0,483.4434476575155,273.95,0.0,186.2,0,0,0.0,3593,483.4434476575153
Data,6447,-0.0,0.0,2638.0437920631325,0.0,311.1862079368678,287.37,0.0,540.4,0,0,0.0,3777,311.1862079368675
Data,6448,-0.0,0.0,3111.4042149899064,0.0,237.45578501009314,432.74,0.0,189.4,0,0,0.0,3971,237.45578501009354
Data,6449,-0.0,0.0,3161.9845532483973,0.0,186.15544675160282,649.66,0.0,186.2,0,0,0.0,4184,186.1554467516027
Data,6450,-0.0,0.0,3467.3166912144043,0.0,0.0,725.7,0.0,295.5559,0,145.57259121440424,0.0,4343,-145.57259121440433
Data,6451,0.0,0.0,3097.637424990113,0.0,330.0625750098877,774.9,0.0,189.4,0,0,0.0,4392,330.06257500988727
Data,6452,0.0,0.0,3481.1004468053543,0.0,0.0,714.52,0.0,186.2,0,79.82044680535417,0.0,4302,-79.82044680535427
Data,6453,0.0,0.0,3389.1877386042756,0.0,57.67226139572406,555.74,0.0,189.4,0,0,0.0,4192,57.67226139572435
Data,6454,0.0,0.0,4068.6966323160627,0.0,0.0,426.03,0.0,189.4,0,624.1266323160629,0.0,4060,-624.1266323160627
Data,6455,0.0,0.0,3651.8974482444637,0.0,0.0,405.9,0.0,186.2,0,398.9974482444635,0.0,3845,-398.99744824446367
Data,6456,0.0,0.0,3698.285165656897,0.0,0.0,388.01,0.0,189.4,0,367.6951656568969,0.0,3908,-367.69516565689685
Data,6457,0.0,0.0,3130.360698097955,0.0,0.0,377.95,0.0,382.2805,0,27.59119809795439,0.0,3863,-27.591198097954816
Data,6458,0.0,0.0,3307.787384436752,0.0,0.0,391.36,0.0,534.0,0,249.1473844367518,0.0,3984,-249.14738443675185
Data,6459,0.0,0.0,3372.0458388041957,0.0,0.0,377.95,0.0,537.2,0,110.19583880419547,0.0,4177,-110.19583880419572
Data,6460,0.0,0.0,3175.4746376515063,0.0,181.56536234849355,415.96,0.0,534.0,0,0,0.0,4307,181.5653623484937
Data,6461,0.0,0.0,2792.3409168564513,0.0,626.7190831435493,432.74,0.0,537.2,0,0,0.0,4389,626.7190831435487
Data,6462,0.0,0.0,2914.2534200080804,0.0,460.73657999191994,461.81,0.0,537.2,0,0,0.0,4374,460.73657999191954
Data,6463,0.0,0.0,2032.0176217985754,0.0,1332.3223782014247,526.66,0.0,534.0,0,0,0.0,4425,1332.3223782014247
Data,6464,0.0,0.0,1376.8793472024252,0.0,1707.0,618.35,0.0,537.2,0,-147.57065279757512,0.0,4387,1854.570652797575
Data,6465,-0.0,0.0,1164.1624507494028,-0.0,1707.0,527.78,0.0,537.2,0,-686.8575492505977,0.0,4623,2393.857549250597
Data,6466,-0.0,0.0,1473.5311648101833,0.0,1707.0,474.11,0.0,186.2,0,-729.1588351898167,0.0,4570,2436.1588351898167
Data,6467,-0.0,0.0,1203.7440945932326,0.0,1707.0,409.25,0.0,537.2,0,-484.8059054067675,0.0,4342,2191.805905406767
Data,6468,-0.0,0.0,1395.002646447531,0.0,1707.0,380.18,0.0,388.0228,0,-380.7945535524688,0.0,4251,2087.7945535524686
Data,6469,-0.0,0.0,1310.3586052324745,0.0,1707.0,365.65,0.0,537.2,0,-115.79139476752559,0.0,4036,1822.7913947675256
Data,6470,-0.0,0.0,1825.44252126591,0.0,1707.0,392.48,0.0,189.4,0,-76.67747873408975,0.0,4191,1783.6774787340898
Data,6471,-0.0,0.0,1285.0331623365405,0.0,1707.0,467.4,0.0,479.2044,0,-325.36243766345933,0.0,4264,2032.3624376634596
Data,6472,-0.0,0.0,1090.5539261141953,0.0,1707.0,697.75,0.0,540.4,0,-423.29607388580484,0.0,4459,2130.2960738858046
Data,6473,-0.0,0.0,711.5008406239838,0.0,1707.0,863.24,0.0,537.2,0,-879.0591593760166,0.0,4698,2586.0591593760164
Data,6474,-0.0,0.0,2001.0420023147935,0.0,1254.607997685207,888.95,0.0,540.4,0,0,0.0,4685,1254.6079976852066
Data,6475,0.0,0.0,2175.9642343573505,0.0,1042.1157656426496,837.52,0.0,540.4,0,0,0.0,4596,1042.1157656426494
Data,6476,0.0,0.0,1892.752699321889,0.0,1287.7373006781113,769.31,0.0,537.2,0,0,0.0,4487,1287.737300678111
Data,6477,0.0,0.0,1974.2054632377435,0.0,1236.1745367622566,579.22,0.0,540.4,0,0,0.0,4330,1236.1745367622566
Data,6478,0.0,0.0,1549.8892183741534,0.0,1590.1607816258468,470.75,0.0,537.2,0,0,0.0,4148,1590.1607816258465
Data,6479,0.0,0.0,1453.1722787559384,0.0,1475.6777212440616,451.75,0.0,540.4,0,0,0.0,3921,1475.6777212440616
Data,6480,0.0,0.0,1456.274646511428,0.0,1547.725353488572,442.8,0.0,537.2,0,0,0.0,3984,1547.725353488572
Data,6481,0.0,0.0,1355.5978465856208,0.0,1555.3421534143793,452.86,0.0,537.2,0,0,0.0,3901,1555.342153414379
Data,6482,0.0,0.0,1194.9565255896036,0.0,1707.0,476.35,0.0,537.2,0,-100.49347441039663,0.0,4016,1807.4934744103962
Data,6483,0.0,0.0,909.5071677671237,0.0,1707.0,460.69,0.0,534.0,0,-584.8028322328762,0.0,4196,2291.8028322328764
Data,6484,0.0,0.0,632.0979283466152,0.0,1707.0,541.2,0.0,537.2,0,-941.5020716533851,0.0,4359,2648.5020716533845
Data,6485,0.0,0.0,360.5456411351285,0.0,1707.0,590.4,0.0,534.0,0,-1237.0543588648713,0.0,4429,2944.0543588648716
Data,6486,0.0,0.0,686.7464372623879,0.0,1707.0,621.71,0.0,537.2,0,-855.3435627376123,0.0,4408,2562.343562737612
Data,6487,0.0,0.0,629.1214010812256,0.0,1707.0,628.42,0.0,534.0,0,-984.4585989187743,0.0,4483,2691.4585989187744
Data,6488,0.0,0.0,287.6675829149384,0.0,1707.0,692.15,0.0,537.2,0,-1199.9824170850618,0.0,4424,2906.9824170850616
Data,6489,-0.0,0.0,386.1030067561,0.0,1707.0,590.4,0.0,534.0,0,-1382.4969932438999,0.0,4600,3089.4969932439
Data,6490,-0.0,0.0,291.60645693940006,0.0,1707.0,555.74,0.0,540.4,0,-1390.2535430605997,0.0,4485,3097.2535430606
Data,6491,-0.0,0.0,457.0142144493219,0.0,1707.0,519.95,0.0,540.4,0,-1045.6357855506778,0.0,4270,2752.635785550678
Data,6492,-0.0,0.0,561.7625214898733,-0.0,1707.0,464.05,0.0,537.2,0,-792.9874785101267,0.0,4063,2499.9874785101265
Data,6493,-0.0,0.0,688.2869151752044,0.0,1707.0,440.56,0.0,540.4,0,-478.75308482479556,0.0,3855,2185.7530848247957
Data,6494,-0.0,0.0,637.6420963716253,-0.0,1707.0,462.93,0.0,540.4,0,-592.0279036283748,0.0,3940,2299.0279036283746
Data,6495,-0.0,0.0,657.9191634595591,0.0,1707.0,470.75,0.0,537.2,0,-724.1308365404411,0.0,4097,2431.130836540441
Data,6496,-0.0,0.0,440.15365172650405,0.0,1707.0,615.0,0.0,540.4,0,-1069.446348273496,0.0,4372,2776.446348273496
Data,6497,-0.0,0.0,582.9254874901408,0.0,1707.0,761.48,0.0,540.4,0,-1022.1945125098596,0.0,4614,2729.194512509859
Data,6498,0.0,0.0,617.8561187442874,0.0,1707.0,783.85,0.0,537.2,0,-976.0938812557131,0.0,4622,2683.0938812557124
Data,6499,0.0,0.0,694.7391524365211,0.0,1707.0,754.77,0.0,540.4,0,-868.0908475634789,0.0,4565,2575.0908475634787
Data,6500,0.0,0.0,1154.1429351285362,0.0,1707.0,656.37,0.0,537.2,0,-424.28706487146405,0.0,4479,2131.287064871464
Data,6501,0.0,0.0,1330.702018500809,0.0,1707.0,467.4,0.0,540.4,0,-301.4979814991909,0.0,4347,2008.4979814991912
Data,6502,0.0,0.0,1231.139027419659,0.0,1707.0,398.07,0.0,537.2,0,-325.59097258034103,0.0,4199,2032.590972580341
Data,6503,0.0,0.0,1158.6361472359563,0.0,1707.0,385.77,0.0,540.4,0,-162.19385276404364,0.0,3954,1869.1938527640436
Data,6504,0.0,0.0,1185.0581136975263,0.0,1707.0,376.83,0.0,537.2,0,-250.91188630247393,0.0,4057,1957.9118863024737
Data,6505,0.0,0.0,1473.5963106326942,0.0,1640.0536893673059,323.15,0.0,537.2,0,0,0.0,3974,1640.0536893673057
Data,6506,0.0,0.0,1413.1134935596963,0.0,1707.0,336.57,0.0,537.2,0,-77.11650644030374,0.0,4071,1784.1165064403037
Data,6507,0.0,0.0,1208.9938933573758,0.0,1707.0,381.3,0.0,534.0,0,-369.70610664262415,0.0,4201,2076.706106642624
Data,6508,0.0,0.0,1098.19622317525,0.0,1707.0,466.28,0.0,537.2,0,-506.32377682475044,0.0,4315,2213.32377682475
Data,6509,0.0,0.0,629.735659029042,0.0,1707.0,509.89,0.0,534.0,0,-1046.3743409709582,0.0,4427,2753.3743409709577
Data,6510,0.0,0.0,696.7796466203467,0.0,1707.0,526.66,0.0,537.2,0,-954.3603533796536,0.0,4422,2661.360353379653
Data,6511,0.0,0.0,1031.5587804037016,0.0,1707.0,612.76,0.0,534.0,0,-567.6812195962982,0.0,4453,2274.6812195962984
Data,6512,0.0,0.0,1109.8415263256093,0.0,1707.0,620.59,0.0,537.2,0,-402.3684736743909,0.0,4377,2109.3684736743908
Data,6513,-0.0,0.0,1263.9718024610427,-0.0,1707.0,488.65,0.0,537.2,0,-479.1781975389574,0.0,4476,2186.178197538957
Data,6514,-0.0,0.0,983.055356959677,-0.0,1707.0,341.05,0.0,540.4,0,-739.4946430403227,0.0,4311,2446.494643040323
Data,6515,-0.0,0.0,1455.1320651019382,0.0,1707.0,316.45,0.0,540.4,0,-109.01793489806177,0.0,4128,1816.0179348980619
Data,6516,-0.0,0.0,1235.0253649946155,0.0,1707.0,309.74,0.0,540.4,0,-281.8346350053841,0.0,4074,1988.8346350053844
Data,6517,-0.0,0.0,1362.009733024188,0.0,1707.0,287.37,0.0,540.4,0,-99.22026697581191,0.0,3996,1806.220266975812
Data,6518,-0.0,0.0,1536.303028846582,0.0,1707.0,304.15,0.0,540.4,0,-38.14697115341765,0.0,4126,1745.146971153418
Data,6519,-0.0,0.0,2787.193636362686,0.0,843.6663636373133,432.74,0.0,189.4,0,0,0.0,4253,843.666363637314
Data,6520,-0.0,0.0,3215.4133148759697,0.0,0.0,635.13,0.0,540.4,0,20.94331487596955,0.0,4370,-20.94331487596969
Data,6521,-0.0,0.0,3233.5833604172376,0.0,5.416639582762336,762.6,0.0,540.4,0,0,0.0,4542,5.4166395827624
Data,6522,0.0,0.0,2950.778270321279,0.0,369.3217296787217,799.5,0.0,540.4,0,0,0.0,4660,369.3217296787212
Data,6523,0.0,0.0,2480.8162590167176,0.0,865.9237409832826,748.06,0.0,537.2,0,0,0.0,4632,865.9237409832824
Data,6524,0.0,0.0,2863.5986906271783,0.0,414.4413093728219,686.56,0.0,540.4,0,0,0.0,4505,414.4413093728218
Data,6525,0.0,0.0,2808.362302351601,0.0,436.56769764839856,545.67,0.0,540.4,0,0,0.0,4331,436.56769764839896
Data,6526,0.0,0.0,2610.0633937134426,0.0,597.9566062865572,478.58,0.0,540.4,0,0,0.0,4227,597.9566062865574
Data,6527,0.0,0.0,2308.2752806348276,0.0,742.0847193651725,420.44,0.0,537.2,0,0,0.0,4008,742.0847193651723
Data,6528,0.0,0.0,2868.3501576801336,0.0,309.81984231986667,401.43,0.0,540.4,0,0,0.0,4120,309.8198423198664
Data,6529,0.0,0.0,2475.686751766028,0.0,645.4032482339721,375.71,0.0,537.2,0,0,0.0,4034,645.4032482339719
Data,6530,0.0,0.0,3352.009303413058,0.0,237.58069658694177,363.41,0.0,183.0,0,0,0.0,4136,237.58069658694177
Data,6531,0.0,0.0,3519.0480401803193,0.0,379.8119598196809,358.94,0.0,35.2,0,0,0.0,4293,379.81195981968074
Data,6532,0.0,0.0,3495.078957765858,0.0,565.8710422341419,360.05,0.0,32.0,0,0,0.0,4453,565.8710422341421
Data,6533,0.0,0.0,3186.8287036944175,0.0,930.8312963055826,408.14,0.0,35.2,0,0,0.0,4561,930.8312963055824
Data,6534,0.0,0.0,2605.003576371825,0.0,1505.4664236281749,438.33,0.0,35.2,0,0,0.0,4584,1505.4664236281749
Data,6535,0.0,0.0,2678.7158228494673,0.0,1278.294177150533,546.79,0.0,35.2,0,0,0.0,4539,1278.2941771505327
Data,6536,0.0,0.0,2526.175784841659,0.0,1234.0942151583413,561.33,0.0,38.4,0,0,0.0,4360,1234.0942151583408
Data,6537,-0.0,0.0,2192.528938060278,0.0,1608.681061939722,497.59,0.0,35.2,0,0,0.0,4334,1608.681061939722
Data,6538,-0.0,0.0,2009.6576570975592,0.0,1701.022342902441,443.92,0.0,38.4,0,0,0.0,4193,1701.0223429024409
Data,6539,-0.0,0.0,2328.5990375227593,0.0,1301.630962477241,410.37,0.0,38.4,0,0,0.0,4079,1301.6309624772407
Data,6540,-0.0,0.0,2667.721224767486,0.0,978.4987752325146,355.58,0.0,35.2,0,0,0.0,4037,978.4987752325139
Data,6541,-0.0,0.0,2832.954887474312,0.0,775.8951125256881,347.75,0.0,38.4,0,0,0.0,3995,775.8951125256882
Data,6542,-0.0,0.0,3004.516930827842,0.0,519.5230691721586,366.76,0.0,35.2,0,0,0.0,3926,519.5230691721581
Data,6543,-0.0,0.0,3176.9214889780537,0.0,472.0785110219463,393.6,0.0,38.4,0,0,0.0,4081,472.07851102194627
Data,6544,-0.0,0.0,3408.1270824852904,0.0,341.4229175147098,532.25,0.0,35.2,0,0,0.0,4317,341.4229175147096
Data,6545,-0.0,0.0,3994.901579315485,0.0,0.0,733.53,0.0,38.4,0,263.8315793154841,0.0,4503,-263.8315793154849
Data,6546,-0.0,0.0,4698.726221261638,0.0,0.0,767.07,0.0,38.4,0,841.1962212616377,0.0,4663,-841.1962212616379
Data,6547,0.0,0.0,4583.238107576641,0.0,0.0,736.88,0.0,35.2,0,682.3181075766404,0.0,4673,-682.3181075766407
Data,6548,0.0,0.0,4165.370899954896,0.0,0.0,680.97,0.0,38.4,0,308.7408999548961,0.0,4576,-308.74089995489624
Data,6549,0.0,0.0,4084.0382847088154,0.0,0.0,470.75,0.0,35.2,0,98.98828470881517,0.0,4491,-98.98828470881536
Data,6550,0.0,0.0,3845.152601552005,0.0,140.3173984479953,389.13,0.0,38.4,0,0,0.0,4413,140.31739844799515
Data,6551,0.0,0.0,3282.1260317922524,0.0,544.0039682077477,373.47,0.0,38.4,0,0,0.0,4238,544.0039682077476
Data,6552,0.0,0.0,2872.5019650745453,0.0,1049.538034925455,366.76,0.0,35.2,0,0,0.0,4324,1049.5380349254547
Data,6553,0.0,0.0,2867.181110870883,0.0,992.9688891291171,365.65,0.0,35.2,0,0,0.0,4261,992.968889129117
Data,6554,0.0,0.0,2526.98876576803,0.0,1375.68123423197,389.13,0.0,35.2,0,0,0.0,4327,1375.68123423197
Data,6555,0.0,0.0,2626.9080502520037,0.0,1301.0019497479962,436.09,0.0,32.0,0,0,0.0,4396,1301.0019497479964
Data,6556,0.0,0.0,2598.74673922732,0.0,1415.2532607726798,442.8,0.0,35.2,0,0,0.0,4492,1415.2532607726798
Data,6557,0.0,0.0,2576.3519732631157,0.0,1492.4380267368842,437.21,0.0,32.0,0,0,0.0,4538,1492.4380267368842
Data,6558,0.0,0.0,2513.3037741617914,0.0,1489.9962258382088,430.5,0.0,35.2,0,0,0.0,4469,1489.9962258382086
Data,6559,0.0,0.0,2236.400395311306,0.0,1609.7896046886945,486.41,0.0,38.4,0,0,0.0,4371,1609.789604688694
Data,6560,0.0,0.0,1718.5623463752356,0.0,1707.0,467.4,0.0,35.2,0,-242.83765362476447,0.0,4171,1949.8376536247645
Data,6561,-0.0,0.0,1502.0673612979201,-0.0,1707.0,404.78,0.0,38.4,0,-488.75263870208045,0.0,4141,2195.75263870208
Data,6562,-0.0,0.0,1244.839523319863,0.0,1707.0,379.06,0.0,35.2,0,-609.9004766801371,0.0,3976,2316.9004766801368
Data,6563,-0.0,0.0,1278.700950000159,0.0,1707.0,342.16,0.0,38.4,0,-471.7390499998409,0.0,3838,2178.739049999841
Data,6564,-0.0,0.0,1875.9762120722592,0.0,1534.943787927741,318.68,0.0,38.4,0,0,0.0,3768,1534.943787927741
Data,6565,-0.0,0.0,2005.964153129959,0.0,1381.0458468700413,300.79,0.0,35.2,0,0,0.0,3723,1381.045846870041
Data,6566,-0.0,0.0,1580.5472673091456,0.0,1630.5527326908543,307.5,0.0,189.4,0,0,0.0,3708,1630.5527326908543
Data,6567,-0.0,0.0,1808.7580568977596,0.0,1502.7019431022404,334.34,0.0,186.2,0,0,0.0,3832,1502.7019431022404
Data,6568,-0.0,0.0,1958.0889342416156,0.0,1474.8910657583845,431.62,0.0,189.4,0,0,0.0,4054,1474.8910657583845
Data,6569,-0.0,0.0,1920.7017609106201,0.0,1394.69823908938,713.4,0.0,186.2,0,0,0.0,4215,1394.69823908938
Data,6570,-0.0,0.0,2488.486813875438,0.0,934.563186124562,790.55,0.0,189.4,0,0,0.0,4403,934.5631861245619
Data,6571,0.0,0.0,2271.378089568737,0.0,1227.311910431263,720.11,0.0,186.2,0,0,0.0,4405,1227.3119104312632
Data,6572,0.0,0.0,1593.5444335747113,0.0,1707.0,686.56,0.0,189.4,0,-142.4955664252891,0.0,4319,1849.4955664252886
Data,6573,0.0,0.0,1837.2211334192275,0.0,1707.0,477.46,0.0,189.4,0,-4.918866580772374,0.0,4216,1711.9188665807726
Data,6574,0.0,0.0,1678.827985453287,0.0,1707.0,405.9,0.0,186.2,0,-183.07201454671304,0.0,4161,1890.072014546713
Data,6575,0.0,0.0,1584.2115202910263,0.0,1707.0,384.65,0.0,189.4,0,-142.7384797089735,0.0,4008,1849.7384797089737
Data,6576,0.0,0.0,1999.4992030310527,0.0,1539.0007969689473,381.3,0.0,186.2,0,0,0.0,4106,1539.0007969689473
Data,6577,0.0,0.0,1602.2729184475634,0.0,1707.0,366.76,0.0,186.2,0,-177.7670815524366,0.0,4040,1884.7670815524366
Data,6578,0.0,0.0,1667.7982932269724,0.0,1707.0,398.07,0.0,183.0,0,-207.13170677302742,0.0,4163,1914.1317067730276
Data,6579,0.0,0.0,1661.8275045146497,0.0,1707.0,399.19,0.0,186.2,0,-329.7824954853504,0.0,4284,2036.7824954853504
Data,6580,0.0,0.0,1205.7578854285762,0.0,1707.0,399.19,0.0,183.0,0,-878.0521145714239,0.0,4373,2585.0521145714238
Data,6581,0.0,0.0,1314.0845199596001,0.0,1707.0,456.22,0.0,248.4225,0,-685.2729800404,0.0,4411,2392.2729800404
Data,6582,0.0,0.0,1586.4150957203558,0.0,1707.0,465.16,0.0,186.2,0,-375.22490427964453,0.0,4320,2082.2249042796443
Data,6583,0.0,0.0,1467.838065346467,0.0,1678.281934653533,490.88,0.0,534.0,0,0,0.0,4171,1678.281934653533
Data,6584,0.0,0.0,1310.7095210674192,0.0,1610.340478932581,470.75,0.0,537.2,0,0,0.0,3929,1610.3404789325807
Data,6585,-0.0,0.0,1109.8459791212429,0.0,1707.0,392.48,0.0,186.2,0,-510.4740208787574,0.0,3906,2217.474020878757
Data,6586,-0.0,0.0,879.9675812279421,0.0,1707.0,338.81,0.0,189.4,0,-644.8224187720579,0.0,3760,2351.822418772058
Data,6587,-0.0,0.0,607.1590033095628,0.0,1707.0,297.44,0.0,189.4,0,-782.0009966904371,0.0,3583,2489.000996690437
Data,6588,-0.0,0.0,655.9072014255876,0.0,1707.0,287.37,0.0,186.2,0,-615.5227985744127,0.0,3452,2322.5227985744123
Data,6589,-0.0,0.0,885.694818585576,-0.0,1707.0,278.43,0.0,189.4,0,-284.4751814144241,0.0,3345,1991.475181414424
Data,6590,-0.0,0.0,964.5753222901186,-0.0,1707.0,299.67,0.0,186.2,0,-184.5546777098815,0.0,3342,1891.5546777098814
Data,6591,-0.0,0.0,1805.2652427084022,0.0,1149.9447572915979,325.39,0.0,189.4,0,0,0.0,3470,1149.9447572915979
Data,6592,-0.0,0.0,2142.714909707419,0.0,968.7250902925814,391.36,0.0,186.2,0,0,0.0,3689,968.7250902925812
Data,6593,-0.0,0.0,2270.1777074341267,0.0,918.7522925658733,545.67,0.0,189.4,0,0,0.0,3924,918.7522925658734
Data,6594,0.0,0.0,2088.489280959152,0.0,1053.460719040848,679.85,0.0,186.2,0,0,0.0,4008,1053.460719040848
Data,6595,0.0,0.0,2475.5138244889185,0.0,595.5761755110816,695.51,0.0,189.4,0,0,0.0,3956,595.5761755110815
Data,6596,0.0,0.0,2016.5098137075286,0.0,995.2701862924716,653.02,0.0,186.2,0,0,0.0,3851,995.2701862924714
Data,6597,0.0,0.0,1947.4368964507423,0.0,1302.2131035492573,519.95,0.0,38.4,0,0,0.0,3808,1302.2131035492575
Data,6598,0.0,0.0,1334.1572312328217,0.0,1707.0,449.51,0.0,35.2,0,-256.1327687671783,0.0,3782,1963.1327687671783
Data,6599,0.0,0.0,1735.3762922421495,0.0,1549.2037077578505,407.02,0.0,38.4,0,0,0.0,3730,1549.2037077578505
Data,6600,0.0,0.0,2428.270140271622,0.0,1140.0598597283781,373.47,0.0,35.2,0,0,0.0,3977,1140.059859728378
Data,6601,0.0,0.0,2170.4163610953356,0.0,1365.8136389046645,385.77,0.0,32.0,0,0,0.0,3954,1365.8136389046645
Data,6602,0.0,0.0,2348.185302209299,0.0,1285.964697790701,384.65,0.0,35.2,0,0,0.0,4054,1285.964697790701
Data,6603,0.0,0.0,2110.2375635036456,0.0,1637.8124364963546,396.95,0.0,32.0,0,0,0.0,4177,1637.8124364963544
Data,6604,0.0,0.0,1998.5998641651006,0.0,1707.0,474.11,0.0,35.2,0,-108.09013583489946,0.0,4323,1815.0901358348995
Data,6605,0.0,0.0,2023.7922586254558,0.0,1707.0,485.29,0.0,32.0,0,-92.91774137454422,0.0,4341,1799.9177413745442
Data,6606,0.0,0.0,2064.142066694366,0.0,1634.5979333056343,502.06,0.0,35.2,0,0,0.0,4236,1634.5979333056341
Data,6607,0.0,0.0,2360.723475372295,0.0,1220.1865246277048,436.09,0.0,32.0,0,0,0.0,4049,1220.186524627705
Data,6608,0.0,0.0,2403.3416535736214,0.0,895.2883464263789,434.97,0.0,38.4,0,0,0.0,3772,895.2883464263786
Data,6609,-0.0,0.0,2127.5257198006375,0.0,1204.6842801993628,374.59,0.0,35.2,0,0,0.0,3742,1204.6842801993625
Data,6610,-0.0,0.0,2170.7673564767424,0.0,959.1826435232575,365.65,0.0,38.4,0,0,0.0,3534,959.1826435232576
Data,6611,-0.0,0.0,2258.2956944252614,0.0,884.7043055747388,319.8,0.0,35.2,0,0,0.0,3498,884.7043055747386
Data,6612,-0.0,0.0,2350.2698623067818,0.0,759.160137693219,287.37,0.0,35.2,0,0,0.0,3432,759.1601376932182
Data,6613,-0.0,0.0,2124.6493050830354,0.0,1024.6406949169648,277.31,0.0,38.4,0,0,0.0,3465,1024.6406949169645
Data,6614,-0.0,0.0,2295.8472222406326,0.0,776.8127777593681,285.14,0.0,35.2,0,0,0.0,3393,776.8127777593673
Data,6615,-0.0,0.0,2433.658121710868,0.0,782.7918782891325,304.15,0.0,38.4,0,0,0.0,3559,782.7918782891322
Data,6616,-0.0,0.0,2461.452598017244,0.0,818.6874019827567,403.66,0.0,35.2,0,0,0.0,3719,818.6874019827561
Data,6617,-0.0,0.0,2560.0710641767564,0.0,681.1389358232436,571.39,0.0,38.4,0,0,0.0,3851,681.1389358232436
Data,6618,0.0,0.0,2974.0700753795254,0.0,330.5099246204746,702.22,0.0,35.2,0,0,0.0,4042,330.5099246204746
Data,6619,0.0,0.0,2783.182105068461,0.0,521.0678949315386,741.35,0.0,38.4,0,0,0.0,4084,521.0678949315388
Data,6620,0.0,0.0,2454.9167128441354,0.0,954.1132871558648,631.77,0.0,35.2,0,0,0.0,4076,954.1132871558646
Data,6621,0.0,0.0,2412.360048662379,0.0,1125.3999513376207,518.84,0.0,38.4,0,0,0.0,4095,1125.399951337621
Data,6622,0.0,0.0,2170.2724317648335,0.0,1560.1975682351667,438.33,0.0,35.2,0,0,0.0,4204,1560.1975682351665
Data,6623,0.0,0.0,2119.4081077649867,0.0,1556.601892235013,374.59,0.0,38.4,0,0,0.0,4089,1556.6018922350133
Data,6624,0.0,0.0,2173.110619470617,0.0,1610.4493805293832,371.24,0.0,35.2,0,0,0.0,4190,1610.4493805293828
Data,6625,0.0,0.0,2119.4731793154806,0.0,1612.54682068452,404.78,0.0,35.2,0,0,0.0,4172,1612.5468206845194
Data,6626,0.0,0.0,2105.525640261736,0.0,1707.0,420.44,0.0,32.0,0,-4.034359738263987,0.0,4269,1711.034359738264
Data,6627,0.0,0.0,2175.0546564617803,0.0,1707.0,430.5,0.0,35.2,0,-101.24534353822008,0.0,4449,1808.2453435382197
Data,6628,0.0,0.0,2339.1124461339386,0.0,1704.5075538660615,429.38,0.0,32.0,0,0,0.0,4505,1704.5075538660612
Data,6629,0.0,0.0,2167.3787149166565,0.0,1707.0,443.92,0.0,35.2,0,-193.50128508334345,0.0,4547,1900.5012850833434
Data,6630,0.0,0.0,2118.577320065173,0.0,1707.0,506.54,0.0,35.2,0,-114.68267993482729,0.0,4482,1821.682679934827
Data,6631,0.0,0.0,2265.229075892259,0.0,1483.1709241077408,590.4,0.0,35.2,0,0,0.0,4374,1483.170924107741
Data,6632,0.0,0.0,2186.861498646659,0.0,1337.6185013533411,616.12,0.0,38.4,0,0,0.0,4179,1337.618501353341
Data,6633,-0.0,0.0,2161.0160165832594,0.0,1522.6339834167409,446.15,0.0,35.2,0,0,0.0,4165,1522.6339834167406
Data,6634,-0.0,0.0,2175.393352513859,0.0,1479.8566474861411,353.35,0.0,38.4,0,0,0.0,4047,1479.856647486141
Data,6635,-0.0,0.0,2324.03293716166,0.0,1196.3870628383404,306.38,0.0,35.2,0,0,0.0,3862,1196.3870628383402
Data,6636,-0.0,0.0,2322.380850703696,0.0,1088.8491492963042,287.37,0.0,38.4,0,0,0.0,3737,1088.849149296304
Data,6637,-0.0,0.0,2608.198576453744,0.0,777.881423546256,271.72,0.0,35.2,0,0,0.0,3693,777.881423546256
Data,6638,-0.0,0.0,2914.01629570868,0.0,417.75370429132073,303.03,0.0,35.2,0,0,0.0,3670,417.75370429132005
Data,6639,-0.0,0.0,3012.7411654115704,0.0,443.00883458842947,341.05,0.0,35.2,0,0,0.0,3832,443.00883458842964
Data,6640,-0.0,0.0,3211.292173927867,0.0,442.17782607213263,389.13,0.0,38.4,0,0,0.0,4081,442.1778260721328
Data,6641,-0.0,0.0,3471.7470939124532,0.0,146.80290608754711,513.25,0.0,35.2,0,0,0.0,4167,146.80290608754677
Data,6642,-0.0,0.0,3476.8415534914943,0.0,121.20844650850592,716.75,0.0,35.2,0,0,0.0,4350,121.20844650850567
Data,6643,0.0,0.0,3542.314769290288,0.0,33.63523070971229,783.85,0.0,35.2,0,0,0.0,4395,33.635230709711934
Data,6644,0.0,0.0,3884.3486738529277,0.0,0.0,707.81,0.0,38.4,0,300.5586738529275,0.0,4330,-300.55867385292765
Data,6645,0.0,0.0,3902.3226138864793,0.0,0.0,608.29,0.0,35.2,0,219.8126138864793,0.0,4326,-219.81261388647926
Data,6646,0.0,0.0,3746.296062107567,0.0,0.0,522.19,0.0,35.2,0,3.686062107567068,0.0,4300,-3.6860621075672526
Data,6647,0.0,0.0,3835.8959742136763,0.0,0.0,458.45,0.0,35.2,0,150.54597421367595,0.0,4179,-150.54597421367623
Data,6648,0.0,0.0,3758.2562086530525,0.0,122.67379134694767,422.67,0.0,38.4,0,0,0.0,4342,122.67379134694752
Data,6649,0.0,0.0,3696.425325796617,0.0,164.30467420338317,447.27,0.0,32.0,0,0,0.0,4340,164.304674203383
Data,6650,0.0,0.0,3698.0164339416106,0.0,245.53356605838968,458.45,0.0,32.0,0,0,0.0,4434,245.53356605838945
Data,6651,0.0,0.0,3766.5865300720143,0.0,291.57346992798585,469.64,0.0,35.2,0,0,0.0,4563,291.57346992798574
Data,6652,0.0,0.0,3646.767254983164,0.0,496.412745016836,480.82,0.0,32.0,0,0,0.0,4656,496.4127450168359
Data,6653,0.0,0.0,3564.4250407469954,0.0,638.7049592530045,471.87,0.0,32.0,0,0,0.0,4707,638.7049592530046
Data,6654,0.0,0.0,3751.9325912829154,0.0,369.5874087170849,466.28,0.0,35.2,0,0,0.0,4623,369.58740871708466
Data,6655,0.0,0.0,3687.527531513521,0.0,321.8224684864795,458.45,0.0,35.2,0,0,0.0,4503,321.8224684864791
Data,6656,0.0,0.0,3493.1387339247485,0.0,328.0112660752516,507.65,0.0,35.2,0,0,0.0,4364,328.0112660752515
Data,6657,-0.0,0.0,3726.200613620596,0.0,166.20938637940415,399.19,0.0,38.4,0,0,0.0,4330,166.20938637940404
Data,6658,-0.0,0.0,3570.278052103973,0.0,236.88194789602704,346.64,0.0,35.2,0,0,0.0,4189,236.88194789602693
Data,6659,-0.0,0.0,3535.753008546306,0.0,147.01699145369457,303.03,0.0,35.2,0,0,0.0,4021,147.01699145369417
Data,6660,-0.0,0.0,3351.3743783365117,0.0,281.31562166348886,301.91,0.0,38.4,0,0,0.0,3973,281.31562166348834
Data,6661,-0.0,0.0,3927.711651245277,0.0,0.0,294.08,0.0,35.2,0,360.9916512452768,0.0,3896,-360.9916512452771
Data,6662,-0.0,0.0,3533.2784660324146,0.0,19.73153396758582,300.79,0.0,35.2,0,0,0.0,3889,19.731533967585378
Data,6663,-0.0,0.0,3641.498051850515,0.0,0.0,329.86,0.0,35.2,0,13.558051850515,0.0,3993,-13.558051850514929
Data,6664,-0.0,0.0,3863.653513283839,0.0,0.0,401.43,0.0,38.4,0,134.4835132838382,0.0,4169,-134.48351328383896
Data,6665,-0.0,0.0,4062.429430314808,0.0,0.0,563.56,0.0,35.2,0,309.18943031480796,0.0,4352,-309.189430314808
Data,6666,0.0,0.0,4233.120382846493,0.0,0.0,707.81,0.0,35.2,0,428.13038284649275,0.0,4548,-428.1303828464931
Data,6667,0.0,0.0,4105.77961393746,0.0,0.0,701.1,0.0,35.2,0,287.0796139374599,0.0,4555,-287.07961393746046
Data,6668,0.0,0.0,4165.040345920394,0.0,0.0,647.43,0.0,35.2,0,347.6703459203943,0.0,4500,-347.67034592039437
Data,6669,0.0,0.0,4046.2426847457705,0.0,0.0,559.09,0.0,38.4,0,174.7326847457703,0.0,4469,-174.7326847457705
Data,6670,0.0,0.0,3766.862722721573,0.0,120.28727727842698,507.65,0.0,35.2,0,0,0.0,4430,120.28727727842708
Data,6671,0.0,0.0,3887.254660293693,0.0,0.0,447.27,0.0,35.2,0,106.72466029369282,0.0,4263,-106.72466029369316
Data,6672,0.0,0.0,3975.376264924662,0.0,0.0,446.15,0.0,35.2,0,64.72626492466168,0.0,4392,-64.72626492466186
Data,6673,0.0,0.0,3898.0720091990697,0.0,0.0,433.85,0.0,35.2,0,28.122009199069225,0.0,4339,-28.12200919906975
Data,6674,0.0,0.0,3837.1897179662683,0.0,166.84028203373128,434.97,0.0,32.0,0,0,0.0,4471,166.84028203373168
Data,6675,0.0,0.0,3980.7623572900748,0.0,195.3876427099251,433.85,0.0,32.0,0,0,0.0,4642,195.38764270992522
Data,6676,0.0,0.0,4003.814108119899,0.0,286.1458918801008,445.04,0.0,32.0,0,0,0.0,4767,286.1458918801008
Data,6677,0.0,0.0,3921.6862892082513,0.0,426.9837107917486,438.33,0.0,32.0,0,0,0.0,4819,426.9837107917487
Data,6678,0.0,0.0,3944.9221645166654,0.0,265.81783548333453,502.06,0.0,35.2,0,0,0.0,4748,265.81783548333465
Data,6679,0.0,0.0,3905.096959613044,0.0,161.06304038695652,592.64,0.0,35.2,0,0,0.0,4694,161.06304038695606
Data,6680,0.0,0.0,3574.371950676631,0.0,285.5680493233696,649.66,0.0,38.4,0,0,0.0,4548,285.568049323369
Data,6681,-0.0,0.0,3597.808984380453,0.0,412.6510156195471,580.34,0.0,35.2,0,0,0.0,4626,412.6510156195472
Data,6682,-0.0,0.0,3752.432967127708,0.0,358.1470328722925,456.22,0.0,35.2,0,0,0.0,4602,358.1470328722922
Data,6683,-0.0,0.0,3442.7212007279068,0.0,670.9487992720933,339.93,0.0,38.4,0,0,0.0,4492,670.9487992720932
Data,6684,-0.0,0.0,3373.0594522337587,0.0,614.6205477662418,320.92,0.0,38.4,0,0,0.0,4347,614.6205477662412
Data,6685,-0.0,0.0,3317.9339729511225,0.0,547.166027048878,307.5,0.0,38.4,0,0,0.0,4211,547.1660270488775
Data,6686,-0.0,0.0,3297.9606570329547,0.0,532.0793429670457,317.56,0.0,38.4,0,0,0.0,4186,532.0793429670452
Data,6687,-0.0,0.0,3376.279666841267,0.0,497.910333158734,363.41,0.0,38.4,0,0,0.0,4276,497.91033315873295
Data,6688,-0.0,0.0,3472.4664840236446,0.0,565.6635159763559,496.47,0.0,38.4,0,0,0.0,4573,565.6635159763554
Data,6689,-0.0,0.0,3589.2716007989857,0.0,406.72839920101455,639.6,0.0,38.4,0,0,0.0,4674,406.7283992010143
Data,6690,0.0,0.0,3713.914456998712,0.0,448.0055430012879,687.68,0.0,38.4,0,0,0.0,4888,448.00554300128806
Data,6691,0.0,0.0,3705.261973832797,0.0,418.3080261672024,721.23,0.0,35.2,0,0,0.0,4880,418.30802616720285
Data,6692,0.0,0.0,3416.8863141800657,0.0,589.1436858199347,705.57,0.0,38.4,0,0,0.0,4750,589.1436858199343
Data,6693,0.0,0.0,3696.952321342966,0.0,385.96767865703424,564.68,0.0,38.4,0,0,0.0,4686,385.96767865703396
Data,6694,0.0,0.0,3680.864373206992,0.0,349.19562679300844,506.54,0.0,38.4,0,0,0.0,4575,349.1956267930082
Data,6695,0.0,0.0,3654.996929306511,0.0,169.73307069348954,471.87,0.0,38.4,0,0,0.0,4335,169.733070693489
Data,6696,0.0,0.0,3551.6065407489673,0.0,410.1834592510331,461.81,0.0,38.4,0,0,0.0,4462,410.18345925103273
Data,6697,0.0,0.0,3345.587766894408,0.0,586.3022331055924,424.91,0.0,35.2,0,0,0.0,4392,586.3022331055919
Data,6698,0.0,0.0,3552.4687831400183,0.0,499.4412168599816,436.09,0.0,32.0,0,0,0.0,4520,499.4412168599817
Data,6699,0.0,0.0,3507.923746916128,0.0,656.5262530838718,476.35,0.0,35.2,0,0,0.0,4676,656.5262530838719
Data,6700,0.0,0.0,3814.3180911444806,0.0,382.86190885552014,554.62,0.0,35.2,0,0,0.0,4787,382.8619088555194
Data,6701,0.0,0.0,3676.15021630821,0.0,559.6897836917904,538.96,0.0,35.2,0,0,0.0,4810,559.6897836917899
Data,6702,0.0,0.0,3414.161823878125,0.0,726.3581761218757,589.28,0.0,35.2,0,0,0.0,4765,726.3581761218752
Data,6703,0.0,0.0,3458.367591047429,0.0,663.1824089525712,606.05,0.0,38.4,0,0,0.0,4766,663.1824089525711
Data,6704,0.0,0.0,3308.349868628484,0.0,699.7301313715161,640.72,0.0,35.2,0,0,0.0,4684,699.7301313715161
Data,6705,-0.0,0.0,3184.8350935445683,0.0,939.7149064554321,587.05,0.0,38.4,0,0,0.0,4750,939.7149064554318
Data,6706,-0.0,0.0,3200.6974138785704,0.0,1045.9825861214301,443.92,0.0,38.4,0,0,0.0,4729,1045.9825861214297
Data,6707,-0.0,0.0,2913.092414952455,0.0,1361.9275850475458,355.58,0.0,38.4,0,0,0.0,4669,1361.927585047545
Data,6708,-0.0,0.0,2796.5661359846313,0.0,1441.983864015369,341.05,0.0,38.4,0,0,0.0,4618,1441.9838640153687
Data,6709,-0.0,0.0,2686.7223864760676,0.0,1501.7276135239329,323.15,0.0,38.4,0,0,0.0,4550,1501.7276135239324
Data,6710,-0.0,0.0,2683.3328031851283,0.0,1478.697196814873,336.57,0.0,38.4,0,0,0.0,4537,1478.6971968148716
Data,6711,-0.0,0.0,2774.657986647255,0.0,1375.3420133527457,393.6,0.0,38.4,0,0,0.0,4582,1375.3420133527452
Data,6712,-0.0,0.0,3098.7291038553894,0.0,1054.920896144611,519.95,0.0,38.4,0,0,0.0,4712,1054.9208961446104
Data,6713,-0.0,0.0,3553.595752918073,0.0,521.7242470819278,712.28,0.0,38.4,0,0,0.0,4826,521.7242470819273
Data,6714,0.0,0.0,4302.227585000061,0.0,0.0,789.44,0.0,38.4,0,235.0675850000605,0.0,4895,-235.06758500006063
Data,6715,-0.0,0.0,4283.918001532429,0.0,0.0,781.61,0.0,38.4,0,269.9280015324292,0.0,4834,-269.9280015324291
Data,6716,0.0,0.0,4017.1689082116745,0.0,0.0,697.75,0.0,38.4,0,66.31890821167411,0.0,4687,-66.31890821167454
Data,6717,0.0,0.0,4303.061585429933,0.0,0.0,534.49,0.0,35.2,0,272.7515854299327,0.0,4600,-272.7515854299331
Data,6718,0.0,0.0,4467.28396523592,0.0,0.0,503.18,0.0,38.4,0,540.8639652359188,0.0,4468,-540.8639652359199
Data,6719,0.0,0.0,4333.19945642417,0.0,0.0,459.57,0.0,38.4,0,531.1694564241698,0.0,4300,-531.1694564241704
Data,6720,0.0,0.0,4235.409388504889,0.0,0.0,460.69,0.0,38.4,0,299.49938850488803,0.0,4435,-299.4993885048887
Data,6721,0.0,0.0,4311.893862549288,0.0,0.0,461.81,0.0,186.2,0,574.9038625492876,0.0,4385,-574.9038625492883
Data,6722,0.0,0.0,4052.1609345072625,0.0,0.0,472.99,0.0,329.9212,0,378.07213450726164,0.0,4477,-378.0721345072625
Data,6723,0.0,0.0,4120.853437994703,0.0,0.0,490.88,0.0,537.2,0,556.9334379947026,0.0,4592,-556.9334379947032
Data,6724,0.0,0.0,3616.8848401888235,0.0,372.8251598111764,485.29,0.0,183.0,0,0,0.0,4658,372.82515981117643
Data,6725,0.0,0.0,3531.7398522262138,0.0,142.0701477737869,472.99,0.0,537.2,0,0,0.0,4684,142.07014777378618
Data,6726,0.0,0.0,3226.6179334758917,0.0,355.2720665241084,547.91,0.0,537.2,0,0,0.0,4667,355.27206652410825
Data,6727,0.0,0.0,2451.7564743918033,0.0,1119.053525608197,595.99,0.0,537.2,0,0,0.0,4704,1119.0535256081967
Data,6728,0.0,0.0,2103.4048267179405,0.0,1268.0451732820593,692.15,0.0,540.4,0,0,0.0,4604,1268.0451732820595
Data,6729,-0.0,0.0,1722.4886614286168,-0.0,1707.0,572.51,0.0,522.5266,0,-196.47473857138297,0.0,4721,1903.474738571383
Data,6730,-0.0,0.0,1613.8193648565048,0.0,1707.0,453.98,0.0,540.4,0,-327.80063514349547,0.0,4643,2034.8006351434951
Data,6731,-0.0,0.0,1641.2616897110245,0.0,1707.0,370.12,0.0,540.4,0,-183.21831028897552,0.0,4442,1890.2183102889755
Data,6732,-0.0,0.0,1423.5511019602384,0.0,1707.0,344.4,0.0,537.2,0,-478.8488980397617,0.0,4491,2185.8488980397615
Data,6733,-0.0,0.0,1492.662476477315,0.0,1707.0,315.33,0.0,543.6,0,-242.4075235226851,0.0,4301,1949.4075235226849
Data,6734,-0.0,0.0,1498.6605428044084,0.0,1707.0,327.63,0.0,537.2,0,-240.50945719559172,0.0,4311,1947.5094571955915
Data,6735,-0.0,0.0,1487.4525119062926,0.0,1707.0,383.54,0.0,540.4,0,-292.6074880937074,0.0,4411,1999.6074880937074
Data,6736,-0.0,0.0,1976.8628309286503,0.0,1590.6871690713494,483.05,0.0,540.4,0,0,0.0,4591,1590.6871690713497
Data,6737,-0.0,0.0,2440.534945865424,0.0,1102.4250541345762,715.64,0.0,540.4,0,0,0.0,4799,1102.425054134576
Data,6738,-0.0,0.0,3182.7650508200986,0.0,279.08494917990197,820.75,0.0,540.4,0,0,0.0,4823,279.0849491799014
Data,6739,0.0,0.0,3014.912372988091,0.0,341.11762701190895,828.57,0.0,540.4,0,0,0.0,4725,341.1176270119088
Data,6740,0.0,0.0,2758.179639411713,0.0,458.0803605882867,826.34,0.0,540.4,0,0,0.0,4583,458.0803605882868
Data,6741,0.0,0.0,2926.3250710762723,0.0,415.7649289237279,572.51,0.0,540.4,0,0,0.0,4455,415.7649289237278
Data,6742,0.0,0.0,3422.5239754282175,0.0,0.0,556.85,0.0,540.4,0,216.77397542821745,0.0,4303,-216.77397542821745
Data,6743,0.0,0.0,2857.961331867699,0.0,225.16866813230126,496.47,0.0,540.4,0,0,0.0,4120,225.16866813230115
Data,6744,0.0,0.0,2826.063114934915,0.0,388.8968850650849,469.64,0.0,540.4,0,0,0.0,4225,388.8968850650849
Data,6745,0.0,0.0,3010.5833951749414,0.0,175.40660482505865,461.81,0.0,537.2,0,0,0.0,4185,175.40660482505854
Data,6746,0.0,0.0,3375.6069120689244,0.0,0.0,487.53,0.0,537.2,0,79.336912068924,0.0,4321,-79.33691206892445
Data,6747,0.0,0.0,3016.2050484215756,0.0,423.0249515784243,508.77,0.0,534.0,0,0,0.0,4482,423.0249515784244
Data,6748,0.0,0.0,3157.4567890780645,0.0,374.84321092193545,553.5,0.0,537.2,0,0,0.0,4623,374.84321092193545
Data,6749,0.0,0.0,2362.0692440602243,0.0,1167.570755939776,588.16,0.0,537.2,0,0,0.0,4655,1167.5707559397756
Data,6750,0.0,0.0,2311.8278200207815,0.0,1147.8621799792188,597.11,0.0,537.2,0,0,0.0,4594,1147.8621799792186
Data,6751,0.0,0.0,2390.023544613513,0.0,1036.0764553864874,602.7,0.0,537.2,0,0,0.0,4566,1036.076455386487
Data,6752,0.0,0.0,1781.208717394596,0.0,1504.3312826054039,625.06,0.0,540.4,0,0,0.0,4451,1504.3312826054039
Data,6753,-0.0,0.0,1164.9562137912478,-0.0,1707.0,564.68,0.0,540.4,0,-628.9637862087523,0.0,4606,2335.963786208752
Data,6754,-0.0,0.0,1632.8278382125163,0.0,1707.0,453.98,0.0,540.4,0,-200.79216178748368,0.0,4535,1907.7921617874836
Data,6755,-0.0,0.0,1513.2088564007377,0.0,1707.0,338.81,0.0,540.4,0,-193.5811435992622,0.0,4293,1900.5811435992623
Data,6756,-0.0,0.0,1473.396270317973,0.0,1707.0,304.15,0.0,540.4,0,-65.05372968202677,0.0,4090,1772.053729682027
Data,6757,-0.0,0.0,1279.4580167447202,0.0,1707.0,280.66,0.0,537.2,0,-43.68198325527993,0.0,3848,1750.6819832552796
Data,6758,-0.0,0.0,1858.6457033286774,0.0,1175.3442966713224,289.61,0.0,540.4,0,0,0.0,3864,1175.3442966713226
Data,6759,-0.0,0.0,1731.5769983873934,0.0,1411.1630016126064,329.86,0.0,540.4,0,0,0.0,4013,1411.1630016126066
Data,6760,-0.0,0.0,1527.4171933515668,0.0,1707.0,441.68,0.0,540.4,0,-100.50280664843335,0.0,4317,1807.5028066484333
Data,6761,-0.0,0.0,1566.9174662487085,-0.0,1707.0,649.66,0.0,540.4,0,-33.02253375129152,0.0,4497,1740.0225337512916
Data,6762,0.0,0.0,2058.6009083629774,0.0,1303.2990916370222,725.7,0.0,540.4,0,0,0.0,4628,1303.2990916370227
Data,6763,0.0,0.0,2204.018377667634,0.0,1139.6416223323656,727.94,0.0,540.4,0,0,0.0,4612,1139.6416223323658
Data,6764,0.0,0.0,2215.119226378743,0.0,1023.5407736212569,727.94,0.0,540.4,0,0,0.0,4507,1023.540773621257
Data,6765,0.0,0.0,2214.9307718889827,0.0,1042.2292281110176,592.64,0.0,537.2,0,0,0.0,4387,1042.2292281110172
Data,6766,0.0,0.0,2430.0681972058283,0.0,839.9418027941715,497.59,0.0,540.4,0,0,0.0,4308,839.9418027941717
Data,6767,0.0,0.0,2263.1855940215355,0.0,899.0744059784643,457.34,0.0,540.4,0,0,0.0,4160,899.0744059784645
Data,6768,0.0,0.0,2292.5887457252165,0.0,1048.0412542747836,434.97,0.0,540.4,0,0,0.0,4316,1048.0412542747836
Data,6769,0.0,0.0,2552.4331659446075,0.0,772.6868340553929,441.68,0.0,537.2,0,0,0.0,4304,772.6868340553924
Data,6770,0.0,0.0,2554.7442975852555,0.0,918.6857024147444,459.57,0.0,534.0,0,0,0.0,4467,918.6857024147446
Data,6771,0.0,0.0,2614.5530007752095,0.0,992.7369992247905,449.51,0.0,537.2,0,0,0.0,4594,992.7369992247905
Data,6772,0.0,0.0,2433.967594985739,0.0,1345.502405014261,438.33,0.0,537.2,0,0,0.0,4755,1345.5024050142608
Data,6773,0.0,0.0,2572.014086226367,0.0,1242.925913773633,452.86,0.0,537.2,0,0,0.0,4805,1242.925913773633
Data,6774,0.0,0.0,2134.242633053826,0.0,1550.407366946174,446.15,0.0,537.2,0,0,0.0,4668,1550.407366946174
Data,6775,0.0,0.0,1891.045938789263,0.0,1707.0,419.32,0.0,540.4,0,-46.234061210736854,0.0,4604,1753.234061210737
Data,6776,0.0,0.0,1525.5513561859932,0.0,1707.0,471.87,0.0,540.4,0,-111.17864381400682,0.0,4356,1818.1786438140068
Data,6777,-0.0,0.0,1081.440318823133,0.0,1707.0,412.61,0.0,540.4,0,-542.5496811768668,0.0,4284,2249.549681176867
Data,6778,-0.0,0.0,866.9625741966,0.0,1707.0,374.59,0.0,537.2,0,-668.2474258034,0.0,4154,2375.2474258034
Data,6779,-0.0,0.0,835.3139154165,0.0,1707.0,294.08,0.0,189.4,0,-908.2060845835,0.0,3934,2615.2060845835
Data,6780,-0.0,0.0,808.4819512498622,0.0,1707.0,289.61,0.0,273.4241,0,-688.4839487501375,0.0,3767,2395.4839487501376
Data,6781,-0.0,0.0,723.7305432130254,0.0,1707.0,280.66,0.0,189.4,0,-737.2094567869747,0.0,3638,2444.2094567869744
Data,6782,-0.0,0.0,1084.7001820090218,0.0,1697.9898179909783,301.91,0.0,540.4,0,0,0.0,3625,1697.9898179909783
Data,6783,-0.0,0.0,1212.3282823799834,0.0,1707.0,325.39,0.0,189.4,0,-261.88171762001656,0.0,3696,1968.8817176200166
Data,6784,-0.0,0.0,1227.4047662052521,-0.0,1707.0,438.33,0.0,186.2,0,-438.0652337947482,0.0,3997,2145.0652337947477
Data,6785,-0.0,0.0,1235.704132586869,0.0,1707.0,623.95,0.0,540.4,0,-163.94586741313086,0.0,4271,1870.945867413131
Data,6786,0.0,0.0,2057.909281075219,0.0,1194.8307189247807,698.86,0.0,540.4,0,0,0.0,4492,1194.830718924781
Data,6787,0.0,0.0,2394.146195748765,0.0,899.0038042512347,685.45,0.0,540.4,0,0,0.0,4519,899.003804251235
Data,6788,0.0,0.0,2634.671916967868,0.0,595.4780830321315,685.45,0.0,540.4,0,0,0.0,4456,595.4780830321318
Data,6789,0.0,0.0,2348.873090615961,0.0,969.4869093840393,543.44,0.0,537.2,0,0,0.0,4399,969.4869093840391
Data,6790,0.0,0.0,2676.232592610436,0.0,653.5074073895639,452.86,0.0,540.4,0,0,0.0,4323,653.5074073895642
Data,6791,0.0,0.0,2642.625301417872,0.0,510.9446985821278,426.03,0.0,540.4,0,0,0.0,4120,510.9446985821281
Data,6792,0.0,0.0,2992.937683827863,0.0,285.70231617213665,415.96,0.0,540.4,0,0,0.0,4235,285.70231617213693
Data,6793,0.0,0.0,2487.963128911455,0.0,727.6368710885454,418.2,0.0,537.2,0,0,0.0,4171,727.6368710885449
Data,6794,0.0,0.0,2798.4315031017236,0.0,527.6484968982766,443.92,0.0,534.0,0,0,0.0,4304,527.6484968982763
Data,6795,0.0,0.0,3050.4100390936887,0.0,417.04996090631124,457.34,0.0,537.2,0,0,0.0,4462,417.04996090631124
Data,6796,0.0,0.0,3346.7683479848533,0.0,240.51165201514695,468.52,0.0,537.2,0,0,0.0,4593,240.51165201514664
Data,6797,0.0,0.0,3281.6642236749403,0.0,375.8957763250602,494.24,0.0,537.2,0,0,0.0,4689,375.8957763250596
Data,6798,0.0,0.0,3161.4879724728,0.0,388.66202752720073,507.65,0.0,537.2,0,0,0.0,4595,388.66202752720017
Data,6799,0.0,0.0,2577.876016817334,0.0,903.4739831826661,507.65,0.0,534.0,0,0,0.0,4523,903.4739831826661
Data,6800,0.0,0.0,2421.23526270947,0.0,852.0047372905293,514.36,0.0,540.4,0,0,0.0,4328,852.0047372905299
Data,6801,-0.0,0.0,1266.8669874003824,-0.0,1707.0,455.1,0.0,540.4,0,-447.6330125996178,0.0,4417,2154.6330125996174
Data,6802,-0.0,0.0,1280.2083865465481,0.0,1707.0,376.83,0.0,189.4,0,-809.5616134534523,0.0,4363,2516.561613453452
Data,6803,-0.0,0.0,1738.5146824103908,0.0,1568.935317589609,304.15,0.0,540.4,0,0,0.0,4152,1568.9353175896092
Data,6804,-0.0,0.0,1313.7942233198219,0.0,1707.0,296.32,0.0,540.4,0,-82.4857766801778,0.0,3940,1789.485776680178
Data,6805,-0.0,0.0,2129.058001174616,0.0,897.4719988253836,275.07,0.0,540.4,0,0,0.0,3842,897.4719988253839
Data,6806,-0.0,0.0,2461.707848395554,0.0,713.1321516044466,292.96,0.0,537.2,0,0,0.0,4005,713.1321516044461
Data,6807,-0.0,0.0,2303.3157689937857,0.0,1008.9342310062145,353.35,0.0,540.4,0,0,0.0,4206,1008.9342310062143
Data,6808,-0.0,0.0,3024.818349151186,0.0,382.8116508488146,434.97,0.0,540.4,0,0,0.0,4383,382.8116508488141
Data,6809,-0.0,0.0,2895.214172910595,0.0,451.73582708940484,611.65,0.0,540.4,0,0,0.0,4499,451.7358270894049
Data,6810,0.0,0.0,3008.146336626356,0.0,805.2036633736445,704.45,0.0,186.2,0,0,0.0,4704,805.2036633736438
Data,6811,0.0,0.0,3243.4147768223247,0.0,625.4352231776759,697.75,0.0,189.4,0,0,0.0,4756,625.4352231776753
Data,6812,0.0,0.0,3595.4066570138034,0.0,164.39334298619676,688.8,0.0,189.4,0,0,0.0,4638,164.39334298619664
Data,6813,0.0,0.0,3374.272797707701,0.0,452.8172022922988,572.51,0.0,189.4,0,0,0.0,4589,452.81720229229893
Data,6814,0.0,0.0,2802.06439812696,0.0,1014.6256018730406,547.91,0.0,189.4,0,0,0.0,4554,1014.6256018730401
Data,6815,0.0,0.0,2760.7171259470106,0.0,687.8598740529897,525.55,0.0,373.873,0,0,0.0,4348,687.8598740529894
Data,6816,0.0,0.0,2775.98080689376,0.0,941.1691931062398,507.65,0.0,186.2,0,0,0.0,4411,941.1691931062401
Data,6817,0.0,0.0,3060.625035354997,0.0,426.64486464500243,437.21,0.0,425.5201,0,0,0.0,4350,426.6448646450028
Data,6818,0.0,0.0,3023.272455954898,0.0,668.7946440451026,437.21,0.0,401.7229,0,0,0.0,4531,668.7946440451021
Data,6819,0.0,0.0,2784.6470487737142,0.0,1066.4959512262858,464.05,0.0,396.807,0,0,0.0,4712,1066.4959512262858
Data,6820,0.0,0.0,2861.928950256226,0.0,946.6310497437746,494.24,0.0,537.2,0,0,0.0,4840,946.6310497437739
Data,6821,0.0,0.0,3142.2392324171183,0.0,726.8007675828816,489.76,0.0,537.2,0,0,0.0,4896,726.8007675828817
Data,6822,0.0,0.0,2836.82351830843,0.0,1323.1964816915706,527.78,0.0,186.2,0,0,0.0,4874,1323.1964816915702
Data,6823,0.0,0.0,3290.6505285866933,0.0,893.7294714133066,579.22,0.0,189.4,0,0,0.0,4953,893.7294714133067
Data,6824,0.0,0.0,3086.2519202288254,0.0,925.698079771175,660.85,0.0,186.2,0,0,0.0,4859,925.6980797711747
Data,6825,-0.0,0.0,2558.053574372644,0.0,1534.3463256273565,642.95,0.0,370.6501,0,0,0.0,5106,1534.3463256273558
Data,6826,-0.0,0.0,2943.2792819916913,0.0,1104.6707180083088,611.65,0.0,540.4,0,0,0.0,5200,1104.6707180083088
Data,6827,-0.0,0.0,2728.7817808781033,0.0,1481.0917191218975,494.24,0.0,394.8865,0,0,0.0,5099,1481.0917191218966
Data,6828,-0.0,0.0,2876.8479802181655,0.0,1182.6120197818352,408.14,0.0,540.4,0,0,0.0,5008,1182.6120197818345
Data,6829,-0.0,0.0,3274.9786864775733,0.0,901.1413135224277,392.48,0.0,189.4,0,0,0.0,4758,901.1413135224267
Data,6830,-0.0,0.0,3420.94397292361,0.0,455.2860270763903,410.37,0.0,540.4,0,0,0.0,4827,455.2860270763899
Data,6831,-0.0,0.0,3057.7268772616835,0.0,1085.7978227383162,450.63,0.0,344.8453,0,0,0.0,4939,1085.7978227383164
Data,6832,-0.0,0.0,2537.3450339812684,0.0,1707.0,560.21,0.0,189.4,0,-105.04496601873188,0.0,5099,1812.0449660187314
Data,6833,-0.0,0.0,2621.9005995541393,0.0,1619.2294004458608,742.47,0.0,189.4,0,0,0.0,5173,1619.2294004458606
Data,6834,0.0,0.0,2798.850916106712,0.0,1343.4590838932886,854.29,0.0,189.4,0,0,0.0,5186,1343.4590838932882
Data,6835,0.0,0.0,2933.243740257398,0.0,1128.5262597426029,868.83,0.0,189.4,0,0,0.0,5120,1128.5262597426022
Data,6836,0.0,0.0,2388.020223596016,0.0,1575.7297764039845,783.85,0.0,189.4,0,0,0.0,4937,1575.729776403984
Data,6837,0.0,0.0,2607.6578504134327,0.0,1401.4921495865674,630.65,0.0,186.2,0,0,0.0,4826,1401.4921495865674
Data,6838,0.0,0.0,2453.734213910751,0.0,1519.2457860892496,554.62,0.0,189.4,0,0,0.0,4717,1519.2457860892491
Data,6839,0.0,0.0,2894.4395685566396,0.0,833.1004314433607,502.06,0.0,189.4,0,0,0.0,4419,833.1004314433603
Data,6840,0.0,0.0,2906.5058622992037,0.0,885.6341377007964,477.46,0.0,189.4,0,0,0.0,4459,885.6341377007963
Data,6841,0.0,0.0,2748.2366443911546,0.0,946.3933556088452,484.17,0.0,186.2,0,0,0.0,4365,946.3933556088454
Data,6842,0.0,0.0,2755.7724056482675,0.0,1072.5775943517324,507.65,0.0,183.0,0,0,0.0,4519,1072.5775943517324
Data,6843,0.0,0.0,2953.7133794445585,0.0,1031.4366205554418,507.65,0.0,186.2,0,0,0.0,4679,1031.4366205554416
Data,6844,0.0,0.0,2882.7793774800075,0.0,977.0622225199922,494.24,0.0,434.9184,0,0,0.0,4789,977.0622225199925
Data,6845,0.0,0.0,2844.1790254138155,0.0,963.7109745861842,474.11,0.0,534.0,0,0,0.0,4816,963.7109745861845
Data,6846,0.0,0.0,2538.3126810469953,0.0,1615.3773189530052,474.11,0.0,186.2,0,0,0.0,4814,1615.3773189530048
Data,6847,0.0,0.0,2623.723972377624,0.0,1580.1760276223768,528.9,0.0,186.2,0,0,0.0,4919,1580.1760276223763
Data,6848,0.0,0.0,2244.379508800648,0.0,1707.0,703.34,0.0,186.2,0,-25.080491199351854,0.0,4866,1732.0804911993519
Data,6849,-0.0,0.0,2388.213496310568,-0.0,1707.0,702.22,0.0,183.0,0,-162.56650368943153,0.0,5143,1869.5665036894318
Data,6850,-0.0,0.0,2309.2067572599094,0.0,1707.0,617.24,0.0,189.4,0,-334.1532427400915,0.0,5157,2041.1532427400905
Data,6851,-0.0,0.0,2316.9223368635508,0.0,1707.0,358.94,0.0,192.6,0,-398.5376631364495,0.0,4974,2105.5376631364493
Data,6852,-0.0,0.0,2476.872791645365,0.0,1707.0,284.02,0.0,189.4,0,-136.70720835463493,0.0,4794,1843.707208354635
Data,6853,-0.0,0.0,1719.0513325651175,0.0,1707.0,269.48,0.0,543.6,0,-249.86866743488244,0.0,4489,1956.8686674348824
Data,6854,-0.0,0.0,1993.559913631141,0.0,1707.0,303.03,0.0,192.6,0,-352.8100863688591,0.0,4549,2059.810086368859
Data,6855,-0.0,0.0,2011.268070591991,0.0,1584.571929408009,366.76,0.0,540.4,0,0,0.0,4503,1584.571929408009
Data,6856,-0.0,0.0,2192.4735367769986,0.0,1478.426463223001,430.5,0.0,543.6,0,0,0.0,4645,1478.4264632230015
Data,6857,-0.0,0.0,2103.8464340420933,0.0,1592.933565957907,603.82,0.0,540.4,0,0,0.0,4841,1592.9335659579067
Data,6858,0.0,0.0,2163.721490325576,0.0,1390.648509674424,795.03,0.0,543.6,0,0,0.0,4893,1390.648509674424
Data,6859,-0.0,0.0,2135.5357085430305,0.0,1307.8442914569698,825.22,0.0,540.4,0,0,0.0,4809,1307.8442914569696
Data,6860,0.0,0.0,2159.245604249103,0.0,1251.5143957508967,715.64,0.0,543.6,0,0,0.0,4670,1251.514395750897
Data,6861,0.0,0.0,1804.0797331112649,0.0,1580.7802668887348,555.74,0.0,540.4,0,0,0.0,4481,1580.7802668887352
Data,6862,0.0,0.0,2047.0325855105827,0.0,1270.2574144894172,474.11,0.0,543.6,0,0,0.0,4335,1270.2574144894172
Data,6863,0.0,0.0,2097.0136550581406,0.0,1020.0263449418594,440.56,0.0,540.4,0,0,0.0,4098,1020.0263449418594
Data,6864,0.0,0.0,1792.1798842934993,0.0,1428.8401157065007,429.38,0.0,543.6,0,0,0.0,4194,1428.8401157065007
Data,6865,0.0,0.0,2212.865027964961,0.0,860.8249720350391,474.11,0.0,537.2,0,0,0.0,4085,860.824972035039
Data,6866,0.0,0.0,1710.2797813529671,0.0,1507.870218647033,458.45,0.0,540.4,0,0,0.0,4217,1507.870218647033
Data,6867,0.0,0.0,1673.2115273430431,0.0,1707.0,457.34,0.0,464.3417,0,-56.106772656956764,0.0,4358,1763.1067726569568
Data,6868,0.0,0.0,1931.6995760790035,0.0,1566.6804239209966,456.22,0.0,540.4,0,0,0.0,4495,1566.6804239209964
Data,6869,0.0,0.0,1928.5608595407778,0.0,1630.4291404592225,461.81,0.0,537.2,0,0,0.0,4558,1630.4291404592223
Data,6870,0.0,0.0,1861.0680042203114,0.0,1666.9019957796884,450.63,0.0,540.4,0,0,0.0,4519,1666.9019957796886
Data,6871,0.0,0.0,1874.7252967961995,0.0,1681.9647032038006,474.11,0.0,537.2,0,0,0.0,4568,1681.9647032038006
Data,6872,0.0,0.0,1291.0853464946722,0.0,1707.0,659.73,0.0,540.4,0,-358.78465350532764,0.0,4557,2065.7846535053277
Data,6873,-0.0,0.0,1226.0533951262134,-0.0,1707.0,679.85,0.0,537.2,0,-568.8966048737867,0.0,4719,2275.8966048737866
Data,6874,-0.0,0.0,1261.0833032395715,-0.0,1707.0,528.9,0.0,540.4,0,-515.6166967604283,0.0,4553,2222.6166967604286
Data,6875,-0.0,0.0,1682.0877684454138,0.0,1707.0,268.36,0.0,540.4,0,-184.1522315545859,0.0,4382,1891.1522315545863
Data,6876,-0.0,0.0,1750.4320170829794,0.0,1707.0,243.76,0.0,543.6,0,-21.207982917020857,0.0,4266,1728.2079829170207
Data,6877,-0.0,0.0,1056.8658941330805,0.0,1707.0,233.7,0.0,540.4,0,-450.0341058669197,0.0,3988,2157.0341058669196
Data,6878,-0.0,0.0,1087.1000942185524,0.0,1707.0,263.89,0.0,543.6,0,-444.4099057814479,0.0,4046,2151.4099057814474
Data,6879,-0.0,0.0,964.7518267000702,0.0,1707.0,323.15,0.0,540.4,0,-516.6981732999296,0.0,4052,2223.6981732999297
Data,6880,-0.0,0.0,1253.3552158828436,0.0,1707.0,428.26,0.0,540.4,0,-367.9847841171565,0.0,4297,2074.9847841171563
Data,6881,-0.0,0.0,959.3727562047475,-0.0,1707.0,629.54,0.0,543.6,0,-753.4872437952527,0.0,4593,2460.4872437952527
Data,6882,-0.0,0.0,1550.531752803416,0.0,1707.0,772.66,0.0,540.4,0,-151.40824719658437,0.0,4722,1858.408247196584
Data,6883,0.0,0.0,1943.8693705825326,0.0,1386.7306294174668,811.8,0.0,543.6,0,0,0.0,4686,1386.7306294174673
Data,6884,0.0,0.0,1670.835465004255,0.0,1652.494534995745,693.27,0.0,540.4,0,0,0.0,4557,1652.4945349957452
Data,6885,0.0,0.0,1725.357653714868,0.0,1689.352346285132,460.69,0.0,543.6,0,0,0.0,4419,1689.352346285132
Data,6886,0.0,0.0,1767.8050583218355,0.0,1567.7149416781645,417.08,0.0,540.4,0,0,0.0,4293,1567.7149416781645
Data,6887,0.0,0.0,1707.8934312601382,0.0,1435.906568739862,393.6,0.0,543.6,0,0,0.0,4081,1435.9065687398618
Data,6888,0.0,0.0,1987.0540764651987,0.0,1212.0059235348012,383.54,0.0,540.4,0,0,0.0,4123,1212.0059235348012
Data,6889,0.0,0.0,2188.076652172326,0.0,927.4533478276737,398.07,0.0,540.4,0,0,0.0,4054,927.4533478276742
Data,6890,0.0,0.0,2147.7328843875043,0.0,1026.657115612496,486.41,0.0,537.2,0,0,0.0,4198,1026.6571156124955
Data,6891,0.0,0.0,2171.682133851815,0.0,1181.7978661481852,493.12,0.0,540.4,0,0,0.0,4387,1181.7978661481852
Data,6892,0.0,0.0,2285.665114527575,0.0,1260.984885472425,427.15,0.0,537.2,0,0,0.0,4511,1260.984885472425
Data,6893,0.0,0.0,2157.1947462109106,0.0,1448.2752537890897,438.33,0.0,537.2,0,0,0.0,4581,1448.2752537890894
Data,6894,0.0,0.0,1983.21820073691,0.0,1565.7117992630904,471.87,0.0,537.2,0,0,0.0,4558,1565.7117992630901
Data,6895,0.0,0.0,1612.0275645007268,0.0,1707.0,546.79,0.0,540.4,0,-180.7824354992731,0.0,4587,1887.782435499273
Data,6896,0.0,0.0,2055.035687377884,0.0,1262.454312622116,646.31,0.0,537.2,0,0,0.0,4501,1262.4543126221158
Data,6897,-0.0,0.0,2151.6826638961697,-0.0,1315.7973361038305,665.32,0.0,537.2,0,0,0.0,4670,1315.7973361038303
Data,6898,-0.0,0.0,1685.8940060443524,-0.0,1707.0,500.95,0.0,537.2,0,-210.95599395564793,0.0,4642,1917.9559939556475
Data,6899,-0.0,0.0,1317.8418886387512,-0.0,1707.0,296.32,0.0,543.6,0,-756.2381113612487,0.0,4621,2463.2381113612487
Data,6900,-0.0,0.0,1124.3043613594707,0.0,1707.0,254.95,0.0,540.4,0,-1034.3456386405298,0.0,4661,2741.345638640529
Data,6901,-0.0,0.0,1045.112998941224,0.0,1707.0,240.41,0.0,540.4,0,-929.0770010587761,0.0,4462,2636.0770010587757
Data,6902,-0.0,0.0,1209.1850691821585,0.0,1707.0,263.89,0.0,540.4,0,-890.5249308178416,0.0,4611,2597.524930817842
Data,6903,-0.0,0.0,1797.6927201594683,0.0,1707.0,315.33,0.0,543.6,0,-186.3772798405317,0.0,4550,1893.3772798405316
Data,6904,-0.0,0.0,2370.936913669765,0.0,1164.6330863302344,426.03,0.0,540.4,0,0,0.0,4502,1164.633086330235
Data,6905,-0.0,0.0,2701.0717860294276,0.0,773.8782139705729,630.65,0.0,540.4,0,0,0.0,4646,773.8782139705725
Data,6906,0.0,0.0,3463.9827048366965,0.0,0.0,760.36,0.0,540.4,0,152.74270483669667,0.0,4612,-152.74270483669648
Data,6907,-0.0,0.0,3021.0045731613245,0.0,145.81542683867502,773.78,0.0,540.4,0,0,0.0,4481,145.81542683867553
Data,6908,0.0,0.0,2485.89737004296,0.0,643.2926299570397,683.21,0.0,543.6,0,0,0.0,4356,643.2926299570398
Data,6909,0.0,0.0,2196.5129999736428,0.0,935.4870000263572,516.6,0.0,540.4,0,0,0.0,4189,935.4870000263572
Data,6910,0.0,0.0,2330.1489617018133,0.0,707.3610382981865,436.09,0.0,540.4,0,0,0.0,4014,707.3610382981867
Data,6911,0.0,0.0,1818.049665235951,0.0,1033.360334764049,399.19,0.0,540.4,0,0,0.0,3791,1033.3603347640492
Data,6912,0.0,0.0,2282.873103701005,0.0,638.4568962989947,398.07,0.0,543.6,0,0,0.0,3863,638.4568962989947
Data,6913,0.0,0.0,2082.862177995981,0.0,862.4878220040196,335.45,0.0,537.2,0,0,0.0,3818,862.4878220040191
Data,6914,0.0,0.0,1941.769888673653,0.0,1051.650111326347,429.38,0.0,537.2,0,0,0.0,3960,1051.650111326347
Data,6915,0.0,0.0,2241.112106981804,0.0,895.5478930181964,408.14,0.0,537.2,0,0,0.0,4082,895.5478930181959
Data,6916,0.0,0.0,1817.4937237669892,0.0,1486.7162762330108,325.39,0.0,540.4,0,0,0.0,4170,1486.7162762330108
Data,6917,0.0,0.0,1794.0023136339664,0.0,1567.1676863660336,327.63,0.0,537.2,0,0,0.0,4226,1567.1676863660336
Data,6918,0.0,0.0,1714.487988685778,0.0,1563.5620113142222,328.75,0.0,537.2,0,0,0.0,4144,1563.562011314222
Data,6919,0.0,0.0,1622.0450891599273,0.0,1488.8949108400727,403.66,0.0,540.4,0,0,0.0,4055,1488.8949108400727
Data,6920,0.0,0.0,1581.3305678249533,0.0,1406.7494321750466,517.72,0.0,537.2,0,0,0.0,4043,1406.7494321750466
Data,6921,-0.0,0.0,889.0915154251556,-0.0,1707.0,568.04,0.0,537.2,0,-751.6684845748446,0.0,4453,2458.668484574844
Data,6922,-0.0,0.0,889.1292436446251,0.0,1707.0,430.5,0.0,543.6,0,-1040.770756355375,0.0,4611,2747.770756355375
Data,6923,-0.0,0.0,1175.5016883692874,-0.0,1707.0,297.44,0.0,540.4,0,-809.6583116307122,0.0,4530,2516.6583116307124
Data,6924,-0.0,0.0,780.9357387208505,0.0,1707.0,279.55,0.0,543.6,0,-1142.9142612791495,0.0,4454,2849.9142612791493
Data,6925,-0.0,0.0,821.9829106425808,0.0,1707.0,303.03,0.0,540.4,0,-955.5870893574189,0.0,4328,2662.5870893574192
Data,6926,-0.0,0.0,1108.0304886481463,0.0,1707.0,306.38,0.0,540.4,0,-653.1895113518536,0.0,4315,2360.189511351854
Data,6927,-0.0,0.0,1409.6257665219575,0.0,1707.0,307.5,0.0,543.6,0,-304.2742334780426,0.0,4272,2011.2742334780423
Data,6928,-0.0,0.0,1397.8529811853907,0.0,1707.0,347.75,0.0,540.4,0,-292.9970188146094,0.0,4286,1999.9970188146094
Data,6929,-0.0,0.0,1974.6712593427947,0.0,1336.088740657205,518.84,0.0,540.4,0,0,0.0,4370,1336.0887406572053
Data,6930,0.0,0.0,2974.526782578837,0.0,320.1832174211631,632.89,0.0,540.4,0,0,0.0,4468,320.18321742116314
Data,6931,0.0,0.0,2838.5471740655157,0.0,461.1428259344843,621.71,0.0,543.6,0,0,0.0,4465,461.1428259344842
Data,6932,0.0,0.0,2832.753598389982,0.0,419.2164016100177,573.63,0.0,540.4,0,0,0.0,4366,419.216401610018
Data,6933,0.0,0.0,2565.4745015017415,0.0,625.1554984982586,557.97,0.0,540.4,0,0,0.0,4289,625.1554984982585
Data,6934,0.0,0.0,2531.042864193488,0.0,665.7671358065118,423.79,0.0,540.4,0,0,0.0,4161,665.7671358065118
Data,6935,0.0,0.0,2452.8566548278577,0.0,640.3333451721422,363.41,0.0,540.4,0,0,0.0,3997,640.3333451721423
Data,6936,0.0,0.0,2297.7445097916852,0.0,954.6954902083146,342.16,0.0,540.4,0,0,0.0,4135,954.6954902083148
Data,6937,0.0,0.0,2031.461163133291,0.0,1210.6288368667092,326.51,0.0,540.4,0,0,0.0,4109,1210.6288368667092
Data,6938,0.0,0.0,1952.7686772298339,0.0,1390.9713227701664,379.06,0.0,537.2,0,0,0.0,4260,1390.9713227701661
Data,6939,0.0,0.0,2429.2981547450568,0.0,1033.8318452549433,422.67,0.0,537.2,0,0,0.0,4423,1033.8318452549431
Data,6940,0.0,0.0,2015.8750888221857,0.0,1536.7749111778144,427.15,0.0,537.2,0,0,0.0,4517,1536.7749111778144
Data,6941,0.0,0.0,2170.4001730285704,0.0,1470.6798269714295,394.72,0.0,537.2,0,0,0.0,4573,1470.6798269714295
Data,6942,0.0,0.0,2097.358159536106,0.0,1447.3418404638937,405.9,0.0,540.4,0,0,0.0,4491,1447.341840463894
Data,6943,0.0,0.0,2026.085199872368,0.0,1373.564800127632,427.15,0.0,537.2,0,0,0.0,4364,1373.5648001276318
Data,6944,0.0,0.0,1935.9224987855216,0.0,1217.9775012144785,479.7,0.0,540.4,0,0,0.0,4174,1217.9775012144785
Data,6945,-0.0,0.0,1570.8274777316392,0.0,1707.0,440.56,0.0,540.4,0,-30.212522268360733,0.0,4289,1737.2125222683608
Data,6946,-0.0,0.0,1583.478145905457,0.0,1707.0,351.11,0.0,540.4,0,-144.01185409454285,0.0,4326,1851.011854094543
Data,6947,-0.0,0.0,1594.3870890887827,0.0,1707.0,260.54,0.0,540.4,0,-111.67291091121731,0.0,4214,1818.6729109112173
Data,6948,-0.0,0.0,1832.8258034726175,0.0,1529.7641965273826,265.01,0.0,540.4,0,0,0.0,4168,1529.7641965273824
Data,6949,-0.0,0.0,1744.6114887049923,0.0,1569.8685112950077,247.12,0.0,540.4,0,0,0.0,4102,1569.8685112950077
Data,6950,-0.0,0.0,2075.1158046232636,0.0,1131.2741953767368,265.01,0.0,543.6,0,0,0.0,4015,1131.2741953767363
Data,6951,-0.0,0.0,1828.2475417846604,0.0,1350.5824582153396,262.77,0.0,540.4,0,0,0.0,3982,1350.5824582153396
Data,6952,-0.0,0.0,1862.6256968908033,0.0,1438.5743031091965,344.4,0.0,540.4,0,0,0.0,4186,1438.5743031091968
Data,6953,-0.0,0.0,1849.1233094586019,0.0,1407.0266905413978,562.45,0.0,540.4,0,0,0.0,4359,1407.0266905413982
Data,6954,0.0,0.0,2419.81182619684,0.0,962.3481738031601,666.44,0.0,540.4,0,0,0.0,4589,962.3481738031602
Data,6955,0.0,0.0,2226.62062274434,0.0,1173.3693772556599,658.61,0.0,540.4,0,0,0.0,4599,1173.36937725566
Data,6956,0.0,0.0,2246.7894527879453,0.0,1227.3205472120544,534.49,0.0,540.4,0,0,0.0,4549,1227.3205472120549
Data,6957,0.0,0.0,1766.2581497459369,0.0,1699.9918502540631,495.35,0.0,540.4,0,0,0.0,4502,1699.9918502540631
Data,6958,0.0,0.0,2975.493624449185,0.0,463.2963755508148,461.81,0.0,540.4,0,0,0.0,4441,463.29637555081496
Data,6959,0.0,0.0,3278.249360125551,0.0,87.50063987444923,433.85,0.0,540.4,0,0,0.0,4340,87.500639874449
Data,6960,0.0,0.0,3288.9696852212983,0.0,328.0203147787016,412.61,0.0,540.4,0,0,0.0,4570,328.02031477870173
Data,6961,0.0,0.0,3442.7804060172057,0.0,125.76959398279433,409.25,0.0,537.2,0,0,0.0,4515,125.76959398279428
Data,6962,0.0,0.0,4111.316423005425,0.0,0.0,466.28,0.0,537.2,0,453.7964230054248,0.0,4661,-453.79642300542537
Data,6963,0.0,0.0,4215.421052614952,0.0,0.0,494.24,0.0,537.2,0,444.8610526149517,0.0,4802,-444.86105261495186
Data,6964,0.0,0.0,4001.1555976796144,0.0,0.0,472.99,0.0,537.2,0,56.345597679614,0.0,4955,-56.34559767961446
Data,6965,0.0,0.0,3148.238546556268,0.0,898.4814534437323,417.08,0.0,537.2,0,0,0.0,5001,898.4814534437321
Data,6966,0.0,0.0,2764.819449096378,0.0,1252.230550903622,451.75,0.0,537.2,0,0,0.0,5006,1252.230550903622
Data,6967,0.0,0.0,2491.2373444672276,0.0,1569.1326555327728,475.23,0.0,540.4,0,0,0.0,5076,1569.1326555327723
Data,6968,0.0,0.0,2042.0444508746755,0.0,1707.0,560.21,0.0,540.4,0,-169.34554912532485,0.0,5019,1876.3455491253244
Data,6969,-0.0,0.0,2179.2027878625986,-0.0,1707.0,636.25,0.0,540.4,0,-263.14721213740165,0.0,5326,1970.1472121374013
Data,6970,-0.0,0.0,2169.7925600911885,-0.0,1707.0,515.48,0.0,540.4,0,-553.3274399088125,0.0,5486,2260.3274399088114
Data,6971,-0.0,0.0,2046.0728672947398,0.0,1707.0,362.29,0.0,540.4,0,-687.2371327052604,0.0,5343,2394.23713270526
Data,6972,-0.0,0.0,2163.5077455243477,0.0,1707.0,351.11,0.0,540.4,0,-338.98225447565324,0.0,5101,2045.9822544756523
Data,6973,-0.0,0.0,2163.605131812252,0.0,1707.0,328.75,0.0,540.4,0,-27.244868187748594,0.0,4767,1734.2448681877481
Data,6974,-0.0,0.0,2464.327448189635,0.0,1492.8225518103661,335.45,0.0,540.4,0,0,0.0,4833,1492.822551810365
Data,6975,-0.0,0.0,2361.126459244413,0.0,1707.0,396.95,0.0,276.7697,0,-164.15384075558734,0.0,4906,1871.1538407555868
Data,6976,-0.0,0.0,1989.5284022061148,0.0,1707.0,519.95,0.0,540.4,0,-349.1215977938859,0.0,5106,2056.121597793885
Data,6977,-0.0,0.0,2003.241871724544,0.0,1707.0,763.72,0.0,540.4,0,-131.6381282754563,0.0,5146,1838.638128275456
Data,6978,0.0,0.0,1801.150330595252,0.0,1707.0,808.45,0.0,540.4,0,-359.9996694047487,0.0,5217,2066.999669404748
Data,6979,0.0,0.0,1906.7643316861222,0.0,1707.0,777.14,0.0,189.4,0,-604.6956683138778,0.0,5185,2311.695668313878
Data,6980,0.0,0.0,1805.6672621465343,0.0,1707.0,684.33,0.0,540.4,0,-263.6027378534661,0.0,5001,1970.6027378534657
Data,6981,0.0,0.0,1584.0231646318732,0.0,1707.0,538.96,0.0,540.4,0,-532.6168353681271,0.0,4903,2239.616835368127
Data,6982,0.0,0.0,3123.7046917792595,0.0,634.1253082207411,508.77,0.0,540.4,0,0,0.0,4807,634.1253082207405
Data,6983,0.0,0.0,3140.4874221774257,0.0,399.9825778225741,512.13,0.0,540.4,0,0,0.0,4593,399.9825778225743
Data,6984,0.0,0.0,3139.50060485353,0.0,523.1593951464703,481.94,0.0,540.4,0,0,0.0,4685,523.1593951464699
Data,6985,0.0,0.0,2773.5327150095213,0.0,885.7572849904789,449.51,0.0,537.2,0,0,0.0,4646,885.7572849904786
Data,6986,0.0,0.0,3509.1173802026415,0.0,297.74261979735866,481.94,0.0,537.2,0,0,0.0,4826,297.7426197973585
Data,6987,0.0,0.0,3146.650301823852,0.0,715.4796981761488,545.67,0.0,537.2,0,0,0.0,4945,715.4796981761482
Data,6988,0.0,0.0,2673.775783085582,0.0,1304.814216914418,560.21,0.0,537.2,0,0,0.0,5076,1304.8142169144178
Data,6989,0.0,0.0,2669.6372956987084,0.0,1395.062704301292,528.9,0.0,540.4,0,0,0.0,5134,1395.0627043012917
Data,6990,0.0,0.0,2564.3575296628896,0.0,1487.7824703371107,526.66,0.0,537.2,0,0,0.0,5116,1487.7824703371102
Data,6991,0.0,0.0,2207.9742843389417,0.0,1707.0,497.59,0.0,540.4,0,-227.03571566105848,0.0,5180,1934.0357156610582
Data,6992,0.0,0.0,2762.7002288987987,0.0,1256.2197711012018,564.68,0.0,540.4,0,0,0.0,5124,1256.2197711012013
Data,6993,-0.0,0.0,2226.894725960558,0.0,1707.0,672.03,0.0,540.4,0,-162.6752740394429,0.0,5309,1869.6752740394422
Data,6994,-0.0,0.0,2083.8090492637416,0.0,1707.0,617.24,0.0,540.4,0,-410.55095073625927,0.0,5359,2117.5509507362585
Data,6995,-0.0,0.0,1965.0106311020836,0.0,1707.0,457.34,0.0,540.4,0,-575.2493688979164,0.0,5245,2282.2493688979166
Data,6996,-0.0,0.0,1703.2875190872883,0.0,1707.0,403.66,0.0,540.4,0,-718.6524809127122,0.0,5073,2425.652480912712
Data,6997,-0.0,0.0,1841.9390205469592,0.0,1707.0,345.52,0.0,540.4,0,-339.1409794530411,0.0,4774,2046.140979453041
Data,6998,-0.0,0.0,2523.6537107309846,0.0,1462.5762892690157,336.57,0.0,537.2,0,0,0.0,4860,1462.5762892690154
Data,6999,-0.0,0.0,2096.915280458309,0.0,1707.0,344.4,0.0,540.4,0,-178.284719541691,0.0,4867,1885.284719541691
Data,7000,-0.0,0.0,1818.0340682380995,0.0,1707.0,497.59,0.0,540.4,0,-445.9759317619004,0.0,5009,2152.9759317619005
Data,7001,-0.0,0.0,2664.292867757127,0.0,1084.167132242873,777.14,0.0,540.4,0,0,0.0,5066,1084.1671322428729
Data,7002,0.0,0.0,3064.52519178997,0.0,694.4348082100306,838.64,0.0,540.4,0,0,0.0,5138,694.43480821003
Data,7003,0.0,0.0,2889.9667166271565,0.0,830.8832833728438,820.75,0.0,540.4,0,0,0.0,5082,830.8832833728435
Data,7004,0.0,0.0,2629.17433696215,0.0,1072.4956630378504,708.93,0.0,540.4,0,0,0.0,4951,1072.4956630378501
Data,7005,0.0,0.0,2450.3607253988243,0.0,1254.739274601176,553.5,0.0,540.4,0,0,0.0,4799,1254.7392746011756
Data,7006,0.0,0.0,2309.206547708902,0.0,1352.4534522910985,481.94,0.0,540.4,0,0,0.0,4684,1352.4534522910983
Data,7007,0.0,0.0,2026.86846201349,0.0,1416.3915379865098,457.34,0.0,540.4,0,0,0.0,4441,1416.39153798651
Data,7008,0.0,0.0,1689.1697872476054,0.0,1707.0,457.34,0.0,540.4,0,-122.09021275239434,0.0,4516,1829.0902127523946
Data,7009,0.0,0.0,1628.9240833834208,0.0,1707.0,403.66,0.0,537.2,0,-173.21591661657953,0.0,4450,1880.215916616579
Data,7010,0.0,0.0,1774.7893256765328,0.0,1707.0,421.55,0.0,537.2,0,-185.46067432346717,0.0,4626,1892.4606743234672
Data,7011,0.0,0.0,2093.979997690374,0.0,1700.7700023096259,464.05,0.0,537.2,0,0,0.0,4796,1700.7700023096259
Data,7012,0.0,0.0,2101.429018705264,0.0,1707.0,448.39,0.0,537.2,0,-180.98098129473647,0.0,4975,1887.980981294736
Data,7013,0.0,0.0,2306.3197787607837,0.0,1707.0,413.73,0.0,537.2,0,-47.75022123921647,0.0,5012,1754.7502212392162
Data,7014,0.0,0.0,2246.1823151727613,0.0,1707.0,451.75,0.0,534.0,0,-32.06768482723896,0.0,4971,1739.0676848272387
Data,7015,0.0,0.0,2270.482163152914,0.0,1689.7978368470863,542.32,0.0,540.4,0,0,0.0,5043,1689.797836847086
Data,7016,0.0,0.0,2521.1570354638807,0.0,1379.2729645361196,607.17,0.0,540.4,0,0,0.0,5048,1379.2729645361194
Data,7017,-0.0,0.0,2513.911485624979,-0.0,1707.0,609.41,0.0,540.4,0,-4.278514375021622,0.0,5375,1711.2785143750211
Data,7018,-0.0,0.0,2121.7500312865113,0.0,1707.0,616.12,0.0,540.4,0,-350.729968713489,0.0,5336,2057.7299687134887
Data,7019,-0.0,0.0,2600.991310051585,0.0,1475.728689948415,490.88,0.0,540.4,0,0,0.0,5108,1475.728689948415
Data,7020,-0.0,0.0,2520.483363304329,0.0,1707.0,438.33,0.0,237.7109,0,-25.47573669567109,0.0,4929,1732.475736695671
Data,7021,-0.0,0.0,2867.7200872678986,0.0,1088.2148127321009,372.35,0.0,459.7151,0,0,0.0,4788,1088.2148127321013
Data,7022,-0.0,0.0,2633.290021369997,0.0,1557.1690786300035,362.29,0.0,320.2509,0,0,0.0,4873,1557.1690786300032
Data,7023,-0.0,0.0,2836.6999605523206,0.0,1449.4000394476789,381.3,0.0,192.6,0,0,0.0,4860,1449.4000394476793
Data,7024,-0.0,0.0,2811.8957851847113,0.0,1261.534214815289,484.17,0.0,540.4,0,0,0.0,5098,1261.5342148152888
Data,7025,-0.0,0.0,3217.3844727219657,0.0,769.0055272780345,683.21,0.0,540.4,0,0,0.0,5210,769.0055272780343
Data,7026,-0.0,0.0,3655.3975717173903,0.0,258.682428282609,788.32,0.0,543.6,0,0,0.0,5246,258.68242828260964
Data,7027,-0.0,0.0,3805.610156019758,0.0,0.0,820.75,0.0,540.4,0,1.7601560197577744,0.0,5165,-1.7601560197580284
Data,7028,0.0,0.0,3683.864230231287,0.0,54.685769768713115,729.05,0.0,540.4,0,0,0.0,5008,54.68576976871316
Data,7029,0.0,0.0,2980.973019246846,0.0,823.766980753154,526.66,0.0,543.6,0,0,0.0,4875,823.766980753154
Data,7030,0.0,0.0,3101.7218652403812,0.0,622.0581347596191,480.82,0.0,540.4,0,0,0.0,4745,622.0581347596187
Data,7031,0.0,0.0,2604.1160129967843,0.0,910.6239870032155,452.86,0.0,540.4,0,0,0.0,4508,910.6239870032157
Data,7032,0.0,0.0,2711.9712049326827,0.0,894.2987950673174,438.33,0.0,540.4,0,0,0.0,4585,894.2987950673173
Data,7033,0.0,0.0,2803.2547089286613,0.0,751.9552910713386,448.39,0.0,540.4,0,0,0.0,4544,751.9552910713387
Data,7034,0.0,0.0,3066.4977182270322,0.0,633.0122817729682,485.29,0.0,537.2,0,0,0.0,4722,633.0122817729678
Data,7035,0.0,0.0,3088.175494237911,0.0,799.5545057620889,521.07,0.0,537.2,0,0,0.0,4946,799.5545057620888
Data,7036,0.0,0.0,2905.7744993235524,0.0,1143.995500676448,499.83,0.0,540.4,0,0,0.0,5090,1143.9955006764476
Data,7037,0.0,0.0,2806.5996171185684,0.0,1317.790382881432,486.41,0.0,537.2,0,0,0.0,5148,1317.7903828814315
Data,7038,0.0,0.0,2886.3982057792637,0.0,1205.8617942207363,506.54,0.0,537.2,0,0,0.0,5136,1205.8617942207363
Data,7039,0.0,0.0,2760.457696738694,0.0,1358.2623032613064,540.08,0.0,537.2,0,0,0.0,5196,1358.262303261306
Data,7040,0.0,0.0,2640.6595994221298,0.0,1330.34040057787,590.4,0.0,543.6,0,0,0.0,5105,1330.3404005778702
Data,7041,-0.0,0.0,1892.6758268044823,-0.0,1707.0,613.88,0.0,540.4,0,-449.04417319551806,0.0,5203,2156.044173195518
Data,7042,-0.0,0.0,1974.3038974102737,0.0,1707.0,575.86,0.0,540.4,0,-269.43610258972643,0.0,5067,1976.4361025897263
Data,7043,-0.0,0.0,1750.526161710709,0.0,1707.0,375.71,0.0,540.4,0,-590.3638382892914,0.0,4964,2297.363838289291
Data,7044,-0.0,0.0,1838.1636445506754,0.0,1707.0,335.45,0.0,540.4,0,-451.98635544932495,0.0,4873,2158.9863554493245
Data,7045,-0.0,0.0,1773.4079023287975,0.0,1707.0,304.15,0.0,540.4,0,-249.04209767120224,0.0,4574,1956.0420976712026
Data,7046,-0.0,0.0,1823.4789052399935,0.0,1707.0,316.45,0.0,543.6,0,-284.4710947600062,0.0,4675,1991.4710947600065
Data,7047,-0.0,0.0,1728.5131140545457,0.0,1707.0,365.65,0.0,540.4,0,-392.4368859454547,0.0,4734,2099.4368859454544
Data,7048,-0.0,0.0,1831.8899689507803,0.0,1707.0,508.77,0.0,540.4,0,-315.9400310492201,0.0,4904,2022.9400310492197
Data,7049,-0.0,0.0,2055.737876453064,-0.0,1707.0,710.05,0.0,540.4,0,-64.81212354693614,0.0,5078,1771.8121235469362
Data,7050,0.0,0.0,2695.1603613316515,0.0,1114.8096386683487,819.63,0.0,540.4,0,0,0.0,5170,1114.8096386683485
Data,7051,0.0,0.0,3109.4414971336346,0.0,627.4085028663658,820.75,0.0,540.4,0,0,0.0,5098,627.4085028663654
Data,7052,0.0,0.0,3189.4322268216238,0.0,468.1177731783764,729.05,0.0,540.4,0,0,0.0,4927,468.1177731783763
Data,7053,0.0,0.0,3411.1780174638016,0.0,282.73198253619853,534.49,0.0,543.6,0,0,0.0,4772,282.7319825361984
Data,7054,0.0,0.0,3295.1043862446354,0.0,331.2556137553653,494.24,0.0,540.4,0,0,0.0,4661,331.2556137553646
Data,7055,0.0,0.0,3230.305309486622,0.0,223.59469051337845,479.7,0.0,540.4,0,0,0.0,4474,223.59469051337823
Data,7056,0.0,0.0,3481.9821521610875,0.0,114.10784783891248,449.51,0.0,540.4,0,0,0.0,4586,114.10784783891256
Data,7057,0.0,0.0,3803.0372845408547,0.0,0.0,415.96,0.0,537.2,0,266.1972845408544,0.0,4490,-266.1972845408547
Data,7058,0.0,0.0,3613.121914957561,0.0,22.278085042439358,467.4,0.0,537.2,0,0,0.0,4640,22.278085042439102
Data,7059,0.0,0.0,3962.8493245910963,0.0,0.0,517.72,0.0,537.2,0,186.76932459109653,0.0,4831,-186.7693245910964
Data,7060,0.0,0.0,3975.378608630716,0.0,0.0,494.24,0.0,537.2,0,63.81860863071532,0.0,4943,-63.81860863071597
Data,7061,0.0,0.0,4588.715075484122,0.0,0.0,469.64,0.0,540.4,0,564.7550754841213,0.0,5034,-564.7550754841222
Data,7062,0.0,0.0,4182.761802477252,0.0,0.0,508.77,0.0,537.2,0,181.73180247725128,0.0,5047,-181.7318024772519
Data,7063,0.0,0.0,3062.407187327728,0.0,864.4728126722717,566.92,0.0,537.2,0,0,0.0,5031,864.472812672272
Data,7064,0.0,0.0,2036.469317006011,0.0,1707.0,631.77,0.0,537.2,0,-13.560682993989303,0.0,4926,1720.560682993989
Data,7065,-0.0,0.0,1532.0130339824489,0.0,1707.0,595.99,0.0,540.4,0,-635.5969660175516,0.0,5011,2342.596966017551
Data,7066,-0.0,0.0,1145.6426981019004,0.0,1707.0,493.12,0.0,189.4,0,-1360.8373018981001,0.0,4896,3067.8373018980997
Data,7067,-0.0,0.0,1223.938667928754,0.0,1707.0,356.7,0.0,540.4,0,-689.9613320712461,0.0,4518,2396.961332071246
Data,7068,-0.0,0.0,1298.8240467560395,0.0,1707.0,326.51,0.0,540.4,0,-259.2659532439609,0.0,4132,1966.2659532439607
Data,7069,-0.0,0.0,1531.348541152763,0.0,1442.4314588472373,308.62,0.0,543.6,0,0,0.0,3826,1442.431458847237
Data,7070,-0.0,0.0,1580.9324335334004,0.0,1632.2875664665996,306.38,0.0,540.4,0,0,0.0,4060,1632.2875664665996
Data,7071,-0.0,0.0,1944.923034627461,0.0,1465.6869653725387,349.99,0.0,540.4,0,0,0.0,4301,1465.686965372539
Data,7072,-0.0,0.0,2523.8590722857666,0.0,1092.3809277142338,514.36,0.0,540.4,0,0,0.0,4671,1092.3809277142334
Data,7073,-0.0,0.0,2996.5890276711098,0.0,621.4409723288902,705.57,0.0,540.4,0,0,0.0,4864,621.4409723288902
Data,7074,0.0,0.0,3036.571886761024,0.0,928.538113238977,780.49,0.0,189.4,0,0,0.0,4935,928.538113238976
Data,7075,0.0,0.0,3757.3974671482138,0.0,79.82253285178675,798.38,0.0,189.4,0,0,0.0,4825,79.82253285178624
Data,7076,0.0,0.0,3382.2980728310904,0.0,410.83192716890966,742.47,0.0,189.4,0,0,0.0,4725,410.8319271689096
Data,7077,0.0,0.0,3010.873291848444,0.0,979.7567081515555,508.77,0.0,192.6,0,0,0.0,4692,979.7567081515562
Data,7078,0.0,0.0,2889.9656880867583,0.0,1107.1643119132418,496.47,0.0,189.4,0,0,0.0,4683,1107.1643119132416
Data,7079,0.0,0.0,2808.2993144070897,0.0,1023.6606855929107,469.64,0.0,189.4,0,0,0.0,4491,1023.6606855929103
Data,7080,0.0,0.0,2907.5168152266697,0.0,954.5131847733306,459.57,0.0,189.4,0,0,0.0,4511,954.5131847733303
Data,7081,0.0,0.0,3161.297226076687,0.0,750.7927739233132,375.71,0.0,186.2,0,0,0.0,4474,750.7927739233131
Data,7082,0.0,0.0,2795.425524070786,0.0,1307.324475929214,341.05,0.0,186.2,0,0,0.0,4630,1307.3244759292138
Data,7083,0.0,0.0,3090.859613934761,0.0,1036.9203860652397,407.02,0.0,186.2,0,0,0.0,4721,1036.920386065239
Data,7084,0.0,0.0,3302.1771856544274,0.0,935.5928143455733,426.03,0.0,186.2,0,0,0.0,4850,935.5928143455726
Data,7085,0.0,0.0,2888.034804886558,0.0,1371.4451951134427,419.32,0.0,186.2,0,0,0.0,4865,1371.445195113442
Data,7086,0.0,0.0,3427.8620226471903,0.0,769.8579773528104,417.08,0.0,186.2,0,0,0.0,4801,769.8579773528097
Data,7087,0.0,0.0,3450.239778993684,0.0,639.0102210063158,427.15,0.0,192.6,0,0,0.0,4709,639.010221006316
Data,7088,0.0,0.0,2803.1831407936347,0.0,1285.2468592063658,484.17,0.0,38.4,0,0,0.0,4611,1285.2468592063653
Data,7089,-0.0,0.0,2159.5592280101614,0.0,1707.0,478.58,0.0,38.4,0,-449.46077198983915,0.0,4833,2156.4607719898386
Data,7090,-0.0,0.0,1878.5280459702522,0.0,1707.0,386.89,0.0,38.4,0,-894.1819540297479,0.0,4905,2601.181954029748
Data,7091,-0.0,0.0,1951.90103092697,0.0,1707.0000000000002,294.08,0.0,38.4,0,-796.6189690730305,0.0,4788,2503.6189690730303
Data,7092,-0.0,0.0,2229.1485139363094,0.0,1707.0,294.08,0.0,38.4,0,-347.37148606369095,0.0,4616,2054.3714860636906
Data,7093,-0.0,0.0,2729.4918158021046,0.0,1384.498184197896,289.61,0.0,38.4,0,0,0.0,4442,1384.4981841978954
Data,7094,-0.0,0.0,3843.455663473008,0.0,178.82433652699265,296.32,0.0,38.4,0,0,0.0,4357,178.82433652699208
Data,7095,-0.0,0.0,4005.1549423021697,0.0,60.91505769782998,315.33,0.0,41.6,0,0,0.0,4423,60.915057697830285
Data,7096,-0.0,0.0,4217.755143977523,0.0,14.024856022476797,357.82,0.0,38.4,0,0,0.0,4628,14.024856022476605
Data,7097,-0.0,0.0,4081.1241101271453,0.0,45.58588987285518,509.89,0.0,38.4,0,0,0.0,4675,45.58588987285473
Data,7098,-0.0,0.0,3669.607745985906,0.0,596.8422540140948,569.15,0.0,38.4,0,0,0.0,4874,596.8422540140939
Data,7099,0.0,0.0,3420.0822761990053,0.0,741.1477238009952,656.37,0.0,38.4,0,0,0.0,4856,741.1477238009948
Data,7100,0.0,0.0,2701.0781129990196,0.0,1481.3818870009807,531.14,0.0,38.4,0,0,0.0,4752,1481.3818870009804
Data,7101,0.0,0.0,3069.9509848329076,0.0,1139.729015167092,394.72,0.0,41.6,0,0,0.0,4646,1139.7290151670925
Data,7102,0.0,0.0,3186.8482913271478,0.0,961.4617086728529,362.29,0.0,38.4,0,0,0.0,4549,961.4617086728522
Data,7103,0.0,0.0,3505.5586871668133,0.0,520.121312833187,320.92,0.0,38.4,0,0,0.0,4385,520.1213128331866
Data,7104,0.0,0.0,3242.9870132645237,0.0,912.8129867354767,319.8,0.0,38.4,0,0,0.0,4514,912.8129867354762
Data,7105,0.0,0.0,3430.142362418338,0.0,773.6976375816625,292.96,0.0,35.2,0,0,0.0,4532,773.697637581662
Data,7106,0.0,0.0,3301.655869572196,0.0,1049.1741304278041,311.97,0.0,35.2,0,0,0.0,4698,1049.174130427804
Data,7107,0.0,0.0,3428.086696495439,0.0,1050.9633035045615,347.75,0.0,35.2,0,0,0.0,4862,1050.963303504561
Data,7108,0.0,0.0,2874.555443880511,0.0,1665.5945561194894,384.65,0.0,35.2,0,0,0.0,4960,1665.594556119489
Data,7109,0.0,0.0,3070.4168348355633,0.0,1548.9031651644366,392.48,0.0,35.2,0,0,0.0,5047,1548.9031651644366
Data,7110,0.0,0.0,2760.651041434242,0.0,1707.0,338.81,0.0,35.2,0,-123.33895856575782,0.0,4965,1830.338958565758
Data,7111,0.0,0.0,2440.6768298637767,0.0,1707.0,364.53,0.0,38.4,0,-257.39317013623656,0.0,4808,1964.3931701362233
Data,7112,0.0,0.0,2200.17364461998,0.0,1707.0,439.45,0.0,35.2,0,-225.17635538002014,0.0,4607,1932.1763553800197
Data,7113,-0.0,0.0,2530.894236992569,0.0,1609.7957630074309,375.71,0.0,41.6,0,0,0.0,4558,1609.795763007431
Data,7114,-0.0,0.0,2846.3728238990716,0.0,1275.4171761009288,338.81,0.0,38.4,0,0,0.0,4499,1275.4171761009284
Data,7115,-0.0,0.0,2957.0658543396844,0.0,1121.9041456603159,327.63,0.0,38.4,0,0,0.0,4445,1121.9041456603156
Data,7116,-0.0,0.0,3003.5429987077505,0.0,1055.4870012922502,262.77,0.0,35.2,0,0,0.0,4357,1055.4870012922495
Data,7117,-0.0,0.0,2930.504518477455,0.0,1014.3854815225457,252.71,0.0,38.4,0,0,0.0,4236,1014.3854815225451
Data,7118,-0.0,0.0,3218.4804379978004,0.0,659.2295620022003,263.89,0.0,38.4,0,0,0.0,4180,659.2295620021996
Data,7119,-0.0,0.0,2898.7281916427214,0.0,942.5618083572795,277.31,0.0,38.4,0,0,0.0,4157,942.5618083572786
Data,7120,-0.0,0.0,3201.0574684841754,0.0,826.6925315158248,291.85,0.0,38.4,0,0,0.0,4358,826.6925315158246
Data,7121,-0.0,0.0,3455.974991748561,0.0,482.405008251439,456.22,0.0,38.4,0,0,0.0,4433,482.40500825143897
Data,7122,-0.0,0.0,3770.798665657377,0.0,340.71133434262305,559.09,0.0,38.4,0,0,0.0,4709,340.7113343426229
Data,7123,0.0,0.0,4164.565911295626,0.0,0.0,645.19,0.0,38.4,0,97.1559112956263,0.0,4751,-97.15591129562645
Data,7124,0.0,0.0,3528.3256702710273,0.0,565.3543297289732,566.92,0.0,38.4,0,0,0.0,4699,565.3543297289727
Data,7125,0.0,0.0,3200.597086127705,0.0,1013.4029138722954,393.6,0.0,38.4,0,0,0.0,4646,1013.4029138722949
Data,7126,0.0,0.0,2808.2596191869998,0.0,924.9403808130003,344.4,0.0,540.4,0,0,0.0,4618,924.9403808130003
Data,7127,0.0,0.0,2665.5728889789175,0.0,942.6471110210824,306.38,0.0,540.4,0,0,0.0,4455,942.6471110210825
Data,7128,0.0,0.0,2925.655470878768,0.0,787.1545291212323,300.79,0.0,540.4,0,0,0.0,4554,787.1545291212319
Data,7129,0.0,0.0,2613.9792716139073,0.0,939.9507283860929,348.87,0.0,537.2,0,0,0.0,4440,939.9507283860927
Data,7130,0.0,0.0,2671.9691363106135,0.0,986.5808636893868,390.25,0.0,537.2,0,0,0.0,4586,986.5808636893864
Data,7131,0.0,0.0,2428.043692721453,0.0,1381.506307278547,409.25,0.0,537.2,0,0,0.0,4756,1381.5063072785467
Data,7132,0.0,0.0,2339.995905967382,0.0,1613.3140940326184,411.49,0.0,537.2,0,0,0.0,4902,1613.314094032618
Data,7133,0.0,0.0,1958.887276497826,0.0,1707.0,408.14,0.0,537.2,0,-383.77272350217436,0.0,4995,2090.772723502174
Data,7134,0.0,0.0,2270.6171551663406,0.0,1707.0,418.2,0.0,537.2,0,-42.98284483365978,0.0,4976,1749.9828448336593
Data,7135,0.0,0.0,2308.236915230048,0.0,1707.0,479.7,0.0,540.4,0,-68.66308476995255,0.0,5104,1775.663084769952
Data,7136,0.0,0.0,1981.4199652753982,0.0,1707.0,622.83,0.0,540.4,0,-176.3500347246022,0.0,5028,1883.3500347246018
Data,7137,-0.0,0.0,1899.5017472465788,0.0,1707.0,587.05,0.0,537.2,0,-448.2482527534212,0.0,5179,2155.248252753421
Data,7138,-0.0,0.0,1516.1288731747445,0.0,1707.0,562.45,0.0,540.4,0,-912.021126825256,0.0,5238,2619.0211268252556
Data,7139,-0.0,0.0,1598.1140267901114,0.0,1707.0,536.73,0.0,540.4,0,-684.7559732098888,0.0,5067,2391.7559732098885
Data,7140,-0.0,0.0,1573.206443936641,0.0,1707.0,412.61,0.0,540.4,0,-752.783556063359,0.0,4986,2459.783556063359
Data,7141,-0.0,0.0,1837.363722872923,0.0,1707.0,404.78,0.0,540.4,0,-354.45627712707767,0.0,4844,2061.456277127077
Data,7142,-0.0,0.0,1953.2908520849703,0.0,1707.0,401.43,0.0,540.4,0,-398.8791479150303,0.0,5001,2105.8791479150295
Data,7143,-0.0,0.0,2117.5905421302587,0.0,1707.0,414.85,0.0,540.4,0,-263.15945786974174,0.0,5043,1970.1594578697413
Data,7144,-0.0,0.0,2294.509847346964,0.0,1707.0,446.15,0.0,540.4,0,-115.94015265303632,0.0,5104,1822.9401526530362
Data,7145,-0.0,0.0,2243.664862471829,0.0,1707.0,637.36,0.0,540.4,0,-83.57513752817135,0.0,5212,1790.575137528171
Data,7146,0.0,0.0,2019.4807066890307,0.0,1707.0,727.94,0.0,540.4,0,-323.17929331096957,0.0,5318,2030.1792933109691
Data,7147,-0.0,0.0,1993.6335839144986,0.0,1707.0,751.42,0.0,540.4,0,-241.54641608550168,0.0,5234,1948.5464160855015
Data,7148,0.0,0.0,1647.912963029982,0.0,1707.0,661.96,0.0,537.2,0,-490.9270369700182,0.0,5045,2197.927036970018
Data,7149,0.0,0.0,1874.0597866480066,0.0,1707.0,622.83,0.0,540.4,0,-253.71021335199384,0.0,4998,1960.7102133519934
Data,7150,0.0,0.0,2246.326818418134,0.0,1707.0,504.3,0.0,328.2198,0,-124.15338158186614,0.0,4910,1831.1533815818661
Data,7151,0.0,0.0,2530.5001531398434,0.0,1200.1798468601569,443.92,0.0,540.4,0,0,0.0,4715,1200.1798468601567
Data,7152,0.0,0.0,2742.6179573040386,0.0,1064.2420426959623,432.74,0.0,540.4,0,0,0.0,4780,1064.2420426959616
Data,7153,0.0,0.0,2489.513985701718,0.0,1287.5060142982818,404.78,0.0,537.2,0,0,0.0,4719,1287.506014298282
Data,7154,0.0,0.0,2061.9651964834325,0.0,1707.0,424.91,0.0,537.2,0,-98.92480351656786,0.0,4830,1805.9248035165674
Data,7155,0.0,0.0,2064.897008366835,0.0,1707.0,458.45,0.0,537.2,0,-167.45299163316548,0.0,4935,1874.4529916331649
Data,7156,0.0,0.0,2473.591344902119,0.0,1568.7586550978815,458.45,0.0,537.2,0,0,0.0,5038,1568.7586550978808
Data,7157,0.0,0.0,2163.1250471354215,0.0,1707.0,433.85,0.0,537.2,0,-252.82495286457834,0.0,5094,1959.8249528645783
Data,7158,0.0,0.0,2079.320463411746,0.0,1707.0,449.51,0.0,537.2,0,-310.96953658825396,0.0,5084,2017.969536588254
Data,7159,0.0,0.0,2174.00398181985,0.0,1707.0,516.6,0.0,540.4,0,-267.9960181801498,0.0,5206,1974.9960181801498
Data,7160,0.0,0.0,2645.7608199019637,0.0,1435.799180098037,568.04,0.0,540.4,0,0,0.0,5190,1435.7991800980362
Data,7161,-0.0,0.0,2918.5623921809374,0.0,1296.827607819063,683.21,0.0,540.4,0,0,0.0,5439,1296.8276078190625
Data,7162,-0.0,0.0,2845.1479104675673,0.0,1495.2520895324333,664.2,0.0,540.4,0,0,0.0,5545,1495.2520895324328
Data,7163,-0.0,0.0,3237.32452096368,0.0,1530.6354790363205,592.64,0.0,38.4,0,0,0.0,5399,1530.6354790363202
Data,7164,-0.0,0.0,3166.0939958793674,0.0,1498.706004120633,565.8,0.0,38.4,0,0,0.0,5269,1498.7060041206325
Data,7165,-0.0,0.0,3219.1215669905055,0.0,1418.6284330094945,414.85,0.0,38.4,0,0,0.0,5091,1418.6284330094945
Data,7166,-0.0,0.0,3313.8993805538144,0.0,1471.9406194461862,415.96,0.0,35.2,0,0,0.0,5237,1471.9406194461856
Data,7167,-0.0,0.0,3574.1441223314205,0.0,1233.4858776685799,434.97,0.0,38.4,0,0,0.0,5281,1233.4858776685794
Data,7168,-0.0,0.0,3818.7667630043743,0.0,949.0932369956267,555.74,0.0,38.4,0,0,0.0,5362,949.0932369956257
Data,7169,-0.0,0.0,4644.892010125007,0.0,0.0,753.65,0.0,38.4,0,81.94201012500602,0.0,5355,-81.94201012500687
Data,7170,0.0,0.0,4863.935896025207,0.0,0.0,800.62,0.0,38.4,0,204.95589602520545,0.0,5498,-204.9558960252066
Data,7171,-0.0,0.0,4765.890941779068,0.0,0.0,807.33,0.0,38.4,0,156.62094177906778,0.0,5455,-156.62094177906832
Data,7172,0.0,0.0,5042.111367253901,0.0,0.0,682.09,0.0,38.4,0,475.6013672539014,0.0,5287,-475.60136725390134
Data,7173,0.0,0.0,4462.019487590014,0.0,210.99051240998577,497.59,0.0,38.4,0,0,0.0,5209,210.99051240998577
Data,7174,0.0,0.0,4769.539874081435,0.0,0.0,446.15,0.0,41.6,0,127.28987408143556,0.0,5130,-127.28987408143527
Data,7175,0.0,0.0,4753.970313571343,0.0,0.0,426.03,0.0,35.2,0,358.20031357134206,0.0,4857,-358.2003135713425
Data,7176,0.0,0.0,4129.2042443883465,0.0,396.0757556116542,419.32,0.0,38.4,0,0,0.0,4983,396.0757556116535
Data,7177,0.0,0.0,4522.441945889617,0.0,0.0,410.37,0.0,35.2,0,14.011945889616754,0.0,4954,-14.01194588961728
Data,7178,0.0,0.0,4126.043760182671,0.0,502.2062398173296,421.55,0.0,35.2,0,0,0.0,5085,502.20623981732933
Data,7179,0.0,0.0,3340.2622969135928,0.0,1487.0877030864074,439.45,0.0,35.2,0,0,0.0,5302,1487.0877030864071
Data,7180,0.0,0.0,4004.8571562087286,0.0,966.4328437912714,449.51,0.0,35.2,0,0,0.0,5456,966.4328437912714
Data,7181,0.0,0.0,3856.833096130212,0.0,1158.1569038697876,461.81,0.0,35.2,0,0,0.0,5512,1158.1569038697878
Data,7182,0.0,0.0,3550.840613661255,0.0,1430.5993863387455,514.36,0.0,35.2,0,0,0.0,5531,1430.5993863387453
Data,7183,0.0,0.0,3371.8894718201464,0.0,1485.3505281798534,686.56,0.0,35.2,0,0,0.0,5579,1485.3505281798537
Data,7184,0.0,0.0,2825.005622586341,0.0,1707.0,767.07,0.0,38.4,0,-217.52437741366003,0.0,5555,1924.524377413659
Data,7185,-0.0,0.0,1958.4746926661933,0.0,1707.0,788.32,0.0,38.4,0,-1410.8053073338074,0.0,5903,3117.8053073338065
Data,7186,-0.0,0.0,2460.1979326107244,0.0,1707.0,713.4,0.0,35.2,0,-1164.2020673892762,0.0,6080,2871.2020673892757
Data,7187,-0.0,0.0,2445.3781831293372,0.0,1707.0,601.58,0.0,41.6,0,-1284.4418168706625,0.0,6080,2991.441816870663
Data,7188,-0.0,0.0,2415.979161161422,0.0,1707.0,536.73,0.0,41.6,0,-1300.6908388385784,0.0,6002,3007.690838838578
Data,7189,-0.0,0.0,2654.137957004507,0.0,1707.0,499.83,0.0,38.4,0,-832.632042995494,0.0,5732,2539.632042995493
Data,7190,-0.0,0.0,2593.4256322590973,0.0,1707.0,505.42,0.0,38.4,0,-956.754367740903,0.0,5801,2663.7543677409026
Data,7191,-0.0,0.0,2907.5589353660384,0.0,1707.0,523.31,0.0,41.6,0,-606.5310646339617,0.0,5786,2313.5310646339617
Data,7192,-0.0,0.0,2844.7630378325816,0.0,1707.0,600.46,0.0,38.4,0,-564.3769621674187,0.0,5755,2271.3769621674182
Data,7193,-0.0,0.0,3369.071063314558,0.0,1404.5589366854413,754.77,0.0,41.6,0,0,0.0,5570,1404.558936685442
Data,7194,0.0,0.0,3395.859568855044,0.0,1414.590431144957,815.15,0.0,38.4,0,0,0.0,5664,1414.590431144956
Data,7195,0.0,0.0,2932.0299048609345,0.0,1707.0,838.64,0.0,41.6,0,-65.73009513906486,0.0,5585,1772.7300951390655
Data,7196,0.0,0.0,2737.087791405358,0.0,1707.0,808.45,0.0,38.4,0,-108.06220859464253,0.0,5399,1815.0622085946418
Data,7197,0.0,0.0,2424.290374722375,0.0,1707.0,612.76,0.0,38.4,0,-540.5496252776252,0.0,5323,2247.549625277625
Data,7198,0.0,0.0,2647.191472065796,0.0,1707.0,470.75,0.0,41.6,0,-362.45852793420374,0.0,5229,2069.458527934204
Data,7199,0.0,0.0,2448.6427057805595,0.0,1707.0,385.77,0.0,38.4,0,-446.1872942194406,0.0,5026,2153.1872942194404
Data,7200,0.0,0.0,2402.825087081824,0.0,1707.0,375.71,0.0,38.4,0,-559.0649129181761,0.0,5083,2266.0649129181757
Data,7201,0.0,0.0,2560.01261673675,0.0,1707.0,347.75,0.0,38.4,0,-406.83738326325056,0.0,5060,2113.83738326325
Data,7202,0.0,0.0,2539.1323976549593,0.0,1707.0,372.35,0.0,35.2,0,-591.3176023450403,0.0,5245,2298.3176023450405
Data,7203,0.0,0.0,2941.295745277631,0.0,1707.0,400.31,0.0,35.2,0,-319.1942547223689,0.0,5403,2026.1942547223691
Data,7204,0.0,0.0,2982.125332156615,0.0,1707.0,447.27,0.0,35.2,0,-359.4046678433856,0.0,5531,2066.404667843385
Data,7205,0.0,0.0,3153.0026326728835,0.0,1707.0,456.22,0.0,35.2,0,-185.57736732711643,0.0,5537,1892.5773673271165
Data,7206,0.0,0.0,3290.622031978091,0.0,1707.0,457.34,0.0,35.2,0,-17.837968021908935,0.0,5508,1724.837968021909
Data,7207,0.0,0.0,3668.7167470331533,0.0,1241.0932529668476,546.79,0.0,38.4,0,0,0.0,5495,1241.0932529668466
Data,7208,0.0,0.0,3261.1371729429547,0.0,1459.6928270570454,631.77,0.0,38.4,0,0,0.0,5391,1459.6928270570452
Data,7209,-0.0,0.0,2563.7597835550782,0.0,1707.0,640.72,0.0,41.6,0,-733.9202164449216,0.0,5687,2440.9202164449216
Data,7210,-0.0,0.0,2533.787892423428,0.0,1707.0,557.97,0.0,38.4,0,-842.8421075765725,0.0,5680,2549.8421075765723
Data,7211,-0.0,0.0,2392.751200133321,0.0,1707.0,380.18,0.0,38.4,0,-968.6687998666789,0.0,5487,2675.668799866679
Data,7212,-0.0,0.0,2699.441562710848,0.0,1707.0,370.12,0.0,38.4,0,-603.0384372891526,0.0,5418,2310.038437289152
Data,7213,-0.0,0.0,2772.845882286361,0.0,1707.0,308.62,0.0,41.6,0,-324.93411771363907,0.0,5155,2031.9341177136391
Data,7214,-0.0,0.0,2837.614498992322,0.0,1707.0,314.21,0.0,38.4,0,-250.77550100767866,0.0,5148,1957.7755010076783
Data,7215,-0.0,0.0,2748.5437638134285,0.0,1707.0,361.17,0.0,38.4,0,-299.88623618657175,0.0,5155,2006.8862361865715
Data,7216,-0.0,0.0,2807.7770456703106,0.0,1707.0,395.84,0.0,38.4,0,-299.98295432968973,0.0,5249,2006.9829543296894
Data,7217,-0.0,0.0,3392.7707782563953,0.0,1298.4292217436055,590.4,0.0,38.4,0,0,0.0,5320,1298.4292217436048
Data,7218,-0.0,0.0,4132.36523532545,0.0,455.73476467455015,799.5,0.0,38.4,0,0,0.0,5426,455.73476467454987
Data,7219,0.0,0.0,3676.8888953607993,0.0,803.9911046391999,837.52,0.0,41.6,0,0,0.0,5360,803.9911046392007
Data,7220,0.0,0.0,3451.221138032771,0.0,896.3488619672298,795.03,0.0,38.4,0,0,0.0,5181,896.3488619672293
Data,7221,0.0,0.0,3056.2603068173617,0.0,1375.229693182639,597.11,0.0,38.4,0,0,0.0,5067,1375.2296931826384
Data,7222,0.0,0.0,2549.8219615394596,0.0,1707.0,427.15,0.0,38.4,0,-194.6280384605413,0.0,4917,1901.6280384605404
Data,7223,0.0,0.0,2432.2502679609593,0.0,1707.0,370.12,0.0,38.4,0,-81.22973203904121,0.0,4629,1788.2297320390408
Data,7224,0.0,0.0,2152.100277774338,0.0,1707.0,364.53,0.0,38.4,0,-468.96972222566274,0.0,4731,2175.9697222256623
Data,7225,0.0,0.0,2412.1932307799543,0.0,1431.8467692200456,366.76,0.0,537.2,0,0,0.0,4748,1431.8467692200456
Data,7226,0.0,0.0,2850.436808381273,0.0,1126.4531916187282,424.91,0.0,537.2,0,0,0.0,4939,1126.453191618727
Data,7227,0.0,0.0,2455.8863586841862,0.0,1658.3936413158144,468.52,0.0,537.2,0,0,0.0,5120,1658.3936413158137
Data,7228,0.0,0.0,2141.0016195982125,0.0,1707.0,466.28,0.0,540.4,0,-384.3183804017881,0.0,5239,2091.3183804017876
Data,7229,0.0,0.0,2277.7617173715107,0.0,1707.0,442.8,0.0,537.2,0,-369.2382826284893,0.0,5334,2076.2382826284893
Data,7230,0.0,0.0,2142.1830897011832,0.0,1707.0,446.15,0.0,537.2,0,-465.4669102988173,0.0,5298,2172.466910298817
Data,7231,0.0,0.0,1291.4426160281998,0.0,1707.0,544.55,0.0,537.2,0,-1221.8073839718002,0.0,5302,2928.8073839718
Data,7232,0.0,0.0,956.9248370456381,0.0,1707.0,572.51,0.0,540.4,0,-1438.1651629543621,0.0,5215,3145.165162954362
Data,7233,-0.0,0.0,1019.7312735395108,0.0,1707.0,587.05,0.0,540.4,0,-1573.8187264604896,0.0,5428,3280.8187264604894
Data,7234,-0.0,0.0,1322.1516242080602,0.0,1707.0,564.68,0.0,540.4,0,-1310.76837579194,0.0,5445,3017.76837579194
Data,7235,-0.0,0.0,1100.9387094807128,0.0,1707.0,413.73,0.0,540.4,0,-1536.931290519288,0.0,5299,3243.9312905192874
Data,7236,-0.0,0.0,942.6101256985295,-0.0,1707.0,380.18,0.0,540.4,0,-1535.8098743014707,0.0,5106,3242.8098743014707
Data,7237,-0.0,0.0,1072.4475496622995,0.0,1707.0,333.22,0.0,540.4,0,-1129.9324503377006,0.0,4783,2836.9324503377006
Data,7238,-0.0,0.0,560.866135704241,0.0,1707.0,343.28,0.0,543.6,0,-1693.253864295759,0.0,4848,3400.253864295759
Data,7239,-0.0,0.0,1060.125796848576,0.0,1707.0,430.5,0.0,540.4,0,-1031.9742031514243,0.0,4770,2738.974203151424
Data,7240,-0.0,0.0,831.4682701550744,0.0,1707.0,526.66,0.0,540.4,0,-1326.4717298449261,0.0,4932,3033.471729844926
Data,7241,-0.0,0.0,699.3146197242814,-0.0,1707.0,677.62,0.0,540.4,0,-1473.665380275719,0.0,5098,3180.6653802757187
Data,7242,-0.0,0.0,803.2468197350834,0.0,1707.0,738.0,0.0,540.4,0,-1458.353180264917,0.0,5247,3165.353180264917
Data,7243,0.0,0.0,1252.9051580998703,0.0,1707.0,742.47,0.0,540.4,0,-953.2248419001298,0.0,5196,2660.22484190013
Data,7244,0.0,0.0,1321.6194787166837,0.0,1707.0,711.16,0.0,540.4,0,-778.8205212833168,0.0,5059,2485.8205212833163
Data,7245,0.0,0.0,2240.431370496092,0.0,1631.3886295039088,527.78,0.0,540.4,0,0,0.0,4940,1631.3886295039083
Data,7246,0.0,0.0,1912.5531144718018,0.0,1707.0,417.08,0.0,543.6,0,-244.76688552819778,0.0,4825,1951.7668855281981
Data,7247,0.0,0.0,1771.0313218961758,0.0,1707.0,355.58,0.0,540.4,0,-233.9886781038242,0.0,4608,1940.9886781038242
Data,7248,0.0,0.0,1944.0902387657366,0.0,1707.0,338.81,0.0,540.4,0,-181.69976123426386,0.0,4712,1888.6997612342634
Data,7249,0.0,0.0,2316.385771158018,0.0,1461.994228841982,382.42,0.0,537.2,0,0,0.0,4698,1461.9942288419818
Data,7250,0.0,0.0,2123.8243494187395,0.0,1707.0,407.02,0.0,537.2,0,-69.95565058126067,0.0,4845,1776.9556505812604
Data,7251,0.0,0.0,2087.1429406291477,0.0,1707.0,383.54,0.0,537.2,0,-280.11705937085253,0.0,4995,1987.1170593708523
Data,7252,0.0,0.0,2058.6687338459674,0.0,1707.0,383.54,0.0,537.2,0,-436.59126615403284,0.0,5123,2143.5912661540324
Data,7253,0.0,0.0,2140.259964622737,0.0,1707.0,363.41,0.0,537.2,0,-423.13003537726354,0.0,5171,2130.130035377263
Data,7254,0.0,0.0,1842.8325190209837,0.0,1707.0,360.05,0.0,537.2,0,-595.9174809790163,0.0,5043,2302.917480979016
Data,7255,0.0,0.0,2162.7114992591105,0.0,1707.0,450.63,0.0,540.4,0,-95.25850074088976,0.0,4956,1802.2585007408895
Data,7256,0.0,0.0,1821.3403930800398,0.0,1707.0,471.87,0.0,540.4,0,-126.38960691996067,0.0,4667,1833.3896069199602
Data,7257,-0.0,0.0,1710.1814738078504,0.0,1707.0,456.22,0.0,38.4,0,-796.1985261921498,0.0,4708,2503.1985261921495
Data,7258,-0.0,0.0,1390.973610972818,0.0,1707.0,377.95,0.0,38.4,0,-1130.6763890271825,0.0,4645,2837.676389027182
Data,7259,-0.0,0.0,1569.844469390066,0.0,1707.0,257.18,0.0,38.4,0,-976.575530609934,0.0,4549,2683.575530609934
Data,7260,-0.0,0.0,1682.9881013655252,0.0,1707.0000000000002,243.76,0.0,38.4,0,-747.851898634475,0.0,4420,2454.8518986344748
Data,7261,-0.0,0.0,2541.940434816371,0.0,1479.4895651836296,238.17,0.0,38.4,0,0,0.0,4298,1479.4895651836289
Data,7262,-0.0,0.0,2411.9244493595324,0.0,1521.8355506404682,272.84,0.0,38.4,0,0,0.0,4245,1521.8355506404675
Data,7263,-0.0,0.0,2445.1698809694353,0.0,1449.6201190305653,338.81,0.0,38.4,0,0,0.0,4272,1449.6201190305646
Data,7264,-0.0,0.0,3115.341313291644,0.0,927.9086867083568,372.35,0.0,38.4,0,0,0.0,4454,927.9086867083561
Data,7265,-0.0,0.0,3245.8234448722555,0.0,766.9265551277451,537.85,0.0,38.4,0,0,0.0,4589,766.9265551277445
Data,7266,-0.0,0.0,2921.811604744772,0.0,1283.548395255229,617.24,0.0,38.4,0,0,0.0,4861,1283.548395255228
Data,7267,0.0,0.0,2906.189948568772,0.0,1220.1400514312286,693.27,0.0,38.4,0,0,0.0,4858,1220.1400514312281
Data,7268,0.0,0.0,3266.762407428042,0.0,876.2975925719588,629.54,0.0,38.4,0,0,0.0,4811,876.297592571958
Data,7269,0.0,0.0,3344.0193068976914,0.0,915.0406931023092,506.54,0.0,38.4,0,0,0.0,4804,915.0406931023085
Data,7270,0.0,0.0,3414.340547775926,0.0,837.6994522240741,440.56,0.0,38.4,0,0,0.0,4731,837.6994522240739
Data,7271,0.0,0.0,3455.9727929328856,0.0,633.137207067115,411.49,0.0,38.4,0,0,0.0,4539,633.1372070671144
Data,7272,0.0,0.0,3423.928236651942,0.0,839.7217633480589,396.95,0.0,38.4,0,0,0.0,4699,839.7217633480581
Data,7273,0.0,0.0,3340.868226365,0.0,929.0917736350002,395.84,0.0,35.2,0,0,0.0,4701,929.0917736350002
Data,7274,0.0,0.0,3315.9005977858774,0.0,1093.949402214123,396.95,0.0,35.2,0,0,0.0,4842,1093.9494022141225
Data,7275,0.0,0.0,3330.9256007128192,0.0,1241.7343992871808,408.14,0.0,35.2,0,0,0.0,5016,1241.7343992871808
Data,7276,0.0,0.0,3275.8452069500713,0.0,1436.0047930499293,377.95,0.0,35.2,0,0,0.0,5125,1436.0047930499286
Data,7277,0.0,0.0,3353.1810421451028,0.0,1342.998957854898,431.62,0.0,35.2,0,0,0.0,5163,1342.9989578548973
Data,7278,0.0,0.0,3279.9625393107904,0.0,1327.66746068921,410.37,0.0,32.0,0,0,0.0,5050,1327.6674606892097
Data,7279,0.0,0.0,2796.6792683411627,0.0,1684.2107316588379,375.71,0.0,38.4,0,0,0.0,4895,1684.2107316588374
Data,7280,0.0,0.0,2079.1626661373343,0.0,1707.0,396.95,0.0,38.4,0,-390.4873338626662,0.0,4612,2097.4873338626658
Data,7281,-0.0,0.0,2039.2293533706077,0.0,1707.0,363.41,0.0,38.4,0,-378.96064662939284,0.0,4527,2085.960646629392
Data,7282,-0.0,0.0,2245.3517274286146,0.0,1707.0,299.67,0.0,38.4,0,-221.5782725713853,0.0,4512,1928.5782725713855
Data,7283,-0.0,0.0,2394.700407869046,0.0,1661.1895921309538,252.71,0.0,38.4,0,0,0.0,4347,1661.189592130954
Data,7284,-0.0,0.0,2410.0238785727697,0.0,1488.2061214272298,238.17,0.0,41.6,0,0,0.0,4178,1488.2061214272303
Data,7285,-0.0,0.0,2495.663345314899,0.0,1241.5866546851012,230.35,0.0,38.4,0,0,0.0,4006,1241.5866546851012
Data,7286,-0.0,0.0,1876.570111391082,0.0,1707.0,231.46,0.0,38.4,0,-60.569888608917864,0.0,3914,1767.569888608918
Data,7287,-0.0,0.0,1741.1938164953474,0.0,1707.0,244.88,0.0,38.4,0,-142.52618350465247,0.0,3874,1849.5261835046526
Data,7288,-0.0,0.0,1432.909527451872,0.0,1707.0,327.63,0.0,540.4,0,-82.0604725481279,0.0,4090,1789.060472548128
Data,7289,-0.0,0.0,1411.9364852408858,0.0,1707.0,535.61,0.0,540.4,0,-178.0535147591139,0.0,4373,1885.0535147591143
Data,7290,-0.0,0.0,2050.5968823683443,0.0,1566.6531176316562,599.35,0.0,540.4,0,0,0.0,4757,1566.6531176316557
Data,7291,0.0,0.0,2476.8442708525117,0.0,1153.8457291474888,670.91,0.0,540.4,0,0,0.0,4842,1153.8457291474883
Data,7292,0.0,0.0,2497.108859662423,0.0,1149.141140337577,599.35,0.0,540.4,0,0,0.0,4786,1149.1411403375769
Data,7293,0.0,0.0,2629.417610566744,0.0,1105.6523894332568,487.53,0.0,540.4,0,0,0.0,4763,1105.6523894332563
Data,7294,0.0,0.0,2798.7631609694445,0.0,944.6368390305563,418.2,0.0,540.4,0,0,0.0,4702,944.6368390305556
Data,7295,0.0,0.0,3098.547238613288,0.0,502.6527613867123,393.6,0.0,537.2,0,0,0.0,4532,502.6527613867121
Data,7296,0.0,0.0,2576.3241887791382,0.0,1148.385811220862,386.89,0.0,540.4,0,0,0.0,4652,1148.3858112208618
Data,7297,0.0,0.0,2923.922708689144,0.0,831.8272913108558,360.05,0.0,537.2,0,0,0.0,4653,831.8272913108558
Data,7298,0.0,0.0,3113.406165545951,0.0,820.3938344540493,369.0,0.0,537.2,0,0,0.0,4840,820.393834454049
Data,7299,0.0,0.0,2888.88885158856,0.0,1221.1011484114397,388.01,0.0,534.0,0,0,0.0,5032,1221.10114841144
Data,7300,0.0,0.0,2935.3016791143227,0.0,1273.018320885677,392.48,0.0,537.2,0,0,0.0,5138,1273.0183208856772
Data,7301,0.0,0.0,2854.821815032708,0.0,1424.2581849672918,394.72,0.0,537.2,0,0,0.0,5211,1424.258184967292
Data,7302,0.0,0.0,2944.9169626893863,0.0,1265.833037310614,464.05,0.0,537.2,0,0,0.0,5212,1265.8330373106137
Data,7303,0.0,0.0,2588.37035099592,0.0,1707.0,484.17,0.0,537.2,0,-11.259649004079932,0.0,5328,1718.2596490040798
Data,7304,0.0,0.0,2485.0099915506157,0.0,1703.5900084493846,541.2,0.0,537.2,0,0,0.0,5267,1703.5900084493842
Data,7305,-0.0,0.0,2467.3806613833576,0.0,1707.0,527.78,0.0,537.2,0,-68.63933861664266,0.0,5308,1775.6393386166424
Data,7306,-0.0,0.0,2288.5932238223922,0.0,1707.0,422.67,0.0,537.2,0,-299.53677617760786,0.0,5255,2006.5367761776076
Data,7307,-0.0,0.0,2205.3187821608267,0.0,1707.0,324.27,0.0,540.4,0,-269.011217839173,0.0,5046,1976.0112178391732
Data,7308,-0.0,0.0,1942.5060999440484,0.0,1707.0,300.79,0.0,540.4,0,-402.303900055952,0.0,4893,2109.3039000559515
Data,7309,-0.0,0.0,1739.1350365668673,0.0,1707.0,277.31,0.0,540.4,0,-345.1549634331328,0.0,4609,2052.1549634331327
Data,7310,-0.0,0.0,1658.2304725325698,0.0,1707.0,300.79,0.0,540.4,0,-471.5795274674305,0.0,4678,2178.57952746743
Data,7311,-0.0,0.0,1756.795394694815,0.0,1707.0,354.46,0.0,540.4,0,-402.3446053051853,0.0,4761,2109.344605305185
Data,7312,-0.0,0.0,1704.3333405103192,0.0,1707.0,451.75,0.0,540.4,0,-552.5166594896812,0.0,4956,2259.516659489681
Data,7313,-0.0,0.0,2413.527114735636,0.0,1437.572885264364,676.5,0.0,540.4,0,0,0.0,5068,1437.5728852643638
Data,7314,-0.0,0.0,2713.6928612203674,0.0,1178.407138779632,750.3,0.0,543.6,0,0,0.0,5186,1178.4071387796325
Data,7315,-0.0,0.0,3160.2697575284947,0.0,684.2602424715055,767.07,0.0,540.4,0,0,0.0,5152,684.2602424715053
Data,7316,0.0,0.0,2961.1772767386124,0.0,761.0127232613881,732.41,0.0,540.4,0,0,0.0,4995,761.0127232613877
Data,7317,0.0,0.0,3476.0544630267777,0.0,436.68833697322304,626.18,0.0,350.0772,0,0,0.0,4889,436.6883369732223
Data,7318,0.0,0.0,2933.762833278501,0.0,764.4771667214991,514.36,0.0,540.4,0,0,0.0,4753,764.4771667214989
Data,7319,0.0,0.0,3464.874118927823,0.0,402.0858810721776,469.64,0.0,189.4,0,0,0.0,4526,402.085881072177
Data,7320,0.0,0.0,3329.881323476554,0.0,623.7386765234467,453.98,0.0,189.4,0,0,0.0,4597,623.7386765234461
Data,7321,0.0,0.0,2955.571465088973,0.0,977.1285349110274,455.1,0.0,186.2,0,0,0.0,4574,977.1285349110269
Data,7322,0.0,0.0,2336.06341097473,0.0,1707.0,434.97,0.0,186.2,0,-74.76658902527015,0.0,4739,1781.7665890252702
Data,7323,0.0,0.0,2887.2760760872793,0.0,1379.603923912721,443.92,0.0,186.2,0,0,0.0,4897,1379.6039239127208
Data,7324,0.0,0.0,2729.4712530378515,0.0,1684.878746962149,458.45,0.0,186.2,0,0,0.0,5059,1684.8787469621484
Data,7325,0.0,0.0,2672.167036197273,0.0,1707.0,452.86,0.0,186.2,0,-108.77296380272787,0.0,5127,1815.7729638027272
Data,7326,0.0,0.0,2827.964108568173,0.0,1439.7688914318276,483.05,0.0,362.217,0,0,0.0,5113,1439.7688914318271
Data,7327,0.0,0.0,2579.7215087390787,0.0,1707.0,495.35,0.0,336.977,0,-51.9514912609211,0.0,5171,1758.9514912609213
Data,7328,0.0,0.0,2624.2184318884647,0.0,1707.0,496.47,0.0,35.2,0,-248.11156811153523,0.0,5111,1955.1115681115352
Data,7329,-0.0,0.0,2280.435214681907,0.0,1707.0,503.18,0.0,35.2,0,-588.184785318093,0.0,5114,2295.184785318093
Data,7330,-0.0,0.0,2150.3376547618923,0.0,1707.0,468.52,0.0,35.2,0,-666.9423452381088,0.0,5028,2373.942345238108
Data,7331,-0.0,0.0,1614.0389827008246,0.0,1706.9999999999998,417.08,0.0,38.4,0,-1100.4810172991758,0.0,4877,2807.4810172991756
Data,7332,-0.0,0.0,2070.294938963343,0.0,1707.0,347.75,0.0,35.2,0,-657.755061036657,0.0,4818,2364.755061036657
Data,7333,-0.0,0.0,2045.7108084560505,0.0,1707.0,317.56,0.0,38.4,0,-485.3291915439493,0.0,4594,2192.3291915439495
Data,7334,-0.0,0.0,2040.9799861679267,0.0,1707.0,326.51,0.0,38.4,0,-533.1100138320735,0.0,4646,2240.1100138320735
Data,7335,-0.0,0.0,2070.4033778351018,0.0,1707.0,401.43,0.0,38.4,0,-471.76662216489865,0.0,4689,2178.7666221648983
Data,7336,-0.0,0.0,2008.505574897085,0.0,1707.0,450.63,0.0,38.4,0,-681.4644251029151,0.0,4886,2388.464425102915
Data,7337,-0.0,0.0,2092.5494418838334,0.0,1701.090558116167,661.96,0.0,540.4,0,0,0.0,4996,1701.0905581161664
Data,7338,-0.0,0.0,2781.6081033936903,0.0,1077.9918966063103,738.0,0.0,540.4,0,0,0.0,5138,1077.9918966063096
Data,7339,-0.0,0.0,2882.6475050964204,0.0,915.7824949035798,730.17,0.0,540.4,0,0,0.0,5069,915.7824949035796
Data,7340,0.0,0.0,2763.4079723670097,0.0,914.2120276329906,699.98,0.0,540.4,0,0,0.0,4918,914.2120276329903
Data,7341,0.0,0.0,2726.718113032634,0.0,950.3718869673668,572.51,0.0,540.4,0,0,0.0,4790,950.3718869673661
Data,7342,0.0,0.0,2295.6632674961884,0.0,1358.4467325038117,460.69,0.0,537.2,0,0,0.0,4652,1358.4467325038115
Data,7343,0.0,0.0,1628.7812187047841,0.0,1707.0,389.13,0.0,540.4,0,-171.68878129521568,0.0,4437,1878.688781295216
Data,7344,0.0,0.0,1674.6721996884858,0.0,1707.0,383.54,0.0,540.4,0,-198.38780031151418,0.0,4504,1905.3878003115142
Data,7345,0.0,0.0,1221.611193596087,0.0,1707.0,427.15,0.0,537.2,0,-598.038806403913,0.0,4491,2305.038806403913
Data,7346,0.0,0.0,1186.4007174082815,0.0,1707.0,410.37,0.0,537.2,0,-837.0292825917188,0.0,4678,2544.0292825917186
Data,7347,0.0,0.0,745.9973146240789,0.0,1707.0,434.97,0.0,537.2,0,-1413.832685375921,0.0,4839,3120.832685375921
Data,7348,0.0,0.0,977.5279806662551,0.0,1707.0,440.56,0.0,537.2,0,-1330.712019333745,0.0,4993,3037.712019333745
Data,7349,0.0,0.0,997.9216847359926,0.0,1707.0,451.75,0.0,537.2,0,-1357.1283152640076,0.0,5051,3064.128315264007
Data,7350,0.0,0.0,898.1332403092524,0.0,1707.0,466.28,0.0,537.2,0,-1438.386759690748,0.0,5047,3145.3867596907476
Data,7351,0.0,0.0,1058.7372773646373,0.0,1707.0,477.46,0.0,537.2,0,-1342.6027226353629,0.0,5123,3049.6027226353626
Data,7352,0.0,0.0,1173.6847226768778,0.0,1707.0,560.21,0.0,537.2,0,-1122.9052773231224,0.0,5101,2829.9052773231224
Data,7353,-0.0,0.0,1060.215638881593,0.0,1707.0,578.1,0.0,537.2,0,-1325.4843611184074,0.0,5208,3032.484361118407
Data,7354,-0.0,0.0,981.8165729778053,0.0,1707.0,471.87,0.0,186.2,0,-1771.1134270221949,0.0,5118,3478.1134270221946
Data,7355,-0.0,0.0,1022.4609246822646,0.0,1707.0,396.95,0.0,189.4,0,-1660.189075317736,0.0,4976,3367.1890753177354
Data,7356,-0.0,0.0,1129.4616089864533,0.0,1707.0,307.5,0.0,189.4,0,-1634.638391013547,0.0,4968,3341.638391013547
Data,7357,-0.0,0.0,853.3472670625808,0.0,1707.0,290.73,0.0,540.4,0,-1449.5227329374197,0.0,4841,3156.5227329374193
Data,7358,-0.0,0.0,999.7669557385071,0.0,1707.0,290.73,0.0,273.5818,0,-1844.9212442614935,0.0,5116,3551.921244261493
Data,7359,-0.0,0.0,1407.7083828340121,0.0,1707.0,339.93,0.0,543.6,0,-1300.7616171659872,0.0,5299,3007.761617165988
Data,7360,-0.0,0.0,1720.0240820499941,0.0,1707.0,452.86,0.0,189.4,0,-1312.7159179500065,0.0,5382,3019.715917950006
Data,7361,-0.0,0.0,1609.5362074616626,-0.0,1707.0,609.41,0.0,189.4,0,-1089.653792538338,0.0,5205,2796.6537925383373
Data,7362,-0.0,0.0,2386.022947042644,0.0,1707.0,663.08,0.0,189.4,0,-290.4970529573564,0.0,5236,1997.4970529573561
Data,7363,-0.0,0.0,2385.207824472265,0.0,1707.0,672.03,0.0,189.4,0,-210.36217552773536,0.0,5164,1917.3621755277347
Data,7364,0.0,0.0,2872.14782531128,0.0,1311.1521746887204,627.3,0.0,189.4,0,0,0.0,5000,1311.15217468872
Data,7365,0.0,0.0,3139.0168849649785,0.0,1035.0931150350225,534.49,0.0,189.4,0,0,0.0,4898,1035.0931150350214
Data,7366,0.0,0.0,3415.8312212677492,0.0,974.1587787322517,412.61,0.0,38.4,0,0,0.0,4841,974.1587787322508
Data,7367,0.0,0.0,3059.642668727464,0.0,1054.227331272537,413.73,0.0,38.4,0,0,0.0,4566,1054.227331272536
Data,7368,0.0,0.0,3196.9099904994932,0.0,971.7300095005073,415.96,0.0,38.4,0,0,0.0,4623,971.7300095005068
Data,7369,0.0,0.0,3006.460587523463,0.0,1181.3294124765373,388.01,0.0,35.2,0,0,0.0,4611,1181.329412476537
Data,7370,0.0,0.0,2751.1929915634087,0.0,1591.007008436591,393.6,0.0,35.2,0,0,0.0,4771,1591.0070084365914
Data,7371,0.0,0.0,2810.0755417933146,0.0,1682.934458206686,423.79,0.0,35.2,0,0,0.0,4952,1682.9344582066853
Data,7372,0.0,0.0,2670.3654519555325,0.0,1707.0,414.85,0.0,35.2,0,-283.5845480444673,0.0,5111,1990.5845480444675
Data,7373,0.0,0.0,2597.8344289338893,0.0,1707.0,428.26,0.0,35.2,0,-393.7055710661107,0.0,5162,2100.7055710661107
Data,7374,0.0,0.0,2573.8905777696477,0.0,1707.0,480.82,0.0,35.2,0,-317.08942223035274,0.0,5114,2024.0894222303523
Data,7375,0.0,0.0,2356.377436875795,0.0,1707.0,584.81,0.0,38.4,0,-430.4125631242059,0.0,5117,2137.412563124205
Data,7376,0.0,0.0,2364.77340985125,0.0,1707.0,663.08,0.0,35.2,0,-264.94659014875015,0.0,5035,1971.94659014875
Data,7377,-0.0,0.0,2424.282460530725,0.0,1707.0,677.62,0.0,38.4,0,-379.6975394692754,0.0,5227,2086.697539469275
Data,7378,-0.0,0.0,2141.9310446047593,0.0,1707.0,634.01,0.0,38.4,0,-718.658955395241,0.0,5240,2425.658955395241
Data,7379,-0.0,0.0,1969.4952302371591,0.0,1707.0,458.45,0.0,38.4,0,-808.6547697628414,0.0,4982,2515.6547697628407
Data,7380,-0.0,0.0,2210.8987877420595,0.0,1707.0,325.39,0.0,38.4,0,-585.3112122579407,0.0,4867,2292.3112122579405
Data,7381,-0.0,0.0,1890.639673032959,0.0,1707.0,301.91,0.0,35.2,0,-792.2503269670412,0.0,4727,2499.250326967041
Data,7382,-0.0,0.0,1966.763571083559,0.0,1707.0,311.97,0.0,38.4,0,-846.866428916441,0.0,4871,2553.866428916441
Data,7383,-0.0,0.0,2384.6626716431592,0.0,1707.0,326.51,0.0,38.4,0,-509.4273283568409,0.0,4966,2216.427328356841
Data,7384,-0.0,0.0,2282.7750664696587,0.0,1707.0,413.73,0.0,38.4,0,-668.0949335303419,0.0,5110,2375.094933530341
Data,7385,-0.0,0.0,2682.865588905559,0.0,1707.0,679.85,0.0,38.4,0,-63.88441109444119,0.0,5172,1770.884411094441
Data,7386,-0.0,0.0,2464.1049697585595,0.0,1707.0,784.96,0.0,38.4,0,-318.535030241441,0.0,5313,2025.5350302414404
Data,7387,0.0,0.0,2431.2716001395593,0.0,1707.0,805.09,0.0,35.2,0,-307.43839986044077,0.0,5286,2014.4383998604408
Data,7388,0.0,0.0,2452.63755836384,0.0,1707.0,727.94,0.0,38.4,0,-188.02244163615978,0.0,5114,1895.0224416361598
Data,7389,0.0,0.0,2249.7940799262824,0.0,1707.0,578.1,0.0,38.4,0,-442.7059200737176,0.0,5016,2149.7059200737176
Data,7390,0.0,0.0,2034.055442566159,0.0,1707.0,475.23,0.0,38.4,0,-684.3145574338419,0.0,4939,2391.314557433841
Data,7391,0.0,0.0,2020.193754331659,0.0,1707.0,404.78,0.0,38.4,0,-525.6262456683417,0.0,4696,2232.626245668341
Data,7392,0.0,0.0,2035.4216323804592,0.0,1707.0,373.47,0.0,38.4,0,-602.7083676195409,0.0,4757,2309.7083676195407
Data,7393,0.0,0.0,2062.0471381025595,0.0,1707.0,354.46,0.0,183.0,0,-411.4928618974406,0.0,4718,2118.4928618974404
Data,7394,0.0,0.0,2115.5217835427597,0.0,1707.0,353.35,0.0,186.2,0,-503.92821645724007,0.0,4866,2210.92821645724
Data,7395,0.0,0.0,2134.712027524059,0.0,1707.0,382.42,0.0,186.2,0,-564.667972475941,0.0,4975,2271.667972475941
Data,7396,0.0,0.0,2356.41251393296,0.0,1707.0,399.19,0.0,186.2,0,-438.1974860670407,0.0,5087,2145.1974860670402
Data,7397,0.0,0.0,2356.605049480859,0.0,1707.0,402.55,0.0,183.0,0,-502.84495051914064,0.0,5152,2209.8449505191406
Data,7398,0.0,0.0,2312.1808741968366,0.0,1707.0,433.85,0.0,186.2,0,-522.7691258031632,0.0,5162,2229.769125803163
Data,7399,0.0,0.0,2299.5278185450125,0.0,1707.0,595.99,0.0,189.4,0,-392.08218145498813,0.0,5184,2099.0821814549877
Data,7400,0.0,0.0,2297.004999668141,0.0,1707.0,674.26,0.0,189.4,0,-289.3350003318592,0.0,5157,1996.335000331859
Data,7401,-0.0,0.0,2174.28606837127,0.0,1707.0,686.56,0.0,189.4,0,-576.7539316287307,0.0,5334,2283.75393162873
Data,7402,-0.0,0.0,2232.692016711856,0.0,1707.0,595.99,0.0,537.2,0,-241.11798328814444,0.0,5314,1948.117983288144
Data,7403,-0.0,0.0,1934.1493056201905,0.0,1707.0,409.25,0.0,502.0805,0,-632.5201943798096,0.0,5185,2339.5201943798097
Data,7404,-0.0,0.0,2312.312549680903,0.0,1707.0,352.23,0.0,450.9614,0,-271.49605031909744,0.0,5094,1978.4960503190969
Data,7405,-0.0,0.0,2155.037575263609,0.0,1707.0,307.5,0.0,540.4,0,-109.06242473639111,0.0,4819,1816.0624247363908
Data,7406,-0.0,0.0,2008.5530137082355,0.0,1707.0,306.38,0.0,501.563,0,-388.5039862917642,0.0,4912,2095.5039862917647
Data,7407,-0.0,0.0,2270.553712929903,0.0,1707.0,333.22,0.0,537.2,0,-48.02628707009667,0.0,4896,1755.0262870700967
Data,7408,-0.0,0.0,2079.099929843104,0.0,1707.0,419.32,0.0,540.4,0,-234.1800701568967,0.0,4980,1941.1800701568961
Data,7409,-0.0,0.0,2341.0227040572777,0.0,1447.6572959427226,689.92,0.0,540.4,0,0,0.0,5019,1447.6572959427224
Data,7410,-0.0,0.0,1896.0978155705145,-0.0,1707.0,777.14,0.0,540.4,0,-194.362184429486,0.0,5115,1901.3621844294855
Data,7411,0.0,0.0,2151.478692726647,0.0,1517.5213072733532,811.8,0.0,537.2,0,0,0.0,5018,1517.5213072733532
Data,7412,0.0,0.0,2261.1889730887997,0.0,1279.8610269112005,790.55,0.0,540.4,0,0,0.0,4872,1279.8610269112005
Data,7413,0.0,0.0,1912.118599992435,0.0,1634.7514000075653,659.73,0.0,540.4,0,0,0.0,4747,1634.7514000075648
Data,7414,0.0,0.0,2275.5238276406694,0.0,1295.6461723593304,524.43,0.0,540.4,0,0,0.0,4636,1295.6461723593306
Data,7415,0.0,0.0,1969.417828742298,0.0,1443.042171257702,408.14,0.0,540.4,0,0,0.0,4361,1443.042171257702
Data,7416,0.0,0.0,1837.841479173589,0.0,1707.0,360.05,0.0,537.2,0,-13.90852082641095,0.0,4456,1720.908520826411
Data,7417,0.0,0.0,1598.063485285087,0.0,1707.0,337.69,0.0,537.2,0,-263.0465147149132,0.0,4443,1970.046514714913
Data,7418,0.0,0.0,1568.1568863788677,0.0,1707.0,342.16,0.0,537.2,0,-429.4831136211326,0.0,4584,2136.4831136211324
Data,7419,0.0,0.0,1214.8296883735247,0.0,1707.0,358.94,0.0,537.2,0,-933.0303116264754,0.0,4751,2640.0303116264754
Data,7420,0.0,0.0,1436.6242938037897,0.0,1707.0,386.89,0.0,534.0,0,-793.4857061962105,0.0,4858,2500.4857061962102
Data,7421,0.0,0.0,1292.5923020986088,0.0,1707.0,373.47,0.0,537.2,0,-996.737697901391,0.0,4907,2703.737697901391
Data,7422,0.0,0.0,1476.8182125338585,0.0,1707.0,388.01,0.0,537.2,0,-711.9717874661414,0.0,4821,2418.9717874661414
Data,7423,0.0,0.0,1238.2290069586086,0.0,1707.0,466.28,0.0,534.0,0,-765.4909930413917,0.0,4711,2472.4909930413914
Data,7424,0.0,0.0,1271.3271582537989,0.0,1707.0,544.55,0.0,540.4,0,-530.7228417462013,0.0,4594,2237.722841746201
Data,7425,-0.0,0.0,1315.0921748138953,0.0,1707.0,503.18,0.0,540.4,0,-562.3278251861047,0.0,4628,2269.3278251861047
Data,7426,-0.0,0.0,1170.4762960249766,0.0,1707.0,370.12,0.0,540.4,0,-766.0037039750232,0.0,4554,2473.003703975023
Data,7427,-0.0,0.0,1258.022477688035,0.0,1707.0,300.79,0.0,540.4,0,-664.7875223119651,0.0,4471,2371.787522311965
Data,7428,-0.0,0.0,877.6101352398254,0.0,1707.0,295.2,0.0,537.2,0,-970.989864760175,0.0,4388,2677.9898647601744
Data,7429,-0.0,0.0,1059.6472539163954,0.0,1707.0,263.89,0.0,540.4,0,-722.0627460836048,0.0,4293,2429.062746083605
Data,7430,-0.0,0.0,1586.6185987425904,0.0,1707.0,262.77,0.0,540.4,0,-291.21140125740936,0.0,4388,1998.2114012574098
Data,7431,-0.0,0.0,999.2441128424949,0.0,1707.0,285.14,0.0,540.4,0,-831.2158871575053,0.0,4363,2538.215887157505
Data,7432,-0.0,0.0,1352.410055524937,-0.0,1707.0,343.28,0.0,540.4,0,-511.9099444750626,0.0,4455,2218.909944475063
Data,7433,-0.0,0.0,1672.3152037337466,0.0,1707.0,504.3,0.0,540.4,0,-27.984796266253273,0.0,4452,1734.9847962662534
Data,7434,-0.0,0.0,1629.6595898215846,0.0,1707.0,653.02,0.0,540.4,0,-200.9204101784158,0.0,4731,1907.9204101784153
Data,7435,0.0,0.0,1616.1170804497374,0.0,1707.0,695.51,0.0,540.4,0,-176.97291955026276,0.0,4736,1883.9729195502628
Data,7436,0.0,0.0,1599.4878736596966,0.0,1707.0,630.65,0.0,540.4,0,-184.4621263403037,0.0,4662,1891.4621263403035
Data,7437,0.0,0.0,2052.612206662391,0.0,1430.2777933376092,547.91,0.0,537.2,0,0,0.0,4568,1430.2777933376087
Data,7438,0.0,0.0,1896.200200950473,0.0,1584.539799049527,452.86,0.0,540.4,0,0,0.0,4474,1584.5397990495271
Data,7439,0.0,0.0,2070.781787982435,0.0,1261.7382120175648,417.08,0.0,540.4,0,0,0.0,4290,1261.7382120175648
Data,7440,0.0,0.0,2174.854799013335,0.0,1289.545200986665,418.2,0.0,540.4,0,0,0.0,4423,1289.545200986665
Data,7441,0.0,0.0,1707.9185614846551,0.0,1707.0,372.35,0.0,537.2,0,-120.53143851534514,0.0,4445,1827.5314385153447
Data,7442,0.0,0.0,1387.6914347362112,0.0,1707.0,360.05,0.0,534.0,0,-597.2585652637886,0.0,4586,2304.2585652637886
Data,7443,0.0,0.0,1369.8471796744882,0.0,1707.0,418.2,0.0,537.2,0,-698.7528203255122,0.0,4731,2405.752820325512
Data,7444,0.0,0.0,623.0771637512709,0.0,1707.0,433.85,0.0,537.2,0,-1542.8728362487293,0.0,4844,3249.872836248729
Data,7445,0.0,0.0,613.6846792044271,0.0,1707.0,474.11,0.0,537.2,0,-1539.005320795573,0.0,4871,3246.005320795573
Data,7446,0.0,0.0,1202.1881649885438,0.0,1707.0,503.18,0.0,537.2,0,-836.4318350114565,0.0,4786,2543.4318350114563
Data,7447,0.0,0.0,1450.0089925765476,0.0,1707.0,627.3,0.0,534.0,0,-318.6910074234522,0.0,4637,2025.6910074234524
Data,7448,0.0,0.0,1286.4832904081422,0.0,1707.0,613.88,0.0,540.4,0,-229.23670959185756,0.0,4377,1936.2367095918578
Data,7449,-0.0,0.0,1585.3245849864365,-0.0,1707.0,514.36,0.0,38.4,0,-389.91541501356363,0.0,4235,2096.9154150135632
Data,7450,-0.0,0.0,1855.5157761051105,0.0,1707.0,401.43,0.0,35.2,0,-125.85422389488971,0.0,4125,1832.8542238948894
Data,7451,-0.0,0.0,2106.8111067969144,0.0,1627.6488932030861,285.14,0.0,38.4,0,0,0.0,4058,1627.6488932030857
Data,7452,-0.0,0.0,1766.5076471468735,0.0,1707.0,273.95,0.0,38.4,0,-246.1423528531266,0.0,4032,1953.1423528531266
Data,7453,-0.0,0.0,2174.165709273524,0.0,1480.1942907264754,248.24,0.0,38.4,0,0,0.0,3941,1480.1942907264759
Data,7454,-0.0,0.0,2145.5264883088917,0.0,1392.303511691108,262.77,0.0,38.4,0,0,0.0,3839,1392.3035116911083
Data,7455,-0.0,0.0,2153.4232782459912,0.0,1373.576721754009,270.6,0.0,38.4,0,0,0.0,3836,1373.5767217540088
Data,7456,-0.0,0.0,2043.2019459887251,0.0,1584.318054011275,343.28,0.0,35.2,0,0,0.0,4006,1584.3180540112749
Data,7457,-0.0,0.0,1658.3112202839893,0.0,1455.7487797160106,506.54,0.0,540.4,0,0,0.0,4161,1455.7487797160106
Data,7458,-0.0,0.0,1333.951859030838,0.0,1707.0,632.89,0.0,540.4,0,-328.758140969162,0.0,4543,2035.758140969162
Data,7459,0.0,0.0,1622.859129673561,0.0,1707.0,640.72,0.0,540.4,0,-96.02087032643908,0.0,4607,1803.0208703264389
Data,7460,0.0,0.0,1677.9988367414214,0.0,1707.0,611.65,0.0,540.4,0,-47.95116325857839,0.0,4585,1754.9511632585786
Data,7461,0.0,0.0,2364.7557530323643,0.0,1080.4942469676355,544.55,0.0,537.2,0,0,0.0,4527,1080.4942469676357
Data,7462,0.0,0.0,2072.154730589224,0.0,1393.9952694107758,458.45,0.0,540.4,0,0,0.0,4465,1393.995269410776
Data,7463,0.0,0.0,2502.6977445059547,0.0,844.0522554940455,414.85,0.0,540.4,0,0,0.0,4302,844.0522554940453
Data,7464,0.0,0.0,2433.049651582481,0.0,1045.4803484175186,398.07,0.0,540.4,0,0,0.0,4417,1045.4803484175188
Data,7465,0.0,0.0,2888.733473856087,0.0,551.9065261439132,391.36,0.0,534.0,0,0,0.0,4366,551.9065261439129
Data,7466,0.0,0.0,2359.7348265209093,0.0,1175.9851734790914,417.08,0.0,537.2,0,0,0.0,4490,1175.9851734790907
Data,7467,0.0,0.0,2897.179521301379,0.0,785.9404786986215,441.68,0.0,537.2,0,0,0.0,4662,785.9404786986211
Data,7468,0.0,0.0,3115.702693262601,0.0,680.3173067373991,453.98,0.0,534.0,0,0,0.0,4784,680.3173067373991
Data,7469,0.0,0.0,2707.6885781679425,0.0,1154.261421832058,433.85,0.0,537.2,0,0,0.0,4833,1154.2614218320573
Data,7470,0.0,0.0,2429.8089063297243,0.0,1464.891093670276,455.1,0.0,537.2,0,0,0.0,4887,1464.8910936702755
Data,7471,0.0,0.0,2781.6865098974527,0.0,1012.1734901025472,531.14,0.0,534.0,0,0,0.0,4859,1012.1734901025474
Data,7472,0.0,0.0,2960.614779148177,0.0,680.9452208518228,617.24,0.0,537.2,0,0,0.0,4796,680.9452208518228
Data,7473,-0.0,0.0,2041.704624942188,0.0,1685.9753750578122,616.12,0.0,537.2,0,0,0.0,4881,1685.975375057812
Data,7474,-0.0,0.0,2135.2484549265505,0.0,1506.7015450734496,507.65,0.0,540.4,0,0,0.0,4690,1506.7015450734496
Data,7475,-0.0,0.0,1920.496943362031,0.0,1620.273056637969,376.83,0.0,540.4,0,0,0.0,4458,1620.273056637969
Data,7476,-0.0,0.0,1992.421486330648,0.0,1476.488513669352,337.69,0.0,540.4,0,0,0.0,4347,1476.4885136693522
Data,7477,-0.0,0.0,2040.5148501484769,0.0,1258.775149851523,277.31,0.0,540.4,0,0,0.0,4117,1258.775149851523
Data,7478,-0.0,0.0,2150.9659493221043,0.0,1688.9540506778967,318.68,0.0,189.4,0,0,0.0,4348,1688.9540506778958
Data,7479,-0.0,0.0,2198.1356461491755,0.0,1593.449953850824,374.59,0.0,270.8244,0,0,0.0,4437,1593.4499538508244
Data,7480,-0.0,0.0,2153.5367229561525,0.0,1417.0832770438476,453.98,0.0,540.4,0,0,0.0,4565,1417.0832770438474
Data,7481,-0.0,0.0,2668.2643245847357,0.0,906.2256754152645,597.11,0.0,540.4,0,0,0.0,4712,906.2256754152643
Data,7482,-0.0,0.0,3131.197975880337,0.0,450.6920241196634,744.71,0.0,540.4,0,0,0.0,4867,450.6920241196632
Data,7483,0.0,0.0,2955.7366575833757,0.0,559.6133424166245,759.25,0.0,540.4,0,0,0.0,4815,559.6133424166243
Data,7484,0.0,0.0,3071.492387432887,0.0,396.0776125671136,672.03,0.0,540.4,0,0,0.0,4680,396.0776125671131
Data,7485,0.0,0.0,3226.578969397012,0.0,150.97103060298826,606.05,0.0,540.4,0,0,0.0,4524,150.9710306029882
Data,7486,0.0,0.0,3091.0133225079385,0.0,221.22667749206133,514.36,0.0,540.4,0,0,0.0,4367,221.22667749206153
Data,7487,0.0,0.0,3070.720908528793,0.0,58.019091471206515,452.86,0.0,540.4,0,0,0.0,4122,58.01909147120682
Data,7488,0.0,0.0,3369.4962634806484,0.0,0.0,437.21,0.0,540.4,0,118.10626348064865,0.0,4229,-118.10626348064835
Data,7489,0.0,0.0,2838.3660274055383,0.0,421.66397259446194,385.77,0.0,537.2,0,0,0.0,4183,421.6639725944617
Data,7490,0.0,0.0,2747.531197279838,0.0,650.848802720162,382.42,0.0,537.2,0,0,0.0,4318,650.8488027201618
Data,7491,0.0,0.0,3026.3332165652987,0.0,484.0367834347015,401.43,0.0,537.2,0,0,0.0,4449,484.03678343470125
Data,7492,0.0,0.0,3141.454196984135,0.0,505.72580301586544,431.62,0.0,537.2,0,0,0.0,4616,505.72580301586515
Data,7493,0.0,0.0,2997.2153652620973,0.0,755.3346347379029,409.25,0.0,537.2,0,0,0.0,4699,755.3346347379027
Data,7494,0.0,0.0,2988.9448882428774,0.0,797.4251117571231,401.43,0.0,537.2,0,0,0.0,4725,797.4251117571225
Data,7495,0.0,0.0,2523.670091369104,0.0,1241.7199086308967,486.41,0.0,537.2,0,0,0.0,4789,1241.719908630896
Data,7496,0.0,0.0,2396.09802378024,0.0,1217.5519762197605,642.95,0.0,540.4,0,0,0.0,4797,1217.55197621976
Data,7497,-0.0,0.0,2069.5319194793233,0.0,1629.1780805206772,632.89,0.0,540.4,0,0,0.0,4872,1629.1780805206768
Data,7498,-0.0,0.0,1965.1107571819714,0.0,1704.2292428180288,551.26,0.0,540.4,0,0,0.0,4761,1704.2292428180285
Data,7499,-0.0,0.0,2069.166571531326,0.0,1707.0,295.2,0.0,540.4,0,-6.233428468673992,0.0,4618,1713.233428468674
Data,7500,-0.0,0.0,1945.8777925044824,0.0,1707.0,285.14,0.0,540.4,0,-83.58220749551765,0.0,4562,1790.5822074955177
Data,7501,-0.0,0.0,2647.968567474277,0.0,867.6814325257235,273.95,0.0,540.4,0,0,0.0,4330,867.6814325257233
Data,7502,-0.0,0.0,2411.984664515517,0.0,1113.7153354844831,282.9,0.0,540.4,0,0,0.0,4349,1113.715335484483
Data,7503,-0.0,0.0,2828.8261528116873,0.0,713.1438471883126,327.63,0.0,540.4,0,0,0.0,4410,713.1438471883127
Data,7504,-0.0,0.0,2806.39888810792,0.0,770.5211118920801,441.68,0.0,540.4,0,0,0.0,4559,770.5211118920802
Data,7505,-0.0,0.0,1950.4232563643777,0.0,1542.2067436356224,680.97,0.0,540.4,0,0,0.0,4714,1542.2067436356224
Data,7506,-0.0,0.0,2325.6312025606185,0.0,1284.5287974393818,789.44,0.0,540.4,0,0,0.0,4940,1284.5287974393814
Data,7507,0.0,0.0,1199.573143001248,0.0,1707.0,763.72,0.0,540.4,0,-713.3068569987522,0.0,4924,2420.306856998752
Data,7508,0.0,0.0,1387.29627081797,0.0,1707.0,642.95,0.0,540.4,0,-491.3537291820305,0.0,4769,2198.35372918203
Data,7509,0.0,0.0,1160.0872379850318,0.0,1707.0,560.21,0.0,540.4,0,-654.302762014968,0.0,4622,2361.3027620149683
Data,7510,0.0,0.0,1393.365257272946,0.0,1707.0,421.55,0.0,540.4,0,-459.6847427270536,0.0,4522,2166.684742727054
Data,7511,0.0,0.0,944.9821797607835,0.0,1707.0,377.95,0.0,540.4,0,-716.6678202392166,0.0,4287,2423.6678202392163
Data,7512,0.0,0.0,1887.5803359016895,0.0,1590.7796640983101,371.24,0.0,540.4,0,0,0.0,4390,1590.7796640983106
Data,7513,0.0,0.0,1152.0250492814027,0.0,1707.0,337.69,0.0,537.2,0,-628.0849507185974,0.0,4362,2335.084950718597
Data,7514,0.0,0.0,931.1943475758133,0.0,1707.0,345.52,0.0,537.2,0,-1015.085652424187,0.0,4536,2722.0856524241867
Data,7515,0.0,0.0,755.985795673732,0.0,1707.0,379.06,0.0,537.2,0,-1320.7542043262683,0.0,4700,3027.754204326268
Data,7516,0.0,0.0,1052.5336587982008,0.0,1707.0,396.95,0.0,537.2,0,-1135.3163412017996,0.0,4829,2842.3163412017993
Data,7517,0.0,0.0,1195.4070685529155,0.0,1707.0,455.1,0.0,537.2,0,-1015.2929314470848,0.0,4910,2722.2929314470844
Data,7518,0.0,0.0,1239.1022770087682,0.0,1707.0,465.16,0.0,537.2,0,-962.5377229912322,0.0,4911,2669.537722991232
Data,7519,0.0,0.0,1191.7805564014664,0.0,1707.0,471.87,0.0,540.4,0,-1071.9494435985341,0.0,4983,2778.9494435985334
Data,7520,-0.0,0.0,772.3305217899858,0.0,1707.0,532.25,0.0,540.4,0,-1402.0194782100145,0.0,4954,3109.0194782100143
Data,7521,-0.0,0.0,817.4419909656383,0.0,1707.0,509.89,0.0,540.4,0,-1493.268009034362,0.0,5068,3200.268009034362
Data,7522,-0.0,0.0,985.5178488542065,-0.0,1707.0,422.67,0.0,540.4,0,-1392.4121511457938,0.0,5048,3099.4121511457934
Data,7523,-0.0,0.0,1034.0157896418914,-0.0,1707.0,273.95,0.0,543.6,0,-1293.4342103581084,0.0,4852,3000.4342103581084
Data,7524,-0.0,0.0,938.6544041418314,0.0,1707.0,272.84,0.0,540.4,0,-1309.1055958581687,0.0,4768,3016.1055958581687
Data,7525,-0.0,0.0,1607.369297180427,0.0,1707.0,270.6,0.0,540.4,0,-366.63070281957283,0.0,4492,2073.630702819573
Data,7526,-0.0,0.0,1937.4543773595842,0.0,1707.0,285.14,0.0,540.4,0,-157.00562264041568,0.0,4627,1864.0056226404158
Data,7527,-0.0,0.0,1927.3522858708416,0.0,1707.0,296.32,0.0,540.4,0,-153.92771412915832,0.0,4625,1860.9277141291584
Data,7528,-0.0,0.0,2031.5713681970008,0.0,1707.0,366.76,0.0,543.6,0,-71.0686318029986,0.0,4720,1778.0686318029993
Data,7529,-0.0,0.0,2210.153045622138,0.0,1464.8769543778617,582.57,0.0,540.4,0,0,0.0,4798,1464.876954377862
Data,7530,-0.0,0.0,2308.365417634879,0.0,1476.4445823651215,669.79,0.0,540.4,0,0,0.0,4995,1476.4445823651208
Data,7531,0.0,0.0,2411.62230714522,0.0,1340.0876928547805,632.89,0.0,540.4,0,0,0.0,4925,1340.08769285478
Data,7532,0.0,0.0,2422.2121524552626,0.0,1227.5078475447376,613.88,0.0,540.4,0,0,0.0,4804,1227.5078475447374
Data,7533,0.0,0.0,1917.8480000533184,0.0,1693.3519999466814,541.2,0.0,543.6,0,0,0.0,4696,1693.3519999466816
Data,7534,0.0,0.0,2914.8887908034185,0.0,713.6212091965814,436.09,0.0,540.4,0,0,0.0,4605,713.6212091965815
Data,7535,0.0,0.0,2591.9516926193733,0.0,833.3983073806266,390.25,0.0,540.4,0,0,0.0,4356,833.3983073806268
Data,7536,0.0,0.0,3148.123999333636,0.0,391.00600066636423,373.47,0.0,540.4,0,0,0.0,4453,391.0060006663638
Data,7537,0.0,0.0,3588.6298671790805,0.0,0.0,386.89,0.0,540.4,0,73.91986717908011,0.0,4442,-73.91986717908048
Data,7538,0.0,0.0,3910.494783443702,0.0,274.39521655629835,424.91,0.0,35.2,0,0,0.0,4645,274.3952165562979
Data,7539,0.0,0.0,3695.511649740302,0.0,679.5383502596985,451.75,0.0,35.2,0,0,0.0,4862,679.5383502596981
Data,7540,0.0,0.0,3519.0082826249586,0.0,965.6917173750412,455.1,0.0,35.2,0,0,0.0,4975,965.6917173750413
Data,7541,0.0,0.0,3415.052407433489,0.0,1179.4775925665117,447.27,0.0,35.2,0,0,0.0,5077,1179.477592566511
Data,7542,0.0,0.0,3387.8875025488987,0.0,1205.0524974511018,452.86,0.0,35.2,0,0,0.0,5081,1205.0524974511013
Data,7543,0.0,0.0,3063.7348586903454,0.0,1593.5851413096557,466.28,0.0,38.4,0,0,0.0,5162,1593.5851413096545
Data,7544,-0.0,0.0,3009.4953769323056,0.0,1469.4546230676951,611.65,0.0,38.4,0,0,0.0,5129,1469.4546230676945
Data,7545,-0.0,0.0,1958.88082046619,0.0,1707.0,574.75,0.0,41.6,0,-1044.7691795338096,0.0,5327,2751.76917953381
Data,7546,-0.0,0.0,1871.552486516441,0.0,1707.0,484.17,0.0,38.4,0,-1249.8775134835594,0.0,5351,2956.877513483559
Data,7547,-0.0,0.0,2105.5307284677,0.0,1707.0,346.64,0.0,38.4,0,-1128.4292715323,0.0,5326,2835.4292715323
Data,7548,-0.0,0.0,1874.7727220015079,0.0,1707.0000000000002,339.93,0.0,38.4,0,-1347.8972779984922,0.0,5308,3054.897277998492
Data,7549,-0.0,0.0,2541.8041717449396,0.0,1707.0,319.8,0.0,38.4,0,-448.9958282550606,0.0,5056,2155.9958282550606
Data,7550,-0.0,0.0,2540.834968378494,0.0,1707.0,347.75,0.0,38.4,0,-527.0150316215063,0.0,5161,2234.015031621506
Data,7551,-0.0,0.0,3014.2279799350044,0.0,1707.0,398.07,0.0,38.4,0,-19.302020064996213,0.0,5177,1726.3020200649955
Data,7552,-0.0,0.0,2643.0513709254387,0.0,1707.0,465.16,0.0,38.4,0,-399.3886290745621,0.0,5253,2106.3886290745613
Data,7553,-0.0,0.0,2900.739269580225,0.0,1360.4107304197757,704.45,0.0,189.4,0,0,0.0,5155,1360.4107304197748
Data,7554,-0.0,0.0,3297.6911877562206,0.0,1046.99881224378,793.91,0.0,189.4,0,0,0.0,5328,1046.9988122437794
Data,7555,0.0,0.0,2942.123895210216,0.0,1403.3961047897847,786.08,0.0,189.4,0,0,0.0,5321,1403.3961047897842
Data,7556,0.0,0.0,2555.0139130648154,0.0,1659.8860869351852,725.7,0.0,189.4,0,0,0.0,5130,1659.8860869351845
Data,7557,0.0,0.0,1862.9153348060559,0.0,1707.0,530.02,0.0,189.4,0,-727.6646651939441,0.0,5017,2434.664665193944
Data,7558,0.0,0.0,1862.6915497956104,0.0,1707.0,437.21,0.0,189.4,0,-681.6984502043899,0.0,4878,2388.6984502043897
Data,7559,0.0,0.0,1368.0511813624785,0.0,1707.0,402.55,0.0,189.4,0,-931.9988186375217,0.0,4599,2638.9988186375217
Data,7560,0.0,0.0,643.5559334018,0.0,1707.0,421.55,0.0,189.4,0,-1707.4940665982003,0.0,4669,3414.4940665982
Data,7561,0.0,0.0,487.73373645155675,0.0,1707.0,420.44,0.0,537.2,0,-1510.6262635484431,0.0,4663,3217.626263548443
Data,7562,0.0,0.0,808.166108991325,0.0,1707.0,433.85,0.0,537.2,0,-1359.7838910086753,0.0,4846,3066.783891008675
Data,7563,0.0,0.0,842.2070522580041,0.0,1707.0,455.1,0.0,537.2,0,-1455.4929477419962,0.0,4997,3162.492947741996
Data,7564,0.0,0.0,974.6063274242222,0.0,1707.0,456.22,0.0,537.2,0,-1419.9736725757778,0.0,5095,3126.9736725757775
Data,7565,0.0,0.0,1084.2349783892132,0.0,1707.0,439.45,0.0,537.2,0,-1393.1150216107872,0.0,5161,3100.1150216107867
Data,7566,0.0,0.0,1273.5446571634466,0.0,1707.0,451.75,0.0,537.2,0,-1141.5053428365536,0.0,5111,2848.5053428365536
Data,7567,0.0,0.0,1267.437994412817,0.0,1707.0,489.76,0.0,540.4,0,-1121.402005587183,0.0,5126,2828.402005587183
Data,7568,-0.0,0.0,958.7662154341033,0.0,1707.0,546.79,0.0,540.4,0,-1346.043784565897,0.0,5099,3053.0437845658967
Data,7569,-0.0,0.0,803.3051768880864,-0.0,1707.0,562.45,0.0,540.4,0,-1758.844823111914,0.0,5372,3465.8448231119137
Data,7570,-0.0,0.0,798.3269614609183,0.0,1707.0,533.37,0.0,540.4,0,-1915.9030385390822,0.0,5495,3622.9030385390815
Data,7571,-0.0,0.0,552.3750200149001,0.0,1707.0,400.31,0.0,540.4,0,-2236.9149799850998,0.0,5437,3943.9149799850998
Data,7572,-0.0,0.0,740.3371551695694,0.0,1707.0,386.89,0.0,540.4,0,-2066.3728448304305,0.0,5441,3773.3728448304305
Data,7573,-0.0,0.0,870.0979345054602,-0.0,1707.0,338.81,0.0,540.4,0,-1767.6920654945397,0.0,5224,3474.6920654945397
Data,7574,-0.0,0.0,1027.870008941962,-0.0,1707.0,354.46,0.0,540.4,0,-1589.2699910580384,0.0,5219,3296.269991058038
Data,7575,-0.0,0.0,695.8849899260879,0.0,1707.0,481.94,0.0,540.4,0,-1667.7750100739124,0.0,5093,3374.775010073912
Data,7576,-0.0,0.0,676.0698205752001,0.0,1707.0,553.5,0.0,540.4,0,-1569.0301794248003,0.0,5046,3276.0301794248
Data,7577,-0.0,0.0,934.9997790928,0.0,1707.0,670.91,0.0,540.4,0,-1114.6902209072005,0.0,4968,2821.6902209072
Data,7578,-0.0,0.0,674.5065015186652,0.0,1707.0,743.59,0.0,540.4,0,-1426.5034984813349,0.0,5092,3133.5034984813346
Data,7579,0.0,0.0,832.9685969021232,0.0,1707.0,780.49,0.0,540.4,0,-1163.1414030978774,0.0,5024,2870.1414030978767
Data,7580,0.0,0.0,770.4427692789898,0.0,1707.0,714.52,0.0,537.2,0,-1133.8372307210104,0.0,4863,2840.83723072101
Data,7581,0.0,0.0,851.8118443263575,0.0,1707.0,578.1,0.0,540.4,0,-1072.688155673643,0.0,4750,2779.6881556736425
Data,7582,0.0,0.0,754.1493068203467,0.0,1707.0,468.52,0.0,540.4,0,-1112.9306931796532,0.0,4583,2819.930693179653
Data,7583,0.0,0.0,1014.3114396699086,0.0,1707.0,422.67,0.0,540.4,0,-625.6185603300912,0.0,4310,2332.6185603300914
Data,7584,0.0,0.0,1277.874440201079,0.0,1707.0,401.43,0.0,540.4,0,-491.295559798921,0.0,4418,2198.2955597989207
Data,7585,0.0,0.0,1233.2825793560162,0.0,1707.0,341.05,0.0,537.2,0,-643.4674206439838,0.0,4462,2350.4674206439836
Data,7586,0.0,0.0,1364.6081927204755,0.0,1707.0,354.46,0.0,537.2,0,-620.7318072795247,0.0,4584,2327.7318072795247
Data,7587,0.0,0.0,1407.6204785702137,0.0,1707.0,372.35,0.0,537.2,0,-726.8295214297866,0.0,4751,2433.8295214297864
Data,7588,0.0,0.0,1475.9172187100153,0.0,1707.0,376.83,0.0,534.0,0,-777.2527812899848,0.0,4871,2484.252781289985
Data,7589,0.0,0.0,1541.7018910525403,0.0,1707.0,348.87,0.0,537.2,0,-770.22810894746,0.0,4905,2477.2281089474595
Data,7590,0.0,0.0,1533.23786077672,0.0,1707.0,375.71,0.0,537.2,0,-605.8521392232801,0.0,4759,2312.85213922328
Data,7591,0.0,0.0,1423.9748630767954,0.0,1707.0,393.6,0.0,537.2,0,-538.2251369232049,0.0,4600,2245.2251369232044
Data,7592,0.0,0.0,1420.2406411055672,0.0,1707.0,490.88,0.0,537.2,0,-406.6793588944329,0.0,4562,2113.679358894433
Data,7593,-0.0,0.0,1133.9544389605505,0.0,1707.0,443.92,0.0,540.4,0,-931.7255610394498,0.0,4757,2638.7255610394495
Data,7594,-0.0,0.0,793.2421594294157,0.0,1707.0,371.24,0.0,540.4,0,-1236.117840570585,0.0,4648,2943.117840570584
Data,7595,-0.0,0.0,645.8826470719788,0.0,1707.0,286.25,0.0,540.4,0,-1273.4673529280212,0.0,4453,2980.4673529280212
Data,7596,-0.0,0.0,436.533950556231,0.0,1707.0,261.65,0.0,540.4,0,-1339.4160494437688,0.0,4285,3046.416049443769
Data,7597,-0.0,0.0,575.2250305953422,0.0,1707.0,241.53,0.0,540.4,0,-1089.8449694046574,0.0,4154,2796.8449694046576
Data,7598,-0.0,0.0,477.1533258853767,0.0,1707.0,254.95,0.0,540.4,0,-1109.4966741146234,0.0,4089,2816.496674114623
Data,7599,-0.0,0.0,366.25440155711783,-0.0,1707.0,254.95,0.0,540.4,0,-1145.3955984428824,0.0,4014,2852.395598442882
Data,7600,-0.0,0.0,428.8445611879,0.0,1707.0,326.51,0.0,540.4,0,-1081.2454388121002,0.0,4084,2788.2454388121
Data,7601,-0.0,0.0,1128.406487910657,-0.0,1707.0,484.17,0.0,540.4,0,-301.0235120893428,0.0,4161,2008.023512089343
Data,7602,-0.0,0.0,1250.3713286972488,0.0,1707.0,574.75,0.0,540.4,0,-400.4786713027511,0.0,4473,2107.478671302751
Data,7603,0.0,0.0,906.2654845488681,0.0,1707.0,557.97,0.0,540.4,0,-817.364515451132,0.0,4529,2524.364515451132
Data,7604,0.0,0.0,672.7317589551847,0.0,1707.0,528.9,0.0,540.4,0,-963.9682410448152,0.0,4413,2670.9682410448154
Data,7605,0.0,0.0,606.1459329911268,0.0,1707.0,489.76,0.0,540.4,0,-910.6940670088734,0.0,4254,2617.6940670088734
Data,7606,0.0,0.0,510.5115002651182,0.0,1707.0,383.54,0.0,540.4,0,-1025.5484997348817,0.0,4167,2732.5484997348817
Data,7607,0.0,0.0,666.0970043531245,0.0,1707.0,333.22,0.0,540.4,0,-774.2829956468756,0.0,4021,2481.2829956468754
Data,7608,0.0,0.0,268.47209217435017,0.0,1707.0,320.92,0.0,540.4,0,-1358.2079078256497,0.0,4195,3065.2079078256497
Data,7609,0.0,0.0,188.47201994403463,0.0,1707.0,341.05,0.0,534.0,0,-1319.4779800559652,0.0,4090,3026.4779800559654
Data,7610,0.0,0.0,652.5275593475488,0.0,1707.0,339.93,0.0,537.2,0,-1002.3424406524515,0.0,4239,2709.342440652451
Data,7611,0.0,0.0,897.0786800574888,0.0,1707.0,330.98,0.0,537.2,0,-916.7413199425114,0.0,4389,2623.741319942511
Data,7612,0.0,0.0,1126.682970851069,0.0,1707.0,354.46,0.0,537.2,0,-776.6570291489311,0.0,4502,2483.657029148931
Data,7613,0.0,0.0,1064.1015275540776,0.0,1707.0,373.47,0.0,537.2,0,-889.2284724459223,0.0,4571,2596.2284724459223
Data,7614,0.0,0.0,830.6253076808067,0.0,1707.0,398.07,0.0,537.2,0,-1015.1046923191934,0.0,4488,2722.1046923191934
Data,7615,0.0,0.0,1135.7975539910456,0.0,1707.0,421.55,0.0,537.2,0,-639.4524460089544,0.0,4441,2346.452446008954
Data,7616,0.0,0.0,1042.5327473730079,0.0,1707.0,514.36,0.0,537.2,0,-512.9072526269922,0.0,4314,2219.907252626992
Data,7617,-0.0,0.0,1297.8699025196163,-0.0,1707.0,483.05,0.0,35.2,0,-865.8800974803836,0.0,4389,2572.8800974803835
Data,7618,-0.0,0.0,1031.975834071497,0.0,1707.0,367.88,0.0,38.4,0,-1242.7441659285032,0.0,4388,2949.7441659285028
Data,7619,-0.0,0.0,1145.7863051147729,0.0,1707.0,269.48,0.0,38.4,0,-1070.3336948852275,0.0,4231,2777.333694885227
Data,7620,-0.0,0.0,1523.5861953996061,0.0,1707.0,246.0,0.0,38.4,0,-507.0138046003939,0.0,4022,2214.013804600394
Data,7621,-0.0,0.0,1254.2320682650575,0.0,1707.0,222.52,0.0,38.4,0,-592.8479317349426,0.0,3815,2299.8479317349424
Data,7622,-0.0,0.0,1766.8287381613936,0.0,1548.6012618386062,238.17,0.0,38.4,0,0,0.0,3592,1548.6012618386064
Data,7623,-0.0,0.0,1389.1245625354916,0.0,1707.0,247.12,0.0,35.2,0,-254.55543746450857,0.0,3633,1961.5554374645085
Data,7624,-0.0,0.0,1313.6023560732592,0.0,1707.0,383.54,0.0,38.4,0,-374.4576439267407,0.0,3817,2081.4576439267407
Data,7625,-0.0,0.0,1711.6140706015715,0.0,1127.5359293984282,581.45,0.0,540.4,0,0,0.0,3961,1127.5359293984284
Data,7626,-0.0,0.0,1295.1251640884825,-0.0,1707.0,660.85,0.0,540.4,0,-99.62483591151747,0.0,4303,1806.6248359115175
Data,7627,0.0,0.0,766.2339978681867,0.0,1707.0,618.35,0.0,540.4,0,-718.0160021318133,0.0,4350,2425.0160021318134
Data,7628,0.0,0.0,907.5796950409707,0.0,1707.0,581.45,0.0,537.2,0,-562.7703049590297,0.0,4296,2269.770304959029
Data,7629,0.0,0.0,830.9173326456871,0.0,1707.0,500.95,0.0,540.4,0,-684.732667354313,0.0,4264,2391.732667354313
Data,7630,0.0,0.0,715.3989847204626,0.0,1707.0,352.23,0.0,540.4,0,-901.9710152795373,0.0,4217,2608.9710152795374
Data,7631,0.0,0.0,565.2544293987966,0.0,1707.0,294.08,0.0,540.4,0,-933.2655706012033,0.0,4040,2640.2655706012033
Data,7632,0.0,0.0,489.0409858304009,0.0,1707.0,275.07,0.0,540.4,0,-1152.489014169599,0.0,4164,2859.489014169599
Data,7633,0.0,0.0,364.3782692211681,0.0,1707.0,300.79,0.0,534.0,0,-1222.8317307788318,0.0,4129,2929.831730778832
Data,7634,0.0,0.0,440.24681196312827,0.0,1707.0,349.99,0.0,537.2,0,-1274.5631880368724,0.0,4309,2981.563188036872
Data,7635,0.0,0.0,358.80827044124914,0.0,1707.0,376.83,0.0,537.2,0,-1476.1617295587512,0.0,4456,3183.1617295587507
Data,7636,0.0,0.0,494.0586175009009,0.0,1707.0,389.13,0.0,534.0,0,-1470.811382499099,0.0,4595,3177.811382499099
Data,7637,0.0,0.0,762.6136961478616,0.0,1707.0,394.72,0.0,537.2,0,-1291.4663038521385,0.0,4693,2998.4663038521385
Data,7638,0.0,0.0,869.3126610791267,0.0,1707.0,409.25,0.0,537.2,0,-1188.2373389208738,0.0,4711,2895.2373389208733
Data,7639,0.0,0.0,1387.5730332719554,0.0,1707.0,448.39,0.0,534.0,0,-637.0369667280447,0.0,4714,2344.0369667280447
Data,7640,-0.0,0.0,1134.4486566846033,0.0,1707.0,536.73,0.0,540.4,0,-774.421343315397,0.0,4693,2481.421343315397
Data,7641,-0.0,0.0,789.5433734888713,0.0,1707.0,521.07,0.0,540.4,0,-1364.9866265111289,0.0,4923,3071.9866265111286
Data,7642,-0.0,0.0,426.08471559407377,0.0,1707.0,439.45,0.0,537.2,0,-1671.2652844059266,0.0,4781,3378.265284405926
Data,7643,-0.0,0.0,316.17806112690914,0.0,1707.0,330.98,0.0,540.4,0,-1666.4419388730907,0.0,4561,3373.4419388730907
Data,7644,-0.0,0.0,560.9754097259128,0.0,1707.0,303.03,0.0,540.4,0,-1299.594590274087,0.0,4411,3006.5945902740873
Data,7645,-0.0,0.0,660.9197202034998,0.0,1707.0,285.14,0.0,540.4,0,-1110.5402797965005,0.0,4304,2817.5402797965003
Data,7646,-0.0,0.0,601.9785306196013,0.0,1707.0,295.2,0.0,540.4,0,-1299.4214693803988,0.0,4444,3006.421469380399
Data,7647,-0.0,0.0,752.8827229064971,0.0,1707.0,334.34,0.0,540.4,0,-1187.3772770935025,0.0,4522,2894.377277093503
Data,7648,-0.0,0.0,708.7520470093084,0.0,1707.0,431.62,0.0,540.4,0,-1218.2279529906918,0.0,4606,2925.227952990692
Data,7649,-0.0,0.0,1058.6265885968437,-0.0,1707.0,645.19,0.0,537.2,0,-698.9834114031564,0.0,4647,2405.9834114031564
Data,7650,-0.0,0.0,908.8534952659538,-0.0,1707.0,732.41,0.0,540.4,0,-932.3365047340467,0.0,4821,2639.3365047340462
Data,7651,0.0,0.0,832.9825804554764,0.0,1707.0,744.71,0.0,540.4,0,-971.9074195445239,0.0,4797,2678.9074195445237
Data,7652,0.0,0.0,565.2329586486762,0.0,1707.0,634.01,0.0,540.4,0,-1254.3570413513237,0.0,4701,2961.357041351324
Data,7653,0.0,0.0,884.8296576372221,0.0,1707.0,515.48,0.0,540.4,0,-952.2903423627779,0.0,4600,2659.2903423627777
Data,7654,0.0,0.0,1125.339739664384,0.0,1707.0,399.19,0.0,540.4,0,-710.0702603356158,0.0,4482,2417.070260335616
Data,7655,0.0,0.0,1411.5306615701656,0.0,1707.0,396.95,0.0,537.2,0,-215.31933842983472,0.0,4268,1922.3193384298343
Data,7656,0.0,0.0,1305.367684846406,0.0,1707.0,372.35,0.0,540.4,0,-369.88231515359394,0.0,4295,2076.882315153594
Data,7657,0.0,0.0,1638.298272493287,0.0,1707.0,356.7,0.0,537.2,0,-42.801727506713405,0.0,4282,1749.801727506713
Data,7658,0.0,0.0,1847.1412500206843,0.0,1681.248749979316,363.41,0.0,537.2,0,0,0.0,4429,1681.2487499793156
Data,7659,0.0,0.0,1926.2060915014422,0.0,1707.0,379.06,0.0,537.2,0,-57.53390849855805,0.0,4607,1764.5339084985578
Data,7660,0.0,0.0,2204.686430198213,0.0,1546.7835698017868,438.33,0.0,537.2,0,0,0.0,4727,1546.7835698017868
Data,7661,0.0,0.0,2531.1494579132836,0.0,1304.6805420867163,434.97,0.0,537.2,0,0,0.0,4808,1304.6805420867163
Data,7662,0.0,0.0,2197.2202758120197,0.0,1636.1597241879804,431.62,0.0,534.0,0,0,0.0,4799,1636.1597241879804
Data,7663,0.0,0.0,2217.1878676516476,0.0,1669.7821323483527,450.63,0.0,540.4,0,0,0.0,4878,1669.7821323483524
Data,7664,-0.0,0.0,2370.2202191596166,0.0,1297.5797808403836,565.8,0.0,540.4,0,0,0.0,4774,1297.5797808403836
Data,7665,-0.0,0.0,2339.2055854653713,0.0,1707.0,543.44,0.0,189.4,0,-47.95441453462894,0.0,4827,1754.9544145346285
Data,7666,-0.0,0.0,2145.9848474819946,0.0,1588.3851525180057,475.23,0.0,540.4,0,0,0.0,4750,1588.3851525180053
Data,7667,-0.0,0.0,2580.013609576867,0.0,1006.7563904231332,376.83,0.0,540.4,0,0,0.0,4504,1006.7563904231329
Data,7668,-0.0,0.0,2169.2489330827225,0.0,1368.2810669172775,324.27,0.0,537.2,0,0,0.0,4399,1368.2810669172775
Data,7669,-0.0,0.0,2821.1357071503157,0.0,617.094292849684,287.37,0.0,540.4,0,0,0.0,4266,617.0942928496843
Data,7670,-0.0,0.0,1793.6684131585218,0.0,1707.0,300.79,0.0,540.4,0,-124.14158684147806,0.0,4466,1831.141586841478
Data,7671,-0.0,0.0,2063.7163206303167,0.0,1701.3236793696835,317.56,0.0,540.4,0,0,0.0,4623,1701.3236793696833
Data,7672,-0.0,0.0,2443.4800054437583,0.0,1427.8199945562417,430.5,0.0,537.2,0,0,0.0,4839,1427.8199945562417
Data,7673,-0.0,0.0,2083.681277035917,0.0,1486.5687229640837,722.35,0.0,540.4,0,0,0.0,4833,1486.568722964083
Data,7674,-0.0,0.0,1802.6733797315949,0.0,1707.0,796.15,0.0,540.4,0,-132.77662026840542,0.0,4979,1839.7766202684052
Data,7675,0.0,0.0,2225.3553516708234,0.0,1411.934648329176,818.51,0.0,537.2,0,0,0.0,4993,1411.9346483291765
Data,7676,0.0,0.0,2902.8470532103765,0.0,704.3629467896242,694.39,0.0,540.4,0,0,0.0,4842,704.3629467896235
Data,7677,0.0,0.0,3054.5229171008955,0.0,912.6033828991043,562.45,0.0,209.4237,0,0,0.0,4739,912.6033828991044
Data,7678,0.0,0.0,2685.79734792114,0.0,981.4226520788599,429.38,0.0,540.4,0,0,0.0,4637,981.42265207886
Data,7679,0.0,0.0,2699.147509870246,0.0,818.402490129754,360.05,0.0,540.4,0,0,0.0,4418,818.4024901297541
Data,7680,0.0,0.0,2590.9243102370115,0.0,1014.525689762989,353.35,0.0,537.2,0,0,0.0,4496,1014.5256897629885
Data,7681,0.0,0.0,2051.6563314002256,0.0,1507.9036685997748,371.24,0.0,537.2,0,0,0.0,4468,1507.9036685997744
Data,7682,0.0,0.0,1881.2344990951858,0.0,1707.0,410.37,0.0,537.2,0,-110.19550090481448,0.0,4646,1817.1955009048143
Data,7683,0.0,0.0,1777.0947236403135,0.0,1707.0,422.67,0.0,537.2,0,-360.0352763596866,0.0,4804,2067.0352763596866
Data,7684,0.0,0.0,1796.332448158943,0.0,1707.0,438.33,0.0,537.2,0,-486.1375518410573,0.0,4965,2193.137551841057
Data,7685,0.0,0.0,1846.3108033051014,0.0,1707.0,446.15,0.0,537.2,0,-501.33919669489865,0.0,5038,2208.3391966948984
Data,7686,0.0,0.0,2047.6916319970137,0.0,1707.0,476.35,0.0,537.2,0,-297.7583680029866,0.0,5066,2004.7583680029861
Data,7687,0.0,0.0,2093.018191947766,0.0,1707.0,557.97,0.0,540.4,0,-219.6118080522342,0.0,5118,1926.6118080522342
Data,7688,-0.0,0.0,1975.4377793465137,0.0,1707.0,691.04,0.0,537.2,0,-184.32222065348657,0.0,5095,1891.3222206534863
Data,7689,-0.0,0.0,1867.5335662215136,0.0,1707.0,634.01,0.0,540.4,0,-486.05643377848656,0.0,5235,2193.0564337784863
Data,7690,-0.0,0.0,1940.2510802030627,0.0,1707.0,422.67,0.0,540.4,0,-627.6789197969376,0.0,5238,2334.6789197969374
Data,7691,-0.0,0.0,2143.4406743949917,0.0,1707.0,304.15,0.0,540.4,0,-350.00932560500917,0.0,5045,2057.0093256050086
Data,7692,-0.0,0.0,2297.5397669526105,0.0,1707.0,296.32,0.0,540.4,0,-69.74023304738955,0.0,4911,1776.7402330473894
Data,7693,-0.0,0.0,1986.0131143360907,0.0,1707.0,279.55,0.0,543.6,0,-186.83688566390876,0.0,4703,1893.8368856639092
Data,7694,-0.0,0.0,2928.7846795624946,0.0,1021.6753204375057,285.14,0.0,540.4,0,0,0.0,4776,1021.6753204375054
Data,7695,-0.0,0.0,2484.268198143764,0.0,1443.2918018562361,322.04,0.0,540.4,0,0,0.0,4790,1443.291801856236
Data,7696,-0.0,0.0,2725.6647309030895,0.0,1147.685269096911,409.25,0.0,540.4,0,0,0.0,4823,1147.6852690969104
Data,7697,-0.0,0.0,2648.83615673906,0.0,1003.5638432609405,664.2,0.0,540.4,0,0,0.0,4857,1003.5638432609402
Data,7698,-0.0,0.0,2381.823777040015,0.0,1364.106222959985,791.67,0.0,540.4,0,0,0.0,5078,1364.106222959985
Data,7699,0.0,0.0,2315.5774909142156,0.0,1448.9325090857847,805.09,0.0,540.4,0,0,0.0,5110,1448.9325090857844
Data,7700,0.0,0.0,1775.8322138784242,0.0,1707.0,724.58,0.0,540.4,0,-237.1877861215762,0.0,4985,1944.1877861215758
Data,7701,0.0,0.0,2022.3734426743092,0.0,1707.0,601.58,0.0,540.4,0,-56.64655732569122,0.0,4928,1763.6465573256908
Data,7702,0.0,0.0,1988.5149435943722,0.0,1707.0,457.34,0.0,540.4,0,-140.7450564056279,0.0,4834,1847.7450564056278
Data,7703,0.0,0.0,2014.1238324133851,0.0,1632.0561675866147,382.42,0.0,540.4,0,0,0.0,4569,1632.056167586615
Data,7704,0.0,0.0,1854.1330533333983,0.0,1707.0,363.41,0.0,540.4,0,-177.05694666660224,0.0,4642,1884.0569466666018
Data,7705,0.0,0.0,2201.678181788589,0.0,1517.4718182114111,365.65,0.0,537.2,0,0,0.0,4622,1517.4718182114111
Data,7706,0.0,0.0,2975.316464923625,0.0,921.483535076375,369.0,0.0,537.2,0,0,0.0,4803,921.4835350763749
Data,7707,0.0,0.0,3299.40493572002,0.0,733.7950642799804,393.6,0.0,537.2,0,0,0.0,4964,733.7950642799798
Data,7708,0.0,0.0,3452.967022618652,0.0,696.6329773813483,418.2,0.0,537.2,0,0,0.0,5105,696.6329773813477
Data,7709,0.0,0.0,3462.871758170812,0.0,666.3082418291882,431.62,0.0,537.2,0,0,0.0,5098,666.308241829188
Data,7710,0.0,0.0,4101.604687947611,0.0,0.0,450.63,0.0,537.2,0,23.43468794761077,0.0,5066,-23.43468794761077
Data,7711,0.0,0.0,4511.829089495411,0.0,0.0,502.06,0.0,537.2,0,490.0890894954106,0.0,5061,-490.08908949541075
Data,7712,-0.0,0.0,4366.515576930309,0.0,0.0,600.46,0.0,540.4,0,522.3755769303094,0.0,4985,-522.3755769303092
Data,7713,-0.0,0.0,4182.189247951236,0.0,327.19075204876395,579.22,0.0,38.4,0,0,0.0,5127,327.1907520487638
Data,7714,-0.0,0.0,3902.491594175708,0.0,707.7184058242922,448.39,0.0,38.4,0,0,0.0,5097,707.718405824292
Data,7715,-0.0,0.0,3057.900725144578,0.0,1511.3092748554227,325.39,0.0,38.4,0,0,0.0,4933,1511.3092748554222
Data,7716,-0.0,0.0,2718.6835339547274,0.0,1681.7064660452731,314.21,0.0,38.4,0,0,0.0,4753,1681.7064660452727
Data,7717,-0.0,0.0,3895.401264755567,0.0,233.81873524443364,306.38,0.0,38.4,0,0,0.0,4474,233.8187352444331
Data,7718,-0.0,0.0,4377.651826112736,0.0,0.0,329.86,0.0,38.4,0,190.91182611273513,0.0,4555,-190.91182611273578
Data,7719,-0.0,0.0,4070.6773587302055,0.0,54.34264126979514,355.58,0.0,38.4,0,0,0.0,4519,54.34264126979455
Data,7720,-0.0,0.0,4008.5834473914415,0.0,126.0565526085592,415.96,0.0,38.4,0,0,0.0,4589,126.05655260855852
Data,7721,-0.0,0.0,3768.728310946211,0.0,236.6716890537894,664.2,0.0,38.4,0,0,0.0,4708,236.67168905378898
Data,7722,-0.0,0.0,3344.3240863126152,0.0,645.665913687385,781.61,0.0,189.4,0,0,0.0,4961,645.6659136873848
Data,7723,-0.0,0.0,3203.766635832174,0.0,765.6433641678266,768.19,0.0,189.4,0,0,0.0,4927,765.643364167826
Data,7724,0.0,0.0,3008.0092620868727,0.0,827.1307379131276,723.46,0.0,189.4,0,0,0.0,4748,827.1307379131273
Data,7725,0.0,0.0,2815.0816990565786,0.0,1004.398300943422,616.12,0.0,189.4,0,0,0.0,4625,1004.3983009434214
Data,7726,0.0,0.0,3159.3269107816823,0.0,641.5230892183182,470.75,0.0,189.4,0,0,0.0,4461,641.5230892183178
Data,7727,0.0,0.0,2430.626634264154,0.0,1147.603365735846,410.37,0.0,189.4,0,0,0.0,4178,1147.6033657358462
Data,7728,0.0,0.0,2048.3120147364884,0.0,1621.9779852635115,400.31,0.0,189.4,0,0,0.0,4260,1621.9779852635115
Data,7729,0.0,0.0,1949.7798527715138,0.0,1305.9401472284865,417.08,0.0,537.2,0,0,0.0,4210,1305.9401472284862
Data,7730,0.0,0.0,2313.0164879890413,0.0,1090.6335120109588,427.15,0.0,537.2,0,0,0.0,4368,1090.6335120109588
Data,7731,0.0,0.0,1805.3003892016202,0.0,1707.0,423.79,0.0,537.2,0,-59.70961079838004,0.0,4533,1766.7096107983798
Data,7732,0.0,0.0,1703.296258066496,0.0,1707.0,447.27,0.0,534.0,0,-298.43374193350405,0.0,4690,2005.433741933504
Data,7733,0.0,0.0,1570.1716824733155,0.0,1707.0,488.65,0.0,537.2,0,-425.9783175266846,0.0,4729,2132.9783175266844
Data,7734,0.0,0.0,2316.344499194299,0.0,1381.5055008057016,500.95,0.0,537.2,0,0,0.0,4736,1381.505500805701
Data,7735,0.0,0.0,2674.657341055854,0.0,1017.8326589441464,523.31,0.0,537.2,0,0,0.0,4753,1017.832658944146
Data,7736,-0.0,0.0,1969.8977601493982,0.0,1674.092239850602,584.81,0.0,537.2,0,0,0.0,4766,1674.0922398506018
Data,7737,-0.0,0.0,2039.975904379483,0.0,1707.0,578.1,0.0,537.2,0,-72.72409562051736,0.0,4935,1779.724095620517
Data,7738,-0.0,0.0,1292.3225995327386,0.0,1707.0,465.16,0.0,189.4,0,-1268.1174004672619,0.0,4922,2975.117400467261
Data,7739,-0.0,0.0,2379.286824223855,0.0,1707.0,391.36,0.0,189.4,0,-172.95317577614537,0.0,4840,1879.953175776145
Data,7740,-0.0,0.0,2380.382074324154,0.0,1707.0,358.94,0.0,189.4,0,-94.27792567584659,0.0,4730,1801.277925675846
Data,7741,-0.0,0.0,2643.8406455606128,0.0,1303.7193544393879,322.04,0.0,189.4,0,0,0.0,4459,1303.7193544393872
Data,7742,-0.0,0.0,2711.369809147378,0.0,881.7001908526219,364.53,0.0,540.4,0,0,0.0,4498,881.7001908526221
Data,7743,-0.0,0.0,2409.5287773170244,0.0,1429.4112226829766,403.66,0.0,189.4,0,0,0.0,4432,1429.4112226829757
Data,7744,-0.0,0.0,1979.4146235508538,0.0,1707.0,452.86,0.0,189.4,0,-132.32537644914643,0.0,4461,1839.3253764491462
Data,7745,-0.0,0.0,1746.3541415715283,0.0,1577.1058584284717,654.14,0.0,540.4,0,0,0.0,4518,1577.1058584284717
Data,7746,-0.0,0.0,2025.1806670181998,0.0,1362.4393329818001,773.78,0.0,543.6,0,0,0.0,4705,1362.4393329818004
Data,7747,0.0,0.0,1947.1330755734152,0.0,1465.6969244265852,754.77,0.0,540.4,0,0,0.0,4708,1465.6969244265847
Data,7748,0.0,0.0,1729.1734215571007,0.0,1611.9865784428991,666.44,0.0,540.4,0,0,0.0,4548,1611.9865784428994
Data,7749,0.0,0.0,1819.1194146806208,0.0,1425.6705853193791,584.81,0.0,540.4,0,0,0.0,4370,1425.6705853193794
Data,7750,0.0,0.0,1962.8825554569285,0.0,1301.0574445430716,403.66,0.0,540.4,0,0,0.0,4208,1301.0574445430716
Data,7751,0.0,0.0,2312.474369828486,0.0,804.0056301715139,370.12,0.0,540.4,0,0,0.0,4027,804.005630171514
Data,7752,0.0,0.0,2115.9800062771765,0.0,1078.8599937228237,366.76,0.0,540.4,0,0,0.0,4102,1078.8599937228237
Data,7753,0.0,0.0,2053.955843303039,0.0,1150.2041566969615,346.64,0.0,537.2,0,0,0.0,4088,1150.204156696961
Data,7754,0.0,0.0,2130.873750489086,0.0,1131.4962495109144,401.43,0.0,537.2,0,0,0.0,4201,1131.496249510914
Data,7755,0.0,0.0,2441.341066543977,0.0,912.138933456023,419.32,0.0,537.2,0,0,0.0,4310,912.1389334560231
Data,7756,0.0,0.0,2540.926958033877,0.0,944.5030419661235,410.37,0.0,537.2,0,0,0.0,4433,944.5030419661231
Data,7757,0.0,0.0,2999.0008446510724,0.0,576.609155348928,399.19,0.0,537.2,0,0,0.0,4512,576.6091553489275
Data,7758,0.0,0.0,2595.9144139964505,0.0,896.22558600355,403.66,0.0,537.2,0,0,0.0,4433,896.2255860035493
Data,7759,0.0,0.0,2544.8988963001316,0.0,760.3211036998688,478.58,0.0,537.2,0,0,0.0,4321,760.3211036998684
Data,7760,-0.0,0.0,1990.6615304997167,0.0,1054.6384695002835,553.5,0.0,537.2,0,0,0.0,4136,1054.6384695002832
Data,7761,-0.0,0.0,2587.746427432232,0.0,993.0035725677682,483.05,0.0,35.2,0,0,0.0,4099,993.0035725677681
Data,7762,-0.0,0.0,2756.603847169548,0.0,911.7461528304523,335.45,0.0,35.2,0,0,0.0,4039,911.7461528304522
Data,7763,-0.0,0.0,2504.336079246279,0.0,1147.5339207537213,290.73,0.0,38.4,0,0,0.0,3981,1147.5339207537208
Data,7764,-0.0,0.0,2539.1206476097723,0.0,1131.4093523902275,275.07,0.0,38.4,0,0,0.0,3984,1131.4093523902277
Data,7765,-0.0,0.0,2798.5014957725552,0.0,756.2085042274448,263.89,0.0,38.4,0,0,0.0,3857,756.2085042274448
Data,7766,-0.0,0.0,2653.184727416392,0.0,867.1652725836078,267.25,0.0,38.4,0,0,0.0,3826,867.165272583608
Data,7767,-0.0,0.0,2612.3102934656354,0.0,835.3897065343644,282.9,0.0,38.4,0,0,0.0,3769,835.3897065343647
Data,7768,-0.0,0.0,2550.132344295737,0.0,828.1976557042632,324.27,0.0,38.4,0,0,0.0,3741,828.1976557042632
Data,7769,-0.0,0.0,3532.043377635326,0.0,0.0,522.19,0.0,303.7643,0,537.9976776353258,0.0,3820,-537.9976776353262
Data,7770,-0.0,0.0,3396.195217102563,0.0,0.0,564.68,0.0,189.4,0,24.27521710256297,0.0,4126,-24.275217102563175
Data,7771,0.0,0.0,3302.7564180440054,0.0,0.0,530.02,0.0,540.4,0,153.1764180440055,0.0,4220,-153.17641804400535
Data,7772,0.0,0.0,3057.5759871599266,0.0,29.844012840073802,503.18,0.0,540.4,0,0,0.0,4131,29.84401284007339
Data,7773,0.0,0.0,2889.5986137871,0.0,134.3213862129003,441.68,0.0,540.4,0,0,0.0,4006,134.3213862129
Data,7774,0.0,0.0,2351.0997726703754,0.0,671.8602273296246,346.64,0.0,540.4,0,0,0.0,3910,671.8602273296246
Data,7775,0.0,0.0,1637.4341798553774,0.0,1237.8258201446224,334.34,0.0,540.4,0,0,0.0,3750,1237.8258201446226
Data,7776,0.0,0.0,1568.9433939972334,0.0,1463.5066060027664,323.15,0.0,540.4,0,0,0.0,3896,1463.5066060027666
Data,7777,0.0,0.0,1765.6169797719242,0.0,1313.683020228076,307.5,0.0,537.2,0,0,0.0,3924,1313.6830202280757
Data,7778,0.0,0.0,1438.336503755942,0.0,1707.0,328.75,0.0,537.2,0,-130.71349624405497,0.0,4142,1837.713496244058
Data,7779,0.0,0.0,1524.623943705958,0.0,1707.0,334.34,0.0,537.2,0,-120.8360562940421,0.0,4224,1827.836056294042
Data,7780,0.0,0.0,1667.4372113414508,0.0,1707.0,357.82,0.0,537.2,0,-41.54278865854917,0.0,4311,1748.5427886585492
Data,7781,0.0,0.0,1968.202296429459,0.0,1525.2077035705413,325.39,0.0,537.2,0,0,0.0,4356,1525.207703570541
Data,7782,0.0,0.0,2239.066642443027,0.0,1167.983357556973,328.75,0.0,537.2,0,0,0.0,4273,1167.983357556973
Data,7783,0.0,0.0,2485.9850153239777,0.0,598.4149846760223,467.4,0.0,537.2,0,0,0.0,4089,598.4149846760223
Data,7784,-0.0,0.0,2833.866258980809,0.0,95.1637410191911,508.77,0.0,537.2,0,0,0.0,3975,95.16374101919087
Data,7785,-0.0,0.0,2496.589990102222,0.0,638.9000098977776,400.31,0.0,537.2,0,0,0.0,4073,638.9000098977779
Data,7786,-0.0,0.0,2524.8079093260158,0.0,818.542090673984,286.25,0.0,540.4,0,0,0.0,4170,818.5420906739843
Data,7787,-0.0,0.0,2280.1911020321068,0.0,1086.1688979678931,248.24,0.0,540.4,0,0,0.0,4155,1086.1688979678934
Data,7788,-0.0,0.0,2480.8167714988954,0.0,796.3132285011045,250.47,0.0,540.4,0,0,0.0,4068,796.3132285011046
Data,7789,-0.0,0.0,2452.8819367352285,0.0,1001.2580632647711,231.46,0.0,189.4,0,0,0.0,3875,1001.2580632647715
Data,7790,-0.0,0.0,2537.186242168449,0.0,489.1837578315507,229.23,0.0,540.4,0,0,0.0,3796,489.1837578315509
Data,7791,-0.0,0.0,2844.3271578499866,0.0,89.92284215001331,249.35,0.0,540.4,0,0,0.0,3724,89.9228421500134
Data,7792,-0.0,0.0,2458.645115483571,0.0,535.1148845164289,272.84,0.0,540.4,0,0,0.0,3807,535.1148845164291
Data,7793,-0.0,0.0,2735.407264172325,0.0,193.76273582767524,401.43,0.0,540.4,0,0,0.0,3871,193.76273582767493
Data,7794,-0.0,0.0,3316.693129989485,0.0,0.0,513.25,0.0,540.4,0,135.3431299894851,0.0,4235,-135.34312998948496
Data,7795,0.0,0.0,3387.9950107216114,0.0,0.0,555.74,0.0,540.4,0,122.13501072161152,0.0,4362,-122.13501072161137
Data,7796,0.0,0.0,3181.5710231634534,0.0,49.58897683654652,543.44,0.0,540.4,0,0,0.0,4315,49.58897683654652
Data,7797,0.0,0.0,3417.7047791740806,0.0,0.0,462.93,0.0,540.4,0,141.0347791740807,0.0,4280,-141.0347791740806
Data,7798,0.0,0.0,3691.494184112825,0.0,0.0,373.47,0.0,540.4,0,328.3641841128248,0.0,4277,-328.3641841128252
Data,7799,0.0,0.0,3759.8595873448576,0.0,0.0,322.04,0.0,518.8449,0,446.7444873448579,0.0,4154,-446.74448734485765
Data,7800,0.0,0.0,3787.572560043972,0.0,0.0,323.15,0.0,537.2,0,390.9225600439717,0.0,4257,-390.9225600439719
Data,7801,0.0,0.0,3791.455628092447,0.0,111.13437190755326,314.21,0.0,35.2,0,0,0.0,4252,111.1343719075529
Data,7802,0.0,0.0,3240.875548760695,0.0,751.7544512393048,361.17,0.0,35.2,0,0,0.0,4389,751.754451239305
Data,7803,0.0,0.0,4013.3731566421693,0.0,55.596843357831304,376.83,0.0,35.2,0,0,0.0,4481,55.59684335783071
Data,7804,0.0,0.0,3467.882913811433,0.0,691.3070861885678,412.61,0.0,35.2,0,0,0.0,4607,691.307086188567
Data,7805,0.0,0.0,3775.7925425310727,0.0,437.50745746892756,430.5,0.0,35.2,0,0,0.0,4679,437.50745746892727
Data,7806,0.0,0.0,3337.0870649831145,0.0,842.2229350168859,460.69,0.0,32.0,0,0,0.0,4672,842.2229350168855
Data,7807,0.0,0.0,3862.0101527010497,0.0,268.1798472989509,486.41,0.0,38.4,0,0,0.0,4655,268.1798472989503
Data,7808,-0.0,0.0,3846.2885840989434,0.0,321.3614159010571,519.95,0.0,38.4,0,0,0.0,4726,321.3614159010566
Data,7809,-0.0,0.0,3741.3628933978,0.0,618.6971066022006,506.54,0.0,38.4,0,0,0.0,4905,618.6971066022002
Data,7810,-0.0,0.0,3615.287659804554,0.0,802.9723401954461,506.54,0.0,35.2,0,0,0.0,4960,802.9723401954459
Data,7811,-0.0,0.0,3024.004217395118,0.0,1314.0457826048826,402.55,0.0,38.4,0,0,0.0,4779,1314.045782604882
Data,7812,-0.0,0.0,3270.3536540369796,0.0,1070.7363459630205,326.51,0.0,38.4,0,0,0.0,4706,1070.7363459630203
Data,7813,-0.0,0.0,2948.884278315639,0.0,1145.3557216843612,268.36,0.0,38.4,0,0,0.0,4401,1145.3557216843608
Data,7814,-0.0,0.0,2730.067447473057,0.0,1319.5825525269436,273.95,0.0,38.4,0,0,0.0,4362,1319.582552526943
Data,7815,-0.0,0.0,2731.6417712769976,0.0,1370.4082287230033,279.55,0.0,38.4,0,0,0.0,4420,1370.4082287230024
Data,7816,-0.0,0.0,3333.2249283162946,0.0,920.295071683706,343.28,0.0,35.2,0,0,0.0,4632,920.2950716837054
Data,7817,-0.0,0.0,3446.4319135469796,0.0,717.0580864530211,474.11,0.0,38.4,0,0,0.0,4676,717.0580864530205
Data,7818,-0.0,0.0,3334.8358176105075,0.0,774.7841823894936,576.98,0.0,189.4,0,0,0.0,4876,774.7841823894925
Data,7819,-0.0,0.0,2734.332531114625,0.0,1290.3774688853755,632.89,0.0,189.4,0,0,0.0,4847,1290.377468885375
Data,7820,0.0,0.0,2198.903793681206,0.0,1675.226206318794,619.47,0.0,189.4,0,0,0.0,4683,1675.2262063187939
Data,7821,0.0,0.0,1800.1798553397066,0.0,1707.0,527.78,0.0,189.4,0,-351.640144660294,0.0,4576,2058.6401446602936
Data,7822,0.0,0.0,2244.6822700195594,0.0,1647.417729980441,430.5,0.0,189.4,0,0,0.0,4512,1647.4177299804405
Data,7823,0.0,0.0,1904.418286646847,0.0,1707.0,389.13,0.0,186.2,0,-111.25171335315304,0.0,4298,1818.251713353153
Data,7824,0.0,0.0,2584.6890979590107,0.0,1262.6909020409894,333.22,0.0,189.4,0,0,0.0,4370,1262.6909020409892
Data,7825,0.0,0.0,3068.3991949615365,0.0,736.780805038464,308.62,0.0,186.2,0,0,0.0,4300,736.7808050384635
Data,7826,0.0,0.0,2857.018156227365,0.0,1079.921843772635,329.86,0.0,186.2,0,0,0.0,4453,1079.921843772635
Data,7827,0.0,0.0,2637.2720963337874,0.0,1409.1279036662127,344.4,0.0,186.2,0,0,0.0,4577,1409.1279036662127
Data,7828,0.0,0.0,2519.3624198442035,0.0,1314.6975801557965,358.94,0.0,534.0,0,0,0.0,4727,1314.6975801557965
Data,7829,0.0,0.0,2283.2178370416445,0.0,1637.5321629583555,360.05,0.0,537.2,0,0,0.0,4818,1637.5321629583555
Data,7830,0.0,0.0,2567.8659174785435,0.0,1376.0540825214564,367.88,0.0,537.2,0,0,0.0,4849,1376.0540825214566
Data,7831,0.0,0.0,2205.4310814438636,0.0,1690.9389185561367,475.23,0.0,540.4,0,0,0.0,4912,1690.9389185561363
Data,7832,-0.0,0.0,2238.221515653634,0.0,1494.8584843463664,591.52,0.0,540.4,0,0,0.0,4865,1494.858484346366
Data,7833,-0.0,0.0,1739.2635618253769,-0.0,1707.0,551.26,0.0,540.4,0,-509.07643817462326,0.0,5047,2216.076438174623
Data,7834,-0.0,0.0,1348.875137999527,-0.0,1707.0,471.87,0.0,186.2,0,-1414.0548620004733,0.0,5128,3121.054862000473
Data,7835,-0.0,0.0,1294.7304632432613,-0.0,1707.0,411.49,0.0,189.4,0,-1353.3795367567393,0.0,4956,3060.3795367567386
Data,7836,-0.0,0.0,1237.8607495773986,0.0,1707.0,333.22,0.0,189.4,0,-1340.5192504226015,0.0,4808,3047.5192504226015
Data,7837,-0.0,0.0,1177.8439226373632,0.0,1707.0,310.85,0.0,189.4,0,-1112.9060773626372,0.0,4498,2819.9060773626366
Data,7838,-0.0,0.0,1701.1598376307954,0.0,1707.0,301.91,0.0,186.2,0,-639.7301623692047,0.0,4536,2346.7301623692047
Data,7839,-0.0,0.0,1711.5234471942683,0.0,1707.0,316.45,0.0,540.4,0,-217.62655280573165,0.0,4493,1924.6265528057318
Data,7840,-0.0,0.0,1573.977908170468,0.0,1707.0,401.43,0.0,189.4,0,-617.1920918295323,0.0,4489,2324.192091829532
Data,7841,-0.0,0.0,1618.6354754313081,0.0,1707.0,619.47,0.0,189.4,0,-466.49452456869204,0.0,4601,2173.4945245686918
Data,7842,-0.0,0.0,1431.4946595627123,0.0,1707.0,761.48,0.0,189.4,0,-777.6253404372878,0.0,4867,2484.625340437288
Data,7843,0.0,0.0,1077.7626125306222,0.0,1707.0,781.61,0.0,186.2,0,-1218.427387469378,0.0,4971,2925.4273874693777
Data,7844,0.0,0.0,1442.9719346289414,0.0,1707.0,754.77,0.0,189.4,0,-718.858065371059,0.0,4813,2425.8580653710587
Data,7845,0.0,0.0,875.4574078711373,0.0,1707.0,564.68,0.0,189.4,0,-1396.4625921288632,0.0,4733,3103.4625921288625
Data,7846,0.0,0.0,967.8273146837824,0.0,1707.0,445.04,0.0,189.4,0,-1353.732685316218,0.0,4663,3060.7326853162176
Data,7847,0.0,0.0,896.3833239756669,0.0,1707.0,414.85,0.0,186.2,0,-1259.5666760243332,0.0,4464,2966.566676024333
Data,7848,0.0,0.0,1116.7526593949021,0.0,1707.0,381.3,0.0,189.4,0,-1156.547340605098,0.0,4551,2863.547340605098
Data,7849,0.0,0.0,812.9583500241004,0.0,1707.0,372.35,0.0,445.4676,0,-1146.2240499758998,0.0,4484,2853.2240499758996
Data,7850,0.0,0.0,1063.4412515672989,0.0,1707.0,408.14,0.0,186.2,0,-1228.2187484327014,0.0,4593,2935.218748432701
Data,7851,0.0,0.0,1426.7627587560814,0.0,1707.0,429.38,0.0,186.2,0,-975.6572412439186,0.0,4725,2682.6572412439186
Data,7852,0.0,0.0,1434.959322830424,0.0,1707.0,456.22,0.0,183.0,0,-1072.8206771695757,0.0,4854,2779.820677169576
Data,7853,0.0,0.0,1406.636804928369,0.0,1707.0,447.27,0.0,186.2,0,-1197.8931950716317,0.0,4945,2904.893195071631
Data,7854,0.0,0.0,1988.3740634767357,0.0,1707.0,439.45,0.0,186.2,0,-713.9759365232646,0.0,5035,2420.9759365232644
Data,7855,0.0,0.0,2085.839451809242,0.0,1707.0,506.54,0.0,186.2,0,-533.4205481907584,0.0,5019,2240.4205481907584
Data,7856,-0.0,0.0,2050.3578923373057,-0.0,1707.0,621.71,0.0,35.2,0,-489.7321076626943,0.0,4904,2196.7321076626945
Data,7857,-0.0,0.0,2031.1479336890372,0.0,1707.0,587.05,0.0,38.4,0,-690.4020663109632,0.0,5054,2397.4020663109627
Data,7858,-0.0,0.0,1130.8673129835583,0.0,1707.0,496.47,0.0,38.4,0,-1653.2626870164418,0.0,5026,3360.2626870164418
Data,7859,-0.0,0.0,1039.0414555668538,0.0,1707.0,426.03,0.0,38.4,0,-1684.5285444331466,0.0,4895,3391.528544433146
Data,7860,-0.0,0.0,1451.1305570391198,0.0,1707.0,334.34,0.0,41.6,0,-1190.9294429608797,0.0,4725,2897.9294429608804
Data,7861,-0.0,0.0,1560.0490599831255,0.0,1707.0,300.79,0.0,38.4,0,-792.760940016875,0.0,4399,2499.7609400168744
Data,7862,-0.0,0.0,1750.211642956514,0.0,1707.0,296.32,0.0,38.4,0,-645.0683570434866,0.0,4437,2352.0683570434862
Data,7863,-0.0,0.0,1648.745156858813,0.0,1707.0,336.57,0.0,38.4,0,-664.2848431411871,0.0,4395,2371.284843141187
Data,7864,-0.0,0.0,2336.144776525152,0.0,1604.4152234748487,445.04,0.0,38.4,0,0,0.0,4424,1604.415223474848
Data,7865,-0.0,0.0,2277.9069980418903,0.0,1581.4430019581089,606.05,0.0,41.6,0,0,0.0,4507,1581.4430019581098
Data,7866,-0.0,0.0,2656.3189134227987,0.0,1312.5810865772023,725.7,0.0,38.4,0,0,0.0,4733,1312.5810865772012
Data,7867,0.0,0.0,2641.947391392313,0.0,1309.7126086076873,727.94,0.0,38.4,0,0,0.0,4718,1309.712608607687
Data,7868,0.0,0.0,2460.554059161391,0.0,1295.5659408386095,638.48,0.0,189.4,0,0,0.0,4584,1295.565940838609
Data,7869,0.0,0.0,2282.6746361675955,0.0,1429.545363832405,552.38,0.0,189.4,0,0,0.0,4454,1429.5453638324045
Data,7870,0.0,0.0,2344.6012176686722,0.0,1361.368782331328,450.63,0.0,189.4,0,0,0.0,4346,1361.3687823313278
Data,7871,0.0,0.0,1990.9178242375308,0.0,1600.5621757624692,370.12,0.0,189.4,0,0,0.0,4151,1600.5621757624692
Data,7872,0.0,0.0,1972.6440775957826,0.0,1448.1459224042173,338.81,0.0,540.4,0,0,0.0,4300,1448.1459224042173
Data,7873,0.0,0.0,1340.0378802997548,0.0,1707.0,328.75,0.0,537.2,0,-348.0121197002454,0.0,4261,2055.0121197002454
Data,7874,0.0,0.0,1021.6981532560712,0.0,1707.0,344.4,0.0,537.2,0,-761.7018467439289,0.0,4372,2468.701846743929
Data,7875,0.0,0.0,1232.3985189750404,0.0,1707.0,330.98,0.0,537.2,0,-706.4214810249598,0.0,4514,2413.4214810249596
Data,7876,0.0,0.0,917.2951536996756,0.0,1707.0,360.05,0.0,537.2,0,-1083.4548463003243,0.0,4605,2790.4548463003243
Data,7877,0.0,0.0,675.5737326556246,0.0,1707.0,377.95,0.0,537.2,0,-1308.2762673443758,0.0,4606,3015.2762673443754
Data,7878,0.0,0.0,572.7679633319664,0.0,1707.0,328.75,0.0,540.4,0,-1426.0820366680337,0.0,4575,3133.0820366680337
Data,7879,0.0,0.0,791.626551110943,0.0,1707.0,392.48,0.0,537.2,0,-1004.6934488890572,0.0,4433,2711.693448889057
Data,7880,-0.0,0.0,1112.7813452747248,0.0,1707.0,449.51,0.0,537.2,0,-435.5086547252751,0.0,4242,2142.508654725275
Data,7881,-0.0,0.0,1253.5088286688135,-0.0,1707.0,415.96,0.0,537.2,0,-443.3311713311867,0.0,4357,2150.3311713311864
Data,7882,-0.0,0.0,892.9860860186357,0.0,1707.0,363.41,0.0,540.4,0,-950.2039139813644,0.0,4454,2657.203913981364
Data,7883,-0.0,0.0,913.2302807105257,0.0,1707.0,315.33,0.0,192.6,0,-1275.839719289474,0.0,4404,2982.8397192894745
Data,7884,-0.0,0.0,1129.2959779531734,0.0,1707.0,291.85,0.0,189.4,0,-1009.454022046827,0.0,4327,2716.4540220468266
Data,7885,-0.0,0.0,1096.2846955288878,0.0,1707.0,277.31,0.0,189.4,0,-884.0053044711121,0.0,4154,2591.005304471112
Data,7886,-0.0,0.0,1113.6132075958408,0.0,1707.0,284.02,0.0,189.4,0,-895.9667924041592,0.0,4190,2602.966792404159
Data,7887,-0.0,0.0,1317.9546033875856,0.0,1707.0,280.66,0.0,543.6,0,-342.7853966124148,0.0,4192,2049.7853966124144
Data,7888,-0.0,0.0,1683.4039396000321,0.0,1707.0,316.45,0.0,189.4,0,-346.7460603999681,0.0,4243,2053.746060399968
Data,7889,-0.0,0.0,1527.432386416224,0.0,1692.317613583776,433.85,0.0,540.4,0,0,0.0,4194,1692.317613583776
Data,7890,-0.0,0.0,1592.9401153803701,0.0,1707.0,560.21,0.0,540.4,0,-56.44988461962982,0.0,4457,1763.4498846196298
Data,7891,0.0,0.0,1543.142190722714,0.0,1707.0,553.5,0.0,540.4,0,-190.95780927728583,0.0,4535,1897.9578092772858
Data,7892,0.0,0.0,1393.4937697593093,0.0,1707.0,526.66,0.0,540.4,0,-261.44623024069074,0.0,4429,1968.4462302406907
Data,7893,0.0,0.0,981.8710549944177,0.0,1707.0,475.23,0.0,540.4,0,-614.4989450055822,0.0,4319,2321.4989450055823
Data,7894,0.0,0.0,982.8282192244775,0.0,1707.0,410.37,0.0,540.4,0,-538.4017807755225,0.0,4179,2245.4017807755226
Data,7895,0.0,0.0,792.6621397956062,0.0,1707.0,317.56,0.0,540.4,0,-603.3778602043938,0.0,3961,2310.377860204394
Data,7896,0.0,0.0,681.9941205055727,0.0,1707.0,310.85,0.0,543.6,0,-796.5558794944275,0.0,4040,2503.5558794944272
Data,7897,0.0,0.0,781.7451782372185,0.0,1707.0,300.79,0.0,537.2,0,-687.2648217627817,0.0,4014,2394.2648217627816
Data,7898,0.0,0.0,890.682086012184,0.0,1707.0,316.45,0.0,537.2,0,-720.6679139878164,0.0,4172,2427.667913987816
Data,7899,0.0,0.0,830.787593426081,0.0,1707.0,326.51,0.0,537.2,0,-963.502406573919,0.0,4365,2670.502406573919
Data,7900,0.0,0.0,1008.2884793222252,0.0,1707.0,366.76,0.0,537.2,0,-907.7515206777748,0.0,4527,2614.751520677775
Data,7901,0.0,0.0,1047.8980486834057,0.0,1707.0,436.09,0.0,534.0,0,-904.0119513165943,0.0,4629,2611.011951316594
Data,7902,0.0,0.0,1034.9401933481001,0.0,1707.0,530.02,0.0,537.2,0,-816.8398066519001,0.0,4626,2523.8398066519
Data,7903,0.0,0.0,974.1032177151,0.0,1707.0,452.86,0.0,537.2,0,-991.8367822849001,0.0,4663,2698.8367822849
Data,7904,-0.0,0.0,1134.6927449902,0.0,1707.0,498.71,0.0,540.4,0,-688.1972550097998,0.0,4569,2395.1972550098
Data,7905,-0.0,0.0,840.3445934639999,0.0,1707.0,420.44,0.0,540.4,0,-1209.8154065360004,0.0,4718,2916.815406536
Data,7906,-0.0,0.0,355.5998550096,0.0,1707.0,374.59,0.0,540.4,0,-1698.4101449904,0.0,4676,3405.4101449904
Data,7907,-0.0,0.0,585.7421830006,0.0,1707.0,292.96,0.0,540.4,0,-1470.8978169993998,0.0,4597,3177.8978169994
Data,7908,-0.0,0.0,595.4151600296,0.0,1707.0,288.49,0.0,540.4,0,-1324.6948399703997,0.0,4456,3031.6948399704
Data,7909,-0.0,0.0,673.4942991275451,0.0,1707.0,277.31,0.0,540.4,0,-1065.795700872455,0.0,4264,2772.7957008724547
Data,7910,-0.0,0.0,316.57976109401784,0.0,1707.0,280.66,0.0,540.4,0,-1576.3602389059822,0.0,4421,3283.360238905982
Data,7911,-0.0,0.0,270.61491260888766,0.0,1707.0,281.78,0.0,540.4,0,-1686.2050873911119,0.0,4486,3393.2050873911126
Data,7912,-0.0,0.0,386.7141679471733,0.0,1707.0,333.22,0.0,540.4,0,-1452.665832052827,0.0,4420,3159.6658320528268
Data,7913,-0.0,0.0,311.45356744288415,0.0,1707.0,507.65,0.0,540.4,0,-1342.4964325571157,0.0,4409,3049.496432557116
Data,7914,-0.0,0.0,265.94134359173813,0.0,1707.0,629.54,0.0,540.4,0,-1458.1186564082618,0.0,4601,3165.118656408262
Data,7915,-0.0,0.0,514.7232615782432,0.0,1707.0,626.18,0.0,540.4,0,-1215.696738421757,0.0,4604,2922.696738421757
Data,7916,0.0,0.0,552.8181371862206,0.0,1707.0,571.39,0.0,540.4,0,-1101.3918628137794,0.0,4473,2808.3918628137794
Data,7917,0.0,0.0,648.8547745291196,0.0,1707.0,496.47,0.0,540.4,0,-961.2752254708805,0.0,4354,2668.2752254708803
Data,7918,0.0,0.0,1021.6628451389454,0.0,1707.0,385.77,0.0,540.4,0,-543.1671548610545,0.0,4198,2250.1671548610548
Data,7919,0.0,0.0,1288.8135495756178,0.0,1707.0,352.23,0.0,540.4,0,-77.55645042438209,0.0,3966,1784.556450424382
Data,7920,0.0,0.0,1404.7645247573726,0.0,1707.0,347.75,0.0,540.4,0,-37.08547524262735,0.0,4037,1744.0854752426276
Data,7921,0.0,0.0,1387.4753872410727,0.0,1707.0,299.67,0.0,537.2,0,-55.65461275892744,0.0,3987,1762.6546127589272
Data,7922,0.0,0.0,1351.6335632259727,0.0,1707.0,301.91,0.0,537.2,0,-271.25643677402763,0.0,4169,1978.2564367740272
Data,7923,0.0,0.0,1973.0467920398023,0.0,1577.6332079601973,296.32,0.0,534.0,0,0,0.0,4381,1577.6332079601978
Data,7924,0.0,0.0,2333.271556523781,0.0,1306.0784434762195,316.45,0.0,537.2,0,0,0.0,4493,1306.078443476219
Data,7925,0.0,0.0,1556.5403059480684,0.0,1707.0,353.35,0.0,537.2,0,-384.90969405193187,0.0,4539,2091.9096940519316
Data,7926,0.0,0.0,1264.9954959077634,0.0,1707.0,380.18,0.0,537.2,0,-558.624504092237,0.0,4448,2265.6245040922367
Data,7927,0.0,0.0,1331.5066881638022,0.0,1707.0,395.84,0.0,540.4,0,-437.25331183619755,0.0,4412,2144.253311836198
Data,7928,-0.0,0.0,1617.3273758541604,-0.0,1707.0,468.52,0.0,35.2,0,-436.95262414583976,0.0,4265,2143.9526241458398
Data,7929,-0.0,0.0,1697.7743786351775,-0.0,1707.0,429.38,0.0,38.4,0,-546.4456213648227,0.0,4419,2253.4456213648223
Data,7930,-0.0,0.0,1233.735430529167,0.0,1707.0,377.95,0.0,38.4,0,-935.9145694708336,0.0,4293,2642.914569470833
Data,7931,-0.0,0.0,1518.9183835615827,0.0,1707.0,276.19,0.0,38.4,0,-579.4916164384173,0.0,4120,2286.491616438417
Data,7932,-0.0,0.0,1623.7674437561284,0.0,1707.0,262.77,0.0,38.4,0,-388.06255624387137,0.0,4020,2095.0625562438718
Data,7933,-0.0,0.0,1669.1795918726796,0.0,1707.0,234.82,0.0,38.4,0,-161.60040812732,0.0,3811,1868.6004081273204
Data,7934,-0.0,0.0,1537.9477683183143,0.0,1707.0,244.88,0.0,35.2,0,-310.9722316816857,0.0,3836,2017.9722316816858
Data,7935,-0.0,0.0,1723.6780869969602,0.0,1707.0,248.24,0.0,38.4,0,-216.68191300303943,0.0,3934,1923.6819130030397
Data,7936,-0.0,0.0,1925.7273636399727,0.0,1707.0,295.2,0.0,38.4,0,-93.67263636002735,0.0,4060,1800.6726363600274
Data,7937,-0.0,0.0,2343.970354707091,0.0,1190.3996452929086,475.23,0.0,38.4,0,0,0.0,4048,1190.399645292909
Data,7938,-0.0,0.0,1402.4591577011724,0.0,1707.0,589.28,0.0,189.4,0,-468.86084229882806,0.0,4357,2175.8608422988277
Data,7939,0.0,0.0,1522.9280222328605,0.0,1707.0,595.99,0.0,189.4,0,-468.6819777671401,0.0,4484,2175.6819777671394
Data,7940,0.0,0.0,1994.8849863891726,0.0,1605.8650136108279,556.85,0.0,189.4,0,0,0.0,4347,1605.8650136108274
Data,7941,0.0,0.0,2137.3117849015725,0.0,1423.7082150984274,478.58,0.0,189.4,0,0,0.0,4229,1423.7082150984274
Data,7942,0.0,0.0,2325.2384787920123,0.0,1254.6015212079878,366.76,0.0,189.4,0,0,0.0,4136,1254.6015212079876
Data,7943,0.0,0.0,2370.9777611221903,0.0,1117.5422388778102,343.28,0.0,186.2,0,0,0.0,4018,1117.5422388778097
Data,7944,0.0,0.0,2189.586518617702,0.0,1428.0934813822978,320.92,0.0,189.4,0,0,0.0,4128,1428.093481382298
Data,7945,0.0,0.0,2087.558335129875,0.0,1553.171664870125,275.07,0.0,186.2,0,0,0.0,4102,1553.171664870125
Data,7946,0.0,0.0,1897.4661128677815,0.0,1707.0,277.31,0.0,186.2,0,-229.02388713221876,0.0,4297,1936.0238871322185
Data,7947,0.0,0.0,2371.5214657950087,0.0,1590.5485342049917,290.73,0.0,186.2,0,0,0.0,4439,1590.5485342049913
Data,7948,0.0,0.0,2194.6190981448453,0.0,1707.0,292.96,0.0,186.2,0,-138.22090185515495,0.0,4519,1845.2209018551548
Data,7949,0.0,0.0,2073.5315197497716,0.0,1707.0,351.11,0.0,35.2,0,-424.1584802502291,0.0,4591,2131.1584802502284
Data,7950,0.0,0.0,2104.4941174462856,0.0,1707.0,404.78,0.0,35.2,0,-315.5258825537151,0.0,4567,2022.5258825537144
Data,7951,0.0,0.0,2801.5269761599357,0.0,1226.073023840065,418.2,0.0,35.2,0,0,0.0,4481,1226.0730238400643
Data,7952,-0.0,0.0,3274.2407965630728,0.0,489.47920343692766,490.88,0.0,38.4,0,0,0.0,4293,489.47920343692726
Data,7953,-0.0,0.0,3578.9391628572725,0.0,300.200837142728,354.46,0.0,38.4,0,0,0.0,4272,300.2008371427275
Data,7954,-0.0,0.0,3620.871575323072,0.0,288.11842467692827,289.61,0.0,38.4,0,0,0.0,4237,288.1184246769278
Data,7955,-0.0,0.0,3579.2956041647913,0.0,362.2443958352091,256.06,0.0,38.4,0,0,0.0,4236,362.24439583520876
Data,7956,-0.0,0.0,3570.0482097370723,0.0,359.5517902629283,246.0,0.0,38.4,0,0,0.0,4214,359.55179026292774
Data,7957,-0.0,0.0,3628.5020764620726,0.0,152.4779235379276,234.82,0.0,35.2,0,0,0.0,4051,152.47792353792738
Data,7958,-0.0,0.0,3339.721559145473,0.0,371.11844085452753,243.76,0.0,38.4,0,0,0.0,3993,371.1184408545272
Data,7959,-0.0,0.0,3013.475919713473,0.0,758.4240802865272,233.7,0.0,38.4,0,0,0.0,4044,758.4240802865269
Data,7960,-0.0,0.0,3096.363659248273,0.0,739.0863407517274,304.15,0.0,38.4,0,0,0.0,4178,739.086340751727
Data,7961,-0.0,0.0,3367.5911201182726,0.0,259.6088798817275,467.4,0.0,38.4,0,0,0.0,4133,259.6088798817275
Data,7962,-0.0,0.0,2958.541222562573,0.0,886.358777437428,602.7,0.0,38.4,0,0,0.0,4486,886.3587774374272
Data,7963,0.0,0.0,2600.6111044482013,0.0,1365.1588955517993,622.83,0.0,38.4,0,0,0.0,4627,1365.1588955517987
Data,7964,0.0,0.0,2624.722791086027,0.0,1235.227208913973,611.65,0.0,38.4,0,0,0.0,4510,1235.227208913973
Data,7965,0.0,0.0,2488.9059670899505,0.0,1395.9640329100496,536.73,0.0,38.4,0,0,0.0,4460,1395.9640329100494
Data,7966,0.0,0.0,2016.6954022084553,0.0,1707.0,420.44,0.0,186.2,0,-74.66459779154494,0.0,4405,1781.6645977915446
Data,7967,0.0,0.0,1716.1530174296313,0.0,1707.0,404.78,0.0,189.4,0,-177.66698257036842,0.0,4195,1884.6669825703686
Data,7968,0.0,0.0,1512.4275537112,0.0,1707.0,363.41,0.0,189.4,0,-546.7624462888004,0.0,4319,2253.7624462887998
Data,7969,0.0,0.0,1646.8935030862267,0.0,1707.0,298.55,0.0,186.2,0,-424.3564969137734,0.0,4263,2131.3564969137733
Data,7970,0.0,0.0,1583.707631031473,0.0,1707.0,313.09,0.0,186.2,0,-602.002368968527,0.0,4392,2309.0023689685268
Data,7971,0.0,0.0,1966.9250098190885,0.0,1707.0,338.81,0.0,186.2,0,-322.06499018091176,0.0,4521,2029.0649901809115
Data,7972,0.0,0.0,2215.3046294016294,0.0,1707.0,361.17,0.0,186.2,0,-203.32537059837068,0.0,4673,1910.3253705983707
Data,7973,0.0,0.0,2457.2644993375216,0.0,1707.0,386.89,0.0,186.2,0,-2.645500662478298,0.0,4740,1709.6455006624785
Data,7974,0.0,0.0,2588.1642789406296,0.0,1553.1857210593707,458.45,0.0,186.2,0,0,0.0,4786,1553.1857210593703
Data,7975,0.0,0.0,2811.895448006934,0.0,1403.3045519930656,442.8,0.0,183.0,0,0,0.0,4841,1403.3045519930658
Data,7976,-0.0,0.0,3097.806897846279,0.0,935.6831021537216,523.31,0.0,186.2,0,0,0.0,4743,935.6831021537212
Data,7977,-0.0,0.0,3418.7540540565406,0.0,979.3659459434591,441.68,0.0,35.2,0,0,0.0,4875,979.3659459434595
Data,7978,-0.0,0.0,3691.5272355859915,0.0,813.8227644140089,390.25,0.0,38.4,0,0,0.0,4934,813.8227644140085
Data,7979,-0.0,0.0,4206.273268167506,0.0,153.47673183249339,291.85,0.0,38.4,0,0,0.0,4690,153.47673183249387
Data,7980,-0.0,0.0,4888.111706124693,0.0,0.0,284.02,0.0,38.4,0,782.5317061246931,0.0,4428,-782.5317061246932
Data,7981,-0.0,0.0,5162.723194557109,0.0,0.0,258.3,0.0,38.4,0,1294.4231945571098,0.0,4165,-1294.4231945571094
Data,7982,-0.0,0.0,5186.256831920494,0.0,0.0,278.43,0.0,38.4,0,1286.0868319204933,0.0,4217,-1286.0868319204938
Data,7983,-0.0,0.0,5261.550773742085,0.0,0.0,290.73,0.0,38.4,0,1446.6807737420843,0.0,4144,-1446.680773742085
Data,7984,-0.0,0.0,5163.143761547906,0.0,0.0,361.17,0.0,38.4,0,1482.713761547907,0.0,4080,-1482.7137615479062
Data,7985,-0.0,0.0,4769.724987649411,0.0,0.0,554.62,0.0,38.4,0,1198.7449876494104,0.0,4164,-1198.7449876494106
Data,7986,-0.0,0.0,4773.89669298721,0.0,0.0,669.79,0.0,35.2,0,1065.88669298721,0.0,4413,-1065.8866929872104
Data,7987,-0.0,0.0,4666.259206666924,0.0,0.0,707.81,0.0,38.4,0,957.469206666924,0.0,4455,-957.4692066669239
Data,7988,0.0,0.0,4693.7752568040705,0.0,0.0,663.08,0.0,38.4,0,1066.25525680407,0.0,4329,-1066.2552568040705
Data,7989,0.0,0.0,4866.504541037111,0.0,0.0,589.28,0.0,38.4,0,1308.1845410371104,0.0,4186,-1308.1845410371113
Data,7990,0.0,0.0,4601.61297787988,0.0,0.0,419.32,0.0,38.4,0,1036.3329778798807,0.0,4023,-1036.3329778798804
Data,7991,0.0,0.0,4435.954906465774,0.0,0.0,394.72,0.0,38.4,0,1060.0749064657743,0.0,3809,-1060.0749064657741
Data,7992,0.0,0.0,4460.770420972067,0.0,0.0,367.88,0.0,38.4,0,980.0504209720666,0.0,3887,-980.0504209720668
Data,7993,0.0,0.0,4571.450313161868,0.0,0.0,328.75,0.0,35.2,0,1085.4003131618676,0.0,3850,-1085.4003131618676
Data,7994,0.0,0.0,4806.132617161018,0.0,0.0,349.99,0.0,35.2,0,1201.3226171610177,0.0,3990,-1201.3226171610181
Data,7995,0.0,0.0,4776.017409630178,0.0,0.0,357.82,0.0,35.2,0,1054.0374096301782,0.0,4115,-1054.037409630178
Data,7996,0.0,0.0,4397.791981647027,0.0,0.0,357.82,0.0,32.0,0,535.6119816470268,0.0,4252,-535.6119816470266
Data,7997,0.0,0.0,4727.143269606119,0.0,0.0,389.13,0.0,35.2,0,811.4732696061193,0.0,4340,-811.4732696061193
Data,7998,0.0,0.0,4472.80929609651,0.0,0.0,447.27,0.0,35.2,0,623.2792960965098,0.0,4332,-623.2792960965096
Data,7999,0.0,0.0,4634.1983369298105,0.0,0.0,472.99,0.0,35.2,0,812.3883369298103,0.0,4330,-812.3883369298105
Data,8000,-0.0,0.0,4541.029751892111,0.0,0.0,479.7,0.0,35.2,0,937.9297518921101,0.0,4118,-937.9297518921106
Data,8001,-0.0,0.0,4263.060859794074,0.0,0.0,436.09,0.0,35.2,0,466.35085979407364,0.0,4268,-466.3508597940736
Data,8002,-0.0,0.0,3828.9162978123804,0.0,0.0,297.44,0.0,35.2,0,-146.4437021876197,0.0,4308,146.44370218761958
Data,8003,-0.0,0.0,3821.8042635266215,0.0,0.0,257.18,0.0,35.2,0,-171.81573647337888,0.0,4286,171.81573647337848
Data,8004,-0.0,0.0,3523.95052210631,0.0,0.0,257.18,0.0,38.4,0,-372.46947789369074,0.0,4192,372.46947789369
Data,8005,-0.0,0.0,4376.671518225781,0.0,0.0,238.17,0.0,38.4,0,707.241518225781,0.0,3946,-707.2415182257812
Data,8006,-0.0,0.0,4505.733790607696,0.0,0.0,257.18,0.0,38.4,0,826.3137906076965,0.0,3975,-826.3137906076964
Data,8007,-0.0,0.0,4614.835759665596,0.0,0.0,272.84,0.0,38.4,0,968.0757596655965,0.0,3958,-968.075759665596
Data,8008,-0.0,0.0,4764.476793330297,0.0,0.0,296.32,0.0,35.2,0,1190.9967933302976,0.0,3905,-1190.9967933302974
Data,8009,-0.0,0.0,3973.520777769728,0.0,0.0,412.61,0.0,38.4,0,410.5307777697277,0.0,4014,-410.5307777697278
Data,8010,-0.0,0.0,3775.6814190297796,0.0,0.0,550.15,0.0,38.4,0,165.23141902977935,0.0,4199,-165.23141902977957
Data,8011,-0.0,0.0,4081.041833075891,0.0,0.0,591.52,0.0,38.4,0,461.961833075891,0.0,4249,-461.96183307589115
Data,8012,0.0,0.0,4010.3057647808214,0.0,0.0,556.85,0.0,38.4,0,459.5557647808211,0.0,4146,-459.5557647808214
Data,8013,0.0,0.0,3722.650935299651,0.0,0.0,486.41,0.0,38.4,0,267.46093529965077,0.0,3980,-267.4609352996509
Data,8014,0.0,0.0,4249.663651100591,0.0,0.0,377.95,0.0,35.2,0,868.8136511005907,0.0,3794,-868.8136511005908
Data,8015,0.0,0.0,4675.974030125391,0.0,0.0,334.34,0.0,38.4,0,1447.7140301253914,0.0,3601,-1447.7140301253914
Data,8016,0.0,0.0,4567.664943619991,0.0,0.0,315.33,0.0,38.4,0,1252.3949436199912,0.0,3669,-1252.3949436199914
Data,8017,0.0,0.0,4728.655517481081,0.0,0.0,287.37,0.0,35.2,0,1481.225517481081,0.0,3570,-1481.225517481081
Data,8018,0.0,0.0,4730.75080256509,0.0,0.0,315.33,0.0,35.2,0,1387.28080256509,0.0,3694,-1387.2808025650904
Data,8019,0.0,0.0,4450.982373491482,0.0,0.0,367.88,0.0,35.2,0,994.0623734914818,0.0,3860,-994.0623734914817
Data,8020,0.0,0.0,4593.412352479112,0.0,0.0,357.82,0.0,35.2,0,1004.4323524791121,0.0,3982,-1004.4323524791121
Data,8021,0.0,0.0,4422.256012104615,0.0,0.0,391.36,0.0,35.2,0,779.8160121046151,0.0,4069,-779.8160121046154
Data,8022,0.0,0.0,4209.455091567323,0.0,0.0,457.34,0.0,32.0,0,632.7950915673232,0.0,4066,-632.7950915673225
Data,8023,0.0,0.0,3777.281783857639,0.0,0.0,475.23,0.0,35.2,0,130.71178385763866,0.0,4157,-130.71178385763886
Data,8024,-0.0,0.0,3552.0921420690274,0.0,0.0,503.18,0.0,35.2,0,-57.52785793097287,0.0,4148,57.52785793097256
Data,8025,-0.0,0.0,3427.387725553719,0.0,0.0,424.91,0.0,35.2,0,-372.5022744462815,0.0,4260,372.5022744462809
Data,8026,-0.0,0.0,2501.965223464503,0.0,0.0,299.67,0.0,38.4,0,-1538.964776535497,0.0,4379,1538.9647765354969
Data,8027,-0.0,0.0,2419.0135853817496,0.0,0.0,265.01,0.0,38.4,0,-1623.5764146182498,0.0,4346,1623.5764146182503
Data,8028,-0.0,0.0,2200.793991873217,0.0,0.0,263.89,0.0,38.4,0,-1773.9160081267835,0.0,4277,1773.9160081267833
Data,8029,-0.0,0.0,1868.2102846001085,0.0,0.0,240.41,0.0,41.6,0,-1888.7797153998922,0.0,4039,1888.7797153998915
Data,8030,-0.0,0.0,2380.1609578310586,0.0,0.0,269.48,0.0,38.4,0,-1359.9590421689416,0.0,4048,1359.9590421689413
Data,8031,-0.0,0.0,1425.0166855636048,0.0,1707.0,305.26,0.0,41.6,0,-591.1233144363953,0.0,4070,2298.123314436395
Data,8032,-0.0,0.0,1908.2367457082273,0.0,0.0,357.82,0.0,189.4,0,-1636.5432542917727,0.0,4092,1636.5432542917727
Data,8033,-0.0,0.0,1761.6608270549416,0.0,202.89876699005185,507.65,0.0,540.4,0,-1155.3904059550064,0.0,4168,1358.2891729450585
Data,8034,-0.0,0.0,2188.5666617688435,0.0,0.0,592.64,0.0,543.6,0,-972.1933382311566,0.0,4297,972.1933382311565
Data,8035,0.0,0.0,2217.562286596778,0.0,0.0,637.36,0.0,540.4,0,-915.6777134032217,0.0,4311,915.677713403222
Data,8036,0.0,0.0,2625.1654909388903,0.0,0.0,632.89,0.0,540.4,0,-394.5445090611098,0.0,4193,394.5445090611097
Data,8037,0.0,0.0,2289.399739152175,0.0,0.0,556.85,0.0,543.6,0,-645.1502608478255,0.0,4035,645.1502608478252
Data,8038,0.0,0.0,2305.7273886642797,0.0,0.0,466.28,0.0,540.4,0,-551.59261133572,0.0,3864,551.5926113357203
Data,8039,0.0,0.0,2155.4250324581603,0.0,585.5249675418395,384.65,0.0,540.4,0,0,0.0,3666,585.5249675418397
Data,8040,0.0,0.0,2079.3893175410885,0.0,769.3806824589117,376.83,0.0,540.4,0,0,0.0,3766,769.3806824589115
Data,8041,0.0,0.0,2074.9699253775125,0.0,775.4800746224879,372.35,0.0,537.2,0,0,0.0,3760,775.4800746224875
Data,8042,0.0,0.0,2202.678882783098,0.0,0.0,379.06,0.0,540.4,0,-890.8611172169019,0.0,4013,890.8611172169021
Data,8043,0.0,0.0,2075.6924555904325,0.0,1133.9775444095676,389.13,0.0,537.2,0,0,0.0,4136,1133.9775444095676
Data,8044,0.0,0.0,2164.851659439693,0.0,0.0,379.06,0.0,537.2,0,-1120.8883405603074,0.0,4202,1120.8883405603071
Data,8045,0.0,0.0,1513.8175641393382,0.0,1707.0,420.44,0.0,537.2,0,-61.54243586066184,0.0,4240,1768.5424358606617
Data,8046,0.0,0.0,1714.4832515624325,0.0,1563.1567484375678,465.16,0.0,537.2,0,0,0.0,4280,1563.1567484375673
Data,8047,0.0,0.0,2140.6888373184324,0.0,1088.6311626815677,515.48,0.0,537.2,0,0,0.0,4282,1088.6311626815675
Data,8048,-0.0,0.0,1960.5349532054383,0.0,1169.5150467945618,544.55,0.0,540.4,0,0,0.0,4215,1169.5150467945618
Data,8049,-0.0,0.0,2160.89438894449,0.0,1131.6356110555103,447.27,0.0,537.2,0,0,0.0,4277,1131.63561105551
Data,8050,-0.0,0.0,2558.836545001741,0.0,1145.4934549982593,324.27,0.0,189.4,0,0,0.0,4218,1145.493454998259
Data,8051,-0.0,0.0,3038.5892941504317,0.0,535.3507058495682,280.66,0.0,189.4,0,0,0.0,4044,535.3507058495683
Data,8052,-0.0,0.0,3615.038170196773,0.0,0.0,276.19,0.0,189.4,0,164.62817019677308,0.0,3916,-164.62817019677308
Data,8053,-0.0,0.0,2791.5316918568033,0.0,472.358308143197,252.71,0.0,189.4,0,0,0.0,3706,472.3583081431967
Data,8054,-0.0,0.0,3446.7456949846965,0.0,0.0,270.6,0.0,189.4,0,88.74569498469633,0.0,3818,-88.74569498469648
Data,8055,-0.0,0.0,2876.3188775941176,0.0,518.7711224058826,326.51,0.0,189.4,0,0,0.0,3911,518.7711224058825
Data,8056,-0.0,0.0,2792.913757464009,0.0,708.9362425359909,347.75,0.0,189.4,0,0,0.0,4039,708.936242535991
Data,8057,-0.0,0.0,2387.1690597464976,0.0,1123.130940253502,504.3,0.0,189.4,0,0,0.0,4204,1123.1309402535023
Data,8058,-0.0,0.0,2901.2225463739355,0.0,707.9774536260647,590.4,0.0,189.4,0,0,0.0,4389,707.9774536260645
Data,8059,-0.0,0.0,3136.2601789037035,0.0,518.7598210962967,601.58,0.0,189.4,0,0,0.0,4446,518.7598210962965
Data,8060,-0.0,0.0,2918.8732380448214,0.0,686.0967619551787,573.63,0.0,189.4,0,0,0.0,4368,686.0967619551786
Data,8061,0.0,0.0,3616.0246173522105,0.0,0.0,550.15,0.0,189.4,0,88.5746173522108,0.0,4267,-88.57461735221048
Data,8062,0.0,0.0,3486.7679207771907,0.0,0.0,476.35,0.0,189.4,0,20.517920777190938,0.0,4132,-20.517920777190767
Data,8063,0.0,0.0,2998.347674770179,0.0,329.5923252298213,403.66,0.0,189.4,0,0,0.0,3921,329.5923252298211
Data,8064,0.0,0.0,3666.8161395563297,0.0,0.0,367.88,0.0,189.4,0,253.09613955632992,0.0,3971,-253.09613955632975
Data,8065,0.0,0.0,3444.042003630099,0.0,0.0,355.58,0.0,537.2,0,431.82200363009844,0.0,3905,-431.8220036300989
Data,8066,0.0,0.0,3287.0501328266214,0.0,0.0,386.89,0.0,537.2,0,161.14013282662125,0.0,4050,-161.14013282662143
Data,8067,0.0,0.0,3393.3138414190194,0.0,0.0,390.25,0.0,537.2,0,138.76384141901934,0.0,4182,-138.7638414190194
Data,8068,0.0,0.0,2873.5737468515877,0.0,514.5562531484125,422.67,0.0,537.2,0,0,0.0,4348,514.5562531484122
Data,8069,0.0,0.0,2660.472093028897,0.0,797.7679069711032,440.56,0.0,537.2,0,0,0.0,4436,797.7679069711032
Data,8070,0.0,0.0,2941.912057312457,0.0,507.2179426875433,471.87,0.0,534.0,0,0,0.0,4455,507.2179426875431
Data,8071,0.0,0.0,3010.368974241435,0.0,375.7310257585654,602.7,0.0,537.2,0,0,0.0,4526,375.731025758565
Data,8072,-0.0,0.0,3778.3265531829275,0.0,0.0,634.01,0.0,537.2,0,537.5365531829277,0.0,4412,-537.5365531829275
Data,8073,-0.0,0.0,3623.073755786611,0.0,229.13624421338943,571.39,0.0,38.4,0,0,0.0,4462,229.13624421338906
Data,8074,-0.0,0.0,3813.288546886828,0.0,235.74145311317233,459.57,0.0,38.4,0,0,0.0,4547,235.74145311317196
Data,8075,-0.0,0.0,2681.4397643680218,0.0,1518.7002356319786,354.46,0.0,38.4,0,0,0.0,4593,1518.7002356319783
Data,8076,-0.0,0.0,2767.256352841656,0.0,1209.4836471583444,329.86,0.0,38.4,0,0,0.0,4345,1209.4836471583442
Data,8077,-0.0,0.0,2931.832158932116,0.0,791.1578410678842,289.61,0.0,38.4,0,0,0.0,4051,791.1578410678842
Data,8078,-0.0,0.0,2677.0319984785724,0.0,1133.608001521428,292.96,0.0,38.4,0,0,0.0,4142,1133.6080015214277
Data,8079,-0.0,0.0,2333.5141559658423,0.0,1413.3358440341578,328.75,0.0,38.4,0,0,0.0,4114,1413.3358440341576
Data,8080,-0.0,0.0,2014.034352152107,0.0,1670.675647847893,436.09,0.0,35.2,0,0,0.0,4156,1670.675647847893
Data,8081,-0.0,0.0,2313.3377255461473,0.0,803.5122744538526,574.75,0.0,540.4,0,0,0.0,4232,803.5122744538527
Data,8082,-0.0,0.0,1607.930400756999,0.0,1616.5995992430005,644.07,0.0,540.4,0,0,0.0,4409,1616.599599243001
Data,8083,-0.0,0.0,1983.4276814810746,0.0,1252.3723185189256,688.8,0.0,540.4,0,0,0.0,4465,1252.3723185189256
Data,8084,0.0,0.0,1740.4156040361972,0.0,1406.2743959638028,670.91,0.0,540.4,0,0,0.0,4358,1406.2743959638028
Data,8085,0.0,0.0,1691.790887963223,0.0,1465.169112036777,592.64,0.0,540.4,0,0,0.0,4290,1465.169112036777
Data,8086,0.0,0.0,1317.8443558701085,0.0,1707.0,478.58,0.0,540.4,0,-128.17564412989145,0.0,4172,1835.1756441298915
Data,8087,0.0,0.0,1106.1775753051193,0.0,1707.0,386.89,0.0,537.2,0,-241.73242469488105,0.0,3979,1948.7324246948806
Data,8088,0.0,0.0,952.6678954967321,0.0,1707.0,372.35,0.0,540.4,0,-432.58210450326794,0.0,4005,2139.582104503268
Data,8089,0.0,0.0,1174.8805451218277,0.0,1707.0,380.18,0.0,537.2,0,-104.73945487817264,0.0,3904,1811.7394548781722
Data,8090,0.0,0.0,884.3077337159783,0.0,1707.0,412.61,0.0,537.2,0,-464.88226628402174,0.0,4006,2171.8822662840216
Data,8091,0.0,0.0,1049.3923798331907,0.0,1707.0,414.85,0.0,537.2,0,-414.55762016680956,0.0,4123,2121.557620166809
Data,8092,0.0,0.0,902.33795885804,0.0,1707.0,434.97,0.0,534.0,0,-672.6920411419597,0.0,4251,2379.69204114196
Data,8093,0.0,0.0,701.3983402669932,0.0,1707.0,431.62,0.0,537.2,0,-936.7816597330071,0.0,4314,2643.7816597330066
Data,8094,0.0,0.0,793.1899758429895,0.0,1707.0,472.99,0.0,537.2,0,-783.6200241570109,0.0,4294,2490.6200241570104
Data,8095,0.0,0.0,826.0783668597455,0.0,1707.0,584.81,0.0,537.2,0,-582.9116331402547,0.0,4238,2289.9116331402547
Data,8096,-0.0,0.0,1392.5530015716054,0.0,1388.7469984283948,676.5,0.0,537.2,0,0,0.0,3995,1388.7469984283946
Data,8097,-0.0,0.0,1826.9008697410516,0.0,1579.5391302589483,514.36,0.0,35.2,0,0,0.0,3956,1579.5391302589485
Data,8098,-0.0,0.0,1717.348871332535,0.0,1707.0,365.65,0.0,38.4,0,-154.60112866746462,0.0,3983,1861.601128667465
Data,8099,-0.0,0.0,1583.5260478274124,0.0,1707.0,286.25,0.0,38.4,0,-223.82395217258733,0.0,3839,1930.8239521725875
Data,8100,-0.0,0.0,1413.4052183782321,0.0,1707.0,282.9,0.0,38.4,0,-472.2947816217675,0.0,3914,2179.294781621768
Data,8101,-0.0,0.0,1367.7319617715366,0.0,1707.0,248.24,0.0,38.4,0,-462.6280382284631,0.0,3824,2169.6280382284635
Data,8102,-0.0,0.0,1585.129965545965,0.0,1707.0,253.83,0.0,35.2,0,-234.84003445403522,0.0,3816,1941.840034454035
Data,8103,-0.0,0.0,1946.0671118667467,0.0,1517.8828881332531,261.65,0.0,38.4,0,0,0.0,3764,1517.8828881332533
Data,8104,-0.0,0.0,1847.4045965670762,0.0,1539.2754034329237,320.92,0.0,38.4,0,0,0.0,3746,1539.275403432924
Data,8105,-0.0,0.0,1693.173725503994,0.0,1601.416274496006,511.01,0.0,38.4,0,0,0.0,3844,1601.4162744960058
Data,8106,-0.0,0.0,1595.8458522061233,0.0,1384.8041477938764,642.95,0.0,540.4,0,0,0.0,4164,1384.8041477938768
Data,8107,-0.0,0.0,1413.8859342736355,0.0,1625.374065726365,752.54,0.0,537.2,0,0,0.0,4329,1625.3740657263645
Data,8108,-0.0,0.0,1213.7619025729205,0.0,1707.0,750.3,0.0,540.4,0,-30.538097427079812,0.0,4242,1737.5380974270797
Data,8109,0.0,0.0,1185.9300427463907,0.0,1706.5999572536095,693.27,0.0,537.2,0,0,0.0,4123,1706.5999572536093
Data,8110,0.0,0.0,1284.9570781091488,0.0,1642.452921890851,522.19,0.0,540.4,0,0,0.0,3990,1642.452921890851
Data,8111,0.0,0.0,1408.9101531657136,0.0,1454.8498468342866,445.04,0.0,537.2,0,0,0.0,3846,1454.8498468342864
Data,8112,0.0,0.0,1577.8024839192135,0.0,1394.1775160807865,431.62,0.0,540.4,0,0,0.0,3944,1394.1775160807865
Data,8113,0.0,0.0,1688.8796574539783,0.0,1352.0403425460217,367.88,0.0,537.2,0,0,0.0,3946,1352.0403425460217
Data,8114,0.0,0.0,1762.820849807599,0.0,1418.889150192401,362.29,0.0,534.0,0,0,0.0,4078,1418.889150192401
Data,8115,0.0,0.0,1743.9657815059136,0.0,1562.5442184940866,362.29,0.0,537.2,0,0,0.0,4206,1562.5442184940864
Data,8116,0.0,0.0,1675.9338762564137,0.0,1687.1761237435865,386.89,0.0,534.0,0,0,0.0,4284,1687.1761237435862
Data,8117,0.0,0.0,1658.6519919668135,0.0,1707.0,383.54,0.0,537.2,0,-43.60800803318676,0.0,4330,1750.6080080331865
Data,8118,0.0,0.0,1731.2055119180272,0.0,1533.9044880819729,460.69,0.0,537.2,0,0,0.0,4263,1533.9044880819727
Data,8119,0.0,0.0,1980.3163465852135,0.0,967.4236534147863,551.26,0.0,534.0,0,0,0.0,4033,967.4236534147865
Data,8120,-0.0,0.0,2400.4326604451267,0.0,690.0373395548733,561.33,0.0,35.2,0,0,0.0,3687,690.0373395548733
Data,8121,-0.0,0.0,2453.7427667839265,0.0,692.2372332160732,407.02,0.0,32.0,0,0,0.0,3585,692.2372332160735
Data,8122,-0.0,0.0,2089.9711830126757,0.0,1120.0788169873238,298.55,0.0,38.4,0,0,0.0,3547,1120.0788169873242
Data,8123,-0.0,0.0,2925.6496860274547,0.0,307.25031397254565,233.7,0.0,38.4,0,0,0.0,3505,307.25031397254537
Data,8124,-0.0,0.0,2521.981678452866,0.0,653.5683215471335,237.05,0.0,38.4,0,0,0.0,3451,653.5683215471338
Data,8125,-0.0,0.0,2700.310717790176,0.0,386.4292822098238,206.86,0.0,38.4,0,0,0.0,3332,386.4292822098239
Data,8126,-0.0,0.0,2775.4000744673103,0.0,175.21992553268979,207.98,0.0,38.4,0,0,0.0,3197,175.21992553268967
Data,8127,-0.0,0.0,2717.191474711776,0.0,139.088525288224,222.52,0.0,35.2,0,0,0.0,3114,139.08852528822376
Data,8128,-0.0,0.0,2669.2897142066267,0.0,133.87028579337306,297.44,0.0,38.4,0,0,0.0,3139,133.87028579337326
Data,8129,-0.0,0.0,2875.9346184176366,0.0,0.0,470.75,0.0,38.4,0,13.084618417636694,0.0,3372,-13.084618417636555
Data,8130,-0.0,0.0,1999.408572182555,0.0,1146.551427817445,592.64,0.0,38.4,0,0,0.0,3777,1146.551427817445
Data,8131,-0.0,0.0,1792.1863144490517,0.0,1506.3536855509483,674.26,0.0,35.2,0,0,0.0,4008,1506.3536855509483
Data,8132,0.0,0.0,2043.8376685112567,0.0,1066.5023314887435,674.26,0.0,189.4,0,0,0.0,3974,1066.5023314887433
Data,8133,0.0,0.0,2267.14494253834,0.0,801.2150574616599,617.24,0.0,189.4,0,0,0.0,3875,801.2150574616602
Data,8134,0.0,0.0,2427.474178792331,0.0,631.8658212076693,477.46,0.0,186.2,0,0,0.0,3723,631.8658212076692
Data,8135,0.0,0.0,2934.589307227045,0.0,39.11069277295484,405.9,0.0,189.4,0,0,0.0,3569,39.110692772954934
Data,8136,0.0,0.0,3210.8658581202767,0.0,0.0,393.6,0.0,189.4,0,149.86585812027673,0.0,3644,-149.86585812027673
Data,8137,0.0,0.0,2969.9203152359955,0.0,108.89968476400436,380.18,0.0,183.0,0,0,0.0,3642,108.89968476400446
Data,8138,0.0,0.0,2723.495035830942,0.0,482.05496416905845,409.25,0.0,186.2,0,0,0.0,3801,482.054964169058
Data,8139,0.0,0.0,3297.8812036967665,0.0,21.768796303233433,427.15,0.0,186.2,0,0,0.0,3933,21.7687963032335
Data,8140,0.0,0.0,3441.0788568908965,0.0,132.5911431091038,438.33,0.0,32.0,0,0,0.0,4044,132.59114310910348
Data,8141,0.0,0.0,3487.8555407445024,0.0,159.95445925549834,472.99,0.0,35.2,0,0,0.0,4156,159.95445925549762
Data,8142,0.0,0.0,3219.988861284315,0.0,384.261138715685,544.55,0.0,35.2,0,0,0.0,4184,384.2611387156849
Data,8143,0.0,0.0,3150.0213431094535,0.0,415.61865689054696,588.16,0.0,35.2,0,0,0.0,4189,415.61865689054656
Data,8144,-0.0,0.0,2770.157517701355,0.0,568.722482298645,616.12,0.0,32.0,0,0,0.0,3987,568.7224822986449
Data,8145,-0.0,0.0,3083.056479385381,0.0,458.60352061461924,531.14,0.0,35.2,0,0,0.0,4108,458.6035206146191
Data,8146,-0.0,0.0,2547.8328170278023,0.0,1247.907182972198,379.06,0.0,35.2,0,0,0.0,4210,1247.9071829721977
Data,8147,-0.0,0.0,2221.7294617756816,0.0,1613.3905382243188,269.48,0.0,38.4,0,0,0.0,4143,1613.3905382243183
Data,8148,-0.0,0.0,2136.1999805531736,0.0,1618.3600194468263,248.24,0.0,35.2,0,0,0.0,4038,1618.3600194468263
Data,8149,-0.0,0.0,2887.467241985697,0.0,599.1927580143026,235.94,0.0,38.4,0,0,0.0,3761,599.192758014303
Data,8150,-0.0,0.0,2315.565872850546,0.0,1151.4241271494536,289.61,0.0,38.4,0,0,0.0,3795,1151.424127149454
Data,8151,-0.0,0.0,2407.3794375265907,0.0,1010.620562473409,319.8,0.0,35.2,0,0,0.0,3773,1010.6205624734093
Data,8152,-0.0,0.0,2407.6568583059366,0.0,874.3231416940636,431.62,0.0,38.4,0,0,0.0,3752,874.3231416940635
Data,8153,-0.0,0.0,1994.1296716963054,0.0,1383.8803283036943,497.59,0.0,38.4,0,0,0.0,3914,1383.8803283036946
Data,8154,-0.0,0.0,2173.0453272897885,0.0,1163.0646727102117,583.69,0.0,186.2,0,0,0.0,4106,1163.0646727102114
Data,8155,-0.0,0.0,2399.257157919027,0.0,948.0928420809728,636.25,0.0,189.4,0,0,0.0,4173,948.0928420809729
Data,8156,0.0,0.0,2465.9430708035125,0.0,760.5769291964875,663.08,0.0,189.4,0,0,0.0,4079,760.5769291964875
Data,8157,0.0,0.0,2749.5675635245543,0.0,419.0724364754459,588.16,0.0,186.2,0,0,0.0,3943,419.0724364754457
Data,8158,0.0,0.0,2679.2964747612164,0.0,428.08352523878347,456.22,0.0,189.4,0,0,0.0,3753,428.08352523878364
Data,8159,0.0,0.0,2465.4878805891885,0.0,515.1121194108117,418.2,0.0,186.2,0,0,0.0,3585,515.1121194108115
Data,8160,0.0,0.0,2445.023618098117,0.0,586.3863819018828,399.19,0.0,189.4,0,0,0.0,3620,586.386381901883
Data,8161,0.0,0.0,2485.2193893056287,0.0,507.17061069437176,363.41,0.0,186.2,0,0,0.0,3542,507.17061069437125
Data,8162,0.0,0.0,2551.6493846313283,0.0,705.4006153686718,377.95,0.0,32.0,0,0,0.0,3667,705.4006153686717
Data,8163,0.0,0.0,2703.8396319262306,0.0,674.0103680737695,377.95,0.0,35.2,0,0,0.0,3791,674.0103680737694
Data,8164,0.0,0.0,2633.595896462127,0.0,828.9741035378734,401.43,0.0,32.0,0,0,0.0,3896,828.9741035378731
Data,8165,0.0,0.0,2512.8663767530143,0.0,1034.453623246986,392.48,0.0,35.2,0,0,0.0,3975,1034.4536232469857
Data,8166,0.0,0.0,2610.778922341766,0.0,895.9410776582345,466.28,0.0,32.0,0,0,0.0,4005,895.9410776582342
Data,8167,0.0,0.0,2624.779208588811,0.0,870.9707914111891,483.05,0.0,35.2,0,0,0.0,4014,870.9707914111891
Data,8168,-0.0,0.0,2659.2912323083533,0.0,864.0287676916469,515.48,0.0,35.2,0,0,0.0,4074,864.0287676916466
Data,8169,-0.0,0.0,2510.4195558697115,0.0,1161.6204441302884,415.96,0.0,32.0,0,0,0.0,4120,1161.6204441302884
Data,8170,-0.0,0.0,2859.7442950880672,0.0,1062.5257049119327,290.73,0.0,32.0,0,0,0.0,4245,1062.5257049119327
Data,8171,-0.0,0.0,3177.947874852201,0.0,610.4821251477988,238.17,0.0,38.4,0,0,0.0,4065,610.482125147799
Data,8172,-0.0,0.0,3168.9155967793845,0.0,565.7244032206162,219.16,0.0,35.2,0,0,0.0,3989,565.7244032206155
Data,8173,-0.0,0.0,2397.767438723624,0.0,1146.3225612763763,203.51,0.0,38.4,0,0,0.0,3786,1146.322561276376
Data,8174,-0.0,0.0,2232.6274611165727,0.0,1331.4725388834281,233.7,0.0,35.2,0,0,0.0,3833,1331.4725388834272
Data,8175,-0.0,0.0,1998.8612397288944,0.0,1425.1787602711056,317.56,0.0,38.4,0,0,0.0,3780,1425.1787602711056
Data,8176,-0.0,0.0,1575.9618623137,0.0,1703.5381376863,381.3,0.0,35.2,0,0,0.0,3696,1703.5381376863
Data,8177,-0.0,0.0,1575.9635282133,0.0,1156.2864717867,495.35,0.0,540.4,0,0,0.0,3768,1156.2864717867
Data,8178,-0.0,0.0,1285.0992182863001,0.0,1534.6507817136999,606.05,0.0,537.2,0,0,0.0,3963,1534.6507817136999
Data,8179,-0.0,0.0,1272.0097627475682,0.0,1707.0,715.64,0.0,356.2833,0,-28.066937252432005,0.0,4079,1735.066937252432
Data,8180,0.0,0.0,1541.3470430417553,0.0,1241.8729569582445,675.38,0.0,540.4,0,0,0.0,3999,1241.8729569582447
Data,8181,0.0,0.0,1640.2135979861102,0.0,1115.79640201389,546.79,0.0,537.2,0,0,0.0,3840,1115.7964020138897
Data,8182,0.0,0.0,2009.720161819393,0.0,692.259838180607,431.62,0.0,540.4,0,0,0.0,3674,692.259838180607
Data,8183,0.0,0.0,2343.288428172006,0.0,239.51157182799412,369.0,0.0,537.2,0,0,0.0,3489,239.51157182799375
Data,8184,0.0,0.0,2575.458432702444,0.0,111.61156729755584,364.53,0.0,540.4,0,0,0.0,3592,111.61156729755601
Data,8185,0.0,0.0,2591.739574174307,0.0,95.19042582569338,348.87,0.0,537.2,0,0,0.0,3573,95.19042582569284
Data,8186,0.0,0.0,3406.8381613130377,0.0,0.0,363.41,0.0,534.0,0,633.2481613130374,0.0,3671,-633.2481613130378
Data,8187,0.0,0.0,3446.8797256290386,0.0,0.0,394.72,0.0,537.2,0,564.7997256290386,0.0,3814,-564.7997256290387
Data,8188,0.0,0.0,3483.616608108584,0.0,0.0,414.85,0.0,537.2,0,506.66660810858343,0.0,3929,-506.666608108584
Data,8189,0.0,0.0,3091.703203225021,0.0,0.0,423.79,0.0,534.0,0,30.493203225020864,0.0,4019,-30.493203225020864
Data,8190,0.0,0.0,2886.845146531354,0.0,514.274853468646,441.68,0.0,186.2,0,0,0.0,4029,514.2748534686458
Data,8191,0.0,0.0,3168.1073796488945,0.0,345.3726203511057,468.52,0.0,32.0,0,0,0.0,4014,345.3726203511055
Data,8192,-0.0,0.0,3019.432692587023,0.0,470.04730741297686,419.32,0.0,35.2,0,0,0.0,3944,470.0473074129768
Data,8193,-0.0,0.0,3253.482961466355,0.0,492.2370385336455,343.28,0.0,32.0,0,0,0.0,4121,492.2370385336451
Data,8194,-0.0,0.0,2757.9481511742174,0.0,1257.0718488257837,281.78,0.0,35.2,0,0,0.0,4332,1257.0718488257826
Data,8195,-0.0,0.0,2028.96445910665,0.0,1707.0,242.65,0.0,38.4,0,-355.98554089335005,0.0,4373,2062.98554089335
Data,8196,-0.0,0.0,1957.8812512873033,0.0,1707.0,230.35,0.0,38.4,0,-308.36874871269714,0.0,4242,2015.3687487126967
Data,8197,-0.0,0.0,1979.372203235843,0.0,1707.0,249.35,0.0,41.6,0,-43.677796764156994,0.0,4021,1750.677796764157
Data,8198,-0.0,0.0,1582.0464274280455,0.0,1707.0,271.72,0.0,38.4,0,-552.8335725719546,0.0,4152,2259.8335725719544
Data,8199,-0.0,0.0,2426.0877574594174,0.0,1281.1622425405826,304.15,0.0,41.6,0,0,0.0,4053,1281.1622425405826
Data,8200,-0.0,0.0,1977.6984787913034,0.0,1623.3415212086966,391.36,0.0,41.6,0,0,0.0,4034,1623.3415212086966
Data,8201,-0.0,0.0,2105.606688041199,0.0,1411.9733119588007,530.02,0.0,38.4,0,0,0.0,4086,1411.9733119588009
Data,8202,-0.0,0.0,2657.1869950146315,0.0,866.4730049853688,604.94,0.0,38.4,0,0,0.0,4167,866.4730049853684
Data,8203,0.0,0.0,2560.3774825504292,0.0,792.1325174495709,632.89,0.0,192.6,0,0,0.0,4178,792.1325174495707
Data,8204,0.0,0.0,2227.3621595352997,0.0,1085.3478404647005,583.69,0.0,192.6,0,0,0.0,4089,1085.3478404647003
Data,8205,0.0,0.0,2011.5612530813703,0.0,867.2687469186295,508.77,0.0,540.4,0,0,0.0,3928,867.2687469186297
Data,8206,0.0,0.0,1323.7073995801923,0.0,1444.0626004198077,450.63,0.0,543.6,0,0,0.0,3762,1444.0626004198077
Data,8207,0.0,0.0,1183.1729834260923,0.0,1512.1870165739074,371.24,0.0,540.4,0,0,0.0,3607,1512.1870165739078
Data,8208,0.0,0.0,1129.7229736830177,0.0,1662.3870263169824,362.29,0.0,543.6,0,0,0.0,3698,1662.3870263169822
Data,8209,0.0,0.0,1070.2057877654267,0.0,1683.5342122345735,379.06,0.0,537.2,0,0,0.0,3670,1683.5342122345733
Data,8210,0.0,0.0,1193.4107974842098,0.0,1680.4192025157902,385.77,0.0,540.4,0,0,0.0,3800,1680.4192025157904
Data,8211,0.0,0.0,1357.3411578007913,0.0,1643.2688421992088,399.19,0.0,537.2,0,0,0.0,3937,1643.2688421992086
Data,8212,0.0,0.0,1307.7561739392593,0.0,1707.0,433.85,0.0,540.4,0,-87.99382606074073,0.0,4077,1794.9938260607407
Data,8213,0.0,0.0,1333.3557385146612,0.0,1707.0,474.11,0.0,537.2,0,-139.33426148533886,0.0,4191,1846.3342614853386
Data,8214,0.0,0.0,1494.9250257381168,0.0,1707.0,484.17,0.0,189.4,0,-309.50497426188304,0.0,4185,2016.5049742618833
Data,8215,0.0,0.0,1701.3017097474612,0.0,1707.0,549.03,0.0,186.2,0,-19.46829025253919,0.0,4163,1726.4682902525387
Data,8216,-0.0,0.0,1868.288798770551,0.0,1398.6012012294493,547.91,0.0,186.2,0,0,0.0,4001,1398.601201229449
Data,8217,-0.0,0.0,1804.481795637399,0.0,1707.0,452.86,0.0,38.4,0,-76.25820436260062,0.0,4079,1783.258204362601
Data,8218,-0.0,0.0,1805.1682178306403,0.0,1707.0,375.71,0.0,35.2,0,-248.92178216935991,0.0,4172,1955.9217821693596
Data,8219,-0.0,0.0,1776.1846226970247,0.0,1707.0,352.23,0.0,41.6,0,-277.985377302975,0.0,4155,1984.9853773029754
Data,8220,-0.0,0.0,2240.2526907845827,0.0,1448.1273092154174,333.22,0.0,38.4,0,0,0.0,4060,1448.1273092154172
Data,8221,-0.0,0.0,1965.142127389865,0.0,1528.507872610135,328.75,0.0,41.6,0,0,0.0,3864,1528.507872610135
Data,8222,-0.0,0.0,2165.2198710098887,0.0,1429.810128990111,336.57,0.0,38.4,0,0,0.0,3970,1429.8101289901113
Data,8223,-0.0,0.0,1989.1542133441008,0.0,1621.9657866558991,343.28,0.0,41.6,0,0,0.0,3996,1621.9657866558994
Data,8224,-0.0,0.0,2473.2425305772636,0.0,1110.5874694227361,385.77,0.0,38.4,0,0,0.0,4008,1110.5874694227364
Data,8225,-0.0,0.0,2588.528074375111,0.0,983.8219256248892,532.25,0.0,38.4,0,0,0.0,4143,983.8219256248891
Data,8226,-0.0,0.0,2526.9944739732914,0.0,1080.9355260267077,619.47,0.0,41.6,0,0,0.0,4269,1080.9355260267087
Data,8227,-0.0,0.0,3547.3055098369805,0.0,8.374490163019864,689.92,0.0,38.4,0,0,0.0,4284,8.374490163019551
Data,8228,0.0,0.0,3498.7889382405533,0.0,0.0,676.5,0.0,41.6,0,68.88893824055364,0.0,4148,-68.8889382405533
Data,8229,0.0,0.0,3614.72455562642,0.0,0.0,638.48,0.0,38.4,0,272.60455562642005,0.0,4019,-272.60455562642017
Data,8230,0.0,0.0,3926.422488585374,0.0,0.0,516.6,0.0,38.4,0,613.422488585374,0.0,3868,-613.4224885853741
Data,8231,0.0,0.0,3568.4151000465863,0.0,0.0,426.03,0.0,41.6,0,302.04510004658664,0.0,3734,-302.0451000465863
Data,8232,0.0,0.0,3074.3193374864295,0.0,270.55066251357056,413.73,0.0,38.4,0,0,0.0,3797,270.5506625135705
Data,8233,0.0,0.0,3235.518291565167,0.0,0.0,428.26,0.0,38.4,0,34.17829156516704,0.0,3668,-34.178291565167136
Data,8234,0.0,0.0,3085.385700734023,0.0,206.49429926597713,443.92,0.0,35.2,0,0,0.0,3771,206.49429926597702
Data,8235,0.0,0.0,3234.843300637634,0.0,191.03669936236608,443.92,0.0,35.2,0,0,0.0,3905,191.036699362366
Data,8236,0.0,0.0,3205.5173184379214,0.0,301.56268156207847,468.52,0.0,38.4,0,0,0.0,4014,301.56268156207864
Data,8237,0.0,0.0,3241.9348133215212,0.0,382.6351866784788,475.23,0.0,35.2,0,0,0.0,4135,382.63518667847876
Data,8238,0.0,0.0,3150.4494926006287,0.0,441.23050739937156,493.12,0.0,35.2,0,0,0.0,4120,441.23050739937133
Data,8239,0.0,0.0,3660.257835588838,0.0,0.0,600.46,0.0,38.4,0,127.1178355888376,0.0,4172,-127.11783558883818
Data,8240,-0.0,0.0,3271.98179599606,0.0,299.4082040039402,609.41,0.0,35.2,0,0,0.0,4216,299.40820400393994
Data,8241,-0.0,0.0,3574.9974168591,0.0,288.6125831408998,522.19,0.0,35.2,0,0,0.0,4421,288.61258314089974
Data,8242,-0.0,0.0,3451.401409516804,0.0,674.5885904831958,461.81,0.0,35.2,0,0,0.0,4623,674.588590483196
Data,8243,-0.0,0.0,3592.0327669462895,0.0,493.69723305370997,422.67,0.0,41.6,0,0,0.0,4550,493.6972330537105
Data,8244,-0.0,0.0,4120.11214687039,0.0,0.0,377.95,0.0,38.4,0,126.46214687038938,0.0,4410,-126.46214687038955
Data,8245,-0.0,0.0,3685.3344099078386,0.0,84.56559009216183,356.7,0.0,38.4,0,0,0.0,4165,84.56559009216144
Data,8246,-0.0,0.0,3455.304977287594,0.0,395.46502271240695,376.83,0.0,38.4,0,0,0.0,4266,395.4650227124062
Data,8247,-0.0,0.0,3215.5222145702132,0.0,606.7377854297865,408.14,0.0,41.6,0,0,0.0,4272,606.7377854297868
Data,8248,-0.0,0.0,2617.209731034606,0.0,1105.2302689653945,465.16,0.0,38.4,0,0,0.0,4226,1105.2302689653939
Data,8249,-0.0,0.0,3001.9351989451525,0.0,549.6148010548479,606.05,0.0,38.4,0,0,0.0,4196,549.6148010548476
Data,8250,-0.0,0.0,3590.118578213482,0.0,0.0,691.04,0.0,41.6,0,49.75857821348242,0.0,4273,-49.75857821348209
Data,8251,-0.0,0.0,2760.466608135945,0.0,764.5833918640551,771.55,0.0,38.4,0,0,0.0,4335,764.583391864055
Data,8252,0.0,0.0,2688.0123322714517,0.0,784.7776677285491,707.81,0.0,38.4,0,0,0.0,4219,784.7776677285484
Data,8253,0.0,0.0,2582.3012648586396,0.0,787.9387351413598,637.36,0.0,38.4,0,0,0.0,4046,787.9387351413604
Data,8254,0.0,0.0,2745.641576224345,0.0,571.4184237756554,580.34,0.0,41.6,0,0,0.0,3939,571.4184237756549
Data,8255,0.0,0.0,2745.309577196952,0.0,322.74042280304815,525.55,0.0,189.4,0,0,0.0,3783,322.7404228030481
Data,8256,0.0,0.0,2526.0262741442193,0.0,672.6837258557808,509.89,0.0,189.4,0,0,0.0,3898,672.6837258557807
Data,8257,0.0,0.0,2395.466211936405,0.0,678.0937880635953,494.24,0.0,186.2,0,0,0.0,3754,678.0937880635947
Data,8258,0.0,0.0,1994.6366819105153,0.0,1207.813318089485,476.35,0.0,186.2,0,0,0.0,3865,1207.8133180894847
Data,8259,0.0,0.0,2324.9056010411505,0.0,972.8343989588491,452.86,0.0,189.4,0,0,0.0,3940,972.8343989588495
Data,8260,0.0,0.0,1703.5317811268826,0.0,1691.8682188731175,467.4,0.0,186.2,0,0,0.0,4049,1691.8682188731175
Data,8261,0.0,0.0,1798.367093364156,0.0,1618.5629066358442,471.87,0.0,186.2,0,0,0.0,4075,1618.562906635844
Data,8262,0.0,0.0,1698.926374822963,0.0,1669.3536251770372,468.52,0.0,186.2,0,0,0.0,4023,1669.353625177037
Data,8263,0.0,0.0,1626.6414846363468,0.0,1492.308515363653,507.65,0.0,189.4,0,0,0.0,3816,1492.3085153636532
Data,8264,-0.0,0.0,1342.7931660789145,0.0,1682.1568339210858,537.85,0.0,35.2,0,0,0.0,3598,1682.1568339210855
Data,8265,-0.0,0.0,1145.20907042599,0.0,1707.0,451.75,0.0,35.2,0,-243.84092957401026,0.0,3583,1950.84092957401
Data,8266,-0.0,0.0,1090.3920935894423,0.0,1707.0,380.18,0.0,35.2,0,-392.22790641055803,0.0,3605,2099.227906410558
Data,8267,-0.0,0.0,998.1640795261393,0.0,1707.0,362.29,0.0,41.6,0,-425.94592047386084,0.0,3535,2132.9459204738605
Data,8268,-0.0,0.0,1214.0639978963168,0.0,1707.0,366.76,0.0,38.4,0,-108.77600210368327,0.0,3435,1815.7760021036831
Data,8269,-0.0,0.0,1334.9565558411987,0.0,1525.403444158801,371.24,0.0,38.4,0,0,0.0,3270,1525.4034441588012
Data,8270,-0.0,0.0,1058.5000955277205,0.0,1707.0,375.71,0.0,38.4,0,-15.389904472279461,0.0,3195,1722.3899044722796
Data,8271,-0.0,0.0,1253.5694747464165,0.0,1466.7705252535836,379.06,0.0,41.6,0,0,0.0,3141,1466.7705252535834
Data,8272,-0.0,0.0,1162.2129302998294,0.0,1607.2470697001706,408.14,0.0,38.4,0,0,0.0,3216,1607.2470697001706
Data,8273,-0.0,0.0,1020.8876289688219,0.0,1373.6023710311779,474.11,0.0,540.4,0,0,0.0,3409,1373.602371031178
Data,8274,-0.0,0.0,975.5493729085647,-0.0,1586.7306270914357,616.12,0.0,543.6,0,0,0.0,3722,1586.7306270914353
Data,8275,-0.0,0.0,700.9726862256999,0.0,1707.0,715.64,0.0,189.4,0,-577.9873137743001,0.0,3891,2284.9873137743
Data,8276,0.0,0.0,606.1524012018571,0.0,1707.0,661.96,0.0,190.3061,0,-690.5814987981431,0.0,3856,2397.581498798143
Data,8277,0.0,0.0,478.5076541048,0.0,1707.0,566.92,0.0,484.1494,0,-471.4229458951997,0.0,3708,2178.4229458952
Data,8278,0.0,0.0,423.1046786866868,0.0,1707.0,505.42,0.0,540.4,0,-420.07532131331305,0.0,3596,2127.075321313313
Data,8279,0.0,0.0,292.19788141829997,0.0,1707.0,468.52,0.0,543.6,0,-490.68211858170014,0.0,3502,2197.6821185817
Data,8280,0.0,0.0,247.71546505033243,0.0,1707.0,460.69,0.0,540.4,0,-595.1945349496674,0.0,3551,2302.1945349496677
Data,8281,0.0,0.0,179.8399867885813,0.0,1707.0,457.34,0.0,537.2,0,-618.6200132114187,0.0,3500,2325.6200132114186
Data,8282,0.0,0.0,200.32792905823624,0.0,1707.0,493.12,0.0,537.2,0,-741.3520709417639,0.0,3679,2448.3520709417635
Data,8283,0.0,0.0,222.62660452693814,0.0,1707.0,511.01,0.0,537.2,0,-811.1633954730618,0.0,3789,2518.163395473062
Data,8284,0.0,0.0,293.08357112739856,0.0,1707.0,534.49,0.0,537.2,0,-869.2264288726019,0.0,3941,2576.2264288726014
Data,8285,0.0,0.0,495.43183957116037,0.0,1707.0,541.2,0.0,537.2,0,-695.16816042884,0.0,3976,2402.1681604288397
Data,8286,0.0,0.0,854.6517049134062,0.0,1707.0,545.67,0.0,537.2,0,-237.4782950865939,0.0,3882,1944.4782950865938
Data,8287,0.0,0.0,1064.1485621569,0.0,1707.0,536.73,0.0,186.2,0,-227.9214378431002,0.0,3722,1934.9214378431
Data,8288,-0.0,0.0,1121.4060155231136,0.0,1707.0,521.07,0.0,35.2,0,-117.32398447688644,0.0,3502,1824.3239844768864
Data,8289,-0.0,0.0,1668.3099147610135,0.0,1360.1800852389867,400.31,0.0,35.2,0,0,0.0,3464,1360.1800852389865
Data,8290,-0.0,0.0,1632.9572767573036,0.0,1490.7327232426965,351.11,0.0,35.2,0,0,0.0,3510,1490.7327232426965
Data,8291,-0.0,0.0,1320.7167789812736,0.0,1707.0,342.16,0.0,38.4,0,-76.72322101872639,0.0,3485,1783.7232210187265
Data,8292,-0.0,0.0,1531.7454620420315,0.0,1574.8645379579682,349.99,0.0,38.4,0,0,0.0,3495,1574.8645379579684
Data,8293,-0.0,0.0,1707.0669444571406,0.0,1346.253055542859,343.28,0.0,38.4,0,0,0.0,3435,1346.2530555428593
Data,8294,-0.0,0.0,1975.4237961908286,0.0,1013.066203809171,351.11,0.0,38.4,0,0,0.0,3378,1013.0662038091714
Data,8295,-0.0,0.0,1823.285897299925,0.0,1042.774102700075,383.54,0.0,38.4,0,0,0.0,3288,1042.774102700075
Data,8296,-0.0,0.0,2112.6529059161544,0.0,806.4370940838456,400.31,0.0,41.6,0,0,0.0,3361,806.4370940838456
Data,8297,-0.0,0.0,3144.249709727216,0.0,0.0,455.1,0.0,38.4,0,251.7497097272158,0.0,3386,-251.74970972721624
Data,8298,-0.0,0.0,3616.9835331985983,0.0,0.0,623.95,0.0,38.4,0,600.3335331985986,0.0,3679,-600.3335331985983
Data,8299,-0.0,0.0,3263.377345824716,0.0,0.0,714.52,0.0,38.4,0,180.2973458247159,0.0,3836,-180.29734582471602
Data,8300,0.0,0.0,3318.050139231161,0.0,0.0,663.08,0.0,38.4,0,230.53013923116106,0.0,3789,-230.53013923116126
Data,8301,0.0,0.0,2915.757603384548,0.0,113.55239661545195,608.29,0.0,38.4,0,0,0.0,3676,113.55239661545201
Data,8302,0.0,0.0,3315.687032518597,0.0,0.0,553.5,0.0,38.4,0,327.587032518597,0.0,3580,-327.58703251859686
Data,8303,0.0,0.0,3083.4883970586593,0.0,0.0,523.31,0.0,38.4,0,221.19839705865917,0.0,3424,-221.19839705865925
Data,8304,0.0,0.0,3328.7299639655494,0.0,0.0,506.54,0.0,38.4,0,413.6699639655492,0.0,3460,-413.66996396554936
Data,8305,0.0,0.0,2952.087010429396,0.0,0.0,480.82,0.0,35.2,0,103.10701042939583,0.0,3365,-103.10701042939583
Data,8306,0.0,0.0,3349.1612245648594,0.0,0.0,485.29,0.0,35.2,0,432.6512245648592,0.0,3437,-432.6512245648594
Data,8307,0.0,0.0,2741.2599850979536,0.0,273.47001490204656,521.07,0.0,35.2,0,0,0.0,3571,273.47001490204633
Data,8308,0.0,0.0,3109.7913845856147,0.0,0.0,551.26,0.0,35.2,0,49.25138458561465,0.0,3647,-49.251384585614645
Data,8309,0.0,0.0,2293.3484836614316,0.0,830.1715163385686,589.28,0.0,35.2,0,0,0.0,3748,830.1715163385684
Data,8310,0.0,0.0,2524.332713680954,0.0,575.2872863190462,626.18,0.0,35.2,0,0,0.0,3761,575.2872863190461
Data,8311,0.0,0.0,2560.6220336342317,0.0,588.9879663657686,645.19,0.0,35.2,0,0,0.0,3830,588.9879663657682
Data,8312,-0.0,0.0,2553.9145753782836,0.0,569.5554246217167,684.33,0.0,35.2,0,0,0.0,3843,569.5554246217163
Data,8313,-0.0,0.0,2304.8913578576567,0.0,1172.168642142344,555.74,0.0,35.2,0,0,0.0,4068,1172.1686421423433
Data,8314,-0.0,0.0,1729.2080712861903,0.0,1707.0,498.71,0.0,35.2,0,-325.88192871380994,0.0,4296,2032.8819287138097
Data,8315,-0.0,0.0,1805.753451950676,0.0,1707.0,497.59,0.0,38.4,0,-281.256548049324,0.0,4330,1988.256548049324
Data,8316,-0.0,0.0,1795.33869997642,0.0,1707.0,464.05,0.0,35.2,0,-291.41130002358,0.0,4293,1998.41130002358
Data,8317,-0.0,0.0,2276.7155389635777,0.0,1331.724461036423,465.16,0.0,38.4,0,0,0.0,4112,1331.7244610364223
Data,8318,-0.0,0.0,2489.5141814732633,0.0,1245.5058185267371,478.58,0.0,38.4,0,0,0.0,4252,1245.5058185267367
Data,8319,-0.0,0.0,2019.0576234266603,0.0,1638.29237657334,513.25,0.0,38.4,0,0,0.0,4209,1638.2923765733397
Data,8320,-0.0,0.0,2628.8562610437393,0.0,886.5937389562605,569.15,0.0,38.4,0,0,0.0,4123,886.5937389562607
Data,8321,-0.0,0.0,2651.977983737334,0.0,777.5920162626667,672.03,0.0,38.4,0,0,0.0,4140,777.5920162626661
Data,8322,-0.0,0.0,2919.778744584679,0.0,400.2712554153213,790.55,0.0,38.4,0,0,0.0,4149,400.2712554153212
Data,8323,-0.0,0.0,2822.766000535657,0.0,490.4439994643438,817.39,0.0,38.4,0,0,0.0,4169,490.44399946434305
Data,8324,-0.0,0.0,2373.4573046306496,0.0,794.2026953693507,850.94,0.0,38.4,0,0,0.0,4057,794.2026953693504
Data,8325,-0.0,0.0,2143.162845138724,0.0,852.4471548612757,841.99,0.0,38.4,0,0,0.0,3876,852.4471548612759
Data,8326,0.0,0.0,2931.6283881937034,0.0,0.0,762.6,0.0,38.4,0,37.62838819370306,0.0,3695,-37.62838819370338
Data,8327,0.0,0.0,3106.432083578356,0.0,0.0,720.11,0.0,35.2,0,271.7420835783562,0.0,3590,-271.742083578356
Data,8328,0.0,0.0,2783.134918305859,0.0,84.29508169414083,730.17,0.0,38.4,0,0,0.0,3636,84.29508169414086
Data,8329,0.0,0.0,2562.7000473861594,0.0,281.229952613841,717.87,0.0,35.2,0,0,0.0,3597,281.22995261384057
Data,8330,0.0,0.0,2356.839025277763,0.0,598.670974722237,731.29,0.0,35.2,0,0,0.0,3722,598.6709747222369
Data,8331,0.0,0.0,2744.2385289273097,0.0,326.79147107269074,754.77,0.0,35.2,0,0,0.0,3861,326.7914710726903
Data,8332,0.0,0.0,2996.125139157356,0.0,141.824860842644,802.85,0.0,35.2,0,0,0.0,3976,141.824860842644
Data,8333,0.0,0.0,3703.613923231976,0.0,0.0,820.75,0.0,35.2,0,500.56392323197605,0.0,4059,-500.56392323197605
Data,8334,0.0,0.0,3253.5772742773447,0.0,0.0,862.12,0.0,32.0,0,124.69727427734486,0.0,4023,-124.69727427734472
Data,8335,0.0,0.0,2901.4107372166563,0.0,241.81926278334336,828.57,0.0,35.2,0,0,0.0,4007,241.81926278334362
Data,8336,-0.0,0.0,2417.5222302978987,0.0,666.6677697021013,781.61,0.0,35.2,0,0,0.0,3901,666.6677697021013
Data,8337,-0.0,0.0,1415.7207210581378,0.0,1707.0,735.76,0.0,35.2,0,-55.31927894186217,0.0,3949,1762.3192789418622
Data,8338,-0.0,0.0,1270.224332265282,0.0,1707.0,630.65,0.0,38.4,0,-395.72566773471783,0.0,4042,2102.7256677347177
Data,8339,-0.0,0.0,1135.1238740601782,0.0,1707.0,615.0,0.0,38.4,0,-544.4761259398217,0.0,4040,2251.476125939822
Data,8340,-0.0,0.0,954.1436726828136,0.0,1707.0,618.35,0.0,38.4,0,-648.1063273171864,0.0,3966,2355.1063273171862
Data,8341,-0.0,0.0,868.589596194379,0.0,1707.0,564.68,0.0,38.4,0,-577.330403805621,0.0,3756,2284.330403805621
Data,8342,-0.0,0.0,1663.8219518876435,0.0,1537.5680481123568,609.41,0.0,35.2,0,0,0.0,3846,1537.5680481123566
Data,8343,-0.0,0.0,1742.802625956001,0.0,1317.6673740439987,635.13,0.0,38.4,0,0,0.0,3734,1317.667374043999
Data,8344,-0.0,0.0,1355.1904003761333,0.0,1629.8595996238669,667.55,0.0,38.4,0,0,0.0,3691,1629.8595996238666
Data,8345,-0.0,0.0,1648.635572093192,0.0,834.894427906808,767.07,0.0,540.4,0,0,0.0,3791,834.894427906808
Data,8346,-0.0,0.0,1224.9309677298966,0.0,1377.6690322701033,861.0,0.0,540.4,0,0,0.0,4004,1377.6690322701033
Data,8347,-0.0,0.0,957.5817181318107,0.0,1707.0,837.52,0.0,540.4,0,-104.49828186818922,0.0,4147,1811.4982818681892
Data,8348,-0.0,0.0,931.4270163922196,0.0,1707.0,856.53,0.0,540.4,0,-18.64298360778012,0.0,4054,1725.6429836077805
Data,8349,-0.0,0.0,937.1323522198152,0.0,1628.3176477801846,796.15,0.0,540.4,0,0,0.0,3902,1628.3176477801849
Data,8350,0.0,0.0,1076.450920382347,0.0,1380.409079617653,727.94,0.0,537.2,0,0,0.0,3722,1380.4090796176529
Data,8351,0.0,0.0,985.772074785292,0.0,1372.6279252147076,664.2,0.0,540.4,0,0,0.0,3563,1372.6279252147078
Data,8352,0.0,0.0,844.0597066084911,0.0,1568.8102933915088,659.73,0.0,540.4,0,0,0.0,3613,1568.8102933915088
Data,8353,0.0,0.0,1092.2188098025617,0.0,1329.8711901974384,670.91,0.0,534.0,0,0,0.0,3627,1329.8711901974384
Data,8354,0.0,0.0,1242.4676315487466,0.0,1269.7223684512535,707.81,0.0,534.0,0,0,0.0,3754,1269.7223684512535
Data,8355,0.0,0.0,1486.8578624260238,0.0,1064.8921375739762,759.25,0.0,534.0,0,0,0.0,3845,1064.8921375739762
Data,8356,0.0,0.0,1516.6658114344061,0.0,1148.904188565594,770.43,0.0,534.0,0,0,0.0,3970,1148.9041885655938
Data,8357,0.0,0.0,1568.281121197237,0.0,1168.808878802763,793.91,0.0,534.0,0,0,0.0,4065,1168.808878802763
Data,8358,0.0,0.0,1506.2039034558536,0.0,1228.7660965441466,795.03,0.0,534.0,0,0,0.0,4064,1228.7660965441464
Data,8359,0.0,0.0,1538.7646469893907,0.0,1099.6953530106093,801.74,0.0,530.8,0,0,0.0,3971,1099.6953530106093
Data,8360,-0.0,0.0,1613.8103048840778,0.0,1555.6696951159222,665.32,0.0,35.2,0,0,0.0,3870,1555.6696951159222
Data,8361,-0.0,0.0,1510.7389441088537,0.0,1707.0,572.51,0.0,35.2,0,-90.55105589114626,0.0,3916,1797.5510558911462
Data,8362,-0.0,0.0,1667.3038910387916,0.0,1707.0,536.73,0.0,35.2,0,-61.76610896120864,0.0,4008,1768.7661089612084
Data,8363,-0.0,0.0,1735.682555078879,0.0,1663.9674449211207,519.95,0.0,38.4,0,0,0.0,3958,1663.967444921121
Data,8364,-0.0,0.0,1256.9389794191502,0.0,1707.0,508.77,0.0,38.4,0,-406.8910205808498,0.0,3918,2113.8910205808497
Data,8365,-0.0,0.0,1198.126402013839,0.0,1707.0,459.57,0.0,38.4,0,-289.9035979861608,0.0,3693,1996.903597986161
Data,8366,-0.0,0.0,1511.4266530601667,0.0,1707.0,469.64,0.0,35.2,0,-0.7333469398337158,0.0,3724,1707.7333469398334
Data,8367,-0.0,0.0,1938.0568333186936,0.0,1166.4231666813064,493.12,0.0,38.4,0,0,0.0,3636,1166.4231666813064
Data,8368,-0.0,0.0,1779.4682552833156,0.0,1301.2817447166844,556.85,0.0,38.4,0,0,0.0,3676,1301.2817447166844
Data,8369,-0.0,0.0,1923.9290492630134,0.0,1119.0609507369868,707.81,0.0,35.2,0,0,0.0,3786,1119.0609507369866
Data,8370,-0.0,0.0,1958.9873178139374,0.0,1100.9226821860625,829.69,0.0,38.4,0,0,0.0,3928,1100.9226821860625
Data,8371,-0.0,0.0,1962.5925374898832,0.0,1223.2774625101167,856.53,0.0,41.6,0,0,0.0,4084,1223.277462510117
Data,8372,0.0,0.0,1601.66016411587,0.0,1475.4898358841301,857.65,0.0,51.2,0,0,0.0,3986,1475.4898358841301
Data,8373,0.0,0.0,1732.697887357365,0.0,1241.722112642635,798.38,0.0,51.2,0,0,0.0,3824,1241.722112642635
Data,8374,0.0,0.0,1662.836199569029,0.0,1270.7238004309709,666.44,0.0,48.0,0,0,0.0,3648,1270.7238004309709
Data,8375,0.0,0.0,1543.0702440665177,0.0,1310.0497559334826,564.68,0.0,51.2,0,0,0.0,3469,1310.0497559334824
Data,8376,0.0,0.0,1614.6223612138,0.0,1321.0076387862,533.37,0.0,48.0,0,0,0.0,3517,1321.0076387862
Data,8377,0.0,0.0,1586.6068599471944,0.0,1286.4131400528056,552.38,0.0,41.6,0,0,0.0,3467,1286.4131400528056
Data,8378,0.0,0.0,1665.4116027005186,0.0,1330.5883972994814,565.8,0.0,35.2,0,0,0.0,3597,1330.5883972994814
Data,8379,0.0,0.0,1639.1766098198327,0.0,1450.2433901801674,576.98,0.0,41.6,0,0,0.0,3708,1450.2433901801674
Data,8380,0.0,0.0,1754.9640095491989,0.0,1333.0359904508011,688.8,0.0,35.2,0,0,0.0,3812,1333.0359904508011
Data,8381,0.0,0.0,1948.640686439486,0.0,1176.939313560514,726.82,0.0,41.6,0,0,0.0,3894,1176.939313560514
Data,8382,0.0,0.0,1909.8596140070986,0.0,1315.2203859929014,640.72,0.0,35.2,0,0,0.0,3901,1315.2203859929014
Data,8383,-0.0,0.0,1944.5729109412987,0.0,1302.3670890587014,649.66,0.0,38.4,0,0,0.0,3935,1302.3670890587014
Data,8384,-0.0,0.0,1768.2482645944408,0.0,1491.991735405559,637.36,0.0,38.4,0,0,0.0,3936,1491.9917354055592
Data,8385,-0.0,0.0,1897.0397628504063,0.0,1532.4202371495937,604.94,0.0,41.6,0,0,0.0,4076,1532.4202371495937
Data,8386,-0.0,0.0,2878.842910333667,0.0,747.4270896663336,610.53,0.0,35.2,0,0,0.0,4272,747.4270896663329
Data,8387,-0.0,0.0,3478.688186111437,0.0,131.7918138885637,616.12,0.0,38.4,0,0,0.0,4265,131.79181388856293
Data,8388,-0.0,0.0,3172.2599936437487,0.0,464.09000635625114,606.05,0.0,41.6,0,0,0.0,4284,464.09000635625137
Data,8389,-0.0,0.0,3456.9241979314857,0.0,171.41580206851455,477.46,0.0,35.2,0,0,0.0,4141,171.41580206851438
Data,8390,-0.0,0.0,3592.7934300278894,0.0,233.27656997211147,487.53,0.0,38.4,0,0,0.0,4352,233.27656997211065
Data,8391,-0.0,0.0,3442.3449896116954,0.0,279.2850103883045,557.97,0.0,38.4,0,0,0.0,4318,279.2850103883046
Data,8392,-0.0,0.0,3168.0507518907552,0.0,450.09924810924514,581.45,0.0,38.4,0,0,0.0,4238,450.09924810924474
Data,8393,-0.0,0.0,3265.566421564198,0.0,115.34357843580176,706.69,0.0,38.4,0,0,0.0,4126,115.34357843580173
Data,8394,-0.0,0.0,3306.601759048913,0.0,0.0,827.45,0.0,189.4,0,170.4517590489134,0.0,4153,-170.45175904891326
Data,8395,-0.0,0.0,2993.033585874923,0.0,104.22241893350053,846.46,0.0,189.4,0,-144.88399519157642,0.0,4278,249.10641412507684
Data,8396,0.0,0.0,2962.5756826582,0.0,111.96431734179995,871.06,0.0,189.4,0,0,0.0,4135,111.96431734179995
Data,8397,0.0,0.0,2659.0912226471196,0.0,349.56877735288026,777.14,0.0,186.2,0,0,0.0,3972,349.56877735288043
Data,8398,0.0,0.0,2774.171757348109,0.0,180.25824265189112,680.97,0.0,192.6,0,0,0.0,3828,180.2582426518908
Data,8399,0.0,0.0,2587.40940447818,0.0,282.5405955218202,630.65,0.0,189.4,0,0,0.0,3690,282.54059552182
Data,8400,0.0,0.0,2591.0399265485685,0.0,329.10007345143157,600.46,0.0,189.4,0,0,0.0,3710,329.1000734514315
Data,8401,0.0,0.0,2462.5153483666613,0.0,398.94465163333865,580.34,0.0,202.2,0,0,0.0,3644,398.94465163333865
Data,8402,0.0,0.0,2624.204896039189,0.0,245.60510396081102,645.19,0.0,199.0,0,0,0.0,3714,245.605103960811
Data,8403,0.0,0.0,2571.7501033682092,0.0,426.45989663179085,669.79,0.0,199.0,0,0,0.0,3867,426.4598966317908
Data,8404,0.0,0.0,2840.3093733398678,0.0,199.56062666013224,758.13,0.0,199.0,0,0,0.0,3997,199.56062666013224
Data,8405,0.0,0.0,2793.85166864461,0.0,348.8083313553903,777.14,0.0,202.2,0,0,0.0,4122,348.80833135538995
Data,8406,0.0,0.0,2978.0303089625118,0.0,88.40969103748833,809.56,0.0,199.0,0,0,0.0,4075,88.4096910374883
Data,8407,0.0,0.0,2789.5427787865738,0.0,307.10722121342644,741.35,0.0,199.0,0,0,0.0,4037,307.1072212134262
Data,8408,-0.0,0.0,2615.203686783688,0.0,549.3963132163125,664.2,0.0,51.2,0,0,0.0,3880,549.3963132163117
Data,8409,-0.0,0.0,2911.1332350280795,0.0,351.3467649719203,591.52,0.0,48.0,0,0,0.0,3902,351.3467649719205
Data,8410,-0.0,0.0,3495.200776336489,0.0,153.33922366351106,477.46,0.0,48.0,0,0,0.0,4174,153.33922366351095
Data,8411,-0.0,0.0,3283.1838948045406,0.0,426.2961051954597,468.52,0.0,48.0,0,0,0.0,4226,426.2961051954594
Data,8412,-0.0,0.0,3933.8920412371867,0.0,0.0,440.56,0.0,51.2,0,247.65204123718635,0.0,4178,-247.65204123718672
Data,8413,-0.0,0.0,4082.4367317763163,0.0,0.0,431.62,0.0,48.0,0,562.0567317763159,0.0,4000,-562.0567317763163
Data,8414,-0.0,0.0,4169.334657696491,0.0,0.0,462.93,0.0,51.2,0,662.4646576964906,0.0,4021,-662.4646576964914
Data,8415,-0.0,0.0,4009.525235736799,0.0,0.0,500.95,0.0,48.0,0,578.4752357367986,0.0,3980,-578.475235736799
Data,8416,-0.0,0.0,4510.325356014474,0.0,0.0,565.8,0.0,48.0,0,1226.1253560144737,0.0,3898,-1226.125356014474
Data,8417,-0.0,0.0,4661.2234138944905,0.0,0.0,788.32,0.0,51.2,0,1461.7434138944898,0.0,4039,-1461.7434138944905
Data,8418,-0.0,0.0,4616.938481999942,0.0,0.0,864.35,0.0,48.0,0,1389.2884819999422,0.0,4140,-1389.2884819999422
Data,8419,-0.0,0.0,4328.743446017126,0.0,0.0,919.15,0.0,48.0,0,1030.8934460171263,0.0,4265,-1030.8934460171263
Data,8420,0.0,0.0,4465.080276631814,0.0,0.0,907.96,0.0,48.0,0,1288.0402766318139,0.0,4133,-1288.0402766318139
Data,8421,0.0,0.0,3923.374242757431,0.0,0.0,789.44,0.0,48.0,0,809.8142427574312,0.0,3951,-809.8142427574312
Data,8422,0.0,0.0,3776.4540215864195,0.0,0.0,707.81,0.0,48.0,0,753.2640215864194,0.0,3779,-753.2640215864194
Data,8423,0.0,0.0,3696.3186382215376,0.0,0.0,628.42,0.0,199.0,0,834.7386382215377,0.0,3689,-834.7386382215376
Data,8424,0.0,0.0,3609.109147457245,0.0,0.0,611.65,0.0,199.0,0,702.759147457245,0.0,3717,-702.7591474572449
Data,8425,0.0,0.0,3564.1093300663747,0.0,0.0,572.51,0.0,202.2,0,662.8193300663743,0.0,3676,-662.8193300663747
Data,8426,0.0,0.0,3849.501401888936,0.0,0.0,554.62,0.0,199.0,0,830.1214018889359,0.0,3773,-830.121401888936
Data,8427,0.0,0.0,3004.559712277142,0.0,0.0,553.5,0.0,199.0,0,-85.9402877228581,0.0,3843,85.9402877228581
Data,8428,0.0,0.0,3061.534182367417,0.0,0.0,578.1,0.0,199.0,0,-126.365817632583,0.0,3965,126.36581763258289
Data,8429,0.0,0.0,2913.7985157166795,0.0,0.0,616.12,0.0,199.0,0,-266.0814842833206,0.0,3995,266.0814842833205
Data,8430,0.0,0.0,2174.1504761789256,0.0,0.0,649.66,0.0,199.0,0,-891.1895238210743,0.0,3914,891.1895238210744
Data,8431,-0.0,0.0,3037.9911824578,0.0,0.0,644.07,0.0,51.2,0,-9.738817542200195,0.0,3743,9.738817542200124
Data,8432,-0.0,0.0,2668.039034682189,0.0,0.0,587.05,0.0,48.0,0,-289.9109653178106,0.0,3593,289.9109653178109
Data,8433,-0.0,0.0,2354.5440315491087,0.0,0.0,543.44,0.0,48.0,0,-651.0159684508913,0.0,3597,651.0159684508913
Data,8434,-0.0,0.0,2216.5175595809883,0.0,0.0,517.72,0.0,51.2,0,-994.5624404190113,0.0,3780,994.5624404190116
Data,8435,-0.0,0.0,2016.39014312665,0.0,0.0,462.93,0.0,48.0,0,-1383.6798568733502,0.0,3911,1383.67985687335
Data,8436,-0.0,0.0,1952.9715394033888,0.0,0.0,442.8,0.0,48.0,0,-1398.228460596611,0.0,3842,1398.2284605966113
Data,8437,-0.0,0.0,1972.3519672898608,0.0,0.0,399.19,0.0,48.0,0,-1132.4580327101392,0.0,3552,1132.4580327101392
Data,8438,-0.0,0.0,2152.7684796557533,0.0,0.0,411.49,0.0,51.2,0,-891.5415203442474,0.0,3507,891.5415203442467
Data,8439,-0.0,0.0,2351.3478088285165,0.0,542.5021911714832,427.15,0.0,48.0,0,0,0.0,3369,542.5021911714836
Data,8440,-0.0,0.0,1707.1395074797565,0.0,1108.1604925202437,479.7,0.0,48.0,0,0,0.0,3343,1108.1604925202435
Data,8441,-0.0,0.0,1462.488204062596,0.0,0.0,667.55,0.0,202.2,0,-1078.761795937404,0.0,3411,1078.761795937404
Data,8442,-0.0,0.0,1603.9565936499068,0.0,0.0,733.53,0.0,550.0,0,-774.5134063500935,0.0,3662,774.5134063500932
Data,8443,-0.0,0.0,1673.7954124383855,0.0,878.2345875616144,803.97,0.0,550.0,0,0,0.0,3906,878.2345875616145
Data,8444,0.0,0.0,2110.684762940625,0.0,355.9252370593747,817.39,0.0,550.0,0,0,0.0,3834,355.9252370593748
Data,8445,0.0,0.0,1614.4703385601517,0.0,0.0,689.92,0.0,553.2,0,-868.4096614398484,0.0,3726,868.4096614398483
Data,8446,0.0,0.0,1343.722872222185,0.0,1101.0571277778147,579.22,0.0,550.0,0,0,0.0,3574,1101.057127777815
Data,8447,0.0,0.0,2324.67655290949,0.0,75.18344709050997,531.14,0.0,550.0,0,0,0.0,3481,75.18344709050996
Data,8448,0.0,0.0,2638.585997409928,0.0,0.0,493.12,0.0,550.0,0,100.70599740992793,0.0,3581,-100.70599740992805
Data,8449,0.0,0.0,2157.157452445505,0.0,0.0,477.46,0.0,550.0,0,-288.382547554495,0.0,3473,288.38254755449503
Data,8450,0.0,0.0,2149.719445301224,0.0,365.2130843610798,499.83,0.0,553.2,0,-39.03747033769658,0.0,3607,404.25055469877606
Data,8451,0.0,0.0,2052.8833549152973,0.0,597.6366450847026,515.48,0.0,550.0,0,0,0.0,3716,597.6366450847026
Data,8452,0.0,0.0,2192.3750455221393,0.0,512.2849544778605,580.34,0.0,550.0,0,0,0.0,3835,512.2849544778607
Data,8453,0.0,0.0,2021.1190067258826,0.0,710.0009932741174,613.88,0.0,550.0,0,0,0.0,3895,710.0009932741174
Data,8454,0.0,0.0,2502.9633657719987,0.0,154.14663422800135,632.89,0.0,550.0,0,0,0.0,3840,154.1466342280013
Data,8455,-0.0,0.0,2056.8989071417445,0.0,891.4610928582555,592.64,0.0,48.0,0,0,0.0,3589,891.4610928582555
Data,8456,-0.0,0.0,2016.8761910908836,0.0,768.4838089091164,543.44,0.0,51.2,0,0,0.0,3380,768.4838089091163
Data,8457,-0.0,0.0,2049.909583409522,0.0,705.3304165904777,489.76,0.0,48.0,0,0,0.0,3293,705.3304165904781
Data,8458,-0.0,0.0,2117.3582317859687,0.0,771.8317682140316,461.81,0.0,48.0,0,0,0.0,3399,771.8317682140314
Data,8459,-0.0,0.0,2590.63798892946,0.0,322.6620110705401,430.5,0.0,51.2,0,0,0.0,3395,322.66201107054013
Data,8460,-0.0,0.0,2937.5475156895955,0.0,0.0,399.19,0.0,48.0,0,56.73751568959568,0.0,3328,-56.737515689595455
Data,8461,-0.0,0.0,3247.947941467656,0.0,0.0,379.06,0.0,48.0,0,451.0079414676563,0.0,3224,-451.00794146765617
Data,8462,-0.0,0.0,3471.809988935717,0.0,0.0,411.49,0.0,48.0,0,881.2999889357163,0.0,3050,-881.2999889357168
Data,8463,-0.0,0.0,3576.279170684719,0.0,0.0,415.96,0.0,51.2,0,1125.4391706847186,0.0,2918,-1125.4391706847189
Data,8464,-0.0,0.0,3621.574839090687,0.0,0.0,488.65,0.0,48.0,0,1269.224839090687,0.0,2889,-1269.224839090687
Data,8465,-0.0,0.0,3252.4954331318663,0.0,0.0,606.05,0.0,48.0,0,851.5454331318664,0.0,3055,-851.5454331318663
Data,8466,-0.0,0.0,3486.0967721627467,0.0,0.0,735.76,0.0,48.0,0,879.8567721627466,0.0,3390,-879.8567721627467
Data,8467,-0.0,0.0,3449.269990036959,0.0,0.0,772.66,0.0,48.0,0,626.9299900369585,0.0,3643,-626.9299900369589
Data,8468,0.0,0.0,3703.67052025635,0.0,0.0,772.66,0.0,48.0,0,896.3305202563496,0.0,3628,-896.3305202563498
Data,8469,0.0,0.0,3572.9751490527515,0.0,0.0,668.67,0.0,51.2,0,753.8451490527511,0.0,3539,-753.8451490527515
Data,8470,0.0,0.0,3170.3506035639443,0.0,0.0,538.96,0.0,48.0,0,356.3106035639445,0.0,3401,-356.31060356394437
Data,8471,0.0,0.0,2738.260646515669,0.0,0.0,526.66,0.0,48.0,0,47.92064651566861,0.0,3265,-47.92064651566909
Data,8472,0.0,0.0,3130.495564726197,0.0,0.0,508.77,0.0,48.0,0,329.26556472619654,0.0,3358,-329.26556472619677
Data,8473,0.0,0.0,2994.828402149731,0.0,0.0,512.13,0.0,48.0,0,250.95840214973114,0.0,3304,-250.9584021497311
Data,8474,0.0,0.0,2821.8434320491474,0.0,0.0,551.26,0.0,48.0,0,-14.896567950852596,0.0,3436,14.896567950852614
Data,8475,0.0,0.0,2411.9455850755644,0.0,0.0,617.24,0.0,51.2,0,-484.6144149244359,0.0,3565,484.6144149244356
Data,8476,0.0,0.0,2889.984838987462,0.0,0.0,654.14,0.0,48.0,0,-67.8751610125378,0.0,3660,67.87516101253811
Data,8477,0.0,0.0,2054.59951681088,0.0,0.0,686.56,0.0,48.0,0,-1003.8404831891203,0.0,3793,1003.8404831891203
Data,8478,0.0,0.0,2841.2743242693423,0.0,0.0,701.1,0.0,48.0,0,-211.62567573065772,0.0,3802,211.6256757306577
Data,8479,-0.0,0.0,2418.213590782943,0.0,0.0,665.32,0.0,48.0,0,-589.4664092170569,0.0,3721,589.466409217057
Data,8480,-0.0,0.0,1788.9444876854634,0.0,1227.4155123145367,592.64,0.0,48.0,0,0,0.0,3657,1227.4155123145365
Data,8481,-0.0,0.0,1594.777832707853,0.0,684.4095882449543,504.3,0.0,48.0,0,-888.5125790471926,0.0,3720,1572.9221672921472
Data,8482,-0.0,0.0,1858.7041148934713,0.0,0.0,442.8,0.0,48.0,0,-1489.4958851065285,0.0,3839,1489.4958851065287
Data,8483,-0.0,0.0,2051.427928911775,0.0,0.0,422.67,0.0,48.0,0,-1303.9020710882253,0.0,3826,1303.902071088225
Data,8484,-0.0,0.0,2519.000289801319,0.0,0.0,412.61,0.0,48.0,0,-798.3897101986807,0.0,3778,798.389710198681
Data,8485,-0.0,0.0,2675.9958057076797,0.0,437.81419429232034,399.19,0.0,48.0,0,0,0.0,3561,437.81419429232034
Data,8486,-0.0,0.0,2465.947300620389,0.0,0.0,430.5,0.0,48.0,0,-607.5526993796112,0.0,3552,607.5526993796111
Data,8487,-0.0,0.0,2511.0416684330976,0.0,385.20833156690225,451.75,0.0,48.0,0,0,0.0,3396,385.2083315669024
Data,8488,-0.0,0.0,2296.543152332056,0.0,446.97684766794424,515.48,0.0,48.0,0,0,0.0,3307,446.9768476679442
Data,8489,-0.0,0.0,2205.8127047967864,0.0,521.5172952032132,668.67,0.0,48.0,0,0,0.0,3444,521.5172952032136
Data,8490,-0.0,0.0,2145.7006498748715,0.0,473.3317501251287,784.96,0.0,212.0076,0,0,0.0,3616,473.33175012512845
Data,8491,-0.0,0.0,2348.190942417617,0.0,184.03535758238286,850.94,0.0,392.8337,0,0,0.0,3776,184.03535758238297
Data,8492,0.0,0.0,2911.6590914348235,0.0,0.0,841.99,0.0,285.9638,0,335.6128914348235,0.0,3704,-335.6128914348235
Data,8493,0.0,0.0,3163.371028545204,0.0,0.0,735.76,0.0,199.0,0,562.1310285452041,0.0,3536,-562.1310285452039
Data,8494,0.0,0.0,3641.2927045854412,0.0,0.0,670.91,0.0,199.0,0,1162.202704585441,0.0,3349,-1162.202704585441
Data,8495,0.0,0.0,3588.9164699502207,0.0,0.0,600.46,0.0,199.0,0,1154.3764699502206,0.0,3234,-1154.3764699502208
Data,8496,0.0,0.0,3560.5919256853877,0.0,0.0,565.8,0.0,199.0,0,1042.391925685388,0.0,3283,-1042.3919256853876
Data,8497,0.0,0.0,3506.858436996909,0.0,0.0,544.55,0.0,199.0,0,1048.4084369969091,0.0,3202,-1048.408436996909
Data,8498,0.0,0.0,3458.2722544557046,0.0,0.0,530.02,0.0,550.0,0,1190.2922544557046,0.0,3348,-1190.2922544557046
Data,8499,0.0,0.0,3155.5515107124293,0.0,0.0,565.8,0.0,550.0,0,794.3515107124296,0.0,3477,-794.3515107124292
Data,8500,0.0,0.0,3163.3953429198364,0.0,0.0,590.4,0.0,550.0,0,761.7953429198367,0.0,3542,-761.7953429198363
Data,8501,0.0,0.0,3075.053142534724,0.0,0.0,627.3,0.0,550.0,0,603.353142534724,0.0,3649,-603.3531425347239
Data,8502,0.0,0.0,3193.5100889990276,0.0,0.0,645.19,0.0,550.0,0,781.7000889990276,0.0,3607,-781.7000889990277
Data,8503,-0.0,0.0,3500.797832959215,0.0,0.0,612.76,0.0,199.0,0,861.5578329592151,0.0,3451,-861.5578329592151
Data,8504,-0.0,0.0,3359.985877106194,0.0,0.0,584.81,0.0,51.2,0,634.9958771061939,0.0,3361,-634.995877106194
Data,8505,-0.0,0.0,2950.2571558772365,0.0,0.0,532.25,0.0,48.0,0,154.5071558772365,0.0,3376,-154.50715587723653
Data,8506,-0.0,0.0,2456.7435509487923,0.0,0.0,484.17,0.0,48.0,0,-483.0864490512075,0.0,3472,483.0864490512077
Data,8507,-0.0,0.0,2417.3038640037016,0.0,0.0,443.92,0.0,48.0,0,-592.7761359962979,0.0,3502,592.7761359962983
Data,8508,-0.0,0.0,2404.510275358964,0.0,0.0,434.97,0.0,48.0,0,-604.5197246410352,0.0,3492,604.519724641036
Data,8509,-0.0,0.0,2188.155995848735,0.0,0.0,436.09,0.0,44.8,0,-655.9540041512641,0.0,3325,655.9540041512649
Data,8510,-0.0,0.0,1880.6469420179342,0.0,0.0,459.57,0.0,48.0,0,-833.7830579820658,0.0,3222,833.7830579820659
Data,8511,-0.0,0.0,1855.5171950591964,0.0,0.0,472.99,0.0,48.0,0,-740.4928049408037,0.0,3117,740.4928049408036
Data,8512,-0.0,0.0,2042.937340569396,0.0,0.0,546.79,0.0,48.0,0,-390.27265943060416,0.0,3028,390.2726594306041
Data,8513,-0.0,0.0,2429.4783479331004,0.0,0.0,661.96,0.0,550.0,0,505.43834793310003,0.0,3136,-505.43834793310043
Data,8514,-0.0,0.0,2170.557193293444,0.0,0.0,821.86,0.0,550.0,0,157.417193293444,0.0,3385,-157.41719329344403
Data,8515,-0.0,0.0,2531.574933373352,0.0,0.0,893.43,0.0,550.0,0,327.00493337335166,0.0,3648,-327.00493337335195
Data,8516,0.0,0.0,2640.6276714311653,0.0,0.0,848.7,0.0,550.0,0,439.327671431165,0.0,3600,-439.3276714311653
Data,8517,0.0,0.0,2465.677888176192,0.0,0.0,763.72,0.0,550.0,0,302.39788817619245,0.0,3477,-302.39788817619205
Data,8518,0.0,0.0,2462.247316239348,0.0,0.0,689.92,0.0,550.0,0,384.16731623934834,0.0,3318,-384.167316239348
Data,8519,0.0,0.0,2498.5712556202416,0.0,0.0,654.14,0.0,550.0,0,555.7112556202413,0.0,3147,-555.7112556202416
Data,8520,0.0,0.0,2555.791084822135,0.0,0.0,638.48,0.0,550.0,0,566.2710848221351,0.0,3178,-566.271084822135
Data,8521,0.0,0.0,2617.067600811762,0.0,0.0,628.42,0.0,550.0,0,653.4876008117621,0.0,3142,-653.487600811762
Data,8522,0.0,0.0,2680.3242148363247,0.0,0.0,651.9,0.0,550.0,0,620.2242148363248,0.0,3262,-620.2242148363247
Data,8523,0.0,0.0,2906.981038137852,0.0,0.0,727.94,0.0,550.0,0,770.921038137852,0.0,3414,-770.9210381378521
Data,8524,0.0,0.0,3023.129857702952,0.0,0.0,800.62,0.0,550.0,0,832.7498577029518,0.0,3541,-832.749857702952
Data,8525,0.0,0.0,3294.639845191552,0.0,0.0,863.24,0.0,550.0,0,1081.8798451915518,0.0,3626,-1081.879845191552
Data,8526,0.0,0.0,2996.393754805852,0.0,0.0,848.7,0.0,550.0,0,767.0937548058517,0.0,3628,-767.0937548058521
Data,8527,-0.0,0.0,3059.438327159552,0.0,0.0,765.95,0.0,550.0,0,758.3883271595517,0.0,3617,-758.3883271595521
Data,8528,-0.0,0.0,3207.7730101320517,0.0,0.0,694.39,0.0,48.0,0,346.1630101320514,0.0,3604,-346.1630101320517
Data,8529,-0.0,0.0,3600.291517446452,0.0,0.0,637.36,0.0,48.0,0,520.6515174464519,0.0,3765,-520.651517446452
Data,8530,-0.0,0.0,3527.497607300852,0.0,0.0,583.69,0.0,48.0,0,269.1876073008519,0.0,3890,-269.18760730085205
Data,8531,-0.0,0.0,3149.737726597244,0.0,0.0,518.84,0.0,51.2,0,-178.22227340275603,0.0,3898,178.2222734027559
Data,8532,-0.0,0.0,3038.197295159765,0.0,0.0,492.0,0.0,48.0,0,-287.80270484023504,0.0,3866,287.80270484023504
Data,8533,-0.0,0.0,2987.7446162540055,0.0,0.0,485.29,0.0,48.0,0,-104.96538374599487,0.0,3626,104.96538374599453
Data,8534,-0.0,0.0,2722.5259680968397,0.0,0.0,494.24,0.0,51.2,0,-362.0340319031605,0.0,3630,362.03403190316027
Data,8535,-0.0,0.0,2384.0654802902172,0.0,0.0,516.6,0.0,48.0,0,-567.3345197097829,0.0,3516,567.3345197097827
Data,8536,-0.0,0.0,2757.339252486152,0.0,0.0,592.64,0.0,51.2,0,3.1792524861514835,0.0,3398,-3.1792524861519524
Data,8537,-0.0,0.0,2846.105943729252,0.0,0.0,716.75,0.0,199.0,0,284.8559437292518,0.0,3477,-284.855943729252
Data,8538,-0.0,0.0,2825.546113885952,0.0,0.0,816.27,0.0,550.0,0,590.8161138859516,0.0,3601,-590.8161138859518
Data,8539,-0.0,0.0,2621.054133676352,0.0,0.0,866.59,0.0,550.0,0,268.64413367635217,0.0,3769,-268.6441336763522
Data,8540,0.0,0.0,2517.444684816152,0.0,0.0,873.3,0.0,553.2,0,250.944684816152,0.0,3693,-250.94468481615195
Data,8541,0.0,0.0,2648.3832089665516,0.0,0.0,855.41,0.0,550.0,0,559.7932089665514,0.0,3494,-559.7932089665516
Data,8542,0.0,0.0,2862.0381056290516,0.0,0.0,791.67,0.0,199.0,0,512.7081056290519,0.0,3340,-512.7081056290516
Data,8543,0.0,0.0,3783.048685434852,0.0,0.0,715.64,0.0,202.2,0,1534.8886854348516,0.0,3166,-1534.8886854348518
Data,8544,0.0,0.0,3655.806204538452,0.0,0.0,704.45,0.0,199.0,0,1365.256204538452,0.0,3194,-1365.2562045384523
Data,8545,0.0,0.0,3706.240152121952,0.0,0.0,688.8,0.0,51.2,0,1341.2401521219522,0.0,3105,-1341.2401521219522
Data,8546,0.0,0.0,3302.651179167118,0.0,0.0,688.8,0.0,48.0,0,850.4511791671179,0.0,3189,-850.4511791671177
Data,8547,0.0,0.0,3913.821751185852,0.0,0.0,757.01,0.0,48.0,0,1398.8317511858522,0.0,3320,-1398.831751185852
Data,8548,0.0,0.0,3097.3091875722384,0.0,0.0,763.72,0.0,51.2,0,493.2291875722384,0.0,3419,-493.22918757223846
Data,8549,0.0,0.0,3925.5682960066006,0.0,0.0,859.88,0.0,48.0,0,1328.4482960066005,0.0,3505,-1328.4482960066007
Data,8550,0.0,0.0,3751.440008288252,0.0,0.0,864.35,0.0,51.2,0,1163.9900082882518,0.0,3503,-1163.990008288252
Data,8551,-0.0,0.0,3818.579400269901,0.0,0.0,798.38,0.0,48.0,0,1049.959400269901,0.0,3615,-1049.959400269901
Data,8552,-0.0,0.0,3866.407394104645,0.0,0.0,734.65,0.0,48.0,0,1037.057394104645,0.0,3612,-1037.057394104645
Data,8553,-0.0,0.0,3164.896583150994,0.0,0.0,680.97,0.0,48.0,0,67.86658315099422,0.0,3826,-67.86658315099407
Data,8554,-0.0,0.0,3353.5268822243656,0.0,0.0,655.25,0.0,51.2,0,126.97688222436572,0.0,3933,-126.97688222436564
Data,8555,-0.0,0.0,3365.3667331184183,0.0,0.0,636.25,0.0,48.0,0,173.6167331184186,0.0,3876,-173.61673311841832
Data,8556,-0.0,0.0,2348.2723597708514,0.0,0.0,609.41,0.0,48.0,0,-867.3176402291488,0.0,3873,867.3176402291487
Data,8557,-0.0,0.0,3541.2323667566425,0.0,0.0,608.29,0.0,48.0,0,514.5223667566421,0.0,3683,-514.5223667566424
Data,8558,-0.0,0.0,2803.092497000184,0.0,0.0,626.18,0.0,48.0,0,-343.72750299981664,0.0,3821,343.72750299981624
Data,8559,-0.0,0.0,2581.8735359382085,0.0,0.0,677.62,0.0,48.0,0,-507.5064640617915,0.0,3815,507.50646406179146
Data,8560,-0.0,0.0,2768.69001260512,0.0,0.0,758.13,0.0,199.0,0,-39.179987394879916,0.0,3765,39.17998739487996
Data,8561,-0.0,0.0,3007.6132560871793,0.0,0.0,835.28,0.0,199.0,0,279.8932560871788,0.0,3762,-279.8932560871792
Data,8562,-0.0,0.0,2865.5784036066066,0.0,0.0,914.67,0.0,550.0,0,547.2484036066065,0.0,3783,-547.2484036066065
Data,8563,-0.0,0.0,3164.195750613212,0.0,0.0,948.22,0.0,550.0,0,823.4157506132123,0.0,3839,-823.4157506132121
Data,8564,0.0,0.0,3592.1017417895523,0.0,0.0,956.05,0.0,550.0,0,1389.1517417895525,0.0,3709,-1389.1517417895523
Data,8565,0.0,0.0,4013.133515415352,0.0,0.0,881.13,0.0,553.2,0,1905.463515415352,0.0,3542,-1905.463515415352
Data,8566,0.0,0.0,3477.2201195360003,0.0,0.0,869.95,0.0,550.0,0,1523.1701195360004,0.0,3374,-1523.1701195360004
Data,8567,0.0,0.0,3402.289702538475,0.0,0.0,800.62,0.0,550.0,0,1534.909702538475,0.0,3218,-1534.909702538475
Data,8568,0.0,0.0,3314.9155882061523,0.0,0.0,783.85,0.0,550.0,0,1402.7655882061522,0.0,3246,-1402.7655882061522
Data,8569,0.0,0.0,3379.006777133652,0.0,0.0,792.79,0.0,550.0,0,1580.796777133652,0.0,3141,-1580.796777133652
Data,8570,0.0,0.0,4440.374731040351,0.0,0.0,765.95,0.0,550.0,0,2550.3247310403517,0.0,3206,-2550.3247310403513
Data,8571,0.0,0.0,4235.21872122063,0.0,0.0,874.42,0.0,312.776,0,2107.4147212206303,0.0,3315,-2107.41472122063
Data,8572,0.0,0.0,3941.090646164297,0.0,0.0,894.55,0.0,433.0525,0,1818.693146164297,0.0,3450,-1818.693146164297
Data,8573,0.0,0.0,3801.118313166325,0.0,0.0,918.03,0.0,48.0,0,1232.148313166325,0.0,3535,-1232.1483131663251
Data,8574,0.0,0.0,3177.631817185415,0.0,0.0,913.55,0.0,48.0,0,613.1818171854151,0.0,3526,-613.181817185415
Data,8575,-0.0,0.0,4054.1948026215437,0.0,0.0,922.5,0.0,48.0,0,1387.6948026215437,0.0,3637,-1387.6948026215437
Data,8576,-0.0,0.0,3747.0731776998246,0.0,0.0,877.77,0.0,48.0,0,1103.8431776998248,0.0,3569,-1103.8431776998245
Data,8577,-0.0,0.0,3644.2383605483474,0.0,0.0,834.16,0.0,48.0,0,737.3983605483467,0.0,3789,-737.3983605483473
Data,8578,-0.0,0.0,4183.399333096691,0.0,0.0,830.81,0.0,48.0,0,1132.2093330966911,0.0,3930,-1132.2093330966914
Data,8579,-0.0,0.0,4452.570340806191,0.0,0.0,829.69,0.0,48.0,0,1391.2603408061912,0.0,3939,-1391.260340806191
Data,8580,-0.0,0.0,4919.583092604211,0.0,0.0,812.92,0.0,51.2,0,1809.7030926042105,0.0,3974,-1809.7030926042107
Data,8581,-0.0,0.0,4512.01097622921,0.0,0.0,803.97,0.0,48.0,0,1534.9809762292114,0.0,3829,-1534.9809762292105
Data,8582,-0.0,0.0,4404.828687680411,0.0,0.0,814.04,0.0,48.0,0,1417.8686876804115,0.0,3849,-1417.8686876804113
Data,8583,-0.0,0.0,4220.582223974958,0.0,0.0,835.28,0.0,48.0,0,1311.8622239749573,0.0,3792,-1311.8622239749577
Data,8584,-0.0,0.0,3715.8052341473526,0.0,0.0,886.72,0.0,48.0,0,923.5252341473529,0.0,3727,-923.5252341473526
Data,8585,-0.0,0.0,3715.8995714201683,0.0,0.0,926.97,0.0,48.0,0,944.8695714201689,0.0,3746,-944.8695714201683
Data,8586,-0.0,0.0,2678.9092104789306,0.0,0.0,960.52,0.0,202.2,0,22.629210478930577,0.0,3819,-22.629210478930588
Data,8587,-0.0,0.0,2451.9661011884277,0.0,0.0,968.35,0.0,550.0,0,25.316101188427734,0.0,3945,-25.31610118842775
Data,8588,0.0,0.0,2329.698987993641,0.0,0.0,956.05,0.0,550.0,0,-25.251012006358962,0.0,3861,25.251012006359133
Data,8589,0.0,0.0,2227.5145231407423,0.0,0.0,956.05,0.0,550.0,0,25.564523140742256,0.0,3708,-25.564523140742267
Data,8590,0.0,0.0,1531.3329267346078,0.0,0.0,923.62,0.0,550.0,0,-555.0470732653922,0.0,3560,555.0470732653922
Data,8591,0.0,0.0,1192.7093869130529,0.0,0.0,925.85,0.0,550.0,0,-792.4406130869472,0.0,3461,792.4406130869471
Data,8592,0.0,0.0,1190.124733049869,0.0,0.0,895.66,0.0,550.0,0,-828.215266950131,0.0,3464,828.215266950131
Data,8593,0.0,0.0,1050.1728639234982,0.0,0.0,894.55,0.0,550.0,0,-890.2771360765018,0.0,3385,890.2771360765018
Data,8594,0.0,0.0,1035.89169588742,0.0,0.0,928.09,0.0,550.0,0,-958.0183041125799,0.0,3472,958.01830411258
Data,8595,0.0,0.0,1254.4799842290179,0.0,0.0,944.86,0.0,550.0,0,-808.660015770982,0.0,3558,808.6600157709821
Data,8596,0.0,0.0,1412.2439865926917,0.0,0.0,950.45,0.0,550.0,0,-724.3060134073086,0.0,3637,724.3060134073082
Data,8597,0.0,0.0,976.9482546918663,0.0,0.0,959.4,0.0,550.0,0,-1226.6517453081337,0.0,3713,1226.6517453081337
Data,8598,0.0,0.0,1365.1519348259606,0.0,0.0,966.11,0.0,550.0,0,-761.7380651740393,0.0,3643,761.7380651740394
Data,8599,-0.0,0.0,1363.8695283578552,0.0,0.0,944.86,0.0,550.0,0,-648.2704716421446,0.0,3507,648.2704716421448
Data,8600,-0.0,0.0,1643.1117916160208,0.0,0.0,914.67,0.0,550.0,0,-391.2182083839791,0.0,3499,391.21820838397923
Data,8601,-0.0,0.0,1351.5661314705746,0.0,0.0,861.0,0.0,550.0,0,-867.4338685294254,0.0,3630,867.4338685294254
Data,8602,-0.0,0.0,1174.1215094690588,0.0,0.0,863.24,0.0,550.0,0,-1044.6384905309415,0.0,3632,1044.6384905309412
Data,8603,-0.0,0.0,964.5498038860322,0.0,0.0,864.35,0.0,550.0,0,-1205.1001961139677,0.0,3584,1205.1001961139677
Data,8604,-0.0,0.0,1122.5358078611011,0.0,0.0,848.7,0.0,553.2,0,-1014.5641921388991,0.0,3539,1014.5641921388988
Data,8605,-0.0,0.0,877.1135382437103,0.0,0.0,826.34,0.0,550.0,0,-1167.5464617562898,0.0,3421,1167.5464617562898
Data,8606,-0.0,0.0,1431.6241778661079,0.0,0.0,856.53,0.0,550.0,0,-521.8458221338922,0.0,3360,521.8458221338922
Data,8607,-0.0,0.0,1401.8495263664613,0.0,0.0,874.42,0.0,550.0,0,-370.73047363353874,0.0,3197,370.73047363353874
Data,8608,-0.0,0.0,1443.168967850482,0.0,0.0,909.08,0.0,550.0,0,-207.75103214951818,0.0,3110,207.75103214951798
Data,8609,-0.0,0.0,1432.1961690554767,0.0,0.0,948.22,0.0,550.0,0,-273.58383094452347,0.0,3204,273.58383094452324
Data,8610,-0.0,0.0,1231.6220514330016,0.0,0.0,990.71,0.0,553.2,0,-688.4679485669985,0.0,3464,688.4679485669983
Data,8611,-0.0,0.0,1232.0347849977106,0.0,0.0,982.88,0.0,550.0,0,-920.0852150022891,0.0,3685,920.0852150022894
Data,8612,-0.0,0.0,1524.668455104265,0.0,0.0,970.58,0.0,550.0,0,-599.7515448957352,0.0,3645,599.751544895735
Data,8613,0.0,0.0,1463.747153513502,0.0,0.0,942.63,0.0,550.0,0,-578.6228464864978,0.0,3535,578.6228464864979
Data,8614,0.0,0.0,1322.6573065263944,0.0,0.0,899.02,0.0,550.0,0,-599.3226934736053,0.0,3371,599.3226934736056
Data,8615,0.0,0.0,1305.884584921614,0.0,0.0,875.54,0.0,550.0,0,-532.5754150783861,0.0,3264,532.575415078386
Data,8616,0.0,0.0,1313.641090038026,0.0,0.0,820.75,0.0,550.0,0,-591.608909961974,0.0,3276,591.608909961974
Data,8617,0.0,0.0,1327.4178429945225,0.0,0.0,790.55,0.0,550.0,0,-556.0321570054776,0.0,3224,556.0321570054775
Data,8618,0.0,0.0,1241.6630759957138,0.0,0.0,825.22,0.0,550.0,0,-691.1169240042861,0.0,3308,691.1169240042861
Data,8619,0.0,0.0,1163.9230782078591,0.0,0.0,869.95,0.0,550.0,0,-844.1269217921407,0.0,3428,844.1269217921408
Data,8620,0.0,0.0,1010.9517436276084,0.0,0.0,929.21,0.0,550.0,0,-1056.8382563723915,0.0,3547,1056.8382563723917
Data,8621,0.0,0.0,1248.547190635574,0.0,0.0,931.45,0.0,550.0,0,-845.0028093644262,0.0,3575,845.002809364426
Data,8622,0.0,0.0,1475.253903441869,0.0,0.0,894.55,0.0,550.0,0,-593.1960965581309,0.0,3513,593.1960965581311
Data,8623,-0.0,0.0,1523.4657673869974,0.0,0.0,824.1,0.0,550.0,0,-507.4342326130026,0.0,3405,507.43423261300256
Data,8624,-0.0,0.0,1892.2432476710715,0.0,0.0,811.8,0.0,550.0,0,-43.956752328928594,0.0,3298,43.95675232892859
Data,8625,-0.0,0.0,1806.8641659134873,0.0,0.0,793.91,0.0,550.0,0,-260.2258340865128,0.0,3411,260.2258340865127
Data,8626,-0.0,0.0,1763.891347740007,0.0,0.0,758.13,0.0,199.0,0,-870.9786522599928,0.0,3592,870.978652259993
Data,8627,-0.0,0.0,1843.5696999113975,0.0,0.0,733.53,0.0,199.0,0,-825.9003000886028,0.0,3602,825.9003000886025
Data,8628,-0.0,0.0,1690.7555544081474,0.0,0.0,762.6,0.0,492.9136,0,-604.7308455918528,0.0,3551,604.7308455918526
Data,8629,-0.0,0.0,1459.3300091128779,0.0,0.0,786.08,0.0,199.0,0,-1063.5899908871222,0.0,3508,1063.589990887122
Data,8630,-0.0,0.0,1487.025669999991,0.0,0.0,801.74,0.0,519.8718,0,-628.3625300000094,0.0,3437,628.3625300000091
Data,8631,-0.0,0.0,1312.048202014019,0.0,0.0,820.75,0.0,550.0,0,-690.201797985981,0.0,3373,690.2017979859811
Data,8632,-0.0,0.0,1642.1248691188428,0.0,0.0,871.06,0.0,550.0,0,-323.8151308811573,0.0,3387,323.8151308811573
Data,8633,-0.0,0.0,1721.8759690802972,0.0,0.0,949.34,0.0,550.0,0,-228.7840309197028,0.0,3450,228.7840309197028
Data,8634,-0.0,0.0,1384.963580664506,0.0,0.0,985.12,0.0,550.0,0,-728.916419335494,0.0,3649,728.916419335494
Data,8635,-0.0,0.0,1927.6013350951025,0.0,0.0,971.7,0.0,550.0,0,-382.6986649048976,0.0,3832,382.69866490489744
Data,8636,0.0,0.0,1690.396375900277,0.0,0.0,901.25,0.0,550.0,0,-655.353624099723,0.0,3797,655.353624099723
Data,8637,0.0,0.0,2287.7015355219182,0.0,0.0,875.54,0.0,546.8,0,51.041535521918576,0.0,3659,-51.04153552191815
Data,8638,0.0,0.0,1984.7665290921811,0.0,0.0,845.35,0.0,550.0,0,-151.88347090781892,0.0,3532,151.88347090781883
Data,8639,0.0,0.0,2105.328657814997,0.0,0.0,777.14,0.0,550.0,0,86.46865781499679,0.0,3346,-86.46865781499685
Data,8640,0.0,0.0,1923.2777883639596,0.0,0.0,765.95,0.0,550.0,0,-153.77221163604068,0.0,3393,153.7722116360403
Data,8641,0.0,0.0,2147.970969198238,0.0,0.0,760.36,0.0,550.0,0,78.33096919823817,0.0,3380,-78.330969198238
Data,8642,0.0,0.0,2104.200126872587,0.0,0.0,778.25,0.0,48.0,0,-504.54987312741275,0.0,3435,504.54987312741287
Data,8643,0.0,0.0,2003.5646136915834,0.0,0.0,805.09,0.0,48.0,0,-680.3453863084162,0.0,3537,680.3453863084166
Data,8644,0.0,0.0,2282.9845304032146,0.0,0.0,838.64,0.0,48.0,0,-445.37546959678576,0.0,3615,445.37546959678536
Data,8645,0.0,0.0,2552.0677399674073,0.0,0.0,926.97,0.0,48.0,0,-188.962260032593,0.0,3716,188.96226003259267
Data,8646,0.0,0.0,1927.414528397714,0.0,0.0,947.1,0.0,48.0,0,-795.485471602286,0.0,3718,795.4854716022859
Data,8647,-0.0,0.0,3013.249925095327,0.0,0.0,876.65,0.0,48.0,0,214.89992509532664,0.0,3723,-214.89992509532692
Data,8648,-0.0,0.0,2602.5310817930394,0.0,0.0,781.61,0.0,48.0,0,-184.85891820696045,0.0,3617,184.85891820696054
Data,8649,-0.0,0.0,2625.081915250505,0.0,0.0,745.83,0.0,48.0,0,-238.08808474949467,0.0,3657,238.0880847494949
Data,8650,-0.0,0.0,2586.775671865952,0.0,0.0,712.28,0.0,48.0,0,-281.94432813404825,0.0,3629,281.94432813404796
Data,8651,-0.0,0.0,3140.7864350923455,0.0,0.0,684.33,0.0,48.0,0,378.1164350923457,0.0,3495,-378.11643509234557
Data,8652,-0.0,0.0,3469.637848543209,0.0,0.0,675.38,0.0,48.0,0,588.0178485432094,0.0,3605,-588.0178485432092
Data,8653,-0.0,0.0,3267.9145113597865,0.0,0.0,639.6,0.0,48.0,0,516.5145113597866,0.0,3439,-516.5145113597865
Data,8654,-0.0,0.0,3743.802861078152,0.0,0.0,645.19,0.0,48.0,0,941.9928610781525,0.0,3495,-941.9928610781521
Data,8655,-0.0,0.0,3972.1794952569817,0.0,0.0,689.92,0.0,48.0,0,1194.0994952569815,0.0,3516,-1194.0994952569818
Data,8656,-0.0,0.0,3964.1350071404822,0.0,0.0,707.81,0.0,48.0,0,1205.9450071404824,0.0,3514,-1205.9450071404822
Data,8657,-0.0,0.0,3956.8135113885555,0.0,0.0,822.98,0.0,48.0,0,1222.7935113885553,0.0,3605,-1222.7935113885555
Data,8658,-0.0,0.0,3565.2998853024824,0.0,0.0,932.56,0.0,48.0,0,768.8598853024821,0.0,3777,-768.8598853024823
Data,8659,-0.0,0.0,3030.206044328154,0.0,0.0,937.04,0.0,48.0,0,51.246044328154014,0.0,3964,-51.24604432815386
Data,8660,0.0,0.0,2739.374914045055,0.0,0.0,914.67,0.0,44.8,0,-182.1550859549449,0.0,3881,182.15508595494504
Data,8661,0.0,0.0,2634.4062990753123,0.0,0.0,848.7,0.0,550.0,0,328.10629907531205,0.0,3705,-328.10629907531234
Data,8662,0.0,0.0,2686.9458109510274,0.0,0.0,781.61,0.0,550.0,0,507.55581095102764,0.0,3511,-507.5558109510274
Data,8663,0.0,0.0,2217.7643519516905,0.0,0.0,777.14,0.0,550.0,0,203.90435195169044,0.0,3341,-203.9043519516905
Data,8664,0.0,0.0,1931.5654983237143,0.0,0.0,758.13,0.0,550.0,0,-165.30450167628558,0.0,3405,165.30450167628567
Data,8665,0.0,0.0,1744.1781301669505,0.0,0.0,714.52,0.0,550.0,0,-324.30186983304964,0.0,3333,324.3018698330495
Data,8666,0.0,0.0,1717.170847544154,0.0,0.0,731.29,0.0,550.0,0,-398.5391524558462,0.0,3397,398.5391524558461
Data,8667,0.0,0.0,1000.7504997792416,0.0,0.0,759.25,0.0,550.0,0,-1226.9995002207584,0.0,3537,1226.9995002207584
Data,8668,0.0,0.0,1332.9054950369,0.0,0.0,762.6,0.0,546.8,0,-1000.6945049630999,0.0,3643,1000.6945049631
Data,8669,0.0,0.0,1369.909014100877,0.0,0.0,859.88,0.0,550.0,0,-980.210985899123,0.0,3760,980.2109858991231
Data,8670,0.0,0.0,1422.567195157569,0.0,0.0,895.66,0.0,550.0,0,-848.7728048424312,0.0,3717,848.7728048424311
Data,8671,-0.0,0.0,1545.1204764138072,0.0,0.0,827.45,0.0,550.0,0,-715.429523586193,0.0,3638,715.4295235861928
Data,8672,-0.0,0.0,1475.7678817207925,0.0,0.0,705.57,0.0,550.0,0,-945.6621182792074,0.0,3677,945.6621182792074
Data,8673,-0.0,0.0,1317.3208184050152,0.0,0.0,680.97,0.0,48.0,0,-1751.7091815949846,0.0,3798,1751.7091815949848
Data,8674,-0.0,0.0,1058.5688698385832,0.0,1707.0,653.02,0.0,48.0,0,-473.4111301614169,0.0,3940,2180.4111301614166
Data,8675,-0.0,0.0,1146.0833723654932,0.0,0.0,618.35,0.0,48.0,0,-2135.566627634507,0.0,3948,2135.566627634507
Data,8676,-0.0,0.0,1509.3944930684936,0.0,0.0,585.93,0.0,48.0,0,-1768.6755069315066,0.0,3912,1768.6755069315063
Data,8677,-0.0,0.0,2081.6243932508496,0.0,0.0,554.62,0.0,48.0,0,-984.7556067491505,0.0,3669,984.7556067491504
Data,8678,-0.0,0.0,1795.7880732227297,0.0,0.0,569.15,0.0,48.0,0,-1258.0619267772702,0.0,3671,1258.0619267772704
Data,8679,-0.0,0.0,1809.201064522805,0.0,0.0,610.53,0.0,48.0,0,-1066.2689354771953,0.0,3534,1066.268935477195
Data,8680,-0.0,0.0,1707.5685010557183,0.0,0.0,640.72,0.0,48.0,0,-955.7114989442814,0.0,3352,955.7114989442816
Data,8681,-0.0,0.0,1858.6032119839324,0.0,788.9567880160675,715.64,0.0,44.8,0,0,0.0,3408,788.9567880160677
Data,8682,-0.0,0.0,1507.0670970484014,0.0,666.4629029515984,865.47,0.0,550.0,0,0,0.0,3589,666.4629029515986
Data,8683,-0.0,0.0,1515.3514639805458,0.0,0.0,874.42,0.0,550.0,0,-833.2285360194542,0.0,3773,833.2285360194543
Data,8684,0.0,0.0,1341.1438497911568,0.0,0.0,865.47,0.0,550.0,0,-973.386150208843,0.0,3730,973.3861502088432
Data,8685,0.0,0.0,1052.257575065847,0.0,0.0,773.78,0.0,550.0,0,-1192.9624249341532,0.0,3569,1192.962424934153
Data,8686,0.0,0.0,1317.0418428823968,0.0,791.4181571176032,752.54,0.0,550.0,0,0,0.0,3411,791.4181571176032
Data,8687,0.0,0.0,1150.0654426736091,0.0,816.524557326391,732.41,0.0,550.0,0,0,0.0,3249,816.5245573263909
Data,8688,0.0,0.0,1152.7326718141574,0.0,877.3373281858428,708.93,0.0,550.0,0,0,0.0,3289,877.3373281858427
Data,8689,0.0,0.0,798.5032929758049,0.0,0.0,651.9,0.0,550.0,0,-1198.596707024195,0.0,3199,1198.596707024195
Data,8690,0.0,0.0,805.7437357856614,0.0,1074.201439710718,672.03,0.0,546.8,0,-199.22482450362054,0.0,3298,1273.4262642143385
Data,8691,0.0,0.0,862.0835869004072,0.0,1297.5664130995929,722.35,0.0,550.0,0,0,0.0,3432,1297.5664130995929
Data,8692,0.0,0.0,1169.7815123616272,0.0,1114.868487638373,722.35,0.0,550.0,0,0,0.0,3557,1114.8684876383727
Data,8693,0.0,0.0,1541.3933437546848,0.0,739.1566562453155,827.45,0.0,550.0,0,0,0.0,3658,739.1566562453152
Data,8694,0.0,0.0,1636.4715263910186,0.0,602.2984736089813,844.23,0.0,550.0,0,0,0.0,3633,602.2984736089813
Data,8695,-0.0,0.0,1559.1003604869513,0.0,723.1991395130487,779.37,0.0,481.3305,0,0,0.0,3543,723.1991395130487
Data,8696,-0.0,0.0,1647.0608029444804,0.0,1254.4291970555194,695.51,0.0,48.0,0,0,0.0,3645,1254.4291970555196
Data,8697,-0.0,0.0,1526.8189041281837,0.0,1639.731095871816,630.65,0.0,44.8,0,0,0.0,3842,1639.7310958718163
Data,8698,-0.0,0.0,1357.2557561920723,0.0,1707.0,578.1,0.0,51.2,0,-279.444243807928,0.0,3973,1986.4442438079277
Data,8699,-0.0,0.0,1187.9020065895797,0.0,1707.0,563.56,0.0,48.0,0,-448.5379934104204,0.0,3955,2155.5379934104203
Data,8700,-0.0,0.0,1763.7262296726085,0.0,1548.7737703273915,553.5,0.0,48.0,0,0,0.0,3914,1548.7737703273915
Data,8701,-0.0,0.0,2007.8127723429623,0.0,1114.737227657038,513.25,0.0,51.2,0,0,0.0,3687,1114.7372276570377
Data,8702,-0.0,0.0,2082.077737251906,0.0,1053.902262748094,530.02,0.0,48.0,0,0,0.0,3714,1053.902262748094
Data,8703,-0.0,0.0,2163.7088603423185,0.0,769.5211396576816,582.57,0.0,51.2,0,0,0.0,3567,769.5211396576814
Data,8704,-0.0,0.0,2232.7747109018915,0.0,555.2152890981081,634.01,0.0,48.0,0,0,0.0,3470,555.2152890981085
Data,8705,-0.0,0.0,1793.8700132528106,0.0,916.6699867471897,723.46,0.0,48.0,0,0,0.0,3482,916.6699867471893
Data,8706,-0.0,0.0,1804.0459129925553,0.0,340.3540870074447,885.6,0.0,550.0,0,0,0.0,3580,340.3540870074447
Data,8707,-0.0,0.0,1542.2503040799359,0.0,778.1196959200646,893.43,0.0,553.2,0,0,0.0,3767,778.1196959200641
Data,8708,0.0,0.0,1384.0587391124538,0.0,881.9312608875459,880.01,0.0,550.0,0,0,0.0,3696,881.9312608875462
Data,8709,0.0,0.0,1631.8324802779325,0.0,582.3575197220677,781.61,0.0,553.2,0,0,0.0,3549,582.3575197220674
Data,8710,0.0,0.0,1371.8676757453625,0.0,700.4823242546374,753.65,0.0,550.0,0,0,0.0,3376,700.4823242546375
Data,8711,0.0,0.0,1441.3287647687762,0.0,515.7412352312242,708.93,0.0,550.0,0,0,0.0,3216,515.7412352312239
Data,8712,0.0,0.0,1496.9245006805704,0.0,542.8354993194298,691.04,0.0,553.2,0,0,0.0,3284,542.8354993194296
Data,8713,0.0,0.0,1950.0241709282236,0.0,46.72582907177633,655.25,0.0,550.0,0,0,0.0,3202,46.72582907177639
Data,8714,0.0,0.0,2402.217048131322,0.0,0.0,675.38,0.0,550.0,0,338.5970481313223,0.0,3289,-338.5970481313219
Data,8715,0.0,0.0,2963.2948822459343,0.0,0.0,696.63,0.0,553.2,0,786.1248822459343,0.0,3427,-786.1248822459344
Data,8716,0.0,0.0,3107.0846011661524,0.0,0.0,704.45,0.0,550.0,0,866.534601166152,0.0,3495,-866.5346011661525
Data,8717,0.0,0.0,2794.0786983503385,0.0,0.0,769.31,0.0,511.8312,0,465.21989835033844,0.0,3610,-465.2198983503385
Data,8718,0.0,0.0,2658.3850174326385,0.0,0.0,773.78,0.0,199.0,0,36.16501743263814,0.0,3595,-36.16501743263848
Data,8719,-0.0,0.0,3335.545401160038,0.0,0.0,711.16,0.0,48.0,0,523.7054011600379,0.0,3571,-523.7054011600382
Data,8720,-0.0,0.0,3274.4603065322676,0.0,0.0,630.65,0.0,48.0,0,450.1103065322676,0.0,3503,-450.1103065322676
Data,8721,-0.0,0.0,2910.002438283905,0.0,0.0,601.58,0.0,51.2,0,-108.21756171609515,0.0,3671,108.21756171609483
Data,8722,-0.0,0.0,2613.708775119944,0.0,571.3112248800556,576.98,0.0,48.0,0,0,0.0,3810,571.3112248800558
Data,8723,-0.0,0.0,2349.1848803945613,0.0,823.8951196054385,566.92,0.0,48.0,0,0,0.0,3788,823.8951196054387
Data,8724,-0.0,0.0,2107.6132162241697,0.0,931.8630011740509,552.38,0.0,48.0,0,-122.14378260177938,0.0,3762,1054.0067837758302
Data,8725,-0.0,0.0,2182.725266446188,0.0,0.0,518.84,0.0,48.0,0,-804.434733553812,0.0,3554,804.434733553812
Data,8726,-0.0,0.0,2092.278860129021,0.0,0.0,542.32,0.0,48.0,0,-858.4011398709788,0.0,3541,858.4011398709791
Data,8727,-0.0,0.0,2149.2041705774764,0.0,597.1058294225236,583.69,0.0,48.0,0,0,0.0,3378,597.1058294225236
Data,8728,-0.0,0.0,1684.232743739852,0.0,977.3272562601485,617.24,0.0,51.2,0,0,0.0,3330,977.327256260148
Data,8729,-0.0,0.0,1711.8556259469708,0.0,974.1443740530292,738.0,0.0,48.0,0,0,0.0,3472,974.1443740530292
Data,8730,-0.0,0.0,1735.1404890043023,0.0,957.5495109956978,892.31,0.0,48.0,0,0,0.0,3633,957.5495109956978
Data,8731,-0.0,0.0,1263.5874733372657,-0.0,1536.3925266627343,899.02,0.0,48.0,0,0,0.0,3747,1536.3925266627343
Data,8732,0.0,0.0,1496.5750929130652,0.0,1238.0949070869349,881.13,0.0,51.2,0,0,0.0,3667,1238.0949070869349
Data,8733,0.0,0.0,1393.7772164781447,0.0,1245.0727835218552,815.15,0.0,48.0,0,0,0.0,3502,1245.0727835218554
Data,8734,0.0,0.0,1100.2331727362275,0.0,1415.6968272637723,767.07,0.0,48.0,0,0,0.0,3331,1415.6968272637723
Data,8735,0.0,0.0,1261.8803085703894,0.0,1155.5996914296106,714.52,0.0,48.0,0,0,0.0,3180,1155.5996914296106
Data,8736,0.0,0.0,1753.6686442451055,0.0,710.101355754895,672.03,0.0,51.2,0,0,0.0,3187,710.1013557548945
Data,8737,0.0,0.0,1536.1732191466936,0.0,726.0467808533066,650.78,0.0,199.0,0,0,0.0,3112,726.0467808533065
Data,8738,0.0,0.0,1608.7990562238492,0.0,712.9409437761506,674.26,0.0,199.0,0,0,0.0,3195,712.9409437761508
Data,8739,0.0,0.0,1617.2491985137099,0.0,798.2408014862899,695.51,0.0,199.0,0,0,0.0,3310,798.2408014862901
Data,8740,0.0,0.0,1710.2568790482042,0.0,441.603120951796,727.94,0.0,553.2,0,0,0.0,3433,441.60312095179574
Data,8741,0.0,0.0,1841.742153543123,0.0,461.36174645687714,778.25,0.0,406.6461,0,0,0.0,3488,461.3617464568769
Data,8742,0.0,0.0,2079.5501640377197,0.0,251.39643596228032,808.45,0.0,360.6034,0,0,0.0,3500,251.39643596228024
Data,8743,-0.0,0.0,2002.5938861909503,0.0,316.0561138090498,741.35,0.0,550.0,0,0,0.0,3610,316.05611380904963
Data,8744,-0.0,0.0,2625.0206503509735,0.0,100.82934964902648,692.15,0.0,199.0,0,0,0.0,3617,100.82934964902654
Data,8745,-0.0,0.0,2108.350491154912,0.0,1233.4795088450878,607.17,0.0,48.0,0,0,0.0,3997,1233.4795088450878
Data,8746,-0.0,0.0,1737.8543101835598,0.0,1707.0,574.75,0.0,48.0,0,-115.39568981591947,0.0,4183,1822.3956898164402
Data,8747,-0.0,0.0,2001.5208978570545,0.0,1466.1491021429456,561.33,0.0,48.0,0,0,0.0,4077,1466.1491021429456
Data,8748,-0.0,0.0,1868.465962616201,0.0,1397.0840373837991,562.45,0.0,48.0,0,0,0.0,3876,1397.084037383799
Data,8749,-0.0,0.0,2235.732892226193,0.0,770.4071077738074,526.66,0.0,51.2,0,0,0.0,3584,770.4071077738068
Data,8750,-0.0,0.0,2603.641313200726,0.0,428.3286867992738,549.03,0.0,48.0,0,0,0.0,3629,428.328686799274
Data,8751,-0.0,0.0,2354.0708328308574,0.0,534.3591671691427,582.57,0.0,48.0,0,0,0.0,3519,534.3591671691426
Data,8752,-0.0,0.0,1203.031952197817,0.0,1505.3480478021831,677.62,0.0,48.0,0,0,0.0,3434,1505.348047802183
Data,8753,-0.0,0.0,1329.368813643358,0.0,1285.1411863566423,780.49,0.0,48.0,0,0,0.0,3443,1285.141186356642
Data,8754,-0.0,0.0,950.8840688114201,0.0,1104.3859311885797,905.73,0.0,550.0,0,0,0.0,3511,1104.38593118858
Data,8755,-0.0,0.0,613.8149662247939,0.0,1557.625033775206,932.56,0.0,550.0,0,0,0.0,3654,1557.6250337752062
Data,8756,0.0,0.0,865.8614022783455,0.0,1256.8785977216544,920.26,0.0,550.0,0,0,0.0,3593,1256.8785977216544
Data,8757,0.0,0.0,1265.5506215376613,0.0,821.6993784623387,820.75,0.0,550.0,0,0,0.0,3458,821.6993784623387
Data,8758,0.0,0.0,1716.7983292471804,0.0,315.19167075281973,707.81,0.0,553.2,0,0,0.0,3293,315.1916707528196
Data,8759,0.0,0.0,747.3950045434125,0.0,1165.8549954565874,697.75,0.0,550.0,0,0,0.0,3161,1165.8549954565874
Data,8760,0.0,0.0,977.8729964786254,0.0,950.0770035213746,729.05,0.0,550.0,0,0,0.0,3207,950.0770035213746
