*Hour,LargeHydro
1,1500.5
2,1500.5
3,1500.5
4,1500.5
5,1500.5
6,1500.5
7,1500.5
8,1500.5
9,1500.5
10,1500.5
11,1500.5
12,1500.5
13,1500.5
14,1500.5
15,1500.5
16,1500.5
17,1500.5
18,1500.5
19,1500.5
20,1500.5
21,1500.5
22,1500.5
23,1500.5
24,1500.5
25,1500.5
26,1500.5
27,1500.5
28,1500.5
29,1500.5
30,1500.5
31,1500.5
32,1500.5
33,1500.5
34,1500.5
35,1500.5
36,1500.5
37,1500.5
38,1500.5
39,1500.5
40,1500.5
41,1500.5
42,1500.5
43,1500.5
44,1500.5
45,1500.5
46,1500.5
47,1500.5
48,1500.5
49,1500.5
50,1500.5
51,1500.5
52,1500.5
53,1500.5
54,1500.5
55,1500.5
56,1500.5
57,1500.5
58,1500.5
59,1500.5
60,1500.5
61,1500.5
62,1500.5
63,1500.5
64,1500.5
65,1500.5
66,1500.5
67,1500.5
68,1500.5
69,1500.5
70,1500.5
71,1500.5
72,1500.5
73,1500.5
74,1500.5
75,1500.5
76,1500.5
77,1500.5
78,1500.5
79,1500.5
80,1500.5
81,1500.5
82,1500.5
83,1500.5
84,1500.5
85,1500.5
86,1500.5
87,1500.5
88,1500.5
89,1500.5
90,1500.5
91,1500.5
92,1500.5
93,1500.5
94,1500.5
95,1500.5
96,1500.5
97,1500.5
98,1500.5
99,1500.5
100,1500.5
101,1500.5
102,1500.5
103,1500.5
104,1500.5
105,1500.5
106,1500.5
107,1500.5
108,1500.5
109,1500.5
110,1500.5
111,1500.5
112,1500.5
113,1500.5
114,1500.5
115,1500.5
116,1500.5
117,1500.5
118,1500.5
119,1500.5
120,1500.5
121,1500.5
122,1500.5
123,1500.5
124,1500.5
125,1500.5
126,1500.5
127,1500.5
128,1500.5
129,1500.5
130,1500.5
131,1500.5
132,1500.5
133,1500.5
134,1500.5
135,1500.5
136,1500.5
137,1500.5
138,1500.5
139,1500.5
140,1500.5
141,1500.5
142,1500.5
143,1500.5
144,1500.5
145,1500.5
146,1500.5
147,1500.5
148,1500.5
149,1500.5
150,1500.5
151,1500.5
152,1500.5
153,1500.5
154,1500.5
155,1500.5
156,1500.5
157,1500.5
158,1500.5
159,1500.5
160,1500.5
161,1500.5
162,1500.5
163,1500.5
164,1500.5
165,1500.5
166,1500.5
167,1500.5
168,1500.5
169,1500.5
170,1500.5
171,1500.5
172,1500.5
173,1500.5
174,1500.5
175,1500.5
176,1500.5
177,1500.5
178,1500.5
179,1500.5
180,1500.5
181,1500.5
182,1500.5
183,1500.5
184,1500.5
185,1500.5
186,1500.5
187,1500.5
188,1500.5
189,1500.5
190,1500.5
191,1500.5
192,1500.5
193,1500.5
194,1500.5
195,1500.5
196,1500.5
197,1500.5
198,1500.5
199,1500.5
200,1500.5
201,1500.5
202,1500.5
203,1500.5
204,1500.5
205,1500.5
206,1500.5
207,1500.5
208,1500.5
209,1500.5
210,1500.5
211,1500.5
212,1500.5
213,1500.5
214,1500.5
215,1500.5
216,1500.5
217,1500.5
218,1500.5
219,1500.5
220,1500.5
221,1500.5
222,1500.5
223,1500.5
224,1500.5
225,1500.5
226,1500.5
227,1500.5
228,1500.5
229,1500.5
230,1500.5
231,1500.5
232,1500.5
233,1500.5
234,1500.5
235,1500.5
236,1500.5
237,1500.5
238,1500.5
239,1500.5
240,1500.5
241,1500.5
242,1500.5
243,1500.5
244,1500.5
245,1500.5
246,1500.5
247,1500.5
248,1500.5
249,1500.5
250,1500.5
251,1500.5
252,1500.5
253,1500.5
254,1500.5
255,1500.5
256,1500.5
257,1500.5
258,1500.5
259,1500.5
260,1500.5
261,1500.5
262,1500.5
263,1500.5
264,1500.5
265,1500.5
266,1500.5
267,1500.5
268,1500.5
269,1500.5
270,1500.5
271,1500.5
272,1500.5
273,1500.5
274,1500.5
275,1500.5
276,1500.5
277,1500.5
278,1500.5
279,1500.5
280,1500.5
281,1500.5
282,1500.5
283,1500.5
284,1500.5
285,1500.5
286,1500.5
287,1500.5
288,1500.5
289,1500.5
290,1500.5
291,1500.5
292,1500.5
293,1500.5
294,1500.5
295,1500.5
296,1500.5
297,1500.5
298,1500.5
299,1500.5
300,1500.5
301,1500.5
302,1500.5
303,1500.5
304,1500.5
305,1500.5
306,1500.5
307,1500.5
308,1500.5
309,1500.5
310,1500.5
311,1500.5
312,1500.5
313,1500.5
314,1500.5
315,1500.5
316,1500.5
317,1500.5
318,1500.5
319,1500.5
320,1500.5
321,1500.5
322,1500.5
323,1500.5
324,1500.5
325,1500.5
326,1500.5
327,1500.5
328,1500.5
329,1500.5
330,1500.5
331,1500.5
332,1500.5
333,1500.5
334,1500.5
335,1500.5
336,1500.5
337,1500.5
338,1500.5
339,1500.5
340,1500.5
341,1500.5
342,1500.5
343,1500.5
344,1500.5
345,1500.5
346,1500.5
347,1500.5
348,1500.5
349,1500.5
350,1500.5
351,1500.5
352,1500.5
353,1500.5
354,1500.5
355,1500.5
356,1500.5
357,1500.5
358,1500.5
359,1500.5
360,1500.5
361,1500.5
362,1500.5
363,1500.5
364,1500.5
365,1500.5
366,1500.5
367,1500.5
368,1500.5
369,1500.5
370,1500.5
371,1500.5
372,1500.5
373,1500.5
374,1500.5
375,1500.5
376,1500.5
377,1500.5
378,1500.5
379,1500.5
380,1500.5
381,1500.5
382,1500.5
383,1500.5
384,1500.5
385,1500.5
386,1500.5
387,1500.5
388,1500.5
389,1500.5
390,1500.5
391,1500.5
392,1500.5
393,1500.5
394,1500.5
395,1500.5
396,1500.5
397,1500.5
398,1500.5
399,1500.5
400,1500.5
401,1500.5
402,1500.5
403,1500.5
404,1500.5
405,1500.5
406,1500.5
407,1500.5
408,1500.5
409,1500.5
410,1500.5
411,1500.5
412,1500.5
413,1500.5
414,1500.5
415,1500.5
416,1500.5
417,1500.5
418,1500.5
419,1500.5
420,1500.5
421,1500.5
422,1500.5
423,1500.5
424,1500.5
425,1500.5
426,1500.5
427,1500.5
428,1500.5
429,1500.5
430,1500.5
431,1500.5
432,1500.5
433,1500.5
434,1500.5
435,1500.5
436,1500.5
437,1500.5
438,1500.5
439,1500.5
440,1500.5
441,1500.5
442,1500.5
443,1500.5
444,1500.5
445,1500.5
446,1500.5
447,1500.5
448,1500.5
449,1500.5
450,1500.5
451,1500.5
452,1500.5
453,1500.5
454,1500.5
455,1500.5
456,1500.5
457,1500.5
458,1500.5
459,1500.5
460,1500.5
461,1500.5
462,1500.5
463,1500.5
464,1500.5
465,1500.5
466,1500.5
467,1500.5
468,1500.5
469,1500.5
470,1500.5
471,1500.5
472,1500.5
473,1500.5
474,1500.5
475,1500.5
476,1500.5
477,1500.5
478,1500.5
479,1500.5
480,1500.5
481,1500.5
482,1500.5
483,1500.5
484,1500.5
485,1500.5
486,1500.5
487,1500.5
488,1500.5
489,1500.5
490,1500.5
491,1500.5
492,1500.5
493,1500.5
494,1500.5
495,1500.5
496,1500.5
497,1500.5
498,1500.5
499,1500.5
500,1500.5
501,1500.5
502,1500.5
503,1500.5
504,1500.5
505,1500.5
506,1500.5
507,1500.5
508,1500.5
509,1500.5
510,1500.5
511,1500.5
512,1500.5
513,1500.5
514,1500.5
515,1500.5
516,1500.5
517,1500.5
518,1500.5
519,1500.5
520,1500.5
521,1500.5
522,1500.5
523,1500.5
524,1500.5
525,1500.5
526,1500.5
527,1500.5
528,1500.5
529,1500.5
530,1500.5
531,1500.5
532,1500.5
533,1500.5
534,1500.5
535,1500.5
536,1500.5
537,1500.5
538,1500.5
539,1500.5
540,1500.5
541,1500.5
542,1500.5
543,1500.5
544,1500.5
545,1500.5
546,1500.5
547,1500.5
548,1500.5
549,1500.5
550,1500.5
551,1500.5
552,1500.5
553,1500.5
554,1500.5
555,1500.5
556,1500.5
557,1500.5
558,1500.5
559,1500.5
560,1500.5
561,1500.5
562,1500.5
563,1500.5
564,1500.5
565,1500.5
566,1500.5
567,1500.5
568,1500.5
569,1500.5
570,1500.5
571,1500.5
572,1500.5
573,1500.5
574,1500.5
575,1500.5
576,1500.5
577,1500.5
578,1500.5
579,1500.5
580,1500.5
581,1500.5
582,1500.5
583,1500.5
584,1500.5
585,1500.5
586,1500.5
587,1500.5
588,1500.5
589,1500.5
590,1500.5
591,1500.5
592,1500.5
593,1500.5
594,1500.5
595,1500.5
596,1500.5
597,1500.5
598,1500.5
599,1500.5
600,1500.5
601,1500.5
602,1500.5
603,1500.5
604,1500.5
605,1500.5
606,1500.5
607,1500.5
608,1500.5
609,1500.5
610,1500.5
611,1500.5
612,1500.5
613,1500.5
614,1500.5
615,1500.5
616,1500.5
617,1500.5
618,1500.5
619,1500.5
620,1500.5
621,1500.5
622,1500.5
623,1500.5
624,1500.5
625,1500.5
626,1500.5
627,1500.5
628,1500.5
629,1500.5
630,1500.5
631,1500.5
632,1500.5
633,1500.5
634,1500.5
635,1500.5
636,1500.5
637,1500.5
638,1500.5
639,1500.5
640,1500.5
641,1500.5
642,1500.5
643,1500.5
644,1500.5
645,1500.5
646,1500.5
647,1500.5
648,1500.5
649,1500.5
650,1500.5
651,1500.5
652,1500.5
653,1500.5
654,1500.5
655,1500.5
656,1500.5
657,1500.5
658,1500.5
659,1500.5
660,1500.5
661,1500.5
662,1500.5
663,1500.5
664,1500.5
665,1500.5
666,1500.5
667,1500.5
668,1500.5
669,1500.5
670,1500.5
671,1500.5
672,1500.5
673,1500.5
674,1500.5
675,1500.5
676,1500.5
677,1500.5
678,1500.5
679,1500.5
680,1500.5
681,1500.5
682,1500.5
683,1500.5
684,1500.5
685,1500.5
686,1500.5
687,1500.5
688,1500.5
689,1500.5
690,1500.5
691,1500.5
692,1500.5
693,1500.5
694,1500.5
695,1500.5
696,1500.5
697,1500.5
698,1500.5
699,1500.5
700,1500.5
701,1500.5
702,1500.5
703,1500.5
704,1500.5
705,1500.5
706,1500.5
707,1500.5
708,1500.5
709,1500.5
710,1500.5
711,1500.5
712,1500.5
713,1500.5
714,1500.5
715,1500.5
716,1500.5
717,1500.5
718,1500.5
719,1500.5
720,1500.5
721,1500.5
722,1500.5
723,1500.5
724,1500.5
725,1500.5
726,1500.5
727,1500.5
728,1500.5
729,1500.5
730,1500.5
731,1500.5
732,1500.5
733,1500.5
734,1500.5
735,1500.5
736,1500.5
737,1500.5
738,1500.5
739,1500.5
740,1500.5
741,1500.5
742,1500.5
743,1500.5
744,1500.5
745,1500.5
746,1500.5
747,1500.5
748,1500.5
749,1500.5
750,1500.5
751,1500.5
752,1500.5
753,1500.5
754,1500.5
755,1500.5
756,1500.5
757,1500.5
758,1500.5
759,1500.5
760,1500.5
761,1500.5
762,1500.5
763,1500.5
764,1500.5
765,1500.5
766,1500.5
767,1500.5
768,1500.5
769,1500.5
770,1500.5
771,1500.5
772,1500.5
773,1500.5
774,1500.5
775,1500.5
776,1500.5
777,1500.5
778,1500.5
779,1500.5
780,1500.5
781,1500.5
782,1500.5
783,1500.5
784,1500.5
785,1500.5
786,1500.5
787,1500.5
788,1500.5
789,1500.5
790,1500.5
791,1500.5
792,1500.5
793,1500.5
794,1500.5
795,1500.5
796,1500.5
797,1500.5
798,1500.5
799,1500.5
800,1500.5
801,1500.5
802,1500.5
803,1500.5
804,1500.5
805,1500.5
806,1500.5
807,1500.5
808,1500.5
809,1500.5
810,1500.5
811,1500.5
812,1500.5
813,1500.5
814,1500.5
815,1500.5
816,1500.5
817,1500.5
818,1500.5
819,1500.5
820,1500.5
821,1500.5
822,1500.5
823,1500.5
824,1500.5
825,1500.5
826,1500.5
827,1500.5
828,1500.5
829,1500.5
830,1500.5
831,1500.5
832,1500.5
833,1500.5
834,1500.5
835,1500.5
836,1500.5
837,1500.5
838,1500.5
839,1500.5
840,1500.5
841,1500.5
842,1500.5
843,1500.5
844,1500.5
845,1500.5
846,1500.5
847,1500.5
848,1500.5
849,1500.5
850,1500.5
851,1500.5
852,1500.5
853,1500.5
854,1500.5
855,1500.5
856,1500.5
857,1500.5
858,1500.5
859,1500.5
860,1500.5
861,1500.5
862,1500.5
863,1500.5
864,1500.5
865,1500.5
866,1500.5
867,1500.5
868,1500.5
869,1500.5
870,1500.5
871,1500.5
872,1500.5
873,1500.5
874,1500.5
875,1500.5
876,1500.5
877,1500.5
878,1500.5
879,1500.5
880,1500.5
881,1500.5
882,1500.5
883,1500.5
884,1500.5
885,1500.5
886,1500.5
887,1500.5
888,1500.5
889,1500.5
890,1500.5
891,1500.5
892,1500.5
893,1500.5
894,1500.5
895,1500.5
896,1500.5
897,1500.5
898,1500.5
899,1500.5
900,1500.5
901,1500.5
902,1500.5
903,1500.5
904,1500.5
905,1500.5
906,1500.5
907,1500.5
908,1500.5
909,1500.5
910,1500.5
911,1500.5
912,1500.5
913,1500.5
914,1500.5
915,1500.5
916,1500.5
917,1500.5
918,1500.5
919,1500.5
920,1500.5
921,1500.5
922,1500.5
923,1500.5
924,1500.5
925,1500.5
926,1500.5
927,1500.5
928,1500.5
929,1500.5
930,1500.5
931,1500.5
932,1500.5
933,1500.5
934,1500.5
935,1500.5
936,1500.5
937,1500.5
938,1500.5
939,1500.5
940,1500.5
941,1500.5
942,1500.5
943,1500.5
944,1500.5
945,1500.5
946,1500.5
947,1500.5
948,1500.5
949,1500.5
950,1500.5
951,1500.5
952,1500.5
953,1500.5
954,1500.5
955,1500.5
956,1500.5
957,1500.5
958,1500.5
959,1500.5
960,1500.5
961,1500.5
962,1500.5
963,1500.5
964,1500.5
965,1500.5
966,1500.5
967,1500.5
968,1500.5
969,1500.5
970,1500.5
971,1500.5
972,1500.5
973,1500.5
974,1500.5
975,1500.5
976,1500.5
977,1500.5
978,1500.5
979,1500.5
980,1500.5
981,1500.5
982,1500.5
983,1500.5
984,1500.5
985,1500.5
986,1500.5
987,1500.5
988,1500.5
989,1500.5
990,1500.5
991,1500.5
992,1500.5
993,1500.5
994,1500.5
995,1500.5
996,1500.5
997,1500.5
998,1500.5
999,1500.5
1000,1500.5
1001,1500.5
1002,1500.5
1003,1500.5
1004,1500.5
1005,1500.5
1006,1500.5
1007,1500.5
1008,1500.5
1009,1500.5
1010,1500.5
1011,1500.5
1012,1500.5
1013,1500.5
1014,1500.5
1015,1500.5
1016,1500.5
1017,1500.5
1018,1500.5
1019,1500.5
1020,1500.5
1021,1500.5
1022,1500.5
1023,1500.5
1024,1500.5
1025,1500.5
1026,1500.5
1027,1500.5
1028,1500.5
1029,1500.5
1030,1500.5
1031,1500.5
1032,1500.5
1033,1500.5
1034,1500.5
1035,1500.5
1036,1500.5
1037,1500.5
1038,1500.5
1039,1500.5
1040,1500.5
1041,1500.5
1042,1500.5
1043,1500.5
1044,1500.5
1045,1500.5
1046,1500.5
1047,1500.5
1048,1500.5
1049,1500.5
1050,1500.5
1051,1500.5
1052,1500.5
1053,1500.5
1054,1500.5
1055,1500.5
1056,1500.5
1057,1500.5
1058,1500.5
1059,1500.5
1060,1500.5
1061,1500.5
1062,1500.5
1063,1500.5
1064,1500.5
1065,1500.5
1066,1500.5
1067,1500.5
1068,1500.5
1069,1500.5
1070,1500.5
1071,1500.5
1072,1500.5
1073,1500.5
1074,1500.5
1075,1500.5
1076,1500.5
1077,1500.5
1078,1500.5
1079,1500.5
1080,1500.5
1081,1500.5
1082,1500.5
1083,1500.5
1084,1500.5
1085,1500.5
1086,1500.5
1087,1500.5
1088,1500.5
1089,1500.5
1090,1500.5
1091,1500.5
1092,1500.5
1093,1500.5
1094,1500.5
1095,1500.5
1096,1500.5
1097,1500.5
1098,1500.5
1099,1500.5
1100,1500.5
1101,1500.5
1102,1500.5
1103,1500.5
1104,1500.5
1105,1500.5
1106,1500.5
1107,1500.5
1108,1500.5
1109,1500.5
1110,1500.5
1111,1500.5
1112,1500.5
1113,1500.5
1114,1500.5
1115,1500.5
1116,1500.5
1117,1500.5
1118,1500.5
1119,1500.5
1120,1500.5
1121,1500.5
1122,1500.5
1123,1500.5
1124,1500.5
1125,1500.5
1126,1500.5
1127,1500.5
1128,1500.5
1129,1500.5
1130,1500.5
1131,1500.5
1132,1500.5
1133,1500.5
1134,1500.5
1135,1500.5
1136,1500.5
1137,1500.5
1138,1500.5
1139,1500.5
1140,1500.5
1141,1500.5
1142,1500.5
1143,1500.5
1144,1500.5
1145,1500.5
1146,1500.5
1147,1500.5
1148,1500.5
1149,1500.5
1150,1500.5
1151,1500.5
1152,1500.5
1153,1500.5
1154,1500.5
1155,1500.5
1156,1500.5
1157,1500.5
1158,1500.5
1159,1500.5
1160,1500.5
1161,1500.5
1162,1500.5
1163,1500.5
1164,1500.5
1165,1500.5
1166,1500.5
1167,1500.5
1168,1500.5
1169,1500.5
1170,1500.5
1171,1500.5
1172,1500.5
1173,1500.5
1174,1500.5
1175,1500.5
1176,1500.5
1177,1500.5
1178,1500.5
1179,1500.5
1180,1500.5
1181,1500.5
1182,1500.5
1183,1500.5
1184,1500.5
1185,1500.5
1186,1500.5
1187,1500.5
1188,1500.5
1189,1500.5
1190,1500.5
1191,1500.5
1192,1500.5
1193,1500.5
1194,1500.5
1195,1500.5
1196,1500.5
1197,1500.5
1198,1500.5
1199,1500.5
1200,1500.5
1201,1500.5
1202,1500.5
1203,1500.5
1204,1500.5
1205,1500.5
1206,1500.5
1207,1500.5
1208,1500.5
1209,1500.5
1210,1500.5
1211,1500.5
1212,1500.5
1213,1500.5
1214,1500.5
1215,1500.5
1216,1500.5
1217,1500.5
1218,1500.5
1219,1500.5
1220,1500.5
1221,1500.5
1222,1500.5
1223,1500.5
1224,1500.5
1225,1500.5
1226,1500.5
1227,1500.5
1228,1500.5
1229,1500.5
1230,1500.5
1231,1500.5
1232,1500.5
1233,1500.5
1234,1500.5
1235,1500.5
1236,1500.5
1237,1500.5
1238,1500.5
1239,1500.5
1240,1500.5
1241,1500.5
1242,1500.5
1243,1500.5
1244,1500.5
1245,1500.5
1246,1500.5
1247,1500.5
1248,1500.5
1249,1500.5
1250,1500.5
1251,1500.5
1252,1500.5
1253,1500.5
1254,1500.5
1255,1500.5
1256,1500.5
1257,1500.5
1258,1500.5
1259,1500.5
1260,1500.5
1261,1500.5
1262,1500.5
1263,1500.5
1264,1500.5
1265,1500.5
1266,1500.5
1267,1500.5
1268,1500.5
1269,1500.5
1270,1500.5
1271,1500.5
1272,1500.5
1273,1500.5
1274,1500.5
1275,1500.5
1276,1500.5
1277,1500.5
1278,1500.5
1279,1500.5
1280,1500.5
1281,1500.5
1282,1500.5
1283,1500.5
1284,1500.5
1285,1500.5
1286,1500.5
1287,1500.5
1288,1500.5
1289,1500.5
1290,1500.5
1291,1500.5
1292,1500.5
1293,1500.5
1294,1500.5
1295,1500.5
1296,1500.5
1297,1500.5
1298,1500.5
1299,1500.5
1300,1500.5
1301,1500.5
1302,1500.5
1303,1500.5
1304,1500.5
1305,1500.5
1306,1500.5
1307,1500.5
1308,1500.5
1309,1500.5
1310,1500.5
1311,1500.5
1312,1500.5
1313,1500.5
1314,1500.5
1315,1500.5
1316,1500.5
1317,1500.5
1318,1500.5
1319,1500.5
1320,1500.5
1321,1500.5
1322,1500.5
1323,1500.5
1324,1500.5
1325,1500.5
1326,1500.5
1327,1500.5
1328,1500.5
1329,1500.5
1330,1500.5
1331,1500.5
1332,1500.5
1333,1500.5
1334,1500.5
1335,1500.5
1336,1500.5
1337,1500.5
1338,1500.5
1339,1500.5
1340,1500.5
1341,1500.5
1342,1500.5
1343,1500.5
1344,1500.5
1345,1500.5
1346,1500.5
1347,1500.5
1348,1500.5
1349,1500.5
1350,1500.5
1351,1500.5
1352,1500.5
1353,1500.5
1354,1500.5
1355,1500.5
1356,1500.5
1357,1500.5
1358,1500.5
1359,1500.5
1360,1500.5
1361,1500.5
1362,1500.5
1363,1500.5
1364,1500.5
1365,1500.5
1366,1500.5
1367,1500.5
1368,1500.5
1369,1500.5
1370,1500.5
1371,1500.5
1372,1500.5
1373,1500.5
1374,1500.5
1375,1500.5
1376,1500.5
1377,1500.5
1378,1500.5
1379,1500.5
1380,1500.5
1381,1500.5
1382,1500.5
1383,1500.5
1384,1500.5
1385,1500.5
1386,1500.5
1387,1500.5
1388,1500.5
1389,1500.5
1390,1500.5
1391,1500.5
1392,1500.5
1393,1500.5
1394,1500.5
1395,1500.5
1396,1500.5
1397,1500.5
1398,1500.5
1399,1500.5
1400,1500.5
1401,1500.5
1402,1500.5
1403,1500.5
1404,1500.5
1405,1500.5
1406,1500.5
1407,1500.5
1408,1500.5
1409,1500.5
1410,1500.5
1411,1500.5
1412,1500.5
1413,1500.5
1414,1500.5
1415,1500.5
1416,1500.5
1417,1500.5
1418,1500.5
1419,1500.5
1420,1500.5
1421,1500.5
1422,1500.5
1423,1500.5
1424,1500.5
1425,1500.5
1426,1500.5
1427,1500.5
1428,1500.5
1429,1500.5
1430,1500.5
1431,1500.5
1432,1500.5
1433,1500.5
1434,1500.5
1435,1500.5
1436,1500.5
1437,1500.5
1438,1500.5
1439,1500.5
1440,1500.5
1441,1500.5
1442,1500.5
1443,1500.5
1444,1500.5
1445,1500.5
1446,1500.5
1447,1500.5
1448,1500.5
1449,1500.5
1450,1500.5
1451,1500.5
1452,1500.5
1453,1500.5
1454,1500.5
1455,1500.5
1456,1500.5
1457,1500.5
1458,1500.5
1459,1500.5
1460,1500.5
1461,1500.5
1462,1500.5
1463,1500.5
1464,1500.5
1465,1500.5
1466,1500.5
1467,1500.5
1468,1500.5
1469,1500.5
1470,1500.5
1471,1500.5
1472,1500.5
1473,1500.5
1474,1500.5
1475,1500.5
1476,1500.5
1477,1500.5
1478,1500.5
1479,1500.5
1480,1500.5
1481,1500.5
1482,1500.5
1483,1500.5
1484,1500.5
1485,1500.5
1486,1500.5
1487,1500.5
1488,1500.5
1489,1500.5
1490,1500.5
1491,1500.5
1492,1500.5
1493,1500.5
1494,1500.5
1495,1500.5
1496,1500.5
1497,1500.5
1498,1500.5
1499,1500.5
1500,1500.5
1501,1500.5
1502,1500.5
1503,1500.5
1504,1500.5
1505,1500.5
1506,1500.5
1507,1500.5
1508,1500.5
1509,1500.5
1510,1500.5
1511,1500.5
1512,1500.5
1513,1500.5
1514,1500.5
1515,1500.5
1516,1500.5
1517,1500.5
1518,1500.5
1519,1500.5
1520,1500.5
1521,1500.5
1522,1500.5
1523,1500.5
1524,1500.5
1525,1500.5
1526,1500.5
1527,1500.5
1528,1500.5
1529,1500.5
1530,1500.5
1531,1500.5
1532,1500.5
1533,1500.5
1534,1500.5
1535,1500.5
1536,1500.5
1537,1500.5
1538,1500.5
1539,1500.5
1540,1500.5
1541,1500.5
1542,1500.5
1543,1500.5
1544,1500.5
1545,1500.5
1546,1500.5
1547,1500.5
1548,1500.5
1549,1500.5
1550,1500.5
1551,1500.5
1552,1500.5
1553,1500.5
1554,1500.5
1555,1500.5
1556,1500.5
1557,1500.5
1558,1500.5
1559,1500.5
1560,1500.5
1561,1500.5
1562,1500.5
1563,1500.5
1564,1500.5
1565,1500.5
1566,1500.5
1567,1500.5
1568,1500.5
1569,1500.5
1570,1500.5
1571,1500.5
1572,1500.5
1573,1500.5
1574,1500.5
1575,1500.5
1576,1500.5
1577,1500.5
1578,1500.5
1579,1500.5
1580,1500.5
1581,1500.5
1582,1500.5
1583,1500.5
1584,1500.5
1585,1500.5
1586,1500.5
1587,1500.5
1588,1500.5
1589,1500.5
1590,1500.5
1591,1500.5
1592,1500.5
1593,1500.5
1594,1500.5
1595,1500.5
1596,1500.5
1597,1500.5
1598,1500.5
1599,1500.5
1600,1500.5
1601,1500.5
1602,1500.5
1603,1500.5
1604,1500.5
1605,1500.5
1606,1500.5
1607,1500.5
1608,1500.5
1609,1500.5
1610,1500.5
1611,1500.5
1612,1500.5
1613,1500.5
1614,1500.5
1615,1500.5
1616,1500.5
1617,1500.5
1618,1500.5
1619,1500.5
1620,1500.5
1621,1500.5
1622,1500.5
1623,1500.5
1624,1500.5
1625,1500.5
1626,1500.5
1627,1500.5
1628,1500.5
1629,1500.5
1630,1500.5
1631,1500.5
1632,1500.5
1633,1500.5
1634,1500.5
1635,1500.5
1636,1500.5
1637,1500.5
1638,1500.5
1639,1500.5
1640,1500.5
1641,1500.5
1642,1500.5
1643,1500.5
1644,1500.5
1645,1500.5
1646,1500.5
1647,1500.5
1648,1500.5
1649,1500.5
1650,1500.5
1651,1500.5
1652,1500.5
1653,1500.5
1654,1500.5
1655,1500.5
1656,1500.5
1657,1500.5
1658,1500.5
1659,1500.5
1660,1500.5
1661,1500.5
1662,1500.5
1663,1500.5
1664,1500.5
1665,1500.5
1666,1500.5
1667,1500.5
1668,1500.5
1669,1500.5
1670,1500.5
1671,1500.5
1672,1500.5
1673,1500.5
1674,1500.5
1675,1500.5
1676,1500.5
1677,1500.5
1678,1500.5
1679,1500.5
1680,1500.5
1681,1500.5
1682,1500.5
1683,1500.5
1684,1500.5
1685,1500.5
1686,1500.5
1687,1500.5
1688,1500.5
1689,1500.5
1690,1500.5
1691,1500.5
1692,1500.5
1693,1500.5
1694,1500.5
1695,1500.5
1696,1500.5
1697,1500.5
1698,1500.5
1699,1500.5
1700,1500.5
1701,1500.5
1702,1500.5
1703,1500.5
1704,1500.5
1705,1500.5
1706,1500.5
1707,1500.5
1708,1500.5
1709,1500.5
1710,1500.5
1711,1500.5
1712,1500.5
1713,1500.5
1714,1500.5
1715,1500.5
1716,1500.5
1717,1500.5
1718,1500.5
1719,1500.5
1720,1500.5
1721,1500.5
1722,1500.5
1723,1500.5
1724,1500.5
1725,1500.5
1726,1500.5
1727,1500.5
1728,1500.5
1729,1500.5
1730,1500.5
1731,1500.5
1732,1500.5
1733,1500.5
1734,1500.5
1735,1500.5
1736,1500.5
1737,1500.5
1738,1500.5
1739,1500.5
1740,1500.5
1741,1500.5
1742,1500.5
1743,1500.5
1744,1500.5
1745,1500.5
1746,1500.5
1747,1500.5
1748,1500.5
1749,1500.5
1750,1500.5
1751,1500.5
1752,1500.5
1753,1500.5
1754,1500.5
1755,1500.5
1756,1500.5
1757,1500.5
1758,1500.5
1759,1500.5
1760,1500.5
1761,1500.5
1762,1500.5
1763,1500.5
1764,1500.5
1765,1500.5
1766,1500.5
1767,1500.5
1768,1500.5
1769,1500.5
1770,1500.5
1771,1500.5
1772,1500.5
1773,1500.5
1774,1500.5
1775,1500.5
1776,1500.5
1777,1500.5
1778,1500.5
1779,1500.5
1780,1500.5
1781,1500.5
1782,1500.5
1783,1500.5
1784,1500.5
1785,1500.5
1786,1500.5
1787,1500.5
1788,1500.5
1789,1500.5
1790,1500.5
1791,1500.5
1792,1500.5
1793,1500.5
1794,1500.5
1795,1500.5
1796,1500.5
1797,1500.5
1798,1500.5
1799,1500.5
1800,1500.5
1801,1500.5
1802,1500.5
1803,1500.5
1804,1500.5
1805,1500.5
1806,1500.5
1807,1500.5
1808,1500.5
1809,1500.5
1810,1500.5
1811,1500.5
1812,1500.5
1813,1500.5
1814,1500.5
1815,1500.5
1816,1500.5
1817,1500.5
1818,1500.5
1819,1500.5
1820,1500.5
1821,1500.5
1822,1500.5
1823,1500.5
1824,1500.5
1825,1500.5
1826,1500.5
1827,1500.5
1828,1500.5
1829,1500.5
1830,1500.5
1831,1500.5
1832,1500.5
1833,1500.5
1834,1500.5
1835,1500.5
1836,1500.5
1837,1500.5
1838,1500.5
1839,1500.5
1840,1500.5
1841,1500.5
1842,1500.5
1843,1500.5
1844,1500.5
1845,1500.5
1846,1500.5
1847,1500.5
1848,1500.5
1849,1500.5
1850,1500.5
1851,1500.5
1852,1500.5
1853,1500.5
1854,1500.5
1855,1500.5
1856,1500.5
1857,1500.5
1858,1500.5
1859,1500.5
1860,1500.5
1861,1500.5
1862,1500.5
1863,1500.5
1864,1500.5
1865,1500.5
1866,1500.5
1867,1500.5
1868,1500.5
1869,1500.5
1870,1500.5
1871,1500.5
1872,1500.5
1873,1500.5
1874,1500.5
1875,1500.5
1876,1500.5
1877,1500.5
1878,1500.5
1879,1500.5
1880,1500.5
1881,1500.5
1882,1500.5
1883,1500.5
1884,1500.5
1885,1500.5
1886,1500.5
1887,1500.5
1888,1500.5
1889,1500.5
1890,1500.5
1891,1500.5
1892,1500.5
1893,1500.5
1894,1500.5
1895,1500.5
1896,1500.5
1897,1500.5
1898,1500.5
1899,1500.5
1900,1500.5
1901,1500.5
1902,1500.5
1903,1500.5
1904,1500.5
1905,1500.5
1906,1500.5
1907,1500.5
1908,1500.5
1909,1500.5
1910,1500.5
1911,1500.5
1912,1500.5
1913,1500.5
1914,1500.5
1915,1500.5
1916,1500.5
1917,1500.5
1918,1500.5
1919,1500.5
1920,1500.5
1921,1500.5
1922,1500.5
1923,1500.5
1924,1500.5
1925,1500.5
1926,1500.5
1927,1500.5
1928,1500.5
1929,1500.5
1930,1500.5
1931,1500.5
1932,1500.5
1933,1500.5
1934,1500.5
1935,1500.5
1936,1500.5
1937,1500.5
1938,1500.5
1939,1500.5
1940,1500.5
1941,1500.5
1942,1500.5
1943,1500.5
1944,1500.5
1945,1500.5
1946,1500.5
1947,1500.5
1948,1500.5
1949,1500.5
1950,1500.5
1951,1500.5
1952,1500.5
1953,1500.5
1954,1500.5
1955,1500.5
1956,1500.5
1957,1500.5
1958,1500.5
1959,1500.5
1960,1500.5
1961,1500.5
1962,1500.5
1963,1500.5
1964,1500.5
1965,1500.5
1966,1500.5
1967,1500.5
1968,1500.5
1969,1500.5
1970,1500.5
1971,1500.5
1972,1500.5
1973,1500.5
1974,1500.5
1975,1500.5
1976,1500.5
1977,1500.5
1978,1500.5
1979,1500.5
1980,1500.5
1981,1500.5
1982,1500.5
1983,1500.5
1984,1500.5
1985,1500.5
1986,1500.5
1987,1500.5
1988,1500.5
1989,1500.5
1990,1500.5
1991,1500.5
1992,1500.5
1993,1500.5
1994,1500.5
1995,1500.5
1996,1500.5
1997,1500.5
1998,1500.5
1999,1500.5
2000,1500.5
2001,1500.5
2002,1500.5
2003,1500.5
2004,1500.5
2005,1500.5
2006,1500.5
2007,1500.5
2008,1500.5
2009,1500.5
2010,1500.5
2011,1500.5
2012,1500.5
2013,1500.5
2014,1500.5
2015,1500.5
2016,1500.5
2017,1500.5
2018,1500.5
2019,1500.5
2020,1500.5
2021,1500.5
2022,1500.5
2023,1500.5
2024,1500.5
2025,1500.5
2026,1500.5
2027,1500.5
2028,1500.5
2029,1500.5
2030,1500.5
2031,1500.5
2032,1500.5
2033,1500.5
2034,1500.5
2035,1500.5
2036,1500.5
2037,1500.5
2038,1500.5
2039,1500.5
2040,1500.5
2041,1500.5
2042,1500.5
2043,1500.5
2044,1500.5
2045,1500.5
2046,1500.5
2047,1500.5
2048,1500.5
2049,1500.5
2050,1500.5
2051,1500.5
2052,1500.5
2053,1500.5
2054,1500.5
2055,1500.5
2056,1500.5
2057,1500.5
2058,1500.5
2059,1500.5
2060,1500.5
2061,1500.5
2062,1500.5
2063,1500.5
2064,1500.5
2065,1500.5
2066,1500.5
2067,1500.5
2068,1500.5
2069,1500.5
2070,1500.5
2071,1500.5
2072,1500.5
2073,1500.5
2074,1500.5
2075,1500.5
2076,1500.5
2077,1500.5
2078,1500.5
2079,1500.5
2080,1500.5
2081,1500.5
2082,1500.5
2083,1500.5
2084,1500.5
2085,1500.5
2086,1500.5
2087,1500.5
2088,1500.5
2089,1500.5
2090,1500.5
2091,1500.5
2092,1500.5
2093,1500.5
2094,1500.5
2095,1500.5
2096,1500.5
2097,1500.5
2098,1500.5
2099,1500.5
2100,1500.5
2101,1500.5
2102,1500.5
2103,1500.5
2104,1500.5
2105,1500.5
2106,1500.5
2107,1500.5
2108,1500.5
2109,1500.5
2110,1500.5
2111,1500.5
2112,1500.5
2113,1500.5
2114,1500.5
2115,1500.5
2116,1500.5
2117,1500.5
2118,1500.5
2119,1500.5
2120,1500.5
2121,1500.5
2122,1500.5
2123,1500.5
2124,1500.5
2125,1500.5
2126,1500.5
2127,1500.5
2128,1500.5
2129,1500.5
2130,1500.5
2131,1500.5
2132,1500.5
2133,1500.5
2134,1500.5
2135,1500.5
2136,1500.5
2137,1500.5
2138,1500.5
2139,1500.5
2140,1500.5
2141,1500.5
2142,1500.5
2143,1500.5
2144,1500.5
2145,1500.5
2146,1500.5
2147,1500.5
2148,1500.5
2149,1500.5
2150,1500.5
2151,1500.5
2152,1500.5
2153,1500.5
2154,1500.5
2155,1500.5
2156,1500.5
2157,1500.5
2158,1500.5
2159,1500.5
2160,1500.5
2161,1500.5
2162,1500.5
2163,1500.5
2164,1500.5
2165,1500.5
2166,1500.5
2167,1500.5
2168,1500.5
2169,1500.5
2170,1500.5
2171,1500.5
2172,1500.5
2173,1500.5
2174,1500.5
2175,1500.5
2176,1500.5
2177,1500.5
2178,1500.5
2179,1500.5
2180,1500.5
2181,1500.5
2182,1500.5
2183,1500.5
2184,1500.5
2185,1500.5
2186,1500.5
2187,1500.5
2188,1500.5
2189,1500.5
2190,1500.5
2191,1500.5
2192,1500.5
2193,1500.5
2194,1500.5
2195,1500.5
2196,1500.5
2197,1500.5
2198,1500.5
2199,1500.5
2200,1500.5
2201,1500.5
2202,1500.5
2203,1500.5
2204,1500.5
2205,1500.5
2206,1500.5
2207,1500.5
2208,1500.5
2209,1500.5
2210,1500.5
2211,1500.5
2212,1500.5
2213,1500.5
2214,1500.5
2215,1500.5
2216,1500.5
2217,1500.5
2218,1500.5
2219,1500.5
2220,1500.5
2221,1500.5
2222,1500.5
2223,1500.5
2224,1500.5
2225,1500.5
2226,1500.5
2227,1500.5
2228,1500.5
2229,1500.5
2230,1500.5
2231,1500.5
2232,1500.5
2233,1500.5
2234,1500.5
2235,1500.5
2236,1500.5
2237,1500.5
2238,1500.5
2239,1500.5
2240,1500.5
2241,1500.5
2242,1500.5
2243,1500.5
2244,1500.5
2245,1500.5
2246,1500.5
2247,1500.5
2248,1500.5
2249,1500.5
2250,1500.5
2251,1500.5
2252,1500.5
2253,1500.5
2254,1500.5
2255,1500.5
2256,1500.5
2257,1500.5
2258,1500.5
2259,1500.5
2260,1500.5
2261,1500.5
2262,1500.5
2263,1500.5
2264,1500.5
2265,1500.5
2266,1500.5
2267,1500.5
2268,1500.5
2269,1500.5
2270,1500.5
2271,1500.5
2272,1500.5
2273,1500.5
2274,1500.5
2275,1500.5
2276,1500.5
2277,1500.5
2278,1500.5
2279,1500.5
2280,1500.5
2281,1500.5
2282,1500.5
2283,1500.5
2284,1500.5
2285,1500.5
2286,1500.5
2287,1500.5
2288,1500.5
2289,1500.5
2290,1500.5
2291,1500.5
2292,1500.5
2293,1500.5
2294,1500.5
2295,1500.5
2296,1500.5
2297,1500.5
2298,1500.5
2299,1500.5
2300,1500.5
2301,1500.5
2302,1500.5
2303,1500.5
2304,1500.5
2305,1500.5
2306,1500.5
2307,1500.5
2308,1500.5
2309,1500.5
2310,1500.5
2311,1500.5
2312,1500.5
2313,1500.5
2314,1500.5
2315,1500.5
2316,1500.5
2317,1500.5
2318,1500.5
2319,1500.5
2320,1500.5
2321,1500.5
2322,1500.5
2323,1500.5
2324,1500.5
2325,1500.5
2326,1500.5
2327,1500.5
2328,1500.5
2329,1500.5
2330,1500.5
2331,1500.5
2332,1500.5
2333,1500.5
2334,1500.5
2335,1500.5
2336,1500.5
2337,1500.5
2338,1500.5
2339,1500.5
2340,1500.5
2341,1500.5
2342,1500.5
2343,1500.5
2344,1500.5
2345,1500.5
2346,1500.5
2347,1500.5
2348,1500.5
2349,1500.5
2350,1500.5
2351,1500.5
2352,1500.5
2353,1500.5
2354,1500.5
2355,1500.5
2356,1500.5
2357,1500.5
2358,1500.5
2359,1500.5
2360,1500.5
2361,1500.5
2362,1500.5
2363,1500.5
2364,1500.5
2365,1500.5
2366,1500.5
2367,1500.5
2368,1500.5
2369,1500.5
2370,1500.5
2371,1500.5
2372,1500.5
2373,1500.5
2374,1500.5
2375,1500.5
2376,1500.5
2377,1500.5
2378,1500.5
2379,1500.5
2380,1500.5
2381,1500.5
2382,1500.5
2383,1500.5
2384,1500.5
2385,1500.5
2386,1500.5
2387,1500.5
2388,1500.5
2389,1500.5
2390,1500.5
2391,1500.5
2392,1500.5
2393,1500.5
2394,1500.5
2395,1500.5
2396,1500.5
2397,1500.5
2398,1500.5
2399,1500.5
2400,1500.5
2401,1500.5
2402,1500.5
2403,1500.5
2404,1500.5
2405,1500.5
2406,1500.5
2407,1500.5
2408,1500.5
2409,1500.5
2410,1500.5
2411,1500.5
2412,1500.5
2413,1500.5
2414,1500.5
2415,1500.5
2416,1500.5
2417,1500.5
2418,1500.5
2419,1500.5
2420,1500.5
2421,1500.5
2422,1500.5
2423,1500.5
2424,1500.5
2425,1500.5
2426,1500.5
2427,1500.5
2428,1500.5
2429,1500.5
2430,1500.5
2431,1500.5
2432,1500.5
2433,1500.5
2434,1500.5
2435,1500.5
2436,1500.5
2437,1500.5
2438,1500.5
2439,1500.5
2440,1500.5
2441,1500.5
2442,1500.5
2443,1500.5
2444,1500.5
2445,1500.5
2446,1500.5
2447,1500.5
2448,1500.5
2449,1500.5
2450,1500.5
2451,1500.5
2452,1500.5
2453,1500.5
2454,1500.5
2455,1500.5
2456,1500.5
2457,1500.5
2458,1500.5
2459,1500.5
2460,1500.5
2461,1500.5
2462,1500.5
2463,1500.5
2464,1500.5
2465,1500.5
2466,1500.5
2467,1500.5
2468,1500.5
2469,1500.5
2470,1500.5
2471,1500.5
2472,1500.5
2473,1500.5
2474,1500.5
2475,1500.5
2476,1500.5
2477,1500.5
2478,1500.5
2479,1500.5
2480,1500.5
2481,1500.5
2482,1500.5
2483,1500.5
2484,1500.5
2485,1500.5
2486,1500.5
2487,1500.5
2488,1500.5
2489,1500.5
2490,1500.5
2491,1500.5
2492,1500.5
2493,1500.5
2494,1500.5
2495,1500.5
2496,1500.5
2497,1500.5
2498,1500.5
2499,1500.5
2500,1500.5
2501,1500.5
2502,1500.5
2503,1500.5
2504,1500.5
2505,1500.5
2506,1500.5
2507,1500.5
2508,1500.5
2509,1500.5
2510,1500.5
2511,1500.5
2512,1500.5
2513,1500.5
2514,1500.5
2515,1500.5
2516,1500.5
2517,1500.5
2518,1500.5
2519,1500.5
2520,1500.5
2521,1500.5
2522,1500.5
2523,1500.5
2524,1500.5
2525,1500.5
2526,1500.5
2527,1500.5
2528,1500.5
2529,1500.5
2530,1500.5
2531,1500.5
2532,1500.5
2533,1500.5
2534,1500.5
2535,1500.5
2536,1500.5
2537,1500.5
2538,1500.5
2539,1500.5
2540,1500.5
2541,1500.5
2542,1500.5
2543,1500.5
2544,1500.5
2545,1500.5
2546,1500.5
2547,1500.5
2548,1500.5
2549,1500.5
2550,1500.5
2551,1500.5
2552,1500.5
2553,1500.5
2554,1500.5
2555,1500.5
2556,1500.5
2557,1500.5
2558,1500.5
2559,1500.5
2560,1500.5
2561,1500.5
2562,1500.5
2563,1500.5
2564,1500.5
2565,1500.5
2566,1500.5
2567,1500.5
2568,1500.5
2569,1500.5
2570,1500.5
2571,1500.5
2572,1500.5
2573,1500.5
2574,1500.5
2575,1500.5
2576,1500.5
2577,1500.5
2578,1500.5
2579,1500.5
2580,1500.5
2581,1500.5
2582,1500.5
2583,1500.5
2584,1500.5
2585,1500.5
2586,1500.5
2587,1500.5
2588,1500.5
2589,1500.5
2590,1500.5
2591,1500.5
2592,1500.5
2593,1500.5
2594,1500.5
2595,1500.5
2596,1500.5
2597,1500.5
2598,1500.5
2599,1500.5
2600,1500.5
2601,1500.5
2602,1500.5
2603,1500.5
2604,1500.5
2605,1500.5
2606,1500.5
2607,1500.5
2608,1500.5
2609,1500.5
2610,1500.5
2611,1500.5
2612,1500.5
2613,1500.5
2614,1500.5
2615,1500.5
2616,1500.5
2617,1500.5
2618,1500.5
2619,1500.5
2620,1500.5
2621,1500.5
2622,1500.5
2623,1500.5
2624,1500.5
2625,1500.5
2626,1500.5
2627,1500.5
2628,1500.5
2629,1500.5
2630,1500.5
2631,1500.5
2632,1500.5
2633,1500.5
2634,1500.5
2635,1500.5
2636,1500.5
2637,1500.5
2638,1500.5
2639,1500.5
2640,1500.5
2641,1500.5
2642,1500.5
2643,1500.5
2644,1500.5
2645,1500.5
2646,1500.5
2647,1500.5
2648,1500.5
2649,1500.5
2650,1500.5
2651,1500.5
2652,1500.5
2653,1500.5
2654,1500.5
2655,1500.5
2656,1500.5
2657,1500.5
2658,1500.5
2659,1500.5
2660,1500.5
2661,1500.5
2662,1500.5
2663,1500.5
2664,1500.5
2665,1500.5
2666,1500.5
2667,1500.5
2668,1500.5
2669,1500.5
2670,1500.5
2671,1500.5
2672,1500.5
2673,1500.5
2674,1500.5
2675,1500.5
2676,1500.5
2677,1500.5
2678,1500.5
2679,1500.5
2680,1500.5
2681,1500.5
2682,1500.5
2683,1500.5
2684,1500.5
2685,1500.5
2686,1500.5
2687,1500.5
2688,1500.5
2689,1500.5
2690,1500.5
2691,1500.5
2692,1500.5
2693,1500.5
2694,1500.5
2695,1500.5
2696,1500.5
2697,1500.5
2698,1500.5
2699,1500.5
2700,1500.5
2701,1500.5
2702,1500.5
2703,1500.5
2704,1500.5
2705,1500.5
2706,1500.5
2707,1500.5
2708,1500.5
2709,1500.5
2710,1500.5
2711,1500.5
2712,1500.5
2713,1500.5
2714,1500.5
2715,1500.5
2716,1500.5
2717,1500.5
2718,1500.5
2719,1500.5
2720,1500.5
2721,1500.5
2722,1500.5
2723,1500.5
2724,1500.5
2725,1500.5
2726,1500.5
2727,1500.5
2728,1500.5
2729,1500.5
2730,1500.5
2731,1500.5
2732,1500.5
2733,1500.5
2734,1500.5
2735,1500.5
2736,1500.5
2737,1500.5
2738,1500.5
2739,1500.5
2740,1500.5
2741,1500.5
2742,1500.5
2743,1500.5
2744,1500.5
2745,1500.5
2746,1500.5
2747,1500.5
2748,1500.5
2749,1500.5
2750,1500.5
2751,1500.5
2752,1500.5
2753,1500.5
2754,1500.5
2755,1500.5
2756,1500.5
2757,1500.5
2758,1500.5
2759,1500.5
2760,1500.5
2761,1500.5
2762,1500.5
2763,1500.5
2764,1500.5
2765,1500.5
2766,1500.5
2767,1500.5
2768,1500.5
2769,1500.5
2770,1500.5
2771,1500.5
2772,1500.5
2773,1500.5
2774,1500.5
2775,1500.5
2776,1500.5
2777,1500.5
2778,1500.5
2779,1500.5
2780,1500.5
2781,1500.5
2782,1500.5
2783,1500.5
2784,1500.5
2785,1500.5
2786,1500.5
2787,1500.5
2788,1500.5
2789,1500.5
2790,1500.5
2791,1500.5
2792,1500.5
2793,1500.5
2794,1500.5
2795,1500.5
2796,1500.5
2797,1500.5
2798,1500.5
2799,1500.5
2800,1500.5
2801,1500.5
2802,1500.5
2803,1500.5
2804,1500.5
2805,1500.5
2806,1500.5
2807,1500.5
2808,1500.5
2809,1500.5
2810,1500.5
2811,1500.5
2812,1500.5
2813,1500.5
2814,1500.5
2815,1500.5
2816,1500.5
2817,1500.5
2818,1500.5
2819,1500.5
2820,1500.5
2821,1500.5
2822,1500.5
2823,1500.5
2824,1500.5
2825,1500.5
2826,1500.5
2827,1500.5
2828,1500.5
2829,1500.5
2830,1500.5
2831,1500.5
2832,1500.5
2833,1500.5
2834,1500.5
2835,1500.5
2836,1500.5
2837,1500.5
2838,1500.5
2839,1500.5
2840,1500.5
2841,1500.5
2842,1500.5
2843,1500.5
2844,1500.5
2845,1500.5
2846,1500.5
2847,1500.5
2848,1500.5
2849,1500.5
2850,1500.5
2851,1500.5
2852,1500.5
2853,1500.5
2854,1500.5
2855,1500.5
2856,1500.5
2857,1500.5
2858,1500.5
2859,1500.5
2860,1500.5
2861,1500.5
2862,1500.5
2863,1500.5
2864,1500.5
2865,1500.5
2866,1500.5
2867,1500.5
2868,1500.5
2869,1500.5
2870,1500.5
2871,1500.5
2872,1500.5
2873,1500.5
2874,1500.5
2875,1500.5
2876,1500.5
2877,1500.5
2878,1500.5
2879,1500.5
2880,1500.5
2881,1500.5
2882,1500.5
2883,1500.5
2884,1500.5
2885,1500.5
2886,1500.5
2887,1500.5
2888,1500.5
2889,1500.5
2890,1500.5
2891,1500.5
2892,1500.5
2893,1500.5
2894,1500.5
2895,1500.5
2896,1500.5
2897,1500.5
2898,1500.5
2899,1500.5
2900,1500.5
2901,1500.5
2902,1500.5
2903,1500.5
2904,1500.5
2905,1500.5
2906,1500.5
2907,1500.5
2908,1500.5
2909,1500.5
2910,1500.5
2911,1500.5
2912,1500.5
2913,1500.5
2914,1500.5
2915,1500.5
2916,1500.5
2917,1500.5
2918,1500.5
2919,1500.5
2920,1500.5
2921,1500.5
2922,1500.5
2923,1500.5
2924,1500.5
2925,1500.5
2926,1500.5
2927,1500.5
2928,1500.5
2929,1500.5
2930,1500.5
2931,1500.5
2932,1500.5
2933,1500.5
2934,1500.5
2935,1500.5
2936,1500.5
2937,1500.5
2938,1500.5
2939,1500.5
2940,1500.5
2941,1500.5
2942,1500.5
2943,1500.5
2944,1500.5
2945,1500.5
2946,1500.5
2947,1500.5
2948,1500.5
2949,1500.5
2950,1500.5
2951,1500.5
2952,1500.5
2953,1500.5
2954,1500.5
2955,1500.5
2956,1500.5
2957,1500.5
2958,1500.5
2959,1500.5
2960,1500.5
2961,1500.5
2962,1500.5
2963,1500.5
2964,1500.5
2965,1500.5
2966,1500.5
2967,1500.5
2968,1500.5
2969,1500.5
2970,1500.5
2971,1500.5
2972,1500.5
2973,1500.5
2974,1500.5
2975,1500.5
2976,1500.5
2977,1500.5
2978,1500.5
2979,1500.5
2980,1500.5
2981,1500.5
2982,1500.5
2983,1500.5
2984,1500.5
2985,1500.5
2986,1500.5
2987,1500.5
2988,1500.5
2989,1500.5
2990,1500.5
2991,1500.5
2992,1500.5
2993,1500.5
2994,1500.5
2995,1500.5
2996,1500.5
2997,1500.5
2998,1500.5
2999,1500.5
3000,1500.5
3001,1500.5
3002,1500.5
3003,1500.5
3004,1500.5
3005,1500.5
3006,1500.5
3007,1500.5
3008,1500.5
3009,1500.5
3010,1500.5
3011,1500.5
3012,1500.5
3013,1500.5
3014,1500.5
3015,1500.5
3016,1500.5
3017,1500.5
3018,1500.5
3019,1500.5
3020,1500.5
3021,1500.5
3022,1500.5
3023,1500.5
3024,1500.5
3025,1500.5
3026,1500.5
3027,1500.5
3028,1500.5
3029,1500.5
3030,1500.5
3031,1500.5
3032,1500.5
3033,1500.5
3034,1500.5
3035,1500.5
3036,1500.5
3037,1500.5
3038,1500.5
3039,1500.5
3040,1500.5
3041,1500.5
3042,1500.5
3043,1500.5
3044,1500.5
3045,1500.5
3046,1500.5
3047,1500.5
3048,1500.5
3049,1500.5
3050,1500.5
3051,1500.5
3052,1500.5
3053,1500.5
3054,1500.5
3055,1500.5
3056,1500.5
3057,1500.5
3058,1500.5
3059,1500.5
3060,1500.5
3061,1500.5
3062,1500.5
3063,1500.5
3064,1500.5
3065,1500.5
3066,1500.5
3067,1500.5
3068,1500.5
3069,1500.5
3070,1500.5
3071,1500.5
3072,1500.5
3073,1500.5
3074,1500.5
3075,1500.5
3076,1500.5
3077,1500.5
3078,1500.5
3079,1500.5
3080,1500.5
3081,1500.5
3082,1500.5
3083,1500.5
3084,1500.5
3085,1500.5
3086,1500.5
3087,1500.5
3088,1500.5
3089,1500.5
3090,1500.5
3091,1500.5
3092,1500.5
3093,1500.5
3094,1500.5
3095,1500.5
3096,1500.5
3097,1500.5
3098,1500.5
3099,1500.5
3100,1500.5
3101,1500.5
3102,1500.5
3103,1500.5
3104,1500.5
3105,1500.5
3106,1500.5
3107,1500.5
3108,1500.5
3109,1500.5
3110,1500.5
3111,1500.5
3112,1500.5
3113,1500.5
3114,1500.5
3115,1500.5
3116,1500.5
3117,1500.5
3118,1500.5
3119,1500.5
3120,1500.5
3121,1500.5
3122,1500.5
3123,1500.5
3124,1500.5
3125,1500.5
3126,1500.5
3127,1500.5
3128,1500.5
3129,1500.5
3130,1500.5
3131,1500.5
3132,1500.5
3133,1500.5
3134,1500.5
3135,1500.5
3136,1500.5
3137,1500.5
3138,1500.5
3139,1500.5
3140,1500.5
3141,1500.5
3142,1500.5
3143,1500.5
3144,1500.5
3145,1500.5
3146,1500.5
3147,1500.5
3148,1500.5
3149,1500.5
3150,1500.5
3151,1500.5
3152,1500.5
3153,1500.5
3154,1500.5
3155,1500.5
3156,1500.5
3157,1500.5
3158,1500.5
3159,1500.5
3160,1500.5
3161,1500.5
3162,1500.5
3163,1500.5
3164,1500.5
3165,1500.5
3166,1500.5
3167,1500.5
3168,1500.5
3169,1500.5
3170,1500.5
3171,1500.5
3172,1500.5
3173,1500.5
3174,1500.5
3175,1500.5
3176,1500.5
3177,1500.5
3178,1500.5
3179,1500.5
3180,1500.5
3181,1500.5
3182,1500.5
3183,1500.5
3184,1500.5
3185,1500.5
3186,1500.5
3187,1500.5
3188,1500.5
3189,1500.5
3190,1500.5
3191,1500.5
3192,1500.5
3193,1500.5
3194,1500.5
3195,1500.5
3196,1500.5
3197,1500.5
3198,1500.5
3199,1500.5
3200,1500.5
3201,1500.5
3202,1500.5
3203,1500.5
3204,1500.5
3205,1500.5
3206,1500.5
3207,1500.5
3208,1500.5
3209,1500.5
3210,1500.5
3211,1500.5
3212,1500.5
3213,1500.5
3214,1500.5
3215,1500.5
3216,1500.5
3217,1500.5
3218,1500.5
3219,1500.5
3220,1500.5
3221,1500.5
3222,1500.5
3223,1500.5
3224,1500.5
3225,1500.5
3226,1500.5
3227,1500.5
3228,1500.5
3229,1500.5
3230,1500.5
3231,1500.5
3232,1500.5
3233,1500.5
3234,1500.5
3235,1500.5
3236,1500.5
3237,1500.5
3238,1500.5
3239,1500.5
3240,1500.5
3241,1500.5
3242,1500.5
3243,1500.5
3244,1500.5
3245,1500.5
3246,1500.5
3247,1500.5
3248,1500.5
3249,1500.5
3250,1500.5
3251,1500.5
3252,1500.5
3253,1500.5
3254,1500.5
3255,1500.5
3256,1500.5
3257,1500.5
3258,1500.5
3259,1500.5
3260,1500.5
3261,1500.5
3262,1500.5
3263,1500.5
3264,1500.5
3265,1500.5
3266,1500.5
3267,1500.5
3268,1500.5
3269,1500.5
3270,1500.5
3271,1500.5
3272,1500.5
3273,1500.5
3274,1500.5
3275,1500.5
3276,1500.5
3277,1500.5
3278,1500.5
3279,1500.5
3280,1500.5
3281,1500.5
3282,1500.5
3283,1500.5
3284,1500.5
3285,1500.5
3286,1500.5
3287,1500.5
3288,1500.5
3289,1500.5
3290,1500.5
3291,1500.5
3292,1500.5
3293,1500.5
3294,1500.5
3295,1500.5
3296,1500.5
3297,1500.5
3298,1500.5
3299,1500.5
3300,1500.5
3301,1500.5
3302,1500.5
3303,1500.5
3304,1500.5
3305,1500.5
3306,1500.5
3307,1500.5
3308,1500.5
3309,1500.5
3310,1500.5
3311,1500.5
3312,1500.5
3313,1500.5
3314,1500.5
3315,1500.5
3316,1500.5
3317,1500.5
3318,1500.5
3319,1500.5
3320,1500.5
3321,1500.5
3322,1500.5
3323,1500.5
3324,1500.5
3325,1500.5
3326,1500.5
3327,1500.5
3328,1500.5
3329,1500.5
3330,1500.5
3331,1500.5
3332,1500.5
3333,1500.5
3334,1500.5
3335,1500.5
3336,1500.5
3337,1500.5
3338,1500.5
3339,1500.5
3340,1500.5
3341,1500.5
3342,1500.5
3343,1500.5
3344,1500.5
3345,1500.5
3346,1500.5
3347,1500.5
3348,1500.5
3349,1500.5
3350,1500.5
3351,1500.5
3352,1500.5
3353,1500.5
3354,1500.5
3355,1500.5
3356,1500.5
3357,1500.5
3358,1500.5
3359,1500.5
3360,1500.5
3361,1500.5
3362,1500.5
3363,1500.5
3364,1500.5
3365,1500.5
3366,1500.5
3367,1500.5
3368,1500.5
3369,1500.5
3370,1500.5
3371,1500.5
3372,1500.5
3373,1500.5
3374,1500.5
3375,1500.5
3376,1500.5
3377,1500.5
3378,1500.5
3379,1500.5
3380,1500.5
3381,1500.5
3382,1500.5
3383,1500.5
3384,1500.5
3385,1500.5
3386,1500.5
3387,1500.5
3388,1500.5
3389,1500.5
3390,1500.5
3391,1500.5
3392,1500.5
3393,1500.5
3394,1500.5
3395,1500.5
3396,1500.5
3397,1500.5
3398,1500.5
3399,1500.5
3400,1500.5
3401,1500.5
3402,1500.5
3403,1500.5
3404,1500.5
3405,1500.5
3406,1500.5
3407,1500.5
3408,1500.5
3409,1500.5
3410,1500.5
3411,1500.5
3412,1500.5
3413,1500.5
3414,1500.5
3415,1500.5
3416,1500.5
3417,1500.5
3418,1500.5
3419,1500.5
3420,1500.5
3421,1500.5
3422,1500.5
3423,1500.5
3424,1500.5
3425,1500.5
3426,1500.5
3427,1500.5
3428,1500.5
3429,1500.5
3430,1500.5
3431,1500.5
3432,1500.5
3433,1500.5
3434,1500.5
3435,1500.5
3436,1500.5
3437,1500.5
3438,1500.5
3439,1500.5
3440,1500.5
3441,1500.5
3442,1500.5
3443,1500.5
3444,1500.5
3445,1500.5
3446,1500.5
3447,1500.5
3448,1500.5
3449,1500.5
3450,1500.5
3451,1500.5
3452,1500.5
3453,1500.5
3454,1500.5
3455,1500.5
3456,1500.5
3457,1500.5
3458,1500.5
3459,1500.5
3460,1500.5
3461,1500.5
3462,1500.5
3463,1500.5
3464,1500.5
3465,1500.5
3466,1500.5
3467,1500.5
3468,1500.5
3469,1500.5
3470,1500.5
3471,1500.5
3472,1500.5
3473,1500.5
3474,1500.5
3475,1500.5
3476,1500.5
3477,1500.5
3478,1500.5
3479,1500.5
3480,1500.5
3481,1500.5
3482,1500.5
3483,1500.5
3484,1500.5
3485,1500.5
3486,1500.5
3487,1500.5
3488,1500.5
3489,1500.5
3490,1500.5
3491,1500.5
3492,1500.5
3493,1500.5
3494,1500.5
3495,1500.5
3496,1500.5
3497,1500.5
3498,1500.5
3499,1500.5
3500,1500.5
3501,1500.5
3502,1500.5
3503,1500.5
3504,1500.5
3505,1500.5
3506,1500.5
3507,1500.5
3508,1500.5
3509,1500.5
3510,1500.5
3511,1500.5
3512,1500.5
3513,1500.5
3514,1500.5
3515,1500.5
3516,1500.5
3517,1500.5
3518,1500.5
3519,1500.5
3520,1500.5
3521,1500.5
3522,1500.5
3523,1500.5
3524,1500.5
3525,1500.5
3526,1500.5
3527,1500.5
3528,1500.5
3529,1500.5
3530,1500.5
3531,1500.5
3532,1500.5
3533,1500.5
3534,1500.5
3535,1500.5
3536,1500.5
3537,1500.5
3538,1500.5
3539,1500.5
3540,1500.5
3541,1500.5
3542,1500.5
3543,1500.5
3544,1500.5
3545,1500.5
3546,1500.5
3547,1500.5
3548,1500.5
3549,1500.5
3550,1500.5
3551,1500.5
3552,1500.5
3553,1500.5
3554,1500.5
3555,1500.5
3556,1500.5
3557,1500.5
3558,1500.5
3559,1500.5
3560,1500.5
3561,1500.5
3562,1500.5
3563,1500.5
3564,1500.5
3565,1500.5
3566,1500.5
3567,1500.5
3568,1500.5
3569,1500.5
3570,1500.5
3571,1500.5
3572,1500.5
3573,1500.5
3574,1500.5
3575,1500.5
3576,1500.5
3577,1500.5
3578,1500.5
3579,1500.5
3580,1500.5
3581,1500.5
3582,1500.5
3583,1500.5
3584,1500.5
3585,1500.5
3586,1500.5
3587,1500.5
3588,1500.5
3589,1500.5
3590,1500.5
3591,1500.5
3592,1500.5
3593,1500.5
3594,1500.5
3595,1500.5
3596,1500.5
3597,1500.5
3598,1500.5
3599,1500.5
3600,1500.5
3601,1500.5
3602,1500.5
3603,1500.5
3604,1500.5
3605,1500.5
3606,1500.5
3607,1500.5
3608,1500.5
3609,1500.5
3610,1500.5
3611,1500.5
3612,1500.5
3613,1500.5
3614,1500.5
3615,1500.5
3616,1500.5
3617,1500.5
3618,1500.5
3619,1500.5
3620,1500.5
3621,1500.5
3622,1500.5
3623,1500.5
3624,1500.5
3625,1500.5
3626,1500.5
3627,1500.5
3628,1500.5
3629,1500.5
3630,1500.5
3631,1500.5
3632,1500.5
3633,1500.5
3634,1500.5
3635,1500.5
3636,1500.5
3637,1500.5
3638,1500.5
3639,1500.5
3640,1500.5
3641,1500.5
3642,1500.5
3643,1500.5
3644,1500.5
3645,1500.5
3646,1500.5
3647,1500.5
3648,1500.5
3649,1500.5
3650,1500.5
3651,1500.5
3652,1500.5
3653,1500.5
3654,1500.5
3655,1500.5
3656,1500.5
3657,1500.5
3658,1500.5
3659,1500.5
3660,1500.5
3661,1500.5
3662,1500.5
3663,1500.5
3664,1500.5
3665,1500.5
3666,1500.5
3667,1500.5
3668,1500.5
3669,1500.5
3670,1500.5
3671,1500.5
3672,1500.5
3673,1500.5
3674,1500.5
3675,1500.5
3676,1500.5
3677,1500.5
3678,1500.5
3679,1500.5
3680,1500.5
3681,1500.5
3682,1500.5
3683,1500.5
3684,1500.5
3685,1500.5
3686,1500.5
3687,1500.5
3688,1500.5
3689,1500.5
3690,1500.5
3691,1500.5
3692,1500.5
3693,1500.5
3694,1500.5
3695,1500.5
3696,1500.5
3697,1500.5
3698,1500.5
3699,1500.5
3700,1500.5
3701,1500.5
3702,1500.5
3703,1500.5
3704,1500.5
3705,1500.5
3706,1500.5
3707,1500.5
3708,1500.5
3709,1500.5
3710,1500.5
3711,1500.5
3712,1500.5
3713,1500.5
3714,1500.5
3715,1500.5
3716,1500.5
3717,1500.5
3718,1500.5
3719,1500.5
3720,1500.5
3721,1500.5
3722,1500.5
3723,1500.5
3724,1500.5
3725,1500.5
3726,1500.5
3727,1500.5
3728,1500.5
3729,1500.5
3730,1500.5
3731,1500.5
3732,1500.5
3733,1500.5
3734,1500.5
3735,1500.5
3736,1500.5
3737,1500.5
3738,1500.5
3739,1500.5
3740,1500.5
3741,1500.5
3742,1500.5
3743,1500.5
3744,1500.5
3745,1500.5
3746,1500.5
3747,1500.5
3748,1500.5
3749,1500.5
3750,1500.5
3751,1500.5
3752,1500.5
3753,1500.5
3754,1500.5
3755,1500.5
3756,1500.5
3757,1500.5
3758,1500.5
3759,1500.5
3760,1500.5
3761,1500.5
3762,1500.5
3763,1500.5
3764,1500.5
3765,1500.5
3766,1500.5
3767,1500.5
3768,1500.5
3769,1500.5
3770,1500.5
3771,1500.5
3772,1500.5
3773,1500.5
3774,1500.5
3775,1500.5
3776,1500.5
3777,1500.5
3778,1500.5
3779,1500.5
3780,1500.5
3781,1500.5
3782,1500.5
3783,1500.5
3784,1500.5
3785,1500.5
3786,1500.5
3787,1500.5
3788,1500.5
3789,1500.5
3790,1500.5
3791,1500.5
3792,1500.5
3793,1500.5
3794,1500.5
3795,1500.5
3796,1500.5
3797,1500.5
3798,1500.5
3799,1500.5
3800,1500.5
3801,1500.5
3802,1500.5
3803,1500.5
3804,1500.5
3805,1500.5
3806,1500.5
3807,1500.5
3808,1500.5
3809,1500.5
3810,1500.5
3811,1500.5
3812,1500.5
3813,1500.5
3814,1500.5
3815,1500.5
3816,1500.5
3817,1500.5
3818,1500.5
3819,1500.5
3820,1500.5
3821,1500.5
3822,1500.5
3823,1500.5
3824,1500.5
3825,1500.5
3826,1500.5
3827,1500.5
3828,1500.5
3829,1500.5
3830,1500.5
3831,1500.5
3832,1500.5
3833,1500.5
3834,1500.5
3835,1500.5
3836,1500.5
3837,1500.5
3838,1500.5
3839,1500.5
3840,1500.5
3841,1500.5
3842,1500.5
3843,1500.5
3844,1500.5
3845,1500.5
3846,1500.5
3847,1500.5
3848,1500.5
3849,1500.5
3850,1500.5
3851,1500.5
3852,1500.5
3853,1500.5
3854,1500.5
3855,1500.5
3856,1500.5
3857,1500.5
3858,1500.5
3859,1500.5
3860,1500.5
3861,1500.5
3862,1500.5
3863,1500.5
3864,1500.5
3865,1500.5
3866,1500.5
3867,1500.5
3868,1500.5
3869,1500.5
3870,1500.5
3871,1500.5
3872,1500.5
3873,1500.5
3874,1500.5
3875,1500.5
3876,1500.5
3877,1500.5
3878,1500.5
3879,1500.5
3880,1500.5
3881,1500.5
3882,1500.5
3883,1500.5
3884,1500.5
3885,1500.5
3886,1500.5
3887,1500.5
3888,1500.5
3889,1500.5
3890,1500.5
3891,1500.5
3892,1500.5
3893,1500.5
3894,1500.5
3895,1500.5
3896,1500.5
3897,1500.5
3898,1500.5
3899,1500.5
3900,1500.5
3901,1500.5
3902,1500.5
3903,1500.5
3904,1500.5
3905,1500.5
3906,1500.5
3907,1500.5
3908,1500.5
3909,1500.5
3910,1500.5
3911,1500.5
3912,1500.5
3913,1500.5
3914,1500.5
3915,1500.5
3916,1500.5
3917,1500.5
3918,1500.5
3919,1500.5
3920,1500.5
3921,1500.5
3922,1500.5
3923,1500.5
3924,1500.5
3925,1500.5
3926,1500.5
3927,1500.5
3928,1500.5
3929,1500.5
3930,1500.5
3931,1500.5
3932,1500.5
3933,1500.5
3934,1500.5
3935,1500.5
3936,1500.5
3937,1500.5
3938,1500.5
3939,1500.5
3940,1500.5
3941,1500.5
3942,1500.5
3943,1500.5
3944,1500.5
3945,1500.5
3946,1500.5
3947,1500.5
3948,1500.5
3949,1500.5
3950,1500.5
3951,1500.5
3952,1500.5
3953,1500.5
3954,1500.5
3955,1500.5
3956,1500.5
3957,1500.5
3958,1500.5
3959,1500.5
3960,1500.5
3961,1500.5
3962,1500.5
3963,1500.5
3964,1500.5
3965,1500.5
3966,1500.5
3967,1500.5
3968,1500.5
3969,1500.5
3970,1500.5
3971,1500.5
3972,1500.5
3973,1500.5
3974,1500.5
3975,1500.5
3976,1500.5
3977,1500.5
3978,1500.5
3979,1500.5
3980,1500.5
3981,1500.5
3982,1500.5
3983,1500.5
3984,1500.5
3985,1500.5
3986,1500.5
3987,1500.5
3988,1500.5
3989,1500.5
3990,1500.5
3991,1500.5
3992,1500.5
3993,1500.5
3994,1500.5
3995,1500.5
3996,1500.5
3997,1500.5
3998,1500.5
3999,1500.5
4000,1500.5
4001,1500.5
4002,1500.5
4003,1500.5
4004,1500.5
4005,1500.5
4006,1500.5
4007,1500.5
4008,1500.5
4009,1500.5
4010,1500.5
4011,1500.5
4012,1500.5
4013,1500.5
4014,1500.5
4015,1500.5
4016,1500.5
4017,1500.5
4018,1500.5
4019,1500.5
4020,1500.5
4021,1500.5
4022,1500.5
4023,1500.5
4024,1500.5
4025,1500.5
4026,1500.5
4027,1500.5
4028,1500.5
4029,1500.5
4030,1500.5
4031,1500.5
4032,1500.5
4033,1500.5
4034,1500.5
4035,1500.5
4036,1500.5
4037,1500.5
4038,1500.5
4039,1500.5
4040,1500.5
4041,1500.5
4042,1500.5
4043,1500.5
4044,1500.5
4045,1500.5
4046,1500.5
4047,1500.5
4048,1500.5
4049,1500.5
4050,1500.5
4051,1500.5
4052,1500.5
4053,1500.5
4054,1500.5
4055,1500.5
4056,1500.5
4057,1500.5
4058,1500.5
4059,1500.5
4060,1500.5
4061,1500.5
4062,1500.5
4063,1500.5
4064,1500.5
4065,1500.5
4066,1500.5
4067,1500.5
4068,1500.5
4069,1500.5
4070,1500.5
4071,1500.5
4072,1500.5
4073,1500.5
4074,1500.5
4075,1500.5
4076,1500.5
4077,1500.5
4078,1500.5
4079,1500.5
4080,1500.5
4081,1500.5
4082,1500.5
4083,1500.5
4084,1500.5
4085,1500.5
4086,1500.5
4087,1500.5
4088,1500.5
4089,1500.5
4090,1500.5
4091,1500.5
4092,1500.5
4093,1500.5
4094,1500.5
4095,1500.5
4096,1500.5
4097,1500.5
4098,1500.5
4099,1500.5
4100,1500.5
4101,1500.5
4102,1500.5
4103,1500.5
4104,1500.5
4105,1500.5
4106,1500.5
4107,1500.5
4108,1500.5
4109,1500.5
4110,1500.5
4111,1500.5
4112,1500.5
4113,1500.5
4114,1500.5
4115,1500.5
4116,1500.5
4117,1500.5
4118,1500.5
4119,1500.5
4120,1500.5
4121,1500.5
4122,1500.5
4123,1500.5
4124,1500.5
4125,1500.5
4126,1500.5
4127,1500.5
4128,1500.5
4129,1500.5
4130,1500.5
4131,1500.5
4132,1500.5
4133,1500.5
4134,1500.5
4135,1500.5
4136,1500.5
4137,1500.5
4138,1500.5
4139,1500.5
4140,1500.5
4141,1500.5
4142,1500.5
4143,1500.5
4144,1500.5
4145,1500.5
4146,1500.5
4147,1500.5
4148,1500.5
4149,1500.5
4150,1500.5
4151,1500.5
4152,1500.5
4153,1500.5
4154,1500.5
4155,1500.5
4156,1500.5
4157,1500.5
4158,1500.5
4159,1500.5
4160,1500.5
4161,1500.5
4162,1500.5
4163,1500.5
4164,1500.5
4165,1500.5
4166,1500.5
4167,1500.5
4168,1500.5
4169,1500.5
4170,1500.5
4171,1500.5
4172,1500.5
4173,1500.5
4174,1500.5
4175,1500.5
4176,1500.5
4177,1500.5
4178,1500.5
4179,1500.5
4180,1500.5
4181,1500.5
4182,1500.5
4183,1500.5
4184,1500.5
4185,1500.5
4186,1500.5
4187,1500.5
4188,1500.5
4189,1500.5
4190,1500.5
4191,1500.5
4192,1500.5
4193,1500.5
4194,1500.5
4195,1500.5
4196,1500.5
4197,1500.5
4198,1500.5
4199,1500.5
4200,1500.5
4201,1500.5
4202,1500.5
4203,1500.5
4204,1500.5
4205,1500.5
4206,1500.5
4207,1500.5
4208,1500.5
4209,1500.5
4210,1500.5
4211,1500.5
4212,1500.5
4213,1500.5
4214,1500.5
4215,1500.5
4216,1500.5
4217,1500.5
4218,1500.5
4219,1500.5
4220,1500.5
4221,1500.5
4222,1500.5
4223,1500.5
4224,1500.5
4225,1500.5
4226,1500.5
4227,1500.5
4228,1500.5
4229,1500.5
4230,1500.5
4231,1500.5
4232,1500.5
4233,1500.5
4234,1500.5
4235,1500.5
4236,1500.5
4237,1500.5
4238,1500.5
4239,1500.5
4240,1500.5
4241,1500.5
4242,1500.5
4243,1500.5
4244,1500.5
4245,1500.5
4246,1500.5
4247,1500.5
4248,1500.5
4249,1500.5
4250,1500.5
4251,1500.5
4252,1500.5
4253,1500.5
4254,1500.5
4255,1500.5
4256,1500.5
4257,1500.5
4258,1500.5
4259,1500.5
4260,1500.5
4261,1500.5
4262,1500.5
4263,1500.5
4264,1500.5
4265,1500.5
4266,1500.5
4267,1500.5
4268,1500.5
4269,1500.5
4270,1500.5
4271,1500.5
4272,1500.5
4273,1500.5
4274,1500.5
4275,1500.5
4276,1500.5
4277,1500.5
4278,1500.5
4279,1500.5
4280,1500.5
4281,1500.5
4282,1500.5
4283,1500.5
4284,1500.5
4285,1500.5
4286,1500.5
4287,1500.5
4288,1500.5
4289,1500.5
4290,1500.5
4291,1500.5
4292,1500.5
4293,1500.5
4294,1500.5
4295,1500.5
4296,1500.5
4297,1500.5
4298,1500.5
4299,1500.5
4300,1500.5
4301,1500.5
4302,1500.5
4303,1500.5
4304,1500.5
4305,1500.5
4306,1500.5
4307,1500.5
4308,1500.5
4309,1500.5
4310,1500.5
4311,1500.5
4312,1500.5
4313,1500.5
4314,1500.5
4315,1500.5
4316,1500.5
4317,1500.5
4318,1500.5
4319,1500.5
4320,1500.5
4321,1500.5
4322,1500.5
4323,1500.5
4324,1500.5
4325,1500.5
4326,1500.5
4327,1500.5
4328,1500.5
4329,1500.5
4330,1500.5
4331,1500.5
4332,1500.5
4333,1500.5
4334,1500.5
4335,1500.5
4336,1500.5
4337,1500.5
4338,1500.5
4339,1500.5
4340,1500.5
4341,1500.5
4342,1500.5
4343,1500.5
4344,1500.5
4345,1500.5
4346,1500.5
4347,1500.5
4348,1500.5
4349,1500.5
4350,1500.5
4351,1500.5
4352,1500.5
4353,1500.5
4354,1500.5
4355,1500.5
4356,1500.5
4357,1500.5
4358,1500.5
4359,1500.5
4360,1500.5
4361,1500.5
4362,1500.5
4363,1500.5
4364,1500.5
4365,1500.5
4366,1500.5
4367,1500.5
4368,1500.5
4369,1500.5
4370,1500.5
4371,1500.5
4372,1500.5
4373,1500.5
4374,1500.5
4375,1500.5
4376,1500.5
4377,1500.5
4378,1500.5
4379,1500.5
4380,1500.5
4381,1500.5
4382,1500.5
4383,1500.5
4384,1500.5
4385,1500.5
4386,1500.5
4387,1500.5
4388,1500.5
4389,1500.5
4390,1500.5
4391,1500.5
4392,1500.5
4393,1500.5
4394,1500.5
4395,1500.5
4396,1500.5
4397,1500.5
4398,1500.5
4399,1500.5
4400,1500.5
4401,1500.5
4402,1500.5
4403,1500.5
4404,1500.5
4405,1500.5
4406,1500.5
4407,1500.5
4408,1500.5
4409,1500.5
4410,1500.5
4411,1500.5
4412,1500.5
4413,1500.5
4414,1500.5
4415,1500.5
4416,1500.5
4417,1500.5
4418,1500.5
4419,1500.5
4420,1500.5
4421,1500.5
4422,1500.5
4423,1500.5
4424,1500.5
4425,1500.5
4426,1500.5
4427,1500.5
4428,1500.5
4429,1500.5
4430,1500.5
4431,1500.5
4432,1500.5
4433,1500.5
4434,1500.5
4435,1500.5
4436,1500.5
4437,1500.5
4438,1500.5
4439,1500.5
4440,1500.5
4441,1500.5
4442,1500.5
4443,1500.5
4444,1500.5
4445,1500.5
4446,1500.5
4447,1500.5
4448,1500.5
4449,1500.5
4450,1500.5
4451,1500.5
4452,1500.5
4453,1500.5
4454,1500.5
4455,1500.5
4456,1500.5
4457,1500.5
4458,1500.5
4459,1500.5
4460,1500.5
4461,1500.5
4462,1500.5
4463,1500.5
4464,1500.5
4465,1500.5
4466,1500.5
4467,1500.5
4468,1500.5
4469,1500.5
4470,1500.5
4471,1500.5
4472,1500.5
4473,1500.5
4474,1500.5
4475,1500.5
4476,1500.5
4477,1500.5
4478,1500.5
4479,1500.5
4480,1500.5
4481,1500.5
4482,1500.5
4483,1500.5
4484,1500.5
4485,1500.5
4486,1500.5
4487,1500.5
4488,1500.5
4489,1500.5
4490,1500.5
4491,1500.5
4492,1500.5
4493,1500.5
4494,1500.5
4495,1500.5
4496,1500.5
4497,1500.5
4498,1500.5
4499,1500.5
4500,1500.5
4501,1500.5
4502,1500.5
4503,1500.5
4504,1500.5
4505,1500.5
4506,1500.5
4507,1500.5
4508,1500.5
4509,1500.5
4510,1500.5
4511,1500.5
4512,1500.5
4513,1500.5
4514,1500.5
4515,1500.5
4516,1500.5
4517,1500.5
4518,1500.5
4519,1500.5
4520,1500.5
4521,1500.5
4522,1500.5
4523,1500.5
4524,1500.5
4525,1500.5
4526,1500.5
4527,1500.5
4528,1500.5
4529,1500.5
4530,1500.5
4531,1500.5
4532,1500.5
4533,1500.5
4534,1500.5
4535,1500.5
4536,1500.5
4537,1500.5
4538,1500.5
4539,1500.5
4540,1500.5
4541,1500.5
4542,1500.5
4543,1500.5
4544,1500.5
4545,1500.5
4546,1500.5
4547,1500.5
4548,1500.5
4549,1500.5
4550,1500.5
4551,1500.5
4552,1500.5
4553,1500.5
4554,1500.5
4555,1500.5
4556,1500.5
4557,1500.5
4558,1500.5
4559,1500.5
4560,1500.5
4561,1500.5
4562,1500.5
4563,1500.5
4564,1500.5
4565,1500.5
4566,1500.5
4567,1500.5
4568,1500.5
4569,1500.5
4570,1500.5
4571,1500.5
4572,1500.5
4573,1500.5
4574,1500.5
4575,1500.5
4576,1500.5
4577,1500.5
4578,1500.5
4579,1500.5
4580,1500.5
4581,1500.5
4582,1500.5
4583,1500.5
4584,1500.5
4585,1500.5
4586,1500.5
4587,1500.5
4588,1500.5
4589,1500.5
4590,1500.5
4591,1500.5
4592,1500.5
4593,1500.5
4594,1500.5
4595,1500.5
4596,1500.5
4597,1500.5
4598,1500.5
4599,1500.5
4600,1500.5
4601,1500.5
4602,1500.5
4603,1500.5
4604,1500.5
4605,1500.5
4606,1500.5
4607,1500.5
4608,1500.5
4609,1500.5
4610,1500.5
4611,1500.5
4612,1500.5
4613,1500.5
4614,1500.5
4615,1500.5
4616,1500.5
4617,1500.5
4618,1500.5
4619,1500.5
4620,1500.5
4621,1500.5
4622,1500.5
4623,1500.5
4624,1500.5
4625,1500.5
4626,1500.5
4627,1500.5
4628,1500.5
4629,1500.5
4630,1500.5
4631,1500.5
4632,1500.5
4633,1500.5
4634,1500.5
4635,1500.5
4636,1500.5
4637,1500.5
4638,1500.5
4639,1500.5
4640,1500.5
4641,1500.5
4642,1500.5
4643,1500.5
4644,1500.5
4645,1500.5
4646,1500.5
4647,1500.5
4648,1500.5
4649,1500.5
4650,1500.5
4651,1500.5
4652,1500.5
4653,1500.5
4654,1500.5
4655,1500.5
4656,1500.5
4657,1500.5
4658,1500.5
4659,1500.5
4660,1500.5
4661,1500.5
4662,1500.5
4663,1500.5
4664,1500.5
4665,1500.5
4666,1500.5
4667,1500.5
4668,1500.5
4669,1500.5
4670,1500.5
4671,1500.5
4672,1500.5
4673,1500.5
4674,1500.5
4675,1500.5
4676,1500.5
4677,1500.5
4678,1500.5
4679,1500.5
4680,1500.5
4681,1500.5
4682,1500.5
4683,1500.5
4684,1500.5
4685,1500.5
4686,1500.5
4687,1500.5
4688,1500.5
4689,1500.5
4690,1500.5
4691,1500.5
4692,1500.5
4693,1500.5
4694,1500.5
4695,1500.5
4696,1500.5
4697,1500.5
4698,1500.5
4699,1500.5
4700,1500.5
4701,1500.5
4702,1500.5
4703,1500.5
4704,1500.5
4705,1500.5
4706,1500.5
4707,1500.5
4708,1500.5
4709,1500.5
4710,1500.5
4711,1500.5
4712,1500.5
4713,1500.5
4714,1500.5
4715,1500.5
4716,1500.5
4717,1500.5
4718,1500.5
4719,1500.5
4720,1500.5
4721,1500.5
4722,1500.5
4723,1500.5
4724,1500.5
4725,1500.5
4726,1500.5
4727,1500.5
4728,1500.5
4729,1500.5
4730,1500.5
4731,1500.5
4732,1500.5
4733,1500.5
4734,1500.5
4735,1500.5
4736,1500.5
4737,1500.5
4738,1500.5
4739,1500.5
4740,1500.5
4741,1500.5
4742,1500.5
4743,1500.5
4744,1500.5
4745,1500.5
4746,1500.5
4747,1500.5
4748,1500.5
4749,1500.5
4750,1500.5
4751,1500.5
4752,1500.5
4753,1500.5
4754,1500.5
4755,1500.5
4756,1500.5
4757,1500.5
4758,1500.5
4759,1500.5
4760,1500.5
4761,1500.5
4762,1500.5
4763,1500.5
4764,1500.5
4765,1500.5
4766,1500.5
4767,1500.5
4768,1500.5
4769,1500.5
4770,1500.5
4771,1500.5
4772,1500.5
4773,1500.5
4774,1500.5
4775,1500.5
4776,1500.5
4777,1500.5
4778,1500.5
4779,1500.5
4780,1500.5
4781,1500.5
4782,1500.5
4783,1500.5
4784,1500.5
4785,1500.5
4786,1500.5
4787,1500.5
4788,1500.5
4789,1500.5
4790,1500.5
4791,1500.5
4792,1500.5
4793,1500.5
4794,1500.5
4795,1500.5
4796,1500.5
4797,1500.5
4798,1500.5
4799,1500.5
4800,1500.5
4801,1500.5
4802,1500.5
4803,1500.5
4804,1500.5
4805,1500.5
4806,1500.5
4807,1500.5
4808,1500.5
4809,1500.5
4810,1500.5
4811,1500.5
4812,1500.5
4813,1500.5
4814,1500.5
4815,1500.5
4816,1500.5
4817,1500.5
4818,1500.5
4819,1500.5
4820,1500.5
4821,1500.5
4822,1500.5
4823,1500.5
4824,1500.5
4825,1500.5
4826,1500.5
4827,1500.5
4828,1500.5
4829,1500.5
4830,1500.5
4831,1500.5
4832,1500.5
4833,1500.5
4834,1500.5
4835,1500.5
4836,1500.5
4837,1500.5
4838,1500.5
4839,1500.5
4840,1500.5
4841,1500.5
4842,1500.5
4843,1500.5
4844,1500.5
4845,1500.5
4846,1500.5
4847,1500.5
4848,1500.5
4849,1500.5
4850,1500.5
4851,1500.5
4852,1500.5
4853,1500.5
4854,1500.5
4855,1500.5
4856,1500.5
4857,1500.5
4858,1500.5
4859,1500.5
4860,1500.5
4861,1500.5
4862,1500.5
4863,1500.5
4864,1500.5
4865,1500.5
4866,1500.5
4867,1500.5
4868,1500.5
4869,1500.5
4870,1500.5
4871,1500.5
4872,1500.5
4873,1500.5
4874,1500.5
4875,1500.5
4876,1500.5
4877,1500.5
4878,1500.5
4879,1500.5
4880,1500.5
4881,1500.5
4882,1500.5
4883,1500.5
4884,1500.5
4885,1500.5
4886,1500.5
4887,1500.5
4888,1500.5
4889,1500.5
4890,1500.5
4891,1500.5
4892,1500.5
4893,1500.5
4894,1500.5
4895,1500.5
4896,1500.5
4897,1500.5
4898,1500.5
4899,1500.5
4900,1500.5
4901,1500.5
4902,1500.5
4903,1500.5
4904,1500.5
4905,1500.5
4906,1500.5
4907,1500.5
4908,1500.5
4909,1500.5
4910,1500.5
4911,1500.5
4912,1500.5
4913,1500.5
4914,1500.5
4915,1500.5
4916,1500.5
4917,1500.5
4918,1500.5
4919,1500.5
4920,1500.5
4921,1500.5
4922,1500.5
4923,1500.5
4924,1500.5
4925,1500.5
4926,1500.5
4927,1500.5
4928,1500.5
4929,1500.5
4930,1500.5
4931,1500.5
4932,1500.5
4933,1500.5
4934,1500.5
4935,1500.5
4936,1500.5
4937,1500.5
4938,1500.5
4939,1500.5
4940,1500.5
4941,1500.5
4942,1500.5
4943,1500.5
4944,1500.5
4945,1500.5
4946,1500.5
4947,1500.5
4948,1500.5
4949,1500.5
4950,1500.5
4951,1500.5
4952,1500.5
4953,1500.5
4954,1500.5
4955,1500.5
4956,1500.5
4957,1500.5
4958,1500.5
4959,1500.5
4960,1500.5
4961,1500.5
4962,1500.5
4963,1500.5
4964,1500.5
4965,1500.5
4966,1500.5
4967,1500.5
4968,1500.5
4969,1500.5
4970,1500.5
4971,1500.5
4972,1500.5
4973,1500.5
4974,1500.5
4975,1500.5
4976,1500.5
4977,1500.5
4978,1500.5
4979,1500.5
4980,1500.5
4981,1500.5
4982,1500.5
4983,1500.5
4984,1500.5
4985,1500.5
4986,1500.5
4987,1500.5
4988,1500.5
4989,1500.5
4990,1500.5
4991,1500.5
4992,1500.5
4993,1500.5
4994,1500.5
4995,1500.5
4996,1500.5
4997,1500.5
4998,1500.5
4999,1500.5
5000,1500.5
5001,1500.5
5002,1500.5
5003,1500.5
5004,1500.5
5005,1500.5
5006,1500.5
5007,1500.5
5008,1500.5
5009,1500.5
5010,1500.5
5011,1500.5
5012,1500.5
5013,1500.5
5014,1500.5
5015,1500.5
5016,1500.5
5017,1500.5
5018,1500.5
5019,1500.5
5020,1500.5
5021,1500.5
5022,1500.5
5023,1500.5
5024,1500.5
5025,1500.5
5026,1500.5
5027,1500.5
5028,1500.5
5029,1500.5
5030,1500.5
5031,1500.5
5032,1500.5
5033,1500.5
5034,1500.5
5035,1500.5
5036,1500.5
5037,1500.5
5038,1500.5
5039,1500.5
5040,1500.5
5041,1500.5
5042,1500.5
5043,1500.5
5044,1500.5
5045,1500.5
5046,1500.5
5047,1500.5
5048,1500.5
5049,1500.5
5050,1500.5
5051,1500.5
5052,1500.5
5053,1500.5
5054,1500.5
5055,1500.5
5056,1500.5
5057,1500.5
5058,1500.5
5059,1500.5
5060,1500.5
5061,1500.5
5062,1500.5
5063,1500.5
5064,1500.5
5065,1500.5
5066,1500.5
5067,1500.5
5068,1500.5
5069,1500.5
5070,1500.5
5071,1500.5
5072,1500.5
5073,1500.5
5074,1500.5
5075,1500.5
5076,1500.5
5077,1500.5
5078,1500.5
5079,1500.5
5080,1500.5
5081,1500.5
5082,1500.5
5083,1500.5
5084,1500.5
5085,1500.5
5086,1500.5
5087,1500.5
5088,1500.5
5089,1500.5
5090,1500.5
5091,1500.5
5092,1500.5
5093,1500.5
5094,1500.5
5095,1500.5
5096,1500.5
5097,1500.5
5098,1500.5
5099,1500.5
5100,1500.5
5101,1500.5
5102,1500.5
5103,1500.5
5104,1500.5
5105,1500.5
5106,1500.5
5107,1500.5
5108,1500.5
5109,1500.5
5110,1500.5
5111,1500.5
5112,1500.5
5113,1500.5
5114,1500.5
5115,1500.5
5116,1500.5
5117,1500.5
5118,1500.5
5119,1500.5
5120,1500.5
5121,1500.5
5122,1500.5
5123,1500.5
5124,1500.5
5125,1500.5
5126,1500.5
5127,1500.5
5128,1500.5
5129,1500.5
5130,1500.5
5131,1500.5
5132,1500.5
5133,1500.5
5134,1500.5
5135,1500.5
5136,1500.5
5137,1500.5
5138,1500.5
5139,1500.5
5140,1500.5
5141,1500.5
5142,1500.5
5143,1500.5
5144,1500.5
5145,1500.5
5146,1500.5
5147,1500.5
5148,1500.5
5149,1500.5
5150,1500.5
5151,1500.5
5152,1500.5
5153,1500.5
5154,1500.5
5155,1500.5
5156,1500.5
5157,1500.5
5158,1500.5
5159,1500.5
5160,1500.5
5161,1500.5
5162,1500.5
5163,1500.5
5164,1500.5
5165,1500.5
5166,1500.5
5167,1500.5
5168,1500.5
5169,1500.5
5170,1500.5
5171,1500.5
5172,1500.5
5173,1500.5
5174,1500.5
5175,1500.5
5176,1500.5
5177,1500.5
5178,1500.5
5179,1500.5
5180,1500.5
5181,1500.5
5182,1500.5
5183,1500.5
5184,1500.5
5185,1500.5
5186,1500.5
5187,1500.5
5188,1500.5
5189,1500.5
5190,1500.5
5191,1500.5
5192,1500.5
5193,1500.5
5194,1500.5
5195,1500.5
5196,1500.5
5197,1500.5
5198,1500.5
5199,1500.5
5200,1500.5
5201,1500.5
5202,1500.5
5203,1500.5
5204,1500.5
5205,1500.5
5206,1500.5
5207,1500.5
5208,1500.5
5209,1500.5
5210,1500.5
5211,1500.5
5212,1500.5
5213,1500.5
5214,1500.5
5215,1500.5
5216,1500.5
5217,1500.5
5218,1500.5
5219,1500.5
5220,1500.5
5221,1500.5
5222,1500.5
5223,1500.5
5224,1500.5
5225,1500.5
5226,1500.5
5227,1500.5
5228,1500.5
5229,1500.5
5230,1500.5
5231,1500.5
5232,1500.5
5233,1500.5
5234,1500.5
5235,1500.5
5236,1500.5
5237,1500.5
5238,1500.5
5239,1500.5
5240,1500.5
5241,1500.5
5242,1500.5
5243,1500.5
5244,1500.5
5245,1500.5
5246,1500.5
5247,1500.5
5248,1500.5
5249,1500.5
5250,1500.5
5251,1500.5
5252,1500.5
5253,1500.5
5254,1500.5
5255,1500.5
5256,1500.5
5257,1500.5
5258,1500.5
5259,1500.5
5260,1500.5
5261,1500.5
5262,1500.5
5263,1500.5
5264,1500.5
5265,1500.5
5266,1500.5
5267,1500.5
5268,1500.5
5269,1500.5
5270,1500.5
5271,1500.5
5272,1500.5
5273,1500.5
5274,1500.5
5275,1500.5
5276,1500.5
5277,1500.5
5278,1500.5
5279,1500.5
5280,1500.5
5281,1500.5
5282,1500.5
5283,1500.5
5284,1500.5
5285,1500.5
5286,1500.5
5287,1500.5
5288,1500.5
5289,1500.5
5290,1500.5
5291,1500.5
5292,1500.5
5293,1500.5
5294,1500.5
5295,1500.5
5296,1500.5
5297,1500.5
5298,1500.5
5299,1500.5
5300,1500.5
5301,1500.5
5302,1500.5
5303,1500.5
5304,1500.5
5305,1500.5
5306,1500.5
5307,1500.5
5308,1500.5
5309,1500.5
5310,1500.5
5311,1500.5
5312,1500.5
5313,1500.5
5314,1500.5
5315,1500.5
5316,1500.5
5317,1500.5
5318,1500.5
5319,1500.5
5320,1500.5
5321,1500.5
5322,1500.5
5323,1500.5
5324,1500.5
5325,1500.5
5326,1500.5
5327,1500.5
5328,1500.5
5329,1500.5
5330,1500.5
5331,1500.5
5332,1500.5
5333,1500.5
5334,1500.5
5335,1500.5
5336,1500.5
5337,1500.5
5338,1500.5
5339,1500.5
5340,1500.5
5341,1500.5
5342,1500.5
5343,1500.5
5344,1500.5
5345,1500.5
5346,1500.5
5347,1500.5
5348,1500.5
5349,1500.5
5350,1500.5
5351,1500.5
5352,1500.5
5353,1500.5
5354,1500.5
5355,1500.5
5356,1500.5
5357,1500.5
5358,1500.5
5359,1500.5
5360,1500.5
5361,1500.5
5362,1500.5
5363,1500.5
5364,1500.5
5365,1500.5
5366,1500.5
5367,1500.5
5368,1500.5
5369,1500.5
5370,1500.5
5371,1500.5
5372,1500.5
5373,1500.5
5374,1500.5
5375,1500.5
5376,1500.5
5377,1500.5
5378,1500.5
5379,1500.5
5380,1500.5
5381,1500.5
5382,1500.5
5383,1500.5
5384,1500.5
5385,1500.5
5386,1500.5
5387,1500.5
5388,1500.5
5389,1500.5
5390,1500.5
5391,1500.5
5392,1500.5
5393,1500.5
5394,1500.5
5395,1500.5
5396,1500.5
5397,1500.5
5398,1500.5
5399,1500.5
5400,1500.5
5401,1500.5
5402,1500.5
5403,1500.5
5404,1500.5
5405,1500.5
5406,1500.5
5407,1500.5
5408,1500.5
5409,1500.5
5410,1500.5
5411,1500.5
5412,1500.5
5413,1500.5
5414,1500.5
5415,1500.5
5416,1500.5
5417,1500.5
5418,1500.5
5419,1500.5
5420,1500.5
5421,1500.5
5422,1500.5
5423,1500.5
5424,1500.5
5425,1500.5
5426,1500.5
5427,1500.5
5428,1500.5
5429,1500.5
5430,1500.5
5431,1500.5
5432,1500.5
5433,1500.5
5434,1500.5
5435,1500.5
5436,1500.5
5437,1500.5
5438,1500.5
5439,1500.5
5440,1500.5
5441,1500.5
5442,1500.5
5443,1500.5
5444,1500.5
5445,1500.5
5446,1500.5
5447,1500.5
5448,1500.5
5449,1500.5
5450,1500.5
5451,1500.5
5452,1500.5
5453,1500.5
5454,1500.5
5455,1500.5
5456,1500.5
5457,1500.5
5458,1500.5
5459,1500.5
5460,1500.5
5461,1500.5
5462,1500.5
5463,1500.5
5464,1500.5
5465,1500.5
5466,1500.5
5467,1500.5
5468,1500.5
5469,1500.5
5470,1500.5
5471,1500.5
5472,1500.5
5473,1500.5
5474,1500.5
5475,1500.5
5476,1500.5
5477,1500.5
5478,1500.5
5479,1500.5
5480,1500.5
5481,1500.5
5482,1500.5
5483,1500.5
5484,1500.5
5485,1500.5
5486,1500.5
5487,1500.5
5488,1500.5
5489,1500.5
5490,1500.5
5491,1500.5
5492,1500.5
5493,1500.5
5494,1500.5
5495,1500.5
5496,1500.5
5497,1500.5
5498,1500.5
5499,1500.5
5500,1500.5
5501,1500.5
5502,1500.5
5503,1500.5
5504,1500.5
5505,1500.5
5506,1500.5
5507,1500.5
5508,1500.5
5509,1500.5
5510,1500.5
5511,1500.5
5512,1500.5
5513,1500.5
5514,1500.5
5515,1500.5
5516,1500.5
5517,1500.5
5518,1500.5
5519,1500.5
5520,1500.5
5521,1500.5
5522,1500.5
5523,1500.5
5524,1500.5
5525,1500.5
5526,1500.5
5527,1500.5
5528,1500.5
5529,1500.5
5530,1500.5
5531,1500.5
5532,1500.5
5533,1500.5
5534,1500.5
5535,1500.5
5536,1500.5
5537,1500.5
5538,1500.5
5539,1500.5
5540,1500.5
5541,1500.5
5542,1500.5
5543,1500.5
5544,1500.5
5545,1500.5
5546,1500.5
5547,1500.5
5548,1500.5
5549,1500.5
5550,1500.5
5551,1500.5
5552,1500.5
5553,1500.5
5554,1500.5
5555,1500.5
5556,1500.5
5557,1500.5
5558,1500.5
5559,1500.5
5560,1500.5
5561,1500.5
5562,1500.5
5563,1500.5
5564,1500.5
5565,1500.5
5566,1500.5
5567,1500.5
5568,1500.5
5569,1500.5
5570,1500.5
5571,1500.5
5572,1500.5
5573,1500.5
5574,1500.5
5575,1500.5
5576,1500.5
5577,1500.5
5578,1500.5
5579,1500.5
5580,1500.5
5581,1500.5
5582,1500.5
5583,1500.5
5584,1500.5
5585,1500.5
5586,1500.5
5587,1500.5
5588,1500.5
5589,1500.5
5590,1500.5
5591,1500.5
5592,1500.5
5593,1500.5
5594,1500.5
5595,1500.5
5596,1500.5
5597,1500.5
5598,1500.5
5599,1500.5
5600,1500.5
5601,1500.5
5602,1500.5
5603,1500.5
5604,1500.5
5605,1500.5
5606,1500.5
5607,1500.5
5608,1500.5
5609,1500.5
5610,1500.5
5611,1500.5
5612,1500.5
5613,1500.5
5614,1500.5
5615,1500.5
5616,1500.5
5617,1500.5
5618,1500.5
5619,1500.5
5620,1500.5
5621,1500.5
5622,1500.5
5623,1500.5
5624,1500.5
5625,1500.5
5626,1500.5
5627,1500.5
5628,1500.5
5629,1500.5
5630,1500.5
5631,1500.5
5632,1500.5
5633,1500.5
5634,1500.5
5635,1500.5
5636,1500.5
5637,1500.5
5638,1500.5
5639,1500.5
5640,1500.5
5641,1500.5
5642,1500.5
5643,1500.5
5644,1500.5
5645,1500.5
5646,1500.5
5647,1500.5
5648,1500.5
5649,1500.5
5650,1500.5
5651,1500.5
5652,1500.5
5653,1500.5
5654,1500.5
5655,1500.5
5656,1500.5
5657,1500.5
5658,1500.5
5659,1500.5
5660,1500.5
5661,1500.5
5662,1500.5
5663,1500.5
5664,1500.5
5665,1500.5
5666,1500.5
5667,1500.5
5668,1500.5
5669,1500.5
5670,1500.5
5671,1500.5
5672,1500.5
5673,1500.5
5674,1500.5
5675,1500.5
5676,1500.5
5677,1500.5
5678,1500.5
5679,1500.5
5680,1500.5
5681,1500.5
5682,1500.5
5683,1500.5
5684,1500.5
5685,1500.5
5686,1500.5
5687,1500.5
5688,1500.5
5689,1500.5
5690,1500.5
5691,1500.5
5692,1500.5
5693,1500.5
5694,1500.5
5695,1500.5
5696,1500.5
5697,1500.5
5698,1500.5
5699,1500.5
5700,1500.5
5701,1500.5
5702,1500.5
5703,1500.5
5704,1500.5
5705,1500.5
5706,1500.5
5707,1500.5
5708,1500.5
5709,1500.5
5710,1500.5
5711,1500.5
5712,1500.5
5713,1500.5
5714,1500.5
5715,1500.5
5716,1500.5
5717,1500.5
5718,1500.5
5719,1500.5
5720,1500.5
5721,1500.5
5722,1500.5
5723,1500.5
5724,1500.5
5725,1500.5
5726,1500.5
5727,1500.5
5728,1500.5
5729,1500.5
5730,1500.5
5731,1500.5
5732,1500.5
5733,1500.5
5734,1500.5
5735,1500.5
5736,1500.5
5737,1500.5
5738,1500.5
5739,1500.5
5740,1500.5
5741,1500.5
5742,1500.5
5743,1500.5
5744,1500.5
5745,1500.5
5746,1500.5
5747,1500.5
5748,1500.5
5749,1500.5
5750,1500.5
5751,1500.5
5752,1500.5
5753,1500.5
5754,1500.5
5755,1500.5
5756,1500.5
5757,1500.5
5758,1500.5
5759,1500.5
5760,1500.5
5761,1500.5
5762,1500.5
5763,1500.5
5764,1500.5
5765,1500.5
5766,1500.5
5767,1500.5
5768,1500.5
5769,1500.5
5770,1500.5
5771,1500.5
5772,1500.5
5773,1500.5
5774,1500.5
5775,1500.5
5776,1500.5
5777,1500.5
5778,1500.5
5779,1500.5
5780,1500.5
5781,1500.5
5782,1500.5
5783,1500.5
5784,1500.5
5785,1500.5
5786,1500.5
5787,1500.5
5788,1500.5
5789,1500.5
5790,1500.5
5791,1500.5
5792,1500.5
5793,1500.5
5794,1500.5
5795,1500.5
5796,1500.5
5797,1500.5
5798,1500.5
5799,1500.5
5800,1500.5
5801,1500.5
5802,1500.5
5803,1500.5
5804,1500.5
5805,1500.5
5806,1500.5
5807,1500.5
5808,1500.5
5809,1500.5
5810,1500.5
5811,1500.5
5812,1500.5
5813,1500.5
5814,1500.5
5815,1500.5
5816,1500.5
5817,1500.5
5818,1500.5
5819,1500.5
5820,1500.5
5821,1500.5
5822,1500.5
5823,1500.5
5824,1500.5
5825,1500.5
5826,1500.5
5827,1500.5
5828,1500.5
5829,1500.5
5830,1500.5
5831,1500.5
5832,1500.5
5833,1500.5
5834,1500.5
5835,1500.5
5836,1500.5
5837,1500.5
5838,1500.5
5839,1500.5
5840,1500.5
5841,1500.5
5842,1500.5
5843,1500.5
5844,1500.5
5845,1500.5
5846,1500.5
5847,1500.5
5848,1500.5
5849,1500.5
5850,1500.5
5851,1500.5
5852,1500.5
5853,1500.5
5854,1500.5
5855,1500.5
5856,1500.5
5857,1500.5
5858,1500.5
5859,1500.5
5860,1500.5
5861,1500.5
5862,1500.5
5863,1500.5
5864,1500.5
5865,1500.5
5866,1500.5
5867,1500.5
5868,1500.5
5869,1500.5
5870,1500.5
5871,1500.5
5872,1500.5
5873,1500.5
5874,1500.5
5875,1500.5
5876,1500.5
5877,1500.5
5878,1500.5
5879,1500.5
5880,1500.5
5881,1500.5
5882,1500.5
5883,1500.5
5884,1500.5
5885,1500.5
5886,1500.5
5887,1500.5
5888,1500.5
5889,1500.5
5890,1500.5
5891,1500.5
5892,1500.5
5893,1500.5
5894,1500.5
5895,1500.5
5896,1500.5
5897,1500.5
5898,1500.5
5899,1500.5
5900,1500.5
5901,1500.5
5902,1500.5
5903,1500.5
5904,1500.5
5905,1500.5
5906,1500.5
5907,1500.5
5908,1500.5
5909,1500.5
5910,1500.5
5911,1500.5
5912,1500.5
5913,1500.5
5914,1500.5
5915,1500.5
5916,1500.5
5917,1500.5
5918,1500.5
5919,1500.5
5920,1500.5
5921,1500.5
5922,1500.5
5923,1500.5
5924,1500.5
5925,1500.5
5926,1500.5
5927,1500.5
5928,1500.5
5929,1500.5
5930,1500.5
5931,1500.5
5932,1500.5
5933,1500.5
5934,1500.5
5935,1500.5
5936,1500.5
5937,1500.5
5938,1500.5
5939,1500.5
5940,1500.5
5941,1500.5
5942,1500.5
5943,1500.5
5944,1500.5
5945,1500.5
5946,1500.5
5947,1500.5
5948,1500.5
5949,1500.5
5950,1500.5
5951,1500.5
5952,1500.5
5953,1500.5
5954,1500.5
5955,1500.5
5956,1500.5
5957,1500.5
5958,1500.5
5959,1500.5
5960,1500.5
5961,1500.5
5962,1500.5
5963,1500.5
5964,1500.5
5965,1500.5
5966,1500.5
5967,1500.5
5968,1500.5
5969,1500.5
5970,1500.5
5971,1500.5
5972,1500.5
5973,1500.5
5974,1500.5
5975,1500.5
5976,1500.5
5977,1500.5
5978,1500.5
5979,1500.5
5980,1500.5
5981,1500.5
5982,1500.5
5983,1500.5
5984,1500.5
5985,1500.5
5986,1500.5
5987,1500.5
5988,1500.5
5989,1500.5
5990,1500.5
5991,1500.5
5992,1500.5
5993,1500.5
5994,1500.5
5995,1500.5
5996,1500.5
5997,1500.5
5998,1500.5
5999,1500.5
6000,1500.5
6001,1500.5
6002,1500.5
6003,1500.5
6004,1500.5
6005,1500.5
6006,1500.5
6007,1500.5
6008,1500.5
6009,1500.5
6010,1500.5
6011,1500.5
6012,1500.5
6013,1500.5
6014,1500.5
6015,1500.5
6016,1500.5
6017,1500.5
6018,1500.5
6019,1500.5
6020,1500.5
6021,1500.5
6022,1500.5
6023,1500.5
6024,1500.5
6025,1500.5
6026,1500.5
6027,1500.5
6028,1500.5
6029,1500.5
6030,1500.5
6031,1500.5
6032,1500.5
6033,1500.5
6034,1500.5
6035,1500.5
6036,1500.5
6037,1500.5
6038,1500.5
6039,1500.5
6040,1500.5
6041,1500.5
6042,1500.5
6043,1500.5
6044,1500.5
6045,1500.5
6046,1500.5
6047,1500.5
6048,1500.5
6049,1500.5
6050,1500.5
6051,1500.5
6052,1500.5
6053,1500.5
6054,1500.5
6055,1500.5
6056,1500.5
6057,1500.5
6058,1500.5
6059,1500.5
6060,1500.5
6061,1500.5
6062,1500.5
6063,1500.5
6064,1500.5
6065,1500.5
6066,1500.5
6067,1500.5
6068,1500.5
6069,1500.5
6070,1500.5
6071,1500.5
6072,1500.5
6073,1500.5
6074,1500.5
6075,1500.5
6076,1500.5
6077,1500.5
6078,1500.5
6079,1500.5
6080,1500.5
6081,1500.5
6082,1500.5
6083,1500.5
6084,1500.5
6085,1500.5
6086,1500.5
6087,1500.5
6088,1500.5
6089,1500.5
6090,1500.5
6091,1500.5
6092,1500.5
6093,1500.5
6094,1500.5
6095,1500.5
6096,1500.5
6097,1500.5
6098,1500.5
6099,1500.5
6100,1500.5
6101,1500.5
6102,1500.5
6103,1500.5
6104,1500.5
6105,1500.5
6106,1500.5
6107,1500.5
6108,1500.5
6109,1500.5
6110,1500.5
6111,1500.5
6112,1500.5
6113,1500.5
6114,1500.5
6115,1500.5
6116,1500.5
6117,1500.5
6118,1500.5
6119,1500.5
6120,1500.5
6121,1500.5
6122,1500.5
6123,1500.5
6124,1500.5
6125,1500.5
6126,1500.5
6127,1500.5
6128,1500.5
6129,1500.5
6130,1500.5
6131,1500.5
6132,1500.5
6133,1500.5
6134,1500.5
6135,1500.5
6136,1500.5
6137,1500.5
6138,1500.5
6139,1500.5
6140,1500.5
6141,1500.5
6142,1500.5
6143,1500.5
6144,1500.5
6145,1500.5
6146,1500.5
6147,1500.5
6148,1500.5
6149,1500.5
6150,1500.5
6151,1500.5
6152,1500.5
6153,1500.5
6154,1500.5
6155,1500.5
6156,1500.5
6157,1500.5
6158,1500.5
6159,1500.5
6160,1500.5
6161,1500.5
6162,1500.5
6163,1500.5
6164,1500.5
6165,1500.5
6166,1500.5
6167,1500.5
6168,1500.5
6169,1500.5
6170,1500.5
6171,1500.5
6172,1500.5
6173,1500.5
6174,1500.5
6175,1500.5
6176,1500.5
6177,1500.5
6178,1500.5
6179,1500.5
6180,1500.5
6181,1500.5
6182,1500.5
6183,1500.5
6184,1500.5
6185,1500.5
6186,1500.5
6187,1500.5
6188,1500.5
6189,1500.5
6190,1500.5
6191,1500.5
6192,1500.5
6193,1500.5
6194,1500.5
6195,1500.5
6196,1500.5
6197,1500.5
6198,1500.5
6199,1500.5
6200,1500.5
6201,1500.5
6202,1500.5
6203,1500.5
6204,1500.5
6205,1500.5
6206,1500.5
6207,1500.5
6208,1500.5
6209,1500.5
6210,1500.5
6211,1500.5
6212,1500.5
6213,1500.5
6214,1500.5
6215,1500.5
6216,1500.5
6217,1500.5
6218,1500.5
6219,1500.5
6220,1500.5
6221,1500.5
6222,1500.5
6223,1500.5
6224,1500.5
6225,1500.5
6226,1500.5
6227,1500.5
6228,1500.5
6229,1500.5
6230,1500.5
6231,1500.5
6232,1500.5
6233,1500.5
6234,1500.5
6235,1500.5
6236,1500.5
6237,1500.5
6238,1500.5
6239,1500.5
6240,1500.5
6241,1500.5
6242,1500.5
6243,1500.5
6244,1500.5
6245,1500.5
6246,1500.5
6247,1500.5
6248,1500.5
6249,1500.5
6250,1500.5
6251,1500.5
6252,1500.5
6253,1500.5
6254,1500.5
6255,1500.5
6256,1500.5
6257,1500.5
6258,1500.5
6259,1500.5
6260,1500.5
6261,1500.5
6262,1500.5
6263,1500.5
6264,1500.5
6265,1500.5
6266,1500.5
6267,1500.5
6268,1500.5
6269,1500.5
6270,1500.5
6271,1500.5
6272,1500.5
6273,1500.5
6274,1500.5
6275,1500.5
6276,1500.5
6277,1500.5
6278,1500.5
6279,1500.5
6280,1500.5
6281,1500.5
6282,1500.5
6283,1500.5
6284,1500.5
6285,1500.5
6286,1500.5
6287,1500.5
6288,1500.5
6289,1500.5
6290,1500.5
6291,1500.5
6292,1500.5
6293,1500.5
6294,1500.5
6295,1500.5
6296,1500.5
6297,1500.5
6298,1500.5
6299,1500.5
6300,1500.5
6301,1500.5
6302,1500.5
6303,1500.5
6304,1500.5
6305,1500.5
6306,1500.5
6307,1500.5
6308,1500.5
6309,1500.5
6310,1500.5
6311,1500.5
6312,1500.5
6313,1500.5
6314,1500.5
6315,1500.5
6316,1500.5
6317,1500.5
6318,1500.5
6319,1500.5
6320,1500.5
6321,1500.5
6322,1500.5
6323,1500.5
6324,1500.5
6325,1500.5
6326,1500.5
6327,1500.5
6328,1500.5
6329,1500.5
6330,1500.5
6331,1500.5
6332,1500.5
6333,1500.5
6334,1500.5
6335,1500.5
6336,1500.5
6337,1500.5
6338,1500.5
6339,1500.5
6340,1500.5
6341,1500.5
6342,1500.5
6343,1500.5
6344,1500.5
6345,1500.5
6346,1500.5
6347,1500.5
6348,1500.5
6349,1500.5
6350,1500.5
6351,1500.5
6352,1500.5
6353,1500.5
6354,1500.5
6355,1500.5
6356,1500.5
6357,1500.5
6358,1500.5
6359,1500.5
6360,1500.5
6361,1500.5
6362,1500.5
6363,1500.5
6364,1500.5
6365,1500.5
6366,1500.5
6367,1500.5
6368,1500.5
6369,1500.5
6370,1500.5
6371,1500.5
6372,1500.5
6373,1500.5
6374,1500.5
6375,1500.5
6376,1500.5
6377,1500.5
6378,1500.5
6379,1500.5
6380,1500.5
6381,1500.5
6382,1500.5
6383,1500.5
6384,1500.5
6385,1500.5
6386,1500.5
6387,1500.5
6388,1500.5
6389,1500.5
6390,1500.5
6391,1500.5
6392,1500.5
6393,1500.5
6394,1500.5
6395,1500.5
6396,1500.5
6397,1500.5
6398,1500.5
6399,1500.5
6400,1500.5
6401,1500.5
6402,1500.5
6403,1500.5
6404,1500.5
6405,1500.5
6406,1500.5
6407,1500.5
6408,1500.5
6409,1500.5
6410,1500.5
6411,1500.5
6412,1500.5
6413,1500.5
6414,1500.5
6415,1500.5
6416,1500.5
6417,1500.5
6418,1500.5
6419,1500.5
6420,1500.5
6421,1500.5
6422,1500.5
6423,1500.5
6424,1500.5
6425,1500.5
6426,1500.5
6427,1500.5
6428,1500.5
6429,1500.5
6430,1500.5
6431,1500.5
6432,1500.5
6433,1500.5
6434,1500.5
6435,1500.5
6436,1500.5
6437,1500.5
6438,1500.5
6439,1500.5
6440,1500.5
6441,1500.5
6442,1500.5
6443,1500.5
6444,1500.5
6445,1500.5
6446,1500.5
6447,1500.5
6448,1500.5
6449,1500.5
6450,1500.5
6451,1500.5
6452,1500.5
6453,1500.5
6454,1500.5
6455,1500.5
6456,1500.5
6457,1500.5
6458,1500.5
6459,1500.5
6460,1500.5
6461,1500.5
6462,1500.5
6463,1500.5
6464,1500.5
6465,1500.5
6466,1500.5
6467,1500.5
6468,1500.5
6469,1500.5
6470,1500.5
6471,1500.5
6472,1500.5
6473,1500.5
6474,1500.5
6475,1500.5
6476,1500.5
6477,1500.5
6478,1500.5
6479,1500.5
6480,1500.5
6481,1500.5
6482,1500.5
6483,1500.5
6484,1500.5
6485,1500.5
6486,1500.5
6487,1500.5
6488,1500.5
6489,1500.5
6490,1500.5
6491,1500.5
6492,1500.5
6493,1500.5
6494,1500.5
6495,1500.5
6496,1500.5
6497,1500.5
6498,1500.5
6499,1500.5
6500,1500.5
6501,1500.5
6502,1500.5
6503,1500.5
6504,1500.5
6505,1500.5
6506,1500.5
6507,1500.5
6508,1500.5
6509,1500.5
6510,1500.5
6511,1500.5
6512,1500.5
6513,1500.5
6514,1500.5
6515,1500.5
6516,1500.5
6517,1500.5
6518,1500.5
6519,1500.5
6520,1500.5
6521,1500.5
6522,1500.5
6523,1500.5
6524,1500.5
6525,1500.5
6526,1500.5
6527,1500.5
6528,1500.5
6529,1500.5
6530,1500.5
6531,1500.5
6532,1500.5
6533,1500.5
6534,1500.5
6535,1500.5
6536,1500.5
6537,1500.5
6538,1500.5
6539,1500.5
6540,1500.5
6541,1500.5
6542,1500.5
6543,1500.5
6544,1500.5
6545,1500.5
6546,1500.5
6547,1500.5
6548,1500.5
6549,1500.5
6550,1500.5
6551,1500.5
6552,1500.5
6553,1500.5
6554,1500.5
6555,1500.5
6556,1500.5
6557,1500.5
6558,1500.5
6559,1500.5
6560,1500.5
6561,1500.5
6562,1500.5
6563,1500.5
6564,1500.5
6565,1500.5
6566,1500.5
6567,1500.5
6568,1500.5
6569,1500.5
6570,1500.5
6571,1500.5
6572,1500.5
6573,1500.5
6574,1500.5
6575,1500.5
6576,1500.5
6577,1500.5
6578,1500.5
6579,1500.5
6580,1500.5
6581,1500.5
6582,1500.5
6583,1500.5
6584,1500.5
6585,1500.5
6586,1500.5
6587,1500.5
6588,1500.5
6589,1500.5
6590,1500.5
6591,1500.5
6592,1500.5
6593,1500.5
6594,1500.5
6595,1500.5
6596,1500.5
6597,1500.5
6598,1500.5
6599,1500.5
6600,1500.5
6601,1500.5
6602,1500.5
6603,1500.5
6604,1500.5
6605,1500.5
6606,1500.5
6607,1500.5
6608,1500.5
6609,1500.5
6610,1500.5
6611,1500.5
6612,1500.5
6613,1500.5
6614,1500.5
6615,1500.5
6616,1500.5
6617,1500.5
6618,1500.5
6619,1500.5
6620,1500.5
6621,1500.5
6622,1500.5
6623,1500.5
6624,1500.5
6625,1500.5
6626,1500.5
6627,1500.5
6628,1500.5
6629,1500.5
6630,1500.5
6631,1500.5
6632,1500.5
6633,1500.5
6634,1500.5
6635,1500.5
6636,1500.5
6637,1500.5
6638,1500.5
6639,1500.5
6640,1500.5
6641,1500.5
6642,1500.5
6643,1500.5
6644,1500.5
6645,1500.5
6646,1500.5
6647,1500.5
6648,1500.5
6649,1500.5
6650,1500.5
6651,1500.5
6652,1500.5
6653,1500.5
6654,1500.5
6655,1500.5
6656,1500.5
6657,1500.5
6658,1500.5
6659,1500.5
6660,1500.5
6661,1500.5
6662,1500.5
6663,1500.5
6664,1500.5
6665,1500.5
6666,1500.5
6667,1500.5
6668,1500.5
6669,1500.5
6670,1500.5
6671,1500.5
6672,1500.5
6673,1500.5
6674,1500.5
6675,1500.5
6676,1500.5
6677,1500.5
6678,1500.5
6679,1500.5
6680,1500.5
6681,1500.5
6682,1500.5
6683,1500.5
6684,1500.5
6685,1500.5
6686,1500.5
6687,1500.5
6688,1500.5
6689,1500.5
6690,1500.5
6691,1500.5
6692,1500.5
6693,1500.5
6694,1500.5
6695,1500.5
6696,1500.5
6697,1500.5
6698,1500.5
6699,1500.5
6700,1500.5
6701,1500.5
6702,1500.5
6703,1500.5
6704,1500.5
6705,1500.5
6706,1500.5
6707,1500.5
6708,1500.5
6709,1500.5
6710,1500.5
6711,1500.5
6712,1500.5
6713,1500.5
6714,1500.5
6715,1500.5
6716,1500.5
6717,1500.5
6718,1500.5
6719,1500.5
6720,1500.5
6721,1500.5
6722,1500.5
6723,1500.5
6724,1500.5
6725,1500.5
6726,1500.5
6727,1500.5
6728,1500.5
6729,1500.5
6730,1500.5
6731,1500.5
6732,1500.5
6733,1500.5
6734,1500.5
6735,1500.5
6736,1500.5
6737,1500.5
6738,1500.5
6739,1500.5
6740,1500.5
6741,1500.5
6742,1500.5
6743,1500.5
6744,1500.5
6745,1500.5
6746,1500.5
6747,1500.5
6748,1500.5
6749,1500.5
6750,1500.5
6751,1500.5
6752,1500.5
6753,1500.5
6754,1500.5
6755,1500.5
6756,1500.5
6757,1500.5
6758,1500.5
6759,1500.5
6760,1500.5
6761,1500.5
6762,1500.5
6763,1500.5
6764,1500.5
6765,1500.5
6766,1500.5
6767,1500.5
6768,1500.5
6769,1500.5
6770,1500.5
6771,1500.5
6772,1500.5
6773,1500.5
6774,1500.5
6775,1500.5
6776,1500.5
6777,1500.5
6778,1500.5
6779,1500.5
6780,1500.5
6781,1500.5
6782,1500.5
6783,1500.5
6784,1500.5
6785,1500.5
6786,1500.5
6787,1500.5
6788,1500.5
6789,1500.5
6790,1500.5
6791,1500.5
6792,1500.5
6793,1500.5
6794,1500.5
6795,1500.5
6796,1500.5
6797,1500.5
6798,1500.5
6799,1500.5
6800,1500.5
6801,1500.5
6802,1500.5
6803,1500.5
6804,1500.5
6805,1500.5
6806,1500.5
6807,1500.5
6808,1500.5
6809,1500.5
6810,1500.5
6811,1500.5
6812,1500.5
6813,1500.5
6814,1500.5
6815,1500.5
6816,1500.5
6817,1500.5
6818,1500.5
6819,1500.5
6820,1500.5
6821,1500.5
6822,1500.5
6823,1500.5
6824,1500.5
6825,1500.5
6826,1500.5
6827,1500.5
6828,1500.5
6829,1500.5
6830,1500.5
6831,1500.5
6832,1500.5
6833,1500.5
6834,1500.5
6835,1500.5
6836,1500.5
6837,1500.5
6838,1500.5
6839,1500.5
6840,1500.5
6841,1500.5
6842,1500.5
6843,1500.5
6844,1500.5
6845,1500.5
6846,1500.5
6847,1500.5
6848,1500.5
6849,1500.5
6850,1500.5
6851,1500.5
6852,1500.5
6853,1500.5
6854,1500.5
6855,1500.5
6856,1500.5
6857,1500.5
6858,1500.5
6859,1500.5
6860,1500.5
6861,1500.5
6862,1500.5
6863,1500.5
6864,1500.5
6865,1500.5
6866,1500.5
6867,1500.5
6868,1500.5
6869,1500.5
6870,1500.5
6871,1500.5
6872,1500.5
6873,1500.5
6874,1500.5
6875,1500.5
6876,1500.5
6877,1500.5
6878,1500.5
6879,1500.5
6880,1500.5
6881,1500.5
6882,1500.5
6883,1500.5
6884,1500.5
6885,1500.5
6886,1500.5
6887,1500.5
6888,1500.5
6889,1500.5
6890,1500.5
6891,1500.5
6892,1500.5
6893,1500.5
6894,1500.5
6895,1500.5
6896,1500.5
6897,1500.5
6898,1500.5
6899,1500.5
6900,1500.5
6901,1500.5
6902,1500.5
6903,1500.5
6904,1500.5
6905,1500.5
6906,1500.5
6907,1500.5
6908,1500.5
6909,1500.5
6910,1500.5
6911,1500.5
6912,1500.5
6913,1500.5
6914,1500.5
6915,1500.5
6916,1500.5
6917,1500.5
6918,1500.5
6919,1500.5
6920,1500.5
6921,1500.5
6922,1500.5
6923,1500.5
6924,1500.5
6925,1500.5
6926,1500.5
6927,1500.5
6928,1500.5
6929,1500.5
6930,1500.5
6931,1500.5
6932,1500.5
6933,1500.5
6934,1500.5
6935,1500.5
6936,1500.5
6937,1500.5
6938,1500.5
6939,1500.5
6940,1500.5
6941,1500.5
6942,1500.5
6943,1500.5
6944,1500.5
6945,1500.5
6946,1500.5
6947,1500.5
6948,1500.5
6949,1500.5
6950,1500.5
6951,1500.5
6952,1500.5
6953,1500.5
6954,1500.5
6955,1500.5
6956,1500.5
6957,1500.5
6958,1500.5
6959,1500.5
6960,1500.5
6961,1500.5
6962,1500.5
6963,1500.5
6964,1500.5
6965,1500.5
6966,1500.5
6967,1500.5
6968,1500.5
6969,1500.5
6970,1500.5
6971,1500.5
6972,1500.5
6973,1500.5
6974,1500.5
6975,1500.5
6976,1500.5
6977,1500.5
6978,1500.5
6979,1500.5
6980,1500.5
6981,1500.5
6982,1500.5
6983,1500.5
6984,1500.5
6985,1500.5
6986,1500.5
6987,1500.5
6988,1500.5
6989,1500.5
6990,1500.5
6991,1500.5
6992,1500.5
6993,1500.5
6994,1500.5
6995,1500.5
6996,1500.5
6997,1500.5
6998,1500.5
6999,1500.5
7000,1500.5
7001,1500.5
7002,1500.5
7003,1500.5
7004,1500.5
7005,1500.5
7006,1500.5
7007,1500.5
7008,1500.5
7009,1500.5
7010,1500.5
7011,1500.5
7012,1500.5
7013,1500.5
7014,1500.5
7015,1500.5
7016,1500.5
7017,1500.5
7018,1500.5
7019,1500.5
7020,1500.5
7021,1500.5
7022,1500.5
7023,1500.5
7024,1500.5
7025,1500.5
7026,1500.5
7027,1500.5
7028,1500.5
7029,1500.5
7030,1500.5
7031,1500.5
7032,1500.5
7033,1500.5
7034,1500.5
7035,1500.5
7036,1500.5
7037,1500.5
7038,1500.5
7039,1500.5
7040,1500.5
7041,1500.5
7042,1500.5
7043,1500.5
7044,1500.5
7045,1500.5
7046,1500.5
7047,1500.5
7048,1500.5
7049,1500.5
7050,1500.5
7051,1500.5
7052,1500.5
7053,1500.5
7054,1500.5
7055,1500.5
7056,1500.5
7057,1500.5
7058,1500.5
7059,1500.5
7060,1500.5
7061,1500.5
7062,1500.5
7063,1500.5
7064,1500.5
7065,1500.5
7066,1500.5
7067,1500.5
7068,1500.5
7069,1500.5
7070,1500.5
7071,1500.5
7072,1500.5
7073,1500.5
7074,1500.5
7075,1500.5
7076,1500.5
7077,1500.5
7078,1500.5
7079,1500.5
7080,1500.5
7081,1500.5
7082,1500.5
7083,1500.5
7084,1500.5
7085,1500.5
7086,1500.5
7087,1500.5
7088,1500.5
7089,1500.5
7090,1500.5
7091,1500.5
7092,1500.5
7093,1500.5
7094,1500.5
7095,1500.5
7096,1500.5
7097,1500.5
7098,1500.5
7099,1500.5
7100,1500.5
7101,1500.5
7102,1500.5
7103,1500.5
7104,1500.5
7105,1500.5
7106,1500.5
7107,1500.5
7108,1500.5
7109,1500.5
7110,1500.5
7111,1500.5
7112,1500.5
7113,1500.5
7114,1500.5
7115,1500.5
7116,1500.5
7117,1500.5
7118,1500.5
7119,1500.5
7120,1500.5
7121,1500.5
7122,1500.5
7123,1500.5
7124,1500.5
7125,1500.5
7126,1500.5
7127,1500.5
7128,1500.5
7129,1500.5
7130,1500.5
7131,1500.5
7132,1500.5
7133,1500.5
7134,1500.5
7135,1500.5
7136,1500.5
7137,1500.5
7138,1500.5
7139,1500.5
7140,1500.5
7141,1500.5
7142,1500.5
7143,1500.5
7144,1500.5
7145,1500.5
7146,1500.5
7147,1500.5
7148,1500.5
7149,1500.5
7150,1500.5
7151,1500.5
7152,1500.5
7153,1500.5
7154,1500.5
7155,1500.5
7156,1500.5
7157,1500.5
7158,1500.5
7159,1500.5
7160,1500.5
7161,1500.5
7162,1500.5
7163,1500.5
7164,1500.5
7165,1500.5
7166,1500.5
7167,1500.5
7168,1500.5
7169,1500.5
7170,1500.5
7171,1500.5
7172,1500.5
7173,1500.5
7174,1500.5
7175,1500.5
7176,1500.5
7177,1500.5
7178,1500.5
7179,1500.5
7180,1500.5
7181,1500.5
7182,1500.5
7183,1500.5
7184,1500.5
7185,1500.5
7186,1500.5
7187,1500.5
7188,1500.5
7189,1500.5
7190,1500.5
7191,1500.5
7192,1500.5
7193,1500.5
7194,1500.5
7195,1500.5
7196,1500.5
7197,1500.5
7198,1500.5
7199,1500.5
7200,1500.5
7201,1500.5
7202,1500.5
7203,1500.5
7204,1500.5
7205,1500.5
7206,1500.5
7207,1500.5
7208,1500.5
7209,1500.5
7210,1500.5
7211,1500.5
7212,1500.5
7213,1500.5
7214,1500.5
7215,1500.5
7216,1500.5
7217,1500.5
7218,1500.5
7219,1500.5
7220,1500.5
7221,1500.5
7222,1500.5
7223,1500.5
7224,1500.5
7225,1500.5
7226,1500.5
7227,1500.5
7228,1500.5
7229,1500.5
7230,1500.5
7231,1500.5
7232,1500.5
7233,1500.5
7234,1500.5
7235,1500.5
7236,1500.5
7237,1500.5
7238,1500.5
7239,1500.5
7240,1500.5
7241,1500.5
7242,1500.5
7243,1500.5
7244,1500.5
7245,1500.5
7246,1500.5
7247,1500.5
7248,1500.5
7249,1500.5
7250,1500.5
7251,1500.5
7252,1500.5
7253,1500.5
7254,1500.5
7255,1500.5
7256,1500.5
7257,1500.5
7258,1500.5
7259,1500.5
7260,1500.5
7261,1500.5
7262,1500.5
7263,1500.5
7264,1500.5
7265,1500.5
7266,1500.5
7267,1500.5
7268,1500.5
7269,1500.5
7270,1500.5
7271,1500.5
7272,1500.5
7273,1500.5
7274,1500.5
7275,1500.5
7276,1500.5
7277,1500.5
7278,1500.5
7279,1500.5
7280,1500.5
7281,1500.5
7282,1500.5
7283,1500.5
7284,1500.5
7285,1500.5
7286,1500.5
7287,1500.5
7288,1500.5
7289,1500.5
7290,1500.5
7291,1500.5
7292,1500.5
7293,1500.5
7294,1500.5
7295,1500.5
7296,1500.5
7297,1500.5
7298,1500.5
7299,1500.5
7300,1500.5
7301,1500.5
7302,1500.5
7303,1500.5
7304,1500.5
7305,1500.5
7306,1500.5
7307,1500.5
7308,1500.5
7309,1500.5
7310,1500.5
7311,1500.5
7312,1500.5
7313,1500.5
7314,1500.5
7315,1500.5
7316,1500.5
7317,1500.5
7318,1500.5
7319,1500.5
7320,1500.5
7321,1500.5
7322,1500.5
7323,1500.5
7324,1500.5
7325,1500.5
7326,1500.5
7327,1500.5
7328,1500.5
7329,1500.5
7330,1500.5
7331,1500.5
7332,1500.5
7333,1500.5
7334,1500.5
7335,1500.5
7336,1500.5
7337,1500.5
7338,1500.5
7339,1500.5
7340,1500.5
7341,1500.5
7342,1500.5
7343,1500.5
7344,1500.5
7345,1500.5
7346,1500.5
7347,1500.5
7348,1500.5
7349,1500.5
7350,1500.5
7351,1500.5
7352,1500.5
7353,1500.5
7354,1500.5
7355,1500.5
7356,1500.5
7357,1500.5
7358,1500.5
7359,1500.5
7360,1500.5
7361,1500.5
7362,1500.5
7363,1500.5
7364,1500.5
7365,1500.5
7366,1500.5
7367,1500.5
7368,1500.5
7369,1500.5
7370,1500.5
7371,1500.5
7372,1500.5
7373,1500.5
7374,1500.5
7375,1500.5
7376,1500.5
7377,1500.5
7378,1500.5
7379,1500.5
7380,1500.5
7381,1500.5
7382,1500.5
7383,1500.5
7384,1500.5
7385,1500.5
7386,1500.5
7387,1500.5
7388,1500.5
7389,1500.5
7390,1500.5
7391,1500.5
7392,1500.5
7393,1500.5
7394,1500.5
7395,1500.5
7396,1500.5
7397,1500.5
7398,1500.5
7399,1500.5
7400,1500.5
7401,1500.5
7402,1500.5
7403,1500.5
7404,1500.5
7405,1500.5
7406,1500.5
7407,1500.5
7408,1500.5
7409,1500.5
7410,1500.5
7411,1500.5
7412,1500.5
7413,1500.5
7414,1500.5
7415,1500.5
7416,1500.5
7417,1500.5
7418,1500.5
7419,1500.5
7420,1500.5
7421,1500.5
7422,1500.5
7423,1500.5
7424,1500.5
7425,1500.5
7426,1500.5
7427,1500.5
7428,1500.5
7429,1500.5
7430,1500.5
7431,1500.5
7432,1500.5
7433,1500.5
7434,1500.5
7435,1500.5
7436,1500.5
7437,1500.5
7438,1500.5
7439,1500.5
7440,1500.5
7441,1500.5
7442,1500.5
7443,1500.5
7444,1500.5
7445,1500.5
7446,1500.5
7447,1500.5
7448,1500.5
7449,1500.5
7450,1500.5
7451,1500.5
7452,1500.5
7453,1500.5
7454,1500.5
7455,1500.5
7456,1500.5
7457,1500.5
7458,1500.5
7459,1500.5
7460,1500.5
7461,1500.5
7462,1500.5
7463,1500.5
7464,1500.5
7465,1500.5
7466,1500.5
7467,1500.5
7468,1500.5
7469,1500.5
7470,1500.5
7471,1500.5
7472,1500.5
7473,1500.5
7474,1500.5
7475,1500.5
7476,1500.5
7477,1500.5
7478,1500.5
7479,1500.5
7480,1500.5
7481,1500.5
7482,1500.5
7483,1500.5
7484,1500.5
7485,1500.5
7486,1500.5
7487,1500.5
7488,1500.5
7489,1500.5
7490,1500.5
7491,1500.5
7492,1500.5
7493,1500.5
7494,1500.5
7495,1500.5
7496,1500.5
7497,1500.5
7498,1500.5
7499,1500.5
7500,1500.5
7501,1500.5
7502,1500.5
7503,1500.5
7504,1500.5
7505,1500.5
7506,1500.5
7507,1500.5
7508,1500.5
7509,1500.5
7510,1500.5
7511,1500.5
7512,1500.5
7513,1500.5
7514,1500.5
7515,1500.5
7516,1500.5
7517,1500.5
7518,1500.5
7519,1500.5
7520,1500.5
7521,1500.5
7522,1500.5
7523,1500.5
7524,1500.5
7525,1500.5
7526,1500.5
7527,1500.5
7528,1500.5
7529,1500.5
7530,1500.5
7531,1500.5
7532,1500.5
7533,1500.5
7534,1500.5
7535,1500.5
7536,1500.5
7537,1500.5
7538,1500.5
7539,1500.5
7540,1500.5
7541,1500.5
7542,1500.5
7543,1500.5
7544,1500.5
7545,1500.5
7546,1500.5
7547,1500.5
7548,1500.5
7549,1500.5
7550,1500.5
7551,1500.5
7552,1500.5
7553,1500.5
7554,1500.5
7555,1500.5
7556,1500.5
7557,1500.5
7558,1500.5
7559,1500.5
7560,1500.5
7561,1500.5
7562,1500.5
7563,1500.5
7564,1500.5
7565,1500.5
7566,1500.5
7567,1500.5
7568,1500.5
7569,1500.5
7570,1500.5
7571,1500.5
7572,1500.5
7573,1500.5
7574,1500.5
7575,1500.5
7576,1500.5
7577,1500.5
7578,1500.5
7579,1500.5
7580,1500.5
7581,1500.5
7582,1500.5
7583,1500.5
7584,1500.5
7585,1500.5
7586,1500.5
7587,1500.5
7588,1500.5
7589,1500.5
7590,1500.5
7591,1500.5
7592,1500.5
7593,1500.5
7594,1500.5
7595,1500.5
7596,1500.5
7597,1500.5
7598,1500.5
7599,1500.5
7600,1500.5
7601,1500.5
7602,1500.5
7603,1500.5
7604,1500.5
7605,1500.5
7606,1500.5
7607,1500.5
7608,1500.5
7609,1500.5
7610,1500.5
7611,1500.5
7612,1500.5
7613,1500.5
7614,1500.5
7615,1500.5
7616,1500.5
7617,1500.5
7618,1500.5
7619,1500.5
7620,1500.5
7621,1500.5
7622,1500.5
7623,1500.5
7624,1500.5
7625,1500.5
7626,1500.5
7627,1500.5
7628,1500.5
7629,1500.5
7630,1500.5
7631,1500.5
7632,1500.5
7633,1500.5
7634,1500.5
7635,1500.5
7636,1500.5
7637,1500.5
7638,1500.5
7639,1500.5
7640,1500.5
7641,1500.5
7642,1500.5
7643,1500.5
7644,1500.5
7645,1500.5
7646,1500.5
7647,1500.5
7648,1500.5
7649,1500.5
7650,1500.5
7651,1500.5
7652,1500.5
7653,1500.5
7654,1500.5
7655,1500.5
7656,1500.5
7657,1500.5
7658,1500.5
7659,1500.5
7660,1500.5
7661,1500.5
7662,1500.5
7663,1500.5
7664,1500.5
7665,1500.5
7666,1500.5
7667,1500.5
7668,1500.5
7669,1500.5
7670,1500.5
7671,1500.5
7672,1500.5
7673,1500.5
7674,1500.5
7675,1500.5
7676,1500.5
7677,1500.5
7678,1500.5
7679,1500.5
7680,1500.5
7681,1500.5
7682,1500.5
7683,1500.5
7684,1500.5
7685,1500.5
7686,1500.5
7687,1500.5
7688,1500.5
7689,1500.5
7690,1500.5
7691,1500.5
7692,1500.5
7693,1500.5
7694,1500.5
7695,1500.5
7696,1500.5
7697,1500.5
7698,1500.5
7699,1500.5
7700,1500.5
7701,1500.5
7702,1500.5
7703,1500.5
7704,1500.5
7705,1500.5
7706,1500.5
7707,1500.5
7708,1500.5
7709,1500.5
7710,1500.5
7711,1500.5
7712,1500.5
7713,1500.5
7714,1500.5
7715,1500.5
7716,1500.5
7717,1500.5
7718,1500.5
7719,1500.5
7720,1500.5
7721,1500.5
7722,1500.5
7723,1500.5
7724,1500.5
7725,1500.5
7726,1500.5
7727,1500.5
7728,1500.5
7729,1500.5
7730,1500.5
7731,1500.5
7732,1500.5
7733,1500.5
7734,1500.5
7735,1500.5
7736,1500.5
7737,1500.5
7738,1500.5
7739,1500.5
7740,1500.5
7741,1500.5
7742,1500.5
7743,1500.5
7744,1500.5
7745,1500.5
7746,1500.5
7747,1500.5
7748,1500.5
7749,1500.5
7750,1500.5
7751,1500.5
7752,1500.5
7753,1500.5
7754,1500.5
7755,1500.5
7756,1500.5
7757,1500.5
7758,1500.5
7759,1500.5
7760,1500.5
7761,1500.5
7762,1500.5
7763,1500.5
7764,1500.5
7765,1500.5
7766,1500.5
7767,1500.5
7768,1500.5
7769,1500.5
7770,1500.5
7771,1500.5
7772,1500.5
7773,1500.5
7774,1500.5
7775,1500.5
7776,1500.5
7777,1500.5
7778,1500.5
7779,1500.5
7780,1500.5
7781,1500.5
7782,1500.5
7783,1500.5
7784,1500.5
7785,1500.5
7786,1500.5
7787,1500.5
7788,1500.5
7789,1500.5
7790,1500.5
7791,1500.5
7792,1500.5
7793,1500.5
7794,1500.5
7795,1500.5
7796,1500.5
7797,1500.5
7798,1500.5
7799,1500.5
7800,1500.5
7801,1500.5
7802,1500.5
7803,1500.5
7804,1500.5
7805,1500.5
7806,1500.5
7807,1500.5
7808,1500.5
7809,1500.5
7810,1500.5
7811,1500.5
7812,1500.5
7813,1500.5
7814,1500.5
7815,1500.5
7816,1500.5
7817,1500.5
7818,1500.5
7819,1500.5
7820,1500.5
7821,1500.5
7822,1500.5
7823,1500.5
7824,1500.5
7825,1500.5
7826,1500.5
7827,1500.5
7828,1500.5
7829,1500.5
7830,1500.5
7831,1500.5
7832,1500.5
7833,1500.5
7834,1500.5
7835,1500.5
7836,1500.5
7837,1500.5
7838,1500.5
7839,1500.5
7840,1500.5
7841,1500.5
7842,1500.5
7843,1500.5
7844,1500.5
7845,1500.5
7846,1500.5
7847,1500.5
7848,1500.5
7849,1500.5
7850,1500.5
7851,1500.5
7852,1500.5
7853,1500.5
7854,1500.5
7855,1500.5
7856,1500.5
7857,1500.5
7858,1500.5
7859,1500.5
7860,1500.5
7861,1500.5
7862,1500.5
7863,1500.5
7864,1500.5
7865,1500.5
7866,1500.5
7867,1500.5
7868,1500.5
7869,1500.5
7870,1500.5
7871,1500.5
7872,1500.5
7873,1500.5
7874,1500.5
7875,1500.5
7876,1500.5
7877,1500.5
7878,1500.5
7879,1500.5
7880,1500.5
7881,1500.5
7882,1500.5
7883,1500.5
7884,1500.5
7885,1500.5
7886,1500.5
7887,1500.5
7888,1500.5
7889,1500.5
7890,1500.5
7891,1500.5
7892,1500.5
7893,1500.5
7894,1500.5
7895,1500.5
7896,1500.5
7897,1500.5
7898,1500.5
7899,1500.5
7900,1500.5
7901,1500.5
7902,1500.5
7903,1500.5
7904,1500.5
7905,1500.5
7906,1500.5
7907,1500.5
7908,1500.5
7909,1500.5
7910,1500.5
7911,1500.5
7912,1500.5
7913,1500.5
7914,1500.5
7915,1500.5
7916,1500.5
7917,1500.5
7918,1500.5
7919,1500.5
7920,1500.5
7921,1500.5
7922,1500.5
7923,1500.5
7924,1500.5
7925,1500.5
7926,1500.5
7927,1500.5
7928,1500.5
7929,1500.5
7930,1500.5
7931,1500.5
7932,1500.5
7933,1500.5
7934,1500.5
7935,1500.5
7936,1500.5
7937,1500.5
7938,1500.5
7939,1500.5
7940,1500.5
7941,1500.5
7942,1500.5
7943,1500.5
7944,1500.5
7945,1500.5
7946,1500.5
7947,1500.5
7948,1500.5
7949,1500.5
7950,1500.5
7951,1500.5
7952,1500.5
7953,1500.5
7954,1500.5
7955,1500.5
7956,1500.5
7957,1500.5
7958,1500.5
7959,1500.5
7960,1500.5
7961,1500.5
7962,1500.5
7963,1500.5
7964,1500.5
7965,1500.5
7966,1500.5
7967,1500.5
7968,1500.5
7969,1500.5
7970,1500.5
7971,1500.5
7972,1500.5
7973,1500.5
7974,1500.5
7975,1500.5
7976,1500.5
7977,1500.5
7978,1500.5
7979,1500.5
7980,1500.5
7981,1500.5
7982,1500.5
7983,1500.5
7984,1500.5
7985,1500.5
7986,1500.5
7987,1500.5
7988,1500.5
7989,1500.5
7990,1500.5
7991,1500.5
7992,1500.5
7993,1500.5
7994,1500.5
7995,1500.5
7996,1500.5
7997,1500.5
7998,1500.5
7999,1500.5
8000,1500.5
8001,1500.5
8002,1500.5
8003,1500.5
8004,1500.5
8005,1500.5
8006,1500.5
8007,1500.5
8008,1500.5
8009,1500.5
8010,1500.5
8011,1500.5
8012,1500.5
8013,1500.5
8014,1500.5
8015,1500.5
8016,1500.5
8017,1500.5
8018,1500.5
8019,1500.5
8020,1500.5
8021,1500.5
8022,1500.5
8023,1500.5
8024,1500.5
8025,1500.5
8026,1500.5
8027,1500.5
8028,1500.5
8029,1500.5
8030,1500.5
8031,1500.5
8032,1500.5
8033,1500.5
8034,1500.5
8035,1500.5
8036,1500.5
8037,1500.5
8038,1500.5
8039,1500.5
8040,1500.5
8041,1500.5
8042,1500.5
8043,1500.5
8044,1500.5
8045,1500.5
8046,1500.5
8047,1500.5
8048,1500.5
8049,1500.5
8050,1500.5
8051,1500.5
8052,1500.5
8053,1500.5
8054,1500.5
8055,1500.5
8056,1500.5
8057,1500.5
8058,1500.5
8059,1500.5
8060,1500.5
8061,1500.5
8062,1500.5
8063,1500.5
8064,1500.5
8065,1500.5
8066,1500.5
8067,1500.5
8068,1500.5
8069,1500.5
8070,1500.5
8071,1500.5
8072,1500.5
8073,1500.5
8074,1500.5
8075,1500.5
8076,1500.5
8077,1500.5
8078,1500.5
8079,1500.5
8080,1500.5
8081,1500.5
8082,1500.5
8083,1500.5
8084,1500.5
8085,1500.5
8086,1500.5
8087,1500.5
8088,1500.5
8089,1500.5
8090,1500.5
8091,1500.5
8092,1500.5
8093,1500.5
8094,1500.5
8095,1500.5
8096,1500.5
8097,1500.5
8098,1500.5
8099,1500.5
8100,1500.5
8101,1500.5
8102,1500.5
8103,1500.5
8104,1500.5
8105,1500.5
8106,1500.5
8107,1500.5
8108,1500.5
8109,1500.5
8110,1500.5
8111,1500.5
8112,1500.5
8113,1500.5
8114,1500.5
8115,1500.5
8116,1500.5
8117,1500.5
8118,1500.5
8119,1500.5
8120,1500.5
8121,1500.5
8122,1500.5
8123,1500.5
8124,1500.5
8125,1500.5
8126,1500.5
8127,1500.5
8128,1500.5
8129,1500.5
8130,1500.5
8131,1500.5
8132,1500.5
8133,1500.5
8134,1500.5
8135,1500.5
8136,1500.5
8137,1500.5
8138,1500.5
8139,1500.5
8140,1500.5
8141,1500.5
8142,1500.5
8143,1500.5
8144,1500.5
8145,1500.5
8146,1500.5
8147,1500.5
8148,1500.5
8149,1500.5
8150,1500.5
8151,1500.5
8152,1500.5
8153,1500.5
8154,1500.5
8155,1500.5
8156,1500.5
8157,1500.5
8158,1500.5
8159,1500.5
8160,1500.5
8161,1500.5
8162,1500.5
8163,1500.5
8164,1500.5
8165,1500.5
8166,1500.5
8167,1500.5
8168,1500.5
8169,1500.5
8170,1500.5
8171,1500.5
8172,1500.5
8173,1500.5
8174,1500.5
8175,1500.5
8176,1500.5
8177,1500.5
8178,1500.5
8179,1500.5
8180,1500.5
8181,1500.5
8182,1500.5
8183,1500.5
8184,1500.5
8185,1500.5
8186,1500.5
8187,1500.5
8188,1500.5
8189,1500.5
8190,1500.5
8191,1500.5
8192,1500.5
8193,1500.5
8194,1500.5
8195,1500.5
8196,1500.5
8197,1500.5
8198,1500.5
8199,1500.5
8200,1500.5
8201,1500.5
8202,1500.5
8203,1500.5
8204,1500.5
8205,1500.5
8206,1500.5
8207,1500.5
8208,1500.5
8209,1500.5
8210,1500.5
8211,1500.5
8212,1500.5
8213,1500.5
8214,1500.5
8215,1500.5
8216,1500.5
8217,1500.5
8218,1500.5
8219,1500.5
8220,1500.5
8221,1500.5
8222,1500.5
8223,1500.5
8224,1500.5
8225,1500.5
8226,1500.5
8227,1500.5
8228,1500.5
8229,1500.5
8230,1500.5
8231,1500.5
8232,1500.5
8233,1500.5
8234,1500.5
8235,1500.5
8236,1500.5
8237,1500.5
8238,1500.5
8239,1500.5
8240,1500.5
8241,1500.5
8242,1500.5
8243,1500.5
8244,1500.5
8245,1500.5
8246,1500.5
8247,1500.5
8248,1500.5
8249,1500.5
8250,1500.5
8251,1500.5
8252,1500.5
8253,1500.5
8254,1500.5
8255,1500.5
8256,1500.5
8257,1500.5
8258,1500.5
8259,1500.5
8260,1500.5
8261,1500.5
8262,1500.5
8263,1500.5
8264,1500.5
8265,1500.5
8266,1500.5
8267,1500.5
8268,1500.5
8269,1500.5
8270,1500.5
8271,1500.5
8272,1500.5
8273,1500.5
8274,1500.5
8275,1500.5
8276,1500.5
8277,1500.5
8278,1500.5
8279,1500.5
8280,1500.5
8281,1500.5
8282,1500.5
8283,1500.5
8284,1500.5
8285,1500.5
8286,1500.5
8287,1500.5
8288,1500.5
8289,1500.5
8290,1500.5
8291,1500.5
8292,1500.5
8293,1500.5
8294,1500.5
8295,1500.5
8296,1500.5
8297,1500.5
8298,1500.5
8299,1500.5
8300,1500.5
8301,1500.5
8302,1500.5
8303,1500.5
8304,1500.5
8305,1500.5
8306,1500.5
8307,1500.5
8308,1500.5
8309,1500.5
8310,1500.5
8311,1500.5
8312,1500.5
8313,1500.5
8314,1500.5
8315,1500.5
8316,1500.5
8317,1500.5
8318,1500.5
8319,1500.5
8320,1500.5
8321,1500.5
8322,1500.5
8323,1500.5
8324,1500.5
8325,1500.5
8326,1500.5
8327,1500.5
8328,1500.5
8329,1500.5
8330,1500.5
8331,1500.5
8332,1500.5
8333,1500.5
8334,1500.5
8335,1500.5
8336,1500.5
8337,1500.5
8338,1500.5
8339,1500.5
8340,1500.5
8341,1500.5
8342,1500.5
8343,1500.5
8344,1500.5
8345,1500.5
8346,1500.5
8347,1500.5
8348,1500.5
8349,1500.5
8350,1500.5
8351,1500.5
8352,1500.5
8353,1500.5
8354,1500.5
8355,1500.5
8356,1500.5
8357,1500.5
8358,1500.5
8359,1500.5
8360,1500.5
8361,1500.5
8362,1500.5
8363,1500.5
8364,1500.5
8365,1500.5
8366,1500.5
8367,1500.5
8368,1500.5
8369,1500.5
8370,1500.5
8371,1500.5
8372,1500.5
8373,1500.5
8374,1500.5
8375,1500.5
8376,1500.5
8377,1500.5
8378,1500.5
8379,1500.5
8380,1500.5
8381,1500.5
8382,1500.5
8383,1500.5
8384,1500.5
8385,1500.5
8386,1500.5
8387,1500.5
8388,1500.5
8389,1500.5
8390,1500.5
8391,1500.5
8392,1500.5
8393,1500.5
8394,1500.5
8395,1500.5
8396,1500.5
8397,1500.5
8398,1500.5
8399,1500.5
8400,1500.5
8401,1500.5
8402,1500.5
8403,1500.5
8404,1500.5
8405,1500.5
8406,1500.5
8407,1500.5
8408,1500.5
8409,1500.5
8410,1500.5
8411,1500.5
8412,1500.5
8413,1500.5
8414,1500.5
8415,1500.5
8416,1500.5
8417,1500.5
8418,1500.5
8419,1500.5
8420,1500.5
8421,1500.5
8422,1500.5
8423,1500.5
8424,1500.5
8425,1500.5
8426,1500.5
8427,1500.5
8428,1500.5
8429,1500.5
8430,1500.5
8431,1500.5
8432,1500.5
8433,1500.5
8434,1500.5
8435,1500.5
8436,1500.5
8437,1500.5
8438,1500.5
8439,1500.5
8440,1500.5
8441,1500.5
8442,1500.5
8443,1500.5
8444,1500.5
8445,1500.5
8446,1500.5
8447,1500.5
8448,1500.5
8449,1500.5
8450,1500.5
8451,1500.5
8452,1500.5
8453,1500.5
8454,1500.5
8455,1500.5
8456,1500.5
8457,1500.5
8458,1500.5
8459,1500.5
8460,1500.5
8461,1500.5
8462,1500.5
8463,1500.5
8464,1500.5
8465,1500.5
8466,1500.5
8467,1500.5
8468,1500.5
8469,1500.5
8470,1500.5
8471,1500.5
8472,1500.5
8473,1500.5
8474,1500.5
8475,1500.5
8476,1500.5
8477,1500.5
8478,1500.5
8479,1500.5
8480,1500.5
8481,1500.5
8482,1500.5
8483,1500.5
8484,1500.5
8485,1500.5
8486,1500.5
8487,1500.5
8488,1500.5
8489,1500.5
8490,1500.5
8491,1500.5
8492,1500.5
8493,1500.5
8494,1500.5
8495,1500.5
8496,1500.5
8497,1500.5
8498,1500.5
8499,1500.5
8500,1500.5
8501,1500.5
8502,1500.5
8503,1500.5
8504,1500.5
8505,1500.5
8506,1500.5
8507,1500.5
8508,1500.5
8509,1500.5
8510,1500.5
8511,1500.5
8512,1500.5
8513,1500.5
8514,1500.5
8515,1500.5
8516,1500.5
8517,1500.5
8518,1500.5
8519,1500.5
8520,1500.5
8521,1500.5
8522,1500.5
8523,1500.5
8524,1500.5
8525,1500.5
8526,1500.5
8527,1500.5
8528,1500.5
8529,1500.5
8530,1500.5
8531,1500.5
8532,1500.5
8533,1500.5
8534,1500.5
8535,1500.5
8536,1500.5
8537,1500.5
8538,1500.5
8539,1500.5
8540,1500.5
8541,1500.5
8542,1500.5
8543,1500.5
8544,1500.5
8545,1500.5
8546,1500.5
8547,1500.5
8548,1500.5
8549,1500.5
8550,1500.5
8551,1500.5
8552,1500.5
8553,1500.5
8554,1500.5
8555,1500.5
8556,1500.5
8557,1500.5
8558,1500.5
8559,1500.5
8560,1500.5
8561,1500.5
8562,1500.5
8563,1500.5
8564,1500.5
8565,1500.5
8566,1500.5
8567,1500.5
8568,1500.5
8569,1500.5
8570,1500.5
8571,1500.5
8572,1500.5
8573,1500.5
8574,1500.5
8575,1500.5
8576,1500.5
8577,1500.5
8578,1500.5
8579,1500.5
8580,1500.5
8581,1500.5
8582,1500.5
8583,1500.5
8584,1500.5
8585,1500.5
8586,1500.5
8587,1500.5
8588,1500.5
8589,1500.5
8590,1500.5
8591,1500.5
8592,1500.5
8593,1500.5
8594,1500.5
8595,1500.5
8596,1500.5
8597,1500.5
8598,1500.5
8599,1500.5
8600,1500.5
8601,1500.5
8602,1500.5
8603,1500.5
8604,1500.5
8605,1500.5
8606,1500.5
8607,1500.5
8608,1500.5
8609,1500.5
8610,1500.5
8611,1500.5
8612,1500.5
8613,1500.5
8614,1500.5
8615,1500.5
8616,1500.5
8617,1500.5
8618,1500.5
8619,1500.5
8620,1500.5
8621,1500.5
8622,1500.5
8623,1500.5
8624,1500.5
8625,1500.5
8626,1500.5
8627,1500.5
8628,1500.5
8629,1500.5
8630,1500.5
8631,1500.5
8632,1500.5
8633,1500.5
8634,1500.5
8635,1500.5
8636,1500.5
8637,1500.5
8638,1500.5
8639,1500.5
8640,1500.5
8641,1500.5
8642,1500.5
8643,1500.5
8644,1500.5
8645,1500.5
8646,1500.5
8647,1500.5
8648,1500.5
8649,1500.5
8650,1500.5
8651,1500.5
8652,1500.5
8653,1500.5
8654,1500.5
8655,1500.5
8656,1500.5
8657,1500.5
8658,1500.5
8659,1500.5
8660,1500.5
8661,1500.5
8662,1500.5
8663,1500.5
8664,1500.5
8665,1500.5
8666,1500.5
8667,1500.5
8668,1500.5
8669,1500.5
8670,1500.5
8671,1500.5
8672,1500.5
8673,1500.5
8674,1500.5
8675,1500.5
8676,1500.5
8677,1500.5
8678,1500.5
8679,1500.5
8680,1500.5
8681,1500.5
8682,1500.5
8683,1500.5
8684,1500.5
8685,1500.5
8686,1500.5
8687,1500.5
8688,1500.5
8689,1500.5
8690,1500.5
8691,1500.5
8692,1500.5
8693,1500.5
8694,1500.5
8695,1500.5
8696,1500.5
8697,1500.5
8698,1500.5
8699,1500.5
8700,1500.5
8701,1500.5
8702,1500.5
8703,1500.5
8704,1500.5
8705,1500.5
8706,1500.5
8707,1500.5
8708,1500.5
8709,1500.5
8710,1500.5
8711,1500.5
8712,1500.5
8713,1500.5
8714,1500.5
8715,1500.5
8716,1500.5
8717,1500.5
8718,1500.5
8719,1500.5
8720,1500.5
8721,1500.5
8722,1500.5
8723,1500.5
8724,1500.5
8725,1500.5
8726,1500.5
8727,1500.5
8728,1500.5
8729,1500.5
8730,1500.5
8731,1500.5
8732,1500.5
8733,1500.5
8734,1500.5
8735,1500.5
8736,1500.5
8737,1500.5
8738,1500.5
8739,1500.5
8740,1500.5
8741,1500.5
8742,1500.5
8743,1500.5
8744,1500.5
8745,1500.5
8746,1500.5
8747,1500.5
8748,1500.5
8749,1500.5
8750,1500.5
8751,1500.5
8752,1500.5
8753,1500.5
8754,1500.5
8755,1500.5
8756,1500.5
8757,1500.5
8758,1500.5
8759,1500.5
8760,1500.5
